<?xml version="1.0" encoding="utf-8"?>
<COLLADA xmlns="http://www.collada.org/2005/11/COLLADASchema" version="1.4.1" xmlns:xsi="http://www.w3.org/2001/XMLSchema-instance">
  <asset>
    <contributor>
      <author>Blender User</author>
      <authoring_tool>Blender 4.3.2 commit date:2024-12-16, commit time:21:10, hash:32f5fdce0a0a</authoring_tool>
    </contributor>
    <created>2026-01-02T15:28:35</created>
    <modified>2026-01-02T15:28:35</modified>
    <unit name="meter" meter="1"/>
    <up_axis>Z_UP</up_axis>
  </asset>
  <library_effects>
    <effect id="zeimport_poly84_XSIPOLYCLS_main-effect">
      <profile_COMMON>
        <newparam sid="maze_texture_png-surface">
          <surface type="2D">
            <init_from>maze_texture_png</init_from>
          </surface>
        </newparam>
        <newparam sid="maze_texture_png-sampler">
          <sampler2D>
            <source>maze_texture_png-surface</source>
          </sampler2D>
        </newparam>
        <technique sid="common">
          <lambert>
            <emission>
              <color sid="emission">0 0 0 1</color>
            </emission>
            <diffuse>
              <texture texture="maze_texture_png-sampler" texcoord="_3_2_163_0_zeimport_poly84_XSIPOLYCLS_main_0-mesh-map-0"/>
            </diffuse>
            <reflectivity>
              <float sid="specular">0.5</float>
            </reflectivity>
            <index_of_refraction>
              <float sid="ior">1.5</float>
            </index_of_refraction>
          </lambert>
        </technique>
      </profile_COMMON>
    </effect>
    <effect id="zeimport_poly5_XSIPOLYCLS_maze-effect">
      <profile_COMMON>
        <newparam sid="maze_texture_png-surface">
          <surface type="2D">
            <init_from>maze_texture_png</init_from>
          </surface>
        </newparam>
        <newparam sid="maze_texture_png-sampler">
          <sampler2D>
            <source>maze_texture_png-surface</source>
          </sampler2D>
        </newparam>
        <technique sid="common">
          <lambert>
            <emission>
              <color sid="emission">0 0 0 1</color>
            </emission>
            <diffuse>
              <texture texture="maze_texture_png-sampler" texcoord="_3_2_163_0_zeimport_poly5_XSIPOLYCLS_maze_0-mesh-map-0"/>
            </diffuse>
            <reflectivity>
              <float sid="specular">0.5</float>
            </reflectivity>
            <index_of_refraction>
              <float sid="ior">1.5</float>
            </index_of_refraction>
          </lambert>
        </technique>
      </profile_COMMON>
    </effect>
    <effect id="zeimport_poly_XSIPOLYCLS_board-effect">
      <profile_COMMON>
        <newparam sid="maze_texture_png-surface">
          <surface type="2D">
            <init_from>maze_texture_png</init_from>
          </surface>
        </newparam>
        <newparam sid="maze_texture_png-sampler">
          <sampler2D>
            <source>maze_texture_png-surface</source>
          </sampler2D>
        </newparam>
        <technique sid="common">
          <lambert>
            <emission>
              <color sid="emission">0 0 0 1</color>
            </emission>
            <diffuse>
              <texture texture="maze_texture_png-sampler" texcoord="_3_2_163_0_zeimport_poly_XSIPOLYCLS_board_0-mesh-map-0"/>
            </diffuse>
            <reflectivity>
              <float sid="specular">0.5</float>
            </reflectivity>
            <index_of_refraction>
              <float sid="ior">1.5</float>
            </index_of_refraction>
          </lambert>
        </technique>
      </profile_COMMON>
    </effect>
  </library_effects>
  <library_images>
    <image id="maze_texture_png" name="maze_texture_png">
      <init_from>maze_texture.png</init_from>
    </image>
  </library_images>
  <library_materials>
    <material id="zeimport_poly84_XSIPOLYCLS_main-material" name="zeimport_poly84_XSIPOLYCLS.main">
      <instance_effect url="#zeimport_poly84_XSIPOLYCLS_main-effect"/>
    </material>
    <material id="zeimport_poly5_XSIPOLYCLS_maze-material" name="zeimport_poly5_XSIPOLYCLS.maze">
      <instance_effect url="#zeimport_poly5_XSIPOLYCLS_maze-effect"/>
    </material>
    <material id="zeimport_poly_XSIPOLYCLS_board-material" name="zeimport_poly_XSIPOLYCLS.board">
      <instance_effect url="#zeimport_poly_XSIPOLYCLS_board-effect"/>
    </material>
  </library_materials>
  <library_geometries>
    <geometry id="_3_2_163_0_zeimport_poly84_XSIPOLYCLS_main_0-mesh" name="13.2.163.0_zeimport_poly84_XSIPOLYCLS.main_0">
      <mesh>
        <source id="_3_2_163_0_zeimport_poly84_XSIPOLYCLS_main_0-mesh-positions">
          <float_array id="_3_2_163_0_zeimport_poly84_XSIPOLYCLS_main_0-mesh-positions-array" count="3492">-26.06114 6.850061 8.742136 -27.21552 -6.497363 8.742136 -26.08832 -4.253518 8.742136 -8.898115 -5.415982 8.742136 -10.57205 -4.277749 8.742136 -27.24213 -5.89428 8.742136 -27.80869 -5.926186 8.742136 -27.80617 -5.365097 8.742136 -62.78692 -59.25411 2.180852 26.64537 -58.65709 2.180852 26.0821 -59.22553 2.180852 26.0821 -59.22553 8.742136 -61.64828 -57.53125 8.742136 -62.78692 -59.25411 8.742136 26.60305 16.88852 2.180852 26.03499 57.3494 2.180852 26.61407 56.8104 2.180852 26.61407 56.8104 8.742136 24.95813 18.0256 8.742136 26.60305 16.88852 8.742136 -27.21552 -6.497363 2.180852 -8.898115 -5.415982 2.180852 -9.410289 -5.960928 2.180852 0.512794 -7.024464 8.742136 -0.03684097 -5.363026 8.742136 -1.655907 -7.020799 8.742136 -1.655907 -7.020799 2.180852 0.483704 -5.36967 2.180852 0.512794 -7.024464 2.180852 -0.55433 48.46971 8.742136 -9.48475 38.43279 8.742136 -0.03830891 47.94026 8.742136 -0.03830891 47.94026 2.180852 -10.05411 47.92969 2.180852 -0.55433 48.46971 2.180852 -61.63214 17.98946 8.742136 -46.12544 15.73262 8.742136 -44.98663 17.40769 8.742136 -44.98663 17.40769 2.180852 -62.70173 15.74329 2.180852 -61.63214 17.98946 2.180852 17.14262 -35.3198 2.180852 24.93136 -42.06813 2.180852 17.19211 -35.90102 2.180852 17.19211 -35.90102 8.742136 24.96772 -35.35396 8.742136 17.14262 -35.3198 8.742136 -44.93929 48.47074 8.742136 -53.89371 38.46319 8.742136 -44.42095 47.89514 8.742136 -44.42095 47.89514 2.180852 -54.38263 47.87734 2.180852 -44.93929 48.47074 2.180852 8.27585 2.979507 2.180852 26.1038 4.628386 2.180852 26.06636 4.060971 2.180852 26.06636 4.060971 8.742136 9.413088 4.62637 8.742136 8.27585 2.979507 8.742136 -44.42206 17.38527 8.742136 -46.09471 4.661823 8.742136 -44.42514 3.512042 8.742136 -44.42514 3.512042 2.180852 -44.42206 17.38527 2.180852 -9.464785 8.520709 2.180852 -8.894515 8.49802 2.180852 -9.464785 8.520709 8.742136 7.731943 16.81621 2.180852 7.723798 2.97509 2.180852 7.723798 2.97509 8.742136 9.438908 15.75533 8.742136 7.731943 16.81621 8.742136 -45.02848 -4.269997 8.742136 -62.74758 -6.481706 8.742136 -46.10544 -6.50809 8.742136 -46.10544 -6.50809 2.180852 -62.75839 -5.883417 2.180852 -45.02848 -4.269997 2.180852 -22.82292 9.060757 8.742136 -22.80804 6.822385 8.742136 -22.80804 6.822385 2.180852 -27.22328 9.088091 2.180852 -22.82292 9.060757 2.180852 8.314276 -19.79671 8.742136 24.91054 -17.49571 8.742136 9.433157 -17.58099 8.742136 9.433157 -17.58099 2.180852 24.91816 -19.87386 2.180852 8.314276 -19.79671 2.180852 -28.32811 -5.366135 8.742136 -26.06114 6.850061 2.180852 -28.32811 -5.366135 2.180852 -28.36376 7.970412 2.180852 -13.88327 9.071768 8.742136 -9.476139 9.058636 8.742136 -9.476139 9.058636 2.180852 -13.87816 6.835335 2.180852 -13.88327 9.071768 2.180852 -1.123107 -18.64569 2.180852 -1.663836 -18.69075 2.180852 -1.663836 -18.69075 8.742136 -27.22422 -28.12565 8.742136 -26.67151 -27.0215 8.742136 -27.23046 -26.91912 8.742136 -27.23046 -26.91912 2.180852 -26.68423 -28.16404 2.180852 -27.22422 -28.12565 2.180852 -0.590399 -27.01502 8.742136 -9.482668 -26.41066 8.742136 -9.415513 -28.68169 8.742136 -9.415513 -28.68169 2.180852 -0.580875 -26.45787 2.180852 -0.590399 -27.01502 2.180852 -53.26835 -40.8856 2.180852 -61.62544 -35.36489 2.180852 -53.8866 -35.91527 2.180852 -53.8866 -35.91527 8.742136 -61.64114 -42.02427 8.742136 -53.26835 -40.8856 8.742136 -17.2103 -41.94918 2.180852 -17.81707 -49.82785 2.180852 -19.50909 -42.0781 2.180852 -19.50909 -42.0781 8.742136 -17.17975 -49.80313 8.742136 -17.2103 -41.94918 8.742136 -9.527401 49.05923 8.742136 -0.620144 49.0514 8.742136 -0.620144 49.0514 2.180852 -9.470188 48.49407 2.180852 -9.527401 49.05923 2.180852 -46.10666 -6.945666 8.742136 -43.87738 -18.69816 8.742136 -43.87692 -6.949434 8.742136 -43.87692 -6.949434 2.180852 -44.40858 -18.70491 2.180852 -46.10666 -6.945666 2.180852 -34.98673 -6.964461 8.742136 -35.60403 -18.70645 8.742136 -35.01291 -18.70513 8.742136 -35.01291 -18.70513 2.180852 -37.23674 -6.960658 2.180852 -34.98673 -6.964461 2.180852 17.71402 -28.12741 2.180852 17.14522 -26.95515 2.180852 17.70957 -27.00775 2.180852 17.70957 -27.00775 8.742136 17.21 -28.14642 8.742136 17.71402 -28.12741 8.742136 -35.01281 -36.43983 2.180852 -37.21944 -48.62562 2.180852 -35.51686 -36.43522 2.180852 -35.51686 -36.43522 8.742136 -34.99314 -48.65857 8.742136 -35.01281 -36.43983 8.742136 -10.01296 17.41688 2.180852 -9.525037 16.31913 2.180852 -10.0745 16.27522 2.180852 -10.0745 16.27522 8.742136 -9.540185 17.38713 8.742136 -10.01296 17.41688 8.742136 -9.446504 30.73469 8.742136 -27.24172 25.11179 8.742136 -8.894532 25.72153 8.742136 -8.894532 25.72153 2.180852 -27.78364 30.16475 2.180852 -9.446504 30.73469 2.180852 0.592059 47.97239 8.742136 0.00783497 39.00769 8.742136 0.543446 39.05772 8.742136 0.543446 39.05772 2.180852 0.592059 47.97239 2.180852 -53.8846 49.01345 8.742136 -44.97697 49.08047 8.742136 -44.97697 49.08047 2.180852 -53.84326 48.53179 2.180852 -53.8846 49.01345 2.180852 17.2373 31.23815 2.180852 8.293797 30.76885 2.180852 8.344188 31.26929 2.180852 8.344188 31.26929 8.742136 17.22365 30.74407 8.742136 17.2373 31.23815 8.742136 -43.86868 47.94503 8.742136 -44.35803 39.03839 8.742136 -43.9014 39.05985 8.742136 -43.9014 39.05985 2.180852 -43.86868 47.94503 2.180852 -62.71817 2.410977 8.742136 -45.0258 2.96148 8.742136 -62.75948 4.081525 8.742136 -62.75948 4.081525 2.180852 -45.00615 2.377553 2.180852 -62.71817 2.410977 2.180852 8.268921 38.49318 2.180852 17.22188 37.95656 2.180852 8.273512 37.95417 2.180852 8.273512 37.95417 8.742136 17.17637 38.44165 8.742136 8.268921 38.49318 8.742136 -17.79373 38.53065 8.742136 -18.86957 39.02075 8.742136 -18.8982 38.50895 8.742136 -18.8982 38.50895 2.180852 -17.78798 39.0551 2.180852 -17.79373 38.53065 2.180852 -53.84848 24.58418 8.742136 -44.98368 25.13076 8.742136 -53.89352 25.11875 8.742136 -53.89352 25.11875 2.180852 -45.00105 24.58766 2.180852 -53.84848 24.58418 2.180852 18.28973 25.72481 2.180852 17.74569 30.1726 2.180852 18.2359 30.14176 2.180852 18.2359 30.14176 8.742136 17.75289 25.69214 8.742136 18.28973 25.72481 8.742136 -17.77202 -28.12023 8.742136 -18.92251 -27.52783 8.742136 -18.89331 -28.16252 8.742136 -18.89331 -28.16252 2.180852 -17.7816 -27.58787 2.180852 -17.77202 -28.12023 2.180852 0.564606 -48.63559 8.742136 17.16902 -49.20338 8.742136 17.14481 -48.66379 8.742136 17.14481 -48.66379 2.180852 0.567371 -50.85583 2.180852 0.564606 -48.63559 2.180852 -63.84146 -58.68344 8.742136 -63.32237 -18.68017 8.742136 -63.81598 -18.638 8.742136 -63.81598 -18.638 2.180852 -63.29845 -58.67837 2.180852 -63.84146 -58.68344 2.180852 -45.53487 -41.47194 2.180852 -44.44962 -40.88294 2.180852 -44.42597 -41.45381 2.180852 -44.42597 -41.45381 8.742136 -45.55013 -40.8283 8.742136 -45.53487 -41.47194 8.742136 -19.41674 -19.79835 2.180852 -17.24829 -27.56776 2.180852 -18.92251 -27.52783 2.180852 -17.24349 -19.82575 8.742136 -19.41674 -19.79835 8.742136 -9.482172 -13.12366 8.742136 -27.22048 -13.66932 8.742136 -9.498669 -13.68629 8.742136 -9.498669 -13.68629 2.180852 -27.26634 -13.05976 2.180852 -9.482172 -13.12366 2.180852 -45.55013 -40.8283 2.180852 -43.89781 -27.57555 2.180852 -43.83311 -40.86006 2.180852 -43.83311 -40.86006 8.742136 -44.42061 -27.53393 8.742136 -8.330518 7.961174 8.742136 -8.330784 -5.377602 8.742136 -8.330784 -5.377602 2.180852 -8.882883 7.981055 2.180852 -8.330518 7.961174 2.180852 -53.84459 -49.21804 2.180852 -27.16106 -50.91886 2.180852 -53.88707 -50.82087 2.180852 -53.88707 -50.82087 8.742136 -27.18738 -50.35984 8.742136 -53.84459 -49.21804 8.742136 -45.0053 30.69816 8.742136 -44.41899 25.70309 8.742136 -44.41899 25.70309 2.180852 -54.44554 30.13214 2.180852 -45.0053 30.69816 2.180852 -27.17636 31.24071 8.742136 -9.473986 31.25099 8.742136 -9.473986 31.25099 2.180852 -27.20363 30.70658 2.180852 -27.17636 31.24071 2.180852 -8.276427 -14.22571 8.742136 -8.879515 -18.70964 8.742136 -8.318684 -18.71977 8.742136 -8.318684 -18.71977 2.180852 -8.883217 -14.17939 2.180852 -8.276427 -14.22571 2.180852 26.60063 -4.805243 8.742136 26.0529 -5.900373 8.742136 26.60895 -5.935357 8.742136 26.60895 -5.935357 2.180852 26.14434 -4.798963 2.180852 26.60063 -4.805243 2.180852 -1.708439 15.67046 8.742136 -1.699917 18.01546 8.742136 -1.699917 18.01546 2.180852 -9.461285 15.68939 2.180852 -9.540185 17.38713 2.180852 26.07648 57.93894 2.180852 -62.75123 57.34394 2.180852 -62.76111 57.94199 2.180852 -62.76111 57.94199 8.742136 26.03499 57.3494 8.742136 26.07648 57.93894 8.742136 -34.99555 15.68951 2.180852 -27.23559 17.94284 2.180852 -27.21621 16.27 2.180852 -27.21621 16.27 8.742136 -34.98482 17.9355 8.742136 -34.99555 15.68951 8.742136 17.75289 25.69214 2.180852 7.715777 30.18084 2.180852 17.22365 30.74407 2.180852 8.292343 25.10535 8.742136 7.208164 3.460057 8.742136 7.181005 16.85087 8.742136 7.181005 16.85087 2.180852 7.702351 3.448755 2.180852 7.208164 3.460057 2.180852 26.05986 2.395413 8.742136 8.287109 2.434136 8.742136 8.287109 2.434136 2.180852 26.09523 2.941986 2.180852 26.05986 2.395413 2.180852 -54.99864 25.73335 8.742136 -54.44554 30.13214 8.742136 -54.98709 30.12292 8.742136 -54.98709 30.12292 2.180852 -54.47019 25.7001 2.180852 -54.99864 25.73335 2.180852 16.10735 -40.87229 8.742136 16.61952 -36.41761 8.742136 16.07604 -36.41596 8.742136 16.07604 -36.41596 2.180852 16.60683 -40.90125 2.180852 16.10735 -40.87229 2.180852 26.0529 -5.900373 2.180852 8.279425 -4.247781 2.180852 26.09004 -4.27685 2.180852 26.09004 -4.27685 8.742136 8.285622 -4.8159 8.742136 -26.6411 16.29068 2.180852 -27.18018 17.38652 2.180852 -26.66027 17.38278 2.180852 -26.66027 17.38278 8.742136 -26.6411 16.29068 8.742136 8.279137 49.04944 8.742136 17.16329 48.50848 8.742136 17.19209 49.0255 8.742136 17.19209 49.0255 2.180852 8.273993 48.48316 2.180852 8.279137 49.04944 2.180852 8.307854 -26.42772 8.742136 17.14522 -26.95515 8.742136 17.12651 -26.45548 8.742136 17.12651 -26.45548 2.180852 8.329674 -26.98454 2.180852 8.307854 -26.42772 2.180852 -28.33599 30.14894 2.180852 -27.78892 25.7129 2.180852 -28.31547 25.68741 2.180852 -28.31547 25.68741 8.742136 -27.78364 30.16475 8.742136 -28.33599 30.14894 8.742136 -43.89052 25.68519 2.180852 -44.39163 30.19258 2.180852 -43.85791 30.21391 2.180852 -43.85791 30.21391 8.742136 -43.89052 25.68519 8.742136 -43.9154 3.539122 2.180852 -44.41505 16.81434 2.180852 -43.91981 16.81661 2.180852 -43.91981 16.81661 8.742136 -43.9154 3.539122 8.742136 8.321536 24.60868 8.742136 17.18192 25.22187 8.742136 8.292343 25.10535 2.180852 17.1871 24.61218 2.180852 8.321536 24.60868 2.180852 -10.56993 47.90251 2.180852 -10.01731 39.01066 2.180852 -10.58149 39.01078 2.180852 -10.58149 39.01078 8.742136 -10.05411 47.92969 8.742136 -10.56993 47.90251 8.742136 -63.31965 4.082262 2.180852 -62.79098 2.963189 2.180852 -63.3117 2.945912 2.180852 -63.3117 2.945912 8.742136 -63.31965 4.082262 8.742136 -10.03196 -28.1016 8.742136 -9.467622 -26.96019 8.742136 -9.986426 -26.95897 8.742136 -9.986426 -26.95897 2.180852 -9.433923 -28.09829 2.180852 -10.03196 -28.1016 2.180852 -27.20363 49.06556 2.180852 -36.12498 48.47572 2.180852 -36.10967 49.0665 2.180852 -36.10967 49.0665 8.742136 -27.22641 48.50053 8.742136 -27.20363 49.06556 8.742136 -26.67554 -49.21374 8.742136 -26.67825 -50.34064 8.742136 -26.67825 -50.34064 2.180852 -27.19752 -49.23342 2.180852 -26.67554 -49.21374 2.180852 -26.08822 47.92386 8.742136 -26.68182 39.02662 8.742136 -26.0666 39.05541 8.742136 -26.0666 39.05541 2.180852 -26.64116 47.93072 2.180852 -26.08822 47.92386 2.180852 18.3102 39.0683 2.180852 17.76621 47.93764 2.180852 18.30175 47.96191 2.180852 18.30175 47.96191 8.742136 17.74268 39.06895 8.742136 18.3102 39.0683 8.742136 -54.40008 -49.20634 2.180852 -53.90535 -50.31475 2.180852 -54.39659 -50.31119 2.180852 -54.39659 -50.31119 8.742136 -54.40008 -49.20634 8.742136 -8.350121 -40.89214 2.180852 -8.894656 -36.45828 2.180852 -8.357893 -36.47771 2.180852 -8.357893 -36.47771 8.742136 -8.871194 -40.88436 8.742136 -8.350121 -40.89214 8.742136 -36.13878 38.45974 2.180852 -27.13491 37.94472 2.180852 -36.1181 37.94233 2.180852 -36.1181 37.94233 8.742136 -27.14703 38.48475 8.742136 -36.13878 38.45974 8.742136 -19.4568 55.69869 2.180852 -17.25283 39.07695 2.180852 -18.86957 39.02075 2.180852 -17.18118 55.67736 8.742136 -19.4568 55.69869 8.742136 -44.98219 31.29988 2.180852 -53.86719 30.73309 2.180852 -53.85355 31.30788 2.180852 -53.85355 31.30788 8.742136 -44.98219 31.29988 8.742136 -37.23701 47.96005 2.180852 -36.71417 39.04428 2.180852 -37.22177 39.02613 2.180852 -37.22177 39.02613 8.742136 -36.66057 47.95154 8.742136 -37.23701 47.96005 8.742136 -28.35146 -14.22091 2.180852 -27.80112 -18.67888 2.180852 -28.35752 -18.67815 2.180852 -28.35752 -18.67815 8.742136 -27.78853 -14.19968 8.742136 -28.35146 -14.22091 8.742136 -53.91128 37.93758 8.742136 -44.9279 38.4757 8.742136 -53.89371 38.46319 2.180852 -44.93753 37.93997 2.180852 -53.91128 37.93758 2.180852 7.172491 47.91121 2.180852 7.72633 39.00963 2.180852 7.157925 39.02589 2.180852 7.157925 39.02589 8.742136 7.699394 47.89859 8.742136 7.172491 47.91121 8.742136 -9.48475 38.43279 2.180852 -0.609974 37.9518 2.180852 -9.469513 37.94944 2.180852 -9.469513 37.94944 8.742136 -0.598171 38.50543 8.742136 26.06661 -59.76489 8.742136 -62.79851 -59.73491 2.180852 7.215747 -40.83607 8.742136 7.750783 -27.57186 8.742136 7.155538 -27.58222 8.742136 7.155538 -27.58222 2.180852 7.760062 -40.81554 2.180852 7.215747 -40.83607 2.180852 -52.75385 -40.8662 2.180852 -53.30531 -36.42619 2.180852 -52.80537 -36.43202 2.180852 -52.80537 -36.43202 8.742136 -52.75385 -40.8662 8.742136 -28.33583 -36.48233 2.180852 -27.79656 -40.93033 2.180852 -28.34025 -40.91291 2.180852 -28.34025 -40.91291 8.742136 -27.80469 -36.47413 8.742136 -28.33583 -36.48233 8.742136 -36.65618 30.68152 8.742136 -35.51594 30.17611 8.742136 -35.52907 30.70782 8.742136 -35.52907 30.70782 2.180852 -36.63271 30.16674 2.180852 -36.65618 30.68152 2.180852 -35.52369 -35.90588 2.180852 -36.65357 -36.44564 2.180852 -36.64118 -35.91418 2.180852 -36.64118 -35.91418 8.742136 -35.52369 -35.90588 8.742136 -54.9715 47.8949 2.180852 -54.48918 39.03578 2.180852 -54.99642 39.0503 2.180852 -54.99642 39.0503 8.742136 -54.38263 47.87734 8.742136 -54.9715 47.8949 8.742136 -8.306697 30.14135 8.742136 -8.319543 25.71747 8.742136 -8.319543 25.71747 2.180852 -8.916189 30.1248 2.180852 -8.306697 30.14135 2.180852 -27.22188 -35.35531 8.742136 -9.4649 -35.93223 8.742136 -9.449535 -35.33917 8.742136 -9.449535 -35.33917 2.180852 -27.22637 -35.88991 2.180852 -27.22188 -35.35531 2.180852 7.218723 25.68312 8.742136 7.715777 30.18084 8.742136 7.19064 30.17748 8.742136 7.19064 30.17748 2.180852 7.72436 25.6727 2.180852 7.218723 25.68312 2.180852 27.23062 56.79941 8.742136 27.15386 16.87889 8.742136 27.15386 16.87889 2.180852 27.23062 56.79941 2.180852 27.17028 -35.39013 2.180852 24.873 -57.554 2.180852 24.96772 -35.35396 2.180852 27.18915 -57.55034 8.742136 27.17028 -35.39013 8.742136 -26.68182 39.02662 2.180852 -36.66057 47.95154 2.180852 -27.22641 48.50053 2.180852 17.74268 39.06895 2.180852 7.699394 47.89859 2.180852 17.16329 48.50848 2.180852 7.234318 -7.035825 8.742136 9.418166 -6.504926 8.742136 7.741353 -5.364689 8.742136 7.236263 -18.672 8.742136 9.426337 -7.039531 8.742136 7.741353 -5.364689 2.180852 9.426337 -7.039531 2.180852 7.234318 -7.035825 2.180852 7.710278 -18.62852 2.180852 7.236263 -18.672 2.180852 9.429243 -28.69262 8.742136 7.760062 -40.81554 8.742136 8.916378 -40.90536 8.742136 8.88954 -41.40542 8.742136 7.688011 -41.4236 8.742136 8.916378 -40.90536 2.180852 7.750783 -27.57186 2.180852 9.429243 -28.69262 2.180852 7.688011 -41.4236 2.180852 8.88954 -41.40542 2.180852 -1.179119 30.18536 2.180852 0.527685 24.60561 2.180852 -1.73961 24.60472 2.180852 -0.04524898 30.77955 2.180852 -1.167341 30.73866 2.180852 -1.73961 24.60472 8.742136 0.009831964 30.13812 8.742136 -1.179119 30.18536 8.742136 -1.167341 30.73866 8.742136 -0.04524898 30.77955 8.742136 -37.25604 24.59072 8.742136 -34.97579 24.59162 8.742136 -36.65633 3.496635 8.742136 -34.97579 24.59162 2.180852 -37.2273 30.15646 2.180852 -35.51594 30.17611 2.180852 -37.1899 3.50214 2.180852 -37.25604 24.59072 2.180852 -17.21743 24.59862 8.742136 -18.96343 16.82719 8.742136 -17.83769 16.82116 8.742136 -17.85841 16.26694 8.742136 -18.95407 16.33587 8.742136 -17.83769 16.82116 2.180852 -19.49941 24.59771 2.180852 -17.21743 24.59862 2.180852 -18.95407 16.33587 2.180852 -17.85841 16.26694 2.180852 -54.42948 -26.93954 2.180852 -53.8903 -28.10505 2.180852 -54.41557 -28.12486 2.180852 -44.99687 -26.51967 2.180852 -53.88641 -26.95105 2.180852 -53.89654 -26.46701 2.180852 -45.01963 -26.93414 2.180852 -46.12842 -28.64991 2.180852 -54.41557 -28.12486 8.742136 -53.88641 -26.95105 8.742136 -54.42948 -26.93954 8.742136 -53.89654 -26.46701 8.742136 -45.01963 -26.93414 8.742136 -44.99687 -26.51967 8.742136 -46.12842 -28.64991 8.742136 -53.8903 -28.10505 8.742136 -27.19202 -28.73407 8.742136 -36.07209 -28.10374 8.742136 -36.09172 -28.69423 8.742136 -36.6381 -28.12509 8.742136 -36.09854 -27.036 8.742136 -36.66782 -26.99493 8.742136 -27.24087 -26.51383 8.742136 -36.66782 -26.99493 2.180852 -36.07209 -28.10374 2.180852 -36.6381 -28.12509 2.180852 -36.09172 -28.69423 2.180852 -27.19202 -28.73407 2.180852 -36.09854 -27.036 2.180852 -27.24087 -26.51383 2.180852 -27.81377 7.998006 8.742136 -28.36376 7.970412 8.742136 -27.80274 8.483695 8.742136 -27.24313 8.555072 8.742136 -27.22328 9.088091 8.742136 -10.58073 6.819882 8.742136 -13.87816 6.835335 8.742136 -8.882883 7.981055 8.742136 -8.894515 8.49802 8.742136 -8.907053 -5.940371 8.742136 -9.410289 -5.960928 8.742136 -0.0591219 -4.8229 8.742136 -1.127453 -5.381145 8.742136 -1.139931 -4.817577 8.742136 -10.00922 38.44837 8.742136 -10.01731 39.01066 8.742136 -10.03091 48.44868 8.742136 -9.470188 48.49407 8.742136 -0.002771914 48.48498 8.742136 -0.05119889 38.47102 8.742136 7.72633 39.00963 8.742136 7.714731 38.46553 8.742136 7.721026 48.45547 8.742136 8.273993 48.48316 8.742136 17.72151 48.53528 8.742136 17.76621 47.93764 8.742136 17.70802 38.4777 8.742136 7.747846 25.11848 8.742136 7.72436 25.6727 8.742136 7.727752 30.73045 8.742136 8.293797 30.76885 8.742136 17.69313 30.71454 8.742136 17.74569 30.1726 8.742136 17.71311 25.18845 8.742136 -1.680189 30.21688 8.742136 0.594876 30.15649 8.742136 0.527685 24.60561 8.742136 -0.02821093 3.499275 8.742136 0.584513 3.517231 8.742136 0.005843997 2.935154 8.742136 -1.125124 2.950417 8.742136 -1.190236 3.544152 8.742136 -1.716826 3.549065 8.742136 -9.525037 16.31913 8.742136 -9.461285 15.68939 8.742136 -9.448553 17.94023 8.742136 -17.21115 16.80285 8.742136 -19.43874 16.83565 8.742136 -19.49941 24.59771 8.742136 -9.430172 25.151 8.742136 -9.464754 24.60167 8.742136 -27.24322 24.59466 8.742136 -27.77595 25.13102 8.742136 -27.78892 25.7129 8.742136 -27.76105 30.69023 8.742136 -27.20363 30.70658 8.742136 -8.948982 30.72101 8.742136 -8.916189 30.1248 8.742136 -8.889761 25.18008 8.742136 -36.69295 38.46982 8.742136 -36.71417 39.04428 8.742136 -36.64989 48.45271 8.742136 -36.12498 48.47572 8.742136 -26.67229 48.46566 8.742136 -26.64116 47.93072 8.742136 -26.70686 38.45706 8.742136 -54.44746 38.48091 8.742136 -54.48918 39.03578 8.742136 -54.43425 48.48968 8.742136 -53.84326 48.53179 8.742136 -44.40669 48.48939 8.742136 -44.44918 38.49519 8.742136 -54.46131 25.15447 8.742136 -54.47019 25.7001 8.742136 -54.43922 30.7023 8.742136 -53.86719 30.73309 8.742136 -44.42442 30.69533 8.742136 -44.39163 30.19258 8.742136 -44.45842 25.14288 8.742136 -36.63271 30.16674 8.742136 -37.2273 30.15646 8.742136 -34.96333 30.18923 8.742136 -35.53072 3.510093 8.742136 -36.6818 2.967334 8.742136 -27.18018 17.38652 8.742136 -27.23559 17.94284 8.742136 -27.18997 15.73093 8.742136 -34.96466 3.558879 8.742136 -35.53509 2.950844 8.742136 -9.433923 -28.09829 8.742136 -0.01550889 -26.99333 8.742136 -0.02328389 -28.06661 8.742136 -0.564185 -28.12457 8.742136 -0.573483 -28.62243 8.742136 -35.58549 -4.767737 8.742136 -36.68749 -5.349235 8.742136 -37.23674 -6.960658 8.742136 -36.70814 -4.771643 8.742136 -35.56401 -5.322766 8.742136 -35.04374 -5.318967 8.742136 -8.883217 -14.17939 8.742136 -9.462608 -19.2581 8.742136 -27.23474 -19.23347 8.742136 -8.863311 -13.69707 8.742136 -8.907417 -19.23716 8.742136 -9.428773 -19.80212 8.742136 -17.7816 -27.58787 8.742136 -17.24829 -27.56776 8.742136 -19.48196 -27.52308 8.742136 -27.21898 -19.82981 8.742136 -27.79778 -19.2547 8.742136 -27.80112 -18.67888 8.742136 -27.77158 -13.66143 8.742136 -1.12892 -19.2773 8.742136 0.02771192 -18.70075 8.742136 0.02612495 -19.20982 8.742136 -1.123107 -18.64569 8.742136 -35.57781 -19.24284 8.742136 -36.64183 -19.30331 8.742136 -36.69329 -18.66334 8.742136 -37.226 -18.68344 8.742136 -36.09745 -26.43528 8.742136 17.21724 -41.4682 8.742136 24.93136 -42.06813 8.742136 16.60683 -40.90125 8.742136 24.873 -57.554 8.742136 17.21985 -42.04529 8.742136 16.59622 -41.46127 8.742136 16.577 -35.85543 8.742136 7.741259 -27.00674 8.742136 8.329674 -26.98454 8.742136 17.16967 -28.67124 8.742136 17.68534 -49.25637 8.742136 0.567371 -50.85583 8.742136 17.69616 -50.26355 8.742136 17.19745 -50.28236 8.742136 17.16859 -50.91018 8.742136 -10.0249 -49.19514 8.742136 -9.452249 -50.33883 8.742136 -10.03157 -50.31349 8.742136 -9.466611 -49.22544 8.742136 -9.458581 -48.6313 8.742136 -1.696867 -48.65273 8.742136 -1.71217 -36.45367 8.742136 -1.140027 -36.4321 8.742136 -1.104938 -35.84271 8.742136 -0.08974397 -35.86114 8.742136 -0.043522 -36.41833 8.742136 0.549366 -36.39598 8.742136 -44.46439 -27.00762 8.742136 -44.44962 -40.88294 8.742136 -46.0755 -40.88374 8.742136 -27.24034 -41.49074 8.742136 -9.451807 -41.42266 8.742136 -17.82258 -50.32478 8.742136 -17.81707 -49.82785 8.742136 -18.89316 -50.36517 8.742136 -18.94842 -49.79096 8.742136 -19.50461 -49.75872 8.742136 -27.248 -42.02027 8.742136 -27.77098 -41.4582 8.742136 -27.79656 -40.93033 8.742136 -27.81426 -35.89943 8.742136 -27.22637 -35.88991 8.742136 -8.914169 -35.91146 8.742136 -8.894656 -36.45828 8.742136 -8.897109 -41.40174 8.742136 -9.512624 -42.00611 8.742136 -37.21944 -48.62562 8.742136 -53.90535 -50.31475 8.742136 -53.84455 -48.64867 8.742136 -37.23757 -41.33625 8.742136 -37.24967 -36.46812 8.742136 -36.65357 -36.44564 8.742136 -27.21186 -48.62072 8.742136 -27.19752 -49.23342 8.742136 -61.63283 -19.79667 8.742136 -63.29845 -58.67837 8.742136 -44.40858 -18.70491 8.742136 -61.62865 -28.60022 8.742136 -61.62544 -35.36489 8.742136 -53.84234 -41.39273 8.742136 -61.64496 -50.32746 8.742136 -63.31451 -59.24656 8.742136 -63.31401 -18.08135 8.742136 -62.76893 -18.08182 8.742136 -62.77059 -17.56908 8.742136 -46.1327 -17.57573 8.742136 -44.42453 -19.26144 8.742136 -44.98628 -19.28263 8.742136 -44.98689 -19.79696 8.742136 -53.90822 -35.35416 8.742136 -53.34769 -35.90796 8.742136 -53.30531 -36.42619 8.742136 -53.30029 -41.38327 8.742136 -53.83099 -42.00795 8.742136 -61.64521 -50.86451 8.742136 -17.87379 -57.54276 8.742136 26.64537 -58.65709 8.742136 -17.14964 -57.54294 8.742136 0.575703 -57.5476 8.742136 27.19009 -58.65332 8.742136 26.6406 -59.21987 8.742136 -63.28383 -5.875179 8.742136 -62.75839 -5.883417 8.742136 -63.30013 -4.813012 8.742136 -62.77413 -4.793172 8.742136 -62.75634 -4.219508 8.742136 -44.98854 -4.799017 8.742136 -44.43251 -4.788616 8.742136 -44.43351 -5.369644 8.742136 -43.87902 -5.34873 8.742136 26.14197 -18.08783 8.742136 26.62718 -18.62066 8.742136 24.91816 -19.87386 8.742136 26.13446 -17.50106 8.742136 26.64133 -18.069 8.742136 7.754461 -4.782482 8.742136 26.14434 -4.798963 8.742136 26.05979 -6.465739 8.742136 8.279053 -19.31096 8.742136 7.740829 -19.30657 8.742136 7.710278 -18.62852 8.742136 -63.90145 56.78984 8.742136 24.92512 55.61229 8.742136 24.94063 37.95862 8.742136 -62.70173 15.74329 8.742136 -61.60279 55.63906 8.742136 24.95235 24.61524 8.742136 -61.61646 38.09891 8.742136 8.268408 17.41843 8.742136 -62.79098 2.963189 8.742136 -62.79661 2.408318 8.742136 -62.75606 4.620706 8.742136 -62.75649 16.27121 8.742136 -63.29587 16.34427 8.742136 -63.31816 16.81821 8.742136 -63.84241 16.87101 8.742136 -63.29809 56.80842 8.742136 -63.28352 57.33917 8.742136 -62.75123 57.34394 8.742136 26.65421 57.3385 8.742136 26.62666 16.33956 8.742136 26.07312 16.2755 8.742136 26.09951 15.73353 8.742136 26.63048 4.088415 8.742136 26.65198 2.968256 8.742136 26.09523 2.941986 8.742136 7.702351 3.448755 8.742136 7.734796 17.4046 8.742136 8.295525 17.96528 8.742136 -17.78798 39.0551 8.742136 -17.25283 39.07695 8.742136 -19.42082 39.02322 8.742136 -61.62719 24.33255 8.742136 -44.99414 17.94919 8.742136 -44.41505 16.81434 8.742136 -44.40115 2.980759 8.742136 -26.08832 -4.253518 2.180852 -10.57205 -4.277749 2.180852 -27.24213 -5.89428 2.180852 -27.80869 -5.926186 2.180852 -27.80617 -5.365097 2.180852 -27.81377 7.998006 2.180852 -27.80274 8.483695 2.180852 -27.24313 8.555072 2.180852 -10.58073 6.819882 2.180852 -8.907053 -5.940371 2.180852 -1.127453 -5.381145 2.180852 -0.0591219 -4.8229 2.180852 -1.139931 -4.817577 2.180852 -0.03684097 -5.363026 2.180852 0.00783497 39.00769 2.180852 -0.598171 38.50543 2.180852 -10.00922 38.44837 2.180852 -10.03091 48.44868 2.180852 -0.002771914 48.48498 2.180852 -0.05119889 38.47102 2.180852 17.17637 38.44165 2.180852 7.714731 38.46553 2.180852 7.721026 48.45547 2.180852 17.72151 48.53528 2.180852 17.70802 38.4777 2.180852 17.18192 25.22187 2.180852 7.747846 25.11848 2.180852 7.727752 30.73045 2.180852 17.69313 30.71454 2.180852 17.71311 25.18845 2.180852 -1.680189 30.21688 2.180852 0.009831964 30.13812 2.180852 0.594876 30.15649 2.180852 -1.708439 15.67046 2.180852 0.584513 3.517231 2.180852 -0.02821093 3.499275 2.180852 0.005843997 2.935154 2.180852 -1.125124 2.950417 2.180852 -1.190236 3.544152 2.180852 -1.716826 3.549065 2.180852 -9.448553 17.94023 2.180852 -17.21115 16.80285 2.180852 -18.96343 16.82719 2.180852 -19.43874 16.83565 2.180852 -9.430172 25.151 2.180852 -27.24172 25.11179 2.180852 -9.464754 24.60167 2.180852 -27.24322 24.59466 2.180852 -27.77595 25.13102 2.180852 -27.76105 30.69023 2.180852 -8.948982 30.72101 2.180852 -8.889761 25.18008 2.180852 -27.14703 38.48475 2.180852 -36.69295 38.46982 2.180852 -36.64989 48.45271 2.180852 -26.67229 48.46566 2.180852 -26.70686 38.45706 2.180852 -44.35803 39.03839 2.180852 -44.9279 38.4757 2.180852 -54.44746 38.48091 2.180852 -54.43425 48.48968 2.180852 -44.40669 48.48939 2.180852 -44.44918 38.49519 2.180852 -44.98368 25.13076 2.180852 -54.46131 25.15447 2.180852 -54.43922 30.7023 2.180852 -44.42442 30.69533 2.180852 -44.45842 25.14288 2.180852 -34.96333 30.18923 2.180852 -35.53072 3.510093 2.180852 -34.98482 17.9355 2.180852 -36.6818 2.967334 2.180852 -27.18997 15.73093 2.180852 -34.96466 3.558879 2.180852 -35.53509 2.950844 2.180852 -36.65633 3.496635 2.180852 -9.467622 -26.96019 2.180852 -9.482668 -26.41066 2.180852 -0.01550889 -26.99333 2.180852 -0.02328389 -28.06661 2.180852 -0.564185 -28.12457 2.180852 -0.573483 -28.62243 2.180852 -36.68749 -5.349235 2.180852 -35.58549 -4.767737 2.180852 -36.70814 -4.771643 2.180852 -35.56401 -5.322766 2.180852 -35.04374 -5.318967 2.180852 -8.879515 -18.70964 2.180852 -9.462608 -19.2581 2.180852 -17.24349 -19.82575 2.180852 -27.23474 -19.23347 2.180852 -27.78853 -14.19968 2.180852 -27.22048 -13.66932 2.180852 -8.863311 -13.69707 2.180852 -8.907417 -19.23716 2.180852 -9.428773 -19.80212 2.180852 -19.48196 -27.52308 2.180852 -27.21898 -19.82981 2.180852 -27.79778 -19.2547 2.180852 -27.77158 -13.66143 2.180852 0.02771192 -18.70075 2.180852 -1.12892 -19.2773 2.180852 0.02612495 -19.20982 2.180852 -35.60403 -18.70645 2.180852 -35.57781 -19.24284 2.180852 -36.64183 -19.30331 2.180852 -36.69329 -18.66334 2.180852 -37.226 -18.68344 2.180852 -36.09745 -26.43528 2.180852 17.21724 -41.4682 2.180852 16.61952 -36.41761 2.180852 17.21985 -42.04529 2.180852 16.59622 -41.46127 2.180852 16.577 -35.85543 2.180852 17.21 -28.14642 2.180852 7.741259 -27.00674 2.180852 17.16967 -28.67124 2.180852 17.16902 -49.20338 2.180852 17.68534 -49.25637 2.180852 17.69616 -50.26355 2.180852 17.19745 -50.28236 2.180852 17.16859 -50.91018 2.180852 -9.452249 -50.33883 2.180852 -10.0249 -49.19514 2.180852 -10.03157 -50.31349 2.180852 -9.466611 -49.22544 2.180852 -9.458581 -48.6313 2.180852 -1.696867 -48.65273 2.180852 -1.71217 -36.45367 2.180852 -1.140027 -36.4321 2.180852 -1.104938 -35.84271 2.180852 -0.08974397 -35.86114 2.180852 -0.043522 -36.41833 2.180852 0.549366 -36.39598 2.180852 -44.46439 -27.00762 2.180852 -44.42061 -27.53393 2.180852 -46.0755 -40.88374 2.180852 -27.80469 -36.47413 2.180852 -27.24034 -41.49074 2.180852 -9.4649 -35.93223 2.180852 -8.871194 -40.88436 2.180852 -9.451807 -41.42266 2.180852 -17.82258 -50.32478 2.180852 -18.89316 -50.36517 2.180852 -18.94842 -49.79096 2.180852 -19.50461 -49.75872 2.180852 -27.248 -42.02027 2.180852 -27.77098 -41.4582 2.180852 -27.81426 -35.89943 2.180852 -8.914169 -35.91146 2.180852 -8.897109 -41.40174 2.180852 -9.512624 -42.00611 2.180852 -34.99314 -48.65857 2.180852 -27.18738 -50.35984 2.180852 -53.84455 -48.64867 2.180852 -37.23757 -41.33625 2.180852 -37.24967 -36.46812 2.180852 -27.21186 -48.62072 2.180852 -61.63283 -19.79667 2.180852 -61.64114 -42.02427 2.180852 -63.32237 -18.68017 2.180852 -61.62865 -28.60022 2.180852 -53.84234 -41.39273 2.180852 -61.64496 -50.32746 2.180852 -61.64828 -57.53125 2.180852 -63.31451 -59.24656 2.180852 -63.31401 -18.08135 2.180852 -62.76893 -18.08182 2.180852 -62.77059 -17.56908 2.180852 -46.1327 -17.57573 2.180852 -44.42453 -19.26144 2.180852 -44.98628 -19.28263 2.180852 -44.98689 -19.79696 2.180852 -53.90822 -35.35416 2.180852 -53.34769 -35.90796 2.180852 -53.30029 -41.38327 2.180852 -53.83099 -42.00795 2.180852 -61.64521 -50.86451 2.180852 -17.87379 -57.54276 2.180852 -17.14964 -57.54294 2.180852 0.575703 -57.5476 2.180852 27.18915 -57.55034 2.180852 27.19009 -58.65332 2.180852 26.6406 -59.21987 2.180852 -63.28383 -5.875179 2.180852 -63.30013 -4.813012 2.180852 -62.77413 -4.793172 2.180852 -62.75634 -4.219508 2.180852 -44.98854 -4.799017 2.180852 -44.43251 -4.788616 2.180852 -44.43351 -5.369644 2.180852 -43.87902 -5.34873 2.180852 26.62718 -18.62066 2.180852 26.14197 -18.08783 2.180852 24.91054 -17.49571 2.180852 26.13446 -17.50106 2.180852 26.64133 -18.069 2.180852 8.285622 -4.8159 2.180852 9.418166 -6.504926 2.180852 7.754461 -4.782482 2.180852 26.05979 -6.465739 2.180852 8.279053 -19.31096 2.180852 7.740829 -19.30657 2.180852 24.92512 55.61229 2.180852 -63.90145 56.78984 2.180852 24.94063 37.95862 2.180852 -61.60279 55.63906 2.180852 24.95235 24.61524 2.180852 -61.61646 38.09891 2.180852 24.95813 18.0256 2.180852 -46.12544 15.73262 2.180852 -46.09471 4.661823 2.180852 9.438908 15.75533 2.180852 8.268408 17.41843 2.180852 -17.18118 55.67736 2.180852 -45.0258 2.96148 2.180852 -62.79661 2.408318 2.180852 -62.75606 4.620706 2.180852 -62.75649 16.27121 2.180852 -63.29587 16.34427 2.180852 -63.31816 16.81821 2.180852 -63.84241 16.87101 2.180852 -63.29809 56.80842 2.180852 -63.28352 57.33917 2.180852 26.65421 57.3385 2.180852 26.62666 16.33956 2.180852 26.07312 16.2755 2.180852 26.09951 15.73353 2.180852 9.413088 4.62637 2.180852 26.63048 4.088415 2.180852 26.65198 2.968256 2.180852 7.734796 17.4046 2.180852 8.295525 17.96528 2.180852 -19.42082 39.02322 2.180852 -61.62719 24.33255 2.180852 -44.99414 17.94919 2.180852 -44.40115 2.980759 2.180852 -9.404194 -6.452426 8.742136 -1.678703 -5.381035 8.742136 -0.573915 -28.63986 8.742136 -37.22913 -5.351491 8.742136 0.52728 -18.65775 8.742136 24.89794 -50.93548 8.742136 9.430974 -40.90299 8.742136 -9.470904 -50.90948 8.742136 -53.90132 -28.62499 8.742136 27.15599 -18.5973 8.742136 7.212849 -5.375978 8.742136 -9.404194 -6.452426 2.180852 -1.678703 -5.381035 2.180852 -0.573915 -28.63986 2.180852 -37.22913 -5.351491 2.180852 0.52728 -18.65775 2.180852 24.89794 -50.93548 2.180852 9.430974 -40.90299 2.180852 -9.470904 -50.90948 2.180852 -53.90132 -28.62499 2.180852 27.15599 -18.5973 2.180852 7.212849 -5.375978 2.180852 0.483704 -5.36967 8.742136 26.1038 4.628386 8.742136 -62.74758 -6.481706 2.180852 -26.68423 -28.16404 8.742136 -26.67151 -27.0215 2.180852 -0.580875 -26.45787 8.742136 -17.17975 -49.80313 2.180852 -43.87738 -18.69816 2.180852 -45.00615 2.377553 8.742136 17.22188 37.95656 8.742136 -45.00105 24.58766 8.742136 -27.26634 -13.05976 8.742136 -43.89781 -27.57555 8.742136 -27.16106 -50.91886 8.742136 8.279425 -4.247781 8.742136 17.1871 24.61218 8.742136 -27.13491 37.94472 8.742136 -44.93753 37.93997 8.742136 -0.609974 37.9518 8.742136 -62.79851 -59.73491 8.742136 26.06661 -59.76489 2.180852 -37.1899 3.50214 8.742136 0.564606 -48.63559 2.180852 0.567371 -50.85583 2.180852 0.567371 -50.85583 2.180852 0.564606 -48.63559 8.742136 0.549366 -36.39598 8.742136 0.549366 -36.39598 2.180852 0.567371 -50.85583 8.742136 0.567371 -50.85583 8.742136</float_array>
          <technique_common>
            <accessor source="#_3_2_163_0_zeimport_poly84_XSIPOLYCLS_main_0-mesh-positions-array" count="1164" stride="3">
              <param name="X" type="float"/>
              <param name="Y" type="float"/>
              <param name="Z" type="float"/>
            </accessor>
          </technique_common>
        </source>
        <source id="_3_2_163_0_zeimport_poly84_XSIPOLYCLS_main_0-mesh-normals">
          <float_array id="_3_2_163_0_zeimport_poly84_XSIPOLYCLS_main_0-mesh-normals-array" count="1608">0 0 1 0 0 -1 0 0 -1 0 0 1 0 0 1 1.54012e-6 0 1 4.5489e-7 0 -1 -1.31102e-7 0 1 1.47548e-6 0 1 0 0 -1 -4.11673e-7 0 1 0 0 -1 1.99062e-7 0 -1 -3.45423e-7 0 -1 4.84202e-7 0 1 0 0 1 0 0 -1 -2.21024e-7 0 1 0 0 -1 0 0 1 0 0 -1 -1.14177e-6 0 1 3.80209e-7 0 -1 -9.06422e-7 0 1 -7.07738e-7 0 1 -3.66082e-7 0 -1 0 0 -1 0 0 1 -1.45523e-7 0 -1 -8.56425e-7 0 1 1.55052e-7 0 -1 -5.42592e-7 0 -1 8.97633e-7 0 1 4.53286e-7 0 -1 -2.42125e-6 0 1 0 0 1 0 0 -1 -1.78601e-6 0 1 2.49327e-7 0 -1 1.75509e-7 0 1 0 0 -1 1.39588e-6 0 1 2.1264e-7 0 -1 0 0 1 0 0 -1 0 0 -1 1.61397e-7 0 1 0 0 1 0 0 -1 -5.37209e-7 0 -1 0 0 1 0 0 -1 0 0 1 1.23605e-7 0 -1 0 0 -1 5.62859e-7 0 1 0 0 1 0 0 -1 -6.3799e-7 0 1 -2.25503e-7 0 -1 0 0 -1 0 0 1 0 0 1 0 0 -1 0 0 -1 3.4285e-7 0 1 0 0 -1 4.74476e-7 0 1 5.92453e-7 0 -1 0 0 -1 0 0 -1 9.85793e-7 0 1 -3.67617e-7 0 -1 0 0 1 2.38211e-6 0 1 -1.79837e-7 0 -1 -1.08673e-6 0 1 0 0 -1 0 0 -1 -6.66022e-7 0 -1 1.56487e-6 0 1 2.06923e-7 0 1 2.16455e-7 0 1 1.39515e-7 0 -1 -6.77147e-7 0 1 0 0 -1 3.23685e-7 0 1 3.51109e-7 0 -1 7.5296e-7 0 1 0 0 1 0 0 -1 3.23543e-7 0 -1 -4.67872e-7 0 1 3.52476e-7 0 -1 9.86126e-7 0 1 2.13643e-7 0 1 1.56769e-7 0 -1 0 0 -1 -1.89517e-7 0 1 -2.18184e-6 0 1 6.08048e-7 0 -1 -1.25617e-6 0 1 2.67418e-7 0 -1 3.83236e-7 0 -1 -1.65477e-6 0 1 2.12784e-7 0 -1 -1.52971e-6 0 1 0 0 -1 -1.42522e-7 0 1 0 0 -1 0 0 1 -1.43509e-7 0 -1 3.97468e-7 0 1 1.78649e-7 0 1 -3.15429e-7 0 -1 4.36928e-7 0 1 -1.31436e-7 0 -1 -1.94803e-6 0 1 1.32812e-7 0 1 0 0 -1 0 0 -1 1.65184e-6 0 1 0 0 -1 -3.47509e-7 0 1 1.73473e-7 0 -1 3.15971e-7 0 -1 7.96509e-7 0 1 0 0 -1 1.91867e-6 0 1 0 0 -1 0 0 1 1.89799e-6 0 1 -3.56487e-7 0 -1 -5.76097e-7 0 1 0 0 -1 -8.59942e-7 0 1 -2.99218e-7 0 -1 1.56019e-7 0 -1 0 0 -1 0 0 1 0 0 1 0 0 -1 3.03495e-7 0 1 0 0 -1 0 0 -1 -2.18766e-7 0 1 1.35765e-7 0 -1 0 0 -1 -3.84315e-7 0 -1 -6.97906e-7 0 1 0 0 1 0 0 -1 -1.58657e-7 0 -1 -5.94573e-7 0 1 0 0 -1 -2.8707e-7 0 -1 -1.71344e-6 0 1 4.64095e-7 0 1 0 0 1 -2.55988e-7 0 -1 0 0 -1 -2.80607e-6 0 1 2.20786e-6 0 1 -1.83662e-6 0 1 9.31999e-5 0 1 1.56586e-6 0 1 0 0 1 0 0 1 3.22647e-6 0 1 -1.37952e-7 0 1 2.88726e-6 0 1 3.04599e-6 0 1 1.73861e-7 0 1 0 0 1 3.23807e-6 0 1 -3.16643e-5 0 1 3.25775e-5 0 1 -2.2288e-7 0 1 -5.10675e-7 0 1 0 0 1 -2.38146e-7 0 1 -2.83724e-6 0 1 1.25458e-4 0 1 3.25771e-6 0 1 0 0 1 -5.1044e-5 0 1 -3.79351e-6 0 1 0 0 1 0 0 1 -1.64052e-7 0 1 0 0 1 -3.01572e-6 0 1 -3.69265e-6 0 1 0 0 1 1.44471e-4 0 1 0 0 1 1.87127e-6 0 1 1.48693e-6 0 1 8.66467e-5 0 1 9.89635e-6 1.59496e-7 1 9.98122e-6 1.77075e-7 1 9.94071e-6 0 1 2.48766e-6 0 1 0 0 1 1.30963e-6 0 1 1.47055e-6 0 1 0 0 1 -1.8538e-7 0 1 0 0 1 0 0 1 0 0 1 1.08447e-6 0 1 2.68076e-6 0 1 1.62219e-6 0 1 2.68749e-5 0 1 2.77343e-6 0 1 1.64939e-7 0 1 0 0 1 -3.19233e-7 0 1 -2.76549e-7 0 1 1.00889e-5 0 1 1.77977e-6 0 1 -2.10404e-5 3.44453e-5 -1 -6.35684e-5 -5.44185e-5 -1 -2.80738e-5 3.45231e-5 -1 6.57913e-7 0 1 -1.96796e-6 0 1 -2.37297e-6 0 1 1.42902e-7 0 1 -1.89472e-7 0 1 -1.72703e-5 0 1 -2.88593e-6 0 1 -3.07095e-7 0 1 -2.78483e-6 0 1 2.23512e-7 0 1 0 0 1 3.75463e-5 0 1 -1.91893e-4 0 1 1.01647e-6 0 1 0 0 1 -9.18603e-5 0 1 5.98016e-5 0 1 5.30921e-7 0 1 -9.30775e-7 0 1 -3.18006e-6 0 1 0 0 1 0 0 1 -1.99338e-7 0 1 0 0 1 4.77711e-5 0 1 -4.77711e-5 0 1 4.77711e-5 0 1 -2.38768e-6 0 1 -3.03442e-6 0 1 1.24033e-5 0 1 0 0 1 -1.7735e-5 0 1 0 0 1 1.54203e-5 0 1 2.91641e-7 0 1 0 0 1 -4.11574e-6 0 1 0 0 1 8.33422e-6 0 1 -1.77645e-7 0 1 7.53357e-7 0 1 0 0 1 -1.58946e-7 0 1 -1.82762e-7 0 1 0 0 1 -9.93252e-5 0 1 5.83389e-6 0 1 -1.20969e-6 0 1 0 0 1 0 0 1 0 0 1 2.86968e-6 0 1 2.26773e-7 0 -1 -3.75498e-7 0 -1 -5.02813e-7 0 -1 -3.06914e-7 0 -1 2.75982e-7 0 -1 0 0 -1 3.59136e-7 0 -1 0 0 -1 -1.60187e-5 0 -1 -2.61585e-7 0 -1 6.14392e-7 0 -1 -3.70624e-5 0 -1 -3.22966e-7 0 -1 0 0 -1 0 0 -1 0 0 -1 0 0 -1 0 0 -1 4.0658e-6 0 -1 0 0 -1 7.0732e-6 0 -1 0 0 -1 2.08704e-7 0 -1 -3.08851e-6 0 -1 2.52463e-7 0 -1 5.5365e-7 0 -1 4.13935e-7 0 -1 -8.04617e-6 0 -1 0 0 -1 5.4423e-6 0 -1 -7.94602e-7 0 -1 4.07219e-6 0 -1 0 0 -1 -1.27669e-7 0 -1 0 0 -1 0 0 -1 0 0 -1 0 0 -1 2.13347e-7 0 -1 -3.92056e-6 0 -1 -3.82026e-7 0 -1 3.62656e-6 0 -1 -8.14428e-7 0 -1 2.74357e-7 0 -1 -6.50784e-6 0 -1 0 0 -1 2.44996e-7 0 -1 -7.17806e-6 0 -1 0 0 -1 6.48505e-7 0 -1 0 0 -1 0 0 -1 0 0 -1 -4.21708e-7 0 -1 4.51471e-6 0 -1 5.05506e-7 0 -1 1.48113e-6 0 -1 0 0 -1 1.78041e-6 0 -1 2.70771e-6 0 -1 3.35032e-5 0 -1 3.35056e-5 0 -1 3.35008e-5 0 -1 -6.21915e-7 0 -1 -1.63704e-7 0 -1 3.67638e-7 0 -1 1.71775e-7 0 -1 -1.288e-7 0 -1 0 0 -1 0 0 -1 -1.57923e-7 0 -1 -2.71107e-7 0 -1 4.39597e-7 0 -1 0 0 -1 0 0 -1 -1.2619e-7 0 -1 2.46887e-6 0 -1 -1.67968e-6 0 -1 0 0 -1 -9.37068e-7 0 -1 0 0 -1 0 0 -1 -2.53326e-7 0 -1 0 0 -1 -3.10564e-7 0 -1 6.93356e-7 0 -1 0 0 -1 1.20376e-7 0 -1 -2.87422e-7 0 -1 0 0 -1 0 0 -1 -2.00438e-7 0 -1 2.36457e-6 0 -1 -1.52828e-7 0 -1 -7.29227e-7 0 -1 0 0 -1 3.04282e-5 2.82348e-5 1 8.82149e-6 -2.20598e-5 1 1.97887e-5 -2.19606e-5 1 -3.344e-7 0 -1 -2.02648e-7 0 -1 3.80047e-7 0 -1 0 0 -1 2.6985e-7 0 -1 -1.20591e-7 0 -1 6.85993e-6 0 -1 2.16275e-7 0 -1 0 0 -1 2.36737e-7 0 -1 4.34694e-6 0 -1 -1.60454e-7 0 -1 -3.24213e-6 0 -1 -1.27722e-7 0 -1 0 0 -1 4.69328e-6 0 -1 0 0 -1 -1.50997e-7 0 -1 -3.85308e-7 0 -1 0 0 -1 2.39863e-5 0 -1 0 0 -1 0 0 -1 -1.20252e-7 0 -1 0 0 -1 0 0 -1 1.28181e-6 0 -1 0 0 -1 0 0 -1 7.01957e-6 0 -1 -4.77711e-5 0 -1 4.77711e-5 0 -1 4.77711e-5 0 -1 0 0 -1 0 0 -1 0 0 -1 0 0 -1 0 0 -1 4.04838e-7 0 -1 1.35671e-6 0 -1 -7.04086e-7 0 -1 2.08016e-7 0 -1 -2.45648e-7 0 -1 -1.8651e-7 0 -1 1.336e-7 0 -1 0 0 -1 -1.21909e-7 0 -1 0 0 -1 0 0 -1 7.69879e-7 0 -1 3.37319e-6 0 -1 0 0 -1 6.28397e-7 0 -1 1.02894e-6 0 -1 0 0 -1 -3.01343e-7 0 -1 0 0 -1 0 0 -1 -1.32918e-6 0 -1 0 0 -1 2.32794e-5 0 -1 -8.24664e-7 0 -1 -1.33994e-7 0 -1 0 0 -1 0 0 -1 -1.53296e-7 0 -1 3.02424e-7 0 -1 5.5043e-7 0 -1 0 0 -1 7.92866e-7 0 -1 -7.59464e-7 0 -1 6.7061e-7 0 -1 -1.72853e-6 -4.86808e-6 -1 -8.73953e-6 3.21156e-6 -1 -5.24521e-6 3.17296e-6 -1 0 0 -1 -9.63524e-6 0 -1 0 0 1 5.97713e-7 0 1 -3.20132e-7 0 1 -2.73451e-6 0 1 -1.04291e-6 0 1 3.58926e-7 0 1 2.13683e-5 -1.55635e-5 1 6.18696e-5 1.00651e-5 1 4.15146e-5 9.83744e-6 1 2.42842e-6 0 1 -3.43646e-6 0 1 0 0 1 -3.23012e-7 0 1 0 0 -1 6.83627e-7 0 -1 0 0 -1 5.47099e-7 0 -1 -1.03563e-5 -5.79684e-6 -1 -5.52535e-5 -5.73584e-6 -1 -1.34707e-5 7.44261e-6 -1 0 0 -1 2.03552e-6 0 -1 -3.84253e-7 0 -1 5.43418e-7 0 -1 -3.23012e-7 0 -1 0 0 -1 -2.61369e-6 0 1 5.45768e-7 0 -1 0 0 -1 0 0 -1 0 0 -1 1.69135e-7 0 -1 -1.31571e-7 0 -1 5.98499e-7 0 -1 -1.93075e-7 0 1 1.51323e-7 0 -1 2.45705e-6 0 1 -3.08908e-6 0 1 1.9227e-7 0 1 -1.48016e-7 0 1 -7.6199e-7 0 -1 -1.89318e-7 0 1 -9.45219e-7 0 -1 2.70916e-6 0 1 -2.22499e-7 0 1 0 0 -1 0 0 1 0 0 -1 -2.19696e-7 0 1 -1.6818e-6 0 1 7.92902e-7 0 -1 -2.81015e-6 0 1 2.0619e-6 0 1 0 0 -1 -1.60147e-7 0 1 0 0 -1 -2.30971e-6 0 1 0 0 1 -3.25635e-6 0 1 7.94748e-7 0 -1 0 0 1 -3.28497e-6 0 1 3.18484e-6 0 1 0 0 -1 3.24288e-6 0 1 3.09904e-6 0 1 -7.57911e-7 0 -1 0 0 -1 -1.96585e-7 0 1 -1.9837e-7 0 1 0 0 1 3.40116e-6 0 1 2.4797e-6 0 1 -2.81593e-6 0 1 -1.50128e-7 0 -1 3.13698e-7 0 -1 6.08197e-7 0 1 1.50288e-7 0 -1 -1.52825e-6 0 1 7.60815e-7 0 -1 0 0 -1 -2.01378e-7 0 1 0 0 -1</float_array>
          <technique_common>
            <accessor source="#_3_2_163_0_zeimport_poly84_XSIPOLYCLS_main_0-mesh-normals-array" count="536" stride="3">
              <param name="X" type="float"/>
              <param name="Y" type="float"/>
              <param name="Z" type="float"/>
            </accessor>
          </technique_common>
        </source>
        <source id="_3_2_163_0_zeimport_poly84_XSIPOLYCLS_main_0-mesh-map-0">
          <float_array id="_3_2_163_0_zeimport_poly84_XSIPOLYCLS_main_0-mesh-map-0-array" count="6408">0.05843663 0.9157848 0.0628004 0.9153963 0.06206756 0.9157668 0.06206756 0.9157668 0.06246191 0.9213872 0.06208831 0.9208407 0.06260317 0.9153881 0.0628004 0.9153963 0.05843663 0.9157848 0.06261312 0.9152029 0.06260317 0.9153881 0.05843663 0.9157848 0.06242966 0.9152042 0.06261312 0.9152029 0.05843663 0.9157848 0.102242 0.914655 0.1020351 0.8854097 0.1022211 0.8855939 0.08442324 0.9153621 0.08496582 0.9440513 0.08440232 0.9444233 0.061329 0.8854364 0.0480979 0.8856226 0.04827415 0.8854332 0.08387607 0.8854332 0.07119297 0.8859743 0.07082116 0.8854364 0.0628004 0.9153963 0.0631389 0.9213872 0.06296116 0.9212194 0.0628004 0.9153963 0.06246191 0.9213872 0.06206756 0.9157668 0.08415883 0.9312338 0.08397972 0.9317774 0.08344966 0.9312358 0.07204961 0.9312675 0.07134932 0.9318067 0.07134044 0.9312655 0.0513491 0.9335513 0.04806315 0.9364674 0.05117619 0.9333824 0.05190241 0.9333824 0.0519101 0.9366577 0.0517295 0.9335513 0.07118016 0.9142903 0.07044231 0.9092194 0.07099014 0.908847 0.06116008 0.908847 0.06170451 0.9146401 0.06097 0.9142903 0.09440481 0.8885203 0.0966106 0.8859724 0.09459489 0.888504 0.09204941 0.9182724 0.09222936 0.9157298 0.09223949 0.9182886 0.06442683 0.939045 0.06150788 0.9357642 0.06459683 0.9388572 0.05769658 0.9388743 0.06095415 0.9388594 0.05786663 0.939062 0.06587761 0.8914294 0.06533825 0.8855995 0.0655238 0.8856118 0.06662636 0.8856118 0.06681108 0.8910576 0.06627255 0.8914294 0.07098281 0.9086624 0.06682205 0.9092093 0.06644606 0.9086633 0.0657041 0.9086633 0.06116008 0.908847 0.06116741 0.9086624 0.0631389 0.9213872 0.0676968 0.9212134 0.06768894 0.9213998 0.06246191 0.9213872 0.057904 0.9212134 0.06208831 0.9208407 0.0613529 0.8916074 0.06587761 0.8914294 0.0658791 0.8916099 0.06627106 0.8916099 0.07045042 0.8910493 0.07079726 0.8916074 0.102385 0.9386233 0.1016595 0.9444174 0.101653 0.9389752 0.08499133 0.9092069 0.08478921 0.9146527 0.08425927 0.908855 0.05771636 0.9168457 0.05843663 0.9157848 0.05844837 0.9168487 0.0671525 0.9168487 0.06789702 0.9154067 0.06788444 0.9168457 0.09731459 0.9211776 0.09806919 0.9157508 0.09803926 0.920812 0.08860504 0.8910437 0.08935284 0.8859797 0.08932971 0.8914093 0.05843663 0.9157848 0.06242954 0.9150335 0.06242966 0.9152042 0.06716418 0.9157848 0.06317126 0.9150335 0.06753247 0.9150329 0.05772018 0.9197691 0.057904 0.9212134 0.05772811 0.9212102 0.06787276 0.9212102 0.06714934 0.9197688 0.06788069 0.9197691 0.07204961 0.9312675 0.07187962 0.9274658 0.07205647 0.9274514 0.0834428 0.9274197 0.08415883 0.9312338 0.08344966 0.9312358 0.05578464 0.9279188 0.05614727 0.9277413 0.0561791 0.9279244 0.0564441 0.9279244 0.05684965 0.9277421 0.05683863 0.9279188 0.07261681 0.9274473 0.07279896 0.9303562 0.07205647 0.9303303 0.05557298 0.9308122 0.05483043 0.9279271 0.05501264 0.9279293 0.09623408 0.9115447 0.09442985 0.9142783 0.09460878 0.9117476 0.09203553 0.9415159 0.0900368 0.9440509 0.09041029 0.941313 0.08200353 0.9186721 0.0794273 0.9184713 0.08196204 0.9179204 0.07009774 0.9236099 0.07262456 0.9243693 0.07005625 0.9243616 0.0515381 0.9364859 0.0513491 0.9335513 0.05153936 0.9335731 0.0515393 0.9335731 0.05172532 0.9364669 0.05154055 0.9364859 0.1015099 0.9389755 0.09766703 0.9382449 0.101509 0.9382464 0.08513534 0.908478 0.0889796 0.9086504 0.08513438 0.9092072 0.08270704 0.931262 0.08250164 0.9274225 0.08269494 0.9274228 0.08271908 0.9274228 0.0834428 0.9312639 0.08270698 0.931262 0.0728079 0.9356387 0.07299238 0.9360226 0.0728079 0.9360048 0.06459873 0.9353904 0.06443387 0.9350187 0.06459873 0.9350243 0.04807907 0.9177749 0.05206662 0.918482 0.04807817 0.9179398 0.0575307 0.9179398 0.0535342 0.9177539 0.0575298 0.9177749 0.06117105 0.9263183 0.06101137 0.9259594 0.06119102 0.9259449 0.06119102 0.9259449 0.0613656 0.9263086 0.06121098 0.9263183 0.08403694 0.9229894 0.07862555 0.9258111 0.08300369 0.9217038 0.07396697 0.9208564 0.07730031 0.9262558 0.07293373 0.9221419 0.05118697 0.9331763 0.0482552 0.9333634 0.04827177 0.9331883 0.05480688 0.9331883 0.05190241 0.9333824 0.05189168 0.9331763 0.06150108 0.9392142 0.06442683 0.939045 0.06441396 0.9392444 0.0578795 0.9392614 0.06077837 0.9390738 0.06079232 0.9392313 0.06684505 0.9285113 0.0666927 0.9255865 0.06685638 0.925603 0.07627362 0.9267575 0.07644653 0.929661 0.07628494 0.9296656 0.06477743 0.938874 0.06462556 0.935961 0.06477487 0.9359685 0.05751854 0.9359856 0.05769658 0.9388743 0.05751603 0.9388912 0.06608581 0.9146453 0.06626605 0.9088596 0.06663209 0.9146588 0.06551808 0.9146588 0.06607508 0.9088532 0.06606435 0.9146453 0.07134902 0.9391147 0.07151973 0.9361867 0.07152527 0.9391129 0.07850551 0.9390848 0.07866966 0.9361737 0.07868176 0.9390866 0.07789784 0.8999549 0.07805812 0.9003067 0.07789075 0.900316 0.05425941 0.900316 0.05408084 0.899953 0.05425232 0.8999549 0.06467825 0.9248493 0.06485962 0.9219505 0.06485307 0.9248642 0.05685436 0.9273797 0.05702543 0.9244716 0.05702918 0.9273648 0.06504195 0.9288547 0.06649655 0.9286773 0.06648635 0.9288377 0.07664358 0.929992 0.07809865 0.9298335 0.07808804 0.930009 0.06816613 0.9150442 0.06803697 0.9154472 0.06789702 0.9152937 0.07925194 0.9152937 0.07886195 0.9151696 0.07898283 0.9150442 0.06761157 0.927187 0.06743514 0.9217569 0.06761157 0.9217651 0.066877 0.9273682 0.06760305 0.9327879 0.066877 0.9327901 0.08458876 0.9447683 0.09767037 0.9446037 0.09768408 0.9447651 0.08896023 0.9149968 0.1020538 0.9148223 0.1020556 0.915 0.05826127 0.9306893 0.05790543 0.9308802 0.05789864 0.9306935 0.07114511 0.9272635 0.07077848 0.9274699 0.07078248 0.9272593 0.0774393 0.9173491 0.07873398 0.9150509 0.07911193 0.9154472 0.06803697 0.9154472 0.07020592 0.9168403 0.06970965 0.9173491 0.0735504 0.9165961 0.06932181 0.9205707 0.07341653 0.9164697 0.07373243 0.9164697 0.0776968 0.9207224 0.07359856 0.9165961 0.0582652 0.9308999 0.05770379 0.935231 0.05770379 0.9308866 0.0713399 0.9274566 0.07116901 0.9318154 0.07077848 0.9274699 0.05808788 0.9215839 0.06246191 0.9213872 0.06244981 0.9215728 0.063151 0.9215728 0.06751984 0.9214033 0.06751292 0.9215839 0.05228024 0.9239178 0.05280447 0.91519 0.05280447 0.9239298 0.05280447 0.9239298 0.05298721 0.9151993 0.05332863 0.9239178 0.06668025 0.9219592 0.06485307 0.9248642 0.06504696 0.9217661 0.05666047 0.9242816 0.05521512 0.9275617 0.05502724 0.9244748 0.0800597 0.9272113 0.08403694 0.9229894 0.08415013 0.923115 0.07282054 0.9222674 0.07704091 0.9262467 0.07691097 0.9263637 0.07357448 0.9160624 0.07239836 0.9151648 0.07252573 0.9150329 0.07462322 0.9150329 0.07370406 0.9162134 0.07357448 0.9160624 0.1022193 0.9151998 0.1018611 0.9153787 0.1018497 0.9151969 0.08479458 0.8854286 0.084423 0.8855805 0.08442497 0.8854314 0.0613656 0.9263086 0.06392693 0.9257482 0.06392937 0.9265151 0.05845266 0.9265151 0.06099045 0.9257535 0.06101644 0.9263086 0.04790508 0.885609 0.04810065 0.9146566 0.04790508 0.9146599 0.08424508 0.9146599 0.08405232 0.8856226 0.08424508 0.885609 0.05063772 0.9282646 0.04809778 0.9289935 0.04809319 0.9284464 0.05464237 0.9284464 0.05210363 0.9289991 0.05209785 0.9282646 0.06503134 0.9286791 0.06650054 0.9253974 0.06668347 0.9285067 0.07644653 0.929661 0.07828933 0.9267397 0.07809865 0.9298335 0.06642967 0.8917786 0.07079726 0.8916074 0.07080858 0.8917877 0.06134158 0.8917877 0.06572419 0.891617 0.06572049 0.8917786 0.06608176 0.8856138 0.06627255 0.8914294 0.06609421 0.8914257 0.06605595 0.8914257 0.06588971 0.8856022 0.06606847 0.8856138 0.06505376 0.9252257 0.06649237 0.9250461 0.06648916 0.9252232 0.05521827 0.9277388 0.0566644 0.9275684 0.05665373 0.9277413 0.09042364 0.9186264 0.09188044 0.9184595 0.09188091 0.9186373 0.09476339 0.8888689 0.09623008 0.8886948 0.09622067 0.8888581 0.08478319 0.8856104 0.08424508 0.8914227 0.08425229 0.8855984 0.102392 0.9153668 0.1022135 0.921189 0.1018611 0.9153787 0.04790508 0.9284526 0.04808026 0.9288114 0.04791027 0.9288098 0.0548253 0.9288098 0.05464237 0.9284464 0.05483043 0.9284526 0.08213376 0.939089 0.08196163 0.9361833 0.08213073 0.9361743 0.06790006 0.9362024 0.06808221 0.9391184 0.06789702 0.9391171 0.06152504 0.9355923 0.06441426 0.9354084 0.06440877 0.9355717 0.0729978 0.9361861 0.07587516 0.9360246 0.07588154 0.9362067 0.07743155 0.92638 0.0783323 0.925229 0.07845979 0.9253451 0.07851088 0.9261925 0.07967031 0.9271034 0.07953912 0.9272276 0.05666619 0.9241088 0.05519235 0.924274 0.05518525 0.9240995 0.06652224 0.9215839 0.06504696 0.9217661 0.06504124 0.9215932 0.06569522 0.9084966 0.0613541 0.9086601 0.06135332 0.9084982 0.07079684 0.9084982 0.06644606 0.9086633 0.06645494 0.9084966 0.07845175 0.9267492 0.07825237 0.9296467 0.07828933 0.9267397 0.06484067 0.9255853 0.06467825 0.928494 0.06467825 0.9255948 0.05191922 0.9368264 0.05482673 0.9366418 0.05482697 0.9368264 0.04825168 0.9368264 0.0511685 0.9366577 0.05115938 0.9368264 0.06551784 0.914842 0.06588375 0.914669 0.06588941 0.9148394 0.06626075 0.9148394 0.06663209 0.9146588 0.06663233 0.914842 0.07224512 0.9305328 0.07261931 0.9303503 0.07261884 0.9305199 0.05501061 0.9310019 0.05538225 0.9308193 0.05538433 0.9310148 0.08214211 0.9354323 0.08195 0.9325149 0.08214324 0.9325199 0.06789702 0.9325481 0.06808286 0.9354529 0.06789809 0.9354605 0.0533626 0.9150332 0.05298721 0.9151993 0.05299413 0.9150329 0.0526148 0.9150329 0.05225336 0.9152039 0.05224627 0.9150332 0.06827151 0.9358251 0.07118099 0.9356302 0.07117164 0.9358314 0.07886862 0.9358033 0.08177101 0.9356161 0.08176869 0.935797 0.0711556 0.9358314 0.06825548 0.9360141 0.06824725 0.9358389 0.08178353 0.9358108 0.07887512 0.9359889 0.07887518 0.9358033 0.05227708 0.9240995 0.05263894 0.9239364 0.05263841 0.924097 0.05297052 0.924097 0.05332863 0.9239178 0.05333179 0.9240995 0.08234655 0.9215698 0.08379662 0.921393 0.08379012 0.9215686 0.06826967 0.927258 0.06971055 0.927089 0.06971323 0.9272593 0.07867467 0.9325096 0.07850551 0.9354538 0.07850551 0.9325162 0.07153475 0.9325444 0.07135814 0.9354781 0.07136553 0.9325377 0.04863816 0.9004989 0.05407369 0.899778 0.05409204 0.9003067 0.07805812 0.9003067 0.08350503 0.8997548 0.083512 0.9004989 0.05483043 0.9244675 0.05501842 0.9273727 0.05483043 0.9273685 0.066877 0.9248529 0.06668025 0.9219592 0.066877 0.9219519 0.0817815 0.9321512 0.07886588 0.9323214 0.07885998 0.9321554 0.07118022 0.9321835 0.06826156 0.9323678 0.06825876 0.9321793 0.07821619 0.9207046 0.07911956 0.9195464 0.07924807 0.9196751 0.06790083 0.9196751 0.06906783 0.9205794 0.06893271 0.9207046 0.06150257 0.9355923 0.06443977 0.9357765 0.06150788 0.9357642 0.06078559 0.9357813 0.05785632 0.9356184 0.06079083 0.9356094 0.06826978 0.9394783 0.0711804 0.9392924 0.07117539 0.9394783 0.07885533 0.9394502 0.08175712 0.9392779 0.08176094 0.9394502 0.0550155 0.9364674 0.05516898 0.933565 0.05517351 0.9364622 0.04790508 0.9364622 0.04809069 0.9335615 0.04806315 0.9364674 0.08440232 0.9444233 0.08424681 0.9153673 0.08442324 0.9153621 0.1022211 0.8855939 0.1023992 0.9146587 0.102242 0.914655 0.06114917 0.9308821 0.0613414 0.9352188 0.06114673 0.9352163 0.07625991 0.9358306 0.07607942 0.9315025 0.0762574 0.9314964 0.09622764 0.9113765 0.09477579 0.9115574 0.09477764 0.9113939 0.09186667 0.9411622 0.09041029 0.941313 0.09041666 0.9411448 0.08379453 0.9150356 0.08233982 0.9152106 0.08234572 0.9150329 0.06971406 0.9207224 0.06826269 0.9208988 0.06826525 0.9207251 0.05157017 0.9331688 0.05194252 0.9330024 0.05193877 0.9331763 0.05079674 0.9331763 0.05115818 0.9330005 0.05116534 0.9331688 0.04790508 0.9179427 0.04808294 0.9183115 0.04790914 0.918308 0.05769973 0.918308 0.0575307 0.9179398 0.05770379 0.9179427 0.06114673 0.9388645 0.06098085 0.9359679 0.06114673 0.9359722 0.06114673 0.9359552 0.06133931 0.9388423 0.06114673 0.9388474 0.08416277 0.9225885 0.08300369 0.9217038 0.08313554 0.9215698 0.07383507 0.9207224 0.07295244 0.9218782 0.0728079 0.921741 0.06789702 0.9210897 0.06809097 0.9268962 0.06789702 0.9269015 0.08416277 0.921212 0.08398795 0.9153986 0.08416277 0.9154002 0.0781002 0.9263888 0.07662945 0.9265518 0.07663053 0.92638 0.06649947 0.9252257 0.06502628 0.9253997 0.06502979 0.9252343 0.08387243 0.8852316 0.07082116 0.8854364 0.070818 0.8852563 0.06133216 0.8852563 0.04827415 0.8854332 0.04827773 0.8852316 0.09442651 0.8852412 0.1016746 0.8859894 0.09441494 0.8859614 0.09222936 0.9157298 0.08497118 0.9150004 0.0922178 0.9150094 0.07885926 0.9356021 0.08177864 0.9323397 0.08195734 0.9354248 0.06808286 0.9354529 0.07136553 0.9325377 0.07118099 0.9356302 0.08196163 0.9361833 0.07868176 0.9390866 0.07887512 0.9359889 0.07115566 0.936017 0.06827366 0.939306 0.06806915 0.9362115 0.1014873 0.9215324 0.1016613 0.9208183 0.1020339 0.9213668 0.09768223 0.9215303 0.1014865 0.9208156 0.1014873 0.9215324 0.0846104 0.8915985 0.08515787 0.8910472 0.08515691 0.8917641 0.08515691 0.8917641 0.08894783 0.8916069 0.08896207 0.8917619 0.06188881 0.9348502 0.06132721 0.9308881 0.06170523 0.9308572 0.06169581 0.9306938 0.06132721 0.9308881 0.06130284 0.9306893 0.07570141 0.9314716 0.07606524 0.9358332 0.07551783 0.9354645 0.07610374 0.9313037 0.07570141 0.9314716 0.07571083 0.931308 0.05828392 0.9304949 0.05772507 0.9286704 0.05846649 0.9286698 0.05791318 0.9306893 0.05828392 0.9304949 0.05828011 0.9306758 0.06391561 0.9286698 0.06448698 0.9304795 0.06409817 0.9304949 0.06410193 0.9306758 0.06448698 0.9304795 0.06446886 0.9306893 0.05194252 0.9330024 0.05136775 0.9311776 0.05211341 0.9311756 0.05136775 0.9311776 0.05154222 0.9242791 0.05211341 0.9311756 0.0506221 0.9311756 0.05135267 0.9329977 0.05079299 0.9330024 0.0506221 0.9311756 0.05136775 0.9242815 0.05136775 0.9311776 0.08082169 0.9233716 0.07861918 0.9219811 0.07887774 0.9217191 0.07874464 0.9215959 0.07861918 0.9219811 0.0785076 0.9218655 0.07809293 0.9208716 0.07667618 0.9230522 0.07614898 0.9225241 0.07846307 0.921018 0.07809293 0.9208716 0.07822602 0.9207484 0.06114673 0.9354557 0.06097227 0.9350737 0.06114405 0.935068 0.05806154 0.935578 0.06096917 0.935451 0.06097167 0.9356094 0.06097227 0.9350737 0.05806964 0.9354425 0.0584349 0.9348831 0.06789964 0.931638 0.06807458 0.932021 0.06789702 0.9320257 0.06807202 0.9321793 0.07097411 0.9320124 0.07098221 0.932148 0.07060879 0.9314531 0.06807458 0.932021 0.06807148 0.9316437 0.05558574 0.9279065 0.0557661 0.9308121 0.05557298 0.9308168 0.05575746 0.9309971 0.05611521 0.9308238 0.05612695 0.9310101 0.0563116 0.9279289 0.0557661 0.9308121 0.05578464 0.9279188 0.05649626 0.9310101 0.0568571 0.9308121 0.05686575 0.9309971 0.05705028 0.9308168 0.05683863 0.9279188 0.05703747 0.9279065 0.05683863 0.9279188 0.05650806 0.9308238 0.0563116 0.9279289 0.05805981 0.9152126 0.05806833 0.9150329 0.05843663 0.9157848 0.05790096 0.9152167 0.05805981 0.9152126 0.05843663 0.9157848 0.05787807 0.9153998 0.05790096 0.9152167 0.05843663 0.9157848 0.05770379 0.9154067 0.05787807 0.9153998 0.05843663 0.9157848 0.05845928 0.9208471 0.06208831 0.9208407 0.057904 0.9212134 0.05845147 0.9197688 0.05845928 0.9208471 0.057904 0.9212134 0.05808097 0.9214033 0.05791187 0.9213998 0.06246191 0.9213872 0.06263339 0.9213839 0.06246191 0.9213872 0.06263965 0.9212194 0.08397263 0.9319539 0.08362305 0.9317718 0.08344966 0.9312358 0.08361917 0.9319561 0.08362305 0.9317718 0.08397263 0.9319539 0.08397972 0.9317774 0.08397263 0.9319539 0.08344966 0.9312358 0.05117619 0.9333824 0.04806315 0.9364674 0.0482552 0.9333634 0.0482552 0.9333634 0.04806315 0.9364674 0.04809069 0.9335615 0.04806804 0.936639 0.04806315 0.9364674 0.0511685 0.9366577 0.04825192 0.9366418 0.04806804 0.936639 0.0511685 0.9366577 0.05133825 0.9366503 0.0511685 0.9366577 0.0513491 0.9335513 0.05135333 0.9364669 0.05133825 0.9366503 0.0513491 0.9335513 0.05135434 0.933371 0.0513491 0.9335513 0.05117619 0.9333824 0.04807966 0.9333825 0.0482552 0.9333634 0.04809069 0.9335615 0.07885032 0.9392643 0.07868176 0.9390866 0.08175712 0.9392779 0.07887512 0.9359889 0.07868176 0.9390866 0.07866966 0.9361737 0.0786724 0.9392678 0.07868176 0.9390866 0.07885032 0.9392643 0.08193922 0.9392711 0.08175712 0.9392779 0.08196163 0.9361833 0.08194857 0.9390903 0.08193922 0.9392711 0.08196163 0.9361833 0.08197069 0.9360008 0.08196163 0.9361833 0.07887512 0.9359889 0.0817753 0.9359859 0.08197069 0.9360008 0.07887512 0.9359889 0.07868176 0.9359999 0.07887512 0.9359889 0.07866966 0.9361737 0.07809865 0.9298335 0.07828933 0.9267397 0.07825237 0.9296467 0.07828491 0.9265617 0.07828933 0.9267397 0.07662945 0.9265518 0.07810372 0.9265541 0.07828491 0.9265617 0.07662945 0.9265518 0.07644975 0.9265559 0.07662945 0.9265518 0.07644653 0.929661 0.07643729 0.9267409 0.07644975 0.9265559 0.07644653 0.929661 0.07645624 0.9298146 0.07644653 0.929661 0.07809865 0.9298335 0.07663345 0.9298318 0.07645624 0.9298146 0.07809865 0.9298335 0.07826334 0.9298204 0.07809865 0.9298335 0.07825237 0.9296467 0.06393426 0.930505 0.06391561 0.9286698 0.06409817 0.9304949 0.06467825 0.9304856 0.06448698 0.9304795 0.06465703 0.9286704 0.06392937 0.9265151 0.06392693 0.9257482 0.06465703 0.9286704 0.06447792 0.9217683 0.06467825 0.9217743 0.06392693 0.9257482 0.06448912 0.9215839 0.06447792 0.9217683 0.06392693 0.9257482 0.06411927 0.9215888 0.06448912 0.9215839 0.06392693 0.9257482 0.06409794 0.9217829 0.06411927 0.9215888 0.06392693 0.9257482 0.06392574 0.9217844 0.06409794 0.9217829 0.06392693 0.9257482 0.06137073 0.9259594 0.06139165 0.9257535 0.0613656 0.9263086 0.06139552 0.9264895 0.0613656 0.9263086 0.06392937 0.9265151 0.06391561 0.9286698 0.06392937 0.9265151 0.06465703 0.9286704 0.07901817 0.9215698 0.08082169 0.9233716 0.07887774 0.9217191 0.07851135 0.9220932 0.07861918 0.9219811 0.08029448 0.9238997 0.08300369 0.9217038 0.07862555 0.9258111 0.08274793 0.9216962 0.08274793 0.9216962 0.07862555 0.9258111 0.08261275 0.9215773 0.08029448 0.9238997 0.08082169 0.9233716 0.07862555 0.9258111 0.07850551 0.925692 0.08029448 0.9238997 0.07862555 0.9258111 0.07850664 0.9259391 0.07862555 0.9258111 0.07967031 0.9271034 0.07863837 0.9260765 0.07850664 0.9259391 0.07967031 0.9271034 0.0797972 0.9272195 0.07967031 0.9271034 0.08403694 0.9229894 0.0799297 0.9270942 0.0797972 0.9272195 0.08403694 0.9229894 0.08414864 0.922871 0.08403694 0.9229894 0.08300369 0.9217038 0.08401817 0.9227258 0.08414864 0.922871 0.08300369 0.9217038 0.08287942 0.9215777 0.08300369 0.9217038 0.08274793 0.9216962 0.07118099 0.9356302 0.07136553 0.9325377 0.07135814 0.9354781 0.07136219 0.9323565 0.07136553 0.9325377 0.06826156 0.9323678 0.07117432 0.9323496 0.07136219 0.9323565 0.06826156 0.9323678 0.06809771 0.9323714 0.06826156 0.9323678 0.06808286 0.9354529 0.0680902 0.932543 0.06809771 0.9323714 0.06808286 0.9354529 0.06809431 0.9356341 0.06808286 0.9354529 0.07118099 0.9356302 0.06826925 0.9356443 0.06809431 0.9356341 0.07118099 0.9356302 0.07136726 0.935622 0.07118099 0.9356302 0.07135814 0.9354781 0.06459683 0.9388572 0.06150788 0.9357642 0.06462556 0.935961 0.06462556 0.935961 0.06150788 0.9357642 0.06443977 0.9357765 0.06132674 0.9357694 0.06150788 0.9357642 0.06133931 0.9388423 0.06131261 0.9359509 0.06132674 0.9357694 0.06133931 0.9388423 0.06132185 0.9390425 0.06133931 0.9388423 0.06442683 0.939045 0.06151509 0.9390568 0.06132185 0.9390425 0.06442683 0.939045 0.06460094 0.9390516 0.06442683 0.939045 0.06459683 0.9388572 0.06459629 0.9357834 0.06462556 0.935961 0.06443977 0.9357765 0.06504696 0.9217661 0.06485307 0.9248642 0.06485962 0.9219505 0.06486457 0.9250498 0.06485307 0.9248642 0.06649237 0.9250461 0.06504303 0.9250529 0.06486457 0.9250498 0.06649237 0.9250461 0.06667882 0.9250442 0.06649237 0.9250461 0.06668025 0.9219592 0.06668901 0.9248571 0.06667882 0.9250442 0.06668025 0.9219592 0.06667947 0.9217693 0.06668025 0.9219592 0.06504696 0.9217661 0.06651508 0.9217584 0.06667947 0.9217693 0.06504696 0.9217661 0.06486374 0.9217788 0.06504696 0.9217661 0.06485962 0.9219505 0.05157732 0.9330005 0.05138283 0.9329977 0.05194252 0.9330024 0.05212324 0.9330061 0.05194252 0.9330024 0.05211341 0.9311756 0.05209785 0.9282646 0.05210363 0.9289991 0.05191034 0.9242823 0.05191034 0.9242823 0.05210363 0.9289991 0.05153334 0.924106 0.05465531 0.9288114 0.05463773 0.9289935 0.05464237 0.9284464 0.05465036 0.9282701 0.05464237 0.9284464 0.05209785 0.9282646 0.05209553 0.9242977 0.05209785 0.9282646 0.05191034 0.9242823 0.05190837 0.9240995 0.05191034 0.9242823 0.05153334 0.924106 0.05154222 0.9242791 0.05153334 0.924106 0.05211341 0.9311756 0.07205647 0.9303303 0.07261931 0.9303503 0.0722472 0.9303373 0.07261931 0.9303503 0.07205647 0.9303303 0.07279896 0.9303562 0.07261681 0.9274473 0.07205647 0.9303303 0.07262486 0.9272593 0.07262486 0.9272593 0.07205647 0.9303303 0.07227391 0.9272599 0.07227391 0.9272599 0.07205647 0.9303303 0.072254 0.9274368 0.072254 0.9274368 0.07205647 0.9303303 0.07209116 0.927439 0.0825119 0.9319806 0.08215135 0.9317907 0.08197122 0.9312639 0.08214473 0.9319797 0.08215135 0.9317907 0.0825119 0.9319806 0.08251875 0.9317991 0.0825119 0.9319806 0.08197122 0.9312639 0.08268886 0.9318001 0.08251875 0.9317991 0.08197122 0.9312639 0.08270704 0.931262 0.08268886 0.9318001 0.08197122 0.9312639 0.07341653 0.9164697 0.06970965 0.9173491 0.07344484 0.9162134 0.07344484 0.9162134 0.06970965 0.9173491 0.07239836 0.9151648 0.07239836 0.9151648 0.06970965 0.9173491 0.0721367 0.9151728 0.0721367 0.9151728 0.06970965 0.9173491 0.07020592 0.9168403 0.06970965 0.9173491 0.07341653 0.9164697 0.06803214 0.9192872 0.06803214 0.9192872 0.07341653 0.9164697 0.06906783 0.9205794 0.06906783 0.9205794 0.07341653 0.9164697 0.06932181 0.9205707 0.07356095 0.9163203 0.07341653 0.9164697 0.07344484 0.9162134 0.07226991 0.9150493 0.07239836 0.9151648 0.0721367 0.9151728 0.07201874 0.9150391 0.0721367 0.9151728 0.07020592 0.9168403 0.06828695 0.9151695 0.06841498 0.9150509 0.06803697 0.9154472 0.0679087 0.9155777 0.06803697 0.9154472 0.06970965 0.9173491 0.06789791 0.9191456 0.06970965 0.9173491 0.06803214 0.9192872 0.06789702 0.9194125 0.06803214 0.9192872 0.06906783 0.9205794 0.06802934 0.9195464 0.06789702 0.9194125 0.06906783 0.9205794 0.06919616 0.9207 0.06906783 0.9205794 0.06932181 0.9205707 0.0836175 0.9272276 0.08399593 0.9274157 0.08415883 0.9312338 0.08399522 0.9272492 0.08399593 0.9274157 0.0836175 0.9272276 0.08361965 0.9274341 0.0836175 0.9272276 0.08415883 0.9312338 0.08251005 0.9272471 0.08250164 0.9274225 0.08197122 0.9312639 0.08216208 0.9272276 0.08251005 0.9272471 0.08197122 0.9312639 0.08214545 0.927437 0.08216208 0.9272276 0.08197122 0.9312639 0.08197122 0.9274305 0.08214545 0.927437 0.08197122 0.9312639 0.0563116 0.9308252 0.05611521 0.9308238 0.0563116 0.9279289 0.09022891 0.9182634 0.09003371 0.9157407 0.09041422 0.9184631 0.09041422 0.9184631 0.09003371 0.9157407 0.09188044 0.9184595 0.09188044 0.9184595 0.09003371 0.9157407 0.09204941 0.9182724 0.09222936 0.9157298 0.09003371 0.9157407 0.08496969 0.9157578 0.0900402 0.9182625 0.09003371 0.9157407 0.09022891 0.9182634 0.09023112 0.9184665 0.09022891 0.9182634 0.09041422 0.9184631 0.09206426 0.9184735 0.09188044 0.9184595 0.09204941 0.9182724 0.0613414 0.9352188 0.06188881 0.9348502 0.06441426 0.9354084 0.06443387 0.9350187 0.06441426 0.9354084 0.06188881 0.9348502 0.0613414 0.9352188 0.06441426 0.9354084 0.06133902 0.9354037 0.06133902 0.9354037 0.06441426 0.9354084 0.06153142 0.9354102 0.06441998 0.9348471 0.06443387 0.9350187 0.06188881 0.9348502 0.06741809 0.921588 0.06743514 0.9217569 0.06688553 0.9271848 0.06708878 0.9215839 0.06741809 0.921588 0.06688553 0.9271848 0.06708234 0.921747 0.06708878 0.9215839 0.06688553 0.9271848 0.066877 0.921756 0.06708234 0.921747 0.06688553 0.9271848 0.07281053 0.9269409 0.07299733 0.9265667 0.07627362 0.9263935 0.0728079 0.9265752 0.07299733 0.9265667 0.07281053 0.9269409 0.07299304 0.9269308 0.07281053 0.9269409 0.07627362 0.9263935 0.07299596 0.9271251 0.07299304 0.9269308 0.07627362 0.9263935 0.0755341 0.927115 0.07299596 0.9271251 0.07627362 0.9263935 0.07553404 0.9311042 0.0755341 0.927115 0.07627362 0.9263935 0.07572114 0.931111 0.07553404 0.9311042 0.07627362 0.9263935 0.07573288 0.9313037 0.07572114 0.931111 0.07627362 0.9263935 0.07606482 0.9312972 0.07573288 0.9313037 0.07627362 0.9263935 0.07607972 0.931115 0.07606482 0.9312972 0.07627362 0.9263935 0.07627362 0.9311221 0.07607972 0.931115 0.07627362 0.9263935 0.08416277 0.9157589 0.08416277 0.9197613 0.08416277 0.9150329 0.07077848 0.9274699 0.07097411 0.9320124 0.07060879 0.9314531 0.07115554 0.9319875 0.07097411 0.9320124 0.07077848 0.9274699 0.07116901 0.9318154 0.07115554 0.9319875 0.07077848 0.9274699 0.07113832 0.9274502 0.0713399 0.9274566 0.07077848 0.9274699 0.07060664 0.9274526 0.07077848 0.9274699 0.07060879 0.9314531 0.06990337 0.9210818 0.07009774 0.9236099 0.06826269 0.9208988 0.06826269 0.9208988 0.07009774 0.9236099 0.06809097 0.9268962 0.06809097 0.9268962 0.07009774 0.9236099 0.06971055 0.927089 0.06971055 0.927089 0.07009774 0.9236099 0.06988638 0.926899 0.06988638 0.926899 0.07009774 0.9236099 0.07005625 0.9243616 0.07279497 0.9241589 0.07263249 0.9241608 0.07009774 0.9236099 0.0728079 0.9238088 0.07279497 0.9241589 0.07009774 0.9236099 0.07262009 0.9237909 0.0728079 0.9238088 0.07009774 0.9236099 0.07260936 0.923609 0.07262009 0.9237909 0.07009774 0.9236099 0.07007652 0.9210792 0.07009774 0.9236099 0.06990337 0.9210818 0.06989258 0.9209083 0.06990337 0.9210818 0.06826269 0.9208988 0.06971997 0.9209001 0.06989258 0.9209083 0.06826269 0.9208988 0.06807476 0.9208958 0.06826269 0.9208988 0.06809097 0.9268962 0.06807184 0.9210881 0.06807476 0.9208958 0.06809097 0.9268962 0.06808435 0.9270763 0.06809097 0.9268962 0.06971055 0.927089 0.06826317 0.9270825 0.06808435 0.9270763 0.06971055 0.927089 0.06987971 0.9270803 0.06971055 0.927089 0.06988638 0.926899 0.07007718 0.9268788 0.06988638 0.926899 0.07005625 0.9243616 0.05332863 0.9239178 0.0535342 0.9177539 0.05354231 0.918482 0.0535342 0.9177539 0.05332863 0.9239178 0.05298721 0.9151993 0.05296993 0.9239364 0.05280447 0.9239298 0.05332863 0.9239178 0.05351483 0.9239185 0.05332863 0.9239178 0.05354231 0.918482 0.05592596 0.9184966 0.05354231 0.918482 0.0575307 0.9179398 0.05751788 0.9185064 0.05592596 0.9184966 0.0575307 0.9179398 0.05752593 0.9183115 0.05751788 0.9185064 0.0575307 0.9179398 0.0535559 0.9152094 0.0535342 0.9177539 0.05298721 0.9151993 0.05335557 0.9152039 0.0535559 0.9152094 0.05298721 0.9151993 0.0900368 0.9440509 0.09730547 0.9440512 0.08440232 0.9444233 0.08440232 0.9444233 0.09730547 0.9440512 0.08459055 0.9445907 0.08459055 0.9445907 0.09730547 0.9440512 0.09767037 0.9446037 0.09766477 0.9384186 0.09767037 0.9446037 0.09730547 0.9440512 0.09730547 0.9440512 0.0900368 0.9440509 0.09442663 0.9440485 0.09442663 0.9440485 0.0900368 0.9440509 0.09221452 0.9440466 0.09024435 0.9415007 0.09041029 0.941313 0.0900368 0.9440509 0.0900368 0.9440509 0.08440232 0.9444233 0.08732157 0.944051 0.08732157 0.944051 0.08440232 0.9444233 0.08496582 0.9440513 0.0844047 0.9445958 0.08440232 0.9444233 0.08459055 0.9445907 0.09786623 0.9446011 0.09767037 0.9446037 0.09766477 0.9384186 0.09786611 0.9444229 0.09786623 0.9446011 0.09766477 0.9384186 0.09803378 0.9444234 0.09786611 0.9444229 0.09766477 0.9384186 0.09803378 0.9389826 0.09803378 0.9444234 0.09766477 0.9384186 0.1015099 0.9389755 0.09803378 0.9389826 0.09766477 0.9384186 0.09748274 0.9384239 0.09766477 0.9384186 0.09730547 0.9440512 0.09747576 0.9386076 0.09748274 0.9384239 0.09730547 0.9440512 0.09730756 0.9386077 0.09747576 0.9386076 0.09730547 0.9440512 0.09221899 0.941523 0.09221452 0.9440466 0.09203553 0.9415159 0.09203797 0.9413396 0.09203553 0.9415159 0.09041029 0.941313 0.09186851 0.9413258 0.09203797 0.9413396 0.09041029 0.941313 0.09024751 0.9413234 0.09041029 0.941313 0.09024435 0.9415007 0.09004318 0.9414969 0.09024435 0.9415007 0.0900368 0.9440509 0.08416277 0.917213 0.08416277 0.9173886 0.08416277 0.9150329 0.08496779 0.9297365 0.08496582 0.9440513 0.08460921 0.9151781 0.08496785 0.9294996 0.08496779 0.9297365 0.08460921 0.9151781 0.08496862 0.9237033 0.08496785 0.9294996 0.08460921 0.9151781 0.08496969 0.9157578 0.08496862 0.9237033 0.08460921 0.9151781 0.08497118 0.9150004 0.08496969 0.9157578 0.08460921 0.9151781 0.08461046 0.915 0.08497118 0.9150004 0.08460921 0.9151781 0.08442515 0.9151796 0.08460921 0.9151781 0.08442324 0.9153621 0.1018577 0.9445928 0.1018551 0.9444209 0.102385 0.9386233 0.1022051 0.9445982 0.1018577 0.9445928 0.102385 0.9386233 0.1022117 0.9444263 0.1022051 0.9445982 0.102385 0.9386233 0.1023992 0.9444205 0.1022117 0.9444263 0.102385 0.9386233 0.102212 0.9386102 0.102385 0.9386233 0.1015099 0.9389755 0.1022155 0.9384283 0.102212 0.9386102 0.1015099 0.9389755 0.1020255 0.9384286 0.1022155 0.9384283 0.1015099 0.9389755 0.1020324 0.9382473 0.1020255 0.9384286 0.1015099 0.9389755 0.101509 0.9382464 0.1020324 0.9382473 0.1015099 0.9389755 0.09787571 0.9153479 0.0922178 0.9150094 0.09770154 0.9151893 0.09222936 0.9157298 0.0922178 0.9150094 0.09787571 0.9153479 0.09729146 0.9157479 0.09222936 0.9157298 0.09787571 0.9153479 0.09806919 0.9157508 0.09729146 0.9157479 0.09787571 0.9153479 0.09806758 0.9153504 0.09806919 0.9157508 0.09787571 0.9153479 0.09788197 0.9151846 0.09787571 0.9153479 0.09770154 0.9151893 0.1022135 0.921189 0.1020339 0.9213668 0.1018611 0.9153787 0.1018611 0.9153787 0.1020339 0.9213668 0.1016613 0.9208183 0.1022243 0.9213626 0.1020339 0.9213668 0.1022135 0.921189 0.1022213 0.9153489 0.102392 0.9153668 0.1018611 0.9153787 0.1016762 0.9153763 0.1018611 0.9153787 0.1016613 0.9208183 0.09747344 0.9211892 0.09731459 0.9211776 0.1014865 0.9208156 0.09747481 0.9213652 0.09747344 0.9211892 0.1014865 0.9208156 0.09769654 0.9213753 0.09747481 0.9213652 0.1014865 0.9208156 0.08386832 0.9150329 0.08348423 0.8859855 0.08405232 0.8856226 0.07771128 0.8859803 0.08405232 0.8856226 0.08348423 0.8859855 0.08348423 0.8859855 0.08386832 0.9150329 0.083512 0.9004989 0.07044565 0.9146401 0.08349204 0.9142811 0.08386832 0.9150329 0.07334786 0.8859763 0.08405232 0.8856226 0.07771128 0.8859803 0.083512 0.9004989 0.08386832 0.9150329 0.08349204 0.9142811 0.08349204 0.9142811 0.07044565 0.9146401 0.07775616 0.9142854 0.07119297 0.8859743 0.08405232 0.8856226 0.07334786 0.8859763 0.07775616 0.9142854 0.07044565 0.9146401 0.07118016 0.9142903 0.06682205 0.9092093 0.07099014 0.908847 0.07044231 0.9092194 0.07079726 0.8916074 0.07082116 0.8854364 0.07119297 0.8859743 0.06663209 0.9146588 0.06644606 0.9086633 0.06682205 0.9092093 0.07045042 0.8910493 0.07082116 0.8854364 0.07079726 0.8916074 0.07099419 0.8914321 0.07079726 0.8916074 0.07119297 0.8859743 0.08350503 0.8997548 0.08348423 0.8859855 0.083512 0.9004989 0.06644606 0.9086633 0.06663209 0.9146588 0.06626605 0.9088596 0.06626641 0.914669 0.06608492 0.914671 0.06663209 0.9146588 0.06680846 0.9146577 0.06663209 0.9146588 0.06682205 0.9092093 0.07061827 0.914658 0.07044565 0.9146401 0.08386832 0.9150329 0.07064217 0.9148343 0.07061827 0.914658 0.08386832 0.9150329 0.07079714 0.9148417 0.07064217 0.9148343 0.08386832 0.9150329 0.07081443 0.9150131 0.07079714 0.9148417 0.08386832 0.9150329 0.0838744 0.9148355 0.08386832 0.9150329 0.08405232 0.8856226 0.08404797 0.9148308 0.0838744 0.9148355 0.08405232 0.8856226 0.08404952 0.9146566 0.08404797 0.9148308 0.08405232 0.8856226 0.08404874 0.8854201 0.08405232 0.8856226 0.08387607 0.8854332 0.07064163 0.8854287 0.07082116 0.8854364 0.07045042 0.8910493 0.07062065 0.8856096 0.07064163 0.8854287 0.07045042 0.8910493 0.07044345 0.8856011 0.07062065 0.8856096 0.07045042 0.8910493 0.06681108 0.8910576 0.07045042 0.8910493 0.06627255 0.8914294 0.06663537 0.8854272 0.06662636 0.8856118 0.06627255 0.8914294 0.06626909 0.8854202 0.06663537 0.8854272 0.06627255 0.8914294 0.06626045 0.8856022 0.06626909 0.8854202 0.06627255 0.8914294 0.06642597 0.891617 0.06627106 0.8916099 0.07079726 0.8916074 0.07098972 0.8916065 0.07079726 0.8916074 0.07099419 0.8914321 0.07117307 0.8914232 0.07099419 0.8914321 0.07119297 0.8859743 0.07806938 0.899953 0.07807654 0.899778 0.07805812 0.9003067 0.07805889 0.900487 0.07805812 0.9003067 0.083512 0.9004989 0.0732544 0.9142888 0.07775616 0.9142854 0.07118016 0.9142903 0.07116717 0.9088495 0.07118016 0.9142903 0.07099014 0.908847 0.07079607 0.9086601 0.07098281 0.9086624 0.06644606 0.9086633 0.06627237 0.9086554 0.06644606 0.9086633 0.06626605 0.9088596 0.06353324 0.9157668 0.0628004 0.9153963 0.06716418 0.9157848 0.0635125 0.9208407 0.0631389 0.9213872 0.06353324 0.9157668 0.06716418 0.9157848 0.0628004 0.9153963 0.06299763 0.9153881 0.06716418 0.9157848 0.06299763 0.9153881 0.06298768 0.9152029 0.06716418 0.9157848 0.06298768 0.9152029 0.06317114 0.9152042 0.06716418 0.9157848 0.06753247 0.9150329 0.06754106 0.9152126 0.06716418 0.9157848 0.06754106 0.9152126 0.06769984 0.9152167 0.06716418 0.9157848 0.06769984 0.9152167 0.06772273 0.9153998 0.06716418 0.9157848 0.06772273 0.9153998 0.06789702 0.9154067 0.0676968 0.9212134 0.0635125 0.9208407 0.06714153 0.9208471 0.0676968 0.9212134 0.06714153 0.9208471 0.06714934 0.9197688 0.0631389 0.9213872 0.06768894 0.9213998 0.06751984 0.9214033 0.06296116 0.9212194 0.0631389 0.9213872 0.06296741 0.9213839 0.07204961 0.9312675 0.07187622 0.9318035 0.07152664 0.9319856 0.07152664 0.9319856 0.07187622 0.9318035 0.0718801 0.9319878 0.07204961 0.9312675 0.07152664 0.9319856 0.07151955 0.9318091 0.05482345 0.9333634 0.0550155 0.9364674 0.05190241 0.9333824 0.05498796 0.9335615 0.0550155 0.9364674 0.05482345 0.9333634 0.0519101 0.9366577 0.0550155 0.9364674 0.05501061 0.936639 0.0519101 0.9366577 0.05501061 0.936639 0.05482673 0.9366418 0.0517295 0.9335513 0.0519101 0.9366577 0.0517404 0.9366503 0.0517295 0.9335513 0.0517404 0.9366503 0.05172532 0.9364669 0.05190241 0.9333824 0.0517295 0.9335513 0.05172431 0.933371 0.05498796 0.9335615 0.05482345 0.9333634 0.05499899 0.9333825 0.06827366 0.939306 0.07134902 0.9391147 0.0711804 0.9392924 0.07136112 0.9362018 0.07134902 0.9391147 0.07115566 0.936017 0.0711804 0.9392924 0.07134902 0.9391147 0.07135838 0.9392959 0.06806915 0.9362115 0.06827366 0.939306 0.06809157 0.9392992 0.06806915 0.9362115 0.06809157 0.9392992 0.06808221 0.9391184 0.07115566 0.936017 0.06806915 0.9362115 0.0680601 0.936029 0.07115566 0.936017 0.0680601 0.936029 0.06825548 0.9360141 0.07136112 0.9362018 0.07115566 0.936017 0.07134902 0.936028 0.06487762 0.9284923 0.06484067 0.9255853 0.06503134 0.9286791 0.06650054 0.9253974 0.06484067 0.9255853 0.06484508 0.9254073 0.06650054 0.9253974 0.06484508 0.9254073 0.06502628 0.9253997 0.06668347 0.9285067 0.06650054 0.9253974 0.06668025 0.9254015 0.06668347 0.9285067 0.06668025 0.9254015 0.0666927 0.9255865 0.06503134 0.9286791 0.06668347 0.9285067 0.06667375 0.9286602 0.06503134 0.9286791 0.06667375 0.9286602 0.06649655 0.9286773 0.06487762 0.9284923 0.06503134 0.9286791 0.06486666 0.928666 0.05828392 0.9304949 0.05846649 0.9286698 0.05844777 0.930505 0.05772507 0.9286704 0.05789512 0.9304795 0.05770379 0.9304856 0.05772507 0.9286704 0.05845516 0.9257482 0.05845266 0.9265151 0.05845516 0.9257482 0.05770379 0.9217743 0.05790418 0.9217683 0.05845516 0.9257482 0.05790418 0.9217683 0.05789297 0.9215839 0.05845516 0.9257482 0.05789297 0.9215839 0.05826282 0.9215888 0.05845516 0.9257482 0.05826282 0.9215888 0.05828416 0.9217829 0.05845516 0.9257482 0.05828416 0.9217829 0.05845636 0.9217844 0.06101644 0.9263086 0.06099045 0.9257535 0.06101137 0.9259594 0.05845266 0.9265151 0.06101644 0.9263086 0.06098657 0.9264895 0.05772507 0.9286704 0.05845266 0.9265151 0.05846649 0.9286698 0.07809293 0.9208716 0.07614898 0.9225241 0.0779525 0.9207224 0.07667618 0.9230522 0.07835149 0.9211336 0.07845932 0.9212457 0.07422274 0.9208486 0.07834506 0.9249635 0.07396697 0.9208564 0.07435792 0.9207298 0.07834506 0.9249635 0.07422274 0.9208486 0.07834506 0.9249635 0.07614898 0.9225241 0.07667618 0.9230522 0.07834506 0.9249635 0.07667618 0.9230522 0.07846516 0.9248444 0.07730031 0.9262558 0.07834506 0.9249635 0.07846403 0.9250916 0.07730031 0.9262558 0.07846403 0.9250916 0.0783323 0.925229 0.07293373 0.9221419 0.07730031 0.9262558 0.07717347 0.9263719 0.07293373 0.9221419 0.07717347 0.9263719 0.07704091 0.9262467 0.07396697 0.9208564 0.07293373 0.9221419 0.07282197 0.9220235 0.07396697 0.9208564 0.07282197 0.9220235 0.07295244 0.9218782 0.07422274 0.9208486 0.07396697 0.9208564 0.07409119 0.9207302 0.07868212 0.93545 0.07867467 0.9325096 0.07885926 0.9356021 0.08177864 0.9323397 0.07867467 0.9325096 0.07867801 0.9323282 0.08177864 0.9323397 0.07867801 0.9323282 0.07886588 0.9323214 0.08195734 0.9354248 0.08177864 0.9323397 0.08194255 0.9323433 0.08195734 0.9354248 0.08194255 0.9323433 0.08195 0.9325149 0.07885926 0.9356021 0.08195734 0.9354248 0.08194589 0.935606 0.07885926 0.9356021 0.08194589 0.935606 0.08177101 0.9356161 0.07868212 0.93545 0.07885926 0.9356021 0.078673 0.9355939 0.05766785 0.9359781 0.06078559 0.9357813 0.05769658 0.9388743 0.05785369 0.9357936 0.06078559 0.9357813 0.05766785 0.9359781 0.06095415 0.9388594 0.06078559 0.9357813 0.06096667 0.9357865 0.06095415 0.9388594 0.06096667 0.9357865 0.06098085 0.9359679 0.05786663 0.939062 0.06095415 0.9388594 0.06097155 0.9390595 0.05786663 0.939062 0.06097155 0.9390595 0.06077837 0.9390738 0.05769658 0.9388743 0.05786663 0.939062 0.05769246 0.9390687 0.05785369 0.9357936 0.05766785 0.9359781 0.05769717 0.9358004 0.05684781 0.9244661 0.05685436 0.9273797 0.05666047 0.9242816 0.05521512 0.9275617 0.05685436 0.9273797 0.05684286 0.9275653 0.05521512 0.9275617 0.05684286 0.9275653 0.0566644 0.9275684 0.05502724 0.9244748 0.05521512 0.9275617 0.05502867 0.9275599 0.05502724 0.9244748 0.05502867 0.9275599 0.05501842 0.9273727 0.05666047 0.9242816 0.05502724 0.9244748 0.05502796 0.9242848 0.05666047 0.9242816 0.05502796 0.9242848 0.05519235 0.924274 0.05684781 0.9244661 0.05666047 0.9242816 0.05684369 0.9242944 0.05079299 0.9330024 0.05135267 0.9329977 0.05115818 0.9330005 0.0506221 0.9311756 0.05079299 0.9330024 0.05061227 0.9330061 0.05082517 0.9242823 0.05063188 0.9289991 0.05063772 0.9282646 0.05120217 0.924106 0.05063188 0.9289991 0.05082517 0.9242823 0.04809319 0.9284464 0.04809778 0.9289935 0.04808026 0.9288114 0.05063772 0.9282646 0.04809319 0.9284464 0.04808515 0.9282701 0.05082517 0.9242823 0.05063772 0.9282646 0.05064004 0.9242977 0.05120217 0.924106 0.05082517 0.9242823 0.0508272 0.9240995 0.0506221 0.9311756 0.05120217 0.924106 0.05119329 0.9242791 0.05538225 0.9308193 0.05501013 0.9308323 0.05557298 0.9308122 0.05483043 0.9308381 0.05557298 0.9308122 0.05501013 0.9308323 0.05500459 0.9277413 0.05557298 0.9308122 0.05501264 0.9279293 0.05535554 0.927742 0.05557298 0.9308122 0.05500459 0.9277413 0.05537545 0.9279188 0.05557298 0.9308122 0.05535554 0.927742 0.05553823 0.9279209 0.05557298 0.9308122 0.05537545 0.9279188 0.0834428 0.9312639 0.08326268 0.9317907 0.08290213 0.9319806 0.08290213 0.9319806 0.08326268 0.9317907 0.08326929 0.9319797 0.0834428 0.9312639 0.08290213 0.9319806 0.08289527 0.9317991 0.0834428 0.9312639 0.08289527 0.9317991 0.08272516 0.9318001 0.0834428 0.9312639 0.08272516 0.9318001 0.08270698 0.931262 0.07370406 0.9162134 0.0774393 0.9173491 0.07373243 0.9164697 0.0747506 0.9151648 0.0774393 0.9173491 0.07370406 0.9162134 0.0750122 0.9151728 0.0774393 0.9173491 0.0747506 0.9151648 0.07694298 0.9168403 0.0774393 0.9173491 0.0750122 0.9151728 0.07911682 0.9192872 0.07373243 0.9164697 0.0774393 0.9173491 0.07808113 0.9205794 0.07373243 0.9164697 0.07911682 0.9192872 0.07782709 0.9205707 0.07373243 0.9164697 0.07808113 0.9205794 0.07370406 0.9162134 0.07373243 0.9164697 0.07358801 0.9163203 0.0750122 0.9151728 0.0747506 0.9151648 0.07487899 0.9150493 0.07694298 0.9168403 0.0750122 0.9151728 0.07513016 0.9150392 0.07911193 0.9154472 0.07873398 0.9150509 0.07886195 0.9151696 0.0774393 0.9173491 0.07911193 0.9154472 0.0792402 0.9155777 0.07911682 0.9192872 0.0774393 0.9173491 0.07925099 0.9191456 0.07808113 0.9205794 0.07911682 0.9192872 0.07925194 0.9194125 0.07808113 0.9205794 0.07925194 0.9194125 0.07911956 0.9195464 0.07782709 0.9205707 0.07808113 0.9205794 0.07795274 0.9207 0.07134044 0.9312655 0.07150334 0.9274474 0.07188177 0.9272593 0.07188177 0.9272593 0.07150334 0.9274474 0.07150399 0.9272809 0.07134044 0.9312655 0.07188177 0.9272593 0.07187962 0.9274658 0.0834428 0.9312639 0.08291238 0.9274225 0.08290398 0.9272471 0.0834428 0.9312639 0.08290398 0.9272471 0.08325195 0.9272276 0.0834428 0.9312639 0.08325195 0.9272276 0.08326858 0.927437 0.0834428 0.9312639 0.08326858 0.927437 0.0834428 0.9274305 0.0563116 0.9279289 0.05650806 0.9308238 0.0563116 0.9308252 0.09623008 0.8886948 0.0966106 0.8859724 0.0964154 0.8884951 0.09476387 0.8886912 0.0966106 0.8859724 0.09623008 0.8886948 0.09459489 0.888504 0.0966106 0.8859724 0.09476387 0.8886912 0.1016746 0.8859894 0.0966106 0.8859724 0.09441494 0.8859614 0.0964154 0.8884951 0.0966106 0.8859724 0.0966041 0.8884941 0.09623008 0.8886948 0.0964154 0.8884951 0.09641325 0.8886982 0.09459489 0.888504 0.09476387 0.8886912 0.09458005 0.8887051 0.07299238 0.9360226 0.07551783 0.9354645 0.07606524 0.9358332 0.07551783 0.9354645 0.07299238 0.9360226 0.07297271 0.9356331 0.07606762 0.9360181 0.07299238 0.9360226 0.07606524 0.9358332 0.07587516 0.9360246 0.07299238 0.9360226 0.07606762 0.9360181 0.07551783 0.9354645 0.07297271 0.9356331 0.0729866 0.9354615 0.06760305 0.9327879 0.06705343 0.9273599 0.06707048 0.9271911 0.06760305 0.9327879 0.06707048 0.9271911 0.06739985 0.927187 0.06760305 0.9327879 0.06739985 0.927187 0.06740623 0.9273501 0.06760305 0.9327879 0.06740623 0.9273501 0.06761157 0.9273591 0.07850551 0.9272411 0.0817818 0.9274142 0.0819686 0.9277885 0.0819686 0.9277885 0.0817818 0.9274142 0.08197122 0.9274228 0.07850551 0.9272411 0.0819686 0.9277885 0.08178603 0.9277783 0.07850551 0.9272411 0.08178603 0.9277783 0.08178317 0.9279726 0.07850551 0.9272411 0.08178317 0.9279726 0.07924503 0.9279624 0.07850551 0.9272411 0.07924503 0.9279624 0.07924509 0.9319517 0.07850551 0.9272411 0.07924509 0.9319517 0.07905799 0.9319584 0.07850551 0.9272411 0.07905799 0.9319584 0.07904624 0.9321512 0.07850551 0.9272411 0.07904624 0.9321512 0.07871425 0.9321448 0.07850551 0.9272411 0.07871425 0.9321448 0.0786994 0.9319625 0.07850551 0.9272411 0.0786994 0.9319625 0.07850551 0.9319697 0.08416277 0.9150329 0.08416277 0.9197613 0.08416277 0.9157589 0.0584349 0.9348831 0.05806964 0.9354425 0.0582652 0.9308999 0.0582652 0.9308999 0.05806964 0.9354425 0.05788815 0.9354175 0.0582652 0.9308999 0.05788815 0.9354175 0.05787467 0.9352454 0.0582652 0.9308999 0.05770379 0.9308866 0.05790543 0.9308802 0.0584349 0.9348831 0.0582652 0.9308999 0.0584371 0.9308825 0.08379709 0.9152093 0.08196204 0.9179204 0.08215641 0.9153923 0.08396887 0.9212067 0.08196204 0.9179204 0.08379709 0.9152093 0.0823493 0.9213995 0.08196204 0.9179204 0.08396887 0.9212067 0.0821734 0.9212093 0.08196204 0.9179204 0.0823493 0.9213995 0.08200353 0.9186721 0.08196204 0.9179204 0.0821734 0.9212093 0.08196204 0.9179204 0.0794273 0.9184713 0.07926481 0.9184694 0.08196204 0.9179204 0.07926481 0.9184694 0.07925188 0.9181193 0.08196204 0.9179204 0.07925188 0.9181193 0.07943969 0.9181014 0.08196204 0.9179204 0.07943969 0.9181014 0.07945042 0.9179195 0.08215641 0.9153923 0.08196204 0.9179204 0.08198326 0.9153897 0.08379709 0.9152093 0.08215641 0.9153923 0.0821672 0.9152188 0.08379709 0.9152093 0.0821672 0.9152188 0.08233982 0.9152106 0.08396887 0.9212067 0.08379709 0.9152093 0.08398503 0.9152063 0.08396887 0.9212067 0.08398503 0.9152063 0.08398795 0.9153986 0.0823493 0.9213995 0.08396887 0.9212067 0.08397549 0.9213868 0.0823493 0.9213995 0.08397549 0.9213868 0.08379662 0.921393 0.0821734 0.9212093 0.0823493 0.9213995 0.08218008 0.9213908 0.08200353 0.9186721 0.0821734 0.9212093 0.08198261 0.9211893 0.05206662 0.918482 0.05207473 0.9177539 0.05228024 0.9239178 0.05262166 0.9151993 0.05228024 0.9239178 0.05207473 0.9177539 0.05228024 0.9239178 0.05280447 0.9239298 0.05263894 0.9239364 0.05206662 0.918482 0.05228024 0.9239178 0.05209404 0.9239185 0.04807817 0.9179398 0.05206662 0.918482 0.04968291 0.9184966 0.04807817 0.9179398 0.04968291 0.9184966 0.04809105 0.9185064 0.04807817 0.9179398 0.04809105 0.9185064 0.04808294 0.9183115 0.05262166 0.9151993 0.05207473 0.9177539 0.05205297 0.9152094 0.05262166 0.9151993 0.05205297 0.9152094 0.05225336 0.9152039 0.102242 0.914655 0.08933883 0.9142827 0.0966075 0.9142826 0.1020538 0.9148223 0.08933883 0.9142827 0.102242 0.914655 0.08897393 0.9148354 0.08933883 0.9142827 0.1020538 0.9148223 0.08933883 0.9142827 0.08897393 0.9148354 0.0889796 0.9086504 0.09221768 0.9142802 0.0966075 0.9142826 0.08933883 0.9142827 0.09442985 0.9142783 0.0966075 0.9142826 0.09221768 0.9142802 0.0966075 0.9142826 0.09623408 0.9115447 0.09639996 0.9117324 0.09932273 0.9142827 0.102242 0.914655 0.0966075 0.9142826 0.1016784 0.9142829 0.102242 0.914655 0.09932273 0.9142827 0.1020538 0.9148223 0.102242 0.914655 0.1022396 0.9148276 0.0889796 0.9086504 0.08897393 0.9148354 0.08877813 0.9148327 0.0889796 0.9086504 0.08877813 0.9148327 0.08877819 0.9146545 0.0889796 0.9086504 0.08877819 0.9146545 0.08861052 0.9146551 0.0889796 0.9086504 0.08861052 0.9146551 0.08861052 0.9092143 0.0889796 0.9086504 0.08861052 0.9092143 0.08513438 0.9092072 0.08933883 0.9142827 0.0889796 0.9086504 0.08916157 0.9086555 0.08933883 0.9142827 0.08916157 0.9086555 0.0891686 0.9088392 0.08933883 0.9142827 0.0891686 0.9088392 0.08933675 0.9088394 0.09460878 0.9117476 0.09442985 0.9142783 0.09442532 0.9117547 0.09623408 0.9115447 0.09460878 0.9117476 0.09460633 0.9115713 0.09623408 0.9115447 0.09460633 0.9115713 0.09477579 0.9115574 0.09639996 0.9117324 0.09623408 0.9115447 0.0963968 0.9115551 0.0966075 0.9142826 0.09639996 0.9117324 0.09660118 0.9117286 0.08416277 0.9150329 0.08416277 0.9173886 0.08416277 0.917213 0.1020351 0.8854097 0.1016784 0.9142829 0.1016765 0.8999682 0.1020351 0.8854097 0.1016765 0.8999682 0.1016765 0.8997313 0.1020351 0.8854097 0.1016765 0.8997313 0.1016757 0.893935 0.1020351 0.8854097 0.1016757 0.893935 0.1016746 0.8859894 0.1020351 0.8854097 0.1016746 0.8859894 0.1016731 0.8852321 0.1020351 0.8854097 0.1016731 0.8852321 0.1020338 0.8852316 0.1022211 0.8855939 0.1020351 0.8854097 0.1022192 0.8854113 0.08425927 0.908855 0.08478921 0.9146527 0.08478659 0.9148245 0.08425927 0.908855 0.08478659 0.9148245 0.08443921 0.91483 0.08425927 0.908855 0.08443921 0.91483 0.08443266 0.914658 0.08425927 0.908855 0.08443266 0.914658 0.08424508 0.9146522 0.08513438 0.9092072 0.08425927 0.908855 0.08443224 0.9088419 0.08513438 0.9092072 0.08443224 0.9088419 0.08442878 0.90866 0.08513438 0.9092072 0.08442878 0.90866 0.0846188 0.9086603 0.08513438 0.9092072 0.0846188 0.9086603 0.08461189 0.908479 0.08513438 0.9092072 0.08461189 0.908479 0.08513534 0.908478 0.08894276 0.8854209 0.09442651 0.8852412 0.0887686 0.8855796 0.0887686 0.8855796 0.09442651 0.8852412 0.09441494 0.8859614 0.0887686 0.8855796 0.09441494 0.8859614 0.08935284 0.8859797 0.0887686 0.8855796 0.08935284 0.8859797 0.08857512 0.8859824 0.0887686 0.8855796 0.08857512 0.8859824 0.08857673 0.8855822 0.08894276 0.8854209 0.0887686 0.8855796 0.0887624 0.8854164 0.08478319 0.8856104 0.0846104 0.8915985 0.08443087 0.8914206 0.08498305 0.89105 0.0846104 0.8915985 0.08478319 0.8856104 0.08443087 0.8914206 0.0846104 0.8915985 0.08442002 0.8915943 0.08478319 0.8856104 0.08425229 0.8855984 0.084423 0.8855805 0.08498305 0.89105 0.08478319 0.8856104 0.08496809 0.885608 0.08515787 0.8910472 0.08932971 0.8914093 0.08917093 0.8914209 0.08515787 0.8910472 0.08917093 0.8914209 0.08916956 0.8915969 0.08515787 0.8910472 0.08916956 0.8915969 0.08894783 0.8916069 0.0480979 0.8856226 0.04866594 0.8859855 0.0482819 0.9150329 0.04866594 0.8859855 0.0480979 0.8856226 0.05443888 0.8859803 0.04863816 0.9004989 0.0482819 0.9150329 0.04866594 0.8859855 0.0482819 0.9150329 0.04865819 0.9142811 0.06170451 0.9146401 0.05443888 0.8859803 0.0480979 0.8856226 0.05880236 0.8859763 0.04865819 0.9142811 0.0482819 0.9150329 0.04863816 0.9004989 0.054394 0.9142854 0.06170451 0.9146401 0.04865819 0.9142811 0.05880236 0.8859763 0.0480979 0.8856226 0.06095725 0.8859743 0.06097 0.9142903 0.06170451 0.9146401 0.054394 0.9142854 0.06170785 0.9092194 0.06116008 0.908847 0.06532812 0.9092093 0.06095725 0.8859743 0.061329 0.8854364 0.0613529 0.8916074 0.06532812 0.9092093 0.0657041 0.9086633 0.06551808 0.9146588 0.0613529 0.8916074 0.061329 0.8854364 0.0616998 0.8910493 0.06095725 0.8859743 0.0613529 0.8916074 0.06115597 0.8914321 0.04863816 0.9004989 0.04866594 0.8859855 0.04864513 0.8997548 0.06588417 0.9088596 0.06551808 0.9146588 0.0657041 0.9086633 0.06551808 0.9146588 0.06606525 0.914671 0.06588375 0.914669 0.06532812 0.9092093 0.06551808 0.9146588 0.06534177 0.9146577 0.0482819 0.9150329 0.06170451 0.9146401 0.0615319 0.914658 0.0482819 0.9150329 0.0615319 0.914658 0.06150805 0.9148343 0.0482819 0.9150329 0.06150805 0.9148343 0.06135302 0.9148417 0.0482819 0.9150329 0.06135302 0.9148417 0.0613358 0.9150131 0.0480979 0.8856226 0.0482819 0.9150329 0.04827576 0.9148355 0.0480979 0.8856226 0.04827576 0.9148355 0.0481022 0.9148308 0.0480979 0.8856226 0.0481022 0.9148308 0.04810065 0.9146566 0.04827415 0.8854332 0.0480979 0.8856226 0.04810142 0.8854201 0.0616998 0.8910493 0.061329 0.8854364 0.06150853 0.8854287 0.0616998 0.8910493 0.06150853 0.8854287 0.06152951 0.8856096 0.0616998 0.8910493 0.06152951 0.8856096 0.06170672 0.8856011 0.06587761 0.8914294 0.0616998 0.8910493 0.06533908 0.8910576 0.06587761 0.8914294 0.0655238 0.8856118 0.0655148 0.8854272 0.06587761 0.8914294 0.0655148 0.8854272 0.06588113 0.8854202 0.06587761 0.8914294 0.06588113 0.8854202 0.06588971 0.8856022 0.0613529 0.8916074 0.0658791 0.8916099 0.06572419 0.891617 0.06115597 0.8914321 0.0613529 0.8916074 0.0611605 0.8916065 0.06095725 0.8859743 0.06115597 0.8914321 0.06097716 0.8914232 0.05409204 0.9003067 0.05407369 0.899778 0.05408084 0.899953 0.04863816 0.9004989 0.05409204 0.9003067 0.05409127 0.900487 0.06097 0.9142903 0.054394 0.9142854 0.05889576 0.9142888 0.06116008 0.908847 0.06097 0.9142903 0.060983 0.9088495 0.0657041 0.9086633 0.06116741 0.9086624 0.0613541 0.9086601 0.06588417 0.9088596 0.0657041 0.9086633 0.06587785 0.9086554 0.06263965 0.9212194 0.0628004 0.9153963 0.0628004 0.9212209 0.08344966 0.9312358 0.08362305 0.9317718 0.0834428 0.931772 0.06465703 0.9286704 0.06392693 0.9257482 0.06467825 0.9217743 0.08261275 0.9215773 0.07862555 0.9258111 0.08082169 0.9233716 0.05211341 0.9311756 0.05153334 0.924106 0.05210363 0.9289991 0.07208549 0.9274391 0.07209116 0.927439 0.07205647 0.9303303 0.08197122 0.9312639 0.08215135 0.9317907 0.0819742 0.9317902 0.08415883 0.9312338 0.08399593 0.9274157 0.08415931 0.9274296 0.0563116 0.9279289 0.05578464 0.9279188 0.0561791 0.9279244 0.08496969 0.9157578 0.09003371 0.9157407 0.087134 0.9157505 0.06187349 0.9308573 0.06188881 0.9348502 0.06170523 0.9308572 0.07627362 0.9263935 0.07299733 0.9265667 0.07299101 0.92638 0.06806707 0.9314736 0.07060879 0.9314531 0.06807148 0.9316437 0.1015099 0.9389755 0.102385 0.9386233 0.101653 0.9389752 0.09770923 0.9150163 0.09770154 0.9151893 0.0922178 0.9150094 0.1014873 0.9215324 0.1020339 0.9213668 0.1020302 0.9215397 0.1014865 0.9208156 0.09731459 0.9211776 0.09803926 0.920812 0.06608581 0.9146453 0.06663209 0.9146588 0.06608492 0.914671 0.0628004 0.9212209 0.0628004 0.9153963 0.06296116 0.9212194 0.07205647 0.9318037 0.07187622 0.9318035 0.07204961 0.9312675 0.05770379 0.9217743 0.05845516 0.9257482 0.05772507 0.9286704 0.07614898 0.9225241 0.07834506 0.9249635 0.07435792 0.9207298 0.05063188 0.9289991 0.05120217 0.924106 0.0506221 0.9311756 0.05557298 0.9308122 0.05553823 0.9279209 0.05554395 0.9279211 0.08343982 0.9317902 0.08326268 0.9317907 0.0834428 0.9312639 0.0713399 0.9274613 0.07150334 0.9274474 0.07134044 0.9312655 0.0564441 0.9279244 0.05683863 0.9279188 0.0563116 0.9279289 0.09951031 0.8859822 0.0966106 0.8859724 0.1016746 0.8859894 0.07570141 0.9314716 0.07551783 0.9354645 0.07553309 0.9314717 0.08178812 0.9272276 0.0817818 0.9274142 0.07850551 0.9272411 0.06097227 0.9350737 0.0584349 0.9348831 0.06097668 0.9349036 0.08499133 0.9092069 0.08425927 0.908855 0.08513438 0.9092072 0.09442651 0.8852412 0.08894276 0.8854209 0.08893507 0.885248 0.08461415 0.8917713 0.0846104 0.8915985 0.08515691 0.8917641 0.08860504 0.8910437 0.08932971 0.8914093 0.08515787 0.8910472 0.06606525 0.914671 0.06551808 0.9146588 0.06606435 0.9146453 0.1016784 0.9142829 0.1020351 0.8854097 0.102242 0.914655 0.08460921 0.9151781 0.08496582 0.9440513 0.08442324 0.9153621 0.06095725 0.8859743 0.0480979 0.8856226 0.061329 0.8854364 0.08405232 0.8856226 0.07119297 0.8859743 0.08387607 0.8854332 0.06353324 0.9157668 0.0631389 0.9213872 0.0628004 0.9153963 0.06263965 0.9212194 0.06246191 0.9213872 0.0628004 0.9153963 0.08414989 0.931775 0.08397972 0.9317774 0.08415883 0.9312338 0.07151955 0.9318091 0.07134932 0.9318067 0.07204961 0.9312675 0.0511685 0.9366577 0.04806315 0.9364674 0.0513491 0.9335513 0.0550155 0.9364674 0.0519101 0.9366577 0.05190241 0.9333824 0.07044565 0.9146401 0.07044231 0.9092194 0.07118016 0.9142903 0.06170785 0.9092194 0.06170451 0.9146401 0.06116008 0.908847 0.09441494 0.8859614 0.0966106 0.8859724 0.09440481 0.8885203 0.09003371 0.9157407 0.09222936 0.9157298 0.09204941 0.9182724 0.06133931 0.9388423 0.06150788 0.9357642 0.06442683 0.939045 0.06078559 0.9357813 0.06095415 0.9388594 0.05769658 0.9388743 0.06533908 0.8910576 0.06533825 0.8855995 0.06587761 0.8914294 0.06681191 0.8855995 0.06681108 0.8910576 0.06662636 0.8856118 0.07099014 0.908847 0.06682205 0.9092093 0.07098281 0.9086624 0.06532812 0.9092093 0.06116008 0.908847 0.0657041 0.9086633 0.0635125 0.9208407 0.0676968 0.9212134 0.0631389 0.9213872 0.05791187 0.9213998 0.057904 0.9212134 0.06246191 0.9213872 0.0616998 0.8910493 0.06587761 0.8914294 0.0613529 0.8916074 0.06627255 0.8914294 0.07045042 0.8910493 0.06627106 0.8916099 0.1018551 0.9444209 0.1016595 0.9444174 0.102385 0.9386233 0.08498483 0.914649 0.08478921 0.9146527 0.08499133 0.9092069 0.05770379 0.9154067 0.05843663 0.9157848 0.05771636 0.9168457 0.06716418 0.9157848 0.06789702 0.9154067 0.0671525 0.9168487 0.09729146 0.9157479 0.09806919 0.9157508 0.09731459 0.9211776 0.08857512 0.8859824 0.08935284 0.8859797 0.08860504 0.8910437 0.05806833 0.9150329 0.06242954 0.9150335 0.05843663 0.9157848 0.06317114 0.9152042 0.06317126 0.9150335 0.06716418 0.9157848 0.05845147 0.9197688 0.057904 0.9212134 0.05772018 0.9197691 0.0676968 0.9212134 0.06714934 0.9197688 0.06787276 0.9212102 0.07134044 0.9312655 0.07187962 0.9274658 0.07204961 0.9312675 0.08361965 0.9274341 0.08415883 0.9312338 0.0834428 0.9274197 0.05577361 0.9277421 0.05614727 0.9277413 0.05578464 0.9279188 0.05647599 0.9277413 0.05684965 0.9277421 0.0564441 0.9279244 0.07279896 0.9274451 0.07279896 0.9303562 0.07261681 0.9274473 0.05483043 0.9308381 0.05483043 0.9279271 0.05557298 0.9308122 0.0966075 0.9142826 0.09442985 0.9142783 0.09623408 0.9115447 0.09221452 0.9440466 0.0900368 0.9440509 0.09203553 0.9415159 0.07943516 0.9186798 0.0794273 0.9184713 0.08200353 0.9186721 0.07263249 0.9241608 0.07262456 0.9243693 0.07009774 0.9236099 0.05135333 0.9364669 0.0513491 0.9335513 0.0515381 0.9364859 0.0517295 0.9335513 0.05172532 0.9364669 0.0515393 0.9335731 0.09766477 0.9384186 0.09766703 0.9382449 0.1015099 0.9389755 0.08897733 0.9084767 0.0889796 0.9086504 0.08513534 0.908478 0.08197122 0.9312639 0.08250164 0.9274225 0.08270704 0.931262 0.08291238 0.9274225 0.0834428 0.9312639 0.08271908 0.9274228 0.07297271 0.9356331 0.07299238 0.9360226 0.0728079 0.9356387 0.06441426 0.9354084 0.06443387 0.9350187 0.06459873 0.9353904 0.05207473 0.9177539 0.05206662 0.918482 0.04807907 0.9177749 0.05354231 0.918482 0.0535342 0.9177539 0.0575307 0.9179398 0.06101644 0.9263086 0.06101137 0.9259594 0.06117105 0.9263183 0.06137073 0.9259594 0.0613656 0.9263086 0.06119102 0.9259449 0.07967031 0.9271034 0.07862555 0.9258111 0.08403694 0.9229894 0.07834506 0.9249635 0.07730031 0.9262558 0.07396697 0.9208564 0.05117619 0.9333824 0.0482552 0.9333634 0.05118697 0.9331763 0.05482345 0.9333634 0.05190241 0.9333824 0.05480688 0.9331883 0.06151509 0.9390568 0.06442683 0.939045 0.06150108 0.9392142 0.05786663 0.939062 0.06077837 0.9390738 0.0578795 0.9392614 0.06668347 0.9285067 0.0666927 0.9255865 0.06684505 0.9285113 0.07643729 0.9267409 0.07644653 0.929661 0.07627362 0.9267575 0.06459683 0.9388572 0.06462556 0.935961 0.06477743 0.938874 0.05766785 0.9359781 0.05769658 0.9388743 0.05751854 0.9359856 0.06607508 0.9088532 0.06626605 0.9088596 0.06608581 0.9146453 0.06588417 0.9088596 0.06607508 0.9088532 0.06551808 0.9146588 0.07136112 0.9362018 0.07151973 0.9361867 0.07134902 0.9391147 0.07851105 0.9361585 0.07866966 0.9361737 0.07850551 0.9390848 0.07806938 0.899953 0.07805812 0.9003067 0.07789784 0.8999549 0.05409204 0.9003067 0.05408084 0.899953 0.05425941 0.900316 0.064682 0.9219561 0.06485962 0.9219505 0.06467825 0.9248493 0.05684781 0.9244661 0.05702543 0.9244716 0.05685436 0.9273797 0.06503134 0.9286791 0.06649655 0.9286773 0.06504195 0.9288547 0.07663345 0.9298318 0.07809865 0.9298335 0.07664358 0.929992 0.06828695 0.9151695 0.06803697 0.9154472 0.06816613 0.9150442 0.07911193 0.9154472 0.07886195 0.9151696 0.07925194 0.9152937 0.06688553 0.9271848 0.06743514 0.9217569 0.06761157 0.927187 0.06705343 0.9273599 0.06760305 0.9327879 0.066877 0.9273682 0.08459055 0.9445907 0.09767037 0.9446037 0.08458876 0.9447683 0.08897393 0.9148354 0.1020538 0.9148223 0.08896023 0.9149968 0.0582652 0.9308999 0.05790543 0.9308802 0.05826127 0.9306893 0.07113832 0.9274502 0.07077848 0.9274699 0.07114511 0.9272635 0.07694298 0.9168403 0.07873398 0.9150509 0.0774393 0.9173491 0.06841498 0.9150509 0.07020592 0.9168403 0.06803697 0.9154472 0.0694521 0.9207224 0.06932181 0.9205707 0.0735504 0.9165961 0.07782709 0.9205707 0.0776968 0.9207224 0.07373243 0.9164697 0.05787467 0.9352454 0.05770379 0.935231 0.0582652 0.9308999 0.0713399 0.931801 0.07116901 0.9318154 0.0713399 0.9274566 0.05808097 0.9214033 0.06246191 0.9213872 0.05808788 0.9215839 0.0631389 0.9213872 0.06751984 0.9214033 0.063151 0.9215728 0.05262166 0.9151993 0.05280447 0.91519 0.05228024 0.9239178 0.05280447 0.91519 0.05298721 0.9151993 0.05280447 0.9239298 0.06649237 0.9250461 0.06485307 0.9248642 0.06668025 0.9219592 0.05685436 0.9273797 0.05521512 0.9275617 0.05666047 0.9242816 0.0799297 0.9270942 0.08403694 0.9229894 0.0800597 0.9272113 0.07293373 0.9221419 0.07704091 0.9262467 0.07282054 0.9222674 0.07344484 0.9162134 0.07239836 0.9151648 0.07357448 0.9160624 0.0747506 0.9151648 0.07370406 0.9162134 0.07462322 0.9150329 0.1022213 0.9153489 0.1018611 0.9153787 0.1022193 0.9151998 0.08478319 0.8856104 0.084423 0.8855805 0.08479458 0.8854286 0.06139165 0.9257535 0.06392693 0.9257482 0.0613656 0.9263086 0.05845516 0.9257482 0.06099045 0.9257535 0.05845266 0.9265151 0.0480979 0.8856226 0.04810065 0.9146566 0.04790508 0.885609 0.08404952 0.9146566 0.08405232 0.8856226 0.08424508 0.9146599 0.05063188 0.9289991 0.04809778 0.9289935 0.05063772 0.9282646 0.05463773 0.9289935 0.05210363 0.9289991 0.05464237 0.9284464 0.06484067 0.9255853 0.06650054 0.9253974 0.06503134 0.9286791 0.07662945 0.9265518 0.07828933 0.9267397 0.07644653 0.929661 0.06642597 0.891617 0.07079726 0.8916074 0.06642967 0.8917786 0.0613529 0.8916074 0.06572419 0.891617 0.06134158 0.8917877 0.06626045 0.8856022 0.06627255 0.8914294 0.06608176 0.8856138 0.06587761 0.8914294 0.06588971 0.8856022 0.06605595 0.8914257 0.06504303 0.9250529 0.06649237 0.9250461 0.06505376 0.9252257 0.05521512 0.9275617 0.0566644 0.9275684 0.05521827 0.9277388 0.09041422 0.9184631 0.09188044 0.9184595 0.09042364 0.9186264 0.09476387 0.8886912 0.09623008 0.8886948 0.09476339 0.8888689 0.08443087 0.8914206 0.08424508 0.8914227 0.08478319 0.8856104 0.1023992 0.921191 0.1022135 0.921189 0.102392 0.9153668 0.04809319 0.9284464 0.04808026 0.9288114 0.04790508 0.9284526 0.05465531 0.9288114 0.05464237 0.9284464 0.0548253 0.9288098 0.08194857 0.9390903 0.08196163 0.9361833 0.08213376 0.939089 0.06806915 0.9362115 0.06808221 0.9391184 0.06790006 0.9362024 0.06153142 0.9354102 0.06441426 0.9354084 0.06152504 0.9355923 0.07299238 0.9360226 0.07587516 0.9360246 0.0729978 0.9361861 0.07730031 0.9262558 0.0783323 0.925229 0.07743155 0.92638 0.07863837 0.9260765 0.07967031 0.9271034 0.07851088 0.9261925 0.05666047 0.9242816 0.05519235 0.924274 0.05666619 0.9241088 0.06651508 0.9217584 0.06504696 0.9217661 0.06652224 0.9215839 0.0657041 0.9086633 0.0613541 0.9086601 0.06569522 0.9084966 0.07079607 0.9086601 0.06644606 0.9086633 0.07079684 0.9084982 0.07845175 0.9296483 0.07825237 0.9296467 0.07845175 0.9267492 0.06487762 0.9284923 0.06467825 0.928494 0.06484067 0.9255853 0.0519101 0.9366577 0.05482673 0.9366418 0.05191922 0.9368264 0.04825192 0.9366418 0.0511685 0.9366577 0.04825168 0.9368264 0.06551808 0.9146588 0.06588375 0.914669 0.06551784 0.914842 0.06626641 0.914669 0.06663209 0.9146588 0.06626075 0.9148394 0.0722472 0.9303373 0.07261931 0.9303503 0.07224512 0.9305328 0.05501013 0.9308323 0.05538225 0.9308193 0.05501061 0.9310019 0.08195734 0.9354248 0.08195 0.9325149 0.08214211 0.9354323 0.0680902 0.932543 0.06808286 0.9354529 0.06789702 0.9325481 0.05335557 0.9152039 0.05298721 0.9151993 0.0533626 0.9150332 0.05262166 0.9151993 0.05225336 0.9152039 0.0526148 0.9150329 0.06826925 0.9356443 0.07118099 0.9356302 0.06827151 0.9358251 0.07885926 0.9356021 0.08177101 0.9356161 0.07886862 0.9358033 0.07115566 0.936017 0.06825548 0.9360141 0.0711556 0.9358314 0.0817753 0.9359859 0.07887512 0.9359889 0.08178353 0.9358108 0.05228024 0.9239178 0.05263894 0.9239364 0.05227708 0.9240995 0.05296993 0.9239364 0.05332863 0.9239178 0.05297052 0.924097 0.0823493 0.9213995 0.08379662 0.921393 0.08234655 0.9215698 0.06826317 0.9270825 0.06971055 0.927089 0.06826967 0.927258 0.07868212 0.93545 0.07850551 0.9354538 0.07867467 0.9325096 0.07153475 0.935482 0.07135814 0.9354781 0.07153475 0.9325444 0.04864513 0.8997548 0.05407369 0.899778 0.04863816 0.9004989 0.07807654 0.899778 0.08350503 0.8997548 0.07805812 0.9003067 0.05502724 0.9244748 0.05501842 0.9273727 0.05483043 0.9244675 0.06668901 0.9248571 0.06668025 0.9219592 0.066877 0.9248529 0.08177864 0.9323397 0.07886588 0.9323214 0.0817815 0.9321512 0.07117432 0.9323496 0.06826156 0.9323678 0.07118022 0.9321835 0.07808113 0.9205794 0.07911956 0.9195464 0.07821619 0.9207046 0.06802934 0.9195464 0.06906783 0.9205794 0.06790083 0.9196751 0.06443709 0.9356014 0.06443977 0.9357765 0.06150257 0.9355923 0.05785369 0.9357936 0.05785632 0.9356184 0.06078559 0.9357813 0.06827366 0.939306 0.0711804 0.9392924 0.06826978 0.9394783 0.07885032 0.9392643 0.08175712 0.9392779 0.07885533 0.9394502 0.05498796 0.9335615 0.05516898 0.933565 0.0550155 0.9364674 0.04790961 0.933565 0.04809069 0.9335615 0.04790508 0.9364622 0.08424508 0.9444271 0.08424681 0.9153673 0.08440232 0.9444233 0.1023975 0.8855988 0.1023992 0.9146587 0.1022211 0.8855939 0.06132721 0.9308881 0.0613414 0.9352188 0.06114917 0.9308821 0.07606524 0.9358332 0.07607942 0.9315025 0.07625991 0.9358306 0.09623408 0.9115447 0.09477579 0.9115574 0.09622764 0.9113765 0.09186851 0.9413258 0.09041029 0.941313 0.09186667 0.9411622 0.08379709 0.9152093 0.08233982 0.9152106 0.08379453 0.9150356 0.06971997 0.9209001 0.06826269 0.9208988 0.06971406 0.9207224 0.05157732 0.9330005 0.05194252 0.9330024 0.05157017 0.9331688 0.05079299 0.9330024 0.05115818 0.9330005 0.05079674 0.9331763 0.04807817 0.9179398 0.04808294 0.9183115 0.04790508 0.9179427 0.05752593 0.9183115 0.0575307 0.9179398 0.05769973 0.918308 0.06095415 0.9388594 0.06098085 0.9359679 0.06114673 0.9388645 0.06131261 0.9359509 0.06133931 0.9388423 0.06114673 0.9359552 0.08401817 0.9227258 0.08300369 0.9217038 0.08416277 0.9225885 0.07396697 0.9208564 0.07295244 0.9218782 0.07383507 0.9207224 0.06807184 0.9210881 0.06809097 0.9268962 0.06789702 0.9210897 0.08396887 0.9212067 0.08398795 0.9153986 0.08416277 0.921212 0.07810372 0.9265541 0.07662945 0.9265518 0.0781002 0.9263888 0.06650054 0.9253974 0.06502628 0.9253997 0.06649947 0.9252257 0.08387607 0.8854332 0.07082116 0.8854364 0.08387243 0.8852316 0.061329 0.8854364 0.04827415 0.8854332 0.06133216 0.8852563 0.1016731 0.8852321 0.1016746 0.8859894 0.09442651 0.8852412 0.08496969 0.9157578 0.08497118 0.9150004 0.09222936 0.9157298 0.07867467 0.9325096 0.08177864 0.9323397 0.07885926 0.9356021 0.06826156 0.9323678 0.07136553 0.9325377 0.06808286 0.9354529 0.08175712 0.9392779 0.07868176 0.9390866 0.08196163 0.9361833 0.07134902 0.9391147 0.06827366 0.939306 0.07115566 0.936017 0.1014865 0.9208156 0.1016613 0.9208183 0.1014873 0.9215324 0.09769654 0.9213753 0.1014865 0.9208156 0.09768223 0.9215303 0.08498305 0.89105 0.08515787 0.8910472 0.0846104 0.8915985 0.08515787 0.8910472 0.08894783 0.8916069 0.08515691 0.8917641 0.0613414 0.9352188 0.06132721 0.9308881 0.06188881 0.9348502 0.06170523 0.9308572 0.06132721 0.9308881 0.06169581 0.9306938 0.07607942 0.9315025 0.07606524 0.9358332 0.07570141 0.9314716 0.07607942 0.9315025 0.07570141 0.9314716 0.07610374 0.9313037 0.05789512 0.9304795 0.05772507 0.9286704 0.05828392 0.9304949 0.05789512 0.9304795 0.05828392 0.9304949 0.05791318 0.9306893 0.06465703 0.9286704 0.06448698 0.9304795 0.06391561 0.9286698 0.06409817 0.9304949 0.06448698 0.9304795 0.06410193 0.9306758 0.05138283 0.9329977 0.05136775 0.9311776 0.05194252 0.9330024 0.05136775 0.9242815 0.05154222 0.9242791 0.05136775 0.9311776 0.05136775 0.9311776 0.05135267 0.9329977 0.0506221 0.9311756 0.05119329 0.9242791 0.05136775 0.9242815 0.0506221 0.9311756 0.08029448 0.9238997 0.07861918 0.9219811 0.08082169 0.9233716 0.07887774 0.9217191 0.07861918 0.9219811 0.07874464 0.9215959 0.07835149 0.9211336 0.07667618 0.9230522 0.07809293 0.9208716 0.07835149 0.9211336 0.07809293 0.9208716 0.07846307 0.921018 0.06096917 0.935451 0.06097227 0.9350737 0.06114673 0.9354557 0.05806964 0.9354425 0.06096917 0.935451 0.05806154 0.935578 0.06096917 0.935451 0.05806964 0.9354425 0.06097227 0.9350737 0.06807148 0.9316437 0.06807458 0.932021 0.06789964 0.931638 0.06807458 0.932021 0.07097411 0.9320124 0.06807202 0.9321793 0.07097411 0.9320124 0.06807458 0.932021 0.07060879 0.9314531 0.05578464 0.9279188 0.0557661 0.9308121 0.05558574 0.9279065 0.0557661 0.9308121 0.05611521 0.9308238 0.05575746 0.9309971 0.05611521 0.9308238 0.0557661 0.9308121 0.0563116 0.9279289 0.05650806 0.9308238 0.0568571 0.9308121 0.05649626 0.9310101 0.0568571 0.9308121 0.05683863 0.9279188 0.05705028 0.9308168 0.0568571 0.9308121 0.05650806 0.9308238 0.05683863 0.9279188</float_array>
          <technique_common>
            <accessor source="#_3_2_163_0_zeimport_poly84_XSIPOLYCLS_main_0-mesh-map-0-array" count="3204" stride="2">
              <param name="S" type="float"/>
              <param name="T" type="float"/>
            </accessor>
          </technique_common>
        </source>
        <vertices id="_3_2_163_0_zeimport_poly84_XSIPOLYCLS_main_0-mesh-vertices">
          <input semantic="POSITION" source="#_3_2_163_0_zeimport_poly84_XSIPOLYCLS_main_0-mesh-positions"/>
        </vertices>
        <triangles material="zeimport_poly84_XSIPOLYCLS_main-material" count="1068">
          <input semantic="VERTEX" source="#_3_2_163_0_zeimport_poly84_XSIPOLYCLS_main_0-mesh-vertices" offset="0"/>
          <input semantic="NORMAL" source="#_3_2_163_0_zeimport_poly84_XSIPOLYCLS_main_0-mesh-normals" offset="1"/>
          <input semantic="TEXCOORD" source="#_3_2_163_0_zeimport_poly84_XSIPOLYCLS_main_0-mesh-map-0" offset="2" set="0"/>
          <p>0 0 0 1 0 1 2 0 2 2 0 3 3 0 4 4 0 5 5 0 6 1 0 7 0 0 8 6 0 9 5 0 10 0 0 11 7 0 12 6 0 13 0 0 14 8 1 15 9 1 16 10 1 17 11 0 18 12 0 19 13 0 20 14 2 21 15 2 22 16 2 23 17 3 24 18 3 25 19 3 26 20 1 27 21 1 28 22 1 29 1 4 30 3 4 31 2 4 32 23 0 33 24 0 34 25 0 35 26 1 36 27 1 37 28 1 38 29 5 39 30 5 40 31 5 41 32 1 42 33 1 43 34 1 44 35 0 45 36 0 46 37 0 47 38 1 48 39 1 49 40 1 50 41 6 51 42 6 52 43 6 53 44 7 54 45 7 55 46 7 56 47 8 57 48 8 58 49 8 59 50 1 60 51 1 61 52 1 62 53 9 63 54 9 64 55 9 65 56 0 66 57 0 67 58 0 68 59 10 69 60 10 70 61 10 71 62 11 72 38 11 73 63 11 74 21 12 75 64 12 76 65 12 77 3 0 78 66 0 79 4 0 80 67 13 81 53 13 82 68 13 83 69 14 84 70 14 85 71 14 86 72 15 87 73 15 88 74 15 89 75 16 90 76 16 91 77 16 92 78 17 93 0 17 94 79 17 95 80 18 96 81 18 97 82 18 98 83 19 99 84 19 100 85 19 101 86 20 102 87 20 103 88 20 104 0 21 105 89 21 106 7 21 107 90 1 108 91 1 109 92 1 110 93 0 111 66 0 112 94 0 113 95 1 114 96 1 115 97 1 116 26 22 117 98 22 118 99 22 119 100 23 120 23 23 121 25 23 122 101 24 123 102 24 124 103 24 125 104 25 126 105 25 127 106 25 128 107 0 129 108 0 130 109 0 131 110 1 132 111 1 133 112 1 134 113 26 135 114 26 136 115 26 137 116 27 138 117 27 139 118 27 140 119 1 141 120 1 142 121 1 143 122 0 144 123 0 145 124 0 146 125 0 147 29 0 148 126 0 149 127 1 150 128 1 151 129 1 152 130 0 153 131 0 154 132 0 155 133 28 156 134 28 157 135 28 158 136 29 159 137 29 160 138 29 161 139 30 162 140 30 163 141 30 164 142 31 165 143 31 166 144 31 167 145 32 168 146 32 169 147 32 170 148 1 171 149 1 172 150 1 173 151 0 174 152 0 175 153 0 176 154 33 177 155 33 178 156 33 179 157 34 180 158 34 181 159 34 182 160 35 183 161 35 184 162 35 185 163 36 186 164 36 187 165 36 188 166 37 189 167 37 190 168 37 191 169 38 192 32 38 193 170 38 194 171 39 195 47 39 196 172 39 197 173 40 198 174 40 199 175 40 200 176 1 201 177 1 202 178 1 203 179 0 204 180 0 205 181 0 206 182 41 207 183 41 208 184 41 209 185 42 210 50 42 211 186 42 212 187 43 213 188 43 214 189 43 215 190 44 216 191 44 217 192 44 218 193 45 219 194 45 220 195 45 221 196 46 222 197 46 223 198 46 224 199 0 225 200 0 226 201 0 227 202 1 228 203 1 229 204 1 230 205 47 231 206 47 232 207 47 233 208 48 234 209 48 235 210 48 236 211 49 237 212 49 238 213 49 239 214 50 240 215 50 241 216 50 242 217 0 243 218 0 244 219 0 245 220 1 246 221 1 247 222 1 248 223 0 249 224 0 250 225 0 251 226 51 252 227 51 253 228 51 254 229 52 255 230 52 256 231 52 257 232 53 258 233 53 259 234 53 260 235 1 261 236 1 262 237 1 263 238 0 264 239 0 265 240 0 266 241 54 267 242 54 268 243 54 269 218 55 270 244 55 271 245 55 272 246 56 273 247 56 274 248 56 275 249 57 276 250 57 277 251 57 278 252 1 279 253 1 280 254 1 281 255 0 282 256 0 283 239 0 284 257 58 285 3 58 286 258 58 287 259 59 288 260 59 289 261 59 290 262 60 291 263 60 292 264 60 293 265 61 294 266 61 295 267 61 296 268 62 297 207 62 298 269 62 299 270 63 300 271 63 301 272 63 302 273 0 303 160 0 304 274 0 305 275 64 306 276 64 307 277 64 308 278 65 309 279 65 310 280 65 311 281 66 312 282 66 313 283 66 314 284 67 315 285 67 316 286 67 317 287 68 318 288 68 319 289 68 320 158 0 321 290 0 322 291 0 323 292 69 324 293 69 325 294 69 326 295 1 327 296 1 328 297 1 329 298 0 330 299 0 331 300 0 332 301 1 333 302 1 334 303 1 335 304 0 336 305 0 337 306 0 338 307 70 339 308 70 340 309 70 341 180 0 342 310 0 343 215 0 344 311 71 345 71 71 346 312 71 347 313 72 348 314 72 349 315 72 350 316 73 351 58 73 352 317 73 353 318 1 354 319 1 355 320 1 356 321 74 357 322 74 358 323 74 359 324 75 360 325 75 361 326 75 362 327 76 363 328 76 364 329 76 365 330 77 366 331 77 367 332 77 368 333 78 369 334 78 370 335 78 371 336 0 372 337 0 373 285 0 374 338 79 375 339 79 376 340 79 377 341 80 378 304 80 379 342 80 380 343 81 381 344 81 382 345 81 383 346 1 384 347 1 385 348 1 386 349 82 387 350 82 388 351 82 389 352 1 390 353 1 391 354 1 392 355 83 393 356 83 394 357 83 395 358 84 396 359 84 397 360 84 398 361 85 399 362 85 400 363 85 401 364 86 402 269 86 403 365 86 404 366 87 405 367 87 406 368 87 407 369 88 408 61 88 409 370 88 410 371 89 411 372 89 412 310 89 413 373 90 414 374 90 415 375 90 416 376 91 417 377 91 418 378 91 419 379 92 420 380 92 421 381 92 422 382 93 423 383 93 424 384 93 425 385 94 426 189 94 427 386 94 428 387 95 429 388 95 430 389 95 431 390 96 432 391 96 433 392 96 434 393 97 435 394 97 436 395 97 437 396 98 438 397 98 439 398 98 440 399 99 441 266 99 442 400 99 443 401 100 444 402 100 445 403 100 446 404 101 447 405 101 448 406 101 449 407 102 450 408 102 451 409 102 452 410 103 453 411 103 454 412 103 455 413 104 456 414 104 457 415 104 458 416 105 459 417 105 460 418 105 461 419 106 462 267 106 463 420 106 464 421 107 465 422 107 466 423 107 467 424 108 468 425 108 469 426 108 470 427 109 471 428 109 472 429 109 473 430 110 474 431 110 475 432 110 476 433 111 477 434 111 478 435 111 479 200 112 480 436 112 481 437 112 482 438 1 483 439 1 484 440 1 485 441 113 486 268 113 487 442 113 488 443 114 489 444 114 490 445 114 491 446 115 492 447 115 493 448 115 494 449 116 495 450 116 496 451 116 497 452 117 498 453 117 499 454 117 500 455 118 501 456 118 502 48 118 503 457 119 504 458 119 505 459 119 506 460 120 507 461 120 508 462 120 509 463 121 510 464 121 511 465 121 512 466 122 513 467 122 514 468 122 515 469 0 516 470 0 517 30 0 518 13 0 519 471 0 520 11 0 521 10 1 522 472 1 523 8 1 524 473 123 525 474 123 526 475 123 527 476 124 528 477 124 529 478 124 530 479 125 531 480 125 532 481 125 533 482 126 534 118 126 535 483 126 536 484 127 537 485 127 538 486 127 539 487 128 540 488 128 541 489 128 542 490 0 543 491 0 544 492 0 545 493 1 546 494 1 547 495 1 548 496 1 549 497 1 550 498 1 551 499 0 552 151 0 553 500 0 554 501 129 555 502 129 556 503 129 557 504 130 558 505 130 559 506 130 560 507 131 561 162 131 562 508 131 563 509 132 564 510 132 565 511 132 566 512 0 567 513 0 568 514 0 569 515 1 570 516 1 571 517 1 572 518 133 573 519 133 574 520 133 575 521 134 576 522 134 577 523 134 578 524 135 579 19 135 580 525 135 581 526 136 582 16 136 583 527 136 584 528 137 585 529 137 586 530 137 587 45 0 588 531 0 589 532 0 590 533 138 591 534 138 592 535 138 593 397 139 594 432 139 595 405 139 596 344 140 597 198 140 598 414 140 599 536 141 600 537 141 601 538 141 602 539 0 603 540 0 604 541 0 605 542 142 606 543 142 607 539 142 608 544 143 609 545 143 610 546 143 611 546 144 612 547 144 613 548 144 614 549 145 615 550 145 616 551 145 617 552 0 618 550 0 619 553 0 620 554 146 621 555 146 622 556 146 623 557 1 624 554 1 625 558 1 626 559 147 627 560 147 628 561 147 629 562 148 630 559 148 631 563 148 632 564 149 633 565 149 634 566 149 635 567 0 636 565 0 637 568 0 638 491 150 639 569 150 640 570 150 641 569 0 642 571 0 643 570 0 644 572 151 645 573 151 646 574 151 647 572 152 648 575 152 649 576 152 650 577 153 651 578 153 652 579 153 653 580 0 654 578 0 655 581 0 656 582 154 657 583 154 658 584 154 659 585 1 660 582 1 661 586 1 662 587 155 663 588 155 664 589 155 665 590 1 666 591 1 667 592 1 668 588 1 669 593 1 670 594 1 671 595 156 672 596 156 673 597 156 674 598 0 675 599 0 676 600 0 677 601 0 678 596 0 679 602 0 680 603 0 681 604 0 682 605 0 683 606 157 684 607 157 685 608 157 686 609 158 687 604 158 688 101 158 689 610 159 690 611 159 691 612 159 692 613 160 693 106 160 694 614 160 695 106 1 696 615 1 697 616 1 698 617 161 699 618 161 700 0 161 701 619 162 702 617 162 703 0 162 704 620 163 705 619 163 706 0 163 707 621 0 708 620 0 709 0 0 710 622 0 711 4 0 712 66 0 713 623 0 714 622 0 715 66 0 716 624 164 717 625 164 718 3 164 719 626 0 720 3 0 721 627 0 722 628 0 723 629 0 724 25 0 725 630 165 726 629 165 727 628 165 728 24 0 729 628 0 730 25 0 731 31 166 732 30 166 733 167 166 734 167 0 735 30 0 736 470 0 737 631 0 738 30 0 739 380 0 740 632 0 741 631 0 742 380 0 743 633 0 744 380 0 745 29 0 746 634 167 747 633 167 748 29 167 749 635 0 750 29 0 751 31 0 752 636 168 753 167 168 754 470 168 755 637 0 756 198 0 757 464 0 758 414 169 759 198 169 760 197 169 761 638 0 762 198 0 763 637 0 764 639 0 765 464 0 766 344 0 767 640 0 768 639 0 769 344 0 770 641 170 771 344 170 772 414 170 773 642 0 774 641 0 775 414 0 776 643 171 777 414 171 778 197 171 779 215 172 780 310 172 781 372 172 782 644 0 783 310 0 784 519 0 785 645 0 786 644 0 787 519 0 788 646 0 789 519 0 790 180 0 791 647 173 792 646 173 793 180 173 794 648 174 795 180 174 796 215 174 797 649 0 798 648 0 799 215 0 800 650 0 801 215 0 802 372 0 803 651 0 804 564 0 805 566 0 806 652 0 807 565 0 808 653 0 809 291 0 810 290 0 811 653 0 812 654 0 813 655 0 814 290 0 815 656 0 816 654 0 817 290 0 818 657 0 819 656 0 820 290 0 821 658 175 822 657 175 823 290 175 824 659 0 825 658 0 826 290 0 827 660 176 828 661 176 829 158 176 830 662 177 831 158 177 832 291 177 833 564 178 834 291 178 835 653 178 836 663 0 837 577 0 838 579 0 839 664 0 840 578 0 841 665 0 842 162 179 843 161 179 844 666 179 845 666 0 846 161 0 847 667 0 848 665 0 849 577 0 850 161 0 851 668 180 852 665 180 853 161 180 854 669 181 855 161 181 856 359 181 857 670 182 858 669 182 859 359 182 860 671 0 861 359 0 862 160 0 863 672 0 864 671 0 865 160 0 866 673 0 867 160 0 868 162 0 869 674 0 870 673 0 871 162 0 872 675 183 873 162 183 874 666 183 875 405 184 876 432 184 877 431 184 878 676 0 879 432 0 880 447 0 881 677 0 882 676 0 883 447 0 884 678 0 885 447 0 886 397 0 887 679 0 888 678 0 889 397 0 890 680 0 891 397 0 892 405 0 893 681 185 894 680 185 895 405 185 896 682 186 897 405 186 898 431 186 899 49 187 900 48 187 901 183 187 902 183 188 903 48 188 904 456 188 905 683 0 906 48 0 907 505 0 908 684 0 909 683 0 910 505 0 911 685 189 912 505 189 913 47 189 914 686 190 915 685 190 916 47 190 917 687 191 918 47 191 919 49 191 920 688 192 921 183 192 922 456 192 923 269 193 924 207 193 925 206 193 926 689 0 927 207 0 928 322 0 929 690 194 930 689 194 931 322 194 932 691 0 933 322 0 934 268 0 935 692 195 936 691 195 937 268 195 938 693 0 939 268 0 940 269 0 941 694 0 942 693 0 943 269 0 944 695 0 945 269 0 946 206 0 947 696 0 948 697 0 949 491 0 950 698 0 951 491 0 952 570 0 953 306 0 954 305 0 955 699 0 956 699 196 957 305 196 958 700 196 959 701 0 960 702 0 961 304 0 962 703 0 963 304 0 964 306 0 965 704 0 966 306 0 967 699 0 968 705 197 969 699 197 970 700 197 971 571 198 972 700 198 973 570 198 974 109 199 975 388 200 976 706 201 977 388 0 978 109 0 979 108 0 980 107 202 981 109 202 982 707 202 983 707 0 984 109 0 985 708 0 986 708 0 987 109 0 988 709 0 989 709 203 990 109 203 991 710 203 992 711 204 993 712 204 994 713 204 995 714 205 996 712 205 997 711 205 998 715 0 999 711 0 1000 713 0 1001 716 0 1002 715 0 1003 713 0 1004 136 0 1005 716 0 1006 713 0 1007 248 0 1008 245 0 1009 717 0 1010 717 206 1011 245 206 1012 279 206 1013 279 207 1014 245 207 1015 718 207 1016 718 208 1017 245 208 1018 244 208 1019 245 0 1020 248 0 1021 719 0 1022 719 209 1023 248 209 1024 453 209 1025 453 210 1026 248 210 1027 247 210 1028 720 0 1029 248 0 1030 717 0 1031 721 0 1032 279 0 1033 718 0 1034 722 0 1035 718 0 1036 244 0 1037 723 211 1038 724 211 1039 218 211 1040 725 0 1041 218 0 1042 245 0 1043 726 0 1044 245 0 1045 719 0 1046 727 212 1047 719 212 1048 453 212 1049 728 0 1050 727 0 1051 453 0 1052 729 0 1053 453 0 1054 247 0 1055 730 0 1056 731 0 1057 23 0 1058 732 213 1059 731 213 1060 730 213 1061 733 0 1062 730 0 1063 23 0 1064 734 214 1065 137 214 1066 713 214 1067 735 0 1068 734 0 1069 713 0 1070 736 0 1071 735 0 1072 713 0 1073 737 0 1074 736 0 1075 713 0 1076 738 0 1077 607 0 1078 609 0 1079 739 0 1080 740 0 1081 741 0 1082 741 0 1083 740 0 1084 328 0 1085 328 0 1086 740 0 1087 44 0 1088 45 0 1089 740 0 1090 742 0 1091 743 0 1092 740 0 1093 739 0 1094 744 0 1095 739 0 1096 741 0 1097 745 215 1098 328 215 1099 44 215 1100 474 216 1101 549 216 1102 350 216 1103 146 0 1104 350 0 1105 549 0 1106 474 217 1107 350 217 1108 746 217 1109 746 0 1110 350 0 1111 747 0 1112 748 0 1113 146 0 1114 549 0 1115 749 0 1116 224 0 1117 750 0 1118 751 0 1119 749 0 1120 750 0 1121 752 0 1122 751 0 1123 750 0 1124 753 0 1125 752 0 1126 750 0 1127 754 0 1128 755 0 1129 1162 0 1130 756 0 1131 755 0 1132 754 0 1133 757 0 1134 754 0 1135 1162 0 1136 758 218 1137 757 218 1138 1162 218 1139 759 0 1140 758 0 1141 1162 0 1142 760 219 1143 759 219 1144 1162 219 1145 761 0 1146 760 0 1147 1162 0 1148 762 220 1149 761 220 1150 1162 220 1151 763 0 1152 762 0 1153 1162 0 1154 764 0 1155 763 0 1156 1162 0 1157 765 221 1158 764 221 1159 1162 221 1160 1159 222 1161 1160 223 1162 1163 224 1163 239 225 1164 599 225 1165 601 225 1166 766 226 1167 599 226 1168 239 226 1169 256 0 1170 766 0 1171 239 0 1172 767 0 1173 255 0 1174 239 0 1175 768 227 1176 239 227 1177 601 227 1178 769 0 1179 122 0 1180 488 0 1181 488 0 1182 122 0 1183 513 0 1184 513 228 1185 122 228 1186 425 228 1187 425 229 1188 122 229 1189 770 229 1190 770 0 1191 122 0 1192 124 0 1193 771 230 1194 772 230 1195 122 230 1196 773 0 1197 771 0 1198 122 0 1199 774 0 1200 773 0 1201 122 0 1202 775 0 1203 774 0 1204 122 0 1205 776 0 1206 122 0 1207 769 0 1208 777 231 1209 769 231 1210 488 231 1211 778 0 1212 777 0 1213 488 0 1214 779 0 1215 488 0 1216 513 0 1217 780 232 1218 779 232 1219 513 232 1220 781 233 1221 513 233 1222 425 233 1223 782 0 1224 781 0 1225 425 0 1226 783 0 1227 425 0 1228 770 0 1229 784 0 1230 770 0 1231 124 0 1232 267 234 1233 152 234 1234 785 234 1235 152 235 1236 267 235 1237 266 235 1238 786 236 1239 265 236 1240 267 236 1241 787 0 1242 267 0 1243 785 0 1244 788 0 1245 785 0 1246 151 0 1247 789 0 1248 788 0 1249 151 0 1250 790 0 1251 789 0 1252 151 0 1253 791 0 1254 152 0 1255 266 0 1256 792 237 1257 791 237 1258 266 237 1259 117 0 1260 793 0 1261 13 0 1262 13 0 1263 793 0 1264 794 0 1265 794 238 1266 793 238 1267 230 238 1268 795 239 1269 230 239 1270 793 239 1271 793 240 1272 117 240 1273 796 240 1274 796 241 1275 117 241 1276 797 241 1277 798 242 1278 118 242 1279 117 242 1280 117 0 1281 13 0 1282 799 0 1283 799 243 1284 13 243 1285 12 243 1286 800 244 1287 13 244 1288 794 244 1289 801 245 1290 230 245 1291 795 245 1292 802 0 1293 801 0 1294 795 0 1295 803 0 1296 802 0 1297 795 0 1298 804 0 1299 803 0 1300 795 0 1301 130 246 1302 804 246 1303 795 246 1304 805 247 1305 795 247 1306 793 247 1307 806 0 1308 805 0 1309 793 0 1310 807 248 1311 806 248 1312 793 248 1313 808 0 1314 797 0 1315 116 0 1316 809 0 1317 116 0 1318 118 0 1319 810 0 1320 809 0 1321 118 0 1322 811 0 1323 118 0 1324 798 0 1325 812 0 1326 798 0 1327 117 0 1328 813 249 1329 799 250 1330 12 251 1331 814 0 1332 12 0 1333 815 0 1334 816 252 1335 814 252 1336 815 252 1337 817 0 1338 816 0 1339 815 0 1340 742 0 1341 817 0 1342 815 0 1343 531 0 1344 742 0 1345 815 0 1346 818 0 1347 531 0 1348 815 0 1349 819 253 1350 815 253 1351 11 253 1352 820 0 1353 821 0 1354 72 0 1355 822 0 1356 820 0 1357 72 0 1358 823 254 1359 822 254 1360 72 254 1361 824 255 1362 823 255 1363 72 255 1364 825 0 1365 72 0 1366 130 0 1367 826 0 1368 825 0 1369 130 0 1370 827 0 1371 826 0 1372 130 0 1373 828 0 1374 827 0 1375 130 0 1376 132 0 1377 828 0 1378 130 0 1379 829 0 1380 532 0 1381 830 0 1382 45 0 1383 532 0 1384 829 0 1385 831 0 1386 45 0 1387 829 0 1388 84 0 1389 831 0 1390 829 0 1391 832 0 1392 84 0 1393 829 0 1394 833 0 1395 829 0 1396 830 0 1397 337 0 1398 541 0 1399 285 0 1400 285 0 1401 541 0 1402 540 0 1403 834 0 1404 541 0 1405 337 0 1406 835 256 1407 336 256 1408 285 256 1409 836 257 1410 285 257 1411 540 257 1412 837 258 1413 83 258 1414 543 258 1415 838 0 1416 837 0 1417 543 0 1418 839 0 1419 838 0 1420 543 0 1421 840 0 1422 841 0 1423 299 0 1424 842 259 1425 299 259 1426 841 259 1427 841 0 1428 840 0 1429 437 0 1430 843 260 1431 844 260 1432 840 260 1433 845 261 1434 299 261 1435 842 261 1436 437 262 1437 840 262 1438 844 262 1439 844 0 1440 843 0 1441 846 0 1442 18 263 1443 299 263 1444 845 263 1445 846 264 1446 843 264 1447 35 264 1448 60 265 1449 37 265 1450 36 265 1451 71 0 1452 19 0 1453 18 0 1454 189 0 1455 61 0 1456 60 0 1457 70 266 1458 19 266 1459 71 266 1460 847 0 1461 71 0 1462 18 0 1463 436 267 1464 841 267 1465 437 267 1466 61 268 1467 189 268 1468 188 268 1469 848 0 1470 849 0 1471 189 0 1472 850 269 1473 189 269 1474 60 269 1475 851 0 1476 843 0 1477 840 0 1478 852 0 1479 851 0 1480 840 0 1481 853 270 1482 852 270 1483 840 270 1484 854 271 1485 853 271 1486 840 271 1487 855 0 1488 840 0 1489 299 0 1490 856 0 1491 855 0 1492 299 0 1493 857 0 1494 856 0 1495 299 0 1496 858 0 1497 299 0 1498 17 0 1499 859 0 1500 19 0 1501 70 0 1502 860 0 1503 859 0 1504 70 0 1505 861 0 1506 860 0 1507 70 0 1508 57 272 1509 70 272 1510 58 272 1511 862 0 1512 56 0 1513 58 0 1514 863 0 1515 862 0 1516 58 0 1517 864 273 1518 863 273 1519 58 273 1520 865 0 1521 69 0 1522 71 0 1523 866 0 1524 71 0 1525 847 0 1526 867 274 1527 847 274 1528 18 274 1529 868 0 1530 869 0 1531 200 0 1532 870 0 1533 200 0 1534 437 0 1535 871 0 1536 846 0 1537 35 0 1538 872 275 1539 35 275 1540 37 275 1541 873 0 1542 59 0 1543 61 0 1544 874 276 1545 61 276 1546 188 276 1547 875 1 1548 20 1 1549 90 1 1550 876 1 1551 21 1 1552 875 1 1553 90 277 1554 20 277 1555 877 277 1556 90 278 1557 877 278 1558 878 278 1559 90 279 1560 878 279 1561 879 279 1562 90 280 1563 92 280 1564 880 280 1565 90 281 1566 880 281 1567 881 281 1568 90 282 1569 881 282 1570 882 282 1571 90 283 1572 882 283 1573 81 283 1574 64 1 1575 876 1 1576 883 1 1577 64 284 1578 883 284 1579 96 284 1580 21 285 1581 65 285 1582 260 285 1583 22 1 1584 21 1 1585 884 1 1586 26 1 1587 885 1 1588 886 1 1589 886 1 1590 885 1 1591 887 1 1592 26 286 1593 886 286 1594 888 286 1595 889 1 1596 466 1 1597 32 1 1598 890 1 1599 466 1 1600 889 1 1601 33 287 1602 466 287 1603 891 287 1604 33 288 1605 891 288 1606 377 288 1607 34 1 1608 33 1 1609 892 1 1610 34 1 1611 892 1 1612 128 1 1613 32 289 1614 34 289 1615 893 289 1616 890 1 1617 889 1 1618 894 1 1619 537 290 1620 193 290 1621 461 290 1622 895 291 1623 193 291 1624 536 291 1625 461 292 1626 193 292 1627 896 292 1628 538 1 1629 537 1 1630 897 1 1631 538 293 1632 897 293 1633 347 293 1634 536 294 1635 538 294 1636 898 294 1637 536 295 1638 898 295 1639 411 295 1640 895 1 1641 536 1 1642 899 1 1643 900 1 1644 373 1 1645 307 1 1646 308 296 1647 373 296 1648 901 296 1649 308 297 1650 901 297 1651 522 297 1652 309 298 1653 308 298 1654 902 298 1655 309 1 1656 902 1 1657 177 1 1658 307 299 1659 309 299 1660 903 299 1661 307 300 1662 903 300 1663 212 300 1664 900 1 1665 307 1 1666 904 1 1667 559 1 1668 561 1 1669 905 1 1670 560 301 1671 906 301 1672 907 301 1673 560 302 1674 908 302 1675 292 302 1676 908 303 1677 909 303 1678 910 303 1679 908 304 1680 910 304 1681 911 304 1682 908 305 1683 911 305 1684 912 305 1685 908 306 1686 912 306 1687 913 306 1688 908 307 1689 913 307 1690 914 307 1691 294 308 1692 293 308 1693 155 308 1694 292 309 1695 294 309 1696 915 309 1697 560 310 1698 292 310 1699 561 310 1700 582 1 1701 584 1 1702 916 1 1703 583 311 1704 917 311 1705 918 311 1706 919 1 1707 920 1 1708 163 1 1709 921 312 1710 920 312 1711 919 312 1712 920 313 1713 584 313 1714 583 313 1715 920 314 1716 583 314 1717 922 314 1718 164 315 1719 920 315 1720 923 315 1721 164 316 1722 923 316 1723 356 316 1724 165 1 1725 164 1 1726 924 1 1727 165 1 1728 924 1 1729 276 1 1730 163 317 1731 165 317 1732 925 317 1733 163 318 1734 925 318 1735 510 318 1736 919 319 1737 163 319 1738 926 319 1739 927 1 1740 427 1 1741 533 1 1742 534 320 1743 427 320 1744 928 320 1745 534 321 1746 928 321 1747 444 321 1748 535 1 1749 534 1 1750 929 1 1751 535 322 1752 929 322 1753 394 322 1754 533 323 1755 535 323 1756 930 323 1757 533 324 1758 930 324 1759 408 324 1760 927 1 1761 533 1 1762 931 1 1763 932 325 1764 457 325 1765 50 325 1766 933 1 1767 457 1 1768 932 1 1769 51 326 1770 457 326 1771 934 326 1772 51 1 1773 934 1 1774 502 1 1775 52 1 1776 51 1 1777 935 1 1778 52 327 1779 935 327 1780 174 327 1781 50 328 1782 52 328 1783 936 328 1784 933 1 1785 932 1 1786 937 1 1787 938 329 1788 208 329 1789 270 329 1790 271 330 1791 208 330 1792 939 330 1793 271 331 1794 939 331 1795 325 331 1796 272 1 1797 271 1 1798 940 1 1799 272 1 1800 940 1 1801 439 1 1802 270 332 1803 272 332 1804 941 332 1805 270 333 1806 941 333 1807 362 333 1808 938 1 1809 270 1 1810 942 1 1811 574 1 1812 573 1 1813 494 1 1814 572 334 1815 574 334 1816 943 334 1817 944 335 1818 945 335 1819 301 335 1820 946 1 1821 945 1 1822 944 1 1823 303 1 1824 302 1 1825 339 1 1826 301 1 1827 303 1 1828 947 1 1829 944 1 1830 301 1 1831 948 1 1832 946 1 1833 944 1 1834 949 1 1835 572 336 1836 946 336 1837 950 336 1838 391 337 1839 951 338 1840 110 339 1841 952 1 1842 110 1 1843 951 1 1844 953 340 1845 110 340 1846 112 340 1847 954 1 1848 110 1 1849 953 1 1850 955 1 1851 110 1 1852 954 1 1853 956 1 1854 110 1 1855 955 1 1856 140 341 1857 957 341 1858 958 341 1859 958 342 1860 957 342 1861 959 342 1862 140 1 1863 958 1 1864 960 1 1865 140 343 1866 960 343 1867 961 343 1868 140 344 1869 961 344 1870 141 344 1871 282 1 1872 241 1 1873 249 1 1874 962 1 1875 241 1 1876 282 1 1877 963 1 1878 241 1 1879 962 1 1880 964 1 1881 241 1 1882 963 1 1883 965 345 1884 249 345 1885 241 345 1886 966 346 1887 249 346 1888 965 346 1889 967 1 1890 249 1 1891 966 1 1892 282 347 1893 249 347 1894 968 347 1895 963 1 1896 962 1 1897 969 1 1898 964 1 1899 963 1 1900 970 1 1901 243 348 1902 242 348 1903 221 348 1904 241 349 1905 243 349 1906 971 349 1907 965 350 1908 241 350 1909 972 350 1910 966 351 1911 965 351 1912 973 351 1913 966 1 1914 973 1 1915 450 1 1916 967 1 1917 966 1 1918 974 1 1919 28 352 1920 975 352 1921 976 352 1922 976 1 1923 975 1 1924 977 1 1925 28 353 1926 976 353 1927 98 353 1928 140 354 1929 978 354 1930 979 354 1931 140 355 1932 979 355 1933 980 355 1934 140 356 1935 980 356 1936 981 356 1937 140 357 1938 981 357 1939 982 357 1940 616 1 1941 615 1 1942 983 1 1943 331 358 1944 42 358 1945 984 358 1946 985 1 1947 42 1 1948 331 1 1949 43 359 1950 42 359 1951 985 359 1952 529 1 1953 42 1 1954 530 1 1955 984 360 1956 42 360 1957 986 360 1958 331 361 1959 984 361 1960 987 361 1961 43 362 1962 985 362 1963 988 362 1964 143 1 1965 556 1 1966 555 1 1967 556 1 1968 143 1 1969 989 1 1970 990 1 1971 143 1 1972 555 1 1973 353 363 1974 143 363 1975 990 363 1976 556 1 1977 989 1 1978 991 1 1979 227 364 1980 992 364 1981 993 364 1982 227 1 1983 993 1 1984 994 1 1985 227 1 1986 994 1 1987 995 1 1988 227 1 1989 995 1 1990 996 1 1991 1157 1 1992 997 1 1993 998 1 1994 998 365 1995 997 365 1996 999 365 1997 1157 366 1998 998 366 1999 1000 366 2000 1157 1 2001 1000 1 2002 1001 1 2003 1157 367 2004 1001 367 2005 1002 367 2006 1157 1 2007 1002 1 2008 1003 1 2009 1157 368 2010 1003 368 2011 1004 368 2012 1157 369 2013 1004 369 2014 1005 369 2015 1157 370 2016 1005 370 2017 1006 370 2018 1157 371 2019 1006 371 2020 1007 371 2021 1157 372 2022 1007 372 2023 1008 372 2024 1158 373 2025 1161 374 2026 1156 375 2027 594 1 2028 593 1 2029 252 1 2030 252 376 2031 593 376 2032 1009 376 2033 252 377 2034 1009 377 2035 1010 377 2036 252 1 2037 254 1 2038 236 1 2039 594 378 2040 252 378 2041 1011 378 2042 1012 379 2043 121 379 2044 1013 379 2045 1014 1 2046 121 1 2047 1012 1 2048 1015 1 2049 121 1 2050 1014 1 2051 1016 1 2052 121 1 2053 1015 1 2054 119 1 2055 121 1 2056 1016 1 2057 121 380 2058 120 380 2059 1017 380 2060 121 381 2061 1017 381 2062 1018 381 2063 121 382 2064 1018 382 2065 1019 382 2066 121 383 2067 1019 383 2068 1020 383 2069 1013 384 2070 121 384 2071 1021 384 2072 1012 385 2073 1013 385 2074 1022 385 2075 1012 386 2076 1022 386 2077 485 386 2078 1014 1 2079 1012 1 2080 1023 1 2081 1014 1 2082 1023 1 2083 516 1 2084 1015 387 2085 1014 387 2086 1024 387 2087 1015 388 2088 1024 388 2089 422 388 2090 1016 1 2091 1015 1 2092 1025 1 2093 119 1 2094 1016 1 2095 1026 1 2096 149 389 2097 1027 389 2098 262 389 2099 1028 390 2100 262 390 2101 1027 390 2102 262 391 2103 264 391 2104 417 391 2105 149 392 2106 262 392 2107 1029 392 2108 150 393 2109 149 393 2110 1030 393 2111 150 1 2112 1030 1 2113 1031 1 2114 150 394 2115 1031 394 2116 497 394 2117 1028 395 2118 1027 395 2119 1032 395 2120 1028 396 2121 1032 396 2122 402 396 2123 8 1 2124 1033 1 2125 1034 1 2126 233 1 2127 1033 1 2128 8 1 2129 1035 1 2130 1033 1 2131 233 1 2132 1033 397 2133 1035 397 2134 134 397 2135 1036 1 2136 1034 1 2137 1033 1 2138 114 1 2139 1034 1 2140 1036 1 2141 1034 1 2142 113 1 2143 1037 1 2144 1038 1 2145 8 1 2146 1034 1 2147 1039 1 2148 8 1 2149 1038 1 2150 233 398 2151 8 398 2152 1040 398 2153 134 1 2154 1035 1 2155 1041 1 2156 134 399 2157 1041 399 2158 1042 399 2159 134 400 2160 1042 400 2161 1043 400 2162 134 401 2163 1043 401 2164 1044 401 2165 134 1 2166 1044 1 2167 135 1 2168 1033 1 2169 134 1 2170 1045 1 2171 1033 402 2172 1045 402 2173 1046 402 2174 1033 1 2175 1046 1 2176 1047 1 2177 115 403 2178 114 403 2179 1048 403 2180 113 404 2181 115 404 2182 1049 404 2183 113 405 2184 1049 405 2185 480 405 2186 1037 1 2187 113 1 2188 1050 1 2189 1034 1 2190 1037 1 2191 1051 1 2192 1039 406 2193 1038 407 2194 1052 408 2195 9 409 2196 1039 409 2197 1053 409 2198 9 410 2199 1053 410 2200 1054 410 2201 9 411 2202 1054 411 2203 1055 411 2204 9 412 2205 1055 412 2206 529 412 2207 9 413 2208 529 413 2209 1056 413 2210 9 1 2211 1056 1 2212 1057 1 2213 10 1 2214 9 1 2215 1058 1 2216 77 414 2217 76 414 2218 1059 414 2219 77 1 2220 1059 1 2221 1060 1 2222 77 415 2223 1060 415 2224 1061 415 2225 77 1 2226 1061 1 2227 1062 1 2228 135 416 2229 77 416 2230 1063 416 2231 135 417 2232 1063 417 2233 1064 417 2234 135 418 2235 1064 418 2236 1065 418 2237 135 419 2238 1065 419 2239 1066 419 2240 135 420 2241 1066 420 2242 133 420 2243 1067 1 2244 528 1 2245 1068 1 2246 1068 421 2247 528 421 2248 530 421 2249 1068 1 2250 530 1 2251 87 1 2252 1068 1 2253 87 1 2254 1069 1 2255 1068 422 2256 1069 422 2257 1070 422 2258 1067 423 2259 1068 423 2260 1071 423 2261 333 1 2262 544 1 2263 1072 1 2264 1073 424 2265 544 424 2266 333 424 2267 1072 425 2268 544 425 2269 1074 425 2270 333 1 2271 335 1 2272 288 1 2273 1073 1 2274 333 1 2275 1075 1 2276 545 426 2277 88 426 2278 1076 426 2279 545 427 2280 1076 427 2281 1077 427 2282 545 428 2283 1077 428 2284 547 428 2285 15 1 2286 1078 1 2287 1079 1 2288 1078 1 2289 15 1 2290 1080 1 2291 433 1 2292 1079 1 2293 1078 1 2294 1079 1 2295 1081 1 2296 39 1 2297 1080 429 2298 15 429 2299 1082 429 2300 1081 430 2301 1079 430 2302 433 430 2303 1083 1 2304 39 1 2305 1081 1 2306 1082 1 2307 15 1 2308 1084 1 2309 40 1 2310 39 1 2311 1083 1 2312 1085 431 2313 38 431 2314 1086 431 2315 1084 432 2316 14 432 2317 67 432 2318 1086 1 2319 62 1 2320 190 1 2321 67 1 2322 14 1 2323 1087 1 2324 1084 433 2325 67 433 2326 1088 433 2327 433 1 2328 1078 1 2329 1089 1 2330 1090 1 2331 190 1 2332 62 1 2333 190 1 2334 1091 1 2335 383 1 2336 1086 1 2337 190 1 2338 1092 1 2339 1079 434 2340 39 434 2341 1093 434 2342 1079 435 2343 1093 435 2344 1094 435 2345 1079 436 2346 1094 436 2347 1095 436 2348 1079 437 2349 1095 437 2350 1096 437 2351 15 438 2352 1079 438 2353 1097 438 2354 15 439 2355 1097 439 2356 1098 439 2357 15 1 2358 1098 1 2359 296 1 2360 16 1 2361 15 1 2362 1099 1 2363 1087 440 2364 14 440 2365 1100 440 2366 1087 441 2367 1100 441 2368 1101 441 2369 1087 1 2370 1101 1 2371 1102 1 2372 53 442 2373 1087 442 2374 1103 442 2375 53 443 2376 55 443 2377 1104 443 2378 53 1 2379 1104 1 2380 1105 1 2381 53 444 2382 1105 444 2383 319 444 2384 67 445 2385 68 445 2386 314 445 2387 1088 446 2388 67 446 2389 1106 446 2390 1084 1 2391 1088 1 2392 1107 1 2393 435 1 2394 434 1 2395 203 1 2396 433 447 2397 435 447 2398 1108 447 2399 40 448 2400 1083 449 2401 1109 450 2402 38 451 2403 40 451 2404 1110 451 2405 62 452 2406 63 452 2407 367 452 2408 1090 1 2409 62 1 2410 1111 1 2411 627 453 2412 1 453 2413 1112 453 2414 25 454 2415 629 454 2416 1113 454 2417 653 455 2418 290 455 2419 655 455 2420 667 0 2421 161 0 2422 577 0 2423 570 456 2424 700 456 2425 305 456 2426 1114 0 2427 710 0 2428 109 0 2429 713 457 2430 712 457 2431 1115 457 2432 23 458 2433 731 458 2434 1116 458 2435 609 0 2436 101 0 2437 103 0 2438 742 459 2439 740 460 2440 1117 461 2441 1118 462 2442 549 462 2443 551 462 2444 1162 0 2445 755 0 2446 1119 0 2447 1120 0 2448 601 0 2449 602 0 2450 130 0 2451 72 0 2452 74 0 2453 1121 463 2454 830 463 2455 532 463 2456 539 464 2457 541 464 2458 1122 464 2459 543 465 2460 83 465 2461 85 465 2462 187 0 2463 189 0 2464 849 0 2465 1123 1 2466 20 1 2467 22 1 2468 1124 1 2469 885 1 2470 26 1 2471 909 466 2472 908 466 2473 560 466 2474 584 1 2475 920 1 2476 921 1 2477 945 467 2478 946 467 2479 572 467 2480 110 468 2481 956 468 2482 1125 468 2483 1126 469 2484 957 469 2485 140 469 2486 1127 1 2487 975 1 2488 28 1 2489 104 1 2490 106 1 2491 616 1 2492 1128 470 2493 42 471 2494 529 472 2495 554 1 2496 556 1 2497 1129 1 2498 1130 1 2499 997 1 2500 1157 1 2501 588 473 2502 594 473 2503 1131 473 2504 75 474 2505 77 474 2506 135 474 2507 528 475 2508 1067 475 2509 1132 475 2510 1133 476 2511 544 476 2512 546 476 2513 86 477 2514 88 477 2515 545 477 2516 1091 1 2517 190 1 2518 192 1 2519 1039 478 2520 9 478 2521 8 478 2522 815 0 2523 12 0 2524 11 0 2525 1084 1 2526 15 1 2527 14 1 2528 299 479 2529 18 479 2530 17 479 2531 875 1 2532 21 1 2533 20 1 2534 627 0 2535 3 0 2536 1 0 2537 1134 0 2538 24 0 2539 23 0 2540 888 480 2541 27 480 2542 26 480 2543 380 0 2544 30 0 2545 29 0 2546 466 481 2547 33 481 2548 32 481 2549 843 0 2550 36 0 2551 35 0 2552 1085 482 2553 39 482 2554 38 482 2555 530 1 2556 42 1 2557 41 1 2558 740 0 2559 45 0 2560 44 0 2561 505 0 2562 48 0 2563 47 0 2564 457 483 2565 51 483 2566 50 483 2567 1103 1 2568 54 1 2569 53 1 2570 1135 0 2571 57 0 2572 56 0 2573 37 0 2574 60 0 2575 59 0 2576 1086 484 2577 38 484 2578 62 484 2579 876 1 2580 64 1 2581 21 1 2582 625 0 2583 66 0 2584 3 0 2585 1087 1 2586 53 1 2587 67 1 2588 58 0 2589 70 0 2590 69 0 2591 821 0 2592 73 0 2593 72 0 2594 1136 1 2595 76 1 2596 75 1 2597 621 0 2598 0 0 2599 78 0 2600 90 485 2601 81 485 2602 80 485 2603 831 0 2604 84 0 2605 83 0 2606 1069 1 2607 87 1 2608 86 1 2609 618 0 2610 89 0 2611 0 0 2612 879 486 2613 91 486 2614 90 486 2615 623 487 2616 66 487 2617 93 487 2618 64 1 2619 96 1 2620 95 1 2621 28 488 2622 98 488 2623 26 488 2624 733 489 2625 23 489 2626 100 489 2627 1137 490 2628 102 490 2629 101 490 2630 1138 1 2631 105 1 2632 104 1 2633 1139 491 2634 108 491 2635 107 491 2636 952 1 2637 111 1 2638 110 1 2639 1034 1 2640 114 1 2641 113 1 2642 797 492 2643 117 492 2644 116 492 2645 1140 493 2646 120 493 2647 119 493 2648 772 0 2649 123 0 2650 122 0 2651 634 494 2652 29 494 2653 125 494 2654 34 1 2655 128 1 2656 127 1 2657 795 0 2658 131 0 2659 130 0 2660 1141 1 2661 134 1 2662 133 1 2663 713 0 2664 137 0 2665 136 0 2666 978 1 2667 140 1 2668 139 1 2669 989 1 2670 143 1 2671 142 1 2672 350 0 2673 146 0 2674 145 0 2675 1027 1 2676 149 1 2677 148 1 2678 785 0 2679 152 0 2680 151 0 2681 294 495 2682 155 495 2683 154 495 2684 660 0 2685 158 0 2686 157 0 2687 359 0 2688 161 0 2689 160 0 2690 920 1 2691 164 1 2692 163 1 2693 31 496 2694 167 496 2695 166 496 2696 889 1 2697 32 1 2698 169 1 2699 686 497 2700 47 497 2701 171 497 2702 52 498 2703 174 498 2704 173 498 2705 309 1 2706 177 1 2707 176 1 2708 647 0 2709 180 0 2710 179 0 2711 49 0 2712 183 0 2713 182 0 2714 932 1 2715 50 1 2716 185 1 2717 1142 499 2718 188 499 2719 187 499 2720 1090 1 2721 191 1 2722 190 1 2723 895 500 2724 194 500 2725 193 500 2726 1143 501 2727 197 501 2728 196 501 2729 868 502 2730 200 502 2731 199 502 2732 435 1 2733 203 1 2734 202 1 2735 1144 0 2736 206 0 2737 205 0 2738 938 1 2739 209 1 2740 208 1 2741 307 503 2742 212 503 2743 211 503 2744 649 0 2745 215 0 2746 214 0 2747 723 0 2748 218 0 2749 217 0 2750 243 1 2751 221 1 2752 220 1 2753 750 0 2754 224 0 2755 223 0 2756 992 1 2757 227 1 2758 226 1 2759 794 504 2760 230 504 2761 229 504 2762 1035 1 2763 233 1 2764 232 1 2765 252 1 2766 236 1 2767 235 1 2768 767 0 2769 239 0 2770 238 0 2771 964 1 2772 242 1 2773 241 1 2774 724 0 2775 244 0 2776 218 0 2777 1145 0 2778 247 0 2779 246 0 2780 967 1 2781 250 1 2782 249 1 2783 1010 1 2784 253 1 2785 252 1 2786 1146 0 2787 256 0 2788 255 0 2789 624 505 2790 3 505 2791 257 505 2792 21 1 2793 260 1 2794 259 1 2795 1028 506 2796 263 506 2797 262 506 2798 1147 0 2799 266 0 2800 265 0 2801 322 507 2802 207 507 2803 268 507 2804 208 1 2805 271 1 2806 270 1 2807 672 0 2808 160 0 2809 273 0 2810 165 1 2811 276 1 2812 275 1 2813 717 0 2814 279 0 2815 278 0 2816 962 1 2817 282 1 2818 281 1 2819 835 0 2820 285 0 2821 284 0 2822 333 1 2823 288 1 2824 287 1 2825 661 0 2826 290 0 2827 158 0 2828 908 1 2829 293 1 2830 292 1 2831 15 1 2832 296 1 2833 295 1 2834 857 0 2835 299 0 2836 298 0 2837 945 508 2838 302 508 2839 301 508 2840 702 0 2841 305 0 2842 304 0 2843 373 1 2844 308 1 2845 307 1 2846 519 0 2847 310 0 2848 180 0 2849 865 509 2850 71 509 2851 311 509 2852 67 1 2853 314 1 2854 313 1 2855 864 510 2856 58 510 2857 316 510 2858 53 1 2859 319 1 2860 318 1 2861 690 511 2862 322 511 2863 321 511 2864 271 512 2865 325 512 2866 324 512 2867 741 0 2868 328 0 2869 327 0 2870 985 1 2871 331 1 2872 330 1 2873 1072 1 2874 334 1 2875 333 1 2876 1148 513 2877 337 513 2878 336 513 2879 303 1 2880 339 1 2881 338 1 2882 701 514 2883 304 514 2884 341 514 2885 640 0 2886 344 0 2887 343 0 2888 538 1 2889 347 1 2890 346 1 2891 747 0 2892 350 0 2893 349 0 2894 143 1 2895 353 1 2896 352 1 2897 164 1 2898 356 1 2899 355 1 2900 670 0 2901 359 0 2902 358 0 2903 270 1 2904 362 1 2905 361 1 2906 694 515 2907 269 515 2908 364 515 2909 62 1 2910 367 1 2911 366 1 2912 873 0 2913 61 0 2914 369 0 2915 1149 0 2916 372 0 2917 371 0 2918 900 1 2919 374 1 2920 373 1 2921 33 1 2922 377 1 2923 376 1 2924 632 0 2925 380 0 2926 379 0 2927 190 1 2928 383 1 2929 382 1 2930 848 0 2931 189 0 2932 385 0 2933 706 0 2934 388 0 2935 387 0 2936 951 1 2937 391 1 2938 390 1 2939 535 516 2940 394 516 2941 393 516 2942 679 0 2943 397 0 2944 396 0 2945 792 517 2946 266 517 2947 399 517 2948 1028 1 2949 402 1 2950 401 1 2951 681 518 2952 405 518 2953 404 518 2954 533 1 2955 408 1 2956 407 1 2957 536 519 2958 411 519 2959 410 519 2960 642 0 2961 414 0 2962 413 0 2963 262 1 2964 417 1 2965 416 1 2966 786 0 2967 267 0 2968 419 0 2969 1015 1 2970 422 1 2971 421 1 2972 782 0 2973 425 0 2974 424 0 2975 927 520 2976 428 520 2977 427 520 2978 1150 521 2979 431 521 2980 430 521 2981 1089 1 2982 434 1 2983 433 1 2984 869 0 2985 436 0 2986 200 0 2987 272 1 2988 439 1 2989 438 1 2990 692 0 2991 268 0 2992 441 0 2993 534 1 2994 444 1 2995 443 1 2996 677 0 2997 447 0 2998 446 0 2999 966 1 3000 450 1 3001 449 1 3002 728 0 3003 453 0 3004 452 0 3005 1151 522 3006 456 522 3007 455 522 3008 933 1 3009 458 1 3010 457 1 3011 537 1 3012 461 1 3013 460 1 3014 637 0 3015 464 0 3016 463 0 3017 890 1 3018 467 1 3019 466 1 3020 1152 0 3021 470 0 3022 469 0 3023 1153 523 3024 471 523 3025 13 523 3026 1154 1 3027 472 1 3028 10 1 3029 550 0 3030 474 0 3031 473 0 3032 555 1 3033 477 1 3034 476 1 3035 113 1 3036 480 1 3037 479 1 3038 810 0 3039 118 0 3040 482 0 3041 1012 1 3042 485 1 3043 484 1 3044 778 0 3045 488 0 3046 487 0 3047 696 0 3048 491 0 3049 490 0 3050 574 1 3051 494 1 3052 493 1 3053 150 1 3054 497 1 3055 496 1 3056 790 0 3057 151 0 3058 499 0 3059 51 1 3060 502 1 3061 501 1 3062 684 524 3063 505 524 3064 504 524 3065 674 0 3066 162 0 3067 507 0 3068 163 1 3069 510 1 3070 509 1 3071 780 0 3072 513 0 3073 512 0 3074 1014 1 3075 516 1 3076 515 1 3077 645 0 3078 519 0 3079 518 0 3080 308 1 3081 522 1 3082 521 1 3083 17 525 3084 19 525 3085 524 525 3086 14 1 3087 16 1 3088 526 1 3089 1056 1 3090 529 1 3091 528 1 3092 742 0 3093 531 0 3094 45 0 3095 427 1 3096 534 1 3097 533 1 3098 447 0 3099 432 0 3100 397 0 3101 464 0 3102 198 0 3103 344 0 3104 193 1 3105 537 1 3106 536 1 3107 543 0 3108 540 0 3109 539 0 3110 839 526 3111 543 526 3112 542 526 3113 1073 1 3114 545 1 3115 544 1 3116 545 527 3117 547 527 3118 546 527 3119 474 0 3120 550 0 3121 549 0 3122 551 0 3123 550 0 3124 552 0 3125 477 1 3126 555 1 3127 554 1 3128 477 1 3129 554 1 3130 557 1 3131 906 1 3132 560 1 3133 559 1 3134 906 528 3135 559 528 3136 562 528 3137 653 529 3138 565 529 3139 564 529 3140 566 0 3141 565 0 3142 567 0 3143 697 0 3144 569 0 3145 491 0 3146 1155 0 3147 571 0 3148 569 0 3149 576 530 3150 573 530 3151 572 530 3152 950 1 3153 575 1 3154 572 1 3155 665 0 3156 578 0 3157 577 0 3158 579 531 3159 578 531 3160 580 531 3161 917 1 3162 583 1 3163 582 1 3164 917 1 3165 582 1 3166 585 1 3167 591 532 3168 588 532 3169 587 532 3170 593 533 3171 591 533 3172 590 533 3173 591 1 3174 593 1 3175 588 1 3176 602 0 3177 596 0 3178 595 0 3179 596 0 3180 599 0 3181 598 0 3182 599 0 3183 596 0 3184 601 0 3185 101 0 3186 604 0 3187 603 0 3188 604 0 3189 607 0 3190 606 0 3191 607 534 3192 604 534 3193 609 534 3194 615 1 3195 611 1 3196 610 1 3197 611 535 3198 106 535 3199 613 535 3200 611 1 3201 615 1 3202 106 1 3203</p>
        </triangles>
      </mesh>
    </geometry>
    <geometry id="_3_2_163_0_zeimport_poly5_XSIPOLYCLS_maze_0-mesh" name="13.2.163.0_zeimport_poly5_XSIPOLYCLS.maze_0">
      <mesh>
        <source id="_3_2_163_0_zeimport_poly5_XSIPOLYCLS_maze_0-mesh-positions">
          <float_array id="_3_2_163_0_zeimport_poly5_XSIPOLYCLS_maze_0-mesh-positions-array" count="8673">-27.20363 49.06556 8.742136 -36.10967 49.0665 2.180852 -36.10967 49.0665 8.742136 -27.20363 49.06556 8.742136 -27.22641 48.50053 2.180852 -27.20363 49.06556 2.180852 -36.10967 49.0665 8.742136 -36.12498 48.47572 2.180852 -36.12498 48.47572 8.742136 -27.22641 48.50053 8.742136 -26.67229 48.46566 2.180852 -27.22641 48.50053 2.180852 -36.12498 48.47572 8.742136 -36.64989 48.45271 2.180852 -36.64989 48.45271 8.742136 -26.64116 47.93072 8.742136 -26.67229 48.46566 2.180852 -26.67229 48.46566 8.742136 -36.66057 47.95154 8.742136 -36.64989 48.45271 2.180852 -36.66057 47.95154 2.180852 -26.08822 47.92386 8.742136 -26.64116 47.93072 2.180852 -26.64116 47.93072 8.742136 -37.23701 47.96005 8.742136 -36.66057 47.95154 2.180852 -37.23701 47.96005 2.180852 -26.0666 39.05541 8.742136 -26.08822 47.92386 2.180852 -26.08822 47.92386 8.742136 -37.23701 47.96005 8.742136 -37.22177 39.02613 2.180852 -37.22177 39.02613 8.742136 -26.68182 39.02662 8.742136 -26.0666 39.05541 2.180852 -26.0666 39.05541 8.742136 -37.22177 39.02613 8.742136 -36.71417 39.04428 2.180852 -36.71417 39.04428 8.742136 -26.70686 38.45706 8.742136 -26.68182 39.02662 2.180852 -26.68182 39.02662 8.742136 -36.71417 39.04428 8.742136 -36.69295 38.46982 2.180852 -36.69295 38.46982 8.742136 -27.14703 38.48475 8.742136 -26.70686 38.45706 2.180852 -26.70686 38.45706 8.742136 -36.13878 38.45974 8.742136 -36.69295 38.46982 2.180852 -36.13878 38.45974 2.180852 -27.13491 37.94472 8.742136 -27.14703 38.48475 2.180852 -27.14703 38.48475 8.742136 -36.1181 37.94233 8.742136 -36.13878 38.45974 2.180852 -36.1181 37.94233 2.180852 -36.1181 37.94233 8.742136 -27.13491 37.94472 2.180852 -27.13491 37.94472 8.742136 -27.20363 49.06556 2.180852 -36.10967 49.0665 2.180852 -27.20363 49.06556 8.742136 -27.22641 48.50053 8.742136 -36.10967 49.0665 2.180852 -36.12498 48.47572 2.180852 -36.10967 49.0665 8.742136 -26.67229 48.46566 8.742136 -36.12498 48.47572 2.180852 -36.64989 48.45271 2.180852 -36.12498 48.47572 8.742136 -26.64116 47.93072 2.180852 -26.67229 48.46566 2.180852 -26.64116 47.93072 8.742136 -36.64989 48.45271 8.742136 -26.08822 47.92386 2.180852 -26.64116 47.93072 2.180852 -26.08822 47.92386 8.742136 -36.66057 47.95154 8.742136 -26.0666 39.05541 2.180852 -26.08822 47.92386 2.180852 -26.0666 39.05541 8.742136 -37.23701 47.96005 2.180852 -37.22177 39.02613 2.180852 -37.23701 47.96005 8.742136 -26.68182 39.02662 2.180852 -26.0666 39.05541 2.180852 -26.68182 39.02662 8.742136 -37.22177 39.02613 2.180852 -36.71417 39.04428 2.180852 -37.22177 39.02613 8.742136 -26.70686 38.45706 2.180852 -26.68182 39.02662 2.180852 -26.70686 38.45706 8.742136 -36.71417 39.04428 2.180852 -36.69295 38.46982 2.180852 -36.71417 39.04428 8.742136 -27.14703 38.48475 2.180852 -26.70686 38.45706 2.180852 -27.14703 38.48475 8.742136 -36.69295 38.46982 8.742136 -27.13491 37.94472 2.180852 -27.14703 38.48475 2.180852 -27.13491 37.94472 8.742136 -36.13878 38.45974 8.742136 -36.1181 37.94233 2.180852 -27.13491 37.94472 2.180852 -36.1181 37.94233 8.742136 27.18915 -57.55034 8.742136 27.17028 -35.39013 2.180852 27.17028 -35.39013 8.742136 27.15599 -18.5973 2.180852 27.15599 -18.5973 8.742136 27.18915 -57.55034 2.180852 7.212849 -5.375978 8.742136 7.234318 -7.035825 2.180852 7.234318 -7.035825 8.742136 7.741353 -5.364689 8.742136 7.212849 -5.375978 2.180852 7.212849 -5.375978 8.742136 7.754461 -4.782482 8.742136 7.741353 -5.364689 2.180852 7.741353 -5.364689 8.742136 8.279425 -4.247781 8.742136 8.285622 -4.8159 2.180852 8.285622 -4.8159 8.742136 8.285622 -4.8159 8.742136 7.754461 -4.782482 2.180852 7.754461 -4.782482 8.742136 7.212849 -5.375978 2.180852 7.741353 -5.364689 2.180852 7.212849 -5.375978 2.180852 7.741353 -5.364689 8.742136 7.754461 -4.782482 2.180852 7.741353 -5.364689 2.180852 7.754461 -4.782482 8.742136 8.279425 -4.247781 2.180852 8.285622 -4.8159 2.180852 8.279425 -4.247781 8.742136 8.285622 -4.8159 2.180852 7.754461 -4.782482 2.180852 8.285622 -4.8159 8.742136 26.06661 -59.76489 8.742136 26.0821 -59.22553 2.180852 26.0821 -59.22553 8.742136 26.06661 -59.76489 2.180852 -62.79851 -59.73491 8.742136 26.06661 -59.76489 2.180852 26.06661 -59.76489 8.742136 -62.79851 -59.73491 2.180852 -46.1327 -17.57573 8.742136 -62.77059 -17.56908 2.180852 -62.77059 -17.56908 8.742136 -46.10544 -6.50809 8.742136 -46.10666 -6.945666 2.180852 -46.10666 -6.945666 8.742136 -46.10666 -6.945666 8.742136 -46.1327 -17.57573 2.180852 -46.1327 -17.57573 8.742136 -46.1327 -17.57573 2.180852 -62.77059 -17.56908 2.180852 -46.1327 -17.57573 8.742136 -46.10544 -6.50809 2.180852 -46.1327 -17.57573 2.180852 -61.64496 -50.32746 8.742136 -61.64114 -42.02427 2.180852 -61.64114 -42.02427 8.742136 -61.64521 -50.86451 2.180852 -61.64496 -50.32746 2.180852 0.575703 -57.5476 8.742136 -17.14964 -57.54294 2.180852 -17.14964 -57.54294 8.742136 -61.64828 -57.53125 8.742136 -61.64521 -50.86451 8.742136 -17.87379 -57.54276 8.742136 -17.87379 -57.54276 2.180852 -17.87379 -57.54276 8.742136 -61.64828 -57.53125 2.180852 -61.64828 -57.53125 8.742136 0.575703 -57.5476 2.180852 -61.64828 -57.53125 2.180852 -61.64521 -50.86451 2.180852 -61.64828 -57.53125 8.742136 -61.64828 -57.53125 2.180852 26.05979 -6.465739 8.742136 26.0529 -5.900373 2.180852 26.0529 -5.900373 8.742136 26.0529 -5.900373 8.742136 26.60895 -5.935357 2.180852 26.60895 -5.935357 8.742136 26.60895 -5.935357 8.742136 26.60063 -4.805243 2.180852 26.60063 -4.805243 8.742136 26.09004 -4.27685 8.742136 8.279425 -4.247781 2.180852 8.279425 -4.247781 8.742136 26.60063 -4.805243 8.742136 26.14434 -4.798963 2.180852 26.14434 -4.798963 8.742136 26.14434 -4.798963 8.742136 26.09004 -4.27685 2.180852 26.09004 -4.27685 8.742136 26.05979 -6.465739 2.180852 26.0529 -5.900373 2.180852 26.05979 -6.465739 8.742136 26.0529 -5.900373 2.180852 26.60895 -5.935357 2.180852 26.0529 -5.900373 8.742136 26.60895 -5.935357 2.180852 26.60063 -4.805243 2.180852 26.60895 -5.935357 8.742136 26.09004 -4.27685 2.180852 8.279425 -4.247781 2.180852 26.09004 -4.27685 8.742136 26.60063 -4.805243 2.180852 26.14434 -4.798963 2.180852 26.60063 -4.805243 8.742136 26.14434 -4.798963 2.180852 26.09004 -4.27685 2.180852 26.14434 -4.798963 8.742136 9.418166 -6.504926 8.742136 26.05979 -6.465739 2.180852 26.05979 -6.465739 8.742136 9.426337 -7.039531 8.742136 9.418166 -6.504926 2.180852 9.418166 -6.504926 8.742136 9.433157 -17.58099 8.742136 9.426337 -7.039531 2.180852 9.426337 -7.039531 8.742136 24.91054 -17.49571 8.742136 9.433157 -17.58099 2.180852 9.433157 -17.58099 8.742136 26.13446 -17.50106 8.742136 24.91054 -17.49571 2.180852 24.91054 -17.49571 8.742136 26.14197 -18.08783 8.742136 26.13446 -17.50106 2.180852 26.13446 -17.50106 8.742136 26.64133 -18.069 8.742136 26.14197 -18.08783 2.180852 26.14197 -18.08783 8.742136 27.15599 -18.5973 8.742136 26.62718 -18.62066 2.180852 26.62718 -18.62066 8.742136 26.62718 -18.62066 8.742136 26.64133 -18.069 2.180852 26.64133 -18.069 8.742136 9.418166 -6.504926 2.180852 26.05979 -6.465739 2.180852 9.418166 -6.504926 8.742136 9.433157 -17.58099 2.180852 9.426337 -7.039531 2.180852 9.433157 -17.58099 8.742136 9.433157 -17.58099 2.180852 26.13446 -17.50106 2.180852 24.91054 -17.49571 2.180852 26.13446 -17.50106 8.742136 26.14197 -18.08783 2.180852 26.13446 -17.50106 2.180852 26.14197 -18.08783 8.742136 26.64133 -18.069 2.180852 26.14197 -18.08783 2.180852 26.64133 -18.069 8.742136 27.15599 -18.5973 2.180852 26.62718 -18.62066 2.180852 27.15599 -18.5973 8.742136 26.62718 -18.62066 2.180852 24.89794 -50.93548 8.742136 24.873 -57.554 2.180852 24.873 -57.554 8.742136 24.873 -57.554 8.742136 0.575703 -57.5476 2.180852 0.575703 -57.5476 8.742136 24.89794 -50.93548 2.180852 24.873 -57.554 2.180852 24.89794 -50.93548 8.742136 24.873 -57.554 2.180852 0.575703 -57.5476 2.180852 24.873 -57.554 8.742136 -43.87738 -18.69816 8.742136 -43.87692 -6.949434 2.180852 -43.87692 -6.949434 8.742136 -44.40858 -18.70491 8.742136 -43.87738 -18.69816 2.180852 -43.87738 -18.69816 8.742136 -44.42453 -19.26144 8.742136 -44.40858 -18.70491 2.180852 -44.40858 -18.70491 8.742136 -61.62865 -28.60022 8.742136 -61.63283 -19.79667 2.180852 -61.63283 -19.79667 8.742136 -44.98628 -19.28263 8.742136 -44.42453 -19.26144 2.180852 -44.42453 -19.26144 8.742136 -61.63283 -19.79667 8.742136 -44.98689 -19.79696 2.180852 -44.98689 -19.79696 8.742136 -44.98689 -19.79696 8.742136 -44.98628 -19.28263 2.180852 -44.98628 -19.28263 8.742136 -43.87738 -18.69816 2.180852 -43.87692 -6.949434 2.180852 -43.87738 -18.69816 8.742136 -44.40858 -18.70491 2.180852 -43.87738 -18.69816 2.180852 -44.40858 -18.70491 8.742136 -44.42453 -19.26144 2.180852 -61.62865 -28.60022 2.180852 -61.63283 -19.79667 2.180852 -61.62865 -28.60022 8.742136 -44.98628 -19.28263 2.180852 -44.42453 -19.26144 2.180852 -44.98628 -19.28263 8.742136 -61.63283 -19.79667 2.180852 -44.98689 -19.79696 2.180852 -61.63283 -19.79667 8.742136 -44.98689 -19.79696 2.180852 -44.98628 -19.28263 2.180852 -44.98689 -19.79696 8.742136 16.07604 -36.41596 8.742136 16.10735 -40.87229 2.180852 16.10735 -40.87229 8.742136 16.61952 -36.41761 8.742136 16.07604 -36.41596 2.180852 16.07604 -36.41596 8.742136 24.96772 -35.35396 8.742136 17.14262 -35.3198 2.180852 17.14262 -35.3198 8.742136 16.577 -35.85543 8.742136 16.61952 -36.41761 2.180852 16.61952 -36.41761 8.742136 17.14262 -35.3198 8.742136 17.19211 -35.90102 2.180852 17.19211 -35.90102 8.742136 17.19211 -35.90102 8.742136 16.577 -35.85543 2.180852 16.577 -35.85543 8.742136 16.07604 -36.41596 2.180852 16.10735 -40.87229 2.180852 16.07604 -36.41596 8.742136 16.61952 -36.41761 2.180852 16.07604 -36.41596 2.180852 16.61952 -36.41761 8.742136 24.96772 -35.35396 2.180852 17.14262 -35.3198 2.180852 24.96772 -35.35396 8.742136 16.577 -35.85543 2.180852 16.61952 -36.41761 2.180852 16.577 -35.85543 8.742136 17.14262 -35.3198 2.180852 17.19211 -35.90102 2.180852 17.14262 -35.3198 8.742136 17.19211 -35.90102 2.180852 16.577 -35.85543 2.180852 17.19211 -35.90102 8.742136 24.91816 -19.87386 8.742136 24.96772 -35.35396 2.180852 24.96772 -35.35396 8.742136 8.314276 -19.79671 8.742136 24.91816 -19.87386 2.180852 24.91816 -19.87386 8.742136 24.91816 -19.87386 2.180852 24.96772 -35.35396 2.180852 24.91816 -19.87386 8.742136 8.314276 -19.79671 2.180852 24.91816 -19.87386 2.180852 8.314276 -19.79671 8.742136 -45.02848 -4.269997 8.742136 -62.75634 -4.219508 2.180852 -62.75634 -4.219508 8.742136 -44.98854 -4.799017 8.742136 -45.02848 -4.269997 2.180852 -45.02848 -4.269997 8.742136 -44.43251 -4.788616 8.742136 -44.98854 -4.799017 2.180852 -44.98854 -4.799017 8.742136 -44.43351 -5.369644 8.742136 -44.43251 -4.788616 2.180852 -44.43251 -4.788616 8.742136 -43.87692 -6.949434 8.742136 -43.87902 -5.34873 2.180852 -43.87902 -5.34873 8.742136 -43.87902 -5.34873 8.742136 -44.43351 -5.369644 2.180852 -44.43351 -5.369644 8.742136 -45.02848 -4.269997 2.180852 -62.75634 -4.219508 2.180852 -45.02848 -4.269997 8.742136 -44.98854 -4.799017 2.180852 -45.02848 -4.269997 2.180852 -44.98854 -4.799017 8.742136 -44.43251 -4.788616 2.180852 -44.98854 -4.799017 2.180852 -44.43251 -4.788616 8.742136 -44.43351 -5.369644 2.180852 -44.43251 -4.788616 2.180852 -44.43351 -5.369644 8.742136 -43.87692 -6.949434 2.180852 -43.87902 -5.34873 2.180852 -43.87692 -6.949434 8.742136 -43.87902 -5.34873 2.180852 -44.43351 -5.369644 2.180852 -43.87902 -5.34873 8.742136 -63.81598 -18.638 8.742136 -63.84146 -58.68344 2.180852 -63.84146 -58.68344 8.742136 -63.32237 -18.68017 8.742136 -63.81598 -18.638 2.180852 -63.81598 -18.638 8.742136 -63.31401 -18.08135 8.742136 -63.32237 -18.68017 2.180852 -63.32237 -18.68017 8.742136 -62.77059 -17.56908 8.742136 -62.76893 -18.08182 2.180852 -62.76893 -18.08182 8.742136 -62.76893 -18.08182 8.742136 -63.31401 -18.08135 2.180852 -63.31401 -18.08135 8.742136 -63.81598 -18.638 2.180852 -63.84146 -58.68344 2.180852 -63.81598 -18.638 8.742136 -63.32237 -18.68017 2.180852 -63.81598 -18.638 2.180852 -63.32237 -18.68017 8.742136 -63.31401 -18.08135 2.180852 -63.32237 -18.68017 2.180852 -63.31401 -18.08135 8.742136 -62.77059 -17.56908 2.180852 -62.76893 -18.08182 2.180852 -62.77059 -17.56908 8.742136 -62.76893 -18.08182 2.180852 -63.31401 -18.08135 2.180852 -62.76893 -18.08182 8.742136 -61.64114 -42.02427 8.742136 -53.83099 -42.00795 2.180852 -53.83099 -42.00795 8.742136 -53.83099 -42.00795 8.742136 -53.84234 -41.39273 2.180852 -53.84234 -41.39273 8.742136 -53.84234 -41.39273 8.742136 -53.30029 -41.38327 2.180852 -53.30029 -41.38327 8.742136 -61.62544 -35.36489 8.742136 -61.62865 -28.60022 2.180852 -61.62865 -28.60022 8.742136 -53.30029 -41.38327 8.742136 -53.26835 -40.8856 2.180852 -53.26835 -40.8856 8.742136 -53.90822 -35.35416 8.742136 -61.62544 -35.36489 2.180852 -61.62544 -35.36489 8.742136 -53.26835 -40.8856 8.742136 -52.75385 -40.8662 2.180852 -52.75385 -40.8662 8.742136 -53.8866 -35.91527 8.742136 -53.90822 -35.35416 2.180852 -53.90822 -35.35416 8.742136 -52.75385 -40.8662 8.742136 -52.80537 -36.43202 2.180852 -52.80537 -36.43202 8.742136 -53.34769 -35.90796 8.742136 -53.8866 -35.91527 2.180852 -53.8866 -35.91527 8.742136 -52.80537 -36.43202 8.742136 -53.30531 -36.42619 2.180852 -53.30531 -36.42619 8.742136 -53.30531 -36.42619 8.742136 -53.34769 -35.90796 2.180852 -53.34769 -35.90796 8.742136 -61.64114 -42.02427 2.180852 -53.83099 -42.00795 2.180852 -61.64114 -42.02427 8.742136 -53.83099 -42.00795 2.180852 -53.84234 -41.39273 2.180852 -53.30029 -41.38327 2.180852 -53.84234 -41.39273 8.742136 -61.62544 -35.36489 2.180852 -61.62865 -28.60022 2.180852 -61.62544 -35.36489 8.742136 -53.30029 -41.38327 2.180852 -53.26835 -40.8856 2.180852 -53.30029 -41.38327 8.742136 -53.90822 -35.35416 2.180852 -61.62544 -35.36489 2.180852 -53.90822 -35.35416 8.742136 -53.26835 -40.8856 2.180852 -52.75385 -40.8662 2.180852 -53.26835 -40.8856 8.742136 -53.8866 -35.91527 2.180852 -53.90822 -35.35416 2.180852 -53.8866 -35.91527 8.742136 -52.75385 -40.8662 2.180852 -52.80537 -36.43202 2.180852 -52.75385 -40.8662 8.742136 -53.34769 -35.90796 2.180852 -53.8866 -35.91527 2.180852 -53.34769 -35.90796 8.742136 -52.80537 -36.43202 2.180852 -53.30531 -36.42619 2.180852 -52.80537 -36.43202 8.742136 -53.30531 -36.42619 2.180852 -53.34769 -35.90796 2.180852 -53.30531 -36.42619 8.742136 -61.60279 55.63906 8.742136 -19.4568 55.69869 2.180852 -19.4568 55.69869 8.742136 -61.61646 38.09891 8.742136 -61.62719 24.33255 2.180852 -61.61646 38.09891 2.180852 -61.61646 38.09891 8.742136 -61.60279 55.63906 2.180852 -61.60279 55.63906 8.742136 -61.60279 55.63906 2.180852 -19.4568 55.69869 2.180852 -61.60279 55.63906 8.742136 -61.62719 24.33255 8.742136 -61.60279 55.63906 2.180852 -62.78692 -59.25411 8.742136 -62.79851 -59.73491 2.180852 -62.79851 -59.73491 8.742136 -63.31451 -59.24656 8.742136 -62.78692 -59.25411 2.180852 -62.78692 -59.25411 8.742136 -63.84146 -58.68344 8.742136 -63.29845 -58.67837 2.180852 -63.29845 -58.67837 8.742136 -63.29845 -58.67837 8.742136 -63.31451 -59.24656 2.180852 -63.31451 -59.24656 8.742136 -62.78692 -59.25411 2.180852 -62.79851 -59.73491 2.180852 -62.78692 -59.25411 8.742136 -63.31451 -59.24656 2.180852 -62.78692 -59.25411 2.180852 -63.31451 -59.24656 8.742136 -63.84146 -58.68344 2.180852 -63.29845 -58.67837 2.180852 -63.84146 -58.68344 8.742136 -63.29845 -58.67837 2.180852 -63.31451 -59.24656 2.180852 -63.29845 -58.67837 8.742136 -35.52369 -35.90588 8.742136 -36.64118 -35.91418 2.180852 -36.64118 -35.91418 8.742136 -35.51686 -36.43522 8.742136 -35.52369 -35.90588 2.180852 -35.52369 -35.90588 8.742136 -34.99314 -48.65857 8.742136 -35.01281 -36.43983 2.180852 -35.01281 -36.43983 8.742136 -35.51686 -36.43522 8.742136 -35.01281 -36.43983 2.180852 -35.51686 -36.43522 2.180852 -35.52369 -35.90588 2.180852 -36.64118 -35.91418 2.180852 -35.52369 -35.90588 8.742136 -35.51686 -36.43522 2.180852 -35.52369 -35.90588 2.180852 -35.51686 -36.43522 8.742136 -34.99314 -48.65857 2.180852 -35.01281 -36.43983 2.180852 -34.99314 -48.65857 8.742136 -35.01281 -36.43983 8.742136 0.009831964 30.13812 8.742136 0.594876 30.15649 2.180852 0.009831964 30.13812 2.180852 0.594876 30.15649 8.742136 0.527685 24.60561 2.180852 0.594876 30.15649 2.180852 -0.04524898 30.77955 8.742136 0.009831964 30.13812 2.180852 -0.04524898 30.77955 2.180852 0.584513 3.517231 8.742136 0.527685 24.60561 8.742136 -1.167341 30.73866 8.742136 -0.04524898 30.77955 2.180852 -1.167341 30.73866 2.180852 -0.02821093 3.499275 8.742136 0.584513 3.517231 2.180852 0.584513 3.517231 8.742136 -1.179119 30.18536 8.742136 -1.167341 30.73866 2.180852 -1.179119 30.18536 2.180852 0.005843997 2.935154 8.742136 -0.02821093 3.499275 2.180852 -0.02821093 3.499275 8.742136 -1.680189 30.21688 8.742136 -1.179119 30.18536 2.180852 -1.680189 30.21688 2.180852 -1.125124 2.950417 8.742136 0.005843997 2.935154 2.180852 0.005843997 2.935154 8.742136 -1.73961 24.60472 8.742136 -1.680189 30.21688 2.180852 -1.73961 24.60472 2.180852 -1.190236 3.544152 8.742136 -1.125124 2.950417 2.180852 -1.125124 2.950417 8.742136 -1.699917 18.01546 8.742136 -1.699917 18.01546 2.180852 -1.716826 3.549065 8.742136 -1.190236 3.544152 2.180852 -1.190236 3.544152 8.742136 -9.448553 17.94023 8.742136 -1.699917 18.01546 2.180852 -9.448553 17.94023 2.180852 -1.708439 15.67046 8.742136 -1.716826 3.549065 2.180852 -1.716826 3.549065 8.742136 -9.540185 17.38713 8.742136 -9.448553 17.94023 2.180852 -9.540185 17.38713 2.180852 -9.461285 15.68939 8.742136 -1.708439 15.67046 2.180852 -1.708439 15.67046 8.742136 -10.01296 17.41688 8.742136 -9.540185 17.38713 2.180852 -10.01296 17.41688 2.180852 -9.525037 16.31913 8.742136 -9.461285 15.68939 2.180852 -9.461285 15.68939 8.742136 -10.01296 17.41688 8.742136 -10.0745 16.27522 2.180852 -10.0745 16.27522 8.742136 -10.0745 16.27522 8.742136 -9.525037 16.31913 2.180852 -9.525037 16.31913 8.742136 0.594876 30.15649 8.742136 0.009831964 30.13812 8.742136 0.584513 3.517231 2.180852 0.527685 24.60561 2.180852 0.584513 3.517231 8.742136 -0.04524898 30.77955 8.742136 -0.02821093 3.499275 2.180852 0.584513 3.517231 2.180852 -0.02821093 3.499275 8.742136 -1.167341 30.73866 8.742136 0.005843997 2.935154 2.180852 -1.179119 30.18536 8.742136 -1.125124 2.950417 2.180852 0.005843997 2.935154 2.180852 -1.125124 2.950417 8.742136 -1.680189 30.21688 8.742136 -1.190236 3.544152 2.180852 -1.125124 2.950417 2.180852 -1.190236 3.544152 8.742136 -1.716826 3.549065 2.180852 -1.190236 3.544152 2.180852 -1.716826 3.549065 8.742136 -1.699917 18.01546 8.742136 -1.708439 15.67046 2.180852 -1.716826 3.549065 2.180852 -1.708439 15.67046 8.742136 -9.448553 17.94023 8.742136 -9.461285 15.68939 2.180852 -1.708439 15.67046 2.180852 -9.461285 15.68939 8.742136 -9.540185 17.38713 8.742136 -9.525037 16.31913 2.180852 -9.461285 15.68939 2.180852 -9.525037 16.31913 8.742136 -10.01296 17.41688 2.180852 -10.0745 16.27522 2.180852 -10.01296 17.41688 8.742136 -10.0745 16.27522 2.180852 -9.525037 16.31913 2.180852 -10.0745 16.27522 8.742136 -62.75634 -4.219508 8.742136 -62.77413 -4.793172 2.180852 -62.77413 -4.793172 8.742136 -62.77413 -4.793172 8.742136 -63.30013 -4.813012 2.180852 -63.30013 -4.813012 8.742136 -63.30013 -4.813012 8.742136 -63.28383 -5.875179 2.180852 -63.28383 -5.875179 8.742136 -62.74758 -6.481706 8.742136 -46.10544 -6.50809 2.180852 -46.10544 -6.50809 8.742136 -63.28383 -5.875179 8.742136 -62.75839 -5.883417 2.180852 -62.75839 -5.883417 8.742136 -62.75839 -5.883417 8.742136 -62.74758 -6.481706 2.180852 -62.74758 -6.481706 8.742136 -62.75634 -4.219508 2.180852 -62.77413 -4.793172 2.180852 -62.75634 -4.219508 8.742136 -62.77413 -4.793172 2.180852 -63.30013 -4.813012 2.180852 -62.77413 -4.793172 8.742136 -63.30013 -4.813012 2.180852 -63.28383 -5.875179 2.180852 -63.30013 -4.813012 8.742136 -62.74758 -6.481706 2.180852 -46.10544 -6.50809 2.180852 -62.74758 -6.481706 8.742136 -63.28383 -5.875179 2.180852 -62.75839 -5.883417 2.180852 -63.28383 -5.875179 8.742136 -62.75839 -5.883417 2.180852 -62.74758 -6.481706 2.180852 -62.75839 -5.883417 8.742136 -37.21944 -48.62562 8.742136 -53.84455 -48.64867 2.180852 -53.84455 -48.64867 8.742136 -37.23757 -41.33625 8.742136 -37.21944 -48.62562 2.180852 -37.21944 -48.62562 8.742136 -37.24967 -36.46812 8.742136 -37.23757 -41.33625 2.180852 -37.23757 -41.33625 8.742136 -36.64118 -35.91418 8.742136 -36.65357 -36.44564 2.180852 -36.65357 -36.44564 8.742136 -36.65357 -36.44564 8.742136 -37.24967 -36.46812 2.180852 -37.24967 -36.46812 8.742136 -37.21944 -48.62562 2.180852 -53.84455 -48.64867 2.180852 -37.21944 -48.62562 8.742136 -37.21944 -48.62562 2.180852 -37.24967 -36.46812 2.180852 -37.23757 -41.33625 2.180852 -37.24967 -36.46812 8.742136 -36.64118 -35.91418 2.180852 -36.65357 -36.44564 2.180852 -36.64118 -35.91418 8.742136 -36.65357 -36.44564 2.180852 -37.24967 -36.46812 2.180852 -36.65357 -36.44564 8.742136 -44.99687 -26.51967 8.742136 -53.89654 -26.46701 2.180852 -53.89654 -26.46701 8.742136 -43.89781 -27.57555 8.742136 -44.42061 -27.53393 2.180852 -44.42061 -27.53393 8.742136 -45.01963 -26.93414 8.742136 -44.99687 -26.51967 2.180852 -44.99687 -26.51967 8.742136 -44.42061 -27.53393 8.742136 -44.46439 -27.00762 2.180852 -44.46439 -27.00762 8.742136 -45.01963 -26.93414 8.742136 -44.46439 -27.00762 2.180852 -45.01963 -26.93414 2.180852 -44.99687 -26.51967 2.180852 -53.89654 -26.46701 2.180852 -44.99687 -26.51967 8.742136 -43.89781 -27.57555 2.180852 -45.01963 -26.93414 2.180852 -44.99687 -26.51967 2.180852 -45.01963 -26.93414 8.742136 -44.42061 -27.53393 2.180852 -44.46439 -27.00762 2.180852 -44.42061 -27.53393 8.742136 -44.46439 -27.00762 8.742136 -27.21186 -48.62072 8.742136 -34.99314 -48.65857 2.180852 -34.99314 -48.65857 8.742136 -27.19752 -49.23342 8.742136 -27.21186 -48.62072 2.180852 -27.21186 -48.62072 8.742136 -26.67554 -49.21374 8.742136 -27.19752 -49.23342 2.180852 -27.19752 -49.23342 8.742136 -26.67825 -50.34064 8.742136 -26.67554 -49.21374 2.180852 -26.67554 -49.21374 8.742136 -27.16106 -50.91886 8.742136 -27.18738 -50.35984 2.180852 -27.18738 -50.35984 8.742136 -27.18738 -50.35984 8.742136 -26.67825 -50.34064 2.180852 -26.67825 -50.34064 8.742136 -27.21186 -48.62072 2.180852 -27.19752 -49.23342 2.180852 -27.21186 -48.62072 2.180852 -27.19752 -49.23342 8.742136 -26.67554 -49.21374 2.180852 -27.19752 -49.23342 2.180852 -26.67554 -49.21374 8.742136 -26.67825 -50.34064 2.180852 -26.67554 -49.21374 2.180852 -26.67825 -50.34064 8.742136 -27.16106 -50.91886 2.180852 -27.18738 -50.35984 2.180852 -27.16106 -50.91886 8.742136 -27.18738 -50.35984 2.180852 -26.67825 -50.34064 2.180852 -27.18738 -50.35984 8.742136 -53.84459 -49.21804 8.742136 -53.84455 -48.64867 2.180852 -53.84459 -49.21804 2.180852 -53.88707 -50.82087 8.742136 -27.16106 -50.91886 2.180852 -27.16106 -50.91886 8.742136 -54.40008 -49.20634 8.742136 -53.84459 -49.21804 2.180852 -54.40008 -49.20634 2.180852 -53.88707 -50.82087 8.742136 -53.90535 -50.31475 2.180852 -53.88707 -50.82087 2.180852 -54.39659 -50.31119 8.742136 -54.40008 -49.20634 2.180852 -54.39659 -50.31119 2.180852 -53.90535 -50.31475 8.742136 -54.39659 -50.31119 2.180852 -53.90535 -50.31475 2.180852 -53.84455 -48.64867 8.742136 -53.88707 -50.82087 2.180852 -27.16106 -50.91886 2.180852 -53.88707 -50.82087 8.742136 -53.84459 -49.21804 8.742136 -53.90535 -50.31475 8.742136 -54.40008 -49.20634 8.742136 -54.39659 -50.31119 8.742136 -53.8903 -28.10505 8.742136 -53.90132 -28.62499 2.180852 -53.90132 -28.62499 8.742136 -53.8903 -28.10505 8.742136 -54.41557 -28.12486 2.180852 -53.8903 -28.10505 2.180852 -54.41557 -28.12486 8.742136 -54.42948 -26.93954 2.180852 -54.41557 -28.12486 2.180852 -53.89654 -26.46701 8.742136 -53.88641 -26.95105 2.180852 -53.88641 -26.95105 8.742136 -53.88641 -26.95105 8.742136 -54.42948 -26.93954 2.180852 -54.42948 -26.93954 8.742136 -53.8903 -28.10505 2.180852 -53.90132 -28.62499 2.180852 -53.8903 -28.10505 8.742136 -54.41557 -28.12486 8.742136 -54.42948 -26.93954 8.742136 -53.89654 -26.46701 2.180852 -53.88641 -26.95105 2.180852 -53.89654 -26.46701 8.742136 -53.88641 -26.95105 2.180852 -54.42948 -26.93954 2.180852 -53.88641 -26.95105 8.742136 -8.350121 -40.89214 8.742136 -8.357893 -36.47771 2.180852 -8.357893 -36.47771 8.742136 -9.451807 -41.42266 8.742136 -9.512624 -42.00611 2.180852 -9.451807 -41.42266 2.180852 -8.350121 -40.89214 8.742136 -8.871194 -40.88436 2.180852 -8.350121 -40.89214 2.180852 -8.897109 -41.40174 8.742136 -9.451807 -41.42266 2.180852 -8.897109 -41.40174 2.180852 -8.871194 -40.88436 8.742136 -8.897109 -41.40174 2.180852 -8.871194 -40.88436 2.180852 -8.350121 -40.89214 2.180852 -8.357893 -36.47771 2.180852 -8.350121 -40.89214 8.742136 -9.512624 -42.00611 8.742136 -8.871194 -40.88436 8.742136 -9.451807 -41.42266 8.742136 -8.897109 -41.40174 8.742136 -43.83311 -40.86006 8.742136 -43.89781 -27.57555 2.180852 -43.89781 -27.57555 8.742136 -44.42597 -41.45381 8.742136 -44.44962 -40.88294 2.180852 -44.44962 -40.88294 8.742136 -44.44962 -40.88294 8.742136 -43.83311 -40.86006 2.180852 -43.83311 -40.86006 8.742136 -43.83311 -40.86006 2.180852 -43.89781 -27.57555 2.180852 -43.83311 -40.86006 8.742136 -44.42597 -41.45381 2.180852 -44.44962 -40.88294 2.180852 -44.42597 -41.45381 8.742136 -44.44962 -40.88294 2.180852 -43.83311 -40.86006 2.180852 -44.44962 -40.88294 8.742136 -45.53487 -41.47194 8.742136 -44.42597 -41.45381 2.180852 -44.42597 -41.45381 8.742136 -45.55013 -40.8283 8.742136 -45.53487 -41.47194 2.180852 -45.53487 -41.47194 8.742136 -45.55013 -40.8283 8.742136 -46.0755 -40.88374 2.180852 -45.55013 -40.8283 2.180852 -53.90132 -28.62499 8.742136 -46.12842 -28.64991 2.180852 -46.12842 -28.64991 8.742136 -46.12842 -28.64991 8.742136 -46.0755 -40.88374 2.180852 -46.0755 -40.88374 8.742136 -45.53487 -41.47194 2.180852 -44.42597 -41.45381 2.180852 -45.53487 -41.47194 8.742136 -45.55013 -40.8283 2.180852 -45.53487 -41.47194 2.180852 -45.55013 -40.8283 8.742136 -46.0755 -40.88374 8.742136 -53.90132 -28.62499 2.180852 -46.12842 -28.64991 2.180852 -53.90132 -28.62499 8.742136 -46.12842 -28.64991 2.180852 -46.0755 -40.88374 2.180852 -46.12842 -28.64991 8.742136 -9.449535 -35.33917 8.742136 -27.22188 -35.35531 2.180852 -27.22188 -35.35531 8.742136 -9.449535 -35.33917 8.742136 -9.4649 -35.93223 2.180852 -9.449535 -35.33917 2.180852 -9.4649 -35.93223 8.742136 -8.914169 -35.91146 2.180852 -9.4649 -35.93223 2.180852 -8.894656 -36.45828 8.742136 -8.357893 -36.47771 2.180852 -8.894656 -36.45828 2.180852 -8.914169 -35.91146 8.742136 -8.894656 -36.45828 2.180852 -8.914169 -35.91146 2.180852 -9.449535 -35.33917 2.180852 -27.22188 -35.35531 2.180852 -9.449535 -35.33917 8.742136 -9.4649 -35.93223 8.742136 -8.914169 -35.91146 8.742136 -8.357893 -36.47771 8.742136 -8.894656 -36.45828 8.742136 -1.71217 -36.45367 8.742136 -1.696867 -48.65273 2.180852 -1.696867 -48.65273 8.742136 -9.466611 -49.22544 8.742136 -10.0249 -49.19514 2.180852 -10.0249 -49.19514 8.742136 -9.458581 -48.6313 8.742136 -1.696867 -48.65273 2.180852 -9.458581 -48.6313 2.180852 -9.466611 -49.22544 8.742136 -9.458581 -48.6313 2.180852 -9.466611 -49.22544 2.180852 -1.71217 -36.45367 2.180852 -1.696867 -48.65273 2.180852 -1.71217 -36.45367 8.742136 -9.466611 -49.22544 2.180852 -10.0249 -49.19514 2.180852 -9.466611 -49.22544 8.742136 -1.696867 -48.65273 8.742136 -9.458581 -48.6313 8.742136 0.567371 -50.85583 8.742136 17.16859 -50.91018 2.180852 17.16859 -50.91018 8.742136 0.567371 -50.85583 2.180852 -17.2103 -41.94918 8.742136 -9.512624 -42.00611 2.180852 -9.512624 -42.00611 8.742136 -17.81707 -49.82785 8.742136 -17.17975 -49.80313 2.180852 -17.17975 -49.80313 8.742136 -17.17975 -49.80313 8.742136 -17.2103 -41.94918 2.180852 -17.2103 -41.94918 8.742136 -17.2103 -41.94918 2.180852 -9.512624 -42.00611 2.180852 -17.2103 -41.94918 8.742136 -17.81707 -49.82785 2.180852 -17.17975 -49.80313 2.180852 -17.81707 -49.82785 8.742136 -17.17975 -49.80313 2.180852 -17.2103 -41.94918 2.180852 -17.17975 -49.80313 8.742136 -18.89316 -50.36517 8.742136 -17.82258 -50.32478 2.180852 -17.82258 -50.32478 8.742136 -18.94842 -49.79096 8.742136 -18.89316 -50.36517 2.180852 -18.89316 -50.36517 8.742136 -18.94842 -49.79096 8.742136 -19.50461 -49.75872 2.180852 -18.94842 -49.79096 2.180852 -27.248 -42.02027 8.742136 -19.50909 -42.0781 2.180852 -19.50909 -42.0781 8.742136 -19.50909 -42.0781 8.742136 -19.50461 -49.75872 2.180852 -19.50461 -49.75872 8.742136 -18.89316 -50.36517 2.180852 -17.82258 -50.32478 2.180852 -18.89316 -50.36517 8.742136 -18.94842 -49.79096 2.180852 -19.50461 -49.75872 8.742136 -27.248 -42.02027 2.180852 -19.50909 -42.0781 2.180852 -19.50461 -49.75872 2.180852 -19.50909 -42.0781 8.742136 -1.140027 -36.4321 8.742136 -1.71217 -36.45367 2.180852 -1.71217 -36.45367 8.742136 -1.140027 -36.4321 8.742136 -1.104938 -35.84271 2.180852 -1.140027 -36.4321 2.180852 -1.104938 -35.84271 8.742136 -0.08974397 -35.86114 2.180852 -1.104938 -35.84271 2.180852 0.549366 -36.39598 8.742136 -0.043522 -36.41833 2.180852 -0.043522 -36.41833 8.742136 -0.043522 -36.41833 8.742136 -0.08974397 -35.86114 2.180852 -0.08974397 -35.86114 8.742136 -1.140027 -36.4321 2.180852 -1.71217 -36.45367 2.180852 -1.140027 -36.4321 8.742136 -1.104938 -35.84271 8.742136 -0.08974397 -35.86114 8.742136 0.549366 -36.39598 2.180852 -0.043522 -36.41833 2.180852 0.549366 -36.39598 8.742136 -0.043522 -36.41833 2.180852 -0.08974397 -35.86114 2.180852 -0.043522 -36.41833 8.742136 17.12651 -26.45548 8.742136 8.307854 -26.42772 2.180852 8.307854 -26.42772 8.742136 17.14522 -26.95515 8.742136 17.70957 -27.00775 2.180852 17.14522 -26.95515 2.180852 17.12651 -26.45548 8.742136 17.14522 -26.95515 2.180852 17.12651 -26.45548 2.180852 17.12651 -26.45548 2.180852 8.307854 -26.42772 2.180852 17.12651 -26.45548 8.742136 17.70957 -27.00775 8.742136 17.14522 -26.95515 8.742136 17.71402 -28.12741 8.742136 17.70957 -27.00775 2.180852 17.70957 -27.00775 8.742136 17.21 -28.14642 8.742136 17.16967 -28.67124 2.180852 17.21 -28.14642 2.180852 17.21 -28.14642 8.742136 17.71402 -28.12741 2.180852 17.71402 -28.12741 8.742136 17.71402 -28.12741 2.180852 17.70957 -27.00775 2.180852 17.71402 -28.12741 8.742136 17.16967 -28.67124 8.742136 17.21 -28.14642 2.180852 17.71402 -28.12741 2.180852 17.21 -28.14642 8.742136 -9.470904 -50.90948 8.742136 0.567371 -50.85583 2.180852 0.567371 -50.85583 8.742136 -9.470904 -50.90948 8.742136 -9.452249 -50.33883 2.180852 -9.470904 -50.90948 2.180852 -10.03157 -50.31349 8.742136 -10.0249 -49.19514 2.180852 -10.03157 -50.31349 2.180852 -10.03157 -50.31349 8.742136 -9.452249 -50.33883 2.180852 -9.452249 -50.33883 8.742136 -9.470904 -50.90948 2.180852 0.567371 -50.85583 2.180852 -9.470904 -50.90948 8.742136 -9.452249 -50.33883 8.742136 -10.0249 -49.19514 8.742136 -10.03157 -50.31349 2.180852 -9.452249 -50.33883 2.180852 -10.03157 -50.31349 8.742136 -27.24034 -41.49074 8.742136 -27.248 -42.02027 2.180852 -27.248 -42.02027 8.742136 -27.24034 -41.49074 8.742136 -27.77098 -41.4582 2.180852 -27.24034 -41.49074 2.180852 -27.77098 -41.4582 8.742136 -27.79656 -40.93033 2.180852 -27.77098 -41.4582 2.180852 -27.22188 -35.35531 8.742136 -27.22637 -35.88991 2.180852 -27.22637 -35.88991 8.742136 -27.79656 -40.93033 8.742136 -28.34025 -40.91291 2.180852 -27.79656 -40.93033 2.180852 -27.22637 -35.88991 8.742136 -27.81426 -35.89943 2.180852 -27.81426 -35.89943 8.742136 -28.34025 -40.91291 8.742136 -28.33583 -36.48233 2.180852 -28.34025 -40.91291 2.180852 -27.81426 -35.89943 8.742136 -27.80469 -36.47413 2.180852 -27.80469 -36.47413 8.742136 -27.80469 -36.47413 8.742136 -28.33583 -36.48233 2.180852 -28.33583 -36.48233 8.742136 -27.24034 -41.49074 2.180852 -27.77098 -41.4582 8.742136 -27.79656 -40.93033 8.742136 -27.22188 -35.35531 2.180852 -27.22637 -35.88991 2.180852 -27.22188 -35.35531 8.742136 -28.34025 -40.91291 8.742136 -27.22637 -35.88991 2.180852 -27.81426 -35.89943 2.180852 -27.22637 -35.88991 8.742136 -28.33583 -36.48233 8.742136 -27.81426 -35.89943 2.180852 -27.80469 -36.47413 2.180852 -27.81426 -35.89943 8.742136 -27.80469 -36.47413 2.180852 -28.33583 -36.48233 2.180852 -27.80469 -36.47413 8.742136 7.155538 -27.58222 8.742136 7.215747 -40.83607 2.180852 7.215747 -40.83607 8.742136 8.307854 -26.42772 8.742136 8.329674 -26.98454 2.180852 8.329674 -26.98454 8.742136 7.155538 -27.58222 8.742136 7.750783 -27.57186 2.180852 7.155538 -27.58222 2.180852 7.741259 -27.00674 8.742136 8.329674 -26.98454 2.180852 7.741259 -27.00674 2.180852 7.750783 -27.57186 8.742136 7.741259 -27.00674 2.180852 7.750783 -27.57186 2.180852 7.155538 -27.58222 2.180852 7.215747 -40.83607 2.180852 7.155538 -27.58222 8.742136 8.307854 -26.42772 2.180852 8.329674 -26.98454 2.180852 8.307854 -26.42772 8.742136 7.750783 -27.57186 8.742136 8.329674 -26.98454 8.742136 7.741259 -27.00674 8.742136 -9.482172 -13.12366 8.742136 -27.26634 -13.05976 2.180852 -27.26634 -13.05976 8.742136 -27.26634 -13.05976 8.742136 -27.22048 -13.66932 2.180852 -27.22048 -13.66932 8.742136 -27.78853 -14.19968 8.742136 -28.35146 -14.22091 2.180852 -28.35146 -14.22091 8.742136 -27.22048 -13.66932 8.742136 -27.77158 -13.66143 2.180852 -27.77158 -13.66143 8.742136 -27.77158 -13.66143 8.742136 -27.78853 -14.19968 2.180852 -27.78853 -14.19968 8.742136 -9.482172 -13.12366 2.180852 -27.26634 -13.05976 2.180852 -9.482172 -13.12366 8.742136 -27.26634 -13.05976 2.180852 -27.22048 -13.66932 2.180852 -27.26634 -13.05976 8.742136 -27.78853 -14.19968 2.180852 -28.35146 -14.22091 2.180852 -27.78853 -14.19968 8.742136 -27.22048 -13.66932 2.180852 -27.77158 -13.66143 2.180852 -27.22048 -13.66932 8.742136 -27.77158 -13.66143 2.180852 -27.78853 -14.19968 2.180852 -27.77158 -13.66143 8.742136 -27.22422 -28.12565 8.742136 -26.68423 -28.16404 2.180852 -26.68423 -28.16404 8.742136 -27.22422 -28.12565 8.742136 -27.19202 -28.73407 2.180852 -27.22422 -28.12565 2.180852 -27.19202 -28.73407 8.742136 -36.09172 -28.69423 2.180852 -27.19202 -28.73407 2.180852 -36.6381 -28.12509 8.742136 -36.07209 -28.10374 2.180852 -36.07209 -28.10374 8.742136 -36.07209 -28.10374 8.742136 -36.09172 -28.69423 2.180852 -36.09172 -28.69423 8.742136 -27.22422 -28.12565 2.180852 -26.68423 -28.16404 2.180852 -27.22422 -28.12565 8.742136 -27.19202 -28.73407 8.742136 -36.09172 -28.69423 8.742136 -36.6381 -28.12509 2.180852 -36.07209 -28.10374 2.180852 -36.6381 -28.12509 8.742136 -36.07209 -28.10374 2.180852 -26.67151 -27.0215 8.742136 -26.68423 -28.16404 2.180852 -26.67151 -27.0215 2.180852 -27.23046 -26.91912 8.742136 -26.67151 -27.0215 2.180852 -27.23046 -26.91912 2.180852 -27.24087 -26.51383 8.742136 -27.23046 -26.91912 2.180852 -27.24087 -26.51383 2.180852 -27.24087 -26.51383 8.742136 -36.09745 -26.43528 2.180852 -36.09745 -26.43528 8.742136 -36.66782 -26.99493 8.742136 -36.6381 -28.12509 2.180852 -36.6381 -28.12509 8.742136 -36.09745 -26.43528 8.742136 -36.09854 -27.036 2.180852 -36.09854 -27.036 8.742136 -36.09854 -27.036 8.742136 -36.66782 -26.99493 2.180852 -36.66782 -26.99493 8.742136 -26.68423 -28.16404 8.742136 -26.67151 -27.0215 8.742136 -27.23046 -26.91912 8.742136 -27.24087 -26.51383 2.180852 -36.09745 -26.43528 2.180852 -27.24087 -26.51383 8.742136 -36.66782 -26.99493 2.180852 -36.6381 -28.12509 2.180852 -36.66782 -26.99493 8.742136 -36.09745 -26.43528 2.180852 -36.09854 -27.036 2.180852 -36.09745 -26.43528 8.742136 -36.09854 -27.036 2.180852 -36.66782 -26.99493 2.180852 -36.09854 -27.036 8.742136 7.215747 -40.83607 8.742136 7.760062 -40.81554 2.180852 7.760062 -40.81554 8.742136 7.760062 -40.81554 8.742136 7.688011 -41.4236 2.180852 7.688011 -41.4236 8.742136 8.88954 -41.40542 8.742136 7.688011 -41.4236 2.180852 8.88954 -41.40542 2.180852 8.916378 -40.90536 8.742136 8.88954 -41.40542 2.180852 8.916378 -40.90536 2.180852 9.429243 -28.69262 8.742136 17.16967 -28.67124 2.180852 17.16967 -28.67124 8.742136 9.430974 -40.90299 8.742136 8.916378 -40.90536 2.180852 9.430974 -40.90299 2.180852 9.429243 -28.69262 8.742136 9.430974 -40.90299 2.180852 9.429243 -28.69262 2.180852 7.215747 -40.83607 2.180852 7.760062 -40.81554 2.180852 7.215747 -40.83607 8.742136 7.760062 -40.81554 2.180852 7.688011 -41.4236 2.180852 7.760062 -40.81554 8.742136 7.688011 -41.4236 8.742136 8.88954 -41.40542 8.742136 9.429243 -28.69262 2.180852 17.16967 -28.67124 2.180852 9.429243 -28.69262 8.742136 8.916378 -40.90536 8.742136 9.430974 -40.90299 8.742136 0.564606 -48.63559 8.742136 0.549366 -36.39598 2.180852 0.549366 -36.39598 8.742136 0.564606 -48.63559 8.742136 17.14481 -48.66379 2.180852 0.564606 -48.63559 2.180852 17.14481 -48.66379 8.742136 17.16902 -49.20338 2.180852 17.14481 -48.66379 2.180852 17.16902 -49.20338 8.742136 17.68534 -49.25637 2.180852 17.16902 -49.20338 2.180852 17.68534 -49.25637 8.742136 17.69616 -50.26355 2.180852 17.68534 -49.25637 2.180852 17.16859 -50.91018 8.742136 17.19745 -50.28236 2.180852 17.19745 -50.28236 8.742136 17.19745 -50.28236 8.742136 17.69616 -50.26355 2.180852 17.69616 -50.26355 8.742136 0.564606 -48.63559 2.180852 0.549366 -36.39598 2.180852 0.564606 -48.63559 8.742136 17.14481 -48.66379 8.742136 17.16902 -49.20338 8.742136 17.68534 -49.25637 8.742136 17.69616 -50.26355 8.742136 17.16859 -50.91018 2.180852 17.19745 -50.28236 2.180852 17.16859 -50.91018 8.742136 17.19745 -50.28236 2.180852 17.69616 -50.26355 2.180852 17.19745 -50.28236 8.742136 -27.21898 -19.82981 8.742136 -19.41674 -19.79835 2.180852 -19.41674 -19.79835 8.742136 -27.23474 -19.23347 8.742136 -27.21898 -19.82981 2.180852 -27.21898 -19.82981 8.742136 -27.23474 -19.23347 8.742136 -27.79778 -19.2547 2.180852 -27.23474 -19.23347 2.180852 -27.79778 -19.2547 8.742136 -27.80112 -18.67888 2.180852 -27.79778 -19.2547 2.180852 -28.35752 -18.67815 8.742136 -28.35146 -14.22091 2.180852 -28.35752 -18.67815 2.180852 -27.80112 -18.67888 8.742136 -28.35752 -18.67815 2.180852 -27.80112 -18.67888 2.180852 -27.21898 -19.82981 2.180852 -19.41674 -19.79835 2.180852 -27.21898 -19.82981 8.742136 -27.23474 -19.23347 2.180852 -27.21898 -19.82981 2.180852 -27.23474 -19.23347 8.742136 -27.79778 -19.2547 8.742136 -27.80112 -18.67888 8.742136 -28.35146 -14.22091 8.742136 -28.35752 -18.67815 8.742136 -17.82258 -50.32478 8.742136 -17.81707 -49.82785 2.180852 -17.81707 -49.82785 8.742136 -17.82258 -50.32478 2.180852 -8.894515 8.49802 8.742136 -9.464785 8.520709 2.180852 -9.464785 8.520709 8.742136 -8.882883 7.981055 8.742136 -8.894515 8.49802 2.180852 -8.894515 8.49802 8.742136 -9.464785 8.520709 8.742136 -9.476139 9.058636 2.180852 -9.476139 9.058636 8.742136 -8.330518 7.961174 8.742136 -8.882883 7.981055 2.180852 -8.882883 7.981055 8.742136 -9.476139 9.058636 8.742136 -13.88327 9.071768 2.180852 -13.88327 9.071768 8.742136 -8.330784 -5.377602 8.742136 -8.330518 7.961174 2.180852 -8.330518 7.961174 8.742136 -13.88327 9.071768 8.742136 -13.87816 6.835335 2.180852 -13.87816 6.835335 8.742136 -8.898115 -5.415982 8.742136 -8.330784 -5.377602 2.180852 -8.330784 -5.377602 8.742136 -13.87816 6.835335 8.742136 -10.58073 6.819882 2.180852 -10.58073 6.819882 8.742136 -8.907053 -5.940371 8.742136 -8.898115 -5.415982 2.180852 -8.898115 -5.415982 8.742136 -10.58073 6.819882 8.742136 -10.57205 -4.277749 2.180852 -10.57205 -4.277749 8.742136 -9.410289 -5.960928 8.742136 -8.907053 -5.940371 2.180852 -8.907053 -5.940371 8.742136 -10.57205 -4.277749 8.742136 -26.08832 -4.253518 2.180852 -26.08832 -4.253518 8.742136 -9.404194 -6.452426 8.742136 -9.410289 -5.960928 2.180852 -9.410289 -5.960928 8.742136 -26.08832 -4.253518 8.742136 -26.06114 6.850061 2.180852 -26.06114 6.850061 8.742136 -27.21552 -6.497363 8.742136 -9.404194 -6.452426 2.180852 -9.404194 -6.452426 8.742136 -26.06114 6.850061 8.742136 -22.80804 6.822385 2.180852 -22.80804 6.822385 8.742136 -27.21552 -6.497363 8.742136 -27.24213 -5.89428 2.180852 -27.21552 -6.497363 2.180852 -22.80804 6.822385 8.742136 -22.82292 9.060757 2.180852 -22.82292 9.060757 8.742136 -27.24213 -5.89428 8.742136 -27.80869 -5.926186 2.180852 -27.24213 -5.89428 2.180852 -27.22328 9.088091 8.742136 -22.82292 9.060757 2.180852 -27.22328 9.088091 2.180852 -27.80869 -5.926186 8.742136 -27.80617 -5.365097 2.180852 -27.80869 -5.926186 2.180852 -27.24313 8.555072 8.742136 -27.22328 9.088091 2.180852 -27.24313 8.555072 2.180852 -27.80617 -5.365097 8.742136 -28.32811 -5.366135 2.180852 -27.80617 -5.365097 2.180852 -27.80274 8.483695 8.742136 -27.24313 8.555072 2.180852 -27.80274 8.483695 2.180852 -28.36376 7.970412 8.742136 -28.32811 -5.366135 2.180852 -28.32811 -5.366135 8.742136 -27.81377 7.998006 8.742136 -27.80274 8.483695 2.180852 -27.81377 7.998006 2.180852 -27.81377 7.998006 8.742136 -28.36376 7.970412 2.180852 -28.36376 7.970412 8.742136 -8.894515 8.49802 2.180852 -9.464785 8.520709 2.180852 -8.894515 8.49802 8.742136 -8.882883 7.981055 2.180852 -9.464785 8.520709 2.180852 -8.330518 7.961174 2.180852 -8.882883 7.981055 2.180852 -8.330518 7.961174 8.742136 -9.476139 9.058636 2.180852 -13.88327 9.071768 2.180852 -9.476139 9.058636 8.742136 -8.330784 -5.377602 2.180852 -8.330518 7.961174 2.180852 -8.330784 -5.377602 8.742136 -13.88327 9.071768 2.180852 -13.87816 6.835335 2.180852 -13.88327 9.071768 8.742136 -8.898115 -5.415982 2.180852 -8.330784 -5.377602 2.180852 -8.898115 -5.415982 8.742136 -13.87816 6.835335 2.180852 -10.58073 6.819882 2.180852 -13.87816 6.835335 8.742136 -8.907053 -5.940371 2.180852 -8.898115 -5.415982 2.180852 -8.907053 -5.940371 8.742136 -10.58073 6.819882 2.180852 -9.410289 -5.960928 2.180852 -8.907053 -5.940371 2.180852 -9.410289 -5.960928 8.742136 -10.57205 -4.277749 2.180852 -26.08832 -4.253518 2.180852 -10.57205 -4.277749 8.742136 -9.404194 -6.452426 2.180852 -9.410289 -5.960928 2.180852 -9.404194 -6.452426 8.742136 -26.08832 -4.253518 2.180852 -26.06114 6.850061 2.180852 -26.08832 -4.253518 8.742136 -27.21552 -6.497363 2.180852 -26.06114 6.850061 2.180852 -22.80804 6.822385 2.180852 -26.06114 6.850061 8.742136 -27.24213 -5.89428 8.742136 -22.80804 6.822385 2.180852 -22.82292 9.060757 2.180852 -22.80804 6.822385 8.742136 -27.80869 -5.926186 8.742136 -22.82292 9.060757 8.742136 -27.80617 -5.365097 8.742136 -27.22328 9.088091 8.742136 -28.32811 -5.366135 8.742136 -27.24313 8.555072 8.742136 -28.36376 7.970412 2.180852 -28.32811 -5.366135 2.180852 -28.36376 7.970412 8.742136 -27.80274 8.483695 8.742136 -27.81377 7.998006 2.180852 -28.36376 7.970412 2.180852 -27.81377 7.998006 8.742136 -35.04374 -5.318967 8.742136 -34.98673 -6.964461 2.180852 -35.04374 -5.318967 2.180852 -34.98673 -6.964461 8.742136 -35.01291 -18.70513 2.180852 -35.56401 -5.322766 8.742136 -35.04374 -5.318967 2.180852 -35.56401 -5.322766 2.180852 -35.60403 -18.70645 8.742136 -35.01291 -18.70513 2.180852 -35.01291 -18.70513 8.742136 -35.58549 -4.767737 8.742136 -35.56401 -5.322766 2.180852 -35.58549 -4.767737 2.180852 -35.57781 -19.24284 8.742136 -35.60403 -18.70645 2.180852 -35.60403 -18.70645 8.742136 -36.70814 -4.771643 8.742136 -35.58549 -4.767737 2.180852 -36.70814 -4.771643 2.180852 -36.64183 -19.30331 8.742136 -35.57781 -19.24284 2.180852 -35.57781 -19.24284 8.742136 -36.68749 -5.349235 8.742136 -36.70814 -4.771643 2.180852 -36.68749 -5.349235 2.180852 -36.69329 -18.66334 8.742136 -36.64183 -19.30331 2.180852 -36.64183 -19.30331 8.742136 -37.22913 -5.351491 8.742136 -36.68749 -5.349235 2.180852 -37.22913 -5.351491 2.180852 -37.226 -18.68344 8.742136 -36.69329 -18.66334 2.180852 -36.69329 -18.66334 8.742136 -37.23674 -6.960658 8.742136 -37.22913 -5.351491 2.180852 -37.23674 -6.960658 2.180852 -37.23674 -6.960658 8.742136 -37.226 -18.68344 2.180852 -37.226 -18.68344 8.742136 -35.01291 -18.70513 8.742136 -35.04374 -5.318967 8.742136 -35.60403 -18.70645 2.180852 -35.01291 -18.70513 2.180852 -35.60403 -18.70645 8.742136 -35.56401 -5.322766 8.742136 -35.57781 -19.24284 2.180852 -35.58549 -4.767737 8.742136 -36.64183 -19.30331 2.180852 -35.57781 -19.24284 2.180852 -36.64183 -19.30331 8.742136 -36.70814 -4.771643 8.742136 -36.69329 -18.66334 2.180852 -36.64183 -19.30331 2.180852 -36.69329 -18.66334 8.742136 -36.68749 -5.349235 8.742136 -37.226 -18.68344 2.180852 -36.69329 -18.66334 2.180852 -37.226 -18.68344 8.742136 -37.22913 -5.351491 8.742136 -37.226 -18.68344 2.180852 -1.678703 -5.381035 8.742136 -1.655907 -7.020799 2.180852 -1.655907 -7.020799 8.742136 -1.127453 -5.381145 8.742136 -1.678703 -5.381035 2.180852 -1.678703 -5.381035 8.742136 -1.655907 -7.020799 8.742136 -1.663836 -18.69075 2.180852 -1.663836 -18.69075 8.742136 -1.139931 -4.817577 8.742136 -1.127453 -5.381145 2.180852 -1.127453 -5.381145 8.742136 -1.663836 -18.69075 8.742136 -1.123107 -18.64569 2.180852 -1.123107 -18.64569 8.742136 -0.0591219 -4.8229 8.742136 -1.139931 -4.817577 2.180852 -1.139931 -4.817577 8.742136 -1.123107 -18.64569 8.742136 -1.12892 -19.2773 2.180852 -1.12892 -19.2773 8.742136 -0.03684097 -5.363026 8.742136 -0.0591219 -4.8229 2.180852 -0.0591219 -4.8229 8.742136 0.02612495 -19.20982 8.742136 -1.12892 -19.2773 2.180852 0.02612495 -19.20982 2.180852 -0.03684097 -5.363026 8.742136 0.483704 -5.36967 2.180852 -0.03684097 -5.363026 2.180852 0.02771192 -18.70075 8.742136 0.02612495 -19.20982 2.180852 0.02771192 -18.70075 2.180852 0.483704 -5.36967 8.742136 0.512794 -7.024464 2.180852 0.483704 -5.36967 2.180852 0.52728 -18.65775 8.742136 0.02771192 -18.70075 2.180852 0.52728 -18.65775 2.180852 0.512794 -7.024464 8.742136 0.52728 -18.65775 2.180852 -1.678703 -5.381035 2.180852 -1.655907 -7.020799 2.180852 -1.678703 -5.381035 8.742136 -1.127453 -5.381145 2.180852 -1.678703 -5.381035 2.180852 -1.127453 -5.381145 8.742136 -1.663836 -18.69075 2.180852 -1.139931 -4.817577 2.180852 -1.127453 -5.381145 2.180852 -1.139931 -4.817577 8.742136 -1.663836 -18.69075 2.180852 -1.123107 -18.64569 2.180852 -1.663836 -18.69075 8.742136 -0.0591219 -4.8229 2.180852 -1.139931 -4.817577 2.180852 -0.0591219 -4.8229 8.742136 -1.123107 -18.64569 2.180852 -1.12892 -19.2773 2.180852 -1.123107 -18.64569 8.742136 -0.03684097 -5.363026 2.180852 -0.0591219 -4.8229 2.180852 -0.03684097 -5.363026 8.742136 -1.12892 -19.2773 8.742136 0.483704 -5.36967 8.742136 0.02612495 -19.20982 8.742136 0.02771192 -18.70075 8.742136 0.52728 -18.65775 8.742136 -0.02328389 -28.06661 8.742136 -0.01550889 -26.99333 2.180852 -0.01550889 -26.99333 8.742136 -0.564185 -28.12457 8.742136 -0.573483 -28.62243 2.180852 -0.564185 -28.12457 2.180852 -0.02328389 -28.06661 8.742136 -0.564185 -28.12457 2.180852 -0.02328389 -28.06661 2.180852 -9.986426 -26.95897 8.742136 -10.03196 -28.1016 2.180852 -10.03196 -28.1016 8.742136 -9.415513 -28.68169 8.742136 -0.573915 -28.63986 2.180852 -0.573915 -28.63986 8.742136 -10.03196 -28.1016 8.742136 -9.433923 -28.09829 2.180852 -9.433923 -28.09829 8.742136 -9.433923 -28.09829 8.742136 -9.415513 -28.68169 2.180852 -9.415513 -28.68169 8.742136 -0.02328389 -28.06661 2.180852 -0.01550889 -26.99333 2.180852 -0.02328389 -28.06661 8.742136 -0.573483 -28.62243 8.742136 -0.564185 -28.12457 8.742136 -9.986426 -26.95897 2.180852 -10.03196 -28.1016 2.180852 -9.986426 -26.95897 8.742136 -9.415513 -28.68169 2.180852 -0.573915 -28.63986 2.180852 -9.415513 -28.68169 8.742136 -10.03196 -28.1016 2.180852 -9.433923 -28.09829 2.180852 -10.03196 -28.1016 8.742136 -9.433923 -28.09829 2.180852 -9.415513 -28.68169 2.180852 -9.433923 -28.09829 8.742136 -9.467622 -26.96019 8.742136 -9.986426 -26.95897 2.180852 -9.986426 -26.95897 8.742136 -0.590399 -27.01502 8.742136 -0.01550889 -26.99333 2.180852 -0.590399 -27.01502 2.180852 -9.482668 -26.41066 8.742136 -9.467622 -26.96019 2.180852 -9.467622 -26.96019 8.742136 -0.580875 -26.45787 8.742136 -0.590399 -27.01502 2.180852 -0.580875 -26.45787 2.180852 -0.580875 -26.45787 8.742136 -9.482668 -26.41066 2.180852 -9.482668 -26.41066 8.742136 -9.467622 -26.96019 2.180852 -9.986426 -26.95897 2.180852 -9.467622 -26.96019 8.742136 -0.01550889 -26.99333 8.742136 -9.482668 -26.41066 2.180852 -9.467622 -26.96019 2.180852 -9.482668 -26.41066 8.742136 -0.590399 -27.01502 8.742136 -0.580875 -26.45787 2.180852 -9.482668 -26.41066 2.180852 -0.580875 -26.45787 8.742136 -46.09471 4.661823 8.742136 -62.75606 4.620706 2.180852 -62.75606 4.620706 8.742136 -46.09471 4.661823 2.180852 -62.75649 16.27121 8.742136 -62.70173 15.74329 2.180852 -62.70173 15.74329 8.742136 -63.84241 16.87101 8.742136 -63.90145 56.78984 2.180852 -63.84241 16.87101 2.180852 -62.75649 16.27121 8.742136 -63.29587 16.34427 2.180852 -62.75649 16.27121 2.180852 -63.31816 16.81821 8.742136 -63.84241 16.87101 2.180852 -63.31816 16.81821 2.180852 -63.29587 16.34427 8.742136 -63.31816 16.81821 2.180852 -63.29587 16.34427 2.180852 -62.75649 16.27121 2.180852 -62.70173 15.74329 2.180852 -62.75649 16.27121 8.742136 -63.90145 56.78984 8.742136 -63.29587 16.34427 8.742136 -63.84241 16.87101 8.742136 -63.31816 16.81821 8.742136 -62.70173 15.74329 8.742136 -46.12544 15.73262 2.180852 -46.12544 15.73262 8.742136 -62.70173 15.74329 2.180852 -44.99414 17.94919 8.742136 -61.63214 17.98946 2.180852 -61.63214 17.98946 8.742136 -44.98663 17.40769 8.742136 -44.99414 17.94919 2.180852 -44.99414 17.94919 8.742136 -44.42206 17.38527 8.742136 -44.98663 17.40769 2.180852 -44.98663 17.40769 8.742136 -43.91981 16.81661 8.742136 -44.41505 16.81434 2.180852 -44.41505 16.81434 8.742136 -44.41505 16.81434 8.742136 -44.42206 17.38527 2.180852 -44.42206 17.38527 8.742136 -44.99414 17.94919 2.180852 -61.63214 17.98946 2.180852 -44.99414 17.94919 8.742136 -44.98663 17.40769 2.180852 -44.99414 17.94919 2.180852 -44.98663 17.40769 8.742136 -44.42206 17.38527 2.180852 -44.98663 17.40769 2.180852 -44.42206 17.38527 8.742136 -43.91981 16.81661 2.180852 -44.41505 16.81434 2.180852 -43.91981 16.81661 8.742136 -44.41505 16.81434 2.180852 -44.42206 17.38527 2.180852 -44.41505 16.81434 8.742136 -46.12544 15.73262 8.742136 -46.09471 4.661823 2.180852 -46.09471 4.661823 8.742136 -46.12544 15.73262 2.180852 -62.71817 2.410977 8.742136 -45.00615 2.377553 2.180852 -45.00615 2.377553 8.742136 -43.9154 3.539122 8.742136 -43.91981 16.81661 2.180852 -43.91981 16.81661 8.742136 -45.00615 2.377553 8.742136 -45.0258 2.96148 2.180852 -45.0258 2.96148 8.742136 -44.42514 3.512042 8.742136 -43.9154 3.539122 2.180852 -43.9154 3.539122 8.742136 -45.0258 2.96148 8.742136 -44.40115 2.980759 2.180852 -44.40115 2.980759 8.742136 -44.40115 2.980759 8.742136 -44.42514 3.512042 2.180852 -44.42514 3.512042 8.742136 -62.71817 2.410977 2.180852 -45.00615 2.377553 2.180852 -62.71817 2.410977 8.742136 -43.9154 3.539122 2.180852 -45.00615 2.377553 2.180852 -45.0258 2.96148 2.180852 -45.00615 2.377553 8.742136 -44.42514 3.512042 2.180852 -43.9154 3.539122 2.180852 -44.42514 3.512042 8.742136 -45.0258 2.96148 2.180852 -44.40115 2.980759 2.180852 -45.0258 2.96148 8.742136 -44.40115 2.980759 2.180852 -44.42514 3.512042 2.180852 -44.40115 2.980759 8.742136 -17.24829 -27.56776 8.742136 -17.24349 -19.82575 2.180852 -17.24349 -19.82575 8.742136 -17.24349 -19.82575 8.742136 -9.428773 -19.80212 2.180852 -9.428773 -19.80212 8.742136 -9.428773 -19.80212 8.742136 -9.462608 -19.2581 2.180852 -9.462608 -19.2581 8.742136 -9.462608 -19.2581 8.742136 -8.907417 -19.23716 2.180852 -8.907417 -19.23716 8.742136 -8.907417 -19.23716 8.742136 -8.879515 -18.70964 2.180852 -8.879515 -18.70964 8.742136 -8.879515 -18.70964 8.742136 -8.318684 -18.71977 2.180852 -8.318684 -18.71977 8.742136 -8.276427 -14.22571 8.742136 -8.318684 -18.71977 2.180852 -8.276427 -14.22571 2.180852 -8.883217 -14.17939 8.742136 -8.276427 -14.22571 2.180852 -8.883217 -14.17939 2.180852 -9.498669 -13.68629 8.742136 -9.482172 -13.12366 2.180852 -9.482172 -13.12366 8.742136 -8.863311 -13.69707 8.742136 -8.883217 -14.17939 2.180852 -8.863311 -13.69707 2.180852 -9.498669 -13.68629 8.742136 -8.863311 -13.69707 2.180852 -9.498669 -13.68629 2.180852 -17.24829 -27.56776 2.180852 -17.24349 -19.82575 2.180852 -17.24829 -27.56776 8.742136 -17.24349 -19.82575 2.180852 -9.428773 -19.80212 2.180852 -17.24349 -19.82575 8.742136 -9.428773 -19.80212 2.180852 -9.462608 -19.2581 2.180852 -9.428773 -19.80212 8.742136 -9.462608 -19.2581 2.180852 -8.907417 -19.23716 2.180852 -9.462608 -19.2581 8.742136 -8.907417 -19.23716 2.180852 -8.879515 -18.70964 2.180852 -8.318684 -18.71977 2.180852 -8.879515 -18.70964 8.742136 -8.318684 -18.71977 8.742136 -8.276427 -14.22571 8.742136 -9.498669 -13.68629 2.180852 -9.482172 -13.12366 2.180852 -9.498669 -13.68629 8.742136 -8.883217 -14.17939 8.742136 -8.863311 -13.69707 8.742136 -17.7816 -27.58787 8.742136 -17.24829 -27.56776 2.180852 -17.24829 -27.56776 8.742136 -17.7816 -27.58787 8.742136 -17.77202 -28.12023 2.180852 -17.7816 -27.58787 2.180852 -19.41674 -19.79835 8.742136 -19.48196 -27.52308 2.180852 -19.48196 -27.52308 8.742136 -17.77202 -28.12023 8.742136 -18.89331 -28.16252 2.180852 -17.77202 -28.12023 2.180852 -19.48196 -27.52308 8.742136 -18.92251 -27.52783 2.180852 -18.92251 -27.52783 8.742136 -18.92251 -27.52783 8.742136 -18.89331 -28.16252 2.180852 -18.89331 -28.16252 8.742136 -17.7816 -27.58787 2.180852 -17.24829 -27.56776 2.180852 -17.7816 -27.58787 8.742136 -17.77202 -28.12023 8.742136 -19.41674 -19.79835 2.180852 -19.48196 -27.52308 2.180852 -19.41674 -19.79835 8.742136 -18.89331 -28.16252 8.742136 -19.48196 -27.52308 2.180852 -18.92251 -27.52783 2.180852 -19.48196 -27.52308 8.742136 -18.92251 -27.52783 2.180852 -18.89331 -28.16252 2.180852 -18.92251 -27.52783 8.742136 -61.63214 17.98946 8.742136 -61.62719 24.33255 2.180852 -61.62719 24.33255 8.742136 -61.63214 17.98946 2.180852 16.10735 -40.87229 8.742136 16.60683 -40.90125 2.180852 16.60683 -40.90125 8.742136 16.60683 -40.90125 8.742136 16.59622 -41.46127 2.180852 16.59622 -41.46127 8.742136 16.59622 -41.46127 8.742136 17.21724 -41.4682 2.180852 17.21724 -41.4682 8.742136 24.93136 -42.06813 8.742136 24.89794 -50.93548 2.180852 24.89794 -50.93548 8.742136 17.21724 -41.4682 8.742136 17.21985 -42.04529 2.180852 17.21985 -42.04529 8.742136 17.21985 -42.04529 8.742136 24.93136 -42.06813 2.180852 24.93136 -42.06813 8.742136 16.10735 -40.87229 2.180852 16.60683 -40.90125 2.180852 16.10735 -40.87229 8.742136 16.60683 -40.90125 2.180852 16.59622 -41.46127 2.180852 16.60683 -40.90125 8.742136 16.59622 -41.46127 2.180852 17.21724 -41.4682 2.180852 16.59622 -41.46127 8.742136 24.93136 -42.06813 2.180852 24.89794 -50.93548 2.180852 24.93136 -42.06813 8.742136 17.21724 -41.4682 2.180852 17.21985 -42.04529 2.180852 17.21724 -41.4682 8.742136 17.21985 -42.04529 2.180852 24.95813 18.0256 8.742136 8.295525 17.96528 2.180852 8.295525 17.96528 8.742136 26.05986 2.395413 8.742136 8.287109 2.434136 2.180852 26.05986 2.395413 2.180852 9.413088 4.62637 8.742136 9.438908 15.75533 2.180852 9.438908 15.75533 8.742136 26.09523 2.941986 8.742136 26.05986 2.395413 2.180852 26.09523 2.941986 2.180852 9.413088 4.62637 8.742136 26.1038 4.628386 2.180852 9.413088 4.62637 2.180852 26.65198 2.968256 8.742136 26.09523 2.941986 2.180852 26.65198 2.968256 2.180852 26.1038 4.628386 8.742136 26.06636 4.060971 2.180852 26.1038 4.628386 2.180852 26.63048 4.088415 8.742136 26.65198 2.968256 2.180852 26.63048 4.088415 2.180852 26.06636 4.060971 8.742136 26.63048 4.088415 2.180852 26.06636 4.060971 2.180852 24.95813 18.0256 2.180852 8.287109 2.434136 8.742136 9.413088 4.62637 2.180852 9.438908 15.75533 2.180852 9.413088 4.62637 8.742136 26.05986 2.395413 8.742136 26.1038 4.628386 8.742136 26.09523 2.941986 8.742136 26.06636 4.060971 8.742136 26.65198 2.968256 8.742136 26.63048 4.088415 8.742136 26.09951 15.73353 8.742136 9.438908 15.75533 2.180852 26.09951 15.73353 2.180852 26.07312 16.2755 8.742136 26.09951 15.73353 2.180852 26.07312 16.2755 2.180852 26.60305 16.88852 8.742136 27.15386 16.87889 2.180852 27.15386 16.87889 8.742136 26.62666 16.33956 8.742136 26.07312 16.2755 2.180852 26.62666 16.33956 2.180852 26.60305 16.88852 8.742136 26.62666 16.33956 2.180852 26.60305 16.88852 2.180852 9.438908 15.75533 8.742136 26.09951 15.73353 8.742136 26.60305 16.88852 2.180852 27.15386 16.87889 2.180852 26.60305 16.88852 8.742136 26.07312 16.2755 8.742136 26.62666 16.33956 8.742136 -17.18118 55.67736 8.742136 24.92512 55.61229 2.180852 24.92512 55.61229 8.742136 24.95235 24.61524 8.742136 24.95813 18.0256 2.180852 24.95813 18.0256 8.742136 24.94063 37.95862 2.180852 24.92512 55.61229 8.742136 24.92512 55.61229 2.180852 24.94063 37.95862 2.180852 24.94063 37.95862 8.742136 -17.18118 55.67736 2.180852 24.92512 55.61229 2.180852 -17.18118 55.67736 8.742136 24.95235 24.61524 2.180852 24.92512 55.61229 8.742136 -19.42082 39.02322 8.742136 -19.4568 55.69869 2.180852 -19.42082 39.02322 2.180852 -18.86957 39.02075 8.742136 -19.42082 39.02322 2.180852 -18.86957 39.02075 2.180852 -18.8982 38.50895 8.742136 -18.86957 39.02075 2.180852 -18.8982 38.50895 2.180852 -17.79373 38.53065 8.742136 -18.8982 38.50895 2.180852 -17.79373 38.53065 2.180852 -17.25283 39.07695 8.742136 -17.18118 55.67736 2.180852 -17.18118 55.67736 8.742136 -17.78798 39.0551 8.742136 -17.79373 38.53065 2.180852 -17.78798 39.0551 2.180852 -17.25283 39.07695 8.742136 -17.78798 39.0551 2.180852 -17.25283 39.07695 2.180852 -19.4568 55.69869 8.742136 -19.42082 39.02322 8.742136 -18.86957 39.02075 8.742136 -18.8982 38.50895 8.742136 -17.25283 39.07695 2.180852 -17.18118 55.67736 2.180852 -17.25283 39.07695 8.742136 -17.79373 38.53065 8.742136 -17.78798 39.0551 8.742136 26.03499 57.3494 8.742136 26.07648 57.93894 2.180852 26.07648 57.93894 8.742136 26.03499 57.3494 8.742136 26.65421 57.3385 2.180852 26.03499 57.3494 2.180852 26.65421 57.3385 8.742136 26.61407 56.8104 2.180852 26.65421 57.3385 2.180852 27.23062 56.79941 8.742136 27.15386 16.87889 2.180852 27.23062 56.79941 2.180852 26.61407 56.8104 8.742136 27.23062 56.79941 2.180852 26.61407 56.8104 2.180852 26.03499 57.3494 2.180852 26.07648 57.93894 2.180852 26.03499 57.3494 8.742136 26.65421 57.3385 8.742136 26.61407 56.8104 8.742136 27.15386 16.87889 8.742136 27.23062 56.79941 8.742136 -62.75948 4.081525 8.742136 -63.31965 4.082262 2.180852 -63.31965 4.082262 8.742136 -63.31965 4.082262 8.742136 -63.3117 2.945912 2.180852 -63.3117 2.945912 8.742136 -62.71817 2.410977 8.742136 -62.79661 2.408318 2.180852 -62.71817 2.410977 2.180852 -63.3117 2.945912 8.742136 -62.79098 2.963189 2.180852 -62.79098 2.963189 8.742136 -62.79098 2.963189 8.742136 -62.79661 2.408318 2.180852 -62.79661 2.408318 8.742136 -62.75948 4.081525 2.180852 -63.31965 4.082262 2.180852 -62.75948 4.081525 8.742136 -63.31965 4.082262 2.180852 -63.3117 2.945912 2.180852 -63.31965 4.082262 8.742136 -62.79661 2.408318 8.742136 -63.3117 2.945912 2.180852 -62.79098 2.963189 2.180852 -63.3117 2.945912 8.742136 -62.79098 2.963189 2.180852 -62.79661 2.408318 2.180852 -62.79098 2.963189 8.742136 -62.75606 4.620706 8.742136 -62.75948 4.081525 2.180852 -62.75948 4.081525 8.742136 -62.75606 4.620706 2.180852 -27.18018 17.38652 8.742136 -26.66027 17.38278 2.180852 -27.18018 17.38652 2.180852 -26.66027 17.38278 8.742136 -26.6411 16.29068 2.180852 -26.66027 17.38278 2.180852 -27.23559 17.94284 8.742136 -27.18018 17.38652 2.180852 -27.23559 17.94284 2.180852 -26.6411 16.29068 8.742136 -27.21621 16.27 2.180852 -26.6411 16.29068 2.180852 -27.23559 17.94284 8.742136 -34.98482 17.9355 2.180852 -34.98482 17.9355 8.742136 -27.21621 16.27 8.742136 -27.18997 15.73093 2.180852 -27.21621 16.27 2.180852 -34.98482 17.9355 8.742136 -34.97579 24.59162 2.180852 -34.97579 24.59162 8.742136 -27.18997 15.73093 8.742136 -34.99555 15.68951 2.180852 -27.18997 15.73093 2.180852 -34.96333 30.18923 8.742136 -34.96333 30.18923 2.180852 -34.99555 15.68951 8.742136 -34.96466 3.558879 2.180852 -34.99555 15.68951 2.180852 -34.96333 30.18923 8.742136 -35.51594 30.17611 2.180852 -35.51594 30.17611 8.742136 -34.96466 3.558879 8.742136 -35.53072 3.510093 2.180852 -34.96466 3.558879 2.180852 -35.51594 30.17611 8.742136 -35.52907 30.70782 2.180852 -35.52907 30.70782 8.742136 -35.53072 3.510093 8.742136 -35.53509 2.950844 2.180852 -35.53072 3.510093 2.180852 -36.65618 30.68152 8.742136 -35.52907 30.70782 2.180852 -36.65618 30.68152 2.180852 -35.53509 2.950844 8.742136 -36.6818 2.967334 2.180852 -35.53509 2.950844 2.180852 -36.65618 30.68152 8.742136 -36.63271 30.16674 2.180852 -36.63271 30.16674 8.742136 -36.65633 3.496635 8.742136 -36.6818 2.967334 2.180852 -36.6818 2.967334 8.742136 -36.63271 30.16674 8.742136 -37.2273 30.15646 2.180852 -37.2273 30.15646 8.742136 -37.1899 3.50214 8.742136 -36.65633 3.496635 2.180852 -36.65633 3.496635 8.742136 -37.25604 24.59072 8.742136 -37.2273 30.15646 2.180852 -37.25604 24.59072 2.180852 -37.1899 3.50214 8.742136 -37.1899 3.50214 2.180852 -26.66027 17.38278 8.742136 -26.6411 16.29068 8.742136 -27.18018 17.38652 8.742136 -27.21621 16.27 8.742136 -27.23559 17.94284 2.180852 -34.98482 17.9355 2.180852 -27.23559 17.94284 8.742136 -27.18997 15.73093 8.742136 -34.98482 17.9355 2.180852 -34.97579 24.59162 2.180852 -34.98482 17.9355 8.742136 -34.99555 15.68951 8.742136 -34.96466 3.558879 8.742136 -34.96333 30.18923 2.180852 -35.51594 30.17611 2.180852 -34.96333 30.18923 8.742136 -35.53072 3.510093 8.742136 -35.51594 30.17611 2.180852 -35.52907 30.70782 2.180852 -35.51594 30.17611 8.742136 -35.53509 2.950844 8.742136 -35.52907 30.70782 8.742136 -36.6818 2.967334 8.742136 -36.65618 30.68152 2.180852 -36.63271 30.16674 2.180852 -36.65618 30.68152 8.742136 -36.65633 3.496635 2.180852 -36.6818 2.967334 2.180852 -36.65633 3.496635 8.742136 -36.63271 30.16674 2.180852 -37.2273 30.15646 2.180852 -36.63271 30.16674 8.742136 -37.1899 3.50214 2.180852 -36.65633 3.496635 2.180852 -37.1899 3.50214 8.742136 -37.2273 30.15646 8.742136 8.292343 25.10535 8.742136 7.747846 25.11848 2.180852 8.292343 25.10535 2.180852 7.72436 25.6727 8.742136 7.747846 25.11848 2.180852 7.747846 25.11848 8.742136 8.321536 24.60868 8.742136 8.292343 25.10535 2.180852 8.321536 24.60868 2.180852 7.218723 25.68312 8.742136 7.72436 25.6727 2.180852 7.72436 25.6727 8.742136 8.321536 24.60868 8.742136 17.1871 24.61218 2.180852 17.1871 24.61218 8.742136 7.19064 30.17748 8.742136 7.218723 25.68312 2.180852 7.218723 25.68312 8.742136 17.1871 24.61218 8.742136 17.18192 25.22187 2.180852 17.18192 25.22187 8.742136 7.19064 30.17748 8.742136 7.715777 30.18084 2.180852 7.19064 30.17748 2.180852 17.18192 25.22187 8.742136 17.71311 25.18845 2.180852 17.71311 25.18845 8.742136 7.715777 30.18084 8.742136 7.727752 30.73045 2.180852 7.715777 30.18084 2.180852 17.75289 25.69214 8.742136 17.71311 25.18845 2.180852 17.75289 25.69214 2.180852 7.727752 30.73045 8.742136 8.293797 30.76885 2.180852 7.727752 30.73045 2.180852 18.28973 25.72481 8.742136 17.75289 25.69214 2.180852 18.28973 25.72481 2.180852 8.344188 31.26929 2.180852 8.293797 30.76885 8.742136 8.344188 31.26929 8.742136 18.28973 25.72481 8.742136 18.2359 30.14176 2.180852 18.2359 30.14176 8.742136 8.344188 31.26929 2.180852 17.2373 31.23815 8.742136 17.2373 31.23815 2.180852 18.2359 30.14176 8.742136 17.74569 30.1726 2.180852 17.74569 30.1726 8.742136 17.22365 30.74407 8.742136 17.2373 31.23815 2.180852 17.2373 31.23815 8.742136 17.69313 30.71454 8.742136 17.74569 30.1726 2.180852 17.69313 30.71454 2.180852 17.22365 30.74407 8.742136 17.69313 30.71454 2.180852 17.22365 30.74407 2.180852 7.747846 25.11848 8.742136 7.72436 25.6727 2.180852 7.747846 25.11848 2.180852 7.72436 25.6727 8.742136 8.292343 25.10535 8.742136 7.218723 25.68312 2.180852 8.321536 24.60868 2.180852 17.1871 24.61218 2.180852 8.321536 24.60868 8.742136 7.19064 30.17748 2.180852 7.218723 25.68312 2.180852 7.19064 30.17748 8.742136 17.1871 24.61218 2.180852 17.18192 25.22187 2.180852 17.1871 24.61218 8.742136 7.715777 30.18084 8.742136 17.18192 25.22187 2.180852 17.71311 25.18845 2.180852 17.18192 25.22187 8.742136 7.727752 30.73045 8.742136 17.71311 25.18845 8.742136 8.293797 30.76885 8.742136 17.75289 25.69214 8.742136 8.293797 30.76885 2.180852 18.28973 25.72481 2.180852 18.2359 30.14176 2.180852 18.28973 25.72481 8.742136 8.344188 31.26929 8.742136 18.2359 30.14176 2.180852 17.74569 30.1726 2.180852 18.2359 30.14176 8.742136 17.22365 30.74407 2.180852 17.2373 31.23815 2.180852 17.22365 30.74407 8.742136 17.74569 30.1726 8.742136 17.69313 30.71454 8.742136 8.295525 17.96528 8.742136 8.268408 17.41843 2.180852 8.268408 17.41843 8.742136 8.268408 17.41843 8.742136 7.734796 17.4046 2.180852 7.734796 17.4046 8.742136 8.27585 2.979507 8.742136 8.287109 2.434136 2.180852 8.287109 2.434136 8.742136 7.734796 17.4046 8.742136 7.731943 16.81621 2.180852 7.731943 16.81621 8.742136 8.27585 2.979507 8.742136 7.723798 2.97509 2.180852 8.27585 2.979507 2.180852 7.731943 16.81621 8.742136 7.181005 16.85087 2.180852 7.181005 16.85087 8.742136 7.723798 2.97509 8.742136 7.702351 3.448755 2.180852 7.723798 2.97509 2.180852 7.181005 16.85087 8.742136 7.208164 3.460057 2.180852 7.208164 3.460057 8.742136 7.702351 3.448755 8.742136 7.208164 3.460057 2.180852 7.702351 3.448755 2.180852 8.295525 17.96528 2.180852 8.268408 17.41843 2.180852 8.295525 17.96528 8.742136 8.268408 17.41843 2.180852 7.734796 17.4046 2.180852 8.268408 17.41843 8.742136 8.27585 2.979507 2.180852 8.287109 2.434136 2.180852 8.27585 2.979507 8.742136 7.734796 17.4046 2.180852 7.731943 16.81621 2.180852 7.734796 17.4046 8.742136 7.723798 2.97509 8.742136 7.731943 16.81621 2.180852 7.181005 16.85087 2.180852 7.731943 16.81621 8.742136 7.702351 3.448755 8.742136 7.181005 16.85087 2.180852 7.208164 3.460057 8.742136 -0.620144 49.0514 2.180852 -0.55433 48.46971 8.742136 -0.55433 48.46971 2.180852 -0.002771914 48.48498 8.742136 -0.55433 48.46971 2.180852 -0.55433 48.46971 8.742136 -0.002771914 48.48498 8.742136 -0.03830891 47.94026 2.180852 -0.002771914 48.48498 2.180852 0.592059 47.97239 8.742136 -0.03830891 47.94026 2.180852 -0.03830891 47.94026 8.742136 0.592059 47.97239 8.742136 0.543446 39.05772 2.180852 0.592059 47.97239 2.180852 -10.58149 39.01078 8.742136 -10.01731 39.01066 2.180852 -10.01731 39.01066 8.742136 0.543446 39.05772 2.180852 0.00783497 39.00769 8.742136 0.00783497 39.00769 2.180852 -10.00922 38.44837 8.742136 -10.01731 39.01066 2.180852 -10.00922 38.44837 2.180852 -0.05119889 38.47102 8.742136 0.00783497 39.00769 2.180852 0.00783497 39.00769 8.742136 -9.48475 38.43279 8.742136 -10.00922 38.44837 2.180852 -9.48475 38.43279 2.180852 -0.05119889 38.47102 8.742136 -0.598171 38.50543 2.180852 -0.05119889 38.47102 2.180852 -9.48475 38.43279 8.742136 -9.469513 37.94944 2.180852 -9.469513 37.94944 8.742136 -0.609974 37.9518 2.180852 -0.598171 38.50543 8.742136 -0.609974 37.9518 8.742136 -0.609974 37.9518 2.180852 -9.469513 37.94944 8.742136 -9.469513 37.94944 2.180852 -0.620144 49.0514 8.742136 -0.55433 48.46971 8.742136 -0.620144 49.0514 2.180852 -0.002771914 48.48498 2.180852 -0.55433 48.46971 2.180852 -0.002771914 48.48498 8.742136 -0.03830891 47.94026 8.742136 0.592059 47.97239 2.180852 0.543446 39.05772 8.742136 -10.58149 39.01078 2.180852 -10.01731 39.01066 2.180852 -10.58149 39.01078 8.742136 0.543446 39.05772 8.742136 0.00783497 39.00769 8.742136 0.543446 39.05772 2.180852 -10.01731 39.01066 8.742136 -0.05119889 38.47102 2.180852 0.00783497 39.00769 2.180852 -0.05119889 38.47102 8.742136 -10.00922 38.44837 8.742136 -0.598171 38.50543 8.742136 -9.48475 38.43279 2.180852 -9.469513 37.94944 2.180852 -9.48475 38.43279 8.742136 -0.598171 38.50543 2.180852 -0.609974 37.9518 8.742136 -9.469513 37.94944 8.742136 -0.609974 37.9518 2.180852 -10.56993 47.90251 8.742136 -10.58149 39.01078 2.180852 -10.58149 39.01078 8.742136 -10.56993 47.90251 8.742136 -10.05411 47.92969 2.180852 -10.56993 47.90251 2.180852 -10.05411 47.92969 8.742136 -10.03091 48.44868 2.180852 -10.05411 47.92969 2.180852 -9.470188 48.49407 8.742136 -10.03091 48.44868 2.180852 -10.03091 48.44868 8.742136 -0.620144 49.0514 8.742136 -9.527401 49.05923 2.180852 -9.527401 49.05923 8.742136 -9.527401 49.05923 8.742136 -9.470188 48.49407 2.180852 -9.470188 48.49407 8.742136 -10.56993 47.90251 2.180852 -10.58149 39.01078 2.180852 -10.56993 47.90251 8.742136 -10.05411 47.92969 8.742136 -10.03091 48.44868 8.742136 -9.470188 48.49407 2.180852 -10.03091 48.44868 2.180852 -9.470188 48.49407 8.742136 -0.620144 49.0514 2.180852 -9.527401 49.05923 2.180852 -0.620144 49.0514 8.742136 -9.527401 49.05923 2.180852 -9.470188 48.49407 2.180852 -9.527401 49.05923 8.742136 -44.45842 25.14288 8.742136 -44.98368 25.13076 2.180852 -44.45842 25.14288 2.180852 -45.00105 24.58766 2.180852 -44.98368 25.13076 8.742136 -45.00105 24.58766 8.742136 -44.41899 25.70309 8.742136 -44.45842 25.14288 2.180852 -44.41899 25.70309 2.180852 -45.00105 24.58766 2.180852 -53.84848 24.58418 8.742136 -53.84848 24.58418 2.180852 -43.89052 25.68519 8.742136 -44.41899 25.70309 2.180852 -43.89052 25.68519 2.180852 -53.89352 25.11875 8.742136 -53.84848 24.58418 2.180852 -53.84848 24.58418 8.742136 -43.89052 25.68519 8.742136 -43.85791 30.21391 2.180852 -43.85791 30.21391 8.742136 -53.89352 25.11875 8.742136 -54.46131 25.15447 2.180852 -53.89352 25.11875 2.180852 -43.85791 30.21391 8.742136 -44.39163 30.19258 2.180852 -44.39163 30.19258 8.742136 -54.46131 25.15447 8.742136 -54.47019 25.7001 2.180852 -54.46131 25.15447 2.180852 -44.42442 30.69533 8.742136 -44.39163 30.19258 2.180852 -44.42442 30.69533 2.180852 -54.47019 25.7001 8.742136 -54.99864 25.73335 2.180852 -54.47019 25.7001 2.180852 -45.0053 30.69816 8.742136 -44.42442 30.69533 2.180852 -45.0053 30.69816 2.180852 -54.99864 25.73335 8.742136 -54.98709 30.12292 2.180852 -54.99864 25.73335 2.180852 -44.98219 31.29988 8.742136 -45.0053 30.69816 2.180852 -44.98219 31.29988 2.180852 -54.44554 30.13214 8.742136 -54.98709 30.12292 2.180852 -54.98709 30.12292 8.742136 -44.98219 31.29988 8.742136 -53.85355 31.30788 2.180852 -53.85355 31.30788 8.742136 -54.43922 30.7023 8.742136 -54.44554 30.13214 2.180852 -54.44554 30.13214 8.742136 -53.85355 31.30788 8.742136 -53.86719 30.73309 2.180852 -53.86719 30.73309 8.742136 -53.86719 30.73309 8.742136 -54.43922 30.7023 2.180852 -54.43922 30.7023 8.742136 -44.98368 25.13076 8.742136 -44.98368 25.13076 2.180852 -44.45842 25.14288 8.742136 -45.00105 24.58766 8.742136 -44.41899 25.70309 8.742136 -53.89352 25.11875 2.180852 -43.89052 25.68519 2.180852 -43.85791 30.21391 2.180852 -43.89052 25.68519 8.742136 -54.46131 25.15447 8.742136 -43.85791 30.21391 2.180852 -44.39163 30.19258 2.180852 -43.85791 30.21391 8.742136 -54.47019 25.7001 8.742136 -44.39163 30.19258 8.742136 -54.99864 25.73335 8.742136 -44.42442 30.69533 8.742136 -54.98709 30.12292 8.742136 -45.0053 30.69816 8.742136 -54.44554 30.13214 2.180852 -54.98709 30.12292 2.180852 -54.44554 30.13214 8.742136 -44.98219 31.29988 2.180852 -53.85355 31.30788 2.180852 -44.98219 31.29988 8.742136 -54.43922 30.7023 2.180852 -54.44554 30.13214 2.180852 -54.43922 30.7023 8.742136 -53.85355 31.30788 2.180852 -53.86719 30.73309 2.180852 -53.85355 31.30788 8.742136 -53.86719 30.73309 2.180852 -54.43922 30.7023 2.180852 -53.86719 30.73309 8.742136 -44.9279 38.4757 8.742136 -44.44918 38.49519 2.180852 -44.44918 38.49519 8.742136 -44.93753 37.93997 8.742136 -44.9279 38.4757 2.180852 -44.9279 38.4757 8.742136 -44.35803 39.03839 8.742136 -44.44918 38.49519 2.180852 -44.35803 39.03839 2.180852 -53.91128 37.93758 8.742136 -44.93753 37.93997 2.180852 -44.93753 37.93997 8.742136 -43.9014 39.05985 8.742136 -44.35803 39.03839 2.180852 -43.9014 39.05985 2.180852 -53.91128 37.93758 8.742136 -53.89371 38.46319 2.180852 -53.91128 37.93758 2.180852 -43.9014 39.05985 8.742136 -43.86868 47.94503 2.180852 -43.86868 47.94503 8.742136 -53.89371 38.46319 8.742136 -54.44746 38.48091 2.180852 -53.89371 38.46319 2.180852 -43.86868 47.94503 8.742136 -44.42095 47.89514 2.180852 -44.42095 47.89514 8.742136 -54.44746 38.48091 8.742136 -54.48918 39.03578 2.180852 -54.44746 38.48091 2.180852 -44.40669 48.48939 8.742136 -44.42095 47.89514 2.180852 -44.40669 48.48939 2.180852 -54.99642 39.0503 8.742136 -54.48918 39.03578 2.180852 -54.48918 39.03578 8.742136 -44.93929 48.47074 8.742136 -44.40669 48.48939 2.180852 -44.93929 48.47074 2.180852 -54.9715 47.8949 8.742136 -54.99642 39.0503 2.180852 -54.99642 39.0503 8.742136 -44.97697 49.08047 8.742136 -44.93929 48.47074 2.180852 -44.97697 49.08047 2.180852 -54.9715 47.8949 8.742136 -54.38263 47.87734 2.180852 -54.9715 47.8949 2.180852 -53.8846 49.01345 8.742136 -44.97697 49.08047 2.180852 -53.8846 49.01345 2.180852 -54.38263 47.87734 8.742136 -54.43425 48.48968 2.180852 -54.38263 47.87734 2.180852 -53.84326 48.53179 8.742136 -53.8846 49.01345 2.180852 -53.84326 48.53179 2.180852 -54.43425 48.48968 8.742136 -53.84326 48.53179 2.180852 -54.43425 48.48968 2.180852 -44.9279 38.4757 2.180852 -44.44918 38.49519 2.180852 -44.9279 38.4757 8.742136 -44.93753 37.93997 2.180852 -44.9279 38.4757 2.180852 -44.93753 37.93997 8.742136 -44.44918 38.49519 8.742136 -53.91128 37.93758 2.180852 -44.93753 37.93997 2.180852 -53.91128 37.93758 8.742136 -44.35803 39.03839 8.742136 -53.89371 38.46319 8.742136 -43.9014 39.05985 2.180852 -43.86868 47.94503 2.180852 -43.9014 39.05985 8.742136 -54.44746 38.48091 8.742136 -43.86868 47.94503 2.180852 -44.42095 47.89514 2.180852 -43.86868 47.94503 8.742136 -54.48918 39.03578 8.742136 -44.42095 47.89514 8.742136 -54.99642 39.0503 2.180852 -44.40669 48.48939 8.742136 -54.9715 47.8949 2.180852 -54.99642 39.0503 2.180852 -54.9715 47.8949 8.742136 -44.93929 48.47074 8.742136 -54.38263 47.87734 8.742136 -44.97697 49.08047 8.742136 -54.43425 48.48968 8.742136 -53.8846 49.01345 8.742136 -53.84326 48.53179 8.742136 -62.76111 57.94199 8.742136 26.07648 57.93894 2.180852 -62.76111 57.94199 2.180852 -62.75123 57.34394 8.742136 -62.76111 57.94199 2.180852 -62.75123 57.34394 2.180852 -63.29809 56.80842 8.742136 -63.90145 56.78984 2.180852 -63.90145 56.78984 8.742136 -63.28352 57.33917 8.742136 -62.75123 57.34394 2.180852 -63.28352 57.33917 2.180852 -63.29809 56.80842 8.742136 -63.28352 57.33917 2.180852 -63.29809 56.80842 2.180852 26.07648 57.93894 8.742136 -62.76111 57.94199 8.742136 -63.29809 56.80842 2.180852 -63.90145 56.78984 2.180852 -63.29809 56.80842 8.742136 -62.75123 57.34394 8.742136 -63.28352 57.33917 8.742136 -27.76105 30.69023 8.742136 -27.20363 30.70658 2.180852 -27.76105 30.69023 2.180852 -27.17636 31.24071 8.742136 -27.20363 30.70658 2.180852 -27.20363 30.70658 8.742136 -27.78364 30.16475 8.742136 -27.76105 30.69023 2.180852 -27.78364 30.16475 2.180852 -9.473986 31.25099 8.742136 -27.17636 31.24071 2.180852 -27.17636 31.24071 8.742136 -28.33599 30.14894 8.742136 -27.78364 30.16475 2.180852 -28.33599 30.14894 2.180852 -9.473986 31.25099 8.742136 -9.446504 30.73469 2.180852 -9.473986 31.25099 2.180852 -28.33599 30.14894 8.742136 -28.31547 25.68741 2.180852 -28.31547 25.68741 8.742136 -9.446504 30.73469 8.742136 -8.948982 30.72101 2.180852 -9.446504 30.73469 2.180852 -28.31547 25.68741 8.742136 -27.78892 25.7129 2.180852 -27.78892 25.7129 8.742136 -8.916189 30.1248 8.742136 -8.948982 30.72101 2.180852 -8.948982 30.72101 8.742136 -27.78892 25.7129 8.742136 -27.77595 25.13102 2.180852 -27.77595 25.13102 8.742136 -8.306697 30.14135 8.742136 -8.916189 30.1248 2.180852 -8.916189 30.1248 8.742136 -27.77595 25.13102 8.742136 -27.24172 25.11179 2.180852 -27.24172 25.11179 8.742136 -8.319543 25.71747 8.742136 -8.306697 30.14135 2.180852 -8.306697 30.14135 8.742136 -27.24172 25.11179 8.742136 -27.24322 24.59466 2.180852 -27.24322 24.59466 8.742136 -8.319543 25.71747 8.742136 -8.894532 25.72153 2.180852 -8.319543 25.71747 2.180852 -27.24322 24.59466 8.742136 -19.49941 24.59771 2.180852 -19.49941 24.59771 8.742136 -8.894532 25.72153 8.742136 -8.889761 25.18008 2.180852 -8.894532 25.72153 2.180852 -19.43874 16.83565 8.742136 -19.49941 24.59771 2.180852 -19.43874 16.83565 2.180852 -8.889761 25.18008 8.742136 -9.430172 25.151 2.180852 -8.889761 25.18008 2.180852 -18.96343 16.82719 8.742136 -19.43874 16.83565 2.180852 -18.96343 16.82719 2.180852 -9.464754 24.60167 8.742136 -9.430172 25.151 2.180852 -9.430172 25.151 8.742136 -18.95407 16.33587 8.742136 -18.96343 16.82719 2.180852 -18.95407 16.33587 2.180852 -17.21743 24.59862 8.742136 -9.464754 24.60167 2.180852 -9.464754 24.60167 8.742136 -17.85841 16.26694 8.742136 -18.95407 16.33587 2.180852 -17.85841 16.26694 2.180852 -17.21743 24.59862 8.742136 -17.21115 16.80285 2.180852 -17.21743 24.59862 2.180852 -17.83769 16.82116 8.742136 -17.85841 16.26694 2.180852 -17.83769 16.82116 2.180852 -17.21115 16.80285 8.742136 -17.83769 16.82116 2.180852 -17.21115 16.80285 2.180852 -27.20363 30.70658 8.742136 -27.17636 31.24071 2.180852 -27.20363 30.70658 2.180852 -27.17636 31.24071 8.742136 -27.76105 30.69023 8.742136 -9.473986 31.25099 2.180852 -27.17636 31.24071 2.180852 -9.473986 31.25099 8.742136 -27.78364 30.16475 8.742136 -9.446504 30.73469 8.742136 -28.33599 30.14894 2.180852 -28.31547 25.68741 2.180852 -28.33599 30.14894 8.742136 -8.948982 30.72101 8.742136 -28.31547 25.68741 2.180852 -27.78892 25.7129 2.180852 -28.31547 25.68741 8.742136 -8.916189 30.1248 2.180852 -8.948982 30.72101 2.180852 -8.916189 30.1248 8.742136 -27.78892 25.7129 2.180852 -27.77595 25.13102 2.180852 -27.78892 25.7129 8.742136 -8.306697 30.14135 2.180852 -8.916189 30.1248 2.180852 -8.306697 30.14135 8.742136 -27.77595 25.13102 2.180852 -8.319543 25.71747 2.180852 -8.306697 30.14135 2.180852 -8.319543 25.71747 8.742136 -27.24172 25.11179 2.180852 -27.24322 24.59466 2.180852 -27.24172 25.11179 8.742136 -8.894532 25.72153 8.742136 -27.24322 24.59466 2.180852 -19.49941 24.59771 2.180852 -27.24322 24.59466 8.742136 -8.889761 25.18008 8.742136 -19.49941 24.59771 8.742136 -9.430172 25.151 8.742136 -19.43874 16.83565 8.742136 -9.464754 24.60167 2.180852 -18.96343 16.82719 8.742136 -17.21743 24.59862 2.180852 -9.464754 24.60167 2.180852 -17.21743 24.59862 8.742136 -18.95407 16.33587 8.742136 -17.21115 16.80285 8.742136 -17.85841 16.26694 8.742136 -17.83769 16.82116 8.742136 26.0821 -59.22553 8.742136 26.6406 -59.21987 2.180852 26.6406 -59.21987 8.742136 27.19009 -58.65332 8.742136 27.18915 -57.55034 2.180852 27.18915 -57.55034 8.742136 26.6406 -59.21987 8.742136 26.64537 -58.65709 2.180852 26.64537 -58.65709 8.742136 26.64537 -58.65709 8.742136 27.19009 -58.65332 2.180852 27.19009 -58.65332 8.742136 26.0821 -59.22553 2.180852 26.6406 -59.21987 2.180852 26.0821 -59.22553 8.742136 27.19009 -58.65332 2.180852 27.18915 -57.55034 2.180852 27.19009 -58.65332 8.742136 26.6406 -59.21987 2.180852 26.64537 -58.65709 2.180852 26.6406 -59.21987 8.742136 26.64537 -58.65709 2.180852 27.19009 -58.65332 2.180852 26.64537 -58.65709 8.742136 8.279053 -19.31096 8.742136 8.314276 -19.79671 2.180852 8.314276 -19.79671 8.742136 7.234318 -7.035825 8.742136 7.236263 -18.672 2.180852 7.236263 -18.672 8.742136 7.740829 -19.30657 8.742136 8.279053 -19.31096 2.180852 8.279053 -19.31096 8.742136 7.236263 -18.672 8.742136 7.710278 -18.62852 2.180852 7.710278 -18.62852 8.742136 7.710278 -18.62852 8.742136 7.740829 -19.30657 2.180852 7.740829 -19.30657 8.742136 8.279053 -19.31096 2.180852 8.314276 -19.79671 2.180852 8.279053 -19.31096 8.742136 7.234318 -7.035825 2.180852 7.740829 -19.30657 2.180852 8.279053 -19.31096 2.180852 7.740829 -19.30657 8.742136 7.236263 -18.672 2.180852 7.710278 -18.62852 2.180852 7.236263 -18.672 8.742136 7.710278 -18.62852 2.180852 7.714731 38.46553 8.742136 7.72633 39.00963 2.180852 7.714731 38.46553 2.180852 7.157925 39.02589 2.180852 7.72633 39.00963 8.742136 7.157925 39.02589 8.742136 8.268921 38.49318 8.742136 7.714731 38.46553 2.180852 8.268921 38.49318 2.180852 7.157925 39.02589 2.180852 7.172491 47.91121 8.742136 7.172491 47.91121 2.180852 8.273512 37.95417 8.742136 8.268921 38.49318 2.180852 8.273512 37.95417 2.180852 7.699394 47.89859 8.742136 7.172491 47.91121 2.180852 7.172491 47.91121 8.742136 8.273512 37.95417 8.742136 17.22188 37.95656 2.180852 17.22188 37.95656 8.742136 7.699394 47.89859 8.742136 7.721026 48.45547 2.180852 7.699394 47.89859 2.180852 17.22188 37.95656 8.742136 17.17637 38.44165 2.180852 17.17637 38.44165 8.742136 8.273993 48.48316 8.742136 7.721026 48.45547 2.180852 7.721026 48.45547 8.742136 17.70802 38.4777 8.742136 17.17637 38.44165 2.180852 17.70802 38.4777 2.180852 8.279137 49.04944 8.742136 8.273993 48.48316 2.180852 8.273993 48.48316 8.742136 17.74268 39.06895 8.742136 17.70802 38.4777 2.180852 17.74268 39.06895 2.180852 17.19209 49.0255 8.742136 8.279137 49.04944 2.180852 8.279137 49.04944 8.742136 18.3102 39.0683 8.742136 17.74268 39.06895 2.180852 18.3102 39.0683 2.180852 17.19209 49.0255 8.742136 17.16329 48.50848 2.180852 17.19209 49.0255 2.180852 18.3102 39.0683 8.742136 18.30175 47.96191 2.180852 18.30175 47.96191 8.742136 17.16329 48.50848 8.742136 17.72151 48.53528 2.180852 17.16329 48.50848 2.180852 18.30175 47.96191 8.742136 17.76621 47.93764 2.180852 17.76621 47.93764 8.742136 17.76621 47.93764 8.742136 17.72151 48.53528 2.180852 17.72151 48.53528 8.742136 7.72633 39.00963 8.742136 7.72633 39.00963 2.180852 7.714731 38.46553 8.742136 7.157925 39.02589 8.742136 7.172491 47.91121 8.742136 7.157925 39.02589 2.180852 8.268921 38.49318 8.742136 7.699394 47.89859 2.180852 7.172491 47.91121 2.180852 7.699394 47.89859 8.742136 8.273512 37.95417 2.180852 17.22188 37.95656 2.180852 8.273512 37.95417 8.742136 7.721026 48.45547 8.742136 17.22188 37.95656 2.180852 17.17637 38.44165 2.180852 17.22188 37.95656 8.742136 8.273993 48.48316 2.180852 7.721026 48.45547 2.180852 8.273993 48.48316 8.742136 17.17637 38.44165 8.742136 8.279137 49.04944 2.180852 8.273993 48.48316 2.180852 8.279137 49.04944 8.742136 17.70802 38.4777 8.742136 17.19209 49.0255 2.180852 8.279137 49.04944 2.180852 17.19209 49.0255 8.742136 17.74268 39.06895 8.742136 17.16329 48.50848 8.742136 18.3102 39.0683 2.180852 18.30175 47.96191 2.180852 18.3102 39.0683 8.742136 17.72151 48.53528 8.742136 18.30175 47.96191 2.180852 17.76621 47.93764 2.180852 18.30175 47.96191 8.742136 17.76621 47.93764 2.180852 17.72151 48.53528 2.180852 17.76621 47.93764 8.742136</float_array>
          <technique_common>
            <accessor source="#_3_2_163_0_zeimport_poly5_XSIPOLYCLS_maze_0-mesh-positions-array" count="2891" stride="3">
              <param name="X" type="float"/>
              <param name="Y" type="float"/>
              <param name="Z" type="float"/>
            </accessor>
          </technique_common>
        </source>
        <source id="_3_2_163_0_zeimport_poly5_XSIPOLYCLS_maze_0-mesh-normals">
          <float_array id="_3_2_163_0_zeimport_poly5_XSIPOLYCLS_maze_0-mesh-normals-array" count="3399">1.05368e-4 1 0 0.9991882 -0.04028618 0 -0.9996644 0.025909 0 0.06280404 0.998026 0 -0.04379439 0.9990407 0 0.9983106 0.05810391 0 -0.9997729 0.02131265 0 0.01240324 0.9999232 0 0.01476252 0.9998911 0 0.999997 0.002437651 0 -0.9999986 -0.001706063 0 0.0467441 -0.9989069 0 0.03572678 -0.9993616 0 0.9990353 -0.04391634 0 -0.9993183 -0.03691953 0 -0.06278514 -0.9980272 0 -0.01818358 -0.9998347 0 0.9997482 0.02243918 0 -0.999202 -0.03994351 0 2.6583e-4 -1 0 1.05368e-4 1 0 0.9991883 -0.04028618 0 -0.9996643 0.02590894 0 0.06280511 0.9980259 0 0.9983116 0.05808657 0 -0.9997735 0.02128481 0 0.0124033 0.9999232 0 0.01476228 0.9998911 0 0.9999971 0.002437651 0 -0.9999986 -0.001706063 0 0.04674446 -0.998907 0 0.9990349 -0.04392445 0 -0.9993186 -0.03691142 0 -0.0627858 -0.9980271 0 -0.01818346 -0.9998348 0 -0.9992027 -0.03992557 0 2.6583e-4 -1 0 0.9999997 8.51725e-4 0 0.9999997 8.5086e-4 0 0.9999997 8.51515e-4 0 0.9999997 8.50861e-4 0 -0.9999164 -0.01293367 0 -0.02135562 0.999772 0 -0.9997467 0.02250683 0 -0.9999406 -0.01090842 0 0.06279027 0.9980269 0 -0.9999164 -0.0129323 0 -0.02135568 0.999772 0 -0.9997467 0.02250885 0 -0.9999405 -0.01090639 0 0.06279027 0.9980269 0 0.9995878 -0.02871292 0 0.999588 -0.02870434 0 -3.37362e-4 -1 0 -3.37362e-4 -1 0 3.99631e-4 1 0 -0.9999962 0.002784848 0 -0.9999971 0.002449333 0 3.99631e-4 1 0 -0.9999961 0.002806127 0 0.9999999 -4.60456e-4 0 1 -4.67669e-4 0 2.62988e-4 1 0 0.9999999 -4.6046e-4 0 2.47588e-4 1 0 2.62914e-4 1 0 0.9999999 -4.59336e-4 0 2.62988e-4 1 0 0.9999999 -4.59064e-4 0 2.47587e-4 1 0 2.62914e-4 1 0 0.9999257 0.01219123 0 -0.06279116 -0.9980267 0 0.9999729 0.007362663 0 0.001632094 0.9999987 0 0.01376175 0.9999054 0 0.994635 0.1034468 0 0.9999257 0.01219123 0 -0.06279063 -0.9980267 0 0.9999729 0.007362663 0 0.001632094 0.9999988 0 0.01376163 0.9999054 0 0.9946359 0.103438 0 0.002354741 -0.9999973 0 0.9999456 0.01044088 0 0.9998832 0.01528221 0 0.9999998 6.47057e-4 0 0.9999844 0.005599141 -1.36056e-6 0.9999462 0.01038289 0 -0.002250075 0.9999976 2.01049e-7 -0.005509853 0.9999849 0 0.004371225 0.9999905 0 0.001092076 0.9999995 -2.17068e-7 -0.002200067 0.9999976 0 0.9999181 0.01280057 0 -0.03768032 0.9992899 0 -0.04413038 0.9990258 0 0.9996713 -0.02563935 0 0.002354741 -0.9999973 0 0.9998833 0.01528227 0 0.9999999 6.47057e-4 0 0.9999848 0.005536735 -2.90806e-7 -0.005509853 0.9999849 0 0.004371225 0.9999905 0 0.001063525 0.9999995 0 0.9999182 0.01280057 0 -0.03767997 0.9992899 0 -0.04413038 0.9990258 0 0.9996713 -0.02563935 0 -0.999993 0.003768086 0 2.63448e-4 1 0 -0.999993 0.003768086 0 2.63447e-4 1 0 1 -3.95886e-5 0 0.01270622 -0.9999194 0 0.9995895 -0.02865415 0 1 4.75495e-4 0 0.03769242 -0.9992894 0 -1.74167e-5 -1 0 0.9999994 -0.001193642 0 0.01270622 -0.9999194 0 0.9995899 -0.02863746 0 0.9999999 4.74438e-4 0 0.03769242 -0.9992894 0 0.9999994 -0.001175582 0 -0.9999754 -0.007026135 0 0.003039181 0.9999954 0 0.004365444 0.9999905 0 -0.9971522 -0.07541626 0 -0.9963952 -0.08483433 0 0.07391333 0.9972647 0 -0.9999753 -0.007025063 0 0.003039181 0.9999955 0 0.004365444 0.9999905 0 -0.9963942 -0.08484619 0 0.07391357 0.9972646 0 -0.9999949 -0.003201365 0 -0.00464642 -0.9999892 0 -0.9999949 -0.003201663 0 -0.00464642 -0.9999892 0 0.002847969 0.999996 0 0.9971629 0.07527416 0 -0.0187022 0.9998251 0 0.9999986 -0.001713037 0 0.9999992 0.001313328 0 -0.03769069 0.9992895 0 0.002847969 0.999996 0 0.9971616 0.07529163 0 -0.0187022 0.9998251 0 0.9999986 -0.001729071 0 0.9999992 0.001313328 0 -0.9999999 6.36021e-4 0 0.08512264 0.9963706 0 -0.9999026 0.01396405 0 -0.9999948 -0.003247439 0 8.60807e-4 0.9999997 0 -0.9999999 6.36486e-4 0 0.08511948 0.9963708 0 -0.9999026 0.01396405 0 -0.9999948 -0.00322932 0 8.60807e-4 0.9999997 0 0.00208944 -0.9999979 0 0.99983 0.01844364 0 0.01745051 -0.9998478 0 1 4.74421e-4 0 0.9979476 -0.06403666 0 -0.00138998 0.9999991 0 0.0376752 -0.9992901 0 0.9992587 0.03849983 0 0.9999325 0.01161926 0 -0.01356095 0.9999082 0 0.01165819 0.9999321 0 0.9966741 0.08149105 0 0.00208944 -0.9999979 0 0.99983 0.01844364 0 0.01745021 -0.9998478 0 0.9979464 -0.0640552 0 -0.00138998 0.9999991 0 0.03767585 -0.9992901 0 0.9992594 0.03848326 0 0.9999325 0.01161718 0 -0.01356118 0.9999082 0 0.01165843 0.9999321 0 0.9966727 0.08150881 0 0.001414835 -0.999999 0 0.9999998 -7.7979e-4 0 0.9999997 -7.79606e-4 0 0.9999998 -7.79115e-4 0 0.9999998 -7.79076e-4 0 -0.9997097 0.02410006 0 -0.01430749 -0.9998977 0 0.009335875 -0.9999565 0 -0.9996005 0.02826279 0 -0.9997097 0.02410006 0 -0.01430749 -0.9998977 0 0.009335994 -0.9999564 0 -0.9996011 0.0282464 0 -0.007427871 0.9999724 0 0.9999169 0.01289784 0 0.9999988 0.001609742 0 0.009149372 0.9999582 0 -0.007427752 0.9999725 0 0.9999169 0.01289784 0 0.9999988 0.001610159 0 0.009149372 0.9999582 0 -0.03138327 0.9995075 0 0.9999268 -0.01210367 0 0.9999875 -0.00501281 0 0.9999268 -0.01210367 0 0.9963333 0.08555722 0 0.9999964 0.002694725 0 0.999989 -0.004704594 0 -0.03641641 0.9993368 0 0.02929264 -0.999571 0 -0.9997736 0.02128207 0 0.9981828 0.0602585 0 0.06277918 0.9980275 0 -0.01349431 -0.999909 0 -0.9999874 0.005024075 0 -0.999944 0.01058727 0 -1 -4.60661e-4 0 -0.9940406 -0.1090118 0 -0.9999819 -0.006023764 0 -0.9999819 -0.006023824 0 -0.00932914 -0.9999565 0 -0.009708285 0.9999529 0 -0.9999998 6.9191e-4 0 -0.9865529 0.1634427 0 -0.002441585 -0.999997 0 0.06280398 0.998026 0 -0.9949149 -0.1007191 0 -0.9985505 0.05382531 0 0.07966208 -0.996822 0 -0.03138333 0.9995075 0 0.9963333 0.08555722 0 0.9999964 0.002694725 0 0.9999891 -0.004687726 6.62869e-7 -0.03641641 0.9993367 0 0.02929264 -0.999571 0 -0.9997736 0.02128183 0 0.06277912 0.9980275 0 -0.01349431 -0.9999091 0 -0.999944 0.01058727 0 -0.9940405 -0.1090113 0 -0.00932914 -0.9999565 0 -0.009708285 0.9999529 0 -0.9999998 6.9191e-4 0 -0.9865525 0.1634448 0 0.06280398 0.998026 0 -0.9949145 -0.1007227 0 -0.9985504 0.05382734 0 0.07966226 -0.996822 0 -0.9995203 0.03097319 0 -0.03769159 0.9992895 0 -0.9998824 -0.01534193 0 -0.001585364 -0.9999988 0 -0.01567661 -0.9998772 0 -0.9998369 -0.01806402 0 -0.9995192 0.03100556 0 -0.0376923 0.9992894 0 -0.9998822 -0.01535069 0 -0.001585304 -0.9999988 0 -0.01567715 -0.9998772 0 -0.9998369 -0.01806402 0 -0.001386582 0.9999991 0 -0.999997 -0.002486526 0 -0.999997 -0.002485036 0 -0.9997283 0.02330809 0 -0.03768485 0.9992897 0 -0.001386582 0.9999991 0 -0.999997 -0.002487182 0 -0.999997 -0.00248599 0 -0.03768515 0.9992897 0 0.005916953 0.9999826 0 0.07935923 0.9968461 0 0.9984965 -0.05481511 0 0.9965572 0.08290791 0 0.1311971 0.9913563 0 0.005916953 0.9999825 0 0.07935923 0.9968461 0 0.9984941 -0.05485981 0 0.9965587 0.08289039 0 0.1311949 0.9913567 0 -0.004864096 0.9999882 0 0.9997263 0.0233975 0 -0.03767579 0.9992901 0 0.9999972 -0.002406239 0 0.9988934 0.04703211 0 0.03769081 -0.9992895 0 -0.004864096 0.9999882 0 0.9997263 0.0233975 0 0.9999972 -0.002406239 0 0.9988934 0.04703211 0 0.03769081 -0.9992895 0 -1 8.16895e-5 0 -0.003666341 -0.9999933 0 0.02106416 0.9997782 0 -0.9993479 -0.03611063 0 -0.9999951 -0.003157258 0 -0.007245004 -0.9999738 0 -1 6.53516e-5 0 -0.003666341 -0.9999933 0 -0.9993485 -0.03609234 0 -0.9999951 -0.003157258 0 -0.007245004 -0.9999738 0 -0.9997754 0.02119624 0 0.03768628 -0.9992896 0 -0.9999312 -0.01173186 0 -0.9997815 -0.0209046 0 0.02119112 0.9997755 0 -0.9997754 0.02119624 0 -0.9999312 -0.01173186 0 -0.9997811 -0.02092385 0 0.02119147 0.9997755 0 0.9999985 0.001760601 0 0.9946111 -0.1036764 0 -0.01493287 -0.9998886 0 0.03769403 -0.9992894 0 0.998748 -0.05002635 0 0.9999985 0.001760601 0 0.9946114 -0.1036745 0 -0.01493281 -0.9998886 0 0.03769379 -0.9992894 0 0.998748 -0.05002641 0 0.9999882 0.004870772 0 0.9991433 0.04138636 0 0.03708738 -0.9993121 0 0.9999881 0.004870057 0 0.9991427 0.04140263 0 0.01634842 -0.9998664 0 -0.999719 -0.02371019 0 0.1049416 -0.9944784 0 -0.003206133 -0.9999949 0 -0.9999907 -0.004324972 0 0.01634842 -0.9998664 0 -0.9997193 -0.02369576 0 0.1049398 -0.9944786 0 -0.003206133 -0.9999949 0 -0.9999907 -0.004325687 0 -9.08151e-4 0.9999997 0 0.9996646 -0.0258975 0 -0.03768163 0.9992899 0 0.03617864 0.9993454 0 0.9993638 0.03566366 0 -9.08151e-4 0.9999997 0 0.9996646 -0.02589946 0 -0.03768169 0.9992898 0 0.03617864 0.9993454 0 0.999364 0.03566151 0 -0.9999992 -0.001254439 0 0.05419343 0.9985305 0 0.002761065 0.9999962 0 -0.9999088 0.01351445 0 -0.9999992 -0.001254379 0 0.05419355 0.9985305 0 0.002761065 0.9999962 0 -0.9999088 0.01351445 0 -0.003273904 -0.9999946 0 -0.003273904 -0.9999947 0 -0.007395088 -0.9999727 0 0.03876316 -0.9992485 0 0.9999925 0.00388956 0 -0.007395088 -0.9999727 0 0.03876298 -0.9992485 0 0.9999925 0.003889858 0 0.03770035 -0.9992891 0 -0.9954012 -0.09579455 0 -0.05786502 -0.9983245 0 -0.007472515 -0.9999722 0 -0.9999999 -5.83467e-4 0 0.03770041 -0.9992892 0 -0.9954012 -0.09579455 0 -0.05786502 -0.9983245 0 -0.007472515 -0.9999722 0 -0.9999999 -5.83164e-4 0 -0.03767728 0.99929 0 -0.9982326 0.05942934 0 0.01814997 0.9998354 0 -0.03766417 0.9992905 0 0.9965769 0.08267152 0 -0.03767728 0.99929 0 -0.9982326 0.05942934 0 -0.03766417 0.9992905 0 0.9965769 0.08267152 0 0.00314778 0.9999951 0 0.09280407 0.9956845 0 0.9992997 0.0374217 0 0.00314778 0.9999951 0 0.09280371 0.9956845 0 0.9992997 0.0374217 0 0.9999921 0.003975391 0 0.9970604 -0.0766198 0 0.03769099 -0.9992895 0 0.9999922 0.003973305 0 0.9970607 -0.07661539 0 0.03769099 -0.9992895 0 0.00534445 -0.9999858 0 -0.9994661 0.03267276 0 -0.9999823 0.005963802 0 -0.04370081 -0.9990448 0 0.00534445 -0.9999858 0 -0.9994661 0.03267478 0 -0.9999822 0.005963802 0 -0.04370087 -0.9990447 0 -0.9998954 0.01446497 0 -0.0612058 -0.9981252 0 -0.9988282 -0.04839587 0 -0.9999647 0.008404135 0 -0.03201985 -0.9994874 0 -0.0161938 0.9998689 0 -0.9999995 9.97296e-4 0 -0.9998614 -0.01665347 0 -0.01543968 0.9998809 0 -0.9998953 0.01447379 0 -0.0612058 -0.9981252 0 -0.9988279 -0.04840469 0 -0.9999648 0.008395433 0 -0.03202015 -0.9994872 0 -0.01619404 0.9998689 0 -0.9999995 9.98346e-4 0 -0.9998615 -0.01664537 0 -0.01543968 0.9998809 0 -0.9999897 -0.004542708 0 -0.9992331 -0.03915631 0 -0.01740312 0.9998487 0 -0.03770101 0.9992892 0 -0.9998581 -0.01684927 0 -0.9999897 -0.004542708 0 -0.9992332 -0.03915631 0 -0.01740312 0.9998487 0 -0.999858 -0.01685136 0 0.003593027 0.9999936 0 -0.9971819 -0.07502323 0 -0.03768783 0.9992896 0 0.01431655 0.9998976 0 -0.9995046 0.03147315 0 0.003593027 0.9999936 0 -0.9971818 -0.07502323 0 0.01431667 0.9998976 0 -0.9995047 0.03147315 0 -0.07091689 -0.9974822 0 0.9986025 0.05284982 0 -0.004476547 -0.99999 0 0.03769493 -0.9992894 0 -0.9994481 0.0332216 0 -0.07091754 -0.9974822 0 0.9986025 0.05284982 0 -0.004476547 -0.9999901 0 0.03769493 -0.9992894 0 -0.9994478 0.03322947 0 0.9999381 -0.01113319 0 0.1801693 0.9836356 0 0.9996703 0.02567517 0 0.008868753 0.9999607 0 -0.9996544 -0.02629297 0 -0.9999984 0.001811742 0 0.07195794 0.9974077 0 0.999938 -0.01113319 0 0.1801678 0.9836359 0 0.9996704 0.02567517 0 0.008868753 0.9999607 0 -0.9996546 -0.02628475 0 -0.9999984 0.001803994 0 0.07195794 0.9974077 0 0.03768455 -0.9992898 0 -0.9930527 0.1176704 0 0.01512968 -0.9998856 0 0.9985629 -0.05359297 0 0.002762019 -0.9999963 0 0.004603385 -0.9999894 0 1 1.41892e-4 0 0.03768461 -0.9992898 0 0.01512968 -0.9998856 0 0.9985629 -0.05359297 0 0.002762019 -0.9999962 0 0.004603385 -0.9999894 0 1 1.41797e-4 0 0.9999992 0.001245081 0 0.001700699 0.9999986 0 0.9989951 0.04482072 0 0.1020941 0.9947748 0 0.9999424 0.01074314 0 0.9989449 -0.04592454 0 0.03769093 -0.9992895 0 0.9999992 0.001245141 0 0.001700699 0.9999986 0 0.9989949 0.04482501 0 0.1020937 0.9947748 0 0.9999424 0.01074081 0 0.9989453 -0.04591715 0 0.03769111 -0.9992895 0 0.004032075 -0.999992 0 -0.9996508 -0.02642327 0 0.03768038 -0.9992899 0 -0.9999833 -0.005799472 0 -0.9999992 0.001359641 0 -0.001309454 -0.9999992 0 0.004032075 -0.999992 0 -0.9996511 -0.02641546 0 -0.9999833 -0.005799472 0 -0.001309454 -0.9999992 0 0.9999386 -0.01108598 0 0.9999386 -0.01109063 0 0.03975635 0.9992094 0 0.999747 0.02249592 0 0.9997774 0.02110129 0 0.03596889 0.9993529 0 0.002979695 0.9999957 0 1 -1.98756e-5 0 -0.9999974 -0.002284526 0 0.06749552 -0.9977196 0 -0.004686236 -0.9999891 0 0.9998548 -0.01704502 0 -0.9999997 -7.81855e-4 0 0.04081541 -0.9991667 0 0.001561641 0.9999988 0 0.9999232 0.01239824 0 0.9999971 -0.002447962 0 0.002522885 -0.9999969 0 -0.008507251 -0.9999639 0 -0.9990281 -0.04407918 0 0.9999779 0.006649196 0 0.05622619 -0.9984181 0 0.006211638 0.9999808 0 -0.99999 0.004484534 0 -0.9993072 0.03721702 0 0.001988887 -0.9999981 0 -0.1265216 0.9919639 0 -0.9999964 -0.002673149 0 -0.9997424 0.02269977 0 -0.05010849 0.9987438 0 0.03975647 0.9992095 0 0.999747 0.02249819 0 0.9997774 0.02110129 0 0.03596878 0.999353 0 0.002979695 0.9999956 0 1 -2.00499e-5 0 -0.9999974 -0.002284526 0 0.0674951 -0.9977197 0 -0.004686236 -0.9999891 0 0.9998549 -0.01704055 0 -0.9999997 -7.82274e-4 0 0.04081535 -0.9991667 0 0.001561641 0.9999988 0 0.9999232 0.01240295 0 0.002522885 -0.9999969 0 -0.008507251 -0.9999639 0 -0.999028 -0.04407918 0 0.999978 0.006647109 0 0.05622667 -0.9984181 0 -0.9999899 0.004492819 0 -0.9993076 0.03720831 0 0.001988828 -0.9999981 0 -0.1265226 0.9919638 0 -0.9999965 -0.002673149 0 -0.9997424 0.02269977 0 -0.0501089 0.9987438 0 0.9994004 0.03462725 0 0.9997508 0.0223273 0 0.9994004 0.03462487 0 0.9999494 0.01006293 0 0.9999976 -0.002230048 0 -0.007301628 0.9999734 0 0.002232789 -0.9999975 0 0.9992522 0.03867 0 0.9988076 0.04882138 0 -0.003479421 0.999994 0 0.0567407 -0.998389 0 -0.9993615 -0.03573101 0 -0.9967827 -0.08015185 0 -0.004164874 0.9999914 0 0.03770363 -0.999289 0 -0.999997 0.00247842 0 -0.9999888 0.004731535 0 -0.9999982 0.001903176 1.35754e-7 -0.9999985 0.001816749 -1.79512e-7 -0.9999996 -9.15727e-4 0 0.9999976 -0.002230346 0 -0.007301688 0.9999734 0 0.002232849 -0.9999976 0 0.9992524 0.03866165 0 0.9988072 0.04883003 0 0.05674022 -0.998389 0 -0.9993618 -0.03572297 0 -0.9967833 -0.08014464 0 -0.004164934 0.9999914 0 0.03770428 -0.999289 0 -0.9999889 0.004728615 0 -0.9999971 0.002427637 0 -0.9999983 0.001863896 9.32949e-7 -0.9999997 -9.16521e-4 0 -0.999997 0.002439141 0 -0.9999034 -0.01390057 0 -0.9999592 -0.009044528 0 -0.999991 -0.004254639 0 1.99817e-4 1 0 -0.9999914 -0.004162311 0 -0.9999998 6.79418e-4 0 -0.999755 -0.02213597 0 0.08304613 -0.9965458 0 0.004924893 0.999988 0 -0.9999577 0.009202897 0 0.9991503 0.04121637 0 0.05832254 -0.9982978 0 0.01276206 0.9999186 0 0.9999952 -0.003117442 0 0.9998456 0.01757651 0 0.9999274 0.01205509 0 0.9998456 0.01757645 0 0.08575958 -0.9963158 0 0.9999778 0.006668627 0 0.9999992 0.0012452 0 -0.9999034 -0.01390057 0 -0.9999591 -0.009059131 0 1.99818e-4 1 0 -0.9999998 6.79443e-4 0 -0.999755 -0.02213519 0 0.08304613 -0.9965457 0 -0.9999577 0.009203135 0 0.9991503 0.04121637 0 0.0583226 -0.9982979 0 0.01276206 0.9999186 0 0.9999952 -0.003117442 0 0.08575958 -0.9963159 0 0.9999992 0.0012452 0 0.9999738 -0.007243931 0 0.9998257 -0.01867258 0 0.1065455 -0.9943078 0 -0.999207 0.03981727 0 0.004730999 -0.9999889 0 0.005533397 -0.9999848 0 -0.9995025 -0.0315414 0 0.9999738 -0.007243931 0 0.9998257 -0.01867258 0 0.1065455 -0.9943078 0 -0.999207 0.0398193 0 0.004730999 -0.9999889 0 0.005533397 -0.9999847 0 -0.9995026 -0.03153944 0 0.002352893 0.9999973 0 -0.03769946 0.9992892 0 -0.9996253 -0.02737247 0 0.999854 -0.01709157 0 0.005303204 0.999986 0 0.002352893 0.9999973 0 -0.03769946 0.9992892 0 -0.9996255 -0.02736824 0 0.999854 -0.01709187 0 0.005303204 0.999986 0 -0.002467751 0.999997 0 -0.002467751 0.999997 0 -0.994661 -0.1031967 0 -0.9999989 -0.001478791 0 -0.1342253 -0.9909509 0 -0.1002103 -0.9949663 0 -0.9988951 -0.0469954 0 -0.9946646 -0.1031621 0 -0.9999989 -0.001479029 0 -0.1002103 -0.9949663 0 -0.9988961 -0.04697585 0 -6.4373e-4 -0.9999999 0 0.002420306 0.9999971 0 0.9999039 0.01386195 0 0.03968209 0.9992125 0 -0.004586815 0.9999896 0 0.999925 0.01225161 0 0.002420306 0.9999971 0 0.9999037 0.01387912 0 0.03968143 0.9992124 0 -0.004586815 0.9999896 0 0.9999246 0.01228415 0 -0.9999961 -0.002776145 0 -0.001887023 -0.9999983 0 1 3.32088e-4 0 0.9994345 0.03362643 0 0.0530495 -0.9985919 0 0.03084892 -0.9995241 0 0.9989829 0.04509264 0 -0.001887023 -0.9999983 0 0.9994339 0.03364235 0 0.05305051 -0.9985918 0 0.03084892 -0.9995241 0 0.9989813 0.04512757 0 0.9999999 -6.19994e-4 0 0.003023743 -0.9999955 0 0.9980716 0.062074 0 0.03768789 -0.9992896 0 0.9986042 -0.05281716 0 -0.01806277 -0.9998369 0 0.9999558 -0.009402394 0 0.07611459 0.9970991 0 0.9995705 -0.02930772 0 0.9991494 -0.04123824 0 0.01696491 0.9998562 0 0.9999998 -6.19693e-4 0 0.003023743 -0.9999955 0 0.9980716 0.062074 0 0.9986041 -0.05281937 0 -0.01806277 -0.9998369 0 0.9995704 -0.02931183 0 0.9991496 -0.04123342 0 0.01696485 0.9998562 0 0.03768301 -0.9992898 0 0.9998382 0.01799064 0 -0.9999644 0.008442819 0 0.03768849 -0.9992896 0 -0.00849229 -0.999964 0 -0.9989432 -0.04596173 0 0.03768318 -0.9992898 0 0.9998383 0.01798629 0 -0.9999644 0.008442521 0 0.03768849 -0.9992896 0 -0.00849235 -0.999964 0 0.9999997 -7.80193e-4 0 0.9999998 -7.80193e-4 0 -0.05788582 -0.9983232 0 -0.9998207 0.01893693 0 -0.01116049 -0.9999378 0 -0.9999929 0.003768682 0 -0.9999899 -0.004521429 0 -0.002962052 -0.9999957 0 -0.05788528 -0.9983233 0 -0.9998207 0.01894104 0 -0.01116043 -0.9999377 0 -0.999993 0.003769218 0 -0.9999898 -0.004521429 0 -0.002962052 -0.9999957 0 -0.003620147 0.9999935 0 -0.002178728 -0.9999976 0 0.9999974 -0.002319991 0 0.9979131 -0.06457251 0 -1.2079e-4 1 0 0.04713207 -0.9988887 0 0.99783 -0.06584346 0 0.999816 0.01918804 0 -0.04859232 0.9988188 0 -0.003620147 0.9999935 0 -0.002178728 -0.9999977 0 0.9979125 -0.06458097 0 -1.2079e-4 1 0 0.99783 -0.06584346 0 0.9998159 0.01918804 0 -0.04859191 0.9988188 0 -0.001308381 -0.9999992 0 0.9988166 0.04863637 0 -0.0174812 -0.9998472 0 0.1149611 -0.9933701 0 0.9990766 0.04296755 0 -0.001308381 -0.9999992 0 0.9988166 0.04863637 0 -0.0174809 -0.9998472 0 0.9990766 0.04296755 0 -0.00154525 -0.9999989 0 -0.9999997 -8.78051e-4 0 -0.9999997 -8.78662e-4 0 -0.9999997 -8.78058e-4 0 -0.9999997 -8.76639e-4 0 -0.9999997 -8.78662e-4 0 -0.9999997 -8.78407e-4 0 -0.9999977 -0.002157568 0 -0.004484117 -0.9999901 0 -0.998439 0.055853 0 0.01964181 -0.9998071 0 0.9999907 -0.004316151 0 0.9999399 -0.01096975 0 0.04079687 -0.9991675 0 -0.9999977 -0.002157688 0 -0.004484117 -0.9999901 0 -0.9984393 0.05584847 0 0.01964181 -0.9998071 0 0.9999907 -0.004316151 0 0.9999399 -0.01096093 0 0.04079687 -0.9991675 0 0.9975324 -0.07020848 0 0.01760387 0.9998452 0 0.9971246 -0.07578015 0 0.9999982 -0.001922726 0 0.01782244 0.9998413 0 0.997533 -0.07020062 0 0.01760399 0.9998452 0 0.9971233 -0.07579761 0 0.9999982 -0.001922845 0 0.01782226 0.9998413 0 0.00131601 0.9999992 0 -0.9999755 -0.006998956 0 0.03387826 -0.999426 0 0.03316044 -0.99945 0 -0.9999485 0.01015895 0 0.001315951 0.9999992 0 -0.9999756 -0.00699079 0 0.03387427 -0.9994262 0 0.03316104 -0.9994501 0 -0.9999486 0.0101422 0 -0.9999799 0.006348848 0 -0.9999799 0.006348848 0 0.007193863 0.9999741 0 0.9998461 0.01754826 0 0.9950765 0.09910953 0 0.03593409 -0.9993542 0 -9.47123e-4 0.9999995 0 0.9988173 0.04862213 0 0.9999992 -0.001355588 0 0.9999986 -0.001691162 0 0.005306363 -0.999986 0 0.9999976 -0.00222516 0 0.9999968 0.002546668 0 -0.02373641 0.9997183 0 0.08586746 -0.9963067 0 0.9996953 0.02468681 0 0.9999695 -0.007817506 0 -0.02332788 0.9997279 0 -0.01437872 -0.9998967 0 -0.9989628 -0.04553544 0 -0.9988443 0.04806399 0 -0.01728445 0.9998507 0 -0.01031637 -0.9999468 0 -0.9999974 0.002287268 -1.98721e-7 -0.9999868 0.00516355 0 -1 -3.01375e-4 2.62305e-7 -0.9999951 -0.003136217 0 -1 -3.07896e-4 2.31544e-7 0.007193982 0.9999741 0 0.9998461 0.01755249 0 0.9988177 0.04861354 0 0.9999992 -0.001357018 0 0.005306363 -0.9999859 0 0.9999982 -0.00189042 0 0.9999976 -0.002225995 0 0.9999968 0.002545893 0 -0.02373659 0.9997183 0 0.08586603 -0.9963068 0 0.9996953 0.02468681 0 0.9999696 -0.007800877 0 -0.02332812 0.999728 0 -0.01437866 -0.9998967 0 -0.9989624 -0.04554444 0 -0.9988439 0.04807269 0 -0.01728457 0.9998506 0 -0.01031649 -0.9999468 0 -0.9999868 0.00516355 0 -0.9999974 0.002287268 1.32787e-7 -0.9999974 0.002280771 -2.60004e-7 -1 -3.55836e-4 -2.44589e-7 -0.9999951 -0.003136217 0 -0.02410733 -0.9997095 0 -0.9991034 -0.04233866 0 -0.998277 -0.0586785 0 -0.020603 -0.9997878 0 3.94784e-4 -1 0 -0.9999805 -0.006248235 0 0.9999639 0.008498072 0 -0.006399571 0.9999796 0 -0.06278836 -0.9980269 0 -0.9997627 0.021784 0 0.996896 -0.07873028 0 -0.06768137 0.997707 0 0.06074535 -0.9981534 0 -0.994969 0.1001837 0 0.9999259 0.01218575 0 0.003501474 0.9999939 0 0.06278735 0.998027 0 0.9996187 -0.02761417 0 0.9953299 0.09653294 0 0.06277859 0.9980275 0 -0.02410733 -0.9997095 0 -0.9991034 -0.04233866 0 -0.9982773 -0.05867385 0 -0.02060294 -0.9997878 0 3.94784e-4 -1 0 -0.9999806 -0.006248235 0 0.999964 0.008494257 0 -0.0627886 -0.9980269 0 -0.9997628 0.02178192 0 -0.06768149 0.9977071 0 0.06074565 -0.9981534 0 -0.9949683 0.1001905 0 0.9999257 0.01218676 0 0.003501474 0.9999939 0 0.06278765 0.9980269 0 0.9996188 -0.02761417 0 0.9953302 0.0965287 0 0.06277829 0.9980276 0 -0.9987729 0.04952555 0 -0.0259093 0.9996643 0 -0.999787 -0.02064079 0 -0.9999883 0.004849553 0 0.008000671 -0.9999681 0 0.06278735 0.998027 0 -0.9989766 -0.0452314 0 -0.999998 -0.002028107 0 -0.0228638 -0.9997387 0 -0.9987728 0.0495277 0 -0.02590936 0.9996643 0 -0.9999883 0.004847586 0 0.008000671 -0.999968 0 0.06278735 0.998027 0 -0.9989766 -0.0452314 0 -0.999998 -0.002028167 0 -0.02286386 -0.9997387 0 0.9936602 0.1124252 0 -0.02767503 0.999617 0 0.9978787 -0.06510061 0 -0.050906 0.9987035 0 0.9999852 -0.00545305 0 -2.16367e-4 -1 0 0.09300202 -0.9956659 0 -0.9998966 -0.0143873 0 0.9940044 -0.1093407 0 -0.02969169 -0.9995592 0 -0.06278324 -0.9980272 0 -0.9995036 -0.03150612 0 0.9997729 -0.02131444 0 2.66095e-4 -1 0 0.9936602 0.1124252 0 -0.02767503 0.999617 0 0.9978788 -0.06510066 0 -0.050906 0.9987035 0 0.9999852 -0.00545305 0 -2.16368e-4 -1 0 0.09300202 -0.995666 0 -0.9998966 -0.01438319 0 0.9940044 -0.1093407 0 -0.02969139 -0.9995592 0 -0.06278324 -0.9980272 0 -0.9995034 -0.03151094 0 0.9997729 -0.0213145 0 -0.9999992 0.001300096 0 -0.05261915 0.9986147 0 -0.9990022 0.04466205 0 -0.08068722 0.9967395 0 8.78807e-4 0.9999997 0 -0.9949146 -0.1007223 0 -0.05261939 0.9986147 0 -0.9990023 0.04465758 0 -0.08068722 0.9967395 0 8.78806e-4 0.9999997 0 -0.9949151 -0.1007183 0 0.02306658 -0.9997339 0 0.9994887 -0.03197902 0 0.9975308 -0.07023167 0 3.93438e-4 -1 0 -0.03384894 -0.999427 0 -0.9964691 -0.08396041 0 0.9999741 -0.007199287 0 -0.06278502 -0.9980272 0 -0.03993332 0.9992024 0 -0.9998679 -0.01626229 0 0.9978799 0.06508427 0 -0.06279408 -0.9980266 0 0.004872739 0.9999881 0 -0.9999966 0.002631962 0 0.9992635 -0.03837329 0 -0.01702314 0.9998551 0 9.01713e-4 0.9999997 0 -0.9999387 0.01107734 0 -0.9997184 0.02373504 0 -0.05374884 0.9985545 0 0.02306699 -0.9997339 0 0.9994891 -0.03196191 0 0.997533 -0.07019871 0 3.93437e-4 -1 0 -0.03384953 -0.999427 0 -0.9964706 -0.08394318 0 0.9999741 -0.007199287 0 -0.06278401 -0.9980272 0 -0.0399326 0.9992024 0 -0.9998676 -0.01627933 0 0.9978798 0.06508427 0 -0.06279295 -0.9980266 0 0.004872679 0.9999881 0 -0.9999966 0.002631962 0 0.9992635 -0.03837329 0 -0.01702284 0.9998552 0 9.01712e-4 0.9999997 0 -0.9999387 0.01107734 0 -0.9997192 0.02370268 0 -0.05374795 0.9985546 0 0.0406779 -0.9991723 0 0.9998384 -0.01798588 0 0.9862134 -0.1654785 0 2.6611e-4 -1 0 0.0469467 -0.9988974 0 -0.9994416 0.03341323 0 0.9999932 -0.00368309 0 -0.03198182 -0.9994885 0 -0.08997428 0.9959442 0 -0.9971852 -0.07497864 0 0.9997122 -0.02399051 0 -0.02861899 -0.9995904 0 -0.03499585 0.9993876 0 -0.9999961 0.002816557 0 0.9980956 0.06168621 0 0.02980476 0.9995558 0 -0.007523298 0.9999718 0 -0.9964658 -0.08399939 0 -0.9963372 -0.08551228 0 -0.07107436 0.9974711 0 0.9998386 -0.01796853 0 0.986208 -0.1655114 0 2.6611e-4 -1 0 0.04694861 -0.9988973 0 -0.9994417 0.03341323 0 0.9999933 -0.003681004 0 -0.03198236 -0.9994885 0 -0.08997434 0.9959442 0 0.9997123 -0.02399045 0 -0.02861899 -0.9995904 0 -0.03499525 0.9993875 0 -0.999996 0.00281763 0 0.9980956 0.06168621 0 0.02980524 0.9995558 0 -0.007523238 0.9999717 0 -0.9964658 -0.08399945 0 -0.9963371 -0.08551228 0 -0.07107323 0.9974711 0 3.43521e-5 1 0 -0.9998636 -0.01651644 0 -0.03078204 0.9995262 0 -0.008957684 0.9999599 0 -0.9996231 0.02745401 0 -0.008957862 0.9999599 0 -0.9996241 0.02741903 0 -0.02931839 0.9995701 0 -0.9986993 0.05098807 0 -0.9990772 0.04295086 0 -5.80747e-4 0.9999999 0 -0.02861154 0.9995907 0 0.9985865 0.05315226 0 -0.9999895 -0.004598379 0 0.0274887 0.9996222 0 0.04835617 -0.9988301 0 0.9984909 0.05491954 0 -0.9997516 -0.02228778 0 -0.02714383 0.9996316 0 -0.03597205 -0.9993528 0 0.9999958 -0.002903878 0 -0.9999958 0.00289607 0 -0.007058799 -0.9999752 0 3.93844e-4 -1 0 0.9999612 0.008810997 0 -0.9999696 -0.007815897 0 0.05372858 -0.9985556 0 -0.01779431 -0.9998417 0 0.9980247 -0.06282526 0 -0.9998185 -0.01905286 0 3.93393e-4 -1 0 -0.06278759 -0.998027 0 0.9999998 8.05445e-4 0 0.9993022 -0.03735303 0 -0.02921229 -0.9995732 0 -0.02931863 0.9995702 0 -0.9986993 0.05098807 0 -5.80747e-4 0.9999998 0 -0.02861154 0.9995907 0 0.9985864 0.05315446 0 -0.9999895 -0.004599452 0 0.02748864 0.9996222 0 0.04835575 -0.9988303 0 0.9984909 0.05491954 0 -0.9997519 -0.02227985 0 -0.02714383 0.9996316 0 -0.03597235 -0.9993529 0 0.9999959 -0.00290358 0 -0.9999958 0.00290507 0 -0.007058799 -0.9999752 0 3.93844e-4 -1 0 0.9999612 0.008808851 0 -0.9999696 -0.007815897 0 0.05372858 -0.9985556 0 -0.01779413 -0.9998417 0 0.9980245 -0.06282734 0 -0.9998186 -0.01904809 0 3.93393e-4 -1 0 -0.06278741 -0.998027 0 0.9999997 8.06041e-4 0 0.9993017 -0.03736555 0 -0.02921229 -0.9995732 0 0.01013559 -0.9999486 0 0.9999997 8.5603e-4 0 0.9999641 -0.008470892 0 0.006918787 -0.9999761 0 0.01013553 -0.9999487 0 0.9999997 8.47596e-4 0 0.9999641 -0.008479177 0 -0.9973813 -0.07232314 0 -1 -1.67081e-4 0 -0.008153975 -0.9999668 0 0.09134715 -0.9958192 0 -0.9989865 -0.04501157 0 -0.9973813 -0.07232314 0 -1 -1.67181e-4 0 -0.008153915 -0.9999669 0 0.09134739 -0.9958191 0 -0.9997729 0.02131265 0 -0.0285983 -0.999591 0 0.04982876 -0.9987578 0 -0.9999987 0.001639485 0 -0.9999638 -0.00851655 0 0.02394253 0.9997134 0 2.66864e-4 -1 0 -0.9992464 0.03881686 0 0.9956281 0.09340554 0 -0.05001431 0.9987486 0 0.06765019 -0.9977091 0 -0.9999588 0.009081721 0 0.9982863 -0.05852168 0 0.002686083 0.9999964 0 -0.001149356 -0.9999994 0 0.9984521 -0.0556178 0 0.9999996 9.49988e-4 0 -0.04795134 0.9988498 0 -0.04527759 0.9989745 0 0.9972153 0.07457792 0 -0.9997729 0.02131265 0 -0.02859824 -0.9995911 0 0.04982864 -0.9987578 0 -0.9999987 0.001639187 0 -0.9999638 -0.008518755 0 0.02394258 0.9997134 0 2.66864e-4 -1 0 -0.9992465 0.03881478 0 0.9956273 0.09341502 0 -0.05001413 0.9987486 0 0.06765025 -0.9977091 0 -0.9999588 0.009083747 0 0.9982862 -0.05852168 0 0.002686083 0.9999965 0 -0.001149356 -0.9999994 0 0.9984524 -0.05561339 0 0.9999996 9.49988e-4 0 -0.04795134 0.9988498 0 -0.04527753 0.9989745 0 0.9972144 0.07458955 0</float_array>
          <technique_common>
            <accessor source="#_3_2_163_0_zeimport_poly5_XSIPOLYCLS_maze_0-mesh-normals-array" count="1133" stride="3">
              <param name="X" type="float"/>
              <param name="Y" type="float"/>
              <param name="Z" type="float"/>
            </accessor>
          </technique_common>
        </source>
        <source id="_3_2_163_0_zeimport_poly5_XSIPOLYCLS_maze_0-mesh-map-0">
          <float_array id="_3_2_163_0_zeimport_poly5_XSIPOLYCLS_maze_0-mesh-map-0-array" count="6924">0.2302116 0.8815369 0.2234579 0.8815363 0.2234579 0.8815363 0.2302116 0.8815369 0.2301943 0.8819654 0.2302116 0.8815369 0.2234579 0.8815363 0.2234463 0.8819842 0.2234463 0.8819842 0.2301943 0.8819654 0.2306145 0.8819919 0.2301943 0.8819654 0.2234463 0.8819842 0.2230482 0.8820018 0.2230482 0.8820018 0.2306381 0.8823975 0.2306145 0.8819919 0.2306145 0.8819919 0.2230402 0.8823817 0.2230482 0.8820018 0.2230402 0.8823817 0.2310574 0.8824027 0.2306381 0.8823975 0.2306381 0.8823975 0.2226031 0.8823754 0.2230402 0.8823817 0.2226031 0.8823754 0.2310738 0.8891278 0.2310574 0.8824027 0.2310574 0.8824027 0.2226031 0.8823754 0.2226146 0.88915 0.2226146 0.88915 0.2306073 0.8891497 0.2310738 0.8891278 0.2310738 0.8891278 0.2226146 0.88915 0.2229995 0.8891363 0.2229995 0.8891363 0.2305882 0.8895816 0.2306073 0.8891497 0.2306073 0.8891497 0.2229995 0.8891363 0.2230156 0.8895719 0.2230156 0.8895719 0.2302544 0.8895606 0.2305882 0.8895816 0.2305882 0.8895816 0.2234358 0.8895795 0.2230156 0.8895719 0.2234358 0.8895795 0.2302636 0.8899701 0.2302544 0.8895606 0.2302544 0.8895606 0.2234515 0.8899719 0.2234358 0.8895795 0.2234515 0.8899719 0.2234515 0.8899719 0.2302636 0.8899701 0.2302636 0.8899701 0.2302116 0.8815369 0.2234579 0.8815363 0.2302116 0.8815369 0.2301943 0.8819654 0.2301943 0.8819654 0.2302116 0.8815369 0.2234579 0.8815363 0.2234463 0.8819842 0.2234579 0.8815363 0.2306145 0.8819919 0.2306145 0.8819919 0.2301943 0.8819654 0.2234463 0.8819842 0.2230482 0.8820018 0.2234463 0.8819842 0.2306381 0.8823975 0.2306145 0.8819919 0.2306381 0.8823975 0.2230482 0.8820018 0.2230482 0.8820018 0.2230402 0.8823817 0.2310574 0.8824027 0.2306381 0.8823975 0.2310574 0.8824027 0.2230402 0.8823817 0.2230402 0.8823817 0.2226031 0.8823754 0.2310738 0.8891278 0.2310574 0.8824027 0.2310738 0.8891278 0.2226031 0.8823754 0.2226146 0.88915 0.2226031 0.8823754 0.2306073 0.8891497 0.2310738 0.8891278 0.2306073 0.8891497 0.2226146 0.88915 0.2229995 0.8891363 0.2226146 0.88915 0.2305882 0.8895816 0.2306073 0.8891497 0.2305882 0.8895816 0.2229995 0.8891363 0.2230156 0.8895719 0.2229995 0.8891363 0.2302544 0.8895606 0.2305882 0.8895816 0.2302544 0.8895606 0.2230156 0.8895719 0.2230156 0.8895719 0.2234358 0.8895795 0.2302636 0.8899701 0.2302544 0.8895606 0.2302636 0.8899701 0.2234358 0.8895795 0.2234358 0.8895795 0.2234515 0.8899719 0.2234515 0.8899719 0.2302636 0.8899701 0.2234515 0.8899719 0.2714586 0.9623858 0.2714443 0.9455813 0.2714443 0.9455813 0.2714443 0.9455813 0.2714335 0.932847 0.2714335 0.932847 0.2714586 0.9623858 0.2714443 0.9455813 0.2714586 0.9623858 0.2714443 0.9455813 0.2714335 0.932847 0.2714443 0.9455813 0.2563102 0.9228209 0.2563264 0.9240797 0.2563264 0.9240797 0.256711 0.9228124 0.2563102 0.9228209 0.2563102 0.9228209 0.2567209 0.9223709 0.256711 0.9228124 0.256711 0.9228124 0.2571189 0.9219654 0.2571237 0.9223963 0.2571237 0.9223963 0.2571237 0.9223963 0.2567209 0.9223709 0.2567209 0.9223709 0.2563102 0.9228209 0.2563264 0.9240797 0.2563102 0.9228209 0.256711 0.9228124 0.2563102 0.9228209 0.256711 0.9228124 0.2567209 0.9223709 0.256711 0.9228124 0.2567209 0.9223709 0.2571189 0.9219654 0.2571237 0.9223963 0.2571189 0.9219654 0.2571237 0.9223963 0.2567209 0.9223709 0.2571237 0.9223963 0.2706073 0.9640651 0.270619 0.9636561 0.270619 0.9636561 0.2706073 0.9640651 0.270619 0.9636561 0.2706073 0.9640651 0.2032193 0.9640423 0.2706073 0.9640651 0.2706073 0.9640651 0.2032193 0.9640423 0.2706073 0.9640651 0.2032193 0.9640423 0.2158573 0.9320723 0.2032405 0.9320672 0.2032405 0.9320672 0.215878 0.9236795 0.215877 0.9240112 0.215877 0.9240112 0.215877 0.9240112 0.2158573 0.9320723 0.2158573 0.9320723 0.2158573 0.9320723 0.2032405 0.9320672 0.2158573 0.9320723 0.215878 0.9236795 0.215877 0.9240112 0.215878 0.9236795 0.215877 0.9240112 0.2158573 0.9320723 0.215877 0.9240112 0.2040941 0.9569085 0.204097 0.9506121 0.204097 0.9506121 0.2040941 0.9569085 0.2040938 0.9573157 0.2040941 0.9569085 0.2512772 0.9623838 0.2378357 0.9623802 0.2378357 0.9623802 0.2040914 0.9623714 0.2040938 0.9573157 0.2040938 0.9573157 0.2372866 0.9623801 0.2378357 0.9623802 0.2372866 0.9623801 0.2372866 0.9623801 0.2040914 0.9623714 0.2040914 0.9623714 0.2040941 0.9569085 0.204097 0.9506121 0.2040941 0.9569085 0.2040938 0.9573157 0.2040938 0.9573157 0.2040941 0.9569085 0.2512772 0.9623838 0.2378357 0.9623802 0.2512772 0.9623838 0.2040914 0.9623714 0.2040938 0.9573157 0.2040914 0.9623714 0.2378357 0.9623802 0.2378357 0.9623802 0.2372866 0.9623801 0.2372866 0.9623801 0.2040914 0.9623714 0.2372866 0.9623801 0.2706022 0.9236473 0.270597 0.9232186 0.270597 0.9232186 0.270597 0.9232186 0.2710186 0.9232452 0.2710186 0.9232452 0.2710186 0.9232452 0.2710123 0.9223882 0.2710123 0.9223882 0.2706251 0.9219875 0.2571189 0.9219654 0.2571189 0.9219654 0.2710123 0.9223882 0.2706663 0.9223834 0.2706663 0.9223834 0.2706663 0.9223834 0.2706251 0.9219875 0.2706251 0.9219875 0.2706022 0.9236473 0.270597 0.9232186 0.2706022 0.9236473 0.270597 0.9232186 0.2710186 0.9232452 0.270597 0.9232186 0.2710186 0.9232452 0.2710123 0.9223882 0.2710186 0.9232452 0.2706251 0.9219875 0.2571189 0.9219654 0.2706251 0.9219875 0.2710123 0.9223882 0.2706663 0.9223834 0.2710123 0.9223882 0.2706663 0.9223834 0.2706251 0.9219875 0.2706663 0.9223834 0.2579825 0.9236771 0.2706022 0.9236473 0.2706022 0.9236473 0.2579888 0.9240825 0.2579825 0.9236771 0.2579825 0.9236771 0.2579939 0.9320762 0.2579888 0.9240825 0.2579888 0.9240825 0.2697306 0.9320116 0.2579939 0.9320762 0.2579939 0.9320762 0.2706589 0.9320157 0.2697306 0.9320116 0.2697306 0.9320116 0.2706645 0.9324607 0.2706589 0.9320157 0.2706589 0.9320157 0.2710431 0.9324464 0.2706645 0.9324607 0.2706645 0.9324607 0.2714335 0.932847 0.2710325 0.9328647 0.2710325 0.9328647 0.2710325 0.9328647 0.2710431 0.9324464 0.2710431 0.9324464 0.2579825 0.9236771 0.2706022 0.9236473 0.2579825 0.9236771 0.2579888 0.9240825 0.2579825 0.9236771 0.2579888 0.9240825 0.2579939 0.9320762 0.2579888 0.9240825 0.2579939 0.9320762 0.2697306 0.9320116 0.2579939 0.9320762 0.2697306 0.9320116 0.2706589 0.9320157 0.2697306 0.9320116 0.2706589 0.9320157 0.2706645 0.9324607 0.2706589 0.9320157 0.2706645 0.9324607 0.2710431 0.9324464 0.2706645 0.9324607 0.2710431 0.9324464 0.2714335 0.932847 0.2710325 0.9328647 0.2714335 0.932847 0.2710325 0.9328647 0.2710431 0.9324464 0.2710325 0.9328647 0.2697212 0.9573696 0.2697022 0.9623885 0.2697022 0.9623885 0.2697022 0.9623885 0.2512772 0.9623838 0.2512772 0.9623838 0.2697212 0.9573696 0.2697022 0.9623885 0.2697212 0.9573696 0.2697022 0.9623885 0.2512772 0.9623838 0.2697022 0.9623885 0.2175675 0.9329234 0.2175679 0.9240142 0.2175679 0.9240142 0.2171647 0.9329286 0.2175675 0.9329234 0.2175675 0.9329234 0.2171527 0.9333506 0.2171647 0.9329286 0.2171647 0.9329286 0.2041063 0.9404324 0.2041032 0.9337565 0.2041032 0.9337565 0.2167266 0.9333667 0.2171527 0.9333506 0.2171527 0.9333506 0.2041032 0.9337565 0.2167261 0.9337566 0.2167261 0.9337566 0.2167261 0.9337566 0.2167266 0.9333667 0.2167266 0.9333667 0.2175675 0.9329234 0.2175679 0.9240142 0.2175675 0.9329234 0.2171647 0.9329286 0.2175675 0.9329234 0.2171647 0.9329286 0.2171527 0.9333506 0.2171647 0.9329286 0.2171527 0.9333506 0.2041063 0.9404324 0.2041032 0.9337565 0.2041063 0.9404324 0.2167266 0.9333667 0.2171527 0.9333506 0.2167266 0.9333667 0.2041032 0.9337565 0.2167261 0.9337566 0.2041032 0.9337565 0.2167261 0.9337566 0.2167266 0.9333667 0.2167261 0.9337566 0.2630313 0.9463592 0.263055 0.9497385 0.263055 0.9497385 0.2634434 0.9463605 0.2630313 0.9463592 0.2630313 0.9463592 0.2697741 0.9455538 0.2638401 0.9455279 0.2638401 0.9455279 0.2634112 0.9459342 0.2634434 0.9463605 0.2634434 0.9463605 0.2638401 0.9455279 0.2638777 0.9459688 0.2638777 0.9459688 0.2638777 0.9459688 0.2634112 0.9459342 0.2634112 0.9459342 0.2630313 0.9463592 0.263055 0.9497385 0.2630313 0.9463592 0.2634434 0.9463605 0.2630313 0.9463592 0.2634434 0.9463605 0.2697741 0.9455538 0.2638401 0.9455279 0.2697741 0.9455538 0.2634112 0.9459342 0.2634434 0.9463605 0.2634112 0.9459342 0.2638401 0.9455279 0.2638777 0.9459688 0.2638401 0.9455279 0.2638777 0.9459688 0.2634112 0.9459342 0.2638777 0.9459688 0.2697365 0.933815 0.2697741 0.9455538 0.2697741 0.9455538 0.2571454 0.9337565 0.2697365 0.933815 0.2697365 0.933815 0.2697365 0.933815 0.2697741 0.9455538 0.2697365 0.933815 0.2571454 0.9337565 0.2697365 0.933815 0.2571454 0.9337565 0.2166946 0.9219823 0.2032512 0.921944 0.2032512 0.921944 0.2167249 0.9223834 0.2166946 0.9219823 0.2166946 0.9219823 0.2171465 0.9223756 0.2167249 0.9223834 0.2167249 0.9223834 0.2171458 0.9228162 0.2171465 0.9223756 0.2171465 0.9223756 0.2175679 0.9240142 0.2175663 0.9228003 0.2175663 0.9228003 0.2175663 0.9228003 0.2171458 0.9228162 0.2171458 0.9228162 0.2166946 0.9219823 0.2032512 0.921944 0.2166946 0.9219823 0.2167249 0.9223834 0.2166946 0.9219823 0.2167249 0.9223834 0.2171465 0.9223756 0.2167249 0.9223834 0.2171465 0.9223756 0.2171458 0.9228162 0.2171465 0.9223756 0.2171458 0.9228162 0.2175679 0.9240142 0.2175663 0.9228003 0.2175679 0.9240142 0.2175663 0.9228003 0.2171458 0.9228162 0.2175663 0.9228003 0.2024477 0.9328778 0.2024284 0.963245 0.2024284 0.963245 0.202822 0.9329099 0.2024477 0.9328778 0.2024477 0.9328778 0.2028284 0.9324557 0.202822 0.9329099 0.202822 0.9329099 0.2032405 0.9320672 0.2032417 0.932456 0.2032417 0.932456 0.2032417 0.932456 0.2028284 0.9324557 0.2028284 0.9324557 0.2024477 0.9328778 0.2024284 0.963245 0.2024477 0.9328778 0.202822 0.9329099 0.2024477 0.9328778 0.202822 0.9329099 0.2028284 0.9324557 0.202822 0.9329099 0.2028284 0.9324557 0.2032405 0.9320672 0.2032417 0.932456 0.2032405 0.9320672 0.2032417 0.932456 0.2028284 0.9324557 0.2032417 0.932456 0.204097 0.9506121 0.2100195 0.9505997 0.2100195 0.9505997 0.2100195 0.9505997 0.2100109 0.9501332 0.2100109 0.9501332 0.2100109 0.9501332 0.2104219 0.9501259 0.2104219 0.9501259 0.2041088 0.9455621 0.2041063 0.9404324 0.2041063 0.9404324 0.2104219 0.9501259 0.2104462 0.9497485 0.2104462 0.9497485 0.2099609 0.945554 0.2041088 0.9455621 0.2041088 0.9455621 0.2104462 0.9497485 0.2108363 0.9497339 0.2108363 0.9497339 0.2099773 0.9459795 0.2099609 0.945554 0.2099609 0.945554 0.2108363 0.9497339 0.2107973 0.9463713 0.2107973 0.9463713 0.210386 0.9459739 0.2099773 0.9459795 0.2099773 0.9459795 0.2107973 0.9463713 0.2104182 0.9463669 0.2104182 0.9463669 0.2104182 0.9463669 0.210386 0.9459739 0.210386 0.9459739 0.204097 0.9506121 0.2100195 0.9505997 0.204097 0.9506121 0.2100195 0.9505997 0.2100109 0.9501332 0.2100195 0.9505997 0.2100109 0.9501332 0.2104219 0.9501259 0.2100109 0.9501332 0.2041088 0.9455621 0.2041063 0.9404324 0.2041088 0.9455621 0.2104219 0.9501259 0.2104462 0.9497485 0.2104219 0.9501259 0.2099609 0.945554 0.2041088 0.9455621 0.2099609 0.945554 0.2104462 0.9497485 0.2108363 0.9497339 0.2104462 0.9497485 0.2099773 0.9459795 0.2099609 0.945554 0.2099773 0.9459795 0.2108363 0.9497339 0.2107973 0.9463713 0.2108363 0.9497339 0.210386 0.9459739 0.2099773 0.9459795 0.210386 0.9459739 0.2107973 0.9463713 0.2104182 0.9463669 0.2107973 0.9463713 0.2104182 0.9463669 0.210386 0.9459739 0.2104182 0.9463669 0.204126 0.8765521 0.236086 0.8765069 0.236086 0.8765069 0.2041156 0.8898532 0.2041075 0.9002925 0.2041156 0.8898532 0.2041156 0.8898532 0.204126 0.8765521 0.204126 0.8765521 0.204126 0.8765521 0.236086 0.8765069 0.204126 0.8765521 0.2041075 0.9002925 0.2041075 0.9002925 0.2041156 0.8898532 0.2041156 0.8898532 0.204126 0.8765521 0.2041156 0.8898532 0.2032281 0.9636778 0.2032193 0.9640423 0.2032193 0.9640423 0.202828 0.9636721 0.2032281 0.9636778 0.2032281 0.9636778 0.2024284 0.963245 0.2028402 0.9632412 0.2028402 0.9632412 0.2028402 0.9632412 0.202828 0.9636721 0.202828 0.9636721 0.2032281 0.9636778 0.2032193 0.9640423 0.2032281 0.9636778 0.202828 0.9636721 0.2032281 0.9636778 0.202828 0.9636721 0.2024284 0.963245 0.2028402 0.9632412 0.2024284 0.963245 0.2028402 0.9632412 0.202828 0.9636721 0.2028402 0.9632412 0.2239023 0.9459723 0.2230548 0.9459787 0.2230548 0.9459787 0.2239075 0.9463738 0.2239023 0.9459723 0.2239023 0.9459723 0.2243046 0.9556429 0.2242896 0.9463773 0.2242896 0.9463773 0.2239075 0.9463738 0.2242896 0.9463773 0.2239075 0.9463738 0.2239023 0.9459723 0.2230548 0.9459787 0.2239023 0.9459723 0.2239075 0.9463738 0.2239023 0.9459723 0.2239075 0.9463738 0.2243046 0.9556429 0.2242896 0.9463773 0.2243046 0.9556429 0.2242896 0.9463773 0.2242896 0.9463773 0.2239075 0.9463738 0.250848 0.89589 0.2512917 0.8958761 0.250848 0.89589 0.2512917 0.8958761 0.2512407 0.9000853 0.2512917 0.8958761 0.2508063 0.8954036 0.250848 0.89589 0.2508063 0.8954036 0.2512838 0.9160771 0.2512407 0.9000853 0.2512407 0.9000853 0.2499554 0.8954345 0.2508063 0.8954036 0.2499554 0.8954345 0.2508191 0.9160907 0.2512838 0.9160771 0.2512838 0.9160771 0.2499464 0.8958542 0.2499554 0.8954345 0.2499464 0.8958542 0.250845 0.9165186 0.2508191 0.9160907 0.2508191 0.9160907 0.2495664 0.8958303 0.2499464 0.8958542 0.2495664 0.8958303 0.2499874 0.9165069 0.250845 0.9165186 0.250845 0.9165186 0.2495214 0.9000861 0.2495664 0.8958303 0.2495214 0.9000861 0.249938 0.9160566 0.2499874 0.9165069 0.2499874 0.9165069 0.2495514 0.9050828 0.2495214 0.9000861 0.2495514 0.9050828 0.2495386 0.9160529 0.249938 0.9160566 0.249938 0.9160566 0.2436755 0.9051398 0.2495514 0.9050828 0.2436755 0.9051398 0.249545 0.9068611 0.2495386 0.9160529 0.2495386 0.9160529 0.243606 0.9055593 0.2436755 0.9051398 0.243606 0.9055593 0.2436658 0.9068468 0.249545 0.9068611 0.249545 0.9068611 0.2432475 0.9055368 0.243606 0.9055593 0.2432475 0.9055368 0.2436175 0.9063691 0.2436658 0.9068468 0.2436658 0.9068468 0.2432475 0.9055368 0.2432008 0.9064025 0.2432008 0.9064025 0.2432008 0.9064025 0.2436175 0.9063691 0.2436175 0.9063691 0.2512917 0.8958761 0.2512917 0.8958761 0.250848 0.89589 0.2512407 0.9000853 0.2512407 0.9000853 0.2512917 0.8958761 0.250848 0.89589 0.250848 0.89589 0.2508063 0.8954036 0.2512838 0.9160771 0.2512407 0.9000853 0.2512838 0.9160771 0.2508063 0.8954036 0.2508063 0.8954036 0.2499554 0.8954345 0.2508191 0.9160907 0.2512838 0.9160771 0.2508191 0.9160907 0.2499554 0.8954345 0.2499554 0.8954345 0.2499464 0.8958542 0.250845 0.9165186 0.2508191 0.9160907 0.250845 0.9165186 0.2499464 0.8958542 0.2499464 0.8958542 0.2495664 0.8958303 0.2499874 0.9165069 0.250845 0.9165186 0.2499874 0.9165069 0.2495664 0.8958303 0.2495664 0.8958303 0.2495214 0.9000861 0.249938 0.9160566 0.2499874 0.9165069 0.249938 0.9160566 0.2495214 0.9000861 0.2495214 0.9000861 0.2495514 0.9050828 0.2495386 0.9160529 0.249938 0.9160566 0.2495386 0.9160529 0.2495514 0.9050828 0.2495514 0.9050828 0.2436755 0.9051398 0.249545 0.9068611 0.2495386 0.9160529 0.249545 0.9068611 0.2436755 0.9051398 0.2436755 0.9051398 0.243606 0.9055593 0.2436658 0.9068468 0.249545 0.9068611 0.2436658 0.9068468 0.243606 0.9055593 0.243606 0.9055593 0.2432475 0.9055368 0.2436175 0.9063691 0.2436658 0.9068468 0.2436175 0.9063691 0.2432475 0.9055368 0.2432008 0.9064025 0.2432475 0.9055368 0.2432008 0.9064025 0.2436175 0.9063691 0.2432008 0.9064025 0.2032512 0.921944 0.2032377 0.922379 0.2032377 0.922379 0.2032377 0.922379 0.2028389 0.9223942 0.2028389 0.9223942 0.2028389 0.9223942 0.2028513 0.9231995 0.2028513 0.9231995 0.2032579 0.9236596 0.215878 0.9236795 0.215878 0.9236795 0.2028513 0.9231995 0.2032497 0.9232059 0.2032497 0.9232059 0.2032497 0.9232059 0.2032579 0.9236596 0.2032579 0.9236596 0.2032512 0.921944 0.2032377 0.922379 0.2032512 0.921944 0.2032377 0.922379 0.2028389 0.9223942 0.2032377 0.922379 0.2028389 0.9223942 0.2028513 0.9231995 0.2028389 0.9223942 0.2032579 0.9236596 0.215878 0.9236795 0.2032579 0.9236596 0.2028513 0.9231995 0.2032497 0.9232059 0.2028513 0.9231995 0.2032497 0.9232059 0.2032579 0.9236596 0.2032497 0.9232059 0.2226163 0.955618 0.2100092 0.9556354 0.2100092 0.9556354 0.2226026 0.9500903 0.2226163 0.955618 0.2226163 0.955618 0.2225934 0.9463987 0.2226026 0.9500903 0.2226026 0.9500903 0.2230548 0.9459787 0.2230455 0.9463817 0.2230455 0.9463817 0.2230455 0.9463817 0.2225934 0.9463987 0.2225934 0.9463987 0.2226163 0.955618 0.2100092 0.9556354 0.2226163 0.955618 0.2226026 0.9500903 0.2226163 0.955618 0.2226026 0.9500903 0.2225934 0.9463987 0.2226026 0.9500903 0.2225934 0.9463987 0.2230548 0.9459787 0.2230455 0.9463817 0.2230548 0.9459787 0.2230455 0.9463817 0.2225934 0.9463987 0.2230455 0.9463817 0.2167186 0.9388546 0.2099698 0.9388148 0.2099698 0.9388148 0.217552 0.9396553 0.2171555 0.9396237 0.2171555 0.9396237 0.2167013 0.9391689 0.2167186 0.9388546 0.2167186 0.9388546 0.2171555 0.9396237 0.2171223 0.9392246 0.2171223 0.9392246 0.2167013 0.9391689 0.2171223 0.9392246 0.2167013 0.9391689 0.2167186 0.9388546 0.2099698 0.9388148 0.2167186 0.9388546 0.217552 0.9396553 0.2171555 0.9396237 0.217552 0.9396553 0.2167013 0.9391689 0.2167186 0.9388546 0.2167013 0.9391689 0.2171555 0.9396237 0.2171223 0.9392246 0.2171555 0.9396237 0.2171223 0.9392246 0.2171223 0.9392246 0.2167013 0.9391689 0.2302053 0.9556143 0.2243046 0.9556429 0.2243046 0.9556429 0.2302162 0.9560789 0.2302053 0.9556143 0.2302053 0.9556143 0.230612 0.9560639 0.2302162 0.9560789 0.2302162 0.9560789 0.23061 0.9569185 0.230612 0.9560639 0.230612 0.9560639 0.2302438 0.9573571 0.2302238 0.956933 0.2302238 0.956933 0.2302238 0.956933 0.23061 0.9569185 0.23061 0.9569185 0.2302053 0.9556143 0.2243046 0.9556429 0.2302053 0.9556143 0.2302162 0.9560789 0.2302053 0.9556143 0.2302162 0.9560789 0.230612 0.9560639 0.2302162 0.9560789 0.230612 0.9560639 0.23061 0.9569185 0.230612 0.9560639 0.23061 0.9569185 0.2302438 0.9573571 0.2302238 0.956933 0.2302438 0.9573571 0.2302238 0.956933 0.23061 0.9569185 0.2302238 0.956933 0.2100092 0.9560672 0.2100092 0.9556354 0.2100092 0.9560672 0.209977 0.9572827 0.2302438 0.9573571 0.2302438 0.9573571 0.2095879 0.9560583 0.2100092 0.9560672 0.2095879 0.9560583 0.209977 0.9572827 0.209963 0.9568989 0.209977 0.9572827 0.2095906 0.9568962 0.2095879 0.9560583 0.2095906 0.9568962 0.209963 0.9568989 0.2095906 0.9568962 0.209963 0.9568989 0.2100092 0.9556354 0.2100092 0.9556354 0.2100092 0.9560672 0.209977 0.9572827 0.2302438 0.9573571 0.209977 0.9572827 0.2100092 0.9560672 0.2100092 0.9560672 0.2095879 0.9560583 0.209963 0.9568989 0.209963 0.9568989 0.209977 0.9572827 0.2095879 0.9560583 0.2095879 0.9560583 0.2095906 0.9568962 0.2095906 0.9568962 0.2095906 0.9568962 0.209963 0.9568989 0.2099745 0.9400568 0.2099662 0.9404512 0.2099662 0.9404512 0.2099745 0.9400568 0.2095762 0.940072 0.2099745 0.9400568 0.2095762 0.940072 0.2095656 0.939173 0.2095762 0.940072 0.2099698 0.9388148 0.2099775 0.9391818 0.2099775 0.9391818 0.2099775 0.9391818 0.2095656 0.939173 0.2095656 0.939173 0.2099745 0.9400568 0.2099662 0.9404512 0.2099745 0.9400568 0.2095762 0.940072 0.2095762 0.940072 0.2099745 0.9400568 0.2095656 0.939173 0.2095656 0.939173 0.2095762 0.940072 0.2099698 0.9388148 0.2099775 0.9391818 0.2099698 0.9388148 0.2099775 0.9391818 0.2095656 0.939173 0.2099775 0.9391818 0.2445085 0.9497535 0.2445026 0.946406 0.2445026 0.946406 0.243673 0.9501557 0.243627 0.9505982 0.243673 0.9501557 0.2445085 0.9497535 0.2441134 0.9497477 0.2445085 0.9497535 0.2440937 0.95014 0.243673 0.9501557 0.2440937 0.95014 0.2441134 0.9497477 0.2440937 0.95014 0.2441134 0.9497477 0.2445085 0.9497535 0.2445026 0.946406 0.2445085 0.9497535 0.243627 0.9505982 0.243627 0.9505982 0.243673 0.9501557 0.2441134 0.9497477 0.2441134 0.9497477 0.2445085 0.9497535 0.243673 0.9501557 0.243673 0.9501557 0.2440937 0.95014 0.2440937 0.95014 0.2440937 0.95014 0.2441134 0.9497477 0.2176011 0.9497292 0.217552 0.9396553 0.217552 0.9396553 0.2171515 0.9501795 0.2171335 0.9497466 0.2171335 0.9497466 0.2171335 0.9497466 0.2176011 0.9497292 0.2176011 0.9497292 0.2176011 0.9497292 0.217552 0.9396553 0.2176011 0.9497292 0.2171515 0.9501795 0.2171335 0.9497466 0.2171515 0.9501795 0.2171335 0.9497466 0.2176011 0.9497292 0.2171335 0.9497466 0.2163106 0.9501932 0.2171515 0.9501795 0.2171515 0.9501795 0.216299 0.9497051 0.2163106 0.9501932 0.2163106 0.9501932 0.216299 0.9497051 0.2159006 0.9497471 0.216299 0.9497051 0.2099662 0.9404512 0.2158605 0.94047 0.2158605 0.94047 0.2158605 0.94047 0.2159006 0.9497471 0.2159006 0.9497471 0.2163106 0.9501932 0.2171515 0.9501795 0.2163106 0.9501932 0.216299 0.9497051 0.2163106 0.9501932 0.216299 0.9497051 0.2159006 0.9497471 0.2159006 0.9497471 0.216299 0.9497051 0.2099662 0.9404512 0.2158605 0.94047 0.2099662 0.9404512 0.2158605 0.94047 0.2159006 0.9497471 0.2158605 0.94047 0.2436748 0.9455426 0.2301976 0.9455549 0.2301976 0.9455549 0.2436748 0.9455426 0.2436631 0.9459924 0.2436748 0.9455426 0.2436631 0.9459924 0.2440807 0.9459766 0.2436631 0.9459924 0.2440955 0.9463912 0.2445026 0.946406 0.2440955 0.9463912 0.2440807 0.9459766 0.2440955 0.9463912 0.2440807 0.9459766 0.2436748 0.9455426 0.2301976 0.9455549 0.2436748 0.9455426 0.2436631 0.9459924 0.2436631 0.9459924 0.2436748 0.9455426 0.2440807 0.9459766 0.2440807 0.9459766 0.2436631 0.9459924 0.2445026 0.946406 0.2445026 0.946406 0.2440955 0.9463912 0.2440955 0.9463912 0.2440955 0.9463912 0.2440807 0.9459766 0.2495422 0.9463878 0.2495538 0.9556385 0.2495538 0.9556385 0.2436618 0.9560728 0.2432385 0.9560498 0.2432385 0.9560498 0.2436679 0.9556223 0.2495538 0.9556385 0.2436679 0.9556223 0.2436618 0.9560728 0.2436679 0.9556223 0.2436618 0.9560728 0.2495422 0.9463878 0.2495538 0.9556385 0.2495422 0.9463878 0.2436618 0.9560728 0.2432385 0.9560498 0.2436618 0.9560728 0.2495538 0.9556385 0.2495538 0.9556385 0.2436679 0.9556223 0.2436679 0.9556223 0.2436679 0.9556223 0.2436618 0.9560728 0.2512708 0.9573091 0.2638598 0.9573505 0.2638598 0.9573505 0.2512708 0.9573091 0.2638598 0.9573505 0.2512708 0.9573091 0.2377896 0.9505551 0.243627 0.9505982 0.243627 0.9505982 0.2373296 0.9565297 0.2378128 0.9565109 0.2378128 0.9565109 0.2378128 0.9565109 0.2377896 0.9505551 0.2377896 0.9505551 0.2377896 0.9505551 0.243627 0.9505982 0.2377896 0.9505551 0.2373296 0.9565297 0.2378128 0.9565109 0.2373296 0.9565297 0.2378128 0.9565109 0.2377896 0.9505551 0.2378128 0.9565109 0.2365136 0.9569372 0.2373254 0.9569064 0.2373254 0.9569064 0.2364716 0.9565016 0.2365136 0.9569372 0.2365136 0.9569372 0.2364716 0.9565016 0.2360498 0.9564772 0.2364716 0.9565016 0.2301779 0.9506091 0.2360465 0.9506528 0.2360465 0.9506528 0.2360465 0.9506528 0.2360498 0.9564772 0.2360498 0.9564772 0.2365136 0.9569372 0.2373254 0.9569064 0.2365136 0.9569372 0.2364716 0.9565016 0.2365136 0.9569372 0.2364716 0.9565016 0.2360498 0.9564772 0.2360498 0.9564772 0.2364716 0.9565016 0.2301779 0.9506091 0.2360465 0.9506528 0.2301779 0.9506091 0.2360465 0.9506528 0.2360498 0.9564772 0.2360465 0.9506528 0.249976 0.9463714 0.2495422 0.9463878 0.2495422 0.9463878 0.249976 0.9463714 0.2500027 0.9459244 0.249976 0.9463714 0.2500027 0.9459244 0.2507725 0.9459385 0.2500027 0.9459244 0.2512572 0.946344 0.2508076 0.946361 0.2508076 0.946361 0.2508076 0.946361 0.2507725 0.9459385 0.2507725 0.9459385 0.249976 0.9463714 0.2495422 0.9463878 0.249976 0.9463714 0.2500027 0.9459244 0.2500027 0.9459244 0.249976 0.9463714 0.2507725 0.9459385 0.2507725 0.9459385 0.2500027 0.9459244 0.2512572 0.946344 0.2508076 0.946361 0.2512572 0.946344 0.2508076 0.946361 0.2507725 0.9459385 0.2508076 0.946361 0.2638279 0.9388059 0.2571405 0.9387848 0.2571405 0.9387848 0.2638421 0.9391849 0.2642701 0.9392247 0.2638421 0.9391849 0.2638279 0.9388059 0.2638421 0.9391849 0.2638279 0.9388059 0.2638279 0.9388059 0.2571405 0.9387848 0.2638279 0.9388059 0.2642701 0.9392247 0.2642701 0.9392247 0.2638421 0.9391849 0.2638421 0.9391849 0.2638421 0.9391849 0.2638279 0.9388059 0.2642734 0.9400739 0.2642701 0.9392247 0.2642701 0.9392247 0.2638912 0.9400882 0.2638607 0.9404862 0.2638912 0.9400882 0.2638912 0.9400882 0.2642734 0.9400739 0.2642734 0.9400739 0.2642734 0.9400739 0.2642701 0.9392247 0.2642734 0.9400739 0.2638607 0.9404862 0.2638607 0.9404862 0.2638912 0.9400882 0.2638912 0.9400882 0.2642734 0.9400739 0.2638912 0.9400882 0.2436586 0.9573499 0.2512708 0.9573091 0.2512708 0.9573091 0.2436586 0.9573499 0.2436727 0.9569171 0.2436586 0.9573499 0.2432334 0.956898 0.2432385 0.9560498 0.2432334 0.956898 0.2432334 0.956898 0.2436727 0.9569171 0.2436727 0.9569171 0.2436586 0.9573499 0.2512708 0.9573091 0.2436586 0.9573499 0.2436727 0.9569171 0.2436727 0.9569171 0.2436586 0.9573499 0.2432385 0.9560498 0.2432385 0.9560498 0.2432334 0.956898 0.2432334 0.956898 0.2436727 0.9569171 0.2432334 0.956898 0.2301837 0.9502074 0.2301779 0.9506091 0.2301779 0.9506091 0.2301837 0.9502074 0.2297813 0.9501828 0.2301837 0.9502074 0.2297813 0.9501828 0.2297619 0.9497825 0.2297813 0.9501828 0.2301976 0.9455549 0.2301943 0.9459602 0.2301943 0.9459602 0.2297619 0.9497825 0.2293496 0.9497693 0.2297619 0.9497825 0.2301943 0.9459602 0.2297484 0.9459674 0.2297484 0.9459674 0.2293496 0.9497693 0.229353 0.9464095 0.2293496 0.9497693 0.2297484 0.9459674 0.2297557 0.9464033 0.2297557 0.9464033 0.2297557 0.9464033 0.229353 0.9464095 0.229353 0.9464095 0.2301837 0.9502074 0.2301779 0.9506091 0.2301837 0.9502074 0.2297813 0.9501828 0.2297813 0.9501828 0.2301837 0.9502074 0.2297619 0.9497825 0.2297619 0.9497825 0.2297813 0.9501828 0.2301976 0.9455549 0.2301943 0.9459602 0.2301976 0.9455549 0.2293496 0.9497693 0.2293496 0.9497693 0.2297619 0.9497825 0.2301943 0.9459602 0.2297484 0.9459674 0.2301943 0.9459602 0.229353 0.9464095 0.229353 0.9464095 0.2293496 0.9497693 0.2297484 0.9459674 0.2297557 0.9464033 0.2297484 0.9459674 0.2297557 0.9464033 0.229353 0.9464095 0.2297557 0.9464033 0.2562667 0.9396603 0.2563124 0.9497111 0.2563124 0.9497111 0.2571405 0.9387848 0.2571572 0.9392072 0.2571572 0.9392072 0.2562667 0.9396603 0.2567181 0.9396525 0.2562667 0.9396603 0.2567108 0.939224 0.2571572 0.9392072 0.2567108 0.939224 0.2567181 0.9396525 0.2567108 0.939224 0.2567181 0.9396525 0.2562667 0.9396603 0.2563124 0.9497111 0.2562667 0.9396603 0.2571405 0.9387848 0.2571572 0.9392072 0.2571405 0.9387848 0.2567181 0.9396525 0.2567181 0.9396525 0.2562667 0.9396603 0.2571572 0.9392072 0.2571572 0.9392072 0.2567108 0.939224 0.2567108 0.939224 0.2567108 0.939224 0.2567181 0.9396525 0.24365 0.9286963 0.230164 0.9286478 0.230164 0.9286478 0.230164 0.9286478 0.2301987 0.9291099 0.2301987 0.9291099 0.229768 0.9295122 0.2293411 0.9295282 0.2293411 0.9295282 0.2301987 0.9291099 0.2297808 0.929104 0.2297808 0.929104 0.2297808 0.929104 0.229768 0.9295122 0.229768 0.9295122 0.24365 0.9286963 0.230164 0.9286478 0.24365 0.9286963 0.230164 0.9286478 0.2301987 0.9291099 0.230164 0.9286478 0.229768 0.9295122 0.2293411 0.9295282 0.229768 0.9295122 0.2301987 0.9291099 0.2297808 0.929104 0.2301987 0.9291099 0.2297808 0.929104 0.229768 0.9295122 0.2297808 0.929104 0.2301959 0.9400724 0.2306054 0.9401015 0.2306054 0.9401015 0.2301959 0.9400724 0.2302204 0.9405338 0.2301959 0.9400724 0.2302204 0.9405338 0.2234716 0.9405036 0.2302204 0.9405338 0.2230572 0.9400721 0.2234864 0.9400559 0.2234864 0.9400559 0.2234864 0.9400559 0.2234716 0.9405036 0.2234716 0.9405036 0.2301959 0.9400724 0.2306054 0.9401015 0.2301959 0.9400724 0.2302204 0.9405338 0.2302204 0.9405338 0.2301959 0.9400724 0.2234716 0.9405036 0.2234716 0.9405036 0.2302204 0.9405338 0.2230572 0.9400721 0.2234864 0.9400559 0.2230572 0.9400721 0.2234864 0.9400559 0.2234716 0.9405036 0.2234864 0.9400559 0.230615 0.9392352 0.2306054 0.9401015 0.230615 0.9392352 0.2301912 0.9391575 0.230615 0.9392352 0.2301912 0.9391575 0.2301833 0.9388502 0.2301912 0.9391575 0.2301833 0.9388502 0.2301833 0.9388502 0.2234671 0.9387907 0.2234671 0.9387907 0.2230347 0.9392151 0.2230572 0.9400721 0.2230572 0.9400721 0.2234671 0.9387907 0.2234664 0.9392462 0.2234664 0.9392462 0.2234664 0.9392462 0.2230347 0.9392151 0.2230347 0.9392151 0.2306054 0.9401015 0.2306054 0.9401015 0.230615 0.9392352 0.230615 0.9392352 0.230615 0.9392352 0.2301912 0.9391575 0.2301912 0.9391575 0.2301912 0.9391575 0.2301833 0.9388502 0.2301833 0.9388502 0.2234671 0.9387907 0.2301833 0.9388502 0.2230347 0.9392151 0.2230572 0.9400721 0.2230347 0.9392151 0.2234671 0.9387907 0.2234664 0.9392462 0.2234671 0.9387907 0.2234664 0.9392462 0.2230347 0.9392151 0.2234664 0.9392462 0.2563124 0.9497111 0.2567252 0.9496954 0.2567252 0.9496954 0.2567252 0.9496954 0.2566705 0.9501566 0.2566705 0.9501566 0.2575816 0.9501428 0.2566705 0.9501566 0.2575816 0.9501428 0.257602 0.9497635 0.2575816 0.9501428 0.257602 0.9497635 0.2579909 0.9405024 0.2638607 0.9404862 0.2638607 0.9404862 0.2579922 0.9497618 0.257602 0.9497635 0.2579922 0.9497618 0.2579909 0.9405024 0.2579922 0.9497618 0.2579909 0.9405024 0.2563124 0.9497111 0.2567252 0.9496954 0.2563124 0.9497111 0.2567252 0.9496954 0.2566705 0.9501566 0.2567252 0.9496954 0.2566705 0.9501566 0.2566705 0.9501566 0.2575816 0.9501428 0.2575816 0.9501428 0.2575816 0.9501428 0.257602 0.9497635 0.2579909 0.9405024 0.2638607 0.9404862 0.2579909 0.9405024 0.257602 0.9497635 0.257602 0.9497635 0.2579922 0.9497618 0.2579922 0.9497618 0.2579922 0.9497618 0.2579909 0.9405024 0.2512688 0.9556255 0.2512572 0.946344 0.2512572 0.946344 0.2512688 0.9556255 0.2638418 0.955647 0.2512688 0.9556255 0.2638418 0.955647 0.2638601 0.956056 0.2638418 0.955647 0.2638601 0.956056 0.2642517 0.9560963 0.2638601 0.956056 0.2642517 0.9560963 0.2642598 0.9568601 0.2642517 0.9560963 0.2638598 0.9573505 0.2638817 0.9568744 0.2638817 0.9568744 0.2638817 0.9568744 0.2642598 0.9568601 0.2642598 0.9568601 0.2512688 0.9556255 0.2512572 0.946344 0.2512688 0.9556255 0.2638418 0.955647 0.2638418 0.955647 0.2512688 0.9556255 0.2638601 0.956056 0.2638601 0.956056 0.2638418 0.955647 0.2642517 0.9560963 0.2642517 0.9560963 0.2638601 0.956056 0.2642598 0.9568601 0.2642598 0.9568601 0.2642517 0.9560963 0.2638598 0.9573505 0.2638817 0.9568744 0.2638598 0.9573505 0.2638817 0.9568744 0.2642598 0.9568601 0.2638817 0.9568744 0.2301999 0.9337815 0.2361164 0.9337578 0.2361164 0.9337578 0.230188 0.9333294 0.2301999 0.9337815 0.2301999 0.9337815 0.230188 0.9333294 0.229761 0.9333456 0.230188 0.9333294 0.229761 0.9333456 0.2297585 0.9329089 0.229761 0.9333456 0.2293365 0.9329082 0.2293411 0.9295282 0.2293365 0.9329082 0.2297585 0.9329089 0.2293365 0.9329082 0.2297585 0.9329089 0.2301999 0.9337815 0.2361164 0.9337578 0.2301999 0.9337815 0.230188 0.9333294 0.2301999 0.9337815 0.230188 0.9333294 0.229761 0.9333456 0.229761 0.9333456 0.230188 0.9333294 0.2297585 0.9329089 0.2297585 0.9329089 0.229761 0.9333456 0.2293411 0.9295282 0.2293411 0.9295282 0.2293365 0.9329082 0.2293365 0.9329082 0.2293365 0.9329082 0.2297585 0.9329089 0.2373254 0.9569064 0.2373296 0.9565297 0.2373296 0.9565297 0.2373254 0.9569064 0.2373296 0.9565297 0.2373254 0.9569064 0.2440956 0.9123001 0.2436633 0.9122828 0.2436633 0.9122828 0.2441045 0.9126921 0.2440956 0.9123001 0.2440956 0.9123001 0.2436633 0.9122828 0.2436546 0.911875 0.2436546 0.911875 0.2445234 0.9127071 0.2441045 0.9126921 0.2441045 0.9126921 0.2436546 0.911875 0.2403125 0.9118649 0.2403125 0.9118649 0.2445231 0.9228221 0.2445234 0.9127071 0.2445234 0.9127071 0.2403125 0.9118649 0.2403165 0.9135609 0.2403165 0.9135609 0.2440929 0.9228512 0.2445231 0.9228221 0.2445231 0.9228221 0.2403165 0.9135609 0.2428169 0.9135727 0.2428169 0.9135727 0.2440862 0.9232489 0.2440929 0.9228512 0.2440929 0.9228512 0.2428169 0.9135727 0.2428236 0.9219881 0.2428236 0.9219881 0.2437045 0.9232645 0.2440862 0.9232489 0.2440862 0.9232489 0.2428236 0.9219881 0.2310573 0.9219699 0.2310573 0.9219699 0.2437092 0.9236373 0.2437045 0.9232645 0.2437045 0.9232645 0.2310573 0.9219699 0.2310779 0.9135498 0.2310779 0.9135498 0.2302025 0.9236714 0.2437092 0.9236373 0.2437092 0.9236373 0.2310779 0.9135498 0.2335448 0.9135708 0.2335448 0.9135708 0.2302025 0.9236714 0.2301824 0.923214 0.2302025 0.9236714 0.2335448 0.9135708 0.2335335 0.9118734 0.2335335 0.9118734 0.2301824 0.923214 0.2297527 0.9232383 0.2301824 0.923214 0.2301967 0.9118526 0.2335335 0.9118734 0.2301967 0.9118526 0.2297527 0.9232383 0.2297546 0.9228127 0.2297527 0.9232383 0.2301816 0.9122568 0.2301967 0.9118526 0.2301816 0.9122568 0.2297546 0.9228127 0.2293588 0.9228135 0.2297546 0.9228127 0.2297572 0.9123108 0.2301816 0.9122568 0.2297572 0.9123108 0.2293317 0.9127002 0.2293588 0.9228135 0.2293588 0.9228135 0.2297489 0.9126792 0.2297572 0.9123108 0.2297489 0.9126792 0.2297489 0.9126792 0.2293317 0.9127002 0.2293317 0.9127002 0.2440956 0.9123001 0.2436633 0.9122828 0.2440956 0.9123001 0.2441045 0.9126921 0.2440956 0.9123001 0.2441045 0.9126921 0.2436633 0.9122828 0.2436546 0.911875 0.2436633 0.9122828 0.2445234 0.9127071 0.2441045 0.9126921 0.2445234 0.9127071 0.2436546 0.911875 0.2403125 0.9118649 0.2436546 0.911875 0.2445231 0.9228221 0.2445234 0.9127071 0.2445231 0.9228221 0.2403125 0.9118649 0.2403165 0.9135609 0.2403125 0.9118649 0.2440929 0.9228512 0.2445231 0.9228221 0.2440929 0.9228512 0.2403165 0.9135609 0.2428169 0.9135727 0.2403165 0.9135609 0.2440862 0.9232489 0.2440929 0.9228512 0.2440862 0.9232489 0.2428169 0.9135727 0.2428236 0.9219881 0.2428169 0.9135727 0.2437045 0.9232645 0.2440862 0.9232489 0.2437045 0.9232645 0.2428236 0.9219881 0.2310573 0.9219699 0.2428236 0.9219881 0.2437092 0.9236373 0.2437045 0.9232645 0.2437092 0.9236373 0.2310573 0.9219699 0.2310779 0.9135498 0.2310573 0.9219699 0.2302025 0.9236714 0.2437092 0.9236373 0.2302025 0.9236714 0.2310779 0.9135498 0.2335448 0.9135708 0.2310779 0.9135498 0.2301824 0.923214 0.2301824 0.923214 0.2302025 0.9236714 0.2335448 0.9135708 0.2335335 0.9118734 0.2335448 0.9135708 0.2297527 0.9232383 0.2297527 0.9232383 0.2301824 0.923214 0.2335335 0.9118734 0.2335335 0.9118734 0.2301967 0.9118526 0.2297546 0.9228127 0.2297546 0.9228127 0.2297527 0.9232383 0.2301967 0.9118526 0.2301967 0.9118526 0.2301816 0.9122568 0.2293588 0.9228135 0.2293588 0.9228135 0.2297546 0.9228127 0.2301816 0.9122568 0.2301816 0.9122568 0.2297572 0.9123108 0.2293317 0.9127002 0.2293588 0.9228135 0.2293317 0.9127002 0.2297572 0.9123108 0.2297572 0.9123108 0.2297489 0.9126792 0.2297489 0.9126792 0.2293317 0.9127002 0.2297489 0.9126792 0.2242662 0.9227778 0.2243095 0.9240255 0.2242662 0.9227778 0.2243095 0.9240255 0.2242896 0.9329287 0.2243095 0.9240255 0.2238717 0.9227806 0.2242662 0.9227778 0.2238717 0.9227806 0.2238413 0.9329298 0.2242896 0.9329287 0.2242896 0.9329287 0.2238554 0.9223597 0.2238717 0.9227806 0.2238554 0.9223597 0.2238612 0.9333365 0.2238413 0.9329298 0.2238413 0.9329298 0.2230041 0.9223627 0.2238554 0.9223597 0.2230041 0.9223627 0.2230544 0.9333823 0.2238612 0.9333365 0.2238612 0.9333365 0.2230197 0.9228007 0.2230041 0.9223627 0.2230197 0.9228007 0.2230154 0.932897 0.2230544 0.9333823 0.2230544 0.9333823 0.222609 0.9228025 0.2230197 0.9228007 0.222609 0.9228025 0.2226114 0.9329124 0.2230154 0.932897 0.2230154 0.932897 0.2226032 0.9240227 0.222609 0.9228025 0.2226032 0.9240227 0.2226032 0.9240227 0.2226114 0.9329124 0.2226114 0.9329124 0.2243095 0.9240255 0.2243095 0.9240255 0.2242662 0.9227778 0.2242896 0.9329287 0.2242896 0.9329287 0.2243095 0.9240255 0.2242662 0.9227778 0.2242662 0.9227778 0.2238717 0.9227806 0.2238413 0.9329298 0.2242896 0.9329287 0.2238413 0.9329298 0.2238717 0.9227806 0.2238717 0.9227806 0.2238554 0.9223597 0.2238612 0.9333365 0.2238413 0.9329298 0.2238612 0.9333365 0.2238554 0.9223597 0.2238554 0.9223597 0.2230041 0.9223627 0.2230544 0.9333823 0.2238612 0.9333365 0.2230544 0.9333823 0.2230041 0.9223627 0.2230041 0.9223627 0.2230197 0.9228007 0.2230154 0.932897 0.2230544 0.9333823 0.2230154 0.932897 0.2230197 0.9228007 0.2230197 0.9228007 0.222609 0.9228025 0.2226114 0.9329124 0.2230154 0.932897 0.2226114 0.9329124 0.222609 0.9228025 0.222609 0.9228025 0.2226032 0.9240227 0.2226032 0.9240227 0.2226114 0.9329124 0.2226032 0.9240227 0.2495676 0.9228249 0.2495849 0.9240683 0.2495849 0.9240683 0.2499855 0.9228249 0.2495676 0.9228249 0.2495676 0.9228249 0.2495849 0.9240683 0.2495788 0.9329178 0.2495788 0.9329178 0.2499762 0.9223976 0.2499855 0.9228249 0.2499855 0.9228249 0.2495788 0.9329178 0.2499889 0.9328836 0.2499889 0.9328836 0.2507957 0.9224016 0.2499762 0.9223976 0.2499762 0.9223976 0.2499889 0.9328836 0.2499845 0.9333626 0.2499845 0.9333626 0.2508127 0.9228112 0.2507957 0.9224016 0.2507957 0.9224016 0.2508604 0.9333115 0.2499845 0.9333626 0.2508604 0.9333115 0.2508127 0.9228112 0.2512074 0.9228163 0.2508127 0.9228112 0.2508616 0.9329255 0.2508604 0.9333115 0.2508616 0.9329255 0.2512074 0.9228163 0.2512294 0.9240711 0.2512074 0.9228163 0.2512404 0.9328928 0.2508616 0.9329255 0.2512404 0.9328928 0.2512294 0.9240711 0.2512404 0.9328928 0.2512294 0.9240711 0.2495676 0.9228249 0.2495849 0.9240683 0.2495676 0.9228249 0.2499855 0.9228249 0.2495676 0.9228249 0.2499855 0.9228249 0.2495849 0.9240683 0.2495788 0.9329178 0.2495849 0.9240683 0.2499762 0.9223976 0.2499855 0.9228249 0.2499762 0.9223976 0.2495788 0.9329178 0.2499889 0.9328836 0.2495788 0.9329178 0.2507957 0.9224016 0.2499762 0.9223976 0.2507957 0.9224016 0.2499889 0.9328836 0.2499845 0.9333626 0.2499889 0.9328836 0.2508127 0.9228112 0.2507957 0.9224016 0.2508127 0.9228112 0.2499845 0.9333626 0.2499845 0.9333626 0.2508604 0.9333115 0.2512074 0.9228163 0.2512074 0.9228163 0.2508127 0.9228112 0.2508604 0.9333115 0.2508604 0.9333115 0.2508616 0.9329255 0.2512294 0.9240711 0.2512294 0.9240711 0.2512074 0.9228163 0.2508616 0.9329255 0.2508616 0.9329255 0.2512404 0.9328928 0.2512404 0.9328928 0.2512404 0.9328928 0.2512294 0.9240711 0.2508229 0.9400277 0.2508288 0.9392138 0.2508288 0.9392138 0.2504127 0.9400717 0.2504057 0.9404492 0.2504127 0.9400717 0.2508229 0.9400277 0.2504127 0.9400717 0.2508229 0.9400277 0.2432676 0.9391878 0.2432332 0.9400542 0.2432332 0.9400542 0.2437005 0.9404942 0.2504054 0.9404624 0.2504054 0.9404624 0.2432332 0.9400542 0.2436866 0.9400518 0.2436866 0.9400518 0.2436866 0.9400518 0.2437005 0.9404942 0.2437005 0.9404942 0.2508229 0.9400277 0.2508288 0.9392138 0.2508229 0.9400277 0.2504057 0.9404492 0.2504057 0.9404492 0.2504127 0.9400717 0.2504127 0.9400717 0.2504127 0.9400717 0.2508229 0.9400277 0.2432676 0.9391878 0.2432332 0.9400542 0.2432676 0.9391878 0.2437005 0.9404942 0.2504054 0.9404624 0.2437005 0.9404942 0.2432332 0.9400542 0.2436866 0.9400518 0.2432332 0.9400542 0.2436866 0.9400518 0.2437005 0.9404942 0.2436866 0.9400518 0.2436611 0.9391886 0.2432676 0.9391878 0.2432676 0.9391878 0.2503929 0.9392302 0.2508288 0.9392138 0.2503929 0.9392302 0.2436497 0.938772 0.2436611 0.9391886 0.2436611 0.9391886 0.2504001 0.9388079 0.2503929 0.9392302 0.2504001 0.9388079 0.2504001 0.9388079 0.2436497 0.938772 0.2436497 0.938772 0.2436611 0.9391886 0.2432676 0.9391878 0.2436611 0.9391886 0.2508288 0.9392138 0.2508288 0.9392138 0.2503929 0.9392302 0.2436497 0.938772 0.2436611 0.9391886 0.2436497 0.938772 0.2503929 0.9392302 0.2503929 0.9392302 0.2504001 0.9388079 0.2504001 0.9388079 0.2436497 0.938772 0.2504001 0.9388079 0.2158861 0.9152092 0.2032514 0.9152403 0.2032514 0.9152403 0.2158861 0.9152092 0.2032514 0.9152403 0.2158861 0.9152092 0.2032511 0.9064056 0.2032927 0.9068058 0.2032927 0.9068058 0.2024276 0.9059507 0.2023829 0.8756795 0.2024276 0.9059507 0.2032511 0.9064056 0.2028421 0.90635 0.2032511 0.9064056 0.2028252 0.9059906 0.2024276 0.9059507 0.2028252 0.9059906 0.2028421 0.90635 0.2028252 0.9059906 0.2028421 0.90635 0.2032511 0.9064056 0.2032927 0.9068058 0.2032511 0.9064056 0.2023829 0.8756795 0.2023829 0.8756795 0.2024276 0.9059507 0.2028421 0.90635 0.2028421 0.90635 0.2032511 0.9064056 0.2024276 0.9059507 0.2024276 0.9059507 0.2028252 0.9059906 0.2028252 0.9059906 0.2028252 0.9059906 0.2028421 0.90635 0.2032927 0.9068058 0.2158628 0.9068139 0.2158628 0.9068139 0.2032927 0.9068058 0.2158628 0.9068139 0.2032927 0.9068058 0.2167206 0.905133 0.2041038 0.9051025 0.2041038 0.9051025 0.2167263 0.9055438 0.2167206 0.905133 0.2167206 0.905133 0.2171545 0.9055606 0.2167263 0.9055438 0.2167263 0.9055438 0.2175353 0.9059919 0.2171598 0.9059937 0.2171598 0.9059937 0.2171598 0.9059937 0.2171545 0.9055606 0.2171545 0.9055606 0.2167206 0.905133 0.2041038 0.9051025 0.2167206 0.905133 0.2167263 0.9055438 0.2167206 0.905133 0.2167263 0.9055438 0.2171545 0.9055606 0.2167263 0.9055438 0.2171545 0.9055606 0.2175353 0.9059919 0.2171598 0.9059937 0.2175353 0.9059919 0.2171598 0.9059937 0.2171545 0.9055606 0.2171598 0.9059937 0.2158628 0.9068139 0.2158861 0.9152092 0.2158861 0.9152092 0.2158628 0.9068139 0.2158861 0.9152092 0.2158628 0.9068139 0.2032802 0.916916 0.2167115 0.9169413 0.2167115 0.9169413 0.2175387 0.9160606 0.2175353 0.9059919 0.2175353 0.9059919 0.2167115 0.9169413 0.2166967 0.9164986 0.2166967 0.9164986 0.2171521 0.916081 0.2175387 0.9160606 0.2175387 0.9160606 0.2166967 0.9164986 0.2171703 0.916484 0.2171703 0.916484 0.2171703 0.916484 0.2171521 0.916081 0.2171521 0.916081 0.2032802 0.916916 0.2167115 0.9169413 0.2032802 0.916916 0.2175387 0.9160606 0.2175353 0.9059919 0.2175387 0.9160606 0.2167115 0.9169413 0.2166967 0.9164986 0.2167115 0.9169413 0.2171521 0.916081 0.2175387 0.9160606 0.2171521 0.916081 0.2166967 0.9164986 0.2171703 0.916484 0.2166967 0.9164986 0.2171703 0.916484 0.2171521 0.916081 0.2171703 0.916484 0.2377609 0.9396494 0.2377645 0.9337785 0.2377645 0.9337785 0.2377645 0.9337785 0.2436905 0.9337605 0.2436905 0.9337605 0.2436905 0.9337605 0.2436649 0.933348 0.2436649 0.933348 0.2436649 0.933348 0.2440859 0.9333322 0.2440859 0.9333322 0.2440859 0.9333322 0.244107 0.9329321 0.244107 0.9329321 0.244107 0.9329321 0.2445323 0.9329398 0.2445323 0.9329398 0.2445644 0.9295318 0.2445323 0.9329398 0.2445644 0.9295318 0.2441042 0.9294968 0.2445644 0.9295318 0.2441042 0.9294968 0.2436375 0.9291229 0.24365 0.9286963 0.24365 0.9286963 0.2441193 0.9291309 0.2441042 0.9294968 0.2441193 0.9291309 0.2436375 0.9291229 0.2441193 0.9291309 0.2436375 0.9291229 0.2377609 0.9396494 0.2377645 0.9337785 0.2377609 0.9396494 0.2377645 0.9337785 0.2436905 0.9337605 0.2377645 0.9337785 0.2436905 0.9337605 0.2436649 0.933348 0.2436905 0.9337605 0.2436649 0.933348 0.2440859 0.9333322 0.2436649 0.933348 0.2440859 0.9333322 0.244107 0.9329321 0.2440859 0.9333322 0.244107 0.9329321 0.2445323 0.9329398 0.244107 0.9329321 0.2445323 0.9329398 0.2445323 0.9329398 0.2445644 0.9295318 0.2445644 0.9295318 0.2445644 0.9295318 0.2441042 0.9294968 0.2436375 0.9291229 0.24365 0.9286963 0.2436375 0.9291229 0.2441042 0.9294968 0.2441042 0.9294968 0.2441193 0.9291309 0.2441193 0.9291309 0.2441193 0.9291309 0.2436375 0.9291229 0.2373564 0.9396646 0.2377609 0.9396494 0.2377609 0.9396494 0.2373564 0.9396646 0.2373637 0.9400684 0.2373564 0.9396646 0.2361164 0.9337578 0.2360669 0.9396155 0.2360669 0.9396155 0.2373637 0.9400684 0.2365134 0.9401004 0.2373637 0.9400684 0.2360669 0.9396155 0.2364912 0.9396192 0.2364912 0.9396192 0.2364912 0.9396192 0.2365134 0.9401004 0.2365134 0.9401004 0.2373564 0.9396646 0.2377609 0.9396494 0.2373564 0.9396646 0.2373637 0.9400684 0.2373637 0.9400684 0.2373564 0.9396646 0.2361164 0.9337578 0.2360669 0.9396155 0.2361164 0.9337578 0.2365134 0.9401004 0.2365134 0.9401004 0.2373637 0.9400684 0.2360669 0.9396155 0.2364912 0.9396192 0.2360669 0.9396155 0.2364912 0.9396192 0.2365134 0.9401004 0.2364912 0.9396192 0.2041038 0.9051025 0.2041075 0.9002925 0.2041075 0.9002925 0.2041038 0.9051025 0.2041075 0.9002925 0.2041038 0.9051025 0.263055 0.9497385 0.2634338 0.9497604 0.2634338 0.9497604 0.2634338 0.9497604 0.2634258 0.9501851 0.2634258 0.9501851 0.2634258 0.9501851 0.2638967 0.9501904 0.2638967 0.9501904 0.2697465 0.9506452 0.2697212 0.9573696 0.2697212 0.9573696 0.2638967 0.9501904 0.2638987 0.9506281 0.2638987 0.9506281 0.2638987 0.9506281 0.2697465 0.9506452 0.2697465 0.9506452 0.263055 0.9497385 0.2634338 0.9497604 0.263055 0.9497385 0.2634338 0.9497604 0.2634258 0.9501851 0.2634338 0.9497604 0.2634258 0.9501851 0.2638967 0.9501904 0.2634258 0.9501851 0.2697465 0.9506452 0.2697212 0.9573696 0.2697465 0.9506452 0.2638967 0.9501904 0.2638987 0.9506281 0.2638967 0.9501904 0.2638987 0.9506281 0.2697465 0.9506452 0.2638987 0.9506281 0.2697668 0.9050751 0.2571313 0.9051209 0.2571313 0.9051209 0.2706022 0.9169277 0.2571248 0.9168984 0.2706022 0.9169277 0.2579786 0.915236 0.2579982 0.9067967 0.2579982 0.9067967 0.2706291 0.9165132 0.2706022 0.9169277 0.2706291 0.9165132 0.2579786 0.915236 0.2706356 0.9152345 0.2579786 0.915236 0.2710512 0.9164934 0.2706291 0.9165132 0.2710512 0.9164934 0.2706356 0.9152345 0.2706072 0.9156648 0.2706356 0.9152345 0.271035 0.9156439 0.2710512 0.9164934 0.271035 0.9156439 0.2706072 0.9156648 0.271035 0.9156439 0.2706072 0.9156648 0.2697668 0.9050751 0.2571313 0.9051209 0.2697668 0.9050751 0.2571248 0.9168984 0.2571248 0.9168984 0.2706022 0.9169277 0.2579786 0.915236 0.2579982 0.9067967 0.2579786 0.915236 0.2706022 0.9169277 0.2706022 0.9169277 0.2706291 0.9165132 0.2706356 0.9152345 0.2706356 0.9152345 0.2579786 0.915236 0.2706291 0.9165132 0.2706291 0.9165132 0.2710512 0.9164934 0.2706072 0.9156648 0.2706072 0.9156648 0.2706356 0.9152345 0.2710512 0.9164934 0.2710512 0.9164934 0.271035 0.9156439 0.271035 0.9156439 0.271035 0.9156439 0.2706072 0.9156648 0.2706323 0.9068133 0.2579982 0.9067967 0.2706323 0.9068133 0.2706123 0.9064022 0.2706323 0.9068133 0.2706123 0.9064022 0.2710142 0.9059374 0.2714319 0.9059446 0.2714319 0.9059446 0.271032 0.9063537 0.2706123 0.9064022 0.271032 0.9063537 0.2710142 0.9059374 0.271032 0.9063537 0.2710142 0.9059374 0.2579982 0.9067967 0.2579982 0.9067967 0.2706323 0.9068133 0.2706323 0.9068133 0.2706323 0.9068133 0.2706123 0.9064022 0.2710142 0.9059374 0.2714319 0.9059446 0.2710142 0.9059374 0.2706123 0.9064022 0.2706123 0.9064022 0.271032 0.9063537 0.271032 0.9063537 0.271032 0.9063537 0.2710142 0.9059374 0.2378117 0.8765231 0.2697417 0.8765724 0.2697417 0.8765724 0.2697624 0.9000782 0.2697668 0.9050751 0.2697668 0.9050751 0.2697535 0.8899596 0.2697417 0.8765724 0.2697417 0.8765724 0.2697535 0.8899596 0.2697624 0.9000782 0.2697535 0.8899596 0.2378117 0.8765231 0.2697417 0.8765724 0.2378117 0.8765231 0.2697624 0.9000782 0.2697668 0.9050751 0.2697624 0.9000782 0.2697535 0.8899596 0.2697417 0.8765724 0.2697535 0.8899596 0.2697624 0.9000782 0.2697624 0.9000782 0.2697535 0.8899596 0.2361134 0.8891523 0.236086 0.8765069 0.2361134 0.8891523 0.2365314 0.8891541 0.2361134 0.8891523 0.2365314 0.8891541 0.2365097 0.8895422 0.2365314 0.8891541 0.2365097 0.8895422 0.2373473 0.8895258 0.2365097 0.8895422 0.2373473 0.8895258 0.2377574 0.8891115 0.2378117 0.8765231 0.2378117 0.8765231 0.2373515 0.8891281 0.2373473 0.8895258 0.2373515 0.8891281 0.2377574 0.8891115 0.2373515 0.8891281 0.2377574 0.8891115 0.236086 0.8765069 0.236086 0.8765069 0.2361134 0.8891523 0.2361134 0.8891523 0.2361134 0.8891523 0.2365314 0.8891541 0.2365314 0.8891541 0.2365314 0.8891541 0.2365097 0.8895422 0.2365097 0.8895422 0.2365097 0.8895422 0.2373473 0.8895258 0.2377574 0.8891115 0.2378117 0.8765231 0.2377574 0.8891115 0.2373473 0.8895258 0.2373473 0.8895258 0.2373515 0.8891281 0.2373515 0.8891281 0.2373515 0.8891281 0.2377574 0.8891115 0.2705834 0.8752551 0.2706149 0.8748081 0.2706149 0.8748081 0.2705834 0.8752551 0.271053 0.8752635 0.2705834 0.8752551 0.271053 0.8752635 0.2710224 0.8756639 0.271053 0.8752635 0.27149 0.8756722 0.2714319 0.9059446 0.27149 0.8756722 0.2710224 0.8756639 0.27149 0.8756722 0.2710224 0.8756639 0.2705834 0.8752551 0.2706149 0.8748081 0.2705834 0.8752551 0.271053 0.8752635 0.271053 0.8752635 0.2705834 0.8752551 0.2710224 0.8756639 0.2710224 0.8756639 0.271053 0.8752635 0.2714319 0.9059446 0.2714319 0.9059446 0.27149 0.8756722 0.27149 0.8756722 0.27149 0.8756722 0.2710224 0.8756639 0.2032488 0.9156492 0.202824 0.9156487 0.202824 0.9156487 0.202824 0.9156487 0.20283 0.9165104 0.20283 0.9165104 0.2032802 0.916916 0.2032207 0.916918 0.2032802 0.916916 0.20283 0.9165104 0.203225 0.9164972 0.203225 0.9164972 0.203225 0.9164972 0.2032207 0.916918 0.2032207 0.916918 0.2032488 0.9156492 0.202824 0.9156487 0.2032488 0.9156492 0.202824 0.9156487 0.20283 0.9165104 0.202824 0.9156487 0.2032207 0.916918 0.2032207 0.916918 0.2032802 0.916916 0.20283 0.9165104 0.203225 0.9164972 0.20283 0.9165104 0.203225 0.9164972 0.2032207 0.916918 0.203225 0.9164972 0.2032514 0.9152403 0.2032488 0.9156492 0.2032488 0.9156492 0.2032514 0.9152403 0.2032488 0.9156492 0.2032514 0.9152403 0.2302293 0.9055597 0.2306236 0.9055626 0.2302293 0.9055597 0.2306236 0.9055626 0.2306381 0.9063908 0.2306236 0.9055626 0.2301873 0.9051379 0.2302293 0.9055597 0.2301873 0.9051379 0.2306381 0.9063908 0.230202 0.9064064 0.2306381 0.9063908 0.2301873 0.9051379 0.2243108 0.9051435 0.2243108 0.9051435 0.230202 0.9064064 0.2302219 0.9068152 0.230202 0.9064064 0.2243108 0.9051435 0.2243177 0.9000961 0.2243177 0.9000961 0.2302219 0.9068152 0.2243028 0.9068467 0.2302219 0.9068152 0.2243272 0.8958511 0.2243177 0.9000961 0.2243272 0.8958511 0.2243028 0.9068467 0.2243261 0.9160456 0.2243028 0.9068467 0.2243272 0.8958511 0.2239081 0.8958612 0.2239081 0.8958612 0.2243261 0.9160456 0.2238969 0.9160825 0.2243261 0.9160456 0.2239081 0.8958612 0.2238982 0.8954579 0.2238982 0.8954579 0.2238969 0.9160825 0.2238936 0.9165065 0.2238969 0.9160825 0.2230435 0.8954779 0.2238982 0.8954579 0.2230435 0.8954779 0.2238936 0.9165065 0.223024 0.9164941 0.2238936 0.9165065 0.2230435 0.8954779 0.2230613 0.8958683 0.2230613 0.8958683 0.2230434 0.9160928 0.223024 0.9164941 0.223024 0.9164941 0.2230613 0.8958683 0.2226104 0.8958761 0.2226104 0.8958761 0.2226387 0.9160886 0.2230434 0.9160928 0.2230434 0.9160928 0.2225886 0.9000967 0.2226104 0.8958761 0.2225886 0.9000967 0.2226387 0.9160886 0.2225886 0.9000967 0.2226387 0.9160886 0.2306236 0.9055626 0.2306236 0.9055626 0.2302293 0.9055597 0.2306381 0.9063908 0.2306381 0.9063908 0.2306236 0.9055626 0.2302293 0.9055597 0.2302293 0.9055597 0.2301873 0.9051379 0.230202 0.9064064 0.230202 0.9064064 0.2306381 0.9063908 0.2301873 0.9051379 0.2243108 0.9051435 0.2301873 0.9051379 0.2302219 0.9068152 0.2302219 0.9068152 0.230202 0.9064064 0.2243108 0.9051435 0.2243177 0.9000961 0.2243108 0.9051435 0.2243028 0.9068467 0.2243028 0.9068467 0.2302219 0.9068152 0.2243177 0.9000961 0.2243177 0.9000961 0.2243272 0.8958511 0.2243261 0.9160456 0.2243261 0.9160456 0.2243028 0.9068467 0.2243272 0.8958511 0.2239081 0.8958612 0.2243272 0.8958511 0.2238969 0.9160825 0.2238969 0.9160825 0.2243261 0.9160456 0.2239081 0.8958612 0.2238982 0.8954579 0.2239081 0.8958612 0.2238936 0.9165065 0.2238936 0.9165065 0.2238969 0.9160825 0.2238982 0.8954579 0.2238982 0.8954579 0.2230435 0.8954779 0.223024 0.9164941 0.223024 0.9164941 0.2238936 0.9165065 0.2230435 0.8954779 0.2230613 0.8958683 0.2230435 0.8954779 0.2230434 0.9160928 0.223024 0.9164941 0.2230434 0.9160928 0.2230613 0.8958683 0.2226104 0.8958761 0.2230613 0.8958683 0.2226387 0.9160886 0.2230434 0.9160928 0.2226387 0.9160886 0.2226104 0.8958761 0.2226104 0.8958761 0.2225886 0.9000967 0.2225886 0.9000967 0.2225886 0.9000967 0.2226387 0.9160886 0.2571288 0.8997064 0.2567159 0.8996964 0.2571288 0.8997064 0.256698 0.8992763 0.2567159 0.8996964 0.2567159 0.8996964 0.257151 0.9000831 0.2571288 0.8997064 0.257151 0.9000831 0.2563147 0.8992683 0.256698 0.8992763 0.256698 0.8992763 0.257151 0.9000831 0.2638738 0.9000803 0.2638738 0.9000803 0.2562934 0.8958601 0.2563147 0.8992683 0.2563147 0.8992683 0.2638738 0.9000803 0.26387 0.899618 0.26387 0.899618 0.2562934 0.8958601 0.2566916 0.8958575 0.2562934 0.8958601 0.26387 0.899618 0.2642728 0.8996434 0.2642728 0.8996434 0.2566916 0.8958575 0.2567006 0.8954408 0.2566916 0.8958575 0.2643029 0.8992615 0.2642728 0.8996434 0.2643029 0.8992615 0.2567006 0.8954408 0.2571299 0.8954117 0.2567006 0.8954408 0.26471 0.8992367 0.2643029 0.8992615 0.26471 0.8992367 0.2571681 0.8950323 0.2571299 0.8954117 0.2571681 0.8950323 0.26471 0.8992367 0.2646691 0.8958871 0.2646691 0.8958871 0.2571681 0.8950323 0.263912 0.8950559 0.263912 0.8950559 0.2646691 0.8958871 0.2642974 0.8958638 0.2642974 0.8958638 0.2639016 0.8954305 0.263912 0.8950559 0.263912 0.8950559 0.2642576 0.8954529 0.2642974 0.8958638 0.2642576 0.8954529 0.2639016 0.8954305 0.2642576 0.8954529 0.2639016 0.8954305 0.2567159 0.8996964 0.2567159 0.8996964 0.2571288 0.8997064 0.256698 0.8992763 0.2567159 0.8996964 0.256698 0.8992763 0.2571288 0.8997064 0.2571288 0.8997064 0.257151 0.9000831 0.2563147 0.8992683 0.256698 0.8992763 0.2563147 0.8992683 0.257151 0.9000831 0.2638738 0.9000803 0.257151 0.9000831 0.2562934 0.8958601 0.2563147 0.8992683 0.2562934 0.8958601 0.2638738 0.9000803 0.26387 0.899618 0.2638738 0.9000803 0.2566916 0.8958575 0.2566916 0.8958575 0.2562934 0.8958601 0.26387 0.899618 0.2642728 0.8996434 0.26387 0.899618 0.2567006 0.8954408 0.2567006 0.8954408 0.2566916 0.8958575 0.2642728 0.8996434 0.2642728 0.8996434 0.2643029 0.8992615 0.2571299 0.8954117 0.2571299 0.8954117 0.2567006 0.8954408 0.2643029 0.8992615 0.2643029 0.8992615 0.26471 0.8992367 0.2571299 0.8954117 0.2571299 0.8954117 0.2571681 0.8950323 0.26471 0.8992367 0.2646691 0.8958871 0.26471 0.8992367 0.2571681 0.8950323 0.263912 0.8950559 0.2571681 0.8950323 0.2646691 0.8958871 0.2642974 0.8958638 0.2646691 0.8958871 0.2639016 0.8954305 0.263912 0.8950559 0.2639016 0.8954305 0.2642974 0.8958638 0.2642974 0.8958638 0.2642576 0.8954529 0.2642576 0.8954529 0.2642576 0.8954529 0.2639016 0.8954305 0.2571313 0.9051209 0.2571107 0.9055356 0.2571107 0.9055356 0.2571107 0.9055356 0.256706 0.905546 0.256706 0.905546 0.2571163 0.9164848 0.2571248 0.9168984 0.2571248 0.9168984 0.256706 0.905546 0.2567039 0.9059923 0.2567039 0.9059923 0.2571163 0.9164848 0.2566976 0.9164882 0.2571163 0.9164848 0.2567039 0.9059923 0.256286 0.9059659 0.256286 0.9059659 0.2566976 0.9164882 0.2566815 0.9161291 0.2566976 0.9164882 0.256286 0.9059659 0.2563067 0.9161204 0.2563067 0.9161204 0.2566815 0.9161291 0.2563067 0.9161204 0.2566815 0.9161291 0.2571313 0.9051209 0.2571107 0.9055356 0.2571313 0.9051209 0.2571107 0.9055356 0.256706 0.905546 0.2571107 0.9055356 0.2571163 0.9164848 0.2571248 0.9168984 0.2571163 0.9164848 0.256706 0.905546 0.2567039 0.9059923 0.256706 0.905546 0.2566976 0.9164882 0.2566976 0.9164882 0.2571163 0.9164848 0.2567039 0.9059923 0.256286 0.9059659 0.2567039 0.9059923 0.2566815 0.9161291 0.2566815 0.9161291 0.2566976 0.9164882 0.256286 0.9059659 0.2563067 0.9161204 0.256286 0.9059659 0.2563067 0.9161204 0.2563067 0.9161204 0.2566815 0.9161291 0.2503703 0.8815477 0.2504202 0.8819888 0.2504202 0.8819888 0.2508384 0.8819772 0.2504202 0.8819888 0.2504202 0.8819888 0.2508384 0.8819772 0.2508115 0.8823903 0.2508384 0.8819772 0.2512896 0.882366 0.2508115 0.8823903 0.2508115 0.8823903 0.2512896 0.882366 0.2512527 0.8891261 0.2512896 0.882366 0.2428164 0.8891616 0.2432442 0.8891617 0.2432442 0.8891617 0.2512527 0.8891261 0.2508465 0.889164 0.2508465 0.889164 0.2432504 0.8895881 0.2432442 0.8891617 0.2432504 0.8895881 0.2508018 0.889571 0.2508465 0.889164 0.2508465 0.889164 0.2436481 0.8895999 0.2432504 0.8895881 0.2436481 0.8895999 0.2508018 0.889571 0.250387 0.8895449 0.2508018 0.889571 0.2436481 0.8895999 0.2436596 0.8899665 0.2436596 0.8899665 0.250378 0.8899647 0.250387 0.8895449 0.250378 0.8899647 0.250378 0.8899647 0.2436596 0.8899665 0.2436596 0.8899665 0.2503703 0.8815477 0.2504202 0.8819888 0.2503703 0.8815477 0.2508384 0.8819772 0.2504202 0.8819888 0.2508384 0.8819772 0.2508115 0.8823903 0.2508115 0.8823903 0.2508384 0.8819772 0.2512896 0.882366 0.2508115 0.8823903 0.2512896 0.882366 0.2512527 0.8891261 0.2512527 0.8891261 0.2512896 0.882366 0.2428164 0.8891616 0.2432442 0.8891617 0.2428164 0.8891616 0.2512527 0.8891261 0.2508465 0.889164 0.2512527 0.8891261 0.2432442 0.8891617 0.2432442 0.8891617 0.2432504 0.8895881 0.2508018 0.889571 0.2508465 0.889164 0.2508018 0.889571 0.2432504 0.8895881 0.2432504 0.8895881 0.2436481 0.8895999 0.250387 0.8895449 0.250387 0.8895449 0.2508018 0.889571 0.2436481 0.8895999 0.2436596 0.8899665 0.2436481 0.8895999 0.250387 0.8895449 0.250387 0.8895449 0.250378 0.8899647 0.250378 0.8899647 0.2436596 0.8899665 0.250378 0.8899647 0.2428252 0.8824189 0.2428164 0.8891616 0.2428164 0.8891616 0.2428252 0.8824189 0.2432163 0.8823983 0.2428252 0.8824189 0.2432163 0.8823983 0.2432339 0.8820047 0.2432163 0.8823983 0.2436591 0.8819703 0.2432339 0.8820047 0.2432339 0.8820047 0.2503703 0.8815477 0.2436157 0.8815417 0.2436157 0.8815417 0.2436157 0.8815417 0.2436591 0.8819703 0.2436591 0.8819703 0.2428252 0.8824189 0.2428164 0.8891616 0.2428252 0.8824189 0.2432163 0.8823983 0.2432163 0.8823983 0.2428252 0.8824189 0.2432339 0.8820047 0.2432339 0.8820047 0.2432163 0.8823983 0.2436591 0.8819703 0.2432339 0.8820047 0.2436591 0.8819703 0.2503703 0.8815477 0.2436157 0.8815417 0.2503703 0.8815477 0.2436157 0.8815417 0.2436591 0.8819703 0.2436157 0.8815417 0.2171269 0.899678 0.2167286 0.8996872 0.2171269 0.899678 0.2167154 0.900099 0.2167286 0.8996872 0.2167154 0.900099 0.2171568 0.8992531 0.2171269 0.899678 0.2171568 0.8992531 0.2167154 0.900099 0.2100062 0.9001017 0.2100062 0.9001017 0.2175575 0.8992667 0.2171568 0.8992531 0.2175575 0.8992667 0.2099721 0.8996963 0.2100062 0.9001017 0.2100062 0.9001017 0.2175575 0.8992667 0.2175823 0.8958325 0.2175823 0.8958325 0.2099721 0.8996963 0.2095414 0.8996692 0.2099721 0.8996963 0.2175823 0.8958325 0.2171775 0.8958487 0.2171775 0.8958487 0.2095414 0.8996692 0.2095348 0.8992554 0.2095414 0.8996692 0.2171527 0.8954674 0.2171775 0.8958487 0.2171527 0.8954674 0.2095348 0.8992554 0.209134 0.8992303 0.2095348 0.8992554 0.2167122 0.8954653 0.2171527 0.8954674 0.2167122 0.8954653 0.209134 0.8992303 0.2091429 0.8959015 0.209134 0.8992303 0.2167298 0.8950089 0.2167122 0.8954653 0.2167298 0.8950089 0.2095534 0.8958945 0.2091429 0.8959015 0.2091429 0.8959015 0.2167298 0.8950089 0.2100024 0.895003 0.2100024 0.895003 0.2095583 0.8954622 0.2095534 0.8958945 0.2095534 0.8958945 0.2100024 0.895003 0.2099921 0.8954387 0.2099921 0.8954387 0.2099921 0.8954387 0.2095583 0.8954622 0.2095583 0.8954622 0.2167286 0.8996872 0.2167286 0.8996872 0.2171269 0.899678 0.2167286 0.8996872 0.2167286 0.8996872 0.2167154 0.900099 0.2171269 0.899678 0.2171269 0.899678 0.2171568 0.8992531 0.2167154 0.900099 0.2100062 0.9001017 0.2167154 0.900099 0.2171568 0.8992531 0.2171568 0.8992531 0.2175575 0.8992667 0.2099721 0.8996963 0.2100062 0.9001017 0.2099721 0.8996963 0.2175575 0.8992667 0.2175823 0.8958325 0.2175575 0.8992667 0.2095414 0.8996692 0.2095414 0.8996692 0.2099721 0.8996963 0.2175823 0.8958325 0.2171775 0.8958487 0.2175823 0.8958325 0.2095348 0.8992554 0.2095348 0.8992554 0.2095414 0.8996692 0.2171775 0.8958487 0.2171775 0.8958487 0.2171527 0.8954674 0.209134 0.8992303 0.209134 0.8992303 0.2095348 0.8992554 0.2171527 0.8954674 0.2171527 0.8954674 0.2167122 0.8954653 0.2091429 0.8959015 0.2091429 0.8959015 0.209134 0.8992303 0.2167122 0.8954653 0.2167122 0.8954653 0.2167298 0.8950089 0.2095534 0.8958945 0.2091429 0.8959015 0.2095534 0.8958945 0.2167298 0.8950089 0.2100024 0.895003 0.2167298 0.8950089 0.2095583 0.8954622 0.2095534 0.8958945 0.2095583 0.8954622 0.2100024 0.895003 0.2099921 0.8954387 0.2100024 0.895003 0.2099921 0.8954387 0.2095583 0.8954622 0.2099921 0.8954387 0.2167709 0.8895675 0.2171339 0.8895526 0.2171339 0.8895526 0.2167636 0.8899737 0.2167709 0.8895675 0.2167709 0.8895675 0.2172031 0.8891407 0.2171339 0.8895526 0.2172031 0.8891407 0.2099586 0.8899755 0.2167636 0.8899737 0.2167636 0.8899737 0.2175493 0.8891244 0.2172031 0.8891407 0.2175493 0.8891244 0.2099586 0.8899755 0.2099719 0.889577 0.2099586 0.8899755 0.2175493 0.8891244 0.2175741 0.8823866 0.2175741 0.8823866 0.2099719 0.889577 0.2095521 0.8895635 0.2099719 0.889577 0.2175741 0.8823866 0.2171553 0.8824245 0.2171553 0.8824245 0.2095521 0.8895635 0.2095203 0.8891428 0.2095521 0.8895635 0.2171661 0.8819739 0.2171553 0.8824245 0.2171661 0.8819739 0.2091357 0.8891317 0.2095203 0.8891428 0.2095203 0.8891428 0.2167622 0.881988 0.2171661 0.8819739 0.2167622 0.881988 0.2091546 0.8824247 0.2091357 0.8891317 0.2091357 0.8891317 0.2167336 0.8815256 0.2167622 0.881988 0.2167336 0.8815256 0.2091546 0.8824247 0.2096012 0.8824381 0.2091546 0.8824247 0.2099788 0.8815764 0.2167336 0.8815256 0.2099788 0.8815764 0.2096012 0.8824381 0.2095621 0.8819736 0.2096012 0.8824381 0.2100102 0.8819417 0.2099788 0.8815764 0.2100102 0.8819417 0.2095621 0.8819736 0.2100102 0.8819417 0.2095621 0.8819736 0.2167709 0.8895675 0.2171339 0.8895526 0.2167709 0.8895675 0.2167636 0.8899737 0.2167709 0.8895675 0.2167636 0.8899737 0.2171339 0.8895526 0.2171339 0.8895526 0.2172031 0.8891407 0.2099586 0.8899755 0.2167636 0.8899737 0.2099586 0.8899755 0.2172031 0.8891407 0.2172031 0.8891407 0.2175493 0.8891244 0.2099719 0.889577 0.2099719 0.889577 0.2099586 0.8899755 0.2175493 0.8891244 0.2175741 0.8823866 0.2175493 0.8891244 0.2095521 0.8895635 0.2095521 0.8895635 0.2099719 0.889577 0.2175741 0.8823866 0.2171553 0.8824245 0.2175741 0.8823866 0.2095203 0.8891428 0.2095203 0.8891428 0.2095521 0.8895635 0.2171553 0.8824245 0.2171553 0.8824245 0.2171661 0.8819739 0.2091357 0.8891317 0.2095203 0.8891428 0.2091357 0.8891317 0.2171661 0.8819739 0.2171661 0.8819739 0.2167622 0.881988 0.2091546 0.8824247 0.2091357 0.8891317 0.2091546 0.8824247 0.2167622 0.881988 0.2167622 0.881988 0.2167336 0.8815256 0.2096012 0.8824381 0.2096012 0.8824381 0.2091546 0.8824247 0.2167336 0.8815256 0.2167336 0.8815256 0.2099788 0.8815764 0.2095621 0.8819736 0.2095621 0.8819736 0.2096012 0.8824381 0.2099788 0.8815764 0.2099788 0.8815764 0.2100102 0.8819417 0.2100102 0.8819417 0.2100102 0.8819417 0.2095621 0.8819736 0.2032477 0.8748058 0.2706149 0.8748081 0.2032477 0.8748058 0.2032551 0.8752593 0.2032477 0.8748058 0.2032551 0.8752593 0.2028404 0.8756654 0.2023829 0.8756795 0.2023829 0.8756795 0.2028515 0.8752629 0.2032551 0.8752593 0.2028515 0.8752629 0.2028404 0.8756654 0.2028515 0.8752629 0.2028404 0.8756654 0.2706149 0.8748081 0.2706149 0.8748081 0.2032477 0.8748058 0.2032477 0.8748058 0.2032477 0.8748058 0.2032551 0.8752593 0.2028404 0.8756654 0.2023829 0.8756795 0.2028404 0.8756654 0.2032551 0.8752593 0.2032551 0.8752593 0.2028515 0.8752629 0.2028515 0.8752629 0.2028515 0.8752629 0.2028404 0.8756654 0.2297888 0.8954713 0.2302116 0.8954589 0.2297888 0.8954713 0.2302322 0.8950539 0.2302116 0.8954589 0.2302116 0.8954589 0.2297717 0.8958699 0.2297888 0.8954713 0.2297717 0.8958699 0.2436562 0.895046 0.2302322 0.8950539 0.2302322 0.8950539 0.2293528 0.8958818 0.2297717 0.8958699 0.2293528 0.8958818 0.2436562 0.895046 0.243677 0.8954376 0.2436562 0.895046 0.2293528 0.8958818 0.2293683 0.8992651 0.2293683 0.8992651 0.243677 0.8954376 0.2440543 0.8954479 0.243677 0.8954376 0.2293683 0.8992651 0.2297676 0.8992457 0.2297676 0.8992457 0.2440792 0.8959001 0.2440543 0.8954479 0.2440543 0.8954479 0.2297676 0.8992457 0.2297776 0.8996869 0.2297776 0.8996869 0.2445414 0.8958875 0.2440792 0.8959001 0.2440792 0.8959001 0.2297776 0.8996869 0.2301827 0.8997016 0.2301827 0.8997016 0.2445316 0.8992423 0.2445414 0.8958875 0.2445414 0.8958875 0.2301827 0.8997016 0.2301815 0.9000937 0.2301815 0.9000937 0.2445316 0.8992423 0.2440956 0.8992392 0.2445316 0.8992423 0.2301815 0.9000937 0.2360538 0.9000914 0.2360538 0.9000914 0.2440956 0.8992392 0.2440993 0.8996497 0.2440956 0.8992392 0.2360998 0.9059775 0.2360538 0.9000914 0.2360998 0.9059775 0.2440993 0.8996497 0.2436894 0.8996718 0.2440993 0.8996497 0.2364602 0.9059838 0.2360998 0.9059775 0.2364602 0.9059838 0.2436633 0.9000883 0.2436894 0.8996718 0.2436894 0.8996718 0.2364673 0.9063566 0.2364602 0.9059838 0.2364673 0.9063566 0.2377842 0.9000907 0.2436633 0.9000883 0.2436633 0.9000883 0.2372982 0.9064088 0.2364673 0.9063566 0.2372982 0.9064088 0.2377842 0.9000907 0.237789 0.9060024 0.2377842 0.9000907 0.2373139 0.9059885 0.2372982 0.9064088 0.2373139 0.9059885 0.237789 0.9060024 0.2373139 0.9059885 0.237789 0.9060024 0.2302116 0.8954589 0.2302116 0.8954589 0.2297888 0.8954713 0.2302322 0.8950539 0.2302116 0.8954589 0.2302322 0.8950539 0.2297888 0.8954713 0.2297888 0.8954713 0.2297717 0.8958699 0.2436562 0.895046 0.2302322 0.8950539 0.2436562 0.895046 0.2297717 0.8958699 0.2297717 0.8958699 0.2293528 0.8958818 0.243677 0.8954376 0.243677 0.8954376 0.2436562 0.895046 0.2293528 0.8958818 0.2293683 0.8992651 0.2293528 0.8958818 0.2440543 0.8954479 0.2440543 0.8954479 0.243677 0.8954376 0.2293683 0.8992651 0.2297676 0.8992457 0.2293683 0.8992651 0.2440792 0.8959001 0.2440543 0.8954479 0.2440792 0.8959001 0.2297676 0.8992457 0.2297776 0.8996869 0.2297676 0.8992457 0.2445414 0.8958875 0.2440792 0.8959001 0.2445414 0.8958875 0.2297776 0.8996869 0.2301827 0.8997016 0.2297776 0.8996869 0.2445316 0.8992423 0.2445414 0.8958875 0.2445316 0.8992423 0.2301827 0.8997016 0.2301815 0.9000937 0.2301827 0.8997016 0.2440956 0.8992392 0.2440956 0.8992392 0.2445316 0.8992423 0.2301815 0.9000937 0.2360538 0.9000914 0.2301815 0.9000937 0.2440993 0.8996497 0.2440993 0.8996497 0.2440956 0.8992392 0.2360538 0.9000914 0.2360538 0.9000914 0.2360998 0.9059775 0.2436894 0.8996718 0.2436894 0.8996718 0.2440993 0.8996497 0.2360998 0.9059775 0.2360998 0.9059775 0.2364602 0.9059838 0.2436633 0.9000883 0.2436894 0.8996718 0.2436633 0.9000883 0.2364602 0.9059838 0.2364602 0.9059838 0.2364673 0.9063566 0.2377842 0.9000907 0.2436633 0.9000883 0.2377842 0.9000907 0.2364673 0.9063566 0.2364673 0.9063566 0.2372982 0.9064088 0.237789 0.9060024 0.237789 0.9060024 0.2377842 0.9000907 0.2372982 0.9064088 0.2372982 0.9064088 0.2373139 0.9059885 0.2373139 0.9059885 0.2373139 0.9059885 0.237789 0.9060024 0.270619 0.9636561 0.2710426 0.9636518 0.2710426 0.9636518 0.2714594 0.9632222 0.2714586 0.9623858 0.2714586 0.9623858 0.2710426 0.9636518 0.2710463 0.963225 0.2710463 0.963225 0.2710463 0.963225 0.2714594 0.9632222 0.2714594 0.9632222 0.270619 0.9636561 0.2710426 0.9636518 0.270619 0.9636561 0.2714594 0.9632222 0.2714586 0.9623858 0.2714594 0.9632222 0.2710426 0.9636518 0.2710463 0.963225 0.2710426 0.9636518 0.2710463 0.963225 0.2714594 0.9632222 0.2710463 0.963225 0.2571188 0.9333881 0.2571454 0.9337565 0.2571454 0.9337565 0.2563264 0.9240797 0.256328 0.9329035 0.256328 0.9329035 0.2567105 0.9333848 0.2571188 0.9333881 0.2571188 0.9333881 0.256328 0.9329035 0.2566874 0.9328706 0.2566874 0.9328706 0.2566874 0.9328706 0.2567105 0.9333848 0.2567105 0.9333848 0.2571188 0.9333881 0.2571454 0.9337565 0.2571188 0.9333881 0.2563264 0.9240797 0.256328 0.9329035 0.2563264 0.9240797 0.2567105 0.9333848 0.2571188 0.9333881 0.2567105 0.9333848 0.256328 0.9329035 0.2566874 0.9328706 0.256328 0.9329035 0.2566874 0.9328706 0.2567105 0.9333848 0.2566874 0.9328706 0.2566908 0.8895751 0.2566996 0.8891626 0.2566908 0.8895751 0.2562686 0.8891503 0.2566996 0.8891626 0.2562686 0.8891503 0.257111 0.8895543 0.2566908 0.8895751 0.257111 0.8895543 0.2562686 0.8891503 0.2562796 0.8824123 0.2562796 0.8824123 0.2571145 0.8899629 0.257111 0.8895543 0.2571145 0.8899629 0.2566792 0.8824219 0.2562796 0.8824123 0.2562796 0.8824123 0.2571145 0.8899629 0.2639002 0.8899611 0.2639002 0.8899611 0.2566792 0.8824219 0.2566956 0.8819996 0.2566792 0.8824219 0.2639002 0.8899611 0.2638657 0.8895933 0.2638657 0.8895933 0.2571149 0.8819786 0.2566956 0.8819996 0.2566956 0.8819996 0.2642689 0.8895658 0.2638657 0.8895933 0.2642689 0.8895658 0.2571188 0.8815491 0.2571149 0.8819786 0.2571149 0.8819786 0.2642952 0.8891176 0.2642689 0.8895658 0.2642952 0.8891176 0.2638776 0.8815672 0.2571188 0.8815491 0.2571188 0.8815491 0.2647255 0.8891181 0.2642952 0.8891176 0.2647255 0.8891181 0.2638776 0.8815672 0.2638558 0.8819593 0.2638776 0.8815672 0.2647255 0.8891181 0.2647191 0.8823739 0.2647191 0.8823739 0.2638558 0.8819593 0.2642791 0.8819391 0.2638558 0.8819593 0.2647191 0.8823739 0.264313 0.8823923 0.264313 0.8823923 0.264313 0.8823923 0.2642791 0.8819391 0.2642791 0.8819391 0.2566996 0.8891626 0.2566996 0.8891626 0.2566908 0.8895751 0.2566996 0.8891626 0.2566996 0.8891626 0.2562686 0.8891503 0.2566908 0.8895751 0.2566908 0.8895751 0.257111 0.8895543 0.2562686 0.8891503 0.2562796 0.8824123 0.2562686 0.8891503 0.257111 0.8895543 0.257111 0.8895543 0.2571145 0.8899629 0.2566792 0.8824219 0.2562796 0.8824123 0.2566792 0.8824219 0.2571145 0.8899629 0.2639002 0.8899611 0.2571145 0.8899629 0.2566956 0.8819996 0.2566956 0.8819996 0.2566792 0.8824219 0.2639002 0.8899611 0.2638657 0.8895933 0.2639002 0.8899611 0.2571149 0.8819786 0.2566956 0.8819996 0.2571149 0.8819786 0.2638657 0.8895933 0.2638657 0.8895933 0.2642689 0.8895658 0.2571188 0.8815491 0.2571149 0.8819786 0.2571188 0.8815491 0.2642689 0.8895658 0.2642689 0.8895658 0.2642952 0.8891176 0.2638776 0.8815672 0.2571188 0.8815491 0.2638776 0.8815672 0.2642952 0.8891176 0.2642952 0.8891176 0.2647255 0.8891181 0.2638558 0.8819593 0.2638558 0.8819593 0.2638776 0.8815672 0.2647255 0.8891181 0.2647191 0.8823739 0.2647255 0.8891181 0.2642791 0.8819391 0.2642791 0.8819391 0.2638558 0.8819593 0.2647191 0.8823739 0.264313 0.8823923 0.2647191 0.8823739 0.264313 0.8823923 0.2642791 0.8819391 0.264313 0.8823923</float_array>
          <technique_common>
            <accessor source="#_3_2_163_0_zeimport_poly5_XSIPOLYCLS_maze_0-mesh-map-0-array" count="3462" stride="2">
              <param name="S" type="float"/>
              <param name="T" type="float"/>
            </accessor>
          </technique_common>
        </source>
        <vertices id="_3_2_163_0_zeimport_poly5_XSIPOLYCLS_maze_0-mesh-vertices">
          <input semantic="POSITION" source="#_3_2_163_0_zeimport_poly5_XSIPOLYCLS_maze_0-mesh-positions"/>
        </vertices>
        <triangles material="zeimport_poly5_XSIPOLYCLS_maze-material" count="1154">
          <input semantic="VERTEX" source="#_3_2_163_0_zeimport_poly5_XSIPOLYCLS_maze_0-mesh-vertices" offset="0"/>
          <input semantic="NORMAL" source="#_3_2_163_0_zeimport_poly5_XSIPOLYCLS_maze_0-mesh-normals" offset="1"/>
          <input semantic="TEXCOORD" source="#_3_2_163_0_zeimport_poly5_XSIPOLYCLS_maze_0-mesh-map-0" offset="2" set="0"/>
          <p>0 0 0 1 0 1 2 0 2 3 1 3 4 1 4 5 1 5 6 2 6 7 2 7 8 2 8 9 3 9 10 3 10 11 3 11 12 4 12 13 4 13 14 4 14 15 5 15 16 5 16 17 5 17 18 6 18 19 6 19 20 6 20 21 7 21 22 7 22 23 7 23 24 8 24 25 8 25 26 8 26 27 9 27 28 9 28 29 9 29 30 10 30 31 10 31 32 10 32 33 11 33 34 11 34 35 11 35 36 12 36 37 12 37 38 12 38 39 13 39 40 13 40 41 13 41 42 14 42 43 14 43 44 14 44 45 15 45 46 15 46 47 15 47 48 16 48 49 16 49 50 16 50 51 17 51 52 17 52 53 17 53 54 18 54 55 18 55 56 18 56 57 19 57 58 19 58 59 19 59 60 20 60 61 20 61 62 20 62 63 21 63 4 21 64 3 21 65 64 22 66 65 22 67 66 22 68 67 23 69 10 23 70 9 23 71 68 4 72 69 4 73 70 4 74 71 24 75 72 24 76 73 24 77 74 25 78 19 25 79 18 25 80 75 26 81 76 26 82 77 26 83 78 27 84 25 27 85 24 27 86 79 28 87 80 28 88 81 28 89 82 29 90 83 29 91 84 29 92 85 30 93 86 30 94 87 30 95 88 12 96 89 12 97 90 12 98 91 31 99 92 31 100 93 31 101 94 32 102 95 32 103 96 32 104 97 33 105 98 33 106 99 33 107 100 34 108 49 34 109 48 34 110 101 17 111 102 17 112 103 17 113 104 35 114 55 35 115 54 35 116 105 36 117 106 36 118 107 36 119 108 37 120 109 37 121 110 37 122 110 38 123 111 38 124 112 38 125 113 39 126 109 39 127 108 39 128 109 40 129 111 40 130 110 40 131 114 41 132 115 41 133 116 41 134 117 42 135 118 42 136 119 42 137 120 43 138 121 43 139 122 43 140 123 44 141 124 44 142 125 44 143 126 45 144 127 45 145 128 45 146 129 46 147 115 46 148 114 46 149 130 47 150 131 47 151 132 47 152 133 48 153 134 48 154 135 48 155 136 49 156 137 49 157 138 49 158 139 50 159 140 50 160 141 50 161 142 51 162 143 51 163 144 51 164 145 52 165 143 52 166 142 52 167 146 53 168 147 53 169 148 53 170 149 54 171 147 54 172 146 54 173 150 55 174 151 55 175 152 55 176 153 56 177 154 56 178 155 56 179 156 57 180 157 57 181 158 57 182 159 58 183 160 58 184 161 58 185 162 59 186 154 59 187 153 59 188 154 57 189 163 57 190 155 57 191 164 60 192 165 60 193 166 60 194 164 61 195 167 61 196 168 61 197 169 62 198 170 62 199 171 62 200 172 63 201 167 63 202 173 63 203 174 64 204 170 64 205 175 64 206 176 65 207 177 65 208 178 65 209 168 66 210 165 66 211 164 66 212 173 61 213 167 61 214 164 61 215 179 67 216 170 67 217 169 67 218 180 68 219 181 68 220 182 68 221 171 69 222 170 69 223 174 69 224 175 70 225 183 70 226 174 70 227 184 71 228 185 71 229 186 71 230 187 72 231 188 72 232 189 72 233 190 73 234 191 73 235 192 73 236 193 74 237 194 74 238 195 74 239 196 75 240 197 75 241 198 75 242 199 76 243 200 76 244 201 76 245 202 77 246 203 77 247 204 77 248 205 78 249 206 78 250 207 78 251 208 79 252 209 79 253 210 79 254 211 80 255 212 80 256 213 80 257 214 81 258 215 81 259 216 81 260 217 82 261 218 82 262 219 82 263 220 83 264 221 83 265 222 83 266 223 84 267 224 85 268 225 85 269 226 86 270 227 87 271 228 88 272 229 89 273 230 90 274 231 90 275 232 91 276 233 92 277 234 93 278 235 94 279 236 94 280 237 94 281 238 95 282 239 95 283 240 95 284 241 96 285 242 96 286 243 96 287 244 97 288 245 97 289 246 97 290 247 98 291 248 98 292 249 98 293 227 87 294 224 99 295 228 88 296 250 100 297 251 101 298 252 100 299 233 92 300 253 102 301 234 93 302 254 103 303 255 104 304 256 103 305 257 105 306 258 105 307 259 105 308 260 106 309 261 106 310 262 106 311 263 107 312 264 107 313 265 107 314 266 108 315 245 108 316 244 108 317 267 109 318 268 109 319 269 109 320 270 110 321 271 110 322 272 110 323 273 111 324 274 111 325 275 111 326 276 112 327 277 112 328 278 112 329 279 113 330 280 113 331 281 113 332 282 114 333 283 114 334 284 114 335 285 115 336 286 115 337 287 115 338 288 116 339 289 116 340 290 116 341 291 117 342 292 117 343 293 117 344 294 118 345 295 118 346 296 118 347 297 119 348 298 119 349 299 119 350 300 113 351 301 113 352 302 113 353 303 120 354 304 120 355 305 120 356 306 121 357 286 121 358 285 121 359 307 122 360 308 122 361 309 122 362 310 123 363 311 123 364 312 123 365 313 118 366 314 118 367 315 118 368 316 124 369 317 124 370 318 124 371 319 125 372 320 125 373 321 125 374 322 126 375 323 126 376 324 126 377 325 127 378 326 127 379 327 127 380 328 128 381 329 128 382 330 128 383 331 129 384 332 129 385 333 129 386 334 130 387 335 130 388 336 130 389 337 131 390 338 131 391 339 131 392 340 132 393 341 132 394 342 132 395 343 133 396 344 133 397 345 133 398 346 128 399 347 128 400 348 128 401 349 134 402 350 134 403 351 134 404 352 135 405 353 135 406 354 135 407 355 136 408 356 136 409 357 136 410 358 137 411 359 137 412 360 137 413 361 138 414 362 138 415 363 138 416 364 139 417 365 139 418 366 139 419 367 140 420 368 140 421 369 140 422 370 141 423 371 141 424 372 141 425 373 142 426 374 142 427 375 142 428 376 143 429 377 143 430 378 143 431 379 144 432 380 144 433 381 144 434 382 145 435 383 145 436 384 145 437 385 146 438 386 146 439 387 146 440 388 147 441 389 147 442 390 147 443 391 148 444 392 148 445 393 148 446 394 149 447 395 149 448 396 149 449 397 150 450 398 150 451 399 150 452 400 145 453 401 145 454 402 145 455 403 151 456 404 151 457 405 151 458 406 152 459 407 152 460 408 152 461 409 153 462 410 153 463 411 153 464 412 154 465 413 154 466 414 154 467 415 155 468 416 155 469 417 155 470 418 156 471 419 156 472 420 156 473 421 157 474 422 157 475 423 157 476 424 158 477 425 158 478 426 158 479 427 159 480 428 159 481 429 159 482 430 160 483 431 160 484 432 160 485 433 161 486 434 161 487 435 161 488 436 162 489 437 162 490 438 162 491 439 163 492 440 163 493 441 163 494 442 164 495 443 164 496 444 164 497 445 165 498 446 165 499 447 165 500 448 166 501 449 166 502 450 166 503 451 167 504 452 167 505 453 167 506 454 168 507 455 168 508 456 168 509 457 169 510 458 169 511 459 169 512 460 170 513 461 170 514 462 170 515 463 171 516 464 171 517 465 171 518 466 172 519 467 172 520 468 172 521 469 173 522 470 173 523 471 173 524 472 174 525 437 174 526 436 174 527 473 175 528 474 175 529 475 175 530 476 164 531 477 164 532 478 164 533 479 176 534 480 176 535 481 176 536 482 177 537 483 177 538 484 177 539 485 178 540 486 178 541 487 178 542 488 179 543 489 179 544 490 179 545 491 180 546 492 180 547 493 180 548 494 181 549 495 181 550 496 181 551 497 182 552 498 182 553 499 182 554 500 183 555 501 183 556 502 183 557 503 184 558 504 184 559 505 184 560 506 185 561 507 185 562 508 185 563 509 186 564 510 186 565 511 186 566 512 184 567 513 184 568 514 184 569 515 187 570 507 187 571 506 187 572 508 188 573 516 188 574 506 188 575 517 189 576 518 189 577 519 189 578 520 190 579 521 190 580 522 190 581 523 191 582 524 191 583 525 191 584 526 192 585 527 192 586 528 192 587 529 193 588 530 193 589 531 193 590 532 194 591 533 194 592 534 194 593 535 195 594 536 195 595 537 195 596 538 196 597 539 196 598 540 196 599 541 197 600 542 197 601 543 197 602 544 198 603 545 198 604 546 198 605 547 199 606 548 199 607 549 199 608 550 200 609 551 200 610 552 200 611 553 201 612 554 201 613 555 201 614 556 202 615 557 202 616 558 202 617 559 203 618 560 203 619 561 203 620 562 204 621 551 204 622 550 204 623 563 205 624 564 205 625 565 205 626 566 206 627 567 207 628 568 208 629 569 209 630 570 209 631 571 209 632 572 210 633 567 207 634 573 211 635 574 212 636 575 212 637 576 212 638 577 213 639 578 213 640 579 213 641 580 214 642 581 214 643 582 214 644 583 215 645 584 215 646 585 215 647 586 216 648 587 216 649 588 216 650 589 217 651 590 217 652 591 217 653 592 218 654 593 219 655 594 220 656 595 221 657 596 221 658 597 221 659 598 222 660 594 220 661 599 223 662 600 224 663 601 224 664 602 224 665 603 225 666 604 225 667 605 225 668 606 226 669 607 226 670 608 226 671 609 227 672 610 227 673 611 227 674 612 228 675 613 228 676 614 228 677 615 229 678 616 229 679 617 229 680 618 230 681 619 230 682 620 230 683 621 231 684 622 231 685 623 231 686 624 232 687 625 232 688 626 232 689 627 233 690 564 233 691 563 233 692 573 211 693 567 207 694 566 206 695 628 234 696 570 234 697 569 234 698 629 235 699 630 236 700 631 235 701 632 237 702 575 237 703 574 237 704 633 238 705 634 238 706 635 238 707 636 239 708 581 239 709 580 239 710 637 215 711 584 215 712 583 215 713 638 240 714 587 240 715 586 240 716 639 241 717 640 241 718 641 241 719 642 242 720 593 219 721 592 218 722 643 243 723 644 243 724 645 243 725 592 218 726 594 220 727 598 222 728 646 244 729 647 244 730 648 244 731 649 245 732 604 245 733 603 245 734 650 246 735 651 246 736 652 246 737 653 247 738 610 247 739 609 247 740 654 228 741 655 228 742 656 228 743 657 248 744 616 248 745 615 248 746 658 249 747 659 249 748 660 249 749 661 250 750 662 250 751 663 250 752 664 251 753 665 251 754 666 251 755 667 252 756 668 252 757 669 252 758 670 253 759 671 253 760 672 253 761 673 254 762 674 254 763 675 254 764 676 255 765 677 255 766 678 255 767 679 256 768 680 256 769 681 256 770 682 257 771 683 257 772 684 257 773 685 258 774 686 258 775 687 258 776 688 259 777 689 259 778 690 259 779 691 260 780 692 260 781 693 260 782 694 261 783 695 261 784 696 261 785 697 262 786 698 262 787 699 262 788 700 263 789 701 263 790 702 263 791 703 264 792 704 264 793 705 264 794 706 265 795 707 265 796 708 265 797 709 266 798 710 266 799 711 266 800 712 267 801 713 267 802 714 267 803 715 268 804 716 268 805 717 268 806 718 269 807 719 269 808 720 269 809 710 270 810 721 270 811 711 270 812 722 271 813 723 271 814 724 271 815 725 267 816 726 267 817 727 267 818 728 272 819 729 272 820 730 272 821 731 273 822 732 273 823 733 273 824 734 274 825 735 274 826 736 274 827 737 275 828 738 275 829 739 275 830 740 276 831 741 276 832 742 276 833 743 277 834 744 277 835 745 277 836 746 278 837 747 278 838 748 278 839 749 279 840 735 279 841 734 279 842 750 280 843 751 280 844 752 280 845 753 281 846 754 281 847 755 281 848 756 282 849 744 282 850 743 282 851 757 283 852 758 283 853 759 283 854 760 284 855 761 284 856 762 284 857 763 285 858 764 285 859 765 285 860 766 286 861 767 286 862 768 286 863 769 287 864 770 287 865 771 287 866 772 288 867 773 288 868 774 288 869 775 289 870 758 289 871 757 289 872 776 290 873 777 290 874 778 290 875 779 285 876 780 285 877 781 285 878 782 291 879 783 291 880 784 291 881 785 292 882 786 292 883 787 292 884 788 293 885 789 293 886 790 293 887 791 294 888 792 294 889 793 294 890 794 295 891 795 295 892 796 295 893 797 296 894 798 296 895 799 296 896 800 297 897 801 297 898 802 297 899 803 298 900 804 298 901 805 298 902 806 299 903 807 299 904 808 299 905 809 300 906 792 300 907 791 300 908 810 301 909 811 301 910 812 301 911 813 296 912 798 296 913 797 296 914 814 302 915 801 302 916 800 302 917 815 303 918 804 303 919 803 303 920 816 304 921 807 304 922 806 304 923 817 305 924 818 305 925 819 305 926 820 306 927 821 306 928 822 306 929 823 307 930 824 307 931 825 307 932 826 308 933 827 308 934 828 308 935 829 309 936 830 309 937 831 309 938 832 310 939 833 310 940 834 310 941 835 306 942 821 306 943 820 306 944 836 311 945 824 311 946 823 311 947 837 312 948 838 312 949 839 312 950 840 313 951 841 313 952 842 313 953 843 314 954 844 314 955 845 314 956 846 315 957 847 315 958 848 315 959 849 316 960 850 316 961 851 316 962 852 317 963 853 317 964 854 317 965 855 318 966 856 318 967 857 318 968 858 319 969 859 319 970 860 319 971 861 320 972 847 320 973 846 320 974 862 321 975 850 321 976 849 321 977 863 322 978 853 322 979 852 322 980 864 323 981 856 323 982 855 323 983 865 324 984 866 324 985 867 324 986 868 325 987 869 325 988 870 325 989 871 326 990 872 326 991 873 326 992 874 327 993 875 327 994 876 327 995 877 328 996 878 328 997 879 328 998 880 326 999 881 326 1000 882 326 1001 883 329 1002 884 329 1003 885 329 1004 886 330 1005 887 330 1006 888 330 1007 889 331 1008 890 331 1009 891 331 1010 892 332 1011 893 332 1012 894 332 1013 895 333 1014 896 333 1015 897 333 1016 898 334 1017 899 334 1018 900 334 1019 901 335 1020 902 335 1021 903 335 1022 904 336 1023 890 336 1024 889 336 1025 905 337 1026 906 337 1027 907 337 1028 908 338 1029 909 338 1030 910 338 1031 911 339 1032 912 339 1033 913 339 1034 914 340 1035 915 340 1036 916 340 1037 917 341 1038 918 341 1039 919 341 1040 920 342 1041 921 342 1042 922 342 1043 923 343 1044 924 343 1045 925 343 1046 926 344 1047 927 344 1048 928 344 1049 929 345 1050 915 345 1051 914 345 1052 930 346 1053 918 346 1054 917 346 1055 931 347 1056 921 347 1057 920 347 1058 932 348 1059 924 348 1060 923 348 1061 933 349 1062 934 349 1063 935 349 1064 936 350 1065 937 350 1066 938 350 1067 939 351 1068 940 351 1069 941 351 1070 942 352 1071 943 352 1072 944 352 1073 945 353 1074 946 353 1075 947 353 1076 948 354 1077 949 354 1078 950 354 1079 951 355 1080 940 355 1081 939 355 1082 952 356 1083 943 356 1084 942 356 1085 953 357 1086 954 357 1087 955 357 1088 956 358 1089 954 358 1090 953 358 1091 957 359 1092 958 359 1093 959 359 1094 960 360 1095 961 360 1096 962 360 1097 963 361 1098 964 361 1099 965 361 1100 966 362 1101 967 362 1102 968 362 1103 969 363 1104 970 363 1105 971 363 1106 972 364 1107 973 364 1108 974 364 1109 975 365 1110 976 365 1111 977 365 1112 978 366 1113 979 366 1114 980 366 1115 981 367 1116 982 367 1117 983 367 1118 984 368 1119 985 368 1120 986 368 1121 987 369 1122 988 369 1123 989 369 1124 990 370 1125 991 370 1126 992 370 1127 993 371 1128 979 371 1129 978 371 1130 994 372 1131 982 372 1132 981 372 1133 995 373 1134 985 373 1135 984 373 1136 996 374 1137 997 374 1138 998 374 1139 999 375 1140 1000 375 1141 1001 375 1142 1002 376 1143 1003 376 1144 1004 376 1145 1005 377 1146 1006 377 1147 1007 377 1148 1008 378 1149 1009 378 1150 1010 378 1151 1011 379 1152 1012 379 1153 1013 379 1154 1014 380 1155 1015 380 1156 1016 380 1157 1017 381 1158 1003 381 1159 1002 381 1160 1018 377 1161 1006 377 1162 1005 377 1163 1019 382 1164 1020 382 1165 1021 382 1166 1022 383 1167 1023 383 1168 1024 383 1169 1025 384 1170 1026 384 1171 1027 384 1172 1028 385 1173 1029 385 1174 1030 385 1175 1031 386 1176 1032 386 1177 1033 386 1178 1034 387 1179 1035 387 1180 1036 387 1181 1037 388 1182 1029 388 1183 1028 388 1184 1038 389 1185 1032 389 1186 1031 389 1187 1039 390 1188 1040 390 1189 1041 390 1190 1042 391 1191 1043 391 1192 1044 391 1193 1045 392 1194 1046 392 1195 1047 392 1196 1048 393 1197 1049 393 1198 1050 393 1199 1051 394 1200 1043 394 1201 1042 394 1202 1052 395 1203 1053 395 1204 1054 395 1205 1055 396 1206 1056 396 1207 1057 396 1208 1058 397 1209 1059 397 1210 1060 397 1211 1061 398 1212 1062 398 1213 1063 398 1214 1064 399 1215 1065 399 1216 1066 399 1217 1067 400 1218 1068 400 1219 1069 400 1220 1070 401 1221 1059 401 1222 1058 401 1223 1071 402 1224 1062 402 1225 1061 402 1226 1072 403 1227 1073 403 1228 1074 403 1229 1075 404 1230 1076 404 1231 1077 404 1232 1078 405 1233 1079 405 1234 1080 405 1235 1081 406 1236 1082 406 1237 1083 406 1238 1084 407 1239 1085 407 1240 1086 407 1241 1087 408 1242 1088 408 1243 1089 408 1244 1090 409 1245 1091 409 1246 1092 409 1247 1093 410 1248 1094 410 1249 1095 410 1250 1096 411 1251 1097 411 1252 1098 411 1253 1099 412 1254 1100 412 1255 1101 412 1256 1102 413 1257 1076 413 1258 1075 413 1259 1103 414 1260 1079 414 1261 1078 414 1262 1104 415 1263 1082 415 1264 1081 415 1265 1105 416 1266 1106 416 1267 1107 416 1268 1108 417 1269 1088 417 1270 1087 417 1271 1109 418 1272 1110 418 1273 1111 418 1274 1112 419 1275 1094 419 1276 1093 419 1277 1113 420 1278 1114 420 1279 1115 420 1280 1116 421 1281 1117 421 1282 1118 421 1283 1119 422 1284 1120 422 1285 1121 422 1286 1122 423 1287 1123 423 1288 1124 423 1289 1125 424 1290 1126 424 1291 1127 424 1292 1128 425 1293 1129 425 1294 1130 425 1295 1131 426 1296 1132 426 1297 1133 426 1298 1134 427 1299 1135 427 1300 1136 427 1301 1137 428 1302 1138 428 1303 1139 428 1304 1140 429 1305 1126 429 1306 1125 429 1307 1141 425 1308 1129 425 1309 1128 425 1310 1142 430 1311 1132 430 1312 1131 430 1313 1143 431 1314 1144 431 1315 1145 431 1316 1146 432 1317 1147 432 1318 1148 432 1319 1149 433 1320 1150 433 1321 1151 433 1322 1152 434 1323 1153 434 1324 1154 434 1325 1155 435 1326 1156 435 1327 1157 435 1328 1158 436 1329 1159 436 1330 1160 436 1331 1161 437 1332 1162 437 1333 1163 437 1334 1164 433 1335 1165 433 1336 1166 433 1337 1167 438 1338 1168 438 1339 1169 438 1340 1170 439 1341 1171 439 1342 1172 439 1343 1173 440 1344 1174 440 1345 1175 440 1346 1176 441 1347 1177 441 1348 1178 441 1349 1179 442 1350 1180 442 1351 1181 442 1352 1182 443 1353 1183 443 1354 1184 443 1355 1185 444 1356 1186 444 1357 1187 444 1358 1188 445 1359 1189 445 1360 1190 445 1361 1191 446 1362 1177 446 1363 1176 446 1364 1192 447 1365 1180 447 1366 1179 447 1367 1193 448 1368 1194 448 1369 1195 448 1370 1196 449 1371 1186 449 1372 1185 449 1373 1197 450 1374 1198 450 1375 1199 450 1376 1200 451 1377 1201 451 1378 1202 451 1379 1203 452 1380 1204 452 1381 1205 452 1382 1206 453 1383 1207 453 1384 1208 453 1385 1209 454 1386 1210 454 1387 1211 454 1388 1212 455 1389 1213 455 1390 1214 455 1391 1215 456 1392 1216 456 1393 1217 456 1394 1218 457 1395 1198 457 1396 1197 457 1397 1219 458 1398 1201 458 1399 1200 458 1400 1220 459 1401 1204 459 1402 1203 459 1403 1221 460 1404 1222 460 1405 1223 460 1406 1224 461 1407 1225 461 1408 1226 461 1409 1227 462 1410 1228 462 1411 1229 462 1412 1230 463 1413 1231 463 1414 1232 463 1415 1233 464 1416 1234 464 1417 1235 464 1418 1236 465 1419 1237 465 1420 1238 465 1421 1239 466 1422 1240 466 1423 1241 466 1424 1242 467 1425 1243 467 1426 1244 467 1427 1245 468 1428 1246 468 1429 1247 468 1430 1248 469 1431 1249 469 1432 1250 469 1433 1251 470 1434 1252 470 1435 1253 470 1436 1254 471 1437 1255 471 1438 1256 471 1439 1257 465 1440 1258 465 1441 1259 465 1442 1260 472 1443 1240 472 1444 1239 472 1445 1261 473 1446 1243 473 1447 1242 473 1448 1262 474 1449 1263 474 1450 1264 474 1451 1265 475 1452 1249 475 1453 1248 475 1454 1266 476 1455 1252 476 1456 1251 476 1457 1267 477 1458 1268 477 1459 1269 477 1460 1270 478 1461 1271 478 1462 1272 478 1463 1273 479 1464 1274 479 1465 1275 479 1466 1276 480 1467 1277 480 1468 1278 480 1469 1279 481 1470 1280 481 1471 1281 481 1472 1282 482 1473 1283 482 1474 1284 482 1475 1285 483 1476 1286 483 1477 1287 483 1478 1288 484 1479 1289 484 1480 1290 484 1481 1291 485 1482 1271 485 1483 1270 485 1484 1292 486 1485 1274 486 1486 1273 486 1487 1293 487 1488 1277 487 1489 1276 487 1490 1294 488 1491 1280 488 1492 1279 488 1493 1295 489 1494 1296 489 1495 1297 489 1496 1298 490 1497 1299 490 1498 1300 490 1499 1301 491 1500 1302 491 1501 1303 491 1502 1304 492 1503 1305 492 1504 1306 492 1505 1307 493 1506 1308 493 1507 1309 493 1508 1310 494 1509 1311 494 1510 1312 494 1511 1313 495 1512 1314 495 1513 1315 495 1514 1316 496 1515 1317 496 1516 1318 496 1517 1319 497 1518 1320 497 1519 1321 497 1520 1322 498 1521 1323 498 1522 1324 498 1523 1325 493 1524 1308 493 1525 1307 493 1526 1326 499 1527 1311 499 1528 1310 499 1529 1327 495 1530 1314 495 1531 1313 495 1532 1328 500 1533 1317 500 1534 1316 500 1535 1329 501 1536 1330 501 1537 1331 501 1538 1332 502 1539 1330 502 1540 1329 502 1541 1333 503 1542 1334 503 1543 1335 503 1544 1336 504 1545 1337 504 1546 1338 504 1547 1339 505 1548 1340 505 1549 1341 505 1550 1342 506 1551 1343 506 1552 1344 506 1553 1345 507 1554 1346 507 1555 1347 507 1556 1348 508 1557 1349 508 1558 1350 508 1559 1351 509 1560 1352 509 1561 1353 509 1562 1354 510 1563 1355 510 1564 1356 510 1565 1357 511 1566 1358 511 1567 1359 511 1568 1360 512 1569 1361 512 1570 1362 512 1571 1363 513 1572 1364 513 1573 1365 513 1574 1366 514 1575 1367 514 1576 1368 514 1577 1369 515 1578 1370 515 1579 1371 515 1580 1372 516 1581 1373 516 1582 1374 516 1583 1375 517 1584 1376 517 1585 1377 517 1586 1378 518 1587 1379 518 1588 1380 518 1589 1381 519 1590 1382 519 1591 1383 519 1592 1384 520 1593 1385 520 1594 1386 520 1595 1387 521 1596 1388 521 1597 1389 521 1598 1390 522 1599 1391 522 1600 1392 522 1601 1393 523 1602 1394 523 1603 1395 523 1604 1396 524 1605 1397 524 1606 1398 524 1607 1399 525 1608 1400 525 1609 1401 525 1610 1402 526 1611 1403 526 1612 1404 526 1613 1405 527 1614 1406 527 1615 1407 527 1616 1408 528 1617 1409 528 1618 1410 528 1619 1411 529 1620 1412 529 1621 1413 529 1622 1414 530 1623 1415 530 1624 1416 530 1625 1417 531 1626 1418 531 1627 1419 531 1628 1420 532 1629 1337 532 1630 1336 532 1631 1421 533 1632 1340 533 1633 1339 533 1634 1422 534 1635 1423 534 1636 1424 534 1637 1425 535 1638 1426 535 1639 1427 535 1640 1428 536 1641 1429 536 1642 1430 536 1643 1431 537 1644 1432 537 1645 1433 537 1646 1434 538 1647 1435 538 1648 1436 538 1649 1437 539 1650 1438 539 1651 1439 539 1652 1440 540 1653 1441 540 1654 1442 540 1655 1443 541 1656 1364 541 1657 1363 541 1658 1444 542 1659 1445 542 1660 1446 542 1661 1447 543 1662 1448 543 1663 1449 543 1664 1450 544 1665 1451 544 1666 1452 544 1667 1453 517 1668 1454 517 1669 1455 517 1670 1456 545 1671 1379 545 1672 1378 545 1673 1457 546 1674 1458 546 1675 1459 546 1676 1460 547 1677 1385 547 1678 1384 547 1679 1461 548 1680 1462 548 1681 1463 548 1682 1464 549 1683 1391 549 1684 1390 549 1685 1465 523 1686 1394 523 1687 1393 523 1688 1466 550 1689 1397 550 1690 1396 550 1691 1467 551 1692 1400 551 1693 1399 551 1694 1468 552 1695 1403 552 1696 1402 552 1697 1469 553 1698 1406 553 1699 1405 553 1700 1470 554 1701 1471 554 1702 1472 554 1703 1473 555 1704 1412 555 1705 1411 555 1706 1474 556 1707 1475 556 1708 1476 556 1709 1477 557 1710 1478 558 1711 1479 559 1712 1480 560 1713 1481 561 1714 1478 558 1715 1482 562 1716 1483 562 1717 1484 562 1718 1485 563 1719 1486 563 1720 1487 563 1721 1488 564 1722 1489 564 1723 1490 564 1724 1491 565 1725 1492 565 1726 1493 565 1727 1494 566 1728 1495 566 1729 1496 566 1730 1497 567 1731 1498 567 1732 1499 567 1733 1500 568 1734 1501 568 1735 1502 568 1736 1503 569 1737 1504 569 1738 1505 569 1739 1506 570 1740 1507 570 1741 1508 570 1742 1509 571 1743 1510 571 1744 1511 571 1745 1512 572 1746 1513 573 1747 1514 574 1748 1515 575 1749 1516 576 1750 1517 576 1751 1480 560 1752 1478 558 1753 1477 557 1754 1518 577 1755 1481 561 1756 1480 560 1757 1519 578 1758 1483 578 1759 1482 578 1760 1520 579 1761 1521 579 1762 1522 579 1763 1523 580 1764 1489 580 1765 1488 580 1766 1524 581 1767 1492 581 1768 1491 581 1769 1525 566 1770 1495 566 1771 1494 566 1772 1526 582 1773 1527 582 1774 1528 582 1775 1529 583 1776 1501 583 1777 1500 583 1778 1530 584 1779 1531 584 1780 1532 584 1781 1533 585 1782 1507 585 1783 1506 585 1784 1534 586 1785 1535 586 1786 1536 586 1787 1537 587 1788 1513 587 1789 1512 588 1790 1514 589 1791 1538 590 1792 1512 591 1793 1539 592 1794 1540 593 1795 1541 594 1796 1542 595 1797 1543 595 1798 1544 595 1799 1545 596 1800 1546 597 1801 1547 597 1802 1548 598 1803 1549 598 1804 1550 598 1805 1551 599 1806 1552 599 1807 1553 599 1808 1554 600 1809 1555 600 1810 1556 600 1811 1557 601 1812 1558 601 1813 1559 601 1814 1560 602 1815 1561 602 1816 1562 602 1817 1563 603 1818 1564 603 1819 1565 603 1820 1566 604 1821 1567 604 1822 1568 604 1823 1569 605 1824 1570 605 1825 1571 605 1826 1572 606 1827 1573 607 1828 1574 608 1829 1575 609 1830 1576 609 1831 1577 609 1832 1578 610 1833 1579 611 1834 1573 607 1835 1580 612 1836 1581 613 1837 1582 612 1838 1583 614 1839 1584 614 1840 1585 614 1841 1540 593 1842 1586 615 1843 1541 594 1844 1587 616 1845 1588 616 1846 1589 616 1847 1590 617 1848 1591 617 1849 1592 617 1850 1593 600 1851 1594 600 1852 1595 600 1853 1596 618 1854 1597 618 1855 1598 618 1856 1599 619 1857 1600 619 1858 1601 619 1859 1602 620 1860 1564 620 1861 1563 620 1862 1603 621 1863 1567 621 1864 1566 621 1865 1604 622 1866 1570 622 1867 1569 622 1868 1578 610 1869 1573 607 1870 1572 606 1871 1605 623 1872 1576 623 1873 1575 623 1874 1606 624 1875 1579 611 1876 1578 610 1877 1607 625 1878 1608 625 1879 1609 625 1880 1610 626 1881 1611 626 1882 1612 626 1883 1613 627 1884 1614 627 1885 1615 627 1886 1616 628 1887 1617 628 1888 1618 628 1889 1619 629 1890 1620 629 1891 1621 629 1892 1622 630 1893 1623 630 1894 1624 630 1895 1625 631 1896 1626 631 1897 1627 631 1898 1628 632 1899 1629 632 1900 1630 632 1901 1631 633 1902 1611 633 1903 1610 633 1904 1632 634 1905 1614 634 1906 1613 634 1907 1633 635 1908 1634 635 1909 1635 635 1910 1636 636 1911 1637 636 1912 1638 636 1913 1639 637 1914 1640 637 1915 1641 637 1916 1642 638 1917 1643 638 1918 1644 638 1919 1645 639 1920 1646 639 1921 1647 639 1922 1648 640 1923 1649 640 1924 1650 640 1925 1651 641 1926 1652 641 1927 1653 641 1928 1654 642 1929 1655 642 1930 1656 642 1931 1657 643 1932 1658 643 1933 1659 643 1934 1660 644 1935 1661 644 1936 1662 644 1937 1663 645 1938 1649 645 1939 1648 645 1940 1664 646 1941 1665 646 1942 1666 646 1943 1667 647 1944 1655 647 1945 1654 647 1946 1668 648 1947 1669 648 1948 1670 648 1949 1671 649 1950 1672 649 1951 1673 649 1952 1674 650 1953 1672 650 1954 1671 650 1955 1675 651 1956 1676 651 1957 1677 651 1958 1678 652 1959 1679 652 1960 1680 652 1961 1681 653 1962 1682 653 1963 1683 653 1964 1684 654 1965 1685 654 1966 1686 654 1967 1687 655 1968 1688 655 1969 1689 655 1970 1690 656 1971 1691 656 1972 1692 656 1973 1693 657 1974 1679 657 1975 1678 657 1976 1694 653 1977 1682 653 1978 1681 653 1979 1695 658 1980 1685 658 1981 1684 658 1982 1696 659 1983 1688 659 1984 1687 659 1985 1697 660 1986 1698 660 1987 1699 660 1988 1700 660 1989 1698 660 1990 1697 660 1991 1701 661 1992 1702 661 1993 1703 661 1994 1704 662 1995 1705 662 1996 1706 662 1997 1707 663 1998 1708 663 1999 1709 663 2000 1710 664 2001 1711 664 2002 1712 664 2003 1713 665 2004 1714 665 2005 1715 665 2006 1716 666 2007 1717 666 2008 1718 666 2009 1719 667 2010 1720 667 2011 1721 667 2012 1722 668 2013 1723 668 2014 1724 668 2015 1725 669 2016 1726 669 2017 1727 669 2018 1728 670 2019 1729 670 2020 1730 670 2021 1731 671 2022 1732 671 2023 1733 671 2024 1734 671 2025 1732 671 2026 1731 671 2027 1735 672 2028 1736 672 2029 1737 672 2030 1738 673 2031 1739 673 2032 1740 673 2033 1741 674 2034 1742 674 2035 1743 674 2036 1744 675 2037 1745 675 2038 1746 675 2039 1747 676 2040 1748 676 2041 1749 676 2042 1750 677 2043 1751 677 2044 1752 677 2045 1753 678 2046 1754 678 2047 1755 678 2048 1756 673 2049 1739 673 2050 1738 673 2051 1757 679 2052 1758 679 2053 1759 679 2054 1760 680 2055 1761 680 2056 1762 680 2057 1763 681 2058 1764 681 2059 1765 681 2060 1766 682 2061 1767 682 2062 1768 682 2063 1769 683 2064 1770 683 2065 1771 683 2066 1772 684 2067 1773 684 2068 1774 684 2069 1775 685 2070 1776 685 2071 1777 685 2072 1778 686 2073 1779 686 2074 1780 686 2075 1781 687 2076 1782 687 2077 1783 687 2078 1784 688 2079 1785 688 2080 1786 688 2081 1787 689 2082 1788 689 2083 1789 689 2084 1790 690 2085 1791 690 2086 1792 690 2087 1793 691 2088 1794 691 2089 1795 691 2090 1796 692 2091 1797 692 2092 1798 692 2093 1799 693 2094 1800 693 2095 1801 693 2096 1802 694 2097 1803 694 2098 1804 694 2099 1805 695 2100 1806 695 2101 1807 695 2102 1808 696 2103 1809 696 2104 1810 696 2105 1811 686 2106 1812 686 2107 1813 686 2108 1814 697 2109 1782 697 2110 1781 697 2111 1815 698 2112 1816 698 2113 1817 698 2114 1818 689 2115 1788 689 2116 1787 689 2117 1819 690 2118 1791 690 2119 1790 690 2120 1820 699 2121 1821 699 2122 1822 699 2123 1823 700 2124 1797 700 2125 1796 700 2126 1824 701 2127 1800 701 2128 1799 701 2129 1825 702 2130 1826 702 2131 1827 702 2132 1828 703 2133 1829 703 2134 1830 703 2135 1831 704 2136 1832 704 2137 1833 704 2138 1834 705 2139 1835 705 2140 1836 705 2141 1837 706 2142 1838 706 2143 1839 706 2144 1840 707 2145 1841 707 2146 1842 707 2147 1843 708 2148 1844 708 2149 1845 708 2150 1846 709 2151 1829 709 2152 1828 709 2153 1847 710 2154 1848 710 2155 1849 710 2156 1850 711 2157 1835 711 2158 1834 711 2159 1851 712 2160 1852 712 2161 1853 712 2162 1854 707 2163 1855 707 2164 1856 707 2165 1857 713 2166 1858 713 2167 1859 713 2168 1860 714 2169 1858 714 2170 1857 714 2171 1861 715 2172 1862 715 2173 1863 715 2174 1864 716 2175 1865 716 2176 1866 716 2177 1867 717 2178 1868 717 2179 1869 717 2180 1870 718 2181 1871 718 2182 1872 718 2183 1873 719 2184 1874 719 2185 1875 719 2186 1876 720 2187 1877 720 2188 1878 720 2189 1879 721 2190 1880 721 2191 1881 721 2192 1882 722 2193 1883 722 2194 1884 722 2195 1885 723 2196 1886 723 2197 1887 723 2198 1888 724 2199 1889 724 2200 1890 724 2201 1891 725 2202 1892 725 2203 1893 725 2204 1894 726 2205 1877 726 2206 1876 726 2207 1895 727 2208 1896 727 2209 1897 727 2210 1898 728 2211 1899 728 2212 1900 728 2213 1901 729 2214 1902 729 2215 1903 729 2216 1904 730 2217 1905 730 2218 1906 730 2219 1907 731 2220 1908 731 2221 1909 731 2222 1910 732 2223 1911 732 2224 1912 732 2225 1913 733 2226 1914 733 2227 1915 733 2228 1916 734 2229 1917 734 2230 1918 734 2231 1919 735 2232 1920 735 2233 1921 735 2234 1922 736 2235 1896 736 2236 1895 736 2237 1923 737 2238 1899 737 2239 1898 737 2240 1924 729 2241 1925 729 2242 1926 729 2243 1927 738 2244 1905 738 2245 1904 738 2246 1928 739 2247 1908 739 2248 1907 739 2249 1929 732 2250 1911 732 2251 1910 732 2252 1930 740 2253 1914 740 2254 1913 740 2255 1931 741 2256 1917 741 2257 1916 741 2258 1932 742 2259 1920 742 2260 1919 742 2261 1933 743 2262 1934 743 2263 1935 743 2264 1936 744 2265 1937 744 2266 1938 744 2267 1939 745 2268 1940 745 2269 1941 745 2270 1942 746 2271 1943 746 2272 1944 746 2273 1945 747 2274 1946 747 2275 1947 747 2276 1948 748 2277 1934 748 2278 1933 748 2279 1949 749 2280 1937 749 2281 1936 749 2282 1950 750 2283 1951 750 2284 1952 750 2285 1953 746 2286 1943 746 2287 1942 746 2288 1954 751 2289 1946 751 2290 1945 751 2291 1955 752 2292 1956 752 2293 1957 752 2294 1958 753 2295 1959 753 2296 1960 753 2297 1961 754 2298 1962 754 2299 1963 754 2300 1964 755 2301 1958 755 2302 1965 755 2303 1966 752 2304 1967 752 2305 1968 752 2306 1969 756 2307 1959 756 2308 1958 756 2309 1965 757 2310 1970 757 2311 1964 757 2312 1969 758 2313 1958 758 2314 1964 758 2315 1971 759 2316 1972 759 2317 1973 759 2318 1974 760 2319 1975 760 2320 1976 760 2321 1977 761 2322 1978 761 2323 1979 761 2324 1980 762 2325 1981 762 2326 1982 762 2327 1983 763 2328 1984 763 2329 1985 763 2330 1986 764 2331 1987 764 2332 1988 764 2333 1989 765 2334 1990 765 2335 1991 765 2336 1992 766 2337 1972 766 2338 1971 766 2339 1993 767 2340 1975 767 2341 1974 767 2342 1994 768 2343 1978 768 2344 1977 768 2345 1995 769 2346 1981 769 2347 1980 769 2348 1996 770 2349 1997 770 2350 1998 770 2351 1999 771 2352 1987 771 2353 1986 771 2354 2000 772 2355 1990 772 2356 1989 772 2357 2001 773 2358 2002 773 2359 2003 773 2360 2004 774 2361 2005 774 2362 2006 774 2363 2007 775 2364 2008 775 2365 2009 775 2366 2010 776 2367 2011 776 2368 2012 776 2369 2013 777 2370 2014 777 2371 2015 777 2372 2016 778 2373 2017 778 2374 2018 778 2375 2019 779 2376 2005 779 2377 2004 779 2378 2020 780 2379 2008 780 2380 2007 780 2381 2021 781 2382 2011 781 2383 2010 781 2384 2022 782 2385 2014 782 2386 2013 782 2387 2023 783 2388 2024 783 2389 2025 783 2390 2026 784 2391 2027 784 2392 2028 784 2393 2029 785 2394 2030 785 2395 2031 785 2396 2032 786 2397 2033 786 2398 2034 786 2399 2035 787 2400 2036 787 2401 2037 787 2402 2038 788 2403 2039 788 2404 2040 788 2405 2041 789 2406 2042 789 2407 2043 789 2408 2044 790 2409 2030 790 2410 2029 790 2411 2045 791 2412 2046 791 2413 2047 791 2414 2048 792 2415 2049 792 2416 2050 792 2417 2051 793 2418 2052 793 2419 2053 793 2420 2054 794 2421 2052 794 2422 2051 794 2423 2055 795 2424 2056 795 2425 2057 795 2426 2058 796 2427 2059 796 2428 2060 796 2429 2061 797 2430 2062 797 2431 2063 797 2432 2064 798 2433 2065 798 2434 2066 798 2435 2067 799 2436 2068 799 2437 2069 799 2438 2070 800 2439 2071 800 2440 2072 800 2441 2073 801 2442 2074 802 2443 2075 801 2444 2076 803 2445 2077 803 2446 2078 803 2447 2079 804 2448 2074 804 2449 2080 804 2450 2081 805 2451 2082 805 2452 2083 805 2453 2084 806 2454 2085 806 2455 2086 806 2456 2087 807 2457 2088 807 2458 2089 807 2459 2090 808 2460 2091 808 2461 2092 808 2462 2093 809 2463 2094 809 2464 2095 809 2465 2096 810 2466 2097 810 2467 2098 810 2468 2099 811 2469 2100 811 2470 2101 811 2471 2102 812 2472 2103 812 2473 2104 812 2474 2105 813 2475 2106 813 2476 2107 813 2477 2108 814 2478 2109 814 2479 2110 814 2480 2111 815 2481 2112 815 2482 2113 815 2483 2114 816 2484 2115 817 2485 2116 818 2486 2117 819 2487 2116 820 2488 2118 819 2489 2119 821 2490 2056 821 2491 2055 821 2492 2120 822 2493 2059 822 2494 2058 822 2495 2121 797 2496 2062 797 2497 2061 797 2498 2122 798 2499 2065 798 2500 2064 798 2501 2123 799 2502 2124 799 2503 2125 799 2504 2126 823 2505 2071 823 2506 2070 823 2507 2127 824 2508 2128 824 2509 2129 824 2510 2130 825 2511 2077 825 2512 2076 825 2513 2075 826 2514 2074 827 2515 2079 827 2516 2131 828 2517 2082 828 2518 2081 828 2519 2132 829 2520 2133 829 2521 2134 829 2522 2135 830 2523 2088 830 2524 2087 830 2525 2136 831 2526 2137 831 2527 2138 831 2528 2139 832 2529 2094 832 2530 2093 832 2531 2140 833 2532 2097 833 2533 2096 833 2534 2141 834 2535 2100 834 2536 2099 834 2537 2142 835 2538 2143 835 2539 2144 835 2540 2145 836 2541 2146 836 2542 2147 836 2543 2148 837 2544 2149 837 2545 2150 837 2546 2151 838 2547 2152 838 2548 2153 838 2549 2154 839 2550 2115 839 2551 2114 840 2552 2114 841 2553 2116 842 2554 2117 843 2555 2155 844 2556 2156 844 2557 2157 844 2558 2158 845 2559 2159 845 2560 2160 845 2561 2161 846 2562 2162 846 2563 2163 846 2564 2164 847 2565 2165 847 2566 2166 847 2567 2167 848 2568 2168 848 2569 2169 848 2570 2170 849 2571 2171 849 2572 2172 849 2573 2173 850 2574 2174 850 2575 2175 850 2576 2176 851 2577 2177 851 2578 2178 851 2579 2179 852 2580 2180 852 2581 2181 852 2582 2182 853 2583 2183 853 2584 2184 853 2585 2185 854 2586 2186 854 2587 2187 854 2588 2188 855 2589 2189 855 2590 2190 855 2591 2191 856 2592 2192 856 2593 2193 856 2594 2194 857 2595 2195 857 2596 2196 857 2597 2197 858 2598 2198 858 2599 2199 858 2600 2200 859 2601 2201 859 2602 2202 859 2603 2203 860 2604 2204 860 2605 2205 860 2606 2206 861 2607 2207 861 2608 2208 861 2609 2209 862 2610 2210 862 2611 2211 862 2612 2212 863 2613 2213 863 2614 2214 863 2615 2215 864 2616 2156 864 2617 2155 864 2618 2216 865 2619 2217 865 2620 2218 865 2621 2219 866 2622 2162 866 2623 2161 866 2624 2220 867 2625 2165 867 2626 2164 867 2627 2221 868 2628 2222 868 2629 2223 868 2630 2224 869 2631 2225 869 2632 2226 869 2633 2227 870 2634 2228 870 2635 2229 870 2636 2230 851 2637 2177 851 2638 2176 851 2639 2231 871 2640 2232 871 2641 2233 871 2642 2234 872 2643 2183 872 2644 2182 872 2645 2235 854 2646 2186 854 2647 2185 854 2648 2236 873 2649 2189 873 2650 2188 873 2651 2237 874 2652 2192 874 2653 2191 874 2654 2238 875 2655 2195 875 2656 2194 875 2657 2239 876 2658 2240 876 2659 2241 876 2660 2242 877 2661 2201 877 2662 2200 877 2663 2243 878 2664 2244 878 2665 2245 878 2666 2246 879 2667 2247 879 2668 2248 879 2669 2249 880 2670 2210 880 2671 2209 880 2672 2250 881 2673 2213 881 2674 2212 881 2675 2251 882 2676 2252 882 2677 2253 882 2678 2254 883 2679 2255 883 2680 2256 883 2681 2257 884 2682 2258 884 2683 2259 884 2684 2260 885 2685 2261 885 2686 2262 885 2687 2263 886 2688 2264 886 2689 2265 886 2690 2266 887 2691 2267 887 2692 2268 887 2693 2269 888 2694 2270 888 2695 2271 888 2696 2272 889 2697 2273 889 2698 2274 889 2699 2275 890 2700 2276 890 2701 2277 890 2702 2278 891 2703 2279 891 2704 2280 891 2705 2281 892 2706 2282 892 2707 2283 892 2708 2284 884 2709 2285 884 2710 2286 884 2711 2287 893 2712 2288 893 2713 2289 893 2714 2290 894 2715 2264 894 2716 2263 894 2717 2291 895 2718 2292 895 2719 2293 895 2720 2294 896 2721 2270 896 2722 2269 896 2723 2295 897 2724 2273 897 2725 2272 897 2726 2296 898 2727 2276 898 2728 2275 898 2729 2297 899 2730 2298 899 2731 2299 899 2732 2300 900 2733 2301 900 2734 2302 900 2735 2303 901 2736 2304 901 2737 2305 901 2738 2306 902 2739 2307 902 2740 2308 902 2741 2309 903 2742 2310 903 2743 2311 903 2744 2312 904 2745 2313 904 2746 2314 904 2747 2315 905 2748 2316 905 2749 2317 905 2750 2318 906 2751 2319 906 2752 2320 906 2753 2321 907 2754 2322 907 2755 2323 907 2756 2324 908 2757 2325 908 2758 2326 908 2759 2327 909 2760 2328 909 2761 2329 909 2762 2330 910 2763 2331 910 2764 2332 910 2765 2333 911 2766 2334 911 2767 2335 911 2768 2336 912 2769 2337 912 2770 2338 912 2771 2339 913 2772 2340 913 2773 2341 913 2774 2342 914 2775 2343 914 2776 2344 914 2777 2345 915 2778 2304 915 2779 2303 915 2780 2346 916 2781 2307 916 2782 2306 916 2783 2347 917 2784 2310 917 2785 2309 917 2786 2348 918 2787 2349 918 2788 2350 918 2789 2351 919 2790 2352 919 2791 2353 919 2792 2354 920 2793 2319 920 2794 2318 920 2795 2355 921 2796 2356 921 2797 2357 921 2798 2358 922 2799 2325 922 2800 2324 922 2801 2359 923 2802 2328 923 2803 2327 923 2804 2360 924 2805 2361 924 2806 2362 924 2807 2363 925 2808 2334 925 2809 2333 925 2810 2364 912 2811 2365 912 2812 2366 912 2813 2367 926 2814 2368 926 2815 2369 926 2816 2370 927 2817 2371 927 2818 2372 927 2819 2373 928 2820 2374 928 2821 2375 928 2822 2376 929 2823 2377 929 2824 2378 929 2825 2379 930 2826 2380 930 2827 2381 930 2828 2382 931 2829 2383 931 2830 2384 931 2831 2385 926 2832 2386 926 2833 2387 926 2834 2388 932 2835 2371 932 2836 2370 932 2837 2389 933 2838 2374 933 2839 2373 933 2840 2390 934 2841 2391 934 2842 2392 934 2843 2393 935 2844 2394 935 2845 2395 935 2846 2396 936 2847 2397 936 2848 2398 936 2849 2399 937 2850 2400 937 2851 2401 937 2852 2402 938 2853 2403 938 2854 2404 938 2855 2405 939 2856 2406 939 2857 2407 939 2858 2408 940 2859 2409 940 2860 2410 940 2861 2411 941 2862 2412 941 2863 2413 941 2864 2414 942 2865 2415 942 2866 2416 942 2867 2417 943 2868 2418 943 2869 2419 943 2870 2420 944 2871 2421 944 2872 2422 944 2873 2423 945 2874 2424 945 2875 2425 945 2876 2426 946 2877 2427 946 2878 2428 946 2879 2429 947 2880 2430 947 2881 2431 947 2882 2432 948 2883 2433 948 2884 2434 948 2885 2435 949 2886 2436 949 2887 2437 949 2888 2438 950 2889 2439 950 2890 2440 950 2891 2441 951 2892 2442 951 2893 2443 951 2894 2444 952 2895 2445 952 2896 2446 952 2897 2447 953 2898 2448 953 2899 2449 953 2900 2450 954 2901 2451 954 2902 2452 954 2903 2453 955 2904 2454 955 2905 2455 955 2906 2456 956 2907 2457 956 2908 2458 956 2909 2459 957 2910 2400 957 2911 2399 957 2912 2460 958 2913 2403 958 2914 2402 958 2915 2461 959 2916 2406 959 2917 2405 959 2918 2462 960 2919 2409 960 2920 2408 960 2921 2463 961 2922 2412 961 2923 2411 961 2924 2464 962 2925 2415 962 2926 2414 962 2927 2465 963 2928 2466 963 2929 2467 963 2930 2468 964 2931 2421 964 2932 2420 964 2933 2469 965 2934 2470 965 2935 2471 965 2936 2472 966 2937 2427 966 2938 2426 966 2939 2473 967 2940 2430 967 2941 2429 967 2942 2474 968 2943 2433 968 2944 2432 968 2945 2475 969 2946 2436 969 2947 2435 969 2948 2476 970 2949 2439 970 2950 2438 970 2951 2477 971 2952 2442 971 2953 2441 971 2954 2478 972 2955 2479 972 2956 2480 972 2957 2481 973 2958 2482 973 2959 2483 973 2960 2484 974 2961 2485 974 2962 2486 974 2963 2487 975 2964 2488 975 2965 2489 975 2966 2490 976 2967 2491 976 2968 2492 976 2969 2493 977 2970 2494 977 2971 2495 977 2972 2496 978 2973 2497 978 2974 2498 978 2975 2499 979 2976 2500 979 2977 2501 979 2978 2502 980 2979 2503 980 2980 2504 980 2981 2505 981 2982 2506 981 2983 2507 981 2984 2508 982 2985 2509 982 2986 2510 982 2987 2511 983 2988 2512 983 2989 2513 983 2990 2514 984 2991 2515 984 2992 2516 984 2993 2517 985 2994 2518 985 2995 2519 985 2996 2520 986 2997 2521 986 2998 2522 986 2999 2523 987 3000 2524 987 3001 2525 987 3002 2526 988 3003 2527 988 3004 2528 988 3005 2529 989 3006 2530 989 3007 2531 989 3008 2532 990 3009 2533 990 3010 2534 990 3011 2535 991 3012 2536 991 3013 2537 991 3014 2538 992 3015 2539 992 3016 2540 992 3017 2541 993 3018 2542 993 3019 2543 993 3020 2544 994 3021 2545 994 3022 2546 994 3023 2547 995 3024 2548 995 3025 2549 995 3026 2550 996 3027 2551 996 3028 2552 996 3029 2553 977 3030 2554 977 3031 2555 977 3032 2556 997 3033 2557 997 3034 2558 997 3035 2559 998 3036 2500 998 3037 2499 998 3038 2560 999 3039 2561 999 3040 2562 999 3041 2563 1000 3042 2506 1000 3043 2505 1000 3044 2564 1001 3045 2509 1001 3046 2508 1001 3047 2565 1002 3048 2566 1002 3049 2567 1002 3050 2568 1003 3051 2515 1003 3052 2514 1003 3053 2569 1004 3054 2570 1004 3055 2571 1004 3056 2572 986 3057 2521 986 3058 2520 986 3059 2573 1005 3060 2524 1005 3061 2523 1005 3062 2574 1006 3063 2527 1006 3064 2526 1006 3065 2575 1007 3066 2530 1007 3067 2529 1007 3068 2576 1008 3069 2577 1008 3070 2578 1008 3071 2579 1009 3072 2536 1009 3073 2535 1009 3074 2580 1010 3075 2539 1010 3076 2538 1010 3077 2581 1011 3078 2542 1011 3079 2541 1011 3080 2582 1012 3081 2545 1012 3082 2544 1012 3083 2583 1013 3084 2548 1013 3085 2547 1013 3086 2584 1014 3087 2551 1014 3088 2550 1014 3089 2585 1015 3090 2586 1015 3091 2587 1015 3092 2588 1016 3093 2589 1016 3094 2590 1016 3095 2591 1017 3096 2592 1017 3097 2593 1017 3098 2594 1018 3099 2595 1018 3100 2596 1018 3101 2597 1019 3102 2598 1019 3103 2599 1019 3104 2600 1015 3105 2586 1015 3106 2585 1015 3107 2601 1016 3108 2589 1016 3109 2588 1016 3110 2602 1017 3111 2603 1017 3112 2604 1017 3113 2605 1020 3114 2595 1020 3115 2594 1020 3116 2606 1021 3117 2598 1021 3118 2597 1021 3119 2607 1022 3120 2608 1022 3121 2609 1022 3122 2610 1023 3123 2611 1023 3124 2612 1023 3125 2613 1024 3126 2614 1024 3127 2615 1024 3128 2616 1025 3129 2617 1025 3130 2618 1025 3131 2619 1026 3132 2620 1026 3133 2621 1026 3134 2622 1027 3135 2623 1027 3136 2624 1027 3137 2625 1028 3138 2626 1028 3139 2627 1028 3140 2628 1029 3141 2629 1029 3142 2630 1029 3143 2631 1030 3144 2632 1030 3145 2633 1030 3146 2634 1031 3147 2635 1031 3148 2636 1031 3149 2637 1032 3150 2638 1032 3151 2639 1032 3152 2640 1033 3153 2641 1033 3154 2642 1033 3155 2643 1034 3156 2644 1034 3157 2645 1034 3158 2646 1035 3159 2647 1035 3160 2648 1035 3161 2649 1036 3162 2650 1036 3163 2651 1036 3164 2652 1037 3165 2653 1037 3166 2654 1037 3167 2655 1038 3168 2656 1038 3169 2657 1038 3170 2658 1039 3171 2659 1039 3172 2660 1039 3173 2661 1040 3174 2662 1040 3175 2663 1040 3176 2664 1041 3177 2665 1041 3178 2666 1041 3179 2667 1042 3180 2668 1042 3181 2669 1042 3182 2670 1043 3183 2671 1043 3184 2672 1043 3185 2673 1044 3186 2674 1044 3187 2675 1044 3188 2676 1045 3189 2677 1045 3190 2678 1045 3191 2679 1046 3192 2680 1046 3193 2681 1046 3194 2682 1047 3195 2683 1047 3196 2684 1047 3197 2685 1048 3198 2686 1048 3199 2687 1048 3200 2688 1049 3201 2689 1049 3202 2690 1049 3203 2691 1050 3204 2608 1050 3205 2607 1050 3206 2692 1051 3207 2693 1051 3208 2694 1051 3209 2695 1024 3210 2614 1024 3211 2613 1024 3212 2696 1052 3213 2697 1052 3214 2698 1052 3215 2699 1053 3216 2620 1053 3217 2619 1053 3218 2700 1054 3219 2623 1054 3220 2622 1054 3221 2701 1055 3222 2702 1055 3223 2703 1055 3224 2704 1056 3225 2629 1056 3226 2628 1056 3227 2705 1057 3228 2706 1057 3229 2707 1057 3230 2708 1058 3231 2709 1058 3232 2710 1058 3233 2711 1059 3234 2712 1059 3235 2713 1059 3236 2714 1060 3237 2715 1060 3238 2716 1060 3239 2717 1061 3240 2644 1061 3241 2643 1061 3242 2718 1062 3243 2719 1062 3244 2720 1062 3245 2721 1063 3246 2722 1063 3247 2723 1063 3248 2724 1064 3249 2653 1064 3250 2652 1064 3251 2725 1065 3252 2726 1065 3253 2727 1065 3254 2728 1066 3255 2659 1066 3256 2658 1066 3257 2729 1067 3258 2662 1067 3259 2661 1067 3260 2730 1068 3261 2665 1068 3262 2664 1068 3263 2731 1069 3264 2668 1069 3265 2667 1069 3266 2732 1070 3267 2671 1070 3268 2670 1070 3269 2733 1071 3270 2674 1071 3271 2673 1071 3272 2734 1072 3273 2735 1072 3274 2736 1072 3275 2737 1073 3276 2680 1073 3277 2679 1073 3278 2738 1074 3279 2683 1074 3280 2682 1074 3281 2739 1075 3282 2686 1075 3283 2685 1075 3284 2740 1076 3285 2689 1076 3286 2688 1076 3287 2741 1077 3288 2742 1077 3289 2743 1077 3290 2744 1078 3291 2745 1078 3292 2746 1078 3293 2747 1079 3294 2748 1079 3295 2749 1079 3296 2750 1080 3297 2751 1080 3298 2752 1080 3299 2753 1081 3300 2754 1081 3301 2755 1081 3302 2756 1082 3303 2757 1082 3304 2758 1082 3305 2759 1083 3306 2760 1083 3307 2761 1083 3308 2762 1080 3309 2763 1080 3310 2764 1080 3311 2765 1084 3312 2766 1084 3313 2767 1084 3314 2768 1085 3315 2769 1085 3316 2770 1085 3317 2771 1086 3318 2772 1086 3319 2773 1086 3320 2774 1087 3321 2775 1087 3322 2776 1087 3323 2777 1088 3324 2778 1088 3325 2779 1088 3326 2780 1089 3327 2781 1089 3328 2782 1089 3329 2783 1090 3330 2769 1090 3331 2768 1090 3332 2784 1091 3333 2785 1091 3334 2786 1091 3335 2787 1092 3336 2788 1092 3337 2789 1092 3338 2790 1088 3339 2778 1088 3340 2777 1088 3341 2791 1093 3342 2792 1093 3343 2793 1093 3344 2794 1094 3345 2795 1094 3346 2796 1094 3347 2797 1095 3348 2798 1095 3349 2799 1095 3350 2800 1096 3351 2801 1096 3352 2802 1096 3353 2803 1097 3354 2804 1097 3355 2805 1097 3356 2806 1098 3357 2807 1098 3358 2808 1098 3359 2809 1099 3360 2810 1099 3361 2811 1099 3362 2812 1100 3363 2813 1100 3364 2814 1100 3365 2815 1101 3366 2816 1101 3367 2817 1101 3368 2818 1102 3369 2819 1102 3370 2820 1102 3371 2821 1103 3372 2822 1103 3373 2823 1103 3374 2824 1104 3375 2825 1104 3376 2826 1104 3377 2827 1105 3378 2828 1105 3379 2829 1105 3380 2830 1106 3381 2831 1106 3382 2832 1106 3383 2833 1107 3384 2834 1107 3385 2835 1107 3386 2836 1108 3387 2837 1108 3388 2838 1108 3389 2839 1109 3390 2840 1109 3391 2841 1109 3392 2842 1110 3393 2843 1110 3394 2844 1110 3395 2845 1111 3396 2846 1111 3397 2847 1111 3398 2848 1112 3399 2849 1112 3400 2850 1112 3401 2851 1113 3402 2792 1113 3403 2791 1113 3404 2852 1114 3405 2795 1114 3406 2794 1114 3407 2853 1115 3408 2798 1115 3409 2797 1115 3410 2854 1116 3411 2855 1116 3412 2856 1116 3413 2857 1117 3414 2804 1117 3415 2803 1117 3416 2858 1118 3417 2859 1118 3418 2860 1118 3419 2861 1119 3420 2862 1119 3421 2863 1119 3422 2864 1120 3423 2813 1120 3424 2812 1120 3425 2865 1121 3426 2866 1121 3427 2867 1121 3428 2868 1122 3429 2869 1122 3430 2870 1122 3431 2871 1123 3432 2822 1123 3433 2821 1123 3434 2872 1124 3435 2873 1124 3436 2874 1124 3437 2875 1125 3438 2828 1125 3439 2827 1125 3440 2876 1126 3441 2877 1126 3442 2878 1126 3443 2879 1127 3444 2834 1127 3445 2833 1127 3446 2880 1128 3447 2837 1128 3448 2836 1128 3449 2881 1129 3450 2882 1129 3451 2883 1129 3452 2884 1130 3453 2843 1130 3454 2842 1130 3455 2885 1131 3456 2886 1131 3457 2887 1131 3458 2888 1132 3459 2889 1132 3460 2890 1132 3461</p>
        </triangles>
      </mesh>
    </geometry>
    <geometry id="_3_2_163_0_zeimport_poly_XSIPOLYCLS_board_0-mesh" name="13.2.163.0_zeimport_poly_XSIPOLYCLS.board_0">
      <mesh>
        <source id="_3_2_163_0_zeimport_poly_XSIPOLYCLS_board_0-mesh-positions">
          <float_array id="_3_2_163_0_zeimport_poly_XSIPOLYCLS_board_0-mesh-positions-array" count="12">-69.41609 70.32929 1.98 25.15934 -66.06739 1.98 25.43963 70.32929 1.98 -69.41609 -66.06739 1.98</float_array>
          <technique_common>
            <accessor source="#_3_2_163_0_zeimport_poly_XSIPOLYCLS_board_0-mesh-positions-array" count="4" stride="3">
              <param name="X" type="float"/>
              <param name="Y" type="float"/>
              <param name="Z" type="float"/>
            </accessor>
          </technique_common>
        </source>
        <source id="_3_2_163_0_zeimport_poly_XSIPOLYCLS_board_0-mesh-normals">
          <float_array id="_3_2_163_0_zeimport_poly_XSIPOLYCLS_board_0-mesh-normals-array" count="3">0 0 1</float_array>
          <technique_common>
            <accessor source="#_3_2_163_0_zeimport_poly_XSIPOLYCLS_board_0-mesh-normals-array" count="1" stride="3">
              <param name="X" type="float"/>
              <param name="Y" type="float"/>
              <param name="Z" type="float"/>
            </accessor>
          </technique_common>
        </source>
        <source id="_3_2_163_0_zeimport_poly_XSIPOLYCLS_board_0-mesh-map-0">
          <float_array id="_3_2_163_0_zeimport_poly_XSIPOLYCLS_board_0-mesh-map-0-array" count="12">0.5386784 0.8985472 0.5850061 0.9653926 0.5851435 0.8985472 0.5386784 0.9653926 0.5850061 0.9653926 0.5386784 0.8985472</float_array>
          <technique_common>
            <accessor source="#_3_2_163_0_zeimport_poly_XSIPOLYCLS_board_0-mesh-map-0-array" count="6" stride="2">
              <param name="S" type="float"/>
              <param name="T" type="float"/>
            </accessor>
          </technique_common>
        </source>
        <vertices id="_3_2_163_0_zeimport_poly_XSIPOLYCLS_board_0-mesh-vertices">
          <input semantic="POSITION" source="#_3_2_163_0_zeimport_poly_XSIPOLYCLS_board_0-mesh-positions"/>
        </vertices>
        <triangles material="zeimport_poly_XSIPOLYCLS_board-material" count="2">
          <input semantic="VERTEX" source="#_3_2_163_0_zeimport_poly_XSIPOLYCLS_board_0-mesh-vertices" offset="0"/>
          <input semantic="NORMAL" source="#_3_2_163_0_zeimport_poly_XSIPOLYCLS_board_0-mesh-normals" offset="1"/>
          <input semantic="TEXCOORD" source="#_3_2_163_0_zeimport_poly_XSIPOLYCLS_board_0-mesh-map-0" offset="2" set="0"/>
          <p>0 0 0 1 0 1 2 0 2 3 0 3 1 0 4 0 0 5</p>
        </triangles>
      </mesh>
    </geometry>
  </library_geometries>
  <library_visual_scenes>
    <visual_scene id="Scene" name="Scene">
      <node id="Sketchfab_model" name="Sketchfab_model" type="NODE">
        <matrix sid="transform">1 0 0 0 0 -2.8213e-7 1 0 0 -1 -2.8213e-7 0 0 0 0 1</matrix>
        <node id="pacman_fbx" name="pacman.fbx" type="NODE">
          <matrix sid="transform">0.01 0 0 0 0 -2.8213e-9 -0.01 0 0 0.01 -2.8213e-9 0 0 0 0 1</matrix>
          <node id="RootNode" name="RootNode" type="NODE">
            <matrix sid="transform">1 0 0 0 0 0.9999999 0 0 0 0 0.9999999 0 0 0 0 1</matrix>
            <node id="Light" name="Light" type="NODE">
              <matrix sid="transform">-29.08646 -77.11008 56.63931 407.6245 95.51711 -19.98833 21.83912 100.5454 -5.518905 60.45247 79.46722 590.3862 0 0 0 1</matrix>
              <node id="Object_4" name="Object_4" type="NODE">
                <matrix sid="transform">1 0 -4.47035e-8 -8.9407e-8 -2.98023e-8 8.9407e-8 -1 0 0 1 8.9407e-8 -7.15256e-7 0 0 0 1</matrix>
                <node id="Object_5" name="Object_5" type="NODE">
                  <matrix sid="transform">0.9999999 1.11759e-8 3.72529e-9 -1.78814e-7 2.23517e-8 0.9999999 2.98023e-8 -1.19209e-6 1.86265e-8 -8.9407e-8 1 -4.76837e-7 0 0 0 1</matrix>
                </node>
              </node>
            </node>
            <node id="Camera" name="Camera" type="NODE">
              <matrix sid="transform">-65.15582 -68.59204 -32.40136 735.8892 61.41703 -72.76762 30.54207 -692.579 -44.52713 -1.36887e-5 89.53957 495.8309 0 0 0 1</matrix>
              <node id="Object_7" name="Object_7" type="NODE">
                <matrix sid="transform">1 -3.72757e-8 0 9.53674e-7 6.74599e-9 1 6.86043e-10 4.65661e-8 2.98023e-8 -5.22583e-10 1 0 0 0 0 1</matrix>
              </node>
            </node>
            <node id="_3_2_163_0" name="13.2.163.0" type="NODE">
              <matrix sid="transform">100 0 0 0 0 99.99998 -1.62921e-5 0 0 1.62921e-5 99.99998 0 0 0 0 1</matrix>
              <node id="_3_2_163_0_zeimport_poly_XSIPOLYCLS_board_0" name="13.2.163.0_zeimport_poly_XSIPOLYCLS.board_0" type="NODE">
                <matrix sid="transform">1.132443 0 0 6.051701 0 1 -2.84217e-14 0 0 2.84217e-14 1 0 0 0 0 1</matrix>
                <instance_geometry url="#_3_2_163_0_zeimport_poly_XSIPOLYCLS_board_0-mesh" name="13.2.163.0_zeimport_poly_XSIPOLYCLS.board_0">
                  <bind_material>
                    <technique_common>
                      <instance_material symbol="zeimport_poly_XSIPOLYCLS_board-material" target="#zeimport_poly_XSIPOLYCLS_board-material">
                        <bind_vertex_input semantic="_3_2_163_0_zeimport_poly_XSIPOLYCLS_board_0-mesh-map-0" input_semantic="TEXCOORD" input_set="0"/>
                      </instance_material>
                    </technique_common>
                  </bind_material>
                </instance_geometry>
              </node>
              <node id="_3_2_163_0_zeimport_poly5_XSIPOLYCLS_maze_0" name="13.2.163.0_zeimport_poly5_XSIPOLYCLS.maze_0" type="NODE">
                <matrix sid="transform">1 0 0 0 0 1 -2.84217e-14 0 0 2.84217e-14 1 0 0 0 0 1</matrix>
                <instance_geometry url="#_3_2_163_0_zeimport_poly5_XSIPOLYCLS_maze_0-mesh" name="13.2.163.0_zeimport_poly5_XSIPOLYCLS.maze_0">
                  <bind_material>
                    <technique_common>
                      <instance_material symbol="zeimport_poly5_XSIPOLYCLS_maze-material" target="#zeimport_poly5_XSIPOLYCLS_maze-material">
                        <bind_vertex_input semantic="_3_2_163_0_zeimport_poly5_XSIPOLYCLS_maze_0-mesh-map-0" input_semantic="TEXCOORD" input_set="0"/>
                      </instance_material>
                    </technique_common>
                  </bind_material>
                </instance_geometry>
              </node>
              <node id="_3_2_163_0_zeimport_poly84_XSIPOLYCLS_main_0" name="13.2.163.0_zeimport_poly84_XSIPOLYCLS.main_0" type="NODE">
                <matrix sid="transform">1 0 0 0 0 1 -2.84217e-14 0 0 2.84217e-14 1 0 0 0 0 1</matrix>
                <instance_geometry url="#_3_2_163_0_zeimport_poly84_XSIPOLYCLS_main_0-mesh" name="13.2.163.0_zeimport_poly84_XSIPOLYCLS.main_0">
                  <bind_material>
                    <technique_common>
                      <instance_material symbol="zeimport_poly84_XSIPOLYCLS_main-material" target="#zeimport_poly84_XSIPOLYCLS_main-material">
                        <bind_vertex_input semantic="_3_2_163_0_zeimport_poly84_XSIPOLYCLS_main_0-mesh-map-0" input_semantic="TEXCOORD" input_set="0"/>
                      </instance_material>
                    </technique_common>
                  </bind_material>
                </instance_geometry>
              </node>
            </node>
          </node>
        </node>
      </node>
    </visual_scene>
  </library_visual_scenes>
  <scene>
    <instance_visual_scene url="#Scene"/>
  </scene>
</COLLADA>