<?xml version="1.0" encoding="utf-8"?>
<COLLADA xmlns="http://www.collada.org/2005/11/COLLADASchema" version="1.4.1" xmlns:xsi="http://www.w3.org/2001/XMLSchema-instance">
  <asset>
    <contributor>
      <author>Blender User</author>
      <authoring_tool>Blender 4.3.2 commit date:2024-12-16, commit time:21:10, hash:32f5fdce0a0a</authoring_tool>
    </contributor>
    <created>2026-01-02T18:33:02</created>
    <modified>2026-01-02T18:33:02</modified>
    <unit name="meter" meter="1"/>
    <up_axis>Z_UP</up_axis>
  </asset>
  <library_effects>
    <effect id="wallstexture-effect">
      <profile_COMMON>
        <newparam sid="wall_texture_png-surface">
          <surface type="2D">
            <init_from>wall_texture_png</init_from>
          </surface>
        </newparam>
        <newparam sid="wall_texture_png-sampler">
          <sampler2D>
            <source>wall_texture_png-surface</source>
          </sampler2D>
        </newparam>
        <technique sid="common">
          <lambert>
            <emission>
              <color sid="emission">0 0 0 1</color>
            </emission>
            <diffuse>
              <texture texture="wall_texture_png-sampler" texcoord="UVMap"/>
            </diffuse>
            <index_of_refraction>
              <float sid="ior">1.5</float>
            </index_of_refraction>
          </lambert>
        </technique>
      </profile_COMMON>
    </effect>
  </library_effects>
  <library_images>
    <image id="wall_texture_png" name="wall_texture_png">
      <init_from>wall_texture.png</init_from>
    </image>
  </library_images>
  <library_materials>
    <material id="wallstexture-material" name="wallstexture">
      <instance_effect url="#wallstexture-effect"/>
    </material>
  </library_materials>
  <library_geometries>
    <geometry id="walls-mesh" name="walls">
      <mesh>
        <source id="walls-mesh-positions">
          <float_array id="walls-mesh-positions-array" count="5409">-94.05941 -88.11882 -4.8542e-4 -94.05941 -88.11882 20.00154 -92.07921 -88.11883 20.00154 -92.07921 -88.11882 -4.8542e-4 54.45546 -68.31685 -4.91142e-4 54.45546 -66.33666 -4.92096e-4 54.45546 -66.33666 20.00153 54.45546 -68.31685 20.00153 -92.07923 -100 -4.81606e-4 -92.07923 -100 20.00154 -94.05942 -100 20.00154 -94.05942 -100 -4.81606e-4 74.25743 -30.6931 -5.02586e-4 74.25743 -28.7129 -5.0354e-4 74.25745 -28.7129 20.00152 74.25745 -30.69309 20.00152 48.51487 32.67325 -5.2166e-4 48.51487 30.69306 -5.2166e-4 48.51487 30.69307 20.0015 48.51487 32.67327 20.0015 0.9901121 -74.25745 -4.89235e-4 2.970309 -74.25745 -4.89235e-4 2.970314 -74.25745 20.00153 0.9901166 -74.25745 20.00153 48.51487 2.970292 -5.13077e-4 48.51487 0.9900913 -5.12123e-4 48.51487 0.9900951 20.00151 48.51487 2.970296 20.00151 -2.970284 26.73266 -5.19752e-4 -2.970284 28.71286 -5.20706e-4 -2.97028 28.71287 20.0015 -2.97028 26.73267 20.0015 82.17823 54.45544 -5.28336e-4 82.17823 56.43564 -5.29289e-4 82.17824 56.43564 20.00149 82.17824 54.45544 20.00149 -2.970284 52.47524 -5.28336e-4 -2.970284 54.45544 -5.28336e-4 -2.97028 54.45544 20.00149 -2.97028 52.47525 20.00149 -4.950481 32.67325 -5.2166e-4 -4.950479 32.67327 20.0015 -52.47524 32.67327 20.0015 -52.47524 32.67325 -5.2166e-4 -2.970284 30.69306 -5.2166e-4 -2.97028 30.69307 20.0015 -2.970284 4.950501 -5.1403e-4 -2.970284 6.930693 -5.1403e-4 -2.97028 6.930696 20.00151 -2.97028 4.950505 20.00151 -2.970284 56.43564 -5.29289e-4 -2.97028 56.43564 20.00149 -78.21781 0.9901106 -5.12123e-4 -78.21781 -0.9900869 -5.12123e-4 -78.21781 -0.9900838 20.00151 -78.21781 0.990116 20.00151 2.970309 96.03962 -5.41687e-4 0.9901121 96.03962 -5.41687e-4 0.9901166 96.03962 20.00148 2.970314 96.03962 20.00148 -2.970284 8.910891 -5.14984e-4 -2.97028 8.910895 20.00151 -2.970284 88.11882 -5.38826e-4 -2.970284 90.09902 -5.3978e-4 -2.97028 90.09902 20.00148 -2.97028 88.11882 20.00148 -2.970284 32.67325 -5.2166e-4 -2.97028 32.67327 20.0015 -2.970284 92.07921 -5.3978e-4 -2.970284 94.05941 -5.40733e-4 -2.97028 94.05941 20.00148 -2.97028 92.07921 20.00148 -56.43563 100 -5.42641e-4 -60.39603 100 -5.42641e-4 -60.39603 100 20.00148 -56.43563 100 20.00148 2.970309 56.43564 -5.29289e-4 2.970314 56.43564 20.00149 -2.970284 10.89109 -5.14984e-4 -2.97028 10.89109 20.00151 -2.970284 84.15841 -5.37872e-4 -2.970284 86.13861 -5.37872e-4 -2.97028 86.13861 20.00148 -2.97028 84.15842 20.00148 -2.970284 80.19802 -5.35965e-4 -2.970284 82.17822 -5.36919e-4 -2.97028 82.17822 20.00148 -2.97028 80.19802 20.00149 -2.970284 76.23762 -5.35011e-4 -2.970284 78.21782 -5.35965e-4 -2.97028 78.21782 20.00149 -2.97028 76.23762 20.00149 -2.970284 12.87127 -5.15938e-4 -2.97028 12.87128 20.00151 -2.970284 72.27722 -5.34058e-4 -2.970284 74.25743 -5.35011e-4 -2.97028 74.25743 20.00149 -2.97028 72.27722 20.00149 -2.970284 14.85147 -5.16891e-4 -2.97028 14.85148 20.00151 -2.970284 34.65345 -5.22614e-4 -2.97028 34.65346 20.0015 -2.970284 96.03962 -5.41687e-4 -4.950481 96.03962 -5.41687e-4 -4.950479 96.03962 20.00148 -2.97028 96.03962 20.00148 -2.970284 68.31683 -5.33104e-4 -2.970284 70.29703 -5.33104e-4 -2.97028 70.29703 20.00149 -2.97028 68.31683 20.00149 -2.970284 36.63365 -5.23567e-4 -2.97028 36.63366 20.0015 -2.970284 64.35643 -5.31197e-4 -2.970284 66.33663 -5.3215e-4 -2.97028 66.33663 20.00149 -2.97028 64.35643 20.00149 -56.43563 78.21782 -5.35965e-4 -56.43563 78.21782 20.00149 -2.970284 58.41584 -5.30243e-4 -2.97028 58.41584 20.00149 -60.39603 78.21782 -5.35965e-4 -60.39603 78.21782 20.00149 -100 100 20.00148 -105 104.9752 20.00148 -105 -105.0249 20.00154 -100 -100 20.00154 105 104.9752 20.00148 105 -105.0249 20.00154 105 -105.0249 -4.80652e-4 105 104.9752 -5.43594e-4 -105 104.9752 -5.43594e-4 -105 -105.0249 -4.80652e-4 3.118831 -105.0249 20.00154 3.118794 -105.0249 -4.80652e-4 -3.118795 -105.0249 20.00154 -3.118831 -105.0249 -4.80652e-4 100 -100 20.00154 2.970314 -100 20.00154 -2.97028 -100 20.00154 100 100 20.00148 2.970278 -100 -4.81606e-4 -2.970317 -100 -4.81606e-4 74.25743 0.9900868 -5.12123e-4 74.25743 2.970286 -5.13077e-4 74.25745 2.970291 20.00151 74.25745 0.9900922 20.00151 74.25743 30.69306 -5.2166e-4 74.25743 32.67325 -5.2166e-4 74.25745 32.67327 20.0015 74.25745 30.69307 20.0015 48.51487 -28.7129 -5.0354e-4 48.51487 -30.6931 -5.02586e-4 48.51487 -30.69309 20.00152 48.51487 -28.7129 20.00152 96.03962 92.07921 20.00148 6.930713 92.07921 20.00148 6.930701 92.07921 -5.3978e-4 96.03962 92.07921 -5.3978e-4 -2.970284 50.49504 -5.27382e-4 -2.97028 50.49505 20.0015 -4.950481 84.15841 -5.37872e-4 -52.47524 84.15841 -5.37872e-4 -52.47524 84.15842 20.00148 -4.950479 84.15842 20.00148 -52.47524 82.17822 -5.36919e-4 -52.47524 82.17822 20.00148 -4.950481 34.65345 -5.22614e-4 -52.47524 34.65345 -5.22614e-4 -52.47524 34.65346 20.0015 -4.950479 34.65346 20.0015 -2.970284 24.75247 -5.19752e-4 -2.97028 24.75247 20.0015 -2.970284 60.39603 -5.30243e-4 -2.97028 60.39603 20.00149 -2.970284 48.51483 -5.26428e-4 -2.97028 48.51484 20.0015 -4.950481 60.39603 -5.30243e-4 -4.950479 60.39603 20.00149 -52.47524 60.39603 20.00149 -52.47524 60.39603 -5.30243e-4 -2.970284 22.77227 -5.18799e-4 -2.97028 22.77227 20.0015 -2.970284 62.37623 -5.31197e-4 -2.97028 62.37623 20.00149 -2.970284 20.79207 -5.18799e-4 -2.97028 20.79208 20.0015 -2.970284 46.53464 -5.26428e-4 -2.97028 46.53464 20.0015 -4.950481 4.950501 -5.1403e-4 -4.950479 4.950505 20.00151 -2.970284 44.55444 -5.25475e-4 -2.97028 44.55445 20.0015 -52.47524 62.37623 -5.31197e-4 -52.47524 62.37623 20.00149 -2.970284 18.81187 -5.17845e-4 -2.97028 18.81188 20.0015 -2.970284 42.57424 -5.25475e-4 -2.97028 42.57425 20.0015 -2.970284 16.83167 -5.16891e-4 -2.97028 16.83168 20.00151 -2.970284 40.59405 -5.24521e-4 -2.97028 40.59405 20.0015 -2.970284 38.61385 -5.23567e-4 -2.97028 38.61386 20.0015 -4.950481 82.17822 -5.36919e-4 -4.950479 82.17822 20.00148 -4.950481 62.37623 -5.31197e-4 -4.950479 62.37623 20.00149 60.39606 32.67326 20.0015 64.35646 32.67326 20.0015 64.35646 50.49505 20.0015 60.39606 50.49505 20.0015 60.39606 32.67325 -5.2166e-4 64.35646 32.67325 -5.2166e-4 4.950479 -100 -4.81606e-4 6.930677 -100 -4.81606e-4 8.910876 -100 -4.81606e-4 10.89107 -100 -4.81606e-4 12.87127 -100 -4.81606e-4 14.85147 -100 -4.81606e-4 16.83167 -100 -4.81606e-4 18.81187 -100 -4.81606e-4 20.79207 -100 -4.81606e-4 22.77227 -100 -4.81606e-4 24.75247 -100 -4.81606e-4 26.73266 -100 -4.81606e-4 28.71286 -100 -4.81606e-4 30.69306 -100 -4.81606e-4 32.67325 -100 -4.81606e-4 34.65345 -100 -4.81606e-4 36.63365 -100 -4.81606e-4 38.61385 -100 -4.81606e-4 40.59405 -100 -4.81606e-4 42.57424 -100 -4.81606e-4 44.55444 -100 -4.81606e-4 46.53464 -100 -4.81606e-4 48.51483 -100 -4.81606e-4 50.49504 -100 -4.81606e-4 52.47524 -100 -4.81606e-4 54.45544 -100 -4.81606e-4 56.43563 -100 -4.81606e-4 58.41583 -100 -4.81606e-4 60.39603 -100 -4.81606e-4 62.37622 -100 -4.81606e-4 64.35643 -100 -4.81606e-4 66.33662 -100 -4.81606e-4 68.31682 -100 -4.81606e-4 70.29701 -100 -4.81606e-4 72.27722 -100 -4.81606e-4 74.25741 -100 -4.81606e-4 76.23761 -100 -4.81606e-4 78.21781 -100 -4.81606e-4 80.198 -100 -4.81606e-4 82.1782 -100 -4.81606e-4 84.1584 -100 -4.81606e-4 86.1386 -100 -4.81606e-4 88.11881 -100 -4.81606e-4 90.099 -100 -4.81606e-4 92.0792 -100 -4.81606e-4 94.0594 -100 -4.81606e-4 96.03961 -100 -4.81606e-4 98.01982 -100 -4.81606e-4 100 -100 -4.81606e-4 26.7327 10.89109 20.00151 26.7327 8.910885 -5.14984e-4 26.7327 8.910889 20.00151 26.7327 10.89108 -5.14984e-4 26.7327 12.87127 -5.15938e-4 26.7327 12.87128 20.00151 26.7327 14.85148 20.00151 26.7327 14.85147 -5.16891e-4 26.7327 16.83168 20.00151 26.7327 16.83167 -5.16891e-4 34.65348 -54.45547 -4.95911e-4 34.65349 -52.47527 20.00153 34.65349 -54.45547 20.00153 34.65348 -52.47527 -4.95911e-4 34.65349 -50.49507 20.00153 34.65348 -50.49507 -4.96864e-4 34.65349 -48.51487 20.00152 34.65348 -48.51488 -4.97818e-4 34.65349 -46.53467 20.00152 34.65348 -46.53468 -4.97818e-4 26.7327 -46.53467 20.00152 28.71289 -46.53468 -4.97818e-4 26.7327 -46.53468 -4.97818e-4 30.69309 -46.53468 -4.97818e-4 32.67329 -46.53468 -4.97818e-4 26.7327 -20.7921 20.00152 26.7327 -22.7723 -5.05447e-4 26.7327 -22.7723 20.00152 26.7327 -20.7921 -5.05447e-4 26.7327 -18.8119 20.00152 26.7327 -18.81191 -5.06401e-4 26.7327 -16.8317 20.00152 26.7327 -16.8317 -5.07355e-4 26.7327 -14.8515 20.00152 26.7327 -14.85151 -5.07355e-4 34.65349 8.910889 20.00151 32.67329 8.910885 -5.14984e-4 34.65348 8.910885 -5.14984e-4 30.69309 8.910885 -5.14984e-4 28.71289 8.910885 -5.14984e-4 34.65348 -20.7921 -5.05447e-4 34.65349 -22.7723 20.00152 34.65348 -22.7723 -5.05447e-4 34.65349 -20.7921 20.00152 34.65349 -18.8119 20.00152 34.65348 -18.81191 -5.06401e-4 34.65348 -16.8317 -5.07355e-4 34.65349 -16.8317 20.00152 34.65349 -14.8515 20.00152 34.65348 -14.85151 -5.07355e-4 28.71289 -14.85151 -5.07355e-4 30.69309 -14.85151 -5.07355e-4 32.67329 -14.85151 -5.07355e-4 32.67329 -22.7723 -5.05447e-4 30.69309 -22.7723 -5.05447e-4 28.71289 -22.7723 -5.05447e-4 72.27725 0.9900883 -5.12123e-4 70.29705 0.9900883 -5.12123e-4 68.31685 0.9900883 -5.12123e-4 66.33665 0.9900883 -5.12123e-4 64.35646 0.9900883 -5.12123e-4 62.37625 0.9900883 -5.12123e-4 60.39606 0.9900898 -5.12123e-4 58.41585 0.9900898 -5.12123e-4 56.43566 0.9900898 -5.12123e-4 54.45546 0.9900898 -5.12123e-4 52.47526 0.9900898 -5.12123e-4 50.49506 0.9900913 -5.12123e-4 72.27725 0.9900922 20.00151 70.29705 0.9900922 20.00151 68.31686 0.9900929 20.00151 66.33666 0.9900929 20.00151 64.35646 0.9900937 20.00151 62.37626 0.9900937 20.00151 60.39606 0.9900937 20.00151 58.41586 0.9900944 20.00151 56.43566 0.9900944 20.00151 54.45546 0.9900944 20.00151 52.47527 0.9900951 20.00151 26.7327 -52.47527 20.00153 26.7327 -54.45547 -4.95911e-4 26.7327 -54.45547 20.00153 26.7327 -52.47527 -4.95911e-4 26.7327 -50.49507 20.00153 26.7327 -50.49507 -4.96864e-4 26.7327 -48.51487 20.00152 26.7327 -48.51488 -4.97818e-4 -92.07921 -98.01982 -4.82559e-4 -92.07921 -96.03962 -4.82559e-4 -92.07921 -94.05942 -4.83513e-4 -92.07921 -92.07923 -4.84467e-4 -92.07921 -90.09902 -4.84467e-4 28.71289 16.83167 -5.16891e-4 30.69309 16.83167 -5.16891e-4 32.67329 16.83167 -5.16891e-4 34.65348 16.83167 -5.16891e-4 34.65349 16.83168 20.00151 -94.05941 -98.01982 -4.82559e-4 -94.05941 -96.03962 -4.82559e-4 -94.05941 -94.05942 -4.83513e-4 -94.05941 -92.07923 -4.84467e-4 -94.05941 -90.09902 -4.84467e-4 -4.950479 36.63366 20.0015 -4.950479 38.61386 20.0015 -4.950479 40.59405 20.0015 -4.950479 42.57425 20.0015 -4.950479 44.55445 20.0015 -4.950479 46.53464 20.0015 -4.950479 48.51484 20.0015 -4.950479 50.49505 20.0015 -4.950479 52.47525 20.00149 -4.950479 54.45544 20.00149 -4.950479 56.43564 20.00149 -4.950479 58.41584 20.00149 80.19803 54.45544 -5.28336e-4 78.21783 54.45544 -5.28336e-4 76.23764 54.45544 -5.28336e-4 74.25743 54.45544 -5.28336e-4 72.27725 54.45544 -5.28336e-4 70.29705 54.45544 -5.28336e-4 68.31685 54.45544 -5.28336e-4 66.33665 54.45544 -5.28336e-4 64.35646 54.45544 -5.28336e-4 62.37625 54.45544 -5.28336e-4 60.39606 54.45544 -5.28336e-4 58.41585 54.45544 -5.28336e-4 56.43566 54.45544 -5.28336e-4 54.45546 54.45544 -5.28336e-4 52.47526 54.45544 -5.28336e-4 50.49506 54.45544 -5.28336e-4 48.51487 54.45544 -5.28336e-4 46.53467 54.45544 -5.28336e-4 44.55447 54.45544 -5.28336e-4 42.57427 54.45544 -5.28336e-4 40.59408 54.45544 -5.28336e-4 38.61388 54.45544 -5.28336e-4 36.63368 54.45544 -5.28336e-4 34.65348 54.45544 -5.28336e-4 32.67329 54.45544 -5.28336e-4 30.69309 54.45544 -5.28336e-4 28.71289 54.45544 -5.28336e-4 26.7327 54.45544 -5.28336e-4 24.7525 54.45544 -5.28336e-4 22.7723 54.45544 -5.28336e-4 20.7921 54.45544 -5.28336e-4 18.8119 54.45544 -5.28336e-4 16.8317 54.45544 -5.28336e-4 14.8515 54.45544 -5.28336e-4 12.8713 54.45544 -5.28336e-4 10.8911 54.45544 -5.28336e-4 8.910906 54.45544 -5.28336e-4 6.930707 54.45544 -5.28336e-4 4.95051 54.45544 -5.28336e-4 2.970309 54.45544 -5.28336e-4 2.970314 54.45544 20.00149 62.37625 50.49504 -5.27382e-4 60.39606 50.49504 -5.27382e-4 64.35646 50.49504 -5.27382e-4 64.35646 34.65345 -5.22614e-4 64.35646 36.63365 -5.23567e-4 64.35646 38.61385 -5.23567e-4 64.35646 40.59405 -5.24521e-4 64.35646 42.57424 -5.25475e-4 64.35646 44.55444 -5.25475e-4 64.35646 46.53464 -5.26428e-4 64.35646 48.51483 -5.26428e-4 78.21784 -36.63368 20.00152 76.23764 -36.63369 -5.00679e-4 78.21783 -36.63369 -5.00679e-4 74.25743 -36.63369 -5.00679e-4 74.25745 -36.63368 20.00152 2.970309 -72.27725 -4.90189e-4 2.970314 -72.27725 20.00153 2.970309 -70.29705 -4.91142e-4 2.970314 -70.29705 20.00153 2.970309 -68.31685 -4.91142e-4 2.970314 -68.31685 20.00153 2.970314 58.41584 20.00149 2.970309 58.41584 -5.30243e-4 2.970314 60.39603 20.00149 2.970309 60.39603 -5.30243e-4 2.970314 62.37623 20.00149 2.970305 62.37623 -5.31197e-4 2.970314 64.35643 20.00149 2.970305 64.35643 -5.31197e-4 2.970314 66.33663 20.00149 2.970305 66.33663 -5.3215e-4 2.970305 68.31683 -5.33104e-4 2.970314 68.31683 20.00149 2.970305 70.29703 -5.33104e-4 2.970314 70.29703 20.00149 2.970305 72.27722 -5.34058e-4 2.970314 72.27722 20.00149 2.970305 74.25743 -5.35011e-4 2.970314 74.25743 20.00149 2.970305 76.23762 -5.35011e-4 2.970314 76.23762 20.00149 2.970305 78.21782 -5.35965e-4 2.970314 78.21782 20.00149 2.970305 80.19802 -5.35965e-4 2.970314 80.19802 20.00149 2.970305 82.17822 -5.36919e-4 2.970314 82.17822 20.00148 2.970305 84.15841 -5.37872e-4 2.970314 84.15842 20.00148 2.970305 86.13861 -5.37872e-4 2.970314 86.13861 20.00148 2.970305 88.11882 -5.38826e-4 2.970314 88.11882 20.00148 2.970305 90.09902 -5.3978e-4 2.970314 90.09902 20.00148 2.970305 92.07921 -5.3978e-4 2.970314 92.07921 20.00148 2.970309 94.05941 -5.40733e-4 2.970314 94.05941 20.00148 -4.950479 86.13861 20.00148 -4.950479 88.11882 20.00148 -4.950479 90.09902 20.00148 -4.950479 92.07921 20.00148 -4.950479 94.05941 20.00148 32.67329 66.33663 20.00149 30.69309 66.33663 -5.3215e-4 32.67329 66.33663 -5.3215e-4 28.71289 66.33663 -5.3215e-4 28.7129 66.33663 20.00149 28.7129 68.31683 20.00149 28.71289 68.31683 -5.33104e-4 28.7129 70.29703 20.00149 28.71289 70.29703 -5.33104e-4 28.7129 72.27722 20.00149 28.71289 72.27722 -5.34058e-4 28.7129 74.25743 20.00149 28.71289 74.25743 -5.35011e-4 28.7129 76.23762 20.00149 28.71289 76.23762 -5.35011e-4 28.7129 78.21782 20.00149 28.71289 78.21782 -5.35965e-4 28.7129 80.19802 20.00149 28.71289 80.19802 -5.35965e-4 -100 -100 -4.81606e-4 -98.01982 -100 -4.81606e-4 -96.03962 -100 -4.81606e-4 -90.09902 -100 -4.81606e-4 -88.11883 -100 -4.81606e-4 -86.13863 -100 -4.81606e-4 -84.15843 -100 -4.81606e-4 -82.17824 -100 -4.81606e-4 -80.19804 -100 -4.81606e-4 -78.21784 -100 -4.81606e-4 -76.23764 -100 -4.81606e-4 -74.25745 -100 -4.81606e-4 -72.27725 -100 -4.81606e-4 -70.29705 -100 -4.81606e-4 -68.31686 -100 -4.81606e-4 -66.33666 -100 -4.81606e-4 -64.35646 -100 -4.81606e-4 -62.37626 -100 -4.81606e-4 -60.39606 -100 -4.81606e-4 -58.41587 -100 -4.81606e-4 -56.43567 -100 -4.81606e-4 -54.45547 -100 -4.81606e-4 -52.47527 -100 -4.81606e-4 -50.49507 -100 -4.81606e-4 -48.51488 -100 -4.81606e-4 -46.53468 -100 -4.81606e-4 -44.55448 -100 -4.81606e-4 -42.57428 -100 -4.81606e-4 -40.59408 -100 -4.81606e-4 -38.61389 -100 -4.81606e-4 -36.63369 -100 -4.81606e-4 -34.65349 -100 -4.81606e-4 -32.6733 -100 -4.81606e-4 -30.6931 -100 -4.81606e-4 -28.7129 -100 -4.81606e-4 -26.7327 -100 -4.81606e-4 -24.7525 -100 -4.81606e-4 -22.7723 -100 -4.81606e-4 -20.79211 -100 -4.81606e-4 -18.81191 -100 -4.81606e-4 -16.83171 -100 -4.81606e-4 -14.8515 -100 -4.81606e-4 -12.87131 -100 -4.81606e-4 -10.89111 -100 -4.81606e-4 -8.910913 -100 -4.81606e-4 -6.930712 -100 -4.81606e-4 -4.950514 -100 -4.81606e-4 -100 100 -5.42641e-4 100 -98.01982 -4.82559e-4 100 -96.03962 -4.82559e-4 100 -94.05942 -4.83513e-4 100 -92.07923 -4.84467e-4 100 -90.09902 -4.84467e-4 100 -88.11883 -4.8542e-4 100 -86.13864 -4.86374e-4 100 -84.15843 -4.86374e-4 100 -82.17824 -4.87328e-4 100 -80.19804 -4.88281e-4 100 -78.21784 -4.88281e-4 100 -76.23764 -4.89235e-4 100 -74.25745 -4.89235e-4 100 -72.27725 -4.90189e-4 100 -70.29705 -4.91142e-4 100 -68.31685 -4.91142e-4 100 -66.33666 -4.92096e-4 100 -64.35646 -4.9305e-4 100 -62.37626 -4.9305e-4 100 -60.39606 -4.94003e-4 100 -58.41586 -4.94003e-4 100 -56.43566 -4.94957e-4 100 -54.45547 -4.95911e-4 100 -52.47527 -4.95911e-4 100 -50.49507 -4.96864e-4 100 -48.51488 -4.97818e-4 100 -46.53468 -4.97818e-4 100 -44.55448 -4.98772e-4 100 -42.57428 -4.98772e-4 100 -40.59408 -4.99725e-4 100 -38.61389 -5.00679e-4 100 -36.63369 -5.00679e-4 100 -34.65349 -5.01633e-4 100 -32.67329 -5.02586e-4 100 -30.6931 -5.02586e-4 100 -28.7129 -5.0354e-4 100 -26.7327 -5.04494e-4 100 -24.7525 -5.04494e-4 100 -22.7723 -5.05447e-4 100 -20.7921 -5.05447e-4 100 -18.81191 -5.06401e-4 100 -16.8317 -5.07355e-4 100 -14.85151 -5.07355e-4 100 -12.87131 -5.08308e-4 100 -10.89111 -5.09262e-4 100 -8.91091 -5.09262e-4 100 -6.930712 -5.10216e-4 100 -4.950513 -5.10216e-4 100 -2.970313 -5.11169e-4 100 -0.9901152 -5.12123e-4 100 0.9900838 -5.12123e-4 100 2.970283 -5.13077e-4 100 4.95048 -5.1403e-4 100 6.930678 -5.1403e-4 100 8.91088 -5.14984e-4 100 10.89108 -5.14984e-4 100 12.87127 -5.15938e-4 100 14.85147 -5.16891e-4 100 16.83167 -5.16891e-4 100 18.81187 -5.17845e-4 100 20.79207 -5.18799e-4 100 22.77227 -5.18799e-4 100 24.75247 -5.19752e-4 100 26.73266 -5.19752e-4 100 28.71286 -5.20706e-4 100 30.69306 -5.2166e-4 100 32.67325 -5.2166e-4 100 34.65345 -5.22614e-4 100 36.63365 -5.23567e-4 100 38.61385 -5.23567e-4 100 40.59405 -5.24521e-4 100 42.57424 -5.25475e-4 100 44.55444 -5.25475e-4 100 46.53464 -5.26428e-4 100 48.51483 -5.26428e-4 100 50.49504 -5.27382e-4 100 52.47524 -5.28336e-4 100 54.45544 -5.28336e-4 100 56.43563 -5.29289e-4 100 58.41584 -5.30243e-4 100 60.39603 -5.30243e-4 100 62.37623 -5.31197e-4 100 64.35643 -5.31197e-4 100 66.33663 -5.3215e-4 100 68.31683 -5.33104e-4 100 70.29703 -5.33104e-4 100 72.27722 -5.34058e-4 100 74.25743 -5.35011e-4 100 76.23762 -5.35011e-4 100 78.21782 -5.35965e-4 100 80.19802 -5.35965e-4 100 82.17822 -5.36919e-4 100 84.15841 -5.37872e-4 100 86.13861 -5.37872e-4 100 88.11882 -5.38826e-4 100 90.09902 -5.3978e-4 100 92.07921 -5.3978e-4 100 96.03962 -5.41687e-4 100 94.05941 -5.40733e-4 100 98.01982 -5.41687e-4 100 100 -5.42641e-4 2.970309 100 -5.42641e-4 4.95051 100 -5.42641e-4 6.930707 100 -5.42641e-4 8.910906 100 -5.42641e-4 10.8911 100 -5.42641e-4 12.8713 100 -5.42641e-4 14.8515 100 -5.42641e-4 16.8317 100 -5.42641e-4 18.8119 100 -5.42641e-4 20.7921 100 -5.42641e-4 22.7723 100 -5.42641e-4 24.7525 100 -5.42641e-4 26.7327 100 -5.42641e-4 28.71289 100 -5.42641e-4 30.69309 100 -5.42641e-4 32.67329 100 -5.42641e-4 34.65348 100 -5.42641e-4 36.63368 100 -5.42641e-4 38.61388 100 -5.42641e-4 40.59408 100 -5.42641e-4 42.57427 100 -5.42641e-4 44.55447 100 -5.42641e-4 46.53467 100 -5.42641e-4 48.51487 100 -5.42641e-4 50.49506 100 -5.42641e-4 52.47526 100 -5.42641e-4 54.45546 100 -5.42641e-4 56.43566 100 -5.42641e-4 58.41585 100 -5.42641e-4 60.39606 100 -5.42641e-4 62.37625 100 -5.42641e-4 64.35646 100 -5.42641e-4 66.33665 100 -5.42641e-4 68.31685 100 -5.42641e-4 70.29705 100 -5.42641e-4 72.27725 100 -5.42641e-4 74.25743 100 -5.42641e-4 76.23764 100 -5.42641e-4 78.21783 100 -5.42641e-4 80.19803 100 -5.42641e-4 82.17823 100 -5.42641e-4 84.15842 100 -5.42641e-4 86.13862 100 -5.42641e-4 88.11882 100 -5.42641e-4 90.09902 100 -5.42641e-4 92.07921 100 -5.42641e-4 94.05941 100 -5.42641e-4 96.03961 100 -5.42641e-4 98.01982 100 -5.42641e-4 -100 -98.01982 -4.82559e-4 -100 -96.03961 -4.82559e-4 -100 -94.05941 -4.83513e-4 -100 -92.07921 -4.84467e-4 -100 -90.09902 -4.84467e-4 -100 -88.11882 -4.8542e-4 -100 -86.13861 -4.86374e-4 -100 -84.15841 -4.86374e-4 -100 -82.17822 -4.87328e-4 -100 -80.19801 -4.88281e-4 -100 -78.21781 -4.88281e-4 -100 -76.23761 -4.89235e-4 -100 -74.25742 -4.89235e-4 -100 -72.27722 -4.90189e-4 -100 -70.29702 -4.91142e-4 -100 -68.31683 -4.91142e-4 -100 -66.33663 -4.92096e-4 -100 -64.35643 -4.9305e-4 -100 -62.37623 -4.9305e-4 -100 -60.39603 -4.94003e-4 -100 -58.41583 -4.94003e-4 -100 -56.43563 -4.94957e-4 -100 -54.45544 -4.95911e-4 -100 -52.47524 -4.95911e-4 -100 -50.49504 -4.96864e-4 -100 -48.51484 -4.97818e-4 -100 -46.53464 -4.97818e-4 -100 -44.55445 -4.98772e-4 -100 -42.57425 -4.98772e-4 -100 -40.59405 -4.99725e-4 -100 -38.61386 -5.00679e-4 -100 -36.63366 -5.00679e-4 -100 -34.65346 -5.01633e-4 -100 -32.67326 -5.02586e-4 -100 -30.69306 -5.02586e-4 -100 -28.71287 -5.0354e-4 -100 -26.73267 -5.04494e-4 -100 -24.75247 -5.04494e-4 -100 -22.77227 -5.05447e-4 -100 -20.79207 -5.05447e-4 -100 -18.81187 -5.06401e-4 -100 -16.83168 -5.07355e-4 -100 -14.85148 -5.07355e-4 -100 -12.87127 -5.08308e-4 -100 -10.89108 -5.09262e-4 -100 -8.910879 -5.09262e-4 -100 -6.930679 -5.10216e-4 -100 -4.950482 -5.10216e-4 -100 -2.970283 -5.11169e-4 -100 -0.9900839 -5.12123e-4 -100 0.9901151 -5.12123e-4 -100 2.970313 -5.13077e-4 -100 4.950513 -5.1403e-4 -100 6.930711 -5.1403e-4 -100 8.910909 -5.14984e-4 -100 10.89111 -5.14984e-4 -100 12.8713 -5.15938e-4 -100 14.8515 -5.16891e-4 -100 16.8317 -5.16891e-4 -100 18.81191 -5.17845e-4 -100 20.7921 -5.18799e-4 -100 92.07923 -5.3978e-4 -100 94.05942 -5.40733e-4 -58.41583 78.21782 -5.35965e-4 4.950514 -68.31685 20.00153 2.970314 -66.33666 20.00153 4.950514 -66.33666 20.00153 6.930713 -68.31685 20.00153 6.930713 -66.33666 20.00153 8.910911 -68.31685 20.00153 8.910911 -66.33666 20.00153 10.89111 -68.31685 20.00153 10.89111 -66.33666 20.00153 12.87131 -68.31685 20.00153 12.87131 -66.33666 20.00153 14.85151 -68.31685 20.00153 14.85151 -66.33666 20.00153 16.8317 -68.31685 20.00153 16.8317 -66.33666 20.00153 18.8119 -68.31685 20.00153 18.8119 -66.33666 20.00153 20.7921 -68.31685 20.00153 20.7921 -66.33666 20.00153 22.7723 -68.31685 20.00153 22.7723 -66.33666 20.00153 24.7525 -68.31685 20.00153 24.7525 -66.33666 20.00153 26.7327 -68.31685 20.00153 26.7327 -66.33666 20.00153 28.7129 -68.31685 20.00153 28.7129 -66.33666 20.00153 30.6931 -68.31685 20.00153 30.6931 -66.33666 20.00153 32.67329 -68.31685 20.00153 32.67329 -66.33666 20.00153 34.65349 -68.31685 20.00153 34.65349 -66.33666 20.00153 36.63369 -68.31685 20.00153 36.63369 -66.33666 20.00153 38.61388 -68.31685 20.00153 38.61388 -66.33666 20.00153 40.59408 -68.31685 20.00153 40.59408 -66.33666 20.00153 42.57428 -68.31685 20.00153 42.57428 -66.33666 20.00153 44.55448 -68.31685 20.00153 44.55448 -66.33666 20.00153 46.53467 -68.31685 20.00153 46.53467 -66.33666 20.00153 48.51487 -68.31685 20.00153 48.51487 -66.33666 20.00153 50.49507 -68.31685 20.00153 50.49507 -66.33666 20.00153 52.47527 -68.31685 20.00153 52.47527 -66.33666 20.00153 4.950514 54.45544 20.00149 4.950514 56.43564 20.00149 6.930713 54.45544 20.00149 6.930713 56.43564 20.00149 8.910911 54.45544 20.00149 8.910911 56.43564 20.00149 10.89111 54.45544 20.00149 10.89111 56.43564 20.00149 12.87131 54.45544 20.00149 12.87131 56.43564 20.00149 14.85151 54.45544 20.00149 14.85151 56.43564 20.00149 16.8317 54.45544 20.00149 16.8317 56.43564 20.00149 18.8119 54.45544 20.00149 18.8119 56.43564 20.00149 20.7921 54.45544 20.00149 20.7921 56.43564 20.00149 22.7723 54.45544 20.00149 22.7723 56.43564 20.00149 24.7525 54.45544 20.00149 24.7525 56.43564 20.00149 26.7327 54.45544 20.00149 26.7327 56.43564 20.00149 28.7129 54.45544 20.00149 28.7129 56.43564 20.00149 30.6931 54.45544 20.00149 30.6931 56.43564 20.00149 32.67329 54.45544 20.00149 32.67329 56.43564 20.00149 34.65349 54.45544 20.00149 34.65349 56.43564 20.00149 36.63369 54.45544 20.00149 36.63369 56.43564 20.00149 38.61388 54.45544 20.00149 38.61388 56.43564 20.00149 40.59408 54.45544 20.00149 40.59408 56.43564 20.00149 42.57428 54.45544 20.00149 42.57428 56.43564 20.00149 44.55448 54.45544 20.00149 44.55448 56.43564 20.00149 46.53467 54.45544 20.00149 46.53467 56.43564 20.00149 48.51487 54.45544 20.00149 48.51487 56.43564 20.00149 50.49507 54.45544 20.00149 50.49507 56.43564 20.00149 52.47527 54.45544 20.00149 52.47527 56.43564 20.00149 54.45546 54.45544 20.00149 54.45546 56.43564 20.00149 56.43566 54.45544 20.00149 56.43566 56.43564 20.00149 58.41586 54.45544 20.00149 58.41586 56.43564 20.00149 60.39606 54.45544 20.00149 60.39606 56.43564 20.00149 62.37626 54.45544 20.00149 62.37626 56.43564 20.00149 64.35646 54.45544 20.00149 64.35646 56.43564 20.00149 66.33666 54.45544 20.00149 66.33666 56.43564 20.00149 68.31686 54.45544 20.00149 68.31686 56.43564 20.00149 70.29705 54.45544 20.00149 70.29705 56.43564 20.00149 72.27725 54.45544 20.00149 72.27725 56.43564 20.00149 74.25745 54.45544 20.00149 74.25745 56.43564 20.00149 76.23764 54.45544 20.00149 76.23764 56.43564 20.00149 78.21784 54.45544 20.00149 78.21784 56.43564 20.00149 80.19804 54.45544 20.00149 80.19804 56.43564 20.00149 0.9901166 -72.27725 20.00153 0.9901166 -70.29705 20.00153 0.9901166 -68.31685 20.00153 0.9901166 -66.33666 20.00153 0.9901166 -64.35646 20.00153 0.9901166 -62.37625 20.00153 0.9901166 -60.39606 20.00153 0.9901166 -58.41586 20.00153 0.9901166 -56.43566 20.00153 0.9901166 -54.45547 20.00153 0.9901166 -52.47527 20.00153 0.9901166 -50.49507 20.00153 0.9901166 -48.51487 20.00152 0.9901166 -46.53467 20.00152 0.9901166 -44.55447 20.00152 0.9901166 -42.57427 20.00152 0.9901166 -40.59408 20.00152 0.9901166 -38.61388 20.00152 0.9901166 -36.63368 20.00152 0.9901166 -34.65349 20.00152 0.9901166 -32.67329 20.00152 0.9901166 -30.69309 20.00152 0.9901166 -28.7129 20.00152 0.9901166 -26.73269 20.00152 0.9901166 -24.7525 20.00152 0.9901166 -22.7723 20.00152 0.9901166 -20.7921 20.00152 0.9901166 -18.8119 20.00152 0.9901166 -16.8317 20.00152 0.9901166 -14.8515 20.00152 0.9901166 -12.8713 20.00152 0.9901166 -10.89109 20.00151 0.9901166 -8.910894 20.00151 0.9901166 -6.930695 20.00151 0.9901166 -4.950489 20.00151 0.9901166 -2.970293 20.00151 0.9901166 -0.9900965 20.00151 0.9901166 0.9901026 20.00151 0.9901166 2.970303 20.00151 0.9901166 4.950503 20.00151 0.9901166 6.930696 20.00151 0.9901166 8.910895 20.00151 0.9901166 10.89109 20.00151 0.9901166 12.87128 20.00151 0.9901166 14.85148 20.00151 0.9901166 16.83168 20.00151 0.9901166 18.81188 20.0015 0.9901166 20.79208 20.0015 0.9901166 22.77227 20.0015 0.9901166 24.75247 20.0015 0.9901166 26.73267 20.0015 0.9901166 28.71287 20.0015 0.9901166 30.69307 20.0015 0.9901166 32.67327 20.0015 0.9901166 34.65346 20.0015 0.9901166 36.63366 20.0015 0.9901166 38.61386 20.0015 0.9901166 40.59405 20.0015 0.9901166 42.57425 20.0015 0.9901166 44.55445 20.0015 0.9901166 46.53464 20.0015 0.9901166 48.51484 20.0015 0.9901166 50.49505 20.0015 0.9901166 52.47525 20.00149 0.9901166 56.43564 20.00149 0.9901166 58.41584 20.00149 0.9901166 60.39603 20.00149 0.9901166 62.37623 20.00149 0.9901166 64.35643 20.00149 0.9901166 66.33663 20.00149 0.9901166 68.31683 20.00149 0.9901166 70.29703 20.00149 0.9901166 72.27722 20.00149 0.9901166 74.25743 20.00149 0.9901166 76.23762 20.00149 0.9901166 78.21782 20.00149 0.9901166 80.19802 20.00149 0.9901166 82.17822 20.00148 0.9901166 84.15842 20.00148 0.9901166 86.13861 20.00148 0.9901166 88.11882 20.00148 0.9901166 90.09902 20.00148 0.9901166 92.07921 20.00148 0.9901166 94.05941 20.00148 -76.23761 -0.9900838 20.00151 -76.23761 0.9901152 20.00151 -74.25741 -0.9900838 20.00151 -74.25741 0.9901152 20.00151 -72.27722 -0.9900846 20.00151 -72.27722 0.9901145 20.00151 -70.29701 -0.9900846 20.00151 -70.29701 0.9901145 20.00151 -68.31682 -0.9900853 20.00151 -68.31682 0.9901145 20.00151 -66.33662 -0.9900853 20.00151 -66.33662 0.9901137 20.00151 -64.35643 -0.9900861 20.00151 -64.35643 0.9901137 20.00151 -62.37622 -0.9900861 20.00151 -62.37622 0.990113 20.00151 -60.39603 -0.9900868 20.00151 -60.39603 0.990113 20.00151 -58.41583 -0.9900868 20.00151 -58.41583 0.9901123 20.00151 -56.43563 -0.9900868 20.00151 -56.43563 0.9901123 20.00151 -54.45544 -0.9900876 20.00151 -54.45544 0.9901115 20.00151 -52.47524 -0.9900876 20.00151 -52.47524 0.9901115 20.00151 -50.49504 -0.9900883 20.00151 -50.49504 0.9901115 20.00151 -48.51483 -0.9900883 20.00151 -48.51483 0.9901108 20.00151 -46.53464 -0.9900883 20.00151 -46.53464 0.9901108 20.00151 -44.55444 -0.9900891 20.00151 -44.55444 0.99011 20.00151 -42.57424 -0.9900891 20.00151 -42.57424 0.99011 20.00151 -40.59405 -0.9900898 20.00151 -40.59405 0.9901093 20.00151 -38.61385 -0.9900898 20.00151 -38.61385 0.9901093 20.00151 -36.63365 -0.9900906 20.00151 -36.63365 0.9901086 20.00151 -34.65345 -0.9900906 20.00151 -34.65345 0.9901086 20.00151 -32.67325 -0.9900913 20.00151 -32.67325 0.9901086 20.00151 -30.69306 -0.9900913 20.00151 -30.69306 0.9901078 20.00151 -28.71286 -0.9900913 20.00151 -28.71286 0.9901078 20.00151 -26.73267 -0.990092 20.00151 -26.73267 0.9901071 20.00151 -24.75247 -0.990092 20.00151 -24.75247 0.9901071 20.00151 -22.77227 -0.9900928 20.00151 -22.77227 0.9901071 20.00151 -20.79207 -0.9900928 20.00151 -20.79207 0.9901063 20.00151 -18.81187 -0.9900935 20.00151 -18.81187 0.9901056 20.00151 -16.83167 -0.9900935 20.00151 -16.83167 0.9901056 20.00151 -14.85147 -0.9900943 20.00151 -14.85147 0.9901056 20.00151 -12.87127 -0.9900943 20.00151 -12.87127 0.9901048 20.00151 -10.89107 -0.9900943 20.00151 -10.89107 0.9901048 20.00151 -8.910876 -0.990095 20.00151 -8.910876 0.9901041 20.00151 -6.930677 -0.990095 20.00151 -6.930677 0.9901041 20.00151 -4.950479 -0.9900957 20.00151 -4.950479 0.9901041 20.00151 -2.97028 -0.9900957 20.00151 -2.97028 0.9901033 20.00151 -0.9900823 -0.9900965 20.00151 -0.9900823 0.9901033 20.00151 52.47526 -68.31685 -4.91142e-4 50.49506 -68.31685 -4.91142e-4 48.51487 -68.31685 -4.91142e-4 46.53467 -68.31685 -4.91142e-4 44.55447 -68.31685 -4.91142e-4 42.57427 -68.31685 -4.91142e-4 40.59408 -68.31685 -4.91142e-4 38.61388 -68.31685 -4.91142e-4 36.63368 -68.31685 -4.91142e-4 34.65348 -68.31685 -4.91142e-4 32.67329 -68.31685 -4.91142e-4 30.69309 -68.31685 -4.91142e-4 28.71289 -68.31685 -4.91142e-4 26.7327 -68.31685 -4.91142e-4 24.7525 -68.31685 -4.91142e-4 22.7723 -68.31685 -4.91142e-4 20.7921 -68.31685 -4.91142e-4 18.8119 -68.31685 -4.91142e-4 16.8317 -68.31685 -4.91142e-4 14.8515 -68.31685 -4.91142e-4 12.8713 -68.31685 -4.91142e-4 10.8911 -68.31685 -4.91142e-4 8.910906 -68.31685 -4.91142e-4 6.930707 -68.31685 -4.91142e-4 4.95051 -68.31685 -4.91142e-4 -4.950481 0.9900987 -5.12123e-4 -2.970284 0.9900987 -5.12123e-4 0.9901121 0.9900987 -5.12123e-4 -0.9900868 -0.9901003 -5.12123e-4 0.9901121 -0.9901003 -5.12123e-4 -2.970284 -0.9901003 -5.12123e-4 -4.950481 -0.9900988 -5.12123e-4 -6.930682 -0.9900988 -5.12123e-4 -8.91088 -0.9900988 -5.12123e-4 -10.89108 -0.9900988 -5.12123e-4 -12.87128 -0.9900974 -5.12123e-4 -14.85147 -0.9900974 -5.12123e-4 -16.83168 -0.9900974 -5.12123e-4 -18.81187 -0.9900974 -5.12123e-4 -20.79207 -0.9900974 -5.12123e-4 -22.77227 -0.9900959 -5.12123e-4 -24.75247 -0.9900959 -5.12123e-4 -26.73267 -0.9900959 -5.12123e-4 -28.71287 -0.9900959 -5.12123e-4 -30.69306 -0.9900944 -5.12123e-4 -32.67326 -0.9900944 -5.12123e-4 -34.65346 -0.9900944 -5.12123e-4 -36.63365 -0.9900944 -5.12123e-4 -38.61385 -0.9900944 -5.12123e-4 -40.59405 -0.9900929 -5.12123e-4 -42.57425 -0.9900929 -5.12123e-4 -44.55444 -0.9900929 -5.12123e-4 -46.53464 -0.9900929 -5.12123e-4 -48.51484 -0.9900929 -5.12123e-4 -50.49504 -0.9900914 -5.12123e-4 -52.47524 -0.9900914 -5.12123e-4 -54.45544 -0.9900914 -5.12123e-4 -56.43563 -0.9900914 -5.12123e-4 -58.41583 -0.9900914 -5.12123e-4 -60.39603 -0.9900899 -5.12123e-4 -62.37622 -0.9900899 -5.12123e-4 -64.35643 -0.9900899 -5.12123e-4 -66.33662 -0.9900899 -5.12123e-4 -68.31682 -0.9900884 -5.12123e-4 -70.29701 -0.9900884 -5.12123e-4 -72.27722 -0.9900884 -5.12123e-4 -74.25741 -0.9900884 -5.12123e-4 -76.23761 -0.9900884 -5.12123e-4 0.9901121 -72.27725 -4.90189e-4 0.9901121 -70.29705 -4.91142e-4 0.9901121 -68.31685 -4.91142e-4 0.9901121 -66.33666 -4.92096e-4 0.9901121 -64.35646 -4.9305e-4 0.9901121 -62.37626 -4.9305e-4 0.9901121 -60.39606 -4.94003e-4 0.9901121 -58.41586 -4.94003e-4 0.9901121 -56.43566 -4.94957e-4 0.9901121 -54.45547 -4.95911e-4 0.9901121 -52.47527 -4.95911e-4 0.9901121 -50.49507 -4.96864e-4 0.9901121 -48.51488 -4.97818e-4 0.9901121 -46.53468 -4.97818e-4 0.9901121 -44.55448 -4.98772e-4 0.9901121 -42.57428 -4.98772e-4 0.9901121 -40.59408 -4.99725e-4 0.9901121 -38.61389 -5.00679e-4 0.9901121 -36.63369 -5.00679e-4 0.9901121 -34.65349 -5.01633e-4 0.9901121 -32.67329 -5.02586e-4 0.9901121 -30.6931 -5.02586e-4 0.9901121 -28.7129 -5.0354e-4 0.9901121 -26.7327 -5.04494e-4 0.9901121 -24.7525 -5.04494e-4 0.9901121 -22.7723 -5.05447e-4 0.9901121 -20.7921 -5.05447e-4 0.9901121 -18.81191 -5.06401e-4 0.9901121 -16.8317 -5.07355e-4 0.9901121 -14.85151 -5.07355e-4 0.9901121 -12.87131 -5.08308e-4 0.9901121 -10.89109 -5.09262e-4 0.9901121 -8.910899 -5.09262e-4 0.9901121 -6.930699 -5.10216e-4 0.9901121 -4.950494 -5.10216e-4 0.9901121 -2.970296 -5.11169e-4 2.970309 -64.35646 -4.9305e-4 2.970309 -66.33666 -4.92096e-4 2.970314 -64.35646 20.00153 2.970309 -62.37626 -4.9305e-4 2.970314 -62.37625 20.00153 2.970309 -60.39606 -4.94003e-4 2.970314 -60.39606 20.00153 2.970314 -58.41586 20.00153 2.970309 -58.41586 -4.94003e-4 2.970314 -56.43566 20.00153 2.970309 -56.43566 -4.94957e-4 2.970314 -54.45547 20.00153 2.970309 -54.45547 -4.95911e-4 2.970314 -52.47527 20.00153 2.970309 -52.47527 -4.95911e-4 2.970314 -50.49507 20.00153 2.970309 -50.49507 -4.96864e-4 2.970314 -48.51487 20.00152 2.970309 -48.51488 -4.97818e-4 2.970314 -46.53467 20.00152 2.970309 -46.53468 -4.97818e-4 2.970309 -44.55448 -4.98772e-4 2.970314 -44.55447 20.00152 2.970309 -42.57428 -4.98772e-4 2.970314 -42.57427 20.00152 2.970309 -40.59408 -4.99725e-4 2.970314 -40.59408 20.00152 2.970314 -38.61388 20.00152 2.970309 -38.61389 -5.00679e-4 2.970314 -36.63368 20.00152 2.970309 -36.63369 -5.00679e-4 2.970314 -34.65349 20.00152 2.970309 -34.65349 -5.01633e-4 2.970314 -32.67329 20.00152 2.970309 -32.67329 -5.02586e-4 2.970314 -30.69309 20.00152 2.970309 -30.6931 -5.02586e-4 2.970314 -28.7129 20.00152 2.970309 -28.7129 -5.0354e-4 2.970314 -26.73269 20.00152 2.970309 -26.7327 -5.04494e-4 2.970309 -24.7525 -5.04494e-4 2.970314 -24.7525 20.00152 2.970314 -22.7723 20.00152 2.970309 -22.7723 -5.05447e-4 2.970309 -20.7921 -5.05447e-4 2.970314 -20.7921 20.00152 2.970314 -18.8119 20.00152 2.970309 -18.81191 -5.06401e-4 2.970309 -16.8317 -5.07355e-4 2.970314 -16.8317 20.00152 2.970314 -14.8515 20.00152 2.970309 -14.85151 -5.07355e-4 2.970309 -12.87131 -5.08308e-4 2.970314 -12.8713 20.00152 2.970314 -10.89109 20.00151 2.970309 -10.89109 -5.09262e-4 2.970314 -8.910894 20.00151 2.970309 -8.910899 -5.09262e-4 2.970314 -6.930695 20.00151 2.970309 -6.9307 -5.10216e-4 2.970309 -4.950495 -5.10216e-4 2.970314 -4.95049 20.00151 2.970314 -2.970293 20.00151 2.970309 -2.970296 -5.11169e-4 2.970314 -0.9900972 20.00151 2.970309 -0.9901003 -5.12123e-4 2.970314 0.9901026 20.00151 2.970309 0.9900972 -5.12123e-4 2.970314 2.970303 20.00151 2.970309 2.970298 -5.13077e-4 2.970314 4.950503 20.00151 2.970309 4.950499 -5.1403e-4 2.970314 6.930695 20.00151 2.970309 6.93069 -5.1403e-4 2.970314 8.910895 20.00151 2.970309 8.910891 -5.14984e-4 2.970314 10.89109 20.00151 2.970309 10.89109 -5.14984e-4 2.970314 12.87128 20.00151 2.970309 12.87127 -5.15938e-4 2.970314 14.85148 20.00151 2.970309 14.85147 -5.16891e-4 2.970314 16.83168 20.00151 2.970309 16.83167 -5.16891e-4 2.970314 18.81188 20.0015 2.970309 18.81187 -5.17845e-4 2.970314 20.79208 20.0015 2.970309 20.79207 -5.18799e-4 2.970314 22.77227 20.0015 2.970309 22.77227 -5.18799e-4 2.970314 24.75247 20.0015 2.970309 24.75247 -5.19752e-4 2.970314 26.73267 20.0015 2.970309 26.73266 -5.19752e-4 2.970309 28.71286 -5.20706e-4 2.970314 28.71287 20.0015 2.970309 30.69306 -5.2166e-4 2.970314 30.69307 20.0015 2.970309 32.67325 -5.2166e-4 2.970314 32.67327 20.0015 2.970309 34.65345 -5.22614e-4 2.970314 34.65346 20.0015 2.970309 36.63365 -5.23567e-4 2.970314 36.63366 20.0015 2.970309 38.61385 -5.23567e-4 2.970314 38.61386 20.0015 2.970309 40.59405 -5.24521e-4 2.970314 40.59405 20.0015 2.970309 42.57424 -5.25475e-4 2.970314 42.57425 20.0015 2.970309 44.55444 -5.25475e-4 2.970314 44.55445 20.0015 2.970309 46.53464 -5.26428e-4 2.970314 46.53464 20.0015 2.970309 48.51483 -5.26428e-4 2.970314 48.51484 20.0015 2.970309 50.49504 -5.27382e-4 2.970314 50.49505 20.0015 2.970309 52.47524 -5.28336e-4 2.970314 52.47525 20.00149 4.95051 -66.33666 -4.92096e-4 6.930707 -66.33666 -4.92096e-4 8.910906 -66.33666 -4.92096e-4 10.8911 -66.33666 -4.92096e-4 12.8713 -66.33666 -4.92096e-4 14.8515 -66.33666 -4.92096e-4 16.8317 -66.33666 -4.92096e-4 18.8119 -66.33666 -4.92096e-4 20.7921 -66.33666 -4.92096e-4 22.7723 -66.33666 -4.92096e-4 24.7525 -66.33666 -4.92096e-4 26.7327 -66.33666 -4.92096e-4 28.71289 -66.33666 -4.92096e-4 30.69309 -66.33666 -4.92096e-4 32.67329 -66.33666 -4.92096e-4 34.65348 -66.33666 -4.92096e-4 36.63368 -66.33666 -4.92096e-4 38.61388 -66.33666 -4.92096e-4 40.59408 -66.33666 -4.92096e-4 42.57427 -66.33666 -4.92096e-4 44.55447 -66.33666 -4.92096e-4 46.53467 -66.33666 -4.92096e-4 48.51487 -66.33666 -4.92096e-4 50.49506 -66.33666 -4.92096e-4 52.47526 -66.33666 -4.92096e-4 28.7129 -22.7723 20.00152 28.7129 -14.8515 20.00152 30.6931 -22.7723 20.00152 30.6931 -14.8515 20.00152 32.67329 -22.7723 20.00152 32.67329 -14.8515 20.00152 32.67329 -54.45547 -4.95911e-4 30.69309 -54.45547 -4.95911e-4 28.71289 -54.45547 -4.95911e-4 34.65349 10.89109 20.00151 34.65348 10.89108 -5.14984e-4 34.65349 12.87128 20.00151 34.65348 12.87127 -5.15938e-4 34.65349 14.85148 20.00151 34.65348 14.85147 -5.16891e-4 28.7129 8.910889 20.00151 28.7129 16.83168 20.00151 30.6931 8.910889 20.00151 30.6931 16.83168 20.00151 32.67329 8.910889 20.00151 32.67329 16.83168 20.00151 28.7129 -54.45547 20.00153 28.7129 -46.53467 20.00152 30.6931 -54.45547 20.00153 30.6931 -46.53467 20.00152 32.67329 -54.45547 20.00153 32.67329 -46.53467 20.00152 78.21784 -34.65349 20.00152 78.21783 -34.65349 -5.01633e-4 78.21784 -32.67329 20.00152 78.21783 -32.67329 -5.02586e-4 78.21784 -30.69309 20.00152 78.21783 -30.6931 -5.02586e-4 78.21784 -28.7129 20.00152 78.21783 -28.7129 -5.0354e-4 78.21784 -26.73269 20.00152 78.21783 -26.7327 -5.04494e-4 78.21783 -24.7525 -5.04494e-4 78.21784 -24.7525 20.00152 78.21784 -22.7723 20.00152 78.21783 -22.7723 -5.05447e-4 78.21783 -20.7921 -5.05447e-4 78.21784 -20.7921 20.00152 78.21784 -18.8119 20.00152 78.21783 -18.81191 -5.06401e-4 78.21783 -16.8317 -5.07355e-4 78.21784 -16.8317 20.00152 78.21784 -14.8515 20.00152 78.21783 -14.85151 -5.07355e-4 78.21783 -12.87131 -5.08308e-4 78.21784 -12.8713 20.00152 78.21784 -10.8911 20.00151 78.21783 -10.89111 -5.09262e-4 78.21784 -8.910906 20.00151 78.21783 -8.91091 -5.09262e-4 78.21784 -6.930706 20.00151 78.21783 -6.930712 -5.10216e-4 78.21783 -4.950509 -5.10216e-4 78.21784 -4.950504 20.00151 78.21784 -2.970305 20.00151 78.21783 -2.97031 -5.11169e-4 78.21784 -0.9901077 20.00151 78.21783 -0.9901123 -5.12123e-4 78.21784 0.9900914 20.00151 78.21783 0.9900868 -5.12123e-4 78.21784 2.970291 20.00151 78.21783 2.970286 -5.13077e-4 78.21784 4.950489 20.00151 78.21783 4.950484 -5.1403e-4 78.21784 6.930683 20.00151 78.21783 6.930678 -5.1403e-4 78.21784 8.910882 20.00151 78.21783 8.91088 -5.14984e-4 78.21784 10.89108 20.00151 78.21783 10.89108 -5.14984e-4 78.21784 12.87128 20.00151 78.21783 12.87127 -5.15938e-4 78.21784 14.85148 20.00151 78.21783 14.85147 -5.16891e-4 78.21784 16.83168 20.00151 78.21783 16.83167 -5.16891e-4 78.21784 18.81188 20.0015 78.21783 18.81187 -5.17845e-4 78.21784 20.79208 20.0015 78.21783 20.79207 -5.18799e-4 78.21784 22.77227 20.0015 78.21783 22.77227 -5.18799e-4 78.21784 24.75247 20.0015 78.21783 24.75247 -5.19752e-4 78.21784 26.73267 20.0015 78.21783 26.73266 -5.19752e-4 78.21783 28.71286 -5.20706e-4 78.21784 28.71287 20.0015 78.21783 30.69306 -5.2166e-4 78.21784 30.69307 20.0015 78.21783 32.67325 -5.2166e-4 78.21784 32.67327 20.0015 78.21783 34.65345 -5.22614e-4 78.21784 34.65346 20.0015 78.21783 36.63365 -5.23567e-4 78.21784 36.63366 20.0015 78.21783 38.61385 -5.23567e-4 78.21784 38.61386 20.0015 78.21783 40.59405 -5.24521e-4 78.21784 40.59405 20.0015 78.21783 42.57424 -5.25475e-4 78.21784 42.57425 20.0015 78.21783 44.55444 -5.25475e-4 78.21784 44.55445 20.0015 78.21783 46.53464 -5.26428e-4 78.21784 46.53464 20.0015 78.21783 48.51483 -5.26428e-4 78.21784 48.51484 20.0015 78.21783 50.49504 -5.27382e-4 78.21784 50.49505 20.0015 78.21783 52.47524 -5.28336e-4 78.21784 52.47525 20.00149 76.23764 -36.63368 20.00152 74.25745 -34.65349 20.00152 74.25745 -32.67329 20.00152 74.25745 -26.73269 20.00152 74.25745 -24.7525 20.00152 74.25745 -22.7723 20.00152 74.25745 -20.7921 20.00152 74.25745 -18.8119 20.00152 74.25745 -16.8317 20.00152 74.25745 -14.8515 20.00152 74.25745 -12.8713 20.00152 74.25745 -10.8911 20.00151 74.25745 -8.910906 20.00151 74.25745 -6.930706 20.00151 74.25745 -4.950503 20.00151 74.25745 -2.970304 20.00151 74.25745 -0.9901077 20.00151 74.25745 4.95049 20.00151 74.25745 6.930683 20.00151 74.25745 8.910882 20.00151 74.25745 10.89108 20.00151 74.25745 12.87128 20.00151 74.25745 14.85148 20.00151 74.25745 16.83168 20.00151 74.25745 18.81188 20.0015 74.25745 20.79208 20.0015 74.25745 22.77227 20.0015 74.25745 24.75247 20.0015 74.25745 26.73267 20.0015 74.25745 28.71287 20.0015 74.25745 34.65346 20.0015 74.25745 36.63366 20.0015 74.25745 38.61386 20.0015 74.25745 40.59405 20.0015 74.25745 42.57425 20.0015 74.25745 44.55445 20.0015 74.25745 46.53464 20.0015 74.25745 48.51484 20.0015 74.25745 50.49505 20.0015 74.25745 52.47525 20.00149 74.25743 -34.65349 -5.01633e-4 74.25743 -32.67329 -5.02586e-4 74.25743 -26.7327 -5.04494e-4 74.25743 -24.7525 -5.04494e-4 74.25743 -22.7723 -5.05447e-4 74.25743 -20.7921 -5.05447e-4 74.25743 -18.81191 -5.06401e-4 74.25743 -16.8317 -5.07355e-4 74.25743 -14.85151 -5.07355e-4 74.25743 -12.87131 -5.08308e-4 74.25743 -10.89111 -5.09262e-4 74.25743 -8.91091 -5.09262e-4 74.25743 -6.930712 -5.10216e-4 74.25743 -4.950509 -5.10216e-4 74.25743 -2.970308 -5.11169e-4 74.25743 -0.9901108 -5.12123e-4 74.25743 4.950487 -5.1403e-4 74.25743 6.930678 -5.1403e-4 74.25743 8.91088 -5.14984e-4 74.25743 10.89108 -5.14984e-4 74.25743 12.87127 -5.15938e-4 74.25743 14.85147 -5.16891e-4 74.25743 16.83167 -5.16891e-4 74.25743 18.81187 -5.17845e-4 74.25743 20.79207 -5.18799e-4 74.25743 22.77227 -5.18799e-4 74.25743 24.75247 -5.19752e-4 74.25743 26.73266 -5.19752e-4 74.25743 28.71286 -5.20706e-4 74.25743 34.65345 -5.22614e-4 74.25743 36.63365 -5.23567e-4 74.25743 38.61385 -5.23567e-4 74.25743 40.59405 -5.24521e-4 74.25743 42.57424 -5.25475e-4 74.25743 44.55444 -5.25475e-4 74.25743 46.53464 -5.26428e-4 74.25743 48.51483 -5.26428e-4 74.25743 50.49504 -5.27382e-4 74.25743 52.47524 -5.28336e-4 50.49507 0.9900951 20.00151 50.49507 2.970296 20.00151 52.47527 2.970296 20.00151 54.45546 2.970296 20.00151 56.43566 2.970296 20.00151 58.41586 2.970294 20.00151 60.39606 2.970294 20.00151 62.37626 2.970294 20.00151 64.35646 2.970293 20.00151 66.33666 2.970293 20.00151 68.31686 2.970293 20.00151 70.29705 2.970293 20.00151 72.27725 2.970293 20.00151 50.49507 30.69307 20.0015 50.49507 32.67327 20.0015 52.47527 30.69307 20.0015 52.47527 32.67327 20.0015 54.45546 30.69307 20.0015 54.45546 32.67327 20.0015 56.43566 30.69307 20.0015 56.43566 32.67327 20.0015 58.41586 30.69307 20.0015 58.41586 32.67327 20.0015 60.39606 30.69307 20.0015 60.39606 32.67327 20.0015 62.37626 30.69307 20.0015 62.37626 32.67327 20.0015 64.35646 30.69307 20.0015 64.35646 32.67327 20.0015 66.33666 30.69307 20.0015 66.33666 32.67327 20.0015 68.31686 30.69307 20.0015 68.31686 32.67327 20.0015 70.29705 30.69307 20.0015 70.29705 32.67327 20.0015 72.27725 30.69307 20.0015 72.27725 32.67327 20.0015 72.27725 30.69306 -5.2166e-4 70.29705 30.69306 -5.2166e-4 68.31685 30.69306 -5.2166e-4 66.33665 30.69306 -5.2166e-4 64.35646 30.69306 -5.2166e-4 62.37625 30.69306 -5.2166e-4 60.39606 30.69306 -5.2166e-4 58.41585 30.69306 -5.2166e-4 56.43566 30.69306 -5.2166e-4 54.45546 30.69306 -5.2166e-4 52.47526 30.69306 -5.2166e-4 50.49506 30.69306 -5.2166e-4 50.49506 2.970292 -5.13077e-4 52.47526 2.970292 -5.13077e-4 54.45546 2.970292 -5.13077e-4 56.43566 2.970292 -5.13077e-4 58.41585 2.970289 -5.13077e-4 60.39606 2.970289 -5.13077e-4 62.37625 2.970289 -5.13077e-4 64.35646 2.970289 -5.13077e-4 66.33665 2.970289 -5.13077e-4 68.31685 2.970289 -5.13077e-4 70.29705 2.970289 -5.13077e-4 72.27725 2.970286 -5.13077e-4 50.49506 32.67325 -5.2166e-4 52.47526 32.67325 -5.2166e-4 54.45546 32.67325 -5.2166e-4 56.43566 32.67325 -5.2166e-4 58.41585 32.67325 -5.2166e-4 66.33665 32.67325 -5.2166e-4 68.31685 32.67325 -5.2166e-4 70.29705 32.67325 -5.2166e-4 72.27725 32.67325 -5.2166e-4 50.49506 -28.7129 -5.0354e-4 52.47526 -28.7129 -5.0354e-4 54.45546 -28.7129 -5.0354e-4 56.43566 -28.7129 -5.0354e-4 58.41585 -28.7129 -5.0354e-4 60.39606 -28.7129 -5.0354e-4 62.37625 -28.7129 -5.0354e-4 64.35646 -28.7129 -5.0354e-4 66.33665 -28.7129 -5.0354e-4 68.31685 -28.7129 -5.0354e-4 70.29705 -28.7129 -5.0354e-4 72.27725 -28.7129 -5.0354e-4 50.49507 -30.69309 20.00152 50.49507 -28.7129 20.00152 52.47527 -30.69309 20.00152 52.47527 -28.7129 20.00152 54.45546 -30.69309 20.00152 54.45546 -28.7129 20.00152 56.43566 -30.69309 20.00152 56.43566 -28.7129 20.00152 58.41586 -30.69309 20.00152 58.41586 -28.7129 20.00152 60.39606 -30.69309 20.00152 60.39606 -28.7129 20.00152 62.37626 -30.69309 20.00152 62.37626 -28.7129 20.00152 64.35646 -30.69309 20.00152 64.35646 -28.7129 20.00152 66.33666 -30.69309 20.00152 66.33666 -28.7129 20.00152 68.31686 -30.69309 20.00152 68.31686 -28.7129 20.00152 70.29705 -30.69309 20.00152 70.29705 -28.7129 20.00152 72.27725 -30.69309 20.00152 72.27725 -28.7129 20.00152 72.27725 -30.6931 -5.02586e-4 70.29705 -30.6931 -5.02586e-4 68.31685 -30.6931 -5.02586e-4 66.33665 -30.6931 -5.02586e-4 64.35646 -30.6931 -5.02586e-4 62.37625 -30.6931 -5.02586e-4 60.39606 -30.6931 -5.02586e-4 58.41585 -30.6931 -5.02586e-4 56.43566 -30.6931 -5.02586e-4 54.45546 -30.6931 -5.02586e-4 52.47526 -30.6931 -5.02586e-4 50.49506 -30.6931 -5.02586e-4 32.67329 80.19802 20.00149 8.910911 92.07921 20.00148 6.930713 94.05941 20.00148 6.930713 96.03962 20.00148 8.910911 96.03962 20.00148 10.89111 92.07921 20.00148 10.89111 96.03962 20.00148 12.87131 92.07921 20.00148 12.87131 96.03962 20.00148 14.85151 92.07921 20.00148 14.85151 96.03962 20.00148 16.8317 92.07921 20.00148 16.8317 96.03962 20.00148 18.8119 92.07921 20.00148 18.8119 96.03962 20.00148 20.7921 92.07921 20.00148 20.7921 96.03962 20.00148 22.7723 92.07921 20.00148 22.7723 96.03962 20.00148 24.7525 92.07921 20.00148 24.7525 96.03962 20.00148 26.7327 92.07921 20.00148 26.7327 96.03962 20.00148 28.7129 92.07921 20.00148 28.7129 96.03962 20.00148 30.6931 92.07921 20.00148 30.6931 96.03962 20.00148 32.67329 92.07921 20.00148 32.67329 96.03962 20.00148 34.65349 92.07921 20.00148 34.65349 96.03962 20.00148 36.63369 92.07921 20.00148 36.63369 96.03962 20.00148 38.61388 92.07921 20.00148 38.61388 96.03962 20.00148 40.59408 92.07921 20.00148 40.59408 96.03962 20.00148 42.57428 92.07921 20.00148 42.57428 96.03962 20.00148 44.55448 92.07921 20.00148 44.55448 96.03962 20.00148 46.53467 92.07921 20.00148 46.53467 96.03962 20.00148 48.51487 92.07921 20.00148 48.51487 96.03962 20.00148 50.49507 92.07921 20.00148 50.49507 96.03962 20.00148 52.47527 92.07921 20.00148 52.47527 96.03962 20.00148 54.45546 92.07921 20.00148 54.45546 96.03962 20.00148 56.43566 92.07921 20.00148 56.43566 96.03962 20.00148 58.41586 92.07921 20.00148 58.41586 96.03962 20.00148 60.39606 92.07921 20.00148 60.39606 96.03962 20.00148 62.37626 92.07921 20.00148 62.37626 96.03962 20.00148 64.35646 92.07921 20.00148 64.35646 96.03962 20.00148 66.33666 92.07921 20.00148 66.33666 96.03962 20.00148 68.31686 92.07921 20.00148 68.31686 96.03962 20.00148 70.29705 92.07921 20.00148 70.29705 96.03962 20.00148 72.27725 92.07921 20.00148 72.27725 96.03962 20.00148 74.25745 92.07921 20.00148 74.25745 96.03962 20.00148 76.23764 92.07921 20.00148 76.23764 96.03962 20.00148 78.21784 92.07921 20.00148 78.21784 96.03962 20.00148 80.19804 92.07921 20.00148 80.19804 96.03962 20.00148 82.17824 92.07921 20.00148 82.17824 96.03962 20.00148 84.15843 92.07921 20.00148 84.15843 96.03962 20.00148 86.13864 92.07921 20.00148 86.13864 96.03962 20.00148 88.11884 92.07921 20.00148 88.11884 96.03962 20.00148 90.09903 92.07921 20.00148 90.09903 96.03962 20.00148 92.07923 92.07921 20.00148 92.07923 96.03962 20.00148 94.05943 92.07921 20.00148 94.05943 96.03962 20.00148 96.03962 96.03962 20.00148 96.03961 94.05941 -5.40733e-4 96.03961 96.03962 -5.41687e-4 30.69309 80.19802 -5.35965e-4 32.67329 80.19802 -5.35965e-4 8.910906 96.03962 -5.41687e-4 6.930707 96.03962 -5.41687e-4 10.8911 96.03962 -5.41687e-4 12.8713 96.03962 -5.41687e-4 14.8515 96.03962 -5.41687e-4 16.8317 96.03962 -5.41687e-4 18.8119 96.03962 -5.41687e-4 20.7921 96.03962 -5.41687e-4 22.7723 96.03962 -5.41687e-4 24.7525 96.03962 -5.41687e-4 26.7327 96.03962 -5.41687e-4 28.71289 96.03962 -5.41687e-4 30.69309 96.03962 -5.41687e-4 32.67329 96.03962 -5.41687e-4 34.65348 96.03962 -5.41687e-4 36.63368 96.03962 -5.41687e-4 38.61388 96.03962 -5.41687e-4 40.59408 96.03962 -5.41687e-4 42.57427 96.03962 -5.41687e-4 44.55447 96.03962 -5.41687e-4 46.53467 96.03962 -5.41687e-4 48.51487 96.03962 -5.41687e-4 50.49506 96.03962 -5.41687e-4 52.47526 96.03962 -5.41687e-4 54.45546 96.03962 -5.41687e-4 56.43566 96.03962 -5.41687e-4 58.41585 96.03962 -5.41687e-4 60.39606 96.03962 -5.41687e-4 62.37625 96.03962 -5.41687e-4 64.35646 96.03962 -5.41687e-4 66.33665 96.03962 -5.41687e-4 68.31685 96.03962 -5.41687e-4 70.29705 96.03962 -5.41687e-4 72.27725 96.03962 -5.41687e-4 74.25743 96.03962 -5.41687e-4 76.23764 96.03962 -5.41687e-4 78.21783 96.03962 -5.41687e-4 80.19803 96.03962 -5.41687e-4 82.17823 96.03962 -5.41687e-4 84.15842 96.03962 -5.41687e-4 86.13862 96.03962 -5.41687e-4 88.11882 96.03962 -5.41687e-4 90.09902 96.03962 -5.41687e-4 92.07921 96.03962 -5.41687e-4 94.05941 96.03962 -5.41687e-4 32.67329 68.31683 -5.33104e-4 32.67329 68.31683 20.00149 32.67329 70.29703 -5.33104e-4 32.67329 70.29703 20.00149 32.67329 72.27722 -5.34058e-4 32.67329 72.27722 20.00149 32.67329 74.25743 -5.35011e-4 32.67329 74.25743 20.00149 32.67329 76.23762 -5.35011e-4 32.67329 76.23762 20.00149 32.67329 78.21782 -5.35965e-4 32.67329 78.21782 20.00149 6.930707 94.05941 -5.40733e-4 -4.950479 64.35643 20.00149 -4.950479 66.33663 20.00149 -4.950479 68.31683 20.00149 -4.950479 70.29703 20.00149 -4.950479 72.27722 20.00149 -4.950479 74.25743 20.00149 -4.950479 76.23762 20.00149 -4.950479 78.21782 20.00149 -4.950479 80.19802 20.00149 -4.950479 6.930696 20.00151 -4.950479 8.910895 20.00151 -4.950479 10.89109 20.00151 -4.950479 12.87128 20.00151 -4.950479 14.85148 20.00151 -4.950479 16.83168 20.00151 -4.950479 18.81188 20.0015 -4.950479 20.79208 20.0015 -4.950479 22.77227 20.0015 -4.950479 24.75247 20.0015 -4.950479 26.73267 20.0015 -4.950479 28.71287 20.0015 -4.950479 30.69307 20.0015 60.39606 34.65345 -5.22614e-4 60.39606 36.63365 -5.23567e-4 60.39606 38.61385 -5.23567e-4 60.39606 40.59405 -5.24521e-4 60.39606 42.57424 -5.25475e-4 60.39606 44.55444 -5.25475e-4 60.39606 46.53464 -5.26428e-4 60.39606 48.51483 -5.26428e-4</float_array>
          <technique_common>
            <accessor source="#walls-mesh-positions-array" count="1803" stride="3">
              <param name="X" type="float"/>
              <param name="Y" type="float"/>
              <param name="Z" type="float"/>
            </accessor>
          </technique_common>
        </source>
        <source id="walls-mesh-normals">
          <float_array id="walls-mesh-normals-array" count="7260">3.85284e-6 1 3.81431e-7 3.85284e-6 1 3.81431e-7 1 0 -1.90716e-7 1 0 -1.90716e-7 0 -1 0 0 -1 0 1 0 -7.62862e-7 1 0 -7.62862e-7 -1 0 1.90716e-7 -1 0 1.90716e-7 0 -1 0 0 -1 0 -1 0 1.90716e-7 -1 0 1.90716e-7 1 0 -1.90716e-7 1 0 -1.90716e-7 1 0 -7.62862e-7 1 0 -7.62862e-7 1 0 -1.90716e-7 1 0 -1.90716e-7 0 -1 5.72147e-7 0 -1 5.72147e-7 1 0 -1.90716e-7 1 0 -1.90716e-7 1 0 -1.90716e-7 1 0 -1.90716e-7 1 0 -1.90716e-7 1 0 -1.90716e-7 -1 0 0 -1 0 0 0 1 0 0 1 0 1 0 -1.90716e-7 1 0 -1.90716e-7 1 0 -1.90716e-7 1 0 -1.90716e-7 1 0 -1.90716e-7 1 0 -1.90716e-7 1 0 -1.90716e-7 1 0 -1.90716e-7 0 1 0 0 1 0 0 1 -1.90716e-7 0 1 -1.90716e-7 1 0 -1.90716e-7 1 0 -1.90716e-7 1 0 -1.90716e-7 1 0 -1.90716e-7 1 0 -1.90716e-7 1 0 -1.90716e-7 1 0 -1.90716e-7 1 0 -1.90716e-7 1 0 -1.90716e-7 1 0 -1.90716e-7 1 0 -1.90716e-7 1 0 -1.90716e-7 1 0 -1.90716e-7 1 0 -1.90716e-7 1 0 -1.90716e-7 1 0 -1.90716e-7 0 1 0 0 1 0 1 0 -1.90716e-7 1 0 -1.90716e-7 1 0 -1.90716e-7 1 0 -1.90716e-7 1 0 -1.90716e-7 1 0 -1.90716e-7 1 0 0 1 0 0 1 0 -1.90716e-7 1 0 -1.90716e-7 -1 0 0 -1 0 0 0 2.99726e-7 1 -3.06694e-7 3.05176e-7 1 1 0 0 1 0 0 -1 0 0 -1 0 0 0 -1 0 0 -1 0 0 -1 0 0 -1 0 0 1 0 0 1 0 0 0 1 0 0 1 0 0 1 0 0 1 3.06694e-7 3.05176e-7 1 0 2.99726e-7 1 -0.9995636 -0.0295431 1.78718e-6 -0.9995636 -0.02954339 1.85867e-6 0.9995636 -0.02954298 -1.82292e-6 0.9995636 -0.0295428 -1.78718e-6 0 3.83376e-7 1 0 3.83376e-7 1 0 3.2107e-7 1 0 3.2107e-7 1 0 2.62694e-7 1 0 2.62694e-7 1 1 0 -7.62862e-7 1 0 -7.62862e-7 1 0 -7.62862e-7 1 0 -7.62862e-7 -1 0 1.90716e-7 -1 0 1.90716e-7 0 -1 0 0 -1 0 1 0 -1.90716e-7 1 0 -1.90716e-7 0 1 -3.81431e-7 0 1 -3.81431e-7 -1 0 0 -1 0 0 0 1 -5.72147e-7 0 1 -5.72147e-7 1 0 -1.90716e-7 1 0 -1.90716e-7 1 0 -1.90716e-7 1 0 -1.90716e-7 1 0 -1.90716e-7 1 0 -1.90716e-7 0 -1 0 0 -1 0 1 0 -1.90716e-7 1 0 -1.90716e-7 1 0 -1.90716e-7 1 0 -1.90716e-7 1 0 -1.90716e-7 1 0 -1.90716e-7 1 0 -1.90716e-7 1 0 -1.90716e-7 1 0 -1.90716e-7 1 0 -1.90716e-7 1 0 -1.90716e-7 1 0 -1.90716e-7 1 0 -1.90716e-7 1 0 -1.90716e-7 1 0 -1.90716e-7 1 0 -1.90716e-7 0 -1 1.66876e-7 0 -1 1.66876e-7 1 0 -1.90716e-7 1 0 -1.90716e-7 1 0 -1.90716e-7 1 0 -1.90716e-7 1 0 -1.90716e-7 1 0 -1.90716e-7 -1 0 0 -1 0 0 1 0 -1.90716e-7 1 0 -1.90716e-7 1 0 -1.90716e-7 1 0 -1.90716e-7 1 0 -1.90716e-7 1 0 -1.90716e-7 1 0 -1.90716e-7 1 0 -1.90716e-7 -1 0 0 -1 0 0 1 0 -1.90716e-7 1 0 -1.90716e-7 1 0 -1.90716e-7 1 0 -1.90716e-7 1 0 -1.90716e-7 1 0 -1.90716e-7 0 -1 0 0 -1 0 1 0 -1.90716e-7 1 0 -1.90716e-7 1 0 -1.90716e-7 1 0 -1.90716e-7 1 0 -1.90716e-7 1 0 -1.90716e-7 0 1 0 0 1 0 0 3.2107e-7 1 0 3.2107e-7 1 0 -1 3.81431e-7 0 -1 3.81431e-7 0 1.8979e-7 1 0 1.8979e-7 1 0 1.8979e-7 1 0 1.89791e-7 1 0 1.8979e-7 1 0 1.89791e-7 1 0 1.8979e-7 1 0 1.89791e-7 1 0 1.8979e-7 1 0 1.89791e-7 1 0 1.8979e-7 1 0 1.89791e-7 1 0 1.8979e-7 1 0 1.89791e-7 1 0 1.8979e-7 1 0 1.89791e-7 1 0 1.8979e-7 1 0 1.89791e-7 1 0 1.8979e-7 1 0 1.89791e-7 1 0 1.8979e-7 1 0 1.8979e-7 1 0 1.8979e-7 1 0 1.8979e-7 1 0 1.89791e-7 1 0 1.8979e-7 1 0 1.8979e-7 1 0 1.89791e-7 1 0 1.8979e-7 1 0 1.8979e-7 1 0 1.8979e-7 1 0 1.8979e-7 1 0 1.8979e-7 1 0 1.89791e-7 1 0 1.8979e-7 1 0 1.89791e-7 1 0 1.8979e-7 1 0 1.89791e-7 1 0 1.8979e-7 1 0 1.89791e-7 1 0 1.89791e-7 1 0 1.89791e-7 1 0 1.8979e-7 1 0 1.89791e-7 1 0 1.8979e-7 1 0 1.89791e-7 1 0 1.8979e-7 1 0 1.8979e-7 1 0 1.8979e-7 1 0 1.8979e-7 1 -1 0 2.86073e-7 -1 0 2.86073e-7 -1 0 2.86073e-7 -1 0 2.86073e-7 -1 0 2.86073e-7 -1 0 2.86073e-7 -1 0 2.86073e-7 -1 0 2.86073e-7 1 0 -3.81431e-7 1 0 -3.81431e-7 1 0 -3.81431e-7 1 0 -3.81431e-7 1 0 -3.81431e-7 1 0 -3.81431e-7 1 0 -3.81431e-7 1 0 -3.81431e-7 0 1 -3.81431e-7 0 1 -3.81431e-7 0 1 -3.81431e-7 0 1 -3.81431e-7 0 1 -3.81431e-7 -1 0 2.86073e-7 -1 0 2.86073e-7 -1 0 2.86073e-7 -1 0 2.86073e-7 -1 0 2.86073e-7 -1 0 2.86073e-7 -1 0 2.86073e-7 -1 0 2.86073e-7 0 -1 1.90716e-7 0 -1 1.90716e-7 0 -1 1.90716e-7 0 -1 1.90716e-7 0 -1 1.90716e-7 1 0 -3.81431e-7 1 0 -3.81431e-7 1 0 -3.81431e-7 1 0 -3.81431e-7 1 0 -3.81431e-7 1 0 -3.81431e-7 1 0 -3.81431e-7 1 0 -3.81431e-7 0 1 -2.86073e-7 0 1 -2.86073e-7 0 1 -2.86073e-7 0 1 -2.86073e-7 0 1 -2.86073e-7 0 -1 3.81431e-7 0 -1 3.81431e-7 0 -1 3.81431e-7 0 -1 3.81431e-7 0 -1 3.81431e-7 -7.52513e-7 -1 2.68194e-7 0 -1 1.93695e-7 0 -1 1.93696e-7 0 -1 1.93695e-7 0 -1 1.93696e-7 0 -1 1.93695e-7 -7.52509e-7 -1 6.40685e-7 0 -1 0 0 -1 0 0 -1 0 0 -1 0 -7.52509e-7 -1 9.38679e-7 0 -1 0 0 -1 1.93696e-7 0 0 -1 0 0 -1 0 0 1 0 0 -1 0 0 1 0 0 -1 0 0 -1 0 0 1 0 0 -1 0 0 -1 0 0 1 -1 0 2.86073e-7 -1 0 2.86073e-7 -1 0 2.86073e-7 -1 0 2.86073e-7 -1 0 2.86073e-7 -1 0 2.86073e-7 -1 0 2.86073e-7 -1 0 2.86073e-7 1 -7.70564e-6 0 1 -1.28428e-6 6.35718e-7 1 0 0 1 0 0 1 0 0 1 0 0 1 0 0 0 1 -2.86073e-7 0 1 -2.86073e-7 0 1 -2.86073e-7 0 1 -2.86073e-7 0 1 -2.86073e-7 -1 6.4214e-7 0 -1 3.85282e-6 -1.90714e-6 -1 0 0 -1 0 0 -1 0 0 -1 0 0 -1 0 0 -1 0 0 -1 0 0 -1 0 0 -1 0 0 -1 0 0 -1 0 0 -1 0 0 -1 0 0 -1 0 0 -1 0 0 -1 0 0 -1 0 0 -1 0 0 -1 0 0 0 -1 1.90716e-7 0 -1 1.90716e-7 0 -1 1.90716e-7 0 -1 1.90716e-7 0 -1 1.90716e-7 0 -1 1.90716e-7 0 -1 1.90716e-7 0 -1 1.90715e-7 0 -1 1.90716e-7 0 -1 1.90716e-7 0 -1 1.90716e-7 0 -1 1.90716e-7 0 -1 1.90716e-7 0 -1 1.90716e-7 0 -1 1.90716e-7 0 -1 1.90716e-7 0 -1 1.90715e-7 0 -1 1.90716e-7 0 -1 1.90716e-7 0 -1 1.90716e-7 0 -1 1.90716e-7 0 -1 1.90716e-7 0 -1 1.90716e-7 0 -1 1.90716e-7 0 -1 1.90716e-7 0 -1 1.90715e-7 0 -1 1.90716e-7 0 -1 1.90715e-7 0 -1 1.90716e-7 0 -1 1.90716e-7 0 -1 1.90715e-7 0 -1 1.90716e-7 0 -1 1.90716e-7 0 -1 1.90715e-7 0 -1 1.90716e-7 0 -1 1.90716e-7 0 -1 1.90716e-7 0 -1 1.90715e-7 0 -1 1.90716e-7 0 -1 1.90716e-7 0 -1 1.90716e-7 0 1 -3.81431e-7 0 1 -3.81431e-7 0 1 -3.81431e-7 1 0 0 1 0 0 1 0 0 1 0 0 1 0 0 1 0 0 1 0 0 1 0 0 1 0 0 1 0 0 0 -1 1.90716e-7 0 -1 1.90716e-7 0 -1 1.90716e-7 1 0 -2.26475e-7 1 0 -2.26475e-7 1 0 -2.26475e-7 1 0 -2.26475e-7 1 0 -2.26475e-7 1 0 -2.26475e-7 1 0 -2.26475e-7 1 0 -2.26475e-7 1 0 -2.26475e-7 1 0 -2.26475e-7 1 0 -2.26475e-7 1 2.28763e-6 -4.52949e-7 1 0 -4.52949e-7 1 0 -4.52949e-7 1 0 -4.52949e-7 1 0 -4.52949e-7 1 0 -4.52949e-7 1 0 -4.52949e-7 1 0 -4.52949e-7 1 0 -4.52949e-7 1 0 -4.52949e-7 1 0 -4.52949e-7 1 0 -4.52949e-7 1 0 -4.52949e-7 1 0 -4.52949e-7 1 0 -4.52949e-7 1 0 -4.52949e-7 1 0 -4.52949e-7 1 0 -4.52949e-7 1 0 -4.52949e-7 1 0 -4.52949e-7 1 0 -4.52949e-7 1 0 -4.52949e-7 1 0 -4.52949e-7 1 0 -4.52949e-7 1 0 -4.5295e-7 1 0 -4.52949e-7 1 0 -4.52949e-7 1 0 -4.52949e-7 1 0 -4.52949e-7 1 0 -4.52949e-7 1 0 -4.5295e-7 1 -2.28762e-6 -4.52949e-7 1 0 -2.26475e-7 1 0 -2.26475e-7 1 0 -2.26475e-7 -1 0 0 -1 0 0 -1 0 0 -1 0 0 -1 0 0 -1 0 0 -1 0 0 0 -1 0 0 -1 0 0 -1 0 -1 0 4.76789e-7 -1 0 4.76789e-7 -1 0 4.76789e-7 -1 1.92642e-6 2.86073e-7 -1 0 2.86073e-7 -1 0 2.86073e-7 -1 0 2.86073e-7 -1 0 2.86073e-7 -1 0 2.86073e-7 -1 -1.92643e-6 4.76789e-7 -1 0 4.76789e-7 -1 0 4.76789e-7 -1 0 4.76789e-7 -1 0 4.76789e-7 0 1.8979e-7 1 0 1.89791e-7 1 0 1.8979e-7 1 0 1.89791e-7 1 0 1.8979e-7 1 0 1.89791e-7 1 0 1.8979e-7 1 0 1.89791e-7 1 0 1.8979e-7 1 0 1.89791e-7 1 0 1.8979e-7 1 0 1.89791e-7 1 0 1.8979e-7 1 0 1.89791e-7 1 0 1.8979e-7 1 0 1.89791e-7 1 0 1.89791e-7 1 0 1.8979e-7 1 0 1.89791e-7 1 0 1.8979e-7 1 0 1.89791e-7 1 0 1.8979e-7 1 0 1.8979e-7 1 0 1.8979e-7 1 0 1.8979e-7 1 0 1.8979e-7 1 0 1.89791e-7 1 0 1.8979e-7 1 0 1.8979e-7 1 0 1.8979e-7 1 0 1.8979e-7 1 0 1.8979e-7 1 0 1.8979e-7 1 0 1.8979e-7 1 0 1.8979e-7 1 0 1.8979e-7 1 0 1.89791e-7 1 0 1.89791e-7 1 0 1.89791e-7 1 0 1.8979e-7 1 0 1.8979e-7 1 0 1.8979e-7 1 0 1.89791e-7 1 0 1.8979e-7 1 0 1.89791e-7 1 0 1.8979e-7 1 0 1.8979e-7 1 0 1.8979e-7 1 0 1.8979e-7 1 0 1.8979e-7 1 0 2.99726e-7 1 0 3.05176e-7 1 2.93264e-7 4.81603e-7 1 -3.8147e-7 0 1 4.84001e-7 4.81605e-7 1 4.84005e-7 4.81606e-7 1 -7.62939e-7 0 1 6.74741e-7 4.81606e-7 1 6.74741e-7 4.81606e-7 1 -1.14441e-6 0 1 8.65476e-7 4.81606e-7 1 8.65469e-7 4.81605e-7 1 -1.52588e-6 0 1 1.0562e-6 4.81605e-7 1 -1.71661e-6 0 1 1.24694e-6 4.81605e-7 1 1.24695e-6 4.81606e-7 1 -2.09808e-6 0 1 1.43768e-6 4.81606e-7 1 1.43768e-6 4.81606e-7 1 -2.47955e-6 0 1 1.6284e-6 4.81604e-7 1 -2.67029e-6 0 1 1.81915e-6 4.81606e-7 1 1.81915e-6 4.81606e-7 1 -3.05175e-6 0 1 2.00988e-6 4.81605e-7 1 2.0099e-6 4.81608e-7 1 -3.43322e-6 0 1 2.20061e-6 4.81605e-7 1 -3.62397e-6 0 1 2.39134e-6 4.81605e-7 1 2.39136e-6 4.81606e-7 1 -4.00543e-6 0 1 2.58208e-6 4.81605e-7 1 2.58209e-6 4.81605e-7 1 -4.38691e-6 0 1 2.77279e-6 4.81604e-7 1 2.7728e-6 4.81605e-7 1 -4.76837e-6 0 1 2.96356e-6 4.81605e-7 1 -4.95912e-6 0 1 3.1543e-6 4.81605e-7 1 3.15428e-6 4.81605e-7 1 -5.34057e-6 0 1 3.34503e-6 4.81606e-7 1 3.34501e-6 4.81605e-7 1 -5.72204e-6 0 1 3.53575e-6 4.81605e-7 1 -5.91276e-6 0 1 3.72649e-6 4.81605e-7 1 3.72649e-6 4.81605e-7 1 -6.29423e-6 0 1 3.91723e-6 4.81605e-7 1 3.91727e-6 4.81608e-7 1 -6.67573e-6 0 1 4.10794e-6 4.81605e-7 1 -6.86645e-6 0 1 4.29865e-6 4.81605e-7 1 4.29873e-6 4.81608e-7 1 -7.24788e-6 0 1 4.48941e-6 4.81605e-7 1 4.48949e-6 4.81608e-7 1 -7.62939e-6 0 1 4.68018e-6 4.81605e-7 1 -7.82011e-6 0 1 4.87094e-6 4.81605e-7 1 4.87092e-6 4.81608e-7 1 -8.20163e-6 0 1 5.06157e-6 4.81602e-7 1 5.06165e-6 4.81605e-7 1 -8.58311e-6 0 1 5.25228e-6 4.81602e-7 1 5.2524e-6 4.81608e-7 1 -8.96453e-6 0 1 5.44312e-6 4.81605e-7 1 -9.1553e-6 0 1 5.63376e-6 4.81602e-7 1 5.63379e-6 4.81605e-7 1 -9.53672e-6 0 1 5.82388e-6 4.81582e-7 1 5.8246e-6 4.81605e-7 1 -9.9183e-6 0 1 6.01526e-6 4.81605e-7 1 -1.01089e-5 0 1 6.20593e-6 4.81602e-7 1 6.20606e-6 4.81608e-7 1 -1.04903e-5 0 1 6.39683e-6 4.81608e-7 1 6.39683e-6 4.81608e-7 1 -1.08719e-5 0 1 6.58741e-6 4.81602e-7 1 -1.10626e-5 0 1 6.77817e-6 4.81599e-7 1 6.77835e-6 4.81608e-7 1 -1.14441e-5 0 1 6.96911e-6 4.81608e-7 1 6.96893e-6 4.81599e-7 1 -1.18256e-5 0 1 -4.81603e-7 4.81603e-7 1 -0.2425356 0 0.9701424 0.1240333 4.77884e-7 0.992278 -1.68672e-7 3.61203e-7 1 0 2.99726e-7 1 0 1.91688e-7 1 0 1.91688e-7 1 0 1.91688e-7 1 0 1.91688e-7 1 0 1.91688e-7 1 0 1.91688e-7 1 0 1.91688e-7 1 0 1.91688e-7 1 0 1.91688e-7 1 0 1.91688e-7 1 0 1.91688e-7 1 0 1.91688e-7 1 0 1.91688e-7 1 0 1.91688e-7 1 0 1.91688e-7 1 0 1.91688e-7 1 0 1.91688e-7 1 0 1.91688e-7 1 0 1.91688e-7 1 0 1.91688e-7 1 0 1.91688e-7 1 0 1.91688e-7 1 0 1.91688e-7 1 0 1.91688e-7 1 0 1.91688e-7 1 0 1.91688e-7 1 0 1.91688e-7 1 0 1.91688e-7 1 0 1.91688e-7 1 0 1.91688e-7 1 0 1.91688e-7 1 0 1.91688e-7 1 0 1.91688e-7 1 0 1.91688e-7 1 0 1.91688e-7 1 0 1.91688e-7 1 0 1.91688e-7 1 0 1.91688e-7 1 0 1.91688e-7 1 0 1.91688e-7 1 0 1.91688e-7 1 0 1.91688e-7 1 0 1.91688e-7 1 0 1.91688e-7 1 0 1.91688e-7 1 0 1.91688e-7 1 0 1.91688e-7 1 0 1.91688e-7 1 0 1.91688e-7 1 0 1.91688e-7 1 0 1.91688e-7 1 0 1.91688e-7 1 0 1.91688e-7 1 0 -1 0 0 -1 0 0 -1 0 0 -1 0 0 -1 0 0 -1 0 0 -1 0 0 -1 0 0 -1 0 0 -1 0 0 -1 0 0 -1 0 0 -1 0 0 -1 0 0 -1 0 0 -1 0 0 -1 0 0 -1 0 0 -1 0 0 -1 0 0 -1 0 0 -1 0 0 -1 0 0 -1 0 0 -1 0 0 -1 0 0 -1 0 0 -1 0 0 -1 0 0 -1 0 0 -1 0 0 -1 0 0 -1 0 0 -1 0 0 -1 0 0 -1 0 0 -1 0 0 -1 0 0 -1 0 0 -1 0 0 -1 0 0 -1 0 0 -1 0 0 -1 0 0 -1 0 0 -1 0 0 -1 0 0 -1 0 0 -1 0 0 -1 0 0 -1 0 0 -1 0 0 -1 0 0 1 0 0 1 0 0 1 0 0 1 0 0 1 0 0 1 0 0 1 0 0 1 0 0 1 0 0 1 0 0 1 0 0 1 0 0 1 0 0 1 0 0 1 0 0 1 0 0 1 0 0 1 0 0 1 0 0 1 0 0 1 0 0 1 0 0 1 0 0 1 0 0 1 0 0 1 0 0 1 0 0 1 0 0 1 0 0 1 0 0 1 0 0 1 0 0 1 0 0 1 0 0 1 0 0 1 0 0 1 0 0 1 0 0 1 0 0 1 0 0 1 0 0 1 0 0 1 0 0 1 0 0 1 0 0 1 0 0 1 0 0 1 0 0 1 0 0 1 0 1 0 0 1 0 0 1 0 0 1 0 0 1 0 0 1 0 0 1 0 0 1 0 0 1 0 0 1 0 0 1 0 0 1 0 0 1 0 0 1 0 0 1 0 0 1 0 0 1 0 0 1 0 0 1 0 0 1 0 0 1 0 0 1 0 0 1 0 0 1 0 0 1 0 0 1 0 0 1 0 0 1 0 0 1 0 0 1 0 0 1 0 0 1 0 0 1 0 0 1 0 0 1 0 0 1 0 0 1 0 0 1 0 0 1 0 0 1 0 0 1 0 0 1 0 0 1 0 0 1 0 0 1 0 0 1 0 0 1 0 0 1 0 0 1 0 0 1 0 0 1 0 0 1 0 0 1 0 0 1 0 0 1 0 0 1 0 0 1 0 0 1 0 0 1 0 0 1 0 0 1 0 0 1 0 0 1 0 0 1 0 0 1 0 0 -1 0 0 -1 0 0 -1 0 0 -1 0 0 -1 0 0 -1 0 0 -1 0 0 -1 0 0 -1 0 0 -1 0 0 -1 0 0 -1 0 0 -1 0 0 -1 0 0 -1 0 0 -1 0 0 -1 0 0 -1 0 0 -1 0 0 -1 0 0 -1 0 0 -1 0 0 -1 0 0 -1 0 0 -1 0 0 -1 0 0 -1 0 0 -1 0 0 -1 0 0 -1 0 0 -1 0 0 -1 0 0 -1 0 0 -1 0 0 -1 0 0 -1 0 0 -1 0 0 -1 0 0 -1 0 0 -1 0 0 -1 0 0 -1 0 0 -1 0 0 -1 0 0 -1 0 0 -1 0 0 -1 0 0 -1 0 0 -1 0 0 -1 0 0 -1 0 0 -1 0 0 -1 0 0 -1 0 0 -1 0 0 -1 0 0 -1 0 0 -1 0 0 -1 0 0 -1 0 0 -1 0 0 -1 0 0 -1 0 0 -1 0 0 -1 0 0 -1 0 0 -1 0 0 -1 0 0 -1 0 0 -1 0 0 -1 0 0 -1 0 0 -1 0 0 -1 0 0 -1 0 0 -1 0 0 -1 0 0 -1 0 0 -1 0 0 -1 3.85284e-6 -8.77292e-6 -1 0 -3.81431e-7 -1 0 -3.81431e-7 -1 0 -3.81432e-7 -1 0 -3.81432e-7 -1 0 -3.81431e-7 -1 0 -3.81431e-7 -1 0 -3.81431e-7 -1 0 -3.81431e-7 -1 0 -3.81432e-7 -1 0 -3.81431e-7 -1 0 -3.81431e-7 -1 0 -3.81431e-7 -1 0 -3.81431e-7 -1 0 -3.81432e-7 -1 0 -3.81431e-7 -1 0 -3.81431e-7 -1 0 -3.81431e-7 -1 0 -3.81431e-7 -1 -3.85284e-6 1.14429e-6 -1 0 0 -1 0 0 -1 0 0 0 1 0 0 1 0 0 1 0 0 1 0 0 1 0 0 1 0 0 1 0 0 1 0 0 1 0 0 1 0 0 1 0 0 1 0 0 1 0 0 1 0 0 1 0 0 1 0 0 1 0 0 1 0 0 1 0 0 1 0 0 1 0 0 1 0 0 1 0 0 1 0 0 1 0 0 1 0 0 1 0 0 1 0 0 1 0 0 1 0 0 1 0 0 1 0 0 1 0 0 1 0 0 1 0 0 1 0 0 1 0 0 1 0 0 1 0 0 1 0 0 1 0 0 1 0 0 1 0 0 1 0 0 1 0 0 1 0 0 1 0 0 1 0 0 1 0 0 1 0 0 -1 0 0 -1 0 0 -1 0 0 0 1 0 0 1 0 0 1 0 0 1 0 0 1 0 0 1 0 0 1 0 0 1 0 0 1 0 0 1 0 0 1 0 0 1 0 0 1 0 0 1 0 0 1 0 0 1 0 0 1 0 0 1 0 0 1 0 0 1 0 0 1 0 0 1 0 0 1 0 0 1 0 0 1 0 0 1 0 0 1 0 0 1 0 0 1 0 0 1 0 0 1 0 0 1 0 0 1 0 0 1 0 0 1 0 0 1 0 0 1 0 0 1 0 0 1 0 0 1 0 0 1 0 0 1 0 0 1 0 0 1 0 0 1 0 0 1 0 0 1 0 0 1 0 0 1 0 0 1 0 0 1 0 0 1 0 9.63211e-7 1 0 9.63211e-7 1 0 9.63211e-7 1 0 9.63211e-7 1 0 9.63211e-7 1 0 9.63211e-7 1 0 9.63211e-7 1 0 9.63211e-7 1 0 9.63211e-7 1 0 9.63211e-7 1 0 9.63211e-7 1 0 9.63211e-7 1 0 9.63211e-7 1 0 9.63211e-7 1 0 9.63211e-7 1 0 9.63211e-7 1 0 9.63211e-7 1 0 9.63211e-7 1 0 9.63211e-7 1 0 9.63211e-7 1 0 9.63211e-7 1 0 9.63211e-7 1 0 9.63211e-7 1 0 9.63211e-7 1 0 9.63211e-7 1 0 9.63211e-7 1 0 9.63211e-7 1 0 9.63211e-7 1 0 9.63211e-7 1 0 9.63211e-7 1 0 9.63211e-7 1 0 9.63211e-7 1 0 9.63211e-7 1 0 9.63211e-7 1 0 9.63211e-7 1 0 9.63211e-7 1 0 9.63211e-7 1 0 9.63211e-7 1 0 9.63211e-7 1 0 9.63211e-7 1 0 9.63211e-7 1 0 9.63211e-7 1 0 9.63211e-7 1 0 9.63211e-7 1 0 9.63211e-7 1 0 9.63211e-7 1 0 9.63211e-7 1 0 9.63211e-7 1 0 9.63211e-7 1 0 9.63211e-7 1 0 9.63211e-7 1 0 9.63211e-7 1 0 9.63211e-7 1 0 9.63211e-7 1 0 9.63211e-7 1 0 9.63211e-7 1 0 9.63211e-7 1 0 9.63211e-7 1 0 9.63211e-7 1 0 9.63211e-7 1 0 9.63211e-7 1 0 9.63211e-7 1 0 9.63211e-7 1 0 9.63211e-7 1 0 9.63211e-7 1 0 9.63211e-7 1 0 9.63211e-7 1 0 9.63211e-7 1 0 9.63211e-7 1 0 9.63211e-7 1 0 9.63211e-7 1 0 9.63211e-7 1 0 9.63211e-7 1 0 9.63211e-7 1 0 9.63211e-7 1 0 9.63211e-7 1 0 9.63211e-7 1 0 9.63211e-7 1 0 9.63211e-7 1 0 9.63211e-7 1 0 9.63209e-7 1 0 9.63213e-7 1 -1.92642e-6 0 1 -1.92642e-6 0 1 -1.92642e-6 0 1 -1.92642e-6 0 1 3.85285e-6 9.63211e-7 1 -2.88963e-6 0 1 4.81606e-6 9.63211e-7 1 -3.85285e-6 0 1 -3.85284e-6 0 1 -3.85284e-6 0 1 7.70569e-6 9.63212e-7 1 -4.81606e-6 0 1 8.66891e-6 9.63211e-7 1 -5.77927e-6 0 1 -5.77926e-6 0 1 -5.77927e-6 0 1 -5.77927e-6 0 1 1.25218e-5 9.63211e-7 1 1.25217e-5 9.6321e-7 1 -7.70569e-6 0 1 -7.70569e-6 0 1 -7.70568e-6 0 1 -7.70569e-6 0 1 1.63746e-5 9.6321e-7 1 -8.66889e-6 0 1 1.73377e-5 9.63208e-7 1 -9.6321e-6 0 1 -9.63213e-6 0 1 -9.63213e-6 0 1 2.02272e-5 9.63202e-7 1 -1.05954e-5 0 1 2.11905e-5 9.63206e-7 1 -1.15586e-5 0 1 -1.15585e-5 0 1 -1.15585e-5 0 1 -1.15585e-5 0 1 2.50434e-5 9.6321e-7 1 2.50435e-5 9.63213e-7 1 -1.34849e-5 0 1 -1.34849e-5 0 1 -1.34849e-5 0 1 -1.3485e-5 0 1 2.88963e-5 9.6321e-7 1 -1.44482e-5 0 1 2.98597e-5 9.63214e-7 1 -1.54113e-5 0 1 -1.54114e-5 0 1 -1.54114e-5 0 1 -1.54114e-5 0 1 3.37123e-5 9.6321e-7 1 3.37125e-5 9.63214e-7 1 -1.73378e-5 0 1 -1.73378e-5 0 1 -1.73378e-5 0 1 -1.73378e-5 0 1 3.75654e-5 9.63214e-7 1 3.75654e-5 9.63214e-7 1 -1.92643e-5 0 1 -1.92642e-5 0 1 -1.92642e-5 0 1 -1.92641e-5 0 1 4.14181e-5 9.63208e-7 1 1.05955e-5 4.81608e-7 1 -2.11905e-5 0 1 -2.11908e-5 0 1 -2.11906e-5 0 1 -2.11908e-5 0 1 4.62338e-5 9.63206e-7 1 4.62343e-5 9.63214e-7 1 -2.31171e-5 0 1 -2.31171e-5 0 1 -2.31171e-5 0 1 -2.31171e-5 0 1 5.00867e-5 9.63206e-7 1 -2.40803e-5 0 1 5.10499e-5 9.63206e-7 1 -2.50435e-5 0 1 -2.50432e-5 0 1 -2.50437e-5 0 1 5.39387e-5 9.63199e-7 1 -2.60067e-5 0 1 5.49027e-5 9.63204e-7 1 -2.69699e-5 0 1 0 3.13604e-7 1 0 0 1 0 0 1 0 0 1 0 0 1 0 0 1 0 0 1 0 0 1 0 0 1 0 0 1 0 0 1 0 0 1 0 0 1 0 0 1 0 0 1 0 0 1 0 0 1 0 0 1 0 0 1 0 0 1 0 0 1 0 0 1 0 0 1 0 0 1 0 0 1 0 0 1 0 0 1 0 0 1 0 0 1 0 0 1 0 0 1 0 0 1 0 0 1 0 0 1 0 0 1 0 0 1 0 0 1 0 0 1 0 0 1 0 0 1 0 0 1 0 0 1 0 0 1 0 0 1 0 0 1 0 0 1 0 0 1 0 0 1 0 0 1 0 0 1 0 0 1 0 0 1 0 0 1 0 0 1 0 0 1 0 0 1 0 0 1 0 0 1 0 0 1 0 0 1 0 0 1 0 0 1 0 0 1 0 0 1 0 0 1 0 0 1 0 0 1 0 0 1 0 0 1 0 0 1 0 0 1 0 0 1 0 0 1 0 0 1 0 0 1 0 0 1 0 0 1 0 0 1 0 0 1 0 0 1 0 0 1 0 -1 0 0 -1 0 0 -1 0 0 -1 0 0 -1 0 0 -1 0 0 -1 0 0 -1 0 0 -1 0 0 -1 0 0 -1 0 0 -1 0 0 -1 0 0 -1 0 0 -1 0 0 -1 0 0 -1 0 0 -1 0 0 -1 0 0 -1 0 0 -1 0 0 -1 0 0 -1 0 0 -1 0 0 -1 0 0 -1 0 0 -1 0 1.62705e-7 1 -2.68194e-7 0 1 -8.64182e-7 0 1 -8.64179e-7 1.69314e-7 1 -1.93696e-7 0 0 1 0 0 -1 0 0 1 0 0 -1 0 0 -1 0 0 1 0 0 -1 0 0 1 0 0 -1 0 0 1 0 0 -1 0 0 1 0 0 -1 0 0 -1 0 0 1 0 0 -1 0 0 1 0 0 -1 0 0 1 0 0 -1 0 0 1 0 0 -1 0 0 -1 0 0 1 0 0 -1 0 0 1 0 0 -1 0 0 -1 0 0 1 0 0 1 0 0 -1 0 0 -1 0 0 1 0 0 -1 0 0 1 0 0 -1 0 0 -1 0 0 1 0 0 -1 0 -1 1.90716e-7 0 -1 1.90716e-7 -7.52509e-7 -1 3.39712e-7 0 -1 0 0 -1 0 0 -1 0 -7.52508e-7 -1 5.63207e-7 0 -1 0 0 -1 0 0 -1 0 0 -1 0 -7.52507e-7 -1 8.61199e-7 0 -1 0 0 -1 0 0 -1 0 -7.52508e-7 -1 1.0847e-6 0 -1 0 0 -1 0 0 -1 0 0 -1 0 -7.5251e-7 -1 1.38269e-6 0 -1 -1.81776e-7 0 -1 -1.81776e-7 0 -1 -1.81776e-7 0 -1 -1.81776e-7 -7.52507e-7 -1 1.68068e-6 0 -1 -2.56274e-7 0 -1 -2.56273e-7 0 -1 -2.56275e-7 0 -1 -2.56273e-7 -7.5251e-7 -1 1.97868e-6 0 -1 -3.30771e-7 0 -1 -3.30773e-7 0 -1 -3.30772e-7 -7.52507e-7 -1 2.20216e-6 0 -1 -4.05272e-7 0 -1 -4.05271e-7 0 -1 -4.05271e-7 0 -1 -4.05271e-7 -7.5251e-7 -1 2.50017e-6 -1.60284e-7 -1 1.54956e-7 0 0 -1 0 0 1 0 0 -1 0 0 1 0 0 -1 0 0 1 0 0 -1 0 0 -1 0 0 1 0 0 -1 0 0 1 0 0 -1 0 0 1 0 0 -1 0 0 1 0 0 -1 0 0 -1 0 0 1 0 0 -1 0 0 1 0 0 -1 0 0 1 0 0 -1 0 0 1 0 0 -1 0 0 -1 0 0 1 0 0 -1 0 0 1 0 0 -1 0 0 -1 0 0 1 0 0 -1 0 0 1 0 0 -1 0 0 1 0 0 -1 0 0 1 -1 0 2.23495e-7 -1 0 2.23495e-7 -1 0 2.23495e-7 -1 0 2.23495e-7 -1 0 2.23495e-7 -1 0 2.23495e-7 -1 0 2.23495e-7 -1 0 2.23495e-7 -1 0 2.23495e-7 -1 0 2.23495e-7 -1 0 2.23495e-7 -1 0 2.23495e-7 -1 0 2.23495e-7 -1 0 2.23495e-7 -1 0 2.23495e-7 -1 0 2.23495e-7 -1 0 2.23495e-7 -1 0 2.23495e-7 -1 0 2.23495e-7 -1 0 2.23495e-7 -1 0 2.23495e-7 -1 0 2.23495e-7 -1 0 2.23495e-7 -1 0 2.23495e-7 -1 0 2.23495e-7 -1 0 2.23495e-7 -1 0 2.23495e-7 -1 0 2.23495e-7 -1 0 2.23495e-7 -1 0 2.23495e-7 -1 0 2.23495e-7 -1 0 2.23495e-7 -1 0 2.23495e-7 -1 0 2.23495e-7 -1 0 2.23495e-7 -1 0 2.23495e-7 -1 0 2.23495e-7 -1 0 2.23495e-7 -1 0 2.23495e-7 -1 0 2.23495e-7 -1 0 2.23495e-7 -1 0 2.23495e-7 -1 0 2.23495e-7 -1 0 2.23495e-7 -1 0 2.23495e-7 -1 0 2.23495e-7 -1 0 2.23495e-7 -1 0 2.23495e-7 -1 0 2.23495e-7 -1 0 2.23495e-7 -1 0 2.23495e-7 -1 0 2.23495e-7 -1 0 2.23495e-7 -1 0 2.23495e-7 -1 0 2.23495e-7 -1 0 2.23495e-7 -1 0 2.23495e-7 -1 0 2.23495e-7 -1 0 2.23495e-7 -1 0 2.23495e-7 -1 0 2.23495e-7 -1 0 2.23495e-7 -1 0 2.23495e-7 -1 0 2.23495e-7 -1 0 2.23495e-7 -1 0 2.23495e-7 -1 0 2.23495e-7 -1 0 2.23495e-7 -1 0 2.23495e-7 -1 0 2.23495e-7 -1 0 2.23495e-7 -1 0 2.23495e-7 -1 0 2.23495e-7 -1 0 2.23495e-7 1 0 -2.26475e-7 1 0 -2.26475e-7 1 0 -2.26475e-7 1 0 -2.26475e-7 1 0 -2.26475e-7 1 0 -2.26475e-7 1 0 -2.26475e-7 1 0 -2.26475e-7 1 0 -2.26475e-7 1 0 -2.26475e-7 1 0 -2.26475e-7 1 0 -2.26475e-7 1 0 -2.26475e-7 1 0 -2.26475e-7 1 0 -2.26475e-7 1 0 -2.26475e-7 1 0 -2.26475e-7 1 0 -2.26475e-7 1 0 -2.26475e-7 1 0 -2.26475e-7 1 0 -2.26475e-7 1 0 -2.26475e-7 1 0 -2.26475e-7 1 0 -2.26475e-7 1 0 -2.26475e-7 1 0 -2.26475e-7 1 0 -2.26475e-7 1 0 -2.26475e-7 1 0 -2.26475e-7 1 0 -2.26475e-7 1 0 -2.26475e-7 1 0 -2.26475e-7 1 0 -2.26475e-7 1 0 -2.26475e-7 1 0 -2.26475e-7 1 0 -2.26475e-7 1 0 -2.26475e-7 1 0 -2.26475e-7 1 0 -2.26475e-7 1 0 -2.26475e-7 1 0 -2.26475e-7 1 0 -2.26475e-7 1 0 -2.26475e-7 1 0 -2.26475e-7 1 0 -2.26475e-7 1 0 -2.26475e-7 1 0 -2.26475e-7 1 0 -2.26475e-7 1 0 -2.26475e-7 1 0 -2.26475e-7 1 0 -2.26475e-7 1 0 -2.26475e-7 1 0 -2.26475e-7 1 0 -2.26475e-7 1 0 -2.26475e-7 1 0 -2.26475e-7 1 0 -2.26475e-7 1 0 -2.26475e-7 1 0 -2.26475e-7 1 0 -2.26475e-7 1 0 -2.26475e-7 1 0 -2.26475e-7 1 0 -2.26475e-7 1 0 -2.26475e-7 1 0 -2.26475e-7 1 0 -2.26475e-7 1 0 -2.26475e-7 1 0 -2.26475e-7 1 0 -2.26475e-7 1 0 -2.26475e-7 1 0 -2.26475e-7 1 0 -2.26475e-7 1 0 -2.26475e-7 1 0 -2.26475e-7 1 0 -2.26475e-7 1 0 -2.26475e-7 1 0 -2.26475e-7 1 0 -2.26475e-7 1 0 -2.26475e-7 1 0 -2.26475e-7 1 0 -2.26475e-7 1 0 -2.26475e-7 1 0 -2.26475e-7 1 0 -2.26475e-7 1 0 -2.26475e-7 1 0 -2.26475e-7 1 0 -2.26475e-7 1 0 -2.26475e-7 1 0 -2.26475e-7 1 0 -2.26475e-7 1 0 -2.26475e-7 1 0 -2.26475e-7 1 0 -2.26475e-7 1 0 -2.26475e-7 1 0 -2.26475e-7 1 0 -2.26475e-7 1 0 -2.26475e-7 1 0 -2.26475e-7 1 0 -2.26475e-7 1 0 -2.26475e-7 1 0 -2.26475e-7 1 0 -2.26475e-7 1 0 -2.26475e-7 1 0 -2.26475e-7 1 0 -2.26475e-7 1 0 -2.26475e-7 1 0 -2.26475e-7 1 0 -2.26475e-7 1 0 -2.26475e-7 1 0 -2.26475e-7 1 0 -2.26475e-7 1 0 -2.26475e-7 1 0 -2.26475e-7 1 0 -2.26475e-7 1 0 -2.26475e-7 1 0 -2.26475e-7 1 0 -2.26475e-7 1 0 -2.26475e-7 1 0 -2.26475e-7 1 0 -2.26475e-7 1 0 -2.26475e-7 1 0 -2.26475e-7 0 1 0 0 1 0 0 1 0 0 1 0 0 1 0 0 1 0 0 1 0 0 1 0 0 1 0 0 1 0 0 1 0 0 1 0 0 1 0 0 1 0 0 1 0 0 1 0 0 1 0 0 1 0 0 1 0 0 1 0 0 1 0 0 1 0 0 1 0 0 1 0 0 1 0 0 1 0 0 1 0 0 0 1 9.6321e-7 9.6321e-7 1 -9.63211e-7 0 1 -9.63211e-7 0 1 0 2.40803e-7 1 0 2.40803e-7 1 0 2.40803e-7 1 0 2.40803e-7 1 0 2.40803e-7 1 0 2.40803e-7 1 0 2.40803e-7 1 0 -1 0 0 -1 0 0 -1 0 0 -1 0 0 -1 0 1 0 -3.81431e-7 1 0 -3.81431e-7 1 0 -3.81431e-7 1 0 -3.81431e-7 1 0 -3.81431e-7 1 0 -3.81431e-7 1 0 -3.81431e-7 1 0 -3.81431e-7 0 0 1 0 0 1 1.92642e-6 9.6321e-7 1 -9.63211e-7 0 1 0 2.40803e-7 1 0 2.40803e-7 1 0 2.40803e-7 1 0 2.40803e-7 1 0 2.40803e-7 1 0 2.40803e-7 1 0 2.40803e-7 1 0 0 1 0 0 1 1.92642e-6 9.63211e-7 1 -9.63211e-7 0 1 0 2.40803e-7 1 0 2.40803e-7 1 0 2.40803e-7 1 0 2.40803e-7 1 0 2.40803e-7 1 0 2.40803e-7 1 0 2.40803e-7 1 1 0 -7.62862e-7 1 0 -7.62862e-7 1 0 -7.62862e-7 1 0 -7.62862e-7 1 0 -7.62862e-7 1 0 -7.62862e-7 1 0 -7.62862e-7 1 0 -7.62862e-7 1 0 -7.62862e-7 1 0 -7.62862e-7 1 0 -7.62862e-7 1 0 -7.62862e-7 1 0 -7.62862e-7 1 0 -7.62862e-7 1 0 -7.62862e-7 1 0 -7.62862e-7 1 0 -7.62862e-7 1 0 -7.62862e-7 1 0 -7.62862e-7 1 0 -7.62862e-7 1 0 -7.62862e-7 1 0 -7.62862e-7 1 0 -7.62862e-7 1 0 -7.62862e-7 1 0 -7.62862e-7 1 0 -7.62862e-7 1 0 -7.62862e-7 1 0 -7.62862e-7 1 0 -7.62862e-7 1 0 -7.62862e-7 1 0 -7.62862e-7 1 0 -7.62862e-7 1 0 -7.62862e-7 1 0 -7.62862e-7 1 0 -7.62862e-7 1 0 -7.62862e-7 1 0 -7.62862e-7 1 0 -7.62862e-7 1 0 -7.62862e-7 1 0 -7.62862e-7 1 0 -7.62862e-7 1 0 -7.62862e-7 1 0 -7.62862e-7 1 0 -7.62862e-7 1 0 -7.62862e-7 1 0 -7.62862e-7 1 0 -7.62862e-7 1 0 -7.62862e-7 1 0 -7.62862e-7 1 0 -7.62862e-7 1 0 -7.62862e-7 1 0 -7.62862e-7 1 0 -7.62862e-7 1 0 -7.62862e-7 1 0 -7.62862e-7 1 0 -7.62862e-7 1 0 -7.62862e-7 1 0 -7.62862e-7 1 0 -7.62862e-7 1 0 -7.62862e-7 1 0 -7.62862e-7 1 0 -7.62862e-7 1 0 -7.62862e-7 1 0 -7.62862e-7 1 0 -7.62862e-7 1 0 -7.62862e-7 1 0 -7.62862e-7 1 0 -7.62862e-7 1 0 -7.62862e-7 1 0 -7.62862e-7 1 0 -7.62862e-7 1 0 -7.62862e-7 1 0 -7.62862e-7 1 0 -7.62862e-7 1 0 -7.62862e-7 1 0 -7.62862e-7 1 0 -7.62862e-7 1 0 -7.62862e-7 1 0 -7.62862e-7 1 0 -7.62862e-7 1 0 -7.62862e-7 1 0 -7.62862e-7 1 0 -7.62862e-7 1 0 -7.62862e-7 1 0 -7.62862e-7 1 0 -7.62862e-7 1 0 -7.62862e-7 1 0 -7.62862e-7 1 0 -7.62862e-7 1 0 -7.62862e-7 1 0 -7.62862e-7 1 0 -7.62862e-7 0 9.63211e-7 1 0 9.63211e-7 1 -1.92643e-6 0 1 -1.92643e-6 0 1 -1.92643e-6 0 1 -1.92643e-6 0 1 3.85285e-6 9.6321e-7 1 -2.88964e-6 0 1 4.81606e-6 9.6321e-7 1 -3.85285e-6 0 1 -3.85285e-6 0 1 -3.85285e-6 0 1 7.70569e-6 9.6321e-7 1 -4.81607e-6 0 1 8.66891e-6 9.6321e-7 1 -5.77928e-6 0 1 -5.77928e-6 0 1 -5.77928e-6 0 1 -5.77927e-6 0 1 1.25218e-5 9.63212e-7 1 1.25218e-5 9.63212e-7 1 -7.70569e-6 0 1 -7.70571e-6 0 1 -7.70569e-6 0 1 -7.70571e-6 0 1 1.63746e-5 9.63208e-7 1 -8.66892e-6 0 1 1.73379e-5 9.63212e-7 1 -9.63211e-6 0 1 -9.63212e-6 0 1 -9.63214e-6 0 1 -9.63214e-6 0 1 2.11907e-5 9.6321e-7 1 2.11908e-5 9.63212e-7 1 -1.15586e-5 0 1 -1.15586e-5 0 1 -1.15585e-5 0 1 -1.15585e-5 0 1 2.50437e-5 9.63216e-7 1 2.50434e-5 9.63208e-7 1 -1.3485e-5 0 1 -1.34849e-5 0 1 -1.3485e-5 0 1 -1.3485e-5 0 1 2.88964e-5 9.63212e-7 1 -1.44482e-5 0 1 0 3.1409e-7 1 0 3.1409e-7 1 0 3.1409e-7 1 -1 0 7.62862e-7 -1 0 7.62862e-7 -1 0 7.62862e-7 -1 0 7.62862e-7 -1 0 7.62862e-7 -1 0 7.62862e-7 -1 0 7.62862e-7 -1 0 7.62862e-7 -1 0 7.62862e-7 -1 0 7.62862e-7 -1 0 7.62862e-7 -1 0 7.62862e-7 -1 0 7.62862e-7 -1 0 7.62862e-7 -1 0 7.62862e-7 -1 0 7.62862e-7 -1 0 7.62862e-7 -1 0 7.62862e-7 -1 0 7.62862e-7 -1 0 7.62862e-7 -1 0 7.62862e-7 -1 0 7.62862e-7 -1 0 7.62862e-7 -1 0 7.62862e-7 -1 0 7.62862e-7 -1 0 7.62862e-7 -1 0 7.62862e-7 -1 0 7.62862e-7 -1 0 7.62862e-7 -1 0 7.62862e-7 -1 0 7.62862e-7 -1 0 7.62862e-7 -1 0 7.62862e-7 -1 0 7.62862e-7 -1 0 7.62862e-7 -1 0 7.62862e-7 -1 0 7.62862e-7 -1 0 7.62862e-7 -1 0 7.62862e-7 -1 0 7.62862e-7 -1 0 7.62862e-7 -1 0 7.62862e-7 -1 0 7.62862e-7 -1 0 7.62862e-7 -1 0 7.62862e-7 -1 0 7.62862e-7 -1 0 7.62862e-7 -1 0 7.62862e-7 -1 0 7.62862e-7 -1 0 7.62862e-7 -1 0 7.62862e-7 -1 0 7.62862e-7 -1 0 7.62862e-7 -1 0 7.62862e-7 -1 0 7.62862e-7 -1 0 7.62862e-7 -1 0 7.62862e-7 -1 0 7.62862e-7 -1 0 7.62862e-7 -1 0 7.62862e-7 -1 0 7.62862e-7 -1 0 7.62862e-7 -1 0 7.62862e-7 -1 0 7.62862e-7 -1 0 7.62862e-7 -1 0 7.62862e-7 -1 0 7.62862e-7 -1 0 7.62862e-7 -1 0 7.62862e-7 -1 0 7.62862e-7 -1 0 7.62862e-7 -1 0 7.62862e-7 -1 0 7.62862e-7 -1 0 7.62862e-7 -1 0 7.62862e-7 -1 0 7.62862e-7 -1 0 7.62862e-7 -1 0 7.62862e-7 -1 0 7.62862e-7 -1 0 7.62862e-7 -1 0 7.62862e-7 -1 0 7.62862e-7 -1 0 7.62862e-7 -1 0 7.62862e-7 -1 0 7.62862e-7 -1 0 7.62862e-7 -1 0 7.62862e-7 -1 0 7.62862e-7 0 1 -1.90716e-7 0 1 -1.90716e-7 0 1 -1.90716e-7 0 9.6321e-7 1 0 9.6321e-7 1 0 9.6321e-7 1 0 9.6321e-7 1 0 9.6321e-7 1 0 9.63209e-7 1 0 9.63209e-7 1 0 9.63209e-7 1 0 9.63209e-7 1 0 9.6321e-7 1 0 9.6321e-7 1 0 9.6321e-7 1 0 9.6321e-7 1 0 9.6321e-7 1 0 9.6321e-7 1 0 9.63211e-7 1 0 9.6321e-7 1 0 9.6321e-7 1 0 9.6321e-7 1 0 9.6321e-7 1 0 9.6321e-7 1 0 9.6321e-7 1 0 9.6321e-7 1 0 9.6321e-7 1 0 9.6321e-7 1 0 9.6321e-7 1 0 0 1 0 0 1 0 0 1 0 0 1 0 0 1 0 0 1 0 0 1 0 0 1 0 0 1 0 0 1 0 0 1 0 0 1 0 0 1 0 0 1 0 0 1 0 0 1 0 0 1 0 0 1 0 0 1 0 0 1 0 0 1 0 0 1 0 0 1 0 0 1 0 0 1 0 0 1 0 -1 5.72147e-7 0 -1 5.72147e-7 0 -1 5.72147e-7 0 -1 5.72147e-7 0 -1 5.72147e-7 0 -1 5.72147e-7 0 -1 5.72147e-7 0 -1 5.72146e-7 0 -1 5.72147e-7 0 -1 5.72147e-7 0 -1 5.72147e-7 0 -1 5.72147e-7 0 -1 5.72147e-7 0 -1 5.72147e-7 0 1 -1.90716e-7 0 1 -1.90716e-7 0 1 -1.90716e-7 0 1 -1.90716e-7 1.56522e-6 1 4.29109e-7 0 1 -3.45672e-7 0 1 -3.45672e-7 0 1 -3.45672e-7 0 1 -3.45672e-7 0 1 -3.45672e-7 0 1 -3.45672e-7 1.44481e-6 1 1.22773e-6 0 1 -4.88709e-7 1.6671e-7 1 -2.74154e-7 0 0 -1 0 0 -1 0 0 -1 0 0 -1 0 0 1 0 0 -1 0 0 -1 0 0 1 0 0 -1 0 0 -1 0 0 -1 0 0 -1 0 1 -5.72147e-7 0 1 -5.72147e-7 0 1 -5.72147e-7 0 1 -5.72147e-7 0 1 -5.72147e-7 0 1 -5.72147e-7 0 1 -5.72147e-7 0 1 -5.72147e-7 0 1 -5.72147e-7 0 1 -5.72147e-7 0 1 -5.72146e-7 0 1 -5.72148e-7 0 1 -5.72147e-7 0 1 -1.90716e-7 0 1 -1.90716e-7 0 1 -1.90716e-7 0 1 -1.90716e-7 0 1 -1.90716e-7 0 1 -1.90716e-7 0 1 -1.90716e-7 0 1 -1.90716e-7 0 1 -1.90716e-7 0 1 -1.90716e-7 0 1 -1.90715e-7 0 1 -1.90716e-7 0 1 -1.90716e-7 0 1 -1.90716e-7 0 0 1 0 0 1 0 0 1 0 0 1 0 0 1 0 0 1 0 0 1 0 0 1 0 0 1 0 0 1 0 0 1 0 0 1 0 0 1 0 0 1 0 0 1 0 0 1 0 0 1 0 0 1 0 0 1 0 0 1 0 0 1 0 0 1 0 0 1 0 0 1 0 0 1 0 0 1 0 -1 1.90716e-7 0 -1 1.90716e-7 0 -1 1.90716e-7 0 -1 1.90716e-7 0 -1 1.90716e-7 0 -1 1.90716e-7 0 -1 1.90716e-7 0 -1 1.90715e-7 0 -1 1.90716e-7 0 -1 1.90716e-7 0 -1 1.90716e-7 0 -1 1.90716e-7 0 -1 1.90716e-7 0 -1 1.90716e-7 0 9.63213e-7 1 -4.81606e-7 0 1 -4.81606e-7 0 1 -4.81606e-7 0 1 -4.81606e-7 0 1 1.92642e-6 9.63209e-7 1 -9.63211e-7 0 1 0 2.75203e-7 1 0 9.63209e-7 1 -9.63211e-7 0 1 0 4.81604e-7 1 0 4.81604e-7 1 0 4.81604e-7 1 0 4.81604e-7 1 0 4.81604e-7 1 0 4.81604e-7 1 0 4.81604e-7 1 0 4.81604e-7 1 0 4.81604e-7 1 0 4.81604e-7 1 0 4.81604e-7 1 0 4.81604e-7 1 0 4.81604e-7 1 0 4.81604e-7 1 0 4.81604e-7 1 0 4.81604e-7 1 0 4.81604e-7 1 0 4.81604e-7 1 0 4.81604e-7 1 0 4.81604e-7 1 0 4.81604e-7 1 0 4.81604e-7 1 0 4.81604e-7 1 0 4.81604e-7 1 0 4.81604e-7 1 0 4.81604e-7 1 0 4.81604e-7 1 0 4.81604e-7 1 0 4.81604e-7 1 0 4.81604e-7 1 0 4.81604e-7 1 0 4.81604e-7 1 0 4.81604e-7 1 0 4.81604e-7 1 0 4.81604e-7 1 0 4.81604e-7 1 0 4.81604e-7 1 0 4.81604e-7 1 0 4.81604e-7 1 0 4.81604e-7 1 0 4.81604e-7 1 0 4.81604e-7 1 0 4.81604e-7 1 0 4.81604e-7 1 0 4.81604e-7 1 0 4.81604e-7 1 0 4.81604e-7 1 0 4.81604e-7 1 0 4.81604e-7 1 0 4.81604e-7 1 0 4.81604e-7 1 0 4.81604e-7 1 0 4.81604e-7 1 0 4.81604e-7 1 0 4.81604e-7 1 0 4.81604e-7 1 0 4.81604e-7 1 0 4.81604e-7 1 0 4.81604e-7 1 0 4.81604e-7 1 0 4.81604e-7 1 0 4.81604e-7 1 0 4.81604e-7 1 0 4.81604e-7 1 0 4.81604e-7 1 0 4.81604e-7 1 0 4.81604e-7 1 0 4.81604e-7 1 0 4.81604e-7 1 0 4.81604e-7 1 0 4.81604e-7 1 0 4.81604e-7 1 0 4.81604e-7 1 0 4.81604e-7 1 0 4.81604e-7 1 0 4.81604e-7 1 0 4.81604e-7 1 0 4.81604e-7 1 0 4.81604e-7 1 0 4.81604e-7 1 0 4.81604e-7 1 0 4.81604e-7 1 0 4.81604e-7 1 0 4.81604e-7 1 0 4.81604e-7 1 0 4.81604e-7 1 0 4.81604e-7 1 0 4.81604e-7 1 0 4.81604e-7 1 1 7.70567e-6 0 1 0 -7.62862e-7 1 0 -7.62862e-7 0 1 0 0 1 0 0 1 0 0 1 0 0 1 0 0 1 0 0 1 0 0 1 0 0 1 0 0 1 0 0 1 0 0 1 0 0 1 0 0 1 0 0 1 0 0 1 0 0 1 0 0 1 0 0 1 0 0 1 0 0 1 0 0 1 0 0 1 0 0 1 0 0 1 0 0 1 0 0 1 0 0 1 0 0 1 0 0 1 0 0 1 0 0 1 0 0 1 0 0 1 0 0 1 0 0 1 0 0 1 0 0 1 0 0 1 0 0 1 0 0 1 0 0 1 0 0 1 0 0 1 0 0 1 0 0 1 0 0 1 0 0 1 0 0 1 0 1 0 -3.81431e-7 1 0 -3.81431e-7 1 0 -3.81431e-7 1 0 -3.81431e-7 1 0 -3.81431e-7 1 0 -3.81431e-7 1 0 -3.81431e-7 1 0 -3.81431e-7 1 0 -3.81431e-7 1 0 -3.81431e-7 1 0 -3.81431e-7 1 0 -3.81431e-7 1 0 -3.81431e-7 1 0 -3.81431e-7 -1 0 5.95986e-7 -1 3.13043e-6 2.86073e-7 -1 0 2.86073e-7 -1 0 2.86073e-7 -1 0 2.23495e-7 -1 0 2.23495e-7 -1 0 2.23496e-7 -1 0 2.23495e-7 -1 0 2.23495e-7 -1 0 2.23495e-7 -1 0 2.23495e-7 -1 0 2.23495e-7 -1 0 2.23495e-7 -1 0 2.23495e-7 -1 0 2.23495e-7 -1 0 2.23495e-7 -1 0 2.23495e-7 -1 0 2.23495e-7 -1 0 2.23495e-7 -1 0 2.23495e-7 -1 0 2.23495e-7 -1 0 2.23495e-7 -1 0 2.23495e-7 -1 0 2.23495e-7 -1 0 2.23495e-7 -1 0 2.23495e-7 -1 0 2.23495e-7 -1 0 2.23495e-7 -1 0 2.23495e-7 -1 0 2.23495e-7 -1 0 2.23495e-7 -1 0 2.23495e-7 -1 0 2.23495e-7 -1 0 2.23495e-7 -1 0 2.23495e-7 -1 0 2.23495e-7 -1 0 2.23495e-7 -1 0 2.23495e-7 -1 0 2.23495e-7 -1 0 2.23495e-7 -1 0 2.23495e-7 -1 0 2.23495e-7 -1 0 2.23495e-7 -1 0 2.23495e-7 -1 0 2.23495e-7 -1 0 2.23495e-7 -1 0 2.23495e-7 -1 0 2.23495e-7 -1 0 2.23495e-7 -1 0 2.23495e-7 -1 0 2.23495e-7 -1 0 2.23495e-7 -1 0 0 -1 0 0 -1 0 0 -1 0 0 -1 0 0 -1 0 0 -1 0 0 -1 0 0 -1 0 0 -1 0 0 -1 0 0 0 0 1 0 0 1 0 0 1 0 0 1 3.85283e-6 9.6321e-7 1 -9.6321e-7 0 1 4.81604e-6 9.63211e-7 1 -1.92642e-6 0 1 -1.92642e-6 0 1 -1.92642e-6 0 1 -1.92642e-6 0 1 8.66888e-6 9.63211e-7 1 8.6689e-6 9.63211e-7 1 -3.85284e-6 0 1 -3.85284e-6 0 1 -3.85284e-6 0 1 -3.85284e-6 0 1 1.25218e-5 9.63212e-7 1 1.25217e-5 9.63213e-7 1 -5.77926e-6 0 1 -5.77926e-6 0 1 -5.77926e-6 0 1 -5.77927e-6 0 1 1.63746e-5 9.6321e-7 1 -6.74247e-6 0 1 1.73378e-5 9.63212e-7 1 -7.70568e-6 0 1 -7.70568e-6 0 1 -7.70569e-6 0 1 -7.70568e-6 0 1 2.11906e-5 9.63209e-7 1 2.11907e-5 9.63212e-7 1 -9.63211e-6 0 1 -9.63212e-6 0 1 -9.63211e-6 0 1 -9.63208e-6 0 1 2.50434e-5 9.63211e-7 1 -1.05953e-5 0 1 2.60066e-5 9.63207e-7 1 -1.15585e-5 0 1 -1.15585e-5 0 1 -1.15585e-5 0 1 2.88961e-5 9.63206e-7 1 -1.25217e-5 0 1 2.98594e-5 9.63211e-7 1 -1.3485e-5 0 1 0 2.93151e-7 1 0 0 1 0 0 1 0 0 1 0 0 1 0 0 1 0 0 1 -1 0 0 -1 0 0 -1 0 0 -1 0 0 -1 0 0 -1 0 0 -1 0 0 -1 0 0 -1 0 0 -1 0 0 -1 0 0 -1 0 0 -1 0 0 -1 0 0 -1 0 0 -1 0 0 -1 0 0 -1 0 0 -1 0 0 -1 0 0 -1 0 0 -1 0 0 -1 0 0 -1 0 0 -1 0 0</float_array>
          <technique_common>
            <accessor source="#walls-mesh-normals-array" count="2420" stride="3">
              <param name="X" type="float"/>
              <param name="Y" type="float"/>
              <param name="Z" type="float"/>
            </accessor>
          </technique_common>
        </source>
        <source id="walls-mesh-map-0">
          <float_array id="walls-mesh-map-0-array" count="14520">0 0 0 0 0 0 0 0 0 0 0 0 0 0 0 0 0 0 0 0 0 0 0 0 0 0 0 0 0 0 0 0 0 0 0 0 0 0 0 0 0 0 0 0 0 0 0 0 0 0 0 0 0 0 0 0 0 0 0 0 0 0 0 0 0 0 0 0 0 0 0 0 0 0 0 0 0 0 0 0 0 0 0 0 0 0 0 0 0 0 0 0 0 0 0 0 0 0 0 0 0 0 0 0 0 0 0 0 0 0 0 0 0 0 0 0 0 0 0 0 0 0 0 0 0 0 0 0 0 0 0 0 0 0 0 0 0 0 0 0 0 0 0 0 0 0 0 0 0 0 0 0 0 0 0 0 0 0 0 0 0 0 0 0 0 0 0 0 0 0 0 0 0 0 0 0 0 0 0 0 0 0 0 0 0 0 0 0 0 0 0 0 0 0 0 0 0 0 0 0 0 0 0 0 0 0 0 0 0 0 0 0 0 0 0 0 0 0 0 0 0 0 0 0 0 0 0 0 0 0 0 0 0 0 0 0 0 0 0 0 0 0 0 0 0 0 0 0 0 0 0 0 0 0 0 0 0 0 0 0 0 0 0 0 0 0 0 0 0 0 0 0 0 0 0 0 0 0 0 0 0 0 0 0 0 0 0 0 0 0 0 0 0 0 0 0 0 0 0 0 0 0 0 0 0 0 0 0 0 0 0 0 0 0 0 0 0 0 0 0 0 0 0 0 0 0 0 0 0 0 0 0 0 0 0 0 0 0 0 0 0 0 0 0 0 0 0 0 0 0 0 0 0 0 0 0 0 0 0 0 0 0 0 0 0 0 0 0 0 0 0 0 0 0 0 0 0 0 0 0 0 0 0 0 0 0 0 0 0 0 0 0 0 0 0 0 0 0 0 0 0 0 0 0 0 0 0 0 0 0 0 0 0 0 0 0 0 0 0 0 0 0 0 0 0 0 0 0 0 0 0 0 0 0 0 0 0 0 0 0 0 0 0 0 0 0 0 0 0 0 0 0 0 0 0 0 0 0 0 0 0 0 0 0 0 0 0 0 0 0 0 0 0 0 0 0 0 0 0 0 0 0 0 0 0 0 0 0 0 0 0 0 0 0 0 0 0 0 0 0 0 0 0 0 0 0 0 0 0 0 0 0 0 0 0 0 0 0 0 0 0 0 0 0 0 0 0 0 0 0 0 0 0 0 0 0 0 0 0 0 0 0 0 0 0 0 0 0 0 0 0 0 0 0 0 0 0 0 0 0 0 0 0 0 0 0 0 0 0 0 0 0 0 0 0 0 0 0 0 0 0 0 0 0 0 0 0 0 0 0 0 0 0 0 0 0 0 0 0 0 0 0 0 0 0 0 0 0 0 0 0 0 0 0 0 0 0 0 0 0 0 0 0 0 0 0 0 0 0 0 0 0 0 0 0 0 0 0 0 0 0 0 0 0 0 0 0 0 0 0 0 0 0 0 0 0 0 0 0 0 0 0 0 0 0 0 0 0 0 0 0 0 0 0 0 0 0 0 0 0 0 0 0 0 0 0 0 0 0 0 0 0 0 0 0 0 0 0 0 0 0 0 0 0 0 0 0 0 0 0 0 0 0 0 0 0 0 0 0 0 0 0 0 0 0 0 0 0 0 0 0 0 0 0 0 0 0 0 0 0 0 0 0 0 0 0 0 0 0 0 0 0 0 0 0 0 0 0 0 0 0 0 0 0 0 0 0 0 0 0 0 0 0 0 0 0 0 0 0 0 0 0 0 0 0 0 0 0 0 0 0 0 0 0 0 0 0 0 0 0 0 0 0 0 0 0 0 0 0 0 0 0 0 0 0 0 0 0 0 0 0 0 0 0 0 0 0 0 0 0 0 0 0 0 0 0 0 0 0 0 0 0 0 0 0 0 0 0 0 0 0 0 0 0 0 0 0 0 0 0 0 0 0 0 0 0 0 0 0 0 0 0 0 0 0 0 0 0 0 0 0 0 0 0 0 0 0 0 0 0 0 0 0 0 0 0 0 0 0 0 0 0 0 0 0 0 0 0 0 0 0 0 0 0 0 0 0 0 0 0 0 0 0 0 0 0 0 0 0 0 0 0 0 0 0 0 0 0 0 0 0 0 0 0 0 0 0 0 0 0 0 0 0 0 0 0 0 0 0 0 0 0 0 0 0 0 0 0 0 0 0 0 0 0 0 0 0 0 0 0 0 0 0 0 0 0 0 0 0 0 0 0 0 0 0 0 0 0 0 0 0 0 0 0 0 0 0 0 0 0 0 0 0 0 0 0 0 0 0 0 0 0 0 0 0 0 0 0 0 0 0 0 0 0 0 0 0 0 0 0 0 0 0 0 0 0 0 0 0 0 0 0 0 0 0 0 0 0 0 0 0 0 0 0 0 0 0 0 0 0 0 0 0 0 0 0 0 0 0 0 0 0 0 0 0 0 0 0 0 0 0 0 0 0 0 0 0 0 0 0 0 0 0 0 0 0 0 0 0 0 0 0 0 0 0 0 0 0 0 0 0 0 0 0 0 0 0 0 0 0 0 0 0 0 0 0 0 0 0 0 0 0 0 0 0 0 0 0 0 0 0 0 0 0 0 0 0 0 0 0 0 0 0 0 0 0 0 0 0 0 0 0 0 0 0 0 0 0 0 0 0 0 0 0 0 0 0 0 0 0 0 0 0 0 0 0 0 0 0 0 0 0 0 0 0 0 0 0 0 0 0 0 0 0 0 0 0 0 0 0 0 0 0 0 0 0 0 0 0 0 0 0 0 0 0 0 0 0 0 0 0 0 0 0 0 0 0 0 0 0 0 0 0 0 0 0 0 0 0 0 0 0 0 0 0 0 0 0 0 0 0 0 0 0 0 0 0 0 0 0 0 0 0 0 0 0 0 0 0 0 0 0 0 0 0 0 0 0 0 0 0 0 0 0 0 0 0 0 0 0 0 0 0 0 0 0 0 0 0 0 0 0 0 0 0 0 0 0 0 0 0 0 0 0 0 0 0 0 0 0 0 0 0 0 0 0 0 0 0 0 0 0 0 0 0 0 0 0 0 0 0 0 0 0 0 0 0 0 0 0 0 0 0 0 0 0 0 0 0 0 0 0 0 0 0 0 0 0 0 0 0 0 0 0 0 0 0 0 0 0 0 0 0 0 0 0 0 0 0 0 0 0 0 0 0 0 0 0 0 0 0 0 0 0 0 0 0 0 0 0 0 0 0 0 0 0 0 0 0 0 0 0 0 0 0 0 0 0 0 0 0 0 0 0 0 0 0 0 0 0 0 0 0 0 0 0 0 0 0 0 0 0 0 0 0 0 0 0 0 0 0 0 0 0 0 0 0 0 0 0 0 0 0 0 0 0 0 0 0 0 0 0 0 0 0 0 0 0 0 0 0 0 0 0 0 0 0 0 0 0 0 0 0 0 0 0 0 0 0 0 0 0 0 0 0 0 0 0 0 0 0 0 0 0 0 0 0 0 0 0 0 0 0 0 0 0 0 0 0 0 0 0 0 0 0 0 0 0 0 0 0 0 0 0 0 0 0 0 0 0 0 0 0 0 0 0 0 0 0 0 0 0 0 0 0 0 0 0 0 0 0 0 0 0 0 0 0 0 0 0 0 0 0 0 0 0 0 0 0 0 0 0 0 0 0 0 0 0 0 0 0 0 0 0 0 0 0 0 0 0 0 0 0 0 0 0 0 0 0 0 0 0 0 0 0 0 0 0 0 0 0 0 0 0 0 0 0 0 0 0 0 0 0 0 0 0 0 0 0 0 0 0 0 0 0 0 0 0 0 0 0 0 0 0 0 0 0 0 0 0 0 0 0 0 1.246593 0.9997752 1.09816 2.2456e-4 1.246592 2.2456e-4 1.09816 2.2456e-4 1.246593 0.9997752 0.9497267 2.2456e-4 0.9497267 2.2456e-4 1.246593 0.9997752 0.8012939 2.2456e-4 0.8012939 2.2456e-4 1.246593 0.9997752 0.6528604 2.2456e-4 0.6528604 2.2456e-4 1.246593 0.9997752 0.5044276 2.2465e-4 0.5044276 2.2465e-4 1.246593 0.9997752 0.3559945 2.2465e-4 0.3559945 2.2465e-4 1.246593 0.9997752 0.2075613 2.2465e-4 0.2075613 2.2465e-4 1.246593 0.9997752 0.05912792 2.2465e-4 0.05912792 2.2465e-4 1.246593 0.9997752 -0.0893051 2.24739e-4 -0.0893051 2.24739e-4 1.246593 0.9997752 -0.2377382 2.24739e-4 -0.2377382 2.24739e-4 1.246593 0.9997752 -0.3861714 2.24739e-4 -0.3861714 2.24739e-4 1.246593 0.9997752 -0.5346045 2.24739e-4 -0.5346045 2.24739e-4 1.246593 0.9997752 -0.6830372 2.24739e-4 -0.6830372 2.24739e-4 1.246593 0.9997752 -0.6830371 0.9997752 0 0 0 0 0 0 0 0 0 0 0 0 0 0 0 0 0 0 0 0 0 0 0 0 0 0 0 0 0 0 0 0 0 0 0 0 0 0 0 0 0 0 0 0 0 0 0 0 0 0 0 0 0 0 0 0 0 0 0 0 0 0 0 0 0 0 0 0 0 0 0 0 0 0 0 0 0 0 0 0 0 0 0 0 0 0 0 0 0 0 0 0 0 0 0 0 0 0 0 0 0 0 0 0 0 0 0 0 0 0 0 0 0 0 0 0 0 0 0 0 0 0 0 0 0 0 0 0 0 0 0 0 0 0 0 0 0 0 0 0 0 0 0 0 0 0 0 0 0 0 0 0 0 0 0 0 0 0 0 0 0 0 0 0 0 0 0 0 0 0 0 0 0 0 0 0 0 0 0 0 0 0 0 0 0 0 0 0 0 0 0 0 0 0 0 0 0 0 0 0 0 0 0 0 0 0 0 0 0 0 0 0 0 0 0 0 0 0 0 0 0 0 0 0 0 0 0 0 0 0 0 0 0 0 0 0 0 0 0 0 0 0 0 0 0 0 0 0 0 0 0 0 0 0 0 0 0 0 0 0 0 0 0 0 0 0 0 0 0 0 0 0 0 0 0 0 0 0 0 0 0 0 0 0 0 0 0 0 0 0 0 0 0 0 0 0 0 0 0 0 0 0 0 0 0 0 0 0 0 0 0 0 3.152695 0.9964008 3.005263 0.003599643 3.152694 0.003599166 3.005263 0.003599643 3.152695 0.9964008 2.857832 0.003599643 2.857832 0.003599643 3.152695 0.9964008 2.710402 0.003599405 2.710402 0.003599405 3.152695 0.9964008 2.562971 0.003599405 2.562971 0.003599405 3.152695 0.9964008 2.415541 0.003599643 2.415541 0.003599643 3.152695 0.9964008 2.26811 0.003599643 2.26811 0.003599643 3.152695 0.9964008 2.120679 0.003599643 2.120679 0.003599643 3.152695 0.9964008 1.973248 0.003599643 1.973248 0.003599643 3.152695 0.9964008 1.825817 0.003599643 1.825817 0.003599643 3.152695 0.9964008 1.678387 0.003599643 1.678387 0.003599643 3.152695 0.9964008 1.530956 0.003599643 1.530956 0.003599643 3.152695 0.9964008 1.383525 0.003599643 1.383525 0.003599643 3.152695 0.9964008 1.236093 0.003599643 1.236093 0.003599643 3.152695 0.9964008 1.088663 0.003599643 1.088663 0.003599643 3.152695 0.9964008 0.9412321 0.003599643 0.9412321 0.003599643 3.152695 0.9964008 0.7938011 0.003599643 0.7938011 0.003599643 3.152695 0.9964008 0.6463706 0.003599643 0.6463706 0.003599643 3.152695 0.9964008 0.4989398 0.003599643 0.4989398 0.003599643 3.152695 0.9964008 0.3515088 0.003599643 0.3515088 0.003599643 3.152695 0.9964008 0.204078 0.003599643 0.204078 0.003599643 3.152695 0.9964008 0.0566473 0.003599405 0.0566473 0.003599405 3.152695 0.9964008 -0.09078371 0.003599405 -0.09078371 0.003599405 3.152695 0.9964008 -0.2382144 0.003599405 -0.2382144 0.003599405 3.152695 0.9964008 -0.3856454 0.003599405 -0.3856454 0.003599405 3.152695 0.9964008 -0.5330762 0.003599405 -0.5330762 0.003599405 3.152695 0.9964008 -0.6805068 0.003599405 -0.6805068 0.003599405 3.152695 0.9964008 -0.8279377 0.003599166 -0.8279377 0.003599166 3.152695 0.9964008 -0.9753686 0.003599166 -0.9753686 0.003599166 3.152695 0.9964008 -1.122799 0.003599166 -1.122799 0.003599166 3.152695 0.9964008 -1.270231 0.003599166 -1.270231 0.003599166 3.152695 0.9964008 -1.417661 0.003599166 -1.417661 0.003599166 3.152695 0.9964008 -1.565092 0.003599166 -1.565092 0.003599166 3.152695 0.9964008 -1.712523 0.003599166 -1.712523 0.003599166 3.152695 0.9964008 -1.859954 0.003599166 -1.859954 0.003599166 3.152695 0.9964008 -2.007385 0.003599166 -2.007385 0.003599166 3.152695 0.9964008 -2.154816 0.003599405 -2.154816 0.003599405 3.152695 0.9964008 -2.302247 0.003599405 -2.302247 0.003599405 3.152695 0.9964008 -2.449677 0.003599405 -2.449677 0.003599405 3.152695 0.9964008 -2.597108 0.003599405 -2.597108 0.003599405 3.152695 0.9964008 -2.74454 0.003599405 -2.74454 0.003599405 3.152695 0.9964008 -2.744539 0.9964008 0 0 0 0 0 0 0 0 0 0 0 0 0 0 0 0 0 0 0 0 0 0 0 0 0 0 0 0 0 0 0 0 0 0 0 0 0 0 0 0 0 0 0 0 0 0 0 0 0 0 0 0 0 0 0 0 0 0 0 0 0 0 0 0 0 0 0 0 0 0 0 0 0 0 0 0 0 0 0 0 0 0 0 0 0 0 0 0 0 0 0 0 0 0 0 0 0 0 0 0 0 0 0 0 0 0 0 0 0 0 0 0 0 0 0 0 0 0 0 0 0 0 0 0 0 0 0 0 0 0 0 0 0 0 0 0 0 0 0 0 0 0 0 0 0 0 0 0 0 0 0 0 0 0 0 0 0 0 0 0 0 0 0 0 0 0 0 0 0 0 0 0 0 0 0 0 0 0 0 0 0 0 0 0 0 0 0 0 0 0 0 0 0 0 0 0 0 0 0 0 0 0 0 0 0 0 0 0 0 0 0 0 0 0 0 0 0 0 0 0 0 0 0 0 0 0 0 0 0 0 0 0 0 0 0 0 0 0 0 0 0 0 0 0 0 0 0 0 0 0 0 0 0 0 0 0 0 0 0 0 0 0 0 0 0 0 0 0 0 0 0 0 0 0 0 0 0 0 0 0 0 0 0 0 0 0 0 0 0 0 0 0 0 0 0 0 0 0 0 0 0 0 0 0 0 0 0 0 0 0 0 0 0 0 0 0 0 0 0 0 0 0 0 0 0 0 0 0 0 0 0 0 0 0 0 0 0 0 0 0 0 0 0 0 0 0 0 0 0 0 0 0 0 0 0 0 0 0 0 0 0 0 0 0 0 0 0 0 0 0 0 0 0 0 0 0 0 0 0 0 0 0 0 0 0 0 0 0 0 0 0 0 0 0 0 0 0 0 0 0 0 0 0 0 0 0 0 0 0 0 0 0 0 0 0 0 0 0 0 0 0 0 0 0 0 0 0 0 0 0 0 0 0 0 0 0 0 0 0 0 0 0 0 0 0 0 0 0 0 0 0 0 0 0 0 0 0 0 0 0 0 0 0 0 0 0 0 0 0 0 0 0 0 0 0 0 0 0 0 0 0 0 0 0 0 0 0 0 0 0 0 0 0 0 0 0 0 0 0 0 0 0 0 0 0 0 0 0 0 0 0 0 0 0 0 0 0 0 0 0 0 0 0 0 0 0 0 0 0 0 0 0 0 0 0 0 0 0 0 0 0 0 0 0 0 0 0 0 0 0 0 0 0 0 0 0 0 0 0 0 0 0 0 0 0 0 0 0 0 0 0 0 0 0 0 0 0 0 0 0 0 0 0 0 0 0 0 0 0 0 0 0 0 0 0 0 0 0 0 0 0 0 0 0 0 0 0 0 0 0 0 0 0 0 0 0 0 0 0 0 0 0 0 0 0 0 0 0 0 0 0 0 0 0 0 0 0 0 0 0 0 0 0 0 0 0 0 0 0 0 0 0 0 0 0 0 0 0 0 0 0 0 0 0 0 0 0 0 0 0 0 0 0 0 0 0 0 0 0 0 0 0 0 0 0 0 0 0 0 0 0 0 0 0 0 0 0 0 0 0 0 0 0 0 0 0 0 0 0 0 0 0 0 0 0 0 0 0 0 0 0 0 0 0 0 0 0 0 0 0 0 0 0 0 0 0 0 0 0 0 0 0 0 0 0 0 0 0 0 0 0 0 0 0 0 0 0 0 0 0 0 0 0 0 0 0 0 0 0 0 0 0 0 0 0 0 0 0 0 0 0 0 0 0 0 0 0 0 0 0 0 0 0 0 0 0 0 0 0 0 0 0 0 0 0 0 0 0 0 0 0 0 0 0 0 0 0 0 0 0 0 0 0 0 0 0 0 0 0 0 0 0 0 0 0 0 0 0 0 0 0 0 0 0 0 0 0 0 0 0 0 0 0 0 0 0 0 0 0 0 0 0 0 0 0 0 0 0 0 0 0 0 0 0 0 0 0 0 0 0 0 0 0 0 0 0 0 0 0 0 0 0 0 0 0 0 0 0 0 0 0 0 0 0 0 0 0 0 0 0 0 0 0 0 0 0 0 0 0 0 0 0 0 0 0 0 0 0 0 0 0 0 0 0 0 0 0 0 0 0 0 0 0 0 0 0 0 0 0 0 0 0 0 0 0 0 0 0 0 0 0 0 0 0 0 0 0 0 0 0 0 0 0 0 0 0 0 0 0 0 0 0 0 0 0 0 0 0 0 0 0 0 0 0 0 0 0 0 0 0 0 0 0 0 0 0 0 0 0 0 0 0 0 0 0 0 0 0 0 0 0 0 0 0 0 0 0 0 0 0 0 0 0 0 0 0 0 0 0 0 0 0 0 0 0 0 0 0 0 0 0 0 0 0 0 0 0 0 0 0 0 0 0 0 0 0 0 0 0 0 0 0 0 0 0 0 0 0 0 0 0 0 0 0 0 0 0 0 0 0 0 0 0 0 0 0 0 0 0 0 0 0 0 0 0 0 0 0 0 0 0 0 0 0 0 0 0 0 0 0 0 0 0 0 0 0 0 0 0 0 0 0 0 0 0 0 0 0 0 0 0 0 0 0 0 0 0 0 0 0 0 0 0 0 0 0 0 0 0 0 0 0 0 0 0 0 0 0 0 0 0 0 0 0 0 0 0 0 0 0 0 0 0 0 0 0 0 0 0 0 0 0 0 0 0 0 0 0 0 0 0 0 0 0 0 0 0 0 0 0 0 0 0 0 0 0 0 0 0 0 0 0 0 0 0 0 0 0 0 0 0 0 0 0 0 0 0 0 0 0 0 0 0 0 0 0 0 0 0 0 0 0 0 0 0 0 0 0 0 0 0 0 0 0 0 0 0 0 0 0 0 0 0 0 0 0 0 0 0 0 0 0 0 0 0 0 0 0 0 0 0 0 0 0 0 0 0 0 0 0 0 0 0 0 0 0 0 0 0 0 0 0 0 0 0 0 0 0 0 0 0 0 0 0 0 0 0 0 0 0 0 0 0 0 0 0 0 0 0 0 0 0 0 0 0 0 0 0 0 0 0 0 0 0 0 0 0 0 0 0 0 0 0 0 0 0 0 0 0 0 0 0 0 0 0 0 0 0 0 0 0 0 0 0 0 0 0 0 0 0 0 0 0 0 0 0 0 0 0 0 0 0 0 0 0 0 0 0 0 0 0 0 0 0 0 0 0 0 0 0 0 0 0 0 0 0 0 0 0 0 0 0 0 0 0 0 0 0 0 0 0 0 0 0 0 0 0 0 0 0 0 0 0 0 0 0 0 0 0 0 0 0 0 0 0 0 0 0 0 0 0 0 0 0 0 0 0 0 0 0 0 0 0 0 0 0 0 0 0 0 0 0 0 0 0 0 0 0 0 0 0 0 0 0 0 0 0 0 0 0 0 0 0 0 0 0 0 0 0 0 0 0 0 0 0 0 0 0 0 0 0 0 0 0 0 0 0 0 0 0 0 0 0 0 0 0 0 0 0 0 0 0 0 0 0 0 0 0 0 0 0 0 0 0 0 0 0 0 0 0 0 0 0 0 0 0 0 0 0 0 0 0 0 0 0 0 0 0 0 0 0 0 0 0 0 0 0 0 0 0 0 0 0 0 0 0 0 0 0 0 0 0 0 0 0 0 0 0 0 0 0 0 0 0 0 0 0 0 0 0 0 0 0 0 0 0 0 0 0 0 0 0 0 0 0 0 0 0 0 0 0 0 0 0 0 0 0 0 0 0 0 0 0 0 0 0 0 0 0 0 0 0 0 0 0 0 0 0 0 0 0 0 0 0 0 0 0 0 0 0 0 0 0 0 0 0 0 0 0 0 0 0 0 0 0 0 0 0 0 0 0 0 0 0 0 0 0 0 0 0 0 0 0 0 0 0 0 0 0 0 0 0 0 0 0 0 0 0 0 0 0 0 0 0 0 0 0 0 0 0 0 0 0 0 0 0 0 0 0 0 0 0 0 0 0 0 0 0 0 0 0 0 0 0 0 0 0 0 0 0 0 0 0 0 0 0 0 0 0 0 0 0 0 0 0 0 0 0 0 0 0 0 0 0 0 0 0 0 0 0 0 0 0 0 0 0 0 0 0 0 0 0 0 0 0 0 0 0 0 0 0 0 0 0 0 0 0 0 0 0 0 0 0 0 0 0 0 0 0 0 0 0 0 0 0 0 0 0 0 0 0 0 0 0 0 0 0 0 0 0 0 0 0 0 0 0 0 0 0 0 0 0 0 0 0 0 0 0 0 0 0 0 0 0 0 0 0 0 0 0 0 0 0 0 0 0 0 0 0 0 0 0 0 0 0 0 0 0 0 0 0 0 0 0 0 0 0 0 0 0 0 0 0 0 0 0 0 0 0 0 0 0 0 0 0 0 0 0 0 0 0 0 0 0 0 0 0 0 0 0 0 0 0 0 0 0 0 0 0 0 0 0 0 0 0 0 0 0 0 0 0 0 0 0 0 0 0 0 0 0 0 0 0 0 0 0 0 0 0 0 0 0 0 0 0 0 0 0 0 0 0 0 0 0 0 0 0 0 0 0 0 0 0 0 0 0 0 0 0 0 0 0 0 0 0 0 0 0 0 0 0 0 0 0 0 0 0 0 0 0 0 0 0 0 0 0 0 0 0 0 0 0 0 0 0 0 0 0 0 0 0 0 0 0 0 0 0 0 0 0 0 0 0 0 0 0 0 0 0 0 0 0 0 0 0 0 0 0 0 0 0 0 0 0 0 0 0 0 0 0 0 0 0 0 0 0 0 0 0 0 0 0 0 0 0 0 0 0 0 0 0 0 0 0 0 0 0 0 0 0 0 0 0 0 0 0 0 0 0 0 0 0 0 0 0 0 0 0 0 0 0 0 0 0 0 0 0 0 0 0 0 0 0 0 0 0 0 0 0 0 0 0 0 0 0 0 0 0 0 0 0 0 0 0 0 0 0 0 0 0 0 0 0 0 0 0 0 0 0 0 0 0 0 0 0 0 0 0 0 0 0 0 0 0 0 0 0 0 0 0 0 0 0 0 0 0 0 0 0 0 0 0 0 0 0 0 0 0 0 0 0 0 0 0 0 0 0 0 0 0 0 0 0 0 0 0 0 0 0 0 0 0 0 0 0 0 0 0 0 0 0 0 0 0 0 0 0 0 0 0 0 0 0 0 0 0 0 0 0 0 0 0 0 0 0 0 0 0 0 0 0 0 0 0 0 0 0 0 0 0 0 0 0 0 0 0 0 0 0 0 0 0 0 0 0 0 0 0 0 0 0 0 0 0 0 0 0 0 0 0 0 0 0 0 0 0 0 0 0 0 0 0 0 0 0 0 0 0 0 0 0 0 0 0 0 0 0 0 0 0 0 0 0 0 0 0 0 0 0 0 0 0 0 0 0 0 0 0 0 0 0 0 0 0 0 0 0 0 0 0 0 0 0 0 0 0 0 0 0 0 0 0 0 0 0 0 0 0 0 0 0 0 0 0 0 0 0 0 0 0 0 0 0 0 0 0 0 0 0 0 0 0 0 0 0 0 0 0 0 0 0 0 0 0 0 0 0 0 0 0 0 0 0 0 0 0 0 0 0 0 0 0 0 0 0 0 0 0 0 0 0 0 0 0 0 0 0 0 0 0 0 0 0 0 0 0 0 0 0 0 0 0 0 0 0 0 0 0 0 0 0 0 0 0 0 0 0 0 0 0 0 0 0 0 0 0 0 0 0 0 0 0 0 0 0 0 0 0 0 0 0 0 0 0 0 0 0 0 0 0 0 0 0 0 0 0 0 0 0 0 0 0 0 0 0 0 0 0 0 0 0 0 0 0 0 0 0 0 0 0 0 0 0 0 0 0 0 0 0 0 0 0 0 0 0 0 0 0 0 0 0 0 0 0 0 0 0 0 0 0 0 0 0 0 0 0 0 0 0 0 0 0 0 0 0 0 0 0 0 0 0 0 0 0 0 0 0 0 0 0 0 0 0 0 0 0 0 0 0 0 0 0 0 0 0 0 0 0 0 0 0 0 0 0 0 0 0 0 0 0 0 0 0 0 0 0 0 0 0 0 0 0 0 0 0 0 0 0 0 0 0 0 0 0 0 0 0 0 0 0 0 0 0 0 0 0 0 0 0 0 0 0 0 0 0 0 0 0 0 0 0 0 0 0 0 0 0 0 0 0 0 0 0 0 0 0 0 0 0 0 0 0 0 0 0 0 0 0 0 0 0 0 0 0 0 0 0 0 0 0 0 0 0 0 0 0 0 0 0 0 0 0 0 0 0 0 0 0 0 0 0 0 0 0 0 0 0 0 0 0 0 0 0 0 0 0 0 0 0 0 0 0 0 0 0 0 0 0 0 0 0 0 0 0 0 0 0 0 0 0 0 0 0 0 0 0 0 0 0 0 0 0 0 0 0 0 0 0 0 0 0 0 0 0 0 0 0 0 0 0 0 0 0 0 0 0 0 0 0 0 0 0 0 0 0 0 0 0 0 0 0 0 0 0 0 0 0 0 0 0 0 0 0 0 0 0 0 0 0 0 0 0 0 0 0 0 0 0 0 0 0 0 0 0 0 0 0 0 0 0 0 0 0 0 0 0 0 0 0 0 0 0 0 0 0 0 0 0 0 0 0 0 0 0 0 0 0 0 0 0 0 0 0 0 0 0 0 0 0 0 0 0 0 0 0 0 0 0 0 0 0 0 0 0 0 0 0 0 0 0 0 0 0 0 0 0 0 0 0 0 0 0 0 0 0 0 0 0 0 0 0 0 0 0 0 0 0 0 0 0 0 0 0 0 0 0 0 0 0 0 0 0 0 0 0 0 0 0 0 0 0 0 0 0 0 0 0 0 0 0 0 0 0 0 0 0 0 0 0 0 0 0 0 0 0 0 0 0 0 0 0 0 0 0 0 0 0 0 0 0 0 0 0 0 0 0 0 0 0 0 0 0 0 0 0 0 0 0 0 0 0 0 0 0 0 0 0 0 0 0 0 0 0 0 0 0 0 0 0 0 0 0 0 0 0 0 0 0 0 0 0 0 0 0 0 0 0 0 0 0 0 0 0 0 0 0 0 0 0 0 0 0 0 0 0 0 0 0 0 0 0 0 0 0 0 0 0 0 0 0 0 0 0 0 0 0 0 0 0 0 0 0 0 0 0 0 0 0 0 0 0 0 0 0 0 0 0 0 0 0 0 0 0 0 0 0 0 0 0 0 0 0 0 0 0 0 0 0 0 0 0 0 0 0 0 0 0 0 0 0 0 0 0 0 0 0 0 0 0 0 0 0 0 0 0 0 0 0 0 0 0 0 0 0 0 0 0 0 0 0 0 0 0 0 0 0 0 0 0 0 0 0 0 0 0 0 0 0 0 0 0 0 0 0 0 0 0 0 0 0 0 0 0 0 0 0 0 0 0 0 0 0 0 0 0 0 0 0 0 0 0 0 0 0 0 0 0 0 0 0 0 0 0 0 0 0 0 0 0 0 0 0 0 0 0 0 0 0 0 0 0 0 0 0 0 0 0 0 0 0 0 0 0 0 0 0 0 0 0 0 0 0 0 0 0 0 0 0 0 0 0 0 0 0 0 0 0 0 0 0 0 0 0 0 0 0 0 0 0 0 0 0 0 0 0 0 0 0 0 0 0 0 0 0 0 0 0 0 0 0 0 0 0 0 0 0 0 0 0 0 0 0 0 0 0 0 0 0 0 0 0 0 0 0 0 0 0 0 0 0 0 0 0 0 0 0 0 0 0 0 0 0 0 0 0 0 0 0 0 0 0 0 0 0 0 0 0 0 0 0 0 0 0 0 0 0 0 0 0 0 0 0 0 0 0 0 0 0 0 0 0 0 0 0 0 0 0 0 0 0 0 0 0 0 0 0 0 0 0 0 0 0 0 0 0 0 0 0 0 0 0 0 0 0 0 0 0 0 0 0 0 0 0 0 0 0 0 0 0 0 0 0 0 0 0 0 0 0 0 0 0 0 0 0 0 0 0 0 0 0 0 0 0 0 0 0 0 0 0 0 0 0 0 0 0 0 0 0 0 0 0 0 0 0 0 0 0 0 0 0 0 0 0 0 0 0 0 0 0 0 0 0 0 0 0 0 0 0 0 0 0 0 0 0 0 0 0 0 0 0 0 0 0 0 0 0 0 0 0 0 0 0 0 0 0 0 0 0 0 0 0 0 0 0 0 0 0 0 0 0 0 0 0 0 0 0 0 0 0 0 0 0 0 0 0 0 0 0 0 0 0 0 0 0 0 0 0 0 0 0 0 0 0 0 0 0 0 0 0 0 0 0 0 0 0 0 0 0 0 0 0 0 0 0 0 0 0 0 0 0 0 0 0 0 0 0 0 0 0 0 0 0 0 0 0 0 0 0 0 0 0 0 0 0 0 0 0 0 0 0 0 0 0 0 0 0 0 0 0 0 0 0 0 0 0 0 0 0 0 0 0 0 0 0 0 0 0 0 0 0 0 0 0 0 0 0 0 0 0 0 0 0 0 0 0 0 0 0 0 0 0 0 0 0 0 0 0 0 0 0 0 0 0 0 0 0 0 0 0 0 0 0 0 0 0 0 0 0 0 0 0 0 0 0 0 0 0 0 0 0 0 0 0 0 0 0 0 0 0 0 0 0 0 0 0 0 0 0 0 0 0 0 0 0 0 0 0 0 0 0 0 0 0 0 0 0 0 0 0 0 0 0 0 0 0 0 0 0 0 0 0 0 0 0 0 0 0 0 0 0 0 0 0 0 0 0 0 0 0 0 0 0 0 0 0 0 0 0 0 0 0 0 0 0 0 0 0 0 0 0 0 0 0 0 0 0 0 0 0 0 0 0 0 0 0 0 0 0 0 0 0 0 0 0 0 0 0 0 0 0 0 0 0 0 0 0 0 0 0 0 0 0 0 0 0 0 0 0 0 0 0 0 0 0 0 0 0 0 0 0 0 0 0 0 0 0 0 0 0 0 0 0 0 0 0 0 0 0 0 0 0 0 0 0 0 0 0 0 0 0 0 0 0 0 0 0 0 0 0 0 0 0 0 0 0 0 0 0 0 0 0 0 0 0 0 0 0 0 0 0 0 0 0 0 0 0 0 0 0 0 0 0 0 0 0 0 0 0 0 0 0 0 0 0 0 0 0 0 0 0 0 0 0 0 0 0 0 0 0 0 0 0 0 0 0 0 0 0 0 0 0 0 0 0 0 0 0 0 0 0 0 0 0 0 0 0 0 0 0 0 0 0 0 0 0 0 0 0 0 0 0 0 0 0 0 0 0 0 0 0 0 0 0 0 0 0 0 0 0 0 0 0 0 0 0 0 0 0 0 0 0 0 0 0 0 0 0 0 0 0 0 0 0 0 0 0 0 0 0 0 0 0 0 0 0 0 0 0 0 0 0 0 0 0 0 0 0 0 0 0 0 0 0 0 0 0 0 0 0 0 0 0 0 0 0 0 0 0 0 0 0 0 0 0 0 0 0 0 0 0 0 0 0 0 0 0 0 0 0 0 0 0 0 0 0 0 0 0 0 0 0 0 0 0 0 0 0 0 0 0 0 0 0 0 0 0 0 0 0 0 0 0 0 0 0 0 0 0 0 0 0 0 0 0 0 0 0 0 0 0 0 0 0 0 0 0 0 0 0 0 0 0 0 0 0 0 0 0 0 0 0 0 0 0 0 0 0 0 0 0 0 0 0 0 0 0 0 0 0 0 0 0 0 0 0 0 0 0 0 0 0 0 0 0 0 0 0 0 0 0 0 0 0 0 0 0 0 0 0 0 0 0 0 0 0 0 0 0 0 0 0 0 0 0 0 0 0 0 0 0 0 0 0 0 0 0 0 0 0 0 0 0 0 0 0 0 0 0 0 0 0 0 0 0 0 0 0 0 0 0 0 0 0 0 0 0 0 0 0 0 0 0 0 0 0 0 0 0 0 0 0 0 0 0 0 0 0 0 0 0 0 0 0 0 0 0 0 0 0 0 0 0 0 0 0 0 0 0 0 0 0 0 0 0 0 0 0 0 0 0 0 0 0 0 0 0 0 0 0 0 0 0 0 0 0 0 0 0 0 0 0 0 0 0 0 0 0 0 0 0 0 0 0 0 0 0 0 0 0 0 0 0 0 0 0 0 0 0 0 0 0 0 0 0 0 0 0 0 0 0 0 0 0 0 0 0 0 0 0 0 0 0 0 0 0 0 0 0 0 0 0 0 0 0 0 0 0 0 0 0 0 0 0 0 0 0 0 0 0 0 0 0 0 0 0 0 0 0 0 0 0 0 0 0 0 0 0 0 0 0 0 0 0 0 0 0 0 0 0 0 0 0 0 0 0 0 0 0 0 0 0 0 0 0 0 0 0 0 0 0 0 0 0 0 0 0 0 0 0 0 0 0 0 0 0 0 0 0 0 0 0 0 0 0 0 0 0 0 0 0 0 0 0 0 0 0 0 0 0 0 0 0 0 0 0 0 0 0 0 0 0 0 0 0 0 0 0 0 0 0 0 0 0 0 0 0 0 0 0 0 0 0 0 0 0 0 0 0 0 0 0 0 0 0 0 0 0 0 0 0 0 0 0 0 0 0 0 0 0 0 0 0 0 0 0 0 0 0 0 0 0 0 0 0 0 0 0 0 0 0 0 0 0 0 0 0 0 0 0 0 0 0 0 0 0 0 0 0 0 0 0 0 0 0 0 0 0 0 0 0 0 0 0 0 0 0 0 0 0 0 0 0 0 0 0 0 0 0 0 0 0 0 0 0 0 0 0 0 0 0 0 0 0 0 0 0 0 0 0 0 0 0 0 0 0 0 0 0 0 0 0 0 0 0 0 0 0 0 0 0 0 0 0 0 0 0 0 0 0 0 0 0 0 0 0 0 0 0 0 0 0 0 0 0 0 0 0 0 0 0 0 0 0 0 0 0 0 0 0 0 0 0 0 0 0 0 0 0 0 0 0 0 0 0 0 0 0 0 0 0 0 0 0 0 0 0 0 0 0 0 0 0 0 0 0 0 0 0 0 0 0 0 0 0 0 0 0 0 0 0 0 0 0 0 0 0 0 0 0 0 0 0 0 0 0 0 0 0 0 0 0 0 0 0 0 0 0 0 0 0 0 0 0 0 0 0 0 0 0 0 0 0 0 0 0 0 0 0 0 0 0 0 0 0 0 0 0 0 0 0 0 0 0 0 0 0 0 0 0 0 0 0 0 0 0 0 0 0 0 0 0 0 0 0 0 0 0 0 0 0 0 0 0 0 0 0 0 0 0 0 0 0 0 0 0 0 0 0 0 0 0 0 0 0 0 0 0 0 0 0 0 0 0 0 0 0 0 0 0 0 0 0 0 0 0 0 0 0 0 0 0 0 0 0 0 0 0 0 0 0 0 0 0 0 0 0 0 0 0 0 0 0 0 0 0 0 0 0 0 0 0 0 0 0 0 0 0 0 0 0 0 0 0 0 0 0 0 0 0 0 0 0 0 0 0 0 0 0 0 0 0 0 0 0 0 0 0 0 0 0 0 0 0 0 0 0 0 0 0 0 0 0 0 0 0 0 0 0 0 0 0 0 0 0 0 0 0 0 0 0 0 0 0 0 0 0 0 0 0 0 0 0 0 0 0 0 0 0 0 0 0 0 0 0 0 0 0 0 0 0 0 0 0 0 0 0 0 0 0 0 0 0 0 0 0 0 0 0 0 0 0 0 0 0 0 0 0 0 0 0 0 0 0 0 0 0 0 0 0 0 0 0 0 0 0 0 0 0 0 0 0 0 0 0 0 0 0 0 0 0 0 0 0 0 0 0 0 0 0 0 0 0 0 0 0 0 0 0 0 0 0 0 0 0 0 0 0 0 0 0 0 0 0 0 0 0 0 0 0 0 0 0 0 0 0 0 0 0 0 0 0 0 0 0 0 0 0 0 0 0 0 0 0 0 0 0 0 0 0 0 0 0 0 0 0 0 0 0 0 0 0 0 0 0 0 0 0 0 0 0 0 0 0 0 0 0 0 0 0 0 0 0 0 0 0 0 0 0 0 0 0 0 0 0 0 0 0 0 0 0 0 0 0 0 0 0 0 0 0 0 0 0 0 0 0 0 0 0 0 0 0 0 0 0 0 0 0 0 0 0 0 0 0 0 0 0 0 0 0 0 0 0 0 0 0 0 0 0 0 0 0 0 0 0 0 0 0 0 0 0 0 0 0 0 0 0 0 0 0 0 0 0 0 0 0 0 0 0 0 0 0 0 0 0 0 0 0 0 0 0 0 0 0 0 0 0 0 0 0 0 0 0 0 0 0 0 0 0 0 0 0 0 0 0 0 0 0 0 0 0 0 0 0 0 0 0 0 0 0 0 0 0 0 0 2.1472 0.9980524 1.999279 0.00194782 2.1472 0.001947462 1.999279 0.00194782 2.1472 0.9980524 1.851357 0.00194782 1.851357 0.00194782 2.1472 0.9980524 1.703436 0.00194782 1.703436 0.00194782 2.1472 0.9980524 1.555515 0.00194782 1.555515 0.00194782 2.1472 0.9980524 1.407593 0.00194782 1.407593 0.00194782 2.1472 0.9980524 1.259672 0.00194782 1.259672 0.00194782 2.1472 0.9980524 1.111751 0.00194782 1.111751 0.00194782 2.1472 0.9980524 0.9638297 0.00194782 0.9638297 0.00194782 2.1472 0.9980524 0.815908 0.00194782 0.815908 0.00194782 2.1472 0.9980524 0.6679869 0.00194782 0.6679869 0.00194782 2.1472 0.9980524 0.5200655 0.00194782 0.5200655 0.00194782 2.1472 0.9980524 0.3721443 0.00194782 0.3721443 0.00194782 2.1472 0.9980524 0.2242228 0.00194782 0.2242228 0.00194782 2.1472 0.9980524 0.07630157 0.00194782 0.07630157 0.00194782 2.1472 0.9980524 -0.07161962 0.00194782 -0.07161962 0.00194782 2.1472 0.9980524 -0.2195412 0.00194782 -0.2195412 0.00194782 2.1472 0.9980524 -0.3674626 0.00194782 -0.3674626 0.00194782 2.1472 0.9980524 -0.5153841 0.00194782 -0.5153841 0.00194782 2.1472 0.9980524 -0.6633055 0.00194782 -0.6633055 0.00194782 2.1472 0.9980524 -0.8112269 0.00194782 -0.8112269 0.00194782 2.1472 0.9980524 -0.9591483 0.00194782 -0.9591483 0.00194782 2.1472 0.9980524 -1.10707 0.00194782 -1.10707 0.00194782 2.1472 0.9980524 -1.254991 0.00194782 -1.254991 0.00194782 2.1472 0.9980524 -1.402912 0.00194782 -1.402912 0.00194782 2.1472 0.9980524 -1.550834 0.00194782 -1.550834 0.00194782 2.1472 0.9980524 -1.698755 0.00194782 -1.698755 0.00194782 2.1472 0.9980524 -1.698755 0.9980524 0 0 0 0 0 0 0 0 0 0 0 0 0 0 0 0 0 0 0 0 0 0 0 0 0 0 0 0 0 0 0 0 0 0 0 0 0 0 0 0 0 0 0 0 0 0 0 0 0 0 0 0 0 0 0 0 0 0 0 0 0 0 0 0 0 0 0 0 0 0 0 0 0 0 0 0 0 0 0 0 0 0 0 0 0 0 0 0 0 0 0 0 0 0 0 0 0 0 0 0 0 0 0 0 0 0 0 0 0 0 0 0 0 0 0 0 0 0 0 0 0 0 0 0 0 0 0 0 0 0 0 0 0 0 0 0 0 0 0 0 0 0 0 0 0 0 0 0 0 0 0 0 0 0 0 0 0 0 0 0 0 0 0 0 0 0 0 0 0 0 0 0 0 0 0 0 0 0 0 0 0 0 0 0 0 0 0 0 0 0 0 0 0 0 0 0 0 0 0 0 0 0 0 0 0 0 0 0 0 0 0 0 0 0 0 0 0 0 0 0 0 0 0 0 0 0 0 0 0 0 0 0 0 0 0 0 0 0 0 0 0 0 0 0 0 0 0 0 0 0 0 0 0 0 0 0 0 0 0 0 0 0 0 0 0 0 0 0 0 0 0 0 0 0 0 0 0 0 0 0 0 0 0 0 0 0 0 0 0 0 0 0 0 0 0 0 0 0 0 0 0 0 0 0 0 0 0 0 0 0 0 0 0 0 0 0 0 0 0 0 0 0 0 0 0 0 0 0 0 0 0 0 0 0 0 0 0 0 0 0 0 0 0 0 0 0 0 0 0 0 0 0 0 0 0 0 0 0 0 0 0 0 0 0 0 0 0 0 0 0 0 0 0 0 0 0 0 0 0 0 0 0 0 0 0 0 0 0 0 0 0 0 0 0 0 0 0 0 0 0 0 0 0 0 0 0 0 0 0 0 0 0 0 0 0 0 0 0 0 0 0 0 0 0 0 0 0 0 0 0 0 0 0 0 0 0 0 0 0 0 0 0 0 0 0 0 0 0 0 0 0 0 0 0 0 0 0 0 0 0 0 0 0 0 0 0 0 0 0 0 0 0 0 0 0 0 0 0 0 0 0 0 0 0 0 0 0 0 0 0 0 0 0 0 0 0 0 0 0 0 0 0 0 0 0 0 0 0 0 0 0 0 0 0 0 0 0 0 0 0 0 0 0 0 0 0 0 0 0 0 0 0 0 0 0 0 0 0 0 0 0 0 0 0 0 0 0 0 0 0 0 0 0 0 0 0 0 0 0 0 0 0 0 0 0 0 0 0 0 0 0 0 0 0 0 0 0 0 0 0 0 0 0 0 0 0 0 0 0 0 0 0 0 0 0 0 0 0 0 0 0 0 0 0 0 0 0 0 0 0 0 0 0 0 0 0 0 0 0 0 0 0 0 0 0 0 0 0 0 0 0 0 0 0 0 0 0 0 0 0 0 0 0 0 0 0 0 0 0 0 0 0 0 0 0 0 0 0 0 0 0 0 0 0 0 0 0 0 0 0 0 0 0 0 0 0 0 0 0 0 0 0 0 0 0 0 0 0 0 0 0 0 0 0 0 0 0 0 0 0 0 0 0 0 0 0 0 0 0 0 0 0 0 0 0 0 0 0 0 0 0 0 0 0 0 0 0 0 0 0 0 0 0 0 0 0 0 0 0 0 0 0 0 0 0 0 0 0 0 0 0 0 0 0 0 0 0 0 0 0 0 0 0 0 0 0 0 0 0 0 0 0 0 0 0 0 0 0 0 0 0 0 0 0 0 0 0 0 0 0 0 0 0 0 0 0 0 0 0 0 0 0 0 0 0 0 0 0 0 0 0 0 0 0 0 0 0 0 0 0 0 0 0 0 0 0 0 0 0 0 0 0 0 0 0 0 0 0 0 0 0 0 0 0 0 0 0 0 0 0 0 0 0 0 0 0 0 0 0 0 0 0 0 0 0 0 0 0 0 0 0 0 0 0 0 0 0 0 0 0 0 0 0 0 0 0 0 0 0 0 0 0 0 0 0 0 0 0 0 0 0 0 0 0 0 0 0 0 0 0 0 0 0 0 0 0 0 0 0 0 0 0 0 0 0 0 0 0 0 0 0 0 0 0 0 0 0 0 0 0 0 0 0 0 0 0 0 0 0 0 0 0 0 0 0 0 0 0 0 0 0 0 0 0 0 0 0 0 0 0 0 0 0 0 0 0 0 0 0 0 0 0 0 0 0 0 0 0 0 0 0 0 0 0 0 0 0 0 0 0 0 0 0 0 0 0 0 0 0 0 0 0 0 0 0 0 0 0 0 0 0 0 0 0 0 0 0 0 0 0 0 0 0 0 0 0 0 0 0 0 0 0 0 0 0 0 0 0 0 0 0 0 0 0 0 0 0 0 0 0 0 0 0 0 0 0 0 0 0 0 0 0 0 0 0 0 0 0 0 0 0 0 0 0 0 0 0 0 0 0 0 0 0 0 0 0 0 0 0 0 0 0 0 0 0 0 0 0 0 0 0 0 0 0 0 0 0 0 0 0 0 0 0 0 0 0 0 0 0 0 0 0 0 0 0 0 0 0 0 0 0 0 0 0 0 0 0 0 0 0 0 0 0 0 0 0 0 0 0 0 0 0 0 0 0 0 0 0 0 0 0 0 0 0 0 0 -3.832294 0.00970298 -3.979754 1.0027 -3.979754 0.00970298 -3.979754 1.0027 -3.832294 0.00970298 -3.832294 1.0027 -3.832294 1.0027 -3.832294 0.00970298 -3.684834 0.00970298 -3.832294 1.0027 -3.684834 0.00970298 -3.684834 1.0027 -3.684834 1.0027 -3.684834 0.00970298 -3.537374 0.009702563 -3.684834 1.0027 -3.537374 0.009702563 -3.537374 1.0027 -3.537374 1.0027 -3.537374 0.009702563 -3.389914 1.0027 -3.389914 1.0027 -3.537374 0.009702563 -3.389914 0.00970298 -3.389914 1.0027 -3.389914 0.00970298 -3.242454 1.0027 -3.242454 1.0027 -3.389914 0.00970298 -3.242454 0.009703338 -3.242454 1.0027 -3.242454 0.009703338 -3.094994 1.0027 -3.094994 1.0027 -3.242454 0.009703338 -3.094994 0.00970298 -3.094994 1.0027 -3.094994 0.00970298 -2.947535 1.0027 -2.947535 1.0027 -3.094994 0.00970298 -2.947535 0.00970298 -2.947535 1.0027 -2.947535 0.00970298 -2.800075 1.002699 -2.800075 1.002699 -2.947535 0.00970298 -2.800075 0.009702563 -2.800075 1.002699 -2.800075 0.009702563 -2.652615 1.002699 -2.652615 1.002699 -2.800075 0.009702563 -2.652615 0.009702563 -2.652615 1.002699 -2.652615 0.009702563 -2.505155 1.002699 -2.505155 1.002699 -2.652615 0.009702563 -2.505155 0.009702563 -2.505155 1.002699 -2.505155 0.009702563 -2.357695 0.009702563 -2.505155 1.002699 -2.357695 0.009702563 -2.357695 1.002699 -2.357695 1.002699 -2.357695 0.009702563 -2.210236 0.009702563 -2.357695 1.002699 -2.210236 0.009702563 -2.210235 1.002699 -2.210235 1.002699 -2.210236 0.009702563 -2.062776 0.009702563 -2.210235 1.002699 -2.062776 0.009702563 -2.062775 1.002699 -2.062775 1.002699 -2.062776 0.009702563 -1.915315 1.002699 -1.915315 1.002699 -2.062776 0.009702563 -1.915315 0.009702563 -1.915315 1.002699 -1.915315 0.009702563 -1.767856 1.002699 -1.767856 1.002699 -1.915315 0.009702563 -1.767856 0.009702563 -1.767856 1.002699 -1.767856 0.009702563 -1.620396 1.002699 -1.620396 1.002699 -1.767856 0.009702563 -1.620396 0.009702563 -1.620396 1.002699 -1.620396 0.009702563 -1.472936 1.002699 -1.472936 1.002699 -1.620396 0.009702563 -1.472936 0.009702563 -1.472936 1.002699 -1.472936 0.009702563 -1.325476 1.002699 -1.325476 1.002699 -1.472936 0.009702563 -1.325476 0.009702563 -1.325476 1.002699 -1.325476 0.009702563 -1.178017 1.002699 -1.178017 1.002699 -1.325476 0.009702563 -1.178017 0.009702563 -1.178017 1.002699 -1.178017 0.009702563 -1.030556 1.002699 -1.030556 1.002699 -1.178017 0.009702563 -1.030557 0.009702563 -1.030556 1.002699 -1.030557 0.009702563 -0.8830973 0.009702563 -1.030556 1.002699 -0.8830973 0.009702563 -0.8830962 1.002699 -0.8830962 1.002699 -0.8830973 0.009702563 -0.7356365 1.002699 -0.7356365 1.002699 -0.8830973 0.009702563 -0.7356365 0.009702563 -0.7356365 1.002699 -0.7356365 0.009702563 -0.5881767 0.009702563 -0.7356365 1.002699 -0.5881767 0.009702563 -0.5881767 1.002699 -0.5881767 1.002699 -0.5881767 0.009702563 -0.440716 1.002699 -0.440716 1.002699 -0.5881767 0.009702563 -0.4407171 0.009702563 -0.440716 1.002699 -0.4407171 0.009702563 -0.2932567 0.009702563 -0.440716 1.002699 -0.2932567 0.009702563 -0.2932567 1.002699 -0.2932567 1.002699 -0.2932567 0.009702563 -0.1457965 1.002699 -0.1457965 1.002699 -0.2932567 0.009702563 -0.145797 0.009702563 -0.1457965 1.002699 -0.145797 0.009702563 0.001663148 0.009702563 -0.1457965 1.002699 0.001663148 0.009702563 0.001663148 1.002699 0.001663148 1.002699 0.001663148 0.009702563 0.1491239 1.002699 0.1491239 1.002699 0.001663148 0.009702563 0.1491239 0.009702563 0.1491239 1.002699 0.1491239 0.009702563 0.2965842 1.002699 0.2965842 1.002699 0.1491239 0.009702563 0.2965842 0.009702563 0.2965842 1.002699 0.2965842 0.009702563 0.4440434 1.002699 0.4440434 1.002699 0.2965842 0.009702563 0.4440434 0.009702563 0.4440434 1.002699 0.4440434 0.009702563 0.5915042 0.009702563 0.4440434 1.002699 0.5915042 0.009702563 0.5915047 1.002699 0.5915047 1.002699 0.5915042 0.009702563 0.7389639 1.002699 0.7389639 1.002699 0.5915042 0.009702563 0.7389639 0.009702563 0.7389639 1.002699 0.7389639 0.009702563 0.8864236 1.002699 0.8864236 1.002699 0.7389639 0.009702563 0.8864236 0.009702563 0.8864236 1.002699 0.8864236 0.009702563 1.033884 1.002699 1.033884 1.002699 0.8864236 0.009702563 1.033884 0.009702563 1.033884 1.002699 1.033884 0.009702563 1.181344 1.002699 1.181344 1.002699 1.033884 0.009702563 1.181344 0.009702563 1.181344 1.002699 1.181344 0.009702563 1.328804 1.002699 1.328804 1.002699 1.181344 0.009702563 1.328804 0.009702563 1.328804 1.002699 1.328804 0.009702563 1.476263 1.002699 1.476263 1.002699 1.328804 0.009702563 1.476263 0.009702563 1.476263 1.002699 1.476263 0.009702563 1.623723 1.002699 1.623723 1.002699 1.476263 0.009702563 1.623723 0.009702563 1.623723 1.002699 1.623723 0.009702563 1.771183 1.002699 1.771183 1.002699 1.623723 0.009702563 1.771183 0.009702563 1.771183 1.002699 1.771183 0.009702563 1.918642 1.002699 1.918642 1.002699 1.771183 0.009702563 1.918642 0.009702563 1.918642 1.002699 1.918642 0.009702563 2.066102 1.002699 2.066102 1.002699 1.918642 0.009702563 2.066102 0.009702563 2.066102 1.002699 2.066102 0.009702563 2.213562 1.002699 2.213562 1.002699 2.066102 0.009702563 2.213562 0.009702563 2.213562 1.002699 2.213562 0.009702563 2.361022 1.002699 2.361022 1.002699 2.213562 0.009702563 2.361022 0.009702563 2.361022 1.002699 2.361022 0.009702563 2.508481 1.002699 2.508481 1.002699 2.361022 0.009702563 2.508481 0.009702563 2.508481 1.002699 2.508481 0.009702563 2.655941 1.002699 2.655941 1.002699 2.508481 0.009702563 2.655942 0.009702563 2.655941 1.002699 2.655942 0.009702563 2.803401 1.002699 2.803401 1.002699 2.655942 0.009702563 2.803401 0.009702563 2.803401 1.002699 2.803401 0.009702563 2.950863 1.002699 2.950863 1.002699 2.803401 0.009702563 2.950861 0.009702563 2.950863 1.002699 2.950861 0.009702563 3.098321 0.009702563 2.950863 1.002699 3.098321 0.009702563 3.098321 1.002699 3.098321 1.002699 3.098321 0.009702563 3.24578 0.009702563 3.098321 1.002699 3.24578 0.009702563 3.245781 1.002699 3.245781 1.002699 3.24578 0.009702563 3.39324 0.009702563 3.245781 1.002699 3.39324 0.009702563 3.393242 1.002699 3.393242 1.002699 3.39324 0.009702563 3.540701 0.009702563 3.393242 1.002699 3.540701 0.009702563 3.540702 1.002699 3.540702 1.002699 3.540701 0.009702563 3.68816 0.009702563 3.540702 1.002699 3.68816 0.009702563 3.688161 1.002699 3.688161 1.002699 3.68816 0.009702563 3.835622 0.009702563 3.688161 1.002699 3.835622 0.009702563 3.835622 1.002699 3.835622 1.002699 3.835622 0.009702563 3.983081 0.009702146 3.835622 1.002699 3.983081 0.009702146 3.983081 1.002699 3.983081 1.002699 3.983081 0.009702146 4.13054 0.009702146 3.983081 1.002699 4.13054 0.009702146 4.13054 1.002699 4.13054 1.002699 4.13054 0.009702146 4.278 0.009702146 4.13054 1.002699 4.278 0.009702146 4.278 1.002699 4.278 1.002699 4.278 0.009702146 4.42546 0.009702146 4.278 1.002699 4.42546 0.009702146 4.42546 1.002699 4.42546 1.002699 4.42546 0.009702146 4.57292 0.009702146 4.42546 1.002699 4.57292 0.009702146 4.57292 1.002699 4.57292 1.002699 4.57292 0.009702146 4.720379 0.009702563 4.57292 1.002699 4.720379 0.009702563 4.720379 1.002699 4.720379 1.002699 4.720379 0.009702563 4.867841 0.009701728 4.720379 1.002699 4.867841 0.009701728 4.867841 1.002699 4.867841 1.002699 4.867841 0.009701728 5.015301 1.002699 5.015301 1.002699 4.867841 0.009701728 5.015301 0.009702563 2.12806 0.9930951 1.981611 0.00690478 2.12806 0.006905138 1.981611 0.00690478 2.12806 0.9930951 1.835162 0.006905138 1.835162 0.006905138 2.12806 0.9930951 1.688713 0.006905138 1.688713 0.006905138 2.12806 0.9930951 1.542264 0.006905138 1.542264 0.006905138 2.12806 0.9930951 1.395815 0.006905138 1.395815 0.006905138 2.12806 0.9930951 1.249366 0.006905138 1.249366 0.006905138 2.12806 0.9930951 1.102916 0.006905138 1.102916 0.006905138 2.12806 0.9930951 0.9564673 0.006905138 0.9564673 0.006905138 2.12806 0.9930951 0.8100182 0.006905138 0.8100182 0.006905138 2.12806 0.9930951 0.6635694 0.006905138 0.6635694 0.006905138 2.12806 0.9930951 0.5171201 0.006905138 0.5171201 0.006905138 2.12806 0.9930951 0.3706709 0.006905138 0.3706709 0.006905138 2.12806 0.9930951 0.2242218 0.006905138 0.2242218 0.006905138 2.12806 0.9930951 0.07777279 0.006905138 0.07777279 0.006905138 2.12806 0.9930951 -0.06867599 0.006905138 -0.06867599 0.006905138 2.12806 0.9930951 -0.215125 0.006904959 -0.215125 0.006904959 2.12806 0.9930951 -0.3615741 0.006904959 -0.3615741 0.006904959 2.12806 0.9930951 -0.5080232 0.006904959 -0.5080232 0.006904959 2.12806 0.9930951 -0.6544721 0.006904959 -0.6544721 0.006904959 2.12806 0.9930951 -0.8009212 0.006905138 -0.8009212 0.006905138 2.12806 0.9930951 -0.9473701 0.006905138 -0.9473701 0.006905138 2.12806 0.9930951 -1.093819 0.006905138 -1.093819 0.006905138 2.12806 0.9930951 -1.240268 0.006905138 -1.240268 0.006905138 2.12806 0.9930951 -1.386717 0.006905138 -1.386717 0.006905138 2.12806 0.9930951 -1.533166 0.006905138 -1.533166 0.006905138 2.12806 0.9930951 -1.679615 0.006905138 -1.679615 0.006905138 2.12806 0.9930951 -1.679615 0.9930951 0 0 0 0 0 0 0 0 0 0 0 0 0 0 0 0 0 0 0 0 0 0 0 0 0 0 0 0 0 0 0 0 0 0 0 0 0 0 0 0 0 0 0 0 0 0 0 0 0 0 0 0 0 0 0 0 0 0 0 0 0 0 0 0 0 0 0 0 0 0 0 0 0 0 0 0 0 0 0 0 0 0 0 0 0 0 0 0 0 0 0 0 0 0 0 0 0 0 0 0 0 0 0 0 0 0 0 0 0 0 0 0 0 0 0 0 0 0 0 0 0 0 0 0 0 0 0 0 0 0 0 0 0 0 0 0 0 0 0 0 0 0 0 0 0 0 0 0 0 0 0 0 0 0 0 0 0 0 0 0 0 0 0 0 0 0 0 0 0 0 0 0 0 0 0 0 0 0 0 0 0 0 0 0 0 0 0 0 0 0 0 0 0 0 0 0 0 0 0 0 0 0 0 0 0 0 0 0 0 0 0 0 0 0 0 0 0 0 0 0 0 0 0 0 0 0 0 0 0 0 0 0 0 0 0 0 0 0 0 0 0 0 0 0 0 0 0 0 0 0 0 0 0 0 0 0 0 0 0 0 0 0 0 0 0 0 0 0 0 0 0 0 0 0 0 0 -3.182078 0.005010008 -3.035066 0.9949903 -3.182078 0.9949909 -3.035066 0.9949903 -3.182078 0.005010008 -3.035065 0.005010008 -3.035066 0.9949903 -3.035065 0.005010008 -2.888054 0.9949903 -2.888054 0.9949903 -3.035065 0.005010008 -2.888054 0.005010008 -2.888054 0.9949903 -2.888054 0.005010008 -2.741042 0.9949903 -2.741042 0.9949903 -2.888054 0.005010008 -2.741042 0.005010008 -2.741042 0.9949903 -2.741042 0.005010008 -2.59403 0.9949903 -2.59403 0.9949903 -2.741042 0.005010008 -2.59403 0.005010008 -2.59403 0.9949903 -2.59403 0.005010008 -2.447018 0.9949903 -2.447018 0.9949903 -2.59403 0.005010008 -2.447018 0.005010008 -2.447018 0.9949903 -2.447018 0.005010008 -2.300006 0.00500971 -2.447018 0.9949903 -2.300006 0.00500971 -2.300006 0.9949909 -2.300006 0.9949909 -2.300006 0.00500971 -2.152994 0.9949903 -2.152994 0.9949903 -2.300006 0.00500971 -2.152994 0.00500971 -2.152994 0.9949903 -2.152994 0.00500971 -2.005982 0.00500971 -2.152994 0.9949903 -2.005982 0.00500971 -2.005982 0.9949903 -2.005982 0.9949903 -2.005982 0.00500971 -1.85897 0.9949903 -1.85897 0.9949903 -2.005982 0.00500971 -1.85897 0.00500971 -1.85897 0.9949903 -1.85897 0.00500971 -1.711958 0.00500971 -1.85897 0.9949903 -1.711958 0.00500971 -1.711958 0.9949903 -1.711958 0.9949903 -1.711958 0.00500971 -1.564946 0.9949903 -1.564946 0.9949903 -1.711958 0.00500971 -1.564946 0.00500971 -1.564946 0.9949903 -1.564946 0.00500971 -1.417934 0.00500971 -1.564946 0.9949903 -1.417934 0.00500971 -1.417934 0.9949903 -1.417934 0.9949903 -1.417934 0.00500971 -1.270922 0.9949903 -1.270922 0.9949903 -1.417934 0.00500971 -1.270922 0.00500971 -1.270922 0.9949903 -1.270922 0.00500971 -1.12391 0.9949903 -1.12391 0.9949903 -1.270922 0.00500971 -1.12391 0.00500971 -1.12391 0.9949903 -1.12391 0.00500971 -0.9768977 0.9949903 -0.9768977 0.9949903 -1.12391 0.00500971 -0.9768979 0.00500971 -0.9768977 0.9949903 -0.9768979 0.00500971 -0.8298856 0.00500971 -0.9768977 0.9949903 -0.8298856 0.00500971 -0.8298856 0.9949903 -0.8298856 0.9949903 -0.8298856 0.00500971 -0.6828734 0.9949903 -0.6828734 0.9949903 -0.8298856 0.00500971 -0.6828736 0.00500971 -0.6828734 0.9949903 -0.6828736 0.00500971 -0.5358614 0.9949903 -0.5358614 0.9949903 -0.6828736 0.00500971 -0.5358617 0.00500971 -0.5358614 0.9949903 -0.5358617 0.00500971 -0.3888495 0.9949903 -0.3888495 0.9949903 -0.5358617 0.00500971 -0.3888497 0.00500971 -0.3888495 0.9949903 -0.3888497 0.00500971 -0.2418372 0.9949903 -0.2418372 0.9949903 -0.3888497 0.00500971 -0.2418375 0.00500971 -0.2418372 0.9949903 -0.2418375 0.00500971 -0.0948255 0.9949903 -0.0948255 0.9949903 -0.2418375 0.00500971 -0.0948255 0.00500971 -0.0948255 0.9949903 -0.0948255 0.00500971 0.05218619 0.9949903 0.05218619 0.9949903 -0.0948255 0.00500971 0.05218619 0.00500971 0.05218619 0.9949903 0.05218619 0.00500971 0.1991981 0.9949903 0.1991981 0.9949903 0.05218619 0.00500971 0.1991981 0.00500971 0.1991981 0.9949903 0.1991981 0.00500971 0.3462105 0.9949903 0.3462105 0.9949903 0.1991981 0.00500971 0.3462101 0.00500971 0.3462105 0.9949903 0.3462101 0.00500971 0.4932221 0.9949903 0.4932221 0.9949903 0.3462101 0.00500971 0.4932221 0.00500971 0.4932221 0.9949903 0.4932221 0.00500971 0.6402345 0.9949903 0.6402345 0.9949903 0.4932221 0.00500971 0.6402341 0.00500971 0.6402345 0.9949903 0.6402341 0.00500971 0.7872464 0.9949903 0.7872464 0.9949903 0.6402341 0.00500971 0.7872462 0.00500971 0.7872464 0.9949903 0.7872462 0.00500971 0.9342584 0.9949903 0.9342584 0.9949903 0.7872462 0.00500971 0.9342584 0.00500971 0.9342584 0.9949903 0.9342584 0.00500971 1.08127 0.9949903 1.08127 0.9949903 0.9342584 0.00500971 1.08127 0.00500971 1.08127 0.9949903 1.08127 0.00500971 1.228282 0.9949903 1.228282 0.9949903 1.08127 0.00500971 1.228282 0.00500971 1.228282 0.9949903 1.228282 0.00500971 1.375295 0.9949903 1.375295 0.9949903 1.228282 0.00500971 1.375294 0.00500971 1.375295 0.9949903 1.375294 0.00500971 1.522307 0.9949903 1.522307 0.9949903 1.375294 0.00500971 1.522306 0.00500971 1.522307 0.9949903 1.522306 0.00500971 1.669318 0.00500971 1.522307 0.9949903 1.669318 0.00500971 1.669319 0.9949903 1.669319 0.9949903 1.669318 0.00500971 1.81633 0.00500971 1.669319 0.9949903 1.81633 0.00500971 1.816331 0.9949903 1.816331 0.9949903 1.81633 0.00500971 1.963342 0.00500971 1.816331 0.9949903 1.963342 0.00500971 1.963342 0.9949903 1.963342 0.9949903 1.963342 0.00500971 2.110353 0.00500971 1.963342 0.9949903 2.110353 0.00500971 2.110354 0.9949903 2.110354 0.9949903 2.110353 0.00500971 2.257366 0.00500971 2.110354 0.9949903 2.257366 0.00500971 2.257367 0.9949903 2.257367 0.9949903 2.257366 0.00500971 2.404378 0.00500971 2.257367 0.9949903 2.404378 0.00500971 2.404378 0.9949903 2.404378 0.9949903 2.404378 0.00500971 2.551389 0.00500971 2.404378 0.9949903 2.551389 0.00500971 2.55139 0.9949903 2.55139 0.9949903 2.551389 0.00500971 2.698401 0.00500971 2.55139 0.9949903 2.698401 0.00500971 2.698402 0.9949903 2.698402 0.9949903 2.698401 0.00500971 2.845414 0.005009412 2.698402 0.9949903 2.845414 0.005009412 2.845414 0.9949903 2.845414 0.9949903 2.845414 0.005009412 2.992425 0.005009412 2.845414 0.9949903 2.992425 0.005009412 2.992425 0.9949903 2.992425 0.9949903 2.992425 0.005009412 3.139437 0.005009412 2.992425 0.9949903 3.139437 0.005009412 3.139437 0.9949903 3.139437 0.9949903 3.139437 0.005009412 3.28645 0.005009114 3.139437 0.9949903 3.28645 0.005009114 3.28645 0.9949903 3.28645 0.9949903 3.28645 0.005009114 3.433462 0.005009114 3.28645 0.9949903 3.433462 0.005009114 3.433462 0.9949903 3.433462 0.9949903 3.433462 0.005009114 3.580474 0.9949903 0 0 0 0 0 0 0 0 0 0 0 0 0 0 0 0 0 0 0 0 0 0 0 0 0 0 0 0 0 0 0 0 0 0 0 0 0 0 0 0 0 0 0 0 0 0 0 0 0 0 0 0 0 0 0 0 0 0 0 0 0 0 0 0 0 0 0 0 0 0 0 0 0 0 0 0 0 0 0 0 0 0 0 0 0 0 0 0 0 0 0 0 0 0 0 0 0 0 0 0 0 0 0 0 0 0 0 0 0 0 0 0 0 0 0 0 0 0 0 0 0 0 0 0 0 0 0 0 0 0 0 0 0 0 0 0 0 0 0 0 0 0 0 0 0 0 0 0 0 0 0 0 0 0 0 0 0 0 0 0 0 0 0 0 0 0 0 0 0 0 0 0 0 0 0 0 0 0 0 0 0 0 0 0 0 0 0 0 0 0 0 0 0 0 0 0 0 0 0 0 0 0 0 0 0 0 0 0 0 0 0 0 0 0 0 0 0 0 0 0 0 0 0 0 0 0 0 0 0 0 0 0 0 0 0 0 0 0 0 0 0 0 0 0 0 0 0 0 0 0 0 0 0 0 0 0 0 0 0 0 0 0 0 0 0 0 0 0 0 0 0 0 0 0 0 0 0 0 0 0 0 0 0 0 0 0 0 0 0 0 0 0 0 0 0 0 0 0 0 0 0 0 0 0 0 0 0 0 0 0 0 0 0 0 0 0 0 0 0 0 0 0 0 0 0 0 0 0 0 0 0 0 0 0 0 0 0 0 0 0 0 0 0 0 0 0 0 0 0 0 0 0 0 0 0 0 0 0 0 0 0 0 0 0 0 0 0 0 0 0 0 0 0 0 0 0 0 0 0 0 0 0 0 0 0 0 0 0 0 0 0 0 0 0 0 0 0 0 0 0 0 0 0 0 0 0 0 0 0 0 0 0 0 0 0 0 0 0 0 0 0 0 0 0 0 0 0 0 0 0 0 0 0 0 0 0 0 0 0 0 0 0 0 0 0 0 0 0 0 0 0 0 0 0 0 0 0 0 0 0 0 0 0 0 0 0 0 0 0 0 0 0 0 0 0 0 0 0 0 0 0 0 0 0 0 0 0 0 0 0 0 0 0 0 0 0 0 0 0 0 0 0 0 0 0 0 0 0 0 0 0 0 0 0 0 0 0 0 0 0 0 0 0 0 0 0 0 0 0 0 0 0 0 0 0 0 0 0 0 0 0 0 0 0 0 0 0 0 0 0 0 0 0 0 0 0 0 0 0 0 0 0 0 0 0 0 0 0 0 0 0 0 0 0 0 0 0 0 0 0 0 0 0 0 0 0 0 0 0 0 0 0 0 0 0 0 0 0 0 0 0 0 0 0 0 0 0 0 0 0 0 0 0 0 0 0 0 0 0 0 0 0 0 0 0 0 0 0 0 0 0 0 0 0 0 0 0 0 0 0 0 0 0 0 0 0 0 0 0 0 0 0 0 0 0 0 0 0 0 0 0 0 0 0 0 0 0 0 0 0 0 0 0 0 0 0 0 0 0 0 0 0 0 0 0 0 0 0 0 0 0 0 0 0 0 0 0 0 0 0 0 0 0 0 0 0 0 0 0 0 0 0 0 0 0 0 0 0 0 0 0 0 0 0 0 0 0 0 0 0 0 0 0 0 0 0 0 0 0 0 0 0 0 0 0 0 0 0 0 0 0 0 0 0 0 0 0 0 0 0 0 0 0 0 0 0 0 0 0 0 0 0 0 0 0 0 0 0 0 0 0 0 0 0 0 0 0 0 0 0 0 0 0 0 0 0 0 0 0 0 0 0 0 0 0 0 0 0 0 0 0 0 0 0 0 0 0 0 0 0 0 0 0 0 0 0 0 0 0 0 0 0 0 0 0 0 0 0 0 0 0 0 0 0 0 0 0 0 0 0 0 0 0 0 0 0 0 0 0 0 0 0 0 0 0 0 0 0 0 0 0 0 0 0 0 0 0 0 0 0 0 0 0 0 0 0 0 0 0 0 0 0 0 0 0 0 0 0 0 0 0 0 0 0 0 0 0 0 0 0 0 0 0 0 0 0 0 0 0 0 0 0 0 0 0 0 0 0 0 0 0 0 0 0 0 0 0 0 0 0 0 0 0 0 0 0 0 0 0 0 0 0 0 0 0 0 0 0 0 0 0 0 0 0 0 0 0 0 0 0 0 0 0 0 0 0 0 0 0 0 0 0 0 0 0 0 0 0 0 0 0 0 0 0 0 0 0 0 0 0 0 0 0 0 0 0 0 0 0 0 0 0 0 0 0 0 0 0 0 0 0 0 0 0 0 0 0 0 0 0 0 0 0 0 0 0 0 0 0 0 0 0 0 0 0 0 0 0 0 0 0 0 0 0 0 0 0 0 0 0 0 0 0 0 0 0 0 0 0 0 0 0 0 0 0 0 0 0 0 0 0 0 0 0 0 0 0 0 0 0 0 0 0 0 0 0 0 0 0 0 0 0 0 0 0 0 0 0 0 0 0 0 0 0 0 0 0 0 0 0 0 0 0 0 0 0 0 0 0 0 0 0 0 0 0 0 0 0 0 0 0 0 0 0 0 0 0 0 0 0 0 0 0 0 0 0 0 0 1.236946 0.9947777 1.089997 0.005222201 1.236945 0.005222201 1.089997 0.005222201 1.236946 0.9947777 0.9430475 0.005222022 0.9430475 0.005222022 1.236946 0.9947777 0.796099 0.005222022 0.796099 0.005222022 1.236946 0.9947777 0.6491498 0.005222022 0.6491498 0.005222022 1.236946 0.9947777 0.5022013 0.005222082 0.5022013 0.005222082 1.236946 0.9947777 0.3552523 0.005222082 0.3552523 0.005222082 1.236946 0.9947777 0.2083035 0.005222082 0.2083035 0.005222082 1.236946 0.9947777 0.06135433 0.005222082 0.06135433 0.005222082 1.236946 0.9947777 -0.08559447 0.005222201 -0.08559447 0.005222201 1.236946 0.9947777 -0.2325434 0.005222201 -0.2325434 0.005222201 1.236946 0.9947777 -0.3794922 0.005222201 -0.3794922 0.005222201 1.236946 0.9947777 -0.5264411 0.005222201 -0.5264411 0.005222201 1.236946 0.9947777 -0.6733896 0.005222201 -0.6733896 0.005222201 1.236946 0.9947777 -0.6733894 0.9947777 1.25651 1.004913 1.106552 -0.004912436 1.256511 -0.004912436 1.106552 -0.004912436 1.25651 1.004913 0.9565935 -0.004912436 0.9565935 -0.004912436 1.25651 1.004913 0.8066348 -0.004912436 0.8066348 -0.004912436 1.25651 1.004913 0.6566758 -0.004912436 0.6566758 -0.004912436 1.25651 1.004913 0.506717 -0.004912436 0.506717 -0.004912436 1.25651 1.004913 0.3567577 -0.004912436 0.3567577 -0.004912436 1.25651 1.004913 0.2067987 -0.004912555 0.2067987 -0.004912555 1.25651 1.004913 0.05683982 -0.004912555 0.05683982 -0.004912555 1.25651 1.004913 -0.09311878 -0.004912555 -0.09311878 -0.004912555 1.25651 1.004913 -0.2430779 -0.004912555 -0.2430779 -0.004912555 1.25651 1.004913 -0.3930366 -0.004912555 -0.3930366 -0.004912555 1.25651 1.004913 -0.5429957 -0.004912555 -0.5429957 -0.004912555 1.25651 1.004913 -0.6929537 -0.004912555 -0.6929537 -0.004912555 1.25651 1.004913 -0.692955 1.004913 0 0 0 0 0 0 0 0 0 0 0 0 0 0 0 0 0 0 0 0 0 0 0 0 0 0 0 0 0 0 0 0 0 0 0 0 0 0 0 0 0 0 0 0 0 0 0 0 0 0 0 0 0 0 0 0 0 0 0 0 0 0 0 0 0 0 0 0 0 0 0 0 1.23369 0.9930918 1.087243 0.006908535 1.233691 0.006908535 1.087243 0.006908535 1.23369 0.9930918 0.9407948 0.006908535 0.9407948 0.006908535 1.23369 0.9930918 0.7943468 0.006908535 0.7943468 0.006908535 1.23369 0.9930918 0.6478987 0.006908535 0.6478987 0.006908535 1.23369 0.9930918 0.5014507 0.006908535 0.5014507 0.006908535 1.23369 0.9930918 0.3550022 0.006908535 0.3550022 0.006908535 1.23369 0.9930918 0.06210601 0.006908357 0.06210601 0.006908357 1.23369 0.9930918 -0.08434176 0.006908357 -0.08434176 0.006908357 1.23369 0.9930918 -0.23079 0.006908357 -0.23079 0.006908357 1.23369 0.9930918 -0.3772378 0.006908357 -0.3772378 0.006908357 1.23369 0.9930918 -0.5236863 0.006908357 -0.5236863 0.006908357 1.23369 0.9930918 -0.6701334 0.006908357 -0.6701334 0.006908357 1.23369 0.9930918 -0.6701347 0.9930918 1.23866 0.9956659 1.091448 0.00433439 1.23866 0.00433439 1.091448 0.00433439 1.23866 0.9956659 0.9442351 0.00433439 0.9442351 0.00433439 1.23866 0.9956659 0.7970227 0.00433439 0.7970227 0.00433439 1.23866 0.9956659 0.64981 0.00433439 0.64981 0.00433439 1.23866 0.9956659 0.5025975 0.00433439 0.5025975 0.00433439 1.23866 0.9956659 0.3553845 0.004334211 0.3553845 0.004334211 1.23866 0.9956659 0.2081719 0.004334211 0.2081719 0.004334211 1.23866 0.9956659 0.06095927 0.004334211 0.06095927 0.004334211 1.23866 0.9956659 -0.08625304 0.004334211 -0.08625304 0.004334211 1.23866 0.9956659 -0.2334659 0.004334211 -0.2334659 0.004334211 1.23866 0.9956659 -0.3806781 0.004334211 -0.3806781 0.004334211 1.23866 0.9956659 -0.5278911 0.004334211 -0.5278911 0.004334211 1.23866 0.9956659 -0.6751027 0.004334211 -0.6751027 0.004334211 1.23866 0.9956659 -0.6751041 0.9956659 0 0 0 0 0 0 0 0 0 0 0 0 0 0 0 0 0 0 0 0 0 0 0 0 0 0 0 0 0 0 0 0 0 0 0 0 0 0 0 0 0 0 0 0 0 0 0 0 0 0 0 0 0 0 0 0 0 0 0 0 0 0 0 0 0 0 0 0 0 0 0 0 0 0 0 0 0 0 0 0 0 0 0 0 0 0 0 0 0 0 0 0 0 0 0 0 0 0 0 0 0 0 0 0 0 0 0 0 0 0 0 0 0 0 0 0 0 0 0 0 0 0 0 0 0 0 0 0 0 0 0 0 0 0 0 0 0 0 0 0 0 0 0 0 0 0 0 0 0 0 0 0 0 0 0 0 1.231924 0.9921767 1.085748 0.007823109 1.231923 0.007823109 1.085748 0.007823109 1.231924 0.9921767 0.9395713 0.007823109 0.9395713 0.007823109 1.231924 0.9921767 0.7933952 0.007823109 0.7933952 0.007823109 1.231924 0.9921767 0.6472185 0.007823109 0.6472185 0.007823109 1.231924 0.9921767 0.5010425 0.007823169 0.5010425 0.007823169 1.231924 0.9921767 0.3548661 0.007823169 0.3548661 0.007823169 1.231924 0.9921767 0.2086897 0.007823169 0.2086897 0.007823169 1.231924 0.9921767 0.06251311 0.007823169 0.06251311 0.007823169 1.231924 0.9921767 -0.08366316 0.007823288 -0.08366316 0.007823288 1.231924 0.9921767 -0.2298395 0.007823288 -0.2298395 0.007823288 1.231924 0.9921767 -0.3760159 0.007823288 -0.3760159 0.007823288 1.231924 0.9921767 -0.5221922 0.007823288 -0.5221922 0.007823288 1.231924 0.9921767 -0.6683682 0.007823288 -0.6683682 0.007823288 1.231924 0.9921767 -0.6683681 0.9921767 0 0 0 0 0 0 0 0 0 0 0 0 0 0 0 0 0 0 0 0 0 0 0 0 0 0 0 0 0 0 0 0 0 0 0 0 0 0 0 0 0 0 0 0 0 0 0 0 0 0 0 0 0 0 0 0 0 0 0 0 0 0 0 0 0 0 0 0 0 0 0 0 0 0 0 0 0 0 0 0 0 0 0 0 0 0 0 0 0 0 0 0 0 0 0 0 0 0 0 0 0 0 0 0 0 0 0 0 0 0 0 0 0 0 0 0 0 0 0 0 0 0 0 0 0 0 0 0 0 0 0 0 0 0 0 0 0 0 0 0 0 0 0 0 0 0 0 0 0 0 0 0 0 0 0 0 0 0 0 0 0 0 0 0 0 0 0 0 0 0 0 0 0 0 0 0 0 0 0 0 0 0 0 0 0 0 0 0 0 0 0 0 0 0 0 0 0 0 0 0 0 0 0 0 0 0 0 0 0 0 0 0 0 0 0 0 0 0 0 0 0 0 0 0 0 0 0 0 0 0 0 0 0 0 0 0 0 0 0 0 0 0 0 0 0 0 0 0 0 0 0 0 0 0 0 0 0 0 0 0 0 0 0 0 0 0 0 0 0 0 0 0 0 0 0 0 0 0 0 0 0 0 0 0 0 0 0 0 0 0 0 0 0 0 0 0 0 0 0 0 0 0 0 0 0 0 0 0 0 0 0 0 0 0 0 0 0 0 0 0 0 0 0 0 0 0 0 0 0 0 0 0 0 0 0 0 0 0 0 0 0 0 0 0 0 0 0 0 0 0 0 0 0 0 0 0 0 0 0 0 0 0 0 0 0 0 0 0 0 0 0 0 0 0 0 0 0 0 0 0 0 0 0 0 0 0 0 0 0 0 0 0 0 0 0 0 0 0 0 0 0 0 0 0 0 0 0 0 0 0 0 0 0 0 0 0 0 0 0 0 0 0 0 0 0 0 0 0 0 0 0 0 0 0 0 0 0 0 0 0 0 0 0 0 0 0 0 0 0 0 0 0 0 0 0 0 0 0 0 0 0 0 0 0 0 0 0 0 0 0 0 0 0 0 0 0 0 0 0 0 0 0 0 0 0 0 0 0 0 0 0 0 0 0 0 0 0 0 0 0 0 0 0 0 0 0 0 0 0 0 0 0 0 0 0 0 0 0 0 0 0 0 0 0 0 0 0 0 0 0 0 0 0 0 0 0 0 0 0 0 0 0 0 0 0 0 0 0 0 0 0 0 0 0 0 0 0 0 0 0 0 0 0 0 0 0 0 0 0 0 0 0 0 0 0 0 0 0 0 0 0 0 0 0 0 0 0 0 0 0 0 0 0 0 0 0 0 0 0 0 0 0 0 0 0 0 0 0 0 0 0 0 0 0 0 0 0 0 0 0 0 0 0 0 0 0 0 0 0 0 0 0 0 0 0 0 0 0 0 0 0 0 0 0 0 0 0 0 0 0 0 0 0 0 0 0 0 0 0 0 0 0 0 0 0 0 0 0 0 0 0 0 0 0 0 0 0 0 0 0 0 0 0 0 0 0 0 0 0 0 0 0 0 0 0 0 0 0 0 0 0 0 0 0 0 0 0 0 0 0 0 0 0 0 0 0 0 0 0 0 0 0 0 0 0 0 0 0 0 0 0 0 0 0 0 0 0 0 0 0 0 0 0 0 0 0 0 0 0 0 0 0 0 0 0 0 0 0 0 0 0 0 0 0 0 0 0 0 0 0 0 0 0 0 0 0 0 0 0 0 0 0 0 0 0 0 0 0 0 0 0 0 0 0 0 0 0 0 0 0 0 0 0 0 0 0 0 0 0 0 0 0 0 0 0 0 0 0 0 0 0 0 0 0 0 0 0 0 0 0 0 0 0 0 0 0 0 0 0 0 0 0 0 0 0 0 0 0 0 0 0 0 0 0 0 0 0 0 0 0 0 0 0 0 0 0 0 0 0 0 0 0 0 0 0 0 0 0 0 0 0 0 0 0 0 0 0 0 0 0 0 0 0 0 0 0 0 0 0 0 0 0 0 0 0 0 0 0 0 0 0 0 0 0 0 0 0 0 0 0 0 0 0 0 0 0 0 0 0 0 0 0 0 0 0 0 0 0 0 0 0 0 0 0 0 0 0 0 0 0 0 0 0 0 0 0 0 0 0 0 0 0 0 0 0 0 0 0 0 0 0 0 0 0 0 0 0 0 0 0 0 0 0 0 0 0 0 0 0 0 0 0 0 0 0 0 0 0 0 0 0 0 0 0 0 0 0 0 0 0 0 0 0 0 0 0 0 0 0 0 0 0 0 0 0 0 0 0 0 0 0 0 0 0 0 0 0 0 0 0 0 0 0 0 0 0 0 0 0 0 0 0 0 0 0 0 0 0 0 0 0 0 0 0 0 0 0 0 0 0 0 0 0 0 0 0 0 0 0 0 0 0 0 0 0 0 0 0 0 0 0 0 0 0 0 0 0 0 0 0 0 0 0 0 0 0 0 0 0 0 0 0 0 0 0 0 0 0 0 0 0 0 0 0 0 0 0 0 0 0 0 0 0 0 0 0 0 0 0 0 0 0 0 0 0 0 0 0 0 0 0 0 0 0 0 0 0 0 0 0 0 0 0 0 0 0 0 0 0 0 0 0 0 0 0 0 0 0 0 0 0 0 0 0 0 0 0 0 0 0 0 0 0 0 0 0 0 0 0 0 0 0 0 0 0 0 0 0 0 0 0 0 0 0 0 0 0 0 0 0 0 0 0 0 0 0 0 0 0 0 0 0 0 0 0 0 0 0 0 0 0 0 0 0 0 0 0 0 0 0 0 0 0 0 0 0 0 0 0 0 0 0 0 0 0 0 0 0 0 0 0 0 0 0 0 0 0 0 0 0 0 0 0 0 0 0 0 0 0 0 0 0 0 0 0 0 0 0 0 0 0 0 0 0 0 0 0 0 0 0 0 0 0 0 0 0 0 0 0 0 0 0 0 0 0 0 0 0 0 0 0 0 0 0 0 0 0 0 0 0 0 0 0 0 0 0 0 0 0 0 0 0 0 0 0 0 0 0 0 0 0 0 0 0 0 0 0 0 0 0 0 0 0 0 0 0 0 0 0 0 0 0 0 0 0 0 0 0 0 0 0 0 0 0 0 0 0 0 0 0 0 0 0 0 0 0 0 0 0 0 0 0 0 0 0 0 0 0 0 0 0 0 0 0 0 0 0 0 0 0 0 0 0 0 0 0 0 0 0 0 0 0 0 0 0 0 0 0 0 0 0 0 0 0 0 0 0 0 0 0 0 0 0 0 0 0 0 0 0 0 0 0 0 0 0 0 0 0 0 0 0 0 0 0 0 0 0 0 0 0 0 0 0 0 0 0 0 0 0 0 0 0 0 0 0 0 0 0 0 0 0 0 0 0 0 0 0 0 0 0 0 0 0 0 0 0 0 0 0 0 0 0 0 0 0 0 0 0 0 0 0 0 0 0 0 0 0 0 0 0 0 0 0 0 0 0 0 0 0 0 0 0 0 0 0 0 0 0 0 0 0 0 0 0 0 0 0 0 0 0 0 0 0 0 0 0 0 0 0 0 0 0 0 0 0 0 0 0 0 0 0 0 0 0 0 0 0 0 0 0 0 0 0 0 0 0 0 0 0 0 0 0 0 0 0 0 0 0 0 0 0 0 0 0 0 0 0 0 0 0 0 0 0 0 0 0 0 0 0 0 0 0 0 0 0 0 0 0 0 0 0 0 0 0 0 0 0 0 0 0 0 0 0 0 0 0 0 0 0 0 0 0 0 0 0 0 0 0 0 0 0 0 0 0 0 0 0 0 0 0 0 0 0 0 0 0 0 0 0 0 0 0 0 0 0 0 0 0 0 0 0 0 0 0 0 0 0 0 0 0 0 0 0 0 0 0 0 0 0 0 0 0 0 0 0 0 0 0 0 0 0 0 0 0 0 0 0 0 0 0 0 0 0 0 0 0 0 0 0 0 0 0 0 0 0 0 0.9935709 0.005699515 -0.3276937 0.9943007 -0.3276933 0.005699515 -0.3276937 0.9943007 0.9935709 0.005699515 -0.1808866 0.9943009 -0.1808866 0.9943009 0.9935709 0.005699515 -0.03407943 0.9943009 -0.03407943 0.9943009 0.9935709 0.005699515 0.1127277 0.9943007 0.1127277 0.9943007 0.9935709 0.005699515 0.2595347 0.9943007 0.2595347 0.9943007 0.9935709 0.005699515 0.4063419 0.9943007 0.4063419 0.9943007 0.9935709 0.005699515 0.553149 0.9943007 0.553149 0.9943007 0.9935709 0.005699515 0.6999559 0.9943007 0.6999559 0.9943007 0.9935709 0.005699515 0.8467629 0.9943007 0.8467629 0.9943007 0.9935709 0.005699515 0.9935705 0.9943007</float_array>
          <technique_common>
            <accessor source="#walls-mesh-map-0-array" count="7260" stride="2">
              <param name="S" type="float"/>
              <param name="T" type="float"/>
            </accessor>
          </technique_common>
        </source>
        <vertices id="walls-mesh-vertices">
          <input semantic="POSITION" source="#walls-mesh-positions"/>
        </vertices>
        <triangles material="wallstexture-material" count="2420">
          <input semantic="VERTEX" source="#walls-mesh-vertices" offset="0"/>
          <input semantic="NORMAL" source="#walls-mesh-normals" offset="1"/>
          <input semantic="TEXCOORD" source="#walls-mesh-map-0" offset="2" set="0"/>
          <p>0 0 0 1 0 1 2 0 2 0 1 3 2 1 4 3 1 5 4 2 6 5 2 7 6 2 8 4 3 9 6 3 10 7 3 11 8 4 12 9 4 13 10 4 14 8 5 15 10 5 16 11 5 17 12 6 18 13 6 19 14 6 20 12 7 21 14 7 22 15 7 23 16 8 24 17 8 25 18 8 26 16 9 27 18 9 28 19 9 29 20 10 30 21 10 31 22 10 32 20 11 33 22 11 34 23 11 35 24 12 36 25 12 37 26 12 38 24 13 39 26 13 40 27 13 41 28 14 42 29 14 43 30 14 44 28 15 45 30 15 46 31 15 47 32 16 48 33 16 49 34 16 50 32 17 51 34 17 52 35 17 53 36 18 54 37 18 55 38 18 56 36 19 57 38 19 58 39 19 59 40 20 60 41 20 61 42 20 62 40 21 63 42 21 64 43 21 65 29 22 66 44 22 67 45 22 68 29 23 69 45 23 70 30 23 71 46 24 72 47 24 73 48 24 74 46 25 75 48 25 76 49 25 77 37 26 78 50 26 79 51 26 80 37 27 81 51 27 82 38 27 83 52 28 84 53 28 85 54 28 86 52 29 87 54 29 88 55 29 89 56 30 90 57 30 91 58 30 92 56 31 93 58 31 94 59 31 95 47 32 96 60 32 97 61 32 98 47 33 99 61 33 100 48 33 101 62 34 102 63 34 103 64 34 104 62 35 105 64 35 106 65 35 107 44 36 108 66 36 109 67 36 110 44 37 111 67 37 112 45 37 113 68 38 114 69 38 115 70 38 116 68 39 117 70 39 118 71 39 119 72 40 120 73 40 121 74 40 122 72 41 123 74 41 124 75 41 125 33 42 126 76 42 127 77 42 128 33 43 129 77 43 130 34 43 131 60 44 132 78 44 133 79 44 134 60 45 135 79 45 136 61 45 137 80 46 138 81 46 139 82 46 140 80 47 141 82 47 142 83 47 143 84 48 144 85 48 145 86 48 146 84 49 147 86 49 148 87 49 149 88 50 150 89 50 151 90 50 152 88 51 153 90 51 154 91 51 155 78 52 156 92 52 157 93 52 158 78 53 159 93 53 160 79 53 161 94 54 162 95 54 163 96 54 164 94 55 165 96 55 166 97 55 167 92 56 168 98 56 169 99 56 170 92 57 171 99 57 172 93 57 173 66 58 174 100 58 175 101 58 176 66 59 177 101 59 178 67 59 179 102 60 180 103 60 181 104 60 182 102 61 183 104 61 184 105 61 185 106 62 186 107 62 187 108 62 188 106 63 189 108 63 190 109 63 191 100 64 192 110 64 193 111 64 194 100 65 195 111 65 196 101 65 197 112 66 198 113 66 199 114 66 200 112 67 201 114 67 202 115 67 203 116 68 204 72 68 205 75 68 206 116 69 207 75 69 208 117 69 209 50 70 210 118 70 211 119 70 212 50 71 213 119 71 214 51 71 215 120 72 216 121 72 217 74 72 218 120 73 219 74 73 220 73 73 221 122 74 222 123 74 223 124 74 224 122 75 225 124 75 226 125 75 227 126 76 228 127 76 229 128 76 230 126 77 231 128 77 232 129 77 233 124 78 234 123 78 235 130 78 236 124 79 237 130 79 238 131 79 239 127 80 240 132 80 241 133 80 242 127 81 243 133 81 244 128 81 245 134 82 246 124 82 247 131 82 248 134 83 249 131 83 250 135 83 251 123 84 252 126 84 253 129 84 254 123 85 255 129 85 256 130 85 257 136 86 258 137 86 259 132 86 260 136 87 261 132 87 262 127 87 263 138 88 264 125 88 265 124 88 266 138 89 267 124 89 268 134 89 269 139 90 270 136 90 271 127 90 272 139 91 273 127 91 274 126 91 275 137 92 276 140 92 277 133 92 278 137 93 279 133 93 280 132 93 281 141 94 282 138 94 283 134 94 284 141 95 285 134 95 286 135 95 287 122 96 288 139 96 289 126 96 290 122 97 291 126 97 292 123 97 293 1 98 294 10 98 295 9 98 296 1 99 297 9 99 298 2 99 299 117 100 300 75 100 301 74 100 302 117 101 303 74 101 304 121 101 305 142 102 306 143 102 307 144 102 308 142 103 309 144 103 310 145 103 311 146 104 312 147 104 313 148 104 314 146 105 315 148 105 316 149 105 317 150 106 318 151 106 319 152 106 320 150 107 321 152 107 322 153 107 323 154 108 324 155 108 325 156 108 326 154 109 327 156 109 328 157 109 329 158 110 330 36 110 331 39 110 332 158 111 333 39 111 334 159 111 335 160 112 336 161 112 337 162 112 338 160 113 339 162 113 340 163 113 341 161 114 342 164 114 343 165 114 344 161 115 345 165 115 346 162 115 347 166 116 348 167 116 349 168 116 350 166 117 351 168 117 352 169 117 353 170 118 354 28 118 355 31 118 356 170 119 357 31 119 358 171 119 359 118 120 360 172 120 361 173 120 362 118 121 363 173 121 364 119 121 365 174 122 366 158 122 367 159 122 368 174 123 369 159 123 370 175 123 371 176 124 372 177 124 373 178 124 374 176 125 375 178 125 376 179 125 377 180 126 378 170 126 379 171 126 380 180 127 381 171 127 382 181 127 383 113 128 384 106 128 385 109 128 386 113 129 387 109 129 388 114 129 389 182 130 390 112 130 391 115 130 392 182 131 393 115 131 394 183 131 395 107 132 396 94 132 397 97 132 398 107 133 399 97 133 400 108 133 401 89 134 402 84 134 403 87 134 404 89 135 405 87 135 406 90 135 407 184 136 408 180 136 409 181 136 410 184 137 411 181 137 412 185 137 413 95 138 414 88 138 415 91 138 416 95 139 417 91 139 418 96 139 419 186 140 420 174 140 421 175 140 422 186 141 423 175 141 424 187 141 425 188 142 426 46 142 427 49 142 428 188 143 429 49 143 430 189 143 431 85 144 432 80 144 433 83 144 434 85 145 435 83 145 436 86 145 437 190 146 438 186 146 439 187 146 440 190 147 441 187 147 442 191 147 443 81 148 444 62 148 445 65 148 446 81 149 447 65 149 448 82 149 449 192 150 450 179 150 451 178 150 452 192 151 453 178 151 454 193 151 455 194 152 456 184 152 457 185 152 458 194 153 459 185 153 460 195 153 461 63 154 462 68 154 463 71 154 464 63 155 465 71 155 466 64 155 467 196 156 468 190 156 469 191 156 470 196 157 471 191 157 472 197 157 473 198 158 474 194 158 475 195 158 476 198 159 477 195 159 478 199 159 479 167 160 480 43 160 481 42 160 482 167 161 483 42 161 484 168 161 485 200 162 486 196 162 487 197 162 488 200 163 489 197 163 490 201 163 491 98 164 492 198 164 493 199 164 494 98 165 495 199 165 496 99 165 497 202 166 498 200 166 499 201 166 500 202 167 501 201 167 502 203 167 503 204 168 504 205 168 505 165 168 506 204 169 507 165 169 508 164 169 509 69 170 510 102 170 511 105 170 512 69 171 513 105 171 514 70 171 515 172 172 516 182 172 517 183 172 518 172 173 519 183 173 520 173 173 521 110 174 522 202 174 523 203 174 524 110 175 525 203 175 526 111 175 527 206 176 528 192 176 529 193 176 530 206 177 531 193 177 532 207 177 533 208 178 534 209 178 535 210 178 536 208 179 537 210 179 538 211 179 539 212 180 540 213 180 541 209 180 542 212 181 543 209 181 544 208 181 545 133 182 546 214 182 547 140 182 548 214 183 549 133 183 550 128 183 551 214 184 552 128 184 553 215 184 554 215 185 555 128 185 556 216 185 557 216 186 558 128 186 559 217 186 560 217 187 561 128 187 562 218 187 563 218 188 564 128 188 565 219 188 566 219 189 567 128 189 568 220 189 569 220 190 570 128 190 571 221 190 572 221 191 573 128 191 574 222 191 575 222 192 576 128 192 577 223 192 578 223 193 579 128 193 580 224 193 581 224 194 582 128 194 583 225 194 584 225 195 585 128 195 586 226 195 587 226 196 588 128 196 589 227 196 590 227 197 591 128 197 592 228 197 593 228 198 594 128 198 595 229 198 596 229 199 597 128 199 598 230 199 599 230 200 600 128 200 601 231 200 602 231 201 603 128 201 604 232 201 605 232 202 606 128 202 607 233 202 608 233 203 609 128 203 610 234 203 611 234 204 612 128 204 613 235 204 614 235 205 615 128 205 616 236 205 617 236 206 618 128 206 619 237 206 620 237 207 621 128 207 622 238 207 623 238 208 624 128 208 625 239 208 626 239 209 627 128 209 628 240 209 629 240 210 630 128 210 631 241 210 632 241 211 633 128 211 634 242 211 635 242 212 636 128 212 637 243 212 638 243 213 639 128 213 640 244 213 641 244 214 642 128 214 643 245 214 644 245 215 645 128 215 646 246 215 647 246 216 648 128 216 649 247 216 650 247 217 651 128 217 652 248 217 653 248 218 654 128 218 655 249 218 656 249 219 657 128 219 658 250 219 659 250 220 660 128 220 661 251 220 662 251 221 663 128 221 664 252 221 665 252 222 666 128 222 667 253 222 668 253 223 669 128 223 670 254 223 671 254 224 672 128 224 673 255 224 674 255 225 675 128 225 676 256 225 677 256 226 678 128 226 679 257 226 680 257 227 681 128 227 682 258 227 683 258 228 684 128 228 685 259 228 686 259 229 687 128 229 688 260 229 689 260 230 690 128 230 691 261 230 692 261 231 693 128 231 694 262 231 695 263 232 696 264 232 697 265 232 698 264 233 699 263 233 700 266 233 701 266 234 702 263 234 703 267 234 704 267 235 705 263 235 706 268 235 707 267 236 708 268 236 709 269 236 710 267 237 711 269 237 712 270 237 713 270 238 714 269 238 715 271 238 716 270 239 717 271 239 718 272 239 719 273 240 720 274 240 721 275 240 722 274 241 723 273 241 724 276 241 725 274 242 726 276 242 727 277 242 728 277 243 729 276 243 730 278 243 731 277 244 732 278 244 733 279 244 734 279 245 735 278 245 736 280 245 737 279 246 738 280 246 739 281 246 740 281 247 741 280 247 742 282 247 743 283 248 744 284 248 745 285 248 746 284 249 747 283 249 748 286 249 749 286 250 750 283 250 751 287 250 752 287 251 753 283 251 754 282 251 755 282 252 756 283 252 757 281 252 758 288 253 759 289 253 760 290 253 761 289 254 762 288 254 763 291 254 764 291 255 765 288 255 766 292 255 767 291 256 768 292 256 769 293 256 770 293 257 771 292 257 772 294 257 773 293 258 774 294 258 775 295 258 776 295 259 777 294 259 778 296 259 779 295 260 780 296 260 781 297 260 782 298 261 783 299 261 784 300 261 785 299 262 786 298 262 787 301 262 788 301 263 789 298 263 790 302 263 791 302 264 792 298 264 793 264 264 794 264 265 795 298 265 796 265 265 797 303 266 798 304 266 799 305 266 800 304 267 801 303 267 802 306 267 803 306 268 804 303 268 805 307 268 806 307 269 807 303 269 808 308 269 809 307 270 810 308 270 811 309 270 812 307 271 813 309 271 814 310 271 815 310 272 816 309 272 817 311 272 818 311 273 819 309 273 820 312 273 821 296 274 822 313 274 823 297 274 824 313 275 825 296 275 826 314 275 827 314 276 828 296 276 829 315 276 830 315 277 831 296 277 832 312 277 833 312 278 834 296 278 835 311 278 836 304 279 837 316 279 838 305 279 839 316 280 840 304 280 841 317 280 842 317 281 843 304 281 844 318 281 845 318 282 846 304 282 847 289 282 848 289 283 849 304 283 850 290 283 851 145 284 852 319 284 853 142 284 854 319 285 855 145 285 856 320 285 857 320 286 858 145 286 859 321 286 860 321 287 861 145 287 862 322 287 863 322 288 864 145 288 865 323 288 866 323 289 867 145 289 868 324 289 869 324 290 870 145 290 871 325 290 872 325 291 873 145 291 874 326 291 875 326 292 876 145 292 877 327 292 878 327 293 879 145 293 880 328 293 881 328 294 882 145 294 883 329 294 884 329 295 885 145 295 886 330 295 887 330 296 888 145 296 889 25 296 890 25 297 891 145 297 892 26 297 893 26 298 894 145 298 895 331 298 896 26 299 897 331 299 898 332 299 899 26 300 900 332 300 901 333 300 902 26 301 903 333 301 904 334 301 905 26 302 906 334 302 907 335 302 908 26 303 909 335 303 910 336 303 911 26 304 912 336 304 913 337 304 914 26 305 915 337 305 916 338 305 917 26 306 918 338 306 919 339 306 920 26 307 921 339 307 922 340 307 923 26 308 924 340 308 925 341 308 926 342 309 927 343 309 928 344 309 929 343 310 930 342 310 931 345 310 932 345 311 933 342 311 934 346 311 935 345 312 936 346 312 937 347 312 938 347 313 939 346 313 940 348 313 941 347 314 942 348 314 943 349 314 944 349 315 945 348 315 946 283 315 947 349 316 948 283 316 949 285 316 950 350 317 951 9 317 952 8 317 953 9 318 954 350 318 955 2 318 956 2 319 957 350 319 958 351 319 959 2 320 960 351 320 961 352 320 962 2 321 963 352 321 964 353 321 965 2 322 966 353 322 967 354 322 968 2 323 969 354 323 970 3 323 971 271 324 972 355 324 973 272 324 974 355 325 975 271 325 976 356 325 977 356 326 978 271 326 979 357 326 980 357 327 981 271 327 982 358 327 983 358 328 984 271 328 985 359 328 986 1 329 987 11 329 988 10 329 989 11 330 990 1 330 991 360 330 992 360 331 993 1 331 994 361 331 995 361 332 996 1 332 997 362 332 998 362 333 999 1 333 1000 363 333 1001 363 334 1002 1 334 1003 364 334 1004 364 335 1005 1 335 1006 0 335 1007 169 336 1008 176 336 1009 166 336 1010 176 337 1011 169 337 1012 365 337 1013 176 338 1014 365 338 1015 366 338 1016 176 339 1017 366 339 1018 367 339 1019 176 340 1020 367 340 1021 368 340 1022 176 341 1023 368 341 1024 369 341 1025 176 342 1026 369 342 1027 370 342 1028 176 343 1029 370 343 1030 371 343 1031 176 344 1032 371 344 1033 372 344 1034 176 345 1035 372 345 1036 373 345 1037 176 346 1038 373 346 1039 374 346 1040 176 347 1041 374 347 1042 375 347 1043 176 348 1044 375 348 1045 376 348 1046 176 349 1047 376 349 1048 177 349 1049 35 350 1050 377 350 1051 32 350 1052 377 351 1053 35 351 1054 378 351 1055 378 352 1056 35 352 1057 379 352 1058 379 353 1059 35 353 1060 380 353 1061 380 354 1062 35 354 1063 381 354 1064 381 355 1065 35 355 1066 382 355 1067 382 356 1068 35 356 1069 383 356 1070 383 357 1071 35 357 1072 384 357 1073 384 358 1074 35 358 1075 385 358 1076 385 359 1077 35 359 1078 386 359 1079 386 360 1080 35 360 1081 387 360 1082 387 361 1083 35 361 1084 388 361 1085 388 362 1086 35 362 1087 389 362 1088 389 363 1089 35 363 1090 390 363 1091 390 364 1092 35 364 1093 391 364 1094 391 365 1095 35 365 1096 392 365 1097 392 366 1098 35 366 1099 393 366 1100 393 367 1101 35 367 1102 394 367 1103 394 368 1104 35 368 1105 395 368 1106 395 369 1107 35 369 1108 396 369 1109 396 370 1110 35 370 1111 397 370 1112 397 371 1113 35 371 1114 398 371 1115 398 372 1116 35 372 1117 399 372 1118 399 373 1119 35 373 1120 400 373 1121 400 374 1122 35 374 1123 401 374 1124 401 375 1125 35 375 1126 402 375 1127 402 376 1128 35 376 1129 403 376 1130 403 377 1131 35 377 1132 404 377 1133 404 378 1134 35 378 1135 405 378 1136 405 379 1137 35 379 1138 406 379 1139 406 380 1140 35 380 1141 407 380 1142 407 381 1143 35 381 1144 408 381 1145 408 382 1146 35 382 1147 409 382 1148 409 383 1149 35 383 1150 410 383 1151 410 384 1152 35 384 1153 411 384 1154 411 385 1155 35 385 1156 412 385 1157 412 386 1158 35 386 1159 413 386 1160 413 387 1161 35 387 1162 414 387 1163 414 388 1164 35 388 1165 415 388 1166 415 389 1167 35 389 1168 416 389 1169 416 390 1170 35 390 1171 417 390 1172 211 391 1173 418 391 1174 419 391 1175 418 392 1176 211 392 1177 420 392 1178 420 393 1179 211 393 1180 210 393 1181 421 394 1182 209 394 1183 213 394 1184 209 395 1185 421 395 1186 210 395 1187 210 396 1188 421 396 1189 422 396 1190 210 397 1191 422 397 1192 423 397 1193 210 398 1194 423 398 1195 424 398 1196 210 399 1197 424 399 1198 425 399 1199 210 400 1200 425 400 1201 426 400 1202 210 401 1203 426 401 1204 427 401 1205 210 402 1206 427 402 1207 428 402 1208 210 403 1209 428 403 1210 420 403 1211 429 404 1212 430 404 1213 431 404 1214 430 405 1215 429 405 1216 432 405 1217 432 406 1218 429 406 1219 433 406 1220 434 407 1221 22 407 1222 21 407 1223 22 408 1224 434 408 1225 435 408 1226 435 409 1227 434 409 1228 436 409 1229 435 410 1230 436 410 1231 437 410 1232 437 411 1233 436 411 1234 438 411 1235 437 412 1236 438 412 1237 439 412 1238 76 413 1239 440 413 1240 77 413 1241 440 414 1242 76 414 1243 441 414 1244 440 415 1245 441 415 1246 442 415 1247 442 416 1248 441 416 1249 443 416 1250 442 417 1251 443 417 1252 444 417 1253 444 418 1254 443 418 1255 445 418 1256 444 419 1257 445 419 1258 446 419 1259 446 420 1260 445 420 1261 447 420 1262 446 421 1263 447 421 1264 448 421 1265 448 422 1266 447 422 1267 449 422 1268 448 423 1269 449 423 1270 450 423 1271 448 424 1272 450 424 1273 451 424 1274 451 425 1275 450 425 1276 452 425 1277 451 426 1278 452 426 1279 453 426 1280 453 427 1281 452 427 1282 454 427 1283 453 428 1284 454 428 1285 455 428 1286 455 429 1287 454 429 1288 456 429 1289 455 430 1290 456 430 1291 457 430 1292 457 431 1293 456 431 1294 458 431 1295 457 432 1296 458 432 1297 459 432 1298 459 433 1299 458 433 1300 460 433 1301 459 434 1302 460 434 1303 461 434 1304 461 435 1305 460 435 1306 462 435 1307 461 436 1308 462 436 1309 463 436 1310 463 437 1311 462 437 1312 464 437 1313 463 438 1314 464 438 1315 465 438 1316 465 439 1317 464 439 1318 466 439 1319 465 440 1320 466 440 1321 467 440 1322 467 441 1323 466 441 1324 468 441 1325 467 442 1326 468 442 1327 469 442 1328 469 443 1329 468 443 1330 470 443 1331 469 444 1332 470 444 1333 471 444 1334 471 445 1335 470 445 1336 472 445 1337 471 446 1338 472 446 1339 473 446 1340 473 447 1341 472 447 1342 474 447 1343 473 448 1344 474 448 1345 475 448 1346 475 449 1347 474 449 1348 476 449 1349 475 450 1350 476 450 1351 477 450 1352 477 451 1353 476 451 1354 56 451 1355 477 452 1356 56 452 1357 59 452 1358 163 453 1359 103 453 1360 160 453 1361 103 454 1362 163 454 1363 478 454 1364 103 455 1365 478 455 1366 479 455 1367 103 456 1368 479 456 1369 480 456 1370 103 457 1371 480 457 1372 481 457 1373 103 458 1374 481 458 1375 482 458 1376 103 459 1377 482 459 1378 104 459 1379 483 460 1380 484 460 1381 485 460 1382 484 461 1383 483 461 1384 486 461 1385 486 462 1386 483 462 1387 487 462 1388 488 463 1389 486 463 1390 487 463 1391 486 464 1392 488 464 1393 489 464 1394 489 465 1395 488 465 1396 490 465 1397 489 466 1398 490 466 1399 491 466 1400 491 467 1401 490 467 1402 492 467 1403 491 468 1404 492 468 1405 493 468 1406 493 469 1407 492 469 1408 494 469 1409 493 470 1410 494 470 1411 495 470 1412 495 471 1413 494 471 1414 496 471 1415 495 472 1416 496 472 1417 497 472 1418 497 473 1419 496 473 1420 498 473 1421 497 474 1422 498 474 1423 499 474 1424 499 475 1425 498 475 1426 500 475 1427 499 476 1428 500 476 1429 501 476 1430 135 477 1431 502 477 1432 131 477 1433 502 478 1434 135 478 1435 503 478 1436 503 479 1437 135 479 1438 504 479 1439 504 480 1440 135 480 1441 11 480 1442 11 481 1443 135 481 1444 8 481 1445 8 482 1446 135 482 1447 505 482 1448 505 483 1449 135 483 1450 506 483 1451 506 484 1452 135 484 1453 507 484 1454 507 485 1455 135 485 1456 508 485 1457 508 486 1458 135 486 1459 509 486 1460 509 487 1461 135 487 1462 510 487 1463 510 488 1464 135 488 1465 511 488 1466 511 489 1467 135 489 1468 512 489 1469 512 490 1470 135 490 1471 513 490 1472 513 491 1473 135 491 1474 514 491 1475 514 492 1476 135 492 1477 515 492 1478 515 493 1479 135 493 1480 516 493 1481 516 494 1482 135 494 1483 517 494 1484 517 495 1485 135 495 1486 518 495 1487 518 496 1488 135 496 1489 519 496 1490 519 497 1491 135 497 1492 520 497 1493 520 498 1494 135 498 1495 521 498 1496 521 499 1497 135 499 1498 522 499 1499 522 500 1500 135 500 1501 523 500 1502 523 501 1503 135 501 1504 524 501 1505 524 502 1506 135 502 1507 525 502 1508 525 503 1509 135 503 1510 526 503 1511 526 504 1512 135 504 1513 527 504 1514 527 505 1515 135 505 1516 528 505 1517 528 506 1518 135 506 1519 529 506 1520 529 507 1521 135 507 1522 530 507 1523 530 508 1524 135 508 1525 531 508 1526 531 509 1527 135 509 1528 532 509 1529 532 510 1530 135 510 1531 533 510 1532 533 511 1533 135 511 1534 534 511 1535 534 512 1536 135 512 1537 535 512 1538 535 513 1539 135 513 1540 536 513 1541 536 514 1542 135 514 1543 537 514 1544 537 515 1545 135 515 1546 538 515 1547 538 516 1548 135 516 1549 539 516 1550 539 517 1551 135 517 1552 540 517 1553 540 518 1554 135 518 1555 541 518 1556 541 519 1557 135 519 1558 542 519 1559 542 520 1560 135 520 1561 543 520 1562 543 521 1563 135 521 1564 544 521 1565 544 522 1566 135 522 1567 545 522 1568 545 523 1569 135 523 1570 546 523 1571 546 524 1572 135 524 1573 547 524 1574 547 525 1575 135 525 1576 548 525 1577 548 526 1578 135 526 1579 141 526 1580 502 527 1581 130 527 1582 131 527 1583 130 528 1584 502 528 1585 549 528 1586 128 529 1587 550 529 1588 262 529 1589 550 530 1590 128 530 1591 551 530 1592 551 531 1593 128 531 1594 552 531 1595 552 532 1596 128 532 1597 553 532 1598 553 533 1599 128 533 1600 554 533 1601 554 534 1602 128 534 1603 555 534 1604 555 535 1605 128 535 1606 556 535 1607 556 536 1608 128 536 1609 557 536 1610 557 537 1611 128 537 1612 558 537 1613 558 538 1614 128 538 1615 559 538 1616 559 539 1617 128 539 1618 560 539 1619 560 540 1620 128 540 1621 561 540 1622 561 541 1623 128 541 1624 562 541 1625 562 542 1626 128 542 1627 563 542 1628 563 543 1629 128 543 1630 564 543 1631 564 544 1632 128 544 1633 565 544 1634 565 545 1635 128 545 1636 566 545 1637 566 546 1638 128 546 1639 567 546 1640 567 547 1641 128 547 1642 568 547 1643 568 548 1644 128 548 1645 569 548 1646 569 549 1647 128 549 1648 570 549 1649 570 550 1650 128 550 1651 571 550 1652 571 551 1653 128 551 1654 572 551 1655 572 552 1656 128 552 1657 573 552 1658 573 553 1659 128 553 1660 574 553 1661 574 554 1662 128 554 1663 575 554 1664 575 555 1665 128 555 1666 576 555 1667 576 556 1668 128 556 1669 577 556 1670 577 557 1671 128 557 1672 578 557 1673 578 558 1674 128 558 1675 579 558 1676 579 559 1677 128 559 1678 580 559 1679 580 560 1680 128 560 1681 581 560 1682 581 561 1683 128 561 1684 582 561 1685 582 562 1686 128 562 1687 583 562 1688 583 563 1689 128 563 1690 584 563 1691 584 564 1692 128 564 1693 585 564 1694 585 565 1695 128 565 1696 586 565 1697 586 566 1698 128 566 1699 587 566 1700 587 567 1701 128 567 1702 588 567 1703 588 568 1704 128 568 1705 589 568 1706 589 569 1707 128 569 1708 590 569 1709 590 570 1710 128 570 1711 591 570 1712 591 571 1713 128 571 1714 592 571 1715 592 572 1716 128 572 1717 593 572 1718 593 573 1719 128 573 1720 594 573 1721 594 574 1722 128 574 1723 595 574 1724 595 575 1725 128 575 1726 596 575 1727 596 576 1728 128 576 1729 597 576 1730 597 577 1731 128 577 1732 598 577 1733 598 578 1734 128 578 1735 599 578 1736 599 579 1737 128 579 1738 600 579 1739 600 580 1740 128 580 1741 601 580 1742 601 581 1743 128 581 1744 602 581 1745 602 582 1746 128 582 1747 603 582 1748 603 583 1749 128 583 1750 604 583 1751 604 584 1752 128 584 1753 605 584 1754 605 585 1755 128 585 1756 606 585 1757 606 586 1758 128 586 1759 607 586 1760 607 587 1761 128 587 1762 608 587 1763 608 588 1764 128 588 1765 609 588 1766 609 589 1767 128 589 1768 610 589 1769 610 590 1770 128 590 1771 611 590 1772 611 591 1773 128 591 1774 612 591 1775 612 592 1776 128 592 1777 613 592 1778 613 593 1779 128 593 1780 614 593 1781 614 594 1782 128 594 1783 615 594 1784 615 595 1785 128 595 1786 616 595 1787 616 596 1788 128 596 1789 617 596 1790 617 597 1791 128 597 1792 618 597 1793 618 598 1794 128 598 1795 619 598 1796 619 599 1797 128 599 1798 620 599 1799 620 600 1800 128 600 1801 621 600 1802 621 601 1803 128 601 1804 622 601 1805 622 602 1806 128 602 1807 623 602 1808 623 603 1809 128 603 1810 624 603 1811 624 604 1812 128 604 1813 625 604 1814 625 605 1815 128 605 1816 626 605 1817 626 606 1818 128 606 1819 627 606 1820 627 607 1821 128 607 1822 628 607 1823 628 608 1824 128 608 1825 629 608 1826 629 609 1827 128 609 1828 630 609 1829 630 610 1830 128 610 1831 631 610 1832 631 611 1833 128 611 1834 632 611 1835 632 612 1836 128 612 1837 633 612 1838 633 613 1839 128 613 1840 634 613 1841 634 614 1842 128 614 1843 635 614 1844 635 615 1845 128 615 1846 636 615 1847 636 616 1848 128 616 1849 637 616 1850 637 617 1851 128 617 1852 638 617 1853 638 618 1854 128 618 1855 639 618 1856 639 619 1857 128 619 1858 640 619 1859 640 620 1860 128 620 1861 641 620 1862 641 621 1863 128 621 1864 642 621 1865 642 622 1866 128 622 1867 643 622 1868 643 623 1869 128 623 1870 644 623 1871 644 624 1872 128 624 1873 645 624 1874 645 625 1875 128 625 1876 646 625 1877 646 626 1878 647 626 1879 648 626 1880 647 627 1881 646 627 1882 649 627 1883 649 628 1884 646 628 1885 650 628 1886 650 629 1887 646 629 1888 129 629 1889 129 630 1890 646 630 1891 128 630 1892 549 631 1893 129 631 1894 130 631 1895 129 632 1896 549 632 1897 73 632 1898 129 633 1899 73 633 1900 72 633 1901 129 634 1902 72 634 1903 651 634 1904 129 635 1905 651 635 1906 652 635 1907 129 636 1908 652 636 1909 653 636 1910 129 637 1911 653 637 1912 654 637 1913 129 638 1914 654 638 1915 655 638 1916 129 639 1917 655 639 1918 656 639 1919 129 640 1920 656 640 1921 657 640 1922 129 641 1923 657 641 1924 658 641 1925 129 642 1926 658 642 1927 659 642 1928 129 643 1929 659 643 1930 660 643 1931 129 644 1932 660 644 1933 661 644 1934 129 645 1935 661 645 1936 662 645 1937 129 646 1938 662 646 1939 663 646 1940 129 647 1941 663 647 1942 664 647 1943 129 648 1944 664 648 1945 665 648 1946 129 649 1947 665 649 1948 666 649 1949 129 650 1950 666 650 1951 667 650 1952 129 651 1953 667 651 1954 668 651 1955 129 652 1956 668 652 1957 669 652 1958 129 653 1959 669 653 1960 670 653 1961 129 654 1962 670 654 1963 671 654 1964 129 655 1965 671 655 1966 672 655 1967 129 656 1968 672 656 1969 673 656 1970 129 657 1971 673 657 1972 674 657 1973 129 658 1974 674 658 1975 675 658 1976 129 659 1977 675 659 1978 676 659 1979 129 660 1980 676 660 1981 677 660 1982 129 661 1983 677 661 1984 678 661 1985 129 662 1986 678 662 1987 679 662 1988 129 663 1989 679 663 1990 680 663 1991 129 664 1992 680 664 1993 681 664 1994 129 665 1995 681 665 1996 682 665 1997 129 666 1998 682 666 1999 683 666 2000 129 667 2001 683 667 2002 684 667 2003 129 668 2004 684 668 2005 685 668 2006 129 669 2007 685 669 2008 686 669 2009 129 670 2010 686 670 2011 687 670 2012 129 671 2013 687 671 2014 688 671 2015 129 672 2016 688 672 2017 689 672 2018 129 673 2019 689 673 2020 690 673 2021 129 674 2022 690 674 2023 691 674 2024 129 675 2025 691 675 2026 692 675 2027 129 676 2028 692 676 2029 693 676 2030 129 677 2031 693 677 2032 694 677 2033 129 678 2034 694 678 2035 695 678 2036 129 679 2037 695 679 2038 696 679 2039 129 680 2040 696 680 2041 697 680 2042 129 681 2043 697 681 2044 698 681 2045 129 682 2046 698 682 2047 699 682 2048 129 683 2049 699 683 2050 650 683 2051 139 684 2052 699 684 2053 650 684 2054 699 685 2055 139 685 2056 698 685 2057 698 686 2058 139 686 2059 697 686 2060 697 687 2061 139 687 2062 696 687 2063 696 688 2064 139 688 2065 695 688 2066 695 689 2067 139 689 2068 694 689 2069 694 690 2070 139 690 2071 693 690 2072 693 691 2073 139 691 2074 692 691 2075 692 692 2076 139 692 2077 691 692 2078 691 693 2079 139 693 2080 690 693 2081 690 694 2082 139 694 2083 689 694 2084 689 695 2085 139 695 2086 688 695 2087 688 696 2088 139 696 2089 687 696 2090 687 697 2091 139 697 2092 686 697 2093 686 698 2094 139 698 2095 685 698 2096 685 699 2097 139 699 2098 684 699 2099 684 700 2100 139 700 2101 683 700 2102 683 701 2103 139 701 2104 682 701 2105 682 702 2106 139 702 2107 681 702 2108 681 703 2109 139 703 2110 680 703 2111 680 704 2112 139 704 2113 679 704 2114 679 705 2115 139 705 2116 678 705 2117 678 706 2118 139 706 2119 677 706 2120 677 707 2121 139 707 2122 676 707 2123 676 708 2124 139 708 2125 675 708 2126 675 709 2127 139 709 2128 674 709 2129 674 710 2130 139 710 2131 673 710 2132 673 711 2133 139 711 2134 672 711 2135 672 712 2136 139 712 2137 671 712 2138 671 713 2139 139 713 2140 670 713 2141 670 714 2142 139 714 2143 669 714 2144 669 715 2145 139 715 2146 668 715 2147 668 716 2148 139 716 2149 667 716 2150 667 717 2151 139 717 2152 666 717 2153 666 718 2154 139 718 2155 665 718 2156 665 719 2157 139 719 2158 664 719 2159 664 720 2160 139 720 2161 663 720 2162 663 721 2163 139 721 2164 662 721 2165 662 722 2166 139 722 2167 661 722 2168 661 723 2169 139 723 2170 660 723 2171 660 724 2172 139 724 2173 659 724 2174 659 725 2175 139 725 2176 658 725 2177 658 726 2178 139 726 2179 657 726 2180 657 727 2181 139 727 2182 656 727 2183 656 728 2184 139 728 2185 655 728 2186 655 729 2187 139 729 2188 654 729 2189 654 730 2190 139 730 2191 653 730 2192 653 731 2193 139 731 2194 652 731 2195 652 732 2196 139 732 2197 651 732 2198 651 733 2199 139 733 2200 72 733 2201 72 734 2202 139 734 2203 73 734 2204 73 735 2205 139 735 2206 549 735 2207 549 736 2208 139 736 2209 122 736 2210 125 737 2211 503 737 2212 502 737 2213 503 738 2214 125 738 2215 504 738 2216 504 739 2217 125 739 2218 11 739 2219 11 740 2220 125 740 2221 8 740 2222 8 741 2223 125 741 2224 505 741 2225 505 742 2226 125 742 2227 506 742 2228 506 743 2229 125 743 2230 507 743 2231 507 744 2232 125 744 2233 508 744 2234 508 745 2235 125 745 2236 509 745 2237 509 746 2238 125 746 2239 510 746 2240 510 747 2241 125 747 2242 511 747 2243 511 748 2244 125 748 2245 512 748 2246 512 749 2247 125 749 2248 513 749 2249 513 750 2250 125 750 2251 514 750 2252 514 751 2253 125 751 2254 515 751 2255 515 752 2256 125 752 2257 516 752 2258 516 753 2259 125 753 2260 517 753 2261 517 754 2262 125 754 2263 518 754 2264 518 755 2265 125 755 2266 519 755 2267 519 756 2268 125 756 2269 520 756 2270 520 757 2271 125 757 2272 521 757 2273 521 758 2274 125 758 2275 522 758 2276 522 759 2277 125 759 2278 523 759 2279 523 760 2280 125 760 2281 524 760 2282 524 761 2283 125 761 2284 525 761 2285 525 762 2286 125 762 2287 526 762 2288 526 763 2289 125 763 2290 527 763 2291 527 764 2292 125 764 2293 528 764 2294 528 765 2295 125 765 2296 529 765 2297 529 766 2298 125 766 2299 530 766 2300 530 767 2301 125 767 2302 531 767 2303 531 768 2304 125 768 2305 532 768 2306 532 769 2307 125 769 2308 533 769 2309 533 770 2310 125 770 2311 534 770 2312 534 771 2313 125 771 2314 535 771 2315 535 772 2316 125 772 2317 536 772 2318 536 773 2319 125 773 2320 537 773 2321 537 774 2322 125 774 2323 538 774 2324 538 775 2325 125 775 2326 539 775 2327 539 776 2328 125 776 2329 540 776 2330 540 777 2331 125 777 2332 541 777 2333 541 778 2334 125 778 2335 542 778 2336 542 779 2337 125 779 2338 543 779 2339 543 780 2340 125 780 2341 544 780 2342 544 781 2343 125 781 2344 545 781 2345 545 782 2346 125 782 2347 546 782 2348 546 783 2349 125 783 2350 547 783 2351 547 784 2352 125 784 2353 548 784 2354 548 785 2355 125 785 2356 141 785 2357 141 786 2358 125 786 2359 138 786 2360 700 787 2361 125 787 2362 502 787 2363 125 788 2364 700 788 2365 122 788 2366 122 789 2367 700 789 2368 701 789 2369 122 790 2370 701 790 2371 702 790 2372 122 791 2373 702 791 2374 703 791 2375 122 792 2376 703 792 2377 704 792 2378 122 793 2379 704 793 2380 705 793 2381 122 794 2382 705 794 2383 706 794 2384 122 795 2385 706 795 2386 707 795 2387 122 796 2388 707 796 2389 708 796 2390 122 797 2391 708 797 2392 709 797 2393 122 798 2394 709 798 2395 710 798 2396 122 799 2397 710 799 2398 711 799 2399 122 800 2400 711 800 2401 712 800 2402 122 801 2403 712 801 2404 713 801 2405 122 802 2406 713 802 2407 714 802 2408 122 803 2409 714 803 2410 715 803 2411 122 804 2412 715 804 2413 716 804 2414 122 805 2415 716 805 2416 717 805 2417 122 806 2418 717 806 2419 718 806 2420 122 807 2421 718 807 2422 719 807 2423 122 808 2424 719 808 2425 720 808 2426 122 809 2427 720 809 2428 721 809 2429 122 810 2430 721 810 2431 722 810 2432 122 811 2433 722 811 2434 723 811 2435 122 812 2436 723 812 2437 724 812 2438 122 813 2439 724 813 2440 725 813 2441 122 814 2442 725 814 2443 726 814 2444 122 815 2445 726 815 2446 727 815 2447 122 816 2448 727 816 2449 728 816 2450 122 817 2451 728 817 2452 729 817 2453 122 818 2454 729 818 2455 730 818 2456 122 819 2457 730 819 2458 731 819 2459 122 820 2460 731 820 2461 732 820 2462 122 821 2463 732 821 2464 733 821 2465 122 822 2466 733 822 2467 734 822 2468 122 823 2469 734 823 2470 735 823 2471 122 824 2472 735 824 2473 736 824 2474 122 825 2475 736 825 2476 737 825 2477 122 826 2478 737 826 2479 738 826 2480 122 827 2481 738 827 2482 739 827 2483 122 828 2484 739 828 2485 740 828 2486 122 829 2487 740 829 2488 741 829 2489 122 830 2490 741 830 2491 742 830 2492 122 831 2493 742 831 2494 743 831 2495 122 832 2496 743 832 2497 744 832 2498 122 833 2499 744 833 2500 745 833 2501 122 834 2502 745 834 2503 746 834 2504 122 835 2505 746 835 2506 747 835 2507 122 836 2508 747 836 2509 748 836 2510 122 837 2511 748 837 2512 749 837 2513 122 838 2514 749 838 2515 750 838 2516 122 839 2517 750 839 2518 751 839 2519 122 840 2520 751 840 2521 752 840 2522 122 841 2523 752 841 2524 753 841 2525 122 842 2526 753 842 2527 754 842 2528 122 843 2529 754 843 2530 755 843 2531 122 844 2532 755 844 2533 756 844 2534 122 845 2535 756 845 2536 757 845 2537 122 846 2538 757 846 2539 758 846 2540 122 847 2541 758 847 2542 759 847 2543 122 848 2544 759 848 2545 760 848 2546 122 849 2547 760 849 2548 761 849 2549 122 850 2550 761 850 2551 762 850 2552 122 851 2553 762 851 2554 549 851 2555 139 852 2556 262 852 2557 136 852 2558 262 853 2559 139 853 2560 550 853 2561 550 854 2562 139 854 2563 551 854 2564 551 855 2565 139 855 2566 552 855 2567 552 856 2568 139 856 2569 553 856 2570 553 857 2571 139 857 2572 554 857 2573 554 858 2574 139 858 2575 555 858 2576 555 859 2577 139 859 2578 556 859 2579 556 860 2580 139 860 2581 557 860 2582 557 861 2583 139 861 2584 558 861 2585 558 862 2586 139 862 2587 559 862 2588 559 863 2589 139 863 2590 560 863 2591 560 864 2592 139 864 2593 561 864 2594 561 865 2595 139 865 2596 562 865 2597 562 866 2598 139 866 2599 563 866 2600 563 867 2601 139 867 2602 564 867 2603 564 868 2604 139 868 2605 565 868 2606 565 869 2607 139 869 2608 566 869 2609 566 870 2610 139 870 2611 567 870 2612 567 871 2613 139 871 2614 568 871 2615 568 872 2616 139 872 2617 569 872 2618 569 873 2619 139 873 2620 570 873 2621 570 874 2622 139 874 2623 571 874 2624 571 875 2625 139 875 2626 572 875 2627 572 876 2628 139 876 2629 573 876 2630 573 877 2631 139 877 2632 574 877 2633 574 878 2634 139 878 2635 575 878 2636 575 879 2637 139 879 2638 576 879 2639 576 880 2640 139 880 2641 577 880 2642 577 881 2643 139 881 2644 578 881 2645 578 882 2646 139 882 2647 579 882 2648 579 883 2649 139 883 2650 580 883 2651 580 884 2652 139 884 2653 581 884 2654 581 885 2655 139 885 2656 582 885 2657 582 886 2658 139 886 2659 583 886 2660 583 887 2661 139 887 2662 584 887 2663 584 888 2664 139 888 2665 585 888 2666 585 889 2667 139 889 2668 586 889 2669 586 890 2670 139 890 2671 587 890 2672 587 891 2673 139 891 2674 588 891 2675 588 892 2676 139 892 2677 589 892 2678 589 893 2679 139 893 2680 590 893 2681 590 894 2682 139 894 2683 591 894 2684 591 895 2685 139 895 2686 592 895 2687 592 896 2688 139 896 2689 593 896 2690 593 897 2691 139 897 2692 594 897 2693 594 898 2694 139 898 2695 595 898 2696 595 899 2697 139 899 2698 596 899 2699 596 900 2700 139 900 2701 597 900 2702 597 901 2703 139 901 2704 598 901 2705 598 902 2706 139 902 2707 599 902 2708 599 903 2709 139 903 2710 600 903 2711 600 904 2712 139 904 2713 601 904 2714 601 905 2715 139 905 2716 602 905 2717 602 906 2718 139 906 2719 603 906 2720 603 907 2721 139 907 2722 604 907 2723 604 908 2724 139 908 2725 605 908 2726 605 909 2727 139 909 2728 606 909 2729 606 910 2730 139 910 2731 607 910 2732 607 911 2733 139 911 2734 608 911 2735 608 912 2736 139 912 2737 609 912 2738 609 913 2739 139 913 2740 610 913 2741 610 914 2742 139 914 2743 611 914 2744 611 915 2745 139 915 2746 612 915 2747 612 916 2748 139 916 2749 613 916 2750 613 917 2751 139 917 2752 614 917 2753 614 918 2754 139 918 2755 615 918 2756 615 919 2757 139 919 2758 616 919 2759 616 920 2760 139 920 2761 617 920 2762 617 921 2763 139 921 2764 618 921 2765 618 922 2766 139 922 2767 619 922 2768 619 923 2769 139 923 2770 620 923 2771 620 924 2772 139 924 2773 621 924 2774 621 925 2775 139 925 2776 622 925 2777 622 926 2778 139 926 2779 623 926 2780 623 927 2781 139 927 2782 624 927 2783 624 928 2784 139 928 2785 625 928 2786 625 929 2787 139 929 2788 626 929 2789 626 930 2790 139 930 2791 627 930 2792 627 931 2793 139 931 2794 628 931 2795 628 932 2796 139 932 2797 629 932 2798 629 933 2799 139 933 2800 630 933 2801 630 934 2802 139 934 2803 631 934 2804 631 935 2805 139 935 2806 632 935 2807 632 936 2808 139 936 2809 633 936 2810 633 937 2811 139 937 2812 634 937 2813 634 938 2814 139 938 2815 635 938 2816 635 939 2817 139 939 2818 636 939 2819 636 940 2820 139 940 2821 637 940 2822 637 941 2823 139 941 2824 638 941 2825 638 942 2826 139 942 2827 639 942 2828 639 943 2829 139 943 2830 640 943 2831 640 944 2832 139 944 2833 641 944 2834 641 945 2835 139 945 2836 642 945 2837 642 946 2838 139 946 2839 643 946 2840 643 947 2841 139 947 2842 644 947 2843 644 948 2844 139 948 2845 645 948 2846 645 949 2847 139 949 2848 646 949 2849 646 950 2850 139 950 2851 648 950 2852 648 951 2853 139 951 2854 647 951 2855 647 952 2856 139 952 2857 649 952 2858 649 953 2859 139 953 2860 650 953 2861 137 954 2862 214 954 2863 140 954 2864 214 955 2865 137 955 2866 215 955 2867 215 956 2868 137 956 2869 216 956 2870 216 957 2871 137 957 2872 217 957 2873 217 958 2874 137 958 2875 218 958 2876 218 959 2877 137 959 2878 219 959 2879 219 960 2880 137 960 2881 220 960 2882 220 961 2883 137 961 2884 221 961 2885 221 962 2886 137 962 2887 222 962 2888 222 963 2889 137 963 2890 223 963 2891 223 964 2892 137 964 2893 224 964 2894 224 965 2895 137 965 2896 225 965 2897 225 966 2898 137 966 2899 226 966 2900 226 967 2901 137 967 2902 227 967 2903 227 968 2904 137 968 2905 228 968 2906 228 969 2907 137 969 2908 229 969 2909 229 970 2910 137 970 2911 230 970 2912 230 971 2913 137 971 2914 231 971 2915 231 972 2916 137 972 2917 232 972 2918 232 973 2919 137 973 2920 233 973 2921 233 974 2922 137 974 2923 234 974 2924 234 975 2925 137 975 2926 235 975 2927 235 976 2928 137 976 2929 236 976 2930 236 977 2931 137 977 2932 237 977 2933 237 978 2934 137 978 2935 238 978 2936 238 979 2937 137 979 2938 239 979 2939 239 980 2940 137 980 2941 240 980 2942 240 981 2943 137 981 2944 241 981 2945 241 982 2946 137 982 2947 242 982 2948 242 983 2949 137 983 2950 243 983 2951 243 984 2952 137 984 2953 244 984 2954 244 985 2955 137 985 2956 245 985 2957 245 986 2958 137 986 2959 246 986 2960 246 987 2961 137 987 2962 247 987 2963 247 988 2964 137 988 2965 248 988 2966 248 989 2967 137 989 2968 249 989 2969 249 990 2970 137 990 2971 250 990 2972 250 991 2973 137 991 2974 251 991 2975 251 992 2976 137 992 2977 252 992 2978 252 993 2979 137 993 2980 253 993 2981 253 994 2982 137 994 2983 254 994 2984 254 995 2985 137 995 2986 255 995 2987 255 996 2988 137 996 2989 256 996 2990 256 997 2991 137 997 2992 257 997 2993 257 998 2994 137 998 2995 258 998 2996 258 999 2997 137 999 2998 259 999 2999 259 1000 3000 137 1000 3001 260 1000 3002 260 1001 3003 137 1001 3004 261 1001 3005 261 1002 3006 137 1002 3007 262 1002 3008 262 1003 3009 137 1003 3010 136 1003 3011 117 1004 3012 763 1004 3013 116 1004 3014 763 1005 3015 117 1005 3016 120 1005 3017 120 1006 3018 117 1006 3019 121 1006 3020 764 1007 3021 765 1007 3022 439 1007 3023 765 1008 3024 764 1008 3025 766 1008 3026 766 1009 3027 764 1009 3028 767 1009 3029 766 1010 3030 767 1010 3031 768 1010 3032 768 1011 3033 767 1011 3034 769 1011 3035 768 1012 3036 769 1012 3037 770 1012 3038 770 1013 3039 769 1013 3040 771 1013 3041 770 1014 3042 771 1014 3043 772 1014 3044 772 1015 3045 771 1015 3046 773 1015 3047 772 1016 3048 773 1016 3049 774 1016 3050 774 1017 3051 773 1017 3052 775 1017 3053 774 1018 3054 775 1018 3055 776 1018 3056 776 1019 3057 775 1019 3058 777 1019 3059 776 1020 3060 777 1020 3061 778 1020 3062 778 1021 3063 777 1021 3064 779 1021 3065 778 1022 3066 779 1022 3067 780 1022 3068 780 1023 3069 779 1023 3070 781 1023 3071 780 1024 3072 781 1024 3073 782 1024 3074 782 1025 3075 781 1025 3076 783 1025 3077 782 1026 3078 783 1026 3079 784 1026 3080 784 1027 3081 783 1027 3082 785 1027 3083 784 1028 3084 785 1028 3085 786 1028 3086 786 1029 3087 785 1029 3088 787 1029 3089 786 1030 3090 787 1030 3091 788 1030 3092 788 1031 3093 787 1031 3094 789 1031 3095 788 1032 3096 789 1032 3097 790 1032 3098 790 1033 3099 789 1033 3100 791 1033 3101 790 1034 3102 791 1034 3103 792 1034 3104 792 1035 3105 791 1035 3106 793 1035 3107 792 1036 3108 793 1036 3109 794 1036 3110 794 1037 3111 793 1037 3112 795 1037 3113 794 1038 3114 795 1038 3115 796 1038 3116 796 1039 3117 795 1039 3118 797 1039 3119 796 1040 3120 797 1040 3121 798 1040 3122 798 1041 3123 797 1041 3124 799 1041 3125 798 1042 3126 799 1042 3127 800 1042 3128 800 1043 3129 799 1043 3130 801 1043 3131 800 1044 3132 801 1044 3133 802 1044 3134 802 1045 3135 801 1045 3136 803 1045 3137 802 1046 3138 803 1046 3139 804 1046 3140 804 1047 3141 803 1047 3142 805 1047 3143 804 1048 3144 805 1048 3145 806 1048 3146 806 1049 3147 805 1049 3148 807 1049 3149 806 1050 3150 807 1050 3151 808 1050 3152 808 1051 3153 807 1051 3154 809 1051 3155 808 1052 3156 809 1052 3157 810 1052 3158 810 1053 3159 809 1053 3160 811 1053 3161 810 1054 3162 811 1054 3163 812 1054 3164 812 1055 3165 811 1055 3166 813 1055 3167 812 1056 3168 813 1056 3169 814 1056 3170 814 1057 3171 813 1057 3172 7 1057 3173 814 1058 3174 7 1058 3175 6 1058 3176 815 1059 3177 77 1059 3178 417 1059 3179 77 1060 3180 815 1060 3181 816 1060 3182 816 1061 3183 815 1061 3184 817 1061 3185 816 1062 3186 817 1062 3187 818 1062 3188 818 1063 3189 817 1063 3190 819 1063 3191 818 1064 3192 819 1064 3193 820 1064 3194 820 1065 3195 819 1065 3196 821 1065 3197 820 1066 3198 821 1066 3199 822 1066 3200 822 1067 3201 821 1067 3202 823 1067 3203 822 1068 3204 823 1068 3205 824 1068 3206 824 1069 3207 823 1069 3208 825 1069 3209 824 1070 3210 825 1070 3211 826 1070 3212 826 1071 3213 825 1071 3214 827 1071 3215 826 1072 3216 827 1072 3217 828 1072 3218 828 1073 3219 827 1073 3220 829 1073 3221 828 1074 3222 829 1074 3223 830 1074 3224 830 1075 3225 829 1075 3226 831 1075 3227 830 1076 3228 831 1076 3229 832 1076 3230 832 1077 3231 831 1077 3232 833 1077 3233 832 1078 3234 833 1078 3235 834 1078 3236 834 1079 3237 833 1079 3238 835 1079 3239 834 1080 3240 835 1080 3241 836 1080 3242 836 1081 3243 835 1081 3244 837 1081 3245 836 1082 3246 837 1082 3247 838 1082 3248 838 1083 3249 837 1083 3250 839 1083 3251 838 1084 3252 839 1084 3253 840 1084 3254 840 1085 3255 839 1085 3256 841 1085 3257 840 1086 3258 841 1086 3259 842 1086 3260 842 1087 3261 841 1087 3262 843 1087 3263 842 1088 3264 843 1088 3265 844 1088 3266 844 1089 3267 843 1089 3268 845 1089 3269 844 1090 3270 845 1090 3271 846 1090 3272 846 1091 3273 845 1091 3274 847 1091 3275 846 1092 3276 847 1092 3277 848 1092 3278 848 1093 3279 847 1093 3280 849 1093 3281 848 1094 3282 849 1094 3283 850 1094 3284 850 1095 3285 849 1095 3286 851 1095 3287 850 1096 3288 851 1096 3289 852 1096 3290 852 1097 3291 851 1097 3292 853 1097 3293 852 1098 3294 853 1098 3295 854 1098 3296 854 1099 3297 853 1099 3298 855 1099 3299 854 1100 3300 855 1100 3301 856 1100 3302 856 1101 3303 855 1101 3304 857 1101 3305 856 1102 3306 857 1102 3307 858 1102 3308 858 1103 3309 857 1103 3310 859 1103 3311 858 1104 3312 859 1104 3313 860 1104 3314 860 1105 3315 859 1105 3316 861 1105 3317 860 1106 3318 861 1106 3319 862 1106 3320 862 1107 3321 861 1107 3322 863 1107 3323 862 1108 3324 863 1108 3325 864 1108 3326 864 1109 3327 863 1109 3328 865 1109 3329 864 1110 3330 865 1110 3331 866 1110 3332 866 1111 3333 865 1111 3334 867 1111 3335 866 1112 3336 867 1112 3337 868 1112 3338 868 1113 3339 867 1113 3340 869 1113 3341 868 1114 3342 869 1114 3343 870 1114 3344 870 1115 3345 869 1115 3346 871 1115 3347 870 1116 3348 871 1116 3349 872 1116 3350 872 1117 3351 871 1117 3352 873 1117 3353 872 1118 3354 873 1118 3355 874 1118 3356 874 1119 3357 873 1119 3358 875 1119 3359 874 1120 3360 875 1120 3361 876 1120 3362 876 1121 3363 875 1121 3364 877 1121 3365 876 1122 3366 877 1122 3367 878 1122 3368 878 1123 3369 877 1123 3370 879 1123 3371 878 1124 3372 879 1124 3373 880 1124 3374 880 1125 3375 879 1125 3376 881 1125 3377 880 1126 3378 881 1126 3379 882 1126 3380 882 1127 3381 881 1127 3382 883 1127 3383 882 1128 3384 883 1128 3385 884 1128 3386 884 1129 3387 883 1129 3388 885 1129 3389 884 1130 3390 885 1130 3391 886 1130 3392 886 1131 3393 885 1131 3394 887 1131 3395 886 1132 3396 887 1132 3397 888 1132 3398 888 1133 3399 887 1133 3400 889 1133 3401 888 1134 3402 889 1134 3403 890 1134 3404 890 1135 3405 889 1135 3406 891 1135 3407 890 1136 3408 891 1136 3409 892 1136 3410 892 1137 3411 891 1137 3412 35 1137 3413 892 1138 3414 35 1138 3415 34 1138 3416 22 1139 3417 893 1139 3418 23 1139 3419 893 1140 3420 22 1140 3421 894 1140 3422 894 1141 3423 22 1141 3424 895 1141 3425 895 1142 3426 22 1142 3427 896 1142 3428 896 1143 3429 22 1143 3430 897 1143 3431 897 1144 3432 22 1144 3433 898 1144 3434 898 1145 3435 22 1145 3436 899 1145 3437 899 1146 3438 22 1146 3439 900 1146 3440 900 1147 3441 22 1147 3442 901 1147 3443 901 1148 3444 22 1148 3445 902 1148 3446 902 1149 3447 22 1149 3448 903 1149 3449 903 1150 3450 22 1150 3451 904 1150 3452 904 1151 3453 22 1151 3454 905 1151 3455 905 1152 3456 22 1152 3457 906 1152 3458 906 1153 3459 22 1153 3460 907 1153 3461 907 1154 3462 22 1154 3463 908 1154 3464 908 1155 3465 22 1155 3466 909 1155 3467 909 1156 3468 22 1156 3469 910 1156 3470 910 1157 3471 22 1157 3472 911 1157 3473 911 1158 3474 22 1158 3475 912 1158 3476 912 1159 3477 22 1159 3478 913 1159 3479 913 1160 3480 22 1160 3481 914 1160 3482 914 1161 3483 22 1161 3484 915 1161 3485 915 1162 3486 22 1162 3487 916 1162 3488 916 1163 3489 22 1163 3490 917 1163 3491 917 1164 3492 22 1164 3493 918 1164 3494 918 1165 3495 22 1165 3496 919 1165 3497 919 1166 3498 22 1166 3499 920 1166 3500 920 1167 3501 22 1167 3502 921 1167 3503 921 1168 3504 22 1168 3505 922 1168 3506 922 1169 3507 22 1169 3508 923 1169 3509 923 1170 3510 22 1170 3511 924 1170 3512 924 1171 3513 22 1171 3514 925 1171 3515 925 1172 3516 22 1172 3517 926 1172 3518 926 1173 3519 22 1173 3520 927 1173 3521 927 1174 3522 22 1174 3523 928 1174 3524 928 1175 3525 22 1175 3526 929 1175 3527 929 1176 3528 22 1176 3529 930 1176 3530 930 1177 3531 22 1177 3532 931 1177 3533 931 1178 3534 22 1178 3535 932 1178 3536 932 1179 3537 22 1179 3538 933 1179 3539 933 1180 3540 22 1180 3541 934 1180 3542 934 1181 3543 22 1181 3544 935 1181 3545 935 1182 3546 22 1182 3547 936 1182 3548 936 1183 3549 22 1183 3550 937 1183 3551 937 1184 3552 22 1184 3553 938 1184 3554 938 1185 3555 22 1185 3556 939 1185 3557 939 1186 3558 22 1186 3559 940 1186 3560 940 1187 3561 22 1187 3562 941 1187 3563 941 1188 3564 22 1188 3565 942 1188 3566 942 1189 3567 22 1189 3568 943 1189 3569 943 1190 3570 22 1190 3571 944 1190 3572 944 1191 3573 22 1191 3574 945 1191 3575 945 1192 3576 22 1192 3577 946 1192 3578 946 1193 3579 22 1193 3580 947 1193 3581 947 1194 3582 22 1194 3583 948 1194 3584 948 1195 3585 22 1195 3586 949 1195 3587 949 1196 3588 22 1196 3589 950 1196 3590 950 1197 3591 22 1197 3592 951 1197 3593 951 1198 3594 22 1198 3595 952 1198 3596 952 1199 3597 22 1199 3598 953 1199 3599 953 1200 3600 22 1200 3601 954 1200 3602 954 1201 3603 22 1201 3604 955 1201 3605 955 1202 3606 22 1202 3607 956 1202 3608 956 1203 3609 22 1203 3610 957 1203 3611 957 1204 3612 22 1204 3613 958 1204 3614 958 1205 3615 22 1205 3616 959 1205 3617 959 1206 3618 22 1206 3619 960 1206 3620 960 1207 3621 22 1207 3622 961 1207 3623 961 1208 3624 22 1208 3625 962 1208 3626 962 1209 3627 22 1209 3628 963 1209 3629 963 1210 3630 22 1210 3631 964 1210 3632 964 1211 3633 22 1211 3634 965 1211 3635 965 1212 3636 22 1212 3637 966 1212 3638 966 1213 3639 22 1213 3640 967 1213 3641 967 1214 3642 22 1214 3643 968 1214 3644 968 1215 3645 22 1215 3646 969 1215 3647 969 1216 3648 22 1216 3649 970 1216 3650 970 1217 3651 22 1217 3652 971 1217 3653 971 1218 3654 22 1218 3655 972 1218 3656 972 1219 3657 22 1219 3658 973 1219 3659 973 1220 3660 22 1220 3661 974 1220 3662 974 1221 3663 22 1221 3664 975 1221 3665 975 1222 3666 22 1222 3667 976 1222 3668 976 1223 3669 22 1223 3670 58 1223 3671 58 1224 3672 22 1224 3673 59 1224 3674 977 1225 3675 55 1225 3676 54 1225 3677 55 1226 3678 977 1226 3679 978 1226 3680 978 1227 3681 977 1227 3682 979 1227 3683 978 1228 3684 979 1228 3685 980 1228 3686 980 1229 3687 979 1229 3688 981 1229 3689 980 1230 3690 981 1230 3691 982 1230 3692 982 1231 3693 981 1231 3694 983 1231 3695 982 1232 3696 983 1232 3697 984 1232 3698 984 1233 3699 983 1233 3700 985 1233 3701 984 1234 3702 985 1234 3703 986 1234 3704 986 1235 3705 985 1235 3706 987 1235 3707 986 1236 3708 987 1236 3709 988 1236 3710 988 1237 3711 987 1237 3712 989 1237 3713 988 1238 3714 989 1238 3715 990 1238 3716 990 1239 3717 989 1239 3718 991 1239 3719 990 1240 3720 991 1240 3721 992 1240 3722 992 1241 3723 991 1241 3724 993 1241 3725 992 1242 3726 993 1242 3727 994 1242 3728 994 1243 3729 993 1243 3730 995 1243 3731 994 1244 3732 995 1244 3733 996 1244 3734 996 1245 3735 995 1245 3736 997 1245 3737 996 1246 3738 997 1246 3739 998 1246 3740 998 1247 3741 997 1247 3742 999 1247 3743 998 1248 3744 999 1248 3745 1000 1248 3746 1000 1249 3747 999 1249 3748 1001 1249 3749 1000 1250 3750 1001 1250 3751 1002 1250 3752 1002 1251 3753 1001 1251 3754 1003 1251 3755 1002 1252 3756 1003 1252 3757 1004 1252 3758 1004 1253 3759 1003 1253 3760 1005 1253 3761 1004 1254 3762 1005 1254 3763 1006 1254 3764 1006 1255 3765 1005 1255 3766 1007 1255 3767 1006 1256 3768 1007 1256 3769 1008 1256 3770 1008 1257 3771 1007 1257 3772 1009 1257 3773 1008 1258 3774 1009 1258 3775 1010 1258 3776 1010 1259 3777 1009 1259 3778 1011 1259 3779 1010 1260 3780 1011 1260 3781 1012 1260 3782 1012 1261 3783 1011 1261 3784 1013 1261 3785 1012 1262 3786 1013 1262 3787 1014 1262 3788 1014 1263 3789 1013 1263 3790 1015 1263 3791 1014 1264 3792 1015 1264 3793 1016 1264 3794 1016 1265 3795 1015 1265 3796 1017 1265 3797 1016 1266 3798 1017 1266 3799 1018 1266 3800 1018 1267 3801 1017 1267 3802 1019 1267 3803 1018 1268 3804 1019 1268 3805 1020 1268 3806 1020 1269 3807 1019 1269 3808 1021 1269 3809 1020 1270 3810 1021 1270 3811 1022 1270 3812 1022 1271 3813 1021 1271 3814 1023 1271 3815 1022 1272 3816 1023 1272 3817 1024 1272 3818 1024 1273 3819 1023 1273 3820 1025 1273 3821 1024 1274 3822 1025 1274 3823 1026 1274 3824 1026 1275 3825 1025 1275 3826 1027 1275 3827 1026 1276 3828 1027 1276 3829 1028 1276 3830 1028 1277 3831 1027 1277 3832 1029 1277 3833 1028 1278 3834 1029 1278 3835 1030 1278 3836 1030 1279 3837 1029 1279 3838 1031 1279 3839 1030 1280 3840 1031 1280 3841 1032 1280 3842 1032 1281 3843 1031 1281 3844 1033 1281 3845 1032 1282 3846 1033 1282 3847 1034 1282 3848 1034 1283 3849 1033 1283 3850 1035 1283 3851 1034 1284 3852 1035 1284 3853 1036 1284 3854 1036 1285 3855 1035 1285 3856 1037 1285 3857 1036 1286 3858 1037 1286 3859 1038 1286 3860 1038 1287 3861 1037 1287 3862 1039 1287 3863 1038 1288 3864 1039 1288 3865 1040 1288 3866 1040 1289 3867 1039 1289 3868 1041 1289 3869 1040 1290 3870 1041 1290 3871 1042 1290 3872 1042 1291 3873 1041 1291 3874 1043 1291 3875 1042 1292 3876 1043 1292 3877 1044 1292 3878 1044 1293 3879 1043 1293 3880 1045 1293 3881 1044 1294 3882 1045 1294 3883 1046 1294 3884 1046 1295 3885 1045 1295 3886 1047 1295 3887 1046 1296 3888 1047 1296 3889 1048 1296 3890 1048 1297 3891 1047 1297 3892 1049 1297 3893 1048 1298 3894 1049 1298 3895 1050 1298 3896 1050 1299 3897 1049 1299 3898 1051 1299 3899 1050 1300 3900 1051 1300 3901 1052 1300 3902 1052 1301 3903 1051 1301 3904 1053 1301 3905 1052 1302 3906 1053 1302 3907 1054 1302 3908 1054 1303 3909 1053 1303 3910 929 1303 3911 1054 1304 3912 929 1304 3913 930 1304 3914 7 1305 3915 1055 1305 3916 4 1305 3917 1055 1306 3918 7 1306 3919 1056 1306 3920 1056 1307 3921 7 1307 3922 1057 1307 3923 1057 1308 3924 7 1308 3925 1058 1308 3926 1058 1309 3927 7 1309 3928 1059 1309 3929 1059 1310 3930 7 1310 3931 1060 1310 3932 1060 1311 3933 7 1311 3934 1061 1311 3935 1061 1312 3936 7 1312 3937 1062 1312 3938 1062 1313 3939 7 1313 3940 1063 1313 3941 1063 1314 3942 7 1314 3943 1064 1314 3944 1064 1315 3945 7 1315 3946 1065 1315 3947 1065 1316 3948 7 1316 3949 1066 1316 3950 1066 1317 3951 7 1317 3952 1067 1317 3953 1067 1318 3954 7 1318 3955 1068 1318 3956 1068 1319 3957 7 1319 3958 1069 1319 3959 1069 1320 3960 7 1320 3961 1070 1320 3962 1070 1321 3963 7 1321 3964 1071 1321 3965 1071 1322 3966 7 1322 3967 1072 1322 3968 1072 1323 3969 7 1323 3970 1073 1323 3971 1073 1324 3972 7 1324 3973 1074 1324 3974 1074 1325 3975 7 1325 3976 1075 1325 3977 1075 1326 3978 7 1326 3979 1076 1326 3980 1076 1327 3981 7 1327 3982 1077 1327 3983 1077 1328 3984 7 1328 3985 1078 1328 3986 1078 1329 3987 7 1329 3988 1079 1329 3989 1079 1330 3990 7 1330 3991 438 1330 3992 438 1331 3993 7 1331 3994 439 1331 3995 55 1332 3996 1080 1332 3997 52 1332 3998 1080 1333 3999 55 1333 4000 1081 1333 4001 1081 1334 4002 55 1334 4003 1082 1334 4004 1082 1335 4005 55 1335 4006 930 1335 4007 930 1336 4008 55 1336 4009 978 1336 4010 930 1337 4011 978 1337 4012 980 1337 4013 930 1338 4014 980 1338 4015 982 1338 4016 930 1339 4017 982 1339 4018 984 1339 4019 930 1340 4020 984 1340 4021 986 1340 4022 930 1341 4023 986 1341 4024 988 1341 4025 930 1342 4026 988 1342 4027 990 1342 4028 930 1343 4029 990 1343 4030 992 1343 4031 930 1344 4032 992 1344 4033 994 1344 4034 930 1345 4035 994 1345 4036 996 1345 4037 930 1346 4038 996 1346 4039 998 1346 4040 930 1347 4041 998 1347 4042 1000 1347 4043 930 1348 4044 1000 1348 4045 1002 1348 4046 930 1349 4047 1002 1349 4048 1004 1349 4049 930 1350 4050 1004 1350 4051 1006 1350 4052 930 1351 4053 1006 1351 4054 1008 1351 4055 930 1352 4056 1008 1352 4057 1010 1352 4058 930 1353 4059 1010 1353 4060 1012 1353 4061 930 1354 4062 1012 1354 4063 1014 1354 4064 930 1355 4065 1014 1355 4066 1016 1355 4067 930 1356 4068 1016 1356 4069 1018 1356 4070 930 1357 4071 1018 1357 4072 1020 1357 4073 930 1358 4074 1020 1358 4075 1022 1358 4076 930 1359 4077 1022 1359 4078 1024 1359 4079 930 1360 4080 1024 1360 4081 1026 1360 4082 930 1361 4083 1026 1361 4084 1028 1361 4085 930 1362 4086 1028 1362 4087 1030 1362 4088 930 1363 4089 1030 1363 4090 1032 1363 4091 930 1364 4092 1032 1364 4093 1034 1364 4094 930 1365 4095 1034 1365 4096 1036 1365 4097 930 1366 4098 1036 1366 4099 1038 1366 4100 930 1367 4101 1038 1367 4102 1040 1367 4103 930 1368 4104 1040 1368 4105 1042 1368 4106 930 1369 4107 1042 1369 4108 1044 1369 4109 930 1370 4110 1044 1370 4111 1046 1370 4112 930 1371 4113 1046 1371 4114 1048 1371 4115 930 1372 4116 1048 1372 4117 1050 1372 4118 930 1373 4119 1050 1373 4120 1052 1373 4121 930 1374 4122 1052 1374 4123 1054 1374 4124 929 1375 4125 1083 1375 4126 1084 1375 4127 1083 1376 4128 929 1376 4129 1085 1376 4130 1085 1377 4131 929 1377 4132 1086 1377 4133 1086 1378 4134 929 1378 4135 1087 1378 4136 1087 1379 4137 929 1379 4138 1088 1379 4139 1088 1380 4140 929 1380 4141 1089 1380 4142 1089 1381 4143 929 1381 4144 1090 1381 4145 1090 1382 4146 929 1382 4147 1091 1382 4148 1091 1383 4149 929 1383 4150 1092 1383 4151 1092 1384 4152 929 1384 4153 1093 1384 4154 1093 1385 4155 929 1385 4156 1094 1385 4157 1094 1386 4158 929 1386 4159 1095 1386 4160 1095 1387 4161 929 1387 4162 1096 1387 4163 1096 1388 4164 929 1388 4165 1097 1388 4166 1097 1389 4167 929 1389 4168 1098 1389 4169 1098 1390 4170 929 1390 4171 1099 1390 4172 1099 1391 4173 929 1391 4174 1100 1391 4175 1100 1392 4176 929 1392 4177 1101 1392 4178 1101 1393 4179 929 1393 4180 1102 1393 4181 1102 1394 4182 929 1394 4183 1103 1394 4184 1103 1395 4185 929 1395 4186 1104 1395 4187 1104 1396 4188 929 1396 4189 1105 1396 4190 1105 1397 4191 929 1397 4192 1106 1397 4193 1106 1398 4194 929 1398 4195 1107 1398 4196 1107 1399 4197 929 1399 4198 1108 1399 4199 1108 1400 4200 929 1400 4201 1109 1400 4202 1109 1401 4203 929 1401 4204 1110 1401 4205 1110 1402 4206 929 1402 4207 1111 1402 4208 1111 1403 4209 929 1403 4210 1112 1403 4211 1112 1404 4212 929 1404 4213 1113 1404 4214 1113 1405 4215 929 1405 4216 1114 1405 4217 1114 1406 4218 929 1406 4219 1115 1406 4220 1115 1407 4221 929 1407 4222 1116 1407 4223 1116 1408 4224 929 1408 4225 1117 1408 4226 1117 1409 4227 929 1409 4228 1118 1409 4229 1118 1410 4230 929 1410 4231 1119 1410 4232 1119 1411 4233 929 1411 4234 1120 1411 4235 1120 1412 4236 929 1412 4237 1121 1412 4238 1121 1413 4239 929 1413 4240 1122 1413 4241 1122 1414 4242 929 1414 4243 53 1414 4244 53 1415 4245 929 1415 4246 54 1415 4247 54 1416 4248 929 1416 4249 1053 1416 4250 54 1417 4251 1053 1417 4252 1051 1417 4253 54 1418 4254 1051 1418 4255 1049 1418 4256 54 1419 4257 1049 1419 4258 1047 1419 4259 54 1420 4260 1047 1420 4261 1045 1420 4262 54 1421 4263 1045 1421 4264 1043 1421 4265 54 1422 4266 1043 1422 4267 1041 1422 4268 54 1423 4269 1041 1423 4270 1039 1423 4271 54 1424 4272 1039 1424 4273 1037 1424 4274 54 1425 4275 1037 1425 4276 1035 1425 4277 54 1426 4278 1035 1426 4279 1033 1426 4280 54 1427 4281 1033 1427 4282 1031 1427 4283 54 1428 4284 1031 1428 4285 1029 1428 4286 54 1429 4287 1029 1429 4288 1027 1429 4289 54 1430 4290 1027 1430 4291 1025 1430 4292 54 1431 4293 1025 1431 4294 1023 1431 4295 54 1432 4296 1023 1432 4297 1021 1432 4298 54 1433 4299 1021 1433 4300 1019 1433 4301 54 1434 4302 1019 1434 4303 1017 1434 4304 54 1435 4305 1017 1435 4306 1015 1435 4307 54 1436 4308 1015 1436 4309 1013 1436 4310 54 1437 4311 1013 1437 4312 1011 1437 4313 54 1438 4314 1011 1438 4315 1009 1438 4316 54 1439 4317 1009 1439 4318 1007 1439 4319 54 1440 4320 1007 1440 4321 1005 1440 4322 54 1441 4323 1005 1441 4324 1003 1441 4325 54 1442 4326 1003 1442 4327 1001 1442 4328 54 1443 4329 1001 1443 4330 999 1443 4331 54 1444 4332 999 1444 4333 997 1444 4334 54 1445 4335 997 1445 4336 995 1445 4337 54 1446 4338 995 1446 4339 993 1446 4340 54 1447 4341 993 1447 4342 991 1447 4343 54 1448 4344 991 1448 4345 989 1448 4346 54 1449 4347 989 1449 4348 987 1449 4349 54 1450 4350 987 1450 4351 985 1450 4352 54 1451 4353 985 1451 4354 983 1451 4355 54 1452 4356 983 1452 4357 981 1452 4358 54 1453 4359 981 1453 4360 979 1453 4361 893 1454 4362 20 1454 4363 23 1454 4364 20 1455 4365 893 1455 4366 1123 1455 4367 1123 1456 4368 893 1456 4369 894 1456 4370 1123 1457 4371 894 1457 4372 1124 1457 4373 1124 1458 4374 894 1458 4375 895 1458 4376 1124 1459 4377 895 1459 4378 1125 1459 4379 1125 1460 4380 895 1460 4381 896 1460 4382 1125 1461 4383 896 1461 4384 1126 1461 4385 1126 1462 4386 896 1462 4387 897 1462 4388 1126 1463 4389 897 1463 4390 1127 1463 4391 1127 1464 4392 897 1464 4393 898 1464 4394 1127 1465 4395 898 1465 4396 1128 1465 4397 1128 1466 4398 898 1466 4399 899 1466 4400 1128 1467 4401 899 1467 4402 1129 1467 4403 1129 1468 4404 899 1468 4405 900 1468 4406 1129 1469 4407 900 1469 4408 1130 1469 4409 1130 1470 4410 900 1470 4411 901 1470 4412 1130 1471 4413 901 1471 4414 1131 1471 4415 1131 1472 4416 901 1472 4417 902 1472 4418 1131 1473 4419 902 1473 4420 1132 1473 4421 1132 1474 4422 902 1474 4423 903 1474 4424 1132 1475 4425 903 1475 4426 1133 1475 4427 1133 1476 4428 903 1476 4429 904 1476 4430 1133 1477 4431 904 1477 4432 1134 1477 4433 1134 1478 4434 904 1478 4435 905 1478 4436 1134 1479 4437 905 1479 4438 1135 1479 4439 1135 1480 4440 905 1480 4441 906 1480 4442 1135 1481 4443 906 1481 4444 1136 1481 4445 1136 1482 4446 906 1482 4447 907 1482 4448 1136 1483 4449 907 1483 4450 1137 1483 4451 1137 1484 4452 907 1484 4453 908 1484 4454 1137 1485 4455 908 1485 4456 1138 1485 4457 1138 1486 4458 908 1486 4459 909 1486 4460 1138 1487 4461 909 1487 4462 1139 1487 4463 1139 1488 4464 909 1488 4465 910 1488 4466 1139 1489 4467 910 1489 4468 1140 1489 4469 1140 1490 4470 910 1490 4471 911 1490 4472 1140 1491 4473 911 1491 4474 1141 1491 4475 1141 1492 4476 911 1492 4477 912 1492 4478 1141 1493 4479 912 1493 4480 1142 1493 4481 1142 1494 4482 912 1494 4483 913 1494 4484 1142 1495 4485 913 1495 4486 1143 1495 4487 1143 1496 4488 913 1496 4489 914 1496 4490 1143 1497 4491 914 1497 4492 1144 1497 4493 1144 1498 4494 914 1498 4495 915 1498 4496 1144 1499 4497 915 1499 4498 1145 1499 4499 1145 1500 4500 915 1500 4501 916 1500 4502 1145 1501 4503 916 1501 4504 1146 1501 4505 1146 1502 4506 916 1502 4507 917 1502 4508 1146 1503 4509 917 1503 4510 1147 1503 4511 1147 1504 4512 917 1504 4513 918 1504 4514 1147 1505 4515 918 1505 4516 1148 1505 4517 1148 1506 4518 918 1506 4519 919 1506 4520 1148 1507 4521 919 1507 4522 1149 1507 4523 1149 1508 4524 919 1508 4525 920 1508 4526 1149 1509 4527 920 1509 4528 1150 1509 4529 1150 1510 4530 920 1510 4531 921 1510 4532 1150 1511 4533 921 1511 4534 1151 1511 4535 1151 1512 4536 921 1512 4537 922 1512 4538 1151 1513 4539 922 1513 4540 1152 1513 4541 1152 1514 4542 922 1514 4543 923 1514 4544 1152 1515 4545 923 1515 4546 1153 1515 4547 1153 1516 4548 923 1516 4549 924 1516 4550 1153 1517 4551 924 1517 4552 1154 1517 4553 1154 1518 4554 924 1518 4555 925 1518 4556 1154 1519 4557 925 1519 4558 1155 1519 4559 1155 1520 4560 925 1520 4561 926 1520 4562 1155 1521 4563 926 1521 4564 1156 1521 4565 1156 1522 4566 926 1522 4567 927 1522 4568 1156 1523 4569 927 1523 4570 1157 1523 4571 1157 1524 4572 927 1524 4573 928 1524 4574 1157 1525 4575 928 1525 4576 1158 1525 4577 1158 1526 4578 928 1526 4579 929 1526 4580 1158 1527 4581 929 1527 4582 1084 1527 4583 1159 1528 4584 765 1528 4585 1160 1528 4586 765 1529 4587 1159 1529 4588 1161 1529 4589 1161 1530 4590 1159 1530 4591 1162 1530 4592 1161 1531 4593 1162 1531 4594 1163 1531 4595 1163 1532 4596 1162 1532 4597 1164 1532 4598 1163 1533 4599 1164 1533 4600 1165 1533 4601 1165 1534 4602 1164 1534 4603 1166 1534 4604 1166 1535 4605 1164 1535 4606 1167 1535 4607 1166 1536 4608 1167 1536 4609 1168 1536 4610 1168 1537 4611 1167 1537 4612 1169 1537 4613 1168 1538 4614 1169 1538 4615 1170 1538 4616 1170 1539 4617 1169 1539 4618 1171 1539 4619 1170 1540 4620 1171 1540 4621 1172 1540 4622 1172 1541 4623 1171 1541 4624 1173 1541 4625 1172 1542 4626 1173 1542 4627 1174 1542 4628 1174 1543 4629 1173 1543 4630 1175 1543 4631 1174 1544 4632 1175 1544 4633 1176 1544 4634 1176 1545 4635 1175 1545 4636 1177 1545 4637 1176 1546 4638 1177 1546 4639 1178 1546 4640 1178 1547 4641 1177 1547 4642 1179 1547 4643 1178 1548 4644 1179 1548 4645 1180 1548 4646 1178 1549 4647 1180 1549 4648 1181 1549 4649 1181 1550 4650 1180 1550 4651 1182 1550 4652 1181 1551 4653 1182 1551 4654 1183 1551 4655 1183 1552 4656 1182 1552 4657 1184 1552 4658 1183 1553 4659 1184 1553 4660 1185 1553 4661 1185 1554 4662 1184 1554 4663 1186 1554 4664 1186 1555 4665 1184 1555 4666 1187 1555 4667 1186 1556 4668 1187 1556 4669 1188 1556 4670 1188 1557 4671 1187 1557 4672 1189 1557 4673 1188 1558 4674 1189 1558 4675 1190 1558 4676 1190 1559 4677 1189 1559 4678 1191 1559 4679 1190 1560 4680 1191 1560 4681 1192 1560 4682 1192 1561 4683 1191 1561 4684 1193 1561 4685 1192 1562 4686 1193 1562 4687 1194 1562 4688 1194 1563 4689 1193 1563 4690 1195 1563 4691 1194 1564 4692 1195 1564 4693 1196 1564 4694 1196 1565 4695 1195 1565 4696 1197 1565 4697 1196 1566 4698 1197 1566 4699 1198 1566 4700 1198 1567 4701 1197 1567 4702 1199 1567 4703 1198 1568 4704 1199 1568 4705 1200 1568 4706 1198 1569 4707 1200 1569 4708 1201 1569 4709 1201 1570 4710 1200 1570 4711 1202 1570 4712 1202 1571 4713 1200 1571 4714 1203 1571 4715 1202 1572 4716 1203 1572 4717 1204 1572 4718 1202 1573 4719 1204 1573 4720 1205 1573 4721 1205 1574 4722 1204 1574 4723 1206 1574 4724 1206 1575 4725 1204 1575 4726 1207 1575 4727 1206 1576 4728 1207 1576 4729 1208 1576 4730 1206 1577 4731 1208 1577 4732 1209 1577 4733 1209 1578 4734 1208 1578 4735 1210 1578 4736 1210 1579 4737 1208 1579 4738 1211 1579 4739 1210 1580 4740 1211 1580 4741 1212 1580 4742 1210 1581 4743 1212 1581 4744 1213 1581 4745 1213 1582 4746 1212 1582 4747 1214 1582 4748 1214 1583 4749 1212 1583 4750 1215 1583 4751 1214 1584 4752 1215 1584 4753 1216 1584 4754 1216 1585 4755 1215 1585 4756 1217 1585 4757 1216 1586 4758 1217 1586 4759 1218 1586 4760 1218 1587 4761 1217 1587 4762 1219 1587 4763 1218 1588 4764 1219 1588 4765 1220 1588 4766 1218 1589 4767 1220 1589 4768 1221 1589 4769 1221 1590 4770 1220 1590 4771 1222 1590 4772 1222 1591 4773 1220 1591 4774 1223 1591 4775 1222 1592 4776 1223 1592 4777 1224 1592 4778 1224 1593 4779 1223 1593 4780 1225 1593 4781 1224 1594 4782 1225 1594 4783 1226 1594 4784 1226 1595 4785 1225 1595 4786 1227 1595 4787 1226 1596 4788 1227 1596 4789 1228 1596 4790 1228 1597 4791 1227 1597 4792 1229 1597 4793 1228 1598 4794 1229 1598 4795 1230 1598 4796 1230 1599 4797 1229 1599 4798 1231 1599 4799 1230 1600 4800 1231 1600 4801 1232 1600 4802 1232 1601 4803 1231 1601 4804 1233 1601 4805 1232 1602 4806 1233 1602 4807 1234 1602 4808 1234 1603 4809 1233 1603 4810 1235 1603 4811 1234 1604 4812 1235 1604 4813 1236 1604 4814 1236 1605 4815 1235 1605 4816 1237 1605 4817 1236 1606 4818 1237 1606 4819 1238 1606 4820 1238 1607 4821 1237 1607 4822 1239 1607 4823 1238 1608 4824 1239 1608 4825 1240 1608 4826 1240 1609 4827 1239 1609 4828 1241 1609 4829 1240 1610 4830 1241 1610 4831 1242 1610 4832 1242 1611 4833 1241 1611 4834 1243 1611 4835 1242 1612 4836 1243 1612 4837 1244 1612 4838 1244 1613 4839 1243 1613 4840 1245 1613 4841 1244 1614 4842 1245 1614 4843 1246 1614 4844 1246 1615 4845 1245 1615 4846 1247 1615 4847 1246 1616 4848 1247 1616 4849 1248 1616 4850 1248 1617 4851 1247 1617 4852 1249 1617 4853 1248 1618 4854 1249 1618 4855 1250 1618 4856 1250 1619 4857 1249 1619 4858 1251 1619 4859 1250 1620 4860 1251 1620 4861 1252 1620 4862 1252 1621 4863 1251 1621 4864 1253 1621 4865 1252 1622 4866 1253 1622 4867 1254 1622 4868 1252 1623 4869 1254 1623 4870 1255 1623 4871 1255 1624 4872 1254 1624 4873 1256 1624 4874 1255 1625 4875 1256 1625 4876 1257 1625 4877 1257 1626 4878 1256 1626 4879 1258 1626 4880 1257 1627 4881 1258 1627 4882 1259 1627 4883 1259 1628 4884 1258 1628 4885 1260 1628 4886 1259 1629 4887 1260 1629 4888 1261 1629 4889 1261 1630 4890 1260 1630 4891 1262 1630 4892 1261 1631 4893 1262 1631 4894 1263 1631 4895 1263 1632 4896 1262 1632 4897 1264 1632 4898 1263 1633 4899 1264 1633 4900 1265 1633 4901 1265 1634 4902 1264 1634 4903 1266 1634 4904 1265 1635 4905 1266 1635 4906 1267 1635 4907 1267 1636 4908 1266 1636 4909 1268 1636 4910 1267 1637 4911 1268 1637 4912 1269 1637 4913 1269 1638 4914 1268 1638 4915 1270 1638 4916 1269 1639 4917 1270 1639 4918 1271 1639 4919 1271 1640 4920 1270 1640 4921 1272 1640 4922 1271 1641 4923 1272 1641 4924 1273 1641 4925 1273 1642 4926 1272 1642 4927 1274 1642 4928 1273 1643 4929 1274 1643 4930 1275 1643 4931 1275 1644 4932 1274 1644 4933 1276 1644 4934 1275 1645 4935 1276 1645 4936 1277 1645 4937 1277 1646 4938 1276 1646 4939 1278 1646 4940 1277 1647 4941 1278 1647 4942 1279 1647 4943 1279 1648 4944 1278 1648 4945 417 1648 4946 417 1649 4947 1278 1649 4948 416 1649 4949 765 1650 4950 1280 1650 4951 1160 1650 4952 1280 1651 4953 765 1651 4954 1281 1651 4955 1281 1652 4956 765 1652 4957 1282 1652 4958 1282 1653 4959 765 1653 4960 1283 1653 4961 1283 1654 4962 765 1654 4963 1284 1654 4964 1284 1655 4965 765 1655 4966 1285 1655 4967 1285 1656 4968 765 1656 4969 1286 1656 4970 1286 1657 4971 765 1657 4972 1287 1657 4973 1287 1658 4974 765 1658 4975 1288 1658 4976 1288 1659 4977 765 1659 4978 1289 1659 4979 1289 1660 4980 765 1660 4981 1290 1660 4982 1290 1661 4983 765 1661 4984 1291 1661 4985 1291 1662 4986 765 1662 4987 1292 1662 4988 1292 1663 4989 765 1663 4990 1293 1663 4991 1293 1664 4992 765 1664 4993 1294 1664 4994 1294 1665 4995 765 1665 4996 1295 1665 4997 1295 1666 4998 765 1666 4999 1296 1666 5000 1296 1667 5001 765 1667 5002 1297 1667 5003 1297 1668 5004 765 1668 5005 1298 1668 5006 1298 1669 5007 765 1669 5008 1299 1669 5009 1299 1670 5010 765 1670 5011 1300 1670 5012 1300 1671 5013 765 1671 5014 1301 1671 5015 1301 1672 5016 765 1672 5017 1302 1672 5018 1302 1673 5019 765 1673 5020 1303 1673 5021 1303 1674 5022 765 1674 5023 1304 1674 5024 1304 1675 5025 765 1675 5026 5 1675 5027 5 1676 5028 765 1676 5029 6 1676 5030 1305 1677 5031 288 1677 5032 290 1677 5033 288 1678 5034 1305 1678 5035 292 1678 5036 292 1679 5037 1305 1679 5038 294 1679 5039 294 1680 5040 1305 1680 5041 296 1680 5042 296 1681 5043 1305 1681 5044 1306 1681 5045 1306 1682 5046 1305 1682 5047 1307 1682 5048 1306 1683 5049 1307 1683 5050 1308 1683 5051 1308 1684 5052 1307 1684 5053 1309 1684 5054 1308 1685 5055 1309 1685 5056 1310 1685 5057 1310 1686 5058 1309 1686 5059 304 1686 5060 1310 1687 5061 304 1687 5062 311 1687 5063 275 1688 5064 1311 1688 5065 273 1688 5066 1311 1689 5067 275 1689 5068 1312 1689 5069 1312 1690 5070 275 1690 5071 1313 1690 5072 1313 1691 5073 275 1691 5074 343 1691 5075 343 1692 5076 275 1692 5077 344 1692 5078 300 1693 5079 1314 1693 5080 298 1693 5081 1314 1694 5082 300 1694 5083 1315 1694 5084 1314 1695 5085 1315 1695 5086 1316 1695 5087 1316 1696 5088 1315 1696 5089 1317 1696 5090 1316 1697 5091 1317 1697 5092 1318 1697 5093 1318 1698 5094 1317 1698 5095 1319 1698 5096 1318 1699 5097 1319 1699 5098 359 1699 5099 359 1700 5100 1319 1700 5101 358 1700 5102 1320 1701 5103 263 1701 5104 265 1701 5105 263 1702 5106 1320 1702 5107 268 1702 5108 268 1703 5109 1320 1703 5110 269 1703 5111 269 1704 5112 1320 1704 5113 271 1704 5114 271 1705 5115 1320 1705 5116 1321 1705 5117 1321 1706 5118 1320 1706 5119 1322 1706 5120 1321 1707 5121 1322 1707 5122 1323 1707 5123 1323 1708 5124 1322 1708 5125 1324 1708 5126 1323 1709 5127 1324 1709 5128 1325 1709 5129 1325 1710 5130 1324 1710 5131 298 1710 5132 1325 1711 5133 298 1711 5134 359 1711 5135 1326 1712 5136 342 1712 5137 344 1712 5138 342 1713 5139 1326 1713 5140 346 1713 5141 346 1714 5142 1326 1714 5143 348 1714 5144 348 1715 5145 1326 1715 5146 283 1715 5147 283 1716 5148 1326 1716 5149 1327 1716 5150 1327 1717 5151 1326 1717 5152 1328 1717 5153 1327 1718 5154 1328 1718 5155 1329 1718 5156 1329 1719 5157 1328 1719 5158 1330 1719 5159 1329 1720 5160 1330 1720 5161 1331 1720 5162 1331 1721 5163 1330 1721 5164 275 1721 5165 1331 1722 5166 275 1722 5167 281 1722 5168 431 1723 5169 1332 1723 5170 429 1723 5171 1332 1724 5172 431 1724 5173 1333 1724 5174 1332 1725 5175 1333 1725 5176 1334 1725 5177 1334 1726 5178 1333 1726 5179 1335 1726 5180 1334 1727 5181 1335 1727 5182 1336 1727 5183 1336 1728 5184 1335 1728 5185 1337 1728 5186 1336 1729 5187 1337 1729 5188 1338 1729 5189 1338 1730 5190 1337 1730 5191 1339 1730 5192 1338 1731 5193 1339 1731 5194 1340 1731 5195 1340 1732 5196 1339 1732 5197 1341 1732 5198 1340 1733 5199 1341 1733 5200 1342 1733 5201 1340 1734 5202 1342 1734 5203 1343 1734 5204 1343 1735 5205 1342 1735 5206 1344 1735 5207 1344 1736 5208 1342 1736 5209 1345 1736 5210 1344 1737 5211 1345 1737 5212 1346 1737 5213 1344 1738 5214 1346 1738 5215 1347 1738 5216 1347 1739 5217 1346 1739 5218 1348 1739 5219 1348 1740 5220 1346 1740 5221 1349 1740 5222 1348 1741 5223 1349 1741 5224 1350 1741 5225 1348 1742 5226 1350 1742 5227 1351 1742 5228 1351 1743 5229 1350 1743 5230 1352 1743 5231 1352 1744 5232 1350 1744 5233 1353 1744 5234 1352 1745 5235 1353 1745 5236 1354 1745 5237 1352 1746 5238 1354 1746 5239 1355 1746 5240 1355 1747 5241 1354 1747 5242 1356 1747 5243 1356 1748 5244 1354 1748 5245 1357 1748 5246 1356 1749 5247 1357 1749 5248 1358 1749 5249 1358 1750 5250 1357 1750 5251 1359 1750 5252 1358 1751 5253 1359 1751 5254 1360 1751 5255 1360 1752 5256 1359 1752 5257 1361 1752 5258 1360 1753 5259 1361 1753 5260 1362 1753 5261 1360 1754 5262 1362 1754 5263 1363 1754 5264 1363 1755 5265 1362 1755 5266 1364 1755 5267 1364 1756 5268 1362 1756 5269 1365 1756 5270 1364 1757 5271 1365 1757 5272 1366 1757 5273 1366 1758 5274 1365 1758 5275 1367 1758 5276 1366 1759 5277 1367 1759 5278 1368 1759 5279 1368 1760 5280 1367 1760 5281 1369 1760 5282 1368 1761 5283 1369 1761 5284 1370 1761 5285 1370 1762 5286 1369 1762 5287 1371 1762 5288 1370 1763 5289 1371 1763 5290 1372 1763 5291 1372 1764 5292 1371 1764 5293 1373 1764 5294 1372 1765 5295 1373 1765 5296 1374 1765 5297 1374 1766 5298 1373 1766 5299 1375 1766 5300 1374 1767 5301 1375 1767 5302 1376 1767 5303 1376 1768 5304 1375 1768 5305 1377 1768 5306 1376 1769 5307 1377 1769 5308 1378 1769 5309 1378 1770 5310 1377 1770 5311 1379 1770 5312 1378 1771 5313 1379 1771 5314 1380 1771 5315 1380 1772 5316 1379 1772 5317 1381 1772 5318 1380 1773 5319 1381 1773 5320 1382 1773 5321 1382 1774 5322 1381 1774 5323 1383 1774 5324 1382 1775 5325 1383 1775 5326 1384 1775 5327 1384 1776 5328 1383 1776 5329 1385 1776 5330 1384 1777 5331 1385 1777 5332 1386 1777 5333 1386 1778 5334 1385 1778 5335 1387 1778 5336 1386 1779 5337 1387 1779 5338 1388 1779 5339 1388 1780 5340 1387 1780 5341 1389 1780 5342 1388 1781 5343 1389 1781 5344 1390 1781 5345 1390 1782 5346 1389 1782 5347 1391 1782 5348 1390 1783 5349 1391 1783 5350 1392 1783 5351 1392 1784 5352 1391 1784 5353 1393 1784 5354 1392 1785 5355 1393 1785 5356 1394 1785 5357 1394 1786 5358 1393 1786 5359 1395 1786 5360 1394 1787 5361 1395 1787 5362 1396 1787 5363 1394 1788 5364 1396 1788 5365 1397 1788 5366 1397 1789 5367 1396 1789 5368 1398 1789 5369 1397 1790 5370 1398 1790 5371 1399 1790 5372 1399 1791 5373 1398 1791 5374 1400 1791 5375 1399 1792 5376 1400 1792 5377 1401 1792 5378 1401 1793 5379 1400 1793 5380 1402 1793 5381 1401 1794 5382 1402 1794 5383 1403 1794 5384 1403 1795 5385 1402 1795 5386 1404 1795 5387 1403 1796 5388 1404 1796 5389 1405 1796 5390 1405 1797 5391 1404 1797 5392 1406 1797 5393 1405 1798 5394 1406 1798 5395 1407 1798 5396 1407 1799 5397 1406 1799 5398 1408 1799 5399 1407 1800 5400 1408 1800 5401 1409 1800 5402 1409 1801 5403 1408 1801 5404 1410 1801 5405 1409 1802 5406 1410 1802 5407 1411 1802 5408 1411 1803 5409 1410 1803 5410 1412 1803 5411 1411 1804 5412 1412 1804 5413 1413 1804 5414 1413 1805 5415 1412 1805 5416 1414 1805 5417 1413 1806 5418 1414 1806 5419 1415 1806 5420 1415 1807 5421 1414 1807 5422 1416 1807 5423 1415 1808 5424 1416 1808 5425 1417 1808 5426 1417 1809 5427 1416 1809 5428 1418 1809 5429 1417 1810 5430 1418 1810 5431 1419 1810 5432 1419 1811 5433 1418 1811 5434 1420 1811 5435 1419 1812 5436 1420 1812 5437 1421 1812 5438 1421 1813 5439 1420 1813 5440 889 1813 5441 889 1814 5442 1420 1814 5443 378 1814 5444 1422 1815 5445 1423 1815 5446 433 1815 5447 1423 1816 5448 1422 1816 5449 1424 1816 5450 1424 1817 5451 1422 1817 5452 15 1817 5453 15 1818 5454 1422 1818 5455 14 1818 5456 14 1819 5457 1422 1819 5458 1425 1819 5459 1425 1820 5460 1422 1820 5461 1426 1820 5462 1426 1821 5463 1422 1821 5464 1427 1821 5465 1427 1822 5466 1422 1822 5467 1428 1822 5468 1428 1823 5469 1422 1823 5470 1429 1823 5471 1429 1824 5472 1422 1824 5473 1430 1824 5474 1430 1825 5475 1422 1825 5476 1431 1825 5477 1431 1826 5478 1422 1826 5479 1432 1826 5480 1432 1827 5481 1422 1827 5482 1433 1827 5483 1433 1828 5484 1422 1828 5485 1434 1828 5486 1434 1829 5487 1422 1829 5488 1435 1829 5489 1435 1830 5490 1422 1830 5491 1436 1830 5492 1436 1831 5493 1422 1831 5494 1437 1831 5495 1437 1832 5496 1422 1832 5497 1438 1832 5498 1438 1833 5499 1422 1833 5500 145 1833 5501 145 1834 5502 1422 1834 5503 144 1834 5504 144 1835 5505 1422 1835 5506 1439 1835 5507 1439 1836 5508 1422 1836 5509 1440 1836 5510 1440 1837 5511 1422 1837 5512 1441 1837 5513 1441 1838 5514 1422 1838 5515 1442 1838 5516 1442 1839 5517 1422 1839 5518 1443 1839 5519 1443 1840 5520 1422 1840 5521 1444 1840 5522 1444 1841 5523 1422 1841 5524 1445 1841 5525 1445 1842 5526 1422 1842 5527 1446 1842 5528 1446 1843 5529 1422 1843 5530 1447 1843 5531 1447 1844 5532 1422 1844 5533 1448 1844 5534 1448 1845 5535 1422 1845 5536 1449 1845 5537 1449 1846 5538 1422 1846 5539 1450 1846 5540 1450 1847 5541 1422 1847 5542 1451 1847 5543 1451 1848 5544 1422 1848 5545 149 1848 5546 149 1849 5547 1422 1849 5548 148 1849 5549 148 1850 5550 1422 1850 5551 1452 1850 5552 1452 1851 5553 1422 1851 5554 1453 1851 5555 1453 1852 5556 1422 1852 5557 1454 1852 5558 1454 1853 5559 1422 1853 5560 1455 1853 5561 1455 1854 5562 1422 1854 5563 1456 1854 5564 1456 1855 5565 1422 1855 5566 1457 1855 5567 1457 1856 5568 1422 1856 5569 1458 1856 5570 1458 1857 5571 1422 1857 5572 1459 1857 5573 1459 1858 5574 1422 1858 5575 1460 1858 5576 1460 1859 5577 1422 1859 5578 1461 1859 5579 1461 1860 5580 1422 1860 5581 885 1860 5582 885 1861 5583 1422 1861 5584 887 1861 5585 887 1862 5586 1422 1862 5587 429 1862 5588 887 1863 5589 429 1863 5590 889 1863 5591 1423 1864 5592 432 1864 5593 433 1864 5594 432 1865 5595 1423 1865 5596 1462 1865 5597 1462 1866 5598 1423 1866 5599 1424 1866 5600 1462 1867 5601 1424 1867 5602 1463 1867 5603 1463 1868 5604 1424 1868 5605 15 1868 5606 1463 1869 5607 15 1869 5608 12 1869 5609 13 1870 5610 14 1870 5611 1425 1870 5612 13 1871 5613 1425 1871 5614 1464 1871 5615 1464 1872 5616 1425 1872 5617 1426 1872 5618 1464 1873 5619 1426 1873 5620 1465 1873 5621 1465 1874 5622 1426 1874 5623 1427 1874 5624 1465 1875 5625 1427 1875 5626 1466 1875 5627 1466 1876 5628 1427 1876 5629 1428 1876 5630 1466 1877 5631 1428 1877 5632 1467 1877 5633 1467 1878 5634 1428 1878 5635 1429 1878 5636 1467 1879 5637 1429 1879 5638 1468 1879 5639 1468 1880 5640 1429 1880 5641 1430 1880 5642 1468 1881 5643 1430 1881 5644 1469 1881 5645 1469 1882 5646 1430 1882 5647 1431 1882 5648 1469 1883 5649 1431 1883 5650 1470 1883 5651 1470 1884 5652 1431 1884 5653 1432 1884 5654 1470 1885 5655 1432 1885 5656 1471 1885 5657 1471 1886 5658 1432 1886 5659 1433 1886 5660 1471 1887 5661 1433 1887 5662 1472 1887 5663 1472 1888 5664 1433 1888 5665 1434 1888 5666 1472 1889 5667 1434 1889 5668 1473 1889 5669 1473 1890 5670 1434 1890 5671 1435 1890 5672 1473 1891 5673 1435 1891 5674 1474 1891 5675 1474 1892 5676 1435 1892 5677 1436 1892 5678 1474 1893 5679 1436 1893 5680 1475 1893 5681 1475 1894 5682 1436 1894 5683 1437 1894 5684 1475 1895 5685 1437 1895 5686 1476 1895 5687 1476 1896 5688 1437 1896 5689 1438 1896 5690 1476 1897 5691 1438 1897 5692 1477 1897 5693 1477 1898 5694 1438 1898 5695 145 1898 5696 1477 1899 5697 145 1899 5698 142 1899 5699 143 1900 5700 144 1900 5701 1439 1900 5702 143 1901 5703 1439 1901 5704 1478 1901 5705 1478 1902 5706 1439 1902 5707 1440 1902 5708 1478 1903 5709 1440 1903 5710 1479 1903 5711 1479 1904 5712 1440 1904 5713 1441 1904 5714 1479 1905 5715 1441 1905 5716 1480 1905 5717 1480 1906 5718 1441 1906 5719 1442 1906 5720 1480 1907 5721 1442 1907 5722 1481 1907 5723 1481 1908 5724 1442 1908 5725 1443 1908 5726 1481 1909 5727 1443 1909 5728 1482 1909 5729 1482 1910 5730 1443 1910 5731 1444 1910 5732 1482 1911 5733 1444 1911 5734 1483 1911 5735 1483 1912 5736 1444 1912 5737 1445 1912 5738 1483 1913 5739 1445 1913 5740 1484 1913 5741 1484 1914 5742 1445 1914 5743 1446 1914 5744 1484 1915 5745 1446 1915 5746 1485 1915 5747 1485 1916 5748 1446 1916 5749 1447 1916 5750 1485 1917 5751 1447 1917 5752 1486 1917 5753 1486 1918 5754 1447 1918 5755 1448 1918 5756 1486 1919 5757 1448 1919 5758 1487 1919 5759 1487 1920 5760 1448 1920 5761 1449 1920 5762 1487 1921 5763 1449 1921 5764 1488 1921 5765 1488 1922 5766 1449 1922 5767 1450 1922 5768 1488 1923 5769 1450 1923 5770 1489 1923 5771 1489 1924 5772 1450 1924 5773 1451 1924 5774 1489 1925 5775 1451 1925 5776 1490 1925 5777 1490 1926 5778 1451 1926 5779 146 1926 5780 146 1927 5781 1451 1927 5782 149 1927 5783 146 1928 5784 149 1928 5785 147 1928 5786 147 1929 5787 149 1929 5788 148 1929 5789 147 1930 5790 148 1930 5791 1491 1930 5792 1491 1931 5793 148 1931 5794 1452 1931 5795 1491 1932 5796 1452 1932 5797 1492 1932 5798 1492 1933 5799 1452 1933 5800 1453 1933 5801 1492 1934 5802 1453 1934 5803 1493 1934 5804 1493 1935 5805 1453 1935 5806 1454 1935 5807 1493 1936 5808 1454 1936 5809 1494 1936 5810 1494 1937 5811 1454 1937 5812 1455 1937 5813 1494 1938 5814 1455 1938 5815 1456 1938 5816 1494 1939 5817 1456 1939 5818 1495 1939 5819 1495 1940 5820 1456 1940 5821 1457 1940 5822 1495 1941 5823 1457 1941 5824 1496 1941 5825 1496 1942 5826 1457 1942 5827 1458 1942 5828 1496 1943 5829 1458 1943 5830 1497 1943 5831 1497 1944 5832 1458 1944 5833 1459 1944 5834 1497 1945 5835 1459 1945 5836 1498 1945 5837 1498 1946 5838 1459 1946 5839 1460 1946 5840 1498 1947 5841 1460 1947 5842 1499 1947 5843 1499 1948 5844 1460 1948 5845 1461 1948 5846 1499 1949 5847 1461 1949 5848 1500 1949 5849 1500 1950 5850 1461 1950 5851 885 1950 5852 1500 1951 5853 885 1951 5854 380 1951 5855 885 1952 5856 379 1952 5857 380 1952 5858 379 1953 5859 885 1953 5860 378 1953 5861 378 1954 5862 885 1954 5863 889 1954 5864 1501 1955 5865 27 1955 5866 26 1955 5867 27 1956 5868 1501 1956 5869 1502 1956 5870 1502 1957 5871 1501 1957 5872 341 1957 5873 1502 1958 5874 341 1958 5875 1503 1958 5876 1503 1959 5877 341 1959 5878 340 1959 5879 1503 1960 5880 340 1960 5881 1504 1960 5882 1504 1961 5883 340 1961 5884 339 1961 5885 1504 1962 5886 339 1962 5887 1505 1962 5888 1505 1963 5889 339 1963 5890 338 1963 5891 1505 1964 5892 338 1964 5893 1506 1964 5894 1506 1965 5895 338 1965 5896 337 1965 5897 1506 1966 5898 337 1966 5899 1507 1966 5900 1507 1967 5901 337 1967 5902 336 1967 5903 1507 1968 5904 336 1968 5905 1508 1968 5906 1508 1969 5907 336 1969 5908 335 1969 5909 1508 1970 5910 335 1970 5911 1509 1970 5912 1509 1971 5913 335 1971 5914 334 1971 5915 1509 1972 5916 334 1972 5917 1510 1972 5918 1510 1973 5919 334 1973 5920 333 1973 5921 1510 1974 5922 333 1974 5923 1511 1974 5924 1511 1975 5925 333 1975 5926 332 1975 5927 1511 1976 5928 332 1976 5929 1512 1976 5930 1512 1977 5931 332 1977 5932 331 1977 5933 1512 1978 5934 331 1978 5935 1513 1978 5936 1513 1979 5937 331 1979 5938 145 1979 5939 1513 1980 5940 145 1980 5941 144 1980 5942 1514 1981 5943 19 1981 5944 18 1981 5945 19 1982 5946 1514 1982 5947 1515 1982 5948 1515 1983 5949 1514 1983 5950 1516 1983 5951 1515 1984 5952 1516 1984 5953 1517 1984 5954 1517 1985 5955 1516 1985 5956 1518 1985 5957 1517 1986 5958 1518 1986 5959 1519 1986 5960 1519 1987 5961 1518 1987 5962 1520 1987 5963 1519 1988 5964 1520 1988 5965 1521 1988 5966 1521 1989 5967 1520 1989 5968 1522 1989 5969 1521 1990 5970 1522 1990 5971 1523 1990 5972 1523 1991 5973 1522 1991 5974 1524 1991 5975 1523 1992 5976 1524 1992 5977 1525 1992 5978 1525 1993 5979 1524 1993 5980 1526 1993 5981 1525 1994 5982 1526 1994 5983 1527 1994 5984 1527 1995 5985 1526 1995 5986 1528 1995 5987 1527 1996 5988 1528 1996 5989 1529 1996 5990 1529 1997 5991 1528 1997 5992 1530 1997 5993 1529 1998 5994 1530 1998 5995 1531 1998 5996 1531 1999 5997 1530 1999 5998 1532 1999 5999 1531 2000 6000 1532 2000 6001 1533 2000 6002 1533 2001 6003 1532 2001 6004 1534 2001 6005 1533 2002 6006 1534 2002 6007 1535 2002 6008 1535 2003 6009 1534 2003 6010 1536 2003 6011 1535 2004 6012 1536 2004 6013 1537 2004 6014 1537 2005 6015 1536 2005 6016 149 2005 6017 1537 2006 6018 149 2006 6019 148 2006 6020 149 2007 6021 1538 2007 6022 146 2007 6023 1538 2008 6024 149 2008 6025 1539 2008 6026 1539 2009 6027 149 2009 6028 1540 2009 6029 1540 2010 6030 149 2010 6031 1541 2010 6032 1541 2011 6033 149 2011 6034 1542 2011 6035 1542 2012 6036 149 2012 6037 1543 2012 6038 1543 2013 6039 149 2013 6040 1544 2013 6041 1544 2014 6042 149 2014 6043 1545 2014 6044 1545 2015 6045 149 2015 6046 1546 2015 6047 1546 2016 6048 149 2016 6049 1547 2016 6050 1547 2017 6051 149 2017 6052 1548 2017 6053 1548 2018 6054 149 2018 6055 1549 2018 6056 1549 2019 6057 149 2019 6058 17 2019 6059 17 2020 6060 149 2020 6061 18 2020 6062 27 2021 6063 1550 2021 6064 24 2021 6065 1550 2022 6066 27 2022 6067 1551 2022 6068 1551 2023 6069 27 2023 6070 1552 2023 6071 1552 2024 6072 27 2024 6073 1553 2024 6074 1553 2025 6075 27 2025 6076 1554 2025 6077 1554 2026 6078 27 2026 6079 1555 2026 6080 1555 2027 6081 27 2027 6082 1556 2027 6083 1556 2028 6084 27 2028 6085 1557 2028 6086 1557 2029 6087 27 2029 6088 1558 2029 6089 1558 2030 6090 27 2030 6091 1559 2030 6092 1559 2031 6093 27 2031 6094 1560 2031 6095 1560 2032 6096 27 2032 6097 1561 2032 6098 1561 2033 6099 27 2033 6100 143 2033 6101 143 2034 6102 27 2034 6103 144 2034 6104 144 2035 6105 27 2035 6106 1502 2035 6107 144 2036 6108 1502 2036 6109 1503 2036 6110 144 2037 6111 1503 2037 6112 1504 2037 6113 144 2038 6114 1504 2038 6115 1505 2038 6116 144 2039 6117 1505 2039 6118 1506 2039 6119 144 2040 6120 1506 2040 6121 1507 2040 6122 144 2041 6123 1507 2041 6124 1508 2041 6125 144 2042 6126 1508 2042 6127 1509 2042 6128 144 2043 6129 1509 2043 6130 1510 2043 6131 144 2044 6132 1510 2044 6133 1511 2044 6134 144 2045 6135 1511 2045 6136 1512 2045 6137 144 2046 6138 1512 2046 6139 1513 2046 6140 19 2047 6141 1562 2047 6142 16 2047 6143 1562 2048 6144 19 2048 6145 1563 2048 6146 1563 2049 6147 19 2049 6148 1564 2049 6149 1564 2050 6150 19 2050 6151 1565 2050 6152 1565 2051 6153 19 2051 6154 1566 2051 6155 1566 2052 6156 19 2052 6157 212 2052 6158 212 2053 6159 19 2053 6160 213 2053 6161 213 2054 6162 19 2054 6163 1567 2054 6164 1567 2055 6165 19 2055 6166 1568 2055 6167 1568 2056 6168 19 2056 6169 1569 2056 6170 1569 2057 6171 19 2057 6172 1570 2057 6173 1570 2058 6174 19 2058 6175 147 2058 6176 147 2059 6177 19 2059 6178 148 2059 6179 153 2060 6180 1571 2060 6181 150 2060 6182 1571 2061 6183 153 2061 6184 1572 2061 6185 1572 2062 6186 153 2062 6187 1573 2062 6188 1573 2063 6189 153 2063 6190 1574 2063 6191 1574 2064 6192 153 2064 6193 1575 2064 6194 1575 2065 6195 153 2065 6196 1576 2065 6197 1576 2066 6198 153 2066 6199 1577 2066 6200 1577 2067 6201 153 2067 6202 1578 2067 6203 1578 2068 6204 153 2068 6205 1579 2068 6206 1579 2069 6207 153 2069 6208 1580 2069 6209 1580 2070 6210 153 2070 6211 1581 2070 6212 1581 2071 6213 153 2071 6214 1582 2071 6215 1582 2072 6216 153 2072 6217 13 2072 6218 13 2073 6219 153 2073 6220 14 2073 6221 1583 2074 6222 153 2074 6223 152 2074 6224 153 2075 6225 1583 2075 6226 1584 2075 6227 1584 2076 6228 1583 2076 6229 1585 2076 6230 1584 2077 6231 1585 2077 6232 1586 2077 6233 1586 2078 6234 1585 2078 6235 1587 2078 6236 1586 2079 6237 1587 2079 6238 1588 2079 6239 1588 2080 6240 1587 2080 6241 1589 2080 6242 1588 2081 6243 1589 2081 6244 1590 2081 6245 1590 2082 6246 1589 2082 6247 1591 2082 6248 1590 2083 6249 1591 2083 6250 1592 2083 6251 1592 2084 6252 1591 2084 6253 1593 2084 6254 1592 2085 6255 1593 2085 6256 1594 2085 6257 1594 2086 6258 1593 2086 6259 1595 2086 6260 1594 2087 6261 1595 2087 6262 1596 2087 6263 1596 2088 6264 1595 2088 6265 1597 2088 6266 1596 2089 6267 1597 2089 6268 1598 2089 6269 1598 2090 6270 1597 2090 6271 1599 2090 6272 1598 2091 6273 1599 2091 6274 1600 2091 6275 1600 2092 6276 1599 2092 6277 1601 2092 6278 1600 2093 6279 1601 2093 6280 1602 2093 6281 1602 2094 6282 1601 2094 6283 1603 2094 6284 1602 2095 6285 1603 2095 6286 1604 2095 6287 1604 2096 6288 1603 2096 6289 1605 2096 6290 1604 2097 6291 1605 2097 6292 1606 2097 6293 1606 2098 6294 1605 2098 6295 15 2098 6296 1606 2099 6297 15 2099 6298 14 2099 6299 15 2100 6300 1607 2100 6301 12 2100 6302 1607 2101 6303 15 2101 6304 1608 2101 6305 1608 2102 6306 15 2102 6307 1609 2102 6308 1609 2103 6309 15 2103 6310 1610 2103 6311 1610 2104 6312 15 2104 6313 1611 2104 6314 1611 2105 6315 15 2105 6316 1612 2105 6317 1612 2106 6318 15 2106 6319 1613 2106 6320 1613 2107 6321 15 2107 6322 1614 2107 6323 1614 2108 6324 15 2108 6325 1615 2108 6326 1615 2109 6327 15 2109 6328 1616 2109 6329 1616 2110 6330 15 2110 6331 1617 2110 6332 1617 2111 6333 15 2111 6334 1618 2111 6335 1618 2112 6336 15 2112 6337 151 2112 6338 151 2113 6339 15 2113 6340 152 2113 6341 483 2114 6342 488 2114 6343 487 2114 6344 488 2115 6345 483 2115 6346 490 2115 6347 490 2116 6348 483 2116 6349 492 2116 6350 492 2117 6351 483 2117 6352 494 2117 6353 494 2118 6354 483 2118 6355 496 2118 6356 496 2119 6357 483 2119 6358 498 2119 6359 498 2120 6360 483 2120 6361 500 2120 6362 500 2121 6363 483 2121 6364 1619 2121 6365 1620 2122 6366 1621 2122 6367 155 2122 6368 1621 2123 6369 1620 2123 6370 1622 2123 6371 1622 2124 6372 1620 2124 6373 1623 2124 6374 1623 2125 6375 1620 2125 6376 1624 2125 6377 1623 2126 6378 1624 2126 6379 1625 2126 6380 1625 2127 6381 1624 2127 6382 1626 2127 6383 1625 2128 6384 1626 2128 6385 1627 2128 6386 1627 2129 6387 1626 2129 6388 1628 2129 6389 1627 2130 6390 1628 2130 6391 1629 2130 6392 1629 2131 6393 1628 2131 6394 1630 2131 6395 1629 2132 6396 1630 2132 6397 1631 2132 6398 1631 2133 6399 1630 2133 6400 1632 2133 6401 1631 2134 6402 1632 2134 6403 1633 2134 6404 1633 2135 6405 1632 2135 6406 1634 2135 6407 1633 2136 6408 1634 2136 6409 1635 2136 6410 1635 2137 6411 1634 2137 6412 1636 2137 6413 1635 2138 6414 1636 2138 6415 1637 2138 6416 1637 2139 6417 1636 2139 6418 1638 2139 6419 1637 2140 6420 1638 2140 6421 1639 2140 6422 1639 2141 6423 1638 2141 6424 1640 2141 6425 1639 2142 6426 1640 2142 6427 1641 2142 6428 1641 2143 6429 1640 2143 6430 1642 2143 6431 1641 2144 6432 1642 2144 6433 1643 2144 6434 1643 2145 6435 1642 2145 6436 1644 2145 6437 1643 2146 6438 1644 2146 6439 1645 2146 6440 1645 2147 6441 1644 2147 6442 1646 2147 6443 1645 2148 6444 1646 2148 6445 1647 2148 6446 1647 2149 6447 1646 2149 6448 1648 2149 6449 1647 2150 6450 1648 2150 6451 1649 2150 6452 1649 2151 6453 1648 2151 6454 1650 2151 6455 1649 2152 6456 1650 2152 6457 1651 2152 6458 1651 2153 6459 1650 2153 6460 1652 2153 6461 1651 2154 6462 1652 2154 6463 1653 2154 6464 1653 2155 6465 1652 2155 6466 1654 2155 6467 1653 2156 6468 1654 2156 6469 1655 2156 6470 1655 2157 6471 1654 2157 6472 1656 2157 6473 1655 2158 6474 1656 2158 6475 1657 2158 6476 1657 2159 6477 1656 2159 6478 1658 2159 6479 1657 2160 6480 1658 2160 6481 1659 2160 6482 1659 2161 6483 1658 2161 6484 1660 2161 6485 1659 2162 6486 1660 2162 6487 1661 2162 6488 1661 2163 6489 1660 2163 6490 1662 2163 6491 1661 2164 6492 1662 2164 6493 1663 2164 6494 1663 2165 6495 1662 2165 6496 1664 2165 6497 1663 2166 6498 1664 2166 6499 1665 2166 6500 1665 2167 6501 1664 2167 6502 1666 2167 6503 1665 2168 6504 1666 2168 6505 1667 2168 6506 1667 2169 6507 1666 2169 6508 1668 2169 6509 1667 2170 6510 1668 2170 6511 1669 2170 6512 1669 2171 6513 1668 2171 6514 1670 2171 6515 1669 2172 6516 1670 2172 6517 1671 2172 6518 1671 2173 6519 1670 2173 6520 1672 2173 6521 1671 2174 6522 1672 2174 6523 1673 2174 6524 1673 2175 6525 1672 2175 6526 1674 2175 6527 1673 2176 6528 1674 2176 6529 1675 2176 6530 1675 2177 6531 1674 2177 6532 1676 2177 6533 1675 2178 6534 1676 2178 6535 1677 2178 6536 1677 2179 6537 1676 2179 6538 1678 2179 6539 1677 2180 6540 1678 2180 6541 1679 2180 6542 1679 2181 6543 1678 2181 6544 1680 2181 6545 1679 2182 6546 1680 2182 6547 1681 2182 6548 1681 2183 6549 1680 2183 6550 1682 2183 6551 1681 2184 6552 1682 2184 6553 1683 2184 6554 1683 2185 6555 1682 2185 6556 1684 2185 6557 1683 2186 6558 1684 2186 6559 1685 2186 6560 1685 2187 6561 1684 2187 6562 1686 2187 6563 1685 2188 6564 1686 2188 6565 1687 2188 6566 1687 2189 6567 1686 2189 6568 1688 2189 6569 1687 2190 6570 1688 2190 6571 1689 2190 6572 1689 2191 6573 1688 2191 6574 1690 2191 6575 1689 2192 6576 1690 2192 6577 1691 2192 6578 1691 2193 6579 1690 2193 6580 1692 2193 6581 1691 2194 6582 1692 2194 6583 1693 2194 6584 1693 2195 6585 1692 2195 6586 1694 2195 6587 1693 2196 6588 1694 2196 6589 1695 2196 6590 1695 2197 6591 1694 2197 6592 1696 2197 6593 1695 2198 6594 1696 2198 6595 1697 2198 6596 1697 2199 6597 1696 2199 6598 1698 2199 6599 1697 2200 6600 1698 2200 6601 1699 2200 6602 1699 2201 6603 1698 2201 6604 1700 2201 6605 1699 2202 6606 1700 2202 6607 1701 2202 6608 1701 2203 6609 1700 2203 6610 1702 2203 6611 1701 2204 6612 1702 2204 6613 1703 2204 6614 1703 2205 6615 1702 2205 6616 1704 2205 6617 1703 2206 6618 1704 2206 6619 1705 2206 6620 1705 2207 6621 1704 2207 6622 1706 2207 6623 1705 2208 6624 1706 2208 6625 1707 2208 6626 1707 2209 6627 1706 2209 6628 1708 2209 6629 1707 2210 6630 1708 2210 6631 1709 2210 6632 1709 2211 6633 1708 2211 6634 154 2211 6635 1709 2212 6636 154 2212 6637 1710 2212 6638 1711 2213 6639 154 2213 6640 157 2213 6641 154 2214 6642 1711 2214 6643 1710 2214 6644 1710 2215 6645 1711 2215 6646 1712 2215 6647 500 2216 6648 1713 2216 6649 501 2216 6650 1713 2217 6651 500 2217 6652 1714 2217 6653 1714 2218 6654 500 2218 6655 1619 2218 6656 1622 2219 6657 1715 2219 6658 1716 2219 6659 1715 2220 6660 1622 2220 6661 1717 2220 6662 1717 2221 6663 1622 2221 6664 1718 2221 6665 1718 2222 6666 1622 2222 6667 1719 2222 6668 1719 2223 6669 1622 2223 6670 1720 2223 6671 1720 2224 6672 1622 2224 6673 1721 2224 6674 1721 2225 6675 1622 2225 6676 1722 2225 6677 1722 2226 6678 1622 2226 6679 1723 2226 6680 1723 2227 6681 1622 2227 6682 1724 2227 6683 1724 2228 6684 1622 2228 6685 1725 2228 6686 1725 2229 6687 1622 2229 6688 1726 2229 6689 1726 2230 6690 1622 2230 6691 1727 2230 6692 1727 2231 6693 1622 2231 6694 1728 2231 6695 1728 2232 6696 1622 2232 6697 1729 2232 6698 1729 2233 6699 1622 2233 6700 1730 2233 6701 1730 2234 6702 1622 2234 6703 1731 2234 6704 1731 2235 6705 1622 2235 6706 1732 2235 6707 1732 2236 6708 1622 2236 6709 1733 2236 6710 1733 2237 6711 1622 2237 6712 1734 2237 6713 1734 2238 6714 1622 2238 6715 1735 2238 6716 1735 2239 6717 1622 2239 6718 1736 2239 6719 1736 2240 6720 1622 2240 6721 1737 2240 6722 1737 2241 6723 1622 2241 6724 1738 2241 6725 1738 2242 6726 1622 2242 6727 1739 2242 6728 1739 2243 6729 1622 2243 6730 1740 2243 6731 1740 2244 6732 1622 2244 6733 1741 2244 6734 1741 2245 6735 1622 2245 6736 1742 2245 6737 1742 2246 6738 1622 2246 6739 1743 2246 6740 1743 2247 6741 1622 2247 6742 1744 2247 6743 1744 2248 6744 1622 2248 6745 1745 2248 6746 1745 2249 6747 1622 2249 6748 1746 2249 6749 1746 2250 6750 1622 2250 6751 1747 2250 6752 1747 2251 6753 1622 2251 6754 1748 2251 6755 1748 2252 6756 1622 2252 6757 1749 2252 6758 1749 2253 6759 1622 2253 6760 1750 2253 6761 1750 2254 6762 1622 2254 6763 1751 2254 6764 1751 2255 6765 1622 2255 6766 1752 2255 6767 1752 2256 6768 1622 2256 6769 1753 2256 6770 1753 2257 6771 1622 2257 6772 1754 2257 6773 1754 2258 6774 1622 2258 6775 1755 2258 6776 1755 2259 6777 1622 2259 6778 1756 2259 6779 1756 2260 6780 1622 2260 6781 1757 2260 6782 1757 2261 6783 1622 2261 6784 1758 2261 6785 1758 2262 6786 1622 2262 6787 1759 2262 6788 1759 2263 6789 1622 2263 6790 1712 2263 6791 1712 2264 6792 1622 2264 6793 1710 2264 6794 1760 2265 6795 483 2265 6796 485 2265 6797 483 2266 6798 1760 2266 6799 1761 2266 6800 1761 2267 6801 1760 2267 6802 1762 2267 6803 1761 2268 6804 1762 2268 6805 1763 2268 6806 1763 2269 6807 1762 2269 6808 1764 2269 6809 1763 2270 6810 1764 2270 6811 1765 2270 6812 1765 2271 6813 1764 2271 6814 1766 2271 6815 1765 2272 6816 1766 2272 6817 1767 2272 6818 1767 2273 6819 1766 2273 6820 1768 2273 6821 1767 2274 6822 1768 2274 6823 1769 2274 6824 1769 2275 6825 1768 2275 6826 1770 2275 6827 1769 2276 6828 1770 2276 6829 1771 2276 6830 1771 2277 6831 1770 2277 6832 1714 2277 6833 1771 2278 6834 1714 2278 6835 1619 2278 6836 1621 2279 6837 156 2279 6838 155 2279 6839 156 2280 6840 1621 2280 6841 1772 2280 6842 1772 2281 6843 1621 2281 6844 1622 2281 6845 1772 2282 6846 1622 2282 6847 1716 2282 6848 931 2283 6849 1082 2283 6850 930 2283 6851 1082 2284 6852 931 2284 6853 57 2284 6854 57 2285 6855 931 2285 6856 932 2285 6857 57 2286 6858 932 2286 6859 933 2286 6860 57 2287 6861 933 2287 6862 934 2287 6863 57 2288 6864 934 2288 6865 935 2288 6866 57 2289 6867 935 2289 6868 936 2289 6869 57 2290 6870 936 2290 6871 937 2290 6872 57 2291 6873 937 2291 6874 938 2291 6875 57 2292 6876 938 2292 6877 939 2292 6878 57 2293 6879 939 2293 6880 940 2293 6881 57 2294 6882 940 2294 6883 941 2294 6884 57 2295 6885 941 2295 6886 942 2295 6887 57 2296 6888 942 2296 6889 943 2296 6890 57 2297 6891 943 2297 6892 944 2297 6893 57 2298 6894 944 2298 6895 945 2298 6896 57 2299 6897 945 2299 6898 946 2299 6899 57 2300 6900 946 2300 6901 947 2300 6902 57 2301 6903 947 2301 6904 948 2301 6905 57 2302 6906 948 2302 6907 949 2302 6908 57 2303 6909 949 2303 6910 950 2303 6911 57 2304 6912 950 2304 6913 951 2304 6914 57 2305 6915 951 2305 6916 952 2305 6917 57 2306 6918 952 2306 6919 953 2306 6920 57 2307 6921 953 2307 6922 954 2307 6923 57 2308 6924 954 2308 6925 955 2308 6926 57 2309 6927 955 2309 6928 956 2309 6929 57 2310 6930 956 2310 6931 957 2310 6932 57 2311 6933 957 2311 6934 958 2311 6935 57 2312 6936 958 2312 6937 959 2312 6938 57 2313 6939 959 2313 6940 960 2313 6941 57 2314 6942 960 2314 6943 961 2314 6944 57 2315 6945 961 2315 6946 962 2315 6947 57 2316 6948 962 2316 6949 963 2316 6950 57 2317 6951 963 2317 6952 964 2317 6953 57 2318 6954 964 2318 6955 965 2318 6956 57 2319 6957 965 2319 6958 966 2319 6959 57 2320 6960 966 2320 6961 967 2320 6962 57 2321 6963 967 2321 6964 968 2321 6965 57 2322 6966 968 2322 6967 969 2322 6968 57 2323 6969 969 2323 6970 970 2323 6971 57 2324 6972 970 2324 6973 971 2324 6974 57 2325 6975 971 2325 6976 972 2325 6977 57 2326 6978 972 2326 6979 973 2326 6980 57 2327 6981 973 2327 6982 974 2327 6983 57 2328 6984 974 2328 6985 975 2328 6986 57 2329 6987 975 2329 6988 976 2329 6989 57 2330 6990 976 2330 6991 58 2330 6992 1773 2331 6993 206 2331 6994 207 2331 6995 206 2332 6996 1773 2332 6997 204 2332 6998 204 2333 6999 1773 2333 7000 1774 2333 7001 204 2334 7002 1774 2334 7003 1775 2334 7004 204 2335 7005 1775 2335 7006 1776 2335 7007 204 2336 7008 1776 2336 7009 1777 2336 7010 204 2337 7011 1777 2337 7012 1778 2337 7013 204 2338 7014 1778 2338 7015 1779 2338 7016 204 2339 7017 1779 2339 7018 1780 2339 7019 204 2340 7020 1780 2340 7021 1781 2340 7022 204 2341 7023 1781 2341 7024 205 2341 7025 49 2342 7026 1782 2342 7027 189 2342 7028 1782 2343 7029 49 2343 7030 1783 2343 7031 1783 2344 7032 49 2344 7033 1784 2344 7034 1784 2345 7035 49 2345 7036 1785 2345 7037 1785 2346 7038 49 2346 7039 1786 2346 7040 1786 2347 7041 49 2347 7042 1787 2347 7043 1787 2348 7044 49 2348 7045 1788 2348 7046 1788 2349 7047 49 2349 7048 1789 2349 7049 1789 2350 7050 49 2350 7051 1790 2350 7052 1790 2351 7053 49 2351 7054 1791 2351 7055 1791 2352 7056 49 2352 7057 1792 2352 7058 1792 2353 7059 49 2353 7060 1793 2353 7061 1793 2354 7062 49 2354 7063 1794 2354 7064 1794 2355 7065 49 2355 7066 41 2355 7067 41 2356 7068 49 2356 7069 169 2356 7070 169 2357 7071 49 2357 7072 365 2357 7073 365 2358 7074 49 2358 7075 366 2358 7076 366 2359 7077 49 2359 7078 367 2359 7079 367 2360 7080 49 2360 7081 368 2360 7082 368 2361 7083 49 2361 7084 369 2361 7085 369 2362 7086 49 2362 7087 370 2362 7088 370 2363 7089 49 2363 7090 371 2363 7091 371 2364 7092 49 2364 7093 372 2364 7094 372 2365 7095 49 2365 7096 373 2365 7097 373 2366 7098 49 2366 7099 374 2366 7100 374 2367 7101 49 2367 7102 375 2367 7103 375 2368 7104 49 2368 7105 376 2368 7106 376 2369 7107 49 2369 7108 177 2369 7109 177 2370 7110 49 2370 7111 207 2370 7112 207 2371 7113 49 2371 7114 1773 2371 7115 1773 2372 7116 49 2372 7117 1774 2372 7118 1774 2373 7119 49 2373 7120 1775 2373 7121 1775 2374 7122 49 2374 7123 1776 2374 7124 1776 2375 7125 49 2375 7126 1777 2375 7127 1777 2376 7128 49 2376 7129 1778 2376 7130 1778 2377 7131 49 2377 7132 1779 2377 7133 1779 2378 7134 49 2378 7135 1780 2378 7136 1780 2379 7137 49 2379 7138 1781 2379 7139 1781 2380 7140 49 2380 7141 205 2380 7142 205 2381 7143 49 2381 7144 163 2381 7145 163 2382 7146 49 2382 7147 478 2382 7148 478 2383 7149 49 2383 7150 479 2383 7151 479 2384 7152 49 2384 7153 480 2384 7154 480 2385 7155 49 2385 7156 481 2385 7157 481 2386 7158 49 2386 7159 482 2386 7160 482 2387 7161 49 2387 7162 104 2387 7163 104 2388 7164 49 2388 7165 105 2388 7166 205 2389 7167 162 2389 7168 165 2389 7169 162 2390 7170 205 2390 7171 163 2390 7172 177 2391 7173 193 2391 7174 178 2391 7175 193 2392 7176 177 2392 7177 207 2392 7178 41 2393 7179 168 2393 7180 42 2393 7181 168 2394 7182 41 2394 7183 169 2394 7184 1782 2395 7185 188 2395 7186 189 2395 7187 188 2396 7188 1782 2396 7189 40 2396 7190 40 2397 7191 1782 2397 7192 1783 2397 7193 40 2398 7194 1783 2398 7195 1784 2398 7196 40 2399 7197 1784 2399 7198 1785 2399 7199 40 2400 7200 1785 2400 7201 1786 2400 7202 40 2401 7203 1786 2401 7204 1787 2401 7205 40 2402 7206 1787 2402 7207 1788 2402 7208 40 2403 7209 1788 2403 7210 1789 2403 7211 40 2404 7212 1789 2404 7213 1790 2404 7214 40 2405 7215 1790 2405 7216 1791 2405 7217 40 2406 7218 1791 2406 7219 1792 2406 7220 40 2407 7221 1792 2407 7222 1793 2407 7223 40 2408 7224 1793 2408 7225 1794 2408 7226 40 2409 7227 1794 2409 7228 41 2409 7229 211 2410 7230 212 2410 7231 208 2410 7232 212 2411 7233 211 2411 7234 1795 2411 7235 1795 2412 7236 211 2412 7237 1796 2412 7238 1796 2413 7239 211 2413 7240 1797 2413 7241 1797 2414 7242 211 2414 7243 1798 2414 7244 1798 2415 7245 211 2415 7246 1799 2415 7247 1799 2416 7248 211 2416 7249 1800 2416 7250 1800 2417 7251 211 2417 7252 1801 2417 7253 1801 2418 7254 211 2418 7255 1802 2418 7256 1802 2419 7257 211 2419 7258 419 2419 7259</p>
        </triangles>
      </mesh>
    </geometry>
  </library_geometries>
  <library_visual_scenes>
    <visual_scene id="Scene" name="Scene">
      <node id="walls" name="walls" type="NODE">
        <matrix sid="transform">1 0 0 0 0 1 0 0 0 0 1 0 0 0 0 1</matrix>
        <instance_geometry url="#walls-mesh" name="walls">
          <bind_material>
            <technique_common>
              <instance_material symbol="wallstexture-material" target="#wallstexture-material">
                <bind_vertex_input semantic="UVMap" input_semantic="TEXCOORD" input_set="0"/>
              </instance_material>
            </technique_common>
          </bind_material>
        </instance_geometry>
      </node>
    </visual_scene>
  </library_visual_scenes>
  <scene>
    <instance_visual_scene url="#Scene"/>
  </scene>
</COLLADA>