<?xml version="1.0" encoding="utf-8"?>
<COLLADA xmlns="http://www.collada.org/2005/11/COLLADASchema" version="1.4.1" xmlns:xsi="http://www.w3.org/2001/XMLSchema-instance">
  <asset>
    <contributor>
      <author>Blender User</author>
      <authoring_tool>Blender 4.3.2 commit date:2024-12-16, commit time:21:10, hash:32f5fdce0a0a</authoring_tool>
    </contributor>
    <created>2026-01-02T13:52:22</created>
    <modified>2026-01-02T13:52:22</modified>
    <unit name="meter" meter="1"/>
    <up_axis>Z_UP</up_axis>
  </asset>
  <library_effects>
    <effect id="Body_frontMaterial-effect">
      <profile_COMMON>
        <newparam sid="minipupper_textures_png-surface">
          <surface type="2D">
            <init_from>minipupper_textures_png</init_from>
          </surface>
        </newparam>
        <newparam sid="minipupper_textures_png-sampler">
          <sampler2D>
            <source>minipupper_textures_png-surface</source>
          </sampler2D>
        </newparam>
        <technique sid="common">
          <lambert>
            <emission>
              <color sid="emission">0 0 0 1</color>
            </emission>
            <diffuse>
              <texture texture="minipupper_textures_png-sampler" texcoord="UVMap"/>
            </diffuse>
            <index_of_refraction>
              <float sid="ior">1.5</float>
            </index_of_refraction>
          </lambert>
        </technique>
      </profile_COMMON>
    </effect>
  </library_effects>
  <library_images>
    <image id="minipupper_textures_png" name="minipupper_textures_png">
      <init_from>minipupper_textures.png</init_from>
    </image>
  </library_images>
  <library_materials>
    <material id="Body_frontMaterial-material" name="Body_frontMaterial">
      <instance_effect url="#Body_frontMaterial-effect"/>
    </material>
  </library_materials>
  <library_geometries>
    <geometry id="Body_front-mesh" name="Body_front">
      <mesh>
        <source id="Body_front-mesh-positions">
          <float_array id="Body_front-mesh-positions-array" count="8973">0.08829873 0.02315795 0.02300816 0.08829873 0.02393066 0.02300798 0.08829873 0.02314424 0.02290463 0.08829873 0.02394425 0.02290445 0.08829873 0.0239306 0.02280092 0.08829873 0.02389073 0.02310442 0.08829873 0.02319788 0.0231046 0.08829873 0.02382719 0.02318727 0.08829873 0.02326148 0.02318745 0.08829873 0.02374434 0.02325087 0.08829873 0.02334433 0.02325099 0.08829873 0.0236479 0.02329087 0.08829873 0.02344083 0.02329093 0.08829873 0.02354437 0.02330452 0.08829873 0.02389061 0.02270442 0.08829873 0.02382707 0.02262163 0.08829873 0.02374416 0.02255809 0.08829873 0.02364772 0.02251815 0.08829873 0.02354419 0.0225045 0.08829873 0.02164429 0.02290499 0.08829873 0.02354395 0.02143192 0.08829873 0.02074468 0.02095645 0.08829873 0.02502369 0.02036601 0.08829873 0.02518779 0.01992315 0.08829873 0.02399921 0.02130627 0.08829873 0.02441239 0.02107745 0.08829873 0.02476036 0.02075809 0.08829873 0.02524346 0.01945412 0.08829873 0.02524089 0.008539378 0.08829873 0.02354043 0.006562411 0.08829873 0.02518504 0.008070409 0.08829873 0.02502071 0.007627606 0.08829873 0.0247572 0.007235705 0.08829873 0.02440905 0.006916463 0.08829873 0.02399581 0.006687819 0.08829873 0.02074468 -0.0100435 0.08829873 0.0235396 0.003047823 0.08829873 0.02353823 -0.002938747 0.08829873 0.02671521 4.30695e-4 0.08829873 0.02671504 -3.23083e-4 0.08829873 0.02429205 0.00300306 0.08829873 0.02500957 0.002772092 0.08829873 0.02564686 0.002369582 0.08829873 0.02616375 0.001820862 0.08829873 0.02652752 0.001160681 0.08829873 0.02652698 -0.001052975 0.08829873 0.02616292 -0.001713037 0.08829873 0.02564579 -0.002261459 0.08829873 0.02500832 -0.002663671 0.08829873 0.02429068 -0.002894282 0.08829873 0.02353739 -0.006453335 0.08829873 0.02518129 -0.007962107 0.08829873 0.0252369 -0.008431077 0.08829873 0.02399271 -0.006578922 0.08829873 0.02440583 -0.006807804 0.08829873 0.0247538 -0.007127165 0.08829873 0.0250172 -0.007519185 0.08829873 0.0252369 -0.008545815 0.08829873 0.02518105 -0.009014785 0.08829873 0.02501672 -0.009457588 0.08829873 0.02353644 -0.01052278 0.08829873 0.02475315 -0.009849548 0.08829873 0.02440506 -0.01016873 0.08829873 0.02399182 -0.01039743 0.08829873 0.02163606 -0.01199495 0.08829873 0.0235362 -0.01159542 0.08829873 0.02313607 -0.01199531 0.08829873 0.02363973 -0.01160907 0.08829873 0.02373617 -0.01164907 0.08829873 0.02381902 -0.01171267 0.08829873 0.02388256 -0.01179552 0.08829873 0.0239225 -0.01189196 0.08829873 0.02393609 -0.01199549 0.08829873 0.02314972 -0.01209884 0.08829873 0.02392244 -0.01209902 0.08829873 0.02318966 -0.01219534 0.08829873 0.02388244 -0.01219552 0.08829873 0.0232532 -0.01227819 0.08829873 0.02381885 -0.01227831 0.08829873 0.02333599 -0.01234179 0.08829873 0.023736 -0.01234185 0.08829873 0.02343249 -0.01238179 0.08829873 0.02363955 -0.01238179 0.08829873 0.02353602 -0.01239544 0.08829873 0.02163547 -0.01454496 0.08829873 0.01423549 -0.01454323 0.08829873 0.01423609 -0.01199322 0.08829873 0.01273608 -0.01199287 0.08829873 -0.01226383 -0.01198703 0.08829873 -0.01226431 -0.01403701 0.08829873 0.0127356 -0.01404291 0.08829873 -0.02025526 -0.0100435 0.08829873 -0.01376384 -0.01198667 0.08829873 -0.02116388 -0.01198494 0.08829873 -0.02116447 -0.01453495 0.08829873 -0.01376444 -0.01453667 0.08829873 -0.02546375 -0.01158392 0.08829873 -0.02506387 -0.01198405 0.08829873 -0.02556729 -0.01159757 0.08829873 -0.02566379 -0.0116375 0.08829873 -0.02574664 -0.01170104 0.08829873 -0.02581024 -0.01178383 0.08829873 -0.02585017 -0.01188033 0.08829873 -0.02586388 -0.01198387 0.08829873 -0.02585023 -0.0120874 0.08829873 -0.02507752 -0.01208758 0.08829873 -0.0258103 -0.01218384 0.08829873 -0.02511751 -0.01218402 0.08829873 -0.02574676 -0.01226669 0.08829873 -0.02518105 -0.01226687 0.08829873 -0.02566391 -0.01233029 0.08829873 -0.02526396 -0.01233041 0.08829873 -0.02556747 -0.01237028 0.08829873 -0.0253604 -0.01237034 0.08829873 -0.02546393 -0.01238393 0.08829873 -0.02546149 -0.001973569 0.08829873 -0.02546054 0.002105593 0.08829873 -0.02025526 0.02095645 0.08829873 -0.02545577 0.02251601 0.08829873 -0.02115565 0.022915 0.08829873 -0.0250557 0.02291589 0.08829873 -0.0255593 0.02252966 0.08829873 -0.02565574 0.02256965 0.08829873 -0.02589643 -0.001367866 0.08829873 -0.02616852 -6.73672e-4 0.08829873 -0.02626103 6.62205e-5 0.08829873 -0.02616816 8.0607e-4 0.08829873 -0.02589577 0.001500129 0.08829873 -0.02573859 0.02263325 0.08829873 -0.02580213 0.0227161 0.08829873 -0.02584207 0.02281254 0.08829873 -0.02585566 0.02291607 0.08829873 -0.02506929 0.02301943 0.08829873 -0.02584201 0.02301961 0.08829873 -0.02510923 0.02311593 0.08829873 -0.02580201 0.02311611 0.08829873 -0.02517277 0.02319878 0.08829873 -0.02573847 0.0231989 0.08829873 -0.02525562 0.02326238 0.08829873 -0.02565556 0.02326244 0.08829873 -0.02535206 0.02330237 0.08829873 -0.02555912 0.02330237 0.08829873 -0.02545559 0.02331602 0.08829873 -0.02115505 0.02546501 0.08829873 -0.01375508 0.02546328 0.08829873 -0.01375567 0.02291327 0.08829873 -0.01225566 0.02291291 0.08829873 0.01274424 0.02290707 0.08829873 0.01274472 0.02495706 0.08829873 -0.01225519 0.0249629 0.08829873 0.01424425 0.02290672 0.08829873 0.02164489 0.02545499 0.08829873 0.01424485 0.02545672 0.08829873 0.02724468 0.02645367 0.08829873 0.01520842 0.02645647 0.08829873 0.02724468 0.02645647 0.08829873 -0.02675527 -0.01553362 0.08829873 0.01520347 -0.01554346 0.08829873 -0.02675527 -0.01554346 0.08829873 0.02723526 -0.01554346 0.08829873 0.02724468 0.02468454 0.08829873 0.02724468 -0.01554346 0.08889877 -0.02422118 0.02442264 0.08829873 -0.02422118 0.02442264 0.08889877 -0.02425527 0.0246815 0.08829873 -0.02425527 0.0246815 0.08889877 -0.02422118 0.02494031 0.08829873 -0.02422118 0.02494031 0.08889877 -0.02412128 0.02518147 0.08829873 -0.02412128 0.02518147 0.08889877 -0.02396237 0.02538859 0.08829873 -0.02396237 0.02538859 0.08889877 -0.02375525 0.0255475 0.08829873 -0.02375525 0.0255475 0.08889877 -0.02351409 0.0256474 0.08829873 -0.02351409 0.0256474 0.08889877 -0.02325528 0.02568149 0.08829873 -0.02325528 0.02568149 0.08889877 -0.02299642 0.0256474 0.08829873 -0.02299642 0.0256474 0.08889877 -0.02275526 0.0255475 0.08829873 -0.02275526 0.0255475 0.08889877 -0.02254813 0.02538859 0.08829873 -0.02254813 0.02538859 0.08889877 -0.02238923 0.02518147 0.08829873 -0.02238923 0.02518147 0.08889877 -0.02228933 0.02494031 0.08829873 -0.02228933 0.02494031 0.08889877 -0.02225524 0.0246815 0.08829873 -0.02225524 0.0246815 0.08889877 -0.02228933 0.02442264 0.08829873 -0.02228933 0.02442264 0.08889877 -0.02238923 0.02418148 0.08829873 -0.02238923 0.02418148 0.08889877 -0.02254813 0.02397435 0.08829873 -0.02254813 0.02397435 0.08889877 -0.02275526 0.02381545 0.08829873 -0.02275526 0.02381545 0.08889877 -0.02299642 0.02371555 0.08829873 -0.02299642 0.02371555 0.08889877 -0.02325528 0.02368146 0.08829873 -0.02325528 0.02368146 0.08889877 -0.02351409 0.02371555 0.08829873 -0.02351409 0.02371555 0.08889877 -0.02375525 0.02381545 0.08829873 -0.02375525 0.02381545 0.08889877 -0.02396237 0.02397435 0.08829873 -0.02396237 0.02397435 0.08889877 -0.02412128 0.02418148 0.08829873 -0.02412128 0.02418148 0.08889877 0.02277874 0.02442264 0.08829873 0.02277874 0.02442264 0.08889877 0.02274471 0.0246815 0.08829873 0.02274471 0.0246815 0.08889877 0.02277874 0.02494031 0.08829873 0.02277874 0.02494031 0.08889877 0.02287864 0.02518147 0.08829873 0.02287864 0.02518147 0.08889877 0.02303761 0.02538859 0.08829873 0.02303761 0.02538859 0.08889877 0.02324467 0.0255475 0.08829873 0.02324467 0.0255475 0.08889877 0.02348589 0.0256474 0.08829873 0.02348589 0.0256474 0.08889877 0.0237447 0.02568149 0.08829873 0.0237447 0.02568149 0.08889877 0.0240035 0.0256474 0.08829873 0.0240035 0.0256474 0.08889877 0.02424466 0.0255475 0.08829873 0.02424466 0.0255475 0.08889877 0.02445179 0.02538859 0.08829873 0.02445179 0.02538859 0.08889877 0.02461069 0.02518147 0.08829873 0.02461069 0.02518147 0.08889877 0.02471059 0.02494031 0.08829873 0.02471059 0.02494031 0.08889877 0.02474468 0.0246815 0.08829873 0.02474468 0.0246815 0.08889877 0.02471059 0.02442264 0.08829873 0.02471059 0.02442264 0.08889877 0.02461069 0.02418148 0.08829873 0.02461069 0.02418148 0.08889877 0.02445179 0.02397435 0.08829873 0.02445179 0.02397435 0.08889877 0.02424466 0.02381545 0.08829873 0.02424466 0.02381545 0.08889877 0.0240035 0.02371555 0.08829873 0.0240035 0.02371555 0.08889877 0.0237447 0.02368146 0.08829873 0.0237447 0.02368146 0.08889877 0.02348589 0.02371555 0.08829873 0.02348589 0.02371555 0.08889877 0.02324467 0.02381545 0.08829873 0.02324467 0.02381545 0.08889877 0.02303761 0.02397435 0.08829873 0.02303761 0.02397435 0.08889877 0.02287864 0.02418148 0.08829873 0.02287864 0.02418148 0.08889877 0.02277874 -0.01402729 0.08829873 0.02277874 -0.01402729 0.08889877 0.02274471 -0.01376849 0.08829873 0.02274471 -0.01376849 0.08889877 0.02277874 -0.01350963 0.08829873 0.02277874 -0.01350963 0.08889877 0.02287864 -0.01326847 0.08829873 0.02287864 -0.01326847 0.08889877 0.02303761 -0.01306134 0.08829873 0.02303761 -0.01306134 0.08889877 0.02324467 -0.01290243 0.08829873 0.02324467 -0.01290243 0.08889877 0.02348589 -0.01280254 0.08829873 0.02348589 -0.01280254 0.08889877 0.0237447 -0.01276844 0.08829873 0.0237447 -0.01276844 0.08889877 0.0240035 -0.01280254 0.08829873 0.0240035 -0.01280254 0.08889877 0.02424466 -0.01290243 0.08829873 0.02424466 -0.01290243 0.08889877 0.02445179 -0.01306134 0.08829873 0.02445179 -0.01306134 0.08889877 0.02461069 -0.01326847 0.08829873 0.02461069 -0.01326847 0.08889877 0.02471059 -0.01350963 0.08829873 0.02471059 -0.01350963 0.08889877 0.02474468 -0.01376849 0.08829873 0.02474468 -0.01376849 0.08889877 0.02471059 -0.01402729 0.08829873 0.02471059 -0.01402729 0.08889877 0.02461069 -0.01426845 0.08829873 0.02461069 -0.01426845 0.08889877 0.02445179 -0.01447558 0.08829873 0.02445179 -0.01447558 0.08889877 0.02424466 -0.01463449 0.08829873 0.02424466 -0.01463449 0.08889877 0.0240035 -0.01473438 0.08829873 0.0240035 -0.01473438 0.08889877 0.0237447 -0.01476848 0.08829873 0.0237447 -0.01476848 0.08889877 0.02348589 -0.01473438 0.08829873 0.02348589 -0.01473438 0.08889877 0.02324467 -0.01463449 0.08829873 0.02324467 -0.01463449 0.08889877 0.02303761 -0.01447558 0.08829873 0.02303761 -0.01447558 0.08889877 0.02287864 -0.01426845 0.08829873 0.02287864 -0.01426845 0.08889877 -0.02422118 -0.01402729 0.08829873 -0.02422118 -0.01402729 0.08889877 -0.02425527 -0.01376849 0.08829873 -0.02425527 -0.01376849 0.08889877 -0.02422118 -0.01350963 0.08829873 -0.02422118 -0.01350963 0.08889877 -0.02412128 -0.01326847 0.08829873 -0.02412128 -0.01326847 0.08889877 -0.02396237 -0.01306134 0.08829873 -0.02396237 -0.01306134 0.08889877 -0.02375525 -0.01290243 0.08829873 -0.02375525 -0.01290243 0.08889877 -0.02351409 -0.01280254 0.08829873 -0.02351409 -0.01280254 0.08889877 -0.02325528 -0.01276844 0.08829873 -0.02325528 -0.01276844 0.08889877 -0.02299642 -0.01280254 0.08829873 -0.02299642 -0.01280254 0.08889877 -0.02275526 -0.01290243 0.08829873 -0.02275526 -0.01290243 0.08889877 -0.02254813 -0.01306134 0.08829873 -0.02254813 -0.01306134 0.08889877 -0.02238923 -0.01326847 0.08829873 -0.02238923 -0.01326847 0.08889877 -0.02228933 -0.01350963 0.08829873 -0.02228933 -0.01350963 0.08889877 -0.02225524 -0.01376849 0.08829873 -0.02225524 -0.01376849 0.08889877 -0.02228933 -0.01402729 0.08829873 -0.02228933 -0.01402729 0.08889877 -0.02238923 -0.01426845 0.08829873 -0.02238923 -0.01426845 0.08889877 -0.02254813 -0.01447558 0.08829873 -0.02254813 -0.01447558 0.08889877 -0.02275526 -0.01463449 0.08829873 -0.02275526 -0.01463449 0.08889877 -0.02299642 -0.01473438 0.08829873 -0.02299642 -0.01473438 0.08889877 -0.02325528 -0.01476848 0.08829873 -0.02325528 -0.01476848 0.08889877 -0.02351409 -0.01473438 0.08829873 -0.02351409 -0.01473438 0.08889877 -0.02375525 -0.01463449 0.08829873 -0.02375525 -0.01463449 0.08889877 -0.02396237 -0.01447558 0.08829873 -0.02396237 -0.01447558 0.08889877 -0.02412128 -0.01426845 0.08829873 -0.02412128 -0.01426845 0.08929878 -0.02460753 0.02431911 0.08929878 -0.02465528 0.0246815 0.08929878 -0.02460753 0.02504384 0.08929878 -0.0244677 0.0253815 0.08929878 -0.0242452 0.02567142 0.08929878 -0.02395528 0.02589392 0.08929878 -0.02361762 0.02603375 0.08929878 -0.02325528 0.0260815 0.08929878 -0.02289289 0.02603375 0.08929878 -0.02255529 0.02589392 0.08929878 -0.02226531 0.02567142 0.08929878 -0.02204281 0.0253815 0.08929878 -0.02190297 0.02504384 0.08929878 -0.02185523 0.0246815 0.08929878 -0.02190297 0.02431911 0.08929878 -0.02204281 0.02398145 0.08929878 -0.02226531 0.02369153 0.08929878 -0.02255529 0.02346903 0.08929878 -0.02289289 0.02332919 0.08929878 -0.02325528 0.02328145 0.08929878 -0.02361762 0.02332919 0.08929878 -0.02395528 0.02346903 0.08929878 -0.0242452 0.02369153 0.08929878 -0.0244677 0.02398145 0.08929878 0.02239239 0.02431911 0.08929878 0.0223447 0.0246815 0.08929878 0.02239239 0.02504384 0.08929878 0.02253228 0.0253815 0.08929878 0.02275472 0.02567142 0.08929878 0.0230447 0.02589392 0.08929878 0.02338236 0.02603375 0.08929878 0.0237447 0.0260815 0.08929878 0.02410703 0.02603375 0.08929878 0.02444469 0.02589392 0.08929878 0.02473461 0.02567142 0.08929878 0.02495712 0.0253815 0.08929878 0.02509701 0.02504384 0.08929878 0.02514469 0.0246815 0.08929878 0.02509701 0.02431911 0.08929878 0.02495712 0.02398145 0.08929878 0.02473461 0.02369153 0.08929878 0.02444469 0.02346903 0.08929878 0.02410703 0.02332919 0.08929878 0.0237447 0.02328145 0.08929878 0.02338236 0.02332919 0.08929878 0.0230447 0.02346903 0.08929878 0.02275472 0.02369153 0.08929878 0.02253228 0.02398145 0.08929878 0.02239239 -0.01413083 0.08929878 0.0223447 -0.01376849 0.08929878 0.02239239 -0.01340609 0.08929878 0.02253228 -0.01306849 0.08929878 0.02275472 -0.01277852 0.08929878 0.0230447 -0.01255601 0.08929878 0.02338236 -0.01241618 0.08929878 0.0237447 -0.0123685 0.08929878 0.02410703 -0.01241618 0.08929878 0.02444469 -0.01255601 0.08929878 0.02473461 -0.01277852 0.08929878 0.02495712 -0.01306849 0.08929878 0.02509701 -0.01340609 0.08929878 0.02514469 -0.01376849 0.08929878 0.02509701 -0.01413083 0.08929878 0.02495712 -0.01446849 0.08929878 0.02473461 -0.0147584 0.08929878 0.02444469 -0.01498091 0.08929878 0.02410703 -0.01512074 0.08929878 0.0237447 -0.01516848 0.08929878 0.02338236 -0.01512074 0.08929878 0.0230447 -0.01498091 0.08929878 0.02275472 -0.0147584 0.08929878 0.02253228 -0.01446849 0.08929878 -0.02460753 -0.01413083 0.08929878 -0.02465528 -0.01376849 0.08929878 -0.02460753 -0.01340609 0.08929878 -0.0244677 -0.01306849 0.08929878 -0.0242452 -0.01277852 0.08929878 -0.02395528 -0.01255601 0.08929878 -0.02361762 -0.01241618 0.08929878 -0.02325528 -0.0123685 0.08929878 -0.02289289 -0.01241618 0.08929878 -0.02255529 -0.01255601 0.08929878 -0.02226531 -0.01277852 0.08929878 -0.02204281 -0.01306849 0.08929878 -0.02190297 -0.01340609 0.08929878 -0.02185523 -0.01376849 0.08929878 -0.02190297 -0.01413083 0.08929878 -0.02204281 -0.01446849 0.08929878 -0.02226531 -0.0147584 0.08929878 -0.02255529 -0.01498091 0.08929878 -0.02289289 -0.01512074 0.08929878 -0.02325528 -0.01516848 0.08929878 -0.02361762 -0.01512074 0.08929878 -0.02395528 -0.01498091 0.08929878 -0.0242452 -0.0147584 0.08929878 -0.0244677 -0.01446849 0.08929878 -0.02575528 0.02645647 0.08929878 0.02624469 0.02645647 0.08929878 -0.02575528 -0.01554346 0.08929878 0.02624469 -0.01554346 0.08929878 0.02074468 0.02095645 0.08929878 -0.02025526 0.02095645 0.08929878 -0.02025526 -0.0100435 0.08929878 0.02074468 -0.0100435 0.08829873 -0.02675527 0.02469092 0.08829873 -0.02675485 0.02645647 0.08829873 -0.02360236 -0.01384997 0.08829873 -0.02361428 -0.01375937 0.08829873 -0.0236023 -0.01366877 0.08829873 -0.02356731 -0.01358437 0.08829873 -0.0235117 -0.01351189 0.08829873 -0.02343922 -0.01345628 0.08829873 -0.02356743 -0.01393437 0.08829873 -0.02351182 -0.01400691 0.08829873 -0.02343934 -0.01406252 0.08829873 -0.02335494 -0.01409751 0.08829873 -0.02326434 -0.01410943 0.08829873 -0.02317374 -0.01409757 0.08829873 -0.02308934 -0.01406258 0.08829873 -0.02301687 -0.01400703 0.08829873 -0.02296119 -0.01393455 0.08829873 -0.02292621 -0.01385015 0.08829873 -0.02291429 -0.01375955 0.08829873 -0.02292615 -0.01366895 0.08829873 -0.02296113 -0.01358455 0.08829873 -0.02301675 -0.01351201 0.08829873 -0.02308923 -0.0134564 0.08829873 -0.02317363 -0.01342141 0.08829873 -0.02326416 -0.01340943 0.08829873 -0.02335476 -0.01342135 0.08829873 0.0233857 -0.0137704 0.08829873 0.02339762 -0.0136798 0.08829873 0.02343261 -0.0135954 0.08829873 0.02348822 -0.01352292 0.08829873 0.02356076 -0.01346731 0.08829873 0.02364516 -0.01343238 0.08829873 0.02373576 -0.01342046 0.08829873 0.02382636 -0.01343244 0.08829873 0.02391076 -0.01346743 0.08829873 0.02398324 -0.01352304 0.08829873 0.02403885 -0.01359552 0.08829873 0.02407377 -0.01367998 0.08829873 0.0240857 -0.01377058 0.08829873 0.02407371 -0.01386111 0.08829873 0.02403873 -0.01394551 0.08829873 0.02398312 -0.01401799 0.08829873 0.02391058 -0.01407361 0.08829873 0.02382618 -0.01410853 0.08829873 0.02373558 -0.01412045 0.08829873 0.02364498 -0.01410853 0.08829873 0.02356058 -0.01407355 0.08829873 0.0234881 -0.01401787 0.08829873 0.02343255 -0.0139454 0.08829873 0.02339756 -0.013861 0.08829873 0.0233947 0.02467954 0.08829873 0.02340662 0.02477014 0.08829873 0.02344161 0.02485454 0.08829873 0.02349728 0.02492702 0.08829873 0.02356976 0.02498263 0.08829873 0.02365416 0.02501755 0.08829873 0.02374476 0.02502948 0.08829873 0.02383536 0.02501755 0.08829873 0.02391976 0.02498257 0.08829873 0.02399224 0.0249269 0.08829873 0.02404785 0.02485442 0.08829873 0.02408277 0.02476996 0.08829873 0.0240947 0.02467942 0.08829873 0.02408272 0.02458882 0.08829873 0.02404773 0.02450442 0.08829873 0.02399212 0.02443194 0.08829873 0.02391964 0.02437633 0.08829873 0.02383518 0.0243414 0.08829873 0.02374458 0.02432948 0.08829873 0.02365404 0.0243414 0.08829873 0.02340656 0.02458894 0.08829873 0.02344155 0.02450454 0.08829873 0.02349716 0.02443206 0.08829873 0.02356964 0.02437639 0.08829873 -0.02676469 -0.01553362 0.08829873 -0.02675485 0.02646631 0.08829873 0.02723526 -0.01554626 0.07859355 -0.01926612 0.001134932 0.0785169 -0.01925516 0.001137852 0.07859355 -0.01912546 6.45483e-5 0.0785169 -0.01911407 6.45457e-5 0.07859355 -0.0192666 -0.001005768 0.0785169 -0.01925563 -0.001008689 0.07859355 -0.01967996 -0.002003073 0.0785169 -0.01967018 -0.002008736 0.07859355 -0.0203374 -0.002859473 0.0785169 -0.02032941 -0.00286746 0.07859355 -0.0211941 -0.003516495 0.0785169 -0.02118837 -0.00352627 0.07859355 -0.02219158 -0.003929376 0.0785169 -0.02218866 -0.003940343 0.07859355 -0.02326202 -0.004070043 0.0785169 -0.02326202 -0.004081368 0.07859355 -0.02433234 -0.003928899 0.0785169 -0.02433526 -0.003939807 0.07859355 -0.02532964 -0.003515481 0.0785169 -0.02533537 -0.003525316 0.07859355 -0.02618604 -0.002858102 0.0785169 -0.02619403 -0.002866089 0.07859355 -0.02684307 -0.002001404 0.0785169 -0.02685284 -0.002007067 0.07859355 -0.02725595 -0.001003861 0.0785169 -0.02726691 -0.001006841 0.07859355 -0.02739661 6.64867e-5 0.0785169 -0.02740794 6.64893e-5 0.07859355 -0.02725547 0.001136779 0.0785169 -0.02726638 0.00113976 0.07859355 -0.02684205 0.002134144 0.0785169 -0.02685189 0.002139806 0.07859355 -0.02618467 0.002990484 0.0785169 -0.02619266 0.00299853 0.07859355 -0.02532798 0.003647506 0.0785169 -0.02533364 0.003657341 0.07859355 -0.02433049 0.004060447 0.0785169 -0.02433341 0.004071354 0.07859355 -0.02326005 0.004201114 0.0785169 -0.02326005 0.004212439 0.07859355 -0.02218973 0.00405991 0.0785169 -0.02218681 0.004070878 0.07859355 -0.02119237 0.003646552 0.0785169 -0.0211867 0.003656327 0.07859355 -0.02033603 0.002989113 0.0785169 -0.02032804 0.0029971 0.07859355 -0.019679 0.002132475 0.0785169 -0.01966917 0.002138137 0.07829874 -0.02754515 0.001214504 0.07830876 -0.027471 0.001194596 0.07829874 -0.0276966 6.6557e-5 0.07830876 -0.02761977 6.6539e-5 0.07829874 -0.02754569 -0.001081466 0.07830876 -0.02747154 -0.001061618 0.07829874 -0.02710282 -0.00215131 0.07830876 -0.0270363 -0.002112925 0.07829874 -0.02639818 -0.003070116 0.07830876 -0.02634388 -0.003015816 0.07829874 -0.02547973 -0.003775238 0.07830876 -0.02544128 -0.00370872 0.07829874 -0.02441006 -0.004218578 0.07830876 -0.02439016 -0.00414443 0.07829874 -0.02326208 -0.004370033 0.07830876 -0.02326208 -0.004293203 0.07829874 -0.02211403 -0.004219114 0.07830876 -0.02213388 -0.004144966 0.07829874 -0.02104413 -0.003776252 0.07830876 -0.02108252 -0.003709733 0.07829874 -0.02012532 -0.003071606 0.07830876 -0.02017962 -0.003017306 0.07829874 -0.01942026 -0.002153158 0.07830876 -0.01948678 -0.002114713 0.07829874 -0.01897686 -0.001083433 0.07830876 -0.01905107 -0.001063585 0.07829874 -0.01882547 6.4478e-5 0.07830876 -0.0189023 6.4496e-5 0.07829874 -0.01897633 0.001212477 0.07830876 -0.01905053 0.001192629 0.07829874 -0.01941919 0.002282381 0.07830876 -0.01948571 0.002243995 0.07829874 -0.02012389 0.003201186 0.07830876 -0.02017819 0.003146886 0.07829874 -0.02104234 0.00390625 0.07830876 -0.02108079 0.00383979 0.07829874 -0.02211201 0.004349648 0.07830876 -0.02213191 0.004275441 0.07829874 -0.02325999 0.004501044 0.07830876 -0.02325999 0.004424214 0.07829874 -0.02440804 0.004350185 0.07830876 -0.02438819 0.004275977 0.07829874 -0.02547788 0.003907322 0.07830876 -0.0254395 0.003840804 0.07829874 -0.02639669 0.003202617 0.07830876 -0.02634239 0.003148317 0.07829874 -0.02710181 0.002284169 0.07830876 -0.02703529 0.002245724 0.07844573 -0.02743852 6.64965e-5 0.07844573 -0.02729594 0.001147627 0.07844573 -0.02687835 0.002155065 0.07844573 -0.0262143 0.003020107 0.07844573 -0.02534896 0.003683805 0.07844573 -0.02434128 0.004100918 0.07844573 -0.02326005 0.004243016 0.07844573 -0.02217888 0.004100382 0.07844573 -0.02117145 0.003682851 0.07844573 -0.0203064 0.003018736 0.07844573 -0.01964271 0.002153396 0.07844573 -0.01922559 0.00114578 0.07844573 -0.01908349 6.45385e-5 0.07844573 -0.01922613 -0.001016616 0.07844573 -0.01964372 -0.002024054 0.07844573 -0.02030777 -0.002889096 0.07844573 -0.02117311 -0.003552794 0.07844573 -0.02218073 -0.003969848 0.07844573 -0.02326202 -0.004111945 0.07844573 -0.02434319 -0.003969371 0.07844573 -0.02535063 -0.003551781 0.07844573 -0.02621567 -0.002887725 0.07844573 -0.02687937 -0.002022385 0.07844573 -0.02729642 -0.001014709 0.07838481 -0.02748632 6.65077e-5 0.07838481 -0.02734208 0.001160025 0.07838481 -0.02691972 0.002178966 0.07838481 -0.02624803 0.003053903 0.07838481 -0.0253728 0.003725171 0.07838481 -0.02435368 0.004147052 0.07838481 -0.02326005 0.004290759 0.07838481 -0.02216649 0.004146516 0.07838481 -0.02114754 0.003724217 0.07838481 -0.02027261 0.003052532 0.07838481 -0.01960134 0.002177298 0.07838481 -0.01917946 0.001158118 0.07838481 -0.01903575 6.45273e-5 0.07838481 -0.01917999 -0.001029014 0.07838481 -0.01960235 -0.002047955 0.07838481 -0.02027398 -0.002922892 0.07838481 -0.02114927 -0.00359416 0.07838481 -0.02216839 -0.004016041 0.07838481 -0.02326202 -0.004159748 0.07838481 -0.02435559 -0.004015505 0.07838481 -0.02537453 -0.003593146 0.07838481 -0.02624946 -0.002921462 0.07838481 -0.02692073 -0.002046227 0.07838481 -0.02734261 -0.001027107 0.07833808 -0.02754807 6.65222e-5 0.07833808 -0.02740174 0.001176059 0.07833808 -0.02697324 0.002209901 0.07833808 -0.02629172 0.003097593 0.07833808 -0.02540367 0.003778696 0.07833808 -0.02436965 0.004206717 0.07833808 -0.02326005 0.004352569 0.07833808 -0.02215051 0.00420624 0.07833808 -0.02111661 0.003777682 0.07833808 -0.02022892 0.003096163 0.07833808 -0.01954782 0.002208173 0.07833808 -0.01911979 0.001174092 0.07833808 -0.01897394 6.45128e-5 0.07833808 -0.01912027 -0.001044988 0.07833808 -0.01954883 -0.002078831 0.07833808 -0.02023035 -0.002966582 0.07833808 -0.02111834 -0.003647685 0.07833808 -0.02215242 -0.004075706 0.07833808 -0.02326202 -0.004221498 0.07833808 -0.02437156 -0.004075169 0.07833808 -0.0254054 -0.003646671 0.07833808 -0.02629315 -0.002965152 0.07833808 -0.02697426 -0.002077102 0.07833808 -0.02740228 -0.001043081 0.07859355 0.02773386 0.001123905 0.0785169 0.02774482 0.001126825 0.07859355 0.02787452 5.35341e-5 0.0785169 0.02788585 5.35314e-5 0.07859355 0.02773332 -0.001016795 0.0785169 0.02774429 -0.001019716 0.07859355 0.02731996 -0.0020141 0.0785169 0.0273298 -0.002019762 0.07859355 0.02666252 -0.00287044 0.0785169 0.02667057 -0.002878487 0.07859355 0.02580589 -0.003527462 0.0785169 0.02581155 -0.003537297 0.07859355 0.02480834 -0.003940403 0.0785169 0.02481126 -0.00395137 0.07859355 0.02373796 -0.00408107 0.0785169 0.02373796 -0.004092395 0.07859355 0.02266758 -0.003939926 0.0785169 0.02266466 -0.003950834 0.07859355 0.02167028 -0.003526508 0.0785169 0.02166461 -0.003536343 0.07859355 0.02081394 -0.002869069 0.0785169 0.02080589 -0.002877116 0.07859355 0.02015691 -0.002012431 0.0785169 0.02014708 -0.002018094 0.07859355 0.01974397 -0.001014888 0.0785169 0.01973301 -0.001017808 0.07859355 0.01960331 5.54724e-5 0.0785169 0.01959198 5.5475e-5 0.07859355 0.01974451 0.001125752 0.0785169 0.01973354 0.001128733 0.07859355 0.02015787 0.002123117 0.0785169 0.02014803 0.002128779 0.07859355 0.02081531 0.002979457 0.0785169 0.02080726 0.002987504 0.07859355 0.02167195 0.003636479 0.0785169 0.02166628 0.003646314 0.07859355 0.02266949 0.00404942 0.0785169 0.02266657 0.004060328 0.07859355 0.02373987 0.004190087 0.0785169 0.02373987 0.004201412 0.07859355 0.02481025 0.004048883 0.0785169 0.02481317 0.004059851 0.07859355 0.02580755 0.003635525 0.0785169 0.02581322 0.00364536 0.07859355 0.02666389 0.002978086 0.0785169 0.02667194 0.002986133 0.07859355 0.02732092 0.002121448 0.0785169 0.02733075 0.00212711 0.07829874 0.01945477 0.001203477 0.07830876 0.01952892 0.001183569 0.07829874 0.01930338 5.55427e-5 0.07830876 0.01938015 5.55247e-5 0.07829874 0.01945424 -0.001092493 0.07830876 0.01952844 -0.001072585 0.07829874 0.0198971 -0.002162337 0.07830876 0.01996362 -0.002123951 0.07829874 0.02060174 -0.003081142 0.07830876 0.0206561 -0.003026843 0.07829874 0.02152025 -0.003786265 0.07830876 0.02155864 -0.003719747 0.07829874 0.02258992 -0.004229605 0.07830876 0.02260982 -0.004155457 0.07829874 0.0237379 -0.004381 0.07830876 0.0237379 -0.00430423 0.07829874 0.02488589 -0.004230141 0.07830876 0.02486604 -0.004155933 0.07829874 0.02595579 -0.003787279 0.07830876 0.02591741 -0.00372076 0.07829874 0.0268746 -0.003082633 0.07830876 0.0268203 -0.003028273 0.07829874 0.02757972 -0.002164125 0.07830876 0.0275132 -0.00212574 0.07829874 0.02802306 -0.00109446 0.07830876 0.02794885 -0.001074552 0.07829874 0.02817445 5.34638e-5 0.07830876 0.02809768 5.34818e-5 0.07829874 0.0280236 0.00120145 0.07830876 0.02794939 0.001181602 0.07829874 0.02758073 0.002271354 0.07830876 0.02751421 0.002232968 0.07829874 0.02687609 0.003190159 0.07830876 0.02682173 0.003135859 0.07829874 0.02595758 0.003895282 0.07830876 0.02591919 0.003828763 0.07829874 0.02488791 0.004338622 0.07830876 0.02486801 0.004264414 0.07829874 0.02373993 0.004490017 0.07830876 0.02373993 0.004413247 0.07829874 0.02259188 0.004339158 0.07830876 0.02261179 0.00426495 0.07829874 0.02152204 0.003896296 0.07830876 0.02156043 0.003829777 0.07829874 0.02060323 0.00319159 0.07830876 0.02065753 0.00313729 0.07829874 0.01989811 0.002273142 0.07830876 0.01996463 0.002234756 0.07844573 0.0195614 5.54822e-5 0.07844573 0.01970398 0.00113666 0.07844573 0.02012157 0.002144098 0.07844573 0.02078568 0.00300908 0.07844573 0.02165102 0.003672778 0.07844573 0.02265864 0.004089891 0.07844573 0.02373987 0.004231989 0.07844573 0.0248211 0.004089355 0.07844573 0.02582854 0.003671824 0.07844573 0.02669358 0.003007709 0.07844573 0.02735722 0.002142369 0.07844573 0.02777433 0.001134753 0.07844573 0.02791643 5.35242e-5 0.07844573 0.02777385 -0.001027643 0.07844573 0.02735626 -0.002035081 0.07844573 0.02669215 -0.002900123 0.07844573 0.02582681 -0.003563761 0.07844573 0.02481919 -0.003980875 0.07844573 0.02373796 -0.004122972 0.07844573 0.02265673 -0.003980398 0.07844573 0.0216493 -0.003562808 0.07844573 0.02078425 -0.002898693 0.07844573 0.02012062 -0.002033352 0.07844573 0.0197035 -0.001025736 0.07838481 0.01951366 5.54934e-5 0.07838481 0.01965785 0.001148998 0.07838481 0.0200802 0.002167999 0.07838481 0.02075189 0.003042876 0.07838481 0.02162712 0.003714144 0.07838481 0.0226463 0.004136025 0.07838481 0.02373993 0.004279732 0.07838481 0.02483344 0.004135549 0.07838481 0.02585244 0.00371319 0.07838481 0.02672731 0.003041505 0.07838481 0.02739858 0.002166271 0.07838481 0.02782046 0.001147091 0.07838481 0.02796417 5.3513e-5 0.07838481 0.02781999 -0.001039981 0.07838481 0.02739763 -0.002058982 0.07838481 0.02672594 -0.002933919 0.07838481 0.02585071 -0.003605186 0.07838481 0.02483153 -0.004027009 0.07838481 0.0237379 -0.004170775 0.07838481 0.0226444 -0.004026532 0.07838481 0.02162539 -0.003604173 0.07838481 0.02075052 -0.002932488 0.07838481 0.02007919 -0.002057254 0.07838481 0.01965737 -0.001038074 0.07833808 0.01945185 5.55079e-5 0.07833808 0.01959818 0.001165032 0.07833808 0.02002668 0.002198874 0.07833808 0.0207082 0.003086626 0.07833808 0.02159625 0.003767669 0.07833808 0.02263033 0.004195749 0.07833808 0.02373993 0.004341542 0.07833808 0.02484947 0.004195213 0.07833808 0.02588331 0.003766655 0.07833808 0.02677106 0.003085196 0.07833808 0.02745211 0.002197146 0.07833808 0.02788019 0.001163065 0.07833808 0.02802598 5.34986e-5 0.07833808 0.02787965 -0.001056015 0.07833808 0.02745109 -0.002089858 0.07833808 0.02676963 -0.002977609 0.07833808 0.02588158 -0.003658652 0.07833808 0.0248475 -0.004086732 0.07833808 0.0237379 -0.004232525 0.07833808 0.02262836 -0.004086196 0.07833808 0.02159452 -0.003657698 0.07833808 0.02070677 -0.002976179 0.07833808 0.02002573 -0.002088129 0.07833808 0.01959764 -0.001054048 0.08140295 0.02663654 -7.22633e-4 0.08140295 0.02673894 5.38002e-5 0.08140295 0.02663689 8.30281e-4 0.08140295 0.02633732 0.001553893 0.08140295 0.02586072 0.002175271 0.08140295 0.02523952 0.002652227 0.08140295 0.02451604 0.002952098 0.08140295 0.02373963 0.003054499 0.08589875 0.0235396 0.003047823 0.08140295 0.02633666 -0.001446068 0.08140295 0.02585971 -0.002067267 0.08140295 0.02523833 -0.002543866 0.08140295 0.02451467 -0.002843439 0.08140295 0.0237382 -0.002945482 0.08589875 0.02353823 -0.002938747 0.08140295 0.02296179 -0.002843081 0.08589875 0.02280199 -0.002795398 0.08140295 0.02223831 -0.00254321 0.08589875 0.02212429 -0.00247389 0.08140295 0.02161711 -0.002066314 0.08589875 0.02154755 -0.001994371 0.08140295 0.02114051 -0.001444876 0.08589875 0.02110779 -0.001386702 0.08140295 0.02084094 -7.21275e-4 0.08589875 0.02083253 -6.89004e-4 0.08140295 0.02073889 5.52063e-5 0.08589875 0.02073889 5.52063e-5 0.08589875 0.02083283 7.99373e-4 0.08140295 0.0208413 8.31639e-4 0.08589875 0.02110844 0.00149697 0.08140295 0.02114117 0.001555085 0.08589875 0.0215485 0.002104401 0.08140295 0.02161806 0.002176284 0.08589875 0.02212548 0.002583682 0.08140295 0.0222395 0.002652883 0.08589875 0.0228033 0.002904832 0.08140295 0.02296316 0.002952456 0.08140295 -0.02036345 -7.11619e-4 0.08589875 -0.02028489 -3.12182e-4 0.08140295 -0.02026104 6.48145e-5 0.08589875 -0.02028471 4.41822e-4 0.08140295 -0.02036309 8.41296e-4 0.08589875 -0.02047258 0.001172006 0.08140295 -0.0206626 0.00156486 0.08589875 -0.02083653 0.001832365 0.08140295 -0.0211392 0.002186298 0.08589875 -0.02135366 0.002381086 0.08140295 -0.0217604 0.002663195 0.08589875 -0.02199131 0.002783536 0.08140295 -0.02248388 0.002963066 0.08589875 -0.02270913 0.003014266 0.08140295 -0.02326035 0.003065466 0.08589875 -0.02346181 0.003058791 0.08140295 -0.02403682 0.002963423 0.08589875 -0.02420181 0.00291413 0.08140295 -0.02476042 0.00266391 0.08589875 -0.02488237 0.002589583 0.08140295 -0.02538186 0.002187311 0.08589875 -0.02546054 0.002105593 0.08140295 -0.02585875 0.001566112 0.08589875 -0.02047306 -0.001042306 0.08140295 -0.02066332 -0.001435041 0.08589875 -0.02083736 -0.001702487 0.08140295 -0.02114021 -0.002056241 0.08589875 -0.02135473 -0.002250969 0.08140295 -0.02176165 -0.002532899 0.08589875 -0.02199256 -0.002653062 0.08140295 -0.02248525 -0.002832412 0.08589875 -0.0227105 -0.002883493 0.08140295 -0.02326172 -0.002934455 0.08589875 -0.02346318 -0.00292766 0.08140295 -0.02403819 -0.002832055 0.08589875 -0.02420312 -0.002782702 0.08140295 -0.02476161 -0.002532184 0.08589875 -0.02488356 -0.002457797 0.08140295 -0.02538287 -0.002055287 0.08589875 -0.02546149 -0.001973569 0.08140295 -0.02585947 -0.001433849 0.08140295 -0.02615898 -7.10261e-4 0.08140295 -0.02626103 6.62205e-5 0.08140295 -0.02615863 8.42654e-4 0.08398914 -0.02371764 -0.01553434 0.08398914 -0.02371752 -0.01503437 0.08404874 -0.0232647 -0.01553446 0.08404874 -0.02326458 -0.01503443 0.08398914 -0.02281177 -0.01553457 0.08398914 -0.02281165 -0.01503455 0.08381432 -0.0223897 -0.01553463 0.08381432 -0.02238959 -0.01503467 0.0835362 -0.02202725 -0.01553475 0.0835362 -0.02202713 -0.01503473 0.08317375 -0.02174913 -0.01553481 0.08317375 -0.02174901 -0.01503479 0.08275169 -0.02157431 -0.01553487 0.08275169 -0.02157419 -0.01503485 0.08229875 -0.02151471 -0.01553487 0.08229875 -0.02151459 -0.01503485 0.08184581 -0.02157431 -0.01553487 0.08184581 -0.02157419 -0.01503485 0.08142375 -0.02174913 -0.01553481 0.08142375 -0.02174901 -0.01503479 0.0810613 -0.02202725 -0.01553475 0.0810613 -0.02202713 -0.01503473 0.08078324 -0.0223897 -0.01553463 0.08078324 -0.02238959 -0.01503467 0.08060836 -0.02281177 -0.01553457 0.08060836 -0.02281165 -0.01503455 0.08054876 -0.0232647 -0.01553446 0.08054876 -0.02326458 -0.01503443 0.08060836 -0.02371764 -0.01553434 0.08060836 -0.02371752 -0.01503437 0.08078324 -0.0241397 -0.01553428 0.08078324 -0.02413958 -0.01503425 0.0810613 -0.02450209 -0.01553416 0.0810613 -0.02450197 -0.01503413 0.08142375 -0.02478021 -0.0155341 0.08142375 -0.02478009 -0.01503407 0.08184581 -0.02495503 -0.01553404 0.08184581 -0.02495491 -0.01503407 0.08229875 -0.02501469 -0.01553404 0.08229875 -0.02501457 -0.01503401 0.08275169 -0.02495503 -0.01553404 0.08275169 -0.02495491 -0.01503407 0.08317375 -0.02478021 -0.0155341 0.08317375 -0.02478009 -0.01503407 0.0835362 -0.02450209 -0.01553416 0.0835362 -0.02450197 -0.01503413 0.08381432 -0.0241397 -0.01553428 0.08381432 -0.02413958 -0.01503425 0.08398914 0.02328234 -0.01554536 0.08398914 0.02328246 -0.01504534 0.08404874 0.02373528 -0.01554548 0.08404874 0.0237354 -0.01504546 0.08398914 0.02418822 -0.0155456 0.08398914 0.02418833 -0.01504558 0.08381432 0.02461028 -0.01554566 0.08381432 0.0246104 -0.0150457 0.0835362 0.02497267 -0.01554578 0.0835362 0.02497279 -0.01504576 0.08317375 0.02525079 -0.01554584 0.08317375 0.02525091 -0.01504582 0.08275169 0.02542561 -0.01554584 0.08275169 0.02542573 -0.01504588 0.08229875 0.02548527 -0.0155459 0.08229875 0.02548539 -0.01504588 0.08184581 0.02542561 -0.01554584 0.08184581 0.02542573 -0.01504588 0.08142375 0.02525079 -0.01554584 0.08142375 0.02525091 -0.01504582 0.0810613 0.02497267 -0.01554578 0.0810613 0.02497279 -0.01504576 0.08078324 0.02461028 -0.01554566 0.08078324 0.0246104 -0.0150457 0.08060836 0.02418822 -0.0155456 0.08060836 0.02418833 -0.01504558 0.08054876 0.02373528 -0.01554548 0.08054876 0.0237354 -0.01504546 0.08060836 0.02328234 -0.01554536 0.08060836 0.02328246 -0.01504534 0.08078324 0.02286028 -0.01554524 0.08078324 0.0228604 -0.01504528 0.0810613 0.02249783 -0.01554518 0.0810613 0.02249795 -0.01504516 0.08142375 0.02221971 -0.01554512 0.08142375 0.02221983 -0.0150451 0.08184581 0.02204489 -0.01554507 0.08184581 0.02204501 -0.01504504 0.08229875 0.02198529 -0.01554507 0.08229875 0.02198535 -0.01504504 0.08275169 0.02204489 -0.01554507 0.08275169 0.02204501 -0.01504504 0.08317375 0.02221971 -0.01554512 0.08317375 0.02221983 -0.0150451 0.0835362 0.02249783 -0.01554518 0.0835362 0.02249795 -0.01504516 0.08381432 0.02286028 -0.01554524 0.08381432 0.0228604 -0.01504528 0.08619874 0.0235362 -0.01159542 0.08619874 0.02363973 -0.01160907 0.08619874 0.02373617 -0.01164907 0.08619874 0.02381902 -0.01171267 0.08619874 0.02388256 -0.01179552 0.08619874 0.0239225 -0.01189196 0.08619874 0.02393609 -0.01199549 0.08619874 0.02392244 -0.01209902 0.08619874 0.02388244 -0.01219552 0.08619874 0.02381885 -0.01227831 0.08619874 0.023736 -0.01234185 0.08619874 0.02363955 -0.01238179 0.08619874 0.02353602 -0.01239544 0.08619874 0.02343249 -0.01238179 0.08619874 0.02333599 -0.01234179 0.08619874 0.0232532 -0.01227819 0.08619874 0.02318966 -0.01219534 0.08619874 0.02314972 -0.01209884 0.08619874 0.02313607 -0.01199531 0.08619874 0.02314424 0.02290463 0.08619874 0.02315795 0.02300816 0.08619874 0.02319788 0.0231046 0.08619874 0.02326148 0.02318745 0.08619874 0.02334433 0.02325099 0.08619874 0.02344083 0.02329093 0.08619874 0.02354437 0.02330452 0.08619874 0.0236479 0.02329087 0.08619874 0.02374434 0.02325087 0.08619874 0.02382719 0.02318727 0.08619874 0.02389073 0.02310442 0.08619874 0.02393066 0.02300798 0.08619874 0.02394425 0.02290445 0.08619874 0.0239306 0.02280092 0.08619874 0.02389061 0.02270442 0.08619874 0.02382707 0.02262163 0.08619874 0.02374416 0.02255809 0.08619874 0.02364772 0.02251815 0.08619874 0.02354419 0.0225045 0.08519876 -0.02291721 0.02459985 0.08674877 -0.02291721 0.02459985 0.08519876 -0.02290529 0.02469038 0.08674877 -0.02290529 0.02469038 0.08519876 -0.02291715 0.02478098 0.08674877 -0.02291715 0.02478098 0.08519876 -0.02295213 0.02486544 0.08674877 -0.02295213 0.02486544 0.08519876 -0.02300769 0.02493792 0.08674877 -0.02300769 0.02493792 0.08519876 -0.02308017 0.02499353 0.08674877 -0.02308017 0.02499353 0.08519876 -0.02316457 0.02502852 0.08674877 -0.02316457 0.02502852 0.08519876 -0.02325516 0.0250405 0.08674877 -0.02325516 0.0250405 0.08519876 -0.02334576 0.02502858 0.08674877 -0.02334576 0.02502858 0.08519876 -0.02343016 0.02499365 0.08674877 -0.02343016 0.02499365 0.08519876 -0.0235027 0.02493804 0.08674877 -0.0235027 0.02493804 0.08519876 -0.02355831 0.02486556 0.08674877 -0.02355831 0.02486556 0.08519876 -0.0235933 0.02478116 0.08674877 -0.0235933 0.02478116 0.08519876 -0.02360528 0.02469056 0.08674877 -0.02360528 0.02469056 0.08519876 -0.02359336 0.02459996 0.08674877 -0.02359336 0.02459996 0.08519876 -0.02355843 0.02451556 0.08674877 -0.02355843 0.02451556 0.08519876 -0.02350282 0.02444308 0.08674877 -0.02350282 0.02444308 0.08519876 -0.02343034 0.02438741 0.08674877 -0.02343034 0.02438741 0.08519876 -0.02334594 0.02435243 0.08674877 -0.02334594 0.02435243 0.08519876 -0.02325534 0.02434051 0.08674877 -0.02325534 0.02434051 0.08519876 -0.02316474 0.02435237 0.08674877 -0.02316474 0.02435237 0.08519876 -0.02308034 0.02438735 0.08674877 -0.02308034 0.02438735 0.08519876 -0.02300781 0.02444297 0.08674877 -0.02300781 0.02444297 0.08519876 -0.02295219 0.02451545 0.08674877 -0.02295219 0.02451545 0.08829873 -0.02291715 0.02478098 0.08829873 -0.02290529 0.02469038 0.08829873 -0.02291721 0.02459985 0.08829873 -0.02295219 0.02451545 0.08829873 -0.02300781 0.02444297 0.08829873 -0.02308034 0.02438735 0.08829873 -0.02316474 0.02435237 0.08829873 -0.02325534 0.02434051 0.08829873 -0.02334594 0.02435243 0.08829873 -0.02343034 0.02438741 0.08829873 -0.02350282 0.02444308 0.08829873 -0.02355843 0.02451556 0.08829873 -0.02359336 0.02459996 0.08829873 -0.02360528 0.02469056 0.08829873 -0.0235933 0.02478116 0.08829873 -0.02355831 0.02486556 0.08829873 -0.0235027 0.02493804 0.08829873 -0.02343016 0.02499365 0.08829873 -0.02334576 0.02502858 0.08829873 -0.02325516 0.0250405 0.08829873 -0.02316457 0.02502852 0.08829873 -0.02308017 0.02499353 0.08829873 -0.02300769 0.02493792 0.08829873 -0.02295213 0.02486544 0.08519876 0.02408272 0.02458882 0.08674877 0.02408272 0.02458882 0.08519876 0.0240947 0.02467942 0.08674877 0.0240947 0.02467942 0.08519876 0.02408277 0.02476996 0.08674877 0.02408277 0.02476996 0.08519876 0.02404785 0.02485442 0.08674877 0.02404785 0.02485442 0.08519876 0.02399224 0.0249269 0.08674877 0.02399224 0.0249269 0.08519876 0.02391976 0.02498257 0.08674877 0.02391976 0.02498257 0.08519876 0.02383536 0.02501755 0.08674877 0.02383536 0.02501755 0.08519876 0.02374476 0.02502948 0.08674877 0.02374476 0.02502948 0.08519876 0.02365416 0.02501755 0.08674877 0.02365416 0.02501755 0.08519876 0.02356976 0.02498263 0.08674877 0.02356976 0.02498263 0.08519876 0.02349728 0.02492702 0.08674877 0.02349728 0.02492702 0.08519876 0.02344161 0.02485454 0.08674877 0.02344161 0.02485454 0.08519876 0.02340662 0.02477014 0.08674877 0.02340662 0.02477014 0.08519876 0.0233947 0.02467954 0.08674877 0.0233947 0.02467954 0.08519876 0.02340656 0.02458894 0.08674877 0.02340656 0.02458894 0.08519876 0.02344155 0.02450454 0.08674877 0.02344155 0.02450454 0.08519876 0.02349716 0.02443206 0.08674877 0.02349716 0.02443206 0.08519876 0.02356964 0.02437639 0.08674877 0.02356964 0.02437639 0.08519876 0.02365404 0.0243414 0.08674877 0.02365404 0.0243414 0.08519876 0.02374458 0.02432948 0.08674877 0.02374458 0.02432948 0.08519876 0.02383518 0.0243414 0.08674877 0.02383518 0.0243414 0.08519876 0.02391964 0.02437633 0.08674877 0.02391964 0.02437633 0.08519876 0.02399212 0.02443194 0.08674877 0.02399212 0.02443194 0.08519876 0.02404773 0.02450442 0.08674877 0.02404773 0.02450442 0.08519876 0.02407371 -0.01386111 0.08674877 0.02407371 -0.01386111 0.08519876 0.0240857 -0.01377058 0.08674877 0.0240857 -0.01377058 0.08519876 0.02407377 -0.01367998 0.08674877 0.02407377 -0.01367998 0.08519876 0.02403885 -0.01359552 0.08674877 0.02403885 -0.01359552 0.08519876 0.02398324 -0.01352304 0.08674877 0.02398324 -0.01352304 0.08519876 0.02391076 -0.01346743 0.08674877 0.02391076 -0.01346743 0.08519876 0.02382636 -0.01343244 0.08674877 0.02382636 -0.01343244 0.08519876 0.02373576 -0.01342046 0.08674877 0.02373576 -0.01342046 0.08519876 0.02364516 -0.01343238 0.08674877 0.02364516 -0.01343238 0.08519876 0.02356076 -0.01346731 0.08674877 0.02356076 -0.01346731 0.08519876 0.02348822 -0.01352292 0.08674877 0.02348822 -0.01352292 0.08519876 0.02343261 -0.0135954 0.08674877 0.02343261 -0.0135954 0.08519876 0.02339762 -0.0136798 0.08674877 0.02339762 -0.0136798 0.08519876 0.0233857 -0.0137704 0.08674877 0.0233857 -0.0137704 0.08519876 0.02339756 -0.013861 0.08674877 0.02339756 -0.013861 0.08519876 0.02343255 -0.0139454 0.08674877 0.02343255 -0.0139454 0.08519876 0.0234881 -0.01401787 0.08674877 0.0234881 -0.01401787 0.08519876 0.02356058 -0.01407355 0.08674877 0.02356058 -0.01407355 0.08519876 0.02364498 -0.01410853 0.08674877 0.02364498 -0.01410853 0.08519876 0.02373558 -0.01412045 0.08674877 0.02373558 -0.01412045 0.08519876 0.02382618 -0.01410853 0.08674877 0.02382618 -0.01410853 0.08519876 0.02391058 -0.01407361 0.08674877 0.02391058 -0.01407361 0.08519876 0.02398312 -0.01401799 0.08674877 0.02398312 -0.01401799 0.08519876 0.02403873 -0.01394551 0.08674877 0.02403873 -0.01394551 0.08519876 -0.02292621 -0.01385015 0.08674877 -0.02292621 -0.01385015 0.08519876 -0.02291429 -0.01375955 0.08674877 -0.02291429 -0.01375955 0.08519876 -0.02292615 -0.01366895 0.08674877 -0.02292615 -0.01366895 0.08519876 -0.02296113 -0.01358455 0.08674877 -0.02296113 -0.01358455 0.08519876 -0.02301675 -0.01351201 0.08674877 -0.02301675 -0.01351201 0.08519876 -0.02308923 -0.0134564 0.08674877 -0.02308923 -0.0134564 0.08519876 -0.02317363 -0.01342141 0.08674877 -0.02317363 -0.01342141 0.08519876 -0.02326416 -0.01340943 0.08674877 -0.02326416 -0.01340943 0.08519876 -0.02335476 -0.01342135 0.08674877 -0.02335476 -0.01342135 0.08519876 -0.02343922 -0.01345628 0.08674877 -0.02343922 -0.01345628 0.08519876 -0.0235117 -0.01351189 0.08674877 -0.0235117 -0.01351189 0.08519876 -0.02356731 -0.01358437 0.08674877 -0.02356731 -0.01358437 0.08519876 -0.0236023 -0.01366877 0.08674877 -0.0236023 -0.01366877 0.08519876 -0.02361428 -0.01375937 0.08674877 -0.02361428 -0.01375937 0.08519876 -0.02360236 -0.01384997 0.08674877 -0.02360236 -0.01384997 0.08519876 -0.02356743 -0.01393437 0.08674877 -0.02356743 -0.01393437 0.08519876 -0.02351182 -0.01400691 0.08674877 -0.02351182 -0.01400691 0.08519876 -0.02343934 -0.01406252 0.08674877 -0.02343934 -0.01406252 0.08519876 -0.02335494 -0.01409751 0.08674877 -0.02335494 -0.01409751 0.08519876 -0.02326434 -0.01410943 0.08674877 -0.02326434 -0.01410943 0.08519876 -0.02317374 -0.01409757 0.08674877 -0.02317374 -0.01409757 0.08519876 -0.02308934 -0.01406258 0.08674877 -0.02308934 -0.01406258 0.08519876 -0.02301687 -0.01400703 0.08674877 -0.02301687 -0.01400703 0.08519876 -0.02296119 -0.01393455 0.08674877 -0.02296119 -0.01393455 0.08319878 -0.005342841 -0.009643971 0.08074873 -0.005342841 -0.009643971 0.08319878 -0.005363285 -0.009488642 0.08074873 -0.005363285 -0.009488642 0.08319878 -0.005342781 -0.009333372 0.08074873 -0.005342781 -0.009333372 0.08319878 -0.005282819 -0.009188652 0.08074873 -0.005282819 -0.009188652 0.08319878 -0.005187451 -0.009064435 0.08074873 -0.005187451 -0.009064435 0.08319878 -0.005063116 -0.008969128 0.08074873 -0.005063116 -0.008969128 0.08319878 -0.004918396 -0.008909225 0.08074873 -0.004918396 -0.008909225 0.08319878 -0.004763126 -0.008888781 0.08074873 -0.004763126 -0.008888781 0.08319878 -0.004607856 -0.008909285 0.08074873 -0.004607856 -0.008909285 0.08319878 -0.004463136 -0.008969247 0.08074873 -0.004463136 -0.008969247 0.08319878 -0.00433892 -0.009064614 0.08074873 -0.00433892 -0.009064614 0.08319878 -0.004243552 -0.00918889 0.08074873 -0.004243552 -0.00918889 0.08319878 -0.00418365 -0.00933361 0.08074873 -0.00418365 -0.00933361 0.08319878 -0.004163265 -0.00948894 0.08074873 -0.004163265 -0.00948894 0.08319878 -0.004183769 -0.00964421 0.08074873 -0.004183769 -0.00964421 0.08319878 -0.004243731 -0.00978893 0.08074873 -0.004243731 -0.00978893 0.08319878 -0.004339098 -0.009913146 0.08074873 -0.004339098 -0.009913146 0.08319878 -0.004463374 -0.01000845 0.08074873 -0.004463374 -0.01000845 0.08319878 -0.004608094 -0.01006835 0.08074873 -0.004608094 -0.01006835 0.08319878 -0.004763424 -0.0100888 0.08074873 -0.004763424 -0.0100888 0.08319878 -0.004918694 -0.01006829 0.08074873 -0.004918694 -0.01006829 0.08319878 -0.005063414 -0.01000833 0.08074873 -0.005063414 -0.01000833 0.08319878 -0.00518763 -0.009912967 0.08074873 -0.00518763 -0.009912967 0.08319878 -0.005282938 -0.009788691 0.08074873 -0.005282938 -0.009788691 0.07829874 -0.005342781 -0.009333372 0.07829874 -0.005363285 -0.009488642 0.07829874 -0.005342841 -0.009643971 0.07829874 -0.005282938 -0.009788691 0.07829874 -0.00518763 -0.009912967 0.07829874 -0.005063414 -0.01000833 0.07829874 -0.004918694 -0.01006829 0.07829874 -0.004763424 -0.0100888 0.07829874 -0.004608094 -0.01006835 0.07829874 -0.004463374 -0.01000845 0.07829874 -0.004339098 -0.009913146 0.07829874 -0.004243731 -0.00978893 0.07829874 -0.004183769 -0.00964421 0.07829874 -0.004163265 -0.00948894 0.07829874 -0.00418365 -0.00933361 0.07829874 -0.004243552 -0.00918889 0.07829874 -0.00433892 -0.009064614 0.07829874 -0.004463136 -0.008969247 0.07829874 -0.004607856 -0.008909285 0.07829874 -0.004763126 -0.008888781 0.07829874 -0.004918396 -0.008909225 0.07829874 -0.005063116 -0.008969128 0.07829874 -0.005187451 -0.009064435 0.07829874 -0.005282819 -0.009188652 0.07829874 0.02335506 -0.006434142 0.08589875 0.02335506 -0.006434142 0.07829874 0.02174931 -0.006133496 0.08589875 0.02174931 -0.006133496 0.07829874 0.02026933 -0.005442023 0.08589875 0.02026933 -0.005442023 0.07829874 0.01900845 -0.004403293 0.08589875 0.01900845 -0.004403293 0.07829874 0.01804631 -0.00308305 0.08589875 0.01804631 -0.00308305 0.07829874 0.01744383 -0.001564621 0.08589875 0.01744383 -0.001564621 0.07829874 0.01723891 5.60265e-5 0.08589875 0.01723891 5.60265e-5 0.07829874 0.01744455 0.001676619 0.08589875 0.01744455 0.001676619 0.07829874 0.0180478 0.003194749 0.08589875 0.0180478 0.003194749 0.07829874 0.01901054 0.004514575 0.08589875 0.01901054 0.004514575 0.07829874 0.02027189 0.005552649 0.08589875 0.02027189 0.005552649 0.07829874 0.02175223 0.006243407 0.08589875 0.02175223 0.006243407 0.07829874 0.0233581 0.006543278 0.08589875 0.0233581 0.006543278 0.08060836 0.02329218 0.02645456 0.08060836 0.02329206 0.0259546 0.08054876 0.02374511 0.0264545 0.08054876 0.023745 0.02595448 0.08060836 0.02419805 0.02645438 0.08060836 0.02419793 0.02595436 0.08078324 0.02462011 0.02645426 0.08078324 0.02461999 0.02595424 0.0810613 0.02498257 0.02645421 0.0810613 0.02498245 0.02595418 0.08142375 0.02526062 0.02645415 0.08142375 0.0252605 0.02595412 0.08184581 0.02543544 0.02645409 0.08184581 0.02543538 0.02595406 0.08229875 0.02549511 0.02645409 0.08229875 0.02549499 0.02595406 0.08275169 0.02543544 0.02645409 0.08275169 0.02543538 0.02595406 0.08317375 0.02526062 0.02645415 0.08317375 0.0252605 0.02595412 0.0835362 0.02498257 0.02645421 0.0835362 0.02498245 0.02595418 0.08381432 0.02462011 0.02645426 0.08381432 0.02461999 0.02595424 0.08398914 0.02419805 0.02645438 0.08398914 0.02419793 0.02595436 0.08404874 0.02374511 0.0264545 0.08404874 0.023745 0.02595448 0.08398914 0.02329218 0.02645456 0.08398914 0.02329206 0.0259546 0.08381432 0.02287012 0.02645468 0.08381432 0.02287 0.02595466 0.0835362 0.02250766 0.02645474 0.0835362 0.02250754 0.02595478 0.08317375 0.02222955 0.0264548 0.08317375 0.02222943 0.02595484 0.08275169 0.02205473 0.02645486 0.08275169 0.02205461 0.0259549 0.08229875 0.02199512 0.02645486 0.08229875 0.021995 0.0259549 0.08184581 0.02205473 0.02645486 0.08184581 0.02205461 0.0259549 0.08142375 0.02222955 0.0264548 0.08142375 0.02222943 0.02595484 0.0810613 0.02250766 0.02645474 0.0810613 0.02250754 0.02595478 0.08078324 0.02287012 0.02645468 0.08078324 0.02287 0.02595466 0.08060836 -0.0237078 0.02646559 0.08060836 -0.02370792 0.02596557 0.08054876 -0.02325487 0.02646547 0.08054876 -0.02325499 0.02596551 0.08060836 -0.02280193 0.02646541 0.08060836 -0.02280205 0.02596539 0.08078324 -0.02237987 0.02646529 0.08078324 -0.02237993 0.02596527 0.0810613 -0.02201741 0.02646517 0.0810613 -0.02201753 0.02596521 0.08142375 -0.0217393 0.02646511 0.08142375 -0.02173942 0.02596515 0.08184581 -0.02156448 0.02646511 0.08184581 -0.0215646 0.02596509 0.08229875 -0.02150481 0.02646505 0.08229875 -0.02150493 0.02596509 0.08275169 -0.02156448 0.02646511 0.08275169 -0.0215646 0.02596509 0.08317375 -0.0217393 0.02646511 0.08317375 -0.02173942 0.02596515 0.0835362 -0.02201741 0.02646517 0.0835362 -0.02201753 0.02596521 0.08381432 -0.02237987 0.02646529 0.08381432 -0.02237993 0.02596527 0.08398914 -0.02280193 0.02646541 0.08398914 -0.02280205 0.02596539 0.08404874 -0.02325487 0.02646547 0.08404874 -0.02325499 0.02596551 0.08398914 -0.0237078 0.02646559 0.08398914 -0.02370792 0.02596557 0.08381432 -0.02412986 0.02646571 0.08381432 -0.02412998 0.02596569 0.0835362 -0.02449226 0.02646577 0.0835362 -0.02449238 0.0259658 0.08317375 -0.02477037 0.02646583 0.08317375 -0.02477049 0.02596586 0.08275169 -0.02494519 0.02646589 0.08275169 -0.02494531 0.02596586 0.08229875 -0.02500486 0.02646589 0.08229875 -0.02500498 0.02596592 0.08184581 -0.02494519 0.02646589 0.08184581 -0.02494531 0.02596586 0.08142375 -0.02477037 0.02646583 0.08142375 -0.02477049 0.02596586 0.0810613 -0.02449226 0.02646577 0.0810613 -0.02449238 0.0259658 0.08078324 -0.02412986 0.02646571 0.08078324 -0.02412998 0.02596569 0.08063298 -0.01930099 -9.96569e-4 0.08063298 -0.01916104 6.45567e-5 0.08063298 -0.01930046 0.001125693 0.08063298 -0.01970982 0.002114653 0.08063298 -0.02036124 0.00296396 0.08063298 -0.02121019 0.003615736 0.08063298 -0.02219897 0.004025518 0.08063298 -0.02326005 0.00416547 0.08063298 -0.02432125 0.004026055 0.08063298 -0.02531021 0.00361669 0.08063298 -0.02615946 0.002965331 0.08063298 -0.02681124 0.002116322 0.08063298 -0.02722108 0.0011276 0.08063298 -0.02736103 6.64783e-5 0.08063298 -0.02722156 -9.94712e-4 0.08063298 -0.02681219 -0.001983642 0.08063298 -0.02616083 -0.002832889 0.08063298 -0.02531188 -0.003484666 0.08063298 -0.0243231 -0.003894507 0.08063298 -0.02326196 -0.004034459 0.08063298 -0.02220082 -0.003894984 0.08063298 -0.02121186 -0.00348562 0.08063298 -0.02036255 -0.00283426 0.08063298 -0.01971083 -0.001985311 0.08063298 0.02769899 -0.001007556 0.08063298 0.02783894 5.35424e-5 0.08063298 0.02769947 0.001114726 0.08063298 0.0272901 0.002103626 0.08063298 0.02663874 0.002952933 0.08063298 0.02578973 0.00360471 0.08063298 0.02480101 0.004014492 0.08063298 0.02373987 0.004154503 0.08063298 0.02267867 0.004015028 0.08063298 0.02168977 0.003605663 0.08063298 0.02084046 0.002954304 0.08063298 0.02018868 0.002105295 0.08063298 0.01977884 0.001116573 0.08063298 0.01963889 5.5464e-5 0.08063298 0.01977837 -0.001005709 0.08063298 0.02018773 -0.001994609 0.08063298 0.02083909 -0.002843916 0.08063298 0.0216881 -0.003495693 0.08063298 0.02267682 -0.003905534 0.08063298 0.02373796 -0.004045486 0.08063298 0.02479916 -0.003906011 0.08063298 0.02578806 -0.003496646 0.08063298 0.02663737 -0.002845287 0.08063298 0.02728915 -0.001996278 0.08384424 -0.02367866 -0.01503437 0.08384424 -0.02367788 -0.01153433 0.08389878 -0.02326458 -0.01503443 0.08389878 -0.02326375 -0.01153445 0.08384424 -0.02285045 -0.01503455 0.08384424 -0.02284961 -0.01153457 0.08368438 -0.02246457 -0.01503461 0.08368438 -0.02246373 -0.01153463 0.08343011 -0.02213317 -0.01503473 0.08343011 -0.02213239 -0.01153475 0.08309876 -0.02187895 -0.01503479 0.08309876 -0.02187812 -0.01153481 0.08271288 -0.02171909 -0.01503479 0.08271288 -0.02171826 -0.01153481 0.08229875 -0.02166455 -0.01503485 0.08229875 -0.02166372 -0.01153481 0.08188468 -0.02171909 -0.01503479 0.08188468 -0.02171826 -0.01153481 0.08149874 -0.02187895 -0.01503479 0.08149874 -0.02187812 -0.01153481 0.08116739 -0.02213317 -0.01503473 0.08116739 -0.02213239 -0.01153475 0.08091312 -0.02246457 -0.01503461 0.08091312 -0.02246373 -0.01153463 0.08075326 -0.02285045 -0.01503455 0.08075326 -0.02284961 -0.01153457 0.08069878 -0.02326458 -0.01503443 0.08069878 -0.02326375 -0.01153445 0.08075326 -0.02367866 -0.01503437 0.08075326 -0.02367788 -0.01153433 0.08091312 -0.0240646 -0.01503425 0.08091312 -0.02406376 -0.01153427 0.08116739 -0.02439594 -0.01503419 0.08116739 -0.0243951 -0.01153421 0.08149874 -0.02465021 -0.01503413 0.08149874 -0.02464938 -0.01153415 0.08188468 -0.02481007 -0.01503407 0.08188468 -0.02480924 -0.01153409 0.08229875 -0.02486455 -0.01503407 0.08229875 -0.02486377 -0.01153409 0.08271288 -0.02481007 -0.01503407 0.08271288 -0.02480924 -0.01153409 0.08309876 -0.02465021 -0.01503413 0.08309876 -0.02464938 -0.01153415 0.08343011 -0.02439594 -0.01503419 0.08343011 -0.0243951 -0.01153421 0.08368438 -0.0240646 -0.01503425 0.08368438 -0.02406376 -0.01153427 0.08384424 0.02332127 -0.0150454 0.08384424 0.0233221 -0.01154536 0.08389878 0.0237354 -0.01504546 0.08389878 0.02373617 -0.01154547 0.08384424 0.02414947 -0.01504558 0.08384424 0.02415031 -0.01154559 0.08368438 0.02453535 -0.01504564 0.08368438 0.02453619 -0.01154565 0.08343011 0.02486675 -0.01504576 0.08343011 0.02486759 -0.01154571 0.08309876 0.02512103 -0.01504582 0.08309876 0.02512186 -0.01154577 0.08271288 0.02528083 -0.01504582 0.08271288 0.02528166 -0.01154583 0.08229875 0.02533537 -0.01504582 0.08229875 0.0253362 -0.01154583 0.08188468 0.02528083 -0.01504582 0.08188468 0.02528166 -0.01154583 0.08149874 0.02512103 -0.01504582 0.08149874 0.02512186 -0.01154577 0.08116739 0.02486675 -0.01504576 0.08116739 0.02486759 -0.01154571 0.08091312 0.02453535 -0.01504564 0.08091312 0.02453619 -0.01154565 0.08075326 0.02414947 -0.01504558 0.08075326 0.02415031 -0.01154559 0.08069878 0.0237354 -0.01504546 0.08069878 0.02373617 -0.01154547 0.08075326 0.02332127 -0.0150454 0.08075326 0.0233221 -0.01154536 0.08091312 0.02293539 -0.01504528 0.08091312 0.02293622 -0.0115453 0.08116739 0.02260398 -0.01504522 0.08116739 0.02260482 -0.01154518 0.08149874 0.02234971 -0.01504516 0.08149874 0.02235054 -0.01154512 0.08188468 0.02218991 -0.0150451 0.08188468 0.02219069 -0.01154512 0.08229875 0.02213537 -0.0150451 0.08229875 0.02213621 -0.01154512 0.08271288 0.02218991 -0.0150451 0.08271288 0.02219069 -0.01154512 0.08309876 0.02234971 -0.01504516 0.08309876 0.02235054 -0.01154512 0.08343011 0.02260398 -0.01504522 0.08343011 0.02260482 -0.01154518 0.08368438 0.02293539 -0.01504528 0.08368438 0.02293622 -0.0115453 0.08319878 -0.005335867 0.02025598 0.08074873 -0.005335867 0.02025598 0.08319878 -0.005356252 0.02041131 0.08074873 -0.005356252 0.02041131 0.08319878 -0.005335748 0.02056658 0.08074873 -0.005335748 0.02056658 0.08319878 -0.005275785 0.0207113 0.08074873 -0.005275785 0.0207113 0.08319878 -0.005180418 0.02083551 0.08074873 -0.005180418 0.02083551 0.08319878 -0.005056142 0.02093082 0.08074873 -0.005056142 0.02093082 0.08319878 -0.004911422 0.02099072 0.08074873 -0.004911422 0.02099072 0.08319878 -0.004756093 0.02101117 0.08074873 -0.004756093 0.02101117 0.08319878 -0.004600822 0.02099066 0.08074873 -0.004600822 0.02099066 0.08319878 -0.004456162 0.0209307 0.08074873 -0.004456162 0.0209307 0.08319878 -0.004331886 0.02083534 0.08074873 -0.004331886 0.02083534 0.08319878 -0.004236578 0.02071106 0.08074873 -0.004236578 0.02071106 0.08319878 -0.004176676 0.02056628 0.08074873 -0.004176676 0.02056628 0.08319878 -0.004156231 0.02041101 0.08074873 -0.004156231 0.02041101 0.08319878 -0.004176735 0.02025574 0.08074873 -0.004176735 0.02025574 0.08319878 -0.004236698 0.02011102 0.08074873 -0.004236698 0.02011102 0.08319878 -0.004332065 0.0199868 0.08074873 -0.004332065 0.0199868 0.08319878 -0.0044564 0.0198915 0.08074873 -0.0044564 0.0198915 0.08319878 -0.00460112 0.01983153 0.08074873 -0.00460112 0.01983153 0.08319878 -0.004756391 0.01981115 0.08074873 -0.004756391 0.01981115 0.08319878 -0.004911661 0.01983165 0.08074873 -0.004911661 0.01983165 0.08319878 -0.005056381 0.01989161 0.08074873 -0.005056381 0.01989161 0.08319878 -0.005180597 0.01998698 0.08074873 -0.005180597 0.01998698 0.08319878 -0.005275964 0.02011126 0.08074873 -0.005275964 0.02011126 0.07829874 -0.005335748 0.02056658 0.07829874 -0.005356252 0.02041131 0.07829874 -0.005335867 0.02025598 0.07829874 -0.005275964 0.02011126 0.07829874 -0.005180597 0.01998698 0.07829874 -0.005056381 0.01989161 0.07829874 -0.004911661 0.01983165 0.07829874 -0.004756391 0.01981115 0.07829874 -0.00460112 0.01983153 0.07829874 -0.0044564 0.0198915 0.07829874 -0.004332065 0.0199868 0.07829874 -0.004236698 0.02011102 0.07829874 -0.004176735 0.02025574 0.07829874 -0.004156231 0.02041101 0.07829874 -0.004176676 0.02056628 0.07829874 -0.004236578 0.02071106 0.07829874 -0.004331886 0.02083534 0.07829874 -0.004456162 0.0209307 0.07829874 -0.004600822 0.02099066 0.07829874 -0.004756093 0.02101117 0.07829874 -0.004911422 0.02099072 0.07829874 -0.005056142 0.02093082 0.07829874 -0.005180418 0.02083551 0.07829874 -0.005275785 0.0207113 0.08075326 0.02333086 0.0259546 0.08075326 0.02333003 0.02245455 0.08069878 0.023745 0.02595448 0.08069878 0.02374416 0.0224545 0.08075326 0.02415907 0.02595436 0.08075326 0.02415829 0.02245438 0.08091312 0.02454501 0.0259543 0.08091312 0.02454417 0.02245432 0.08116739 0.02487635 0.02595418 0.08116739 0.02487552 0.0224542 0.08149874 0.02513062 0.02595412 0.08149874 0.02512979 0.02245414 0.08188468 0.02529048 0.02595412 0.08188468 0.02528965 0.02245414 0.08229875 0.02534496 0.02595412 0.08229875 0.02534419 0.02245408 0.08271288 0.02529048 0.02595412 0.08271288 0.02528965 0.02245414 0.08309876 0.02513062 0.02595412 0.08309876 0.02512979 0.02245414 0.08343011 0.02487635 0.02595418 0.08343011 0.02487552 0.0224542 0.08368438 0.02454501 0.0259543 0.08368438 0.02454417 0.02245432 0.08384424 0.02415907 0.02595436 0.08384424 0.02415829 0.02245438 0.08389878 0.023745 0.02595448 0.08389878 0.02374416 0.0224545 0.08384424 0.02333086 0.0259546 0.08384424 0.02333003 0.02245455 0.08368438 0.02294498 0.02595466 0.08368438 0.02294415 0.02245467 0.08343011 0.02261364 0.02595472 0.08343011 0.02261281 0.02245473 0.08309876 0.02235937 0.02595478 0.08309876 0.02235853 0.02245479 0.08271288 0.02219951 0.02595484 0.08271288 0.02219867 0.02245485 0.08229875 0.02214497 0.02595484 0.08229875 0.02214413 0.02245485 0.08188468 0.02219951 0.02595484 0.08188468 0.02219867 0.02245485 0.08149874 0.02235937 0.02595478 0.08149874 0.02235853 0.02245479 0.08116739 0.02261364 0.02595472 0.08116739 0.02261281 0.02245473 0.08091312 0.02294498 0.02595466 0.08091312 0.02294415 0.02245467 0.08075326 -0.02366906 0.02596557 0.08075326 -0.02366989 0.02246558 0.08069878 -0.02325499 0.02596551 0.08069878 -0.02325576 0.02246546 0.08075326 -0.02284085 0.02596539 0.08075326 -0.02284169 0.0224654 0.08091312 -0.02245497 0.02596533 0.08091312 -0.02245581 0.02246528 0.08116739 -0.02212357 0.02596521 0.08116739 -0.0221244 0.02246522 0.08149874 -0.0218693 0.02596515 0.08149874 -0.02187013 0.02246516 0.08188468 -0.0217095 0.02596515 0.08188468 -0.02171027 0.0224651 0.08229875 -0.02165496 0.02596509 0.08229875 -0.02165579 0.0224651 0.08271288 -0.0217095 0.02596515 0.08271288 -0.02171027 0.0224651 0.08309876 -0.0218693 0.02596515 0.08309876 -0.02187013 0.02246516 0.08343011 -0.02212357 0.02596521 0.08343011 -0.0221244 0.02246522 0.08368438 -0.02245497 0.02596533 0.08368438 -0.02245581 0.02246528 0.08384424 -0.02284085 0.02596539 0.08384424 -0.02284169 0.0224654 0.08389878 -0.02325499 0.02596551 0.08389878 -0.02325576 0.02246546 0.08384424 -0.02366906 0.02596557 0.08384424 -0.02366989 0.02246558 0.08368438 -0.02405494 0.02596569 0.08368438 -0.02405577 0.0224657 0.08343011 -0.02438634 0.02596575 0.08343011 -0.02438718 0.02246576 0.08309876 -0.02464061 0.0259658 0.08309876 -0.02464139 0.02246582 0.08271288 -0.02480041 0.02596586 0.08271288 -0.02480125 0.02246588 0.08229875 -0.02485495 0.02596586 0.08229875 -0.02485579 0.02246588 0.08188468 -0.02480041 0.02596586 0.08188468 -0.02480125 0.02246588 0.08149874 -0.02464061 0.0259658 0.08149874 -0.02464139 0.02246582 0.08116739 -0.02438634 0.02596575 0.08116739 -0.02438718 0.02246576 0.08091312 -0.02405494 0.02596569 0.08091312 -0.02405577 0.0224657 0.08140295 -0.01930099 -9.96569e-4 0.08140295 -0.01916104 6.45567e-5 0.08140295 -0.01930046 0.001125693 0.08140295 -0.01970982 0.002114653 0.08140295 -0.02036124 0.00296396 0.08140295 -0.02121019 0.003615736 0.08140295 -0.02219897 0.004025518 0.08140295 -0.02326005 0.00416547 0.08140295 -0.02432125 0.004026055 0.08140295 -0.02531021 0.00361669 0.08140295 -0.02615946 0.002965331 0.08140295 -0.02681124 0.002116322 0.08140295 -0.02722108 0.0011276 0.08140295 -0.02736103 6.64783e-5 0.08140295 -0.02722156 -9.94712e-4 0.08140295 -0.02681219 -0.001983642 0.08140295 -0.02616083 -0.002832889 0.08140295 -0.02531188 -0.003484666 0.08140295 -0.0243231 -0.003894507 0.08140295 -0.02326196 -0.004034459 0.08140295 -0.02220082 -0.003894984 0.08140295 -0.02121186 -0.00348562 0.08140295 -0.02036255 -0.00283426 0.08140295 -0.01971083 -0.001985311 0.08140295 0.02769899 -0.001007556 0.08140295 0.02783894 5.35424e-5 0.08140295 0.02769947 0.001114726 0.08140295 0.0272901 0.002103626 0.08140295 0.02663874 0.002952933 0.08140295 0.02578973 0.00360471 0.08140295 0.02480101 0.004014492 0.08140295 0.02373987 0.004154503 0.08140295 0.02267867 0.004015028 0.08140295 0.02168977 0.003605663 0.08140295 0.02084046 0.002954304 0.08140295 0.02018868 0.002105295 0.08140295 0.01977884 0.001116573 0.08140295 0.01963889 5.5464e-5 0.08140295 0.01977837 -0.001005709 0.08140295 0.02018773 -0.001994609 0.08140295 0.02083909 -0.002843916 0.08140295 0.0216881 -0.003495693 0.08140295 0.02267682 -0.003905534 0.08140295 0.02373796 -0.004045486 0.08140295 0.02479916 -0.003906011 0.08140295 0.02578806 -0.003496646 0.08140295 0.02663737 -0.002845287 0.08140295 0.02728915 -0.001996278 0.08174878 0.0206362 -0.01154476 0.08174878 0.01523619 -0.01154345 0.08174878 0.02063572 -0.01354473 0.08174878 0.01523572 -0.01354348 0.08174878 -0.01476377 -0.01153647 0.08174878 -0.02016377 -0.01153516 0.08174878 -0.01476418 -0.01353645 0.08174878 -0.02016419 -0.0135352 0.08174878 -0.02015578 0.02246475 0.08174878 -0.01475578 0.0224635 0.08174878 -0.02015531 0.02446478 0.08174878 -0.0147553 0.02446347 0.08174878 0.01524418 0.02245646 0.08174878 0.02064418 0.02245521 0.08174878 0.01524466 0.0244565 0.08174878 0.02064466 0.02445518 0.08199876 -0.008484542 0.01896202 0.08199876 -0.008033275 0.01811742 0.08199876 -0.001028656 0.01896029 0.08199876 -0.001480281 0.01811593 0.08199876 -0.002119719 0.01740306 0.08199876 -0.007394254 0.01740431 0.08199876 -0.002910196 0.01686263 0.08199876 -0.006604015 0.01686352 0.08199876 -0.003806471 0.01652556 0.08199876 -0.005707859 0.01652598 0.08199876 -0.004757225 0.01641118 0.08619874 0.01523572 -0.01354348 0.08619874 0.01523619 -0.01154345 0.08619874 0.0206362 -0.01154476 0.08619874 0.02063572 -0.01354473 0.08319878 -0.01176387 -0.01198714 0.08174878 -0.01176387 -0.01198714 0.08319878 0.01223611 -0.01199275 0.08174878 0.01223611 -0.01199275 0.08619874 -0.02016419 -0.0135352 0.08619874 -0.02016377 -0.01153516 0.08619874 -0.01476377 -0.01153647 0.08619874 -0.01476418 -0.01353645 0.08619874 -0.01475578 0.0224635 0.08619874 -0.0147553 0.02446347 0.08619874 -0.02015578 0.02246475 0.08619874 -0.02015531 0.02446478 0.08619874 -0.01375579 0.02231329 0.08619874 -0.01375603 0.02146327 0.08319878 -0.01375579 0.02231329 0.08319878 -0.01375603 0.02146327 0.08319878 -0.008484542 0.01896202 0.08319878 -0.001028656 0.01896029 0.08319878 0.01224428 0.02290719 0.08174878 0.01224428 0.02290719 0.08319878 -0.0117557 0.0229128 0.08174878 -0.0117557 0.0229128 0.08619874 0.02064418 0.02245521 0.08619874 0.02064466 0.02445518 0.08619874 0.01524418 0.02245646 0.08619874 0.01524466 0.0244565 0.08319878 0.01424413 0.02230668 0.08319878 0.01424396 0.02145671 0.08619874 0.01424413 0.02230668 0.08619874 0.01424396 0.02145671 0.07829874 -0.02645522 0.02496623 0.08529877 -0.02645522 0.02496623 0.07829874 -0.02745521 0.02496647 0.08529877 -0.02745521 0.02496647 0.07829874 -0.02475649 0.01946586 0.07829874 -0.02470177 0.01992994 0.08589875 -0.02475649 0.01946586 0.08589875 -0.02468824 0.01998347 0.07829874 -0.02454084 0.02036875 0.08589875 -0.02448832 0.02046579 0.07829874 -0.02428251 0.02075815 0.08589875 -0.02417033 0.02087992 0.07829874 -0.0239408 0.02107697 0.08589875 -0.02375608 0.02119767 0.07829874 -0.02353447 0.02130782 0.08589875 -0.02327364 0.02139735 0.0783081 -0.02334415 0.02137672 0.07833683 -0.02314627 0.02142697 0.07838696 -0.0229479 0.021456 0.08589875 -0.02275604 0.02146536 0.07845646 -0.02275604 0.02146536 0.07845646 -0.01068031 0.02146255 0.07838696 -0.01048845 0.02145308 0.08319878 -0.01068031 0.02146255 0.08319878 -0.01021409 0.0214073 0.07833683 -0.01029008 0.02142399 0.0783081 -0.01009219 0.02137362 0.07829874 -0.00990194 0.02130466 0.08319878 -0.009773552 0.02124494 0.07829874 -0.009465634 0.02105104 0.08319878 -0.009383022 0.02098429 0.07829874 -0.009106695 0.02069634 0.08319878 -0.009064018 0.02063983 0.07829874 -0.008847951 0.02026301 0.08319878 -0.008834064 0.02023041 0.07829874 -0.008705973 0.01977872 0.08319878 -0.008705973 0.01977872 0.08319878 -8.06894e-4 0.01977688 0.08319878 -8.61518e-4 0.01949971 0.07829874 -8.06894e-4 0.01977688 0.07829874 -0.001097261 0.01879501 0.07829874 -0.001627504 0.017919 0.07829874 -0.002362728 0.01720631 0.07829874 -0.003254771 0.01670366 0.07829874 -0.004245221 0.0164439 0.07829874 -0.005269169 0.0164442 0.07829874 -0.0062595 0.01670438 0.07829874 -0.007151305 0.01720744 0.07829874 -0.00788623 0.01792049 0.07829874 -0.008415997 0.01879674 0.08319878 -0.008577525 0.01922881 0.08319878 -9.35574e-4 0.01922702 0.08319878 -0.008651435 0.0195015 0.08319878 -6.78547e-4 0.0202285 0.07829874 -6.64647e-4 0.0202611 0.08319878 -4.48446e-4 0.02063781 0.07829874 -4.05728e-4 0.02069425 0.08319878 -1.29273e-4 0.02098214 0.07829874 -4.66211e-5 0.02104884 0.08319878 2.61383e-4 0.02124255 0.07829874 3.89808e-4 0.02130222 0.08319878 7.01992e-4 0.02140474 0.0783081 5.80111e-4 0.02137112 0.07833683 7.78001e-4 0.02142137 0.07838696 9.76374e-4 0.0214504 0.08319878 0.001168251 0.02145975 0.07845646 0.001168251 0.02145975 0.07829874 0.02794474 0.02495348 0.08529877 0.02794474 0.02495348 0.07829874 0.02694475 0.02495372 0.08529877 0.02694475 0.02495372 0.08529877 0.02823787 -0.004315018 0.08529877 0.02693563 -0.01404619 0.08529877 0.0269379 -0.004314661 0.08529877 0.02643573 -0.0135461 0.08529877 0.02643775 -0.004814565 0.08529877 0.02836728 -0.004332065 0.08529877 0.02873778 -0.004815101 0.08529877 0.02873575 -0.01354664 0.08529877 0.02823561 -0.01404654 0.08529877 0.02836501 -0.0140295 0.08529877 0.02848565 -0.01397961 0.08529877 0.02858918 -0.01390016 0.08529877 0.0286687 -0.01379662 0.08529877 0.02871865 -0.01367604 0.08529877 0.02848786 -0.004382014 0.08529877 0.02859139 -0.004461526 0.08529877 0.02867084 -0.004565119 0.08529877 0.02872079 -0.004685699 0.08529877 0.02680623 -0.01402914 0.08529877 0.02668565 -0.01397919 0.08529877 0.02658212 -0.01389968 0.08529877 0.02650266 -0.01379609 0.08529877 0.02645272 -0.01367551 0.08529877 0.02645486 -0.004685163 0.08529877 0.02650481 -0.004564583 0.08529877 0.02658432 -0.00446105 0.08529877 0.02668786 -0.004381597 0.08529877 0.0268085 -0.004331707 0.08529877 0.02681535 0.02493673 0.08296543 0.02681535 0.02493673 0.08063209 0.02681535 0.02493673 0.07829874 0.02681535 0.02493673 0.07829874 0.02669471 0.02488678 0.08063209 0.02669471 0.02488678 0.07829874 0.02659118 0.02480739 0.08063209 0.02659118 0.02480739 0.07829874 0.02651166 0.02470386 0.08063209 0.02651166 0.02470386 0.07829874 0.02646172 0.02458328 0.08063209 0.02646172 0.02458328 0.07829874 0.02644461 0.02445381 0.08296543 0.02646172 0.02458328 0.08529877 0.02644461 0.02445381 0.08529877 0.02646172 0.02458328 0.08529877 0.02651166 0.02470386 0.08296543 0.02651166 0.02470386 0.08529877 0.02659118 0.02480739 0.08296543 0.02659118 0.02480739 0.08529877 0.02669471 0.02488678 0.08296543 0.02669471 0.02488678 0.08529877 0.02844005 0.004968404 0.08529877 0.02829825 0.02480697 0.08529877 0.02844464 0.0244534 0.08529877 0.02837771 0.02470338 0.08529877 0.0284276 0.0245828 0.08529877 0.02842301 0.004839003 0.08529877 0.028373 0.004718422 0.08529877 0.02829355 0.004614889 0.08529877 0.02819472 0.02488642 0.08529877 0.02818995 0.004535436 0.08529877 0.02807414 0.02493643 0.08529877 0.02806937 0.004485547 0.08529877 0.02793997 0.00446856 0.08529877 0.02693992 0.004468798 0.08529877 0.02681052 0.004485845 0.08529877 0.02668994 0.004535794 0.08529877 0.02658641 0.004615306 0.08529877 0.02644008 0.004968881 0.08529877 0.02650701 0.004718899 0.08529877 0.02645707 0.004839479 0.08619874 0.01423621 -0.01139324 0.08619874 0.01423645 -0.01054322 0.08319878 0.01423621 -0.01139324 0.08319878 0.01423645 -0.01054322 0.08319878 -0.01376372 -0.01138669 0.08319878 -0.01376348 -0.01053667 0.08619874 -0.01376372 -0.01138669 0.08619874 -0.01376348 -0.01053667 0.08025348 -0.02475881 0.009599983 0.08029878 -0.02475869 0.009965837 0.08589875 -0.02475905 0.00855112 0.08029878 -0.0247578 0.01396584 0.08024764 -0.02475768 0.01435405 0.08009779 -0.02475762 0.01471585 0.07985943 -0.0247575 0.0150265 0.07954877 -0.02475744 0.01526486 0.07918697 -0.02475744 0.01541471 0.07879877 -0.02475744 0.01546585 0.07829874 -0.02475744 0.01546585 0.0792973 -0.02475905 0.00855112 0.07962733 -0.02475899 0.00871545 0.07990729 -0.02475893 0.008955299 0.08012026 -0.02475887 0.009256184 0.07879877 -0.0259574 0.01546615 0.07829874 -0.0259574 0.01546615 0.07918697 -0.02595746 0.01541501 0.07954877 -0.02595746 0.01526516 0.07985943 -0.02595752 0.0150268 0.08009779 -0.02595758 0.01471614 0.08024764 -0.0259577 0.01435434 0.08029878 -0.02595776 0.01396614 0.08029878 -0.02595871 0.009966135 0.07879877 -0.02475726 0.008465826 0.07879877 -0.02595907 0.008466124 0.07904952 -0.02475845 0.008487462 0.07918697 -0.02595907 0.008517205 0.07954877 -0.02595901 0.008667111 0.07985943 -0.02595895 0.00890547 0.08009779 -0.02595889 0.009216129 0.08024764 -0.02595877 0.00957787 0.08529877 -0.0259723 0.02459555 0.08296543 -0.0259723 0.02459555 0.08529877 -0.02595531 0.02446609 0.08063209 -0.0259723 0.02459555 0.07829874 -0.02595531 0.02446609 0.07829874 -0.0259723 0.02459555 0.07829874 -0.02602225 0.02471613 0.08063209 -0.02602225 0.02471613 0.07829874 -0.0261017 0.02481973 0.08063209 -0.0261017 0.02481973 0.07829874 -0.02620524 0.02489918 0.08063209 -0.02620524 0.02489918 0.07829874 -0.02632582 0.02494919 0.08063209 -0.02632582 0.02494919 0.08296543 -0.02632582 0.02494919 0.08529877 -0.02632582 0.02494919 0.08529877 -0.02620524 0.02489918 0.08296543 -0.02620524 0.02489918 0.08529877 -0.0261017 0.02481973 0.08296543 -0.0261017 0.02481973 0.08529877 -0.02602225 0.02471613 0.08296543 -0.02602225 0.02471613 0.08529877 -0.0259599 0.00498116 0.08529877 -0.02597695 0.004851758 0.08529877 -0.0260269 0.004731178 0.08529877 -0.02610641 0.004627645 0.08529877 -0.02621001 0.004548192 0.08529877 -0.02633059 0.004498302 0.08529877 -0.02645999 0.004481256 0.08529877 -0.02745997 0.004481494 0.08529877 -0.02758461 0.02494949 0.08529877 -0.02758938 0.0044986 0.08529877 -0.02770519 0.02489954 0.08529877 -0.02770996 0.004548549 0.08529877 -0.02780878 0.02482008 0.08529877 -0.02795529 0.02446657 0.08529877 -0.02788829 0.02471655 0.08529877 -0.02793824 0.02459597 0.08529877 -0.02781349 0.004628062 0.08529877 -0.02795988 0.004981637 0.08529877 -0.02789294 0.004731595 0.08529877 -0.02794289 0.004852235 0.08529877 -0.02796214 -0.004801809 0.08529877 -0.02759146 -0.004318952 0.08529877 -0.02796423 -0.01353335 0.08529877 -0.02759373 -0.01401638 0.08529877 -0.02771431 -0.01396644 0.08529877 -0.0279451 -0.004672408 0.08529877 -0.02789515 -0.004551827 0.08529877 -0.02781563 -0.004448294 0.08529877 -0.02771204 -0.004368841 0.08529877 -0.02746206 -0.004301965 0.08529877 -0.02746433 -0.01403349 0.08529877 -0.02646207 -0.004302144 0.08529877 -0.02646434 -0.01403373 0.08529877 -0.02633494 -0.01401668 0.08529877 -0.02633267 -0.00431925 0.08529877 -0.0259642 -0.01353383 0.08529877 -0.02596217 -0.004802286 0.08529877 -0.02621209 -0.004369199 0.08529877 -0.02610856 -0.004448711 0.08529877 -0.0260291 -0.004552245 0.08529877 -0.02597916 -0.004672884 0.08529877 -0.0259813 -0.01366323 0.08529877 -0.02603125 -0.01378381 0.08529877 -0.02611076 -0.01388734 0.08529877 -0.0262143 -0.01396679 0.08529877 -0.02781784 -0.01388692 0.08529877 -0.02789729 -0.01378339 0.08529877 -0.02794718 -0.01366275 0.07879877 -0.02908027 0.01546686 0.07855838 -0.02874284 0.01546674 0.07879877 -0.02795743 0.01546657 0.07839268 -0.02836316 0.01546669 0.07830876 -0.02795743 0.01546657 0.07902169 -0.02929657 0.01545023 0.07918697 -0.02795743 0.01541548 0.07927924 -0.02947801 0.01538783 0.07954877 -0.02795749 0.01526564 0.07955271 -0.02961301 0.01526349 0.07979685 -0.02969336 0.01508623 0.07985943 -0.02795749 0.01502722 0.08000671 -0.02973598 0.01485544 0.08009779 -0.02795761 0.01471656 0.08016723 -0.02975338 0.01458096 0.08024764 -0.02795767 0.01435482 0.08026558 -0.02975785 0.01427805 0.08029878 -0.02795779 0.01396661 0.08029878 -0.02975779 0.01396703 0.07829874 -0.0275616 0.02495503 0.08063209 -0.02758461 0.02494949 0.07829874 -0.02766317 0.02492123 0.08063209 -0.02770519 0.02489954 0.07829874 -0.0277552 0.02486652 0.08063209 -0.02780878 0.02482008 0.07830047 -0.02783757 0.02478867 0.08063209 -0.02788829 0.02471655 0.07830417 -0.02790182 0.0246914 0.08063209 -0.02793824 0.02459597 0.07830744 -0.027942 0.02458053 0.07830876 -0.02795529 0.02446657 0.08296543 -0.02793824 0.02459597 0.08296543 -0.02788829 0.02471655 0.08296543 -0.02780878 0.02482008 0.08296543 -0.02770519 0.02489954 0.08296543 -0.02758461 0.02494949 0.08619874 0.02324396 0.02145457 0.080163 0.0213297 0.02145504 0.07845646 0.02324396 0.02145457 0.07888454 0.02260816 0.02145475 0.0787149 0.0228011 0.02145469 0.08074873 0.01991552 0.02145534 0.0806806 0.02043312 0.02145522 0.08074873 0.004496693 0.02145898 0.0806806 0.003979027 0.0214591 0.08048081 0.003496646 0.02145922 0.080163 0.003082454 0.02145934 0.07888454 0.001804053 0.02145963 0.0787149 0.001611053 0.02145963 0.07857143 0.001397967 0.02145969 0.08048081 0.0209155 0.02145516 0.07857143 0.02301418 0.02145463 0.07879877 0.02644252 0.01545387 0.07879877 0.0252425 0.01545411 0.07829874 0.02644252 0.01545387 0.07829874 0.0252425 0.01545411 0.07918697 0.0252425 0.01540303 0.07918697 0.02644252 0.01540273 0.07954877 0.0252425 0.01525318 0.07954877 0.02644246 0.01525288 0.07985943 0.02524244 0.01501476 0.07985943 0.0264424 0.01501452 0.08009779 0.02524232 0.0147041 0.08009779 0.02644234 0.01470386 0.08024764 0.02524226 0.01434236 0.08024764 0.02644228 0.01434206 0.08029878 0.02524214 0.0139541 0.08029878 0.02644217 0.01395386 0.08029878 0.02524125 0.009954094 0.08029878 0.02644121 0.009953856 0.07879877 0.02523905 0.008454144 0.07904952 0.02524024 0.00847572 0.07879877 0.02644085 0.008453845 0.07918697 0.02644091 0.008504927 0.0792973 0.02524089 0.008539378 0.07954877 0.02644091 0.008654832 0.07962733 0.02524095 0.008703708 0.07985943 0.02644097 0.008893191 0.07990729 0.02524101 0.008943617 0.08009779 0.02644103 0.009203851 0.08012026 0.02524107 0.009244501 0.08024764 0.02644115 0.009565591 0.08025348 0.02524113 0.009588241 0.08589875 0.02341604 -0.006438672 0.08589875 0.02347683 -0.00644505 0.08589875 0.02353739 -0.006453335 0.08589875 0.02341908 0.006547808 0.08589875 0.02347987 0.006554186 0.08589875 0.02354043 0.006562411 0.08619874 0.01423609 -0.01199322 0.08619874 0.01423549 -0.01454323 0.08619874 0.02163547 -0.01454496 0.08619874 0.02163606 -0.01199495 0.08619874 0.02323645 -0.01054537 0.08619874 0.02333676 -0.01054286 0.08619874 0.02343684 -0.01053535 0.08619874 0.02353644 -0.01052278 0.08619874 0.01273626 -0.01139289 0.08619874 0.01273608 -0.01199287 0.08319878 0.01273626 -0.01139289 0.08319878 0.01236552 -0.01200985 0.08174878 0.01236552 -0.01200985 0.08319878 0.0124861 -0.0120598 0.08174878 0.0124861 -0.0120598 0.08319878 0.01258963 -0.01213932 0.08174878 0.01258963 -0.01213932 0.08319878 0.01266902 -0.01224285 0.08174878 0.01266902 -0.01224285 0.08319878 0.01271897 -0.01236349 0.08174878 0.01271897 -0.01236349 0.08319878 0.01273596 -0.01249289 0.08174878 0.01273596 -0.01249289 0.08174878 -0.01226431 -0.01403701 0.08174878 0.0127356 -0.01404291 0.08174878 -0.01226395 -0.01248705 0.08174878 -0.0122469 -0.01235765 0.08174878 -0.01219689 -0.01223707 0.08174878 -0.01211744 -0.01213353 0.08174878 -0.01201385 -0.01205408 0.08174878 -0.01189327 -0.01200413 0.08319878 -0.01226395 -0.01248705 0.08319878 -0.0122469 -0.01235765 0.08319878 -0.01219689 -0.01223707 0.08319878 -0.01211744 -0.01213353 0.08319878 -0.01201385 -0.01205408 0.08319878 -0.01189327 -0.01200413 0.08319878 -0.01022154 -0.01048243 0.08319878 -0.01068782 -0.01053738 0.08319878 -0.01226371 -0.01138705 0.08319878 0.00116074 -0.01054018 0.08319878 6.94519e-4 -0.01048493 0.08319878 2.53986e-4 -0.01032257 0.08319878 -1.36548e-4 -0.01006191 0.08319878 -4.5556e-4 -0.009717464 0.08319878 -6.85468e-4 -0.009308099 0.08319878 -8.13604e-4 -0.008856356 0.08319878 -0.00110352 -0.007874369 0.08319878 -0.001633346 -0.006998121 0.08319878 -0.007892072 -0.006996631 0.08319878 -0.008422255 -0.007872641 0.08319878 -0.008712649 -0.008854508 0.08319878 -0.008840978 -0.009306132 0.08319878 -0.009071111 -0.009715437 0.08319878 -0.009390294 -0.01005977 0.08319878 -0.009780943 -0.01032018 0.08319878 -0.007156848 -0.006283938 0.08319878 -0.002368211 -0.006285071 0.08319878 -0.006264746 -0.005781292 0.08319878 -0.003260016 -0.005782008 0.08319878 -0.005274295 -0.005521595 0.08319878 -0.004250347 -0.005521833 0.08619874 -0.01226371 -0.01138705 0.08619874 -0.02116447 -0.01453495 0.08619874 -0.02116388 -0.01198494 0.08619874 -0.02546375 -0.01158392 0.08619874 -0.02546352 -0.01053392 0.08619874 -0.01376384 -0.01198667 0.08619874 -0.01226383 -0.01198703 0.08619874 -0.01376444 -0.01453667 0.08619874 -0.02556729 -0.01159757 0.08619874 -0.02566379 -0.0116375 0.08619874 -0.02574664 -0.01170104 0.08619874 -0.02506387 -0.01198405 0.08619874 -0.02581024 -0.01178383 0.08619874 -0.02585017 -0.01188033 0.08619874 -0.02586388 -0.01198387 0.08619874 -0.02507752 -0.01208758 0.08619874 -0.02585023 -0.0120874 0.08619874 -0.02511751 -0.01218402 0.08619874 -0.0258103 -0.01218384 0.08619874 -0.02518105 -0.01226687 0.08619874 -0.02574676 -0.01226669 0.08619874 -0.02526396 -0.01233041 0.08619874 -0.02566391 -0.01233029 0.08619874 -0.0253604 -0.01237034 0.08619874 -0.02556747 -0.01237028 0.08619874 -0.02546393 -0.01238393 0.08074873 -0.01942759 0.02146458 0.08074873 -0.01400876 0.02146333 0.08619874 -0.02545601 0.02146601 0.08589875 -0.02545601 0.02146601 0.07888454 -0.02212023 0.02146524 0.080163 -0.02084177 0.02146494 0.08048081 -0.02042758 0.02146482 0.07857143 -0.02252626 0.0214653 0.0787149 -0.02231317 0.0214653 0.0806806 -0.0199452 0.0214647 0.0806806 -0.01349109 0.02146321 0.08048081 -0.01300877 0.02146309 0.080163 -0.01259452 0.02146297 0.07888454 -0.01131612 0.02146267 0.0787149 -0.01112318 0.02146267 0.07857143 -0.01091009 0.02146261 0.08589875 -0.02469503 -0.00905174 0.08589875 -0.02476304 -0.008534073 0.08589875 -0.02546352 -0.01053392 0.08589875 -0.02476304 -0.008419394 0.08589875 -0.02469974 -0.007920742 0.08589875 -0.02451413 -0.00745362 0.08589875 -0.0242179 -0.007047533 0.08589875 -0.02382981 -0.006728112 0.08589875 -0.02337431 -0.006515562 0.08589875 -0.02288019 -0.006423294 0.08589875 -0.02127432 -0.006123423 0.08589875 -0.01979398 -0.005432605 0.08589875 -0.01853263 -0.004394531 0.08589875 -0.01853054 0.004523336 0.08589875 -0.01756989 -0.003074705 0.08589875 -0.01756846 0.003203094 0.08589875 -0.0169667 -0.001556575 0.08589875 -0.01696592 0.001684665 0.08589875 -0.016761 6.39942e-5 0.08589875 -0.01979142 0.005562007 0.08589875 -0.02127146 0.00625348 0.08589875 -0.02287715 0.006554126 0.08589875 -0.02337121 0.006646633 0.08589875 -0.02382659 0.006859421 0.08589875 -0.02421456 0.007179021 0.08589875 -0.02451062 0.007585227 0.08589875 -0.02469599 0.008052468 0.08589875 -0.02276349 -0.01053458 0.08589875 -0.02328115 -0.01046627 0.08589875 -0.02376347 -0.01026636 0.08589875 -0.02417761 -0.009948432 0.08589875 -0.02449536 -0.00953418 0.08319878 -0.0118851 0.02292984 0.08174878 -0.0118851 0.02292984 0.08319878 -0.01200568 0.02297985 0.08174878 -0.01200568 0.02297985 0.08319878 -0.01210922 0.0230593 0.08174878 -0.01210922 0.0230593 0.08319878 -0.01218861 0.0231629 0.08174878 -0.01218861 0.0231629 0.08319878 -0.01223856 0.02328348 0.08174878 -0.01223856 0.02328348 0.08319878 -0.01225554 0.02341294 0.08174878 -0.01225554 0.02341294 0.08619874 -0.01225584 0.02231293 0.08319878 -0.01225584 0.02231293 0.08619874 -0.01225566 0.02291291 0.08619874 -0.01375567 0.02291327 0.08619874 -0.02545577 0.02251601 0.08619874 -0.02115565 0.022915 0.08619874 -0.0250557 0.02291589 0.08619874 -0.01375508 0.02546328 0.08619874 -0.02115505 0.02546501 0.08619874 -0.02506929 0.02301943 0.08619874 -0.02584201 0.02301961 0.08619874 -0.02585566 0.02291607 0.08619874 -0.02584207 0.02281254 0.08619874 -0.02580201 0.02311611 0.08619874 -0.02510923 0.02311593 0.08619874 -0.02573847 0.0231989 0.08619874 -0.02517277 0.02319878 0.08619874 -0.02565556 0.02326244 0.08619874 -0.02525562 0.02326238 0.08619874 -0.02555912 0.02330237 0.08619874 -0.02535206 0.02330237 0.08619874 -0.02545559 0.02331602 0.08619874 -0.02580213 0.0227161 0.08619874 -0.02573859 0.02263325 0.08619874 -0.02565574 0.02256965 0.08619874 -0.0255593 0.02252966 0.08619874 0.01274412 0.02230703 0.08319878 0.01274412 0.02230703 0.08319878 0.01274436 0.02340704 0.08319878 0.01272732 0.02327764 0.08319878 0.01267737 0.02315706 0.08319878 0.01259785 0.02305352 0.08319878 0.01249426 0.02297407 0.08319878 0.01237368 0.02292418 0.08174878 0.01274436 0.02340704 0.08174878 0.01272732 0.02327764 0.08174878 0.01267737 0.02315706 0.08174878 0.01259785 0.02305352 0.08174878 0.01249426 0.02297407 0.08174878 0.01237368 0.02292418 0.08174878 0.01274472 0.02495706 0.08174878 -0.01225519 0.0249629 0.08619874 0.01274424 0.02290707 0.08619874 0.01424425 0.02290672 0.08619874 0.02334427 0.02145206 0.08619874 0.02344435 0.02144449 0.08619874 0.02354395 0.02143192 0.08619874 0.02164429 0.02290499 0.08619874 0.02164489 0.02545499 0.08619874 0.01424485 0.02545672 0.07829874 -0.02353328 0.02646553 0.07829874 -0.02775484 0.02646654 0.07836693 -0.02301561 0.02646541 0.07856673 -0.02253329 0.02646529 0.07888454 -0.02211904 0.02646523 0.080163 -0.02084064 0.02646493 0.08048081 -0.02042639 0.02646481 0.0806806 -0.01994407 0.0264647 0.08074873 -0.0194264 0.02646458 0.08074873 -0.01400756 0.02646332 0.0806806 -0.01348996 0.02646321 0.08048081 -0.01300758 0.02646309 0.080163 -0.01259338 0.02646297 0.07888454 -0.01131492 0.02646267 0.07856673 -0.01090073 0.02646261 0.07836693 -0.01041835 0.02646249 0.07829874 -0.009900748 0.02646237 0.07829874 3.91017e-4 0.02645993 0.07836693 9.08655e-4 0.02645981 0.07856673 0.001390993 0.02645969 0.07888454 0.001805186 0.02645963 0.080163 0.003083646 0.02645933 0.08048081 0.003497838 0.02645921 0.0806806 0.003980219 0.02645909 0.08074873 0.004497826 0.02645897 0.08074873 0.01991665 0.0264554 0.0806806 0.02043431 0.02645528 0.08048081 0.0209167 0.02645516 0.080163 0.02133089 0.02645504 0.07888454 0.02260929 0.02645474 0.07856673 0.02302354 0.02645462 0.07836693 0.02350586 0.0264545 0.07838755 0.02343422 0.02144521 0.07833725 0.0236321 0.02141648 0.07830822 0.02383047 0.02136623 0.07829874 0.02402353 0.02645438 0.07829874 0.02402234 0.02129667 0.07879877 0.02956539 0.0154531 0.07879877 0.0284425 0.01545339 0.07855838 0.02922797 0.01545321 0.07839268 0.02884823 0.01545327 0.07830876 0.0284425 0.01545339 0.07830876 0.02844464 0.0244534 0.07830744 0.02843135 0.02456736 0.08063209 0.0284276 0.0245828 0.07830417 0.02839124 0.02467823 0.08063209 0.02837771 0.02470338 0.07830047 0.02832704 0.0247755 0.08063209 0.02829825 0.02480697 0.07829874 0.02824473 0.0248534 0.08063209 0.02819472 0.02488642 0.07829874 0.0281527 0.02490812 0.08063209 0.02807414 0.02493643 0.07829874 0.02805119 0.02494204 0.08296543 0.02807414 0.02493643 0.08296543 0.02819472 0.02488642 0.08296543 0.02829825 0.02480697 0.08296543 0.02837771 0.02470338 0.08296543 0.0284276 0.0245828 0.07829874 0.02524346 0.01945412 0.07829874 0.02518898 0.01991826 0.07829874 0.02502822 0.02035713 0.07829874 0.02477008 0.02074664 0.07829874 0.02824509 0.02645343 0.07829874 0.02442854 0.02106565 0.07902169 0.02978169 0.01543641 0.07918697 0.0284425 0.01540225 0.07927924 0.02996307 0.01537394 0.07954877 0.0284425 0.01525241 0.07955271 0.03009802 0.01524949 0.07979685 0.0301783 0.01507222 0.07985943 0.02844244 0.01501405 0.08000671 0.0302208 0.01484143 0.08009779 0.02844232 0.01470339 0.08016723 0.03023809 0.01456689 0.08024764 0.02844226 0.01434159 0.08026558 0.03024238 0.01426404 0.08029878 0.0284422 0.01395338 0.08029878 0.0302422 0.01395297 0.07879877 0.02956378 0.00845313 0.07855838 0.0292263 0.00845319 0.07879877 0.02844089 0.008453369 0.07839268 0.02884662 0.008453249 0.07830876 0.02844089 0.008453369 0.07902169 0.02978008 0.0084697 0.07918697 0.02844089 0.008504509 0.07927924 0.02996146 0.008532106 0.07954877 0.02844095 0.008654356 0.07955271 0.03009647 0.008656442 0.07979685 0.03017687 0.008833706 0.07985943 0.02844101 0.008892714 0.08000671 0.03021943 0.009064495 0.08009779 0.02844107 0.009203374 0.08016723 0.03023684 0.009338974 0.08024764 0.02844113 0.009565114 0.08026558 0.03024131 0.009641885 0.08029878 0.02844125 0.009953379 0.08029878 0.03024125 0.009952962 0.08296543 0.02836501 -0.0140295 0.08063209 0.02836501 -0.0140295 0.07830113 0.02833205 -0.01403701 0.07830798 0.02842736 -0.01400834 0.08063209 0.02848565 -0.01397961 0.07831835 0.0285148 -0.01396125 0.08063209 0.02858918 -0.01390016 0.07833027 0.02858924 -0.01390016 0.07834225 0.02865034 -0.01382571 0.08063209 0.0286687 -0.01379662 0.0783528 0.02869749 -0.01373833 0.08063209 0.02871865 -0.01367604 0.07835984 0.02872616 -0.01364308 0.07836228 0.02873575 -0.01354664 0.08296543 0.02871865 -0.01367604 0.08296543 0.0286687 -0.01379662 0.08296543 0.02858918 -0.01390016 0.08296543 0.02848565 -0.01397961 0.07829874 0.02823561 -0.01404654 0.07836228 0.02873778 -0.004815101 0.08296543 0.02872079 -0.004685699 0.08063209 0.02872079 -0.004685699 0.07835984 0.0287283 -0.004718661 0.0783528 0.02869963 -0.004623413 0.08063209 0.02867084 -0.004565119 0.07834225 0.02865254 -0.004535973 0.08063209 0.02859145 -0.004461526 0.07833027 0.02859145 -0.004461526 0.07831835 0.028517 -0.004400372 0.08063209 0.02848786 -0.004382014 0.07830798 0.02842962 -0.004353284 0.08063209 0.02836728 -0.004332065 0.07830113 0.02833431 -0.004324555 0.07829874 0.02823787 -0.004315018 0.08296543 0.02836728 -0.004332065 0.08296543 0.02848786 -0.004382014 0.08296543 0.02859139 -0.004461526 0.08296543 0.02867084 -0.004565119 0.07830876 0.02844005 0.004968404 0.07829874 0.02693563 -0.01404619 0.08296543 0.02645272 -0.01367551 0.08063209 0.02645272 -0.01367551 0.07829874 0.02643573 -0.0135461 0.07829874 0.02645272 -0.01367551 0.07829874 0.02650266 -0.01379609 0.08063209 0.02650266 -0.01379609 0.07829874 0.02658212 -0.01389968 0.08063209 0.02658212 -0.01389968 0.07829874 0.02668565 -0.01397919 0.08063209 0.02668565 -0.01397919 0.07829874 0.02680623 -0.01402914 0.08063209 0.02680623 -0.01402914 0.08296543 0.02680623 -0.01402914 0.08296543 0.02668565 -0.01397919 0.08296543 0.02658212 -0.01389968 0.08296543 0.02650266 -0.01379609 0.07829874 0.02643775 -0.004814565 0.08296543 0.0268085 -0.004331707 0.08063209 0.0268085 -0.004331707 0.07829874 0.0269379 -0.004314661 0.07829874 0.0268085 -0.004331707 0.07829874 0.02668786 -0.004381597 0.08063209 0.02668786 -0.004381597 0.07829874 0.02658432 -0.00446105 0.08063209 0.02658432 -0.00446105 0.07829874 0.02650481 -0.004564583 0.08063209 0.02650481 -0.004564583 0.07829874 0.02645486 -0.004685163 0.08063209 0.02645486 -0.004685163 0.08296543 0.02645486 -0.004685163 0.08296543 0.02650481 -0.004564583 0.08296543 0.02658432 -0.00446105 0.08296543 0.02668786 -0.004381597 0.07829874 0.02793997 0.00446856 0.07829874 0.02804636 0.004479944 0.08063209 0.02806937 0.004485547 0.07829874 0.02814793 0.0045138 0.08063209 0.02818995 0.004535436 0.07829874 0.02823996 0.004568457 0.08063209 0.02829355 0.004614889 0.07830047 0.02832233 0.00464636 0.08063209 0.028373 0.004718422 0.07830417 0.02838653 0.004743576 0.08063209 0.02842301 0.004839003 0.07830744 0.02842676 0.00485444 0.08296543 0.02842301 0.004839003 0.08296543 0.028373 0.004718422 0.08296543 0.02829355 0.004614889 0.08296543 0.02818995 0.004535436 0.08296543 0.02806937 0.004485547 0.07829874 0.02693992 0.004468798 0.08296543 0.02645707 0.004839479 0.08063209 0.02645707 0.004839479 0.07829874 0.02644008 0.004968881 0.07829874 0.02645707 0.004839479 0.07829874 0.02650701 0.004718899 0.08063209 0.02650701 0.004718899 0.07829874 0.02658641 0.004615306 0.08063209 0.02658641 0.004615306 0.07829874 0.02668994 0.004535794 0.08063209 0.02668994 0.004535794 0.07829874 0.02681052 0.004485845 0.08063209 0.02681052 0.004485845 0.08296543 0.02681052 0.004485845 0.08296543 0.02668994 0.004535794 0.08296543 0.02658641 0.004615306 0.08296543 0.02650701 0.004718899 0.07829874 0.02644085 0.008453845 0.07829874 0.02523905 0.008454144 0.0787149 0.02279359 -0.01054525 0.07888454 0.02260065 -0.01054519 0.07845646 0.02323645 -0.01054537 0.080163 0.02132225 -0.01054489 0.08048081 0.02090799 -0.01054483 0.0806806 0.02042561 -0.01054471 0.08074873 0.01990801 -0.01054459 0.08074873 0.004489183 -0.01054096 0.0806806 0.003971517 -0.01054084 0.08048081 0.003489196 -0.01054072 0.080163 0.003074944 -0.0105406 0.07888454 0.001796543 -0.0105403 0.07845646 0.00116074 -0.01054018 0.0787149 0.001603603 -0.0105403 0.07857143 0.001390457 -0.01054024 0.07857143 0.02300667 -0.01054531 0.07838696 9.68879e-4 -0.01053071 0.07833683 7.7052e-4 -0.01050162 0.0783081 5.72654e-4 -0.01045125 0.07829874 3.82383e-4 -0.01038229 0.07829874 -5.39275e-5 -0.01012867 0.07829874 -4.12868e-4 -0.009773969 0.07829874 -6.71584e-4 -0.009340643 0.07829874 -8.13604e-4 -0.008856356 0.07829874 -0.00110352 -0.007874369 0.07829874 -0.001633346 -0.006998121 0.07829874 -0.002368211 -0.006285071 0.07829874 -0.003260016 -0.005782008 0.07829874 -0.004250347 -0.005521833 0.07829874 -0.005274295 -0.005521595 0.07829874 -0.006264746 -0.005781292 0.07829874 -0.007156848 -0.006283938 0.07829874 -0.007892072 -0.006996631 0.07829874 -0.008422255 -0.007872641 0.07829874 -0.008712649 -0.008854508 0.07829874 -0.008854925 -0.009338736 0.07829874 -0.009113848 -0.009771883 0.07829874 -0.009472906 -0.01012647 0.07829874 -0.009909391 -0.01037991 0.0783081 -0.01009964 -0.01044875 0.07833683 -0.01029753 -0.01049906 0.07838696 -0.01049596 -0.01052802 0.07845646 -0.01068782 -0.01053738 0.0806806 -0.0134986 -0.01053673 0.08074873 -0.01401627 -0.01053661 0.08074873 -0.0194351 -0.01053535 0.07888454 -0.01132363 -0.01053726 0.080163 -0.01260203 -0.01053696 0.08048081 -0.01301628 -0.01053684 0.07857143 -0.01091754 -0.01053732 0.0787149 -0.01113069 -0.01053732 0.0806806 -0.01995271 -0.01053524 0.08048081 -0.02043509 -0.01053512 0.080163 -0.02084928 -0.010535 0.07888454 -0.02212774 -0.0105347 0.07845646 -0.02276349 -0.01053458 0.0787149 -0.02232068 -0.0105347 0.07857143 -0.02253377 -0.01053464 0.08296543 -0.02633059 0.004498302 0.08063209 -0.02633059 0.004498302 0.07829874 -0.02645999 0.004481256 0.07829874 -0.02633059 0.004498302 0.07829874 -0.02621001 0.004548192 0.08063209 -0.02621001 0.004548192 0.07829874 -0.02610641 0.004627645 0.08063209 -0.02610641 0.004627645 0.07829874 -0.0260269 0.004731178 0.08063209 -0.0260269 0.004731178 0.07829874 -0.02597695 0.004851758 0.08063209 -0.02597695 0.004851758 0.07829874 -0.0259599 0.00498116 0.08296543 -0.02597695 0.004851758 0.08296543 -0.0260269 0.004731178 0.08296543 -0.02610641 0.004627645 0.08296543 -0.02621001 0.004548192 0.07829874 -0.02745997 0.004481494 0.07829874 -0.02646207 -0.004302144 0.07829874 -0.02746206 -0.004301965 0.08296543 -0.02597916 -0.004672884 0.08063209 -0.02597916 -0.004672884 0.07829874 -0.02596217 -0.004802286 0.07829874 -0.02597916 -0.004672884 0.07829874 -0.0260291 -0.004552245 0.08063209 -0.0260291 -0.004552245 0.07829874 -0.02610856 -0.004448711 0.08063209 -0.02610856 -0.004448711 0.07829874 -0.02621209 -0.004369199 0.08063209 -0.02621209 -0.004369199 0.07829874 -0.02633267 -0.00431925 0.08063209 -0.02633267 -0.00431925 0.08296543 -0.02633267 -0.00431925 0.08296543 -0.02621209 -0.004369199 0.08296543 -0.02610856 -0.004448711 0.08296543 -0.0260291 -0.004552245 0.07829874 -0.0259642 -0.01353383 0.08296543 -0.02633494 -0.01401668 0.08063209 -0.02633494 -0.01401668 0.07829874 -0.02646434 -0.01403373 0.07829874 -0.02633494 -0.01401668 0.07829874 -0.0262143 -0.01396679 0.08063209 -0.0262143 -0.01396679 0.07829874 -0.02611076 -0.01388734 0.08063209 -0.02611076 -0.01388734 0.07829874 -0.02603125 -0.01378381 0.08063209 -0.02603125 -0.01378381 0.07829874 -0.0259813 -0.01366323 0.08063209 -0.0259813 -0.01366323 0.08296543 -0.0259813 -0.01366323 0.08296543 -0.02603125 -0.01378381 0.08296543 -0.02611076 -0.01388734 0.08296543 -0.0262143 -0.01396679 0.07829874 -0.02746433 -0.01403349 0.07838696 -0.02295541 -0.0105251 0.07833683 -0.02315378 -0.01049602 0.0783081 -0.0233516 -0.01044565 0.07829874 -0.02354192 -0.01037669 0.07829874 -0.02394813 -0.01014566 0.07829874 -0.02428966 -0.00982666 0.07829874 -0.02454781 -0.009437084 0.07829874 -0.02470856 -0.008998274 0.07829874 -0.02476304 -0.008534073 0.07829874 -0.02476304 -0.008419394 0.07829874 -0.02469974 -0.007920742 0.07829874 -0.02451413 -0.00745362 0.07829874 -0.0242179 -0.007047533 0.07829874 -0.02382981 -0.006728112 0.07829874 -0.02337431 -0.006515562 0.07829874 -0.02288019 -0.006423294 0.07829874 -0.02287715 0.006554126 0.07829874 -0.02127146 0.00625348 0.07829874 -0.01979142 0.005562007 0.07829874 -0.01853054 0.004523336 0.07829874 -0.01756846 0.003203094 0.07829874 -0.01696592 0.001684665 0.07829874 -0.016761 6.39942e-5 0.07829874 -0.0169667 -0.001556575 0.07829874 -0.01756989 -0.003074705 0.07829874 -0.01853263 -0.004394531 0.07829874 -0.01979398 -0.005432605 0.07829874 -0.02127432 -0.006123423 0.07829874 -0.02467709 0.007983922 0.07829874 -0.02475726 0.008465826 0.07829874 -0.02448242 0.007535815 0.07829874 -0.024185 0.007148265 0.07829874 -0.02380245 0.006844401 0.07829874 -0.02335768 0.006642341 0.07829874 -0.02595907 0.008466124 0.07879877 -0.02908194 0.008466839 0.07879877 -0.02795904 0.008466601 0.07855838 -0.02874451 0.00846678 0.07839268 -0.02836477 0.00846666 0.07830876 -0.02795904 0.008466601 0.08024764 -0.02795881 0.009578347 0.08029878 -0.02795869 0.009966611 0.08009779 -0.02795886 0.009216606 0.07830876 -0.02795988 0.004981637 0.07985943 -0.02795898 0.008905947 0.07954877 -0.02795898 0.008667528 0.07918697 -0.02795904 0.008517682 0.07830744 -0.02794659 0.004867672 0.08063209 -0.02794289 0.004852235 0.07830417 -0.02790647 0.004756808 0.08063209 -0.02789294 0.004731595 0.07830047 -0.02784228 0.004659533 0.08063209 -0.02781349 0.004628062 0.07829874 -0.02775996 0.00458157 0.08063209 -0.02770996 0.004548549 0.07829874 -0.02766793 0.004526853 0.08063209 -0.02758938 0.0044986 0.07829874 -0.02756643 0.004492998 0.08296543 -0.02758938 0.0044986 0.08296543 -0.02770996 0.004548549 0.08296543 -0.02781349 0.004628062 0.08296543 -0.02789294 0.004731595 0.08296543 -0.02794289 0.004852235 0.07829874 -0.02756845 -0.004313349 0.08063209 -0.02759146 -0.004318952 0.07829874 -0.02767002 -0.004347205 0.08063209 -0.02771204 -0.004368841 0.07829874 -0.02776205 -0.004401862 0.08063209 -0.02781563 -0.004448294 0.07830047 -0.02784442 -0.004479765 0.08063209 -0.02789515 -0.004551827 0.07830417 -0.02790868 -0.00457704 0.08063209 -0.0279451 -0.004672408 0.07830744 -0.02794885 -0.004687845 0.07830876 -0.02796214 -0.004801809 0.08296543 -0.0279451 -0.004672408 0.08296543 -0.02789515 -0.004551827 0.08296543 -0.02781563 -0.004448294 0.08296543 -0.02771204 -0.004368841 0.08296543 -0.02759146 -0.004318952 0.07830876 -0.02796423 -0.01353335 0.07830744 -0.02795094 -0.01364731 0.08063209 -0.02794718 -0.01366275 0.07830417 -0.02791082 -0.01375818 0.08063209 -0.02789729 -0.01378339 0.07830047 -0.02784663 -0.01385545 0.08063209 -0.02781784 -0.01388692 0.07829874 -0.02776432 -0.01393342 0.08063209 -0.02771431 -0.01396644 0.07829874 -0.02767229 -0.01398813 0.08063209 -0.02759373 -0.01401638 0.07829874 -0.02757078 -0.01402199 0.08296543 -0.02759373 -0.01401638 0.08296543 -0.02771431 -0.01396644 0.08296543 -0.02781784 -0.01388692 0.08296543 -0.02789729 -0.01378339 0.08296543 -0.02794718 -0.01366275 0.07902169 -0.02929824 0.008483588 0.07927924 -0.02947962 0.008546054 0.07955271 -0.02961456 0.008670449 0.07979685 -0.02969485 0.008847713 0.08000671 -0.02973735 0.009078562 0.08016723 -0.02975457 0.009353041 0.08026558 -0.02975893 0.009655952 0.08029878 -0.02975869 0.009967029 0.07836693 -0.0282725 0.02646666 0.07836693 -0.02827394 0.02021664 0.07856673 -0.02875632 0.02021676 0.07888454 -0.02917051 0.02021688 0.07929873 -0.02948838 0.02021694 0.07978111 -0.02968817 0.020217 0.08029878 -0.02975481 0.02646702 0.07978111 -0.02968668 0.02646702 0.07929873 -0.02948689 0.02646696 0.07888454 -0.02916908 0.0264669 0.07856673 -0.02875483 0.02646678 0.07829874 0.02515864 0.00797224 0.07829874 0.02496385 0.007524251 0.07829874 0.02466619 0.007136821 0.07829874 0.02428352 0.006833136 0.07829874 0.02383863 0.006631255 0.07829874 0.02384912 -0.006526648 0.07829874 0.0243045 -0.006739377 0.07829874 0.02469247 -0.007058978 0.07829874 0.02498847 -0.007465243 0.07829874 0.0251739 -0.007932424 0.07829874 0.0252369 -0.008431077 0.07829874 0.0252369 -0.008545815 0.0783081 0.02382457 -0.01045668 0.07833683 0.02362668 -0.01050698 0.07838696 0.02342832 -0.01053595 0.07829874 0.02401489 -0.01038783 0.07829874 0.02442121 -0.01015698 0.07829874 0.02476292 -0.009838104 0.07829874 0.02502125 -0.009448707 0.07829874 0.02518218 -0.009009957 0.08529877 0.03024512 0.02645295 0.08029878 0.03024512 0.02645295 0.07978111 0.03017693 0.02645295 0.07929873 0.02997714 0.02645301 0.07888454 0.02965933 0.02645307 0.07856673 0.02924507 0.02645319 0.07836693 0.02876275 0.02645331 0.08529877 -0.02975481 0.02646702 0.07978111 0.0301755 0.02020299 0.07929873 0.02997571 0.02020299 0.07888454 0.02965784 0.02020311 0.07856673 0.02924364 0.02020317 0.07836693 0.02876126 0.02020329 0.07836693 0.02875685 0.00145328 0.07836693 0.02875488 -0.007046639 0.07836693 0.02875292 -0.01554661 0.07829874 0.02823525 -0.0155465 0.07856673 0.02923923 0.001453161 0.07888454 0.02965348 0.001453101 0.07929873 0.0299713 0.001453042 0.07978111 0.03017109 0.001452982 0.08029878 0.03023529 -0.01554697 0.07978111 0.03016912 -0.007046997 0.07978111 0.0301671 -0.01554697 0.07929873 0.02996933 -0.007046937 0.07929873 0.0299673 -0.01554691 0.07888454 0.02965146 -0.007046878 0.07888454 0.02964949 -0.01554685 0.07856673 0.02923727 -0.007046759 0.07856673 0.02923524 -0.01554673 0.07829874 0.02401369 -0.01554554 0.07836693 0.02349603 -0.01554542 0.07856673 0.02301371 -0.0155453 0.07888454 0.02259945 -0.01554518 0.080163 0.02132105 -0.01554489 0.08048081 0.02090686 -0.01554483 0.0806806 0.02042448 -0.01554471 0.08074873 0.01990681 -0.01554459 0.08074873 0.004487991 -0.01554095 0.0806806 0.003970384 -0.01554083 0.08048081 0.003488004 -0.01554071 0.080163 0.003073811 -0.01554065 0.07888454 0.001795351 -0.0155403 0.07856673 0.001381158 -0.01554024 0.07836693 8.98812e-4 -0.01554012 0.07829874 3.81174e-4 -0.01554 0.07829874 -0.009910583 -0.01553755 0.07836693 -0.01042819 -0.01553744 0.07856673 -0.01091057 -0.01553738 0.07888454 -0.01132476 -0.01553726 0.080163 -0.01260322 -0.01553696 0.08048081 -0.01301741 -0.01553684 0.0806806 -0.01349979 -0.01553672 0.08074873 -0.0140174 -0.0155366 0.08074873 -0.01943624 -0.01553535 0.0806806 -0.0199539 -0.01553523 0.08048081 -0.02043628 -0.01553511 0.080163 -0.02085047 -0.01553499 0.07888454 -0.02212888 -0.01553469 0.07856673 -0.02254313 -0.01553463 0.07836693 -0.02302545 -0.01553452 0.07829874 -0.02354311 -0.0155344 0.07829874 -0.02776467 -0.01553338 0.08029878 -0.02976471 -0.01553291 0.07978111 -0.02969253 0.001466989 0.07978111 -0.02969455 -0.00703293 0.07978111 -0.02969652 -0.01553297 0.07929873 -0.02949672 -0.01553297 0.07929873 -0.02949476 -0.00703299 0.07888454 -0.02917891 -0.01553308 0.07888454 -0.02917689 -0.00703305 0.07856673 -0.02876466 -0.01553314 0.07856673 -0.02876269 -0.007033169 0.07836693 -0.02828234 -0.01553326 0.07836693 -0.02828031 -0.007033288 0.07836693 -0.02827835 0.001466691 0.07929873 -0.02949273 0.001466929 0.07888454 -0.02917492 0.00146687 0.07856673 -0.02876073 0.001466751 0.08529877 -0.02976471 -0.01553291 0.08529877 0.03023529 -0.01554697</float_array>
          <technique_common>
            <accessor source="#Body_front-mesh-positions-array" count="2991" stride="3">
              <param name="X" type="float"/>
              <param name="Y" type="float"/>
              <param name="Z" type="float"/>
            </accessor>
          </technique_common>
        </source>
        <source id="Body_front-mesh-normals">
          <float_array id="Body_front-mesh-normals-array" count="17994">-1 0 0 -1 0 0 -1 0 0 -1 0 0 -1 0 0 -1 0 0 -1 0 0 -1 0 0 -1 0 0 -1 0 0 -1 0 0 -1 0 0 -1 0 0 -1 0 0 -1 0 0 -1 0 0 -1 0 0 -1 0 0 -1 0 0 -1 0 0 -1 0 0 -1 0 0 -1 0 0 -1 0 0 -1 0 0 -1 0 0 -1 0 0 -1 0 0 -1 0 0 -1 0 0 -1 0 0 -1 0 0 -1 0 0 -1 0 0 -1 0 0 -1 0 0 -1 0 0 -1 0 0 -1 0 0 -1 0 0 -1 0 0 -1 0 0 -1 0 0 -1 0 0 -1 0 0 -1 0 0 -1 0 0 -1 0 0 -1 0 0 -1 0 0 -1 0 0 -1 0 0 -1 0 0 -1 0 0 -1 0 0 -1 0 0 -1 0 0 -1 0 0 -1 0 0 -1 0 0 -1 0 0 -1 0 0 -1 0 0 -1 0 0 -1 0 0 -1 0 0 -1 0 0 -1 0 0 -1 0 0 -1 0 0 -1 0 0 -1 0 0 -1 0 0 -1 0 0 -1 0 0 -1 0 0 -1 0 0 -1 0 0 -1 0 0 -1 0 0 -1 0 0 -1 0 0 -1 0 0 -1 0 0 -1 0 0 -1 0 0 -1 0 0 -1 0 0 -1 0 0 -1 0 0 -1 0 0 -1 0 0 -1 0 0 -1 0 0 -1 0 0 -1 0 0 -1 0 0 -1 0 0 -1 0 0 -1 0 0 -1 0 0 -1 0 0 -1 0 0 -1 0 0 -1 0 0 -1 0 0 -1 0 0 -1 0 0 -1 0 0 -1 0 0 -1 0 0 -1 0 0 -1 0 0 -1 0 0 -1 0 0 -1 0 0 -1 0 0 -1 0 0 -1 0 0 -1 0 0 -1 0 0 -1 0 0 -1 0 0 -1 0 0 -1 0 0 -1 0 0 -1 0 0 -1 0 0 -1 0 0 -1 0 0 -1 0 0 -1 0 0 -1 0 0 -1 0 0 -1 0 0 -1 0 0 -1 0 0 -1 0 0 -1 0 0 -1 0 0 -1 0 0 -1 0 0 -1 0 0 -1 0 0 -1 0 0 -1 0 0 -1 0 0 -1 0 0 -1 0 0 -1 0 0 -1 0 0 -1 0 0 -1 0 0 -1 0 0 -1 0 0 -1 0 0 0 0.9914452 0.1305235 0 0.9914452 0.1305235 0 0.9914452 -0.1305235 0 0.9914452 -0.1305235 0 0.9238786 -0.3826858 0 0.9238786 -0.3826858 0 0.7933536 -0.608761 0 0.7933536 -0.608761 0 0.6087645 -0.793351 0 0.6087645 -0.793351 0 0.3826858 -0.9238786 0 0.3826858 -0.9238786 0 0.1305226 -0.9914453 0 0.1305226 -0.9914453 0 -0.1305235 -0.9914452 0 -0.1305235 -0.9914452 0 -0.3826858 -0.9238786 0 -0.3826858 -0.9238786 0 -0.608761 -0.7933536 0 -0.608761 -0.7933536 0 -0.7933571 -0.6087566 0 -0.7933571 -0.6087566 0 -0.9238786 -0.3826858 0 -0.9238786 -0.3826858 0 -0.9914443 -0.1305305 0 -0.9914443 -0.1305305 0 -0.9914443 0.1305305 0 -0.9914443 0.1305305 0 -0.9238786 0.3826858 0 -0.9238786 0.3826858 0 -0.7933571 0.6087566 0 -0.7933571 0.6087566 0 -0.608761 0.7933536 0 -0.608761 0.7933536 0 -0.3826797 0.9238811 0 -0.3826797 0.9238811 0 -0.1305305 0.9914443 0 -0.1305305 0.9914443 0 0.1305296 0.9914444 0 0.1305296 0.9914444 0 0.3826797 0.9238811 0 0.3826797 0.9238811 0 0.6087645 0.793351 0 0.6087645 0.793351 0 0.7933536 0.608761 0 0.7933536 0.608761 0 0.9238786 0.3826858 0 0.9238786 0.3826858 0 0.9914452 0.1305235 0 0.9914452 0.1305235 0 0.9914452 -0.1305235 0 0.9914452 -0.1305235 0 0.9238786 -0.3826858 0 0.9238786 -0.3826858 0 0.7933571 -0.6087566 0 0.7933571 -0.6087566 0 0.608761 -0.7933536 0 0.608761 -0.7933536 0 0.3826858 -0.9238786 0 0.3826858 -0.9238786 0 0.1305235 -0.9914452 0 0.1305235 -0.9914452 0 -0.1305226 -0.9914453 0 -0.1305226 -0.9914453 0 -0.3826858 -0.9238786 0 -0.3826858 -0.9238786 0 -0.608761 -0.7933536 0 -0.608761 -0.7933536 0 -0.7933571 -0.6087566 0 -0.7933571 -0.6087566 0 -0.9238786 -0.3826858 0 -0.9238786 -0.3826858 0 -0.9914452 -0.1305235 0 -0.9914452 -0.1305235 0 -0.9914452 0.1305235 0 -0.9914452 0.1305235 0 -0.9238786 0.3826858 0 -0.9238786 0.3826858 0 -0.7933571 0.6087566 0 -0.7933571 0.6087566 0 -0.608761 0.7933536 0 -0.608761 0.7933536 0 -0.3826797 0.9238811 0 -0.3826797 0.9238811 0 -0.1305296 0.9914444 0 -0.1305296 0.9914444 0 0.1305305 0.9914443 0 0.1305305 0.9914443 0 0.3826797 0.9238811 0 0.3826797 0.9238811 0 0.608761 0.7933536 0 0.608761 0.7933536 0 0.7933571 0.6087566 0 0.7933571 0.6087566 0 0.9238786 0.3826858 0 0.9238786 0.3826858 0 0.9914453 0.130523 0 0.9914453 0.130523 0 0.9914453 -0.130523 0 0.9914453 -0.130523 0 0.9238786 -0.3826858 0 0.9238786 -0.3826858 0 0.7933558 -0.6087583 0 0.7933558 -0.6087583 0 0.608761 -0.7933536 0 0.608761 -0.7933536 0 0.3826827 -0.9238798 0 0.3826827 -0.9238798 0 0.130527 -0.9914447 0 0.130527 -0.9914447 0 -0.1305261 -0.9914449 0 -0.1305261 -0.9914449 0 -0.3826827 -0.9238798 0 -0.3826827 -0.9238798 0 -0.608761 -0.7933536 0 -0.608761 -0.7933536 0 -0.7933558 -0.6087583 0 -0.7933558 -0.6087583 0 -0.9238786 -0.3826858 0 -0.9238786 -0.3826858 0 -0.9914453 -0.130523 0 -0.9914453 -0.130523 0 -0.9914453 0.130523 0 -0.9914453 0.130523 0 -0.9238786 0.3826858 0 -0.9238786 0.3826858 0 -0.7933558 0.6087583 0 -0.7933558 0.6087583 0 -0.608761 0.7933536 0 -0.608761 0.7933536 0 -0.3826827 0.9238798 0 -0.3826827 0.9238798 0 -0.1305261 0.9914449 0 -0.1305261 0.9914449 0 0.130527 0.9914447 0 0.130527 0.9914447 0 0.3826827 0.9238798 0 0.3826827 0.9238798 0 0.608761 0.7933536 0 0.608761 0.7933536 0 0.7933558 0.6087583 0 0.7933558 0.6087583 0 0.9238786 0.3826858 0 0.9238786 0.3826858 0 0.9914453 0.130523 0 0.9914453 0.130523 0 0.9914453 -0.130523 0 0.9914453 -0.130523 0 0.9238786 -0.3826858 0 0.9238786 -0.3826858 0 0.7933523 -0.6087628 0 0.7933523 -0.6087628 0 0.6087645 -0.793351 0 0.6087645 -0.793351 0 0.3826827 -0.9238798 0 0.3826827 -0.9238798 0 0.1305261 -0.9914449 0 0.1305261 -0.9914449 0 -0.130527 -0.9914447 0 -0.130527 -0.9914447 0 -0.3826827 -0.9238798 0 -0.3826827 -0.9238798 0 -0.608761 -0.7933536 0 -0.608761 -0.7933536 0 -0.7933558 -0.6087583 0 -0.7933558 -0.6087583 0 -0.9238786 -0.3826858 0 -0.9238786 -0.3826858 0 -0.9914444 -0.1305301 0 -0.9914444 -0.1305301 0 -0.9914444 0.1305301 0 -0.9914444 0.1305301 0 -0.9238786 0.3826858 0 -0.9238786 0.3826858 0 -0.7933558 0.6087583 0 -0.7933558 0.6087583 0 -0.608761 0.7933536 0 -0.608761 0.7933536 0 -0.3826827 0.9238798 0 -0.3826827 0.9238798 0 -0.130527 0.9914447 0 -0.130527 0.9914447 0 0.1305261 0.9914449 0 0.1305261 0.9914449 0 0.3826827 0.9238798 0 0.3826827 0.9238798 0 0.6087645 0.793351 0 0.6087645 0.793351 0 0.7933523 0.6087628 0 0.7933523 0.6087628 0 0.9238786 0.3826858 0 0.9238786 0.3826858 0.7040634 0.7040618 0.09269237 0.7040644 0.7040611 0.09268945 0.7040642 0.7040609 -0.09269219 0.7040631 0.7040624 -0.09268963 0.7040633 0.6560817 -0.2717565 0.7040646 0.6560794 -0.2717589 0.7040645 0.563387 -0.4323058 0.7040631 0.5633901 -0.432304 0.7040632 0.4323043 -0.5633898 0.7040621 0.432307 -0.563389 0.7040625 0.2717612 -0.6560807 0.7040631 0.2717595 -0.6560808 0.704063 0.09268838 -0.7040627 0.7040628 0.09268903 -0.7040628 0.7040628 -0.09268885 -0.7040628 0.7040631 -0.09268963 -0.7040623 0.704063 -0.271761 -0.6560802 0.7040624 -0.2717598 -0.6560814 0.7040625 -0.432303 -0.5633917 0.7040631 -0.432304 -0.5633901 0.7040632 -0.5633898 -0.4323043 0.7040649 -0.5633912 -0.4322997 0.7040644 -0.6560809 -0.2717561 0.7040631 -0.6560808 -0.2717595 0.7040634 -0.7040618 -0.09269237 0.7040624 -0.7040624 -0.09269469 0.7040625 -0.7040625 0.09269249 0.7040635 -0.7040614 0.09269458 0.7040633 -0.6560817 0.2717565 0.7040646 -0.6560794 0.2717589 0.7040647 -0.5633886 0.4323035 0.7040628 -0.5633927 0.4323009 0.704063 -0.4323027 0.5633912 0.7040624 -0.4323045 0.5633908 0.7040622 -0.2717582 0.6560822 0.7040634 -0.271755 0.6560823 0.7040634 -0.09269237 0.7040618 0.7040624 -0.09269469 0.7040624 0.7040626 0.09269201 0.7040626 0.7040634 0.09269392 0.7040615 0.7040632 0.2717579 0.6560813 0.7040621 0.2717555 0.6560835 0.7040623 0.4323048 0.5633905 0.7040634 0.4323063 0.5633881 0.7040634 0.5633879 0.4323065 0.7040647 0.563389 0.432303 0.7040644 0.6560809 0.2717561 0.7040631 0.6560808 0.2717595 0.7040634 0.7040618 0.09269237 0.7040644 0.7040611 0.09268945 0.7040642 0.7040609 -0.09269219 0.7040631 0.7040624 -0.09268963 0.7040633 0.6560817 -0.2717565 0.7040646 0.6560794 -0.2717589 0.7040647 0.5633886 -0.4323035 0.7040628 0.5633927 -0.4323009 0.704063 0.4323027 -0.5633912 0.7040624 0.4323045 -0.5633908 0.7040625 0.2717612 -0.6560807 0.7040631 0.2717595 -0.6560808 0.7040631 0.09268879 -0.7040625 0.7040628 0.09268969 -0.7040627 0.7040628 -0.09268838 -0.7040628 0.7040631 -0.09268897 -0.7040625 0.704063 -0.271761 -0.6560802 0.7040624 -0.2717598 -0.6560814 0.7040625 -0.432303 -0.5633917 0.7040631 -0.432304 -0.5633901 0.7040632 -0.5633898 -0.4323043 0.7040649 -0.5633912 -0.4322997 0.7040644 -0.6560809 -0.2717561 0.7040631 -0.6560808 -0.2717595 0.7040634 -0.7040618 -0.09269237 0.7040644 -0.7040611 -0.09268945 0.7040642 -0.7040609 0.09269219 0.7040631 -0.7040624 0.09268963 0.7040633 -0.6560817 0.2717565 0.7040646 -0.6560794 0.2717589 0.7040647 -0.5633886 0.4323035 0.7040628 -0.5633927 0.4323009 0.704063 -0.4323027 0.5633912 0.7040624 -0.4323045 0.5633908 0.7040622 -0.2717582 0.6560822 0.7040634 -0.271755 0.6560823 0.7040632 -0.09269189 0.7040619 0.7040625 -0.09269404 0.7040625 0.7040625 0.09269249 0.7040625 0.7040634 0.09269458 0.7040613 0.7040632 0.2717579 0.6560813 0.7040621 0.2717555 0.6560835 0.7040625 0.432303 0.5633917 0.7040631 0.432304 0.5633901 0.7040632 0.5633898 0.4323043 0.7040649 0.5633912 0.4322997 0.7040644 0.6560809 0.2717561 0.7040631 0.6560808 0.2717595 0.7040632 0.7040619 0.09269213 0.7040644 0.7040611 0.09268915 0.7040642 0.704061 -0.09269195 0.7040631 0.7040625 -0.09268933 0.7040632 0.6560813 -0.2717579 0.704064 0.6560801 -0.2717592 0.7040637 0.5633901 -0.4323032 0.7040629 0.5633917 -0.4323021 0.7040631 0.4323037 -0.5633903 0.704063 0.432304 -0.5633902 0.704063 0.2717579 -0.6560814 0.7040633 0.2717573 -0.6560815 0.7040634 0.09269237 -0.7040618 0.7040634 0.09269207 -0.7040618 0.7040634 -0.09269189 -0.7040618 0.7040632 -0.09269148 -0.704062 0.7040632 -0.2717579 -0.6560813 0.704063 -0.2717574 -0.6560818 0.704063 -0.4323038 -0.5633903 0.7040631 -0.432304 -0.5633901 0.7040631 -0.5633905 -0.4323035 0.7040638 -0.563391 -0.4323016 0.7040638 -0.6560808 -0.2717576 0.7040631 -0.6560808 -0.2717595 0.7040632 -0.7040619 -0.09269213 0.7040644 -0.7040611 -0.09268915 0.7040642 -0.704061 0.09269195 0.7040631 -0.7040625 0.09268933 0.7040632 -0.6560813 0.2717579 0.704064 -0.6560801 0.2717592 0.7040637 -0.5633901 0.4323032 0.7040629 -0.5633917 0.4323021 0.7040631 -0.4323037 0.5633903 0.704063 -0.432304 0.5633902 0.704063 -0.2717579 0.6560814 0.7040633 -0.2717573 0.6560815 0.7040632 -0.09269189 0.7040619 0.7040634 -0.09269142 0.7040618 0.7040634 0.09269237 0.7040617 0.7040633 0.09269213 0.7040619 0.7040632 0.2717579 0.6560813 0.704063 0.2717574 0.6560818 0.704063 0.4323038 0.5633903 0.7040631 0.432304 0.5633901 0.7040631 0.5633905 0.4323035 0.7040638 0.563391 0.4323016 0.7040638 0.6560808 0.2717576 0.7040631 0.6560808 0.2717595 0.7040632 0.7040619 0.09269213 0.7040644 0.7040611 0.09268915 0.7040642 0.704061 -0.09269195 0.7040631 0.7040625 -0.09268933 0.7040632 0.6560813 -0.2717579 0.704064 0.6560801 -0.2717592 0.7040635 0.5633884 -0.4323055 0.7040632 0.5633891 -0.4323051 0.7040632 0.4323054 -0.5633888 0.7040628 0.4323066 -0.5633885 0.704063 0.2717579 -0.6560814 0.7040633 0.2717573 -0.6560815 0.7040632 0.09269189 -0.7040619 0.7040634 0.09269142 -0.7040618 0.7040634 -0.09269237 -0.7040617 0.7040633 -0.09269213 -0.7040619 0.7040632 -0.2717579 -0.6560813 0.704063 -0.2717574 -0.6560818 0.704063 -0.4323038 -0.5633903 0.7040631 -0.432304 -0.5633901 0.7040631 -0.5633905 -0.4323035 0.7040638 -0.563391 -0.4323016 0.7040638 -0.6560808 -0.2717576 0.7040631 -0.6560808 -0.2717595 0.7040632 -0.7040619 -0.09269213 0.7040624 -0.7040625 -0.0926944 0.7040626 -0.7040626 0.09269225 0.7040634 -0.7040615 0.09269422 0.7040632 -0.6560813 0.2717579 0.704064 -0.6560801 0.2717592 0.7040637 -0.5633901 0.4323032 0.7040629 -0.5633917 0.4323021 0.7040631 -0.4323037 0.5633903 0.704063 -0.432304 0.5633902 0.704063 -0.2717579 0.6560814 0.7040633 -0.2717573 0.6560815 0.7040634 -0.09269237 0.7040618 0.7040634 -0.09269207 0.7040618 0.7040634 0.09269189 0.7040618 0.7040632 0.09269148 0.704062 0.7040632 0.2717579 0.6560813 0.704063 0.2717574 0.6560818 0.7040628 0.4323056 0.5633891 0.7040634 0.4323063 0.5633881 0.7040632 0.5633887 0.4323056 0.7040635 0.5633888 0.4323049 0.7040638 0.6560808 0.2717576 0.7040631 0.6560808 0.2717595 1 0 0 1 0 0 1 0 0 1 0 0 1 0 0 1 0 0 1 0 0 1 0 0 1 0 0 1 0 0 1 0 0 1 0 0 1 0 0 1 0 0 1 0 0 1 0 0 1 0 0 1 0 0 1 0 0 1 0 0 1 0 0 1 0 0 1 0 0 1 0 0 1 0 0 1 0 0 1 0 0 1 0 0 1 0 0 1 0 0 1 0 0 1 0 0 1 0 0 1 0 0 1 0 0 1 0 0 1 0 0 1 0 0 1 0 0 1 0 0 1 0 0 1 0 0 1 0 0 1 0 0 1 0 0 1 0 0 1 0 0 1 0 0 1 0 0 1 0 0 1 0 0 1 0 0 1 0 0 1 0 0 1 0 0 1 0 0 1 0 0 1 0 0 1 0 0 1 0 0 1 0 0 1 0 0 1 0 0 1 0 0 1 0 0 1 0 0 1 0 0 1 0 0 1 0 0 1 0 0 1 0 0 1 0 0 1 0 0 1 0 0 1 0 0 1 0 0 1 0 0 1 0 0 1 0 0 1 0 0 1 0 0 1 0 0 1 0 0 1 0 0 1 0 0 1 0 0 1 0 0 1 0 0 1 0 0 1 0 0 1 0 0 1 0 0 1 0 0 1 0 0 1 0 0 1 0 0 1 0 0 1 0 0 1 0 0 1 0 0 1 0 0 1 0 0 1 0 0 1 0 0 1 0 0 1 0 0 1 0 0 1 0 0 1 0 0 1 0 0 1 0 0 1 0 0 0.7071061 -0.7071075 0 0.7071061 -0.7071075 0 0.7071062 -0.7071074 0 0.7069606 -0.707253 1.64902e-4 0 0 -1 0 0 -1 0 0 -1 0 0 -1 0.7071061 0.7071074 4.84605e-4 0.7071068 0.7071068 -7.72493e-7 0.7071062 0.7071074 0 0.7071061 0.7071075 0 0 0 1 0 0 1 0 0 1 0 0 1 0 0 1 0 1 0 0 1 0 0 0 -1 0 0 -1 0 -1 0 0 -1 0 1 0 0 1 0 0 1 0 0 1 0 0 1 0 0 1 0 0 1 0 0 1 0 0 1 0 0 1 0 0 1 0 0 1 0 0 1 0 0 1 0 0 1 0 0 1 0 0 1 0 0 1 0 0 1 0 0 1 0 0 1 0 0 1 0 0 1 0 0 1 0 0 1 0 0 1 0 0 1 0 0 1 0 0 1 0 0 1 0 0 1 0 0 1 0 0 1 0 0 1 0 0 1 0 0 1 0 0 1 0 0 1 0 0 1 0 0 1 0 0 1 0 0 1 0 0 1 0 0 1 0 0 1 0 0 1 0 0 1 0 0 1 0 0 1 0 0 1 0 0 1 0 0 1 0 0 1 0 0 1 0 0 1 0 0 1 0 0 1 0 0 1 0 0 1 0 0 1 0 0 1 0 0 1 0 0 1 0 0 1 0 0 1 0 0 1 0 0 1 0 0 1 0 0 1 0 0 1 0 0 1 0 0 1 0 0 1 0 0 1 0 0 1 0 0 1 0 0 1 0 0 1 0 0 1 0 0 1 0 0 1 0 0 1 0 0 1 0 0 1 0 0 1 0 0 1 0 0 1 0 0 1 0 0 1 0 0 1 0 0 1 0 0 1 0 0 1 0 0 1 0 0 1 0 0 1 0 0 1 0 0 1 0 0 1 0 0 1 0 0 1 0 0 1 0 0 1 0 0 1 0 0 1 0 0 1 0 0 1 0 0 1 0 0 1 0 0 1 0 0 1 0 0 1 0 0 1 0 0 1 0 0 1 0 0 1 0 0 1 0 0 1 0 0 1 0 0 1 0 0 1 0 0 1 0 0 1 0 0 1 0 0 1 0 0 1 0 0 1 0 0 1 0 0 1 0 0 1 0 0 1 0 0 1 0 0 1 0 0 1 0 0 1 0 0 1 0 0 1 0 0 1 0 0 1 0 0 1 0 0 1 0 0 1 0 0 1 0 0 1 0 0 1 0 0 1 0 0 1 0 0 -0.1451436 -0.9809762 -0.1289147 -0.1451433 -0.9809762 -0.1289147 -0.1451433 -0.9809158 0.1293739 -0.1451376 -0.9809166 0.1293745 -0.1451385 -0.9140079 0.378846 -0.1451463 -0.9140071 0.378845 -0.1451469 -0.7848106 0.6024987 -0.1451566 -0.7848099 0.6024973 -0.1451544 -0.6021302 0.785092 -0.1451519 -0.6021302 0.7850924 -0.1451516 -0.3784161 0.9141839 -0.1451509 -0.3784162 0.914184 -0.14515 -0.1289142 0.9809753 -0.1451505 -0.1289142 0.9809752 -0.1451479 0.1293738 0.9809152 -0.1451474 0.1293738 0.9809153 -0.1451437 0.3788458 0.9140072 -0.1451548 0.3788444 0.9140061 -0.1451582 0.6024976 0.7848094 -0.1451546 0.6024981 0.7848097 -0.145156 0.7850915 0.6021305 -0.1451387 0.7850943 0.602131 -0.1451368 0.9141862 0.3784162 -0.1451655 0.9141815 0.3784165 -0.1451669 0.9809728 0.1289142 -0.1451433 0.9809765 0.1289131 -0.1451433 0.9809158 -0.1293739 -0.1451376 0.9809166 -0.1293745 -0.1451385 0.9140079 -0.378846 -0.1451463 0.9140071 -0.378845 -0.1451469 0.7848106 -0.6024987 -0.1451566 0.7848099 -0.6024973 -0.1451544 0.6021302 -0.785092 -0.1451519 0.6021302 -0.7850924 -0.1451516 0.3784163 -0.9141839 -0.1451509 0.3784164 -0.914184 -0.14515 0.1289138 -0.9809753 -0.1451506 0.1289138 -0.9809753 -0.1451479 -0.1293736 -0.9809151 -0.1451447 -0.1293739 -0.9809157 -0.1451473 -0.3788451 -0.9140069 -0.1451545 -0.3788442 -0.9140062 -0.1451582 -0.6024976 -0.7848094 -0.1451546 -0.6024981 -0.7848097 -0.145156 -0.7850915 -0.6021305 -0.1451387 -0.7850943 -0.602131 -0.1451368 -0.9141862 -0.3784162 -0.1451436 -0.9141851 -0.3784164 -0.9914889 0.1290734 -0.01702362 -0.9914887 0.1290749 -0.01702392 -0.9914888 0.1290829 0.0169633 -0.9914889 0.1290814 0.01696318 -0.9914888 0.1202927 0.04979401 -0.9914884 0.1202958 0.04979503 -0.9914885 0.1033087 0.07923305 -0.9914888 0.1033074 0.07923215 -0.9914886 0.07928049 0.1032703 -0.9914885 0.07928156 0.1032716 -0.9914886 0.04985117 0.1202716 -0.9914887 0.04985088 0.120271 -0.9914886 0.01702386 0.1290751 -0.9914887 0.0170238 0.1290748 -0.9914888 -0.0169633 0.129083 -0.9914887 -0.0169633 0.1290832 -0.9914885 -0.04979461 0.1202947 -0.9914887 -0.04979437 0.1202939 -0.9914886 -0.07923209 0.1033074 -0.9914889 -0.07923126 0.1033062 -0.9914889 -0.1032689 0.0792793 -0.9914887 -0.1032702 0.07928049 -0.9914888 -0.1202706 0.04985088 -0.9914889 -0.1202695 0.04985028 -0.9914889 -0.1290735 0.01702362 -0.9914887 -0.1290749 0.01702392 -0.9914888 -0.1290829 -0.0169633 -0.9914889 -0.1290814 -0.01696318 -0.9914888 -0.1202928 -0.04979401 -0.9914884 -0.1202958 -0.04979503 -0.9914885 -0.1033087 -0.07923305 -0.9914888 -0.1033074 -0.07923215 -0.9914886 -0.07928049 -0.1032703 -0.9914888 -0.07928031 -0.1032701 -0.9914888 -0.0498507 -0.1202705 -0.9914886 -0.04985094 -0.120271 -0.9914886 -0.0170238 -0.1290751 -0.9914887 -0.01702374 -0.1290748 -0.9914888 0.0169633 -0.129083 -0.9914887 0.0169633 -0.1290832 -0.9914885 0.04979461 -0.1202947 -0.9914887 0.04979449 -0.1202943 -0.9914886 0.07923227 -0.1033077 -0.9914887 0.07923233 -0.1033077 -0.9914886 0.1032708 -0.07928085 -0.9914888 0.1032703 -0.07928031 -0.9914888 0.1202706 -0.04985088 -0.9914889 0.1202694 -0.04985022 -0.3918927 0.9121119 -0.1202997 -0.3918983 0.9121095 -0.1202989 -0.3918978 0.8498947 -0.3522712 -0.3918919 0.8498968 -0.3522726 -0.3918915 0.7297633 -0.5602381 -0.3918948 0.7297623 -0.5602369 -0.3918932 0.5598959 -0.7300248 -0.3918928 0.5598959 -0.730025 -0.3918908 0.351874 -0.8500626 -0.3918925 0.3518738 -0.8500618 -0.3918898 0.1198717 -0.9121695 -0.3918873 0.1198717 -0.9121706 -0.391888 -0.1202995 -0.912114 -0.3918935 -0.1202988 -0.9121116 -0.3918936 -0.3522716 -0.8498966 -0.3918877 -0.352273 -0.8498988 -0.3918862 -0.5602399 -0.7297646 -0.3918888 -0.5602392 -0.7297639 -0.3918886 -0.7300267 -0.5598967 -0.3918945 -0.7300244 -0.5598955 -0.3918949 -0.8500611 -0.3518729 -0.391898 -0.8500598 -0.3518727 -0.3918986 -0.9121657 -0.119872 -0.3918927 -0.9121683 -0.1198719 -0.3918927 -0.9121119 0.1202997 -0.3918983 -0.9121095 0.1202989 -0.3918978 -0.8498947 0.3522712 -0.3918919 -0.8498968 0.3522726 -0.3918915 -0.7297633 0.5602381 -0.391879 -0.7297668 0.560242 -0.3918809 -0.5598991 0.730029 -0.3918803 -0.5598993 0.7300293 -0.391883 -0.3518751 0.8500657 -0.3918924 -0.3518742 0.8500616 -0.3918898 -0.1198722 0.9121693 -0.3918871 -0.1198721 0.9121706 -0.391888 0.1202995 0.912114 -0.3918885 0.1202995 0.9121137 -0.3918889 0.3522725 0.8498983 -0.3918874 0.3522729 0.8498989 -0.3918862 0.5602399 0.7297646 -0.3918888 0.5602392 0.7297639 -0.3918886 0.7300267 0.5598967 -0.3918945 0.7300244 0.5598955 -0.3918949 0.8500605 0.3518743 -0.3918792 0.8500672 0.3518757 -0.3918783 0.9121745 0.1198716 -0.3918927 0.9121683 0.1198719 -0.6135268 0.782894 -0.1032566 -0.6135336 0.7828888 -0.1032553 -0.6135335 0.7294878 -0.3023644 -0.6135421 0.7294818 -0.3023611 -0.6135409 0.6263695 -0.4808626 -0.6135296 0.6263759 -0.4808687 -0.61353 0.4805746 -0.6266012 -0.613529 0.480575 -0.6266018 -0.6135308 0.302023 -0.7296314 -0.613531 0.302023 -0.7296313 -0.6135315 0.1028888 -0.7829386 -0.6135342 0.1028888 -0.7829366 -0.6135342 -0.1032555 -0.7828883 -0.6135303 -0.1032562 -0.7828913 -0.6135311 -0.3023648 -0.7294896 -0.6135328 -0.3023642 -0.7294885 -0.613533 -0.4808668 -0.6263739 -0.6135258 -0.4808708 -0.6263779 -0.6135237 -0.626605 -0.4805776 -0.6135291 -0.6266014 -0.4805754 -0.6135284 -0.7296332 -0.3020235 -0.6135323 -0.7296304 -0.3020226 -0.6135321 -0.7829382 -0.1028892 -0.6135267 -0.7829425 -0.1028892 -0.6135268 -0.782894 0.1032566 -0.6135337 -0.7828887 0.1032553 -0.6135335 -0.7294878 0.3023644 -0.6135284 -0.7294912 0.3023664 -0.6135289 -0.6263763 0.4808691 -0.6135417 -0.6263691 0.4808622 -0.6135392 -0.4805703 0.6265955 -0.6135382 -0.4805707 0.6265962 -0.6135366 -0.3020216 0.7296271 -0.6135308 -0.3020229 0.7296315 -0.6135316 -0.1028892 0.7829385 -0.6135305 -0.1028892 0.7829394 -0.6135305 0.1032562 0.7828911 -0.613534 0.1032555 0.7828884 -0.6135346 0.3023636 0.7294872 -0.6135325 0.3023644 0.7294886 -0.613533 0.4808668 0.6263739 -0.6135349 0.4808658 0.6263729 -0.6135356 0.6265977 0.4805719 -0.6135295 0.6266018 0.4805744 -0.6135284 0.7296332 0.3020235 -0.6135323 0.7296304 0.3020226 -0.6135321 0.7829382 0.1028892 -0.6135267 0.7829425 0.1028892 -0.7952648 0.6010571 -0.07927346 -0.7952587 0.6010649 -0.07927519 -0.7952589 0.5600662 -0.2321404 -0.7952567 0.5600687 -0.2321418 -0.7952572 0.4809015 -0.369188 -0.7952589 0.4808998 -0.3691865 -0.7952594 0.3689606 -0.4810724 -0.7952604 0.3689599 -0.4810713 -0.7952604 0.2318775 -0.560173 -0.795261 0.2318773 -0.5601723 -0.7952607 0.07899284 -0.6010993 -0.7952601 0.0789929 -0.6011002 -0.7952607 -0.07927465 -0.6010624 -0.795261 -0.07927459 -0.6010621 -0.7952611 -0.2321395 -0.5600634 -0.795259 -0.2321408 -0.5600658 -0.795258 -0.3691876 -0.4809005 -0.7952648 -0.3691816 -0.4808939 -0.7952659 -0.4810653 -0.3689557 -0.7952586 -0.4810734 -0.3689609 -0.7952583 -0.5601755 -0.2318786 -0.7952585 -0.5601752 -0.2318785 -0.7952584 -0.6011024 -0.07899302 -0.7952648 -0.6010941 -0.07899266 -0.7952648 -0.6010571 0.07927346 -0.7952587 -0.6010649 0.07927519 -0.7952588 -0.5600659 0.2321413 -0.795265 -0.5600588 0.2321376 -0.7952642 -0.4808946 0.3691817 -0.7952589 -0.4808998 0.3691865 -0.7952594 -0.3689606 0.4810724 -0.7952604 -0.3689599 0.4810713 -0.7952603 -0.2318774 0.5601731 -0.795261 -0.2318772 0.5601723 -0.7952607 -0.07899284 0.6010993 -0.7952623 -0.07899278 0.6010974 -0.7952629 0.07927399 0.6010596 -0.795261 0.07927459 0.6010621 -0.7952611 0.2321397 0.5600633 -0.795259 0.232141 0.5600658 -0.7952579 0.3691871 0.4809008 -0.7952592 0.369186 0.4808996 -0.7952588 0.4810733 0.3689607 -0.7952586 0.4810734 0.3689609 -0.7952583 0.5601755 0.2318786 -0.7952585 0.5601752 0.2318785 -0.7952584 0.6011024 0.07899302 -0.7952648 0.6010941 0.07899266 -0.9243981 0.3781545 -0.04987525 -0.9243969 0.3781571 -0.04987579 -0.9243969 0.352363 -0.1460502 -0.9243963 0.3523644 -0.1460509 -0.9243963 0.3025571 -0.2322729 -0.9243988 0.3025526 -0.2322689 -0.9243985 0.2321279 -0.3026618 -0.924398 0.2321285 -0.3026627 -0.9243977 0.1458845 -0.3524298 -0.9243974 0.1458847 -0.3524304 -0.9243972 0.04969805 -0.3781797 -0.9243972 0.04969805 -0.3781798 -0.9243971 -0.04987537 -0.3781566 -0.9243977 -0.04987514 -0.3781554 -0.9243973 -0.14605 -0.352362 -0.9243968 -0.1460505 -0.352363 -0.9243968 -0.232272 -0.3025563 -0.9243968 -0.2322719 -0.3025562 -0.9243966 -0.3026654 -0.2321302 -0.9243993 -0.3026601 -0.2321267 -0.9243996 -0.3524254 -0.1458827 -0.924398 -0.3524288 -0.1458838 -0.9243981 -0.3781776 -0.04969811 -0.924398 -0.3781778 -0.04969811 -0.9243981 -0.3781545 0.04987525 -0.9243969 -0.3781571 0.04987579 -0.9243969 -0.352363 0.1460502 -0.9243963 -0.3523644 0.1460509 -0.9243963 -0.3025571 0.2322729 -0.924396 -0.3025577 0.2322733 -0.9243963 -0.232131 0.3026659 -0.924398 -0.2321288 0.3026625 -0.9243976 -0.1458844 0.3524298 -0.9243981 -0.145884 0.3524286 -0.9243981 -0.04969793 0.3781775 -0.9243972 -0.04969805 0.3781798 -0.9243971 0.04987537 0.3781566 -0.9243967 0.04987555 0.3781576 -0.9243965 0.1460508 0.3523638 -0.9243981 0.146049 0.3523602 -0.9243989 0.2322689 0.3025522 -0.9243968 0.2322721 0.3025558 -0.9243966 0.3026654 0.2321302 -0.9243993 0.3026601 0.2321267 -0.9243996 0.3524254 0.1458827 -0.924398 0.352429 0.1458839 -0.924398 0.3781777 0.04969811 -0.924398 0.3781778 0.04969811 -0.1451669 -0.9809728 -0.1289142 -0.1451433 -0.9809765 -0.1289131 -0.1451433 -0.9809158 0.1293739 -0.1451609 -0.9809134 0.1293723 -0.1451602 -0.9140051 0.3788449 -0.1451682 -0.9140042 0.3788439 -0.1451656 -0.7848084 0.602497 -0.1451565 -0.7848091 0.6024984 -0.1451544 -0.6021302 0.785092 -0.1451519 -0.6021302 0.7850924 -0.1451516 -0.3784161 0.9141839 -0.1451509 -0.3784162 0.914184 -0.14515 -0.1289142 0.9809753 -0.1451505 -0.1289142 0.9809752 -0.1451479 0.129374 0.9809151 -0.1451506 0.1293737 0.9809147 -0.1451528 0.3788446 0.9140063 -0.1451548 0.3788444 0.9140061 -0.1451582 0.6024976 0.7848094 -0.1451546 0.6024981 0.7848097 -0.145156 0.7850922 0.6021294 -0.1451573 0.7850921 0.6021294 -0.1451587 0.9141826 0.3784165 -0.1451443 0.914185 0.3784163 -0.1451438 0.9809762 0.1289147 -0.1451433 0.9809762 0.1289147 -0.1451433 0.9809158 -0.1293739 -0.1451376 0.9809166 -0.1293745 -0.1451385 0.9140079 -0.378846 -0.1451463 0.9140071 -0.378845 -0.1451469 0.7848106 -0.6024987 -0.1451566 0.7848099 -0.6024973 -0.1451544 0.6021302 -0.785092 -0.1451519 0.6021302 -0.7850924 -0.1451516 0.3784163 -0.9141839 -0.1451509 0.3784164 -0.914184 -0.14515 0.1289138 -0.9809753 -0.1451506 0.1289138 -0.9809753 -0.1451479 -0.1293733 -0.9809152 -0.1451416 -0.1293739 -0.9809161 -0.1451383 -0.3788462 -0.9140079 -0.1451545 -0.3788442 -0.9140062 -0.1451582 -0.6024976 -0.7848094 -0.1451546 -0.6024981 -0.7848097 -0.145156 -0.7850915 -0.6021305 -0.1451387 -0.7850943 -0.602131 -0.1451368 -0.9141862 -0.3784162 -0.1451655 -0.9141815 -0.3784165 -0.9914889 0.1290734 -0.01702362 -0.9914887 0.1290749 -0.01702392 -0.9914886 0.1290829 0.01696348 -0.9914885 0.1290845 0.0169636 -0.9914886 0.1202955 0.04979491 -0.9914884 0.1202958 0.04979503 -0.9914885 0.1033087 0.07923305 -0.9914888 0.1033072 0.07923203 -0.9914887 0.07928031 0.1032701 -0.9914888 0.07928031 0.1032701 -0.9914888 0.0498507 0.1202706 -0.9914887 0.04985094 0.120271 -0.9914886 0.0170238 0.1290751 -0.9914886 0.01702386 0.1290752 -0.9914888 -0.01696324 0.1290826 -0.9914887 -0.0169633 0.1290832 -0.9914885 -0.04979461 0.1202947 -0.9914887 -0.04979437 0.1202939 -0.9914886 -0.07923209 0.1033074 -0.9914887 -0.07923233 0.1033077 -0.9914886 -0.1032708 0.07928085 -0.9914888 -0.1032703 0.07928031 -0.9914888 -0.1202706 0.04985088 -0.9914889 -0.1202695 0.04985028 -0.9914889 -0.1290735 0.01702362 -0.9914887 -0.1290749 0.01702392 -0.9914888 -0.1290829 -0.0169633 -0.9914889 -0.1290814 -0.01696318 -0.9914889 -0.1202929 -0.04979383 -0.9914888 -0.1202932 -0.04979395 -0.9914888 -0.1033067 -0.07923167 -0.9914888 -0.1033074 -0.07923215 -0.9914886 -0.07928049 -0.1032703 -0.9914885 -0.07928156 -0.1032716 -0.9914886 -0.04985117 -0.1202716 -0.9914887 -0.04985088 -0.120271 -0.9914886 -0.0170238 -0.1290751 -0.9914887 -0.01702374 -0.1290748 -0.9914888 0.0169633 -0.129083 -0.9914887 0.0169633 -0.1290832 -0.9914886 0.04979461 -0.1202948 -0.9914887 0.04979437 -0.1202939 -0.9914886 0.07923209 -0.1033074 -0.9914889 0.07923126 -0.1033062 -0.9914889 0.1032689 -0.0792793 -0.9914887 0.1032702 -0.07928049 -0.9914888 0.1202706 -0.04985088 -0.9914889 0.1202694 -0.04985022 -0.3918927 0.9121119 -0.1202997 -0.3918983 0.9121095 -0.1202989 -0.3918978 0.8498947 -0.3522712 -0.3918919 0.8498968 -0.3522726 -0.3918915 0.7297633 -0.5602381 -0.391879 0.7297668 -0.560242 -0.3918809 0.5598991 -0.730029 -0.3918803 0.5598993 -0.7300293 -0.391883 0.3518753 -0.8500655 -0.3918848 0.3518751 -0.8500648 -0.3918871 0.1198719 -0.9121706 -0.3918871 0.1198719 -0.9121706 -0.391888 -0.1202995 -0.912114 -0.3918935 -0.1202988 -0.9121116 -0.3918936 -0.3522716 -0.8498966 -0.3918877 -0.352273 -0.8498988 -0.3918862 -0.5602399 -0.7297646 -0.3918888 -0.5602392 -0.7297639 -0.3918886 -0.7300267 -0.5598967 -0.3918945 -0.7300244 -0.5598955 -0.3918949 -0.8500605 -0.3518743 -0.3918792 -0.8500672 -0.3518757 -0.3918783 -0.9121745 -0.1198716 -0.3918927 -0.9121683 -0.1198719 -0.3918927 -0.9121121 0.1202982 -0.3918781 -0.9121181 0.1203001 -0.391879 -0.8499022 0.3522744 -0.3918731 -0.8499042 0.3522757 -0.3918752 -0.729768 0.5602433 -0.3918948 -0.7297623 0.5602369 -0.3918932 -0.5598959 0.7300248 -0.3918928 -0.5598959 0.730025 -0.3918908 -0.3518738 0.8500626 -0.3918925 -0.3518737 0.8500618 -0.3918898 -0.1198722 0.9121693 -0.3918871 -0.1198721 0.9121706 -0.391888 0.1202995 0.912114 -0.3918885 0.1202995 0.9121137 -0.3918889 0.3522725 0.8498983 -0.3918874 0.3522729 0.8498989 -0.3918862 0.5602399 0.7297646 -0.3918888 0.5602392 0.7297639 -0.3918886 0.7300267 0.5598967 -0.3918945 0.7300244 0.5598955 -0.3918949 0.8500611 0.3518729 -0.391898 0.8500598 0.3518727 -0.3918986 0.9121657 0.119872 -0.3918927 0.9121683 0.1198719 -0.6135268 0.782894 -0.1032566 -0.6135336 0.7828888 -0.1032553 -0.6135335 0.7294878 -0.3023644 -0.6135284 0.7294912 -0.3023664 -0.6135289 0.6263763 -0.4808691 -0.6135417 0.6263691 -0.4808622 -0.6135392 0.4805703 -0.6265955 -0.6135382 0.4805707 -0.6265962 -0.6135366 0.3020213 -0.7296273 -0.6135366 0.3020213 -0.7296273 -0.6135336 0.1028888 -0.7829371 -0.6135342 0.1028888 -0.7829366 -0.6135342 -0.1032555 -0.7828883 -0.6135303 -0.1032562 -0.7828913 -0.6135311 -0.3023648 -0.7294896 -0.6135328 -0.3023642 -0.7294885 -0.613533 -0.4808668 -0.6263739 -0.6135349 -0.4808658 -0.6263729 -0.6135356 -0.6265977 -0.4805719 -0.6135295 -0.6266018 -0.4805744 -0.6135284 -0.7296332 -0.3020235 -0.6135323 -0.7296304 -0.3020226 -0.6135321 -0.7829382 -0.1028892 -0.6135267 -0.7829425 -0.1028892 -0.6135268 -0.782894 0.1032566 -0.6135337 -0.7828887 0.1032553 -0.6135335 -0.7294878 0.3023644 -0.6135421 -0.7294818 0.3023611 -0.6135409 -0.6263695 0.4808626 -0.6135296 -0.6263759 0.4808687 -0.61353 -0.4805746 0.6266012 -0.613529 -0.480575 0.6266018 -0.6135308 -0.3020229 0.7296315 -0.6135308 -0.3020229 0.7296315 -0.6135316 -0.1028892 0.7829385 -0.6135305 -0.1028892 0.7829394 -0.6135305 0.1032562 0.7828911 -0.613534 0.1032555 0.7828884 -0.6135346 0.3023636 0.7294872 -0.6135325 0.3023644 0.7294886 -0.613533 0.4808668 0.6263739 -0.6135258 0.4808708 0.6263779 -0.6135237 0.626605 0.4805776 -0.6135291 0.6266014 0.4805754 -0.6135284 0.7296332 0.3020235 -0.6135323 0.7296304 0.3020226 -0.6135321 0.7829382 0.1028892 -0.6135267 0.7829425 0.1028892 -0.7952648 0.6010571 -0.07927346 -0.7952587 0.6010649 -0.07927519 -0.7952588 0.5600659 -0.2321413 -0.795265 0.5600588 -0.2321376 -0.7952642 0.4808946 -0.3691817 -0.7952589 0.4808998 -0.3691865 -0.7952594 0.3689606 -0.4810724 -0.7952604 0.3689599 -0.4810713 -0.7952604 0.2318775 -0.560173 -0.795261 0.2318773 -0.5601723 -0.7952607 0.07899284 -0.6010993 -0.7952601 0.0789929 -0.6011002 -0.7952607 -0.07927465 -0.6010624 -0.795261 -0.07927459 -0.6010621 -0.7952611 -0.2321395 -0.5600634 -0.795259 -0.2321408 -0.5600658 -0.7952579 -0.3691871 -0.4809008 -0.7952592 -0.369186 -0.4808996 -0.7952588 -0.4810733 -0.3689607 -0.7952656 -0.4810657 -0.368956 -0.7952665 -0.5601655 -0.2318744 -0.7952586 -0.5601755 -0.2318776 -0.7952584 -0.6011024 -0.07899302 -0.7952648 -0.6010941 -0.07899266 -0.7952648 -0.6010571 0.07927346 -0.7952587 -0.6010649 0.07927519 -0.7952589 -0.5600662 0.2321404 -0.7952567 -0.5600687 0.2321418 -0.7952572 -0.4809015 0.369188 -0.7952589 -0.4808998 0.3691865 -0.7952594 -0.3689606 0.4810724 -0.7952604 -0.3689599 0.4810713 -0.7952603 -0.2318774 0.5601731 -0.795261 -0.2318772 0.5601723 -0.7952607 -0.07899284 0.6010993 -0.7952623 -0.07899278 0.6010974 -0.7952629 0.07927399 0.6010596 -0.795261 0.07927459 0.6010621 -0.7952611 0.2321397 0.5600633 -0.795259 0.232141 0.5600658 -0.795258 0.3691876 0.4809005 -0.7952648 0.3691816 0.4808939 -0.7952659 0.4810653 0.3689557 -0.7952586 0.4810734 0.3689609 -0.7952583 0.5601755 0.2318786 -0.7952585 0.5601752 0.2318785 -0.7952584 0.6011024 0.07899302 -0.7952648 0.6010941 0.07899266 -0.9243981 0.3781545 -0.04987525 -0.9243969 0.3781571 -0.04987579 -0.9243969 0.352363 -0.1460502 -0.9243963 0.3523644 -0.1460509 -0.9243963 0.3025571 -0.2322729 -0.924396 0.3025577 -0.2322733 -0.9243963 0.232131 -0.3026659 -0.924398 0.2321288 -0.3026625 -0.9243977 0.1458845 -0.3524298 -0.9243974 0.1458847 -0.3524304 -0.9243972 0.04969805 -0.3781797 -0.9243972 0.04969805 -0.3781798 -0.9243971 -0.04987537 -0.3781566 -0.9243977 -0.04987514 -0.3781554 -0.9243973 -0.14605 -0.352362 -0.9243983 -0.146049 -0.35236 -0.9243989 -0.2322689 -0.3025522 -0.9243968 -0.2322721 -0.3025558 -0.9243968 -0.3026651 -0.2321306 -0.9243965 -0.3026655 -0.232131 -0.9243963 -0.352433 -0.1458852 -0.924398 -0.3524288 -0.1458838 -0.9243981 -0.3781776 -0.04969811 -0.924398 -0.3781778 -0.04969811 -0.9243981 -0.3781545 0.04987525 -0.9243969 -0.3781571 0.04987579 -0.9243969 -0.352363 0.1460502 -0.9243963 -0.3523644 0.1460509 -0.9243963 -0.3025571 0.2322729 -0.9243988 -0.3025526 0.2322689 -0.9243985 -0.2321279 0.3026618 -0.924398 -0.2321285 0.3026627 -0.9243976 -0.1458844 0.3524298 -0.9243981 -0.145884 0.3524286 -0.9243981 -0.04969793 0.3781775 -0.9243972 -0.04969805 0.3781798 -0.9243971 0.04987537 0.3781566 -0.9243967 0.04987555 0.3781576 -0.9243965 0.1460508 0.3523638 -0.9243968 0.1460504 0.352363 -0.9243968 0.232272 0.3025563 -0.9243964 0.2322726 0.3025569 -0.9243963 0.3026659 0.2321306 -0.9243993 0.3026602 0.2321269 -0.9243996 0.3524254 0.1458827 -0.924398 0.352429 0.1458839 -0.924398 0.3781777 0.04969811 -0.924398 0.3781778 0.04969811 0.003716528 -0.9914074 0.1307576 -0.003446698 -0.999994 2.34751e-4 0.003716468 -0.9914688 -0.1302915 -0.003425598 -0.9684875 -0.2490389 0.003674149 -0.9239628 -0.3824646 -0.00336194 -0.8758378 -0.4825938 0.003589212 -0.7934911 -0.6085712 -0.003256022 -0.727897 -0.6856788 0.003461956 -0.6089434 -0.793206 -0.003107488 -0.5340032 -0.8454767 0.003292441 -0.3828973 -0.923785 -0.002916574 -0.3063957 -0.9518998 0.003080427 -0.130758 -0.9914095 -0.00268346 -0.05944526 -0.998228 0 0.033118 -0.9994514 -0.003425478 -0.9683704 0.2494935 0.003674209 -0.9237836 0.3828975 -0.003361761 -0.8756127 0.4830021 0.003589391 -0.7932062 0.6089426 -0.003255844 -0.7275756 0.6860198 0.003462076 -0.6085715 0.7934915 -0.003107368 -0.5336061 0.8457275 0.003292441 -0.3824647 0.9239643 -0.002916574 -0.3059495 0.9520433 0.003080427 -0.1302933 0.9914707 -0.002683401 -0.05897766 0.9982557 0 0.03358584 0.9994358 0.004334688 0.1307574 0.9914049 -0.003612458 0.1911066 0.9815627 0.003817617 0.3828966 0.9237834 -0.00305432 0.4286225 0.9034785 0.003218352 0.6089451 0.7932059 -0.002413809 0.6393475 0.7689141 0.002536773 0.7934926 0.6085747 -0.001691341 0.8101029 0.5862852 0.001773118 0.9239684 0.3824646 -8.86556e-4 0.9302196 0.3670025 9.27615e-4 0.9914749 0.1302947 0 0.9921844 0.1247802 0 0.9921259 -0.1252446 9.27574e-4 0.9914138 -0.1307585 -8.8661e-4 0.9300471 -0.3674393 0.001773178 0.9237883 -0.3828994 -0.001691222 0.8098291 -0.5866636 0.002536773 0.7932087 -0.6089446 -0.002413868 0.6389855 -0.769215 0.003218233 0.608572 -0.7934921 -0.00305432 0.4281999 -0.9036789 0.003817617 0.382464 -0.9239625 -0.003612458 0.1906463 -0.9816522 0.004334688 0.1302927 -0.9914661 0.005700469 -0.9913981 0.1307564 -0.005289971 -0.999986 2.34679e-4 0.005700409 -0.9914596 -0.1302903 -0.005258023 -0.9684607 -0.2491105 0.005636453 -0.9239544 -0.3824611 -0.005161881 -0.8757582 -0.4827224 0.005508244 -0.7934842 -0.608566 -0.005001783 -0.7277359 -0.6858392 0.005316138 -0.6089385 -0.7931997 -0.00477755 -0.5337421 -0.8456338 0.005060017 -0.3828945 -0.9237783 -0.004489183 -0.3060329 -0.9520103 0.00473988 -0.1307572 -0.9914031 -0.004137039 -0.05899083 -0.9982499 0.004355788 0.1302927 -0.9914661 -0.003720879 0.1917791 -0.9814311 0.003907561 0.3824639 -0.9239622 -0.003240823 0.4304336 -0.9026164 0.003395676 0.6085717 -0.7934916 -0.002696931 0.6419006 -0.7667832 0.002819716 0.7932081 -0.6089442 0 0.8045821 -0.5938416 -0.00122565 0.8120025 -0.5836527 -0.005257904 -0.9683438 0.2495651 0.005636513 -0.9237751 0.382894 -0.005161762 -0.875532 0.4831325 0.005508303 -0.7931993 0.6089373 -0.005001783 -0.7274144 0.6861802 0.005316197 -0.6085666 0.793485 -0.004777491 -0.5333459 0.8458838 0.005060017 -0.3824619 0.9239574 -0.004489183 -0.3055868 0.9521537 0.00473988 -0.1302924 0.9914643 -0.004137039 -0.0585227 0.9982776 0.004355728 0.1307574 0.9914048 -0.003720879 0.1922388 0.9813411 0.00390762 0.3828964 0.923783 -0.003240883 0.430857 0.9024145 0.003395557 0.6089436 0.7932062 -0.00269705 0.64226 0.7664822 0.002819597 0.7934931 0.6085728 -0.001270294 0.809884 0.5865888 0.001294136 0.9239683 0.3824669 -6.47173e-4 0.9310342 0.3649315 6.81479e-4 0.9914754 0.1302924 0 0.9922771 0.1240412 0 0.9922186 -0.1245083 6.81417e-4 0.991414 -0.1307585 -6.47216e-4 0.9308636 -0.3653663 0.001294255 0.923789 -0.3828997 0 0.8122762 0.583273 -0.9914436 0.130536 -3.06359e-5 -0.9914436 0.130536 -3.06323e-5 -0.9914435 -0.1305366 3.0636e-5 -0.9914435 -0.1305366 3.06402e-5 -0.923884 -0.3826725 8.98106e-5 -0.923884 -0.3826725 8.98053e-5 -0.7933534 -0.6087614 1.42872e-4 -0.7933534 -0.6087614 1.42873e-4 -0.6087549 -0.7933583 1.86196e-4 -0.6087549 -0.7933583 1.86204e-4 -0.3826829 -0.9238797 2.16829e-4 -0.3826829 -0.9238797 2.16845e-4 -0.1305296 -0.9914444 2.32686e-4 -0.1305296 -0.9914444 2.32689e-4 0.1305274 -0.9914447 2.32686e-4 0.1305274 -0.9914447 2.32685e-4 0.3826829 -0.9238797 2.16829e-4 0.382683 -0.9238797 2.16814e-4 0.6087628 -0.7933523 1.86195e-4 0.6087628 -0.7933523 1.86207e-4 0.7933534 -0.6087614 1.42872e-4 0.7933534 -0.6087614 1.42873e-4 0.9238783 -0.3826864 8.98139e-5 0.9238783 -0.3826864 8.98358e-5 0.9914456 -0.1305205 3.06323e-5 0.9914456 -0.1305205 3.06325e-5 0.9914457 0.13052 -3.06322e-5 0.9914457 0.13052 -3.06323e-5 0.9238777 0.3826879 -8.98143e-5 0.9238777 0.3826879 -8.98051e-5 0.7933534 0.6087614 -1.42872e-4 0.7933534 0.6087614 -1.42873e-4 0.6087653 0.7933503 -1.86194e-4 0.6087653 0.7933503 -1.86206e-4 0.3826829 0.9238797 -2.16828e-4 0.382683 0.9238797 -2.16813e-4 0.1305235 0.9914452 -2.32685e-4 0.1305235 0.9914452 -2.32685e-4 -0.1305256 0.991445 -2.32685e-4 -0.1305256 0.991445 -2.32681e-4 -0.3826829 0.9238797 -2.16828e-4 -0.3826829 0.9238797 -2.16844e-4 -0.6087574 0.7933564 -1.86195e-4 -0.6087575 0.7933564 -1.86204e-4 -0.7933534 0.6087614 -1.42872e-4 -0.7933534 0.6087613 -1.42873e-4 -0.9238834 0.3826739 -8.9811e-5 -0.9238834 0.3826739 -8.98056e-5 -0.9914436 0.130536 -3.06359e-5 -0.9914436 0.130536 -3.06323e-5 -0.9914436 -0.130536 3.06359e-5 -0.9914436 -0.130536 3.06323e-5 -0.9238834 -0.3826739 8.9811e-5 -0.9238834 -0.3826739 8.98056e-5 -0.7933534 -0.6087614 1.42872e-4 -0.7933534 -0.6087613 1.42873e-4 -0.6087574 -0.7933564 1.86195e-4 -0.6087575 -0.7933564 1.86204e-4 -0.3826795 -0.9238811 2.16829e-4 -0.3826795 -0.9238811 2.16814e-4 -0.1305296 -0.9914444 2.32685e-4 -0.1305296 -0.9914444 2.32689e-4 0.1305274 -0.9914447 2.32685e-4 0.1305275 -0.9914447 2.32685e-4 0.3826795 -0.9238811 2.16829e-4 0.3826795 -0.9238811 2.16845e-4 0.6087653 -0.7933503 1.86194e-4 0.6087653 -0.7933503 1.86206e-4 0.7933534 -0.6087614 1.42872e-4 0.7933534 -0.6087614 1.42873e-4 0.9238777 -0.3826879 8.98143e-5 0.9238777 -0.3826879 8.98051e-5 0.9914457 -0.13052 3.06322e-5 0.9914457 -0.13052 3.06323e-5 0.9914457 0.13052 -3.06322e-5 0.9914457 0.13052 -3.06323e-5 0.9238777 0.3826879 -8.98143e-5 0.9238777 0.3826878 -8.98052e-5 0.7933534 0.6087614 -1.42872e-4 0.7933534 0.6087614 -1.42873e-4 0.6087653 0.7933503 -1.86194e-4 0.6087653 0.7933503 -1.86206e-4 0.3826829 0.9238797 -2.16828e-4 0.382683 0.9238797 -2.16813e-4 0.1305235 0.9914452 -2.32685e-4 0.1305235 0.9914452 -2.32685e-4 -0.1305256 0.991445 -2.32685e-4 -0.1305256 0.991445 -2.32681e-4 -0.3826829 0.9238797 -2.16828e-4 -0.3826829 0.9238797 -2.16844e-4 -0.6087574 0.7933564 -1.86195e-4 -0.6087575 0.7933564 -1.86204e-4 -0.7933534 0.6087614 -1.42872e-4 -0.7933534 0.6087614 -1.42873e-4 -0.9238835 0.3826739 -8.98112e-5 -0.9238834 0.3826739 -8.98056e-5 0 -0.1307609 -0.9914139 0 -0.1307609 -0.9914139 0 -0.3828997 -0.9237899 0 -0.3828997 -0.9237899 0 -0.6089468 -0.7932111 0 -0.6089468 -0.7932111 0 -0.7934978 -0.6085731 0 -0.7934978 -0.6085731 0 -0.9239705 -0.3824636 0 -0.9239705 -0.3824636 0 -0.991474 -0.1303045 0 -0.991474 -0.1303045 0 -0.9914128 0.1307696 0 -0.9914128 0.1307696 0 -0.9237931 0.3828921 0 -0.9237931 0.3828921 0 -0.7932111 0.6089468 0 -0.7932111 0.6089468 0 -0.6085731 0.7934978 0 -0.6085731 0.7934978 0 -0.3824713 0.9239674 0 -0.3824713 0.9239674 0 -0.1302958 0.9914752 0 -0.1302958 0.9914752 0 0.1307609 0.9914139 0 0.1307609 0.9914139 0 0.3828997 0.9237899 0 0.3828997 0.9237899 0 0.6089468 0.7932111 0 0.6089468 0.7932111 0 0.7934978 0.6085731 0 0.7934978 0.6085731 0 0.9239643 0.3824789 0 0.9239643 0.3824789 0 0.9914764 0.130287 0 0.9914764 0.130287 0 0.9914151 -0.1307521 0 0.9914151 -0.1307521 0 0.9237867 -0.3829073 0 0.9237867 -0.3829073 0 0.7932111 -0.6089468 0 0.7932111 -0.6089468 0 0.6085731 -0.7934978 0 0.6085731 -0.7934978 0 0.3824636 -0.9239705 0 0.3824636 -0.9239705 0 0.1303045 -0.991474 0 0.1303045 -0.991474 0 -0.1307696 -0.9914128 0 -0.1307696 -0.9914128 0 -0.3828921 -0.9237931 0 -0.3828921 -0.9237931 0 -0.6089468 -0.7932111 0 -0.6089468 -0.7932111 0 -0.7934978 -0.6085731 0 -0.7934978 -0.6085731 0 -0.9239705 -0.3824636 0 -0.9239705 -0.3824636 0 -0.991474 -0.1303045 0 -0.991474 -0.1303045 0 -0.9914128 0.1307696 0 -0.9914128 0.1307696 0 -0.9237931 0.3828921 0 -0.9237931 0.3828921 0 -0.7932111 0.6089468 0 -0.7932111 0.6089468 0 -0.6085731 0.7934978 0 -0.6085731 0.7934978 0 -0.3824789 0.9239643 0 -0.3824789 0.9239643 0 -0.130287 0.9914764 0 -0.130287 0.9914764 0 -0.9914146 0.1307561 0 -0.9914146 0.1307561 0 -0.9914763 -0.1302873 0 -0.9914763 -0.1302873 0 -0.9239719 -0.3824604 0 -0.9239719 -0.3824604 0 -0.7934978 -0.6085732 0 -0.7934978 -0.6085732 0 -0.608945 -0.7932124 0 -0.608945 -0.7932124 0 -0.3828907 -0.9237937 0 -0.3828907 -0.9237937 0 -0.1307588 -0.9914142 0 -0.1307588 -0.9914142 0 0.1302873 -0.9914763 0 0.1302873 -0.9914763 0 0.3824604 -0.9239719 0 0.3824604 -0.9239719 0 0.608586 -0.7934879 0 0.608586 -0.7934879 0 0.7932049 -0.6089548 0 0.7932049 -0.6089548 0 0.9237937 -0.3828907 0 0.9237937 -0.3828907 0 0.9914146 -0.1307561 0 0.9914146 -0.1307561 0 0.9914763 0.1302873 0 0.9914763 0.1302873 0 0.9239689 0.3824676 0 0.9239689 0.3824676 0 0.7934879 0.608586 0 0.7934879 0.608586 0 0.6089548 0.7932049 0 0.6089548 0.7932049 0 0.3828907 0.9237937 0 0.3828907 0.9237937 0 0.1307761 0.9914119 0 0.1307761 0.9914119 0 -0.13031 0.9914733 0 -0.13031 0.9914733 0 -0.3824604 0.9239719 0 -0.3824604 0.9239719 0 -0.6085732 0.7934978 0 -0.6085732 0.7934978 0 -0.7932124 0.608945 0 -0.7932124 0.608945 0 -0.9237907 0.3828979 0 -0.9237907 0.3828979 0 -0.9914762 -0.1302873 0 -0.9914762 -0.1302873 0 -0.9914146 0.1307561 0 -0.9914146 0.1307561 0 -0.9237906 0.3828979 0 -0.9237906 0.3828979 0 -0.7932124 0.608945 0 -0.7932124 0.608945 0 -0.6085732 0.7934978 0 -0.6085732 0.7934978 0 -0.3824604 0.9239719 0 -0.3824604 0.9239719 0 -0.13031 0.9914733 0 -0.13031 0.9914733 0 0.1307762 0.991412 0 0.1307762 0.991412 0 0.3828907 0.9237937 0 0.3828907 0.9237937 0 0.6089549 0.793205 0 0.6089549 0.793205 0 0.7934879 0.6085861 0 0.7934879 0.6085861 0 0.9239689 0.3824676 0 0.9239689 0.3824676 0 0.9914762 0.1302873 0 0.9914762 0.1302873 0 0.9914146 -0.1307561 0 0.9914146 -0.1307561 0 0.9237937 -0.3828907 0 0.9237937 -0.3828907 0 0.793205 -0.6089549 0 0.793205 -0.6089549 0 0.6085861 -0.7934879 0 0.6085861 -0.7934879 0 0.3824604 -0.9239719 0 0.3824604 -0.9239719 0 0.1302873 -0.9914762 0 0.1302873 -0.9914762 0 -0.1307588 -0.9914142 0 -0.1307588 -0.9914142 0 -0.3828907 -0.9237937 0 -0.3828907 -0.9237937 0 -0.608945 -0.7932124 0 -0.608945 -0.7932124 0 -0.7934978 -0.6085732 0 -0.7934978 -0.6085732 0 -0.9239719 -0.3824604 0 -0.9239719 -0.3824604 0 -0.9914146 0.1307561 0 -0.9914146 0.1307561 0 -0.9914736 -0.1303074 0 -0.9914736 -0.1303074 0 -0.9239689 -0.3824676 0 -0.9239689 -0.3824676 0 -0.7935053 -0.6085634 0 -0.7935053 -0.6085634 0 -0.6089321 -0.7932223 0 -0.6089321 -0.7932223 0 -0.3829153 -0.9237835 0 -0.3829153 -0.9237835 0 -0.1307561 -0.9914146 0 -0.1307561 -0.9914146 0 0.1302873 -0.9914763 0 0.1302873 -0.9914763 0 0.382485 -0.9239617 0 0.382485 -0.9239617 0 0.6085634 -0.7935053 0 0.6085634 -0.7935053 0 0.7932049 -0.6089548 0 0.7932049 -0.6089548 0 0.9237937 -0.3828907 0 0.9237937 -0.3828907 0 0.9914146 -0.1307561 0 0.9914146 -0.1307561 0 0.9914763 0.1302873 0 0.9914763 0.1302873 0 0.9239689 0.3824676 0 0.9239689 0.3824676 0 0.7934955 0.6085762 0 0.7934955 0.6085762 0 0.608942 0.7932147 0 0.608942 0.7932147 0 0.3829081 0.9237864 0 0.3829081 0.9237864 0 0.1307561 0.9914146 0 0.1307561 0.9914146 0 -0.1303074 0.9914736 0 -0.1303074 0.9914736 0 -0.3824676 0.9239689 0 -0.3824676 0.9239689 0 -0.6085732 0.7934978 0 -0.6085732 0.7934978 0 -0.7932049 0.6089548 0 -0.7932049 0.6089548 0 -0.9237864 0.3829081 0 -0.9237864 0.3829081 0 -0.9914737 -0.1303074 0 -0.9914737 -0.1303074 0 -0.9914146 0.1307561 0 -0.9914146 0.1307561 0 -0.9237865 0.3829081 0 -0.9237865 0.3829081 0 -0.793205 0.6089549 0 -0.793205 0.6089549 0 -0.6085732 0.7934978 0 -0.6085732 0.7934978 0 -0.3824676 0.9239689 0 -0.3824676 0.9239689 0 -0.1303074 0.9914737 0 -0.1303074 0.9914737 0 0.1307561 0.9914146 0 0.1307561 0.9914146 0 0.3829081 0.9237865 0 0.3829081 0.9237865 0 0.608942 0.7932147 0 0.608942 0.7932147 0 0.7934955 0.6085762 0 0.7934955 0.6085762 0 0.9239689 0.3824676 0 0.9239689 0.3824676 0 0.9914762 0.1302873 0 0.9914762 0.1302873 0 0.9914146 -0.1307561 0 0.9914146 -0.1307561 0 0.9237937 -0.3828907 0 0.9237937 -0.3828907 0 0.793205 -0.6089549 0 0.793205 -0.6089549 0 0.6085634 -0.7935053 0 0.6085634 -0.7935053 0 0.382485 -0.9239616 0 0.382485 -0.9239616 0 0.1302873 -0.9914762 0 0.1302873 -0.9914762 0 -0.1307561 -0.9914146 0 -0.1307561 -0.9914146 0 -0.3829153 -0.9237834 0 -0.3829153 -0.9237834 0 -0.6089321 -0.7932223 0 -0.6089321 -0.7932223 0 -0.7935053 -0.6085634 0 -0.7935053 -0.6085634 0 -0.9239689 -0.3824676 0 -0.9239689 -0.3824676 0 -0.9914146 0.1307561 0 -0.9914146 0.1307561 0 -0.9914763 -0.1302873 0 -0.9914763 -0.1302873 0 -0.9239704 -0.382464 0 -0.9239704 -0.382464 0 -0.7934879 -0.608586 0 -0.7934879 -0.608586 0 -0.6089548 -0.7932049 0 -0.6089548 -0.7932049 0 -0.3828994 -0.92379 0 -0.3828994 -0.92379 0 -0.1307561 -0.9914146 0 -0.1307561 -0.9914146 0 0.1302973 -0.991475 0 0.1302973 -0.991475 0 0.3824676 -0.9239689 0 0.3824676 -0.9239689 0 0.6085796 -0.7934929 0 0.6085796 -0.7934929 0 0.7932087 -0.6089499 0 0.7932087 -0.6089499 0 0.9237921 -0.3828943 0 0.9237921 -0.3828943 0 0.9914119 -0.1307761 0 0.9914119 -0.1307761 0 0.9914736 0.1303074 0 0.9914736 0.1303074 0 0.9239689 0.3824676 0 0.9239689 0.3824676 0 0.7935015 0.6085683 0 0.7935015 0.6085683 0 0.608945 0.7932124 0 0.608945 0.7932124 0 0.3828979 0.9237907 0 0.3828979 0.9237907 0 0.1307661 0.9914132 0 0.1307661 0.9914132 0 -0.1302973 0.991475 0 -0.1302973 0.991475 0 -0.3824604 0.9239719 0 -0.3824604 0.9239719 0 -0.6085796 0.7934929 0 -0.6085796 0.7934929 0 -0.7932087 0.6089499 0 -0.7932087 0.6089499 0 -0.9237921 0.3828943 0 -0.9237921 0.3828943 0 -0.9914762 -0.1302873 0 -0.9914762 -0.1302873 0 -0.9914146 0.1307561 0 -0.9914146 0.1307561 0 -0.9237921 0.3828943 0 -0.9237921 0.3828943 0 -0.7932087 0.6089499 0 -0.7932087 0.6089499 0 -0.6085796 0.7934929 0 -0.6085796 0.7934929 0 -0.3824604 0.9239719 0 -0.3824604 0.9239719 0 -0.1302973 0.991475 0 -0.1302973 0.991475 0 0.1307662 0.9914132 0 0.1307662 0.9914132 0 0.3828979 0.9237906 0 0.3828979 0.9237906 0 0.608945 0.7932124 0 0.608945 0.7932124 0 0.7935015 0.6085683 0 0.7935015 0.6085683 0 0.9239689 0.3824676 0 0.9239689 0.3824676 0 0.9914737 0.1303074 0 0.9914737 0.1303074 0 0.991412 -0.1307762 0 0.991412 -0.1307762 0 0.9237921 -0.3828943 0 0.9237921 -0.3828943 0 0.7932087 -0.6089499 0 0.7932087 -0.6089499 0 0.6085796 -0.7934929 0 0.6085796 -0.7934929 0 0.3824676 -0.9239689 0 0.3824676 -0.9239689 0 0.1302973 -0.991475 0 0.1302973 -0.991475 0 -0.1307561 -0.9914146 0 -0.1307561 -0.9914146 0 -0.3828994 -0.92379 0 -0.3828994 -0.92379 0 -0.6089549 -0.793205 0 -0.6089549 -0.793205 0 -0.7934879 -0.6085861 0 -0.7934879 -0.6085861 0 -0.9239704 -0.382464 0 -0.9239704 -0.382464 0 -0.9914146 0.1307561 0 -0.9914146 0.1307561 0 -0.9914761 -0.1302886 0 -0.9914761 -0.1302886 0 -0.9239633 -0.3824815 0 -0.9239633 -0.3824815 0 -0.7935015 -0.6085683 0 -0.7935015 -0.6085683 0 -0.6089484 -0.7932098 0 -0.6089484 -0.7932098 0 -0.3828994 -0.92379 0 -0.3828994 -0.92379 0 -0.1307561 -0.9914146 0 -0.1307561 -0.9914146 0 0.1302873 -0.9914763 0 0.1302873 -0.9914763 0 0.3824763 -0.9239653 0 0.3824763 -0.9239653 0 0.6085698 -0.7935003 0 0.6085698 -0.7935003 0 0.7932147 -0.608942 0 0.7932147 -0.608942 0 0.9237864 -0.3829081 0 0.9237864 -0.3829081 0 0.9914144 -0.1307575 0 0.9914144 -0.1307575 0 0.9914736 0.1303074 0 0.9914736 0.1303074 0 0.9239704 0.382464 0 0.9239704 0.382464 0 0.7935015 0.6085683 0 0.7935015 0.6085683 0 0.6089386 0.7932174 0 0.6089386 0.7932174 0 0.3829066 0.9237871 0 0.3829066 0.9237871 0 0.1307561 0.9914146 0 0.1307561 0.9914146 0 -0.1302973 0.991475 0 -0.1302973 0.991475 0 -0.3824676 0.9239689 0 -0.3824676 0.9239689 0 -0.6085698 0.7935003 0 -0.6085698 0.7935003 0 -0.7932147 0.608942 0 -0.7932147 0.608942 0 -0.9237864 0.3829081 0 -0.9237864 0.3829081 0 -0.9914761 -0.1302886 0 -0.9914761 -0.1302886 0 -0.9914146 0.1307561 0 -0.9914146 0.1307561 0 -0.9237865 0.3829081 0 -0.9237865 0.3829081 0 -0.7932147 0.608942 0 -0.7932147 0.608942 0 -0.6085698 0.7935004 0 -0.6085698 0.7935004 0 -0.3824676 0.9239689 0 -0.3824676 0.9239689 0 -0.1302973 0.991475 0 -0.1302973 0.991475 0 0.1307561 0.9914146 0 0.1307561 0.9914146 0 0.3829066 0.9237871 0 0.3829066 0.9237871 0 0.6089386 0.7932174 0 0.6089386 0.7932174 0 0.7935015 0.6085683 0 0.7935015 0.6085683 0 0.9239704 0.382464 0 0.9239704 0.382464 0 0.9914737 0.1303074 0 0.9914737 0.1303074 0 0.9914144 -0.1307575 0 0.9914144 -0.1307575 0 0.9237865 -0.3829081 0 0.9237865 -0.3829081 0 0.7932147 -0.608942 0 0.7932147 -0.608942 0 0.6085698 -0.7935004 0 0.6085698 -0.7935004 0 0.3824763 -0.9239653 0 0.3824763 -0.9239653 0 0.1302873 -0.9914762 0 0.1302873 -0.9914762 0 -0.1307561 -0.9914146 0 -0.1307561 -0.9914146 0 -0.3828994 -0.92379 0 -0.3828994 -0.92379 0 -0.6089484 -0.7932098 0 -0.6089484 -0.7932098 0 -0.7935015 -0.6085683 0 -0.7935015 -0.6085683 0 -0.9239632 -0.3824814 0 -0.9239632 -0.3824814 0 0.9914755 0.1302936 0 0.9914755 0.1302936 0 0.9914143 -0.1307579 0 0.9914143 -0.1307579 0 0.9237897 -0.3829002 0 0.9237897 -0.3829002 0 0.793209 -0.6089496 0 0.793209 -0.6089496 0 0.6085783 -0.7934938 0 0.6085783 -0.7934938 0 0.3824676 -0.9239689 0 0.3824676 -0.9239689 0 0.1302936 -0.9914755 0 0.1302936 -0.9914755 0 -0.1307572 -0.9914144 0 -0.1307572 -0.9914144 0 -0.3829012 -0.9237893 0 -0.3829012 -0.9237893 0 -0.6089482 -0.79321 0 -0.6089482 -0.79321 0 -0.7934979 -0.6085731 0 -0.7934979 -0.6085731 0 -0.9239684 -0.3824687 0 -0.9239684 -0.3824687 0 -0.9914755 -0.1302936 0 -0.9914755 -0.1302936 0 -0.9914144 0.1307572 0 -0.9914144 0.1307572 0 -0.9237897 0.3829002 0 -0.9237897 0.3829002 0 -0.7932104 0.6089477 0 -0.7932104 0.6089477 0 -0.6085745 0.7934967 0 -0.6085745 0.7934967 0 -0.3824666 0.9239693 0 -0.3824666 0.9239693 0 -0.1302936 0.9914755 0 -0.1302936 0.9914755 0 0.1307576 0.9914144 0 0.1307576 0.9914144 0 0.3829012 0.9237893 0 0.3829012 0.9237893 0 0.6089429 0.793214 0 0.6089429 0.793214 0 0.7934979 0.6085731 0 0.7934979 0.6085731 0 0.9239693 0.3824666 0 0.9239693 0.3824666 0 0.9914144 -0.1307579 0 0.9914144 -0.1307579 0 0.9914755 0.1302936 0 0.9914755 0.1302936 0 0.9239693 0.3824666 0 0.9239693 0.3824666 0 0.7934979 0.6085731 0 0.7934979 0.6085731 0 0.608943 0.793214 0 0.608943 0.793214 0 0.3829013 0.9237893 0 0.3829013 0.9237893 0 0.1307576 0.9914144 0 0.1307576 0.9914144 0 -0.1302936 0.9914755 0 -0.1302936 0.9914755 0 -0.3824666 0.9239693 0 -0.3824666 0.9239693 0 -0.6085745 0.7934967 0 -0.6085745 0.7934967 0 -0.7932103 0.6089477 0 -0.7932103 0.6089477 0 -0.9237897 0.3829002 0 -0.9237897 0.3829002 0 -0.9914144 0.1307572 0 -0.9914144 0.1307572 0 -0.9914755 -0.1302936 0 -0.9914755 -0.1302936 0 -0.9239684 -0.3824687 0 -0.9239684 -0.3824687 0 -0.7934979 -0.6085731 0 -0.7934979 -0.6085731 0 -0.6089482 -0.79321 0 -0.6089482 -0.79321 0 -0.3829013 -0.9237893 0 -0.3829013 -0.9237893 0 -0.1307572 -0.9914144 0 -0.1307572 -0.9914144 0 0.1302936 -0.9914755 0 0.1302936 -0.9914755 0 0.3824677 -0.9239689 0 0.3824677 -0.9239689 0 0.6085782 -0.7934938 0 0.6085782 -0.7934938 0 0.793209 -0.6089496 0 0.793209 -0.6089496 0 0.9237897 -0.3829002 0 0.9237897 -0.3829002 0 -0.1840315 -0.9829204 0 -0.1840315 -0.9829204 0 -0.4232926 -0.905993 0 -0.4232926 -0.905993 0 -0.635817 -0.7718398 0 -0.635817 -0.7718398 0 -0.8081805 -0.5889349 0 -0.8081805 -0.5889349 0 -0.9294971 -0.3688295 0 -0.9294971 -0.3688295 0 -0.9921026 -0.1254295 0 -0.9921026 -0.1254295 0 -0.9920438 0.1258936 0 -0.9920438 0.1258936 0 -0.9293237 0.3692661 0 -0.9293237 0.3692661 0 -0.8079045 0.5893135 0 -0.8079045 0.5893135 0 -0.6354547 0.7721382 0 -0.6354547 0.7721382 0 -0.422868 0.9061913 0 -0.422868 0.9061913 0 -0.1835713 0.9830064 0 -0.1835713 0.9830064 0.9914457 0.13052 -3.06321e-5 0.9914457 0.13052 -3.06323e-5 0.9914457 -0.13052 3.06321e-5 0.9914457 -0.13052 3.06323e-5 0.9238777 -0.3826879 8.98141e-5 0.9238777 -0.3826879 8.98049e-5 0.7933534 -0.6087613 1.42872e-4 0.7933534 -0.6087614 1.42873e-4 0.6087654 -0.7933503 1.86194e-4 0.6087653 -0.7933503 1.86206e-4 0.3826829 -0.9238797 2.16829e-4 0.382683 -0.9238797 2.16814e-4 0.1305235 -0.9914452 2.32686e-4 0.1305235 -0.9914452 2.32685e-4 -0.1305256 -0.9914449 2.32685e-4 -0.1305256 -0.9914449 2.32681e-4 -0.3826829 -0.9238797 2.16829e-4 -0.3826829 -0.9238797 2.16845e-4 -0.6087575 -0.7933564 1.86196e-4 -0.6087575 -0.7933564 1.86204e-4 -0.7933534 -0.6087614 1.42872e-4 -0.7933534 -0.6087613 1.42873e-4 -0.9238834 -0.3826739 8.98108e-5 -0.9238834 -0.3826739 8.98055e-5 -0.9914436 -0.130536 3.06359e-5 -0.9914436 -0.130536 3.06322e-5 -0.9914436 0.130536 -3.06359e-5 -0.9914436 0.130536 -3.06322e-5 -0.9238834 0.3826739 -8.98108e-5 -0.9238835 0.3826739 -8.98058e-5 -0.7933534 0.6087614 -1.42872e-4 -0.7933534 0.6087613 -1.42873e-4 -0.6087574 0.7933564 -1.86195e-4 -0.6087574 0.7933564 -1.86203e-4 -0.3826795 0.9238812 -2.16828e-4 -0.3826795 0.9238812 -2.16813e-4 -0.1305296 0.9914444 -2.32685e-4 -0.1305296 0.9914444 -2.32689e-4 0.1305274 0.9914447 -2.32686e-4 0.1305275 0.9914447 -2.32684e-4 0.3826795 0.9238812 -2.16828e-4 0.3826795 0.9238811 -2.16844e-4 0.6087654 0.7933503 -1.86194e-4 0.6087653 0.7933503 -1.86206e-4 0.7933534 0.6087613 -1.42872e-4 0.7933534 0.6087614 -1.42873e-4 0.9238777 0.3826879 -8.98144e-5 0.9238777 0.3826879 -8.98049e-5 0.9914457 0.13052 -3.06322e-5 0.9914457 0.13052 -3.06324e-5 0.9914457 -0.13052 3.06322e-5 0.9914457 -0.13052 3.06324e-5 0.9238777 -0.3826879 8.98144e-5 0.9238777 -0.3826878 8.98052e-5 0.7933534 -0.6087614 1.42872e-4 0.7933534 -0.6087614 1.42873e-4 0.6087654 -0.7933503 1.86194e-4 0.6087653 -0.7933503 1.86206e-4 0.3826829 -0.9238797 2.16829e-4 0.382683 -0.9238797 2.16814e-4 0.1305235 -0.9914452 2.32686e-4 0.1305235 -0.9914452 2.32685e-4 -0.1305256 -0.9914449 2.32686e-4 -0.1305256 -0.9914449 2.32681e-4 -0.3826829 -0.9238797 2.16829e-4 -0.3826829 -0.9238797 2.16845e-4 -0.6087575 -0.7933564 1.86196e-4 -0.6087575 -0.7933564 1.86204e-4 -0.7933534 -0.6087614 1.42872e-4 -0.7933534 -0.6087614 1.42873e-4 -0.9238835 -0.3826739 8.98112e-5 -0.9238835 -0.3826739 8.98058e-5 -0.9914436 -0.130536 3.0636e-5 -0.9914436 -0.130536 3.06323e-5 -0.9914436 0.130536 -3.0636e-5 -0.9914436 0.130536 -3.06323e-5 -0.9238835 0.3826739 -8.98112e-5 -0.9238835 0.3826739 -8.98058e-5 -0.7933534 0.6087614 -1.42872e-4 -0.7933534 0.6087613 -1.42873e-4 -0.6087574 0.7933564 -1.86195e-4 -0.6087574 0.7933564 -1.86203e-4 -0.3826829 0.9238797 -2.16828e-4 -0.3826829 0.9238797 -2.16844e-4 -0.1305256 0.9914449 -2.32685e-4 -0.1305256 0.9914449 -2.32681e-4 0.1305235 0.9914452 -2.32686e-4 0.1305235 0.9914452 -2.32685e-4 0.3826829 0.9238797 -2.16828e-4 0.382683 0.9238796 -2.16813e-4 0.6087654 0.7933503 -1.86194e-4 0.6087653 0.7933503 -1.86206e-4 0.7933534 0.6087613 -1.42872e-4 0.7933534 0.6087614 -1.42873e-4 0.9238777 0.3826879 -8.98144e-5 0.9238777 0.3826878 -8.98052e-5 -0.01730275 -0.9912658 0.130739 -0.01730334 -0.991266 0.1307379 -0.01730334 -0.9913269 -0.130275 -0.01730251 -0.9913271 -0.1302734 -0.01730251 -0.9238312 -0.3824087 -0.01730352 -0.9238305 -0.3824105 -0.01730346 -0.7933767 -0.6084849 -0.01730293 -0.7933773 -0.6084842 -0.01730298 -0.6088561 -0.793092 -0.01730269 -0.6088566 -0.7930917 -0.01730281 -0.3828427 -0.9236515 -0.01730293 -0.3828425 -0.9236516 -0.0173031 -0.1307387 -0.9912659 -0.01730316 -0.1307386 -0.9912659 -0.01730304 0.1302741 -0.991327 -0.01730316 0.1302743 -0.991327 -0.0173031 0.3824097 -0.9238309 -0.01730298 0.3824095 -0.9238309 -0.01730304 0.6084845 -0.7933771 -0.01730263 0.6084839 -0.7933775 -0.01730251 0.7930919 -0.6088562 -0.0173031 0.7930926 -0.6088553 -0.0173031 0.9236513 -0.3828431 -0.01730281 0.9236512 -0.3828437 -0.01730275 0.9912658 -0.130739 -0.01730334 0.991266 -0.1307379 -0.01730334 0.9913269 0.130275 -0.01730251 0.9913271 0.1302734 -0.01730251 0.9238312 0.3824087 -0.01730352 0.9238305 0.3824105 -0.01730346 0.7933767 0.6084849 -0.01730293 0.7933773 0.6084842 -0.01730298 0.6088561 0.793092 -0.01730269 0.6088566 0.7930917 -0.01730281 0.3828431 0.9236513 -0.01730316 0.3828425 0.9236516 -0.0173031 0.1307389 0.9912658 -0.01730316 0.1307389 0.9912659 -0.01730304 -0.1302745 0.9913269 -0.01730304 -0.1302745 0.991327 -0.01730298 -0.3824095 0.9238309 -0.01730298 -0.3824095 0.9238309 -0.01730304 -0.6084845 0.7933771 -0.01730322 -0.6084847 0.7933769 -0.01730322 -0.7930919 0.6088562 -0.0173031 -0.7930918 0.6088564 -0.0173031 -0.9236513 0.3828431 -0.01730281 -0.9236512 0.3828437 -0.01730275 -0.9912658 0.130739 -0.01730334 -0.991266 0.1307379 -0.01730334 -0.9913269 -0.130275 -0.01730251 -0.9913271 -0.1302734 -0.01730251 -0.9238312 -0.3824087 -0.01730352 -0.9238305 -0.3824105 -0.01730346 -0.7933767 -0.6084849 -0.01730293 -0.7933773 -0.6084842 -0.01730298 -0.6088561 -0.793092 -0.01730269 -0.6088566 -0.7930917 -0.01730281 -0.3828433 -0.9236512 -0.01730328 -0.3828425 -0.9236516 -0.01730322 -0.1307385 -0.9912659 -0.01730316 -0.1307386 -0.9912659 -0.01730304 0.1302741 -0.991327 -0.01730316 0.1302743 -0.991327 -0.0173031 0.3824097 -0.9238309 -0.01730298 0.3824095 -0.9238309 -0.01730304 0.6084845 -0.7933771 -0.01730322 0.6084847 -0.7933769 -0.01730322 0.7930919 -0.6088562 -0.0173031 0.7930918 -0.6088564 -0.0173031 0.9236513 -0.3828431 -0.01730358 0.9236517 -0.3828422 -0.01730364 0.9912658 -0.130739 -0.01730334 0.9912657 -0.1307396 -0.01730334 0.9913269 0.130275 -0.0173034 0.9913269 0.1302751 -0.01730334 0.9238307 0.3824102 -0.01730269 0.9238312 0.382409 -0.01730275 0.7933776 0.6084839 -0.01730293 0.7933773 0.6084842 -0.01730298 0.6088561 0.793092 -0.01730322 0.6088557 0.7930923 -0.01730316 0.3828425 0.9236515 -0.01730281 0.3828431 0.9236513 -0.01730298 0.1307391 0.9912658 -0.01730316 0.1307389 0.9912659 -0.01730304 -0.1302745 0.9913269 -0.01730304 -0.1302745 0.991327 -0.01730298 -0.3824095 0.9238309 -0.01730298 -0.3824095 0.9238309 -0.01730304 -0.6084845 0.7933771 -0.01730263 -0.6084839 0.7933775 -0.01730251 -0.7930919 0.6088562 -0.0173031 -0.7930926 0.6088553 -0.0173031 -0.9236513 0.3828431 -0.01730281 -0.9236512 0.3828437 -0.9914457 0.1305195 -3.05626e-5 -0.9914457 0.1305195 -3.05624e-5 -0.9914457 -0.1305195 3.05626e-5 -0.9914457 -0.1305195 3.05624e-5 -0.9238755 -0.3826931 8.96119e-5 -0.9238762 -0.3826915 8.98154e-5 -0.7933588 -0.6087543 1.42871e-4 -0.7933572 -0.6087564 1.42548e-4 -0.6087599 -0.7933545 1.85773e-4 -0.6087599 -0.7933545 1.85775e-4 -0.3826855 -0.9238787 2.16336e-4 -0.3826856 -0.9238787 2.16338e-4 -0.1305239 -0.9914451 2.32158e-4 -0.1305239 -0.9914451 2.32157e-4 0.1305239 -0.9914451 2.32158e-4 0.1305239 -0.9914451 2.32158e-4 0.3826792 -0.9238812 2.16337e-4 0.3826792 -0.9238812 2.16335e-4 0.6087685 -0.7933479 1.85771e-4 0.6087685 -0.7933479 1.85773e-4 0.7933502 -0.6087656 1.42549e-4 0.7933486 -0.6087676 1.42872e-4 0.9238819 -0.3826779 8.98119e-5 0.9238825 -0.3826763 8.96071e-5 0.9914434 -0.130537 3.05667e-5 0.9914434 -0.1305371 3.05672e-5 0.9914434 0.130537 -3.05667e-5 0.9914434 0.1305371 -3.05672e-5 0.9238825 0.3826763 -8.96079e-5 0.9238825 0.3826763 -8.96071e-5 0.7933486 0.6087677 -1.4255e-4 0.7933486 0.6087676 -1.42551e-4 0.6087685 0.7933478 -1.85771e-4 0.6087685 0.7933479 -1.85773e-4 0.3826792 0.9238813 -2.16337e-4 0.3826792 0.9238812 -2.16335e-4 0.1305283 0.9914445 -2.32158e-4 0.1305239 0.9914451 -2.32686e-4 -0.1305283 0.9914445 -2.32685e-4 -0.1305239 0.9914451 -2.32157e-4 -0.3826855 0.9238787 -2.16336e-4 -0.3826855 0.9238786 -2.16338e-4 -0.6087599 0.7933545 -1.85773e-4 -0.6087599 0.7933545 -1.85775e-4 -0.7933572 0.6087564 -1.42547e-4 -0.7933572 0.6087564 -1.42548e-4 -0.9238762 0.3826915 -8.96115e-5 -0.9238762 0.3826915 -8.96113e-5 -0.9914457 0.1305195 -3.05626e-5 -0.9914457 0.1305195 -3.05624e-5 -0.9914457 -0.1305195 3.05626e-5 -0.9914457 -0.1305195 3.05624e-5 -0.9238762 -0.3826915 8.96115e-5 -0.9238762 -0.3826915 8.96113e-5 -0.7933572 -0.6087564 1.42547e-4 -0.7933572 -0.6087564 1.42548e-4 -0.6087599 -0.7933545 1.85773e-4 -0.6087599 -0.7933545 1.85775e-4 -0.3826855 -0.9238787 2.16336e-4 -0.3826855 -0.9238786 2.16338e-4 -0.1305239 -0.9914451 2.32158e-4 -0.1305283 -0.9914445 2.32684e-4 0.1305239 -0.9914451 2.32686e-4 0.1305283 -0.9914445 2.32158e-4 0.3826792 -0.9238813 2.16337e-4 0.3826792 -0.9238812 2.16335e-4 0.6087685 -0.7933479 1.85771e-4 0.6087685 -0.7933479 1.85773e-4 0.7933486 -0.6087677 1.4255e-4 0.7933486 -0.6087677 1.42551e-4 0.9238825 -0.3826763 8.96079e-5 0.9238825 -0.3826763 8.96071e-5 0.9914434 -0.130537 3.05667e-5 0.9914434 -0.1305371 3.05672e-5 0.9914434 0.1305371 -3.05667e-5 0.9914434 0.130537 -3.05672e-5 0.9238825 0.3826763 -8.96079e-5 0.9238825 0.3826763 -8.96071e-5 0.7933486 0.6087677 -1.4255e-4 0.7933486 0.6087677 -1.42551e-4 0.6087685 0.7933479 -1.85771e-4 0.6087685 0.7933479 -1.85773e-4 0.3826792 0.9238812 -2.16337e-4 0.3826792 0.9238812 -2.16335e-4 0.1305283 0.9914445 -2.32158e-4 0.1305239 0.9914451 -2.32686e-4 -0.1305283 0.9914445 -2.32685e-4 -0.1305239 0.9914451 -2.32157e-4 -0.3826855 0.9238787 -2.16336e-4 -0.3826856 0.9238787 -2.16338e-4 -0.6087599 0.7933545 -1.85773e-4 -0.6087599 0.7933545 -1.85775e-4 -0.7933572 0.6087564 -1.42547e-4 -0.7933572 0.6087564 -1.42548e-4 -0.9238762 0.3826915 -8.96115e-5 -0.9238762 0.3826915 -8.96113e-5 0 0.9914755 0.1302936 0 0.9914755 0.1302936 0 0.9914141 -0.1307601 0 0.9914141 -0.1307601 0 0.9237899 -0.3828998 0 0.9237899 -0.3828998 0 0.7932112 -0.6089467 0 0.7932112 -0.6089467 0 0.6085783 -0.7934938 0 0.6085783 -0.7934938 0 0.3824676 -0.9239689 0 0.3824676 -0.9239689 0 0.1302878 -0.9914762 0 0.1302878 -0.9914762 0 -0.1307513 -0.9914152 0 -0.1307513 -0.9914152 0 -0.3829063 -0.9237872 0 -0.3829063 -0.9237872 0 -0.6089482 -0.79321 0 -0.6089482 -0.79321 0 -0.793492 -0.6085807 0 -0.793492 -0.6085807 0 -0.9239702 -0.3824645 0 -0.9239702 -0.3824645 0 -0.9914755 -0.1302936 0 -0.9914755 -0.1302936 0 -0.9914141 0.1307601 0 -0.9914141 0.1307601 0 -0.9237899 0.3828998 0 -0.9237899 0.3828998 0 -0.7932112 0.6089467 0 -0.7932112 0.6089467 0 -0.6085708 0.7934996 0 -0.6085708 0.7934996 0 -0.3824676 0.9239689 0 -0.3824676 0.9239689 0 -0.1302995 0.9914747 0 -0.1302995 0.9914747 0 0.130763 0.9914136 0 0.130763 0.9914136 0 0.3828962 0.9237914 0 0.3828962 0.9237914 0 0.6089482 0.79321 0 0.6089482 0.79321 0 0.7934964 0.6085749 0 0.7934964 0.6085749 0 0.9239684 0.3824687 0 0.9239684 0.3824687 0 0.991414 -0.1307601 0 0.991414 -0.1307601 0 0.9914755 0.1302936 0 0.9914755 0.1302936 0 0.9239684 0.3824687 0 0.9239684 0.3824687 0 0.7934964 0.608575 0 0.7934964 0.608575 0 0.6089482 0.79321 0 0.6089482 0.79321 0 0.3828961 0.9237914 0 0.3828961 0.9237914 0 0.130763 0.9914137 0 0.130763 0.9914137 0 -0.1302995 0.9914747 0 -0.1302995 0.9914747 0 -0.3824677 0.9239689 0 -0.3824677 0.9239689 0 -0.6085708 0.7934997 0 -0.6085708 0.7934997 0 -0.7932112 0.6089468 0 -0.7932112 0.6089468 0 -0.9237899 0.3828997 0 -0.9237899 0.3828997 0 -0.991414 0.1307601 0 -0.991414 0.1307601 0 -0.9914755 -0.1302936 0 -0.9914755 -0.1302936 0 -0.9239702 -0.3824645 0 -0.9239702 -0.3824645 0 -0.793492 -0.6085807 0 -0.793492 -0.6085807 0 -0.6089482 -0.79321 0 -0.6089482 -0.79321 0 -0.3829063 -0.9237872 0 -0.3829063 -0.9237872 0 -0.1307513 -0.9914152 0 -0.1307513 -0.9914152 0 0.1302878 -0.9914762 0 0.1302878 -0.9914762 0 0.3824677 -0.9239689 0 0.3824677 -0.9239689 0 0.6085782 -0.7934938 0 0.6085782 -0.7934938 0 0.7932112 -0.6089468 0 0.7932112 -0.6089468 0 0.9237899 -0.3828997 0 0.9237899 -0.3828997 0.9914434 0.1305371 -3.05667e-5 0.9914434 0.1305371 -3.05672e-5 0.9914434 -0.130537 3.05667e-5 0.9914434 -0.1305371 3.05672e-5 0.9238825 -0.3826763 8.96079e-5 0.9238825 -0.3826763 8.96071e-5 0.7933486 -0.6087677 1.4255e-4 0.7933486 -0.6087677 1.42551e-4 0.6087685 -0.7933479 1.85771e-4 0.6087685 -0.7933479 1.85773e-4 0.3826792 -0.9238812 2.16337e-4 0.3826792 -0.9238812 2.16335e-4 0.1305283 -0.9914445 2.32158e-4 0.1305239 -0.9914451 2.32686e-4 -0.1305283 -0.9914445 2.32685e-4 -0.1305239 -0.9914451 2.32157e-4 -0.3826855 -0.9238787 2.16336e-4 -0.3826856 -0.9238787 2.16338e-4 -0.6087599 -0.7933545 1.85773e-4 -0.6087599 -0.7933545 1.85775e-4 -0.7933572 -0.6087564 1.42547e-4 -0.7933572 -0.6087564 1.42548e-4 -0.9238762 -0.3826915 8.96115e-5 -0.9238762 -0.3826916 8.96113e-5 -0.9914457 -0.1305195 3.05626e-5 -0.9914457 -0.1305195 3.05624e-5 -0.9914457 0.1305195 -3.05626e-5 -0.9914457 0.1305195 -3.05624e-5 -0.9238761 0.3826915 -8.96114e-5 -0.9238762 0.3826915 -8.96113e-5 -0.7933572 0.6087564 -1.42547e-4 -0.7933572 0.6087564 -1.42548e-4 -0.6087599 0.7933545 -1.85773e-4 -0.6087599 0.7933545 -1.85775e-4 -0.3826855 0.9238787 -2.16336e-4 -0.3826856 0.9238787 -2.16338e-4 -0.1305239 0.9914451 -2.32158e-4 -0.1305283 0.9914445 -2.32684e-4 0.1305239 0.9914451 -2.32686e-4 0.1305283 0.9914445 -2.32158e-4 0.3826792 0.9238812 -2.16337e-4 0.3826792 0.9238812 -2.16335e-4 0.6087685 0.7933479 -1.85771e-4 0.6087685 0.7933479 -1.85773e-4 0.7933486 0.6087677 -1.4255e-4 0.7933486 0.6087677 -1.42551e-4 0.9238825 0.3826763 -8.96079e-5 0.9238825 0.3826763 -8.9607e-5 0.9914434 0.130537 -3.05667e-5 0.9914434 0.1305371 -3.05672e-5 0.9914434 -0.130537 3.05667e-5 0.9914434 -0.1305371 3.05672e-5 0.9238825 -0.3826763 8.96079e-5 0.9238818 -0.3826779 8.98116e-5 0.7933486 -0.6087677 1.42874e-4 0.7933502 -0.6087655 1.42546e-4 0.6087685 -0.7933479 1.85771e-4 0.6087685 -0.7933479 1.85773e-4 0.3826792 -0.9238812 2.16337e-4 0.3826792 -0.9238812 2.16335e-4 0.1305239 -0.9914451 2.32158e-4 0.1305239 -0.9914451 2.32158e-4 -0.1305239 -0.9914451 2.32158e-4 -0.1305239 -0.9914451 2.32157e-4 -0.3826855 -0.9238787 2.16336e-4 -0.3826856 -0.9238787 2.16338e-4 -0.6087599 -0.7933545 1.85773e-4 -0.6087599 -0.7933545 1.85775e-4 -0.7933572 -0.6087564 1.42547e-4 -0.7933589 -0.6087543 1.42873e-4 -0.9238762 -0.3826915 8.98151e-5 -0.9238755 -0.3826931 8.96116e-5 -0.9914457 -0.1305195 3.05626e-5 -0.9914457 -0.1305195 3.05624e-5 -0.9914457 0.1305195 -3.05626e-5 -0.9914457 0.1305195 -3.05624e-5 -0.9238762 0.3826915 -8.96115e-5 -0.9238762 0.3826916 -8.96113e-5 -0.7933572 0.6087564 -1.42547e-4 -0.7933572 0.6087564 -1.42548e-4 -0.6087599 0.7933545 -1.85773e-4 -0.6087599 0.7933545 -1.85775e-4 -0.3826855 0.9238787 -2.16336e-4 -0.3826856 0.9238787 -2.16338e-4 -0.1305239 0.9914451 -2.32158e-4 -0.1305283 0.9914445 -2.32684e-4 0.1305239 0.9914451 -2.32686e-4 0.1305283 0.9914445 -2.32158e-4 0.3826792 0.9238812 -2.16337e-4 0.3826792 0.9238812 -2.16335e-4 0.6087685 0.7933479 -1.85771e-4 0.6087685 0.7933479 -1.85773e-4 0.7933486 0.6087677 -1.4255e-4 0.7933486 0.6087677 -1.42551e-4 0.9238825 0.3826763 -8.96079e-5 0.9238825 0.3826763 -8.96071e-5 0 -0.9914144 0.1307575 0 -0.9914144 0.1307575 0 -0.9914755 -0.1302928 0 -0.9914755 -0.1302928 0 -0.9239688 -0.3824677 0 -0.9239688 -0.3824677 0 -0.7934961 -0.6085752 0 -0.7934961 -0.6085752 0 -0.6089477 -0.7932104 0 -0.6089477 -0.7932104 0 -0.3828998 -0.9237899 0 -0.3828998 -0.9237899 0 -0.1307582 -0.9914143 0 -0.1307582 -0.9914143 0 0.1302938 -0.9914755 0 0.1302938 -0.9914755 0 0.3824667 -0.9239693 0 0.3824667 -0.9239693 0 0.6085751 -0.7934964 0 0.6085751 -0.7934964 0 0.7932114 -0.6089465 0 0.7932114 -0.6089465 0 0.9237894 -0.382901 0 0.9237894 -0.382901 0 0.9914144 -0.1307575 0 0.9914144 -0.1307575 0 0.9914755 0.1302928 0 0.9914755 0.1302928 0 0.9239688 0.3824677 0 0.9239688 0.3824677 0 0.7934961 0.6085752 0 0.7934961 0.6085752 0 0.6089477 0.7932104 0 0.6089477 0.7932104 0 0.3828998 0.9237899 0 0.3828998 0.9237899 0 0.1307584 0.9914143 0 0.1307584 0.9914143 0 -0.130294 0.9914754 0 -0.130294 0.9914754 0 -0.3824667 0.9239693 0 -0.3824667 0.9239693 0 -0.6085759 0.7934957 0 -0.6085759 0.7934957 0 -0.7932105 0.6089475 0 -0.7932105 0.6089475 0 -0.9237894 0.382901 0 -0.9237894 0.382901 0 -0.9914144 0.1307575 0 -0.9914144 0.1307575 0 -0.9914755 -0.1302928 0 -0.9914755 -0.1302928 0 -0.9239688 -0.3824677 0 -0.9239688 -0.3824677 0 -0.7934961 -0.6085752 0 -0.7934961 -0.6085752 0 -0.6089477 -0.7932104 0 -0.6089477 -0.7932104 0 -0.3828998 -0.9237899 0 -0.3828998 -0.9237899 0 -0.1307582 -0.9914143 0 -0.1307582 -0.9914143 0 0.1302938 -0.9914755 0 0.1302938 -0.9914755 0 0.3824667 -0.9239693 0 0.3824667 -0.9239693 0 0.6085759 -0.7934957 0 0.6085759 -0.7934957 0 0.7932105 -0.6089475 0 0.7932105 -0.6089475 0 0.92379 -0.3828995 0 0.92379 -0.3828995 0 0.9914141 -0.1307592 0 0.9914141 -0.1307592 0 0.9914754 0.1302946 0 0.9914754 0.1302946 0 0.9239695 0.3824662 0 0.9239695 0.3824662 0 0.7934961 0.6085752 0 0.7934961 0.6085752 0 0.6089468 0.793211 0 0.6089468 0.793211 0 0.3829004 0.9237896 0 0.3829004 0.9237896 0 0.1307584 0.9914143 0 0.1307584 0.9914143 0 -0.130294 0.9914754 0 -0.130294 0.9914754 0 -0.3824667 0.9239693 0 -0.3824667 0.9239693 0 -0.6085751 0.7934964 0 -0.6085751 0.7934964 0 -0.7932114 0.6089465 0 -0.7932114 0.6089465 0 -0.9237894 0.382901 0 -0.9237894 0.382901 -1 0 0 -1 0 0 -1 0 0 -1 0 0 -1 0 0 -1 0 0 -1 0 0 -1 0 0 -1 0 0 -1 0 0 -1 0 0 -1 0 0 -1 0 0 -1 0 0 -1 0 0 -1 0 0 -1 0 0 -1 0 0 -1 0 0 -1 0 0 -1 0 0 -1 0 0 -1 0 0 -1 0 0 -1 0 0 -1 0 0 -1 0 0 -1 0 0 -1 0 0 -1 0 0 -1 0 0 -1 0 0 -1 0 0 -1 0 0 -1 0 0 -1 0 0 -1 0 0 -1 0 0 -1 0 0 -1 0 0 -1 0 0 -1 0 0 -1 0 0 -1 0 0 -1 0 0 -1 0 0 -1 0 0 -1 0 0 -1 0 0 -1 0 0 -1 0 0 -1 0 0 -1 0 0 -1 0 0 -1 0 0 -1 0 0 -1 0 0 -1 0 0 -1 0 0 -1 0 0 -1 0 0 -1 0 0 -1 0 0 -1 0 0 -1 0 0 -1 0 0 -1 0 0 -1 0 0 -1 0 0 -1 0 0 -1 0 0 -1 0 0 -1 0 0 -1 0 0 -1 0 0 -1 0 0 -1 0 0 -1 0 0 -1 0 0 -1 0 0 -1 0 0 -1 0 0 -1 0 0 -1 0 0 -1 0 0 -1 0 0 -1 0 0 -1 0 0 -1 0 0 -1 0 0 -1 0 0 -1 0 0 -1 0 0 -1 0 0 -1 0 0 -1 0 0 1.70812e-5 2.36142e-4 1 -1.07443e-5 2.36142e-4 0.9999999 5.56366e-6 2.33995e-4 0.9999999 2.72032e-6 2.33995e-4 1 -1.92507e-6 2.34607e-4 1 -1.47034e-7 2.34607e-4 1 1.19962e-7 2.34571e-4 1 -6.25174e-7 2.34571e-4 1 5.60463e-7 2.34415e-4 1 6.24673e-7 2.34415e-4 1 -6.02433e-7 2.34577e-4 1 -6.03388e-7 2.34577e-4 1 6.23703e-7 2.34415e-4 1 5.60526e-7 2.34415e-4 1 -6.25128e-7 2.34571e-4 1 1.19929e-7 2.34571e-4 1 -1.4692e-7 2.34607e-4 1 -1.92332e-6 2.34607e-4 0.9999999 2.7222e-6 2.33995e-4 1 5.56063e-6 2.33995e-4 0.9999999 -1.07464e-5 2.36142e-4 0.9999999 -1.70835e-5 2.36142e-4 1 0 2.33893e-4 1 0 2.33893e-4 1 0 2.33893e-4 1 0 2.33893e-4 1 0 2.3169e-4 1 0 2.3169e-4 1 0 2.36084e-4 1 0 2.36084e-4 1 0 2.34415e-4 1 0 2.34415e-4 1 0 2.33062e-4 0.9999999 0 2.33062e-4 1 0 2.39161e-4 1 0 2.36517e-4 1 0 2.36517e-4 0.9999999 0 2.36084e-4 1 0 2.36084e-4 1 0 2.34415e-4 1 0 2.34415e-4 1 0 2.33062e-4 0.9999999 0 2.33062e-4 0.9999999 0 2.39153e-4 1 1 0 0 1 0 0 1 0 0 1 0 0 1 0 0 1 0 0 1 0 0 1 0 0 1 0 0 1 0 0 1 0 0 1 0 0 1 0 0 1 0 0 1 0 0 1 0 0 1 0 0 8.54175e-6 -2.35017e-4 -1 -2.20536e-6 -2.35017e-4 -0.9999999 1.14155e-6 -2.34577e-4 -1 -1.69893e-6 -2.34577e-4 -1 1.20125e-6 -2.34195e-4 -0.9999999 1.68945e-7 -2.34195e-4 -1 -1.37913e-7 -2.34235e-4 -1 -4.85864e-7 -2.34235e-4 -1 4.35671e-7 -2.34114e-4 -0.9999999 6.63358e-7 -2.34114e-4 -1 -6.41802e-7 -2.34286e-4 -1 -6.40754e-7 -2.34286e-4 -1 6.64423e-7 -2.34114e-4 -1 4.35605e-7 -2.34114e-4 -1 -4.85919e-7 -2.34235e-4 -1 -1.37825e-7 -2.34235e-4 -1 1.68912e-7 -2.34195e-4 -1 1.20139e-6 -2.34195e-4 -1 -1.69878e-6 -2.34577e-4 -1 1.14163e-6 -2.34577e-4 -1 -2.20541e-6 -2.35017e-4 -0.9999999 -8.54058e-6 -2.35017e-4 -1 0 -2.33893e-4 -1 0 -2.33893e-4 -1 0 -2.33893e-4 -1 0 -2.33893e-4 -1 0 -2.34104e-4 -1 0 -2.34104e-4 -0.9999999 0 -2.36084e-4 -1 0 -2.36084e-4 -1 0 -2.34415e-4 -1 0 -2.34415e-4 -1 0 -2.33062e-4 -0.9999999 0 -2.33062e-4 -0.9999999 0 -2.39161e-4 -1 0 -2.34104e-4 -1 0 -2.34104e-4 -1 0 -2.36084e-4 -1 0 -2.36084e-4 -1 0 -2.34415e-4 -1 0 -2.34415e-4 -1 0 -2.33062e-4 -0.9999999 0 -2.33062e-4 -1 0 -2.39161e-4 -1 0 0.9999999 -2.34228e-4 0 0.9999999 -2.34228e-4 0 -2.3421e-4 -1 0 -2.3421e-4 -1 0 -1 2.33762e-4 0 -1 2.33762e-4 0 2.34383e-4 1 0 2.34383e-4 1 0 -2.34383e-4 -1 0 -2.34383e-4 -1 0 1 -2.34693e-4 0 1 -2.34693e-4 0 -2.34383e-4 -1 0 -2.34383e-4 -1 0 -0.9999999 2.34228e-4 0 -0.9999999 2.34228e-4 0 2.3421e-4 1 0 2.3421e-4 1 0 -1 2.34228e-4 0 -1 2.34228e-4 0 2.34555e-4 1 0 2.34555e-4 1 0 1 -2.34693e-4 0 1 -2.34693e-4 0 -2.3421e-4 -1 0 -2.3421e-4 -1 0 1 -2.34474e-4 0 1 -2.34474e-4 0 -2.34334e-4 -1 0 -2.34334e-4 -1 0 2.34383e-4 1 0 2.34383e-4 1 0 -1 2.34693e-4 0 -1 2.34693e-4 0 2.34555e-4 1 0 2.34555e-4 1 0 1 -2.34693e-4 0 1 -2.34693e-4 0 -2.34555e-4 -1 0 -2.34555e-4 -1 0 -1 2.34474e-4 0 -1 2.34474e-4 0 2.34407e-4 1 0 2.34407e-4 1 1.55181e-6 2.34097e-4 1 1.44495e-6 2.34496e-4 0.9999999 7.76442e-6 2.34906e-4 1 6.83764e-6 2.36512e-4 0.9999999 -4.40733e-6 2.32702e-4 1 -2.65729e-6 2.30952e-4 0.9999999 -2.6578e-6 2.30951e-4 1 -1.66374e-6 2.30378e-4 1 -6.19292e-7 2.31567e-4 1 -2.35219e-6 2.32031e-4 1 -4.24822e-7 2.35934e-4 1 4.24822e-7 2.35934e-4 1 2.35224e-6 2.32031e-4 1 6.19315e-7 2.31567e-4 1 1.66374e-6 2.30378e-4 1 2.65776e-6 2.30951e-4 1 2.65726e-6 2.30952e-4 1 4.40738e-6 2.32702e-4 1 -6.83737e-6 2.36511e-4 1 -7.76399e-6 2.34906e-4 1 -1.44502e-6 2.34496e-4 0.9999999 -1.55189e-6 2.34097e-4 1 0 2.34407e-4 0.9999999 0 2.34407e-4 0.9999999 1.55189e-6 2.34097e-4 1 1.44502e-6 2.34496e-4 0.9999999 -6.05592e-6 2.34009e-4 1 -5.15513e-6 2.32449e-4 0.9999999 -4.40738e-6 2.32702e-4 1 -2.65726e-6 2.30952e-4 1 -2.65776e-6 2.30951e-4 1 -1.66374e-6 2.30378e-4 1 -6.19315e-7 2.31567e-4 1 -9.86769e-7 2.31666e-4 1 6.39202e-7 2.23516e-4 1 2.0596e-6 2.23516e-4 1 -1.62006e-6 2.30967e-4 1 6.19292e-7 2.31567e-4 1 1.66374e-6 2.30378e-4 1 2.6578e-6 2.30951e-4 1 2.65729e-6 2.30952e-4 0.9999999 4.40733e-6 2.32702e-4 1 5.15534e-6 2.32448e-4 1 6.05626e-6 2.34009e-4 1 -1.44495e-6 2.34496e-4 0.9999999 -1.55181e-6 2.34097e-4 1 0 2.34407e-4 1 0 2.34407e-4 1 -1.20297e-5 2.36807e-4 0.9999999 -1.11906e-5 2.33675e-4 0.9999999 7.76442e-6 2.34906e-4 1 6.83764e-6 2.36512e-4 0.9999999 -4.40733e-6 2.32702e-4 1 -2.65729e-6 2.30952e-4 0.9999999 -2.6578e-6 2.30951e-4 1 -1.66456e-6 2.30378e-4 0.9999999 -6.18182e-7 2.3157e-4 1 -2.35089e-6 2.32034e-4 0.9999999 -4.24822e-7 2.35934e-4 1 4.24822e-7 2.35934e-4 1 2.35094e-6 2.32034e-4 1 6.18205e-7 2.3157e-4 1 1.66456e-6 2.30378e-4 0.9999999 2.65776e-6 2.30951e-4 1 2.65726e-6 2.30952e-4 1 4.40738e-6 2.32702e-4 1 -6.83737e-6 2.36511e-4 1 -7.76399e-6 2.34906e-4 1 1.11912e-5 2.33675e-4 0.9999999 1.20304e-5 2.36807e-4 0.9999999 0 2.34407e-4 0.9999999 0 2.34407e-4 0.9999999 1.55189e-6 2.34097e-4 1 1.44502e-6 2.34496e-4 0.9999999 7.76399e-6 2.34906e-4 1 6.83737e-6 2.36511e-4 0.9999999 -4.40738e-6 2.32702e-4 1 -2.65726e-6 2.30952e-4 1 -2.65776e-6 2.30951e-4 1 -1.66374e-6 2.30378e-4 1 -6.19315e-7 2.31567e-4 1 -9.85763e-7 2.31665e-4 1 -1.83807e-6 2.35937e-4 1 4.23375e-7 2.35937e-4 1 2.35219e-6 2.32031e-4 1 6.19292e-7 2.31567e-4 1 1.66374e-6 2.30378e-4 1 2.6578e-6 2.30951e-4 1 2.65729e-6 2.30952e-4 0.9999999 4.40733e-6 2.32702e-4 1 -6.83764e-6 2.36512e-4 1 -7.76442e-6 2.34906e-4 1 -1.44495e-6 2.34496e-4 0.9999999 -1.55181e-6 2.34097e-4 1 0 -2.34693e-4 -1 0 -2.34693e-4 -1 0 0.993124 -0.1170669 -8.48446e-4 0.9914139 -0.1307586 7.4885e-4 0.9388433 -0.344344 -0.001497507 0.9237888 -0.3828996 0.001298069 0.8333008 -0.5528183 -0.001946866 0.7932083 -0.6089473 0.001647293 0.6822579 -0.7311098 -0.002195894 0.6085733 -0.7934946 0.001796305 0.4939647 -0.8694801 -0.002244651 0.3824675 -0.9239662 -6.03401e-4 0.3402568 -0.9403324 3.48022e-4 0.2462791 -0.9691989 -0.001438379 0.1449413 -0.9894392 -0.00208944 0.1302946 -0.9914731 0 0.04886215 -0.9988055 0 -0.04931747 -0.9987832 -0.00273478 -0.1176107 -0.993056 -0.001119494 -0.1453279 -0.9893829 5.34813e-4 -0.2467083 -0.9690896 -0.002008259 -0.3407593 -0.9401485 -0.002373874 -0.3458822 -0.9382749 0.002629101 -0.5025208 -0.8645611 -0.001971781 -0.5550991 -0.8317819 0.002162873 -0.7029342 -0.7112516 -0.001442074 -0.7337188 -0.6794517 0.001569151 -0.8585931 -0.5126553 -7.84696e-4 -0.8719043 -0.4896758 8.48212e-4 -0.9595857 -0.2814152 0 -0.9620397 -0.2729098 0 0.9811326 -0.1933357 -0.005436182 0.9585202 -0.2849726 -0.005115926 0.9589201 -0.28363 0.004713773 0.8817728 -0.4716509 -0.006474614 0.8554866 -0.5177844 0.005921721 0.7444021 -0.6677053 -0.007531642 0.6959972 -0.718005 0.006828129 0.5643728 -0.8254917 -0.008286893 0.4909031 -0.8711748 0.007432401 0.352003 -0.9359694 -0.008740186 0.2536444 -0.9672581 0.007734656 0.1194607 -0.9928088 -0.008891224 -2.34651e-4 -0.9999604 0.007734477 -0.1199256 -0.9927527 -0.008740305 -0.2540973 -0.9671392 0.007432162 -0.3524407 -0.9358046 -0.00828725 -0.4913121 -0.8709442 0.006827592 -0.5647599 -0.8252271 -0.00753194 -0.6963327 -0.7176796 0.005921661 -0.7447152 -0.6673563 -0.006474673 -0.8557295 -0.517383 0.004713773 -0.881994 -0.4712371 -0.003508031 -0.9490752 -0.3150299 0 -0.9442819 -0.3291379 -0.01661831 0.9649046 -0.2620747 0 0.9441272 -0.3295813 -0.0066455 -0.9590442 -0.2831782 -0.004070162 -0.9651523 -0.2616573 0 -0.9812231 -0.1928764 0 0.961911 -0.2733629 8.48185e-4 0.9594532 -0.2818669 -7.84732e-4 0.8716759 -0.4900822 0.001569271 0.8583533 -0.5130566 -0.001441955 0.7334007 -0.6797951 0.002162992 0.7026012 -0.7115806 -0.001971721 0.5547069 -0.8320434 0.002628982 0.5021151 -0.8647968 -0.002373933 0.3454456 -0.9384359 -0.002007961 0.3403171 -0.9403086 5.35121e-4 0.2462524 -0.9692056 -0.001119136 0.1448631 -0.9894511 -0.002734363 0.1171465 -0.9931109 0 0.0488618 -0.9988056 0 -2.34693e-4 -1 0 -2.34693e-4 -1 -1 0 0 -1 0 0 -1 0 0 -1 0 0 -1 0 0 -1 0 0 -1 0 0 -1 0 0 -1 0 0 -1 0 0 -1 0 0 -1 0 0 -1 0 0 -1 0 0 -1 0 0 -1 0 0 -1 0 0 -1 0 0 -1 0 0 -1 0 0 -1 0 0 -1 0 0 -1 0 0 -1 0 0 -1 0 0 -1 0 0 0 0.1303024 -0.9914743 0 0.1303024 -0.9914743 0 0.1303024 -0.9914743 0 0.1303024 -0.9914743 0 0.3824581 -0.9239728 0 0.3824581 -0.9239728 0 0.6085798 -0.7934926 0 0.6085798 -0.7934926 0 0.7932093 -0.6089491 0 0.7932093 -0.6089491 0 0.9237913 -0.3828962 0 0.9237913 -0.3828962 0 0.9914143 -0.1307587 0 0.9914143 -0.1307587 0 0.9914143 -0.1307587 0 0.9914143 -0.1307587 0 0.9237914 -0.3828962 0 0.9237914 -0.3828962 0 0.7932093 -0.6089491 0 0.7932093 -0.6089491 0 0.6085798 -0.7934927 0 0.6085798 -0.7934927 0 0.3824581 -0.9239729 0 0.3824581 -0.9239729 0 0.3824581 -0.9239729 0 0.3824581 -0.9239729 0 0.6085798 -0.7934927 0 0.6085798 -0.7934927 0 0.7932093 -0.6089491 0 0.7932093 -0.6089491 0 0.9237914 -0.3828962 0 0.9237914 -0.3828962 -1 0 0 -1 0 0 -1 0 0 -1 0 0 -1 0 0 -1 0 0 -1 0 0 -1 0 0 -1 0 0 -1 0 0 -1 0 0 -1 0 0 -1 0 0 -1 0 0 -1 0 0 -1 0 0 -1 0 0 -1 0 0 -1 0 0 -1 0 0 -1 0 0 -1 0 0 -1 0 0 -1 0 0 -1 0 0 -1 0 0 0 -1 2.34474e-4 0 -1 2.34474e-4 0 1 -2.34474e-4 0 1 -2.34474e-4 0 1 -2.34196e-4 0 1 -2.34228e-4 0 1 -2.34309e-4 6.41369e-7 1 -2.35008e-4 -1.71607e-6 1 -2.32401e-4 -3.3281e-7 1 -2.34091e-4 0 0.9999999 -2.34544e-4 -1.35706e-7 0.9999999 -2.34591e-4 7.64988e-7 1 -2.34323e-4 2.79415e-6 1 -2.33878e-4 0 0.9999999 -2.34228e-4 0 0.9999999 -2.26693e-4 -3.56944e-7 1 -2.40315e-4 3.85312e-7 1 -2.29313e-4 -6.91905e-7 1 -2.38141e-4 0 -2.34383e-4 -1 0 -2.34383e-4 -1 -0.1305258 -2.32378e-4 -0.9914449 -0.1305258 -2.32378e-4 -0.9914449 -0.3826846 -2.16541e-4 -0.923879 -0.3826846 -2.16538e-4 -0.923879 -0.6087633 -1.85948e-4 -0.7933519 -0.6087634 -1.85947e-4 -0.7933518 -0.7933484 -1.42685e-4 -0.6087678 -0.7933485 -1.42684e-4 -0.6087678 -0.923884 -8.96919e-5 -0.3826727 -0.9238836 -8.93902e-5 -0.3826736 -0.991445 -3.04917e-5 -0.1305255 -0.991445 -3.05942e-5 -0.1305252 -1 0 0 -1 0 0 -0.08590912 2.33163e-4 0.9963029 -0.1305224 0.009637951 0.9913985 -0.2488216 -0.004474043 0.9685391 -0.3826695 0.009094953 0.9238405 -0.4457426 -0.006894946 0.8951346 -0.6087438 0.007881581 0.7933277 -0.6506215 -0.00559324 0.7593815 -0.793334 0.006357252 0.6087535 -0.8161962 -0.00400865 0.5777609 -0.9238745 0.004526853 0.3826687 -0.932473 -0.002132117 0.3612335 -0.9914422 0.002399265 0.1305246 -0.9924219 2.88004e-5 0.1228774 0 -0.9914743 -0.1303024 0 -0.9914743 -0.1303024 0 -0.9914743 -0.1303024 0 -0.9914743 -0.1303024 0 -0.9239728 -0.3824581 0 -0.9239728 -0.3824581 0 -0.7934926 -0.6085798 0 -0.7934926 -0.6085798 0 -0.6089491 -0.7932093 0 -0.6089491 -0.7932093 0 -0.3828962 -0.9237913 0 -0.3828962 -0.9237913 0 -0.1307587 -0.9914143 0 -0.1307587 -0.9914143 0 -0.1307587 -0.9914143 0 -0.1307587 -0.9914143 0 -0.3828962 -0.9237914 0 -0.3828962 -0.9237914 0 -0.6089491 -0.7932093 0 -0.6089491 -0.7932093 0 -0.7934927 -0.6085798 0 -0.7934927 -0.6085798 0 -0.9239729 -0.3824581 0 -0.9239729 -0.3824581 0 -0.9239729 -0.3824581 0 -0.9239729 -0.3824581 0 -0.7934927 -0.6085798 0 -0.7934927 -0.6085798 0 -0.6089491 -0.7932093 0 -0.6089491 -0.7932093 0 -0.3828962 -0.9237914 0 -0.3828962 -0.9237914 -1 0 0 -1 0 0 -1 0 0 -1 0 0 -1 0 0 -1 0 0 -1 0 0 -1 0 0 -1 0 0 -1 0 0 -1 0 0 -1 0 0 -1 0 0 -1 0 0 -1 0 0 -1 0 0 -1 0 0 -1 0 0 -1 0 0 -1 0 0 -1 0 0 -1 0 0 -1 0 0 -1 0 0 -1 0 0 -1 0 0 -1 0 0 -1 0 0 -1 0 0 -1 0 0 -1 0 0 -1 0 0 -1 0 0 -1 0 0 -1 0 0 -1 0 0 -1 0 0 -1 0 0 -1 0 0 -1 0 0 -1 0 0 -1 0 0 -1 0 0 -1 0 0 -1 0 0 -1 0 0 -1 0 0 -1 0 0 -1 0 0 -1 0 0 -1 0 0 -1 0 0 -1.73296e-7 -2.34723e-4 -1 9.12791e-7 -2.35055e-4 -1 0 -2.34142e-4 -1 -0.07452857 -2.3407e-4 -0.9972189 -0.1305201 -0.009625792 -0.9913989 -0.2330992 0.003527879 -0.9724465 -0.3826772 -0.006432294 -0.9238598 -0.4138313 1.74969e-4 -0.9103536 -0.5876356 -3.71771e-4 -0.8091256 -0.6087548 -0.005020618 -0.7933426 -0.7394704 0.003776967 -0.6731786 -0.7933312 -0.006907403 -0.6087512 -0.8631025 0.004766821 -0.5050063 -0.9238627 -0.006821632 -0.3826633 -0.9511261 0.003704249 -0.3087805 -0.991436 -0.004296004 -0.130523 -0.99435 -2.48799e-5 -0.1061507 0 0.1068059 -0.9942799 -7.97213e-4 0.1584951 -0.9873594 8.46417e-4 0.3160136 -0.9487543 -0.001691699 0.3824697 -0.9239664 0.001214265 0.5107108 -0.8597518 -0.001820147 0.6085768 -0.793493 0.001313745 0.6870858 -0.7265751 -0.001583814 0.7932068 -0.6089504 0.001103699 0.8344804 -0.5510365 -0.001234173 0.9237886 -0.382901 7.47269e-4 0.9401376 -0.3407944 -8.30398e-4 0.9932383 -0.1160905 0 0.9914143 -0.1307587 0 0.9914143 -0.1307587 0 0.9914143 -0.1307587 0 0.9237893 -0.3829013 0 0.9237893 -0.3829013 0 0.7932077 -0.6089512 0 0.7932077 -0.6089512 0 0.6085777 -0.7934943 0 0.6085777 -0.7934943 0 0.3824703 -0.9239678 0 0.3824703 -0.9239678 0 0.1302884 -0.9914762 0 0.1302884 -0.9914762 0 0.3824703 -0.9239678 0 0.3824703 -0.9239678 0 0.6085777 -0.7934943 0 0.6085777 -0.7934943 0 0.7932077 -0.6089512 0 0.7932077 -0.6089512 0 0.9237893 -0.3829013 0 0.9237893 -0.3829013 1 0 0 1 0 0 1 0 0 1 0 0 1 0 0 1 0 0 1 0 0 1 0 0 1 0 0 1 0 0 1 0 0 1 0 0 1 0 0 1 0 0 1 0 0 1 0 0 1 0 0 1 0 0 1 0 0 1 0 0 1 0 0 1 0 0 1 0 0 1 0 0 1 0 0 1 0 0 1 0 0 1 0 0 1 0 0 1 0 0 1 0 0 1 0 0 1 0 0 1 0 0 1 0 0 1 0 0 1 0 0 1 0 0 1 0 0 1 0 0 1 0 0 1 0 0 1 0 0 1 0 0 1 0 0 1 0 0 1 0 0 1 0 0 1 0 0 1 0 0 1 0 0 1 0 0 1 0 0 1 0 0 1 0 0 1 0 0 1 0 0 1 0 0 1 0 0 1 0 0 1 0 0 1 0 0 1 0 0 1 0 0 1 0 0 1 0 0 1 0 0 1 0 0 1 0 0 1 0 0 1 0 0 1 0 0 1 0 0 1 0 0 1 0 0 1 0 0 1 0 0 1 0 0 1 0 0 1 0 0 1 0 0 1 0 0 1 0 0 1 0 0 1 0 0 1 0 0 1 0 0 1 0 0 0 -2.34507e-4 -1 6.15266e-7 -2.33959e-4 -1 -1.30761e-5 -2.43178e-4 -1 0 -2.34486e-4 -1 0 -2.34488e-4 -1 -3.31641e-7 -2.33937e-4 -1 3.05415e-7 -2.34358e-4 -0.9999999 2.00617e-7 -2.34332e-4 -1 6.75914e-7 -2.33982e-4 -1 -7.36172e-7 -2.35247e-4 -1 2.85844e-7 -2.34054e-4 -1 0 -2.34548e-4 -1 0 -2.34374e-4 -1 1.3071e-5 -2.43175e-4 -1 -5.04763e-6 -2.32599e-4 -1 4.05709e-7 -2.35384e-4 -1 -1.7151e-7 -2.33967e-4 -1 5.06464e-6 -2.32589e-4 -0.9999999 0 -2.34383e-4 -1 0 -2.34383e-4 -1 -0.1305282 -2.32378e-4 -0.9914446 -0.1305282 -2.32378e-4 -0.9914446 -0.3826846 -2.16541e-4 -0.923879 -0.3826846 -2.16538e-4 -0.923879 -0.6087619 -1.85948e-4 -0.793353 -0.6087619 -1.85947e-4 -0.793353 -0.7933493 -1.42684e-4 -0.6087666 -0.7933493 -1.42684e-4 -0.6087667 -0.9238836 -8.96921e-5 -0.3826736 -0.9238836 -8.96926e-5 -0.3826736 -0.991445 -3.0593e-5 -0.1305255 -0.991445 -3.05943e-5 -0.1305255 -1 0 0 -1 0 0 -0.08591133 2.33162e-4 0.9963028 -0.1305201 -0.009172976 0.9914032 -0.2488193 0.00492829 0.9685375 -0.3826695 -0.008661925 0.9238447 -0.4457446 0.007315099 0.8951303 -0.6087453 -0.007509171 0.7933301 -0.6506216 0.005949258 0.7593789 -0.7933331 -0.006071805 0.6087575 -0.8161962 0.004279971 0.577759 -0.9238749 -0.004347205 0.38267 -0.9324727 0.002301216 0.3612334 -0.9914422 -0.002338171 0.1305257 -0.9924219 2.87983e-5 0.1228771 1 0 0 1 0 0 1 0 0 1 0 0 1 0 0 1 0 0 1 0 0 1 0 0 1 0 0 1 0 0 1 0 0 1 0 0 1 0 0 1 0 0 1 0 0 1 0 0 1 0 0 1 0 0 1 0 0 1 0 0 1 0 0 1 0 0 1 0 0 1 0 0 1 0 0 1 0 0 1 0 0 1 0 0 1 0 0 1 0 0 1 0 0 1 0 0 1 0 0 1 0 0 1 0 0 1 0 0 1 0 0 1 0 0 1 0 0 1 0 0 1 0 0 1 0 0 1 0 0 1 0 0 1 0 0 1 0 0 1 0 0 1 0 0 1 0 0 1 0 0 1 0 0 1 0 0 1 0 0 1 0 0 1 0 0 1 0 0 1 0 0 1 0 0 1 0 0 1 0 0 1 0 0 1 0 0 1 0 0 1 0 0 1 0 0 0 2.34693e-4 1 0 2.34693e-4 1 0 -0.1307587 -0.9914143 0 -0.1307587 -0.9914143 0 -0.3828952 -0.9237918 0 -0.3828952 -0.9237918 0 -0.6089467 -0.7932112 0 -0.6089467 -0.7932112 0 -0.7934995 -0.6085708 0 -0.7934995 -0.6085708 0 -0.9239678 -0.3824703 0 -0.9239678 -0.3824703 0 -0.9914752 -0.1302954 0 -0.9914752 -0.1302954 1 0 0 1 0 0 1 0 0 1 0 0 1 0 0 1 0 0 1 0 0 1 0 0 1 0 0 1 0 0 1 0 0 1 0 0 1 0 0 1 0 0 0 0.9914144 -0.1307578 0 0.9914144 -0.1307578 0 0.9237893 -0.3829013 0 0.9237893 -0.3829013 0 0.7932112 -0.6089467 0 0.7932112 -0.6089467 0 0.6085743 -0.7934969 0 0.6085743 -0.7934969 0 0.3824703 -0.9239678 0 0.3824703 -0.9239678 0 0.1302954 -0.9914752 0 0.1302954 -0.9914752 1 0 0 1 0 0 1 0 0 1 0 0 1 0 0 1 0 0 1 0 0 1 0 0 1 0 0 1 0 0 1 0 0 1 0 0 1 0 0 1 0 0 1 0 0 1 0 0 1 0 0 1 0 0 1 0 0 1 0 0 1 0 0 1 0 0 1 0 0 1 0 0 1 0 0 1 0 0 1 0 0 1 0 0 1 0 0 1 0 0 1 0 0 1 0 0 1 0 0 1 0 0 1 0 0 1 0 0 1 0 0 1 0 0 1 0 0 1 0 0 1 0 0 1 0 0 1 0 0 1 0 0 1 0 0 1 0 0 1 0 0 1 0 0 1 0 0 1 0 0 1 0 0 1 0 0 1 0 0 1 0 0 1 0 0 1 0 0 1 0 0 1 0 0 1 0 0 1 0 0 1 0 0 1 0 0 1 0 0 1 0 0 1 0 0 1 0 0 1 0 0 1 0 0 0 2.34693e-4 1 0 2.34693e-4 1 1 0 0 1 0 0 1 0 0 1 0 0 1 0 0 1 0 0 1 0 0 1 0 0 1 0 0 1 0 0 1 0 0 1 0 0 1 0 0 1 0 0 1 0 0 1 0 0 1 0 0 1 0 0 1 0 0 1 0 0 1 0 0 1 0 0 1 0 0 1 0 0 1 0 0 1 0 0 1 0 0 1 0 0 1 0 0 1 0 0 1 0 0 1 0 0 0 -2.34486e-4 -1 0 -2.34488e-4 -1 -1.44939e-7 -2.34428e-4 -1 -4.2976e-6 -2.34343e-4 -1 0 -2.33866e-4 -1 0 -2.34373e-4 -1 0 -2.34557e-4 -1 1.78652e-7 -2.33972e-4 -1 -5.06464e-6 -2.32589e-4 -0.9999999 1.30761e-5 -2.43178e-4 -1 -4.2477e-7 -2.35376e-4 -1 3.49445e-7 -2.33939e-4 -1 -1.97373e-7 -2.33919e-4 -1 -2.44624e-7 -2.34368e-4 -1 7.35874e-7 -2.35247e-4 -1 -2.85785e-7 -2.34054e-4 -1 0 -2.34548e-4 -1 0 -2.34374e-4 -1 -1.30682e-5 -2.43173e-4 -1 5.04196e-6 -2.32603e-4 -1 1 0 0 1 0 0 1 0 0 1 0 0 1 0 0 1 0 0 1 0 0 1 0 0 1 0 0 1 0 0 1 0 0 1 0 0 1 0 0 1 0 0 1 0 0 1 0 0 1 0 0 1 0 0 1 0 0 1 0 0 1 0 0 1 0 0 1 0 0 1 0 0 1 0 0 1 0 0 1 0 0 1 0 0 1 0 0 1 0 0 1 0 0 1 0 0 1 0 0 1 0 0 1 0 0 1 0 0 1 0 0 1 0 0 1 0 0 1 0 0 1 0 0 1 0 0 1 0 0 1 0 0 1 0 0 1 0 0 1 0 0 1 0 0 1 0 0 1 0 0 1 0 0 1 0 0 1 0 0 1 0 0 1 0 0 1 0 0 1 0 0 1 0 0 1 0 0 0 0.1307587 0.9914143 0 0.1307587 0.9914143 0 0.3829013 0.9237893 0 0.3829013 0.9237893 0 0.6089422 0.7932146 0 0.6089422 0.7932146 0 0.7934961 0.6085753 0 0.7934961 0.6085753 0 0.9239703 0.3824641 0 0.9239703 0.3824641 0 0.9914752 0.1302954 0 0.9914752 0.1302954 0 -2.34693e-4 -1 0 -2.34693e-4 -1 1 0 0 1 0 0 1 0 0 1 0 0 1 0 0 1 0 0 1 0 0 1 0 0 1 0 0 1 0 0 1 0 0 1 0 0 1 0 0 1 0 0 1 0 0 1 0 0 1 0 0 1 0 0 1 0 0 1 0 0 1 0 0 1 0 0 1 0 0 1 0 0 1 0 0 1 0 0 1 0 0 1 0 0 1 0 0 1 0 0 1 0 0 1 0 0 0 -2.34693e-4 -1 0 -2.34693e-4 -1 1 0 0 1 0 0 1 0 0 1 0 0 1 0 0 1 0 0 1 0 0 1 0 0 1 0 0 1 0 0 1 0 0 1 0 0 1 0 0 1 0 0 1 0 0 1 0 0 1 0 0 1 0 0 1 0 0 1 0 0 1 0 0 1 0 0 1 0 0 1 0 0 1 0 0 1 0 0 1 0 0 1 0 0 1 0 0 1 0 0 1 0 0 1 0 0 1 0 0 1 0 0 1 0 0 1 0 0 1 0 0 1 0 0 1 0 0 1 0 0 1 0 0 1 0 0 1 0 0 1 0 0 1 0 0 1 0 0 1 0 0 1 0 0 1 0 0 1 0 0 1 0 0 1 0 0 1 0 0 1 0 0 1 0 0 1 0 0 1 0 0 1 0 0 1 0 0 1 0 0 1 0 0 1 0 0 1 0 0 1 0 0 0 -0.9914143 0.1307587 0 -0.9914143 0.1307587 0 -0.9237914 0.3828962 0 -0.9237914 0.3828962 0 -0.7932112 0.6089467 0 -0.7932112 0.6089467 0 -0.6085743 0.7934969 0 -0.6085743 0.7934969 0 -0.3824703 0.9239678 0 -0.3824703 0.9239678 0 -0.1302874 0.9914763 0 -0.1302874 0.9914763 1 0 0 1 0 0 1 0 0 1 0 0 1 0 0 1 0 0 1 0 0 1 0 0 1 0 0 1 0 0 1 0 0 1 0 0 1 0 0 1 0 0 1 0 0 1 0 0 1 0 0 1 0 0 1 0 0 1 0 0 1 0 0 1 0 0 1 0 0 1 0 0 1 0 0 1 0 0 1 0 0 1 0 0 1 0 0 1 0 0 1 0 0 1 0 0 1 0 0 1 0 0 1 0 0 1 0 0 1 0 0 1 0 0 1 0 0 1 0 0 1 0 0 1 0 0 1 0 0 1 0 0 1 0 0 1 0 0 1 0 0 1 0 0 1 0 0 -1 0 0 -1 0 0 -1 0 0 -1 0 0 -1 0 0 -1 0 0 -1 0 0 -1 0 0 -1 0 0 -1 0 0 -1 0 0 -1 0 0 -1 0 0 -1 0 0 -1 0 0 -1 0 0 -1 0 0 -1 0 0 -1 0 0 -0.9987949 0.04907965 -1.15032e-5 -0.9914415 0.1305166 0.003028035 -0.9897287 0.1429411 0.002206087 -0.9694533 0.2452751 -5.68657e-4 -0.9402722 0.3404227 8.34518e-4 -0.9238732 0.3826843 0.003322541 -0.8942459 0.4475761 -2.21566e-4 -0.8294961 0.5585125 -5.0597e-6 -0.7933455 0.6087628 0.003278493 -0.7510558 0.6602388 -1.54708e-4 -0.7071078 0.7071057 -1.6569e-4 -0.7071078 0.7071057 -1.65692e-4 -0.7933489 0.6087672 -1.42647e-4 -0.7933489 0.6087672 -1.42646e-4 -0.9238836 0.3826736 -8.96684e-5 -0.9238836 0.3826736 -8.96687e-5 -0.9914444 0.1305301 -3.05859e-5 -0.9914444 0.1305301 -3.05866e-5 -1 0 0 -1 0 0 -0.9914444 -0.1305303 3.0586e-5 -0.9914444 -0.1305301 3.06098e-5 -0.9238839 -0.382673 8.97395e-5 -0.9238836 -0.3826736 8.96687e-5 -0.7933489 -0.6087673 1.42647e-4 -0.7933489 -0.6087672 1.42645e-4 -0.7071081 -0.7071055 1.65689e-4 -0.7071081 -0.7071055 1.65692e-4 -0.7510526 -0.6602424 1.54708e-4 -0.7933443 -0.6087629 0.00356388 -0.8294984 -0.5585091 2.56466e-4 -0.8942444 -0.447579 -1.19728e-5 -0.9238731 -0.3826827 0.003501892 -0.940273 -0.3404197 9.93904e-4 -0.9694529 -0.2452768 -4.53768e-4 -0.9897289 -0.1429392 0.002273082 -0.9914416 -0.1305147 0.003089189 -0.9987949 -0.04907977 1.15033e-5 -1 0 0 -1 0 0 -1 0 0 -1 0 0 -1 0 0 -1 0 0 -1 0 0 -1 0 0 -1 0 0 -1 0 0 -1 0 0 -1 0 0 -1 0 0 -1 0 0 -1 0 0 -1 0 0 -1 0 0 -1 0 0 -1 0 0 -1 0 0 -1 0 0 -1 0 0 -1 0 0 -1 0 0 -1 0 0 -1 0 0 -1 0 0 -1 0 0 -1 0 0 -1 0 0 -1 0 0 -1 0 0 -1 0 0 -1 0 0 -1 0 0 -1 0 0 -1 0 0 -1 0 0 -1 0 0 -1 0 0 -1 0 0 -1 0 0 -1 0 0 -1 0 0 -1 0 0 -1 0 0 -0.9987949 0.04907965 -1.15016e-5 -0.9914416 0.1305162 0.003028035 -0.9897289 0.1429404 0.002206087 -0.969453 0.2452765 -5.68706e-4 -0.9402729 0.3404205 8.3439e-4 -0.9238732 0.3826842 0.003322541 -0.8942447 0.4475784 -2.21707e-4 -0.8294977 0.5585103 -5.24646e-6 -0.7933444 0.6087641 0.003278493 -0.7510536 0.6602413 -1.54724e-4 -0.707108 0.7071055 -1.6569e-4 -0.7071081 0.7071055 -1.65704e-4 -0.7933491 0.6087671 -1.42647e-4 -0.7933492 0.6087667 -1.42673e-4 -0.9238837 0.3826734 -8.96862e-5 -0.9238836 0.3826736 -8.96687e-5 -0.9914444 0.1305302 -3.05859e-5 -0.9914444 0.1305301 -3.05975e-5 -1 0 0 -1 0 0 -0.9914444 -0.1305301 3.05859e-5 -0.9914444 -0.1305301 3.05866e-5 -0.9238836 -0.3826736 8.96684e-5 -0.9238836 -0.3826736 8.96687e-5 -0.7933489 -0.6087673 1.42647e-4 -0.7933489 -0.6087672 1.42645e-4 -0.7071079 -0.7071057 1.6569e-4 -0.7071079 -0.7071057 1.65692e-4 -0.7510558 -0.6602388 1.54708e-4 -0.7933456 -0.6087611 0.003563761 -0.8294961 -0.5585125 2.56682e-4 -0.8942459 -0.4475761 -1.1813e-5 -0.9238731 -0.3826827 0.003501892 -0.9402819 -0.3403956 9.92486e-4 -0.9691084 -0.246635 -4.67987e-4 -0.989539 -0.1442489 0.002216935 -0.9914415 -0.1305147 0.003114879 -0.9987941 -0.04909443 1.15067e-5 -9.91546e-7 -2.33893e-4 -1 7.94517e-7 -2.33346e-4 -1 0 -2.34142e-4 -1 0 -0.9932945 -0.1156111 -5.87764e-4 -0.9885169 -0.1511087 7.46676e-4 -0.9402943 -0.3403617 -0.001233935 -0.9239721 -0.3824578 0.001103937 -0.8347417 -0.5506407 -0.001583874 -0.7934917 -0.608579 0.001313686 -0.6874233 -0.7262558 -0.001820266 -0.6089412 -0.7932133 0.001213908 -0.5111188 -0.8595092 -0.001692235 -0.3829007 -0.923788 8.46036e-4 -0.3164521 -0.9486081 -0.001322984 -0.1072739 -0.9942287 0 -0.1307587 -0.9914143 0 -0.1307587 -0.9914143 0 -0.1307587 -0.9914143 0 -0.3829013 -0.9237893 0 -0.3829013 -0.9237893 0 -0.6089422 -0.7932146 0 -0.6089422 -0.7932146 0 -0.7934927 -0.6085798 0 -0.7934927 -0.6085798 0 -0.9239729 -0.3824581 0 -0.9239729 -0.3824581 0 -0.9914743 -0.1303024 0 -0.9914743 -0.1303024 0 -0.9239729 -0.3824581 0 -0.9239729 -0.3824581 0 -0.7934927 -0.6085798 0 -0.7934927 -0.6085798 0 -0.6089422 -0.7932146 0 -0.6089422 -0.7932146 0 -0.3829013 -0.9237893 0 -0.3829013 -0.9237893 -1 0 0 -1 0 0 -1 0 0 -1 0 0 -1 0 0 -1 0 0 -1 0 0 -1 0 0 -1 0 0 -1 0 0 -1 0 0 -1 0 0 -1 0 0 -1 0 0 -1 0 0 -1 0 0 -1 0 0 -1 0 0 -1 0 0 -0.07452511 -2.33242e-4 -0.9972191 -0.1305201 0.00916177 -0.9914034 -0.2331018 -0.003983318 -0.9724442 -0.3826772 0.005999386 -0.9238626 -0.4138315 -6.01564e-4 -0.9103534 -0.5876348 -7.38949e-6 -0.8091264 -0.6087548 0.004649043 -0.7933449 -0.7394711 -0.004092335 -0.6731758 -0.7933312 0.006622076 -0.6087543 -0.863102 -0.005003392 -0.505005 -0.9238627 0.006642401 -0.3826665 -0.9511263 -0.00384891 -0.3087781 -0.991436 0.00423485 -0.1305254 -0.99435 -2.4879e-5 -0.106151 1.41887e-6 -2.34594e-4 -1 0 -2.33893e-4 -1 0 -2.33893e-4 -1 8.13141e-7 -2.36854e-4 -1 -4.83538e-6 -2.31895e-4 -0.9999999 -3.90247e-6 -2.30279e-4 -1 3.79574e-7 -2.36695e-4 -1 1.15488e-6 -2.3592e-4 -1 1.15471e-6 -2.3592e-4 -0.9999999 1.17802e-6 -2.35906e-4 -1 1.28062e-6 -2.37486e-4 -1 -1.68343e-7 -2.37874e-4 -1 2.1816e-7 -2.35937e-4 -1 -2.18156e-7 -2.35937e-4 -1 1.68342e-7 -2.37874e-4 -1 -1.2806e-6 -2.37486e-4 -1 -1.178e-6 -2.35906e-4 -0.9999999 -1.15473e-6 -2.3592e-4 -1 -1.1549e-6 -2.3592e-4 -0.9999999 -3.79574e-7 -2.36695e-4 -1 3.90259e-6 -2.30279e-4 -1 4.83556e-6 -2.31894e-4 -1 -8.13107e-7 -2.36854e-4 -0.9999999 -1.55181e-6 -2.34097e-4 -1 0 -2.34407e-4 -1 0 -2.33893e-4 -1 1.4188e-6 -2.34594e-4 -0.9999999 1.39518e-6 -2.34682e-4 -0.9999999 9.5026e-7 -2.34291e-4 -1 1.06576e-6 -2.34091e-4 -1 1.83353e-6 -2.35241e-4 -1 1.1549e-6 -2.3592e-4 -0.9999999 1.15473e-6 -2.3592e-4 -1 -7.69657e-7 -2.37031e-4 -0.9999999 -1.1157e-6 -2.31703e-4 -1 1.18595e-6 -2.31086e-4 -1 2.18741e-7 -2.35934e-4 -0.9999999 -2.18744e-7 -2.35934e-4 -0.9999999 -1.18596e-6 -2.31086e-4 -1 1.11572e-6 -2.31703e-4 -1 7.69669e-7 -2.37031e-4 -1 -1.15471e-6 -2.3592e-4 -0.9999999 -1.15488e-6 -2.3592e-4 -1 -1.83353e-6 -2.35241e-4 -1 -1.06573e-6 -2.34091e-4 -1 -9.50198e-7 -2.34291e-4 -1 -1.39524e-6 -2.34682e-4 -1 -1.41887e-6 -2.34594e-4 -1 1.41887e-6 -2.34594e-4 -1 0 -2.33893e-4 -1 0 -2.33893e-4 -1 1.39524e-6 -2.34682e-4 -1 9.50224e-7 -2.34291e-4 -0.9999999 1.06573e-6 -2.34091e-4 -1 1.83353e-6 -2.35241e-4 -1 1.15488e-6 -2.3592e-4 -1 1.15471e-6 -2.3592e-4 -0.9999999 -7.69669e-7 -2.37031e-4 -1 -1.11591e-6 -2.317e-4 -1 1.18658e-6 -2.31083e-4 -1 2.1816e-7 -2.35937e-4 -1 -2.18156e-7 -2.35937e-4 -1 -1.18658e-6 -2.31083e-4 -1 1.11589e-6 -2.317e-4 -1 7.69657e-7 -2.37031e-4 -0.9999999 -1.15473e-6 -2.3592e-4 -1 -1.1549e-6 -2.3592e-4 -0.9999999 -1.83353e-6 -2.35241e-4 -1 -1.06576e-6 -2.34091e-4 -1 -9.50234e-7 -2.34291e-4 -1 -1.39518e-6 -2.34682e-4 -0.9999999 -1.55181e-6 -2.34097e-4 -1 0 -2.34407e-4 -1 0 -2.33893e-4 -1 1.42147e-6 -2.34595e-4 -0.9999999 8.15572e-7 -2.36856e-4 -0.9999999 -4.83777e-6 -2.31893e-4 -0.9999999 -3.90436e-6 -2.30276e-4 -1 3.79574e-7 -2.36695e-4 -1 1.1549e-6 -2.3592e-4 -0.9999999 1.15568e-6 -2.35922e-4 -1 1.17913e-6 -2.35909e-4 -1 1.28174e-6 -2.37489e-4 -0.9999999 -1.68987e-7 -2.37877e-4 -1 2.18741e-7 -2.35934e-4 -0.9999999 -2.18744e-7 -2.35934e-4 -0.9999999 1.68988e-7 -2.37877e-4 -1 -1.28176e-6 -2.37489e-4 -0.9999999 -1.17915e-6 -2.35909e-4 -0.9999999 -1.15567e-6 -2.35922e-4 -0.9999999 -1.15488e-6 -2.3592e-4 -1 -3.79574e-7 -2.36695e-4 -1 3.90424e-6 -2.30276e-4 -1 4.83758e-6 -2.31893e-4 -1 -8.15606e-7 -2.36856e-4 -1 -1.42153e-6 -2.34595e-4 -1 -1.73296e-7 2.34723e-4 1 9.11253e-7 2.35055e-4 1 0 2.34143e-4 1 -0.07452857 2.3407e-4 0.9972189 -0.1305201 0.009625792 0.9913989 -0.2330992 -0.003527879 0.9724466 -0.3826772 0.006432294 0.9238598 -0.4138313 -1.74969e-4 0.9103536 -0.5876356 3.71771e-4 0.8091256 -0.6087548 0.005020618 0.7933426 -0.7394704 -0.003776967 0.6731786 -0.7933312 0.006907403 0.6087512 -0.8631025 -0.004766821 0.5050063 -0.9238626 0.006821632 0.3826633 -0.9511262 -0.003704249 0.3087806 -0.991436 0.004296004 0.1305234 -0.99435 2.4825e-5 0.1061507 0 -0.1302953 0.9914752 0 -0.1302953 0.9914752 -8.88712e-4 -0.1617327 0.9868342 9.94351e-4 -0.2881599 0.9575818 -0.001840472 -0.3824635 0.9239688 0.001002967 -0.4743323 0.8803453 -0.001376926 -0.6085919 0.7934823 1.35258e-7 -0.6345117 0.7729132 -7.03104e-7 -0.7726739 0.6348032 -0.00138992 -0.7932181 0.608936 0.001015424 -0.8802604 0.4744899 -0.00187689 -0.9237887 0.382898 0.001017808 -0.957499 0.2884346 -0.001862943 -0.9951283 0.09857124 0 -0.9914143 0.1307587 0 -0.9914143 0.1307587 0 -0.9914143 0.1307587 0 -0.9237903 0.3828987 0 -0.9237903 0.3828987 0 -0.7932167 0.6089394 -1.98319e-7 -0.7932167 0.6089394 7.5949e-7 -0.6085924 0.793483 0 -0.3824642 0.9239704 0 -0.3824642 0.9239704 0 -0.6085754 0.7934961 4.42827e-7 -0.6085816 0.7934913 -4.41286e-7 -0.7932119 0.6089456 0 -0.09806472 0.9951801 0 -0.3824642 0.9239704 0 -0.3824642 0.9239704 0 -0.6085816 0.7934913 0 -0.7932189 0.6089366 0 -0.9237903 0.3828987 0 -0.9237903 0.3828987 0 -1 2.34443e-4 0 -1 2.34443e-4 0 -0.9914744 -0.130302 0 -0.9914744 -0.130302 -9.03749e-4 -0.986746 -0.1622699 0.001017868 -0.9576295 -0.2880011 -0.001876175 -0.9239707 -0.3824586 0.001016318 -0.8804823 -0.4740779 -0.001389086 -0.7935044 -0.6085628 0 -0.7729749 -0.6344367 6.46955e-7 -0.6348801 -0.7726107 -0.001377165 -0.6089563 -0.7932026 0.001002728 -0.4747424 -0.8801242 -0.001840472 -0.3829006 -0.9237877 9.94416e-4 -0.2886122 -0.9574456 -0.001817047 -0.09848564 -0.9951368 0 -0.1307587 -0.9914143 0 -0.1307587 -0.9914143 0 -0.1307587 -0.9914143 0 -0.3829013 -0.9237893 0 -0.3829013 -0.9237893 0 -0.6089467 -0.7932111 6.00709e-7 -0.6089552 -0.7932046 -3.21373e-7 -0.7934913 -0.6085816 0 -0.7934949 -0.608577 0 -0.9239723 -0.3824594 0 -0.9239723 -0.3824594 0 -0.9951801 -0.09806364 0 -0.9239723 -0.3824594 0 -0.9239723 -0.3824594 0 -0.7935052 -0.6085635 -9.5367e-7 -0.7934949 -0.608577 0 -0.6089568 -0.7932034 0 -0.6089552 -0.7932046 0 -0.3829013 -0.9237893 0 -0.3829013 -0.9237893 0 -0.9999999 2.34407e-4 2.86617e-6 -1 2.32878e-4 -1.24063e-6 -0.9999999 2.34929e-4 0 -0.9999999 2.34486e-4 2.09876e-6 -1 2.34601e-4 -7.65207e-7 -1 2.34323e-4 0 -1 2.34427e-4 9.79772e-7 -1 2.34587e-4 -1.2187e-7 -1 2.34397e-4 4.11315e-7 -1 2.34693e-4 -3.51281e-6 -1 2.30757e-4 1.46856e-6 -1 2.36231e-4 0 -1 2.34428e-4 -1.71883e-6 -1 2.35154e-4 0 -1 2.345e-4 8.14231e-7 -1 2.34204e-4 -2.14329e-6 -1 2.34939e-4 0 -1 2.34638e-4 0 2.34263e-4 0.9999999 0 2.34263e-4 0.9999999 0 0.9914762 0.1302875 0 0.9914762 0.1302875 0 0.9914762 0.1302875 0 0.9914763 0.1302875 0 0.9239678 0.3824703 0 0.9239678 0.3824703 0 0.793497 0.6085743 0 0.793497 0.6085743 0 0.6089467 0.7932111 0 0.6089467 0.7932111 0 0.3829013 0.9237893 0 0.3829013 0.9237893 0 0.1307568 0.9914144 0 0.1307568 0.9914145 0 0.1307568 0.9914145 0 0.1307568 0.9914145 0 0.3829013 0.9237893 0 0.3829013 0.9237893 0 0.6089467 0.7932111 0 0.6089467 0.7932111 0 0.7934969 0.6085743 0 0.7934969 0.6085743 0 0.9239678 0.3824703 0 0.9239678 0.3824703 0 0.9239678 0.3824703 0 0.9239678 0.3824703 0 0.7934969 0.6085743 0 0.7934969 0.6085743 0 0.6089467 0.7932111 0 0.6089467 0.7932111 0 0.3829013 0.9237893 0 0.3829013 0.9237893 0 1 -2.34443e-4 0 1 -2.34443e-4 0 0.1302953 -0.9914752 0 0.1302953 -0.9914752 0 0.1302954 -0.9914752 0 0.1302954 -0.9914752 0 0.3824642 -0.9239703 0 0.3824642 -0.9239703 0 0.6085754 -0.7934961 0 0.6085754 -0.7934961 0 0.7932133 -0.6089439 0 0.7932133 -0.6089439 0 0.9237898 -0.3829 0 0.9237898 -0.3829 0 0.9914143 -0.1307587 0 0.9914143 -0.1307587 0 0.9914143 -0.1307587 0 0.9914143 -0.1307587 0 0.9237897 -0.3829 0 0.9237897 -0.3829 0 0.7932133 -0.6089439 0 0.7932133 -0.6089439 0 0.6085754 -0.7934961 0 0.6085754 -0.7934961 0 0.3824642 -0.9239704 0 0.3824642 -0.9239704 0 0.3824642 -0.9239704 0 0.3824642 -0.9239704 0 0.6085754 -0.7934961 0 0.6085754 -0.7934961 0 0.7932133 -0.6089439 0 0.7932133 -0.6089439 0 0.9237897 -0.3829 0 0.9237897 -0.3829 0 -2.34263e-4 -0.9999999 0 -2.34263e-4 -0.9999999 0 -0.1068102 0.9942795 -7.97305e-4 -0.1585054 0.9873578 8.46131e-4 -0.3160045 0.9487574 -0.001692116 -0.3824636 0.923969 0.001213967 -0.5107141 0.8597498 -0.001820385 -0.6085743 0.7934947 0.001313567 -0.6870853 0.7265755 -0.001583933 -0.7932123 0.6089432 0.001103043 -0.8344771 0.5510417 -0.001233577 -0.923789 0.3828997 7.46611e-4 -0.9401261 0.3408262 -8.30742e-4 -0.993239 0.1160844 0 -0.9914143 0.1307587 0 -0.9914143 0.1307587 0 -0.9914143 0.1307587 0 -0.9237897 0.3829 0 -0.9237897 0.3829 0 -0.7932133 0.6089439 0 -0.7932133 0.6089439 0 -0.6085754 0.7934961 0 -0.6085754 0.7934961 0 -0.3824642 0.9239704 0 -0.3824642 0.9239704 0 -0.1302953 0.9914752 0 -0.1302953 0.9914752 0 -0.3824642 0.9239704 0 -0.3824642 0.9239704 0 -0.6085754 0.7934961 0 -0.6085754 0.7934961 0 -0.7932133 0.6089439 0 -0.7932133 0.6089439 0 -0.9237897 0.3829 0 -0.9237897 0.3829 0 2.34228e-4 1 0 2.34228e-4 1 0 0.9914744 0.130302 0 0.9914744 0.130302 0 0.9914744 0.1303019 0 0.9914743 0.1303019 0 0.9239673 0.3824715 0 0.9239673 0.3824715 0 0.7934982 0.6085726 0 0.7934982 0.6085726 0 0.6089467 0.7932111 0 0.6089467 0.7932111 0 0.3829013 0.9237893 0 0.3829013 0.9237893 0 0.1307587 0.9914143 0 0.1307587 0.9914143 0 0.1307587 0.9914143 0 0.1307587 0.9914143 0 0.3829013 0.9237893 0 0.3829013 0.9237893 0 0.6089467 0.7932111 0 0.6089467 0.7932111 0 0.7934982 0.6085726 0 0.7934982 0.6085726 0 0.9239673 0.3824715 0 0.9239673 0.3824715 0 0.9239673 0.3824715 0 0.9239673 0.3824715 0 0.7934982 0.6085726 0 0.7934982 0.6085726 0 0.6089467 0.7932111 0 0.6089467 0.7932111 0 0.3829013 0.9237893 0 0.3829013 0.9237893 -3.86303e-7 1 -2.35042e-4 4.25371e-7 1 -2.34228e-4 1.21852e-7 1 -2.34397e-4 1.24061e-6 0.9999999 -2.34929e-4 -2.8662e-6 1 -2.32878e-4 0 0.9999999 -2.34407e-4 -9.81532e-7 1 -2.34588e-4 0 1 -2.34427e-4 7.65564e-7 1 -2.34322e-4 2.76098e-6 1 -2.34126e-4 0 0.9999999 -2.34279e-4 -1.46826e-6 1 -2.3623e-4 0 1 -2.34428e-4 1.72947e-6 1 -2.35162e-4 0 1 -2.34501e-4 -8.15419e-7 0.9999999 -2.34202e-4 2.14417e-6 1 -2.34945e-4 0 1 -2.34638e-4 0 2.34028e-4 0.9999999 0 2.34028e-4 0.9999999 1.30761e-5 2.43178e-4 1 -6.1537e-7 2.33959e-4 0.9999999 0 2.34507e-4 1 1.7151e-7 2.33967e-4 1 2.67048e-7 2.33732e-4 1 -6.85374e-7 2.35602e-4 1 0 2.34358e-4 1 0 2.34383e-4 1 0 2.34358e-4 0.9999999 1.79574e-7 2.34332e-4 1 -3.53477e-7 2.3394e-4 1 -4.84718e-7 2.33822e-4 1 -2.85888e-7 2.34054e-4 1 0 2.34548e-4 1 0 2.34374e-4 1 1.03859e-5 2.27381e-4 1 -2.02419e-5 2.45257e-4 0.9999999 -5.06464e-6 2.32589e-4 0.9999999 0 0.04932719 0.9987827 -0.002734422 0.1176107 0.993056 -0.001119375 0.1453232 0.9893836 5.35009e-4 0.2467085 0.9690896 -0.002007961 0.3407546 0.9401502 -0.002373993 0.345884 0.9382742 0.002628922 0.5025209 0.8645611 -0.0019719 0.5550989 0.8317821 0.002162814 0.7029349 0.7112509 -0.001442015 0.7337187 0.6794518 0.001569211 0.858594 0.5126538 -7.84653e-4 0.8719052 0.4896743 8.48234e-4 0.9595852 0.2814168 0 0.9620392 0.2729112 0 0.9590655 0.2831845 0 0.9590655 0.2831845 0 0.8557472 0.5173942 0 0.8557472 0.5173942 0 0.6963535 0.7176989 0 0.6963535 0.7176989 0 0.491328 0.8709746 0 0.491328 0.8709746 0 0.2541071 0.9671761 0 0.2541071 0.9671761 0 2.34208e-4 1 0 2.34208e-4 1 0 -0.2536535 0.9672951 0 -0.2536535 0.9672951 0 -0.4909196 0.8712049 0 -0.4909196 0.8712049 0 -0.6960168 0.7180255 0 -0.6960168 0.7180255 0 -0.8555051 0.5177944 0 -0.8555051 0.5177944 0 -0.9589324 0.2836346 0 -0.9589324 0.2836346 0 -0.9619116 0.2733609 8.48313e-4 -0.9594533 0.2818661 -7.84589e-4 -0.871675 0.4900838 0.001569211 -0.8583536 0.513056 -0.001442015 -0.7334011 0.6797946 0.002162873 -0.7026019 0.7115799 -0.00197184 -0.5547078 0.8320429 0.002628982 -0.5021147 0.8647971 -0.002373933 -0.3454442 0.9384363 -0.002007842 -0.3403131 0.9403101 5.35143e-4 -0.2462525 0.9692056 -0.001119077 -0.1448675 0.9894504 -0.002734541 -0.1171464 0.9931109 0 -0.04885709 0.9988058 0 2.3421e-4 1 1.19333e-6 2.34343e-4 1 0 2.34383e-4 1 2.44624e-7 2.34368e-4 1 1.97373e-7 2.33919e-4 1 1.44927e-7 2.34428e-4 1 0 2.34374e-4 1 0 2.34548e-4 1 2.86e-7 2.34054e-4 1 -5.04196e-6 2.32603e-4 1 1.30682e-5 2.43173e-4 1 -7.36219e-7 2.35247e-4 1 1.46765e-7 2.34427e-4 1 -1.82787e-7 2.33917e-4 1 -2.79601e-7 2.33737e-4 1 -1.78652e-7 2.33972e-4 1 0 2.34557e-4 0.9999999 0 2.34373e-4 1 1.03816e-5 2.27383e-4 1 -2.02255e-5 2.45247e-4 0.9999999 0 -0.1302953 0.9914752 0 -0.1302953 0.9914752 0 -0.1302954 0.9914752 0 -0.1302954 0.9914752 0 -0.3824642 0.9239703 0 -0.3824642 0.9239703 0 -0.6085754 0.7934961 0 -0.6085754 0.7934961 0 -0.7932133 0.6089439 0 -0.7932133 0.6089439 0 -0.9237898 0.3829 0 -0.9237898 0.3829 0 -0.9914143 0.1307587 0 -0.9914143 0.1307587 0 -0.9914143 0.1307587 0 -0.9914143 0.1307587 0 -0.9237897 0.3829 0 -0.9237897 0.3829 0 -0.7932133 0.6089439 0 -0.7932133 0.6089439 0 -0.6085754 0.7934961 0 -0.6085754 0.7934961 0 -0.3824642 0.9239704 0 -0.3824642 0.9239704 0 -0.3824642 0.9239704 0 -0.3824642 0.9239704 0 -0.6085754 0.7934961 0 -0.6085754 0.7934961 0 -0.7932133 0.6089439 0 -0.7932133 0.6089439 0 -0.9237897 0.3829 0 -0.9237897 0.3829 0 2.34228e-4 1 0 2.34228e-4 1 0 -2.34228e-4 -1 0 -2.34228e-4 -1 0 -0.9914744 -0.130302 0 -0.9914744 -0.130302 0 -0.9914744 -0.1303019 0 -0.9914743 -0.1303019 0 -0.9239673 -0.3824715 0 -0.9239673 -0.3824715 0 -0.7934982 -0.6085726 0 -0.7934982 -0.6085726 0 -0.6089467 -0.7932111 0 -0.6089467 -0.7932111 0 -0.3829013 -0.9237893 0 -0.3829013 -0.9237893 0 -0.1307587 -0.9914143 0 -0.1307587 -0.9914143 0 -0.1307587 -0.9914143 0 -0.1307587 -0.9914143 0 -0.3829013 -0.9237893 0 -0.3829013 -0.9237893 0 -0.6089467 -0.7932111 0 -0.6089467 -0.7932111 0 -0.7934982 -0.6085726 0 -0.7934982 -0.6085726 0 -0.9239673 -0.3824715 0 -0.9239673 -0.3824715 0 -0.9239673 -0.3824715 0 -0.9239673 -0.3824715 0 -0.7934982 -0.6085726 0 -0.7934982 -0.6085726 0 -0.6089467 -0.7932111 0 -0.6089467 -0.7932111 0 -0.3829013 -0.9237893 0 -0.3829013 -0.9237893 0 -1 2.34443e-4 0 -1 2.34443e-4 0 -0.1302953 0.9914752 0 -0.1302953 0.9914752 0 -0.1302954 0.9914752 0 -0.1302954 0.9914752 0 -0.3824642 0.9239703 0 -0.3824642 0.9239703 0 -0.6085754 0.7934961 0 -0.6085754 0.7934961 0 -0.7932119 0.6089457 0 -0.7932119 0.6089457 0 -0.9237903 0.3828988 0 -0.9237903 0.3828988 0 -0.9914143 0.1307587 0 -0.9914143 0.1307587 0 -0.9914143 0.1307587 0 -0.9914143 0.1307587 0 -0.9237903 0.3828987 0 -0.9237903 0.3828987 0 -0.7932119 0.6089456 0 -0.7932119 0.6089456 0 -0.6085754 0.7934961 0 -0.6085754 0.7934961 0 -0.3824642 0.9239704 0 -0.3824642 0.9239704 0 -0.3824642 0.9239704 0 -0.3824642 0.9239704 0 -0.6085754 0.7934961 0 -0.6085754 0.7934961 0 -0.7932119 0.6089456 0 -0.7932119 0.6089456 0 -0.9237903 0.3828987 0 -0.9237903 0.3828987 0 2.33762e-4 1 0 2.33762e-4 1 0 0.04932737 0.9987826 -0.0020895 0.1307584 0.9914121 -0.001438498 0.1454023 0.9893716 3.47949e-4 0.2467337 0.9690833 -6.03432e-4 0.3406934 0.9401743 -0.00224477 0.3828991 0.9237874 0.001796305 0.4943745 0.8692471 -0.002195835 0.6089459 0.7932087 0.001647353 0.6826 0.7307904 -0.001946806 0.7934939 0.6085751 0.001298129 0.8335598 0.5524277 -0.001497447 0.9239687 0.382465 7.48721e-4 0.939004 0.3439053 -8.48566e-4 0.991475 0.1302946 0 0.9931789 0.1166003 0 1 -2.4355e-4 0 1 -2.4355e-4 0 0.9920439 -0.1258928 0 0.9920439 -0.1258928 0 0.9293236 -0.3692663 0 0.9293236 -0.3692663 0 0.807905 -0.5893129 0 0.807905 -0.5893129 0 0.6354542 -0.7721386 0 0.6354542 -0.7721386 0 0.422869 -0.9061908 0 0.422869 -0.9061908 0 0.1835713 -0.9830063 0 0.1835713 -0.9830063 0 0.1840318 0.9829204 0 0.1840318 0.9829204 0 0.4232926 0.905993 0 0.4232926 0.905993 0 0.6358168 0.77184 0 0.6358168 0.77184 0 0.8081805 0.5889348 0 0.8081805 0.5889348 0 0.9294971 0.3688295 0 0.9294971 0.3688295 0 0.9921026 0.1254295 0 0.9921026 0.1254295 0 0.9920438 -0.1258936 0 0.9920438 -0.1258936 0 0.9293237 -0.369266 0 0.9293237 -0.369266 0 0.8079046 -0.5893134 0 0.8079046 -0.5893134 0 0.6354547 -0.7721382 0 0.6354547 -0.7721382 0 0.4228684 -0.9061911 0 0.4228684 -0.9061911 0 0.1835708 -0.9830065 0 0.1835708 -0.9830065 9.7719e-4 0.986441 0.1641132 0 0.9892022 0.1465573 -0.003225386 0.9957417 0.09213066 0 0.9999539 0.009596645 -0.001077294 0.9921019 0.1254295 -0.001010239 0.9294967 0.368829 8.08307e-4 0.9172238 0.3983715 -8.34613e-4 0.8081803 0.5889344 6.25927e-4 0.7932798 0.6088569 -6.45904e-4 0.6358172 0.7718394 4.3054e-4 0.6219995 0.7830175 -4.43787e-4 0.4232926 0.9059928 2.21843e-4 0.4136082 0.910455 -2.2853e-4 0.1840316 0.9829202 0 0.180536 0.9835683 0 2.34028e-4 0.9999999 0 2.34028e-4 0.9999999 0 -0.9999999 2.34407e-4 2.86683e-6 -1 2.32877e-4 -1.24063e-6 -0.9999999 2.34929e-4 0 -1 2.34279e-4 -2.76154e-6 -1 2.34126e-4 -7.65564e-7 -1 2.34322e-4 0 -1 2.34427e-4 9.80336e-7 -1 2.34588e-4 -1.2187e-7 -1 2.34397e-4 -4.25348e-7 -1 2.34228e-4 3.86278e-7 -1 2.35042e-4 1.46858e-6 -1 2.36231e-4 0 -1 2.34427e-4 -1.73064e-6 -1 2.35163e-4 0 -1 2.345e-4 8.15309e-7 -0.9999999 2.34202e-4 -2.1447e-6 -1 2.34945e-4 0 -1 2.34638e-4 -9.91033e-7 2.33893e-4 1 7.93705e-7 2.33347e-4 1 0 2.34142e-4 1 -7.15564e-7 1 -2.34998e-4 0 1 -2.34228e-4 0 1 -2.34301e-4 1.23971e-6 1 -2.34929e-4 -2.86617e-6 1 -2.32878e-4 0 0.9999999 -2.34407e-4 -9.79772e-7 1 -2.34587e-4 0 1 -2.34427e-4 7.65207e-7 1 -2.34323e-4 2.76114e-6 1 -2.34129e-4 0 0.9999999 -2.34279e-4 -1.73636e-6 1 -2.3612e-4 0 1 -2.33988e-4 4.43348e-7 1 -2.34175e-4 -4.57429e-7 1 -2.33819e-4 4.9248e-6 0.9999999 -2.3563e-4 -2.81671e-6 1 -2.33707e-4 0 1 -2.34103e-4 0 0.9932953 0.1156045 -5.87502e-4 0.9885207 0.1510844 7.46768e-4 0.9402865 0.3403834 -0.001233756 0.9239666 0.3824712 0.001102745 0.8347395 0.5506439 -0.001584529 0.7934973 0.6085718 0.001313209 0.6874211 0.7262579 -0.001820623 0.6089457 0.7932098 0.001213908 0.5111123 0.8595131 -0.001692056 0.3829007 0.923788 8.46422e-4 0.3164469 0.9486098 -0.001322686 0.1072801 0.994228 0 0.1307587 0.9914143 0 0.1307587 0.9914143 0 0.1307587 0.9914143 0 0.3829013 0.9237893 0 0.3829013 0.9237893 0 0.6089467 0.7932111 0 0.6089467 0.7932111 0 0.7934982 0.6085726 0 0.7934982 0.6085726 0 0.9239673 0.3824715 0 0.9239673 0.3824715 0 0.9914762 0.1302875 0 0.9914762 0.1302875 0 0.9239673 0.3824715 0 0.9239673 0.3824715 0 0.7934982 0.6085726 0 0.7934982 0.6085726 0 0.6089467 0.7932111 0 0.6089467 0.7932111 0 0.3829013 0.9237893 0 0.3829013 0.9237893 0 0.1068102 -0.9942795 -7.97187e-4 0.1584977 -0.987359 8.4632e-4 0.3160045 -0.9487574 -0.001692056 0.3824667 -0.9239677 0.001213967 0.5107141 -0.8597498 -0.001820325 0.6085721 -0.7934965 0.001314043 0.687094 -0.7265673 -0.001583397 0.7932136 -0.6089414 0.00110352 0.834478 -0.5510402 -0.001234352 0.923789 -0.3828997 7.4653e-4 0.9401335 -0.3408058 -8.3133e-4 0.9932402 -0.116074 0 0.9914143 -0.1307587 0 0.9914143 -0.1307587 0 0.9914143 -0.1307587 0 0.9237897 -0.3829 0 0.9237897 -0.3829 0 0.7932146 -0.6089422 0 0.7932146 -0.6089422 0 0.6085731 -0.7934979 0 0.6085731 -0.7934979 0 0.3824672 -0.9239691 0 0.3824672 -0.9239691 0 0.1302919 -0.9914757 0 0.1302919 -0.9914757 0 0.3824672 -0.9239691 0 0.3824672 -0.9239691 0 0.6085731 -0.7934979 0 0.6085731 -0.7934979 0 0.7932146 -0.6089422 0 0.7932146 -0.6089422 0 0.9237897 -0.3829 0 0.9237897 -0.3829 0 1 -2.34443e-4 0 1 -2.34443e-4 0 0.9932953 0.1156045 -5.88062e-4 0.9885155 0.1511182 7.46115e-4 0.9402813 0.3403973 -0.00123322 0.9239711 0.3824603 0.001103341 0.8347395 0.5506439 -0.001584351 0.7934917 0.608579 0.001313209 0.6874189 0.7262599 -0.001820147 0.6089527 0.7932046 0.001214265 0.51112 0.8595085 -0.001691937 0.3828957 0.92379 8.46359e-4 0.3164469 0.9486099 -0.001322507 0.1072825 0.9942277 0 0.1307587 0.9914143 0 0.1307587 0.9914143 0 0.1307587 0.9914143 0 0.3828962 0.9237914 0 0.3828962 0.9237914 0 0.6089536 0.7932059 0 0.6089536 0.7932059 0 0.7934927 0.6085798 0 0.7934927 0.6085798 0 0.9239718 0.3824606 0 0.9239718 0.3824606 0 0.9914745 0.1303015 0 0.9914745 0.1303015 0 0.9239718 0.3824606 0 0.9239718 0.3824606 0 0.7934927 0.6085798 0 0.7934927 0.6085798 0 0.6089536 0.7932059 0 0.6089536 0.7932059 0 0.3828962 0.9237914 0 0.3828962 0.9237914 -0.07452511 2.33242e-4 0.9972191 -0.1305201 -0.00916177 0.9914033 -0.2331018 0.003983318 0.9724442 -0.3826772 -0.005999386 0.9238626 -0.4138315 6.01565e-4 0.9103533 -0.5876348 7.3895e-6 0.8091263 -0.6087548 -0.004649043 0.7933449 -0.7394713 0.004092335 0.6731758 -0.7933312 -0.006622076 0.6087543 -0.863102 0.005003452 0.505005 -0.9238627 -0.006642401 0.3826665 -0.9511263 0.00384891 0.3087781 -0.991436 -0.00423485 0.1305254 -0.99435 2.4879e-5 0.106151 -1 0 0 -1 0 0 -0.9997873 -0.02062427 4.82599e-6 -0.9981866 -0.06016355 0.001956164 -0.995356 -0.09613543 0.004942953 -0.9914118 -0.1305096 0.008372187 -0.9893132 -0.1456965 0.005644977 -0.9836679 -0.1799934 4.21628e-5 -0.9836678 -0.1799935 4.21688e-5 -0.9792749 -0.2025299 -0.001513302 -0.9238765 -0.3826844 0.002170205 -0.9165425 -0.3999369 4.7353e-4 -0.8144728 -0.5802018 -2.15672e-4 -0.7933475 -0.6087629 0.002764523 -0.6964077 -0.7176456 -0.001054406 -0.6087625 -0.793345 0.003469526 -0.5756822 -0.8176734 5.68065e-4 -0.442778 -0.8966313 -1.37861e-4 -0.382678 -0.9238746 0.003629207 -0.3127354 -0.9498403 1.04977e-5 -0.1985388 -0.9800929 3.91073e-4 -0.1549691 -0.9879167 0.002294182 -0.1058696 -0.9943795 0.001048862 -0.04423844 -0.9990209 3.66313e-4 0.00427097 -0.9999908 2.34393e-4 -0.130527 -0.9914447 2.32242e-4 -0.3826802 -0.9238809 2.16416e-4 -0.3826802 -0.9238809 2.16416e-4 -0.6087657 -0.7933501 1.85839e-4 -0.6087679 -0.7933484 1.86075e-4 -0.7933502 -0.6087655 1.42782e-4 -0.7933489 -0.6087672 1.42601e-4 -0.9238786 -0.3826858 8.96427e-5 -0.9238786 -0.3826858 8.96427e-5 0 -2.33452e-4 -1 0 -2.33452e-4 -1 0 -1 2.34431e-4 0 -1 2.34431e-4 0 -0.1724827 -0.9850125 -6.70641e-4 -0.2455248 -0.9693901 -0.001290798 -0.2659144 -0.9639957 1.15341e-4 -0.34069 -0.9401757 -2.79734e-4 -0.4845613 -0.8747572 2.23776e-4 -0.4943738 -0.8692494 -2.26313e-4 -0.676178 -0.7367382 1.69709e-4 -0.6826009 -0.7307913 -1.71636e-4 -0.8300915 -0.5576273 1.14248e-4 -0.8335605 -0.5524281 -1.15757e-4 -0.9377068 -0.3474276 5.80018e-5 -0.9390058 -0.3439013 -5.8271e-5 -0.9930322 -0.1178427 0 -0.9931784 -0.1166044 3.32516e-4 -0.14364 -0.98963 7.17961e-5 -0.1253776 -0.9921091 6.57756e-6 -0.07545751 -0.9971491 0 -0.02531349 -0.9996795 3.1013e-4 -0.04922187 -0.9987878 0 -1 2.34544e-4 2.65667e-7 -1 2.34039e-4 1.31103e-6 -1 2.32234e-4 0 -0.9999999 2.34228e-4 -2.79357e-6 -1 2.33878e-4 -7.64988e-7 -1 2.34323e-4 1.34796e-7 -1 2.34591e-4 -4.6524e-7 -1 2.35031e-4 0 -1 2.34309e-4 0 -1 2.34228e-4 8.51975e-7 -1 2.39176e-4 0 -1 2.32974e-4 2.24266e-7 -1 2.35071e-4 0 -0.9999999 2.3283e-4 0 -1 2.26692e-4 0 -0.9999491 0.0100941 -3.38199e-4 -0.9982452 0.0592153 -8.69728e-4 -0.992976 0.1183119 0 -0.990228 0.139458 9.84628e-4 -0.9863641 0.1645748 -9.43387e-4 -0.9375456 0.3478612 0.001095116 -0.9170363 0.3988021 -0.001046895 -0.8298277 0.5580187 0.001192033 -0.7929932 0.6092293 -0.001137316 -0.6758328 0.7370541 0.001275599 -0.6216323 0.7833082 -0.001214265 -0.4841495 0.8749844 0.001345932 -0.4131806 0.9106481 -0.001277863 -0.2654643 0.9641199 0 -0.2249763 0.9743642 0.001845836 -0.1800755 0.9836511 7.37446e-4 -0.1346393 0.9908944 2.45866e-4 -0.1042867 0.9945473 0 -0.07384163 0.9972701 0 -0.9999999 2.34249e-4 0 -0.9999999 2.34249e-4 0 -1 2.34249e-4 0 -1 2.34249e-4 0 -0.2659174 -0.9639958 -0.001325905 -0.259416 -0.9657648 0.001339673 -0.4232931 -0.9059918 0.001931369 -0.1840313 -0.9829186 7.37343e-4 -0.1350995 -0.9908317 2.45951e-4 -0.1047601 -0.9944975 0 -0.07430595 -0.9972355 -0.00107181 -0.4845588 -0.8747581 0.001164913 -0.6358163 -0.7718395 -8.73686e-4 -0.6761789 -0.7367369 9.43552e-4 -0.8081803 -0.5889345 -6.28986e-4 -0.8300904 -0.5576285 6.75509e-4 -0.9294968 -0.3688294 -3.37699e-4 -0.9377083 -0.3474236 3.61007e-4 -0.9921025 -0.1254295 0 -0.9930322 -0.1178427 0 -0.9999999 2.27313e-4 0 -0.9999999 2.27313e-4 -0.001276731 -0.2654662 0.9641193 -6.94217e-4 -0.2464253 0.9691615 0 -0.1725839 0.9849948 3.31475e-4 -0.1445032 0.9895042 5.57608e-5 -0.1249049 0.9921687 8.72975e-7 -0.07498413 0.9971848 3.09846e-4 -0.04874539 0.9988111 0 -0.02485865 0.999691 1.15383e-4 -0.3402215 0.9403453 -2.79713e-4 -0.4841492 0.8749855 2.23866e-4 -0.4939656 0.8694815 -2.26245e-4 -0.6758346 0.7370532 1.69684e-4 -0.6822587 0.7311108 -1.71657e-4 -0.8298286 0.5580185 1.14353e-4 -0.8333015 0.5528188 -1.15676e-4 -0.9375448 0.3478646 5.78217e-5 -0.9388436 0.3443441 -5.84301e-5 -0.992977 0.1183081 0 -0.9931241 0.1170665 0 -1 2.34431e-4 0 -1 2.34431e-4 0 2.34072e-4 1 0 2.34072e-4 1 0 -1 2.34474e-4 0 -1 2.34474e-4 0 2.34341e-4 1 0 2.34341e-4 1 0 1 -2.34474e-4 0 1 -2.34474e-4 0 2.34693e-4 1 0 2.34693e-4 1 0 -0.9999999 2.34333e-4 0 -0.9999999 2.34333e-4 -1.61692e-7 -1 2.33801e-4 0 -0.9999999 2.33966e-4 0 -1 2.34383e-4 -1.41116e-7 -1 2.33677e-4 0 2.34358e-4 1 0 2.34358e-4 1 0 1 -2.34421e-4 0 1 -2.34461e-4 0 1 -2.34524e-4 0 0.9999999 -2.34333e-4 0 0.9999999 -2.34333e-4 0 1 -2.34383e-4 0 2.34693e-4 1 0 2.34693e-4 1 0 -1 2.34474e-4 0 -1 2.34474e-4 0 2.34341e-4 1 0 2.34341e-4 1 0 1 -2.34474e-4 0 1 -2.34474e-4 0 2.34264e-4 1 0 2.34264e-4 1 0 0.1302958 -0.9914752 0 0.1302958 -0.9914752 0 0.3824713 -0.9239674 0 0.3824713 -0.9239674 0 0.6085731 -0.7934978 0 0.6085731 -0.7934978 0 0.7932111 -0.6089468 0 0.7932111 -0.6089468 0 0.9237867 -0.3829073 0 0.9237867 -0.3829073 0 0.9914152 -0.130751 0 0.9914152 -0.130751 0 0.9914762 0.1302881 0 0.9914762 0.1302881 0 0.9239643 0.3824789 0 0.9239643 0.3824789 0 0.7934978 0.6085731 0 0.7934978 0.6085731 0 0.6089468 0.7932111 0 0.6089468 0.7932111 0 0.3828997 0.9237899 0 0.3828997 0.9237899 0 0.1307609 0.9914139 0 0.1307609 0.9914139 0 -0.1302958 0.9914752 0 -0.1302958 0.9914752 0 -0.3824636 0.9239705 0 -0.3824636 0.9239705 0 -0.6085787 0.7934935 0 -0.6085787 0.7934935 0 -0.7932078 0.608951 0 -0.7932078 0.608951 0 -0.9237943 0.382889 0 -0.9237943 0.382889 0 -0.9914128 0.1307696 0 -0.9914128 0.1307696 0 1 -2.34161e-4 0 1 -2.34323e-4 0 1 -2.34343e-4 0 1 -2.34343e-4 0 0.9999999 -2.34161e-4 0 1 -2.34355e-4 0 1 -2.34365e-4 0 1 -2.34365e-4 0 -0.991474 -0.1303045 0 -0.991474 -0.1303045 0 -0.9239705 -0.3824636 0 -0.9239705 -0.3824636 0 -0.7934978 -0.6085731 0 -0.7934978 -0.6085731 0 -0.6089468 -0.7932111 0 -0.6089468 -0.7932111 0 -0.3828921 -0.9237931 0 -0.3828921 -0.9237931 0 -0.1307696 -0.9914128 0 -0.1307696 -0.9914128 0 0.1303045 -0.991474 0 0.1303045 -0.991474 0 0.3824636 -0.9239705 0 0.3824636 -0.9239705 0 0.6085731 -0.7934978 0 0.6085731 -0.7934978 0 0.7932111 -0.6089468 0 0.7932111 -0.6089468 0 0.9237867 -0.3829073 0 0.9237867 -0.3829073 0 0.9914151 -0.1307521 0 0.9914151 -0.1307521 0 0.9914764 0.130287 0 0.9914764 0.130287 0 0.9239643 0.3824789 0 0.9239643 0.3824789 0 0.7934978 0.6085731 0 0.7934978 0.6085731 0 0.6089468 0.7932111 0 0.6089468 0.7932111 0 0.3829073 0.9237867 0 0.3829073 0.9237867 0 0.1307521 0.9914151 0 0.1307521 0.9914151 0 -2.34502e-4 -1 0 -2.34502e-4 -1 0 1 -2.34474e-4 0 1 -2.34474e-4 0 -2.34341e-4 -1 0 -2.34341e-4 -1 0 -1 2.34109e-4 0 -1 2.34109e-4 0 -2.34693e-4 -1 0 -2.34693e-4 -1 0 0.9999999 -2.34333e-4 0 0.9999999 -2.34333e-4 0 1 -2.3446e-4 0 0.9999999 -2.34421e-4 0 1 -2.34383e-4 0 1 -2.34524e-4 0 -2.34395e-4 -1 0 -2.34395e-4 -1 0 -1 2.34421e-4 0 -1 2.3446e-4 0 -1 2.34524e-4 0 -1 2.34333e-4 0 -1 2.34333e-4 0 -1 2.34383e-4 0 -2.34693e-4 -1 0 -2.34693e-4 -1 0 1 -2.34474e-4 0 1 -2.34474e-4 0 -2.34341e-4 -1 0 -2.34341e-4 -1 0 -1 2.33744e-4 0 -1 2.33744e-4 -3.65639e-7 2.34295e-4 1 0 2.34388e-4 0.9999999 0 2.34393e-4 1 0 2.34301e-4 1 0 2.34318e-4 1 0 2.34331e-4 1 1.51464e-6 2.34484e-4 1 -1.09417e-6 2.34351e-4 0.9999999 2.29569e-6 2.34643e-4 1 -5.25546e-7 2.34333e-4 0.9999999 9.38565e-7 2.34396e-4 1 4.89289e-7 2.34342e-4 1 -2.09797e-7 2.34364e-4 1 0 2.3435e-4 1 6.72243e-7 2.3435e-4 1 -7.60295e-7 2.34418e-4 1 -1.02562e-6 2.34418e-4 1 1.51151e-6 2.34288e-4 1 5.87206e-6 2.3312e-4 0.9999999 -5.87196e-6 2.3312e-4 1 4.77616e-7 2.3447e-4 1 7.47266e-7 2.34408e-4 1 1.17755e-6 2.34385e-4 1 5.05616e-6 2.33785e-4 1 -2.97271e-6 2.34123e-4 1 -1.24142e-5 2.35857e-4 1 0 2.34364e-4 1 0 2.34357e-4 1 2.17115e-7 2.34238e-4 1 2.03656e-6 2.34124e-4 1 -2.08466e-6 2.34489e-4 1 0 2.34244e-4 1 1.39582e-7 2.34233e-4 1 3.50971e-6 2.33712e-4 1 -2.75528e-7 2.34343e-4 1 0 2.34343e-4 1 8.2963e-7 2.34241e-4 1 1.21229e-7 2.34321e-4 1 2.26929e-7 2.34437e-4 1 2.40305e-7 2.34453e-4 1 0 2.34407e-4 1 -8.0734e-7 2.34232e-4 1 2.38777e-5 2.34347e-4 1 4.02236e-6 2.34422e-4 1 9.94159e-7 2.34422e-4 0.9999999 2.11418e-6 2.34719e-4 1 -2.00211e-6 2.33868e-4 1 0 2.34172e-4 1 -9.20301e-7 2.34084e-4 1 0 2.34364e-4 1 1.24142e-5 2.35857e-4 1 2.97271e-6 2.34123e-4 1 -5.05618e-6 2.33785e-4 0.9999999 -1.17755e-6 2.34385e-4 1 -7.47266e-7 2.34408e-4 1 -4.77616e-7 2.3447e-4 1 -9.38565e-7 2.34396e-4 1 -4.89517e-7 2.34342e-4 1 -1.51464e-6 2.34484e-4 1 1.09389e-6 2.34351e-4 0.9999999 -2.29581e-6 2.34643e-4 1 0 2.3432e-4 1 0 2.34312e-4 1 1.97529e-6 2.33665e-4 0.9999999 -2.20717e-6 2.35427e-4 1 0 2.34301e-4 1 0 2.34318e-4 1 0 2.34331e-4 1 1.90003e-6 2.34946e-4 1 -2.90898e-6 2.34347e-4 1 -6.51615e-6 2.3439e-4 1 -7.23108e-7 2.3439e-4 1 7.61476e-7 2.34419e-4 1 1.55128e-7 2.34419e-4 1 -1.85333e-7 2.34389e-4 0.9999999 7.21593e-7 2.34389e-4 1 -9.77334e-7 2.34431e-4 1 -5.87206e-6 2.3312e-4 1 -7.63236e-7 2.3442e-4 1 1.19121e-6 2.34374e-4 1 5.87128e-6 2.3312e-4 1 5.25546e-7 2.34333e-4 0.9999999 2.09797e-7 2.34364e-4 1 0 2.3435e-4 1 6.71053e-7 2.3435e-4 1 -7.6167e-7 2.34418e-4 1 -1.02562e-6 2.34418e-4 1 1.51357e-6 2.34288e-4 1 5.86904e-6 2.33121e-4 1 -5.87196e-6 2.3312e-4 1 0 2.34344e-4 1 0 2.34341e-4 1 -3.10643e-6 2.34021e-4 1 0 2.3432e-4 1 0 2.34312e-4 0.9999999 -1.97531e-6 2.33666e-4 1 2.20719e-6 2.35427e-4 1 -1.89993e-6 2.34946e-4 1 8.0734e-7 2.34232e-4 1 0 2.34407e-4 1 -4.62342e-7 2.34089e-4 1 0.004310905 0.9999907 -2.34393e-4 -0.04422378 0.9990217 -1.01951e-4 -0.1058813 0.9943786 5.8307e-4 -0.1985398 0.9800928 -6.86362e-5 -0.2022098 0.9793422 -2.29407e-4 -0.1305269 0.9914441 0.00120902 -0.3127331 0.949841 -4.35011e-4 -0.3826811 0.923875 0.00319612 -0.3826833 0.9238796 -2.16691e-4 -0.6087679 0.7933483 -1.86075e-4 -0.6087657 0.7933501 -1.8584e-4 -0.7933489 0.6087672 -1.42601e-4 -0.7933489 0.6087672 -1.42602e-4 -0.9238786 0.3826858 -8.96427e-5 -0.9238786 0.3826857 -8.96421e-5 -0.9836679 0.1799934 -4.21628e-5 -0.9836679 0.1799929 -4.22058e-5 -0.9792749 0.2025291 -0.001608252 -0.9238767 0.3826854 0.001990735 -0.9165433 0.3999354 2.86126e-4 -0.8144727 0.5802016 -4.87555e-4 -0.7933462 0.6087657 0.002479434 -0.6964053 0.7176474 -0.001390516 -0.6087625 0.7933465 0.003097832 -0.575685 0.8176716 1.85201e-4 -0.4427744 0.8966329 -5.57733e-4 -0.9893128 0.1457018 0.005576252 -0.9914116 0.1305134 0.008311092 -0.9953565 0.09613281 0.004897475 -0.9981865 0.06016546 0.001928031 -0.9997873 0.02062451 -4.82603e-6 -0.3826802 0.9238809 -2.16416e-4 -1 0 0 -1 0 0 -0.9996964 0.0246399 -5.77599e-6 -0.9997864 0.02066552 -4.7963e-5 -0.9983618 0.05721652 9.5786e-7 -0.9974412 0.07149136 -8.15809e-5 -0.9965775 0.08266437 -2.8343e-5 -0.9930156 0.1179836 -1.71756e-5 -0.98302 0.1834976 6.33583e-4 -0.9872257 0.1593195 0.001659154 -0.98118 0.1930946 6.76977e-4 -0.975656 0.2193065 1.97531e-4 -0.9713549 0.2376332 1.48208e-5 -0.9682255 0.2500789 -4.64629e-5 -0.9671704 0.2541285 -5.95866e-5 -0.9671702 0.2541295 -5.95789e-5 -0.9671745 0.254113 -5.95272e-5 -0.9681644 0.2503151 -9.44252e-5 -0.9712358 0.2381197 -2.77026e-4 -0.9754346 0.2202879 -8.56302e-4 -0.9807906 0.1950485 -0.002436995 -0.9866808 0.1625649 -0.005797266 -0.9913892 0.130506 -0.01075667 -0.9923674 0.1229565 -0.009413421 -0.9973691 0.0724256 -0.003073215 -0.9996964 0.02464008 -5.78286e-6 -0.9909403 0.1342351 -0.004286468 -0.9836681 0.1799921 -4.22329e-5 -0.9792754 0.2025308 0.001011669 -0.9238777 0.3826851 -0.001501321 -0.9165434 0.3999353 -3.51446e-4 -0.8144728 0.5802017 1.02657e-4 -0.7933477 0.6087659 -0.001921892 -0.6963929 0.7176604 6.61659e-4 -0.6087642 0.7933476 -0.002416789 -0.5757015 0.8176598 -4.48687e-4 -0.4427326 0.8966536 2.71986e-5 -0.3826822 0.9238765 -0.002563118 -0.3126932 0.9498541 -7.49957e-5 -0.1985912 0.9800824 -3.41486e-4 -0.1662154 0.9860885 -0.001339256 -0.106595 0.9943023 -6.26548e-4 -0.0444287 0.9990125 -2.98292e-4 0.004270374 0.9999909 -2.34326e-4 -0.1305305 0.9914442 -2.32468e-4 -0.130527 0.9914447 -2.32251e-4 -0.3826802 0.9238808 -2.16424e-4 -0.3826802 0.9238808 -2.16423e-4 -0.6087679 0.7933484 -1.85846e-4 -0.608768 0.7933484 -1.85846e-4 -0.7933489 0.6087672 -1.42607e-4 -0.7933489 0.6087673 -1.42608e-4 -0.9238786 0.3826857 -8.9646e-5 -0.9238786 0.3826858 -8.96461e-5 -0.9238786 0.3826858 -8.97299e-5 -0.7933489 0.6087672 -1.4274e-4 -0.9238786 0.3826857 -8.97299e-5 -0.6087679 0.7933483 -1.8602e-4 -0.7933489 0.6087672 -1.4274e-4 -0.3826802 0.9238808 -2.16424e-4 -0.6087656 0.7933501 -1.85846e-4 -0.3826832 0.9238796 -2.16626e-4 -1 0 0 -1 0 0 -1 0 0 -1 0 0 -1 0 0 -1 0 0 -1 0 0 -1 0 0 -1 0 0 -1 0 0 -1 0 0 -1 0 0 -1 0 0 -1 0 0 -1 0 0 -1 0 0 -1 0 0 -1 0 0 -1 0 0 -1 0 0 -1 0 0 -1 0 0 -1 0 0 -1 0 0 -1 0 0 -1 0 0 -1 0 0 -1 0 0 -1 0 0 -1 0 0 -1 0 0 -1 0 0 -1 0 0 -1 0 0 -1 0 0 -1 0 0 -1 0 0 -1 0 0 -1 0 0 -1 0 0 -1 0 0 -1 0 0 -1 0 0 -1 0 0 -1 0 0 -1 0 0 -1 0 0 -1 0 0 -1 0 0 -1 0 0 -1 0 0 -1 0 0 -1 0 0 -1 0 0 -1 0 0 -1 0 0 -1 0 0 -1 0 0 -1 0 0 -1 0 0 -1 0 0 -1 0 0 -1 0 0 -1 0 0 -1 0 0 -1 0 0 -1 0 0 -1 0 0 -1 0 0 -1 0 0 -1 0 0 -1 0 0 -1 0 0 -1 0 0 -1 0 0 -1 0 0 -1 0 0 -1 0 0 -1 0 0 -1 0 0 -1 0 0 -1 0 0 -1 0 0 -1 0 0 -1 0 0 -0.9987949 -0.04907965 1.15032e-5 -0.9914415 -0.1305166 -0.003028035 -0.9897287 -0.1429411 -0.002206087 -0.9694533 -0.2452751 5.68657e-4 -0.9402721 -0.3404226 -8.34518e-4 -0.9238737 -0.382683 -0.003322482 -0.8942459 -0.447576 2.21732e-4 -0.8294962 -0.5585125 5.26774e-6 -0.7933443 -0.6087645 -0.003278374 -0.7510557 -0.6602388 1.54708e-4 -0.7071079 -0.7071058 1.65679e-4 -0.7071079 -0.7071058 1.6569e-4 -0.7933489 -0.6087672 1.42647e-4 -0.7933489 -0.6087672 1.42646e-4 -0.9238836 -0.3826736 8.96684e-5 -0.9238836 -0.3826736 8.96687e-5 -0.9914444 -0.1305301 3.05859e-5 -0.9914444 -0.1305301 3.05866e-5 -1 0 0 -1 0 0 -0.9914444 0.1305302 -3.05859e-5 -0.9914444 0.1305302 -3.05853e-5 -0.9238836 0.3826735 -8.96683e-5 -0.9238837 0.3826733 -8.9685e-5 -0.7933492 0.6087668 -1.42675e-4 -0.793349 0.608767 -1.42645e-4 -0.707108 0.7071056 -1.6569e-4 -0.707108 0.7071056 -1.65704e-4 -0.7510538 0.6602411 -1.54724e-4 -0.7933446 0.6087625 -0.003563821 -0.8294975 0.5585104 -2.56534e-4 -0.8942448 0.4475783 1.19225e-5 -0.9238733 0.3826827 -0.003501892 -0.9402729 0.3404201 -9.93942e-4 -0.969453 0.2452767 4.53747e-4 -0.9897289 0.1429393 -0.002273082 -0.9914416 0.1305148 -0.003089189 -0.9987949 0.04907965 -1.15019e-5 -1 0 0 -1 0 0 -1 0 0 -1 0 0 -1 0 0 -1 0 0 -1 0 0 -1 0 0 -1 0 0 -1 0 0 -1 0 0 -1 0 0 -1 0 0 -1 0 0 -1 0 0 -1 0 0 -1 0 0 -1 0 0 -1 0 0 -1 0 0 -1 0 0 -1 0 0 -1 0 0 -1 0 0 -1 0 0 -1 0 0 -1 0 0 -1 0 0 -1 0 0 -1 0 0 -1 0 0 -1 0 0 -1 0 0 -1 0 0 -1 0 0 -1 0 0 -1 0 0 -1 0 0 -1 0 0 -1 0 0 -1 0 0 -1 0 0 -1 0 0 -1 0 0 -1 0 0 -1 0 0 -0.9987949 -0.04907965 1.14944e-5 -0.9914416 -0.1305161 -0.003028035 -0.9897289 -0.1429405 -0.002206087 -0.9694531 -0.2452762 5.68687e-4 -0.9402727 -0.3404213 -8.34433e-4 -0.9238732 -0.3826843 -0.003322541 -0.8942445 -0.4475789 2.21727e-4 -0.8294983 -0.5585091 5.27462e-6 -0.7933449 -0.6087636 -0.003278553 -0.7510526 -0.6602424 1.54831e-4 -0.7071079 -0.7071058 1.65817e-4 -0.7071081 -0.7071055 1.65689e-4 -0.7933495 -0.6087664 1.42647e-4 -0.7933496 -0.6087663 1.42651e-4 -0.9238836 -0.3826736 8.96684e-5 -0.9238836 -0.3826735 8.96687e-5 -0.9914444 -0.1305303 3.0586e-5 -0.9914444 -0.1305303 3.05853e-5 -1 0 0 -1 0 0 -0.9914444 0.1305301 -3.05859e-5 -0.9914444 0.1305301 -3.05866e-5 -0.9238836 0.3826736 -8.96684e-5 -0.9238836 0.3826736 -8.96687e-5 -0.7933489 0.6087672 -1.42647e-4 -0.7933489 0.6087672 -1.42646e-4 -0.7071079 0.7071058 -1.6569e-4 -0.7071083 0.7071052 -1.65956e-4 -0.7510557 0.6602388 -1.54954e-4 -0.7933443 0.6087629 -0.00356388 -0.829496 0.5585125 -2.56682e-4 -0.8942459 0.4475761 1.1813e-5 -0.9238732 0.3826828 -0.003501892 -0.9402725 0.3404212 -9.9399e-4 -0.9694529 0.2452769 4.53723e-4 -0.9897289 0.1429392 -0.002273142 -0.9914416 0.1305147 -0.003089249 -0.9987949 0.04907953 -1.15032e-5 -1 0 0 -1 0 0 -1 0 0 -1 0 0 -1 0 0 -1 0 0 -1 0 0 -1 0 0 -1 0 0 -1 0 0 -1 0 0 -1 0 0 -1 0 0 -1 0 0 -1 0 0 -1 0 0 -1 0 0 -1 0 0 -1 0 0 -1 0 0 -1 0 0 -1 0 0 -1 0 0 -1 0 0 -1 0 0 -1 0 0 -1 0 0 -1 0 0 -1 0 0 -1 0 0 -1 0 0 -1 0 0 -1 0 0 -1 0 0 -1 0 0 -1 0 0 -1 0 0 -1 0 0 -1 0 0 -1 0 0 -1 0 0 -1 0 0 -1 0 0 -1 0 0 -1 0 0 -1 0 0 -1 0 0 -1 0 0 -1 0 0 -1 0 0 -1 0 0 -1 0 0 -1 0 0 -1 0 0 -1 0 0 -1 0 0 -1 0 0 -1 0 0 -1 0 0 -1 0 0 -1 0 0 -1 0 0 -1 0 0 -1 0 0 -1 0 0 -1 0 0 -1 0 0 -1 0 0 -1 0 0 -1 0 0 -1 0 0 -1 0 0 -1 0 0 -1 0 0 -1 0 0 -1 0 0 -1 0 0 -1 0 0 -1 0 0 -1 0 0 -1 0 0 -1 0 0 -1 0 0 -1 0 0 -1 0 0 -1 0 0 -1 0 0 -1 0 0 -1 0 0 -1 0 0 -1 0 0 0.004255414 -0.9999909 2.34326e-4 -0.04443275 -0.9990124 1.69915e-4 -0.1065958 -0.9943025 -1.60531e-4 -0.1985832 -0.9800841 1.17558e-4 -0.2022167 -0.9793407 2.2963e-4 -0.202202 -0.9793438 2.29416e-4 -0.3826802 -0.9238808 2.16424e-4 -0.3826802 -0.9238808 2.16423e-4 -0.6087679 -0.7933484 1.85846e-4 -0.608768 -0.7933484 1.85846e-4 -0.7933489 -0.6087672 1.42607e-4 -0.7933489 -0.6087672 1.42608e-4 -0.9238786 -0.3826858 8.96461e-5 -0.9238786 -0.3826858 8.96461e-5 -0.9836679 -0.1799935 4.21644e-5 -0.9836679 -0.1799927 4.21981e-5 -0.9836679 -0.1799928 4.22037e-5 -0.992371 -0.1232525 0.002984702 -0.9842529 -0.1767665 4.14512e-5 -0.9965785 -0.08265125 1.93816e-5 -0.9965795 -0.08264005 1.9427e-5 -0.9983605 -0.05723905 1.34557e-5 -0.312697 -0.9498529 3.69916e-4 -0.3826792 -0.9238789 -0.002130091 -0.3826802 -0.9238808 2.16626e-4 -0.6087679 -0.7933483 1.8602e-4 -0.4427342 -0.8966528 4.47614e-4 -0.5757005 -0.8176607 -6.52994e-5 -0.6087641 -0.7933486 -0.002044856 -0.6963935 -0.7176595 9.98122e-4 -0.7933489 -0.608765 -0.001636505 -0.8144729 -0.5802016 3.74533e-4 -0.9165427 -0.399937 -1.64035e-4 -0.9238777 -0.3826857 -0.00132209 -0.9792755 -0.2025294 0.0011065 -0.983668 -0.1799927 4.21368e-5 -0.9909398 -0.1342406 -0.004223287 -0.9997873 -0.02062451 4.83221e-6 -0.9997873 -0.02062475 4.82976e-6 -0.9983609 -0.0572316 1.34021e-5 -0.9893127 -0.145703 -0.005576074 -0.9914118 -0.1305134 -0.008311092 -0.9953587 -0.0961098 -0.00489521 -0.9981861 -0.06017261 -0.001928389 -0.9997873 -0.02062451 4.82603e-6 -0.130527 -0.9914447 -4.47665e-4 -0.3826802 -0.9238808 2.16626e-4 -0.7933489 -0.6087672 1.42607e-4 -0.6087656 -0.7933501 1.85846e-4 -0.9238786 -0.3826858 8.97299e-5 -0.7933502 -0.6087655 1.4274e-4 -0.9238786 -0.3826857 8.97299e-5 0 -1 2.34328e-4 0 -1 2.34338e-4 4.19042e-7 -1 2.34228e-4 0 -1 2.34395e-4 0.707107 -0.7071065 1.65681e-4 0.7071068 -0.7071067 1.65703e-4 0.7071066 -0.707107 1.64862e-4 0.707107 -0.7071065 4.01841e-4 1 0 0 1 0 0 1 0 0 1 0 0 1 0 0 1 0 0 1 0 0 1 0 0 1 0 0 1 0 0 1 0 0 1 0 0 1 0 0 1 0 0 1 0 0 1 0 0 1 0 0 1 0 0 1 0 0 1 0 0 1 0 0 1 0 0 1 0 0 1 0 0 1 0 0 1 0 0 1 0 0 1 0 0 1 0 0 1 0 0 1 0 0 1 0 0 1 0 0 1 0 0 1 0 0 1 0 0 1 0 0 1 0 0 1 0 0 1 0 0 1 0 0 1 0 0 1 0 0 1 0 0 1 0 0 1 0 0 1 0 0 1 0 0 0.707107 0.7071065 0 0.7071071 0.7071065 -1.65733e-4 0.707107 0.7071067 -1.65702e-4 0.7071555 0.7070581 -7.27004e-7 0 1 -2.34328e-4 0 1 -2.34338e-4 -4.19131e-7 1 -2.34228e-4 0 1 -2.34395e-4 0 -2.34306e-4 -0.9999999 1.47436e-7 -2.34292e-4 -1 4.42499e-7 -2.34349e-4 -1 0 -2.34347e-4 -1 -8.67004e-7 -2.34256e-4 -1 -1.30538e-7 -2.34343e-4 -1 0 -2.34343e-4 -1 8.56547e-7 -2.34491e-4 -1 0 -2.34351e-4 -1 0 -2.34355e-4 -1 0 -2.34358e-4 -1 0 -2.34357e-4 -0.9999999 0 -2.34358e-4 -1 0 -2.34357e-4 -1 0 -2.34364e-4 -1 5.28291e-6 -2.34997e-4 -1 -2.01816e-7 -2.33989e-4 -1 -8.25079e-7 -2.33963e-4 -0.9999999 3.5381e-6 -2.34639e-4 -1 -7.47266e-7 -2.34408e-4 -1 -4.77616e-7 -2.3447e-4 -1 -9.38565e-7 -2.34396e-4 -1 -4.89517e-7 -2.34342e-4 -1 2.52356e-7 -2.3424e-4 -1 7.63402e-7 -2.34214e-4 -0.9999999 5.21184e-7 -2.34234e-4 -1 0 -2.3432e-4 -1 0 -2.34312e-4 -0.9999999 0 -2.343e-4 -0.9999999 0 -2.34303e-4 -1 0 -2.34301e-4 -1 0 -2.34318e-4 -0.9999999 0 -2.34331e-4 -1 -4.31335e-7 -2.34166e-4 -1 -5.63283e-7 -2.34131e-4 -1 6.23702e-5 -2.96451e-4 -1 0 -2.34264e-4 -1 -1.36288e-7 -2.34426e-4 -1 0 -2.34301e-4 -1 0 -2.34318e-4 -1 0 -2.34331e-4 -1 -2.52253e-7 -2.3424e-4 -1 -7.63262e-7 -2.34214e-4 -0.9999999 -5.21152e-7 -2.34234e-4 -1 -5.25546e-7 -2.34333e-4 -0.9999999 9.38565e-7 -2.34396e-4 -1 4.89289e-7 -2.34342e-4 -1 -2.0944e-7 -2.34364e-4 -1 0 -2.3435e-4 -1 6.71053e-7 -2.3435e-4 -0.9999999 -7.60295e-7 -2.34418e-4 -1 -1.02562e-6 -2.34418e-4 -1 1.51151e-6 -2.34288e-4 -1 5.87206e-6 -2.3312e-4 -0.9999999 -5.87196e-6 -2.3312e-4 -1 4.74482e-7 -2.3447e-4 -1 7.47043e-7 -2.34408e-4 -1 1.17945e-6 -2.34385e-4 -1 1.66297e-6 -2.3431e-4 -1 6.74118e-7 -2.34352e-4 -1 1.84846e-6 -2.34136e-4 -1 0 -2.34364e-4 -0.9999999 -2.58061e-7 -2.34428e-4 -1 0 -2.34405e-4 -1 0 -2.34403e-4 -1 0 -2.3441e-4 -1 3.15348e-7 -2.34322e-4 -0.9999999 0 -2.34344e-4 -1 0 -2.34341e-4 -1 -7.72639e-7 -2.34428e-4 -1 3.26212e-6 -2.34322e-4 -1 -3.4476e-6 -2.34347e-4 -1 1.75271e-6 -2.34347e-4 -1 2.94292e-6 -2.34333e-4 -1 6.50118e-7 -2.34333e-4 -1 -6.8425e-7 -2.3436e-4 -0.9999999 -2.1449e-7 -2.3436e-4 -1 2.56475e-7 -2.34318e-4 -1 6.29583e-7 -2.34318e-4 -1 -1.22835e-6 -2.34364e-4 -1 -5.87128e-6 -2.3312e-4 -0.9999999 -6.52757e-7 -2.34335e-4 -1 -2.28484e-6 -2.34374e-4 -1 -9.60646e-7 -2.34019e-4 -0.9999999 5.25546e-7 -2.34333e-4 -0.9999999 2.09797e-7 -2.34364e-4 -1 0 -2.3435e-4 -1 6.71053e-7 -2.3435e-4 -1 -7.6021e-7 -2.34418e-4 -1 -1.02615e-6 -2.34418e-4 -1 1.5119e-6 -2.34288e-4 -0.9999999 -7.33403e-6 -2.36658e-4 -1 -5.87196e-6 -2.3312e-4 -1 -1.8373e-6 -2.35343e-4 -1 0 -2.34398e-4 -0.9999999 0 -2.3432e-4 -1 0 -2.34312e-4 -0.9999999 0 -2.343e-4 -1 0 -2.34302e-4 -1 4.31309e-7 -2.34166e-4 -1 5.63179e-7 -2.34131e-4 -1 -4.42557e-7 -2.34349e-4 -1</float_array>
          <technique_common>
            <accessor source="#Body_front-mesh-normals-array" count="5998" stride="3">
              <param name="X" type="float"/>
              <param name="Y" type="float"/>
              <param name="Z" type="float"/>
            </accessor>
          </technique_common>
        </source>
        <source id="Body_front-mesh-map-0">
          <float_array id="Body_front-mesh-map-0-array" count="35988">0.1021355 0.9153603 0.1021355 0.9159142 0.1020613 0.9153506 0.1020613 0.9153506 0.1021355 0.9159142 0.1020613 0.915924 0.1020613 0.9153506 0.1020613 0.915924 0.1019871 0.9159142 0.1021355 0.9159142 0.1021355 0.9153603 0.1022047 0.9158855 0.1022047 0.9158855 0.1021355 0.9153603 0.1022047 0.915389 0.1022047 0.9158855 0.1022047 0.915389 0.1022641 0.9158399 0.1022641 0.9158399 0.1022047 0.915389 0.1022641 0.9154345 0.1022641 0.9158399 0.1022641 0.9154345 0.1023096 0.9157806 0.1023096 0.9157806 0.1022641 0.9154345 0.1023096 0.9154939 0.1023096 0.9157806 0.1023096 0.9154939 0.1023383 0.9157114 0.1023383 0.9157114 0.1023096 0.9154939 0.1023383 0.915563 0.1023383 0.9157114 0.1023383 0.915563 0.102348 0.9156373 0.1019871 0.9159142 0.101918 0.9158855 0.1020613 0.9153506 0.1020613 0.9153506 0.101918 0.9158855 0.1018586 0.9158399 0.1020613 0.9153506 0.1018586 0.9158399 0.101813 0.9157806 0.101813 0.9157806 0.1017844 0.9157114 0.1020613 0.9153506 0.1020613 0.9153506 0.1017844 0.9157114 0.1017746 0.9156373 0.1020613 0.9153506 0.1017746 0.9156373 0.1020613 0.9142754 0.1020613 0.9142754 0.1017746 0.9156373 0.1010058 0.9156373 0.1020613 0.9142754 0.1010058 0.9156373 0.1006646 0.913631 0.1006646 0.913631 0.1010058 0.9156373 0.1002421 0.916698 0.1006646 0.913631 0.1002421 0.916698 0.09992474 0.9168157 0.1009159 0.9159635 0.1007519 0.9162598 0.1010058 0.9156373 0.1010058 0.9156373 0.1007519 0.9162598 0.1005231 0.9165092 0.1010058 0.9156373 0.1005231 0.9165092 0.1002421 0.916698 0.09992474 0.9168157 0.09958863 0.9168557 0.1006646 0.913631 0.1006646 0.913631 0.09958863 0.9168557 0.09176564 0.9168557 0.1006646 0.913631 0.09176564 0.9168557 0.09034836 0.9156373 0.09034836 0.9156373 0.09176564 0.9168557 0.09142947 0.9168157 0.09034836 0.9156373 0.09142947 0.9168157 0.09111207 0.916698 0.09111207 0.916698 0.0908311 0.9165092 0.09034836 0.9156373 0.09034836 0.9156373 0.0908311 0.9165092 0.09060227 0.9162598 0.09034836 0.9156373 0.09060227 0.9162598 0.0904383 0.9159635 0.1006646 0.913631 0.09034836 0.9156373 0.07844579 0.9136362 0.07844579 0.9136362 0.09034836 0.9156373 0.08782935 0.9156373 0.07844579 0.9136362 0.08782935 0.9156373 0.08353847 0.9156373 0.08353847 0.9156373 0.08782935 0.9156373 0.08595401 0.9179137 0.08353847 0.9156373 0.08595401 0.9179137 0.08541375 0.9179137 0.08779734 0.9161766 0.08763194 0.9166908 0.08782935 0.9156373 0.08782935 0.9156373 0.08763194 0.9166908 0.08734351 0.9171477 0.08782935 0.9156373 0.08734351 0.9171477 0.08695036 0.9175183 0.08695036 0.9175183 0.08647722 0.9177791 0.08782935 0.9156373 0.08782935 0.9156373 0.08647722 0.9177791 0.08595401 0.9179137 0.08541375 0.9179137 0.08489054 0.9177791 0.08353847 0.9156373 0.08353847 0.9156373 0.08489054 0.9177791 0.0844174 0.9175183 0.08353847 0.9156373 0.0844174 0.9175183 0.08402425 0.9171477 0.08402425 0.9171477 0.08373588 0.9166908 0.08353847 0.9156373 0.08353847 0.9156373 0.08373588 0.9166908 0.08357042 0.9161766 0.08353847 0.9156373 0.0810194 0.9156373 0.07844579 0.9136362 0.07844579 0.9136362 0.0810194 0.9156373 0.07993829 0.9168157 0.07844579 0.9136362 0.07993829 0.9168157 0.07960218 0.9168557 0.08092945 0.9159635 0.08076554 0.9162598 0.0810194 0.9156373 0.0810194 0.9156373 0.08076554 0.9162598 0.08053666 0.9165092 0.0810194 0.9156373 0.08053666 0.9165092 0.08025574 0.916698 0.08025574 0.916698 0.07993829 0.9168157 0.0810194 0.9156373 0.07960218 0.9168557 0.07951992 0.9168557 0.07844579 0.9136362 0.07844579 0.9136362 0.07951992 0.9168557 0.07918381 0.9168157 0.07844579 0.9136362 0.07918381 0.9168157 0.07886636 0.916698 0.07844579 0.9136362 0.07886636 0.916698 0.0781027 0.9156373 0.0781027 0.9156373 0.07886636 0.916698 0.07858544 0.9165092 0.0781027 0.9156373 0.07858544 0.9165092 0.07835656 0.9162598 0.07835656 0.9162598 0.07819265 0.9159635 0.0781027 0.9156373 0.07844579 0.9136362 0.0781027 0.9156373 0.07704716 0.9142754 0.07704716 0.9142754 0.0781027 0.9156373 0.07733386 0.9156373 0.07704716 0.9142754 0.07733386 0.9156373 0.07704716 0.9153506 0.07704716 0.9153506 0.07733386 0.9156373 0.07732409 0.9157114 0.07704716 0.9153506 0.07732409 0.9157114 0.07729548 0.9157806 0.07729548 0.9157806 0.07724994 0.9158399 0.07704716 0.9153506 0.07704716 0.9153506 0.07724994 0.9158399 0.07719051 0.9158855 0.07704716 0.9153506 0.07719051 0.9158855 0.07712137 0.9159142 0.07712137 0.9159142 0.07704716 0.9159239 0.07704716 0.9153506 0.07704716 0.9153506 0.07704716 0.9159239 0.07697302 0.9153603 0.07697302 0.9153603 0.07704716 0.9159239 0.07697302 0.9159142 0.07697302 0.9153603 0.07697302 0.9159142 0.07690382 0.915389 0.07690382 0.915389 0.07697302 0.9159142 0.07690382 0.9158855 0.07690382 0.915389 0.07690382 0.9158855 0.07684445 0.9154345 0.07684445 0.9154345 0.07690382 0.9158855 0.07684445 0.9158399 0.07684445 0.9154345 0.07684445 0.9158399 0.07679891 0.9154939 0.07679891 0.9154939 0.07684445 0.9158399 0.07679891 0.9157806 0.07679891 0.9154939 0.07679891 0.9157806 0.07677024 0.915563 0.07677024 0.915563 0.07679891 0.9157806 0.07677024 0.9157114 0.07677024 0.915563 0.07677024 0.9157114 0.07676047 0.9156373 0.07521951 0.9142754 0.07521951 0.9089716 0.07704716 0.9142754 0.07704716 0.9142754 0.07521951 0.9089716 0.07704716 0.9089716 0.07704716 0.9142754 0.07704716 0.9089716 0.07844579 0.9136362 0.07844579 0.9136362 0.07704716 0.9089716 0.07704716 0.9078965 0.07844579 0.9136362 0.07704716 0.9078965 0.07704716 0.8899781 0.07704716 0.8899781 0.07704716 0.9078965 0.07557785 0.8899781 0.07557785 0.8899781 0.07704716 0.9078965 0.07557785 0.9078965 0.07844579 0.9136362 0.07704716 0.8899781 0.07843887 0.88425 0.07843887 0.88425 0.07704716 0.8899781 0.07704716 0.8889029 0.07843887 0.88425 0.07704716 0.8889029 0.07704716 0.8835991 0.07704716 0.8835991 0.07704716 0.8889029 0.07521951 0.8835991 0.07521951 0.8835991 0.07704716 0.8889029 0.07521951 0.8889029 0.07843887 0.88425 0.07704716 0.8835991 0.07733386 0.8805171 0.07733386 0.8805171 0.07704716 0.8835991 0.07704716 0.8808038 0.07733386 0.8805171 0.07704716 0.8808038 0.07732409 0.8804429 0.07732409 0.8804429 0.07704716 0.8808038 0.07729548 0.8803738 0.07729548 0.8803738 0.07704716 0.8808038 0.07724994 0.8803144 0.07724994 0.8803144 0.07704716 0.8808038 0.07719051 0.8802688 0.07719051 0.8802688 0.07704716 0.8808038 0.07712137 0.8802402 0.07712137 0.8802402 0.07704716 0.8808038 0.07704716 0.8802304 0.07704716 0.8802304 0.07704716 0.8808038 0.07697302 0.8802402 0.07697302 0.8802402 0.07704716 0.8808038 0.07697302 0.8807941 0.07697302 0.8802402 0.07697302 0.8807941 0.07690382 0.8802688 0.07690382 0.8802688 0.07697302 0.8807941 0.07690382 0.8807654 0.07690382 0.8802688 0.07690382 0.8807654 0.07684445 0.8803144 0.07684445 0.8803144 0.07690382 0.8807654 0.07684445 0.8807199 0.07684445 0.8803144 0.07684445 0.8807199 0.07679891 0.8803738 0.07679891 0.8803738 0.07684445 0.8807199 0.07679891 0.8806605 0.07679891 0.8803738 0.07679891 0.8806605 0.07677024 0.8804429 0.07677024 0.8804429 0.07679891 0.8806605 0.07677024 0.8805913 0.07677024 0.8804429 0.07677024 0.8805913 0.07676047 0.8805171 0.07733386 0.8805171 0.08422201 0.8805171 0.07843887 0.88425 0.07843887 0.88425 0.08422201 0.8805171 0.08714574 0.8805171 0.07843887 0.88425 0.08714574 0.8805171 0.1006577 0.8842448 0.1006577 0.8842448 0.08714574 0.8805171 0.1017746 0.8805171 0.1006577 0.8842448 0.1017746 0.8805171 0.1020613 0.8835991 0.1020613 0.8835991 0.1017746 0.8805171 0.1020613 0.8808038 0.1020613 0.8808038 0.1017746 0.8805171 0.1017844 0.8804429 0.1020613 0.8808038 0.1017844 0.8804429 0.101813 0.8803738 0.08422201 0.8805171 0.08465605 0.8802053 0.08714574 0.8805171 0.08714574 0.8805171 0.08465605 0.8802053 0.08515357 0.8800101 0.08714574 0.8805171 0.08515357 0.8800101 0.08568388 0.8799437 0.08568388 0.8799437 0.08621418 0.8800101 0.08714574 0.8805171 0.08714574 0.8805171 0.08621418 0.8800101 0.0867117 0.8802053 0.101813 0.8803738 0.1018586 0.8803144 0.1020613 0.8808038 0.1020613 0.8808038 0.1018586 0.8803144 0.101918 0.8802688 0.1020613 0.8808038 0.101918 0.8802688 0.1019871 0.8802402 0.1019871 0.8802402 0.1020613 0.8802304 0.1020613 0.8808038 0.1020613 0.8808038 0.1020613 0.8802304 0.1021355 0.8807941 0.1021355 0.8807941 0.1020613 0.8802304 0.1021355 0.8802402 0.1021355 0.8807941 0.1021355 0.8802402 0.1022047 0.8807654 0.1022047 0.8807654 0.1021355 0.8802402 0.1022047 0.8802688 0.1022047 0.8807654 0.1022047 0.8802688 0.1022641 0.8807199 0.1022641 0.8807199 0.1022047 0.8802688 0.1022641 0.8803144 0.1022641 0.8807199 0.1022641 0.8803144 0.1023096 0.8806605 0.1023096 0.8806605 0.1022641 0.8803144 0.1023096 0.8803738 0.1023096 0.8806605 0.1023096 0.8803738 0.1023383 0.8805913 0.1023383 0.8805913 0.1023096 0.8803738 0.1023383 0.8804429 0.1023383 0.8805913 0.1023383 0.8804429 0.102348 0.8805171 0.103889 0.8835991 0.103889 0.8889029 0.1020613 0.8835991 0.1020613 0.8835991 0.103889 0.8889029 0.1020613 0.8889029 0.1020613 0.8835991 0.1020613 0.8889029 0.1006577 0.8842448 0.1006577 0.8842448 0.1020613 0.8889029 0.1020613 0.8899781 0.1006577 0.8842448 0.1020613 0.8899781 0.1020613 0.9078965 0.1020613 0.9078965 0.1020613 0.8899781 0.1035307 0.9078965 0.1035307 0.9078965 0.1020613 0.8899781 0.1035307 0.8899781 0.1006577 0.8842448 0.1020613 0.9078965 0.1006646 0.913631 0.1006646 0.913631 0.1020613 0.9078965 0.1020613 0.9089716 0.1006646 0.913631 0.1020613 0.9089716 0.1020613 0.9142754 0.1020613 0.9142754 0.1020613 0.9089716 0.103889 0.9142754 0.103889 0.9142754 0.1020613 0.9089716 0.103889 0.9089716 0.06321358 0.9315764 0.06321358 0.9229496 0.06321561 0.9315764 0.129787 0.9326277 0.12978 0.9627011 0.12978 0.9326277 0.1297777 0.9136287 0.1297845 0.8847957 0.1297845 0.9136287 0.09300702 0.9402938 0.09257709 0.9402938 0.09300631 0.9401083 0.09300631 0.9401083 0.09257709 0.9402938 0.09257644 0.9401083 0.09300631 0.9401083 0.09257644 0.9401083 0.09300702 0.9399228 0.09300702 0.9399228 0.09257644 0.9401083 0.09257709 0.9399228 0.09300702 0.9399228 0.09257709 0.9399228 0.09300899 0.9397498 0.09300899 0.9397498 0.09257709 0.9399228 0.09257912 0.9397498 0.09300899 0.9397498 0.09257912 0.9397498 0.09301215 0.9396013 0.09301215 0.9396013 0.09257912 0.9397498 0.09258228 0.9396013 0.08853191 0.9617549 0.08896183 0.9617549 0.08853399 0.9619031 0.08853399 0.9619031 0.08896183 0.9617549 0.08896398 0.9619031 0.08853399 0.9619031 0.08896398 0.9619031 0.08853536 0.9620757 0.08853536 0.9620757 0.08896398 0.9619031 0.08896529 0.9620758 0.08853536 0.9620757 0.08896529 0.9620758 0.08853578 0.9622612 0.08853578 0.9622612 0.08896529 0.9620758 0.08896577 0.9622612 0.08853578 0.9622612 0.08896577 0.9622612 0.08853536 0.9624468 0.08853536 0.9624468 0.08896577 0.9622612 0.08896529 0.9624468 0.08853536 0.9624468 0.08896529 0.9624468 0.08853399 0.9626198 0.08853399 0.9626198 0.08896529 0.9624468 0.08896398 0.9626198 0.08853399 0.9626198 0.08896398 0.9626198 0.08853191 0.9627686 0.08853191 0.9627686 0.08896398 0.9626198 0.08896183 0.9627686 0.1261209 0.9294641 0.1265508 0.9294641 0.1261241 0.9296126 0.1261241 0.9296126 0.1265508 0.9294641 0.126554 0.9296126 0.1261241 0.9296126 0.126554 0.9296126 0.1261261 0.9297856 0.1261261 0.9297856 0.126554 0.9296126 0.1265559 0.9297856 0.1261261 0.9297856 0.1265559 0.9297856 0.1261268 0.9299711 0.1261268 0.9299711 0.1265559 0.9297856 0.1265566 0.9299711 0.1261268 0.9299711 0.1265566 0.9299711 0.1261261 0.9301566 0.1261261 0.9301566 0.1265566 0.9299711 0.1265559 0.9301566 0.1261261 0.9301566 0.1265559 0.9301566 0.1261241 0.9303295 0.1261241 0.9303295 0.1265559 0.9301566 0.126554 0.9303295 0.1261241 0.9303295 0.126554 0.9303295 0.1261209 0.9304777 0.1261209 0.9304777 0.126554 0.9303295 0.1265508 0.9304777 0.06749039 0.9614295 0.06792032 0.9614295 0.0674926 0.9615783 0.0674926 0.9615783 0.06792032 0.9614295 0.06792253 0.9615783 0.0674926 0.9615783 0.06792253 0.9615783 0.06749397 0.9617512 0.06749397 0.9617512 0.06792253 0.9615783 0.06792396 0.9617512 0.06749397 0.9617512 0.06792396 0.9617512 0.06749445 0.9619368 0.06749445 0.9619368 0.06792396 0.9617512 0.06792443 0.9619368 0.06749445 0.9619368 0.06792443 0.9619368 0.06749397 0.9621222 0.06749397 0.9621222 0.06792443 0.9619368 0.06792396 0.9621222 0.06749397 0.9621222 0.06792396 0.9621222 0.0674926 0.9622949 0.0674926 0.9622949 0.06792396 0.9621222 0.06792253 0.9622949 0.0674926 0.9622949 0.06792253 0.9622949 0.06749039 0.9624431 0.06749039 0.9624431 0.06792253 0.9622949 0.06792032 0.9624431 0.09301215 0.9406149 0.09258228 0.9406149 0.09300899 0.9404667 0.09300899 0.9404667 0.09258228 0.9406149 0.09257912 0.9404667 0.09300899 0.9404667 0.09257912 0.9404667 0.09300702 0.9402938 0.09300702 0.9402938 0.09257912 0.9404667 0.09257709 0.9402938 0.06443125 0.9604309 0.06400144 0.9604309 0.06443059 0.9602454 0.06443059 0.9602454 0.06400144 0.9604309 0.06400072 0.9602454 0.06443059 0.9602454 0.06400072 0.9602454 0.06443125 0.9600599 0.06443125 0.9600599 0.06400072 0.9602454 0.06400144 0.9600599 0.06443125 0.9600599 0.06400144 0.9600599 0.06443327 0.9598869 0.06443327 0.9598869 0.06400144 0.9600599 0.0640034 0.9598869 0.06443327 0.9598869 0.0640034 0.9598869 0.06443643 0.9597384 0.06443643 0.9597384 0.0640034 0.9598869 0.06400656 0.9597384 0.09294128 0.9618664 0.09337121 0.9618664 0.09294337 0.9620146 0.09294337 0.9620146 0.09337121 0.9618664 0.09337335 0.9620146 0.09294337 0.9620146 0.09337335 0.9620146 0.09294474 0.9621872 0.09294474 0.9621872 0.09337335 0.9620146 0.09337466 0.9621873 0.09294474 0.9621872 0.09337466 0.9621873 0.09294515 0.9623727 0.09294515 0.9623727 0.09337466 0.9621873 0.09337514 0.9623727 0.09294515 0.9623727 0.09337514 0.9623727 0.09294474 0.9625583 0.09294474 0.9625583 0.09337514 0.9623727 0.09337466 0.9625583 0.09294474 0.9625583 0.09337466 0.9625583 0.09294337 0.9627313 0.09294337 0.9627313 0.09337466 0.9625583 0.09337335 0.9627314 0.09294337 0.9627313 0.09337335 0.9627314 0.09294128 0.96288 0.09294128 0.96288 0.09337335 0.9627314 0.09337121 0.96288 0.07405972 0.96066 0.07448959 0.96066 0.07406288 0.9608085 0.07406288 0.9608085 0.07448959 0.96066 0.07449275 0.9608085 0.07406288 0.9608085 0.07449275 0.9608085 0.07406485 0.9609814 0.07406485 0.9609814 0.07449275 0.9608085 0.07449471 0.9609814 0.07406485 0.9609814 0.07449471 0.9609814 0.0740655 0.961167 0.0740655 0.961167 0.07449471 0.9609814 0.07449537 0.961167 0.0740655 0.961167 0.07449537 0.961167 0.07406485 0.9613525 0.07406485 0.9613525 0.07449537 0.961167 0.07449471 0.9613525 0.07406485 0.9613525 0.07449471 0.9613525 0.07406288 0.9615252 0.07406288 0.9615252 0.07449471 0.9613525 0.07449275 0.9615252 0.07406288 0.9615252 0.07449275 0.9615252 0.07405972 0.9616736 0.07405972 0.9616736 0.07449275 0.9615252 0.07448959 0.9616736 0.0862925 0.9613427 0.08672249 0.9613427 0.08629471 0.9614914 0.08629471 0.9614914 0.08672249 0.9613427 0.08672469 0.9614914 0.08629471 0.9614914 0.08672469 0.9614914 0.08629614 0.9616644 0.08629614 0.9616644 0.08672469 0.9614914 0.08672606 0.9616644 0.08629614 0.9616644 0.08672606 0.9616644 0.08629661 0.9618499 0.08629661 0.9618499 0.08672606 0.9616644 0.08672654 0.9618499 0.08629661 0.9618499 0.08672654 0.9618499 0.08629614 0.9620354 0.08629614 0.9620354 0.08672654 0.9618499 0.08672606 0.9620354 0.08629614 0.9620354 0.08672606 0.9620354 0.08629471 0.9622082 0.08629471 0.9622082 0.08672606 0.9620354 0.08672469 0.9622082 0.08629471 0.9622082 0.08672469 0.9622082 0.0862925 0.9623563 0.0862925 0.9623563 0.08672469 0.9622082 0.08672249 0.9623563 0.06443643 0.960752 0.06400656 0.960752 0.06443327 0.9606037 0.06443327 0.9606037 0.06400656 0.960752 0.0640034 0.9606036 0.06443327 0.9606037 0.0640034 0.9606036 0.06443125 0.9604309 0.06443125 0.9604309 0.0640034 0.9606036 0.06400144 0.9604309 0.09337013 0.9605316 0.09294027 0.9605316 0.09336948 0.9603461 0.09336948 0.9603461 0.09294027 0.9605316 0.09293961 0.9603461 0.09336948 0.9603461 0.09293961 0.9603461 0.09337013 0.9601606 0.09337013 0.9601606 0.09293961 0.9603461 0.09294027 0.9601606 0.09337013 0.9601606 0.09294027 0.9601606 0.09337216 0.9599876 0.09337216 0.9599876 0.09294027 0.9601606 0.09294229 0.9599876 0.09337216 0.9599876 0.09294229 0.9599876 0.09337532 0.9598391 0.09337532 0.9598391 0.09294229 0.9599876 0.09294545 0.9598391 0.06749033 0.9624431 0.06792032 0.9624431 0.06749248 0.9625913 0.06749248 0.9625913 0.06792032 0.9624431 0.06792247 0.9625913 0.06749248 0.9625913 0.06792247 0.9625913 0.06749385 0.9627639 0.06749385 0.9627639 0.06792247 0.9625913 0.06792378 0.9627639 0.06749385 0.9627639 0.06792378 0.9627639 0.06749427 0.9629494 0.06749427 0.9629494 0.06792378 0.9627639 0.06792426 0.9629494 0.06749427 0.9629494 0.06792426 0.9629494 0.06749385 0.9631349 0.06749385 0.9631349 0.06792426 0.9629494 0.06792378 0.963135 0.06749385 0.9631349 0.06792378 0.963135 0.06749248 0.963308 0.06749248 0.963308 0.06792378 0.963135 0.06792247 0.963308 0.06749248 0.963308 0.06792247 0.963308 0.06749033 0.9634568 0.06749033 0.9634568 0.06792247 0.963308 0.06792032 0.9634568 0.06400072 0.960752 0.06443059 0.960752 0.06400388 0.9609006 0.06400388 0.9609006 0.06443059 0.960752 0.06443375 0.9609006 0.06400388 0.9609006 0.06443375 0.9609006 0.06400585 0.9610734 0.06400585 0.9610734 0.06443375 0.9609006 0.06443572 0.9610734 0.06400585 0.9610734 0.06443572 0.9610734 0.0640065 0.961259 0.0640065 0.961259 0.06443572 0.9610734 0.06443637 0.961259 0.0640065 0.961259 0.06443637 0.961259 0.06400585 0.9614445 0.06400585 0.9614445 0.06443637 0.961259 0.06443572 0.9614445 0.06400585 0.9614445 0.06443572 0.9614445 0.06400388 0.9616172 0.06400388 0.9616172 0.06443572 0.9614445 0.06443375 0.9616172 0.06400388 0.9616172 0.06443375 0.9616172 0.06400072 0.9617657 0.06400072 0.9617657 0.06443375 0.9616172 0.06443059 0.9617657 0.09293961 0.9608528 0.09336954 0.9608528 0.09294182 0.9610015 0.09294182 0.9610015 0.09336954 0.9608528 0.0933718 0.9610015 0.09294182 0.9610015 0.0933718 0.9610015 0.09294319 0.9611745 0.09294319 0.9611745 0.0933718 0.9610015 0.09337317 0.9611745 0.09294319 0.9611745 0.09337317 0.9611745 0.09294366 0.9613601 0.09294366 0.9613601 0.09337317 0.9611745 0.09337365 0.9613601 0.09294366 0.9613601 0.09337365 0.9613601 0.09294319 0.9615455 0.09294319 0.9615455 0.09337365 0.9613601 0.09337317 0.9615455 0.09294319 0.9615455 0.09337317 0.9615455 0.09294182 0.9617182 0.09294182 0.9617182 0.09337317 0.9615455 0.0933718 0.9617182 0.09294182 0.9617182 0.0933718 0.9617182 0.09293961 0.9618664 0.09293961 0.9618664 0.0933718 0.9617182 0.09336954 0.9618664 0.09337532 0.9608528 0.09294545 0.9608528 0.09337216 0.9607045 0.09337216 0.9607045 0.09294545 0.9608528 0.09294229 0.9607045 0.09337216 0.9607045 0.09294229 0.9607045 0.09337013 0.9605316 0.09337013 0.9605316 0.09294229 0.9607045 0.09294027 0.9605316 0.1261157 0.9301566 0.1256859 0.9301566 0.1261151 0.9299711 0.1261151 0.9299711 0.1256859 0.9301566 0.1256852 0.9299711 0.1261151 0.9299711 0.1256852 0.9299711 0.1261157 0.9297856 0.1261157 0.9297856 0.1256852 0.9299711 0.1256859 0.9297856 0.1261157 0.9297856 0.1256859 0.9297856 0.1261178 0.9296126 0.1261178 0.9296126 0.1256859 0.9297856 0.1256878 0.9296126 0.1261178 0.9296126 0.1256878 0.9296126 0.1261209 0.9294641 0.1261209 0.9294641 0.1256878 0.9296126 0.1256911 0.9294641 0.0862925 0.9623563 0.08672249 0.9623563 0.08629465 0.9625044 0.08629465 0.9625044 0.08672249 0.9623563 0.08672457 0.9625045 0.08629465 0.9625044 0.08672457 0.9625045 0.08629596 0.9626771 0.08629596 0.9626771 0.08672457 0.9625045 0.08672595 0.9626771 0.08629596 0.9626771 0.08672595 0.9626771 0.08629643 0.9628625 0.08629643 0.9628625 0.08672595 0.9626771 0.08672636 0.9628626 0.08629643 0.9628625 0.08672636 0.9628626 0.08629596 0.9630481 0.08629596 0.9630481 0.08672636 0.9628626 0.08672595 0.9630481 0.08629596 0.9630481 0.08672595 0.9630481 0.08629465 0.9632212 0.08629465 0.9632212 0.08672595 0.9630481 0.08672457 0.9632212 0.08629465 0.9632212 0.08672457 0.9632212 0.0862925 0.96337 0.0862925 0.96337 0.08672457 0.9632212 0.08672249 0.96337 0.06749039 0.9604158 0.06792026 0.9604158 0.06749355 0.9605644 0.06749355 0.9605644 0.06792026 0.9604158 0.06792342 0.9605644 0.06749355 0.9605644 0.06792342 0.9605644 0.06749552 0.9607374 0.06749552 0.9607374 0.06792342 0.9605644 0.06792539 0.9607374 0.06749552 0.9607374 0.06792539 0.9607374 0.06749618 0.9609228 0.06749618 0.9609228 0.06792539 0.9607374 0.06792604 0.9609228 0.06749618 0.9609228 0.06792604 0.9609228 0.06749552 0.9611083 0.06749552 0.9611083 0.06792604 0.9609228 0.06792539 0.9611083 0.06749552 0.9611083 0.06792539 0.9611083 0.06749355 0.9612812 0.06749355 0.9612812 0.06792539 0.9611083 0.06792342 0.9612812 0.06749355 0.9612812 0.06792342 0.9612812 0.06749039 0.9614295 0.06749039 0.9614295 0.06792342 0.9612812 0.06792026 0.9614295 0.07405972 0.9616736 0.07448965 0.9616736 0.07406193 0.9618223 0.07406193 0.9618223 0.07448965 0.9616736 0.07449185 0.9618223 0.07406193 0.9618223 0.07449185 0.9618223 0.0740633 0.9619954 0.0740633 0.9619954 0.07449185 0.9618223 0.07449328 0.9619954 0.0740633 0.9619954 0.07449328 0.9619954 0.07406377 0.9621809 0.07406377 0.9621809 0.07449328 0.9619954 0.07449376 0.9621809 0.07406377 0.9621809 0.07449376 0.9621809 0.0740633 0.9623664 0.0740633 0.9623664 0.07449376 0.9621809 0.07449328 0.9623664 0.0740633 0.9623664 0.07449328 0.9623664 0.07406193 0.9625391 0.07406193 0.9625391 0.07449328 0.9623664 0.07449185 0.9625391 0.07406193 0.9625391 0.07449185 0.9625391 0.07405972 0.9626873 0.07405972 0.9626873 0.07449185 0.9625391 0.07448965 0.9626873 0.1261209 0.9304777 0.1256911 0.9304777 0.1261178 0.9303295 0.1261178 0.9303295 0.1256911 0.9304777 0.1256878 0.9303295 0.1261178 0.9303295 0.1256878 0.9303295 0.1261157 0.9301566 0.1261157 0.9301566 0.1256878 0.9303295 0.1256859 0.9301566 0.04664814 0.8836348 0.04657387 0.8839117 0.04638844 0.8836005 0.04638844 0.8836005 0.04657387 0.8839117 0.04638838 0.8838872 0.04638844 0.8836005 0.04638838 0.8838872 0.04612874 0.8836347 0.04612874 0.8836347 0.04638838 0.8838872 0.04620289 0.8839116 0.04612874 0.8836347 0.04620289 0.8839116 0.04588669 0.8837348 0.04588669 0.8837348 0.04620289 0.8839116 0.04602998 0.8839831 0.04588669 0.8837348 0.04602998 0.8839831 0.04567885 0.8838943 0.04567885 0.8838943 0.04602998 0.8839831 0.04588156 0.884097 0.04567885 0.8838943 0.04588156 0.884097 0.04551935 0.8841021 0.04551935 0.8841021 0.04588156 0.884097 0.0457676 0.8842455 0.04551935 0.8841021 0.0457676 0.8842455 0.04541909 0.8843441 0.04541909 0.8843441 0.0457676 0.8842455 0.04569596 0.8844184 0.04541909 0.8843441 0.04569596 0.8844184 0.04538482 0.8846037 0.04538482 0.8846037 0.04569596 0.8844184 0.04567152 0.8846039 0.04538482 0.8846037 0.04567152 0.8846039 0.04541897 0.8848635 0.04541897 0.8848635 0.04567152 0.8846039 0.0456959 0.8847894 0.04541897 0.8848635 0.0456959 0.8847894 0.04551917 0.8851055 0.04551917 0.8851055 0.0456959 0.8847894 0.04576748 0.8849622 0.04551917 0.8851055 0.04576748 0.8849622 0.04567861 0.8853134 0.04567861 0.8853134 0.04576748 0.8849622 0.04588139 0.8851107 0.04567861 0.8853134 0.04588139 0.8851107 0.04588639 0.8854729 0.04588639 0.8854729 0.04588139 0.8851107 0.0460298 0.8852246 0.04588639 0.8854729 0.0460298 0.8852246 0.04612839 0.8855732 0.04612839 0.8855732 0.0460298 0.8852246 0.04620265 0.8852962 0.04612839 0.8855732 0.04620265 0.8852962 0.04638808 0.8856074 0.04638808 0.8856074 0.04620265 0.8852962 0.04638814 0.8853207 0.04638808 0.8856074 0.04638814 0.8853207 0.04664778 0.8855733 0.04664778 0.8855733 0.04638814 0.8853207 0.04657363 0.8852964 0.04664778 0.8855733 0.04657363 0.8852964 0.04688984 0.885473 0.04688984 0.885473 0.04657363 0.8852964 0.04674649 0.8852247 0.04688984 0.885473 0.04674649 0.8852247 0.04709768 0.8853136 0.04709768 0.8853136 0.04674649 0.8852247 0.04689496 0.8851109 0.04709768 0.8853136 0.04689496 0.8851109 0.04725718 0.8851059 0.04725718 0.8851059 0.04689496 0.8851109 0.04700893 0.8849624 0.04725718 0.8851059 0.04700893 0.8849624 0.04735743 0.8848639 0.04735743 0.8848639 0.04700893 0.8849624 0.04708051 0.8847896 0.04735743 0.8848639 0.04708051 0.8847896 0.04739171 0.8846041 0.04739171 0.8846041 0.04708051 0.8847896 0.04710501 0.8846041 0.04739171 0.8846041 0.04710501 0.8846041 0.04735755 0.8843445 0.04735755 0.8843445 0.04710501 0.8846041 0.04708063 0.8844186 0.04735755 0.8843445 0.04708063 0.8844186 0.04725736 0.8841024 0.04725736 0.8841024 0.04708063 0.8844186 0.04700905 0.8842457 0.04725736 0.8841024 0.04700905 0.8842457 0.04709792 0.8838946 0.04709792 0.8838946 0.04700905 0.8842457 0.04689514 0.8840972 0.04709792 0.8838946 0.04689514 0.8840972 0.04689013 0.8837351 0.04689013 0.8837351 0.04689514 0.8840972 0.04674673 0.8839833 0.04689013 0.8837351 0.04674673 0.8839833 0.04664814 0.8836348 0.04664814 0.8836348 0.04674673 0.8839833 0.04657387 0.8839117 0.04664194 0.9173215 0.04656767 0.9175984 0.04638224 0.9172872 0.04638224 0.9172872 0.04656767 0.9175984 0.04638218 0.9175739 0.04638224 0.9172872 0.04638218 0.9175739 0.04612249 0.9173213 0.04612249 0.9173213 0.04638218 0.9175739 0.04619663 0.9175983 0.04612249 0.9173213 0.04619663 0.9175983 0.04588049 0.9174216 0.04588049 0.9174216 0.04619663 0.9175983 0.04602378 0.9176699 0.04588049 0.9174216 0.04602378 0.9176699 0.04567265 0.917581 0.04567265 0.917581 0.04602378 0.9176699 0.04587531 0.9177837 0.04567265 0.917581 0.04587531 0.9177837 0.04551315 0.9177888 0.04551315 0.9177888 0.04587531 0.9177837 0.0457614 0.9179322 0.04551315 0.9177888 0.0457614 0.9179322 0.04541283 0.9180307 0.04541283 0.9180307 0.0457614 0.9179322 0.04568976 0.918105 0.04541283 0.9180307 0.04568976 0.918105 0.04537862 0.9182905 0.04537862 0.9182905 0.04568976 0.918105 0.04566532 0.9182905 0.04537862 0.9182905 0.04566532 0.9182905 0.04541271 0.9185501 0.04541271 0.9185501 0.04566532 0.9182905 0.0456897 0.918476 0.04541271 0.9185501 0.0456897 0.918476 0.04551297 0.9187922 0.04551297 0.9187922 0.0456897 0.918476 0.04576128 0.9186489 0.04551297 0.9187922 0.04576128 0.9186489 0.04567235 0.919 0.04567235 0.919 0.04576128 0.9186489 0.04587513 0.9187974 0.04567235 0.919 0.04587513 0.9187974 0.04588013 0.9191595 0.04588013 0.9191595 0.04587513 0.9187974 0.04602354 0.9189113 0.04588013 0.9191595 0.04602354 0.9189113 0.04612213 0.9192599 0.04612213 0.9192599 0.04602354 0.9189113 0.0461964 0.9189829 0.04612213 0.9192599 0.0461964 0.9189829 0.04638183 0.9192941 0.04638183 0.9192941 0.0461964 0.9189829 0.04638189 0.9190074 0.04638183 0.9192941 0.04638189 0.9190074 0.04664158 0.9192599 0.04664158 0.9192599 0.04638189 0.9190074 0.04656744 0.918983 0.04664158 0.9192599 0.04656744 0.918983 0.04688358 0.9191598 0.04688358 0.9191598 0.04656744 0.918983 0.04674029 0.9189115 0.04688358 0.9191598 0.04674029 0.9189115 0.04709142 0.9190003 0.04709142 0.9190003 0.04674029 0.9189115 0.04688876 0.9187976 0.04709142 0.9190003 0.04688876 0.9187976 0.04725092 0.9187925 0.04725092 0.9187925 0.04688876 0.9187976 0.04700267 0.9186491 0.04725092 0.9187925 0.04700267 0.9186491 0.04735124 0.9185505 0.04735124 0.9185505 0.04700267 0.9186491 0.04707431 0.9184763 0.04735124 0.9185505 0.04707431 0.9184763 0.04738545 0.9182909 0.04738545 0.9182909 0.04707431 0.9184763 0.04709875 0.9182907 0.04738545 0.9182909 0.04709875 0.9182907 0.0473513 0.9180311 0.0473513 0.9180311 0.04709875 0.9182907 0.04707437 0.9181053 0.0473513 0.9180311 0.04707437 0.9181053 0.0472511 0.9177891 0.0472511 0.9177891 0.04707437 0.9181053 0.04700279 0.9179324 0.0472511 0.9177891 0.04700279 0.9179324 0.04709172 0.9175812 0.04709172 0.9175812 0.04700279 0.9179324 0.04688894 0.9177839 0.04709172 0.9175812 0.04688894 0.9177839 0.04688394 0.9174217 0.04688394 0.9174217 0.04688894 0.9177839 0.04674053 0.91767 0.04688394 0.9174217 0.04674053 0.91767 0.04664194 0.9173215 0.04664194 0.9173215 0.04674053 0.91767 0.04656767 0.9175984 0.07420051 0.9173266 0.07412624 0.9176035 0.07394081 0.9172923 0.07394081 0.9172923 0.07412624 0.9176035 0.07394075 0.917579 0.07394081 0.9172923 0.07394075 0.917579 0.07368105 0.9173265 0.07368105 0.9173265 0.07394075 0.917579 0.0737552 0.9176034 0.07368105 0.9173265 0.0737552 0.9176034 0.07343906 0.9174267 0.07343906 0.9174267 0.0737552 0.9176034 0.07358235 0.917675 0.07343906 0.9174267 0.07358235 0.917675 0.07323122 0.9175861 0.07323122 0.9175861 0.07358235 0.917675 0.07343387 0.9177889 0.07323122 0.9175861 0.07343387 0.9177889 0.07307171 0.9177939 0.07307171 0.9177939 0.07343387 0.9177889 0.07331997 0.9179373 0.07307171 0.9177939 0.07331997 0.9179373 0.0729714 0.9180359 0.0729714 0.9180359 0.07331997 0.9179373 0.07324832 0.9181101 0.0729714 0.9180359 0.07324832 0.9181101 0.07293719 0.9182955 0.07293719 0.9182955 0.07324832 0.9181101 0.07322388 0.9182956 0.07293719 0.9182955 0.07322388 0.9182956 0.07297134 0.9185553 0.07297134 0.9185553 0.07322388 0.9182956 0.07324826 0.9184811 0.07297134 0.9185553 0.07324826 0.9184811 0.07307153 0.9187973 0.07307153 0.9187973 0.07324826 0.9184811 0.07331985 0.918654 0.07307153 0.9187973 0.07331985 0.918654 0.07323092 0.9190052 0.07323092 0.9190052 0.07331985 0.918654 0.07343369 0.9188024 0.07323092 0.9190052 0.07343369 0.9188024 0.07343876 0.9191647 0.07343876 0.9191647 0.07343369 0.9188024 0.07358211 0.9189164 0.07343876 0.9191647 0.07358211 0.9189164 0.07368069 0.9192649 0.07368069 0.9192649 0.07358211 0.9189164 0.07375496 0.918988 0.07368069 0.9192649 0.07375496 0.918988 0.07394039 0.9192991 0.07394039 0.9192991 0.07375496 0.918988 0.07394045 0.9190124 0.07394039 0.9192991 0.07394045 0.9190124 0.07420015 0.919265 0.07420015 0.919265 0.07394045 0.9190124 0.074126 0.9189881 0.07420015 0.919265 0.074126 0.9189881 0.07444214 0.9191648 0.07444214 0.9191648 0.074126 0.9189881 0.07429885 0.9189165 0.07444214 0.9191648 0.07429885 0.9189165 0.07464998 0.9190054 0.07464998 0.9190054 0.07429885 0.9189165 0.07444733 0.9188026 0.07464998 0.9190054 0.07444733 0.9188026 0.07480949 0.9187976 0.07480949 0.9187976 0.07444733 0.9188026 0.07456123 0.9186542 0.07480949 0.9187976 0.07456123 0.9186542 0.0749098 0.9185556 0.0749098 0.9185556 0.07456123 0.9186542 0.07463288 0.9184814 0.0749098 0.9185556 0.07463288 0.9184814 0.07494401 0.9182959 0.07494401 0.9182959 0.07463288 0.9184814 0.07465732 0.9182959 0.07494401 0.9182959 0.07465732 0.9182959 0.07490992 0.9180362 0.07490992 0.9180362 0.07465732 0.9182959 0.07463294 0.9181104 0.07490992 0.9180362 0.07463294 0.9181104 0.07480973 0.9177942 0.07480973 0.9177942 0.07463294 0.9181104 0.07456141 0.9179375 0.07480973 0.9177942 0.07456141 0.9179375 0.07465028 0.9175863 0.07465028 0.9175863 0.07456141 0.9179375 0.07444751 0.917789 0.07465028 0.9175863 0.07444751 0.917789 0.0744425 0.9174268 0.0744425 0.9174268 0.07444751 0.917789 0.07429909 0.9176751 0.0744425 0.9174268 0.07429909 0.9176751 0.07420051 0.9173266 0.07420051 0.9173266 0.07429909 0.9176751 0.07412624 0.9176035 0.0742067 0.8836398 0.07413244 0.8839167 0.07394701 0.8836056 0.07394701 0.8836056 0.07413244 0.8839167 0.07394695 0.8838923 0.07394701 0.8836056 0.07394695 0.8838923 0.07368731 0.8836398 0.07368731 0.8836398 0.07394695 0.8838923 0.07376146 0.8839167 0.07368731 0.8836398 0.07376146 0.8839167 0.07344526 0.88374 0.07344526 0.88374 0.07376146 0.8839167 0.0735886 0.8839883 0.07344526 0.88374 0.0735886 0.8839883 0.07323741 0.8838995 0.07323741 0.8838995 0.0735886 0.8839883 0.07344013 0.8841021 0.07323741 0.8838995 0.07344013 0.8841021 0.07307791 0.8841072 0.07307791 0.8841072 0.07344013 0.8841021 0.07332617 0.8842505 0.07307791 0.8841072 0.07332617 0.8842505 0.07297766 0.8843492 0.07297766 0.8843492 0.07332617 0.8842505 0.07325458 0.8844234 0.07297766 0.8843492 0.07325458 0.8844234 0.07294338 0.8846089 0.07294338 0.8846089 0.07325458 0.8844234 0.07323008 0.8846089 0.07294338 0.8846089 0.07323008 0.8846089 0.07297754 0.8848686 0.07297754 0.8848686 0.07323008 0.8846089 0.07325446 0.8847944 0.07297754 0.8848686 0.07325446 0.8847944 0.07307773 0.8851106 0.07307773 0.8851106 0.07325446 0.8847944 0.07332605 0.8849673 0.07307773 0.8851106 0.07332605 0.8849673 0.07323718 0.8853185 0.07323718 0.8853185 0.07332605 0.8849673 0.07343995 0.8851158 0.07323718 0.8853185 0.07343995 0.8851158 0.07344496 0.885478 0.07344496 0.885478 0.07343995 0.8851158 0.07358837 0.8852297 0.07344496 0.885478 0.07358837 0.8852297 0.07368695 0.8855783 0.07368695 0.8855783 0.07358837 0.8852297 0.07376122 0.8853014 0.07368695 0.8855783 0.07376122 0.8853014 0.07394665 0.8856125 0.07394665 0.8856125 0.07376122 0.8853014 0.07394671 0.8853258 0.07394665 0.8856125 0.07394671 0.8853258 0.07420635 0.8855783 0.07420635 0.8855783 0.07394671 0.8853258 0.0741322 0.8853014 0.07420635 0.8855783 0.0741322 0.8853014 0.0744484 0.8854781 0.0744484 0.8854781 0.0741322 0.8853014 0.07430511 0.8852298 0.0744484 0.8854781 0.07430511 0.8852298 0.07465624 0.8853188 0.07465624 0.8853188 0.07430511 0.8852298 0.07445353 0.885116 0.07465624 0.8853188 0.07445353 0.885116 0.07481575 0.8851109 0.07481575 0.8851109 0.07445353 0.885116 0.07456749 0.8849676 0.07481575 0.8851109 0.07456749 0.8849676 0.074916 0.884869 0.074916 0.884869 0.07456749 0.8849676 0.07463914 0.8847947 0.074916 0.884869 0.07463914 0.8847947 0.07495027 0.8846092 0.07495027 0.8846092 0.07463914 0.8847947 0.07466357 0.8846092 0.07495027 0.8846092 0.07466357 0.8846092 0.07491612 0.8843495 0.07491612 0.8843495 0.07466357 0.8846092 0.0746392 0.8844237 0.07491612 0.8843495 0.0746392 0.8844237 0.07481592 0.8841075 0.07481592 0.8841075 0.0746392 0.8844237 0.07456761 0.8842508 0.07481592 0.8841075 0.07456761 0.8842508 0.07465648 0.8838997 0.07465648 0.8838997 0.07456761 0.8842508 0.07445377 0.8841024 0.07465648 0.8838997 0.07445377 0.8841024 0.0744487 0.8837402 0.0744487 0.8837402 0.07445377 0.8841024 0.07430529 0.8839884 0.0744487 0.8837402 0.07430529 0.8839884 0.0742067 0.8836398 0.0742067 0.8836398 0.07430529 0.8839884 0.07413244 0.8839167 0.04511636 0.8828119 0.04541283 0.9180307 0.04510951 0.9200822 0.04510951 0.9200822 0.04541283 0.9180307 0.04537862 0.9182905 0.04510951 0.9200822 0.04537862 0.9182905 0.04541271 0.9185501 0.07521939 0.8828175 0.04689013 0.8837351 0.04511636 0.8828119 0.04511636 0.8828119 0.04689013 0.8837351 0.04664814 0.8836348 0.04511636 0.8828119 0.04664814 0.8836348 0.04638844 0.8836005 0.07521247 0.9200878 0.074916 0.884869 0.07521939 0.8828175 0.07521939 0.8828175 0.074916 0.884869 0.07495027 0.8846092 0.07521939 0.8828175 0.07495027 0.8846092 0.07491612 0.8843495 0.04510951 0.9200822 0.04688358 0.9191598 0.07521247 0.9200878 0.07521247 0.9200878 0.04688358 0.9191598 0.07343876 0.9191647 0.07521247 0.9200878 0.07343876 0.9191647 0.07368069 0.9192649 0.04638844 0.8836005 0.04612874 0.8836347 0.04511636 0.8828119 0.04511636 0.8828119 0.04612874 0.8836347 0.04588669 0.8837348 0.04511636 0.8828119 0.04588669 0.8837348 0.04567885 0.8838943 0.04567885 0.8838943 0.04551935 0.8841021 0.04511636 0.8828119 0.04511636 0.8828119 0.04551935 0.8841021 0.04541909 0.8843441 0.04511636 0.8828119 0.04541909 0.8843441 0.04538482 0.8846037 0.04538482 0.8846037 0.04541897 0.8848635 0.04511636 0.8828119 0.04511636 0.8828119 0.04541897 0.8848635 0.04541283 0.9180307 0.04541283 0.9180307 0.04541897 0.8848635 0.04551315 0.9177888 0.04551315 0.9177888 0.04541897 0.8848635 0.04551917 0.8851055 0.04551315 0.9177888 0.04551917 0.8851055 0.04567265 0.917581 0.04567265 0.917581 0.04551917 0.8851055 0.04567861 0.8853134 0.04567265 0.917581 0.04567861 0.8853134 0.04588049 0.9174216 0.04588049 0.9174216 0.04567861 0.8853134 0.04588639 0.8854729 0.04588049 0.9174216 0.04588639 0.8854729 0.04612249 0.9173213 0.04612249 0.9173213 0.04588639 0.8854729 0.04612839 0.8855732 0.04612249 0.9173213 0.04612839 0.8855732 0.04905229 0.9161409 0.04905229 0.9161409 0.04612839 0.8855732 0.04905772 0.8867546 0.04905772 0.8867546 0.04612839 0.8855732 0.04638808 0.8856074 0.04905772 0.8867546 0.04638808 0.8856074 0.04664778 0.8855733 0.04664778 0.8855733 0.04688984 0.885473 0.04905772 0.8867546 0.04905772 0.8867546 0.04688984 0.885473 0.04709768 0.8853136 0.04905772 0.8867546 0.04709768 0.8853136 0.04725718 0.8851059 0.04725718 0.8851059 0.04735743 0.8848639 0.04905772 0.8867546 0.04905772 0.8867546 0.04735743 0.8848639 0.04739171 0.8846041 0.04905772 0.8867546 0.04739171 0.8846041 0.04735755 0.8843445 0.04735755 0.8843445 0.04725736 0.8841024 0.04905772 0.8867546 0.04905772 0.8867546 0.04725736 0.8841024 0.07307791 0.8841072 0.04905772 0.8867546 0.07307791 0.8841072 0.0712766 0.8867588 0.0712766 0.8867588 0.07307791 0.8841072 0.07297766 0.8843492 0.0712766 0.8867588 0.07297766 0.8843492 0.07294338 0.8846089 0.07307791 0.8841072 0.04725736 0.8841024 0.07323741 0.8838995 0.07323741 0.8838995 0.04725736 0.8841024 0.04709792 0.8838946 0.07323741 0.8838995 0.04709792 0.8838946 0.07344526 0.88374 0.07344526 0.88374 0.04709792 0.8838946 0.04689013 0.8837351 0.07344526 0.88374 0.04689013 0.8837351 0.07521939 0.8828175 0.0742067 0.8836398 0.07394701 0.8836056 0.07521939 0.8828175 0.07521939 0.8828175 0.07394701 0.8836056 0.07368731 0.8836398 0.07521939 0.8828175 0.07368731 0.8836398 0.07344526 0.88374 0.07294338 0.8846089 0.07297754 0.8848686 0.0712766 0.8867588 0.0712766 0.8867588 0.07297754 0.8848686 0.07307773 0.8851106 0.0712766 0.8867588 0.07307773 0.8851106 0.07323718 0.8853185 0.07323718 0.8853185 0.07344496 0.885478 0.0712766 0.8867588 0.0712766 0.8867588 0.07344496 0.885478 0.07368695 0.8855783 0.0712766 0.8867588 0.07368695 0.8855783 0.07394665 0.8856125 0.07394665 0.8856125 0.07420635 0.8855783 0.0712766 0.8867588 0.0712766 0.8867588 0.07420635 0.8855783 0.07420051 0.9173266 0.0712766 0.8867588 0.07420051 0.9173266 0.07127118 0.916145 0.07127118 0.916145 0.07420051 0.9173266 0.07394081 0.9172923 0.07127118 0.916145 0.07394081 0.9172923 0.07368105 0.9173265 0.07420051 0.9173266 0.07420635 0.8855783 0.0744425 0.9174268 0.0744425 0.9174268 0.07420635 0.8855783 0.0744484 0.8854781 0.0744425 0.9174268 0.0744484 0.8854781 0.07465028 0.9175863 0.07465028 0.9175863 0.0744484 0.8854781 0.07465624 0.8853188 0.07465028 0.9175863 0.07465624 0.8853188 0.07480973 0.9177942 0.07480973 0.9177942 0.07465624 0.8853188 0.07481575 0.8851109 0.07480973 0.9177942 0.07481575 0.8851109 0.07490992 0.9180362 0.07490992 0.9180362 0.07481575 0.8851109 0.074916 0.884869 0.07490992 0.9180362 0.074916 0.884869 0.07521247 0.9200878 0.07491612 0.8843495 0.07481592 0.8841075 0.07521939 0.8828175 0.07521939 0.8828175 0.07481592 0.8841075 0.07465648 0.8838997 0.07521939 0.8828175 0.07465648 0.8838997 0.0744487 0.8837402 0.0744487 0.8837402 0.0742067 0.8836398 0.07521939 0.8828175 0.07368105 0.9173265 0.07343906 0.9174267 0.07127118 0.916145 0.07127118 0.916145 0.07343906 0.9174267 0.07323122 0.9175861 0.07127118 0.916145 0.07323122 0.9175861 0.07307171 0.9177939 0.07307171 0.9177939 0.0729714 0.9180359 0.07127118 0.916145 0.07127118 0.916145 0.0729714 0.9180359 0.07293719 0.9182955 0.07127118 0.916145 0.07293719 0.9182955 0.07297134 0.9185553 0.07297134 0.9185553 0.07307153 0.9187973 0.07127118 0.916145 0.07127118 0.916145 0.07307153 0.9187973 0.04905229 0.9161409 0.04905229 0.9161409 0.07307153 0.9187973 0.04725092 0.9187925 0.04905229 0.9161409 0.04725092 0.9187925 0.04735124 0.9185505 0.07307153 0.9187973 0.07323092 0.9190052 0.04725092 0.9187925 0.04725092 0.9187925 0.07323092 0.9190052 0.04709142 0.9190003 0.04709142 0.9190003 0.07323092 0.9190052 0.07343876 0.9191647 0.04709142 0.9190003 0.07343876 0.9191647 0.04688358 0.9191598 0.07368069 0.9192649 0.07394039 0.9192991 0.07521247 0.9200878 0.07521247 0.9200878 0.07394039 0.9192991 0.07420015 0.919265 0.07521247 0.9200878 0.07420015 0.919265 0.07444214 0.9191648 0.07444214 0.9191648 0.07464998 0.9190054 0.07521247 0.9200878 0.07521247 0.9200878 0.07464998 0.9190054 0.07480949 0.9187976 0.07521247 0.9200878 0.07480949 0.9187976 0.0749098 0.9185556 0.0749098 0.9185556 0.07494401 0.9182959 0.07521247 0.9200878 0.07521247 0.9200878 0.07494401 0.9182959 0.07490992 0.9180362 0.04664194 0.9173215 0.04638224 0.9172872 0.04905229 0.9161409 0.04905229 0.9161409 0.04638224 0.9172872 0.04612249 0.9173213 0.04541271 0.9185501 0.04551297 0.9187922 0.04510951 0.9200822 0.04510951 0.9200822 0.04551297 0.9187922 0.04567235 0.919 0.04510951 0.9200822 0.04567235 0.919 0.04588013 0.9191595 0.04588013 0.9191595 0.04612213 0.9192599 0.04510951 0.9200822 0.04510951 0.9200822 0.04612213 0.9192599 0.04638183 0.9192941 0.04510951 0.9200822 0.04638183 0.9192941 0.04664158 0.9192599 0.04664158 0.9192599 0.04688358 0.9191598 0.04510951 0.9200822 0.04735124 0.9185505 0.04738545 0.9182909 0.04905229 0.9161409 0.04905229 0.9161409 0.04738545 0.9182909 0.0473513 0.9180311 0.04905229 0.9161409 0.0473513 0.9180311 0.0472511 0.9177891 0.0472511 0.9177891 0.04709172 0.9175812 0.04905229 0.9161409 0.04905229 0.9161409 0.04709172 0.9175812 0.04688394 0.9174217 0.04905229 0.9161409 0.04688394 0.9174217 0.04664194 0.9173215 0.07521951 0.8821007 0.07521939 0.8828175 0.07521247 0.8821007 0.07521247 0.8821007 0.07521939 0.8828175 0.04638195 0.8820953 0.04638195 0.8820953 0.07521939 0.8828175 0.04511636 0.8828119 0.04638195 0.8820953 0.04511636 0.8828119 0.04511654 0.8820955 0.09996718 0.9566175 0.09925061 0.9559007 0.09996718 0.9566107 0.09996718 0.9566107 0.09925061 0.9559007 0.09996718 0.9479871 0.09996718 0.9479871 0.09925061 0.9559007 0.09925061 0.9186304 0.09996718 0.9479871 0.09925061 0.9186304 0.09996718 0.9179137 0.04510939 0.920799 0.04510951 0.9200822 0.04511135 0.920799 0.04511135 0.920799 0.04510951 0.9200822 0.04637932 0.9207993 0.04637932 0.9207993 0.04510951 0.9200822 0.07521247 0.9200878 0.04637932 0.9207993 0.07521247 0.9200878 0.07521235 0.9208046 0.1006838 0.9566172 0.09996718 0.9559008 0.1006838 0.9265406 0.1006838 0.9265406 0.09996718 0.9559008 0.09996718 0.9186305 0.1006838 0.9265406 0.09996718 0.9186305 0.1006838 0.9179137 0.1261191 0.9293987 0.1261191 0.9000124 0.1268358 0.9293985 0.1268358 0.9293985 0.1261191 0.9000124 0.1268358 0.9000124 0.1275523 0.9000124 0.1275523 0.9222313 0.1268358 0.9000124 0.1268358 0.9000124 0.1275523 0.9222313 0.1268358 0.9222313 0.1006838 0.9179137 0.1014004 0.9179138 0.1006838 0.9472998 0.1006838 0.9472998 0.1014004 0.9179138 0.1014004 0.9473 0.1267263 0.9618214 0.1267263 0.9396026 0.1274427 0.9618214 0.1274427 0.9618214 0.1267263 0.9396026 0.1274427 0.9396026 0.1253985 0.9412276 0.125124 0.9408567 0.1255308 0.9410952 0.1255308 0.9410952 0.125124 0.9408567 0.1251703 0.9408105 0.1255308 0.9410952 0.1251703 0.9408105 0.1256244 0.9409332 0.1256244 0.9409332 0.1251703 0.9408105 0.125203 0.9407537 0.1256244 0.9409332 0.125203 0.9407537 0.1256728 0.9407525 0.1256728 0.9407525 0.125203 0.9407537 0.12522 0.9406904 0.1256728 0.9407525 0.12522 0.9406904 0.1256728 0.9405654 0.1256728 0.9405654 0.12522 0.9406904 0.12522 0.940625 0.1256728 0.9405654 0.12522 0.940625 0.125203 0.9405617 0.125124 0.9408567 0.1253985 0.9412276 0.1250673 0.9408895 0.1250673 0.9408895 0.1253985 0.9412276 0.1252365 0.9413211 0.1250673 0.9408895 0.1252365 0.9413211 0.125004 0.9409064 0.125004 0.9409064 0.1252365 0.9413211 0.1250557 0.9413695 0.125004 0.9409064 0.1250557 0.9413695 0.1249386 0.9409065 0.1249386 0.9409065 0.1250557 0.9413695 0.1248686 0.9413695 0.1249386 0.9409065 0.1248686 0.9413695 0.1248753 0.9408895 0.1248753 0.9408895 0.1248686 0.9413695 0.1246879 0.9413211 0.1248753 0.9408895 0.1246879 0.9413211 0.1248186 0.9408568 0.1248186 0.9408568 0.1246879 0.9413211 0.1245259 0.9412276 0.1248186 0.9408568 0.1245259 0.9412276 0.1247723 0.9408106 0.1247723 0.9408106 0.1245259 0.9412276 0.1243935 0.9410952 0.1247723 0.9408106 0.1243935 0.9410952 0.1247395 0.9407538 0.1247395 0.9407538 0.1243935 0.9410952 0.1243 0.9409332 0.1247395 0.9407538 0.1243 0.9409332 0.1247225 0.9406905 0.1247225 0.9406905 0.1243 0.9409332 0.1242516 0.9407525 0.1247225 0.9406905 0.1242516 0.9407525 0.1242516 0.9405654 0.1247225 0.9406905 0.1242516 0.9405654 0.1247225 0.9406251 0.1247225 0.9406251 0.1242516 0.9405654 0.1243 0.9403846 0.1247225 0.9406251 0.1243 0.9403846 0.1247394 0.9405618 0.1247394 0.9405618 0.1243 0.9403846 0.1243935 0.9402226 0.1247394 0.9405618 0.1243935 0.9402226 0.1247722 0.940505 0.1247722 0.940505 0.1243935 0.9402226 0.1245259 0.9400903 0.1247722 0.940505 0.1245259 0.9400903 0.1248185 0.9404588 0.1248185 0.9404588 0.1245259 0.9400903 0.1246879 0.9399967 0.1248185 0.9404588 0.1246879 0.9399967 0.1248752 0.940426 0.1248752 0.940426 0.1246879 0.9399967 0.1248686 0.9399483 0.1248752 0.940426 0.1248686 0.9399483 0.1249384 0.9404091 0.1249384 0.9404091 0.1248686 0.9399483 0.1250557 0.9399483 0.1249384 0.9404091 0.1250557 0.9399483 0.1250039 0.9404091 0.1250039 0.9404091 0.1250557 0.9399483 0.1252365 0.9399967 0.1250039 0.9404091 0.1252365 0.9399967 0.1250672 0.940426 0.1250672 0.940426 0.1252365 0.9399967 0.1253985 0.9400903 0.1250672 0.940426 0.1253985 0.9400903 0.1251239 0.9404587 0.1251239 0.9404587 0.1253985 0.9400903 0.1255308 0.9402226 0.1251239 0.9404587 0.1255308 0.9402226 0.1251702 0.940505 0.1251702 0.940505 0.1255308 0.9402226 0.1256244 0.9403846 0.1251702 0.940505 0.1256244 0.9403846 0.125203 0.9405617 0.125203 0.9405617 0.1256244 0.9403846 0.1256728 0.9405654 0.1287065 0.9389165 0.1282992 0.9386771 0.1287549 0.9387357 0.1287549 0.9387357 0.1282992 0.9386771 0.1282992 0.9386116 0.1287549 0.9387357 0.1282992 0.9386116 0.1287549 0.9385486 0.1287549 0.9385486 0.1282992 0.9386116 0.1282823 0.9385485 0.1287549 0.9385486 0.1282823 0.9385485 0.1287065 0.9383679 0.1287065 0.9383679 0.1282823 0.9385485 0.1282495 0.9384917 0.1287065 0.9383679 0.1282495 0.9384917 0.1286129 0.9382058 0.1286129 0.9382058 0.1282495 0.9384917 0.1282032 0.9384453 0.1286129 0.9382058 0.1282032 0.9384453 0.1284806 0.9380735 0.1284806 0.9380735 0.1282032 0.9384453 0.1281465 0.9384127 0.1284806 0.9380735 0.1281465 0.9384127 0.1283186 0.9379799 0.1283186 0.9379799 0.1281465 0.9384127 0.1280832 0.9383957 0.1283186 0.9379799 0.1280832 0.9383957 0.1281378 0.9379315 0.1281378 0.9379315 0.1280832 0.9383957 0.1280177 0.9383957 0.1281378 0.9379315 0.1280177 0.9383957 0.1279507 0.9379315 0.1279507 0.9379315 0.1280177 0.9383957 0.1279545 0.9384127 0.1279507 0.9379315 0.1279545 0.9384127 0.12777 0.9379801 0.12777 0.9379801 0.1279545 0.9384127 0.1278977 0.9384455 0.12777 0.9379801 0.1278977 0.9384455 0.127608 0.9380735 0.127608 0.9380735 0.1278977 0.9384455 0.1278515 0.9384918 0.127608 0.9380735 0.1278515 0.9384918 0.1274757 0.9382058 0.1274757 0.9382058 0.1278515 0.9384918 0.1278188 0.9385485 0.1274757 0.9382058 0.1278188 0.9385485 0.1273821 0.9383679 0.1273821 0.9383679 0.1278188 0.9385485 0.1273337 0.9385486 0.1273337 0.9385486 0.1278188 0.9385485 0.1278018 0.9386118 0.1273337 0.9385486 0.1278018 0.9386118 0.1273337 0.9387357 0.1273337 0.9387357 0.1278018 0.9386118 0.1278018 0.9386772 0.1273337 0.9387357 0.1278018 0.9386772 0.1273821 0.9389165 0.1273821 0.9389165 0.1278018 0.9386772 0.1278188 0.9387405 0.1273821 0.9389165 0.1278188 0.9387405 0.1274757 0.9390785 0.1274757 0.9390785 0.1278188 0.9387405 0.1278516 0.9387972 0.1274757 0.9390785 0.1278516 0.9387972 0.127608 0.9392108 0.127608 0.9392108 0.1278516 0.9387972 0.1278979 0.9388435 0.127608 0.9392108 0.1278979 0.9388435 0.12777 0.9393044 0.12777 0.9393044 0.1278979 0.9388435 0.1279546 0.9388763 0.12777 0.9393044 0.1279546 0.9388763 0.1279507 0.9393528 0.1279507 0.9393528 0.1279546 0.9388763 0.1280179 0.9388932 0.1279507 0.9393528 0.1280179 0.9388932 0.1281379 0.9393528 0.1281379 0.9393528 0.1280179 0.9388932 0.1280834 0.9388932 0.1281379 0.9393528 0.1280834 0.9388932 0.1283186 0.9393044 0.1283186 0.9393044 0.1280834 0.9388932 0.1281466 0.9388762 0.1283186 0.9393044 0.1281466 0.9388762 0.1284806 0.9392108 0.1284806 0.9392108 0.1281466 0.9388762 0.1282033 0.9388434 0.1284806 0.9392108 0.1282033 0.9388434 0.1286129 0.9390785 0.1286129 0.9390785 0.1282033 0.9388434 0.1282496 0.9387971 0.1286129 0.9390785 0.1282496 0.9387971 0.1287065 0.9389165 0.1287065 0.9389165 0.1282496 0.9387971 0.1282823 0.9387404 0.1287065 0.9389165 0.1282823 0.9387404 0.1282992 0.9386771 0.05370426 0.9630413 0.05322593 0.9630401 0.05365586 0.9628606 0.05365586 0.9628606 0.05322593 0.9630401 0.05319321 0.9629834 0.05365586 0.9628606 0.05319321 0.9629834 0.05356228 0.9626986 0.05356228 0.9626986 0.05319321 0.9629834 0.05314689 0.9629371 0.05356228 0.9626986 0.05314689 0.9629371 0.05342996 0.9625663 0.05342996 0.9625663 0.05314689 0.9629371 0.05309015 0.9629045 0.05342996 0.9625663 0.05309015 0.9629045 0.05326795 0.9624727 0.05326795 0.9624727 0.05309015 0.9629045 0.05302691 0.9628874 0.05326795 0.9624727 0.05302691 0.9628874 0.05308723 0.9624243 0.05308723 0.9624243 0.05302691 0.9628874 0.0529614 0.9628875 0.05308723 0.9624243 0.0529614 0.9628875 0.05290007 0.9624243 0.05290007 0.9624243 0.0529614 0.9628875 0.05289816 0.9629045 0.05290007 0.9624243 0.05289816 0.9629045 0.05271935 0.9624727 0.05271935 0.9624727 0.05289816 0.9629045 0.05255734 0.9625663 0.05255734 0.9625663 0.05289816 0.9629045 0.05284142 0.9629372 0.05255734 0.9625663 0.05284142 0.9629372 0.05242502 0.9626986 0.05242502 0.9626986 0.05284142 0.9629372 0.05279517 0.9629835 0.05242502 0.9626986 0.05279517 0.9629835 0.0523315 0.9628606 0.0523315 0.9628606 0.05279517 0.9629835 0.05276244 0.9630402 0.0523315 0.9628606 0.05276244 0.9630402 0.05228304 0.9630413 0.05228304 0.9630413 0.05276244 0.9630402 0.05274546 0.9631035 0.05228304 0.9630413 0.05274546 0.9631035 0.05228304 0.9632285 0.05228304 0.9632285 0.05274546 0.9631035 0.05274552 0.963169 0.05228304 0.9632285 0.05274552 0.963169 0.0523315 0.9634092 0.0523315 0.9634092 0.05274552 0.963169 0.05276244 0.9632323 0.0523315 0.9634092 0.05276244 0.9632323 0.05242502 0.9635712 0.05242502 0.9635712 0.05276244 0.9632323 0.05279523 0.9632889 0.05242502 0.9635712 0.05279523 0.9632889 0.05255734 0.9637035 0.05255734 0.9637035 0.05279523 0.9632889 0.05284154 0.9633353 0.05255734 0.9637035 0.05284154 0.9633353 0.05271935 0.9637971 0.05271935 0.9637971 0.05284154 0.9633353 0.05289828 0.9633679 0.05271935 0.9637971 0.05289828 0.9633679 0.05290013 0.9638455 0.05290013 0.9638455 0.05289828 0.9633679 0.05296152 0.9633849 0.05290013 0.9638455 0.05296152 0.9633849 0.05308723 0.9638455 0.05308723 0.9638455 0.05296152 0.9633849 0.05302703 0.9633849 0.05308723 0.9638455 0.05302703 0.9633849 0.05326795 0.9637971 0.05326795 0.9637971 0.05302703 0.9633849 0.05309027 0.9633679 0.05326795 0.9637971 0.05309027 0.9633679 0.05314695 0.9633352 0.05322593 0.9630401 0.05370426 0.9630413 0.05324292 0.9631034 0.05324292 0.9631034 0.05370426 0.9630413 0.05370426 0.9632285 0.05324292 0.9631034 0.05370426 0.9632285 0.05324292 0.9631689 0.05324292 0.9631689 0.05370426 0.9632285 0.05365586 0.9634092 0.05324292 0.9631689 0.05365586 0.9634092 0.05322599 0.9632322 0.05322599 0.9632322 0.05365586 0.9634092 0.05356228 0.9635712 0.05322599 0.9632322 0.05356228 0.9635712 0.05319327 0.9632889 0.05319327 0.9632889 0.05356228 0.9635712 0.05342996 0.9637035 0.05319327 0.9632889 0.05342996 0.9637035 0.05314695 0.9633352 0.05314695 0.9633352 0.05342996 0.9637035 0.05326795 0.9637971 0.07521247 0.8821007 0.04638195 0.8820953 0.07521247 0.8820939 0.04511654 0.8820955 0.04511094 0.9121721 0.04510945 0.8820955 0.07521235 0.9207978 0.07521396 0.9121742 0.07521438 0.9207978 0.1209492 0.9576048 0.1210043 0.9576026 0.120952 0.958372 0.120952 0.958372 0.1210043 0.9576026 0.1210071 0.958372 0.120952 0.958372 0.1210071 0.958372 0.1209492 0.9591391 0.1209492 0.9591391 0.1210071 0.958372 0.1210043 0.9591411 0.1209492 0.9591391 0.1210043 0.9591411 0.120941 0.9598537 0.120941 0.9598537 0.1210043 0.9591411 0.1209961 0.9598577 0.120941 0.9598537 0.1209961 0.9598577 0.1209279 0.9604671 0.1209279 0.9604671 0.1209961 0.9598577 0.120983 0.9604728 0.09041994 0.9575175 0.09047496 0.9575118 0.09042906 0.9581325 0.09042906 0.9581325 0.09047496 0.9575118 0.09048408 0.9581286 0.09042906 0.9581325 0.09048408 0.9581286 0.09043478 0.9588482 0.09043478 0.9588482 0.09048408 0.9581286 0.09048986 0.9588461 0.09043478 0.9588482 0.09048986 0.9588461 0.09043675 0.9596156 0.09043675 0.9596156 0.09048986 0.9588461 0.09049183 0.9596157 0.09043675 0.9596156 0.09049183 0.9596157 0.09043478 0.9603826 0.09043478 0.9603826 0.09049183 0.9596157 0.09048986 0.9603847 0.09043478 0.9603826 0.09048986 0.9603847 0.09042906 0.9610967 0.09042906 0.9610967 0.09048986 0.9603847 0.09048408 0.9611008 0.09042906 0.9610967 0.09048408 0.9611008 0.09041994 0.9617094 0.09041994 0.9617094 0.09048408 0.9611008 0.09047496 0.9617151 0.08320409 0.9602171 0.08314901 0.9602228 0.08319097 0.9596036 0.08319097 0.9596036 0.08314901 0.9602228 0.0831359 0.9596076 0.08319097 0.9596036 0.0831359 0.9596076 0.08318275 0.9588889 0.08318275 0.9588889 0.0831359 0.9596076 0.08312761 0.958891 0.08318275 0.9588889 0.08312761 0.958891 0.08317989 0.9581218 0.08317989 0.9581218 0.08312761 0.958891 0.08312481 0.9581218 0.08317989 0.9581218 0.08312481 0.9581218 0.08318275 0.9573546 0.08318275 0.9573546 0.08312481 0.9581218 0.08312761 0.9573524 0.08318275 0.9573546 0.08312761 0.9573524 0.08319097 0.9566394 0.08319097 0.9566394 0.08312761 0.9573524 0.0831359 0.9566354 0.08319097 0.9566394 0.0831359 0.9566354 0.08320409 0.9560253 0.08320409 0.9560253 0.0831359 0.9566354 0.08314901 0.9560195 0.1125183 0.9585801 0.1125733 0.9585744 0.1125271 0.9591929 0.1125271 0.9591929 0.1125733 0.9585744 0.1125821 0.9591888 0.1125271 0.9591929 0.1125821 0.9591888 0.1125326 0.9599071 0.1125326 0.9599071 0.1125821 0.9591888 0.1125876 0.9599049 0.1125326 0.9599071 0.1125876 0.9599049 0.1125345 0.9606741 0.1125345 0.9606741 0.1125876 0.9599049 0.1125895 0.9606739 0.1125345 0.9606741 0.1125895 0.9606739 0.1125326 0.9614414 0.1125326 0.9614414 0.1125895 0.9606739 0.1125876 0.9614436 0.1125326 0.9614414 0.1125876 0.9614436 0.1125271 0.962157 0.1125271 0.962157 0.1125876 0.9614436 0.1125821 0.9621611 0.1125271 0.962157 0.1125821 0.9621611 0.1125183 0.962772 0.1125183 0.962772 0.1125821 0.9621611 0.1125733 0.9627777 0.1209279 0.9562751 0.120983 0.9562694 0.120941 0.9568895 0.120941 0.9568895 0.120983 0.9562694 0.1209961 0.9568855 0.120941 0.9568895 0.1209961 0.9568855 0.1209492 0.9576048 0.1209492 0.9576048 0.1209961 0.9568855 0.1210043 0.9576026 0.08528536 0.9231116 0.08533853 0.9231258 0.08517706 0.9239344 0.08517706 0.9239344 0.08533853 0.9231258 0.08523213 0.9239344 0.08517706 0.9239344 0.08523213 0.9239344 0.08528536 0.9247571 0.08528536 0.9247571 0.08523213 0.9239344 0.08533853 0.9247429 0.08528536 0.9247571 0.08533853 0.9247429 0.08560299 0.9255239 0.08560299 0.9255239 0.08533853 0.9247429 0.08565068 0.9254963 0.08560299 0.9255239 0.08565068 0.9254963 0.0861082 0.9261823 0.0861082 0.9261823 0.08565068 0.9254963 0.08614712 0.9261434 0.0861082 0.9261823 0.08614712 0.9261434 0.0867666 0.9266876 0.0867666 0.9266876 0.08614712 0.9261434 0.08679413 0.9266399 0.0867666 0.9266876 0.08679413 0.9266399 0.08753335 0.9270052 0.08753335 0.9270052 0.08679413 0.9266399 0.08754765 0.926952 0.08753335 0.9270052 0.08754765 0.926952 0.08835619 0.9271134 0.08835619 0.9271134 0.08754765 0.926952 0.08835619 0.9270585 0.08835619 0.9271134 0.08835619 0.9270585 0.08917897 0.9270052 0.08917897 0.9270052 0.08835619 0.9270585 0.08916479 0.926952 0.08917897 0.9270052 0.08916479 0.926952 0.08994573 0.9266876 0.08994573 0.9266876 0.08916479 0.926952 0.08991825 0.9266399 0.08994573 0.9266876 0.08991825 0.9266399 0.09060418 0.9261823 0.09060418 0.9261823 0.08991825 0.9266399 0.09056526 0.9261434 0.09060418 0.9261823 0.09056526 0.9261434 0.09110939 0.9255239 0.09110939 0.9255239 0.09056526 0.9261434 0.09106171 0.9254963 0.09110939 0.9255239 0.09106171 0.9254963 0.09142696 0.9247571 0.09142696 0.9247571 0.09106171 0.9254963 0.0913738 0.9247429 0.09142696 0.9247571 0.0913738 0.9247429 0.09153532 0.9239344 0.09153532 0.9239344 0.0913738 0.9247429 0.09148025 0.9239344 0.09153532 0.9239344 0.09148025 0.9239344 0.09142696 0.9231116 0.09142696 0.9231116 0.09148025 0.9239344 0.0913738 0.9231258 0.09142696 0.9231116 0.0913738 0.9231258 0.09110939 0.9223448 0.09110939 0.9223448 0.0913738 0.9231258 0.09106171 0.9223724 0.09110939 0.9223448 0.09106171 0.9223724 0.09060418 0.9216864 0.09060418 0.9216864 0.09106171 0.9223724 0.09056526 0.9217253 0.09060418 0.9216864 0.09056526 0.9217253 0.08994573 0.9211812 0.08994573 0.9211812 0.09056526 0.9217253 0.08991825 0.9212288 0.08994573 0.9211812 0.08991825 0.9212288 0.08917897 0.9208635 0.08917897 0.9208635 0.08991825 0.9212288 0.08916479 0.9209167 0.08917897 0.9208635 0.08916479 0.9209167 0.08835619 0.9207552 0.08835619 0.9207552 0.08916479 0.9209167 0.08835619 0.9208102 0.08835619 0.9207552 0.08835619 0.9208102 0.08753335 0.9208635 0.08753335 0.9208635 0.08835619 0.9208102 0.08754765 0.9209167 0.08753335 0.9208635 0.08754765 0.9209167 0.0867666 0.9211812 0.0867666 0.9211812 0.08754765 0.9209167 0.08679413 0.9212288 0.0867666 0.9211812 0.08679413 0.9212288 0.0861082 0.9216864 0.0861082 0.9216864 0.08679413 0.9212288 0.08614712 0.9217253 0.0861082 0.9216864 0.08614712 0.9217253 0.08560299 0.9223448 0.08560299 0.9223448 0.08614712 0.9217253 0.08565068 0.9223724 0.08560299 0.9223448 0.08565068 0.9223724 0.08528536 0.9231116 0.08528536 0.9231116 0.08565068 0.9223724 0.08533853 0.9231258 0.08312481 0.9581218 0.08307319 0.9581218 0.08312761 0.9573524 0.08312761 0.9573524 0.08307319 0.9581218 0.08307605 0.9573468 0.08312761 0.9573524 0.08307605 0.9573468 0.0831359 0.9566354 0.0831359 0.9566354 0.08307605 0.9573468 0.08308434 0.9566244 0.0831359 0.9566354 0.08308434 0.9566244 0.08314901 0.9560195 0.08314901 0.9560195 0.08308434 0.9566244 0.08309757 0.956004 0.1125733 0.9585744 0.1126246 0.9585588 0.1125821 0.9591888 0.1125821 0.9591888 0.1126246 0.9585588 0.1126335 0.9591779 0.1125821 0.9591888 0.1126335 0.9591779 0.1125876 0.9599049 0.1125876 0.9599049 0.1126335 0.9591779 0.112639 0.9598992 0.1125876 0.9599049 0.112639 0.9598992 0.1125895 0.9606739 0.1125895 0.9606739 0.112639 0.9598992 0.1126409 0.9606739 0.1125895 0.9606739 0.1126409 0.9606739 0.1125876 0.9614436 0.1125876 0.9614436 0.1126409 0.9606739 0.112639 0.9614492 0.1125876 0.9614436 0.112639 0.9614492 0.1125821 0.9621611 0.1125821 0.9621611 0.112639 0.9614492 0.1126335 0.962172 0.1125821 0.9621611 0.1126335 0.962172 0.1125733 0.9627777 0.1125733 0.9627777 0.1126335 0.962172 0.1126246 0.9627932 0.120983 0.9562694 0.1210344 0.9562539 0.1209961 0.9568855 0.1209961 0.9568855 0.1210344 0.9562539 0.1210476 0.9568745 0.1209961 0.9568855 0.1210476 0.9568745 0.1210043 0.9576026 0.1210043 0.9576026 0.1210476 0.9568745 0.1210559 0.957597 0.1210043 0.9576026 0.1210559 0.957597 0.1210071 0.958372 0.1210071 0.958372 0.1210559 0.957597 0.1210587 0.958372 0.1210071 0.958372 0.1210587 0.958372 0.1210043 0.9591411 0.1210043 0.9591411 0.1210587 0.958372 0.1210559 0.9591469 0.1210043 0.9591411 0.1210559 0.9591469 0.1209961 0.9598577 0.1209961 0.9598577 0.1210559 0.9591469 0.1210476 0.9598687 0.1209961 0.9598577 0.1210476 0.9598687 0.120983 0.9604728 0.120983 0.9604728 0.1210476 0.9598687 0.1210344 0.9604883 0.09047496 0.9575118 0.09052622 0.9574963 0.09048408 0.9581286 0.09048408 0.9581286 0.09052622 0.9574963 0.09053546 0.9581176 0.09048408 0.9581286 0.09053546 0.9581176 0.09048986 0.9588461 0.09048986 0.9588461 0.09053546 0.9581176 0.09054124 0.9588405 0.09048986 0.9588461 0.09054124 0.9588405 0.09049183 0.9596157 0.09049183 0.9596157 0.09054124 0.9588405 0.09054327 0.9596157 0.09049183 0.9596157 0.09054327 0.9596157 0.09048986 0.9603847 0.09048986 0.9603847 0.09054327 0.9596157 0.09054124 0.9603905 0.09048986 0.9603847 0.09054124 0.9603905 0.09048408 0.9611008 0.09048408 0.9611008 0.09054124 0.9603905 0.09053546 0.9611118 0.09048408 0.9611008 0.09053546 0.9611118 0.09047496 0.9617151 0.09047496 0.9617151 0.09053546 0.9611118 0.09052622 0.9617307 0.08314901 0.9602228 0.08309757 0.9602385 0.0831359 0.9596076 0.0831359 0.9596076 0.08309757 0.9602385 0.08308434 0.9596186 0.0831359 0.9596076 0.08308434 0.9596186 0.08312761 0.958891 0.08312761 0.958891 0.08308434 0.9596186 0.08307605 0.9588966 0.08312761 0.958891 0.08307605 0.9588966 0.08312481 0.9581218 0.08312481 0.9581218 0.08307605 0.9588966 0.08307319 0.9581218 0.08307319 0.9581218 0.08302861 0.9581218 0.08307605 0.9573468 0.08307605 0.9573468 0.08302861 0.9581218 0.08303147 0.957338 0.08307605 0.9573468 0.08303147 0.957338 0.08308434 0.9566244 0.08308434 0.9566244 0.08303147 0.957338 0.08303987 0.9566074 0.08308434 0.9566244 0.08303987 0.9566074 0.08309757 0.956004 0.08309757 0.956004 0.08303987 0.9566074 0.08305323 0.9559798 0.1126246 0.9585588 0.1126687 0.9585346 0.1126335 0.9591779 0.1126335 0.9591779 0.1126687 0.9585346 0.1126777 0.9591606 0.1126335 0.9591779 0.1126777 0.9591606 0.112639 0.9598992 0.112639 0.9598992 0.1126777 0.9591606 0.1126833 0.9598903 0.112639 0.9598992 0.1126833 0.9598903 0.1126409 0.9606739 0.1126409 0.9606739 0.1126833 0.9598903 0.1126853 0.9606738 0.1126409 0.9606739 0.1126853 0.9606738 0.112639 0.9614492 0.112639 0.9614492 0.1126853 0.9606738 0.1126833 0.961458 0.112639 0.9614492 0.1126833 0.961458 0.1126335 0.962172 0.1126335 0.962172 0.1126833 0.961458 0.1126777 0.9621891 0.1126335 0.962172 0.1126777 0.9621891 0.1126246 0.9627932 0.1126246 0.9627932 0.1126777 0.9621891 0.1126687 0.9628174 0.1210344 0.9562539 0.1210787 0.9562297 0.1210476 0.9568745 0.1210476 0.9568745 0.1210787 0.9562297 0.1210921 0.9568575 0.1210476 0.9568745 0.1210921 0.9568575 0.1210559 0.957597 0.1210559 0.957597 0.1210921 0.9568575 0.1211004 0.9575882 0.1210559 0.957597 0.1211004 0.9575882 0.1210587 0.958372 0.1210587 0.958372 0.1211004 0.9575882 0.1211033 0.9583721 0.1210587 0.958372 0.1211033 0.9583721 0.1210559 0.9591469 0.1210559 0.9591469 0.1211033 0.9583721 0.1211004 0.9591558 0.1210559 0.9591469 0.1211004 0.9591558 0.1210476 0.9598687 0.1210476 0.9598687 0.1211004 0.9591558 0.1210921 0.9598858 0.1210476 0.9598687 0.1210921 0.9598858 0.1210344 0.9604883 0.1210344 0.9604883 0.1210921 0.9598858 0.1210787 0.9605125 0.09052622 0.9574963 0.09057039 0.9574721 0.09053546 0.9581176 0.09053546 0.9581176 0.09057039 0.9574721 0.09057968 0.9581006 0.09053546 0.9581176 0.09057968 0.9581006 0.09054124 0.9588405 0.09054124 0.9588405 0.09057968 0.9581006 0.09058558 0.9588317 0.09054124 0.9588405 0.09058558 0.9588317 0.09054327 0.9596157 0.09054327 0.9596157 0.09058558 0.9588317 0.09058761 0.9596158 0.09054327 0.9596157 0.09058761 0.9596158 0.09054124 0.9603905 0.09054124 0.9603905 0.09058761 0.9596158 0.09058558 0.9603994 0.09054124 0.9603905 0.09058558 0.9603994 0.09053546 0.9611118 0.09053546 0.9611118 0.09058558 0.9603994 0.09057974 0.961129 0.09053546 0.9611118 0.09057974 0.961129 0.09052622 0.9617307 0.09052622 0.9617307 0.09057974 0.961129 0.09057039 0.9617549 0.08309757 0.9602385 0.08305323 0.9602627 0.08308434 0.9596186 0.08308434 0.9596186 0.08305323 0.9602627 0.08303987 0.9596357 0.08308434 0.9596186 0.08303987 0.9596357 0.08307605 0.9588966 0.08307605 0.9588966 0.08303987 0.9596357 0.08303147 0.9589056 0.08307605 0.9588966 0.08303147 0.9589056 0.08307319 0.9581218 0.08307319 0.9581218 0.08303147 0.9589056 0.08302861 0.9581218 0.08532786 0.9239344 0.08528351 0.9239344 0.08543109 0.9231505 0.08543109 0.9231505 0.08528351 0.9239344 0.08538824 0.9231391 0.08543109 0.9231505 0.08538824 0.9231391 0.08573359 0.9224202 0.08573359 0.9224202 0.08538824 0.9231391 0.0856952 0.922398 0.08573359 0.9224202 0.0856952 0.922398 0.0862149 0.9217929 0.0862149 0.9217929 0.0856952 0.922398 0.08618348 0.9217616 0.0862149 0.9217929 0.08618348 0.9217616 0.08684206 0.9213116 0.08684206 0.9213116 0.08618348 0.9217616 0.08681988 0.9212733 0.08684206 0.9213116 0.08681988 0.9212733 0.08757251 0.9210091 0.08757251 0.9210091 0.08681988 0.9212733 0.08756095 0.9209663 0.08757251 0.9210091 0.08756095 0.9209663 0.08835631 0.920906 0.08835631 0.920906 0.08756095 0.9209663 0.08835625 0.9208616 0.08835631 0.920906 0.08835625 0.9208616 0.08914011 0.9210091 0.08914011 0.9210091 0.08835625 0.9208616 0.0891515 0.9209663 0.08914011 0.9210091 0.0891515 0.9209663 0.08987051 0.9213116 0.08987051 0.9213116 0.0891515 0.9209663 0.08989256 0.9212733 0.08987051 0.9213116 0.08989256 0.9212733 0.09049773 0.9217929 0.09049773 0.9217929 0.08989256 0.9212733 0.09052896 0.9217616 0.09049773 0.9217929 0.09052896 0.9217616 0.09097898 0.9224202 0.09097898 0.9224202 0.09052896 0.9217616 0.0910173 0.922398 0.09097898 0.9224202 0.0910173 0.922398 0.09128153 0.9231505 0.09128153 0.9231505 0.0910173 0.922398 0.09132426 0.9231391 0.09128153 0.9231505 0.09132426 0.9231391 0.0913847 0.9239344 0.0913847 0.9239344 0.09132426 0.9231391 0.09142893 0.9239344 0.0913847 0.9239344 0.09142893 0.9239344 0.09128153 0.9247182 0.09128153 0.9247182 0.09142893 0.9239344 0.09132426 0.9247296 0.09128153 0.9247182 0.09132426 0.9247296 0.09097898 0.9254485 0.09097898 0.9254485 0.09132426 0.9247296 0.0910173 0.9254707 0.09097898 0.9254485 0.0910173 0.9254707 0.09049773 0.9260757 0.09049773 0.9260757 0.0910173 0.9254707 0.09052896 0.9261071 0.09049773 0.9260757 0.09052896 0.9261071 0.08987051 0.9265571 0.08987051 0.9265571 0.09052896 0.9261071 0.08989256 0.9265953 0.08987051 0.9265571 0.08989256 0.9265953 0.08914011 0.9268596 0.08914011 0.9268596 0.08989256 0.9265953 0.0891515 0.9269023 0.08914011 0.9268596 0.0891515 0.9269023 0.08835631 0.9269627 0.08835631 0.9269627 0.0891515 0.9269023 0.08835625 0.9270071 0.08835631 0.9269627 0.08835625 0.9270071 0.08757251 0.9268596 0.08757251 0.9268596 0.08835625 0.9270071 0.08756095 0.9269023 0.08757251 0.9268596 0.08756095 0.9269023 0.08684206 0.9265571 0.08684206 0.9265571 0.08756095 0.9269023 0.08681988 0.9265953 0.08684206 0.9265571 0.08681988 0.9265953 0.0862149 0.9260757 0.0862149 0.9260757 0.08681988 0.9265953 0.08618348 0.9261071 0.0862149 0.9260757 0.08618348 0.9261071 0.08573359 0.9254485 0.08573359 0.9254485 0.08618348 0.9261071 0.0856952 0.9254707 0.08573359 0.9254485 0.0856952 0.9254707 0.08543109 0.9247182 0.08543109 0.9247182 0.0856952 0.9254707 0.08538824 0.9247296 0.08543109 0.9247182 0.08538824 0.9247296 0.08532786 0.9239344 0.08532786 0.9239344 0.08538824 0.9247296 0.08528351 0.9239344 0.08528351 0.9239344 0.08523213 0.9239344 0.08538824 0.9231391 0.08538824 0.9231391 0.08523213 0.9239344 0.08533853 0.9231258 0.08538824 0.9231391 0.08533853 0.9231258 0.0856952 0.922398 0.0856952 0.922398 0.08533853 0.9231258 0.08565068 0.9223724 0.0856952 0.922398 0.08565068 0.9223724 0.08618348 0.9217616 0.08618348 0.9217616 0.08565068 0.9223724 0.08614712 0.9217253 0.08618348 0.9217616 0.08614712 0.9217253 0.08681988 0.9212733 0.08681988 0.9212733 0.08614712 0.9217253 0.08679413 0.9212288 0.08681988 0.9212733 0.08679413 0.9212288 0.08756095 0.9209663 0.08756095 0.9209663 0.08679413 0.9212288 0.08754765 0.9209167 0.08756095 0.9209663 0.08754765 0.9209167 0.08835625 0.9208616 0.08835625 0.9208616 0.08754765 0.9209167 0.08835619 0.9208102 0.08835625 0.9208616 0.08835619 0.9208102 0.0891515 0.9209663 0.0891515 0.9209663 0.08835619 0.9208102 0.08916479 0.9209167 0.0891515 0.9209663 0.08916479 0.9209167 0.08989256 0.9212733 0.08989256 0.9212733 0.08916479 0.9209167 0.08991825 0.9212288 0.08989256 0.9212733 0.08991825 0.9212288 0.09052896 0.9217616 0.09052896 0.9217616 0.08991825 0.9212288 0.09056526 0.9217253 0.09052896 0.9217616 0.09056526 0.9217253 0.0910173 0.922398 0.0910173 0.922398 0.09056526 0.9217253 0.09106171 0.9223724 0.0910173 0.922398 0.09106171 0.9223724 0.09132426 0.9231391 0.09132426 0.9231391 0.09106171 0.9223724 0.0913738 0.9231258 0.09132426 0.9231391 0.0913738 0.9231258 0.09142893 0.9239344 0.09142893 0.9239344 0.0913738 0.9231258 0.09148025 0.9239344 0.09142893 0.9239344 0.09148025 0.9239344 0.09132426 0.9247296 0.09132426 0.9247296 0.09148025 0.9239344 0.0913738 0.9247429 0.09132426 0.9247296 0.0913738 0.9247429 0.0910173 0.9254707 0.0910173 0.9254707 0.0913738 0.9247429 0.09106171 0.9254963 0.0910173 0.9254707 0.09106171 0.9254963 0.09052896 0.9261071 0.09052896 0.9261071 0.09106171 0.9254963 0.09056526 0.9261434 0.09052896 0.9261071 0.09056526 0.9261434 0.08989256 0.9265953 0.08989256 0.9265953 0.09056526 0.9261434 0.08991825 0.9266399 0.08989256 0.9265953 0.08991825 0.9266399 0.0891515 0.9269023 0.0891515 0.9269023 0.08991825 0.9266399 0.08916479 0.926952 0.0891515 0.9269023 0.08916479 0.926952 0.08835625 0.9270071 0.08835625 0.9270071 0.08916479 0.926952 0.08835619 0.9270585 0.08835625 0.9270071 0.08835619 0.9270585 0.08756095 0.9269023 0.08756095 0.9269023 0.08835619 0.9270585 0.08754765 0.926952 0.08756095 0.9269023 0.08754765 0.926952 0.08681988 0.9265953 0.08681988 0.9265953 0.08754765 0.926952 0.08679413 0.9266399 0.08681988 0.9265953 0.08679413 0.9266399 0.08618348 0.9261071 0.08618348 0.9261071 0.08679413 0.9266399 0.08614712 0.9261434 0.08618348 0.9261071 0.08614712 0.9261434 0.0856952 0.9254707 0.0856952 0.9254707 0.08614712 0.9261434 0.08565068 0.9254963 0.0856952 0.9254707 0.08565068 0.9254963 0.08538824 0.9247296 0.08538824 0.9247296 0.08565068 0.9254963 0.08533853 0.9247429 0.08538824 0.9247296 0.08533853 0.9247429 0.08528351 0.9239344 0.08528351 0.9239344 0.08533853 0.9247429 0.08523213 0.9239344 0.06384658 0.9578326 0.06390166 0.9578306 0.06384938 0.9585999 0.06384938 0.9585999 0.06390166 0.9578306 0.06390452 0.9585999 0.06384938 0.9585999 0.06390452 0.9585999 0.06384658 0.9593669 0.06384658 0.9593669 0.06390452 0.9585999 0.06390172 0.9593691 0.06384658 0.9593669 0.06390172 0.9593691 0.06383836 0.9600816 0.06383836 0.9600816 0.06390172 0.9593691 0.06389343 0.9600856 0.06383836 0.9600816 0.06389343 0.9600856 0.0638253 0.9606949 0.0638253 0.9606949 0.06389343 0.9600856 0.06388032 0.9607008 0.1277964 0.8936247 0.1278514 0.893619 0.1278055 0.8942398 0.1278055 0.8942398 0.1278514 0.893619 0.1278606 0.8942357 0.1278055 0.8942398 0.1278606 0.8942357 0.1278113 0.8949555 0.1278113 0.8949555 0.1278606 0.8942357 0.1278663 0.8949534 0.1278113 0.8949555 0.1278663 0.8949534 0.1278132 0.8957229 0.1278132 0.8957229 0.1278663 0.8949534 0.1278682 0.8957229 0.1278132 0.8957229 0.1278682 0.8957229 0.1278113 0.8964898 0.1278113 0.8964898 0.1278682 0.8957229 0.1278663 0.8964919 0.1278113 0.8964898 0.1278663 0.8964919 0.1278055 0.8972039 0.1278055 0.8972039 0.1278663 0.8964919 0.1278606 0.897208 0.1278055 0.8972039 0.1278606 0.897208 0.1277964 0.8978167 0.1277964 0.8978167 0.1278606 0.897208 0.1278514 0.8978224 0.1015759 0.9221511 0.1015208 0.9221568 0.1015627 0.9215375 0.1015627 0.9215375 0.1015208 0.9221568 0.1015077 0.9215416 0.1015627 0.9215375 0.1015077 0.9215416 0.1015545 0.9208229 0.1015545 0.9208229 0.1015077 0.9215416 0.1014994 0.920825 0.1015545 0.9208229 0.1014994 0.920825 0.1015517 0.9200558 0.1015517 0.9200558 0.1014994 0.920825 0.1014966 0.9200558 0.1015517 0.9200558 0.1014966 0.9200558 0.1015545 0.9192885 0.1015545 0.9192885 0.1014966 0.9200558 0.1014994 0.9192864 0.1015545 0.9192885 0.1014994 0.9192864 0.1015627 0.9185734 0.1015627 0.9185734 0.1014994 0.9192864 0.1015077 0.9185693 0.1015627 0.9185734 0.1015077 0.9185693 0.1015759 0.9179592 0.1015759 0.9179592 0.1015077 0.9185693 0.1015208 0.9179534 0.05733752 0.9592326 0.05739253 0.9592269 0.05734628 0.9598454 0.05734628 0.9598454 0.05739253 0.9592269 0.05740135 0.9598413 0.05734628 0.9598454 0.05740135 0.9598413 0.05735182 0.9605595 0.05735182 0.9605595 0.05740135 0.9598413 0.0574069 0.9605575 0.05735182 0.9605595 0.0574069 0.9605575 0.05735373 0.9613265 0.05735373 0.9613265 0.0574069 0.9605575 0.05740875 0.9613265 0.05735373 0.9613265 0.05740875 0.9613265 0.05735182 0.962094 0.05735182 0.962094 0.05740875 0.9613265 0.0574069 0.962096 0.05735182 0.962094 0.0574069 0.962096 0.05734634 0.9628095 0.05734634 0.9628095 0.0574069 0.962096 0.05740135 0.9628135 0.05734634 0.9628095 0.05740135 0.9628135 0.05733758 0.9634246 0.05733758 0.9634246 0.05740135 0.9628135 0.05739253 0.9634303 0.0638253 0.956503 0.06388032 0.9564973 0.06383836 0.9571174 0.06383836 0.9571174 0.06388032 0.9564973 0.06389343 0.9571134 0.06383836 0.9571174 0.06389343 0.9571134 0.06384658 0.9578326 0.06384658 0.9578326 0.06389343 0.9571134 0.06390166 0.9578306 0.07680749 0.9231116 0.07686066 0.9231258 0.07669919 0.9239344 0.07669919 0.9239344 0.07686066 0.9231258 0.07675421 0.9239344 0.07669919 0.9239344 0.07675421 0.9239344 0.07680749 0.9247571 0.07680749 0.9247571 0.07675421 0.9239344 0.07686066 0.9247429 0.07680749 0.9247571 0.07686066 0.9247429 0.07712507 0.9255239 0.07712507 0.9255239 0.07686066 0.9247429 0.07717275 0.9254963 0.07712507 0.9255239 0.07717275 0.9254963 0.07763034 0.9261823 0.07763034 0.9261823 0.07717275 0.9254963 0.07766926 0.9261434 0.07763034 0.9261823 0.07766926 0.9261434 0.07828873 0.9266876 0.07828873 0.9266876 0.07766926 0.9261434 0.07831627 0.9266399 0.07828873 0.9266876 0.07831627 0.9266399 0.07905548 0.9270052 0.07905548 0.9270052 0.07831627 0.9266399 0.07906973 0.926952 0.07905548 0.9270052 0.07906973 0.926952 0.07987827 0.9271134 0.07987827 0.9271134 0.07906973 0.926952 0.07987833 0.9270585 0.07987827 0.9271134 0.07987833 0.9270585 0.08070111 0.9270052 0.08070111 0.9270052 0.07987833 0.9270585 0.08068686 0.926952 0.08070111 0.9270052 0.08068686 0.926952 0.08146786 0.9266876 0.08146786 0.9266876 0.08068686 0.926952 0.08144032 0.9266399 0.08146786 0.9266876 0.08144032 0.9266399 0.08212625 0.9261823 0.08212625 0.9261823 0.08144032 0.9266399 0.08208733 0.9261434 0.08212625 0.9261823 0.08208733 0.9261434 0.08263146 0.9255239 0.08263146 0.9255239 0.08208733 0.9261434 0.08258384 0.9254963 0.08263146 0.9255239 0.08258384 0.9254963 0.0829491 0.9247571 0.0829491 0.9247571 0.08258384 0.9254963 0.08289593 0.9247429 0.0829491 0.9247571 0.08289593 0.9247429 0.0830574 0.9239344 0.0830574 0.9239344 0.08289593 0.9247429 0.08300238 0.9239344 0.0830574 0.9239344 0.08300238 0.9239344 0.0829491 0.9231116 0.0829491 0.9231116 0.08300238 0.9239344 0.08289593 0.9231258 0.0829491 0.9231116 0.08289593 0.9231258 0.08263146 0.9223448 0.08263146 0.9223448 0.08289593 0.9231258 0.08258384 0.9223724 0.08263146 0.9223448 0.08258384 0.9223724 0.08212625 0.9216864 0.08212625 0.9216864 0.08258384 0.9223724 0.08208733 0.9217253 0.08212625 0.9216864 0.08208733 0.9217253 0.08146786 0.9211812 0.08146786 0.9211812 0.08208733 0.9217253 0.08144032 0.9212288 0.08146786 0.9211812 0.08144032 0.9212288 0.08070111 0.9208635 0.08070111 0.9208635 0.08144032 0.9212288 0.08068686 0.9209167 0.08070111 0.9208635 0.08068686 0.9209167 0.07987827 0.9207552 0.07987827 0.9207552 0.08068686 0.9209167 0.07987833 0.9208102 0.07987827 0.9207552 0.07987833 0.9208102 0.07905548 0.9208635 0.07905548 0.9208635 0.07987833 0.9208102 0.07906973 0.9209167 0.07905548 0.9208635 0.07906973 0.9209167 0.07828873 0.9211812 0.07828873 0.9211812 0.07906973 0.9209167 0.07831627 0.9212288 0.07828873 0.9211812 0.07831627 0.9212288 0.07763034 0.9216864 0.07763034 0.9216864 0.07831627 0.9212288 0.07766926 0.9217253 0.07763034 0.9216864 0.07766926 0.9217253 0.07712507 0.9223448 0.07712507 0.9223448 0.07766926 0.9217253 0.07717275 0.9223724 0.07712507 0.9223448 0.07717275 0.9223724 0.07680749 0.9231116 0.07680749 0.9231116 0.07717275 0.9223724 0.07686066 0.9231258 0.1014966 0.9200558 0.101445 0.9200558 0.1014994 0.9192864 0.1014994 0.9192864 0.101445 0.9200558 0.1014478 0.9192807 0.1014994 0.9192864 0.1014478 0.9192807 0.1015077 0.9185693 0.1015077 0.9185693 0.1014478 0.9192807 0.1014562 0.9185584 0.1015077 0.9185693 0.1014562 0.9185584 0.1015208 0.9179534 0.1015208 0.9179534 0.1014562 0.9185584 0.1014694 0.9179379 0.05739253 0.9592269 0.05744379 0.9592114 0.05740135 0.9598413 0.05740135 0.9598413 0.05744379 0.9592114 0.05745267 0.9598303 0.05740135 0.9598413 0.05745267 0.9598303 0.0574069 0.9605575 0.0574069 0.9605575 0.05745267 0.9598303 0.05745828 0.9605517 0.0574069 0.9605575 0.05745828 0.9605517 0.05740875 0.9613265 0.05740875 0.9613265 0.05745828 0.9605517 0.05746018 0.9613264 0.05740875 0.9613265 0.05746018 0.9613264 0.0574069 0.962096 0.0574069 0.962096 0.05746018 0.9613264 0.05745828 0.9621016 0.0574069 0.962096 0.05745828 0.9621016 0.05740135 0.9628135 0.05740135 0.9628135 0.05745828 0.9621016 0.05745267 0.9628245 0.05740135 0.9628135 0.05745267 0.9628245 0.05739253 0.9634303 0.05739253 0.9634303 0.05745267 0.9628245 0.05744385 0.9634457 0.06388032 0.9564973 0.06393176 0.9564818 0.06389343 0.9571134 0.06389343 0.9571134 0.06393176 0.9564818 0.06394493 0.9571024 0.06389343 0.9571134 0.06394493 0.9571024 0.06390166 0.9578306 0.06390166 0.9578306 0.06394493 0.9571024 0.06395328 0.9578248 0.06390166 0.9578306 0.06395328 0.9578248 0.06390452 0.9585999 0.06390452 0.9585999 0.06395328 0.9578248 0.06395608 0.9585999 0.06390452 0.9585999 0.06395608 0.9585999 0.06390172 0.9593691 0.06390172 0.9593691 0.06395608 0.9585999 0.06395328 0.9593748 0.06390172 0.9593691 0.06395328 0.9593748 0.06389343 0.9600856 0.06389343 0.9600856 0.06395328 0.9593748 0.06394493 0.9600966 0.06389343 0.9600856 0.06394493 0.9600966 0.06388032 0.9607008 0.06388032 0.9607008 0.06394493 0.9600966 0.06393176 0.9607163 0.1278514 0.893619 0.1279027 0.8936035 0.1278606 0.8942357 0.1278606 0.8942357 0.1279027 0.8936035 0.1279119 0.8942249 0.1278606 0.8942357 0.1279119 0.8942249 0.1278663 0.8949534 0.1278663 0.8949534 0.1279119 0.8942249 0.1279177 0.8949478 0.1278663 0.8949534 0.1279177 0.8949478 0.1278682 0.8957229 0.1278682 0.8957229 0.1279177 0.8949478 0.1279197 0.895723 0.1278682 0.8957229 0.1279197 0.895723 0.1278663 0.8964919 0.1278663 0.8964919 0.1279197 0.895723 0.1279177 0.8964976 0.1278663 0.8964919 0.1279177 0.8964976 0.1278606 0.897208 0.1278606 0.897208 0.1279177 0.8964976 0.1279119 0.897219 0.1278606 0.897208 0.1279119 0.897219 0.1278514 0.8978224 0.1278514 0.8978224 0.1279119 0.897219 0.1279027 0.8978379 0.1015208 0.9221568 0.1014694 0.9221723 0.1015077 0.9215416 0.1015077 0.9215416 0.1014694 0.9221723 0.1014562 0.9215525 0.1015077 0.9215416 0.1014562 0.9215525 0.1014994 0.920825 0.1014994 0.920825 0.1014562 0.9215525 0.1014478 0.9208306 0.1014994 0.920825 0.1014478 0.9208306 0.1014966 0.9200558 0.1014966 0.9200558 0.1014478 0.9208306 0.101445 0.9200558 0.101445 0.9200558 0.1014004 0.9200558 0.1014478 0.9192807 0.1014478 0.9192807 0.1014004 0.9200558 0.1014032 0.9192719 0.1014478 0.9192807 0.1014032 0.9192719 0.1014562 0.9185584 0.1014562 0.9185584 0.1014032 0.9192719 0.1014117 0.9185413 0.1014562 0.9185584 0.1014117 0.9185413 0.1014694 0.9179379 0.1014694 0.9179379 0.1014117 0.9185413 0.1014251 0.9179137 0.05744379 0.9592114 0.05748796 0.959187 0.05745267 0.9598303 0.05745267 0.9598303 0.05748796 0.959187 0.05749696 0.9598131 0.05745267 0.9598303 0.05749696 0.9598131 0.05745828 0.9605517 0.05745828 0.9605517 0.05749696 0.9598131 0.05750256 0.9605428 0.05745828 0.9605517 0.05750256 0.9605428 0.05746018 0.9613264 0.05746018 0.9613264 0.05750256 0.9605428 0.05750453 0.9613264 0.05746018 0.9613264 0.05750453 0.9613264 0.05745828 0.9621016 0.05745828 0.9621016 0.05750453 0.9613264 0.05750256 0.9621104 0.05745828 0.9621016 0.05750256 0.9621104 0.05745267 0.9628245 0.05745267 0.9628245 0.05750256 0.9621104 0.05749696 0.9628415 0.05745267 0.9628245 0.05749696 0.9628415 0.05744385 0.9634457 0.05744385 0.9634457 0.05749696 0.9628415 0.05748796 0.9634699 0.06393176 0.9564818 0.0639761 0.9564576 0.06394493 0.9571024 0.06394493 0.9571024 0.0639761 0.9564576 0.06398946 0.9570854 0.06394493 0.9571024 0.06398946 0.9570854 0.06395328 0.9578248 0.06395328 0.9578248 0.06398946 0.9570854 0.06399786 0.957816 0.06395328 0.9578248 0.06399786 0.957816 0.06395608 0.9585999 0.06395608 0.9585999 0.06399786 0.957816 0.06400072 0.9585999 0.06395608 0.9585999 0.06400072 0.9585999 0.06395328 0.9593748 0.06395328 0.9593748 0.06400072 0.9585999 0.06399786 0.9593836 0.06395328 0.9593748 0.06399786 0.9593836 0.06394493 0.9600966 0.06394493 0.9600966 0.06399786 0.9593836 0.06398946 0.9601138 0.06394493 0.9600966 0.06398946 0.9601138 0.06393176 0.9607163 0.06393176 0.9607163 0.06398946 0.9601138 0.0639761 0.9607405 0.1279027 0.8936035 0.1279468 0.8935794 0.1279119 0.8942249 0.1279119 0.8942249 0.1279468 0.8935794 0.1279562 0.8942078 0.1279119 0.8942249 0.1279562 0.8942078 0.1279177 0.8949478 0.1279177 0.8949478 0.1279562 0.8942078 0.127962 0.894939 0.1279177 0.8949478 0.127962 0.894939 0.1279197 0.895723 0.1279197 0.895723 0.127962 0.894939 0.127964 0.895723 0.1279197 0.895723 0.127964 0.895723 0.1279177 0.8964976 0.1279177 0.8964976 0.127964 0.895723 0.127962 0.8965066 0.1279177 0.8964976 0.127962 0.8965066 0.1279119 0.897219 0.1279119 0.897219 0.127962 0.8965066 0.1279562 0.8972362 0.1279119 0.897219 0.1279562 0.8972362 0.1279027 0.8978379 0.1279027 0.8978379 0.1279562 0.8972362 0.1279468 0.8978622 0.1014694 0.9221723 0.1014251 0.9221966 0.1014562 0.9215525 0.1014562 0.9215525 0.1014251 0.9221966 0.1014117 0.9215697 0.1014562 0.9215525 0.1014117 0.9215697 0.1014478 0.9208306 0.1014478 0.9208306 0.1014117 0.9215697 0.1014032 0.9208395 0.1014478 0.9208306 0.1014032 0.9208395 0.101445 0.9200558 0.101445 0.9200558 0.1014032 0.9208395 0.1014004 0.9200558 0.07684999 0.9239344 0.07680565 0.9239344 0.07695317 0.9231505 0.07695317 0.9231505 0.07680565 0.9239344 0.07691037 0.9231391 0.07695317 0.9231505 0.07691037 0.9231391 0.07725572 0.9224202 0.07725572 0.9224202 0.07691037 0.9231391 0.07721734 0.922398 0.07725572 0.9224202 0.07721734 0.922398 0.07773703 0.9217929 0.07773703 0.9217929 0.07721734 0.922398 0.07770562 0.9217616 0.07773703 0.9217929 0.07770562 0.9217616 0.07836419 0.9213116 0.07836419 0.9213116 0.07770562 0.9217616 0.07834202 0.9212733 0.07836419 0.9213116 0.07834202 0.9212733 0.07909458 0.9210091 0.07909458 0.9210091 0.07834202 0.9212733 0.07908308 0.9209663 0.07909458 0.9210091 0.07908308 0.9209663 0.07987838 0.920906 0.07987838 0.920906 0.07908308 0.9209663 0.07987833 0.9208616 0.07987838 0.920906 0.07987833 0.9208616 0.08066225 0.9210091 0.08066225 0.9210091 0.07987833 0.9208616 0.08067363 0.9209663 0.08066225 0.9210091 0.08067363 0.9209663 0.08139264 0.9213116 0.08139264 0.9213116 0.08067363 0.9209663 0.08141469 0.9212733 0.08139264 0.9213116 0.08141469 0.9212733 0.0820198 0.9217929 0.0820198 0.9217929 0.08141469 0.9212733 0.08205109 0.9217616 0.0820198 0.9217929 0.08205109 0.9217616 0.08250111 0.9224202 0.08250111 0.9224202 0.08205109 0.9217616 0.08253937 0.922398 0.08250111 0.9224202 0.08253937 0.922398 0.0828036 0.9231505 0.0828036 0.9231505 0.08253937 0.922398 0.08284634 0.9231391 0.0828036 0.9231505 0.08284634 0.9231391 0.08290684 0.9239344 0.08290684 0.9239344 0.08284634 0.9231391 0.08295106 0.9239344 0.08290684 0.9239344 0.08295106 0.9239344 0.0828036 0.9247182 0.0828036 0.9247182 0.08295106 0.9239344 0.08284634 0.9247296 0.0828036 0.9247182 0.08284634 0.9247296 0.08250111 0.9254485 0.08250111 0.9254485 0.08284634 0.9247296 0.08253937 0.9254707 0.08250111 0.9254485 0.08253937 0.9254707 0.0820198 0.9260757 0.0820198 0.9260757 0.08253937 0.9254707 0.08205109 0.9261071 0.0820198 0.9260757 0.08205109 0.9261071 0.08139264 0.9265571 0.08139264 0.9265571 0.08205109 0.9261071 0.08141469 0.9265953 0.08139264 0.9265571 0.08141469 0.9265953 0.08066225 0.9268596 0.08066225 0.9268596 0.08141469 0.9265953 0.08067363 0.9269023 0.08066225 0.9268596 0.08067363 0.9269023 0.07987838 0.9269627 0.07987838 0.9269627 0.08067363 0.9269023 0.07987833 0.9270071 0.07987838 0.9269627 0.07987833 0.9270071 0.07909458 0.9268596 0.07909458 0.9268596 0.07987833 0.9270071 0.07908308 0.9269023 0.07909458 0.9268596 0.07908308 0.9269023 0.07836419 0.9265571 0.07836419 0.9265571 0.07908308 0.9269023 0.07834202 0.9265953 0.07836419 0.9265571 0.07834202 0.9265953 0.07773703 0.9260757 0.07773703 0.9260757 0.07834202 0.9265953 0.07770562 0.9261071 0.07773703 0.9260757 0.07770562 0.9261071 0.07725572 0.9254485 0.07725572 0.9254485 0.07770562 0.9261071 0.07721734 0.9254707 0.07725572 0.9254485 0.07721734 0.9254707 0.07695317 0.9247182 0.07695317 0.9247182 0.07721734 0.9254707 0.07691037 0.9247296 0.07695317 0.9247182 0.07691037 0.9247296 0.07684999 0.9239344 0.07684999 0.9239344 0.07691037 0.9247296 0.07680565 0.9239344 0.07680565 0.9239344 0.07675421 0.9239344 0.07691037 0.9231391 0.07691037 0.9231391 0.07675421 0.9239344 0.07686066 0.9231258 0.07691037 0.9231391 0.07686066 0.9231258 0.07721734 0.922398 0.07721734 0.922398 0.07686066 0.9231258 0.07717275 0.9223724 0.07721734 0.922398 0.07717275 0.9223724 0.07770562 0.9217616 0.07770562 0.9217616 0.07717275 0.9223724 0.07766926 0.9217253 0.07770562 0.9217616 0.07766926 0.9217253 0.07834202 0.9212733 0.07834202 0.9212733 0.07766926 0.9217253 0.07831627 0.9212288 0.07834202 0.9212733 0.07831627 0.9212288 0.07908308 0.9209663 0.07908308 0.9209663 0.07831627 0.9212288 0.07906973 0.9209167 0.07908308 0.9209663 0.07906973 0.9209167 0.07987833 0.9208616 0.07987833 0.9208616 0.07906973 0.9209167 0.07987833 0.9208102 0.07987833 0.9208616 0.07987833 0.9208102 0.08067363 0.9209663 0.08067363 0.9209663 0.07987833 0.9208102 0.08068686 0.9209167 0.08067363 0.9209663 0.08068686 0.9209167 0.08141469 0.9212733 0.08141469 0.9212733 0.08068686 0.9209167 0.08144032 0.9212288 0.08141469 0.9212733 0.08144032 0.9212288 0.08205109 0.9217616 0.08205109 0.9217616 0.08144032 0.9212288 0.08208733 0.9217253 0.08205109 0.9217616 0.08208733 0.9217253 0.08253937 0.922398 0.08253937 0.922398 0.08208733 0.9217253 0.08258384 0.9223724 0.08253937 0.922398 0.08258384 0.9223724 0.08284634 0.9231391 0.08284634 0.9231391 0.08258384 0.9223724 0.08289593 0.9231258 0.08284634 0.9231391 0.08289593 0.9231258 0.08295106 0.9239344 0.08295106 0.9239344 0.08289593 0.9231258 0.08300238 0.9239344 0.08295106 0.9239344 0.08300238 0.9239344 0.08284634 0.9247296 0.08284634 0.9247296 0.08300238 0.9239344 0.08289593 0.9247429 0.08284634 0.9247296 0.08289593 0.9247429 0.08253937 0.9254707 0.08253937 0.9254707 0.08289593 0.9247429 0.08258384 0.9254963 0.08253937 0.9254707 0.08258384 0.9254963 0.08205109 0.9261071 0.08205109 0.9261071 0.08258384 0.9254963 0.08208733 0.9261434 0.08205109 0.9261071 0.08208733 0.9261434 0.08141469 0.9265953 0.08141469 0.9265953 0.08208733 0.9261434 0.08144032 0.9266399 0.08141469 0.9265953 0.08144032 0.9266399 0.08067363 0.9269023 0.08067363 0.9269023 0.08144032 0.9266399 0.08068686 0.926952 0.08067363 0.9269023 0.08068686 0.926952 0.07987833 0.9270071 0.07987833 0.9270071 0.08068686 0.926952 0.07987833 0.9270585 0.07987833 0.9270071 0.07987833 0.9270585 0.07908308 0.9269023 0.07908308 0.9269023 0.07987833 0.9270585 0.07906973 0.926952 0.07908308 0.9269023 0.07906973 0.926952 0.07834202 0.9265953 0.07834202 0.9265953 0.07906973 0.926952 0.07831627 0.9266399 0.07834202 0.9265953 0.07831627 0.9266399 0.07770562 0.9261071 0.07770562 0.9261071 0.07831627 0.9266399 0.07766926 0.9261434 0.07770562 0.9261071 0.07766926 0.9261434 0.07721734 0.9254707 0.07721734 0.9254707 0.07766926 0.9261434 0.07717275 0.9254963 0.07721734 0.9254707 0.07717275 0.9254963 0.07691037 0.9247296 0.07691037 0.9247296 0.07717275 0.9254963 0.07686066 0.9247429 0.07691037 0.9247296 0.07686066 0.9247429 0.07680565 0.9239344 0.07680565 0.9239344 0.07686066 0.9247429 0.07675421 0.9239344 0.06555253 0.9589069 0.06583869 0.9539679 0.06610894 0.9589089 0.06610894 0.9589089 0.06583869 0.9539679 0.06637895 0.9539679 0.06610894 0.9589089 0.06637895 0.9539679 0.06666553 0.9589069 0.06666553 0.9589069 0.06637895 0.9539679 0.06690227 0.9539641 0.06666553 0.9589069 0.06690227 0.9539641 0.06718432 0.9589009 0.06718432 0.9589009 0.06690227 0.9539641 0.06737571 0.953957 0.06718432 0.9589009 0.06737571 0.953957 0.06762999 0.9588915 0.06762999 0.9588915 0.06737571 0.953957 0.06776922 0.9539467 0.0972765 0.9553218 0.09719908 0.9602627 0.0968303 0.9553224 0.0968303 0.9553224 0.09719908 0.9602627 0.09674155 0.9602643 0.0968303 0.9553224 0.09674155 0.9602643 0.09631121 0.9553264 0.09631121 0.9553264 0.09674155 0.9602643 0.09622681 0.9602692 0.09631121 0.9553264 0.09622681 0.9602692 0.09575456 0.9553336 0.09575456 0.9553336 0.09622681 0.9602692 0.0956875 0.960277 0.09575456 0.9553336 0.0956875 0.960277 0.09566098 0.9585574 0.06583869 0.9539679 0.06555253 0.9589069 0.0653156 0.9539641 0.0653156 0.9539641 0.06555253 0.9589069 0.06503415 0.9589009 0.0653156 0.9539641 0.06503415 0.9589009 0.06484276 0.953957 0.06484276 0.953957 0.06503415 0.9589009 0.06458914 0.9588915 0.06484276 0.953957 0.06458914 0.9588915 0.06444996 0.9539467 0.08270001 0.9559938 0.08277744 0.9609344 0.08233118 0.9609342 0.08270001 0.9559938 0.08233118 0.9609342 0.08224236 0.9559922 0.08224236 0.9559922 0.08233118 0.9609342 0.08181208 0.9609302 0.08224236 0.9559922 0.08181208 0.9609302 0.08172768 0.9559876 0.08172768 0.9559876 0.08181208 0.9609302 0.08125537 0.9609231 0.08172768 0.9559876 0.08125537 0.9609231 0.08118832 0.9559798 0.08118832 0.9559798 0.08125537 0.9609231 0.08116179 0.9576994 0.08116179 0.9576994 0.08125537 0.9609231 0.08069914 0.9609131 0.08116179 0.9576994 0.08069914 0.9609131 0.08063441 0.9576893 0.08063441 0.9576893 0.08069914 0.9609131 0.08018124 0.9609009 0.08063441 0.9576893 0.08018124 0.9609009 0.08014935 0.9576773 0.08014935 0.9576773 0.08018124 0.9609009 0.07973694 0.9608873 0.08014935 0.9576773 0.07973694 0.9608873 0.07973694 0.9576643 0.05233448 0.9624243 0.05228304 0.9592046 0.05272811 0.959195 0.05233448 0.9624243 0.05272811 0.959195 0.05276978 0.9624155 0.05276978 0.9624155 0.05272811 0.959195 0.05324655 0.9591891 0.05276978 0.9624155 0.05324655 0.9591891 0.05326968 0.96241 0.05326968 0.96241 0.05324655 0.9591891 0.05380302 0.959187 0.05326968 0.96241 0.05380302 0.959187 0.05380302 0.9624081 0.05380302 0.9624081 0.05380302 0.959187 0.05433642 0.96241 0.05433642 0.96241 0.05380302 0.959187 0.05435961 0.9591891 0.05433642 0.96241 0.05435961 0.9591891 0.05483657 0.9624155 0.05483657 0.9624155 0.05435961 0.9591891 0.05487835 0.959195 0.05483657 0.9624155 0.05487835 0.959195 0.05527228 0.9624243 0.05527228 0.9624243 0.05487835 0.959195 0.05532389 0.9592046 0.09423601 0.9585919 0.09423601 0.9553689 0.09464848 0.9585792 0.09464848 0.9585792 0.09423601 0.9553689 0.09468036 0.9553557 0.09464848 0.9585792 0.09468036 0.9553557 0.0951336 0.9585674 0.0951336 0.9585674 0.09468036 0.9553557 0.09519833 0.9553436 0.0951336 0.9585674 0.09519833 0.9553436 0.09566098 0.9585574 0.09566098 0.9585574 0.09519833 0.9553436 0.09575456 0.9553336 0.1102261 0.9607504 0.1070066 0.9604641 0.1102281 0.9601939 0.1102281 0.9601939 0.1070066 0.9604641 0.1070066 0.9599238 0.1102281 0.9601939 0.1070066 0.9599238 0.1102261 0.9596373 0.1102261 0.9596373 0.1070066 0.9599238 0.1070028 0.9594003 0.1102261 0.9596373 0.1070028 0.9594003 0.1102201 0.9591185 0.1102201 0.9591185 0.1070028 0.9594003 0.1069956 0.9589268 0.1102201 0.9591185 0.1069956 0.9589268 0.1102107 0.9586728 0.1102107 0.9586728 0.1069956 0.9589268 0.1069853 0.9585332 0.06749033 0.9589089 0.06739246 0.9621303 0.06704419 0.9589104 0.06704419 0.9589104 0.06739246 0.9621303 0.0669347 0.9621329 0.06704419 0.9589104 0.0669347 0.9621329 0.0665251 0.9589155 0.0665251 0.9589155 0.0669347 0.9621329 0.06641978 0.9621389 0.0665251 0.9589155 0.06641978 0.9621389 0.06596845 0.9589238 0.06596845 0.9589238 0.06641978 0.9621389 0.06588029 0.9621477 0.06596845 0.9589238 0.06588029 0.9621477 0.06541222 0.9589349 0.06541222 0.9589349 0.06588029 0.9621477 0.06535029 0.9621589 0.06541222 0.9589349 0.06535029 0.9621589 0.06489431 0.958948 0.06489431 0.958948 0.06535029 0.9621589 0.06486326 0.9621718 0.06489431 0.958948 0.06486326 0.9621718 0.06444996 0.9589622 0.06444996 0.9589622 0.06486326 0.9621718 0.06444996 0.9621855 0.1014457 0.9375182 0.1046652 0.9375769 0.1014361 0.9379639 0.1014361 0.9379639 0.1046652 0.9375769 0.1063847 0.937577 0.1014361 0.9379639 0.1063847 0.937577 0.106376 0.9380112 0.1070066 0.9604641 0.1102261 0.9607504 0.1070028 0.9609875 0.1070028 0.9609875 0.1102261 0.9607504 0.1102201 0.9612687 0.1070028 0.9609875 0.1102201 0.9612687 0.1069956 0.9614604 0.1069956 0.9614604 0.1102201 0.9612687 0.1102107 0.9617137 0.1069956 0.9614604 0.1102107 0.9617137 0.1069853 0.9618532 0.1156277 0.9585899 0.1157256 0.9618112 0.1152794 0.96181 0.1156277 0.9585899 0.1152794 0.96181 0.1151699 0.9585875 0.1151699 0.9585875 0.1152794 0.96181 0.1147603 0.961805 0.1151699 0.9585875 0.1147603 0.961805 0.114655 0.9585817 0.114655 0.9585817 0.1147603 0.961805 0.1142036 0.9617968 0.114655 0.9585817 0.1142036 0.9617968 0.1141155 0.9585729 0.1141155 0.9585729 0.1142036 0.9617968 0.1136474 0.9617856 0.1141155 0.9585729 0.1136474 0.9617856 0.1135855 0.9585615 0.1135855 0.9585615 0.1136474 0.9617856 0.1131295 0.9617723 0.1135855 0.9585615 0.1131295 0.9617723 0.1130985 0.9585486 0.1130985 0.9585486 0.1131295 0.9617723 0.1126853 0.9617579 0.1130985 0.9585486 0.1126853 0.9617579 0.1126853 0.9585346 0.1046652 0.9405006 0.1014457 0.9405592 0.1014361 0.940114 0.1046652 0.9405006 0.1014361 0.940114 0.106376 0.9400668 0.106376 0.9400668 0.1014361 0.940114 0.1014302 0.9395956 0.106376 0.9400668 0.1014302 0.9395956 0.1063706 0.9395695 0.1063706 0.9395695 0.1014302 0.9395956 0.1014282 0.9390391 0.1063706 0.9395695 0.1014282 0.9390391 0.1063687 0.9390392 0.1063687 0.9390392 0.1014282 0.9390391 0.1063706 0.9385089 0.1063706 0.9385089 0.1014282 0.9390391 0.1014302 0.9384825 0.1063706 0.9385089 0.1014302 0.9384825 0.106376 0.9380112 0.106376 0.9380112 0.1014302 0.9384825 0.1014361 0.9379639 0.106376 0.9400668 0.1063846 0.9405007 0.1046652 0.9405006 0.06400072 0.9570205 0.06435906 0.9570205 0.06400072 0.9573453 0.06400072 0.9573453 0.06435906 0.9570205 0.06435906 0.9573453 0.06400072 0.9573453 0.06435906 0.9573453 0.06400072 0.9576699 0.06400072 0.9576699 0.06435906 0.9573453 0.06435906 0.9576699 0.06400072 0.9576699 0.06435906 0.9576699 0.06400072 0.9579721 0.06400072 0.9579721 0.06435906 0.9576699 0.06435906 0.9579721 0.06400072 0.9579721 0.06435906 0.9579721 0.06400072 0.9582315 0.06400072 0.9582315 0.06435906 0.9579721 0.06435912 0.9582315 0.09065556 0.9559606 0.09029716 0.9559606 0.09065574 0.9556954 0.09065574 0.9556954 0.09029716 0.9559606 0.0902974 0.9556954 0.09065574 0.9556954 0.0902974 0.9556954 0.09065586 0.9553895 0.09065586 0.9553895 0.0902974 0.9556954 0.09029752 0.9553895 0.09065586 0.9553895 0.09029752 0.9553895 0.09065592 0.9550638 0.09065592 0.9550638 0.09029752 0.9553895 0.09029757 0.9550638 0.09065592 0.9550638 0.09029757 0.9550638 0.09065586 0.9547405 0.09065586 0.9547405 0.09029757 0.9550638 0.09029752 0.9547405 0.09065586 0.9547405 0.09029752 0.9547405 0.09065574 0.9544416 0.09065574 0.9544416 0.09029752 0.9547405 0.0902974 0.9544416 0.09065574 0.9544416 0.0902974 0.9544416 0.09065556 0.9541874 0.09065556 0.9541874 0.0902974 0.9544416 0.09029716 0.9541874 0.1116558 0.9583715 0.1112975 0.9583715 0.1116558 0.9581117 0.1116558 0.9581117 0.1112975 0.9583715 0.1112975 0.9581117 0.1116558 0.9581117 0.1112975 0.9581117 0.1116558 0.9578092 0.1116558 0.9578092 0.1112975 0.9581117 0.1112975 0.9578092 0.1116558 0.9578092 0.1112975 0.9578092 0.1116558 0.9574845 0.1116558 0.9574845 0.1112975 0.9578092 0.1112975 0.9574845 0.1116558 0.9574845 0.1112975 0.9574845 0.1116558 0.9571599 0.1116558 0.9571599 0.1112975 0.9574845 0.1112975 0.9571599 0.1116558 0.9571599 0.1112975 0.9571599 0.1116558 0.9568575 0.1116558 0.9568575 0.1112975 0.9571599 0.1112975 0.9568575 0.1116558 0.9568575 0.1112975 0.9568575 0.1116558 0.9565977 0.1116558 0.9565977 0.1112975 0.9568575 0.1112975 0.9565977 0.1024943 0.955273 0.1028527 0.955273 0.1024942 0.9555272 0.1024942 0.9555272 0.1028527 0.955273 0.1028525 0.9555272 0.1024942 0.9555272 0.1028525 0.9555272 0.1024941 0.9558261 0.1024941 0.9558261 0.1028525 0.9555272 0.1028525 0.9558261 0.1024941 0.9558261 0.1028525 0.9558261 0.1024941 0.9561493 0.1024941 0.9561493 0.1028525 0.9558261 0.1028524 0.9561493 0.1024941 0.9561493 0.1028524 0.9561493 0.1024941 0.956475 0.1024941 0.956475 0.1028524 0.9561493 0.1028525 0.956475 0.1024941 0.956475 0.1028525 0.956475 0.1024942 0.9567809 0.1024942 0.9567809 0.1028525 0.956475 0.1028525 0.9567809 0.1024942 0.9567809 0.1028525 0.9567809 0.1024943 0.9570462 0.1024943 0.9570462 0.1028525 0.9567809 0.1028527 0.9570462 0.06400072 0.9564576 0.06435912 0.9564576 0.06400072 0.9567179 0.06400072 0.9567179 0.06435912 0.9564576 0.06435906 0.9567179 0.06400072 0.9567179 0.06435906 0.9567179 0.06400072 0.9570205 0.06400072 0.9570205 0.06435906 0.9567179 0.06435906 0.9570205 0.05737876 0.9562119 0.05773717 0.9562119 0.05737876 0.9565365 0.05737876 0.9565365 0.05773717 0.9562119 0.05773717 0.9565367 0.05737876 0.9565365 0.05773717 0.9565367 0.05737876 0.9568611 0.05737876 0.9568611 0.05773717 0.9565367 0.05773717 0.9568611 0.05737876 0.9568611 0.05773717 0.9568611 0.05737876 0.9571635 0.05737876 0.9571635 0.05773717 0.9568611 0.05773717 0.9571635 0.05737876 0.9571635 0.05773717 0.9571635 0.05737876 0.9574227 0.05737876 0.9574227 0.05773717 0.9571635 0.05773717 0.9574229 0.05006086 0.9553871 0.04970246 0.9553871 0.05006104 0.9551219 0.05006104 0.9551219 0.04970246 0.9553871 0.0497027 0.9551219 0.05006104 0.9551219 0.0497027 0.9551219 0.05006116 0.954816 0.05006116 0.954816 0.0497027 0.9551219 0.04970282 0.954816 0.05006116 0.954816 0.04970282 0.954816 0.05006122 0.9544903 0.05006122 0.9544903 0.04970282 0.954816 0.04970282 0.9544903 0.05006122 0.9544903 0.04970282 0.9544903 0.05006116 0.954167 0.05006116 0.954167 0.04970282 0.9544903 0.04970282 0.954167 0.05006116 0.954167 0.04970282 0.954167 0.05006104 0.9538682 0.05006104 0.9538682 0.04970282 0.954167 0.0497027 0.953868 0.05006104 0.9538682 0.0497027 0.953868 0.05006086 0.953614 0.05006086 0.953614 0.0497027 0.953868 0.04970246 0.953614 0.05006116 0.9589348 0.04970282 0.9589348 0.05006116 0.958675 0.05006116 0.958675 0.04970282 0.9589348 0.04970282 0.958675 0.05006116 0.958675 0.04970282 0.958675 0.05006116 0.9583725 0.05006116 0.9583725 0.04970282 0.958675 0.04970282 0.9583725 0.05006116 0.9583725 0.04970282 0.9583725 0.05006116 0.9580479 0.05006116 0.9580479 0.04970282 0.9583725 0.04970282 0.9580479 0.05006116 0.9580479 0.04970282 0.9580479 0.05006116 0.9577233 0.05006116 0.9577233 0.04970282 0.9580479 0.04970282 0.9577233 0.05006116 0.9577233 0.04970282 0.9577233 0.05006116 0.9574207 0.05006116 0.9574207 0.04970282 0.9577233 0.04970282 0.9574207 0.05006116 0.9574207 0.04970282 0.9574207 0.05006116 0.957161 0.05006116 0.957161 0.04970282 0.9574207 0.04970282 0.957161 0.04510962 0.9547685 0.04546797 0.9547685 0.04510945 0.9550226 0.04510945 0.9550226 0.04546797 0.9547685 0.04546785 0.9550226 0.04510945 0.9550226 0.04546785 0.9550226 0.04510939 0.9553216 0.04510939 0.9553216 0.04546785 0.9550226 0.04546773 0.9553216 0.04510939 0.9553216 0.04546773 0.9553216 0.04510939 0.9556449 0.04510939 0.9556449 0.04546773 0.9553216 0.04546773 0.9556449 0.04510939 0.9556449 0.04546773 0.9556449 0.04510939 0.9559705 0.04510939 0.9559705 0.04546773 0.9556449 0.04546773 0.9559705 0.04510939 0.9559705 0.04546773 0.9559705 0.04510945 0.9562764 0.04510945 0.9562764 0.04546773 0.9559705 0.04546785 0.9562764 0.04510945 0.9562764 0.04546785 0.9562764 0.04510962 0.9565417 0.04510962 0.9565417 0.04546785 0.9562764 0.04546797 0.9565417 0.05737882 0.955649 0.05773723 0.955649 0.05737882 0.9559091 0.05737882 0.9559091 0.05773723 0.955649 0.05773717 0.9559091 0.05737882 0.9559091 0.05773717 0.9559091 0.05737876 0.9562119 0.05737876 0.9562119 0.05773717 0.9559091 0.05773717 0.9562119 0.06301063 0.9259609 0.06301063 0.924456 0.0630849 0.925961 0.0630849 0.925961 0.06301063 0.924456 0.0630849 0.9244561 0.0630849 0.925961 0.0630849 0.9244561 0.0631541 0.9259616 0.0631541 0.9259616 0.0630849 0.9244561 0.0631541 0.9244567 0.0631541 0.9259616 0.0631541 0.9244567 0.06321358 0.9259625 0.06321358 0.9259625 0.0631541 0.9244567 0.06321358 0.9244576 0.1024472 0.9603269 0.1024472 0.9588224 0.1025066 0.9603256 0.1025066 0.9603256 0.1024472 0.9588224 0.1025066 0.9588211 0.1025066 0.9603256 0.1025066 0.9588211 0.1025758 0.9603249 0.1025758 0.9603249 0.1025066 0.9588211 0.1025758 0.9588202 0.1025758 0.9603249 0.1025758 0.9588202 0.1026501 0.9603245 0.1026501 0.9603245 0.1025758 0.9588202 0.1026501 0.95882 0.1026501 0.9603245 0.1026501 0.95882 0.1027242 0.9603249 0.1027242 0.9603249 0.1026501 0.95882 0.1027242 0.9588202 0.1027242 0.9603249 0.1027242 0.9588202 0.1027933 0.9603256 0.1027933 0.9603256 0.1027242 0.9588202 0.1027933 0.9588211 0.1027933 0.9603256 0.1027933 0.9588211 0.1028527 0.9603269 0.1028527 0.9603269 0.1027933 0.9588211 0.1028527 0.9588224 0.1260907 0.9264268 0.1260907 0.9279317 0.1260312 0.9264276 0.1260312 0.9264276 0.1260907 0.9279317 0.1260312 0.9279325 0.1260312 0.9264276 0.1260312 0.9279325 0.1259619 0.9264282 0.1259619 0.9264282 0.1260312 0.9279325 0.1259619 0.9279331 0.1259619 0.9264282 0.1259619 0.9279331 0.1258877 0.9264284 0.1258877 0.9264284 0.1259619 0.9279331 0.1258877 0.9279332 0.1258877 0.9264284 0.1258877 0.9279332 0.1258136 0.9264282 0.1258136 0.9264282 0.1258877 0.9279332 0.1258136 0.9279331 0.1258136 0.9264282 0.1258136 0.9279331 0.1257445 0.9264276 0.1257445 0.9264276 0.1258136 0.9279331 0.1257445 0.9279325 0.1257445 0.9264276 0.1257445 0.9279325 0.1256852 0.9264268 0.1256852 0.9264268 0.1257445 0.9279325 0.1256852 0.9279317 0.06301069 0.9304831 0.06301069 0.9289786 0.06307005 0.9304818 0.06307005 0.9304818 0.06301069 0.9289786 0.06307005 0.9289773 0.06307005 0.9304818 0.06307005 0.9289773 0.0631392 0.9304811 0.0631392 0.9304811 0.06307005 0.9289773 0.0631392 0.9289765 0.0631392 0.9304811 0.0631392 0.9289765 0.06321334 0.9304807 0.06321334 0.9304807 0.0631392 0.9289765 0.06321334 0.9289762 0.06301069 0.9289739 0.06301069 0.9274693 0.0630849 0.9289742 0.0630849 0.9289742 0.06301069 0.9274693 0.0630849 0.9274696 0.0630849 0.9289742 0.0630849 0.9274696 0.06315404 0.928975 0.06315404 0.928975 0.0630849 0.9274696 0.06315404 0.9274703 0.06315404 0.928975 0.06315404 0.9274703 0.06321346 0.9289762 0.06321346 0.9289762 0.06315404 0.9274703 0.06321346 0.9274716 0.1217837 0.9610078 0.1217837 0.9595029 0.121843 0.961007 0.121843 0.961007 0.1217837 0.9595029 0.121843 0.9595021 0.121843 0.961007 0.121843 0.9595021 0.1219121 0.9610064 0.1219121 0.9610064 0.121843 0.9595021 0.1219121 0.9595015 0.1219121 0.9610064 0.1219121 0.9595015 0.1219863 0.9610063 0.1219863 0.9610063 0.1219121 0.9595015 0.1219863 0.9595014 0.1219863 0.9610063 0.1219863 0.9595014 0.1220605 0.9610064 0.1220605 0.9610064 0.1219863 0.9595014 0.1220605 0.9595015 0.1220605 0.9610064 0.1220605 0.9595015 0.1221297 0.961007 0.1221297 0.961007 0.1220605 0.9595015 0.1221297 0.9595021 0.1221297 0.961007 0.1221297 0.9595021 0.1221892 0.9610078 0.1221892 0.9610078 0.1221297 0.9595021 0.1221892 0.9595029 0.06749039 0.9604158 0.06749039 0.9589113 0.06754976 0.9604147 0.06754976 0.9604147 0.06749039 0.9589113 0.06754976 0.95891 0.06754976 0.9604147 0.06754976 0.95891 0.06761896 0.9604138 0.06761896 0.9604138 0.06754976 0.95891 0.06761896 0.9589093 0.06761896 0.9604138 0.06761896 0.9589093 0.06769317 0.9604136 0.06769317 0.9604136 0.06761896 0.9589093 0.06769317 0.9589089 0.06769317 0.9604136 0.06769317 0.9589089 0.06776738 0.9604138 0.06776738 0.9604138 0.06769317 0.9589089 0.06776738 0.9589093 0.06776738 0.9604138 0.06776738 0.9589093 0.06783646 0.9604147 0.06783646 0.9604147 0.06776738 0.9589093 0.06783646 0.95891 0.06783646 0.9604147 0.06783646 0.95891 0.06789582 0.9604158 0.06789582 0.9604158 0.06783646 0.95891 0.06789582 0.9589113 0.06321364 0.9229494 0.06321364 0.9244543 0.0631541 0.9229504 0.0631541 0.9229504 0.06321364 0.9244543 0.0631541 0.9244553 0.0631541 0.9229504 0.0631541 0.9244553 0.0630849 0.9229509 0.0630849 0.9229509 0.0631541 0.9244553 0.0630849 0.9244558 0.0630849 0.9229509 0.0630849 0.9244558 0.06301069 0.9229511 0.06301069 0.9229511 0.0630849 0.9244558 0.06301069 0.924456 0.04994487 0.9424989 0.04994481 0.9436095 0.0498799 0.9424987 0.0498799 0.9424987 0.04994481 0.9436095 0.0498799 0.9436092 0.0498799 0.9424987 0.0498799 0.9436092 0.04981499 0.9424989 0.04981499 0.9424989 0.0498799 0.9436092 0.04981499 0.9436095 0.04981499 0.9424989 0.04981499 0.9436095 0.04975444 0.9424996 0.04975444 0.9424996 0.04981499 0.9436095 0.04975444 0.9436102 0.04975444 0.9424996 0.04975444 0.9436102 0.04970246 0.9425008 0.04970246 0.9425008 0.04975444 0.9436102 0.04970246 0.9436113 0.09065192 0.9519659 0.09065192 0.9530767 0.09059989 0.9519652 0.09059989 0.9519652 0.09065192 0.9530767 0.09059989 0.9530759 0.09059989 0.9519652 0.09059989 0.9530759 0.09053933 0.9519647 0.09053933 0.9519647 0.09059989 0.9530759 0.09053933 0.9530755 0.09053933 0.9519647 0.09053933 0.9530755 0.09047436 0.9519646 0.09047436 0.9519646 0.09053933 0.9530755 0.09047436 0.9530753 0.09047436 0.9519646 0.09047436 0.9530753 0.09040951 0.9519647 0.09040951 0.9519647 0.09047436 0.9530753 0.09040945 0.9530755 0.09040951 0.9519647 0.09040945 0.9530755 0.09034901 0.9519652 0.09034901 0.9519652 0.09040945 0.9530755 0.09034901 0.953076 0.09034901 0.9519652 0.09034901 0.953076 0.09029716 0.9519659 0.09029716 0.9519659 0.09034901 0.953076 0.09029716 0.9530767 0.09065192 0.9475206 0.09065192 0.9486312 0.09059995 0.9475196 0.09059995 0.9475196 0.09065192 0.9486312 0.09059995 0.94863 0.09059995 0.9475196 0.09059995 0.94863 0.09053945 0.9475188 0.09053945 0.9475188 0.09059995 0.94863 0.09053945 0.9486294 0.09053945 0.9475188 0.09053945 0.9486294 0.09047448 0.9475186 0.09047448 0.9475186 0.09053945 0.9486294 0.09047448 0.9486292 0.09047448 0.9475186 0.09047448 0.9486292 0.09040957 0.9475188 0.09040957 0.9475188 0.09047448 0.9486292 0.09040957 0.9486294 0.09040957 0.9475188 0.09040957 0.9486294 0.09034907 0.9475196 0.09034907 0.9475196 0.09040957 0.9486294 0.09034907 0.9486301 0.09034907 0.9475196 0.09034907 0.9486301 0.09029716 0.9475206 0.09029716 0.9475206 0.09034907 0.9486301 0.09029716 0.9486312 0.04970246 0.9536125 0.04970246 0.9525018 0.04975432 0.9536133 0.04975432 0.9536133 0.04970246 0.9525018 0.04975432 0.9525025 0.04975432 0.9536133 0.04975432 0.9525025 0.04981476 0.9536138 0.04981476 0.9536138 0.04975432 0.9525025 0.04981476 0.9525031 0.04981476 0.9536138 0.04981476 0.9525031 0.04987967 0.953614 0.04987967 0.953614 0.04981476 0.9525031 0.04987967 0.9525032 0.04987967 0.953614 0.04987967 0.9525032 0.04994463 0.9536138 0.04994463 0.9536138 0.04987967 0.9525032 0.04994463 0.9525031 0.04994463 0.9536138 0.04994463 0.9525031 0.05000519 0.9536133 0.05000519 0.9536133 0.04994463 0.9525031 0.05000519 0.9525026 0.05000519 0.9536133 0.05000519 0.9525026 0.05005723 0.9536126 0.05005723 0.9536126 0.05000519 0.9525026 0.05005723 0.9525018 0.05005723 0.9425008 0.05005723 0.9436113 0.05000531 0.9424996 0.05000531 0.9424996 0.05005723 0.9436113 0.05000531 0.9436102 0.05000531 0.9424996 0.05000531 0.9436102 0.04994487 0.9424989 0.04994487 0.9424989 0.05000531 0.9436102 0.04994481 0.9436095 0.04981499 0.94472 0.04981499 0.9436095 0.0498799 0.9447198 0.0498799 0.9447198 0.04981499 0.9436095 0.0498799 0.9436092 0.0498799 0.9447198 0.0498799 0.9436092 0.04994481 0.94472 0.04994481 0.94472 0.0498799 0.9436092 0.04994481 0.9436095 0.04994481 0.94472 0.04994481 0.9436095 0.05000531 0.9447208 0.05000531 0.9447208 0.04994481 0.9436095 0.05000531 0.9436102 0.05000531 0.9447208 0.05000531 0.9436102 0.05005723 0.9447218 0.05005723 0.9447218 0.05000531 0.9436102 0.05005723 0.9436113 0.05005723 0.9513911 0.05005723 0.9525018 0.05000519 0.9513918 0.05000519 0.9513918 0.05005723 0.9525018 0.05000519 0.9525026 0.05000519 0.9513918 0.05000519 0.9525026 0.04994463 0.9513923 0.04994463 0.9513923 0.05000519 0.9525026 0.04994463 0.9525031 0.04994463 0.9513923 0.04994463 0.9525031 0.04987967 0.9513924 0.04987967 0.9513924 0.04994463 0.9525031 0.04987967 0.9525032 0.04987967 0.9513924 0.04987967 0.9525032 0.04981476 0.9513923 0.04981476 0.9513923 0.04987967 0.9525032 0.04981476 0.9525031 0.04981476 0.9513923 0.04981476 0.9525031 0.04975432 0.9513918 0.04975432 0.9513918 0.04981476 0.9525031 0.04975432 0.9525025 0.04975432 0.9513918 0.04975432 0.9525025 0.04970246 0.951391 0.04970246 0.951391 0.04975432 0.9525025 0.04970246 0.9525018 0.09029716 0.9497416 0.09029716 0.9486312 0.09034907 0.9497405 0.09034907 0.9497405 0.09029716 0.9486312 0.09034907 0.9486301 0.09034907 0.9497405 0.09034907 0.9486301 0.09040957 0.9497398 0.09040957 0.9497398 0.09034907 0.9486301 0.09040957 0.9486294 0.09040957 0.9497398 0.09040957 0.9486294 0.09047448 0.9497396 0.09047448 0.9497396 0.09040957 0.9486294 0.09047448 0.9486292 0.09047448 0.9497396 0.09047448 0.9486292 0.09053945 0.9497398 0.09053945 0.9497398 0.09047448 0.9486292 0.09053945 0.9486294 0.09053945 0.9497398 0.09053945 0.9486294 0.09059995 0.9497405 0.09059995 0.9497405 0.09053945 0.9486294 0.09059995 0.94863 0.09059995 0.9497405 0.09059995 0.94863 0.09065192 0.9497416 0.09065192 0.9497416 0.09059995 0.94863 0.09065192 0.9486312 0.09029716 0.9541874 0.09029716 0.9530767 0.09034901 0.9541867 0.09034901 0.9541867 0.09029716 0.9530767 0.09034901 0.953076 0.09034901 0.9541867 0.09034901 0.953076 0.09040945 0.9541862 0.09040945 0.9541862 0.09034901 0.953076 0.09040945 0.9530755 0.09040945 0.9541862 0.09040945 0.9530755 0.09047436 0.9541861 0.09047436 0.9541861 0.09040945 0.9530755 0.09047436 0.9530753 0.09047436 0.9541861 0.09047436 0.9530753 0.09053933 0.9541862 0.09053933 0.9541862 0.09047436 0.9530753 0.09053933 0.9530755 0.09053933 0.9541862 0.09053933 0.9530755 0.09059989 0.9541867 0.09059989 0.9541867 0.09053933 0.9530755 0.09059989 0.9530759 0.09059989 0.9541867 0.09059989 0.9530759 0.09065192 0.9541874 0.09065192 0.9541874 0.09059989 0.9530759 0.09065192 0.9530767 0.04970246 0.9447218 0.04970246 0.9436113 0.04975444 0.9447208 0.04975444 0.9447208 0.04970246 0.9436113 0.04975444 0.9436102 0.04975444 0.9447208 0.04975444 0.9436102 0.04981499 0.94472 0.04981499 0.94472 0.04975444 0.9436102 0.04981499 0.9436095 0.09053957 0.9408496 0.09053957 0.9419601 0.09047466 0.9408493 0.09047466 0.9408493 0.09053957 0.9419601 0.09047466 0.9419599 0.09047466 0.9408493 0.09047466 0.9419599 0.09040969 0.9408496 0.09040969 0.9408496 0.09047466 0.9419599 0.09040969 0.9419601 0.09040969 0.9408496 0.09040969 0.9419601 0.09034919 0.9408503 0.09034919 0.9408503 0.09040969 0.9419601 0.09034919 0.9419608 0.09034919 0.9408503 0.09034919 0.9419608 0.09029716 0.9408513 0.09029716 0.9408513 0.09034919 0.9419608 0.09029716 0.9419619 0.04546415 0.952547 0.04546415 0.9536578 0.04541206 0.9525462 0.04541206 0.9525462 0.04546415 0.9536578 0.04541206 0.953657 0.04541206 0.9525462 0.04541206 0.953657 0.0453515 0.9525458 0.0453515 0.9525458 0.04541206 0.953657 0.0453515 0.9536566 0.0453515 0.9525458 0.0453515 0.9536566 0.04528659 0.9525457 0.04528659 0.9525457 0.0453515 0.9536566 0.04528659 0.9536563 0.04528659 0.9525457 0.04528659 0.9536563 0.04522168 0.9525458 0.04522168 0.9525458 0.04528659 0.9536563 0.04522168 0.9536566 0.04522168 0.9525458 0.04522168 0.9536566 0.04516124 0.9525462 0.04516124 0.9525462 0.04522168 0.9536566 0.04516124 0.953657 0.04516124 0.9525462 0.04516124 0.953657 0.04510939 0.952547 0.04510939 0.952547 0.04516124 0.953657 0.04510939 0.9536578 0.09065192 0.9430745 0.09065192 0.944185 0.09059995 0.9430734 0.09059995 0.9430734 0.09065192 0.944185 0.09059995 0.9441838 0.09059995 0.9430734 0.09059995 0.9441838 0.09053945 0.9430727 0.09053945 0.9430727 0.09059995 0.9441838 0.09053945 0.9441832 0.09053945 0.9430727 0.09053945 0.9441832 0.09047448 0.9430724 0.09047448 0.9430724 0.09053945 0.9441832 0.09047448 0.944183 0.09047448 0.9430724 0.09047448 0.944183 0.09040957 0.9430727 0.09040957 0.9430727 0.09047448 0.944183 0.09040957 0.9441832 0.09040957 0.9430727 0.09040957 0.9441832 0.09034913 0.9430734 0.09034913 0.9430734 0.09040957 0.9441832 0.09034913 0.9441838 0.09034913 0.9430734 0.09034913 0.9441838 0.09029716 0.9430745 0.09029716 0.9430745 0.09034913 0.9441838 0.09029716 0.944185 0.07938218 0.9540324 0.07938218 0.9529216 0.07943403 0.9540331 0.07943403 0.9540331 0.07938218 0.9529216 0.07943403 0.9529224 0.07943403 0.9540331 0.07943403 0.9529224 0.07949447 0.9540336 0.07949447 0.9540336 0.07943403 0.9529224 0.07949447 0.9529229 0.07949447 0.9540336 0.07949447 0.9529229 0.07955938 0.9540339 0.07955938 0.9540339 0.07949447 0.9529229 0.07955938 0.9529231 0.07955938 0.9540339 0.07955938 0.9529231 0.07962435 0.9540336 0.07962435 0.9540336 0.07955938 0.9529231 0.07962435 0.9529229 0.07962435 0.9540336 0.07962435 0.9529229 0.07968491 0.9540331 0.07968491 0.9540331 0.07962435 0.9529229 0.07968491 0.9529225 0.07968491 0.9540331 0.07968491 0.9529225 0.07973694 0.9540324 0.07973694 0.9540324 0.07968491 0.9529225 0.07973694 0.9529216 0.09065192 0.9408515 0.09065192 0.9419619 0.09060001 0.9408503 0.09060001 0.9408503 0.09065192 0.9419619 0.09060001 0.9419608 0.09060001 0.9408503 0.09060001 0.9419608 0.09053957 0.9408496 0.09053957 0.9408496 0.09060001 0.9419608 0.09053957 0.9419601 0.09040969 0.9430707 0.09040969 0.9419601 0.09047466 0.9430704 0.09047466 0.9430704 0.09040969 0.9419601 0.09047466 0.9419599 0.09047466 0.9430704 0.09047466 0.9419599 0.09053957 0.9430707 0.09053957 0.9430707 0.09047466 0.9419599 0.09053957 0.9419601 0.09053957 0.9430707 0.09053957 0.9419601 0.09060001 0.9430714 0.09060001 0.9430714 0.09053957 0.9419601 0.09060001 0.9419608 0.09060001 0.9430714 0.09060001 0.9419608 0.09065192 0.9430724 0.09065192 0.9430724 0.09060001 0.9419608 0.09065192 0.9419619 0.07973694 0.951811 0.07973694 0.9529216 0.07968491 0.9518117 0.07968491 0.9518117 0.07973694 0.9529216 0.07968491 0.9529225 0.07968491 0.9518117 0.07968491 0.9529225 0.07962435 0.9518122 0.07962435 0.9518122 0.07968491 0.9529225 0.07962435 0.9529229 0.07962435 0.9518122 0.07962435 0.9529229 0.07955938 0.9518124 0.07955938 0.9518124 0.07962435 0.9529229 0.07955938 0.9529231 0.07955938 0.9518124 0.07955938 0.9529231 0.07949447 0.9518122 0.07949447 0.9518122 0.07955938 0.9529231 0.07949447 0.9529229 0.07949447 0.9518122 0.07949447 0.9529229 0.07943403 0.9518117 0.07943403 0.9518117 0.07949447 0.9529229 0.07943403 0.9529224 0.07943403 0.9518117 0.07943403 0.9529224 0.07938218 0.9518108 0.07938218 0.9518108 0.07943403 0.9529224 0.07938218 0.9529216 0.09029716 0.9452955 0.09029716 0.944185 0.09034913 0.9452944 0.09034913 0.9452944 0.09029716 0.944185 0.09034913 0.9441838 0.09034913 0.9452944 0.09034913 0.9441838 0.09040957 0.9452937 0.09040957 0.9452937 0.09034913 0.9441838 0.09040957 0.9441832 0.09040957 0.9452937 0.09040957 0.9441832 0.09047448 0.9452934 0.09047448 0.9452934 0.09040957 0.9441832 0.09047448 0.944183 0.09047448 0.9452934 0.09047448 0.944183 0.09053945 0.9452937 0.09053945 0.9452937 0.09047448 0.944183 0.09053945 0.9441832 0.09053945 0.9452937 0.09053945 0.9441832 0.09059995 0.9452944 0.09059995 0.9452944 0.09053945 0.9441832 0.09059995 0.9441838 0.09059995 0.9452944 0.09059995 0.9441838 0.09065192 0.9452955 0.09065192 0.9452955 0.09059995 0.9441838 0.09065192 0.944185 0.04510939 0.9547685 0.04510939 0.9536578 0.04516124 0.9547677 0.04516124 0.9547677 0.04510939 0.9536578 0.04516124 0.953657 0.04516124 0.9547677 0.04516124 0.953657 0.04522168 0.9547672 0.04522168 0.9547672 0.04516124 0.953657 0.04522168 0.9536566 0.04522168 0.9547672 0.04522168 0.9536566 0.04528659 0.9547671 0.04528659 0.9547671 0.04522168 0.9536566 0.04528659 0.9536563 0.04528659 0.9547671 0.04528659 0.9536563 0.0453515 0.9547672 0.0453515 0.9547672 0.04528659 0.9536563 0.0453515 0.9536566 0.0453515 0.9547672 0.0453515 0.9536566 0.04541206 0.9547677 0.04541206 0.9547677 0.0453515 0.9536566 0.04541206 0.953657 0.04541206 0.9547677 0.04541206 0.953657 0.04546415 0.9547684 0.04546415 0.9547684 0.04541206 0.953657 0.04546415 0.9536578 0.09029716 0.9430724 0.09029716 0.9419619 0.09034919 0.9430714 0.09034919 0.9430714 0.09029716 0.9419619 0.09034919 0.9419608 0.09034919 0.9430714 0.09034919 0.9419608 0.09040969 0.9430707 0.09040969 0.9430707 0.09034919 0.9419608 0.09040969 0.9419601 0.09053957 0.9452957 0.09053957 0.9464063 0.09047466 0.9452955 0.09047466 0.9452955 0.09053957 0.9464063 0.09047466 0.946406 0.09047466 0.9452955 0.09047466 0.946406 0.09040969 0.9452957 0.09040969 0.9452957 0.09047466 0.946406 0.09040969 0.9464063 0.09040969 0.9452957 0.09040969 0.9464063 0.09034919 0.9452964 0.09034919 0.9452964 0.09040969 0.9464063 0.09034919 0.946407 0.09034919 0.9452964 0.09034919 0.946407 0.09029716 0.9452975 0.09029716 0.9452975 0.09034919 0.946407 0.09029716 0.946408 0.1069853 0.9530526 0.1069853 0.9541634 0.1069332 0.9530519 0.1069332 0.9530519 0.1069853 0.9541634 0.1069332 0.9541627 0.1069332 0.9530519 0.1069332 0.9541627 0.1068727 0.9530515 0.1068727 0.9530515 0.1069332 0.9541627 0.1068727 0.9541622 0.1068727 0.9530515 0.1068727 0.9541622 0.1068078 0.9530513 0.1068078 0.9530513 0.1068727 0.9541622 0.1068078 0.954162 0.1068078 0.9530513 0.1068078 0.954162 0.1067429 0.9530515 0.1067429 0.9530515 0.1068078 0.954162 0.1067429 0.9541622 0.1067429 0.9530515 0.1067429 0.9541622 0.1066824 0.9530519 0.1066824 0.9530519 0.1067429 0.9541622 0.1066824 0.9541627 0.1066824 0.9530519 0.1066824 0.9541627 0.1066306 0.9530526 0.1066306 0.9530526 0.1066824 0.9541627 0.1066306 0.9541634 0.05005723 0.94917 0.05005723 0.9502806 0.05000525 0.9491689 0.05000525 0.9491689 0.05005723 0.9502806 0.05000525 0.9502795 0.05000525 0.9491689 0.05000525 0.9502795 0.04994475 0.9491682 0.04994475 0.9491682 0.05000525 0.9502795 0.04994475 0.9502788 0.04994475 0.9491682 0.04994475 0.9502788 0.04987978 0.949168 0.04987978 0.949168 0.04994475 0.9502788 0.04987978 0.9502785 0.04987978 0.949168 0.04987978 0.9502785 0.04981487 0.9491682 0.04981487 0.9491682 0.04987978 0.9502785 0.04981487 0.9502788 0.04981487 0.9491682 0.04981487 0.9502788 0.04975438 0.9491689 0.04975438 0.9491689 0.04981487 0.9502788 0.04975438 0.9502795 0.04975438 0.9491689 0.04975438 0.9502795 0.04970246 0.94917 0.04970246 0.94917 0.04975438 0.9502795 0.04970246 0.9502806 0.07938218 0.9518094 0.07938218 0.9506987 0.07943403 0.9518103 0.07943403 0.9518103 0.07938218 0.9506987 0.07943403 0.9506995 0.07943403 0.9518103 0.07943403 0.9506995 0.07949447 0.9518107 0.07949447 0.9518107 0.07943403 0.9506995 0.07949447 0.9506999 0.07949447 0.9518107 0.07949447 0.9506999 0.07955938 0.9518108 0.07955938 0.9518108 0.07949447 0.9506999 0.07955938 0.9507002 0.07955938 0.9518108 0.07955938 0.9507002 0.07962435 0.9518107 0.07962435 0.9518107 0.07955938 0.9507002 0.07962435 0.9507001 0.07962435 0.9518107 0.07962435 0.9507001 0.07968491 0.9518103 0.07968491 0.9518103 0.07962435 0.9507001 0.07968491 0.9506995 0.07968491 0.9518103 0.07968491 0.9506995 0.07973694 0.9518095 0.07973694 0.9518095 0.07968491 0.9506995 0.07973694 0.9506987 0.09065192 0.9452976 0.09065192 0.946408 0.09060001 0.9452964 0.09060001 0.9452964 0.09065192 0.946408 0.09060001 0.946407 0.09060001 0.9452964 0.09060001 0.946407 0.09053957 0.9452957 0.09053957 0.9452957 0.09060001 0.946407 0.09053957 0.9464063 0.09040969 0.9475168 0.09040969 0.9464063 0.09047466 0.9475166 0.09047466 0.9475166 0.09040969 0.9464063 0.09047466 0.946406 0.09047466 0.9475166 0.09047466 0.946406 0.09053957 0.9475168 0.09053957 0.9475168 0.09047466 0.946406 0.09053957 0.9464063 0.09053957 0.9475168 0.09053957 0.9464063 0.09060001 0.9475175 0.09060001 0.9475175 0.09053957 0.9464063 0.09060001 0.946407 0.09060001 0.9475175 0.09060001 0.946407 0.09065192 0.9475186 0.09065192 0.9475186 0.09060001 0.946407 0.09065192 0.946408 0.07973694 0.949588 0.07973694 0.9506987 0.07968491 0.9495888 0.07968491 0.9495888 0.07973694 0.9506987 0.07968491 0.9506995 0.07968491 0.9495888 0.07968491 0.9506995 0.07962435 0.9495893 0.07962435 0.9495893 0.07968491 0.9506995 0.07962435 0.9507001 0.07962435 0.9495893 0.07962435 0.9507001 0.07955938 0.9495894 0.07955938 0.9495894 0.07962435 0.9507001 0.07955938 0.9507002 0.07955938 0.9495894 0.07955938 0.9507002 0.07949447 0.9495893 0.07949447 0.9495893 0.07955938 0.9507002 0.07949447 0.9506999 0.07949447 0.9495893 0.07949447 0.9506999 0.07943403 0.9495888 0.07943403 0.9495888 0.07949447 0.9506999 0.07943403 0.9506995 0.07943403 0.9495888 0.07943403 0.9506995 0.07938218 0.949588 0.07938218 0.949588 0.07943403 0.9506995 0.07938218 0.9506987 0.04970246 0.9513911 0.04970246 0.9502806 0.04975438 0.9513899 0.04975438 0.9513899 0.04970246 0.9502806 0.04975438 0.9502795 0.04975438 0.9513899 0.04975438 0.9502795 0.04981487 0.9513892 0.04981487 0.9513892 0.04975438 0.9502795 0.04981487 0.9502788 0.04981487 0.9513892 0.04981487 0.9502788 0.04987978 0.951389 0.04987978 0.951389 0.04981487 0.9502788 0.04987978 0.9502785 0.04987978 0.951389 0.04987978 0.9502785 0.04994475 0.9513892 0.04994475 0.9513892 0.04987978 0.9502785 0.04994475 0.9502788 0.04994475 0.9513892 0.04994475 0.9502788 0.05000525 0.9513899 0.05000525 0.9513899 0.04994475 0.9502788 0.05000525 0.9502795 0.05000525 0.9513899 0.05000525 0.9502795 0.05005723 0.951391 0.05005723 0.951391 0.05000525 0.9502795 0.05005723 0.9502806 0.1066306 0.9552742 0.1066306 0.9541634 0.1066824 0.9552734 0.1066824 0.9552734 0.1066306 0.9541634 0.1066824 0.9541627 0.1066824 0.9552734 0.1066824 0.9541627 0.1067429 0.9552729 0.1067429 0.9552729 0.1066824 0.9541627 0.1067429 0.9541622 0.1067429 0.9552729 0.1067429 0.9541622 0.1068078 0.9552728 0.1068078 0.9552728 0.1067429 0.9541622 0.1068078 0.954162 0.1068078 0.9552728 0.1068078 0.954162 0.1068727 0.9552729 0.1068727 0.9552729 0.1068078 0.954162 0.1068727 0.9541622 0.1068727 0.9552729 0.1068727 0.9541622 0.1069332 0.9552734 0.1069332 0.9552734 0.1068727 0.9541622 0.1069332 0.9541627 0.1069332 0.9552734 0.1069332 0.9541627 0.1069853 0.9552741 0.1069853 0.9552741 0.1069332 0.9541627 0.1069853 0.9541634 0.09029716 0.9475186 0.09029716 0.946408 0.09034919 0.9475175 0.09034919 0.9475175 0.09029716 0.946408 0.09034919 0.946407 0.09034919 0.9475175 0.09034919 0.946407 0.09040969 0.9475168 0.09040969 0.9475168 0.09034919 0.946407 0.09040969 0.9464063 0.04994481 0.9469451 0.04994481 0.9480556 0.0498799 0.946945 0.0498799 0.946945 0.04994481 0.9480556 0.0498799 0.9480554 0.0498799 0.946945 0.0498799 0.9480554 0.04981499 0.9469451 0.04981499 0.9469451 0.0498799 0.9480554 0.04981499 0.9480556 0.04981499 0.9469451 0.04981499 0.9480556 0.04975444 0.9469458 0.04975444 0.9469458 0.04981499 0.9480556 0.04975444 0.9480563 0.04975444 0.9469458 0.04975444 0.9480563 0.04970246 0.946947 0.04970246 0.946947 0.04975444 0.9480563 0.04970246 0.9480574 0.04546409 0.9503241 0.04546415 0.9514349 0.04541206 0.9503234 0.04541206 0.9503234 0.04546415 0.9514349 0.04541206 0.9514341 0.04541206 0.9503234 0.04541206 0.9514341 0.0453515 0.9503229 0.0453515 0.9503229 0.04541206 0.9514341 0.0453515 0.9514337 0.0453515 0.9503229 0.0453515 0.9514337 0.04528659 0.9503228 0.04528659 0.9503228 0.0453515 0.9514337 0.04528659 0.9514335 0.04528659 0.9503228 0.04528659 0.9514335 0.04522168 0.9503229 0.04522168 0.9503229 0.04528659 0.9514335 0.04522168 0.9514337 0.04522168 0.9503229 0.04522168 0.9514337 0.04516124 0.9503234 0.04516124 0.9503234 0.04522168 0.9514337 0.04516124 0.9514341 0.04516124 0.9503234 0.04516124 0.9514341 0.04510939 0.9503241 0.04510939 0.9503241 0.04516124 0.9514341 0.04510939 0.9514349 0.05005723 0.9447239 0.05005723 0.9458344 0.05000525 0.9447228 0.05000525 0.9447228 0.05005723 0.9458344 0.05000525 0.9458332 0.05000525 0.9447228 0.05000525 0.9458332 0.04994475 0.9447221 0.04994475 0.9447221 0.05000525 0.9458332 0.04994475 0.9458326 0.04994475 0.9447221 0.04994475 0.9458326 0.04987978 0.9447218 0.04987978 0.9447218 0.04994475 0.9458326 0.04987984 0.9458324 0.04987978 0.9447218 0.04987984 0.9458324 0.04981487 0.9447221 0.04981487 0.9447221 0.04987984 0.9458324 0.04981487 0.9458326 0.04981487 0.9447221 0.04981487 0.9458326 0.04975438 0.9447228 0.04975438 0.9447228 0.04981487 0.9458326 0.04975438 0.9458332 0.04975438 0.9447228 0.04975438 0.9458332 0.04970246 0.9447239 0.04970246 0.9447239 0.04975438 0.9458332 0.04970246 0.9458344 0.09029716 0.9519631 0.09029716 0.9508524 0.09034901 0.9519639 0.09034901 0.9519639 0.09029716 0.9508524 0.09034901 0.9508531 0.09034901 0.9519639 0.09034901 0.9508531 0.09040945 0.9519644 0.09040945 0.9519644 0.09034901 0.9508531 0.09040945 0.9508536 0.09040945 0.9519644 0.09040945 0.9508536 0.09047436 0.9519645 0.09047436 0.9519645 0.09040945 0.9508536 0.09047436 0.9508538 0.09047436 0.9519645 0.09047436 0.9508538 0.09053933 0.9519644 0.09053933 0.9519644 0.09047436 0.9508538 0.09053933 0.9508536 0.09053933 0.9519644 0.09053933 0.9508536 0.09059989 0.9519639 0.09059989 0.9519639 0.09053933 0.9508536 0.09059989 0.9508531 0.09059989 0.9519639 0.09059989 0.9508531 0.09065192 0.9519631 0.09065192 0.9519631 0.09059989 0.9508531 0.09065192 0.9508524 0.05005723 0.946947 0.05005723 0.9480574 0.05000531 0.9469458 0.05000531 0.9469458 0.05005723 0.9480574 0.05000531 0.9480563 0.05000531 0.9469458 0.05000531 0.9480563 0.04994481 0.9469451 0.04994481 0.9469451 0.05000531 0.9480563 0.04994481 0.9480556 0.04981499 0.9491662 0.04981499 0.9480556 0.0498799 0.9491659 0.0498799 0.9491659 0.04981499 0.9480556 0.0498799 0.9480554 0.0498799 0.9491659 0.0498799 0.9480554 0.04994481 0.9491662 0.04994481 0.9491662 0.0498799 0.9480554 0.04994481 0.9480556 0.04994481 0.9491662 0.04994481 0.9480556 0.05000531 0.9491669 0.05000531 0.9491669 0.04994481 0.9480556 0.05000531 0.9480563 0.05000531 0.9491669 0.05000531 0.9480563 0.05005723 0.949168 0.05005723 0.949168 0.05000531 0.9480563 0.05005723 0.9480574 0.09065192 0.9497416 0.09065192 0.9508524 0.09059989 0.9497424 0.09059989 0.9497424 0.09065192 0.9508524 0.09059989 0.9508531 0.09059989 0.9497424 0.09059989 0.9508531 0.09053933 0.9497429 0.09053933 0.9497429 0.09059989 0.9508531 0.09053933 0.9508536 0.09053933 0.9497429 0.09053933 0.9508536 0.09047436 0.949743 0.09047436 0.949743 0.09053933 0.9508536 0.09047436 0.9508538 0.09047436 0.949743 0.09047436 0.9508538 0.09040945 0.9497429 0.09040945 0.9497429 0.09047436 0.9508538 0.09040945 0.9508536 0.09040945 0.9497429 0.09040945 0.9508536 0.09034901 0.9497424 0.09034901 0.9497424 0.09040945 0.9508536 0.09034901 0.9508531 0.09034901 0.9497424 0.09034901 0.9508531 0.09029716 0.9497416 0.09029716 0.9497416 0.09034901 0.9508531 0.09029716 0.9508524 0.04970246 0.9469448 0.04970246 0.9458344 0.04975438 0.9469438 0.04975438 0.9469438 0.04970246 0.9458344 0.04975438 0.9458332 0.04975438 0.9469438 0.04975438 0.9458332 0.04981487 0.9469431 0.04981487 0.9469431 0.04975438 0.9458332 0.04981487 0.9458326 0.04981487 0.9469431 0.04981487 0.9458326 0.04987978 0.9469428 0.04987978 0.9469428 0.04981487 0.9458326 0.04987984 0.9458324 0.04987978 0.9469428 0.04987984 0.9458324 0.04994475 0.9469431 0.04994475 0.9469431 0.04987984 0.9458324 0.04994475 0.9458326 0.04994475 0.9469431 0.04994475 0.9458326 0.05000525 0.9469438 0.05000525 0.9469438 0.04994475 0.9458326 0.05000525 0.9458332 0.05000525 0.9469438 0.05000525 0.9458332 0.05005723 0.9469448 0.05005723 0.9469448 0.05000525 0.9458332 0.05005723 0.9458344 0.04510939 0.9525457 0.04510939 0.9514349 0.04516124 0.9525449 0.04516124 0.9525449 0.04510939 0.9514349 0.04516124 0.9514341 0.04516124 0.9525449 0.04516124 0.9514341 0.04522168 0.9525445 0.04522168 0.9525445 0.04516124 0.9514341 0.04522168 0.9514337 0.04522168 0.9525445 0.04522168 0.9514337 0.04528659 0.9525442 0.04528659 0.9525442 0.04522168 0.9514337 0.04528659 0.9514335 0.04528659 0.9525442 0.04528659 0.9514335 0.0453515 0.9525445 0.0453515 0.9525445 0.04528659 0.9514335 0.0453515 0.9514337 0.0453515 0.9525445 0.0453515 0.9514337 0.04541206 0.9525448 0.04541206 0.9525448 0.0453515 0.9514337 0.04541206 0.9514341 0.04541206 0.9525448 0.04541206 0.9514341 0.04546415 0.9525457 0.04546415 0.9525457 0.04541206 0.9514341 0.04546415 0.9514349 0.04970246 0.949168 0.04970246 0.9480574 0.04975444 0.9491669 0.04975444 0.9491669 0.04970246 0.9480574 0.04975444 0.9480563 0.04975444 0.9491669 0.04975444 0.9480563 0.04981499 0.9491662 0.04981499 0.9491662 0.04975444 0.9480563 0.04981499 0.9480556 0.1008765 0.950811 0.1008765 0.9490557 0.1009877 0.9508106 0.1009877 0.9508106 0.1008765 0.9490557 0.1009877 0.9490553 0.1009877 0.9508106 0.1009877 0.9490553 0.1010991 0.950811 0.1010991 0.950811 0.1009877 0.9490553 0.1010991 0.9490557 0.1010991 0.950811 0.1010991 0.9490557 0.1012029 0.9508122 0.1012029 0.9508122 0.1010991 0.9490557 0.1012029 0.9490569 0.1012029 0.9508122 0.1012029 0.9490569 0.101292 0.9508141 0.101292 0.9508141 0.1012029 0.9490569 0.101292 0.9490588 0.06188762 0.9642543 0.06188762 0.9624986 0.06197655 0.964253 0.06197655 0.964253 0.06188762 0.9624986 0.06197655 0.9624972 0.06197655 0.964253 0.06197655 0.9624972 0.06208014 0.9642521 0.06208014 0.9642521 0.06197655 0.9624972 0.06208014 0.9624964 0.06208014 0.9642521 0.06208014 0.9624964 0.06219142 0.9642519 0.06219142 0.9642519 0.06208014 0.9624964 0.06219142 0.9624962 0.06219142 0.9642519 0.06219142 0.9624962 0.06230276 0.9642521 0.06230276 0.9642521 0.06219142 0.9624962 0.06230276 0.9624964 0.06230276 0.9642521 0.06230276 0.9624964 0.06240659 0.964253 0.06240659 0.964253 0.06230276 0.9624964 0.06240659 0.9624972 0.06240659 0.964253 0.06240659 0.9624972 0.06249582 0.9642543 0.06249582 0.9642543 0.06240659 0.9624972 0.06249582 0.9624986 0.1247662 0.9571043 0.1247662 0.955349 0.1248554 0.9571024 0.1248554 0.9571024 0.1247662 0.955349 0.1248554 0.9553471 0.1248554 0.9571024 0.1248554 0.9553471 0.1249592 0.9571012 0.1249592 0.9571012 0.1248554 0.9553471 0.1249592 0.9553459 0.1249592 0.9571012 0.1249592 0.9553459 0.1250705 0.9571009 0.1250705 0.9571009 0.1249592 0.9553459 0.1250705 0.9553455 0.1250705 0.9571009 0.1250705 0.9553455 0.1251818 0.9571012 0.1251818 0.9571012 0.1250705 0.9553455 0.1251818 0.9553459 0.1251818 0.9571012 0.1251818 0.9553459 0.1252855 0.9571024 0.1252855 0.9571024 0.1251818 0.9553459 0.1252855 0.9553471 0.1252855 0.9571024 0.1252855 0.9553471 0.1253744 0.9571043 0.1253744 0.9571043 0.1252855 0.9553471 0.1253744 0.955349 0.09711772 0.9602771 0.09711772 0.9620327 0.09702849 0.9602784 0.09702849 0.9602784 0.09711772 0.9620327 0.09702849 0.962034 0.09702849 0.9602784 0.09702849 0.962034 0.09692466 0.9602792 0.09692466 0.9602792 0.09702849 0.962034 0.09692466 0.9620348 0.09692466 0.9602792 0.09692466 0.9620348 0.09681332 0.9602795 0.09681332 0.9602795 0.09692466 0.9620348 0.09681332 0.9620352 0.09681332 0.9602795 0.09681332 0.9620352 0.09670203 0.9602791 0.09670203 0.9602791 0.09681332 0.9620352 0.09670203 0.9620348 0.09670203 0.9602791 0.09670203 0.9620348 0.09659844 0.9602783 0.09659844 0.9602783 0.09670203 0.9620348 0.09659844 0.962034 0.09659844 0.9602783 0.09659844 0.962034 0.09650957 0.960277 0.09650957 0.960277 0.09659844 0.962034 0.09650957 0.9620327 0.1006838 0.9508141 0.1006838 0.9490588 0.1007728 0.9508122 0.1007728 0.9508122 0.1006838 0.9490588 0.1007728 0.9490569 0.1007728 0.9508122 0.1007728 0.9490569 0.1008765 0.950811 0.1008765 0.950811 0.1007728 0.9490569 0.1008765 0.9490557 0.1010991 0.9473003 0.1010991 0.9490557 0.1009877 0.9473 0.1009877 0.9473 0.1010991 0.9490557 0.1009877 0.9490553 0.1009877 0.9473 0.1009877 0.9490553 0.1008765 0.9473003 0.1008765 0.9473003 0.1009877 0.9490553 0.1008765 0.9490557 0.1008765 0.9473003 0.1008765 0.9490557 0.1007728 0.9473015 0.1007728 0.9473015 0.1008765 0.9490557 0.1007728 0.9490569 0.1007728 0.9473015 0.1007728 0.9490569 0.1006838 0.9473034 0.1006838 0.9473034 0.1007728 0.9490569 0.1006838 0.9490588 0.09650957 0.9637884 0.09650957 0.9620327 0.09659844 0.9637897 0.09659844 0.9637897 0.09650957 0.9620327 0.09659844 0.962034 0.09659844 0.9637897 0.09659844 0.962034 0.09670203 0.9637905 0.09670203 0.9637905 0.09659844 0.962034 0.09670203 0.9620348 0.09670203 0.9637905 0.09670203 0.9620348 0.09681332 0.9637908 0.09681332 0.9637908 0.09670203 0.9620348 0.09681332 0.9620352 0.09681332 0.9637908 0.09681332 0.9620352 0.09692466 0.9637905 0.09692466 0.9637905 0.09681332 0.9620352 0.09692466 0.9620348 0.09692466 0.9637905 0.09692466 0.9620348 0.09702849 0.9637897 0.09702849 0.9637897 0.09692466 0.9620348 0.09702849 0.962034 0.09702849 0.9637897 0.09702849 0.962034 0.09711772 0.9637884 0.09711772 0.9637884 0.09702849 0.962034 0.09711772 0.9620327 0.1253744 0.9535936 0.1253744 0.955349 0.1252855 0.9535917 0.1252855 0.9535917 0.1253744 0.955349 0.1252855 0.9553471 0.1252855 0.9535917 0.1252855 0.9553471 0.1251818 0.9535905 0.1251818 0.9535905 0.1252855 0.9553471 0.1251818 0.9553459 0.1251818 0.9535905 0.1251818 0.9553459 0.1250705 0.9535902 0.1250705 0.9535902 0.1251818 0.9553459 0.1250705 0.9553455 0.1250705 0.9535902 0.1250705 0.9553455 0.1249592 0.9535905 0.1249592 0.9535905 0.1250705 0.9553455 0.1249592 0.9553459 0.1249592 0.9535905 0.1249592 0.9553459 0.1248554 0.9535917 0.1248554 0.9535917 0.1249592 0.9553459 0.1248554 0.9553471 0.1248554 0.9535917 0.1248554 0.9553471 0.1247662 0.9535936 0.1247662 0.9535936 0.1248554 0.9553471 0.1247662 0.955349 0.06249582 0.9607428 0.06249582 0.9624986 0.06240659 0.9607415 0.06240659 0.9607415 0.06249582 0.9624986 0.06240659 0.9624972 0.06240659 0.9607415 0.06240659 0.9624972 0.06230276 0.9607407 0.06230276 0.9607407 0.06240659 0.9624972 0.06230276 0.9624964 0.06230276 0.9607407 0.06230276 0.9624964 0.06219142 0.9607405 0.06219142 0.9607405 0.06230276 0.9624964 0.06219142 0.9624962 0.06219142 0.9607405 0.06219142 0.9624962 0.06208014 0.9607407 0.06208014 0.9607407 0.06219142 0.9624962 0.06208014 0.9624964 0.06208014 0.9607407 0.06208014 0.9624964 0.06197655 0.9607415 0.06197655 0.9607415 0.06208014 0.9624964 0.06197655 0.9624972 0.06197655 0.9607415 0.06197655 0.9624972 0.06188762 0.9607428 0.06188762 0.9607428 0.06197655 0.9624972 0.06188762 0.9624986 0.101292 0.9473034 0.101292 0.9490588 0.1012029 0.9473015 0.1012029 0.9473015 0.101292 0.9490588 0.1012029 0.9490569 0.1012029 0.9473015 0.1012029 0.9490569 0.1010991 0.9473003 0.1010991 0.9473003 0.1012029 0.9490569 0.1010991 0.9490557 0.1243016 0.9464148 0.1243016 0.951861 0.1231502 0.9464109 0.1231502 0.9464109 0.1243016 0.951861 0.1231502 0.9518571 0.1231502 0.9464109 0.1231502 0.9518571 0.1220881 0.9464017 0.1220881 0.9464017 0.1231502 0.9518571 0.1220881 0.9518479 0.1220881 0.9464017 0.1220881 0.9518479 0.1211825 0.9463879 0.1211825 0.9463879 0.1220881 0.9518479 0.1211825 0.9518341 0.07351994 0.9567894 0.06807482 0.9567894 0.07350087 0.9558426 0.07350087 0.9558426 0.06807482 0.9567894 0.06805574 0.9558426 0.07350087 0.9558426 0.06805574 0.9558426 0.07348889 0.954754 0.07348889 0.954754 0.06805574 0.9558426 0.06804382 0.954754 0.07348889 0.954754 0.06804382 0.954754 0.07348489 0.9535922 0.07348489 0.9535922 0.06804382 0.954754 0.06803977 0.9535922 0.07348489 0.9535922 0.06803977 0.9535922 0.07348901 0.9524309 0.07348901 0.9524309 0.06803977 0.9535922 0.06804388 0.9524309 0.07348901 0.9524309 0.06804388 0.9524309 0.07350099 0.9513431 0.07350099 0.9513431 0.06804388 0.9524309 0.06805586 0.9513431 0.07350099 0.9513431 0.06805586 0.9513431 0.07352012 0.9503976 0.07352012 0.9503976 0.06805586 0.9513431 0.06807506 0.9503976 0.04550147 0.9575265 0.04550147 0.9520803 0.04640722 0.957512 0.04640722 0.957512 0.04550147 0.9520803 0.04640722 0.9520658 0.04640722 0.957512 0.04640722 0.9520658 0.04746943 0.9575025 0.04746943 0.9575025 0.04640722 0.9520658 0.04746943 0.9520563 0.04746943 0.9575025 0.04746943 0.9520563 0.04862087 0.9574983 0.04862087 0.9574983 0.04746943 0.9520563 0.04862087 0.9520521 0.1024941 0.9576085 0.1028524 0.9576085 0.1024941 0.9579331 0.1024941 0.9579331 0.1028524 0.9576085 0.1028524 0.9579331 0.1024941 0.9579331 0.1028524 0.9579331 0.1024941 0.9582577 0.1024941 0.9582577 0.1028524 0.9579331 0.1028524 0.9582577 0.1024941 0.9582577 0.1028524 0.9582577 0.1024941 0.9585602 0.1024941 0.9585602 0.1028524 0.9582577 0.1028524 0.9585602 0.1024941 0.9585602 0.1028524 0.9585602 0.1024941 0.95882 0.1024941 0.95882 0.1028524 0.9585602 0.1028524 0.95882 0.1112974 0.9530513 0.1116557 0.9530513 0.1112976 0.9533055 0.1112976 0.9533055 0.1116557 0.9530513 0.1116559 0.9533055 0.1112976 0.9533055 0.1116559 0.9533055 0.1112977 0.9536044 0.1112977 0.9536044 0.1116559 0.9533055 0.111656 0.9536044 0.1112977 0.9536044 0.111656 0.9536044 0.1112977 0.9539276 0.1112977 0.9539276 0.111656 0.9536044 0.1116561 0.9539278 0.1112977 0.9539276 0.1116561 0.9539278 0.1112977 0.9542534 0.1112977 0.9542534 0.1116561 0.9539278 0.1116561 0.9542534 0.1112977 0.9542534 0.1116561 0.9542534 0.1112976 0.9545592 0.1112976 0.9545592 0.1116561 0.9542534 0.1116559 0.9545592 0.1112976 0.9545592 0.1116559 0.9545592 0.1112974 0.9548245 0.1112974 0.9548245 0.1116559 0.9545592 0.1116557 0.9548245 0.07973659 0.9575808 0.07937824 0.9575808 0.07973659 0.9573214 0.07973659 0.9573214 0.07937824 0.9575808 0.07937824 0.9573214 0.07973659 0.9573214 0.07937824 0.9573214 0.07973659 0.9570191 0.07973659 0.9570191 0.07937824 0.9573214 0.07937818 0.9570191 0.07973659 0.9570191 0.07937818 0.9570191 0.07973659 0.9566946 0.07973659 0.9566946 0.07937818 0.9570191 0.07937818 0.9566946 0.07973659 0.9566946 0.07937818 0.9566946 0.07973659 0.9563699 0.07973659 0.9563699 0.07937818 0.9566946 0.07937818 0.9563699 0.07973659 0.9563699 0.07937818 0.9563699 0.07973659 0.9560671 0.07973659 0.9560671 0.07937818 0.9563699 0.07937824 0.9560671 0.07973659 0.9560671 0.07937824 0.9560671 0.07973659 0.955807 0.07973659 0.955807 0.07937824 0.9560671 0.07937824 0.955807 0.1069892 0.9570474 0.1066308 0.9570474 0.106989 0.9567821 0.106989 0.9567821 0.1066308 0.9570474 0.1066306 0.9567821 0.106989 0.9567821 0.1066306 0.9567821 0.1069889 0.9564762 0.1069889 0.9564762 0.1066306 0.9567821 0.1066306 0.9564762 0.1069889 0.9564762 0.1066306 0.9564762 0.1069889 0.9561505 0.1069889 0.9561505 0.1066306 0.9564762 0.1066306 0.9561505 0.1069889 0.9561505 0.1066306 0.9561505 0.106989 0.9558272 0.106989 0.9558272 0.1066306 0.9561505 0.1066306 0.9558272 0.106989 0.9558272 0.1066306 0.9558272 0.106989 0.9555283 0.106989 0.9555283 0.1066306 0.9558272 0.1066306 0.9555283 0.106989 0.9555283 0.1066306 0.9555283 0.1069892 0.9552742 0.1069892 0.9552742 0.1066306 0.9555283 0.1066308 0.9552742 0.1024941 0.9570462 0.1028524 0.9570462 0.1024941 0.9573059 0.1024941 0.9573059 0.1028524 0.9570462 0.1028524 0.9573059 0.1024941 0.9573059 0.1028524 0.9573059 0.1024941 0.9576085 0.1024941 0.9576085 0.1028524 0.9573059 0.1028524 0.9576085 0.1066267 0.9576097 0.106985 0.9576097 0.1066267 0.9579343 0.1066267 0.9579343 0.106985 0.9576097 0.106985 0.9579343 0.1066267 0.9579343 0.106985 0.9579343 0.1066267 0.9582589 0.1066267 0.9582589 0.106985 0.9579343 0.106985 0.9582589 0.1066267 0.9582589 0.106985 0.9582589 0.1066267 0.9585614 0.1066267 0.9585614 0.106985 0.9582589 0.106985 0.9585614 0.1066267 0.9585614 0.106985 0.9585614 0.1066267 0.9588212 0.1066267 0.9588212 0.106985 0.9585614 0.106985 0.9588212 0.07938218 0.9540337 0.07974058 0.9540339 0.07938241 0.9542879 0.07938241 0.9542879 0.07974058 0.9540339 0.07974076 0.9542879 0.07938241 0.9542879 0.07974076 0.9542879 0.07938253 0.9545869 0.07938253 0.9545869 0.07974076 0.9542879 0.07974088 0.9545869 0.07938253 0.9545869 0.07974088 0.9545869 0.07938253 0.9549102 0.07938253 0.9549102 0.07974088 0.9545869 0.07974094 0.9549102 0.07938253 0.9549102 0.07974094 0.9549102 0.07938253 0.9552358 0.07938253 0.9552358 0.07974094 0.9549102 0.07974088 0.9552358 0.07938253 0.9552358 0.07974088 0.9552358 0.07938241 0.9555417 0.07938241 0.9555417 0.07974088 0.9552358 0.07974076 0.9555417 0.07938241 0.9555417 0.07974076 0.9555417 0.07938218 0.955807 0.07938218 0.955807 0.07974076 0.9555417 0.07974058 0.955807 0.05006086 0.957161 0.04970246 0.957161 0.05006086 0.9569016 0.05006086 0.9569016 0.04970246 0.957161 0.04970246 0.9569016 0.05006086 0.9569016 0.04970246 0.9569016 0.05006086 0.9565994 0.05006086 0.9565994 0.04970246 0.9569016 0.04970246 0.9565994 0.05006086 0.9565994 0.04970246 0.9565994 0.05006086 0.9562748 0.05006086 0.9562748 0.04970246 0.9565994 0.04970246 0.9562748 0.05006086 0.9562748 0.04970246 0.9562748 0.05006086 0.95595 0.05006086 0.95595 0.04970246 0.9562748 0.04970246 0.95595 0.05006086 0.95595 0.04970246 0.95595 0.05006086 0.9556472 0.05006086 0.9556472 0.04970246 0.95595 0.04970252 0.9556472 0.05006086 0.9556472 0.04970252 0.9556472 0.05006086 0.9553871 0.05006086 0.9553871 0.04970252 0.9556472 0.04970252 0.9553871 0.111656 0.9565976 0.1112976 0.9565977 0.1116558 0.9563325 0.1116558 0.9563325 0.1112976 0.9565977 0.1112974 0.9563325 0.1116558 0.9563325 0.1112974 0.9563325 0.1116557 0.9560266 0.1116557 0.9560266 0.1112974 0.9563325 0.1112974 0.9560266 0.1116557 0.9560266 0.1112974 0.9560266 0.1116557 0.9557009 0.1116557 0.9557009 0.1112974 0.9560266 0.1112973 0.9557009 0.1116557 0.9557009 0.1112973 0.9557009 0.1116557 0.9553775 0.1116557 0.9553775 0.1112973 0.9557009 0.1112974 0.9553775 0.1116557 0.9553775 0.1112974 0.9553775 0.1116558 0.9550786 0.1116558 0.9550786 0.1112974 0.9553775 0.1112974 0.9550786 0.1116558 0.9550786 0.1112974 0.9550786 0.111656 0.9548245 0.111656 0.9548245 0.1112974 0.9550786 0.1112976 0.9548245 0.1066267 0.9570474 0.106985 0.9570474 0.1066267 0.9573071 0.1066267 0.9573071 0.106985 0.9570474 0.106985 0.9573071 0.1066267 0.9573071 0.106985 0.9573071 0.1066267 0.9576097 0.1066267 0.9576097 0.106985 0.9573071 0.106985 0.9576097 0.1209492 0.9591391 0.1194874 0.9591324 0.120952 0.958372 0.120952 0.958372 0.1194874 0.9591324 0.1194901 0.958372 0.120952 0.958372 0.1194901 0.958372 0.1209492 0.9576048 0.1209492 0.9576048 0.1194901 0.958372 0.1194874 0.9576113 0.1209492 0.9576048 0.1194874 0.9576113 0.120941 0.9568895 0.120941 0.9568895 0.1194874 0.9576113 0.1194792 0.9569023 0.120941 0.9568895 0.1194792 0.9569023 0.1209279 0.9562751 0.1209279 0.9562751 0.1194792 0.9569023 0.1194663 0.9562932 0.1125183 0.962772 0.1110565 0.962754 0.1125271 0.962157 0.1125271 0.962157 0.1110565 0.962754 0.1110652 0.9621443 0.1125271 0.962157 0.1110652 0.9621443 0.1125326 0.9614414 0.1125326 0.9614414 0.1110652 0.9621443 0.1110706 0.9614349 0.1125326 0.9614414 0.1110706 0.9614349 0.1125345 0.9606741 0.1125345 0.9606741 0.1110706 0.9614349 0.1110725 0.9606741 0.1125345 0.9606741 0.1110725 0.9606741 0.1125326 0.9599071 0.1125326 0.9599071 0.1110725 0.9606741 0.1110706 0.9599137 0.1125326 0.9599071 0.1110706 0.9599137 0.1125271 0.9591929 0.1125271 0.9591929 0.1110706 0.9599137 0.1110652 0.9592056 0.1125271 0.9591929 0.1110652 0.9592056 0.1125183 0.9585801 0.1125183 0.9585801 0.1110652 0.9592056 0.1110565 0.9585981 0.08320409 0.9560253 0.08466571 0.9560433 0.08319097 0.9566394 0.08319097 0.9566394 0.08466571 0.9560433 0.08465272 0.9566522 0.08319097 0.9566394 0.08465272 0.9566522 0.08318275 0.9573546 0.08318275 0.9573546 0.08465272 0.9566522 0.08464461 0.9573611 0.08318275 0.9573546 0.08464461 0.9573611 0.08317989 0.9581218 0.08317989 0.9581218 0.08464461 0.9573611 0.08464181 0.9581218 0.08317989 0.9581218 0.08464181 0.9581218 0.08318275 0.9588889 0.08318275 0.9588889 0.08464181 0.9581218 0.08464461 0.9588823 0.08318275 0.9588889 0.08464461 0.9588823 0.08319097 0.9596036 0.08319097 0.9596036 0.08464461 0.9588823 0.08465278 0.9595908 0.08319097 0.9596036 0.08465278 0.9595908 0.08320409 0.9602171 0.08320409 0.9602171 0.08465278 0.9595908 0.08466571 0.9601991 0.09041994 0.9617094 0.08895808 0.9616914 0.09042906 0.9610967 0.09042906 0.9610967 0.08895808 0.9616914 0.08896714 0.9610839 0.09042906 0.9610967 0.08896714 0.9610839 0.09043478 0.9603826 0.09043478 0.9603826 0.08896714 0.9610839 0.08897286 0.9603759 0.09043478 0.9603826 0.08897286 0.9603759 0.09043675 0.9596156 0.09043675 0.9596156 0.08897286 0.9603759 0.08897477 0.9596156 0.09043675 0.9596156 0.08897477 0.9596156 0.09043478 0.9588482 0.09043478 0.9588482 0.08897477 0.9596156 0.08897286 0.9588548 0.09043478 0.9588482 0.08897286 0.9588548 0.09042906 0.9581325 0.09042906 0.9581325 0.08897286 0.9588548 0.08896714 0.9581454 0.09042906 0.9581325 0.08896714 0.9581454 0.09041994 0.9575175 0.09041994 0.9575175 0.08896714 0.9581454 0.08895808 0.9575355 0.1209279 0.9604671 0.1194663 0.9604491 0.120941 0.9598537 0.120941 0.9598537 0.1194663 0.9604491 0.1194792 0.9598409 0.120941 0.9598537 0.1194792 0.9598409 0.1209492 0.9591391 0.1209492 0.9591391 0.1194792 0.9598409 0.1194874 0.9591324 0.06384658 0.9593669 0.06238472 0.9593604 0.06384938 0.9585999 0.06384938 0.9585999 0.06238472 0.9593604 0.06238746 0.9585999 0.06384938 0.9585999 0.06238746 0.9585999 0.06384658 0.9578326 0.06384658 0.9578326 0.06238746 0.9585999 0.06238472 0.9578393 0.06384658 0.9578326 0.06238472 0.9578393 0.06383836 0.9571174 0.06383836 0.9571174 0.06238472 0.9578393 0.06237661 0.9571302 0.06383836 0.9571174 0.06237661 0.9571302 0.0638253 0.956503 0.0638253 0.956503 0.06237661 0.9571302 0.06236362 0.9565212 0.05733758 0.9634246 0.05587571 0.9634065 0.05734634 0.9628095 0.05734634 0.9628095 0.05587571 0.9634065 0.05588442 0.9627967 0.05734634 0.9628095 0.05588442 0.9627967 0.05735182 0.962094 0.05735182 0.962094 0.05588442 0.9627967 0.0558899 0.9620873 0.05735182 0.962094 0.0558899 0.9620873 0.05735373 0.9613265 0.05735373 0.9613265 0.0558899 0.9620873 0.05589175 0.9613265 0.05735373 0.9613265 0.05589175 0.9613265 0.05735182 0.9605595 0.05735182 0.9605595 0.05589175 0.9613265 0.0558899 0.9605662 0.05735182 0.9605595 0.0558899 0.9605662 0.05734628 0.9598454 0.05734628 0.9598454 0.0558899 0.9605662 0.05588442 0.9598581 0.05734628 0.9598454 0.05588442 0.9598581 0.05733752 0.9592326 0.05733752 0.9592326 0.05588442 0.9598581 0.05587571 0.9592506 0.1015759 0.9179592 0.1030375 0.9179772 0.1015627 0.9185734 0.1015627 0.9185734 0.1030375 0.9179772 0.1030246 0.9185861 0.1015627 0.9185734 0.1030246 0.9185861 0.1015545 0.9192885 0.1015545 0.9192885 0.1030246 0.9185861 0.1030164 0.9192951 0.1015545 0.9192885 0.1030164 0.9192951 0.1015517 0.9200558 0.1015517 0.9200558 0.1030164 0.9192951 0.1030136 0.9200558 0.1015517 0.9200558 0.1030136 0.9200558 0.1015545 0.9208229 0.1015545 0.9208229 0.1030136 0.9200558 0.1030164 0.9208163 0.1015545 0.9208229 0.1030164 0.9208163 0.1015627 0.9215375 0.1015627 0.9215375 0.1030164 0.9208163 0.1030246 0.9215248 0.1015627 0.9215375 0.1030246 0.9215248 0.1015759 0.9221511 0.1015759 0.9221511 0.1030246 0.9215248 0.1030375 0.9221331 0.1277964 0.8978167 0.1263346 0.8977985 0.1278055 0.8972039 0.1278055 0.8972039 0.1263346 0.8977985 0.1263436 0.8971912 0.1278055 0.8972039 0.1263436 0.8971912 0.1278113 0.8964898 0.1278113 0.8964898 0.1263436 0.8971912 0.1263493 0.8964832 0.1278113 0.8964898 0.1263493 0.8964832 0.1278132 0.8957229 0.1278132 0.8957229 0.1263493 0.8964832 0.1263512 0.8957229 0.1278132 0.8957229 0.1263512 0.8957229 0.1278113 0.8949555 0.1278113 0.8949555 0.1263512 0.8957229 0.1263493 0.8949621 0.1278113 0.8949555 0.1263493 0.8949621 0.1278055 0.8942398 0.1278055 0.8942398 0.1263493 0.8949621 0.1263436 0.8942525 0.1278055 0.8942398 0.1263436 0.8942525 0.1277964 0.8936247 0.1277964 0.8936247 0.1263436 0.8942525 0.1263346 0.8936428 0.0638253 0.9606949 0.06236362 0.9606769 0.06383836 0.9600816 0.06383836 0.9600816 0.06236362 0.9606769 0.06237655 0.9600688 0.06383836 0.9600816 0.06237655 0.9600688 0.06384658 0.9593669 0.06384658 0.9593669 0.06237655 0.9600688 0.06238472 0.9593604 0.05827772 0.9635015 0.05827772 0.9609929 0.05857461 0.9635015 0.05857461 0.9635015 0.05827772 0.9609929 0.05857461 0.9609929 0.05857461 0.9635015 0.05857461 0.9609929 0.05887138 0.9635015 0.05887138 0.9635015 0.05857461 0.9609929 0.05887138 0.9609929 0.05887138 0.9635015 0.05887138 0.9609929 0.05914771 0.9635015 0.05914771 0.9635015 0.05887138 0.9609929 0.05914771 0.9609929 0.05914771 0.9635015 0.05914771 0.9609929 0.05938488 0.9635015 0.05938488 0.9635015 0.05914771 0.9609929 0.05938488 0.9609929 0.127964 0.896088 0.127964 0.8935794 0.1282065 0.8960882 0.1282065 0.8960882 0.127964 0.8935794 0.1282065 0.8935796 0.1282065 0.8960882 0.1282065 0.8935796 0.1284862 0.8960883 0.1284862 0.8960883 0.1282065 0.8935796 0.1284862 0.8935797 0.1284862 0.8960883 0.1284862 0.8935797 0.1287839 0.8960883 0.1287839 0.8960883 0.1284862 0.8935797 0.1287839 0.8935797 0.1287839 0.8960883 0.1287839 0.8935797 0.1290795 0.8960883 0.1290795 0.8960883 0.1287839 0.8935797 0.1290795 0.8935797 0.1290795 0.8960883 0.1290795 0.8935797 0.1293528 0.8960881 0.1293528 0.8960881 0.1290795 0.8935797 0.1293528 0.8935795 0.1293528 0.8960881 0.1293528 0.8935795 0.1295852 0.896088 0.1295852 0.896088 0.1293528 0.8935795 0.1295852 0.8935794 0.1126853 0.9643197 0.1126853 0.9618112 0.1129227 0.9643197 0.1129227 0.9643197 0.1126853 0.9618112 0.1129227 0.9618112 0.1129227 0.9643197 0.1129227 0.9618112 0.1131994 0.9643197 0.1131994 0.9643197 0.1129227 0.9618112 0.1131994 0.9618112 0.1131994 0.9643197 0.1131994 0.9618112 0.1134961 0.9643197 0.1134961 0.9643197 0.1131994 0.9618112 0.1134961 0.9618112 0.1134961 0.9643197 0.1134961 0.9618112 0.113793 0.9643197 0.113793 0.9643197 0.1134961 0.9618112 0.113793 0.9618112 0.113793 0.9643197 0.113793 0.9618112 0.1140695 0.9643197 0.1140695 0.9643197 0.113793 0.9618112 0.1140695 0.9618112 0.1140695 0.9643197 0.1140695 0.9618112 0.1143071 0.9643197 0.1143071 0.9643197 0.1140695 0.9618112 0.1143071 0.9618112 0.1251051 0.9645126 0.1251051 0.962004 0.1253374 0.9645127 0.1253374 0.9645127 0.1251051 0.962004 0.1253374 0.9620041 0.1253374 0.9645127 0.1253374 0.9620041 0.1256107 0.9645128 0.1256107 0.9645128 0.1253374 0.9620041 0.1256107 0.9620042 0.1256107 0.9645128 0.1256107 0.9620042 0.1259063 0.9645128 0.1259063 0.9645128 0.1256107 0.9620042 0.1259063 0.9620042 0.1259063 0.9645128 0.1259063 0.9620042 0.1262041 0.9645128 0.1262041 0.9645128 0.1259063 0.9620042 0.1262041 0.9620042 0.1262041 0.9645128 0.1262041 0.9620042 0.1264837 0.9645127 0.1264837 0.9645127 0.1262041 0.9620042 0.1264837 0.9620042 0.1264837 0.9645127 0.1264837 0.9620042 0.1267263 0.9645126 0.1267263 0.9645126 0.1264837 0.9620042 0.1267263 0.9620041 0.05776309 0.9635015 0.05776309 0.9609929 0.05800092 0.9635015 0.05800092 0.9635015 0.05776309 0.9609929 0.05800092 0.9609929 0.05800092 0.9635015 0.05800092 0.9609929 0.05827772 0.9635015 0.05827772 0.9635015 0.05800092 0.9609929 0.05827772 0.9609929 0.04695057 0.9639056 0.04695057 0.9613969 0.04724746 0.9639056 0.04724746 0.9639056 0.04695057 0.9613969 0.04724746 0.9613969 0.04724746 0.9639056 0.04724746 0.9613969 0.04754418 0.9639056 0.04754418 0.9639056 0.04724746 0.9613969 0.04754418 0.9613969 0.04754418 0.9639056 0.04754418 0.9613969 0.04782056 0.9639056 0.04782056 0.9639056 0.04754418 0.9613969 0.04782056 0.9613969 0.04782056 0.9639056 0.04782056 0.9613969 0.04805773 0.9639056 0.04805773 0.9639056 0.04782056 0.9613969 0.04805773 0.9613969 0.127964 0.8985969 0.127964 0.8960884 0.1282065 0.8985971 0.1282065 0.8985971 0.127964 0.8960884 0.1282065 0.8960886 0.1282065 0.8985971 0.1282065 0.8960886 0.1284862 0.8985973 0.1284862 0.8985973 0.1282065 0.8960886 0.1284862 0.8960887 0.1284862 0.8985973 0.1284862 0.8960887 0.1287839 0.8985973 0.1287839 0.8985973 0.1284862 0.8960887 0.1287839 0.8960887 0.1287839 0.8985973 0.1287839 0.8960887 0.1290795 0.8985973 0.1290795 0.8985973 0.1287839 0.8960887 0.1290795 0.8960886 0.1290795 0.8985973 0.1290795 0.8960886 0.1293528 0.8985971 0.1293528 0.8985971 0.1290795 0.8960886 0.1293528 0.8960885 0.1293528 0.8985971 0.1293528 0.8960885 0.1295852 0.8985969 0.1295852 0.8985969 0.1293528 0.8960885 0.1295852 0.8960883 0.04805773 0.9639056 0.04805773 0.9613969 0.04829519 0.9639056 0.04829519 0.9639056 0.04805773 0.9613969 0.04829519 0.9613969 0.04829519 0.9639056 0.04829519 0.9613969 0.04857182 0.9639056 0.04857182 0.9639056 0.04829519 0.9613969 0.04857182 0.9613969 0.04857182 0.9639056 0.04857182 0.9613969 0.04886859 0.9639056 0.04886859 0.9639056 0.04857182 0.9613969 0.04886859 0.9613969 0.04886859 0.9639056 0.04886859 0.9613969 0.04916542 0.9639056 0.04916542 0.9639056 0.04886859 0.9613969 0.04916542 0.9613969 0.04916542 0.9639056 0.04916542 0.9613969 0.04944199 0.9639056 0.04944199 0.9639056 0.04916542 0.9613969 0.04944199 0.9613969 0.04944199 0.9639056 0.04944199 0.9613969 0.04967951 0.9639056 0.04967951 0.9639056 0.04944199 0.9613969 0.04967951 0.9613969 0.06586921 0.964694 0.06586921 0.9621855 0.06610155 0.9646943 0.06610155 0.9646943 0.06586921 0.9621855 0.06610155 0.9621856 0.06610155 0.9646943 0.06610155 0.9621856 0.06637483 0.9646943 0.06637483 0.9646943 0.06610155 0.9621856 0.06637483 0.9621858 0.06637483 0.9646943 0.06637483 0.9621858 0.06667041 0.9646944 0.06667041 0.9646944 0.06637483 0.9621858 0.06667041 0.9621858 0.06667041 0.9646944 0.06667041 0.9621858 0.0669682 0.9646943 0.0669682 0.9646943 0.06667041 0.9621858 0.0669682 0.9621858 0.0669682 0.9646943 0.0669682 0.9621858 0.06724786 0.9646943 0.06724786 0.9646943 0.0669682 0.9621858 0.06724786 0.9621856 0.06724786 0.9646943 0.06724786 0.9621856 0.06749033 0.9646942 0.06749033 0.9646942 0.06724786 0.9621856 0.06749033 0.9621855 0.04643595 0.9639056 0.04643595 0.9613969 0.04667377 0.9639056 0.04667377 0.9639056 0.04643595 0.9613969 0.04667377 0.9613969 0.04667377 0.9639056 0.04667377 0.9613969 0.04695057 0.9639056 0.04695057 0.9639056 0.04667377 0.9613969 0.04695057 0.9613969 0.1008765 0.9543252 0.1008765 0.9525699 0.1009877 0.9543247 0.1009877 0.9543247 0.1008765 0.9525699 0.1009877 0.9525695 0.1009877 0.9543247 0.1009877 0.9525695 0.1010991 0.9543252 0.1010991 0.9543252 0.1009877 0.9525695 0.1010991 0.9525699 0.1010991 0.9543252 0.1010991 0.9525699 0.1012029 0.9543264 0.1012029 0.9543264 0.1010991 0.9525699 0.1012029 0.952571 0.1012029 0.9543264 0.1012029 0.952571 0.101292 0.9543283 0.101292 0.9543283 0.1012029 0.952571 0.101292 0.952573 0.1288431 0.9136287 0.1288431 0.911873 0.1289319 0.9136275 0.1289319 0.9136275 0.1288431 0.911873 0.1289319 0.9118717 0.1289319 0.9136275 0.1289319 0.9118717 0.1290355 0.9136267 0.1290355 0.9136267 0.1289319 0.9118717 0.1290355 0.911871 0.1290355 0.9136267 0.1290355 0.911871 0.1291468 0.9136263 0.1291468 0.9136263 0.1290355 0.911871 0.1291468 0.9118707 0.1291468 0.9136263 0.1291468 0.9118707 0.1292582 0.9136266 0.1292582 0.9136266 0.1291468 0.9118707 0.1292582 0.911871 0.1292582 0.9136266 0.1292582 0.911871 0.129362 0.9136274 0.129362 0.9136274 0.1292582 0.911871 0.129362 0.9118717 0.129362 0.9136274 0.129362 0.9118717 0.1294512 0.9136287 0.1294512 0.9136287 0.129362 0.9118717 0.1294512 0.911873 0.125315 0.9116 0.125315 0.9098446 0.1254041 0.9115981 0.1254041 0.9115981 0.125315 0.9098446 0.1254041 0.9098427 0.1254041 0.9115981 0.1254041 0.9098427 0.1255078 0.9115969 0.1255078 0.9115969 0.1254041 0.9098427 0.1255078 0.9098416 0.1255078 0.9115969 0.1255078 0.9098416 0.1256192 0.9115965 0.1256192 0.9115965 0.1255078 0.9098416 0.1256192 0.9098412 0.1256192 0.9115965 0.1256192 0.9098412 0.1257305 0.9115969 0.1257305 0.9115969 0.1256192 0.9098412 0.1257305 0.9098416 0.1257305 0.9115969 0.1257305 0.9098416 0.1258341 0.9115981 0.1258341 0.9115981 0.1257305 0.9098416 0.1258341 0.9098428 0.1258341 0.9115981 0.1258341 0.9098428 0.1259231 0.9116 0.1259231 0.9116 0.1258341 0.9098428 0.1259231 0.9098447 0.07676637 0.9600952 0.07676637 0.9618509 0.07667708 0.9600965 0.07667708 0.9600965 0.07676637 0.9618509 0.07667708 0.9618522 0.07667708 0.9600965 0.07667708 0.9618522 0.07657325 0.9600973 0.07657325 0.9600973 0.07667708 0.9618522 0.07657325 0.961853 0.07657325 0.9600973 0.07657325 0.961853 0.07646191 0.9600976 0.07646191 0.9600976 0.07657325 0.961853 0.07646191 0.9618533 0.07646191 0.9600976 0.07646191 0.9618533 0.07635068 0.9600973 0.07635068 0.9600973 0.07646191 0.9618533 0.07635068 0.961853 0.07635068 0.9600973 0.07635068 0.961853 0.07624703 0.9600965 0.07624703 0.9600965 0.07635068 0.961853 0.07624703 0.9618521 0.07624703 0.9600965 0.07624703 0.9618521 0.07615816 0.9600952 0.07615816 0.9600952 0.07624703 0.9618521 0.07615816 0.9618508 0.1006838 0.9543283 0.1006838 0.952573 0.1007728 0.9543264 0.1007728 0.9543264 0.1006838 0.952573 0.1007728 0.952571 0.1007728 0.9543264 0.1007728 0.952571 0.1008765 0.9543252 0.1008765 0.9543252 0.1007728 0.952571 0.1008765 0.9525699 0.1010991 0.9508145 0.1010991 0.9525699 0.1009877 0.9508141 0.1009877 0.9508141 0.1010991 0.9525699 0.1009877 0.9525695 0.1009877 0.9508141 0.1009877 0.9525695 0.1008765 0.9508145 0.1008765 0.9508145 0.1009877 0.9525695 0.1008765 0.9525699 0.1008765 0.9508145 0.1008765 0.9525699 0.1007728 0.9508157 0.1007728 0.9508157 0.1008765 0.9525699 0.1007728 0.952571 0.1007728 0.9508157 0.1007728 0.952571 0.1006838 0.9508176 0.1006838 0.9508176 0.1007728 0.952571 0.1006838 0.952573 0.07615816 0.9636065 0.07615816 0.9618508 0.07624703 0.9636078 0.07624703 0.9636078 0.07615816 0.9618508 0.07624703 0.9618521 0.07624703 0.9636078 0.07624703 0.9618521 0.07635068 0.9636086 0.07635068 0.9636086 0.07624703 0.9618521 0.07635068 0.961853 0.07635068 0.9636086 0.07635068 0.961853 0.07646191 0.963609 0.07646191 0.963609 0.07635068 0.961853 0.07646191 0.9618533 0.07646191 0.963609 0.07646191 0.9618533 0.07657325 0.9636086 0.07657325 0.9636086 0.07646191 0.9618533 0.07657325 0.961853 0.07657325 0.9636086 0.07657325 0.961853 0.07667708 0.9636078 0.07667708 0.9636078 0.07657325 0.961853 0.07667708 0.9618522 0.07667708 0.9636078 0.07667708 0.9618522 0.07676637 0.9636065 0.07676637 0.9636065 0.07667708 0.9618522 0.07676637 0.9618509 0.1259231 0.9080893 0.1259231 0.9098447 0.1258341 0.9080875 0.1258341 0.9080875 0.1259231 0.9098447 0.1258341 0.9098428 0.1258341 0.9080875 0.1258341 0.9098428 0.1257305 0.9080863 0.1257305 0.9080863 0.1258341 0.9098428 0.1257305 0.9098416 0.1257305 0.9080863 0.1257305 0.9098416 0.1256192 0.9080858 0.1256192 0.9080858 0.1257305 0.9098416 0.1256192 0.9098412 0.1256192 0.9080858 0.1256192 0.9098412 0.1255078 0.9080862 0.1255078 0.9080862 0.1256192 0.9098412 0.1255078 0.9098416 0.1255078 0.9080862 0.1255078 0.9098416 0.1254041 0.9080874 0.1254041 0.9080874 0.1255078 0.9098416 0.1254041 0.9098427 0.1254041 0.9080874 0.1254041 0.9098427 0.125315 0.9080893 0.125315 0.9080893 0.1254041 0.9098427 0.125315 0.9098446 0.1294512 0.9101173 0.1294512 0.911873 0.129362 0.910116 0.129362 0.910116 0.1294512 0.911873 0.129362 0.9118717 0.129362 0.910116 0.129362 0.9118717 0.1292582 0.9101153 0.1292582 0.9101153 0.129362 0.9118717 0.1292582 0.911871 0.1292582 0.9101153 0.1292582 0.911871 0.1291468 0.910115 0.1291468 0.910115 0.1292582 0.911871 0.1291468 0.9118707 0.1291468 0.910115 0.1291468 0.9118707 0.1290355 0.9101153 0.1290355 0.9101153 0.1291468 0.9118707 0.1290355 0.911871 0.1290355 0.9101153 0.1290355 0.911871 0.1289319 0.910116 0.1289319 0.910116 0.1290355 0.911871 0.1289319 0.9118717 0.1289319 0.910116 0.1289319 0.9118717 0.1288431 0.9101173 0.1288431 0.9101173 0.1289319 0.9118717 0.1288431 0.911873 0.101292 0.9508176 0.101292 0.952573 0.1012029 0.9508157 0.1012029 0.9508157 0.101292 0.952573 0.1012029 0.952571 0.1012029 0.9508157 0.1012029 0.952571 0.1010991 0.9508145 0.1010991 0.9508145 0.1012029 0.952571 0.1010991 0.9525699 0.09007346 0.9617549 0.09007346 0.9642636 0.08977669 0.9617549 0.08977669 0.9617549 0.09007346 0.9642636 0.08977669 0.9642636 0.08977669 0.9617549 0.08977669 0.9642636 0.08947986 0.9617549 0.08947986 0.9617549 0.08977669 0.9642636 0.08947986 0.9642636 0.08947986 0.9617549 0.08947986 0.9642636 0.08920329 0.9617549 0.08920329 0.9617549 0.08947986 0.9642636 0.08920329 0.9642636 0.08920329 0.9617549 0.08920329 0.9642636 0.08896577 0.9617549 0.08896577 0.9617549 0.08920329 0.9642636 0.08896577 0.9642636 0.1086065 0.9618532 0.1086065 0.9643618 0.1083741 0.9618534 0.1083741 0.9618534 0.1086065 0.9643618 0.1083741 0.9643619 0.1083741 0.9618534 0.1083741 0.9643619 0.1081008 0.9618535 0.1081008 0.9618535 0.1083741 0.9643619 0.1081008 0.964362 0.1081008 0.9618535 0.1081008 0.964362 0.1078052 0.9618535 0.1078052 0.9618535 0.1081008 0.964362 0.1078052 0.9643622 0.1078052 0.9618535 0.1078052 0.9643622 0.1075074 0.9618535 0.1075074 0.9618535 0.1078052 0.9643622 0.1075074 0.964362 0.1075074 0.9618535 0.1075074 0.964362 0.1072278 0.9618534 0.1072278 0.9618534 0.1075074 0.964362 0.1072278 0.964362 0.1072278 0.9618534 0.1072278 0.964362 0.1069853 0.9618533 0.1069853 0.9618533 0.1072278 0.964362 0.1069853 0.9643618 0.08286362 0.9609344 0.08286362 0.9634431 0.08262646 0.9609344 0.08262646 0.9609344 0.08286362 0.9634431 0.08262646 0.9634431 0.08262646 0.9609344 0.08262646 0.9634431 0.08235007 0.9609344 0.08235007 0.9609344 0.08262646 0.9634431 0.08235007 0.9634431 0.08235007 0.9609344 0.08235007 0.9634431 0.08205336 0.9609344 0.08205336 0.9609344 0.08235007 0.9634431 0.08205336 0.9634431 0.08205336 0.9609344 0.08205336 0.9634431 0.08175647 0.9609344 0.08175647 0.9609344 0.08205336 0.9634431 0.08175647 0.9634431 0.08175647 0.9609344 0.08175647 0.9634431 0.08147966 0.9609344 0.08147966 0.9609344 0.08175647 0.9634431 0.08147966 0.9634431 0.08147966 0.9609344 0.08147966 0.9634431 0.08124184 0.9609344 0.08124184 0.9609344 0.08147966 0.9634431 0.08124184 0.9634431 0.06586921 0.9621855 0.06586921 0.9646942 0.06562674 0.9621856 0.06562674 0.9621856 0.06586921 0.9646942 0.06562674 0.9646943 0.06562674 0.9621856 0.06562674 0.9646943 0.06534707 0.9621858 0.06534707 0.9621858 0.06562674 0.9646943 0.06534707 0.9646943 0.06534707 0.9621858 0.06534707 0.9646943 0.06504929 0.9621858 0.06504929 0.9621858 0.06534707 0.9646943 0.06504929 0.9646944 0.06504929 0.9621858 0.06504929 0.9646944 0.06475365 0.9621858 0.06475365 0.9621858 0.06504929 0.9646944 0.06475365 0.9646943 0.06475365 0.9621858 0.06475365 0.9646943 0.06448036 0.9621856 0.06448036 0.9621856 0.06475365 0.9646943 0.06448036 0.9646943 0.06448036 0.9621856 0.06448036 0.9646943 0.06424802 0.9621855 0.06424802 0.9621855 0.06448036 0.9646943 0.06424802 0.964694 0.09058755 0.9617549 0.09058755 0.9642636 0.09035009 0.9617549 0.09035009 0.9617549 0.09058755 0.9642636 0.09035009 0.9642636 0.09035009 0.9617549 0.09035009 0.9642636 0.09007346 0.9617549 0.09007346 0.9617549 0.09035009 0.9642636 0.09007346 0.9642636 0.07564407 0.9615285 0.07564407 0.9640371 0.0753473 0.9615285 0.0753473 0.9615285 0.07564407 0.9640371 0.0753473 0.9640371 0.0753473 0.9615285 0.0753473 0.9640371 0.07505047 0.9615285 0.07505047 0.9615285 0.0753473 0.9640371 0.07505047 0.9640371 0.07505047 0.9615285 0.07505047 0.9640371 0.0747739 0.9615285 0.0747739 0.9615285 0.07505047 0.9640371 0.0747739 0.9640371 0.0747739 0.9615285 0.0747739 0.9640371 0.07453638 0.9615285 0.07453638 0.9615285 0.0747739 0.9640371 0.07453638 0.9640371 0.1102277 0.9618532 0.1102277 0.9643618 0.1099953 0.9618534 0.1099953 0.9618534 0.1102277 0.9643618 0.1099953 0.9643619 0.1099953 0.9618534 0.1099953 0.9643619 0.109722 0.9618535 0.109722 0.9618535 0.1099953 0.9643619 0.109722 0.964362 0.109722 0.9618535 0.109722 0.964362 0.1094264 0.9618535 0.1094264 0.9618535 0.109722 0.964362 0.1094264 0.9643622 0.1094264 0.9618535 0.1094264 0.9643622 0.1091286 0.9618535 0.1091286 0.9618535 0.1094264 0.9643622 0.1091286 0.9643622 0.1091286 0.9618535 0.1091286 0.9643622 0.1088489 0.9618534 0.1088489 0.9618534 0.1091286 0.9643622 0.1088489 0.964362 0.1088489 0.9618534 0.1088489 0.964362 0.1086065 0.9618533 0.1086065 0.9618533 0.1088489 0.964362 0.1086065 0.9643618 0.08840632 0.9613427 0.08840632 0.9638512 0.08816915 0.9613427 0.08816915 0.9613427 0.08840632 0.9638512 0.08816915 0.9638512 0.08816915 0.9613427 0.08816915 0.9638512 0.08789283 0.9613427 0.08789283 0.9613427 0.08816915 0.9638512 0.08789283 0.9638512 0.08789283 0.9613427 0.08789283 0.9638512 0.08759605 0.9613427 0.08759605 0.9613427 0.08789283 0.9638512 0.08759605 0.9638512 0.08759605 0.9613427 0.08759605 0.9638512 0.08729916 0.9613427 0.08729916 0.9613427 0.08759605 0.9638512 0.08729916 0.9638512 0.08729916 0.9613427 0.08729916 0.9638512 0.08702236 0.9613427 0.08702236 0.9613427 0.08729916 0.9638512 0.08702236 0.9638512 0.08702236 0.9613427 0.08702236 0.9638512 0.08678448 0.9613427 0.08678448 0.9613427 0.08702236 0.9638512 0.08678448 0.9638512 0.1298906 0.8799915 0.1298906 0.8825002 0.1296481 0.8799917 0.1296481 0.8799917 0.1298906 0.8825002 0.1296481 0.8825003 0.1296481 0.8799917 0.1296481 0.8825003 0.1293684 0.8799918 0.1293684 0.8799918 0.1296481 0.8825003 0.1293684 0.8825003 0.1293684 0.8799918 0.1293684 0.8825003 0.1290706 0.8799918 0.1290706 0.8799918 0.1293684 0.8825003 0.1290706 0.8825004 0.1290706 0.8799918 0.1290706 0.8825004 0.1287751 0.8799918 0.1287751 0.8799918 0.1290706 0.8825004 0.1287751 0.8825003 0.1287751 0.8799918 0.1287751 0.8825003 0.1285018 0.8799917 0.1285018 0.8799917 0.1287751 0.8825003 0.1285018 0.8825002 0.1285018 0.8799917 0.1285018 0.8825002 0.1282694 0.8799915 0.1282694 0.8799915 0.1285018 0.8825002 0.1282694 0.8825001 0.07615816 0.9615285 0.07615816 0.9640371 0.07592064 0.9615285 0.07592064 0.9615285 0.07615816 0.9640371 0.07592064 0.9640371 0.07592064 0.9615285 0.07592064 0.9640371 0.07564407 0.9615285 0.07564407 0.9615285 0.07592064 0.9640371 0.07564407 0.9640371 0.1194874 0.9591324 0.1189357 0.9591326 0.1194901 0.958372 0.1194901 0.958372 0.1189357 0.9591326 0.1189385 0.958372 0.1194901 0.958372 0.1189385 0.958372 0.1194874 0.9576113 0.1194874 0.9576113 0.1189385 0.958372 0.1189357 0.9576113 0.1194874 0.9576113 0.1189357 0.9576113 0.1194792 0.9569023 0.1194792 0.9569023 0.1189357 0.9576113 0.1189275 0.9569023 0.1194792 0.9569023 0.1189275 0.9569023 0.1194663 0.9562932 0.1194663 0.9562932 0.1189275 0.9569023 0.1189146 0.9562932 0.1110565 0.962754 0.1105047 0.962754 0.1110652 0.9621443 0.1110652 0.9621443 0.1105047 0.962754 0.1105134 0.9621443 0.1110652 0.9621443 0.1105134 0.9621443 0.1110706 0.9614349 0.1110706 0.9614349 0.1105134 0.9621443 0.1105189 0.9614349 0.1110706 0.9614349 0.1105189 0.9614349 0.1110725 0.9606741 0.1110725 0.9606741 0.1105189 0.9614349 0.1105207 0.9606739 0.1110725 0.9606741 0.1105207 0.9606739 0.1110706 0.9599137 0.1110706 0.9599137 0.1105207 0.9606739 0.1105189 0.9599136 0.1110706 0.9599137 0.1105189 0.9599136 0.1110652 0.9592056 0.1110652 0.9592056 0.1105189 0.9599136 0.1105134 0.9592056 0.1110652 0.9592056 0.1105134 0.9592056 0.1110565 0.9585981 0.1110565 0.9585981 0.1105134 0.9592056 0.1105047 0.9585981 0.08466571 0.9560433 0.08521741 0.9560433 0.08465272 0.9566522 0.08465272 0.9566522 0.08521741 0.9560433 0.08520442 0.9566522 0.08465272 0.9566522 0.08520442 0.9566522 0.08464461 0.9573611 0.08464461 0.9573611 0.08520442 0.9566522 0.08519625 0.9573612 0.08464461 0.9573611 0.08519625 0.9573612 0.08464181 0.9581218 0.08464181 0.9581218 0.08519625 0.9573612 0.08519345 0.9581218 0.08464181 0.9581218 0.08519345 0.9581218 0.08464461 0.9588823 0.08464461 0.9588823 0.08519345 0.9581218 0.08519625 0.9588823 0.08464461 0.9588823 0.08519625 0.9588823 0.08465278 0.9595908 0.08465278 0.9595908 0.08519625 0.9588823 0.08520442 0.9595908 0.08465278 0.9595908 0.08520442 0.9595908 0.08466571 0.9601991 0.08466571 0.9601991 0.08520442 0.9595908 0.08521741 0.9601991 0.08895808 0.9616914 0.08840632 0.9616914 0.08896714 0.9610839 0.08896714 0.9610839 0.08840632 0.9616914 0.08841538 0.961084 0.08896714 0.9610839 0.08841538 0.961084 0.08897286 0.9603759 0.08897286 0.9603759 0.08841538 0.961084 0.0884211 0.960376 0.08897286 0.9603759 0.0884211 0.960376 0.08897477 0.9596156 0.08897477 0.9596156 0.0884211 0.960376 0.08842301 0.9596157 0.08897477 0.9596156 0.08842301 0.9596157 0.08897286 0.9588548 0.08897286 0.9588548 0.08842301 0.9596157 0.0884211 0.9588548 0.08897286 0.9588548 0.0884211 0.9588548 0.08896714 0.9581454 0.08896714 0.9581454 0.0884211 0.9588548 0.08841538 0.9581454 0.08896714 0.9581454 0.08841538 0.9581454 0.08895808 0.9575355 0.08895808 0.9575355 0.08841538 0.9581454 0.08840632 0.9575355 0.1194663 0.9604491 0.1189146 0.9604491 0.1194792 0.9598409 0.1194792 0.9598409 0.1189146 0.9604491 0.1189275 0.9598409 0.1194792 0.9598409 0.1189275 0.9598409 0.1194874 0.9591324 0.1194874 0.9591324 0.1189275 0.9598409 0.1189357 0.9591326 0.06238472 0.9593604 0.06183308 0.9593604 0.06238746 0.9585999 0.06238746 0.9585999 0.06183308 0.9593604 0.06183582 0.9585999 0.06238746 0.9585999 0.06183582 0.9585999 0.06238472 0.9578393 0.06238472 0.9578393 0.06183582 0.9585999 0.06183308 0.9578393 0.06238472 0.9578393 0.06183308 0.9578393 0.06237661 0.9571302 0.06237661 0.9571302 0.06183308 0.9578393 0.06182491 0.9571302 0.06237661 0.9571302 0.06182491 0.9571302 0.06236362 0.9565212 0.06236362 0.9565212 0.06182491 0.9571302 0.06181198 0.9565212 0.05587571 0.9634065 0.05532389 0.9634065 0.05588442 0.9627967 0.05588442 0.9627967 0.05532389 0.9634065 0.0553326 0.9627967 0.05588442 0.9627967 0.0553326 0.9627967 0.0558899 0.9620873 0.0558899 0.9620873 0.0553326 0.9627967 0.05533808 0.9620873 0.0558899 0.9620873 0.05533808 0.9620873 0.05589175 0.9613265 0.05589175 0.9613265 0.05533808 0.9620873 0.05533999 0.9613265 0.05589175 0.9613265 0.05533999 0.9613265 0.0558899 0.9605662 0.0558899 0.9605662 0.05533999 0.9613265 0.05533808 0.9605662 0.0558899 0.9605662 0.05533808 0.9605662 0.05588442 0.9598581 0.05588442 0.9598581 0.05533808 0.9605662 0.0553326 0.9598581 0.05588442 0.9598581 0.0553326 0.9598581 0.05587571 0.9592506 0.05587571 0.9592506 0.0553326 0.9598581 0.05532389 0.9592506 0.1030375 0.9179772 0.1035892 0.9179772 0.1030246 0.9185861 0.1030246 0.9185861 0.1035892 0.9179772 0.1035763 0.9185861 0.1030246 0.9185861 0.1035763 0.9185861 0.1030164 0.9192951 0.1030164 0.9192951 0.1035763 0.9185861 0.1035681 0.9192951 0.1030164 0.9192951 0.1035681 0.9192951 0.1030136 0.9200558 0.1030136 0.9200558 0.1035681 0.9192951 0.1035653 0.9200558 0.1030136 0.9200558 0.1035653 0.9200558 0.1030164 0.9208163 0.1030164 0.9208163 0.1035653 0.9200558 0.1035681 0.9208163 0.1030164 0.9208163 0.1035681 0.9208163 0.1030246 0.9215248 0.1030246 0.9215248 0.1035681 0.9208163 0.1035763 0.9215248 0.1030246 0.9215248 0.1035763 0.9215248 0.1030375 0.9221331 0.1030375 0.9221331 0.1035763 0.9215248 0.1035892 0.9221331 0.1263346 0.8977985 0.1257828 0.8977987 0.1263436 0.8971912 0.1263436 0.8971912 0.1257828 0.8977987 0.1257918 0.8971913 0.1263436 0.8971912 0.1257918 0.8971913 0.1263493 0.8964832 0.1263493 0.8964832 0.1257918 0.8971913 0.1257975 0.8964832 0.1263493 0.8964832 0.1257975 0.8964832 0.1263512 0.8957229 0.1263512 0.8957229 0.1257975 0.8964832 0.1257995 0.895723 0.1263512 0.8957229 0.1257995 0.895723 0.1263493 0.8949621 0.1263493 0.8949621 0.1257995 0.895723 0.1257975 0.8949621 0.1263493 0.8949621 0.1257975 0.8949621 0.1263436 0.8942525 0.1263436 0.8942525 0.1257975 0.8949621 0.1257918 0.8942526 0.1263436 0.8942525 0.1257918 0.8942526 0.1263346 0.8936428 0.1263346 0.8936428 0.1257918 0.8942526 0.1257828 0.8936428 0.06236362 0.9606769 0.06181198 0.9606769 0.06237655 0.9600688 0.06237655 0.9600688 0.06181198 0.9606769 0.06182491 0.9600688 0.06237655 0.9600688 0.06182491 0.9600688 0.06238472 0.9593604 0.06238472 0.9593604 0.06182491 0.9600688 0.06183308 0.9593604 0.07914853 0.9521866 0.07934707 0.9529276 0.07856541 0.9530305 0.07856541 0.9530305 0.07934707 0.9529276 0.07934713 0.9536947 0.07856541 0.9530305 0.07934713 0.9536947 0.07856541 0.9535917 0.07856541 0.9535917 0.07934713 0.9536947 0.07914853 0.9544357 0.07856541 0.9535917 0.07914853 0.9544357 0.07842016 0.954134 0.07842016 0.954134 0.07914853 0.9544357 0.07876497 0.9551001 0.07842016 0.954134 0.07876497 0.9551001 0.07813948 0.9546201 0.07813948 0.9546201 0.07876497 0.9551001 0.07822251 0.9556425 0.07813948 0.9546201 0.07822251 0.9556425 0.07774257 0.955017 0.07774257 0.955017 0.07822251 0.9556425 0.07755815 0.9560261 0.07774257 0.955017 0.07755815 0.9560261 0.0772565 0.9552976 0.0772565 0.9552976 0.07755815 0.9560261 0.07671427 0.9554429 0.07671427 0.9554429 0.07755815 0.9560261 0.07681721 0.9562246 0.07671427 0.9554429 0.07681721 0.9562246 0.07615298 0.9554429 0.07615298 0.9554429 0.07681721 0.9562246 0.07605004 0.9562246 0.07615298 0.9554429 0.07605004 0.9562246 0.07561075 0.9552976 0.07561075 0.9552976 0.07605004 0.9562246 0.07530903 0.9560261 0.07561075 0.9552976 0.07530903 0.9560261 0.07512468 0.955017 0.07512468 0.955017 0.07530903 0.9560261 0.07464468 0.9556425 0.07512468 0.955017 0.07464468 0.9556425 0.07472777 0.9546201 0.07472777 0.9546201 0.07464468 0.9556425 0.07410228 0.9551001 0.07472777 0.9546201 0.07410228 0.9551001 0.07444709 0.954134 0.07444709 0.954134 0.07410228 0.9551001 0.07371866 0.9544357 0.07444709 0.954134 0.07371866 0.9544357 0.07430183 0.9535917 0.07430183 0.9535917 0.07371866 0.9544357 0.07352012 0.9536947 0.07430183 0.9535917 0.07352012 0.9536947 0.07352012 0.9529276 0.07430183 0.9535917 0.07352012 0.9529276 0.07430183 0.9530305 0.07430183 0.9530305 0.07352012 0.9529276 0.07371866 0.9521866 0.07430183 0.9530305 0.07371866 0.9521866 0.07444709 0.9524883 0.07444709 0.9524883 0.07371866 0.9521866 0.07410228 0.9515222 0.07444709 0.9524883 0.07410228 0.9515222 0.07472777 0.9520022 0.07472777 0.9520022 0.07410228 0.9515222 0.07464468 0.9509797 0.07472777 0.9520022 0.07464468 0.9509797 0.07512468 0.9516052 0.07512468 0.9516052 0.07464468 0.9509797 0.07530903 0.9505962 0.07512468 0.9516052 0.07530903 0.9505962 0.07561075 0.9513246 0.07561075 0.9513246 0.07530903 0.9505962 0.07605004 0.9503976 0.07561075 0.9513246 0.07605004 0.9503976 0.07615298 0.9511793 0.07615298 0.9511793 0.07605004 0.9503976 0.07671427 0.9511793 0.07671427 0.9511793 0.07605004 0.9503976 0.07681721 0.9503976 0.07671427 0.9511793 0.07681721 0.9503976 0.0772565 0.9513246 0.0772565 0.9513246 0.07681721 0.9503976 0.07755815 0.9505962 0.0772565 0.9513246 0.07755815 0.9505962 0.07774257 0.9516052 0.07774257 0.9516052 0.07755815 0.9505962 0.07822251 0.9509797 0.07774257 0.9516052 0.07822251 0.9509797 0.07813948 0.9520022 0.07813948 0.9520022 0.07822251 0.9509797 0.07876497 0.9515222 0.07813948 0.9520022 0.07876497 0.9515222 0.07842016 0.9524883 0.07842016 0.9524883 0.07876497 0.9515222 0.07914853 0.9521866 0.07842016 0.9524883 0.07914853 0.9521866 0.07856541 0.9530305 0.06425142 0.9524196 0.06444996 0.9531605 0.06366831 0.9532635 0.06366831 0.9532635 0.06444996 0.9531605 0.06444996 0.9539278 0.06366831 0.9532635 0.06444996 0.9539278 0.06366831 0.9538248 0.06366831 0.9538248 0.06444996 0.9539278 0.06425142 0.9546688 0.06366831 0.9538248 0.06425142 0.9546688 0.06352305 0.9543671 0.06352305 0.9543671 0.06425142 0.9546688 0.06386786 0.9553331 0.06352305 0.9543671 0.06386786 0.9553331 0.06324237 0.9548532 0.06324237 0.9548532 0.06386786 0.9553331 0.0633254 0.9558755 0.06324237 0.9548532 0.0633254 0.9558755 0.06284546 0.95525 0.06284546 0.95525 0.0633254 0.9558755 0.06266111 0.9562591 0.06284546 0.95525 0.06266111 0.9562591 0.06235933 0.9555307 0.06235933 0.9555307 0.06266111 0.9562591 0.06181716 0.955676 0.06181716 0.955676 0.06266111 0.9562591 0.0619201 0.9564576 0.06181716 0.955676 0.0619201 0.9564576 0.06125587 0.955676 0.06125587 0.955676 0.0619201 0.9564576 0.06115293 0.9564576 0.06125587 0.955676 0.06115293 0.9564576 0.06071364 0.9555307 0.06071364 0.9555307 0.06115293 0.9564576 0.06041198 0.9562591 0.06071364 0.9555307 0.06041198 0.9562591 0.06022751 0.95525 0.06022751 0.95525 0.06041198 0.9562591 0.05974757 0.9558755 0.06022751 0.95525 0.05974757 0.9558755 0.0598306 0.9548532 0.0598306 0.9548532 0.05974757 0.9558755 0.05920517 0.9553331 0.0598306 0.9548532 0.05920517 0.9553331 0.05954998 0.9543671 0.05954998 0.9543671 0.05920517 0.9553331 0.05882155 0.9546688 0.05954998 0.9543671 0.05882155 0.9546688 0.05940467 0.9538248 0.05940467 0.9538248 0.05882155 0.9546688 0.05862307 0.9539278 0.05940467 0.9538248 0.05862307 0.9539278 0.05862301 0.9531605 0.05940467 0.9538248 0.05862301 0.9531605 0.05940467 0.9532635 0.05940467 0.9532635 0.05862301 0.9531605 0.05882155 0.9524196 0.05940467 0.9532635 0.05882155 0.9524196 0.05954998 0.9527214 0.05954998 0.9527214 0.05882155 0.9524196 0.05920511 0.9517553 0.05954998 0.9527214 0.05920511 0.9517553 0.0598306 0.9522352 0.0598306 0.9522352 0.05920511 0.9517553 0.05974757 0.9512128 0.0598306 0.9522352 0.05974757 0.9512128 0.06022751 0.9518383 0.06022751 0.9518383 0.05974757 0.9512128 0.06041193 0.9508293 0.06022751 0.9518383 0.06041193 0.9508293 0.06071364 0.9515576 0.06071364 0.9515576 0.06041193 0.9508293 0.06115293 0.9506307 0.06071364 0.9515576 0.06115293 0.9506307 0.06125587 0.9514123 0.06125587 0.9514123 0.06115293 0.9506307 0.06181716 0.9514123 0.06181716 0.9514123 0.06115293 0.9506307 0.06192004 0.9506307 0.06181716 0.9514123 0.06192004 0.9506307 0.06235933 0.9515576 0.06235933 0.9515576 0.06192004 0.9506307 0.06266111 0.9508293 0.06235933 0.9515576 0.06266111 0.9508293 0.06284546 0.9518383 0.06284546 0.9518383 0.06266111 0.9508293 0.0633254 0.9512128 0.06284546 0.9518383 0.0633254 0.9512128 0.06324237 0.9522352 0.06324237 0.9522352 0.0633254 0.9512128 0.06386786 0.9517553 0.06324237 0.9522352 0.06386786 0.9517553 0.06352305 0.9527214 0.06352305 0.9527214 0.06386786 0.9517553 0.06425142 0.9524196 0.06352305 0.9527214 0.06425142 0.9524196 0.06366831 0.9532635 0.05953848 0.9616149 0.05953848 0.9613154 0.05961591 0.9619039 0.05961591 0.9619039 0.05953848 0.9613154 0.05976557 0.9621632 0.05976557 0.9621632 0.05953848 0.9613154 0.05961591 0.9610262 0.05976557 0.9621632 0.05961591 0.9610262 0.05997723 0.9623749 0.05997723 0.9623749 0.05961591 0.9610262 0.05976557 0.960767 0.05997723 0.9623749 0.05976557 0.960767 0.06023645 0.9625245 0.06023645 0.9625245 0.05976557 0.960767 0.05997723 0.9605553 0.06023645 0.9625245 0.05997723 0.9605553 0.06052553 0.962602 0.06052553 0.962602 0.05997723 0.9605553 0.06023645 0.9604056 0.06052553 0.962602 0.06023645 0.9604056 0.06082487 0.962602 0.06082487 0.962602 0.06023645 0.9604056 0.06052559 0.9603281 0.06082487 0.962602 0.06052559 0.9603281 0.06111401 0.9625245 0.06111401 0.9625245 0.06052559 0.9603281 0.06082487 0.9603281 0.06111401 0.9625245 0.06082487 0.9603281 0.06137317 0.9623749 0.06137317 0.9623749 0.06082487 0.9603281 0.06111395 0.9604056 0.06137317 0.9623749 0.06111395 0.9604056 0.06158483 0.9621632 0.06158483 0.9621632 0.06111395 0.9604056 0.06137317 0.9605553 0.06158483 0.9621632 0.06137317 0.9605553 0.06173449 0.9619039 0.06173449 0.9619039 0.06137317 0.9605553 0.06158483 0.960767 0.06173449 0.9619039 0.06158483 0.960767 0.06181198 0.9616149 0.06181198 0.9616149 0.06158483 0.960767 0.06173449 0.9610263 0.06181198 0.9616149 0.06173449 0.9610263 0.06181198 0.9613154 0.100166 0.9614753 0.102362 0.9611861 0.100166 0.9617746 0.100166 0.9617746 0.102362 0.9611861 0.1024395 0.9614753 0.100166 0.9617746 0.1024395 0.9614753 0.1002435 0.9620638 0.1002435 0.9620638 0.1024395 0.9614753 0.1024395 0.9617746 0.1002435 0.9620638 0.1024395 0.9617746 0.1003931 0.9623231 0.1003931 0.9623231 0.1024395 0.9617746 0.102362 0.9620638 0.1003931 0.9623231 0.102362 0.9620638 0.1006047 0.9625348 0.1006047 0.9625348 0.102362 0.9620638 0.1022123 0.9623231 0.1006047 0.9625348 0.1022123 0.9623231 0.1008639 0.9626844 0.1008639 0.9626844 0.1022123 0.9623231 0.1020007 0.9625348 0.1008639 0.9626844 0.1020007 0.9625348 0.1011531 0.9627619 0.1011531 0.9627619 0.1020007 0.9625348 0.1017415 0.9626844 0.1011531 0.9627619 0.1017415 0.9626844 0.1014524 0.9627619 0.102362 0.9611861 0.100166 0.9614753 0.1022123 0.9609268 0.1022123 0.9609268 0.100166 0.9614753 0.1002434 0.9611861 0.1022123 0.9609268 0.1002434 0.9611861 0.1020007 0.9607152 0.1020007 0.9607152 0.1002434 0.9611861 0.1003931 0.9609268 0.1020007 0.9607152 0.1003931 0.9609268 0.1017415 0.9605655 0.1017415 0.9605655 0.1003931 0.9609268 0.1006047 0.9607152 0.1017415 0.9605655 0.1006047 0.9607152 0.1014524 0.960488 0.1014524 0.960488 0.1006047 0.9607152 0.1008639 0.9605655 0.1014524 0.960488 0.1008639 0.9605655 0.101153 0.960488 0.1054293 0.9636293 0.1054293 0.9597589 0.1068628 0.9636293 0.1068628 0.9636293 0.1054293 0.9597589 0.1068628 0.9597589 0.1157256 0.9639707 0.1157256 0.9601003 0.1171591 0.9639707 0.1171591 0.9639707 0.1157256 0.9601003 0.1171591 0.9601003 0.1288762 0.9599614 0.1288762 0.9638318 0.1274427 0.9599614 0.1274427 0.9599614 0.1288762 0.9638318 0.1274427 0.9638318 0.1189146 0.9601003 0.1189146 0.9639707 0.1174811 0.9601003 0.1174811 0.9601003 0.1189146 0.9639707 0.1174811 0.9639707 0.0972765 0.9553218 0.09788179 0.9556455 0.0972765 0.9606657 0.0972765 0.9606657 0.09788179 0.9556455 0.09788179 0.9603422 0.09788179 0.9603422 0.09788179 0.9556455 0.09839278 0.9598841 0.09839278 0.9598841 0.09788179 0.9556455 0.09839278 0.9561036 0.09839278 0.9598841 0.09839278 0.9561036 0.09878027 0.9593176 0.09878027 0.9593176 0.09839278 0.9561036 0.09878027 0.9566701 0.09878027 0.9593176 0.09878027 0.9566701 0.09902203 0.9586752 0.09902203 0.9586752 0.09878027 0.9566701 0.09902203 0.9573124 0.09902203 0.9586752 0.09902203 0.9573124 0.09910416 0.9579938 0.08294385 0.96125 0.08302134 0.9609608 0.08294385 0.9615493 0.08294385 0.9615493 0.08302134 0.9609608 0.08302134 0.9618385 0.08302134 0.9618385 0.08302134 0.9609608 0.08317101 0.9607015 0.08302134 0.9618385 0.08317101 0.9607015 0.08317101 0.9620978 0.08317101 0.9620978 0.08317101 0.9607015 0.08338266 0.9604898 0.08317101 0.9620978 0.08338266 0.9604898 0.08338266 0.9623094 0.08338266 0.9623094 0.08338266 0.9604898 0.08364188 0.9603402 0.08338266 0.9623094 0.08364188 0.9603402 0.08364182 0.9624591 0.08364182 0.9624591 0.08364188 0.9603402 0.08393096 0.9602627 0.08364182 0.9624591 0.08393096 0.9602627 0.08393096 0.9625366 0.08393096 0.9625366 0.08393096 0.9602627 0.0842303 0.9602627 0.08393096 0.9625366 0.0842303 0.9602627 0.0842303 0.9625366 0.0842303 0.9625366 0.0842303 0.9602627 0.08451944 0.9603402 0.0842303 0.9625366 0.08451944 0.9603402 0.08451938 0.9624591 0.08451938 0.9624591 0.08451944 0.9603402 0.08477866 0.9604898 0.08451938 0.9624591 0.08477866 0.9604898 0.0847786 0.9623094 0.0847786 0.9623094 0.08477866 0.9604898 0.08499026 0.9607015 0.0847786 0.9623094 0.08499026 0.9607015 0.08499026 0.9620978 0.08499026 0.9620978 0.08499026 0.9607015 0.08513993 0.9609608 0.08499026 0.9620978 0.08513993 0.9609608 0.08513993 0.9618385 0.08513993 0.9618385 0.08513993 0.9609608 0.08521741 0.96125 0.08513993 0.9618385 0.08521741 0.96125 0.08521741 0.9615493 0.0943135 0.9609751 0.09650957 0.9612643 0.09423601 0.9612643 0.09423601 0.9612643 0.09650957 0.9612643 0.09650957 0.9615637 0.09423601 0.9612643 0.09650957 0.9615637 0.09423601 0.9615637 0.09423601 0.9615637 0.09650957 0.9615637 0.09643208 0.9618528 0.09423601 0.9615637 0.09643208 0.9618528 0.0943135 0.9618528 0.0943135 0.9618528 0.09643208 0.9618528 0.09628242 0.9621121 0.0943135 0.9618528 0.09628242 0.9621121 0.09446316 0.9621121 0.09446316 0.9621121 0.09628242 0.9621121 0.09607076 0.9623238 0.09446316 0.9621121 0.09607076 0.9623238 0.09467476 0.9623238 0.09467476 0.9623238 0.09607076 0.9623238 0.09581154 0.9624735 0.09467476 0.9623238 0.09581154 0.9624735 0.09493398 0.9624735 0.09493398 0.9624735 0.09581154 0.9624735 0.09552246 0.962551 0.09493398 0.9624735 0.09552246 0.962551 0.09522312 0.962551 0.09650957 0.9612643 0.0943135 0.9609751 0.09643208 0.9609752 0.09643208 0.9609752 0.0943135 0.9609751 0.09446316 0.9607159 0.09643208 0.9609752 0.09446316 0.9607159 0.09628242 0.9607159 0.09628242 0.9607159 0.09446316 0.9607159 0.09467482 0.9605042 0.09628242 0.9607159 0.09467482 0.9605042 0.09607076 0.9605042 0.09607076 0.9605042 0.09467482 0.9605042 0.09493404 0.9603545 0.09607076 0.9605042 0.09493404 0.9603545 0.09581154 0.9603545 0.09581154 0.9603545 0.09493404 0.9603545 0.09522312 0.960277 0.09581154 0.9603545 0.09522312 0.960277 0.09552246 0.960277 0.06803977 0.96066 0.0694732 0.96066 0.06803977 0.9638482 0.06803977 0.9638482 0.0694732 0.96066 0.0694732 0.9638482 0.1157256 0.9562297 0.1189146 0.9562299 0.1157256 0.9601001 0.1157256 0.9601001 0.1189146 0.9562299 0.1189146 0.9601003 0.1257828 0.8933431 0.1257828 0.8901548 0.1272162 0.8933431 0.1272162 0.8933431 0.1257828 0.8901548 0.1272162 0.8901548 0.07441753 0.9567894 0.07441753 0.9606598 0.07122868 0.9567896 0.07122868 0.9567896 0.07441753 0.9606598 0.07122868 0.96066 0.1256871 0.9398557 0.1267262 0.9398558 0.1256871 0.9570574 0.1256871 0.9570574 0.1267262 0.9398558 0.1267263 0.9570575 0.1275522 0.905082 0.1289857 0.905082 0.1275522 0.9082702 0.1275522 0.9082702 0.1289857 0.905082 0.1289857 0.9082702 0.09925055 0.9566175 0.1024395 0.9566176 0.09925055 0.9604879 0.09925055 0.9604879 0.1024395 0.9566176 0.1024395 0.960488 0.126836 0.8831798 0.126836 0.8799915 0.1282694 0.8831798 0.1282694 0.8831798 0.126836 0.8799915 0.1282694 0.8799915 0.07122862 0.9567894 0.07122862 0.9606598 0.06803977 0.9567896 0.06803977 0.9567896 0.07122862 0.9606598 0.06803977 0.96066 0.120348 0.9637009 0.1189146 0.9637009 0.120348 0.9605126 0.120348 0.9605126 0.1189146 0.9637009 0.1189146 0.9605125 0.04643595 0.9575266 0.0496248 0.9575265 0.04643595 0.9613969 0.04643595 0.9613969 0.0496248 0.9575265 0.0496248 0.9613968 0.06947326 0.9638482 0.06947326 0.96066 0.07090669 0.9638482 0.07090669 0.9638482 0.06947326 0.96066 0.07090669 0.96066 0.05862301 0.960328 0.05862301 0.9564576 0.06181198 0.9603281 0.06181198 0.9603281 0.05862301 0.9564576 0.06181192 0.9564577 0.1274427 0.9639709 0.1268335 0.9639709 0.1274427 0.9618214 0.1274427 0.9618214 0.1268335 0.9639709 0.1268335 0.9618216 0.05862301 0.955649 0.05862301 0.9609929 0.05776309 0.955649 0.05776309 0.955649 0.05862301 0.9609929 0.05776309 0.9609928 0.0619716 0.9232032 0.06301069 0.9232031 0.0619716 0.9404049 0.0619716 0.9404049 0.06301069 0.9232031 0.06301063 0.9404048 0.1217815 0.9637009 0.120348 0.9637008 0.1217815 0.9605126 0.1217815 0.9605126 0.120348 0.9637008 0.120348 0.9605125 0.08521741 0.9574723 0.08840632 0.9574721 0.08521741 0.9613427 0.08521741 0.9613427 0.08840632 0.9574721 0.08840632 0.9613425 0.07090669 0.9638482 0.07090669 0.96066 0.07234019 0.9638482 0.07234019 0.9638482 0.07090669 0.96066 0.07234019 0.96066 0.07615816 0.9600949 0.07615816 0.9562246 0.07934707 0.9600951 0.07934707 0.9600951 0.07615816 0.9562246 0.07934707 0.9562247 0.1006838 0.9543283 0.101293 0.9543283 0.1006838 0.9564777 0.1006838 0.9564777 0.101293 0.9543283 0.101293 0.9564777 0.07694518 0.9618187 0.07686048 0.9615024 0.076967 0.9614884 0.076967 0.9614884 0.07686048 0.9615024 0.07686042 0.961175 0.076967 0.9614884 0.07686042 0.961175 0.07696706 0.961189 0.07696706 0.961189 0.07686042 0.961175 0.07694518 0.9608587 0.07696706 0.961189 0.07694518 0.9608587 0.07704448 0.9608998 0.07704448 0.9608998 0.07694518 0.9608587 0.07710886 0.9605751 0.07704448 0.9608998 0.07710886 0.9605751 0.07719415 0.9606406 0.07719415 0.9606406 0.07710886 0.9605751 0.07734036 0.9603436 0.07719415 0.9606406 0.07734036 0.9603436 0.07740581 0.9604288 0.07740581 0.9604288 0.07734036 0.9603436 0.0776239 0.9601798 0.07740581 0.9604288 0.0776239 0.9601798 0.07766503 0.9602792 0.07766503 0.9602792 0.0776239 0.9601798 0.0779401 0.9600952 0.07766503 0.9602792 0.0779401 0.9600952 0.07795411 0.9602017 0.07795411 0.9602017 0.0779401 0.9600952 0.07825344 0.9602017 0.07825344 0.9602017 0.0779401 0.9600952 0.07826745 0.9600952 0.07825344 0.9602017 0.07826745 0.9600952 0.07854253 0.9602792 0.07854253 0.9602792 0.07826745 0.9600952 0.07858365 0.9601798 0.07854253 0.9602792 0.07858365 0.9601798 0.07880175 0.9604288 0.07880175 0.9604288 0.07858365 0.9601798 0.07886719 0.9603436 0.07880175 0.9604288 0.07886719 0.9603436 0.0790134 0.9606406 0.0790134 0.9606406 0.07886719 0.9603436 0.0790987 0.9605751 0.0790134 0.9606406 0.0790987 0.9605751 0.07916307 0.9608998 0.07916307 0.9608998 0.0790987 0.9605751 0.07926237 0.9608587 0.07916307 0.9608998 0.07926237 0.9608587 0.07924056 0.961189 0.07924056 0.961189 0.07926237 0.9608587 0.07934713 0.961175 0.07924056 0.961189 0.07934713 0.961175 0.07934707 0.9615024 0.07924056 0.961189 0.07934707 0.9615024 0.07924056 0.9614884 0.07924056 0.9614884 0.07934707 0.9615024 0.07926237 0.9618187 0.07924056 0.9614884 0.07926237 0.9618187 0.07916307 0.9617776 0.07916307 0.9617776 0.07926237 0.9618187 0.0790987 0.9621023 0.07916307 0.9617776 0.0790987 0.9621023 0.0790134 0.9620367 0.0790134 0.9620367 0.0790987 0.9621023 0.07886719 0.9623338 0.0790134 0.9620367 0.07886719 0.9623338 0.07880175 0.9622485 0.07880175 0.9622485 0.07886719 0.9623338 0.07858365 0.9624975 0.07880175 0.9622485 0.07858365 0.9624975 0.07854253 0.9623982 0.07854253 0.9623982 0.07858365 0.9624975 0.07825344 0.9624757 0.07825344 0.9624757 0.07858365 0.9624975 0.07826745 0.9625822 0.07825344 0.9624757 0.07826745 0.9625822 0.07795411 0.9624757 0.07795411 0.9624757 0.07826745 0.9625822 0.0779401 0.9625822 0.07795411 0.9624757 0.0779401 0.9625822 0.07766503 0.9623982 0.07766503 0.9623982 0.0779401 0.9625822 0.0776239 0.9624975 0.07766503 0.9623982 0.0776239 0.9624975 0.07740581 0.9622485 0.07740581 0.9622485 0.0776239 0.9624975 0.07734036 0.9623338 0.07740581 0.9622485 0.07734036 0.9623338 0.07719415 0.9620369 0.07719415 0.9620369 0.07734036 0.9623338 0.07710886 0.9621023 0.07719415 0.9620369 0.07710886 0.9621023 0.07704448 0.9617776 0.07704448 0.9617776 0.07710886 0.9621023 0.07694518 0.9618187 0.07704448 0.9617776 0.07694518 0.9618187 0.076967 0.9614884 0.124434 0.8824163 0.1243493 0.8821 0.1244559 0.8820859 0.1244559 0.8820859 0.1243493 0.8821 0.1243493 0.8817725 0.1244559 0.8820859 0.1243493 0.8817725 0.1244559 0.8817866 0.1244559 0.8817866 0.1243493 0.8817725 0.124434 0.8814563 0.1244559 0.8817866 0.124434 0.8814563 0.1245333 0.8814974 0.1245333 0.8814974 0.124434 0.8814563 0.1245977 0.8811727 0.1245333 0.8814974 0.1245977 0.8811727 0.124683 0.8812382 0.124683 0.8812382 0.1245977 0.8811727 0.1248292 0.8809412 0.124683 0.8812382 0.1248292 0.8809412 0.1248946 0.8810265 0.1248946 0.8810265 0.1248292 0.8809412 0.1251127 0.8807775 0.1248946 0.8810265 0.1251127 0.8807775 0.1251538 0.8808768 0.1251538 0.8808768 0.1251127 0.8807775 0.1254289 0.8806927 0.1251538 0.8808768 0.1254289 0.8806927 0.125443 0.8807993 0.125443 0.8807993 0.1254289 0.8806927 0.1257423 0.8807993 0.1257423 0.8807993 0.1254289 0.8806927 0.1257563 0.8806927 0.1257423 0.8807993 0.1257563 0.8806927 0.1260314 0.8808768 0.1260314 0.8808768 0.1257563 0.8806927 0.1260725 0.8807775 0.1260314 0.8808768 0.1260725 0.8807775 0.1262906 0.8810265 0.1262906 0.8810265 0.1260725 0.8807775 0.126356 0.8809412 0.1262906 0.8810265 0.126356 0.8809412 0.1265022 0.8812382 0.1265022 0.8812382 0.126356 0.8809412 0.1265875 0.8811727 0.1265022 0.8812382 0.1265875 0.8811727 0.1266519 0.8814974 0.1266519 0.8814974 0.1265875 0.8811727 0.1267512 0.8814563 0.1266519 0.8814974 0.1267512 0.8814563 0.1267294 0.8817866 0.1267294 0.8817866 0.1267512 0.8814563 0.126836 0.8817725 0.1267294 0.8817866 0.126836 0.8817725 0.126836 0.8821 0.1267294 0.8817866 0.126836 0.8821 0.1267294 0.8820859 0.1267294 0.8820859 0.126836 0.8821 0.1267512 0.8824163 0.1267294 0.8820859 0.1267512 0.8824163 0.1266519 0.8823751 0.1266519 0.8823751 0.1267512 0.8824163 0.1265875 0.8826999 0.1266519 0.8823751 0.1265875 0.8826999 0.1265022 0.8826344 0.1265022 0.8826344 0.1265875 0.8826999 0.126356 0.8829314 0.1265022 0.8826344 0.126356 0.8829314 0.1262906 0.8828461 0.1262906 0.8828461 0.126356 0.8829314 0.1260725 0.8830952 0.1262906 0.8828461 0.1260725 0.8830952 0.1260314 0.8829957 0.1260314 0.8829957 0.1260725 0.8830952 0.1257423 0.8830732 0.1257423 0.8830732 0.1260725 0.8830952 0.1257563 0.8831798 0.1257423 0.8830732 0.1257563 0.8831798 0.125443 0.8830732 0.125443 0.8830732 0.1257563 0.8831798 0.1254289 0.8831799 0.125443 0.8830732 0.1254289 0.8831799 0.1251538 0.8829957 0.1251538 0.8829957 0.1254289 0.8831799 0.1251127 0.8830951 0.1251538 0.8829957 0.1251127 0.8830951 0.1248946 0.8828461 0.1248946 0.8828461 0.1251127 0.8830951 0.1248292 0.8829314 0.1248946 0.8828461 0.1248292 0.8829314 0.124683 0.8826344 0.124683 0.8826344 0.1248292 0.8829314 0.1245977 0.8826999 0.124683 0.8826344 0.1245977 0.8826999 0.1245334 0.8823751 0.1245334 0.8823751 0.1245977 0.8826999 0.124434 0.8824163 0.1245334 0.8823751 0.124434 0.8824163 0.1244559 0.8820859 0.04618227 0.9575265 0.04618203 0.9625427 0.04546552 0.9575265 0.04546552 0.9575265 0.04618203 0.9625427 0.04546535 0.9625427 0.1157256 0.9474017 0.1157267 0.9470689 0.1211708 0.9474018 0.1211708 0.9474018 0.1157267 0.9470689 0.1211721 0.9470307 0.1211721 0.9470307 0.1157267 0.9470689 0.1157299 0.9467543 0.1211721 0.9470307 0.1157299 0.9467543 0.1211761 0.9466848 0.1211761 0.9466848 0.1157299 0.9467543 0.1157351 0.9464752 0.1211761 0.9466848 0.1157351 0.9464752 0.1211824 0.9463879 0.1159328 0.9238707 0.1213774 0.9237907 0.1213817 0.9240351 0.1159328 0.9238707 0.1213817 0.9240351 0.1159371 0.9241669 0.1159371 0.9241669 0.1213817 0.9240351 0.1213848 0.9243258 0.1159371 0.9241669 0.1213848 0.9243258 0.1159397 0.9245124 0.1159397 0.9245124 0.1213848 0.9243258 0.121379 0.9244621 0.1159397 0.9245124 0.121379 0.9244621 0.1213591 0.9246038 0.1213591 0.9246038 0.1213235 0.9247459 0.1159397 0.9245124 0.1159397 0.9245124 0.1213235 0.9247459 0.1159406 0.9248833 0.1159406 0.9248833 0.1213235 0.9247459 0.1212739 0.9248835 0.1212739 0.9335386 0.1213235 0.9336761 0.1178755 0.9335384 0.1178755 0.9335384 0.1213235 0.9336761 0.1178748 0.9338727 0.1178748 0.9338727 0.1213235 0.9336761 0.1213591 0.9338183 0.1178748 0.9338727 0.1213591 0.9338183 0.121379 0.9339602 0.121379 0.9339602 0.1213848 0.9340968 0.1178748 0.9338727 0.1178748 0.9338727 0.1213848 0.9340968 0.1178726 0.9341887 0.1178726 0.9341887 0.1213848 0.9340968 0.1213814 0.93441 0.1178726 0.9341887 0.1213814 0.93441 0.1178691 0.9344691 0.1178691 0.9344691 0.1213814 0.93441 0.1213766 0.934668 0.1221892 0.9630165 0.1224357 0.9595029 0.1224364 0.9630131 0.1224364 0.9630131 0.1224357 0.9595029 0.1227464 0.9595014 0.1224364 0.9630131 0.1227464 0.9595014 0.1227299 0.9630118 0.1227299 0.9630118 0.1227464 0.9595014 0.1230936 0.9595025 0.1227299 0.9630118 0.1230936 0.9595025 0.1230537 0.9630129 0.104565 0.9632704 0.1043663 0.9632716 0.1045249 0.95976 0.1045249 0.95976 0.1043663 0.9632716 0.1039697 0.962413 0.1045249 0.95976 0.1039697 0.962413 0.1038209 0.9597622 0.1038209 0.9597622 0.1039697 0.962413 0.1033641 0.9624109 0.1038209 0.9597622 0.1033641 0.9624109 0.1031926 0.9597589 0.1031926 0.9597589 0.1033641 0.9624109 0.1028527 0.962404 0.09301495 0.9396013 0.09035658 0.9392494 0.09300547 0.9390757 0.09300547 0.9390757 0.09035658 0.9392494 0.09034937 0.9386839 0.09300547 0.9390757 0.09034937 0.9386839 0.09299874 0.9384374 0.09299874 0.9384374 0.09034937 0.9386839 0.0903449 0.9380421 0.09299874 0.9384374 0.0903449 0.9380421 0.09299528 0.9377279 0.09299528 0.9377279 0.0903449 0.9380421 0.09034335 0.9373609 0.09299528 0.9377279 0.09034335 0.9373609 0.09299528 0.936994 0.09299528 0.936994 0.09034335 0.9373609 0.0903449 0.9366793 0.09299528 0.936994 0.0903449 0.9366793 0.09299874 0.9362837 0.09299874 0.9362837 0.0903449 0.9366793 0.09034937 0.9360364 0.09299874 0.9362837 0.09034937 0.9360364 0.09300547 0.9356436 0.09300547 0.9356436 0.09034937 0.9360364 0.09035658 0.9354689 0.09300547 0.9356436 0.09035658 0.9354689 0.09301495 0.9351155 0.1244261 0.9595014 0.1247663 0.9621465 0.1242547 0.9621534 0.1244261 0.9595014 0.1242547 0.9621534 0.1237977 0.9595047 0.1237977 0.9595047 0.1242547 0.9621534 0.123649 0.9621555 0.1237977 0.9595047 0.123649 0.9621555 0.123448 0.9630149 0.123448 0.9630149 0.123649 0.9621555 0.1236392 0.9630152 0.1043663 0.9632716 0.1041707 0.9632723 0.1039697 0.962413 0.1039697 0.962413 0.1041707 0.9632723 0.1039795 0.9632727 0.1237977 0.9595047 0.123448 0.9630149 0.1230936 0.9595025 0.1230936 0.9595025 0.123448 0.9630149 0.1232525 0.9630141 0.1230936 0.9595025 0.1232525 0.9630141 0.1230537 0.9630129 0.104565 0.9632704 0.1045249 0.95976 0.1048887 0.9632692 0.1048887 0.9632692 0.1045249 0.95976 0.1048721 0.9597589 0.1048887 0.9632692 0.1048721 0.9597589 0.1051822 0.9632706 0.1051822 0.9632706 0.1048721 0.9597589 0.1051828 0.9597604 0.1051822 0.9632706 0.1051828 0.9597604 0.1054293 0.963274 0.04874879 0.9231505 0.05225616 0.9229494 0.05226111 0.9232062 0.04874879 0.9231505 0.05226111 0.9232062 0.04875254 0.92343 0.04875254 0.92343 0.05226111 0.9232062 0.0522648 0.9235185 0.04875254 0.92343 0.0522648 0.9235185 0.04875504 0.9237455 0.04875504 0.9237455 0.0522648 0.9235185 0.0522592 0.9236548 0.04875504 0.9237455 0.0522592 0.9236548 0.05223941 0.9237965 0.05223941 0.9237965 0.05220401 0.9239388 0.04875504 0.9237455 0.04875504 0.9237455 0.05220401 0.9239388 0.04875612 0.9240797 0.04875612 0.9240797 0.05220401 0.9239388 0.05215448 0.9240763 0.1252214 0.9413695 0.1252214 0.9463859 0.1245048 0.9413695 0.1245048 0.9413695 0.1252214 0.9463859 0.1245048 0.9463859 0.1269753 0.9326277 0.1260436 0.9396026 0.1260436 0.9326277 0.1260436 0.9326277 0.1260436 0.9396026 0.1256852 0.9392443 0.1260436 0.9326277 0.1256852 0.9392443 0.1256852 0.932986 0.1270681 0.9326398 0.1273337 0.932986 0.1269753 0.9326277 0.1269753 0.9326277 0.1273337 0.932986 0.1273337 0.9392443 0.1269753 0.9326277 0.1273337 0.9392443 0.1269753 0.9396026 0.1269753 0.9396026 0.1273337 0.9392443 0.1270681 0.9395903 0.1270681 0.9395903 0.1273337 0.9392443 0.1271545 0.9395546 0.1271545 0.9395546 0.1273337 0.9392443 0.1272287 0.9394976 0.1272287 0.9394976 0.1273337 0.9392443 0.1272857 0.9394235 0.1272857 0.9394235 0.1273337 0.9392443 0.1273215 0.939337 0.1270681 0.9326398 0.1271545 0.9326756 0.1273337 0.932986 0.1273337 0.932986 0.1271545 0.9326756 0.1272287 0.9327326 0.1273337 0.932986 0.1272287 0.9327326 0.1272857 0.9328069 0.1272857 0.9328069 0.1273215 0.9328933 0.1273337 0.932986 0.1269753 0.9396026 0.1260436 0.9396026 0.1269753 0.9326277 0.1260436 0.9396026 0.1259508 0.9395903 0.1256852 0.9392443 0.1256852 0.9392443 0.1259508 0.9395903 0.1258644 0.9395546 0.1256852 0.9392443 0.1258644 0.9395546 0.1257902 0.9394976 0.1257902 0.9394976 0.1257332 0.9394235 0.1256852 0.9392443 0.1256852 0.9392443 0.1257332 0.9394235 0.1256974 0.939337 0.1256974 0.9328933 0.1257332 0.9328069 0.1256852 0.932986 0.1256852 0.932986 0.1257332 0.9328069 0.1257902 0.9327326 0.1256852 0.932986 0.1257902 0.9327326 0.1258644 0.9326756 0.1258644 0.9326756 0.1259508 0.9326398 0.1256852 0.932986 0.1256852 0.932986 0.1259508 0.9326398 0.1260436 0.9326277 0.124412 0.9463861 0.124412 0.9447141 0.1245048 0.9463859 0.1245048 0.9463859 0.124412 0.9447141 0.124412 0.9430419 0.1245048 0.9463859 0.124412 0.9430419 0.1245048 0.9413695 0.1245048 0.9413695 0.124412 0.9430419 0.124412 0.9413698 0.124412 0.9413698 0.124412 0.9430419 0.1243256 0.9413705 0.1243256 0.9413705 0.124412 0.9430419 0.1243256 0.9430426 0.1243256 0.9413705 0.1243256 0.9430426 0.1242516 0.9413716 0.1242516 0.9413716 0.1243256 0.9430426 0.1242516 0.9430437 0.0802406 0.9351155 0.08191233 0.9351155 0.08023899 0.9351897 0.08023899 0.9351897 0.08191233 0.9351155 0.08191072 0.9351897 0.08023899 0.9351897 0.08191072 0.9351897 0.08023798 0.9352762 0.08023798 0.9352762 0.08191072 0.9351897 0.08190971 0.9352763 0.08023798 0.9352762 0.08190971 0.9352763 0.08023768 0.935369 0.08023768 0.935369 0.08190971 0.9352763 0.0835815 0.9352763 0.08023768 0.935369 0.0835815 0.9352763 0.08525288 0.935369 0.08525288 0.935369 0.0835815 0.9352763 0.08525323 0.9352763 0.08525323 0.9352763 0.0835815 0.9352763 0.08525425 0.9351899 0.08525425 0.9351899 0.0835815 0.9352763 0.08358246 0.9351899 0.08525425 0.9351899 0.08358246 0.9351899 0.0852558 0.9351156 0.0852558 0.9351156 0.08358246 0.9351899 0.08358407 0.9351156 0.1242516 0.9463879 0.1242516 0.9447157 0.1243256 0.9463868 0.1243256 0.9463868 0.1242516 0.9447157 0.1243256 0.9447147 0.1243256 0.9463868 0.1243256 0.9447147 0.124412 0.9463861 0.124412 0.9463861 0.1243256 0.9447147 0.124412 0.9447141 0.1243256 0.9430426 0.124412 0.9430419 0.124412 0.9447141 0.1243256 0.9430426 0.124412 0.9447141 0.1243256 0.9447147 0.1242516 0.9430437 0.1243256 0.9430426 0.1243256 0.9447147 0.1242516 0.9430437 0.1243256 0.9447147 0.1242516 0.9447157 0.08191072 0.9351897 0.08191233 0.9351155 0.08358407 0.9351156 0.08191072 0.9351897 0.08358407 0.9351156 0.08358246 0.9351899 0.08190971 0.9352763 0.08191072 0.9351897 0.08358246 0.9351899 0.08190971 0.9352763 0.08358246 0.9351899 0.0835815 0.9352763 0.1256852 0.9392443 0.1255803 0.9250252 0.1256852 0.9252787 0.1256852 0.9252787 0.1255803 0.9250252 0.1256372 0.9250995 0.1256852 0.9252787 0.1256372 0.9250995 0.125673 0.9251859 0.125673 0.939337 0.1256372 0.9394235 0.1256852 0.9392443 0.1256852 0.9392443 0.1256372 0.9394235 0.1255803 0.9394976 0.1256852 0.9392443 0.1255803 0.9394976 0.125506 0.9249683 0.125506 0.9249683 0.1255803 0.9394976 0.125506 0.9395546 0.125506 0.9249683 0.125506 0.9395546 0.1254196 0.9249325 0.1254196 0.9249325 0.125506 0.9395546 0.1254196 0.9395903 0.1254196 0.9249325 0.1254196 0.9395903 0.1253268 0.9249202 0.1253268 0.9249202 0.1254196 0.9395903 0.1253268 0.9396026 0.1253268 0.9249202 0.1253268 0.9396026 0.1246101 0.9249202 0.1246101 0.9249202 0.1253268 0.9396026 0.1246101 0.9396026 0.1246101 0.9249202 0.1246101 0.9396026 0.1245173 0.9249325 0.1245173 0.9249325 0.1246101 0.9396026 0.1245173 0.9395903 0.1245173 0.9249325 0.1245173 0.9395903 0.1244309 0.9249683 0.1244309 0.9249683 0.1245173 0.9395903 0.1244309 0.9395546 0.1244309 0.9249683 0.1244309 0.9395546 0.1243567 0.9250252 0.1243567 0.9250252 0.1244309 0.9395546 0.1242517 0.9252787 0.1243567 0.9250252 0.1242517 0.9252787 0.1242998 0.9250995 0.1242998 0.9250995 0.1242517 0.9252787 0.124264 0.9251859 0.1244309 0.9395546 0.1243567 0.9394976 0.1242517 0.9252787 0.1242517 0.9252787 0.1243567 0.9394976 0.1242517 0.9392443 0.1242517 0.9392443 0.1243567 0.9394976 0.1242998 0.9394235 0.1242517 0.9392443 0.1242998 0.9394235 0.124264 0.939337 0.125506 0.9249683 0.1255803 0.9250252 0.1256852 0.9392443 0.1259242 0.9137495 0.125315 0.9137494 0.1259242 0.9116 0.1259242 0.9116 0.125315 0.9137494 0.125315 0.9116 0.1269995 0.8978622 0.1276087 0.8978622 0.1269995 0.9000116 0.1269995 0.9000116 0.1276087 0.8978622 0.1276087 0.9000115 0.1171261 0.9544729 0.1171585 0.9542106 0.1211708 0.9552248 0.1211708 0.9552248 0.1171585 0.9542106 0.1171585 0.9513438 0.1211708 0.9552248 0.1171585 0.9513438 0.1211708 0.9474018 0.1211708 0.9474018 0.1171585 0.9513438 0.1171219 0.9510655 0.1211708 0.9474018 0.1171219 0.9510655 0.1170146 0.9508062 0.1170146 0.9508062 0.1168438 0.9505836 0.1211708 0.9474018 0.1211708 0.9474018 0.1168438 0.9505836 0.1157256 0.9474017 0.1157256 0.9474017 0.1168438 0.9505836 0.1166212 0.9504126 0.1157256 0.9474017 0.1166212 0.9504126 0.116362 0.9503052 0.116362 0.9503052 0.1160839 0.9502686 0.1157256 0.9474017 0.1157256 0.9474017 0.1160839 0.9502686 0.1157256 0.9502686 0.1164411 0.9552246 0.1166775 0.9551069 0.1211708 0.9552248 0.1211708 0.9552248 0.1166775 0.9551069 0.1168781 0.954935 0.1211708 0.9552248 0.1168781 0.954935 0.1170307 0.9547193 0.1170307 0.9547193 0.1171261 0.9544729 0.1211708 0.9552248 0.07934659 0.9629408 0.0784865 0.9629406 0.07934671 0.9625825 0.07934671 0.9625825 0.0784865 0.9629406 0.07848662 0.9625822 0.0784865 0.9629406 0.07934659 0.9629408 0.0784865 0.9632194 0.0784865 0.9632194 0.07934659 0.9629408 0.07934659 0.9632197 0.0784865 0.9632194 0.07934659 0.9632197 0.07848668 0.9634807 0.07848668 0.9634807 0.07934659 0.9632197 0.07934677 0.963481 0.07848668 0.9634807 0.07934677 0.963481 0.07848703 0.9637065 0.07848703 0.9637065 0.07934677 0.963481 0.07934713 0.9637067 0.09337532 0.9598391 0.09423542 0.9598391 0.09337562 0.9600618 0.09337562 0.9600618 0.09423542 0.9598391 0.09423571 0.9600618 0.09337562 0.9600618 0.09423571 0.9600618 0.09337586 0.9603211 0.09337586 0.9603211 0.09423571 0.9600618 0.09423595 0.9603211 0.09337586 0.9603211 0.09423595 0.9603211 0.09337592 0.9605994 0.09337592 0.9605994 0.09423595 0.9603211 0.09423601 0.9605994 0.09337592 0.9634663 0.09337592 0.9605994 0.09423601 0.9634663 0.09423601 0.9634663 0.09337592 0.9605994 0.09423601 0.9605994 0.1261191 0.9145623 0.1252578 0.9145622 0.1261184 0.9143823 0.1261184 0.9143823 0.1252578 0.9145622 0.1252579 0.9142833 0.1261184 0.9143823 0.1252579 0.9142833 0.126118 0.9142038 0.126118 0.9142038 0.1252579 0.9142833 0.1252582 0.914022 0.126118 0.9142038 0.1252582 0.914022 0.1261183 0.9139651 0.1261183 0.9139651 0.1252582 0.914022 0.1252586 0.9137961 0.1261183 0.9139651 0.1252586 0.9137961 0.1261188 0.9137611 0.09423547 0.9641906 0.09337532 0.9642265 0.09337562 0.9640039 0.09423547 0.9641906 0.09337562 0.9640039 0.09423577 0.963975 0.09423577 0.963975 0.09337562 0.9640039 0.09337586 0.9637445 0.09423577 0.963975 0.09337586 0.9637445 0.09423595 0.9637286 0.09423595 0.9637286 0.09337586 0.9637445 0.09337592 0.9634663 0.09423595 0.9637286 0.09337592 0.9634663 0.09423601 0.9634663 0.07522207 0.9352764 0.07689386 0.9352763 0.07522243 0.9353691 0.07522243 0.9353691 0.07689386 0.9352763 0.07856559 0.9352763 0.07522243 0.9353691 0.07856559 0.9352763 0.08023768 0.935369 0.08023768 0.935369 0.07856559 0.9352763 0.08023732 0.9352763 0.08023732 0.9352763 0.07856559 0.9352763 0.08023631 0.9351897 0.08023631 0.9351897 0.07856559 0.9352763 0.07856458 0.9351899 0.08023631 0.9351897 0.07856458 0.9351899 0.08023476 0.9351155 0.08023476 0.9351155 0.07856458 0.9351899 0.07856303 0.9351156 0.04643595 0.9575284 0.04643583 0.9592005 0.04636156 0.9575273 0.04636156 0.9575273 0.04643583 0.9592005 0.0463615 0.9591994 0.04636156 0.9575273 0.0463615 0.9591994 0.04627507 0.9575267 0.04627507 0.9575267 0.0463615 0.9591994 0.04627496 0.9591987 0.04627507 0.9575267 0.04627496 0.9591987 0.04618227 0.9575265 0.04618227 0.9575265 0.04627496 0.9591987 0.0462749 0.9608709 0.04618227 0.9575265 0.0462749 0.9608709 0.04618203 0.9625427 0.04618203 0.9625427 0.0462749 0.9608709 0.04627484 0.9625429 0.04627484 0.9625429 0.0462749 0.9608709 0.04636138 0.9625436 0.04636138 0.9625436 0.0462749 0.9608709 0.04636144 0.9608715 0.04636138 0.9625436 0.04636144 0.9608715 0.04643571 0.9625447 0.04643571 0.9625447 0.04636144 0.9608715 0.04643577 0.9608725 0.07521951 0.9351156 0.0768913 0.9351156 0.07522112 0.9351899 0.07522112 0.9351899 0.0768913 0.9351156 0.07689285 0.9351899 0.07522112 0.9351899 0.07689285 0.9351899 0.07522207 0.9352764 0.07522207 0.9352764 0.07689285 0.9351899 0.07689386 0.9352763 0.07856458 0.9351899 0.07856559 0.9352763 0.07689386 0.9352763 0.07856458 0.9351899 0.07689386 0.9352763 0.07689285 0.9351899 0.07856303 0.9351156 0.07856458 0.9351899 0.07689285 0.9351899 0.07856303 0.9351156 0.07689285 0.9351899 0.0768913 0.9351156 0.0463615 0.9591994 0.04643583 0.9592005 0.04643577 0.9608725 0.0463615 0.9591994 0.04643577 0.9608725 0.04636144 0.9608715 0.04627496 0.9591987 0.0463615 0.9591994 0.04636144 0.9608715 0.04627496 0.9591987 0.04636144 0.9608715 0.0462749 0.9608709 0.1257828 0.8975039 0.1256778 0.8832848 0.1257828 0.8835383 0.1257828 0.8835383 0.1256778 0.8832848 0.1257348 0.883359 0.1257828 0.8835383 0.1257348 0.883359 0.1257706 0.8834455 0.1257706 0.8975966 0.1257348 0.897683 0.1257828 0.8975039 0.1257828 0.8975039 0.1257348 0.897683 0.1256778 0.8977572 0.1257828 0.8975039 0.1256778 0.8977572 0.1256036 0.8832278 0.1256036 0.8832278 0.1256778 0.8977572 0.1256036 0.8978142 0.1256036 0.8832278 0.1256036 0.8978142 0.1255171 0.8831921 0.1255171 0.8831921 0.1256036 0.8978142 0.1255171 0.89785 0.1255171 0.8831921 0.1255171 0.89785 0.1254244 0.8831799 0.1254244 0.8831799 0.1255171 0.89785 0.1254244 0.8978622 0.1254244 0.8831799 0.1254244 0.8978622 0.1247076 0.8831799 0.1247076 0.8831799 0.1254244 0.8978622 0.1247076 0.8978622 0.1247076 0.8831799 0.1247076 0.8978622 0.1246149 0.8831921 0.1246149 0.8831921 0.1247076 0.8978622 0.1246149 0.89785 0.1246149 0.8831921 0.1246149 0.89785 0.1245285 0.8832278 0.1245285 0.8832278 0.1246149 0.89785 0.1245285 0.8978142 0.1245285 0.8832278 0.1245285 0.8978142 0.1244543 0.8832848 0.1244543 0.8832848 0.1245285 0.8978142 0.1243493 0.8835383 0.1244543 0.8832848 0.1243493 0.8835383 0.1243973 0.883359 0.1243973 0.883359 0.1243493 0.8835383 0.1243615 0.8834455 0.1245285 0.8978142 0.1244543 0.8977572 0.1243493 0.8835383 0.1243493 0.8835383 0.1244543 0.8977572 0.1243493 0.8975039 0.1243493 0.8975039 0.1244543 0.8977572 0.1243973 0.897683 0.1243493 0.8975039 0.1243973 0.897683 0.1243615 0.8975966 0.1256036 0.8832278 0.1256778 0.8832848 0.1257828 0.8975039 0.1257828 0.8835383 0.1260484 0.8831921 0.1257828 0.8897964 0.1257828 0.8897964 0.1260484 0.8831921 0.1260484 0.8901426 0.1257828 0.8897964 0.1260484 0.8901426 0.125962 0.8901068 0.125795 0.8834455 0.1258308 0.883359 0.1257828 0.8835383 0.1257828 0.8835383 0.1258308 0.883359 0.1258878 0.8832848 0.1257828 0.8835383 0.1258878 0.8832848 0.125962 0.8832278 0.125962 0.8832278 0.1260484 0.8831921 0.1257828 0.8835383 0.1260484 0.8831921 0.1261411 0.8831799 0.1260484 0.8901426 0.1260484 0.8901426 0.1261411 0.8831799 0.1261411 0.8901547 0.1261411 0.8901547 0.1261411 0.8831799 0.1268579 0.8831799 0.1261411 0.8901547 0.1268579 0.8831799 0.1268579 0.8901548 0.1268579 0.8901548 0.1268579 0.8831799 0.1269506 0.8901426 0.1269506 0.8901426 0.1268579 0.8831799 0.1269506 0.8831921 0.1269506 0.8901426 0.1269506 0.8831921 0.1272162 0.8897964 0.1272162 0.8897964 0.1269506 0.8831921 0.1272162 0.8835383 0.1272162 0.8835383 0.1269506 0.8831921 0.1270371 0.8832278 0.1272162 0.8835383 0.1270371 0.8832278 0.1271113 0.8832848 0.1271113 0.8832848 0.1271682 0.883359 0.1272162 0.8835383 0.1272162 0.8835383 0.1271682 0.883359 0.1272041 0.8834454 0.1272041 0.8898892 0.1271682 0.8899756 0.1272162 0.8897964 0.1272162 0.8897964 0.1271682 0.8899756 0.1271113 0.8900498 0.1272162 0.8897964 0.1271113 0.8900498 0.1270371 0.8901068 0.1270371 0.8901068 0.1269506 0.8901426 0.1272162 0.8897964 0.125962 0.8901068 0.1258878 0.8900498 0.1257828 0.8897964 0.1257828 0.8897964 0.1258878 0.8900498 0.1258308 0.8899757 0.1257828 0.8897964 0.1258308 0.8899757 0.125795 0.8898892 0.1020675 0.955685 0.1022485 0.9559205 0.102097 0.9564893 0.102097 0.9564893 0.1022485 0.9559205 0.1023771 0.9561881 0.102097 0.9564893 0.1023771 0.9561881 0.1024479 0.9564765 0.1020675 0.955685 0.102097 0.9564893 0.101902 0.955536 0.101902 0.955536 0.102097 0.9564893 0.1018183 0.9564996 0.101902 0.955536 0.1018183 0.9564996 0.1017119 0.955413 0.1017119 0.955413 0.1018183 0.9564996 0.1015572 0.9565095 0.1017119 0.955413 0.1015572 0.9565095 0.1015108 0.9553238 0.1015108 0.9553238 0.1015572 0.9565095 0.1013316 0.955273 0.1013316 0.955273 0.1015572 0.9565095 0.1013316 0.9565182 0.1275977 0.9082702 0.1288419 0.9083122 0.1275675 0.9084357 0.1275675 0.9084357 0.1288419 0.9083122 0.1288422 0.9085349 0.1275675 0.9084357 0.1288422 0.9085349 0.1275553 0.9086324 0.1275553 0.9086324 0.1288422 0.9085349 0.1288425 0.9087942 0.1275553 0.9086324 0.1288425 0.9087942 0.1275523 0.9088495 0.1275523 0.9088495 0.1288425 0.9087942 0.1288425 0.9090725 0.1275523 0.9088495 0.1288425 0.9090725 0.1275524 0.9090725 0.04546552 0.9575265 0.04546535 0.9625427 0.04538929 0.9575266 0.04538929 0.9575266 0.04546535 0.9625427 0.04537272 0.9591987 0.04538929 0.9575266 0.04537272 0.9591987 0.04531651 0.9575271 0.04531651 0.9575271 0.04537272 0.9591987 0.04528641 0.9591994 0.04531651 0.9575271 0.04528641 0.9591994 0.04525071 0.9575278 0.04525071 0.9575278 0.04528641 0.9591994 0.04521232 0.9592005 0.04525071 0.9575278 0.04521232 0.9592005 0.04519182 0.95753 0.09423601 0.9408718 0.09590709 0.9408493 0.09590554 0.9409236 0.09423601 0.9408718 0.09590554 0.9409236 0.09423738 0.9409416 0.09423738 0.9409416 0.09590554 0.9409236 0.09590452 0.9410101 0.09423738 0.9409416 0.09590452 0.9410101 0.09423893 0.9410211 0.09423893 0.9410211 0.09590452 0.9410101 0.09423959 0.9411028 0.09423959 0.9411028 0.09590452 0.9410101 0.09757626 0.9410101 0.09423959 0.9411028 0.09757626 0.9410101 0.09924769 0.9411029 0.09924769 0.9411029 0.09757626 0.9410101 0.09924799 0.9410101 0.09924799 0.9410101 0.09757626 0.9410101 0.099249 0.9409237 0.099249 0.9409237 0.09757626 0.9410101 0.09757727 0.9409237 0.099249 0.9409237 0.09757727 0.9409237 0.09925061 0.9408494 0.09925061 0.9408494 0.09757727 0.9409237 0.09757882 0.9408494 0.04521214 0.9625447 0.04521226 0.9608725 0.04528623 0.9625436 0.04528623 0.9625436 0.04521226 0.9608725 0.04528629 0.9608715 0.04528623 0.9625436 0.04528629 0.9608715 0.0453726 0.9625429 0.0453726 0.9625429 0.04528629 0.9608715 0.04537266 0.9608709 0.0453726 0.9625429 0.04537266 0.9608709 0.04546535 0.9625427 0.04546535 0.9625427 0.04537266 0.9608709 0.04537272 0.9591987 0.04528641 0.9591994 0.04537272 0.9591987 0.04537266 0.9608709 0.04528641 0.9591994 0.04537266 0.9608709 0.04528629 0.9608715 0.04521232 0.9592005 0.04528641 0.9591994 0.04528629 0.9608715 0.04521232 0.9592005 0.04528629 0.9608715 0.04521226 0.9608725 0.09590554 0.9409236 0.09590709 0.9408493 0.09757882 0.9408494 0.09590554 0.9409236 0.09757882 0.9408494 0.09757727 0.9409237 0.09590452 0.9410101 0.09590554 0.9409236 0.09757727 0.9409237 0.09590452 0.9410101 0.09757727 0.9409237 0.09757626 0.9410101 0.1015531 0.9222136 0.1016163 0.9221966 0.1014964 0.9222462 0.1014964 0.9222462 0.1016163 0.9221966 0.1014501 0.9222926 0.1014501 0.9222926 0.1016163 0.9221966 0.1016818 0.9221966 0.1014501 0.9222926 0.1016818 0.9221966 0.1014173 0.9223493 0.1014173 0.9223493 0.1016818 0.9221966 0.1017451 0.9222136 0.1014173 0.9223493 0.1017451 0.9222136 0.1014004 0.9224125 0.1014004 0.9224125 0.1017451 0.9222136 0.1018018 0.9222462 0.1014004 0.9224125 0.1018018 0.9222462 0.1014004 0.922478 0.1014004 0.922478 0.1018018 0.9222462 0.1018481 0.9222926 0.1014004 0.922478 0.1018481 0.9222926 0.1014173 0.9225413 0.1014173 0.9225413 0.1018481 0.9222926 0.1018809 0.9223493 0.1014173 0.9225413 0.1018809 0.9223493 0.1014501 0.922598 0.1014501 0.922598 0.1018809 0.9223493 0.1018978 0.9224125 0.1014501 0.922598 0.1018978 0.9224125 0.1014964 0.9226443 0.1014964 0.9226443 0.1018978 0.9224125 0.1018978 0.922478 0.1014964 0.9226443 0.1018978 0.922478 0.1015531 0.922677 0.1015531 0.922677 0.1018978 0.922478 0.1018809 0.9225413 0.1015531 0.922677 0.1018809 0.9225413 0.1016163 0.922694 0.1016163 0.922694 0.1018809 0.9225413 0.1018481 0.922598 0.1016163 0.922694 0.1018481 0.922598 0.1016818 0.922694 0.1016818 0.922694 0.1018481 0.922598 0.1018018 0.9226443 0.1016818 0.922694 0.1018018 0.9226443 0.1017451 0.922677 0.1021138 0.9221966 0.1022992 0.9226443 0.1020506 0.9222136 0.1020506 0.9222136 0.1022992 0.9226443 0.1022425 0.922677 0.1020506 0.9222136 0.1022425 0.922677 0.1019938 0.9222462 0.1019938 0.9222462 0.1022425 0.922677 0.1021793 0.922694 0.1019938 0.9222462 0.1021793 0.922694 0.1019475 0.9222926 0.1019475 0.9222926 0.1021793 0.922694 0.1021138 0.922694 0.1019475 0.9222926 0.1021138 0.922694 0.1019148 0.9223493 0.1019148 0.9223493 0.1021138 0.922694 0.1020506 0.922677 0.1019148 0.9223493 0.1020506 0.922677 0.1018978 0.9224125 0.1018978 0.9224125 0.1020506 0.922677 0.1019938 0.9226443 0.1018978 0.9224125 0.1019938 0.9226443 0.1018978 0.922478 0.1018978 0.922478 0.1019938 0.9226443 0.1019475 0.922598 0.1018978 0.922478 0.1019475 0.922598 0.1019148 0.9225413 0.1022992 0.9226443 0.1021138 0.9221966 0.1023455 0.922598 0.1023455 0.922598 0.1021138 0.9221966 0.1021793 0.9221966 0.1023455 0.922598 0.1021793 0.9221966 0.1023783 0.9225413 0.1023783 0.9225413 0.1021793 0.9221966 0.1022425 0.9222136 0.1023783 0.9225413 0.1022425 0.9222136 0.1023952 0.922478 0.1023952 0.922478 0.1022425 0.9222136 0.1022992 0.9222462 0.1023952 0.922478 0.1022992 0.9222462 0.1023952 0.9224125 0.1023952 0.9224125 0.1022992 0.9222462 0.1023455 0.9222926 0.1023952 0.9224125 0.1023455 0.9222926 0.1023783 0.9223493 0.1029887 0.9222462 0.1030454 0.9222136 0.1029424 0.9222926 0.1029424 0.9222926 0.1030454 0.9222136 0.1029096 0.9223493 0.1029096 0.9223493 0.1030454 0.9222136 0.1031087 0.9221966 0.1029096 0.9223493 0.1031087 0.9221966 0.1028926 0.9224125 0.1028926 0.9224125 0.1031087 0.9221966 0.1031741 0.9221966 0.1028926 0.9224125 0.1031741 0.9221966 0.1028926 0.922478 0.1028926 0.922478 0.1031741 0.9221966 0.1032374 0.9222136 0.1028926 0.922478 0.1032374 0.9222136 0.1029096 0.9225413 0.1029096 0.9225413 0.1032374 0.9222136 0.1032941 0.9222462 0.1029096 0.9225413 0.1032941 0.9222462 0.1029424 0.922598 0.1029424 0.922598 0.1032941 0.9222462 0.1033404 0.9222926 0.1029424 0.922598 0.1033404 0.9222926 0.1029887 0.9226443 0.1029887 0.9226443 0.1033404 0.9222926 0.1033731 0.9223493 0.1029887 0.9226443 0.1033731 0.9223493 0.1030454 0.922677 0.1030454 0.922677 0.1033731 0.9223493 0.1033901 0.9224125 0.1030454 0.922677 0.1033901 0.9224125 0.1031087 0.922694 0.1031087 0.922694 0.1033901 0.9224125 0.1033901 0.922478 0.1031087 0.922694 0.1033901 0.922478 0.1031741 0.922694 0.1031741 0.922694 0.1033901 0.922478 0.1033731 0.9225413 0.1031741 0.922694 0.1033731 0.9225413 0.1032374 0.922677 0.1032374 0.922677 0.1033731 0.9225413 0.1033404 0.922598 0.1032374 0.922677 0.1033404 0.922598 0.1032941 0.9226443 0.1024912 0.9226443 0.1026767 0.9221966 0.102548 0.922677 0.102548 0.922677 0.1026767 0.9221966 0.1027399 0.9222135 0.102548 0.922677 0.1027399 0.9222135 0.1026112 0.922694 0.1026112 0.922694 0.1027399 0.9222135 0.1027967 0.9222462 0.1026112 0.922694 0.1027967 0.9222462 0.1026767 0.922694 0.1026767 0.922694 0.1027967 0.9222462 0.1028429 0.9222926 0.1026767 0.922694 0.1028429 0.9222926 0.1027399 0.922677 0.1027399 0.922677 0.1028429 0.9222926 0.1028757 0.9223493 0.1027399 0.922677 0.1028757 0.9223493 0.1027967 0.9226443 0.1027967 0.9226443 0.1028757 0.9223493 0.1028926 0.9224125 0.1027967 0.9226443 0.1028926 0.9224125 0.1028429 0.922598 0.1028429 0.922598 0.1028926 0.9224125 0.1028926 0.922478 0.1028429 0.922598 0.1028926 0.922478 0.1028757 0.9225413 0.1026767 0.9221966 0.1024912 0.9226443 0.1026112 0.9221966 0.1026112 0.9221966 0.1024912 0.9226443 0.1024449 0.922598 0.1026112 0.9221966 0.1024449 0.922598 0.102548 0.9222135 0.102548 0.9222135 0.1024449 0.922598 0.1024122 0.9225413 0.102548 0.9222135 0.1024122 0.9225413 0.1024912 0.9222462 0.1024912 0.9222462 0.1024122 0.9225413 0.1023952 0.922478 0.1024912 0.9222462 0.1023952 0.922478 0.1024449 0.9222926 0.1024449 0.9222926 0.1023952 0.922478 0.1023952 0.9224125 0.1024449 0.9222926 0.1023952 0.9224125 0.1024122 0.9223493 0.04662245 0.9399041 0.05094635 0.938528 0.05217069 0.9398987 0.05217069 0.9398987 0.05094635 0.938528 0.05186343 0.9394434 0.05217069 0.9398987 0.05186343 0.9394434 0.05198514 0.9395815 0.04661583 0.9334536 0.04876565 0.9334514 0.04662245 0.9399041 0.04662245 0.9399041 0.04876565 0.9334514 0.05052554 0.9375147 0.04662245 0.9399041 0.05052554 0.9375147 0.05057477 0.9378857 0.05052554 0.9375147 0.04876565 0.9334514 0.05051422 0.9264635 0.05051422 0.9264635 0.04876565 0.9334514 0.04875612 0.9240797 0.05051422 0.9264635 0.04875612 0.9240797 0.05056267 0.9260924 0.05056267 0.9260924 0.04875612 0.9240797 0.05070555 0.9257466 0.05070555 0.9257466 0.04875612 0.9240797 0.050933 0.9254495 0.050933 0.9254495 0.04875612 0.9240797 0.05184817 0.9245323 0.05184817 0.9245323 0.04875612 0.9240797 0.05215448 0.9240763 0.05184817 0.9245323 0.05215448 0.9240763 0.05196958 0.9243939 0.05196958 0.9243939 0.05215448 0.9240763 0.05207228 0.9242411 0.05057477 0.9378857 0.05071824 0.9382312 0.04662245 0.9399041 0.04662245 0.9399041 0.05071824 0.9382312 0.05094635 0.938528 0.05198514 0.9395815 0.05208814 0.9397341 0.05217069 0.9398987 0.1284688 0.8992461 0.1276087 0.8992459 0.1284689 0.8988879 0.1284689 0.8988879 0.1276087 0.8992459 0.1276088 0.8988876 0.1276087 0.8992459 0.1284688 0.8992461 0.1276087 0.8995248 0.1276087 0.8995248 0.1284688 0.8992461 0.1284688 0.8995251 0.1276087 0.8995248 0.1284688 0.8995251 0.1276089 0.8997861 0.1276089 0.8997861 0.1284688 0.8995251 0.1284689 0.8997863 0.1276089 0.8997861 0.1284689 0.8997863 0.1276092 0.9000118 0.1276092 0.9000118 0.1284689 0.8997863 0.1284693 0.9000121 0.1286869 0.955574 0.1295469 0.955574 0.1286872 0.9557967 0.1286872 0.9557967 0.1295469 0.955574 0.1295472 0.9557967 0.1286872 0.9557967 0.1295472 0.9557967 0.1286874 0.956056 0.1286874 0.956056 0.1295472 0.9557967 0.1295475 0.956056 0.1286874 0.956056 0.1295475 0.956056 0.1286875 0.9563342 0.1286875 0.9563342 0.1295475 0.956056 0.1295475 0.9563342 0.1286874 0.9592012 0.1286875 0.9563342 0.1295475 0.9592012 0.1295475 0.9592012 0.1286875 0.9563342 0.1295475 0.9563342 0.1243109 0.9144293 0.1243117 0.9142493 0.1251723 0.9144287 0.1251723 0.9144287 0.1243117 0.9142493 0.1251722 0.9141498 0.1251722 0.9141498 0.1243117 0.9142493 0.1243121 0.9140708 0.1251722 0.9141498 0.1243121 0.9140708 0.1251723 0.9138885 0.1251723 0.9138885 0.1243121 0.9140708 0.1243122 0.913832 0.1251723 0.9138885 0.1243122 0.913832 0.1251726 0.9136625 0.1251726 0.9136625 0.1243122 0.913832 0.1243125 0.9136281 0.1295469 0.9599614 0.1286869 0.9599254 0.1295472 0.9597387 0.1295472 0.9597387 0.1286869 0.9599254 0.1286872 0.9597098 0.1295472 0.9597387 0.1286872 0.9597098 0.1295474 0.9594795 0.1295474 0.9594795 0.1286872 0.9597098 0.1286873 0.9594635 0.1295474 0.9594795 0.1286873 0.9594635 0.1295475 0.9592012 0.1295475 0.9592012 0.1286873 0.9594635 0.1286874 0.9592012 0.04519635 0.9503123 0.04510939 0.9478037 0.04524004 0.950309 0.04524004 0.950309 0.04510939 0.9478037 0.04563707 0.9477011 0.04524004 0.950309 0.04563707 0.9477011 0.04639101 0.9500938 0.04639101 0.9500938 0.04563707 0.9477011 0.04612284 0.9474708 0.04639101 0.9500938 0.04612284 0.9474708 0.04653632 0.9471271 0.04519635 0.9503123 0.04515278 0.9503168 0.04510939 0.9478037 0.04510939 0.9478037 0.04515278 0.9503168 0.04510939 0.9503228 0.04639101 0.9500938 0.04653632 0.9471271 0.04745191 0.9495984 0.04745191 0.9495984 0.04653632 0.9471271 0.04685157 0.9466918 0.04745191 0.9495984 0.04685157 0.9466918 0.04835581 0.9488542 0.04835581 0.9488542 0.04685157 0.9466918 0.04704904 0.9461917 0.04835581 0.9488542 0.04704904 0.9461917 0.04904556 0.9479081 0.04904556 0.9479081 0.04704904 0.9461917 0.04711621 0.9456583 0.04904556 0.9479081 0.04711621 0.9456583 0.04947769 0.9468199 0.04947769 0.9468199 0.04711621 0.9456583 0.0496248 0.9456583 0.0496248 0.9456583 0.04711621 0.9456583 0.04947769 0.9444966 0.04947769 0.9444966 0.04711621 0.9456583 0.04904556 0.9434085 0.04904556 0.9434085 0.04711621 0.9456583 0.04704904 0.9451249 0.04904556 0.9434085 0.04704904 0.9451249 0.04835581 0.9424623 0.04835581 0.9424623 0.04704904 0.9451249 0.04685157 0.9446248 0.04835581 0.9424623 0.04685157 0.9446248 0.04745191 0.9417181 0.04745191 0.9417181 0.04685157 0.9446248 0.04653632 0.9441894 0.04745191 0.9417181 0.04653632 0.9441894 0.04639101 0.9412228 0.04639101 0.9412228 0.04653632 0.9441894 0.04612284 0.9438458 0.04639101 0.9412228 0.04612284 0.9438458 0.04563707 0.9436154 0.04639101 0.9412228 0.04563707 0.9436154 0.04524004 0.9410075 0.04524004 0.9410075 0.04563707 0.9436154 0.04510939 0.9435128 0.04524004 0.9410075 0.04510939 0.9435128 0.04519635 0.9410043 0.04519635 0.9410043 0.04510939 0.9435128 0.04515278 0.9409998 0.04515278 0.9409998 0.04510939 0.9435128 0.04510939 0.9409938 0.1250799 0.9069647 0.1232522 0.9069692 0.1239672 0.9062507 0.1239672 0.9062507 0.1232522 0.9069692 0.1232393 0.9016653 0.1239672 0.9062507 0.1232393 0.9016653 0.1239578 0.9023804 0.1239578 0.9023804 0.1232393 0.9016653 0.125067 0.9016609 0.1239578 0.9023804 0.125067 0.9016609 0.1253913 0.9023768 0.1253913 0.9023768 0.125067 0.9016609 0.1253504 0.9002984 0.1253913 0.9023768 0.1253504 0.9002984 0.1261035 0.9005116 0.1261035 0.9005116 0.1253504 0.9002984 0.1261051 0.9004396 0.1261051 0.9004396 0.1253504 0.9002984 0.1261104 0.9003679 0.1261104 0.9003679 0.1253504 0.9002984 0.1261192 0.9002965 0.125067 0.9016609 0.1250644 0.9005858 0.1253504 0.9002984 0.1253504 0.9002984 0.1250644 0.9005858 0.1252659 0.9000959 0.1253504 0.9002984 0.1252659 0.9000959 0.1253116 0.9001551 0.1249902 0.9005762 0.1249888 0.9000223 0.1250644 0.9005858 0.1250644 0.9005858 0.1249888 0.9000223 0.125063 0.9000124 0.1250644 0.9005858 0.125063 0.9000124 0.1251372 0.900022 0.1249888 0.9000223 0.1249902 0.9005762 0.1249198 0.9000511 0.1249198 0.9000511 0.1249902 0.9005762 0.124921 0.9005478 0.1249198 0.9000511 0.124921 0.9005478 0.1248605 0.9000969 0.1248605 0.9000969 0.124921 0.9005478 0.1248615 0.9005023 0.1248605 0.9000969 0.1248615 0.9005023 0.1248151 0.9001564 0.1248151 0.9001564 0.1248615 0.9005023 0.1248158 0.9004431 0.1248151 0.9001564 0.1248158 0.9004431 0.1247866 0.9002255 0.1247866 0.9002255 0.1248158 0.9004431 0.124787 0.9003739 0.1247866 0.9002255 0.124787 0.9003739 0.124777 0.9002998 0.1251372 0.900022 0.1252064 0.9000505 0.1250644 0.9005858 0.1250644 0.9005858 0.1252064 0.9000505 0.1252659 0.9000959 0.1253116 0.9001551 0.1253405 0.9002242 0.1253504 0.9002984 0.1261035 0.9005116 0.1261192 0.9069622 0.1253913 0.9023768 0.1253913 0.9023768 0.1261192 0.9069622 0.1254007 0.9062472 0.1254007 0.9062472 0.1261192 0.9069622 0.12551 0.9069637 0.1254007 0.9062472 0.12551 0.9069637 0.1250799 0.9069647 0.1250799 0.9069647 0.12551 0.9069637 0.1255125 0.9080388 0.1250799 0.9069647 0.1255125 0.9080388 0.1250826 0.9080398 0.1254007 0.9062472 0.1250799 0.9069647 0.1239672 0.9062507 0.1143071 0.9618112 0.1153821 0.9618112 0.1143071 0.9639609 0.1143071 0.9639609 0.1153821 0.9618112 0.1153821 0.963961 0.1256871 0.9570574 0.1267263 0.9570575 0.125687 0.9571502 0.125687 0.9571502 0.1267263 0.9570575 0.126726 0.9571502 0.125687 0.9571502 0.126726 0.9571502 0.1256863 0.9572368 0.1256863 0.9572368 0.126726 0.9571502 0.1267254 0.9572368 0.1256863 0.9572368 0.1267254 0.9572368 0.1256852 0.957311 0.1256852 0.957311 0.1267254 0.9572368 0.1267243 0.9573112 0.1273707 0.9232731 0.1273707 0.9222342 0.127445 0.9232714 0.127445 0.9232714 0.1273707 0.9222342 0.127445 0.9222326 0.127445 0.9232714 0.127445 0.9222326 0.1275314 0.9232705 0.1275314 0.9232705 0.127445 0.9222326 0.1275314 0.9222316 0.1275314 0.9232705 0.1275314 0.9222316 0.1276242 0.9232701 0.1276242 0.9232701 0.1275314 0.9222316 0.1276242 0.9222313 0.1243493 0.8799437 0.1243493 0.8978622 0.1232383 0.8799437 0.1232383 0.8799437 0.1243493 0.8978622 0.1232383 0.8978622 0.1232383 0.8799437 0.1232383 0.8978622 0.1231456 0.879956 0.1231456 0.879956 0.1232383 0.8978622 0.1231456 0.89785 0.1231456 0.879956 0.1231456 0.89785 0.1230592 0.8799918 0.1230592 0.8799918 0.1231456 0.89785 0.1230592 0.8978142 0.1230592 0.8799918 0.1230592 0.8978142 0.122985 0.8800487 0.122985 0.8800487 0.1230592 0.8978142 0.12288 0.8803021 0.122985 0.8800487 0.12288 0.8803021 0.122928 0.8801229 0.122928 0.8801229 0.12288 0.8803021 0.1228922 0.8802093 0.1230592 0.8978142 0.122985 0.8977572 0.12288 0.8803021 0.12288 0.8803021 0.122985 0.8977572 0.12288 0.8975039 0.12288 0.8975039 0.122985 0.8977572 0.122928 0.897683 0.12288 0.8975039 0.122928 0.897683 0.1228922 0.8975966 0.1283272 0.8842187 0.1283272 0.8831798 0.1284199 0.8842191 0.1284199 0.8842191 0.1283272 0.8831798 0.1284199 0.8831802 0.1284199 0.8842191 0.1284199 0.8831802 0.1285064 0.88422 0.1285064 0.88422 0.1284199 0.8831802 0.1285064 0.8831812 0.1285064 0.88422 0.1285064 0.8831812 0.1285806 0.8842216 0.1285806 0.8842216 0.1285064 0.8831812 0.1285806 0.8831828 0.1256852 0.9396026 0.1267243 0.9396026 0.1256862 0.9396767 0.1256862 0.9396767 0.1267243 0.9396026 0.1267253 0.9396768 0.1256862 0.9396767 0.1267253 0.9396768 0.125687 0.9397631 0.125687 0.9397631 0.1267253 0.9396768 0.126726 0.9397631 0.125687 0.9397631 0.126726 0.9397631 0.1256871 0.9398557 0.1256871 0.9398557 0.126726 0.9397631 0.1267262 0.9398558 0.05583858 0.9254881 0.0558781 0.925154 0.05648732 0.9240246 0.05648732 0.9240246 0.0558781 0.925154 0.0558781 0.9229496 0.05648732 0.9240246 0.0558781 0.9229496 0.05648732 0.9229496 0.05727571 0.9240246 0.05718296 0.9240369 0.05648732 0.9240246 0.05648732 0.9240246 0.05718296 0.9240369 0.05709654 0.9240726 0.05648732 0.9240246 0.05709654 0.9240726 0.05702233 0.9241296 0.05702233 0.9241296 0.05696535 0.9242038 0.05648732 0.9240246 0.05648732 0.9240246 0.05696535 0.9242038 0.05692958 0.9242902 0.05648732 0.9240246 0.05692958 0.9242902 0.05691736 0.9243829 0.05691736 0.9415847 0.0558781 0.9336463 0.05691736 0.9243829 0.05691736 0.9243829 0.0558781 0.9336463 0.05583858 0.9333122 0.05691736 0.9243829 0.05583858 0.9333122 0.05555558 0.9294001 0.05555558 0.9294001 0.05583858 0.9333122 0.05554091 0.9295114 0.05554091 0.9295114 0.05583858 0.9333122 0.05572223 0.9329964 0.05554091 0.9295114 0.05572223 0.9329964 0.05553555 0.9327164 0.0558781 0.9336463 0.05691736 0.9415847 0.05648732 0.9419431 0.05648732 0.9419431 0.05691736 0.9415847 0.05692958 0.9416775 0.05648732 0.9419431 0.05692958 0.9416775 0.05696535 0.9417639 0.05696535 0.9417639 0.05702233 0.9418382 0.05648732 0.9419431 0.05648732 0.9419431 0.05702233 0.9418382 0.05709654 0.941895 0.05648732 0.9419431 0.05709654 0.941895 0.05718296 0.9419309 0.05718296 0.9419309 0.05727571 0.9419431 0.05648732 0.9419431 0.05648732 0.9430182 0.0558781 0.9430182 0.05648732 0.9419431 0.05648732 0.9419431 0.0558781 0.9430182 0.0558781 0.9336463 0.05528867 0.9324877 0.05542957 0.9297042 0.05553555 0.9327164 0.05553555 0.9327164 0.05542957 0.9297042 0.05549794 0.9296151 0.05553555 0.9327164 0.05549794 0.9296151 0.05554091 0.9295114 0.05499529 0.9323229 0.05512553 0.9298302 0.05528867 0.9324877 0.05528867 0.9324877 0.05512553 0.9298302 0.05523681 0.9298155 0.05528867 0.9324877 0.05523681 0.9298155 0.05534052 0.9297726 0.05467158 0.932231 0.05491048 0.9297726 0.05499529 0.9323229 0.05499529 0.9323229 0.05491048 0.9297726 0.05501419 0.9298155 0.05499529 0.9323229 0.05501419 0.9298155 0.05512553 0.9298302 0.05396777 0.9320229 0.05471014 0.9295114 0.05467158 0.932231 0.05467158 0.932231 0.05471014 0.9295114 0.05475306 0.9296151 0.05467158 0.932231 0.05475306 0.9296151 0.05482143 0.9297042 0.05333983 0.9316431 0.05333983 0.9271572 0.05396777 0.9320229 0.05396777 0.9320229 0.05333983 0.9271572 0.05396777 0.9267774 0.05396777 0.9320229 0.05396777 0.9267774 0.05469548 0.9294001 0.05469548 0.9294001 0.05396777 0.9267774 0.05471014 0.9292889 0.05471014 0.9292889 0.05396777 0.9267774 0.05467158 0.9265694 0.05471014 0.9292889 0.05467158 0.9265694 0.05475306 0.9291852 0.05475306 0.9291852 0.05467158 0.9265694 0.05482143 0.9290961 0.05482143 0.9290961 0.05467158 0.9265694 0.05491048 0.9290277 0.05491048 0.9290277 0.05467158 0.9265694 0.05499529 0.9264774 0.05491048 0.9290277 0.05499529 0.9264774 0.05501419 0.9289848 0.05501419 0.9289848 0.05499529 0.9264774 0.05512553 0.9289701 0.05512553 0.9289701 0.05499529 0.9264774 0.05528867 0.9263126 0.05512553 0.9289701 0.05528867 0.9263126 0.05523681 0.9289848 0.05523681 0.9289848 0.05528867 0.9263126 0.05534052 0.9290277 0.05534052 0.9290277 0.05528867 0.9263126 0.05542957 0.9290961 0.05542957 0.9290961 0.05528867 0.9263126 0.05553555 0.9260839 0.05542957 0.9290961 0.05553555 0.9260839 0.05549794 0.9291852 0.05549794 0.9291852 0.05553555 0.9260839 0.05554091 0.9292889 0.05554091 0.9292889 0.05553555 0.9260839 0.05572223 0.9258039 0.05554091 0.9292889 0.05572223 0.9258039 0.05583858 0.9254881 0.05333983 0.9271572 0.05333983 0.9316431 0.0528289 0.9276841 0.0528289 0.9276841 0.05333983 0.9316431 0.0528289 0.9311162 0.0528289 0.9276841 0.0528289 0.9311162 0.05246847 0.9283234 0.05246847 0.9283234 0.0528289 0.9311162 0.05246847 0.9304769 0.05246847 0.9283234 0.05246847 0.9304769 0.05228215 0.9290332 0.05228215 0.9290332 0.05246847 0.9304769 0.05228215 0.9297671 0.05469548 0.9294001 0.05471014 0.9295114 0.05396777 0.9320229 0.05482143 0.9297042 0.05491048 0.9297726 0.05467158 0.932231 0.05534052 0.9297726 0.05542957 0.9297042 0.05528867 0.9324877 0.05691736 0.9243829 0.05555558 0.9294001 0.05583858 0.9254881 0.05583858 0.9254881 0.05555558 0.9294001 0.05554091 0.9292889 0.05691736 0.9243829 0.05583858 0.9254881 0.05648732 0.9240246 0.08521741 0.9613427 0.0862925 0.9613427 0.08521741 0.9634925 0.08521741 0.9634925 0.0862925 0.9613427 0.0862925 0.9634925 0.1242517 0.9282889 0.123535 0.9290056 0.1224241 0.9282889 0.1224241 0.9282889 0.123535 0.9290056 0.1221015 0.9290056 0.1224241 0.9282889 0.1221015 0.9290056 0.1221374 0.925207 0.1221374 0.925207 0.1221015 0.9290056 0.1213847 0.925207 0.1213847 0.925207 0.1221015 0.9290056 0.1213847 0.9335928 0.1213847 0.9335928 0.1221015 0.9290056 0.1221015 0.9328761 0.1213847 0.9335928 0.1221015 0.9328761 0.121994 0.9335928 0.121994 0.9335928 0.1221015 0.9328761 0.1224241 0.9335928 0.121994 0.9335928 0.1224241 0.9335928 0.1224241 0.934668 0.1242517 0.9282889 0.1242517 0.9335928 0.123535 0.9290056 0.123535 0.9290056 0.1242517 0.9335928 0.123535 0.9328761 0.123535 0.9328761 0.1242517 0.9335928 0.1224241 0.9335928 0.123535 0.9328761 0.1224241 0.9335928 0.1221015 0.9328761 0.1224241 0.934668 0.121994 0.934668 0.121994 0.9335928 0.1221472 0.9251328 0.1221758 0.9250636 0.1221374 0.925207 0.1221374 0.925207 0.1221758 0.9250636 0.1222214 0.9250043 0.1221374 0.925207 0.1222214 0.9250043 0.1224241 0.9254936 0.1224241 0.9254936 0.1222214 0.9250043 0.1222807 0.9249587 0.1224241 0.9254936 0.1222807 0.9249587 0.1223499 0.92493 0.1223499 0.92493 0.1224241 0.9249203 0.1224241 0.9254936 0.1224241 0.9254936 0.1224241 0.9249203 0.1224983 0.925484 0.1224983 0.925484 0.1224241 0.9249203 0.1224983 0.92493 0.1224983 0.925484 0.1224983 0.92493 0.1225674 0.9254552 0.1225674 0.9254552 0.1224983 0.92493 0.1225674 0.9249587 0.1225674 0.9254552 0.1225674 0.9249587 0.1226268 0.9254097 0.1226268 0.9254097 0.1225674 0.9249587 0.1226268 0.9250043 0.1226268 0.9254097 0.1226268 0.9250043 0.1226723 0.9253503 0.1226723 0.9253503 0.1226268 0.9250043 0.1226723 0.9250636 0.1226723 0.9253503 0.1226723 0.9250636 0.122701 0.9252812 0.122701 0.9252812 0.1226723 0.9250636 0.122701 0.9251328 0.122701 0.9252812 0.122701 0.9251328 0.1227108 0.9252069 0.1224241 0.9254936 0.1224241 0.9282889 0.1221374 0.925207 0.1157256 0.9313339 0.1159406 0.9248833 0.1178755 0.9313339 0.1178755 0.9313339 0.1159406 0.9248833 0.1196312 0.927269 0.1178755 0.9313339 0.1196312 0.927269 0.1196312 0.9311528 0.1157256 0.9313339 0.1157256 0.922948 0.1159406 0.9248833 0.1159406 0.9248833 0.1157256 0.922948 0.1159406 0.922948 0.1212739 0.9248835 0.1209671 0.9253391 0.1159406 0.9248833 0.1159406 0.9248833 0.1209671 0.9253391 0.120051 0.9262555 0.1159406 0.9248833 0.120051 0.9262555 0.1198232 0.9265523 0.1211915 0.9250481 0.1210886 0.9252008 0.1212739 0.9248835 0.1212739 0.9248835 0.1210886 0.9252008 0.1209671 0.9253391 0.1198232 0.9265523 0.1196801 0.926898 0.1159406 0.9248833 0.1159406 0.9248833 0.1196801 0.926898 0.1196312 0.927269 0.1196312 0.9311528 0.1196801 0.9315239 0.1178755 0.9313339 0.1178755 0.9313339 0.1196801 0.9315239 0.1178755 0.9335384 0.1178755 0.9335384 0.1196801 0.9315239 0.1198232 0.9318696 0.1178755 0.9335384 0.1198232 0.9318696 0.120051 0.9321665 0.120051 0.9321665 0.1209671 0.9330828 0.1178755 0.9335384 0.1178755 0.9335384 0.1209671 0.9330828 0.1212739 0.9335386 0.1212739 0.9335386 0.1209671 0.9330828 0.1210886 0.9332211 0.1212739 0.9335386 0.1210886 0.9332211 0.1211915 0.9333739 0.09870004 0.9397869 0.09874886 0.9394159 0.09925061 0.9408493 0.09925061 0.9408493 0.09874886 0.9394159 0.09874886 0.9393337 0.09925061 0.9408493 0.09874886 0.9393337 0.09870362 0.9389763 0.09857064 0.9386414 0.0988363 0.9350607 0.09870362 0.9389763 0.09870362 0.9389763 0.0988363 0.9350607 0.09925061 0.9347139 0.09870362 0.9389763 0.09925061 0.9347139 0.09925061 0.9408493 0.09857064 0.9386414 0.09835839 0.9383503 0.0988363 0.9350607 0.0988363 0.9350607 0.09835839 0.9383503 0.09834855 0.9352936 0.09834855 0.9352936 0.09835839 0.9383503 0.09808027 0.9381213 0.09834855 0.9352936 0.09808027 0.9381213 0.09781819 0.9353973 0.09781819 0.9353973 0.09808027 0.9381213 0.09775382 0.9379689 0.09781819 0.9353973 0.09775382 0.9379689 0.09739971 0.9379027 0.0962488 0.9376874 0.09676414 0.9352002 0.09739971 0.9379027 0.09739971 0.9379027 0.09676414 0.9352002 0.09727865 0.9353656 0.09739971 0.9379027 0.09727865 0.9353656 0.09781819 0.9353973 0.0951879 0.9371921 0.09593635 0.9345187 0.0962488 0.9376874 0.0962488 0.9376874 0.09593635 0.9345187 0.09630709 0.934912 0.0962488 0.9376874 0.09630709 0.934912 0.09676414 0.9352002 0.09428399 0.9364479 0.09554058 0.9335221 0.0951879 0.9371921 0.0951879 0.9371921 0.09554058 0.9335221 0.09567534 0.9340456 0.0951879 0.9371921 0.09567534 0.9340456 0.09593635 0.9345187 0.09554058 0.9335221 0.09428399 0.9364479 0.09428399 0.930056 0.09428399 0.930056 0.09428399 0.9364479 0.09359419 0.9355017 0.09428399 0.930056 0.09359419 0.9355017 0.09359419 0.9310021 0.09359419 0.9310021 0.09359419 0.9355017 0.09316211 0.9344136 0.09359419 0.9310021 0.09316211 0.9344136 0.09316211 0.9320904 0.09316211 0.9320904 0.09316211 0.9344136 0.09301495 0.933252 0.09554058 0.9335221 0.09428399 0.930056 0.09554058 0.9329817 0.09554058 0.9329817 0.09428399 0.930056 0.0951879 0.9293118 0.09554058 0.9329817 0.0951879 0.9293118 0.09567534 0.9324584 0.09567534 0.9324584 0.0951879 0.9293118 0.09593635 0.9319851 0.09593635 0.9319851 0.0951879 0.9293118 0.0962488 0.9288164 0.09593635 0.9319851 0.0962488 0.9288164 0.09630709 0.931592 0.09630709 0.931592 0.0962488 0.9288164 0.09676414 0.9313036 0.09676414 0.9313036 0.0962488 0.9288164 0.09739971 0.9286012 0.09676414 0.9313036 0.09739971 0.9286012 0.09727865 0.9311383 0.09727865 0.9311383 0.09739971 0.9286012 0.09781819 0.9311066 0.09781819 0.9311066 0.09739971 0.9286012 0.09775382 0.928535 0.09781819 0.9311066 0.09775382 0.928535 0.09808027 0.9283825 0.09781819 0.9311066 0.09808027 0.9283825 0.09834855 0.9312104 0.09834855 0.9312104 0.09808027 0.9283825 0.09835839 0.9281535 0.09834855 0.9312104 0.09835839 0.9281535 0.0988363 0.9314431 0.0988363 0.9314431 0.09835839 0.9281535 0.09857064 0.9278624 0.0988363 0.9314431 0.09857064 0.9278624 0.09870362 0.9275277 0.0988363 0.9314431 0.09870362 0.9275277 0.09925061 0.9317901 0.09925061 0.9317901 0.09870362 0.9275277 0.09874886 0.9271702 0.09925061 0.9317901 0.09874886 0.9271702 0.09925061 0.9179137 0.09925061 0.9179137 0.09874886 0.9271702 0.09874886 0.9193472 0.09925061 0.9179137 0.09874886 0.9193472 0.09870004 0.9189762 0.09870004 0.9189762 0.09855681 0.9186305 0.09925061 0.9179137 0.09925061 0.9179137 0.09855681 0.9186305 0.098329 0.9183336 0.09925061 0.9179137 0.098329 0.9183336 0.09803211 0.9181058 0.09803211 0.9181058 0.0976864 0.9179626 0.09925061 0.9179137 0.09925061 0.9179137 0.0976864 0.9179626 0.09731543 0.9179137 0.09731543 0.9408493 0.0976864 0.9408006 0.09925061 0.9408493 0.09925061 0.9408493 0.0976864 0.9408006 0.09803211 0.9406573 0.09925061 0.9408493 0.09803211 0.9406573 0.098329 0.9404295 0.098329 0.9404295 0.09855681 0.9401326 0.09925061 0.9408493 0.09925061 0.9408493 0.09855681 0.9401326 0.09870004 0.9397869 0.0619716 0.9404049 0.06301063 0.9404048 0.06197136 0.9404976 0.06197136 0.9404976 0.06301063 0.9404048 0.06301045 0.9404975 0.06197136 0.9404976 0.06301045 0.9404975 0.06197065 0.940584 0.06197065 0.940584 0.06301045 0.9404975 0.06300973 0.9405838 0.06197065 0.940584 0.06300973 0.9405838 0.06196951 0.940658 0.06196951 0.940658 0.06300973 0.9405838 0.06300866 0.940658 0.1273708 0.927966 0.1273708 0.9269271 0.1274451 0.9279643 0.1274451 0.9279643 0.1273708 0.9269271 0.1274451 0.9269255 0.1274451 0.9279643 0.1274451 0.9269255 0.1275315 0.9279634 0.1275315 0.9279634 0.1274451 0.9269255 0.1275315 0.9269245 0.1275315 0.9279634 0.1275315 0.9269245 0.1276242 0.927963 0.1276242 0.927963 0.1275315 0.9269245 0.1276242 0.9269241 0.1256852 0.9326277 0.1256852 0.9304779 0.1267603 0.9326276 0.1267603 0.9326276 0.1256852 0.9304779 0.1267603 0.9304777 0.1232123 0.9463879 0.1232123 0.9453127 0.1236423 0.9463879 0.1236423 0.9463879 0.1232123 0.9453127 0.1236423 0.9453127 0.1236423 0.9453127 0.1232123 0.9453127 0.1235349 0.9445961 0.1236423 0.9453127 0.1235349 0.9445961 0.1242516 0.9453127 0.1242516 0.9453127 0.1235349 0.9445961 0.1235349 0.9407257 0.1242516 0.9453127 0.1235349 0.9407257 0.1242516 0.936927 0.1242516 0.936927 0.1235349 0.9407257 0.123499 0.936927 0.123499 0.936927 0.1235349 0.9407257 0.1232123 0.9400089 0.123499 0.936927 0.1232123 0.9400089 0.1232123 0.9372137 0.1235349 0.9445961 0.1232123 0.9453127 0.1221014 0.9445961 0.1221014 0.9445961 0.1232123 0.9453127 0.1213846 0.9453127 0.1221014 0.9445961 0.1213846 0.9453127 0.1213846 0.9400089 0.1221014 0.9445961 0.1213846 0.9400089 0.1221014 0.9407257 0.1221014 0.9407257 0.1213846 0.9400089 0.1232123 0.9400089 0.1221014 0.9407257 0.1232123 0.9400089 0.1235349 0.9407257 0.1231381 0.9372039 0.1231381 0.93665 0.1232123 0.9372137 0.1232123 0.9372137 0.1231381 0.93665 0.1232123 0.9366403 0.1232123 0.9372137 0.1232123 0.9366403 0.1232865 0.93665 0.1231381 0.93665 0.1231381 0.9372039 0.1230689 0.9366787 0.1230689 0.9366787 0.1231381 0.9372039 0.1230689 0.9371752 0.1230689 0.9366787 0.1230689 0.9371752 0.1230096 0.9367242 0.1230096 0.9367242 0.1230689 0.9371752 0.1230096 0.9371296 0.1230096 0.9367242 0.1230096 0.9371296 0.122964 0.9367836 0.122964 0.9367836 0.1230096 0.9371296 0.122964 0.9370703 0.122964 0.9367836 0.122964 0.9370703 0.1229354 0.9368527 0.1229354 0.9368527 0.122964 0.9370703 0.1229354 0.9370011 0.1229354 0.9368527 0.1229354 0.9370011 0.1229256 0.936927 0.1232865 0.93665 0.1233556 0.9366787 0.1232123 0.9372137 0.1232123 0.9372137 0.1233556 0.9366787 0.1234151 0.9367242 0.1232123 0.9372137 0.1234151 0.9367242 0.123499 0.936927 0.123499 0.936927 0.1234151 0.9367242 0.1234606 0.9367836 0.123499 0.936927 0.1234606 0.9367836 0.1234893 0.9368527 0.1259244 0.9000121 0.1259244 0.8978623 0.1269994 0.900012 0.1269994 0.900012 0.1259244 0.8978623 0.1269994 0.8978622 0.1196188 0.9000124 0.1190096 0.8989373 0.1196188 0.8906406 0.1196188 0.8906406 0.1190096 0.8989373 0.1185796 0.8985789 0.1196188 0.8906406 0.1185796 0.8985789 0.1185796 0.8813772 0.1196188 0.9000124 0.1190096 0.9000124 0.1190096 0.8989373 0.1182212 0.8989373 0.1183139 0.8989251 0.1190096 0.8989373 0.1190096 0.8989373 0.1183139 0.8989251 0.1184003 0.8988893 0.1190096 0.8989373 0.1184003 0.8988893 0.1184746 0.8988323 0.1184746 0.8988323 0.1185315 0.8987581 0.1190096 0.8989373 0.1190096 0.8989373 0.1185315 0.8987581 0.1185674 0.8986716 0.1190096 0.8989373 0.1185674 0.8986716 0.1185796 0.8985789 0.1185674 0.8812845 0.1190096 0.8810189 0.1185796 0.8813772 0.1185796 0.8813772 0.1190096 0.8810189 0.1196583 0.8903064 0.1185796 0.8813772 0.1196583 0.8903064 0.1196188 0.8906406 0.1185674 0.8812845 0.1185315 0.8811981 0.1190096 0.8810189 0.1190096 0.8810189 0.1185315 0.8811981 0.1184746 0.8811238 0.1190096 0.8810189 0.1184746 0.8811238 0.1184003 0.8810669 0.1184003 0.8810669 0.1183139 0.881031 0.1190096 0.8810189 0.1190096 0.8810189 0.1183139 0.881031 0.1182212 0.8810189 0.1190096 0.8799437 0.1196188 0.8799437 0.1190096 0.8810189 0.1190096 0.8810189 0.1196188 0.8799437 0.1196188 0.8821482 0.1190096 0.8810189 0.1196188 0.8821482 0.1196583 0.8824824 0.1197746 0.8827982 0.1199414 0.8863944 0.1196583 0.8824824 0.1196583 0.8824824 0.1199414 0.8863944 0.1196583 0.8903064 0.1196583 0.8824824 0.1196583 0.8903064 0.1190096 0.8810189 0.1199414 0.8863944 0.1197746 0.8827982 0.119956 0.886283 0.119956 0.886283 0.1197746 0.8827982 0.1199614 0.8830781 0.119956 0.886283 0.1199614 0.8830781 0.119999 0.8861793 0.119999 0.8861793 0.1199614 0.8830781 0.1200673 0.8860903 0.1200673 0.8860903 0.1199614 0.8830781 0.1202083 0.8833068 0.1200673 0.8860903 0.1202083 0.8833068 0.1201564 0.886022 0.1201564 0.886022 0.1202083 0.8833068 0.1202601 0.8859789 0.1202601 0.8859789 0.1202083 0.8833068 0.1203714 0.8859644 0.1203714 0.8859644 0.1202083 0.8833068 0.1205016 0.8834717 0.1203714 0.8859644 0.1205016 0.8834717 0.1204827 0.8859789 0.1204827 0.8859789 0.1205016 0.8834717 0.1205864 0.886022 0.1205864 0.886022 0.1205016 0.8834717 0.1208254 0.8835636 0.1205864 0.886022 0.1208254 0.8835636 0.1206755 0.8860903 0.1206755 0.8860903 0.1208254 0.8835636 0.1207438 0.8861793 0.1207438 0.8861793 0.1208254 0.8835636 0.1207868 0.886283 0.1207868 0.886283 0.1208254 0.8835636 0.121024 0.8836027 0.1207868 0.886283 0.121024 0.8836027 0.1208015 0.8863944 0.1208015 0.8863944 0.121024 0.8836027 0.1212195 0.8836557 0.1208015 0.8863944 0.1212195 0.8836557 0.1212195 0.889133 0.1212195 0.889133 0.1212195 0.8836557 0.1214107 0.8890663 0.1214107 0.8890663 0.1212195 0.8836557 0.1214107 0.8837224 0.1212195 0.889133 0.121024 0.889186 0.1208015 0.8863944 0.1208015 0.8863944 0.121024 0.889186 0.1207868 0.8865057 0.1207868 0.8865057 0.121024 0.889186 0.1208254 0.8892251 0.1207868 0.8865057 0.1208254 0.8892251 0.1207438 0.8866094 0.1207438 0.8866094 0.1208254 0.8892251 0.1206755 0.8866985 0.1206755 0.8866985 0.1208254 0.8892251 0.1205864 0.8867668 0.1205864 0.8867668 0.1208254 0.8892251 0.1205016 0.889317 0.1205864 0.8867668 0.1205016 0.889317 0.1204827 0.8868098 0.1204827 0.8868098 0.1205016 0.889317 0.1203714 0.8868244 0.1203714 0.8868244 0.1205016 0.889317 0.1202083 0.8894819 0.1203714 0.8868244 0.1202083 0.8894819 0.1202601 0.8868098 0.1202601 0.8868098 0.1202083 0.8894819 0.1201564 0.8867668 0.1201564 0.8867668 0.1202083 0.8894819 0.1200673 0.8866985 0.1200673 0.8866985 0.1202083 0.8894819 0.1199614 0.8897107 0.1200673 0.8866985 0.1199614 0.8897107 0.119999 0.8866094 0.119999 0.8866094 0.1199614 0.8897107 0.119956 0.8865057 0.119956 0.8865057 0.1199614 0.8897107 0.1197746 0.8899906 0.119956 0.8865057 0.1197746 0.8899906 0.1199414 0.8863944 0.1199414 0.8863944 0.1197746 0.8899906 0.1196583 0.8903064 0.1259378 0.9583501 0.1259378 0.9573112 0.1260306 0.9583504 0.1260306 0.9583504 0.1259378 0.9573112 0.1260306 0.9573115 0.1260306 0.9583504 0.1260306 0.9573115 0.126117 0.9583514 0.126117 0.9583514 0.1260306 0.9573115 0.126117 0.9573125 0.126117 0.9583514 0.126117 0.9573125 0.1261911 0.9583529 0.1261911 0.9583529 0.126117 0.9573125 0.1261911 0.957314 0.06196951 0.9229496 0.06300866 0.9229496 0.06197065 0.9230239 0.06197065 0.9230239 0.06300866 0.9229496 0.06300973 0.9230238 0.06197065 0.9230239 0.06300973 0.9230238 0.06197136 0.9231105 0.06197136 0.9231105 0.06300973 0.9230238 0.06301039 0.9231104 0.06197136 0.9231105 0.06301039 0.9231104 0.0619716 0.9232032 0.0619716 0.9232032 0.06301039 0.9231104 0.06301069 0.9232031 0.1214107 0.8978622 0.1214107 0.8799437 0.1225216 0.8978622 0.1225216 0.8978622 0.1214107 0.8799437 0.1225216 0.8799437 0.1225216 0.8978622 0.1225216 0.8799437 0.1226144 0.8978499 0.1226144 0.8978499 0.1225216 0.8799437 0.1226144 0.879956 0.1226144 0.8978499 0.1226144 0.879956 0.1227008 0.8978142 0.1227008 0.8978142 0.1226144 0.879956 0.1227008 0.8799918 0.1227008 0.8978142 0.1227008 0.8799918 0.122775 0.8977572 0.122775 0.8977572 0.1227008 0.8799918 0.12288 0.8975039 0.122775 0.8977572 0.12288 0.8975039 0.122832 0.897683 0.122832 0.897683 0.12288 0.8975039 0.1228678 0.8975966 0.1227008 0.8799918 0.122775 0.8800487 0.12288 0.8975039 0.12288 0.8975039 0.122775 0.8800487 0.12288 0.8803021 0.12288 0.8803021 0.122775 0.8800487 0.122832 0.8801229 0.12288 0.8803021 0.122832 0.8801229 0.1228678 0.8802093 0.1250825 0.9149206 0.1255125 0.9149217 0.1250799 0.9159957 0.1250799 0.9159957 0.1255125 0.9149217 0.1255099 0.9159967 0.1250799 0.9159957 0.1255099 0.9159967 0.1254007 0.9167132 0.1254007 0.9167132 0.1255099 0.9159967 0.1261192 0.9159982 0.1254007 0.9167132 0.1261192 0.9159982 0.1253913 0.9205836 0.1253913 0.9205836 0.1261192 0.9159982 0.1261035 0.9224489 0.1253913 0.9205836 0.1261035 0.9224489 0.1253504 0.922662 0.1253504 0.922662 0.1261035 0.9224489 0.1261051 0.9225208 0.1253504 0.922662 0.1261051 0.9225208 0.1261103 0.9225925 0.1261103 0.9225925 0.1261192 0.9226639 0.1253504 0.922662 0.1253404 0.9227362 0.1253116 0.9228053 0.1253504 0.922662 0.1253504 0.922662 0.1253116 0.9228053 0.1252659 0.9228646 0.1253504 0.922662 0.1252659 0.9228646 0.1250644 0.9223746 0.1250644 0.9223746 0.1252659 0.9228646 0.1252064 0.92291 0.1250644 0.9223746 0.1252064 0.92291 0.1251372 0.9229385 0.1251372 0.9229385 0.125063 0.922948 0.1250644 0.9223746 0.1250644 0.9223746 0.125063 0.922948 0.1249902 0.9223843 0.1249902 0.9223843 0.125063 0.922948 0.1249888 0.9229381 0.1249902 0.9223843 0.1249888 0.9229381 0.124921 0.9224128 0.124921 0.9224128 0.1249888 0.9229381 0.1249197 0.9229093 0.124921 0.9224128 0.1249197 0.9229093 0.1248615 0.9224581 0.1248615 0.9224581 0.1249197 0.9229093 0.1248605 0.9228636 0.1248615 0.9224581 0.1248605 0.9228636 0.1248158 0.9225174 0.1248158 0.9225174 0.1248605 0.9228636 0.1248151 0.9228041 0.1248158 0.9225174 0.1248151 0.9228041 0.1247869 0.9225865 0.1247869 0.9225865 0.1248151 0.9228041 0.1247866 0.9227349 0.1247869 0.9225865 0.1247866 0.9227349 0.124777 0.9226606 0.1250644 0.9223746 0.125067 0.9212996 0.1253504 0.922662 0.1253504 0.922662 0.125067 0.9212996 0.1253913 0.9205836 0.1253913 0.9205836 0.125067 0.9212996 0.1239578 0.9205801 0.1239578 0.9205801 0.125067 0.9212996 0.1232393 0.9212951 0.1239578 0.9205801 0.1232393 0.9212951 0.1232522 0.9159913 0.1239578 0.9205801 0.1232522 0.9159913 0.1239672 0.9167097 0.1239672 0.9167097 0.1232522 0.9159913 0.1250799 0.9159957 0.1239672 0.9167097 0.1250799 0.9159957 0.1254007 0.9167132 0.1044945 0.955273 0.1036344 0.955273 0.1044946 0.9524061 0.1044946 0.9524061 0.1036344 0.955273 0.1036346 0.9488224 0.1044946 0.9524061 0.1036346 0.9488224 0.1045337 0.9520735 0.1045337 0.9520735 0.1036346 0.9488224 0.104649 0.9517589 0.104649 0.9517589 0.1036346 0.9488224 0.1048341 0.9514798 0.1048341 0.9514798 0.1036346 0.9488224 0.1053702 0.9473889 0.1048341 0.9514798 0.1053702 0.9473889 0.1050789 0.9512512 0.1050789 0.9512512 0.1053702 0.9473889 0.1053702 0.9510857 0.1036346 0.9488224 0.1036224 0.9487296 0.1053702 0.9473889 0.1053702 0.9473889 0.1036224 0.9487296 0.1035866 0.9486432 0.1053702 0.9473889 0.1035866 0.9486432 0.1035296 0.9485689 0.1035296 0.9485689 0.1034554 0.948512 0.1053702 0.9473889 0.1053702 0.9473889 0.1034554 0.948512 0.1023445 0.9473889 0.1023445 0.9473889 0.1034554 0.948512 0.1033689 0.9484762 0.1023445 0.9473889 0.1033689 0.9484762 0.1032762 0.9484639 0.1032762 0.9484639 0.1025595 0.9484639 0.1023445 0.9473889 0.1023445 0.9473889 0.1025595 0.9484639 0.1024832 0.9484722 0.1023445 0.9473889 0.1024832 0.9484722 0.1024104 0.9484965 0.1024104 0.9484965 0.1023445 0.9485356 0.1023445 0.9473889 0.1053702 0.9510857 0.1053702 0.9473889 0.1055065 0.9510362 0.1055065 0.9510362 0.1053702 0.9473889 0.1057413 0.9473889 0.1055065 0.9510362 0.1057413 0.9473889 0.1056484 0.9510002 0.1056484 0.9510002 0.1057413 0.9473889 0.1057907 0.9509794 0.1057907 0.9509794 0.1057413 0.9473889 0.1059283 0.9509727 0.1059283 0.9509727 0.1057413 0.9473889 0.1060873 0.9473889 0.1059283 0.9509727 0.1060873 0.9473889 0.1060931 0.9509727 0.1060931 0.9509727 0.1060873 0.9473889 0.1062461 0.9509727 0.1062461 0.9509727 0.1060873 0.9473889 0.1063847 0.947389 0.1062461 0.9509727 0.1063847 0.947389 0.1063846 0.9509727 0.1297378 0.9000124 0.1297378 0.9035961 0.1287963 0.900013 0.1287963 0.900013 0.1297378 0.9035961 0.1287963 0.9035967 0.1211826 0.9535902 0.1247662 0.9535903 0.1211826 0.9538875 0.1211826 0.9538875 0.1247662 0.9535903 0.1247662 0.9538876 0.1211826 0.9538875 0.1247662 0.9538876 0.1211825 0.9542335 0.1211825 0.9542335 0.1247662 0.9538876 0.1247662 0.9542337 0.1211825 0.9542335 0.1247662 0.9542337 0.1211825 0.9546046 0.1211825 0.9546046 0.1247662 0.9542337 0.1247662 0.9546048 0.1247662 0.9546048 0.1247661 0.9584886 0.1211825 0.9546046 0.1211825 0.9546046 0.1247661 0.9584886 0.1211825 0.9584885 0.1211825 0.9584885 0.1247661 0.9584886 0.1211824 0.9588595 0.1211824 0.9588595 0.1247661 0.9584886 0.1247661 0.9588595 0.1211824 0.9588595 0.1247661 0.9588595 0.1211824 0.9592048 0.1211824 0.9592048 0.1247661 0.9588595 0.1247661 0.9592049 0.1211824 0.9592048 0.1247661 0.9592049 0.1211825 0.9595013 0.1211825 0.9595013 0.1247661 0.9592049 0.1247661 0.9595014 0.100166 0.9604889 0.100166 0.9640726 0.09922468 0.960488 0.09922468 0.960488 0.100166 0.9640726 0.09922462 0.9640716 0.07164257 0.9409938 0.07522624 0.9409939 0.07164257 0.9411318 0.07164257 0.9411318 0.07522624 0.9409939 0.0752263 0.9412904 0.07164257 0.9411318 0.0752263 0.9412904 0.07164257 0.9412844 0.07164257 0.9412844 0.0752263 0.9412904 0.07164257 0.9414489 0.07164257 0.9414489 0.0752263 0.9412904 0.0752263 0.9416357 0.07164257 0.9414489 0.0752263 0.9416357 0.07163584 0.9415864 0.07163584 0.9415864 0.0752263 0.9416357 0.07161504 0.9417285 0.07161504 0.9417285 0.0752263 0.9416357 0.07157891 0.9418702 0.07157891 0.9418702 0.0752263 0.9416357 0.0752263 0.9420067 0.07157891 0.9418702 0.0752263 0.9420067 0.07152956 0.9420066 0.07522606 0.9493831 0.07131993 0.9456948 0.0752263 0.9420067 0.0752263 0.9420067 0.07131993 0.9456948 0.07130533 0.9455836 0.0752263 0.9420067 0.07130533 0.9455836 0.07126235 0.9454799 0.07152938 0.9493831 0.07134765 0.9490703 0.07522606 0.9493831 0.07522606 0.9493831 0.07134765 0.9490703 0.07126235 0.9459099 0.07522606 0.9493831 0.07126235 0.9459099 0.07130533 0.9458062 0.07126235 0.9459099 0.07134765 0.9490703 0.07119399 0.9459989 0.07119399 0.9459989 0.07134765 0.9490703 0.07109349 0.948813 0.07119399 0.9459989 0.07109349 0.948813 0.07110494 0.9460672 0.07110494 0.9460672 0.07109349 0.948813 0.07078295 0.9486275 0.07110494 0.9460672 0.07078295 0.9486275 0.07100123 0.9461103 0.07100123 0.9461103 0.07078295 0.9486275 0.07088989 0.9461249 0.07088989 0.9461249 0.07078295 0.9486275 0.07043588 0.9485256 0.07088989 0.9461249 0.07043588 0.9485256 0.0707786 0.9461103 0.0707786 0.9461103 0.07043588 0.9485256 0.06973212 0.9483175 0.0707786 0.9461103 0.06973212 0.9483175 0.07067489 0.9460672 0.07067489 0.9460672 0.06973212 0.9483175 0.06910419 0.9479377 0.07067489 0.9460672 0.06910419 0.9479377 0.07058584 0.9459989 0.07058584 0.9459989 0.06910419 0.9479377 0.06859326 0.9474108 0.07058584 0.9459989 0.06859326 0.9474108 0.07051748 0.9459099 0.07051748 0.9459099 0.06859326 0.9474108 0.06823283 0.9467715 0.07051748 0.9459099 0.06823283 0.9467715 0.0704745 0.9458062 0.0704745 0.9458062 0.06823283 0.9467715 0.06804651 0.9460617 0.0704745 0.9458062 0.06804651 0.9460617 0.0704599 0.9456948 0.0704599 0.9456948 0.06804651 0.9460617 0.06804656 0.9453278 0.0704599 0.9456948 0.06804656 0.9453278 0.0704745 0.9455835 0.0704745 0.9455835 0.06804656 0.9453278 0.06823289 0.944618 0.0704745 0.9455835 0.06823289 0.944618 0.07051748 0.9454798 0.07051748 0.9454798 0.06823289 0.944618 0.06859332 0.9439787 0.07051748 0.9454798 0.06859332 0.9439787 0.07058584 0.9453907 0.07058584 0.9453907 0.06859332 0.9439787 0.06910431 0.9434519 0.07058584 0.9453907 0.06910431 0.9434519 0.07067489 0.9453224 0.07067489 0.9453224 0.06910431 0.9434519 0.06973224 0.943072 0.07067489 0.9453224 0.06973224 0.943072 0.0707786 0.9452795 0.0707786 0.9452795 0.06973224 0.943072 0.07043606 0.9428641 0.0707786 0.9452795 0.07043606 0.9428641 0.07088994 0.9452648 0.07088994 0.9452648 0.07043606 0.9428641 0.07078313 0.9427621 0.07088994 0.9452648 0.07078313 0.9427621 0.07100123 0.9452795 0.07100123 0.9452795 0.07078313 0.9427621 0.07110494 0.9453224 0.07110494 0.9453224 0.07078313 0.9427621 0.07109361 0.9425767 0.07110494 0.9453224 0.07109361 0.9425767 0.07119399 0.9453907 0.07119399 0.9453907 0.07109361 0.9425767 0.07134783 0.9423194 0.07119399 0.9453907 0.07134783 0.9423194 0.07126235 0.9454799 0.07126235 0.9454799 0.07134783 0.9423194 0.0752263 0.9420067 0.07134783 0.9423194 0.07152956 0.9420066 0.0752263 0.9420067 0.07130533 0.9458062 0.07131993 0.9456948 0.07522606 0.9493831 0.07152938 0.9493831 0.07522606 0.9493831 0.07157874 0.9495195 0.07157874 0.9495195 0.07522606 0.9493831 0.07522606 0.9497542 0.07157874 0.9495195 0.07522606 0.9497542 0.0716148 0.9496614 0.0716148 0.9496614 0.07522606 0.9497542 0.0716356 0.9498036 0.0716356 0.9498036 0.07522606 0.9497542 0.07164239 0.9499413 0.07164239 0.9499413 0.07522606 0.9497542 0.07522606 0.9501003 0.07164239 0.9499413 0.07522606 0.9501003 0.07164233 0.950106 0.07164233 0.950106 0.07522606 0.9501003 0.07164233 0.950259 0.07164233 0.950259 0.07522606 0.9501003 0.075226 0.9503976 0.07164233 0.950259 0.075226 0.9503976 0.07164233 0.9503975 0.1297378 0.917213 0.1297378 0.9207968 0.1287963 0.9172137 0.1287963 0.9172137 0.1297378 0.9207968 0.1287963 0.9207974 0.06445026 0.9408681 0.06803399 0.9408681 0.06445026 0.9411655 0.06445026 0.9411655 0.06803399 0.9408681 0.06803393 0.9411656 0.06445026 0.9411655 0.06803393 0.9411656 0.06445026 0.9415114 0.06445026 0.9415114 0.06803393 0.9411656 0.06803393 0.9415115 0.06445026 0.9415114 0.06803393 0.9415115 0.0644502 0.9418825 0.0644502 0.9418825 0.06803393 0.9415115 0.06803393 0.9418826 0.06803393 0.9418826 0.06803369 0.9529339 0.0644502 0.9418825 0.0644502 0.9418825 0.06803369 0.9529339 0.06444996 0.9529338 0.06444996 0.9529338 0.06803369 0.9529339 0.06444996 0.9533047 0.06444996 0.9533047 0.06803369 0.9529339 0.06803369 0.9533048 0.06444996 0.9533047 0.06803369 0.9533048 0.06444996 0.9536501 0.06444996 0.9536501 0.06803369 0.9533048 0.06803369 0.9536502 0.06444996 0.9536501 0.06803369 0.9536502 0.06444996 0.9539466 0.06444996 0.9539466 0.06803369 0.9536502 0.06803369 0.9539467 0.1296625 0.8895929 0.1296625 0.8931766 0.1287211 0.8895921 0.1287211 0.8895921 0.1296625 0.8931766 0.1287211 0.8931757 0.08521741 0.9531717 0.08521741 0.9495881 0.08535546 0.9531717 0.08535546 0.9531717 0.08521741 0.9495881 0.08551383 0.9495881 0.08535546 0.9531717 0.08551383 0.9495881 0.08550798 0.9531717 0.08550798 0.9531717 0.08551383 0.9495881 0.08567249 0.9531717 0.08567249 0.9531717 0.08551383 0.9495881 0.08585929 0.949588 0.08567249 0.9531717 0.08585929 0.949588 0.08580881 0.9531784 0.08580881 0.9531784 0.08585929 0.949588 0.08595055 0.9531989 0.08595055 0.9531989 0.08585929 0.949588 0.08609271 0.9532349 0.08609271 0.9532349 0.08585929 0.949588 0.08623021 0.949588 0.08609271 0.9532349 0.08623021 0.949588 0.08623021 0.9532848 0.1239305 0.9143742 0.12396 0.91357 0.1241115 0.9141389 0.1241115 0.9141389 0.12396 0.91357 0.1242402 0.9138713 0.1242402 0.9138713 0.12396 0.91357 0.1243109 0.9135829 0.09026676 0.9353689 0.08525872 0.9353691 0.09026747 0.9352872 0.09026747 0.9352872 0.08525872 0.9353691 0.08860188 0.9352763 0.09026747 0.9352872 0.08860188 0.9352763 0.09026902 0.9352077 0.09026902 0.9352077 0.08860188 0.9352763 0.08860087 0.9351897 0.09026902 0.9352077 0.08860087 0.9351897 0.0902704 0.935138 0.0902704 0.935138 0.08860087 0.9351897 0.08859932 0.9351155 0.1254958 0.9413731 0.1254751 0.9430436 0.1254367 0.9413709 0.1254367 0.9413709 0.1254751 0.9430436 0.1254008 0.9430425 0.1254367 0.9413709 0.1254008 0.9430425 0.1253706 0.9413701 0.1253706 0.9413701 0.1254008 0.9430425 0.1253142 0.9430419 0.1253706 0.9413701 0.1253142 0.9430419 0.1252978 0.9413697 0.1252978 0.9413697 0.1253142 0.9430419 0.1252214 0.9413695 0.1252214 0.9413695 0.1253142 0.9430419 0.1253142 0.944714 0.1252214 0.9413695 0.1253142 0.944714 0.1252214 0.9463859 0.1252214 0.9463859 0.1253142 0.944714 0.1253142 0.9463861 0.1253142 0.9463861 0.1253142 0.944714 0.1254008 0.9463867 0.1254008 0.9463867 0.1253142 0.944714 0.1254008 0.9447147 0.1254008 0.9463867 0.1254008 0.9447147 0.1254751 0.9463878 0.1254751 0.9463878 0.1254008 0.9447147 0.1254751 0.9447157 0.0852558 0.9351156 0.08692753 0.9351156 0.08525741 0.9351899 0.08525741 0.9351899 0.08692753 0.9351156 0.08692914 0.9351899 0.08525741 0.9351899 0.08692914 0.9351899 0.08525836 0.9352763 0.08525836 0.9352763 0.08692914 0.9351899 0.08693015 0.9352763 0.08525836 0.9352763 0.08693015 0.9352763 0.08525872 0.9353691 0.08525872 0.9353691 0.08693015 0.9352763 0.08860188 0.9352763 0.08860087 0.9351897 0.08860188 0.9352763 0.08693015 0.9352763 0.08860087 0.9351897 0.08693015 0.9352763 0.08692914 0.9351899 0.08859932 0.9351155 0.08860087 0.9351897 0.08692914 0.9351899 0.08859932 0.9351155 0.08692914 0.9351899 0.08692753 0.9351156 0.1254008 0.9430425 0.1254751 0.9430436 0.1254751 0.9447157 0.1254008 0.9430425 0.1254751 0.9447157 0.1254008 0.9447147 0.1253142 0.9430419 0.1254008 0.9430425 0.1254008 0.9447147 0.1253142 0.9430419 0.1254008 0.9447147 0.1253142 0.944714 0.08710575 0.9574721 0.08710575 0.9546051 0.08796584 0.9574721 0.08796584 0.9574721 0.08710575 0.9546051 0.08796584 0.9510214 0.08796584 0.9510214 0.08710575 0.9546051 0.08706665 0.9542725 0.08796584 0.9510214 0.08706665 0.9542725 0.08695137 0.953958 0.08695137 0.953958 0.08676624 0.9536789 0.08796584 0.9510214 0.08796584 0.9510214 0.08676624 0.9536789 0.08623021 0.949588 0.08796584 0.9510214 0.08623021 0.949588 0.08797806 0.9509287 0.08797806 0.9509287 0.08623021 0.949588 0.08801388 0.9508423 0.08801388 0.9508423 0.08623021 0.949588 0.0880708 0.9507681 0.0880708 0.9507681 0.08623021 0.949588 0.08814501 0.9507111 0.08814501 0.9507111 0.08623021 0.949588 0.08925598 0.949588 0.08814501 0.9507111 0.08925598 0.949588 0.0882315 0.9506753 0.0882315 0.9506753 0.08925598 0.949588 0.08832424 0.9506631 0.08832424 0.9506631 0.08925598 0.949588 0.08904093 0.9506631 0.08904093 0.9506631 0.08925598 0.949588 0.08911722 0.9506713 0.08911722 0.9506713 0.08925598 0.949588 0.08919 0.9506955 0.08919 0.9506955 0.08925598 0.949588 0.08925598 0.9507347 0.08676624 0.9536789 0.08652138 0.9534502 0.08623021 0.949588 0.08623021 0.949588 0.08652138 0.9534502 0.08623021 0.9532848 0.1239305 0.9143742 0.1237649 0.9145234 0.12396 0.91357 0.12396 0.91357 0.1237649 0.9145234 0.1236813 0.9135599 0.1236813 0.9135599 0.1237649 0.9145234 0.1235749 0.9146466 0.1236813 0.9135599 0.1235749 0.9146466 0.1234202 0.9135505 0.1234202 0.9135505 0.1235749 0.9146466 0.1233739 0.9147362 0.1234202 0.9135505 0.1233739 0.9147362 0.1231945 0.9147875 0.1234202 0.9135505 0.1231945 0.9147875 0.1231945 0.9135426 0.1275523 0.9127836 0.1287963 0.9127417 0.1288271 0.9129071 0.1275523 0.9127836 0.1288271 0.9129071 0.1275526 0.9130063 0.1275526 0.9130063 0.1288271 0.9129071 0.1288397 0.9131038 0.1275526 0.9130063 0.1288397 0.9131038 0.1275528 0.9132656 0.1275528 0.9132656 0.1288397 0.9131038 0.128843 0.9133209 0.1275528 0.9132656 0.128843 0.9133209 0.1275529 0.9135439 0.1275529 0.9135439 0.128843 0.9133209 0.128843 0.9135439 0.1207926 0.9143062 0.1208919 0.9143474 0.1207079 0.9146226 0.1207079 0.9146226 0.1208919 0.9143474 0.1208145 0.9146366 0.1207079 0.9146226 0.1208145 0.9146366 0.1208145 0.914936 0.1208919 0.9143474 0.1207926 0.9143062 0.1210415 0.9140881 0.1210415 0.9140881 0.1207926 0.9143062 0.1209563 0.9140227 0.1210415 0.9140881 0.1209563 0.9140227 0.1212532 0.9138764 0.1212532 0.9138764 0.1209563 0.9140227 0.1211878 0.9137911 0.1212532 0.9138764 0.1211878 0.9137911 0.1215124 0.9137267 0.1215124 0.9137267 0.1211878 0.9137911 0.1214713 0.9136274 0.1215124 0.9137267 0.1214713 0.9136274 0.1218015 0.9136492 0.1218015 0.9136492 0.1214713 0.9136274 0.1217875 0.9135426 0.1218015 0.9136492 0.1217875 0.9135426 0.1221008 0.9136492 0.1221008 0.9136492 0.1217875 0.9135426 0.1221149 0.9135426 0.1221008 0.9136492 0.1221149 0.9135426 0.1224311 0.9136274 0.1221008 0.9136492 0.1224311 0.9136274 0.12239 0.9137267 0.12239 0.9137267 0.1224311 0.9136274 0.1227146 0.9137911 0.12239 0.9137267 0.1227146 0.9137911 0.1226492 0.9138764 0.1226492 0.9138764 0.1227146 0.9137911 0.1229461 0.9140227 0.1226492 0.9138764 0.1229461 0.9140227 0.1228609 0.9140881 0.1228609 0.9140881 0.1229461 0.9140227 0.1231098 0.9143062 0.1228609 0.9140881 0.1231098 0.9143062 0.1230105 0.9143474 0.1230105 0.9143474 0.1231098 0.9143062 0.1231945 0.9146225 0.1230105 0.9143474 0.1231945 0.9146225 0.123088 0.9146365 0.123088 0.9146365 0.1231945 0.9146225 0.123088 0.9149359 0.123088 0.9149359 0.1231945 0.9146225 0.1231945 0.9149499 0.123088 0.9149359 0.1231945 0.9149499 0.1230105 0.915225 0.1230105 0.915225 0.1231945 0.9149499 0.1231098 0.9152662 0.1230105 0.915225 0.1231098 0.9152662 0.1228609 0.9154843 0.1228609 0.9154843 0.1231098 0.9152662 0.1229462 0.9155498 0.1228609 0.9154843 0.1229462 0.9155498 0.1226492 0.915696 0.1226492 0.915696 0.1229462 0.9155498 0.1227146 0.9157813 0.1226492 0.915696 0.1227146 0.9157813 0.12239 0.9158457 0.12239 0.9158457 0.1227146 0.9157813 0.1224311 0.9159451 0.12239 0.9158457 0.1224311 0.9159451 0.1221009 0.9159232 0.1221009 0.9159232 0.1224311 0.9159451 0.1221149 0.9160298 0.1221009 0.9159232 0.1221149 0.9160298 0.1218016 0.9159232 0.1218016 0.9159232 0.1221149 0.9160298 0.1217875 0.9160298 0.1218016 0.9159232 0.1217875 0.9160298 0.1214713 0.9159451 0.1218016 0.9159232 0.1214713 0.9159451 0.1215124 0.9158458 0.1215124 0.9158458 0.1214713 0.9159451 0.1211878 0.9157813 0.1215124 0.9158458 0.1211878 0.9157813 0.1212532 0.915696 0.1212532 0.915696 0.1211878 0.9157813 0.1209563 0.9155498 0.1212532 0.915696 0.1209563 0.9155498 0.1210415 0.9154843 0.1210415 0.9154843 0.1209563 0.9155498 0.1207926 0.9152662 0.1210415 0.9154843 0.1207926 0.9152662 0.1208919 0.9152251 0.1208919 0.9152251 0.1207926 0.9152662 0.1207079 0.91495 0.1208919 0.9152251 0.1207079 0.91495 0.1208145 0.914936 0.1208145 0.914936 0.1207079 0.91495 0.1207079 0.9146226 0.1183059 0.9143062 0.1184052 0.9143474 0.1182212 0.9146226 0.1182212 0.9146226 0.1184052 0.9143474 0.1183277 0.9146365 0.1182212 0.9146226 0.1183277 0.9146365 0.1183277 0.914936 0.1184052 0.9143474 0.1183059 0.9143062 0.1185549 0.9140881 0.1185549 0.9140881 0.1183059 0.9143062 0.1184696 0.9140227 0.1185549 0.9140881 0.1184696 0.9140227 0.1187666 0.9138764 0.1187666 0.9138764 0.1184696 0.9140227 0.1187011 0.9137911 0.1187666 0.9138764 0.1187011 0.9137911 0.1190257 0.9137267 0.1190257 0.9137267 0.1187011 0.9137911 0.1189846 0.9136274 0.1190257 0.9137267 0.1189846 0.9136274 0.1193149 0.9136492 0.1193149 0.9136492 0.1189846 0.9136274 0.1193009 0.9135426 0.1193149 0.9136492 0.1193009 0.9135426 0.1196142 0.9136492 0.1196142 0.9136492 0.1193009 0.9135426 0.1196282 0.9135426 0.1196142 0.9136492 0.1196282 0.9135426 0.1199445 0.9136274 0.1196142 0.9136492 0.1199445 0.9136274 0.1199033 0.9137267 0.1199033 0.9137267 0.1199445 0.9136274 0.1202279 0.9137911 0.1199033 0.9137267 0.1202279 0.9137911 0.1201625 0.9138764 0.1201625 0.9138764 0.1202279 0.9137911 0.1204594 0.9140226 0.1201625 0.9138764 0.1204594 0.9140226 0.1203742 0.9140881 0.1203742 0.9140881 0.1204594 0.9140226 0.1206231 0.9143062 0.1203742 0.9140881 0.1206231 0.9143062 0.1205238 0.9143474 0.1205238 0.9143474 0.1206231 0.9143062 0.1207079 0.9146225 0.1205238 0.9143474 0.1207079 0.9146225 0.1206013 0.9146365 0.1206013 0.9146365 0.1207079 0.9146225 0.1206013 0.9149359 0.1206013 0.9149359 0.1207079 0.9146225 0.1207079 0.9149499 0.1206013 0.9149359 0.1207079 0.9149499 0.1205238 0.915225 0.1205238 0.915225 0.1207079 0.9149499 0.1206231 0.9152662 0.1205238 0.915225 0.1206231 0.9152662 0.1203742 0.9154843 0.1203742 0.9154843 0.1206231 0.9152662 0.1204594 0.9155498 0.1203742 0.9154843 0.1204594 0.9155498 0.1201626 0.915696 0.1201626 0.915696 0.1204594 0.9155498 0.1202279 0.9157813 0.1201626 0.915696 0.1202279 0.9157813 0.1199033 0.9158457 0.1199033 0.9158457 0.1202279 0.9157813 0.1199445 0.9159451 0.1199033 0.9158457 0.1199445 0.9159451 0.1196142 0.9159232 0.1196142 0.9159232 0.1199445 0.9159451 0.1196282 0.9160298 0.1196142 0.9159232 0.1196282 0.9160298 0.1193149 0.9159232 0.1193149 0.9159232 0.1196282 0.9160298 0.1193009 0.9160298 0.1193149 0.9159232 0.1193009 0.9160298 0.1189846 0.9159451 0.1193149 0.9159232 0.1189846 0.9159451 0.1190258 0.9158457 0.1190258 0.9158457 0.1189846 0.9159451 0.1187011 0.9157813 0.1190258 0.9158457 0.1187011 0.9157813 0.1187666 0.915696 0.1187666 0.915696 0.1187011 0.9157813 0.1184696 0.9155498 0.1187666 0.915696 0.1184696 0.9155498 0.1185549 0.9154843 0.1185549 0.9154843 0.1184696 0.9155498 0.1183059 0.9152662 0.1185549 0.9154843 0.1183059 0.9152662 0.1184052 0.915225 0.1184052 0.915225 0.1183059 0.9152662 0.1182212 0.91495 0.1184052 0.915225 0.1182212 0.91495 0.1183277 0.914936 0.1183277 0.914936 0.1182212 0.91495 0.1182212 0.9146226 0.09219604 0.9400146 0.09237706 0.94025 0.09222555 0.9408189 0.09222555 0.9408189 0.09237706 0.94025 0.09250569 0.9405176 0.09222555 0.9408189 0.09250569 0.9405176 0.09257644 0.940806 0.09219604 0.9400146 0.09222555 0.9408189 0.09203046 0.9398656 0.09203046 0.9398656 0.09222555 0.9408189 0.09194684 0.940829 0.09203046 0.9398656 0.09194684 0.940829 0.09184038 0.9397423 0.09184038 0.9397423 0.09194684 0.940829 0.09168565 0.9408383 0.09184038 0.9397423 0.09168565 0.9408383 0.09163928 0.9396527 0.09163928 0.9396527 0.09168565 0.9408383 0.09145987 0.9396013 0.09145987 0.9396013 0.09168565 0.9408383 0.09145987 0.9408462 0.1287963 0.917213 0.1275523 0.917171 0.1288271 0.9170476 0.1288271 0.9170476 0.1275523 0.917171 0.1275526 0.9169484 0.1288271 0.9170476 0.1275526 0.9169484 0.1288397 0.9168509 0.1288397 0.9168509 0.1275526 0.9169484 0.1275528 0.916689 0.1288397 0.9168509 0.1275528 0.916689 0.128843 0.9166338 0.128843 0.9166338 0.1275528 0.916689 0.1275529 0.9164108 0.128843 0.9166338 0.1275529 0.9164108 0.128843 0.9164108 0.1287204 0.9449084 0.1287204 0.9465805 0.1286276 0.9449086 0.1286276 0.9449086 0.1287204 0.9465805 0.1287204 0.9482526 0.1286276 0.9449086 0.1287204 0.9482526 0.1286967 0.949923 0.1286967 0.949923 0.1287204 0.9482526 0.1287651 0.9499177 0.1287651 0.9499177 0.1287204 0.9482526 0.1288069 0.9482519 0.1287651 0.9499177 0.1288069 0.9482519 0.1288278 0.9499097 0.1288278 0.9499097 0.1288069 0.9482519 0.1288813 0.9482508 0.1288278 0.9499097 0.1288813 0.9482508 0.1288813 0.9499003 0.05727571 0.9591869 0.05562657 0.9591869 0.05726832 0.9591336 0.05726832 0.9591336 0.05562657 0.9591869 0.05562812 0.9591128 0.05726832 0.9591336 0.05562812 0.9591128 0.0572617 0.959071 0.0572617 0.959071 0.05562812 0.9591128 0.05562913 0.9590265 0.0572617 0.959071 0.05562913 0.9590265 0.05725729 0.9590027 0.05725729 0.9590027 0.05562913 0.9590265 0.05725568 0.9589336 0.05725568 0.9589336 0.05562913 0.9590265 0.0539574 0.9590265 0.05725568 0.9589336 0.0539574 0.9590265 0.05228596 0.9589337 0.05228596 0.9589337 0.0539574 0.9590265 0.05228567 0.9590265 0.05228567 0.9590265 0.0539574 0.9590265 0.05228465 0.9591129 0.05228465 0.9591129 0.0539574 0.9590265 0.05395638 0.9591129 0.05228465 0.9591129 0.05395638 0.9591129 0.05395478 0.959187 0.05395478 0.959187 0.05395638 0.9591129 0.05562657 0.9591869 0.1288813 0.9465786 0.1288813 0.9482508 0.1288069 0.9482519 0.1287204 0.9465805 0.1287204 0.9449084 0.1288069 0.9465798 0.1288069 0.9465798 0.1287204 0.9449084 0.1288069 0.9449077 0.1288069 0.9465798 0.1288069 0.9449077 0.1288813 0.9449066 0.1288069 0.9465798 0.1288813 0.9449066 0.1288813 0.9465786 0.05395478 0.959187 0.05228304 0.959187 0.05228465 0.9591129 0.1286967 0.949923 0.1286276 0.9499248 0.1286276 0.9449086 0.1288069 0.9482519 0.1287204 0.9482526 0.1287204 0.9465805 0.1288069 0.9482519 0.1287204 0.9465805 0.1288069 0.9465798 0.1288813 0.9465786 0.1288069 0.9482519 0.1288069 0.9465798 0.05562812 0.9591128 0.05562657 0.9591869 0.05395638 0.9591129 0.05562913 0.9590265 0.05562812 0.9591128 0.05395638 0.9591129 0.05562913 0.9590265 0.05395638 0.9591129 0.0539574 0.9590265 0.05725568 0.9589336 0.05228596 0.9589337 0.05725574 0.9526754 0.05725574 0.9526754 0.05228596 0.9589337 0.05228596 0.9526756 0.05228561 0.9525827 0.05395734 0.9525827 0.05228596 0.9526756 0.05228596 0.9526756 0.05395734 0.9525827 0.05562913 0.9525827 0.05228596 0.9526756 0.05562913 0.9525827 0.05725729 0.9526063 0.05725729 0.9526063 0.05562913 0.9525827 0.05726176 0.952538 0.05726176 0.952538 0.05562913 0.9525827 0.05562812 0.9524962 0.05726176 0.952538 0.05562812 0.9524962 0.05726838 0.9524753 0.05726838 0.9524753 0.05562812 0.9524962 0.05562657 0.9524219 0.05726838 0.9524753 0.05562657 0.9524219 0.05727571 0.9524219 0.1288813 0.9499494 0.1288813 0.9515989 0.1288278 0.94994 0.1288278 0.94994 0.1288813 0.9515989 0.128807 0.9515978 0.1288278 0.94994 0.128807 0.9515978 0.1287651 0.949932 0.1287651 0.949932 0.128807 0.9515978 0.1287204 0.9515972 0.1287651 0.949932 0.1287204 0.9515972 0.1286967 0.9499267 0.1286967 0.9499267 0.1287204 0.9515972 0.1286276 0.9499248 0.1286276 0.9499248 0.1287204 0.9515972 0.1287204 0.9532693 0.1286276 0.9499248 0.1287204 0.9532693 0.1286276 0.9549412 0.1286276 0.9549412 0.1287204 0.9532693 0.1287204 0.9549414 0.1287204 0.9549414 0.1287204 0.9532693 0.128807 0.954942 0.128807 0.954942 0.1287204 0.9532693 0.128807 0.95327 0.128807 0.954942 0.128807 0.95327 0.1288813 0.9549431 0.1288813 0.9549431 0.128807 0.95327 0.1288813 0.953271 0.05228304 0.952422 0.05395478 0.952422 0.05228465 0.9524963 0.05228465 0.9524963 0.05395478 0.952422 0.05395638 0.9524963 0.05228465 0.9524963 0.05395638 0.9524963 0.05228561 0.9525827 0.05228561 0.9525827 0.05395638 0.9524963 0.05395734 0.9525827 0.05725729 0.9526063 0.05725574 0.9526754 0.05228596 0.9526756 0.05562812 0.9524962 0.05562913 0.9525827 0.05395734 0.9525827 0.05562812 0.9524962 0.05395734 0.9525827 0.05395638 0.9524963 0.05562657 0.9524219 0.05562812 0.9524962 0.05395638 0.9524963 0.05562657 0.9524219 0.05395638 0.9524963 0.05395478 0.952422 0.128807 0.9515978 0.1288813 0.9515989 0.1288813 0.953271 0.128807 0.9515978 0.1288813 0.953271 0.128807 0.95327 0.1287204 0.9515972 0.128807 0.9515978 0.128807 0.95327 0.1287204 0.9515972 0.128807 0.95327 0.1287204 0.9532693 0.09026676 0.9353689 0.08898502 0.9423572 0.08525872 0.9353691 0.08525872 0.9353691 0.08898502 0.9423572 0.08887767 0.9426165 0.08525872 0.9353691 0.08887767 0.9426165 0.08884102 0.9428947 0.09026676 0.9418196 0.08991575 0.9418196 0.09026676 0.9353689 0.09026676 0.9353689 0.08991575 0.9418196 0.08963757 0.9418563 0.09026676 0.9353689 0.08963757 0.9418563 0.08937841 0.9419637 0.08937841 0.9419637 0.08915579 0.9421345 0.09026676 0.9353689 0.09026676 0.9353689 0.08915579 0.9421345 0.08898502 0.9423572 0.08525872 0.9353691 0.08884102 0.9428947 0.08525872 0.9493348 0.08525872 0.9493348 0.08884102 0.9428947 0.08884102 0.9457617 0.08525872 0.9493348 0.08884102 0.9457617 0.08887767 0.9460399 0.08887767 0.9460399 0.08898502 0.9462992 0.08525872 0.9493348 0.08525872 0.9493348 0.08898502 0.9462992 0.09026676 0.9493345 0.09026676 0.9493345 0.08898502 0.9462992 0.08915579 0.9465219 0.09026676 0.9493345 0.08915579 0.9465219 0.08937841 0.9466927 0.08937841 0.9466927 0.08963757 0.9468001 0.09026676 0.9493345 0.09026676 0.9493345 0.08963757 0.9468001 0.08991575 0.9468367 0.09026676 0.9493345 0.08991575 0.9468367 0.09026676 0.9468367 0.1286276 0.9499248 0.1276959 0.9499248 0.1286276 0.9449086 0.1286276 0.9449086 0.1276959 0.9499248 0.1276959 0.9449086 0.1232367 0.9227874 0.121565 0.9227874 0.1232364 0.9226947 0.1232364 0.9226947 0.121565 0.9227874 0.1198933 0.9227874 0.1232364 0.9226947 0.1198933 0.9227874 0.1182212 0.9226946 0.1182212 0.9226946 0.1198933 0.9227874 0.1182215 0.9227873 0.1182215 0.9227873 0.1198933 0.9227874 0.1182225 0.9228737 0.1182225 0.9228737 0.1198933 0.9227874 0.1198943 0.9228739 0.1182225 0.9228737 0.1198943 0.9228739 0.1182241 0.922948 0.1182241 0.922948 0.1198943 0.9228739 0.1198958 0.922948 0.1274427 0.9499228 0.1274427 0.9482507 0.1275168 0.9499239 0.1275168 0.9499239 0.1274427 0.9482507 0.1275168 0.9482519 0.1275168 0.9499239 0.1275168 0.9482519 0.1276031 0.9499246 0.1276031 0.9499246 0.1275168 0.9482519 0.1276031 0.9482526 0.1276031 0.9499246 0.1276031 0.9482526 0.1276959 0.9499248 0.1276959 0.9499248 0.1276031 0.9482526 0.1276031 0.9465804 0.1276959 0.9499248 0.1276031 0.9465804 0.1276959 0.9449086 0.1276959 0.9449086 0.1276031 0.9465804 0.1276031 0.9449084 0.1276031 0.9449084 0.1276031 0.9465804 0.1275168 0.9449077 0.1275168 0.9449077 0.1276031 0.9465804 0.1275168 0.9465797 0.1275168 0.9449077 0.1275168 0.9465797 0.1274427 0.9449065 0.1274427 0.9449065 0.1275168 0.9465797 0.1274427 0.9465786 0.1232393 0.922948 0.1215676 0.922948 0.1232377 0.9228739 0.1232377 0.9228739 0.1215676 0.922948 0.121566 0.9228739 0.1232377 0.9228739 0.121566 0.9228739 0.1232367 0.9227874 0.1232367 0.9227874 0.121566 0.9228739 0.121565 0.9227874 0.1198943 0.9228739 0.1198933 0.9227874 0.121565 0.9227874 0.1198943 0.9228739 0.121565 0.9227874 0.121566 0.9228739 0.1198958 0.922948 0.1198943 0.9228739 0.121566 0.9228739 0.1198958 0.922948 0.121566 0.9228739 0.1215676 0.922948 0.1275168 0.9482519 0.1274427 0.9482507 0.1274427 0.9465786 0.1275168 0.9482519 0.1274427 0.9465786 0.1275168 0.9465797 0.1276031 0.9482526 0.1275168 0.9482519 0.1275168 0.9465797 0.1276031 0.9482526 0.1275168 0.9465797 0.1276031 0.9465804 0.1232364 0.9164365 0.1232364 0.9226947 0.1182212 0.9164364 0.1182212 0.9164364 0.1232364 0.9226947 0.1182212 0.9226946 0.1276031 0.9549414 0.1276032 0.9532694 0.1276959 0.9549412 0.1276959 0.9549412 0.1276032 0.9532694 0.1276032 0.9515972 0.1276959 0.9549412 0.1276032 0.9515972 0.1276959 0.949925 0.1276959 0.949925 0.1276032 0.9515972 0.1276032 0.9499252 0.1276032 0.9499252 0.1276032 0.9515972 0.1275168 0.9499258 0.1275168 0.9499258 0.1276032 0.9515972 0.1275168 0.9515979 0.1275168 0.9499258 0.1275168 0.9515979 0.1274427 0.9499269 0.1274427 0.9499269 0.1275168 0.9515979 0.1274427 0.951599 0.1182241 0.9161829 0.1198958 0.916183 0.1182225 0.9162572 0.1182225 0.9162572 0.1198958 0.916183 0.1198943 0.9162572 0.1182225 0.9162572 0.1198943 0.9162572 0.1182215 0.9163436 0.1182215 0.9163436 0.1198943 0.9162572 0.1198933 0.9163437 0.1182215 0.9163436 0.1198933 0.9163437 0.1182212 0.9164364 0.1182212 0.9164364 0.1198933 0.9163437 0.121565 0.9163437 0.1182212 0.9164364 0.121565 0.9163437 0.1232364 0.9164365 0.1232364 0.9164365 0.121565 0.9163437 0.1232367 0.9163437 0.1232367 0.9163437 0.121565 0.9163437 0.1232377 0.9162573 0.1232377 0.9162573 0.121565 0.9163437 0.121566 0.9162573 0.1232377 0.9162573 0.121566 0.9162573 0.1232393 0.916183 0.1232393 0.916183 0.121566 0.9162573 0.1215676 0.916183 0.1274427 0.9549432 0.1274427 0.953271 0.1275168 0.9549421 0.1275168 0.9549421 0.1274427 0.953271 0.1275168 0.95327 0.1275168 0.9549421 0.1275168 0.95327 0.1276031 0.9549414 0.1276031 0.9549414 0.1275168 0.95327 0.1276032 0.9532694 0.1275168 0.9515979 0.1276032 0.9515972 0.1276032 0.9532694 0.1275168 0.9515979 0.1276032 0.9532694 0.1275168 0.95327 0.1274427 0.951599 0.1275168 0.9515979 0.1275168 0.95327 0.1274427 0.951599 0.1275168 0.95327 0.1274427 0.953271 0.1198943 0.9162572 0.1198958 0.916183 0.1215676 0.916183 0.1198943 0.9162572 0.1215676 0.916183 0.121566 0.9162573 0.1198933 0.9163437 0.1198943 0.9162572 0.121566 0.9162573 0.1198933 0.9163437 0.121566 0.9162573 0.121565 0.9163437 0.1286276 0.9499248 0.1286276 0.9549412 0.1276959 0.949925 0.1276959 0.949925 0.1286276 0.9549412 0.1276959 0.9549412 0.05834865 0.955649 0.05834865 0.9506327 0.058425 0.9556488 0.058425 0.9556488 0.05834865 0.9506327 0.05844146 0.9539766 0.058425 0.9556488 0.05844146 0.9539766 0.05849778 0.9556483 0.05849778 0.9556483 0.05844146 0.9539766 0.05852794 0.953976 0.05849778 0.9556483 0.05852794 0.953976 0.05856382 0.9556476 0.05856382 0.9556476 0.05852794 0.953976 0.05860233 0.9539749 0.05856382 0.9556476 0.05860233 0.9539749 0.05862301 0.9556453 0.0902704 0.9495653 0.08859932 0.949588 0.08860087 0.9495137 0.0902704 0.9495653 0.08860087 0.9495137 0.09026902 0.9494957 0.09026902 0.9494957 0.08860087 0.9495137 0.08860188 0.9494274 0.09026902 0.9494957 0.08860188 0.9494274 0.09026747 0.9494163 0.09026747 0.9494163 0.08860188 0.9494274 0.09026676 0.9493345 0.09026676 0.9493345 0.08860188 0.9494274 0.08693015 0.9494274 0.09026676 0.9493345 0.08693015 0.9494274 0.08525872 0.9493348 0.08525872 0.9493348 0.08693015 0.9494274 0.08525836 0.9494274 0.08525836 0.9494274 0.08693015 0.9494274 0.08525741 0.9495138 0.08525741 0.9495138 0.08693015 0.9494274 0.08692914 0.9495138 0.08525741 0.9495138 0.08692914 0.9495138 0.0852558 0.949588 0.0852558 0.949588 0.08692914 0.9495138 0.08692753 0.949588 0.05860233 0.9506308 0.05860233 0.9523028 0.05852794 0.9506319 0.05852794 0.9506319 0.05860233 0.9523028 0.05852794 0.9523039 0.05852794 0.9506319 0.05852794 0.9523039 0.05844146 0.9506326 0.05844146 0.9506326 0.05852794 0.9523039 0.05844146 0.9523046 0.05844146 0.9506326 0.05844146 0.9523046 0.05834865 0.9506327 0.05834865 0.9506327 0.05844146 0.9523046 0.05844146 0.9539766 0.05852794 0.953976 0.05844146 0.9539766 0.05844146 0.9523046 0.05852794 0.953976 0.05844146 0.9523046 0.05852794 0.9523039 0.05860233 0.9539749 0.05852794 0.953976 0.05852794 0.9523039 0.05860233 0.9539749 0.05852794 0.9523039 0.05860233 0.9523028 0.08860087 0.9495137 0.08859932 0.949588 0.08692753 0.949588 0.08860087 0.9495137 0.08692753 0.949588 0.08692914 0.9495138 0.08860188 0.9494274 0.08860087 0.9495137 0.08692914 0.9495138 0.08860188 0.9494274 0.08692914 0.9495138 0.08693015 0.9494274 0.0576319 0.9506327 0.05834865 0.9506327 0.05763196 0.9556489 0.05763196 0.9556489 0.05834865 0.9506327 0.05834865 0.955649 0.08525323 0.9494274 0.0835815 0.9494274 0.08525288 0.9493346 0.08525288 0.9493346 0.0835815 0.9494274 0.08190977 0.9494274 0.08525288 0.9493346 0.08190977 0.9494274 0.08023768 0.9493345 0.08023768 0.9493345 0.08190977 0.9494274 0.08023798 0.9494273 0.08023798 0.9494273 0.08190977 0.9494274 0.08023899 0.9495137 0.08023899 0.9495137 0.08190977 0.9494274 0.08191072 0.9495138 0.08023899 0.9495137 0.08191072 0.9495138 0.0802406 0.949588 0.0802406 0.949588 0.08191072 0.9495138 0.08191233 0.949588 0.05737876 0.9556469 0.05737876 0.9539749 0.05745285 0.955648 0.05745285 0.955648 0.05737876 0.9539749 0.05745285 0.9539759 0.05745285 0.955648 0.05745285 0.9539759 0.05753922 0.9556487 0.05753922 0.9556487 0.05745285 0.9539759 0.05753922 0.9539766 0.05753922 0.9556487 0.05753922 0.9539766 0.05763196 0.9556489 0.05763196 0.9556489 0.05753922 0.9539766 0.05753922 0.9523046 0.05763196 0.9556489 0.05753922 0.9523046 0.0576319 0.9506327 0.0576319 0.9506327 0.05753922 0.9523046 0.05753922 0.9506325 0.05753922 0.9506325 0.05753922 0.9523046 0.05745285 0.9506317 0.05745285 0.9506317 0.05753922 0.9523046 0.05745285 0.9523039 0.05745285 0.9506317 0.05745285 0.9523039 0.05737876 0.9506307 0.05737876 0.9506307 0.05745285 0.9523039 0.05737876 0.9523027 0.0852558 0.949588 0.08358407 0.949588 0.08525425 0.9495138 0.08525425 0.9495138 0.08358407 0.949588 0.08358246 0.9495138 0.08525425 0.9495138 0.08358246 0.9495138 0.08525323 0.9494274 0.08525323 0.9494274 0.08358246 0.9495138 0.0835815 0.9494274 0.08191072 0.9495138 0.08190977 0.9494274 0.0835815 0.9494274 0.08191072 0.9495138 0.0835815 0.9494274 0.08358246 0.9495138 0.08191233 0.949588 0.08191072 0.9495138 0.08358246 0.9495138 0.08191233 0.949588 0.08358246 0.9495138 0.08358407 0.949588 0.05745285 0.9539759 0.05737876 0.9539749 0.05737876 0.9523027 0.05745285 0.9539759 0.05737876 0.9523027 0.05745285 0.9523039 0.05753922 0.9539766 0.05745285 0.9539759 0.05745285 0.9523039 0.05753922 0.9539766 0.05745285 0.9523039 0.05753922 0.9523046 0.08163398 0.9460399 0.08167058 0.9457617 0.08525288 0.9493346 0.08525288 0.9493346 0.08167058 0.9457617 0.08167058 0.9428947 0.08525288 0.9493346 0.08167058 0.9428947 0.08525288 0.935369 0.08525288 0.935369 0.08167058 0.9428947 0.08163398 0.9426165 0.08525288 0.935369 0.08163398 0.9426165 0.08152663 0.9423572 0.08525288 0.935369 0.08152663 0.9423572 0.08023768 0.935369 0.08023768 0.935369 0.08152663 0.9423572 0.08135581 0.9421345 0.08023768 0.935369 0.08135581 0.9421345 0.08113324 0.9419637 0.08113324 0.9419637 0.08087402 0.9418563 0.08023768 0.935369 0.08023768 0.935369 0.08087402 0.9418563 0.08059591 0.9418196 0.08023768 0.935369 0.08059591 0.9418196 0.08023768 0.9418196 0.08163398 0.9460399 0.08525288 0.9493346 0.08152663 0.9462992 0.08152663 0.9462992 0.08525288 0.9493346 0.08023768 0.9493345 0.08152663 0.9462992 0.08023768 0.9493345 0.08135581 0.9465219 0.08135581 0.9465219 0.08023768 0.9493345 0.08113324 0.9466927 0.08113324 0.9466927 0.08023768 0.9493345 0.08087402 0.9468001 0.08087402 0.9468001 0.08023768 0.9493345 0.08059591 0.9468367 0.08059591 0.9468367 0.08023768 0.9493345 0.08023768 0.9468367 0.1251723 0.9144287 0.1251726 0.9147869 0.1243109 0.9144293 0.1243109 0.9144293 0.1251726 0.9147869 0.1243112 0.9147875 0.07492256 0.9243618 0.0748009 0.9245001 0.07510811 0.9240446 0.07510811 0.9240446 0.0748009 0.9245001 0.07388383 0.9254154 0.07510811 0.9240446 0.07388383 0.9254154 0.06955999 0.9240393 0.06955999 0.9240393 0.07388383 0.9254154 0.07365572 0.9257121 0.06955999 0.9240393 0.07365572 0.9257121 0.07351219 0.9260577 0.07351219 0.9260577 0.07346302 0.9264287 0.06955999 0.9240393 0.06955999 0.9240393 0.07346302 0.9264287 0.07170313 0.9304919 0.06955999 0.9240393 0.07170313 0.9304919 0.06955331 0.9304899 0.07346302 0.9264287 0.07345163 0.9374799 0.07170313 0.9304919 0.07170313 0.9304919 0.07345163 0.9374799 0.07169353 0.9398638 0.07169353 0.9398638 0.07345163 0.9374799 0.07350009 0.937851 0.07169353 0.9398638 0.07350009 0.937851 0.0736429 0.9381968 0.0736429 0.9381968 0.07387042 0.9384939 0.07169353 0.9398638 0.07169353 0.9398638 0.07387042 0.9384939 0.07478559 0.9394111 0.07169353 0.9398638 0.07478559 0.9394111 0.07509189 0.9398671 0.07509189 0.9398671 0.07478559 0.9394111 0.074907 0.9395495 0.07509189 0.9398671 0.074907 0.9395495 0.07500964 0.9397024 0.07510811 0.9240446 0.07502555 0.9242092 0.07492256 0.9243618 0.07509189 0.9398671 0.07514137 0.9400047 0.07169353 0.9398638 0.07169353 0.9398638 0.07514137 0.9400047 0.0716924 0.9401978 0.0716924 0.9401978 0.07514137 0.9400047 0.07517677 0.9401468 0.0716924 0.9401978 0.07517677 0.9401468 0.0751965 0.9402886 0.0751965 0.9402886 0.0752021 0.9404248 0.0716924 0.9401978 0.0716924 0.9401978 0.0752021 0.9404248 0.07168984 0.9405134 0.07168984 0.9405134 0.0752021 0.9404248 0.07519829 0.9407371 0.07168984 0.9405134 0.07519829 0.9407371 0.07168591 0.9407928 0.07168591 0.9407928 0.07519829 0.9407371 0.07519304 0.9409938 0.04989308 0.9631379 0.05009931 0.9596217 0.05013978 0.9631316 0.05013978 0.9631316 0.05009931 0.9596217 0.05040967 0.9596166 0.05013978 0.9631316 0.05040967 0.9596166 0.05043303 0.9631269 0.05043303 0.9631269 0.05040967 0.9596166 0.05075669 0.9596137 0.05043303 0.9631269 0.05075669 0.9596137 0.05075669 0.9631244 0.05075669 0.9631244 0.05075669 0.9596137 0.05146032 0.9631186 0.05146032 0.9631186 0.05075669 0.9596137 0.05146032 0.9596078 0.05146032 0.9631186 0.05146032 0.9596078 0.05208802 0.963108 0.05208802 0.963108 0.05146032 0.9596078 0.05208802 0.9595974 0.1028733 0.955273 0.1063847 0.955273 0.1028634 0.9557985 0.1028634 0.9557985 0.1063847 0.955273 0.1063748 0.9557985 0.1028634 0.9557985 0.1063748 0.9557985 0.1028563 0.9564369 0.1028563 0.9564369 0.1063748 0.9557985 0.1063677 0.9564369 0.1028563 0.9564369 0.1063677 0.9564369 0.1028527 0.9571463 0.1028527 0.9571463 0.1063677 0.9564369 0.1063641 0.9571463 0.1028527 0.9571463 0.1063641 0.9571463 0.1028527 0.9578801 0.1028527 0.9578801 0.1063641 0.9571463 0.106364 0.9578801 0.1028527 0.9578801 0.106364 0.9578801 0.1028563 0.9585905 0.1028563 0.9585905 0.106364 0.9578801 0.1063676 0.9585905 0.1028563 0.9585905 0.1063676 0.9585905 0.1028632 0.9592307 0.1028632 0.9592307 0.1063676 0.9585905 0.1063746 0.9592307 0.1028632 0.9592307 0.1063746 0.9592307 0.1028731 0.9597589 0.1028731 0.9597589 0.1063746 0.9592307 0.1063845 0.9597589 0.09065216 0.9633498 0.09065216 0.9598391 0.09127974 0.9633603 0.09127974 0.9633603 0.09065216 0.9598391 0.09127974 0.9598497 0.09127974 0.9633603 0.09127974 0.9598497 0.09198331 0.9633662 0.09198331 0.9633662 0.09127974 0.9598497 0.09198331 0.9598554 0.09198331 0.9633662 0.09198331 0.9598554 0.09230691 0.9633687 0.09230691 0.9633687 0.09198331 0.9598554 0.09233027 0.9598583 0.09230691 0.9633687 0.09233027 0.9598583 0.09260016 0.9633733 0.09260016 0.9633733 0.09233027 0.9598583 0.09264057 0.9598634 0.09260016 0.9633733 0.09264057 0.9598634 0.09284675 0.9633796 0.1178688 0.9348667 0.1213762 0.934668 0.1213811 0.9349259 0.1178688 0.9348667 0.1213811 0.9349259 0.1178724 0.9351472 0.1178724 0.9351472 0.1213811 0.9349259 0.1213846 0.9352391 0.1178724 0.9351472 0.1213846 0.9352391 0.1178747 0.9354632 0.1178747 0.9354632 0.1213846 0.9352391 0.1213788 0.9353756 0.1178747 0.9354632 0.1213788 0.9353756 0.121359 0.9355176 0.121359 0.9355176 0.1213235 0.9356598 0.1178747 0.9354632 0.1178747 0.9354632 0.1213235 0.9356598 0.1178755 0.9357975 0.1178755 0.9357975 0.1213235 0.9356598 0.1212738 0.9357973 0.1159406 0.9463879 0.1157256 0.9463879 0.1159406 0.9444527 0.1159406 0.9444527 0.1157256 0.9463879 0.1157256 0.938002 0.1159406 0.9444527 0.1157256 0.938002 0.1178755 0.938002 0.1178755 0.9357975 0.11968 0.937812 0.1178755 0.938002 0.1178755 0.938002 0.11968 0.937812 0.1196311 0.938183 0.1178755 0.938002 0.1196311 0.938183 0.1196311 0.9420669 0.1212738 0.9357973 0.120967 0.9362531 0.1178755 0.9357975 0.1178755 0.9357975 0.120967 0.9362531 0.1200509 0.9371693 0.1178755 0.9357975 0.1200509 0.9371693 0.1198232 0.9374663 0.1211914 0.935962 0.1210886 0.9361147 0.1212738 0.9357973 0.1212738 0.9357973 0.1210886 0.9361147 0.120967 0.9362531 0.1198232 0.9374663 0.11968 0.937812 0.1178755 0.9357975 0.1178755 0.938002 0.1196311 0.9420669 0.1159406 0.9444527 0.1159406 0.9444527 0.1196311 0.9420669 0.11968 0.9424379 0.1159406 0.9444527 0.11968 0.9424379 0.1198232 0.9427836 0.1198232 0.9427836 0.1200509 0.9430804 0.1159406 0.9444527 0.1159406 0.9444527 0.1200509 0.9430804 0.120967 0.9439967 0.1159406 0.9444527 0.120967 0.9439967 0.1212738 0.9444524 0.1212738 0.9444524 0.120967 0.9439967 0.1210886 0.944135 0.1212738 0.9444524 0.1210886 0.944135 0.1211914 0.9442878 0.1285257 0.954945 0.1285258 0.956617 0.1284329 0.9549452 0.1284329 0.9549452 0.1285258 0.956617 0.1285259 0.9582892 0.1284329 0.9549452 0.1285259 0.9582892 0.1284332 0.9599614 0.1284332 0.9599614 0.1285259 0.9582892 0.1285259 0.9599612 0.1285259 0.9599612 0.1285259 0.9582892 0.1286125 0.9599605 0.1286125 0.9599605 0.1285259 0.9582892 0.1286124 0.9582884 0.1286125 0.9599605 0.1286124 0.9582884 0.1286869 0.9599594 0.1286869 0.9599594 0.1286124 0.9582884 0.1286867 0.9582874 0.08023476 0.949588 0.07856303 0.949588 0.08023631 0.9495137 0.08023631 0.9495137 0.07856303 0.949588 0.07856458 0.9495138 0.08023631 0.9495137 0.07856458 0.9495138 0.08023732 0.9494274 0.08023732 0.9494274 0.07856458 0.9495138 0.07856559 0.9494274 0.08023732 0.9494274 0.07856559 0.9494274 0.08023768 0.9493346 0.08023768 0.9493346 0.07856559 0.9494274 0.07689386 0.9494274 0.08023768 0.9493346 0.07689386 0.9494274 0.07522243 0.9493348 0.07522243 0.9493348 0.07689386 0.9494274 0.07522207 0.9494275 0.07522207 0.9494275 0.07689386 0.9494274 0.07522112 0.9495139 0.07522112 0.9495139 0.07689386 0.9494274 0.07689285 0.9495138 0.07522112 0.9495139 0.07689285 0.9495138 0.07521951 0.9495881 0.07521951 0.9495881 0.07689285 0.9495138 0.07689124 0.949588 0.1286866 0.9549432 0.1286867 0.9566152 0.1286122 0.9549443 0.1286122 0.9549443 0.1286867 0.9566152 0.1286123 0.9566163 0.1286122 0.9549443 0.1286123 0.9566163 0.1285257 0.954945 0.1285257 0.954945 0.1286123 0.9566163 0.1285258 0.956617 0.1286124 0.9582884 0.1285259 0.9582892 0.1285258 0.956617 0.1286124 0.9582884 0.1285258 0.956617 0.1286123 0.9566163 0.1286867 0.9582874 0.1286124 0.9582884 0.1286123 0.9566163 0.1286867 0.9582874 0.1286123 0.9566163 0.1286867 0.9566152 0.07856458 0.9495138 0.07856303 0.949588 0.07689124 0.949588 0.07856458 0.9495138 0.07689124 0.949588 0.07689285 0.9495138 0.07856559 0.9494274 0.07856458 0.9495138 0.07689285 0.9495138 0.07856559 0.9494274 0.07689285 0.9495138 0.07689386 0.9494274 0.1277162 0.9549452 0.1284329 0.9549452 0.1277164 0.9599614 0.1277164 0.9599614 0.1284329 0.9549452 0.1284332 0.9599614 0.1285427 0.9000124 0.1285425 0.9050287 0.127826 0.9000124 0.127826 0.9000124 0.1285425 0.9050287 0.1278257 0.9050287 0.1182237 0.9001733 0.1198955 0.9001732 0.1182241 0.9002661 0.1182241 0.9002661 0.1198955 0.9001732 0.1215673 0.9001732 0.1182241 0.9002661 0.1215673 0.9001732 0.1232393 0.9002659 0.1232393 0.9002659 0.1215673 0.9001732 0.123239 0.9001731 0.123239 0.9001731 0.1215673 0.9001732 0.123238 0.9000867 0.123238 0.9000867 0.1215673 0.9001732 0.1215662 0.9000868 0.123238 0.9000867 0.1215662 0.9000868 0.1232364 0.9000124 0.1232364 0.9000124 0.1215662 0.9000868 0.1215647 0.9000124 0.1287963 0.9000144 0.1287963 0.9016864 0.128722 0.9000133 0.128722 0.9000133 0.1287963 0.9016864 0.128722 0.9016854 0.128722 0.9000133 0.128722 0.9016854 0.1286355 0.9000126 0.1286355 0.9000126 0.128722 0.9016854 0.1286354 0.9016848 0.1286355 0.9000126 0.1286354 0.9016848 0.1285427 0.9000124 0.1285427 0.9000124 0.1286354 0.9016848 0.1286354 0.9033568 0.1285427 0.9000124 0.1286354 0.9033568 0.1285425 0.9050287 0.1285425 0.9050287 0.1286354 0.9033568 0.1286353 0.9050289 0.1286353 0.9050289 0.1286354 0.9033568 0.1287218 0.9050296 0.1287218 0.9050296 0.1286354 0.9033568 0.1287219 0.9033575 0.1287218 0.9050296 0.1287219 0.9033575 0.1287962 0.9050306 0.1287962 0.9050306 0.1287219 0.9033575 0.1287962 0.9033586 0.1182212 0.9000125 0.119893 0.9000125 0.1182228 0.9000868 0.1182228 0.9000868 0.119893 0.9000125 0.1198945 0.9000868 0.1182228 0.9000868 0.1198945 0.9000868 0.1182237 0.9001733 0.1182237 0.9001733 0.1198945 0.9000868 0.1198955 0.9001732 0.1215662 0.9000868 0.1215673 0.9001732 0.1198955 0.9001732 0.1215662 0.9000868 0.1198955 0.9001732 0.1198945 0.9000868 0.1215647 0.9000124 0.1215662 0.9000868 0.1198945 0.9000868 0.1215647 0.9000124 0.1198945 0.9000868 0.119893 0.9000125 0.128722 0.9016854 0.1287963 0.9016864 0.1287962 0.9033586 0.128722 0.9016854 0.1287962 0.9033586 0.1287219 0.9033575 0.1286354 0.9016848 0.128722 0.9016854 0.1287219 0.9033575 0.1286354 0.9016848 0.1287219 0.9033575 0.1286354 0.9033568 0.1232393 0.9065241 0.1182241 0.9065243 0.1232393 0.9002659 0.1232393 0.9002659 0.1182241 0.9065243 0.1182241 0.9002661 0.1286352 0.9172148 0.1286353 0.9188869 0.1285424 0.9172151 0.1285424 0.9172151 0.1286353 0.9188869 0.1286354 0.920559 0.1285424 0.9172151 0.1286354 0.920559 0.1285427 0.9222313 0.1285427 0.9222313 0.1286354 0.920559 0.1286355 0.9222311 0.1286355 0.9222311 0.1286354 0.920559 0.128722 0.9222304 0.128722 0.9222304 0.1286354 0.920559 0.1287219 0.9205583 0.128722 0.9222304 0.1287219 0.9205583 0.1287963 0.9222292 0.1287963 0.9222292 0.1287219 0.9205583 0.1287963 0.9205572 0.1232364 0.9067774 0.1215647 0.9067775 0.123238 0.9067032 0.123238 0.9067032 0.1215647 0.9067775 0.1215662 0.9067033 0.123238 0.9067032 0.1215662 0.9067033 0.123239 0.9066169 0.123239 0.9066169 0.1215662 0.9067033 0.1215673 0.9066169 0.123239 0.9066169 0.1215673 0.9066169 0.1232393 0.9065241 0.1232393 0.9065241 0.1215673 0.9066169 0.1198955 0.9066169 0.1232393 0.9065241 0.1198955 0.9066169 0.1182241 0.9065243 0.1182241 0.9065243 0.1198955 0.9066169 0.1182237 0.9066171 0.1182237 0.9066171 0.1198955 0.9066169 0.1182228 0.9067034 0.1182228 0.9067034 0.1198955 0.9066169 0.1198945 0.9067034 0.1182228 0.9067034 0.1198945 0.9067034 0.1182212 0.9067776 0.1182212 0.9067776 0.1198945 0.9067034 0.119893 0.9067775 0.1287961 0.917213 0.1287962 0.9188851 0.1287218 0.9172142 0.1287218 0.9172142 0.1287962 0.9188851 0.1287218 0.9188862 0.1287218 0.9172142 0.1287218 0.9188862 0.1286352 0.9172148 0.1286352 0.9172148 0.1287218 0.9188862 0.1286353 0.9188869 0.1287219 0.9205583 0.1286354 0.920559 0.1286353 0.9188869 0.1287219 0.9205583 0.1286353 0.9188869 0.1287218 0.9188862 0.1287963 0.9205572 0.1287219 0.9205583 0.1287218 0.9188862 0.1287963 0.9205572 0.1287218 0.9188862 0.1287962 0.9188851 0.1215662 0.9067033 0.1215647 0.9067775 0.119893 0.9067775 0.1215662 0.9067033 0.119893 0.9067775 0.1198945 0.9067034 0.1215673 0.9066169 0.1215662 0.9067033 0.1198945 0.9067034 0.1215673 0.9066169 0.1198945 0.9067034 0.1198955 0.9066169 0.1278257 0.9172151 0.1285424 0.9172151 0.127826 0.9222313 0.127826 0.9222313 0.1285424 0.9172151 0.1285427 0.9222313 0.1212738 0.9444524 0.1213235 0.9445899 0.1159406 0.9444527 0.1159406 0.9444527 0.1213235 0.9445899 0.1159397 0.9448235 0.1159397 0.9448235 0.1213235 0.9445899 0.121359 0.9447321 0.1159397 0.9448235 0.121359 0.9447321 0.1213788 0.9448738 0.1213788 0.9448738 0.1213846 0.9450101 0.1159397 0.9448235 0.1159397 0.9448235 0.1213846 0.9450101 0.1159369 0.9451689 0.1159369 0.9451689 0.1213846 0.9450101 0.1213814 0.9453008 0.1159369 0.9451689 0.1213814 0.9453008 0.1159325 0.9454652 0.1159325 0.9454652 0.1213814 0.9453008 0.121377 0.9455451 0.1232358 0.9135426 0.123323 0.9080954 0.1235325 0.9135363 0.1235325 0.9135363 0.123323 0.9080954 0.123602 0.9080902 0.1235325 0.9135363 0.123602 0.9080902 0.1238781 0.9135323 0.1238781 0.9135323 0.123602 0.9080902 0.1239165 0.908087 0.1238781 0.9135323 0.1239165 0.908087 0.1242491 0.913531 0.1242491 0.913531 0.1239165 0.908087 0.1242491 0.9080858 0.1243313 0.913531 0.1242491 0.913531 0.1243313 0.9080858 0.1243313 0.9080858 0.1242491 0.913531 0.1242491 0.9080858 0.1243313 0.913531 0.1243313 0.9080858 0.1246888 0.9135322 0.1246888 0.9135322 0.1243313 0.9080858 0.1246888 0.9080871 0.1246888 0.9135322 0.1246888 0.9080871 0.1250237 0.9135359 0.1250237 0.9135359 0.1246888 0.9080871 0.1250237 0.9080908 0.1250237 0.9135359 0.1250237 0.9080908 0.125315 0.9135418 0.125315 0.9135418 0.1250237 0.9080908 0.125315 0.9080967 0.1069853 0.9585332 0.1069853 0.953087 0.1072629 0.9585289 0.1072629 0.9585289 0.1069853 0.953087 0.1072629 0.9530827 0.1072629 0.9585289 0.1072629 0.9530827 0.107589 0.958526 0.107589 0.958526 0.1072629 0.9530827 0.107589 0.9530798 0.107589 0.958526 0.107589 0.9530798 0.1079429 0.9585248 0.1079429 0.9585248 0.107589 0.9530798 0.1079429 0.9530785 0.1126136 0.9585062 0.1126136 0.95306 0.113764 0.9585104 0.113764 0.9585104 0.1126136 0.95306 0.113764 0.9530643 0.113764 0.9585104 0.113764 0.9530643 0.1148236 0.9585201 0.1148236 0.9585201 0.113764 0.9530643 0.1148236 0.953074 0.1148236 0.9585201 0.1148236 0.953074 0.1157256 0.9585346 0.1157256 0.9585346 0.1148236 0.953074 0.1157256 0.9530884 0.07973694 0.949588 0.08518207 0.949588 0.07975614 0.9505336 0.07975614 0.9505336 0.08518207 0.949588 0.08520126 0.9505336 0.07975614 0.9505336 0.08520126 0.9505336 0.07976818 0.9516215 0.07976818 0.9516215 0.08520126 0.9505336 0.0852133 0.9516215 0.07976818 0.9516215 0.0852133 0.9516215 0.07977229 0.952783 0.07977229 0.952783 0.0852133 0.9516215 0.08521741 0.952783 0.07977229 0.952783 0.08521741 0.952783 0.07976824 0.9539447 0.07976824 0.9539447 0.08521741 0.952783 0.08521336 0.9539447 0.07976824 0.9539447 0.08521336 0.9539447 0.07975625 0.9550332 0.07975625 0.9550332 0.08521336 0.9539447 0.08520132 0.9550332 0.07975625 0.9550332 0.08520132 0.9550332 0.07973706 0.9559798 0.07973706 0.9559798 0.08520132 0.9550332 0.08518218 0.9559798 0.1110551 0.9530513 0.1110551 0.9584975 0.110153 0.9530652 0.110153 0.9530652 0.1110551 0.9584975 0.110153 0.9585115 0.110153 0.9530652 0.110153 0.9585115 0.1090933 0.9530745 0.1090933 0.9530745 0.110153 0.9585115 0.1090933 0.9585208 0.1090933 0.9530745 0.1090933 0.9585208 0.1079429 0.9530785 0.1079429 0.9530785 0.1090933 0.9585208 0.1079429 0.9585248 0.1157273 0.9556311 0.1157257 0.9552858 0.121172 0.9555822 0.121172 0.9555822 0.1157257 0.9552858 0.1160839 0.9552858 0.121172 0.9555822 0.1160839 0.9552858 0.1162636 0.9552703 0.1164411 0.9552246 0.1211708 0.9552248 0.1162636 0.9552703 0.1162636 0.9552703 0.1211708 0.9552248 0.121172 0.9555822 0.121172 0.9555822 0.1211757 0.9559169 0.1157273 0.9556311 0.1157273 0.9556311 0.1211757 0.9559169 0.1157312 0.9559522 0.1157312 0.9559522 0.1211757 0.9559169 0.1211816 0.9562079 0.1157312 0.9559522 0.1211816 0.9562079 0.1157371 0.9562297 0.1116772 0.9584979 0.1116561 0.9530513 0.1119336 0.9530557 0.1116772 0.9584979 0.1119336 0.9530557 0.1119509 0.9585022 0.1119509 0.9585022 0.1119336 0.9530557 0.1122597 0.9530587 0.1119509 0.9585022 0.1122597 0.9530587 0.1122694 0.9585049 0.1122694 0.9585049 0.1122597 0.9530587 0.1126136 0.95306 0.1122694 0.9585049 0.1126136 0.95306 0.1126136 0.9585062 0.1261191 0.9145623 0.1261191 0.9149206 0.1252578 0.9145622 0.1252578 0.9145622 0.1261191 0.9149206 0.1252578 0.9149206 0.08023768 0.935369 0.07894873 0.9423572 0.07522243 0.9353691 0.07522243 0.9353691 0.07894873 0.9423572 0.07884138 0.9426165 0.07522243 0.9353691 0.07884138 0.9426165 0.07880473 0.9428948 0.08023768 0.9418197 0.07987946 0.9418197 0.08023768 0.935369 0.08023768 0.935369 0.07987946 0.9418197 0.07960128 0.9418563 0.08023768 0.935369 0.07960128 0.9418563 0.07934206 0.9419637 0.07934206 0.9419637 0.0791195 0.9421345 0.08023768 0.935369 0.08023768 0.935369 0.0791195 0.9421345 0.07894873 0.9423572 0.07522243 0.9353691 0.07880473 0.9428948 0.07522243 0.9493348 0.07522243 0.9493348 0.07880473 0.9428948 0.07880473 0.9457617 0.07522243 0.9493348 0.07880473 0.9457617 0.07884138 0.94604 0.07884138 0.94604 0.07894873 0.9462993 0.07522243 0.9493348 0.07522243 0.9493348 0.07894873 0.9462993 0.08023768 0.9493346 0.08023768 0.9493346 0.07894873 0.9462993 0.0791195 0.9465219 0.08023768 0.9493346 0.0791195 0.9465219 0.07934206 0.9466928 0.07934206 0.9466928 0.07960128 0.9468002 0.08023768 0.9493346 0.08023768 0.9493346 0.07960128 0.9468002 0.07987946 0.9468368 0.08023768 0.9493346 0.07987946 0.9468368 0.08023768 0.9468368 0.09107947 0.9404345 0.09110897 0.9396302 0.09126049 0.940199 0.09126049 0.940199 0.09110897 0.9396302 0.09138911 0.9399314 0.09138911 0.9399314 0.09110897 0.9396302 0.09145987 0.939643 0.09562873 0.9517738 0.09566533 0.9514955 0.09924769 0.9550685 0.09924769 0.9550685 0.09566533 0.9514955 0.09566533 0.9486286 0.09924769 0.9550685 0.09566533 0.9486286 0.09924769 0.9411029 0.09924769 0.9411029 0.09566533 0.9486286 0.09562873 0.9483503 0.09924769 0.9411029 0.09562873 0.9483503 0.09552139 0.948091 0.09924769 0.9411029 0.09552139 0.948091 0.09423959 0.9411028 0.09423959 0.9411028 0.09552139 0.948091 0.09535062 0.9478684 0.09423959 0.9411028 0.09535062 0.9478684 0.09512799 0.9476975 0.09512799 0.9476975 0.09486883 0.9475901 0.09423959 0.9411028 0.09423959 0.9411028 0.09486883 0.9475901 0.09459066 0.9475534 0.09423959 0.9411028 0.09459066 0.9475534 0.09423959 0.9475534 0.09562873 0.9517738 0.09924769 0.9550685 0.09552139 0.9520331 0.09552139 0.9520331 0.09924769 0.9550685 0.09423959 0.9550684 0.09552139 0.9520331 0.09423959 0.9550684 0.09535062 0.9522557 0.09535062 0.9522557 0.09423959 0.9550684 0.09512799 0.9524266 0.09512799 0.9524266 0.09423959 0.9550684 0.09486883 0.952534 0.09486883 0.952534 0.09423959 0.9550684 0.09459066 0.9525706 0.09459066 0.9525706 0.09423959 0.9550684 0.09423959 0.9525706 0.09423959 0.9550684 0.09924769 0.9550685 0.09423893 0.9551501 0.09423893 0.9551501 0.09924769 0.9550685 0.09590452 0.9551612 0.09423893 0.9551501 0.09590452 0.9551612 0.09423738 0.9552295 0.09423738 0.9552295 0.09590452 0.9551612 0.09590554 0.9552475 0.09423738 0.9552295 0.09590554 0.9552475 0.09423601 0.9552991 0.09423601 0.9552991 0.09590554 0.9552475 0.09590709 0.9553218 0.1274427 0.9599577 0.1274632 0.9582874 0.1275016 0.95996 0.1275016 0.95996 0.1274632 0.9582874 0.1275373 0.9582884 0.1275016 0.95996 0.1275373 0.9582884 0.1275674 0.9599608 0.1275674 0.9599608 0.1275373 0.9582884 0.1276236 0.9582892 0.1275674 0.9599608 0.1276236 0.9582892 0.1276402 0.9599613 0.1276402 0.9599613 0.1276236 0.9582892 0.1277164 0.9599614 0.1277164 0.9599614 0.1276236 0.9582892 0.1276236 0.956617 0.1277164 0.9599614 0.1276236 0.956617 0.1277162 0.9549452 0.1277162 0.9549452 0.1276236 0.956617 0.1276234 0.954945 0.1276234 0.954945 0.1276236 0.956617 0.1275371 0.9549443 0.1275371 0.9549443 0.1276236 0.956617 0.1275372 0.9566163 0.1275371 0.9549443 0.1275372 0.9566163 0.1274631 0.9549432 0.1274631 0.9549432 0.1275372 0.9566163 0.1274631 0.9566152 0.09925061 0.9553218 0.09757882 0.9553218 0.099249 0.9552477 0.099249 0.9552477 0.09757882 0.9553218 0.09757727 0.9552477 0.099249 0.9552477 0.09757727 0.9552477 0.09924799 0.9551612 0.09924799 0.9551612 0.09757727 0.9552477 0.09757626 0.9551612 0.09924799 0.9551612 0.09757626 0.9551612 0.09924769 0.9550685 0.09924769 0.9550685 0.09757626 0.9551612 0.09590452 0.9551612 0.09590554 0.9552475 0.09590452 0.9551612 0.09757626 0.9551612 0.09590554 0.9552475 0.09757626 0.9551612 0.09757727 0.9552477 0.09590709 0.9553218 0.09590554 0.9552475 0.09757727 0.9552477 0.09590709 0.9553218 0.09757727 0.9552477 0.09757882 0.9553218 0.1275373 0.9582884 0.1274632 0.9582874 0.1274631 0.9566152 0.1275373 0.9582884 0.1274631 0.9566152 0.1275372 0.9566163 0.1276236 0.9582892 0.1275373 0.9582884 0.1275372 0.9566163 0.1276236 0.9582892 0.1275372 0.9566163 0.1276236 0.956617 0.127826 0.9000124 0.1278257 0.9050287 0.1277497 0.9000126 0.1277497 0.9000126 0.1278257 0.9050287 0.1277332 0.9016848 0.1277497 0.9000126 0.1277332 0.9016848 0.127677 0.900013 0.127677 0.900013 0.1277332 0.9016848 0.1276469 0.9016854 0.127677 0.900013 0.1276469 0.9016854 0.1276111 0.9000138 0.1276111 0.9000138 0.1276469 0.9016854 0.1275728 0.9016864 0.1276111 0.9000138 0.1275728 0.9016864 0.1275523 0.900016 0.1182212 0.9068001 0.1198922 0.9067776 0.1198907 0.9068518 0.1182212 0.9068001 0.1198907 0.9068518 0.1182225 0.9068698 0.1182225 0.9068698 0.1198907 0.9068518 0.1198897 0.9069383 0.1182225 0.9068698 0.1198897 0.9069383 0.1182242 0.9069493 0.1182242 0.9069493 0.1198897 0.9069383 0.1182248 0.907031 0.1182248 0.907031 0.1198897 0.9069383 0.1215614 0.9069383 0.1182248 0.907031 0.1215614 0.9069383 0.1232329 0.9070311 0.1232329 0.9070311 0.1215614 0.9069383 0.1232332 0.9069383 0.1232332 0.9069383 0.1215614 0.9069383 0.1232342 0.9068519 0.1232342 0.9068519 0.1215614 0.9069383 0.1215624 0.9068519 0.1232342 0.9068519 0.1215624 0.9068519 0.1232358 0.9067776 0.1232358 0.9067776 0.1215624 0.9068519 0.121564 0.9067776 0.1275726 0.9050306 0.1275727 0.9033586 0.1276467 0.9050296 0.1276467 0.9050296 0.1275727 0.9033586 0.1276468 0.9033575 0.1276467 0.9050296 0.1276468 0.9033575 0.1277331 0.9050289 0.1277331 0.9050289 0.1276468 0.9033575 0.1277331 0.9033568 0.1277331 0.9050289 0.1277331 0.9033568 0.1278257 0.9050287 0.1278257 0.9050287 0.1277331 0.9033568 0.1277332 0.9016848 0.1276469 0.9016854 0.1277332 0.9016848 0.1277331 0.9033568 0.1276469 0.9016854 0.1277331 0.9033568 0.1276468 0.9033575 0.1275728 0.9016864 0.1276469 0.9016854 0.1276468 0.9033575 0.1275728 0.9016864 0.1276468 0.9033575 0.1275727 0.9033586 0.1198907 0.9068518 0.1198922 0.9067776 0.121564 0.9067776 0.1198907 0.9068518 0.121564 0.9067776 0.1215624 0.9068519 0.1198897 0.9069383 0.1198907 0.9068518 0.1215624 0.9068519 0.1198897 0.9069383 0.1215624 0.9068519 0.1215614 0.9069383 0.1232329 0.9070311 0.1232329 0.9132893 0.1182248 0.907031 0.1182248 0.907031 0.1232329 0.9132893 0.1182248 0.9132892 0.1182248 0.9132892 0.1232329 0.9132893 0.1182242 0.9133709 0.1182242 0.9133709 0.1232329 0.9132893 0.1198897 0.913382 0.1182242 0.9133709 0.1198897 0.913382 0.1182225 0.9134504 0.1182225 0.9134504 0.1198897 0.913382 0.1198907 0.9134684 0.1182225 0.9134504 0.1198907 0.9134684 0.1182212 0.91352 0.1182212 0.91352 0.1198907 0.9134684 0.1198922 0.9135426 0.1275523 0.9222276 0.1275727 0.9205572 0.1276111 0.9222299 0.1276111 0.9222299 0.1275727 0.9205572 0.1276468 0.9205583 0.1276111 0.9222299 0.1276468 0.9205583 0.127677 0.9222307 0.127677 0.9222307 0.1276468 0.9205583 0.1277332 0.9205589 0.127677 0.9222307 0.1277332 0.9205589 0.1277497 0.9222311 0.1277497 0.9222311 0.1277332 0.9205589 0.127826 0.9222313 0.127826 0.9222313 0.1277332 0.9205589 0.1277331 0.9188869 0.127826 0.9222313 0.1277331 0.9188869 0.1278257 0.9172151 0.1278257 0.9172151 0.1277331 0.9188869 0.127733 0.9172148 0.127733 0.9172148 0.1277331 0.9188869 0.1276467 0.9172142 0.1276467 0.9172142 0.1277331 0.9188869 0.1276468 0.9188862 0.1276467 0.9172142 0.1276468 0.9188862 0.1275726 0.917213 0.1275726 0.917213 0.1276468 0.9188862 0.1275727 0.9188851 0.1232358 0.9135426 0.121564 0.9135426 0.1232342 0.9134685 0.1232342 0.9134685 0.121564 0.9135426 0.1215624 0.9134685 0.1232342 0.9134685 0.1215624 0.9134685 0.1232332 0.9133821 0.1232332 0.9133821 0.1215624 0.9134685 0.1215614 0.9133821 0.1232332 0.9133821 0.1215614 0.9133821 0.1232329 0.9132893 0.1232329 0.9132893 0.1215614 0.9133821 0.1198897 0.913382 0.1198907 0.9134684 0.1198897 0.913382 0.1215614 0.9133821 0.1198907 0.9134684 0.1215614 0.9133821 0.1215624 0.9134685 0.1198922 0.9135426 0.1198907 0.9134684 0.1215624 0.9134685 0.1198922 0.9135426 0.1215624 0.9134685 0.121564 0.9135426 0.1276468 0.9205583 0.1275727 0.9205572 0.1275727 0.9188851 0.1276468 0.9205583 0.1275727 0.9188851 0.1276468 0.9188862 0.1277332 0.9205589 0.1276468 0.9205583 0.1276468 0.9188862 0.1277332 0.9205589 0.1276468 0.9188862 0.1277331 0.9188869 0.09107947 0.9404345 0.09091389 0.9405835 0.09110897 0.9396302 0.09110897 0.9396302 0.09091389 0.9405835 0.09083026 0.9396199 0.09083026 0.9396199 0.09091389 0.9405835 0.09072381 0.9407065 0.09083026 0.9396199 0.09072381 0.9407065 0.09056913 0.93961 0.09056913 0.93961 0.09072381 0.9407065 0.0905227 0.9407958 0.09056913 0.93961 0.0905227 0.9407958 0.09034335 0.9408465 0.09056913 0.93961 0.09034335 0.9408465 0.09034335 0.9396013 0.1288419 0.9126996 0.1275977 0.9127417 0.1275675 0.9125762 0.1288419 0.9126996 0.1275675 0.9125762 0.1288422 0.912477 0.1288422 0.912477 0.1275675 0.9125762 0.1275553 0.9123795 0.1288422 0.912477 0.1275553 0.9123795 0.1288425 0.9122177 0.1288425 0.9122177 0.1275553 0.9123795 0.1275523 0.9121624 0.1288425 0.9122177 0.1275523 0.9121624 0.1288425 0.9119395 0.1288425 0.9119395 0.1275523 0.9121624 0.1275524 0.9119395 0.1275524 0.9119395 0.1275524 0.9090725 0.1288425 0.9119395 0.1288425 0.9119395 0.1275524 0.9090725 0.1288425 0.9090725 0.1023445 0.9485356 0.1022855 0.9485915 0.1023445 0.9473889 0.1023445 0.9473889 0.1022855 0.9485915 0.1022394 0.9486612 0.1023445 0.9473889 0.1022394 0.9486612 0.1022107 0.9487406 0.1023445 0.9473889 0.1022107 0.9487406 0.1019735 0.9473889 0.1019735 0.9473889 0.1022107 0.9487406 0.1022011 0.9488223 0.1019735 0.9473889 0.1022011 0.9488223 0.1019735 0.9518684 0.1019735 0.9518684 0.1022011 0.9488223 0.1022009 0.9552729 0.1019735 0.9518684 0.1022009 0.9552729 0.1019103 0.9552729 0.1019735 0.9518684 0.1019103 0.9552729 0.101628 0.9518684 0.101628 0.9518684 0.1019103 0.9552729 0.1016383 0.9552729 0.101628 0.9518684 0.1016383 0.9552729 0.1013968 0.9552729 0.101628 0.9518684 0.1013968 0.9552729 0.1013316 0.9518684 0.1109918 0.927428 0.1110551 0.9308326 0.1108911 0.9308444 0.1109918 0.927428 0.1108911 0.9308444 0.1106888 0.9274278 0.1106888 0.9274278 0.1108911 0.9308444 0.110703 0.930889 0.1106888 0.9274278 0.110703 0.930889 0.1105043 0.9309781 0.1106888 0.9274278 0.1105043 0.9309781 0.1103392 0.9274277 0.1103392 0.9274277 0.1105043 0.9309781 0.1103278 0.931105 0.1103392 0.9274277 0.1103278 0.931105 0.1101766 0.9312705 0.1103392 0.9274277 0.1101766 0.9312705 0.109967 0.922948 0.109967 0.922948 0.1101766 0.9312705 0.1100613 0.9314672 0.109967 0.922948 0.1100613 0.9314672 0.1099908 0.9316843 0.1099908 0.9316843 0.109967 0.9319073 0.109967 0.922948 0.109967 0.922948 0.1103392 0.9229481 0.1103392 0.9274277 0.1103392 0.9274277 0.1103392 0.9229481 0.1106888 0.9274278 0.1103392 0.9229481 0.1106888 0.9229483 0.1106888 0.9274278 0.1106888 0.9274278 0.1106888 0.9229483 0.1109918 0.927428 0.1106888 0.9229483 0.1109918 0.9229485 0.1109918 0.927428 0.1013316 0.9518684 0.1013317 0.9473889 0.101628 0.9518684 0.1013317 0.9473889 0.1016281 0.9473889 0.101628 0.9518684 0.101628 0.9518684 0.1016281 0.9473889 0.1019735 0.9518684 0.1016281 0.9473889 0.1019735 0.9473889 0.1019735 0.9518684 0.1239643 0.9366402 0.1228892 0.9366403 0.1239643 0.9351353 0.1239643 0.9351353 0.1228892 0.9366403 0.1228892 0.9351354 0.0953111 0.962551 0.09607988 0.962551 0.0953111 0.9640555 0.0953111 0.9640555 0.09607988 0.962551 0.09607988 0.9640555 0.04662233 0.9401192 0.05225592 0.940177 0.04511743 0.9401207 0.04511743 0.9401207 0.05225592 0.940177 0.05227619 0.9403192 0.04511743 0.9401207 0.05227619 0.9403192 0.04511612 0.9404472 0.04511612 0.9404472 0.05227619 0.9403192 0.05228215 0.9404568 0.04511612 0.9404472 0.05228215 0.9404568 0.04511338 0.9407438 0.04511338 0.9407438 0.05228215 0.9404568 0.05227935 0.9407485 0.04511338 0.9407438 0.05227935 0.9407485 0.04510933 0.9409938 0.04510933 0.9409938 0.05227935 0.9407485 0.05227535 0.9409938 0.05727571 0.9408681 0.06444054 0.940876 0.05728095 0.9411492 0.05728095 0.9411492 0.06444054 0.940876 0.06444567 0.9411554 0.05728095 0.9411492 0.06444567 0.9411554 0.05728423 0.9414668 0.05728423 0.9414668 0.06444567 0.9411554 0.06444889 0.94147 0.05728423 0.9414668 0.06444889 0.94147 0.05728536 0.941803 0.05728536 0.941803 0.06444889 0.94147 0.06444996 0.9418027 0.05225592 0.940177 0.04662233 0.9401192 0.05222004 0.9400351 0.05222004 0.9400351 0.04662233 0.9401192 0.04662245 0.9400479 0.05222004 0.9400351 0.04662245 0.9400479 0.04662245 0.9399761 0.04662245 0.9399041 0.05217069 0.9398987 0.04662245 0.9399761 0.04662245 0.9399761 0.05217069 0.9398987 0.05222004 0.9400351 0.06444996 0.9418027 0.06333184 0.9449846 0.05728536 0.941803 0.05728536 0.941803 0.06333184 0.9449846 0.06316101 0.9452072 0.05728536 0.941803 0.06316101 0.9452072 0.06305366 0.9454665 0.06444996 0.9446696 0.0640918 0.9446697 0.06444996 0.9418027 0.06444996 0.9418027 0.0640918 0.9446697 0.06381362 0.9447063 0.06444996 0.9418027 0.06381362 0.9447063 0.0635544 0.9448137 0.0635544 0.9448137 0.06333184 0.9449846 0.06444996 0.9418027 0.06305366 0.9454665 0.06301707 0.9457449 0.05728536 0.941803 0.05728536 0.941803 0.06301707 0.9457449 0.05728542 0.949626 0.05728542 0.949626 0.06301707 0.9457449 0.06301707 0.9486117 0.05728542 0.949626 0.06301707 0.9486117 0.06304955 0.948874 0.06304955 0.948874 0.06314498 0.9491204 0.05728542 0.949626 0.05728542 0.949626 0.06314498 0.9491204 0.06329756 0.9493361 0.05728542 0.949626 0.06329756 0.9493361 0.06349813 0.949508 0.06349813 0.949508 0.06373459 0.9496257 0.05728542 0.949626 0.06373459 0.9496257 0.06391215 0.9496714 0.05728542 0.949626 0.05728542 0.949626 0.06391215 0.9496714 0.0640918 0.9496869 0.05728542 0.949626 0.0640918 0.9496869 0.05728429 0.949962 0.05728429 0.949962 0.0640918 0.9496869 0.06444996 0.9496868 0.05728429 0.949962 0.06444996 0.9496868 0.06444841 0.9500321 0.05728429 0.949962 0.06444841 0.9500321 0.05728101 0.9502794 0.05728101 0.9502794 0.06444841 0.9500321 0.06444454 0.9503532 0.05728101 0.9502794 0.06444454 0.9503532 0.05727577 0.9505601 0.05727577 0.9505601 0.06444454 0.9503532 0.06443864 0.9506307 0.0496248 0.9503228 0.04955947 0.9574901 0.04937475 0.9503272 0.04937475 0.9503272 0.04955947 0.9574901 0.04928463 0.9574944 0.04937475 0.9503272 0.04928463 0.9574944 0.04907822 0.9503304 0.04907822 0.9503304 0.04928463 0.9574944 0.04896545 0.9574971 0.04907822 0.9503304 0.04896545 0.9574971 0.04875159 0.9503321 0.04875159 0.9503321 0.04896545 0.9574971 0.04875159 0.9520519 0.04875159 0.9520519 0.04896545 0.9574971 0.04862087 0.9574983 0.04875159 0.9520519 0.04862087 0.9574983 0.0487082 0.952052 0.0487082 0.952052 0.04862087 0.9574983 0.04866456 0.9520521 0.04866456 0.9520521 0.04862087 0.9574983 0.04862087 0.9520521 0.07405972 0.96066 0.07405972 0.963179 0.07234019 0.96066 0.07234019 0.96066 0.07405972 0.963179 0.07234019 0.963179 0.09738469 0.9631848 0.09738469 0.9606658 0.09910416 0.9631847 0.09910416 0.9631847 0.09738469 0.9606658 0.09910416 0.9606657 0.1244324 0.9535812 0.1244324 0.9518614 0.124759 0.9535829 0.124759 0.9535829 0.1244324 0.9518614 0.1246559 0.946416 0.124759 0.9535829 0.1246559 0.946416 0.1249827 0.9464189 0.1246559 0.946416 0.1244324 0.9518614 0.1243016 0.9464148 0.1243016 0.9464148 0.1244324 0.9518614 0.1243889 0.9518613 0.1243016 0.9464148 0.1243889 0.9518613 0.1243454 0.9518612 0.1243454 0.9518612 0.1243016 0.951861 0.1243016 0.9464148 0.124759 0.9535829 0.1249827 0.9464189 0.1250555 0.9535859 0.1250555 0.9535859 0.1249827 0.9464189 0.1252614 0.9464232 0.1250555 0.9535859 0.1252614 0.9464232 0.1253055 0.9535902 0.05013674 0.9595951 0.05009603 0.9524316 0.05038738 0.9524261 0.05013674 0.9595951 0.05038738 0.9524261 0.0504179 0.9595901 0.0504179 0.9595901 0.05038738 0.9524261 0.05072236 0.9524227 0.0504179 0.9595901 0.05072236 0.9524227 0.05073547 0.9595872 0.05073547 0.9595872 0.05072236 0.9524227 0.0510798 0.9524219 0.05073547 0.9595872 0.0510798 0.9524219 0.05107164 0.9595865 0.05115389 0.9595866 0.05107164 0.9595865 0.05116206 0.952422 0.05116206 0.952422 0.05107164 0.9595865 0.0510798 0.9524219 0.0680536 0.9234961 0.07521361 0.9236231 0.06805503 0.9238228 0.06805503 0.9238228 0.07521361 0.9236231 0.07519358 0.923765 0.06805503 0.9238228 0.07519358 0.923765 0.06955987 0.9238242 0.06955987 0.9238242 0.07519358 0.923765 0.07515794 0.9239072 0.06955987 0.9238242 0.07515794 0.9239072 0.06955999 0.9238956 0.06955999 0.9238956 0.07515794 0.9239072 0.06955999 0.9239674 0.06955999 0.9239674 0.07515794 0.9239072 0.07510811 0.9240446 0.06955999 0.9239674 0.07510811 0.9240446 0.06955999 0.9240393 0.07521361 0.9236231 0.0680536 0.9234961 0.07521951 0.9234866 0.07521951 0.9234866 0.0680536 0.9234961 0.06805074 0.9231995 0.07521951 0.9234866 0.06805074 0.9231995 0.07521659 0.9231949 0.07521659 0.9231949 0.06805074 0.9231995 0.06804651 0.9229496 0.07521659 0.9231949 0.06804651 0.9229496 0.07521241 0.9229496 0.05208802 0.9524325 0.05208802 0.9595974 0.05180728 0.9595918 0.05208802 0.9524325 0.05180728 0.9595918 0.05180907 0.952427 0.05180907 0.952427 0.05180728 0.9595918 0.05149 0.9595881 0.05180907 0.952427 0.05149 0.9595881 0.05149465 0.9524235 0.05149465 0.9524235 0.05149 0.9595881 0.05115389 0.9595866 0.05149465 0.9524235 0.05115389 0.9595866 0.05116206 0.952422 0.07762926 0.9640868 0.07686042 0.9640868 0.07762926 0.9625822 0.07762926 0.9625822 0.07686042 0.9640868 0.07686042 0.9625822 0.0453608 0.9640496 0.0453608 0.9625447 0.04643595 0.9640496 0.04643595 0.9640496 0.0453608 0.9625447 0.04643595 0.9625447 0.1228892 0.9366402 0.1213846 0.9366403 0.1228892 0.9348126 0.1228892 0.9348126 0.1213846 0.9366403 0.1213846 0.9348126 0.1273337 0.9379315 0.1273337 0.9326277 0.1288385 0.9379315 0.1288385 0.9379315 0.1273337 0.9326277 0.1288385 0.9326277 0.1259244 0.8978622 0.1259244 0.8996899 0.1244198 0.8978622 0.1244198 0.8978622 0.1259244 0.8996899 0.1244198 0.8996899 0.09423601 0.9640558 0.09423601 0.9625509 0.0953111 0.9640559 0.0953111 0.9640559 0.09423601 0.9625509 0.0953111 0.962551 0.1276242 0.9222313 0.1287351 0.9222313 0.1276242 0.9232701 0.1276242 0.9232701 0.1287351 0.9222313 0.1287351 0.9269241 0.1276242 0.9232701 0.1287351 0.9269241 0.1272658 0.9254196 0.1272658 0.9254196 0.1287351 0.9269241 0.1272658 0.9269241 0.1268358 0.9254196 0.1268358 0.9232701 0.1272658 0.9254196 0.1272658 0.9254196 0.1268358 0.9232701 0.1276242 0.9232701 0.06335276 0.9408681 0.06335276 0.9229497 0.06804651 0.9408679 0.06804651 0.9408679 0.06335276 0.9229497 0.06804651 0.9229494 0.1286855 0.8878726 0.1272162 0.8878727 0.1286855 0.886368 0.1286855 0.886368 0.1272162 0.8878727 0.1283272 0.8842187 0.1286855 0.886368 0.1283272 0.8842187 0.1291156 0.8842187 0.1272162 0.8878727 0.1272162 0.8831799 0.1283272 0.8842187 0.1283272 0.8842187 0.1272162 0.8831799 0.1283272 0.8831798 0.1291156 0.8842187 0.1291156 0.886368 0.1286855 0.886368 0.08306717 0.9640415 0.08306717 0.9625366 0.08414232 0.9640415 0.08414232 0.9640415 0.08306717 0.9625366 0.08414232 0.9625367 0.1229152 0.8996899 0.1214107 0.8996899 0.1229152 0.8978622 0.1229152 0.8978622 0.1214107 0.8996899 0.1214107 0.8978622 0.1274427 0.9449065 0.1274427 0.9396027 0.1289476 0.9449065 0.1289476 0.9449065 0.1274427 0.9396027 0.1289476 0.9396026 0.1243939 0.9230926 0.1243939 0.9249202 0.1228893 0.9230925 0.1228893 0.9230925 0.1243939 0.9249202 0.1228893 0.9249202 0.07973694 0.9609345 0.08124184 0.9609344 0.07973694 0.9637297 0.07973694 0.9637297 0.08124184 0.9609344 0.08124184 0.9637297 0.06321334 0.93199 0.06321334 0.9334949 0.0631392 0.9319902 0.0631392 0.9319902 0.06321334 0.9334949 0.0631392 0.9334951 0.0631392 0.9319902 0.0631392 0.9334951 0.06307011 0.9319908 0.06307011 0.9319908 0.0631392 0.9334951 0.06307011 0.9334957 0.06307011 0.9319908 0.06307011 0.9334957 0.06301081 0.9319916 0.06301081 0.9319916 0.06307011 0.9334957 0.06301081 0.9334965 0.06440615 0.9582338 0.06440615 0.9597384 0.06434673 0.9582325 0.06434673 0.9582325 0.06440615 0.9597384 0.06434673 0.9597371 0.06434673 0.9582325 0.06434673 0.9597371 0.06427758 0.9582317 0.06427758 0.9582317 0.06434673 0.9597371 0.06427758 0.9597364 0.06427758 0.9582317 0.06427758 0.9597364 0.06420338 0.9582315 0.06420338 0.9582315 0.06427758 0.9597364 0.06420338 0.959736 0.06420338 0.9582315 0.06420338 0.959736 0.06412917 0.9582317 0.06412917 0.9582317 0.06420338 0.959736 0.06412917 0.9597364 0.06412917 0.9582317 0.06412917 0.9597364 0.06406003 0.9582325 0.06406003 0.9582325 0.06412917 0.9597364 0.06406003 0.9597371 0.06406003 0.9582325 0.06406003 0.9597371 0.06400072 0.9582338 0.06400072 0.9582338 0.06406003 0.9597371 0.06400072 0.9597384 0.1256852 0.9264251 0.1256852 0.9249202 0.1257445 0.9264261 0.1257445 0.9264261 0.1256852 0.9249202 0.1257445 0.9249212 0.1257445 0.9264261 0.1257445 0.9249212 0.1258135 0.9264265 0.1258135 0.9264265 0.1257445 0.9249212 0.1258135 0.9249218 0.1258135 0.9264265 0.1258135 0.9249218 0.1258877 0.9264268 0.1258877 0.9264268 0.1258135 0.9249218 0.1258877 0.9249219 0.1258877 0.9264268 0.1258877 0.9249219 0.1259619 0.9264265 0.1259619 0.9264265 0.1258877 0.9249219 0.1259619 0.9249218 0.1259619 0.9264265 0.1259619 0.9249218 0.1260312 0.9264261 0.1260312 0.9264261 0.1259619 0.9249218 0.1260312 0.9249212 0.1260312 0.9264261 0.1260312 0.9249212 0.1260907 0.9264251 0.1260907 0.9264251 0.1260312 0.9249212 0.1260907 0.9249203 0.06321346 0.9304855 0.06321346 0.93199 0.06315416 0.9304842 0.06315416 0.9304842 0.06321346 0.93199 0.06315416 0.9319887 0.06315416 0.9304842 0.06315416 0.9319887 0.06308501 0.9304834 0.06308501 0.9304834 0.06315416 0.9319887 0.06308501 0.931988 0.06308501 0.9304834 0.06308501 0.931988 0.06301081 0.9304831 0.06301081 0.9304831 0.06308501 0.931988 0.06301081 0.9319877 0.1048801 0.9473888 0.1048801 0.9466362 0.1063847 0.9473888 0.1063847 0.9473888 0.1048801 0.9466362 0.1063846 0.9405007 0.1063846 0.9405007 0.1048801 0.9466362 0.1046652 0.9405006 0.1046652 0.9405006 0.1048801 0.9466362 0.1046652 0.9466362 0.1048801 0.922948 0.1063847 0.922948 0.1048801 0.9237006 0.1048801 0.9237006 0.1063847 0.922948 0.1063847 0.937577 0.1048801 0.9237006 0.1063847 0.937577 0.1046652 0.9375769 0.1046652 0.9375769 0.1046652 0.9237006 0.1048801 0.9237006 0.06321346 0.9259625 0.06321352 0.927467 0.06313925 0.9259627 0.06313925 0.9259627 0.06321352 0.927467 0.06313931 0.9274672 0.06313925 0.9259627 0.06313931 0.9274672 0.06307011 0.9259635 0.06307011 0.9259635 0.06313931 0.9274672 0.06307011 0.9274681 0.06307011 0.9259635 0.06307011 0.9274681 0.06301069 0.9259647 0.06301069 0.9259647 0.06307011 0.9274681 0.06301069 0.9274693 0.1260907 0.9279349 0.1260907 0.9294397 0.1260312 0.9279339 0.1260312 0.9279339 0.1260907 0.9294397 0.1260312 0.9294388 0.1260312 0.9279339 0.1260312 0.9294388 0.125962 0.9279335 0.125962 0.9279335 0.1260312 0.9294388 0.125962 0.9294384 0.125962 0.9279335 0.125962 0.9294384 0.1258878 0.9279332 0.1258878 0.9279332 0.125962 0.9294384 0.1258878 0.9294381 0.1258878 0.9279332 0.1258878 0.9294381 0.1258136 0.9279335 0.1258136 0.9279335 0.1258878 0.9294381 0.1258136 0.9294384 0.1258136 0.9279335 0.1258136 0.9294384 0.1257445 0.9279341 0.1257445 0.9279341 0.1258136 0.9294384 0.1257445 0.9294388 0.1257445 0.9279341 0.1257445 0.9294388 0.1256852 0.9279349 0.1256852 0.9279349 0.1257445 0.9294388 0.1256852 0.9294398 0.05773717 0.9574251 0.05773717 0.9589297 0.05767774 0.9574238 0.05767774 0.9574238 0.05773717 0.9589297 0.05767774 0.9589285 0.05767774 0.9574238 0.05767774 0.9589285 0.0576086 0.9574231 0.0576086 0.9574231 0.05767774 0.9589285 0.0576086 0.9589276 0.0576086 0.9574231 0.0576086 0.9589276 0.05753439 0.9574227 0.05753439 0.9574227 0.0576086 0.9589276 0.05753439 0.9589274 0.05753439 0.9574227 0.05753439 0.9589274 0.05746024 0.9574231 0.05746024 0.9574231 0.05753439 0.9589274 0.05746024 0.9589276 0.05746024 0.9574231 0.05746024 0.9589276 0.0573911 0.9574239 0.0573911 0.9574239 0.05746024 0.9589276 0.0573911 0.9589285 0.0573911 0.9574239 0.0573911 0.9589285 0.05733174 0.9574251 0.05733174 0.9574251 0.0573911 0.9589285 0.05733174 0.9589297 0.06301087 0.9350014 0.06301087 0.9334965 0.06307011 0.9350022 0.06307011 0.9350022 0.06301087 0.9334965 0.06307011 0.9334973 0.06307011 0.9350022 0.06307011 0.9334973 0.0631392 0.9350028 0.0631392 0.9350028 0.06307011 0.9334973 0.0631392 0.9334979 0.0631392 0.9350028 0.0631392 0.9334979 0.06321334 0.9350029 0.06321334 0.9350029 0.0631392 0.9334979 0.06321334 0.9334982 0.06400072 0.9607406 0.06400072 0.9635358 0.06249582 0.9607405 0.06249582 0.9607405 0.06400072 0.9635358 0.06249582 0.9635357 0.1243939 0.9230926 0.1258985 0.9230926 0.1243939 0.9249202 0.1243939 0.9249202 0.1258985 0.9230926 0.1258985 0.9249202 0.1287211 0.8878728 0.1287211 0.8931766 0.1272162 0.8878727 0.1272162 0.8878727 0.1287211 0.8931766 0.1272162 0.8931766 0.05228215 0.9409938 0.05228215 0.9428215 0.05077755 0.9409939 0.05077755 0.9409939 0.05228215 0.9428215 0.05077755 0.9428215 0.08521741 0.9640415 0.08414232 0.9640415 0.08521741 0.9625366 0.08521741 0.9625366 0.08414232 0.9640415 0.08414232 0.9625366 0.1276242 0.9269241 0.1287351 0.9269241 0.1276242 0.927963 0.1276242 0.927963 0.1287351 0.9269241 0.1287351 0.9316169 0.1276242 0.927963 0.1287351 0.9316169 0.1272658 0.9301124 0.1272658 0.9301124 0.1287351 0.9316169 0.1272658 0.931617 0.1268358 0.9301125 0.1268358 0.927963 0.1272658 0.9301124 0.1272658 0.9301124 0.1268358 0.927963 0.1276242 0.927963 0.06196951 0.9229497 0.06196951 0.9408681 0.05727571 0.9229496 0.05727571 0.9229496 0.06196951 0.9408681 0.05727571 0.9408679 0.1262962 0.962004 0.1248269 0.962004 0.1262962 0.9604994 0.1262962 0.9604994 0.1248269 0.962004 0.1259378 0.9583501 0.1262962 0.9604994 0.1259378 0.9583501 0.1267263 0.9583501 0.1248269 0.962004 0.1248269 0.9573112 0.1259378 0.9583501 0.1259378 0.9583501 0.1248269 0.9573112 0.1259378 0.9573112 0.1267263 0.9583501 0.1267263 0.9604994 0.1262962 0.9604994 0.05077755 0.9424987 0.04970246 0.9424987 0.05077755 0.9409938 0.05077755 0.9409938 0.04970246 0.9424987 0.04970246 0.9409938 0.1229152 0.8978622 0.1244198 0.8978622 0.1229152 0.8996899 0.1229152 0.8996899 0.1244198 0.8978622 0.1244198 0.8996899 0.07615816 0.9562247 0.07615816 0.9615285 0.07465326 0.9562246 0.07465326 0.9562246 0.07615816 0.9615285 0.07465326 0.9615284 0.1228893 0.9230925 0.1228893 0.9249202 0.1213847 0.9230926 0.1213847 0.9230926 0.1228893 0.9249202 0.1213847 0.9249202 0.1110551 0.8820945 0.113205 0.8799439 0.1110551 0.8907213 0.1110551 0.8907213 0.113205 0.8799439 0.1141007 0.8846027 0.1110551 0.8907213 0.1141007 0.8846027 0.1141434 0.8849273 0.116788 0.8799437 0.1150302 0.883391 0.113205 0.8799439 0.113205 0.8799439 0.1150302 0.883391 0.1147277 0.8835163 0.113205 0.8799439 0.1147277 0.8835163 0.114468 0.8837158 0.1171589 0.8799926 0.1165661 0.8842778 0.116788 0.8799437 0.116788 0.8799437 0.1165661 0.8842778 0.1164408 0.8839754 0.116788 0.8799437 0.1164408 0.8839754 0.1162415 0.8837156 0.1175046 0.8801358 0.1168853 0.8863329 0.1171589 0.8799926 0.1171589 0.8799926 0.1168853 0.8863329 0.1166088 0.8846026 0.1171589 0.8799926 0.1166088 0.8846026 0.1165661 0.8842778 0.1168853 0.8863329 0.1175046 0.8801358 0.1178014 0.8854165 0.1178014 0.8854165 0.1175046 0.8801358 0.1178014 0.8803635 0.1178014 0.8854165 0.1178014 0.8803635 0.1180292 0.8851196 0.1180292 0.8851196 0.1178014 0.8803635 0.1180292 0.8806604 0.1180292 0.8851196 0.1180292 0.8806604 0.1182212 0.8844029 0.1182212 0.8844029 0.1180292 0.8806604 0.1182212 0.8813771 0.1182212 0.8813771 0.1180292 0.8806604 0.1181724 0.8810061 0.1182212 0.8844029 0.1181724 0.8847739 0.1180292 0.8851196 0.1166088 0.8846026 0.1168853 0.8863329 0.1165661 0.8849272 0.1165661 0.8849272 0.1168853 0.8863329 0.1166575 0.8866298 0.1165661 0.8849272 0.1166575 0.8866298 0.1164408 0.8852297 0.1164408 0.8852297 0.1166575 0.8866298 0.1165143 0.8869755 0.1164408 0.8852297 0.1165143 0.8869755 0.1162415 0.8854895 0.1162415 0.8854895 0.1165143 0.8869755 0.1164655 0.8873465 0.1162415 0.8854895 0.1164655 0.8873465 0.1159818 0.8856888 0.1159818 0.8856888 0.1164655 0.8873465 0.1156793 0.8858141 0.1156793 0.8858141 0.1164655 0.8873465 0.1164655 0.8983977 0.1156793 0.8858141 0.1164655 0.8983977 0.1153548 0.8858569 0.1153548 0.8858569 0.1164655 0.8983977 0.1150302 0.8858142 0.1150302 0.8858142 0.1164655 0.8983977 0.1147277 0.8856889 0.1147277 0.8856889 0.1164655 0.8983977 0.114468 0.8854896 0.114468 0.8854896 0.1164655 0.8983977 0.1142687 0.8852297 0.1142687 0.8852297 0.1164655 0.8983977 0.1142687 0.917662 0.1142687 0.8852297 0.1142687 0.917662 0.1110551 0.8907213 0.1110551 0.8907213 0.1142687 0.917662 0.1141434 0.9179646 0.1110551 0.8907213 0.1141434 0.9179646 0.1110551 0.920798 0.1110551 0.920798 0.1141434 0.9179646 0.1141007 0.9182892 0.1110551 0.920798 0.1141007 0.9182892 0.113205 0.922948 0.113205 0.922948 0.1141007 0.9182892 0.1141434 0.9186139 0.113205 0.922948 0.1141434 0.9186139 0.1142687 0.9189164 0.1165143 0.8987687 0.1165143 0.9112903 0.1164655 0.8983977 0.1164655 0.8983977 0.1165143 0.9112903 0.1164655 0.9116613 0.1164655 0.8983977 0.1164655 0.9116613 0.1150302 0.9170777 0.1150302 0.9170777 0.1164655 0.9116613 0.1153548 0.9170349 0.1153548 0.9170349 0.1164655 0.9116613 0.1156793 0.9170776 0.1156793 0.9170776 0.1164655 0.9116613 0.1159818 0.9172029 0.1159818 0.9172029 0.1164655 0.9116613 0.1164655 0.9155451 0.1159818 0.9172029 0.1164655 0.9155451 0.1162415 0.9174022 0.1162415 0.9174022 0.1164655 0.9155451 0.1165143 0.9159162 0.1162415 0.9174022 0.1165143 0.9159162 0.1164408 0.917662 0.1164408 0.917662 0.1165143 0.9159162 0.1166575 0.9162619 0.1164408 0.917662 0.1166575 0.9162619 0.1165661 0.9179645 0.1165661 0.9179645 0.1166575 0.9162619 0.1168853 0.9165588 0.1165661 0.9179645 0.1168853 0.9165588 0.1166088 0.9182891 0.1166088 0.9182891 0.1168853 0.9165588 0.1171589 0.922899 0.1166088 0.9182891 0.1171589 0.922899 0.1165661 0.9186137 0.1165661 0.9186137 0.1171589 0.922899 0.116788 0.9229479 0.1165661 0.9186137 0.116788 0.9229479 0.1164408 0.9189162 0.1164408 0.9189162 0.116788 0.9229479 0.1162415 0.9191761 0.1162415 0.9191761 0.116788 0.9229479 0.1159818 0.9193754 0.1159818 0.9193754 0.116788 0.9229479 0.1156793 0.9195007 0.1156793 0.9195007 0.116788 0.9229479 0.1153548 0.9195435 0.1153548 0.9195435 0.116788 0.9229479 0.1150302 0.9195007 0.1150302 0.9195007 0.116788 0.9229479 0.113205 0.922948 0.1150302 0.9195007 0.113205 0.922948 0.1147277 0.9193754 0.1147277 0.9193754 0.113205 0.922948 0.114468 0.9191761 0.114468 0.9191761 0.113205 0.922948 0.1142687 0.9189164 0.1165143 0.9112903 0.1165143 0.8987687 0.1166575 0.9109445 0.1166575 0.9109445 0.1165143 0.8987687 0.1166575 0.8991145 0.1166575 0.9109445 0.1166575 0.8991145 0.1168853 0.8994113 0.1166575 0.9109445 0.1168853 0.8994113 0.1168853 0.9106476 0.1168853 0.9106476 0.1168853 0.8994113 0.1178014 0.9003276 0.1168853 0.9106476 0.1178014 0.9003276 0.1178014 0.9097313 0.1178014 0.9097313 0.1178014 0.9003276 0.1180292 0.9094344 0.1180292 0.9094344 0.1178014 0.9003276 0.1182212 0.9087176 0.1180292 0.9094344 0.1182212 0.9087176 0.1181724 0.9090887 0.1178014 0.9003276 0.1180292 0.9006244 0.1182212 0.9087176 0.1182212 0.9087176 0.1180292 0.9006244 0.1182212 0.9013412 0.1182212 0.9013412 0.1180292 0.9006244 0.1181724 0.9009702 0.1171589 0.922899 0.1168853 0.9165588 0.1175046 0.9227558 0.1175046 0.9227558 0.1168853 0.9165588 0.1178014 0.917475 0.1175046 0.9227558 0.1178014 0.917475 0.1178014 0.9225279 0.1178014 0.9225279 0.1178014 0.917475 0.1180292 0.9222311 0.1180292 0.9222311 0.1178014 0.917475 0.1180292 0.9177718 0.1180292 0.9222311 0.1180292 0.9177718 0.1182212 0.9215143 0.1182212 0.9215143 0.1180292 0.9177718 0.1182212 0.9184886 0.1182212 0.9184886 0.1180292 0.9177718 0.1181724 0.9181175 0.1182212 0.9215143 0.1181724 0.9218854 0.1180292 0.9222311 0.1150302 0.9170777 0.1147277 0.917203 0.1164655 0.8983977 0.1164655 0.8983977 0.1147277 0.917203 0.114468 0.9174023 0.1164655 0.8983977 0.114468 0.9174023 0.1142687 0.917662 0.1162415 0.8837156 0.1159818 0.8835163 0.116788 0.8799437 0.116788 0.8799437 0.1159818 0.8835163 0.1156793 0.883391 0.116788 0.8799437 0.1156793 0.883391 0.1153548 0.8833483 0.1153548 0.8833483 0.1150302 0.883391 0.116788 0.8799437 0.114468 0.8837158 0.1142687 0.8839755 0.113205 0.8799439 0.113205 0.8799439 0.1142687 0.8839755 0.1141434 0.884278 0.113205 0.8799439 0.1141434 0.884278 0.1141007 0.8846027 0.1141434 0.8849273 0.1142687 0.8852297 0.1110551 0.8907213 0.1121433 0.9319073 0.1121196 0.9316843 0.1121433 0.922948 0.1121433 0.922948 0.1121196 0.9316843 0.112049 0.9314672 0.1121433 0.922948 0.112049 0.9314672 0.1119337 0.9312705 0.1117824 0.931105 0.1117711 0.9274277 0.1119337 0.9312705 0.1119337 0.9312705 0.1117711 0.9274277 0.1117711 0.922948 0.1119337 0.9312705 0.1117711 0.922948 0.1121433 0.922948 0.1117824 0.931105 0.111606 0.9309781 0.1117711 0.9274277 0.1117711 0.9274277 0.111606 0.9309781 0.1114215 0.9274278 0.1117711 0.9274277 0.1114215 0.9274278 0.1114215 0.9229481 0.1114215 0.9229481 0.1114215 0.9274278 0.1111184 0.9229484 0.1111184 0.9229484 0.1114215 0.9274278 0.1111184 0.9274279 0.0902704 0.9495881 0.0902704 0.9540676 0.08997309 0.9495881 0.08997309 0.9495881 0.0902704 0.9540676 0.08997309 0.9540676 0.08997309 0.9495881 0.08997309 0.9540676 0.08962708 0.949588 0.08962708 0.949588 0.08997309 0.9540676 0.08962708 0.9540676 0.08962708 0.949588 0.08962708 0.9540676 0.08939933 0.9510214 0.08939933 0.9510214 0.08962708 0.9540676 0.08939933 0.9574721 0.08939933 0.9574721 0.08962708 0.9540676 0.08969026 0.9574721 0.08969026 0.9574721 0.08962708 0.9540676 0.08997309 0.9540676 0.08969026 0.9574721 0.08997309 0.9540676 0.08996266 0.9574721 0.08996266 0.9574721 0.08997309 0.9540676 0.09020483 0.9574721 0.09020483 0.9574721 0.08997309 0.9540676 0.0902704 0.9540676 0.1110551 0.9308325 0.1111184 0.9274279 0.1112192 0.9308443 0.1112192 0.9308443 0.1111184 0.9274279 0.1114215 0.9274278 0.1112192 0.9308443 0.1114215 0.9274278 0.1114073 0.930889 0.1114073 0.930889 0.1114215 0.9274278 0.111606 0.9309781 0.08939933 0.9510214 0.0893898 0.9509398 0.08962708 0.949588 0.08962708 0.949588 0.0893898 0.9509398 0.08925598 0.949588 0.08925598 0.949588 0.0893898 0.9509398 0.08936101 0.9508604 0.08925598 0.949588 0.08936101 0.9508604 0.08931499 0.9507907 0.08931499 0.9507907 0.08925598 0.9507347 0.08925598 0.949588 0.1114215 0.9229481 0.1117711 0.922948 0.1117711 0.9274277 0.1275529 0.9164108 0.1275529 0.9135439 0.128843 0.9164108 0.128843 0.9164108 0.1275529 0.9135439 0.128843 0.9135439 0.08310359 0.9270654 0.08310359 0.9206982 0.08317273 0.9270722 0.08317273 0.9270722 0.08310359 0.9206982 0.0831626 0.9206424 0.08317273 0.9270722 0.0831626 0.9206424 0.08320868 0.9205727 0.08317273 0.9270722 0.08320868 0.9205727 0.08324104 0.9270928 0.08324104 0.9270928 0.08320868 0.9205727 0.08323746 0.9204933 0.08324104 0.9270928 0.08323746 0.9204933 0.08330368 0.9271265 0.08330368 0.9271265 0.08323746 0.9204933 0.08347469 0.922931 0.08330368 0.9271265 0.08347469 0.922931 0.08335709 0.9271704 0.08335709 0.9271704 0.08347469 0.922931 0.0834009 0.9272237 0.0834009 0.9272237 0.08347469 0.922931 0.08343464 0.9272864 0.08343464 0.9272864 0.08347469 0.922931 0.08345526 0.9273547 0.08345526 0.9273547 0.08347469 0.922931 0.08346205 0.9274237 0.08346205 0.9274237 0.08347469 0.922931 0.08347469 0.9290232 0.08346205 0.9274237 0.08347469 0.9290232 0.08346205 0.933682 0.08346205 0.933682 0.08347469 0.9290232 0.08347469 0.9351155 0.08346205 0.933682 0.08347469 0.9351155 0.08345526 0.9337511 0.08345526 0.9337511 0.08347469 0.9351155 0.08343464 0.9338194 0.08343464 0.9338194 0.08347469 0.9351155 0.0834009 0.933882 0.0834009 0.933882 0.08347469 0.9351155 0.08335709 0.9339354 0.08335709 0.9339354 0.08347469 0.9351155 0.08330368 0.9339792 0.08330368 0.9339792 0.08347469 0.9351155 0.08310359 0.9351155 0.08330368 0.9339792 0.08310359 0.9351155 0.08324104 0.934013 0.08324104 0.934013 0.08310359 0.9351155 0.08317273 0.9340335 0.08317273 0.9340335 0.08310359 0.9351155 0.08310359 0.9340403 0.08323746 0.9204933 0.08324694 0.9204115 0.08347469 0.922931 0.08347469 0.922931 0.08324694 0.9204115 0.08324694 0.9179137 0.08347469 0.922931 0.08324694 0.9179137 0.08353787 0.9179137 0.08347469 0.922931 0.08353787 0.9179137 0.0838207 0.922931 0.0838207 0.922931 0.08353787 0.9179137 0.08381026 0.9179138 0.0838207 0.922931 0.08381026 0.9179138 0.08405244 0.9179138 0.0838207 0.922931 0.08405244 0.9179138 0.08411806 0.922931 0.1111184 0.9408667 0.1110551 0.9358497 0.1112192 0.9358376 0.1111184 0.9408667 0.1112192 0.9358376 0.1114215 0.9408666 0.1114215 0.9408666 0.1112192 0.9358376 0.1114073 0.9357928 0.1114215 0.9408666 0.1114073 0.9357928 0.111606 0.9357035 0.1114215 0.9408666 0.111606 0.9357035 0.1117711 0.9408665 0.1117711 0.9408665 0.111606 0.9357035 0.1117824 0.9355764 0.1117711 0.9408665 0.1117824 0.9355764 0.1119337 0.935411 0.1117711 0.9408665 0.1119337 0.935411 0.1121433 0.953051 0.1121433 0.953051 0.1119337 0.935411 0.112049 0.9352143 0.1121433 0.953051 0.112049 0.9352143 0.1121196 0.9349972 0.1121196 0.9349972 0.1121433 0.9347742 0.1121433 0.953051 0.1117711 0.9408665 0.1121433 0.953051 0.1117711 0.9469588 0.1117711 0.9469588 0.1121433 0.953051 0.1117711 0.9530511 0.1117711 0.9469588 0.1117711 0.9530511 0.1114215 0.9469589 0.1114215 0.9469589 0.1117711 0.9530511 0.1114215 0.9530511 0.1114215 0.9469589 0.1114215 0.9530511 0.1111184 0.946959 0.1111184 0.946959 0.1114215 0.9530511 0.1111184 0.9530513 0.08411806 0.9290232 0.08411806 0.9351155 0.0838207 0.9290232 0.0838207 0.9290232 0.08411806 0.9351155 0.0838207 0.9351155 0.0838207 0.9290232 0.0838207 0.9351155 0.08347469 0.9290232 0.08347469 0.9290232 0.0838207 0.9351155 0.08347469 0.9351155 0.0838207 0.9290232 0.08347469 0.9290232 0.08347469 0.922931 0.08411806 0.9290232 0.0838207 0.9290232 0.0838207 0.922931 0.0838207 0.922931 0.0838207 0.9290232 0.08347469 0.922931 0.1114215 0.9469589 0.1111184 0.946959 0.1111184 0.9408667 0.08411806 0.922931 0.08411806 0.9290232 0.0838207 0.922931 0.1117711 0.9469588 0.1114215 0.9469589 0.1114215 0.9408666 0.1114215 0.9408666 0.1114215 0.9469589 0.1111184 0.9408667 0.1117711 0.9408665 0.1117711 0.9469588 0.1114215 0.9408666 0.0809521 0.9179137 0.08181351 0.9179137 0.08089452 0.9182592 0.08089452 0.9182592 0.08181351 0.9179137 0.08181351 0.9204115 0.08089452 0.9182592 0.08181351 0.9204115 0.08075499 0.9185803 0.08075499 0.9185803 0.08181351 0.9204115 0.08146786 0.9211812 0.08075499 0.9185803 0.08146786 0.9211812 0.08070111 0.9208635 0.08181351 0.9204115 0.08182567 0.9205043 0.08146786 0.9211812 0.08146786 0.9211812 0.08182567 0.9205043 0.08186149 0.9205908 0.08146786 0.9211812 0.08186149 0.9205908 0.08191847 0.9206649 0.08146786 0.9211812 0.08191847 0.9206649 0.08212625 0.9216864 0.08212625 0.9216864 0.08191847 0.9206649 0.08199268 0.9207219 0.08212625 0.9216864 0.08199268 0.9207219 0.08207911 0.9207577 0.08207911 0.9207577 0.08217185 0.9207699 0.08212625 0.9216864 0.08212625 0.9216864 0.08217185 0.9207699 0.0828886 0.9207699 0.08212625 0.9216864 0.0828886 0.9207699 0.08263146 0.9223448 0.08263146 0.9223448 0.0828886 0.9207699 0.08296489 0.9207617 0.08263146 0.9223448 0.08296489 0.9207617 0.08303767 0.9207375 0.08263146 0.9223448 0.08303767 0.9207375 0.0829491 0.9231116 0.0829491 0.9231116 0.08303767 0.9207375 0.08310359 0.9206982 0.0829491 0.9231116 0.08310359 0.9206982 0.0830574 0.9239344 0.0830574 0.9239344 0.08310359 0.9206982 0.08310359 0.9270654 0.0830574 0.9239344 0.08310359 0.9270654 0.0829491 0.9247571 0.0829491 0.9247571 0.08310359 0.9270654 0.08263146 0.9255239 0.08263146 0.9255239 0.08310359 0.9270654 0.08217185 0.9270654 0.08263146 0.9255239 0.08217185 0.9270654 0.08212625 0.9261823 0.08212625 0.9261823 0.08217185 0.9270654 0.08207911 0.9270777 0.08212625 0.9261823 0.08207911 0.9270777 0.08199268 0.9271134 0.08199268 0.9271134 0.08191847 0.9271704 0.08212625 0.9261823 0.08212625 0.9261823 0.08191847 0.9271704 0.08146786 0.9266876 0.08146786 0.9266876 0.08191847 0.9271704 0.08186149 0.9272446 0.08146786 0.9266876 0.08186149 0.9272446 0.08182567 0.927331 0.08182567 0.927331 0.08181351 0.9274237 0.08146786 0.9266876 0.08146786 0.9266876 0.08181351 0.9274237 0.0807752 0.9293238 0.08146786 0.9266876 0.0807752 0.9293238 0.08070111 0.9270052 0.08070111 0.9270052 0.0807752 0.9293238 0.08056294 0.9290327 0.08070111 0.9270052 0.08056294 0.9290327 0.08028483 0.9288037 0.08181345 0.933682 0.08095341 0.9300983 0.08181351 0.9274237 0.08181351 0.9274237 0.08095341 0.9300983 0.08095341 0.9300161 0.08181351 0.9274237 0.08095341 0.9300161 0.08090811 0.9296587 0.08182567 0.9337747 0.08007782 0.9351155 0.08181345 0.933682 0.08181345 0.933682 0.08007782 0.9351155 0.08036905 0.9312532 0.08181345 0.933682 0.08036905 0.9312532 0.08061391 0.9310247 0.08182567 0.9337747 0.08186149 0.9338611 0.08007782 0.9351155 0.08007782 0.9351155 0.08186149 0.9338611 0.08191841 0.9339354 0.08007782 0.9351155 0.08191841 0.9339354 0.08199268 0.9339924 0.08007782 0.9351155 0.08199268 0.9339924 0.08310359 0.9351155 0.08310359 0.9351155 0.08199268 0.9339924 0.08207911 0.9340282 0.08310359 0.9351155 0.08207911 0.9340282 0.08217185 0.9340403 0.08217185 0.9340403 0.08310359 0.9340403 0.08310359 0.9351155 0.08007782 0.9351155 0.08007782 0.9314188 0.08036905 0.9312532 0.08061391 0.9310247 0.08079898 0.9307455 0.08181345 0.933682 0.08181345 0.933682 0.08079898 0.9307455 0.08091425 0.930431 0.08181345 0.933682 0.08091425 0.930431 0.08095341 0.9300983 0.08090811 0.9296587 0.0807752 0.9293238 0.08181351 0.9274237 0.08070111 0.9270052 0.08028483 0.9288037 0.07987827 0.9271134 0.07987827 0.9271134 0.08028483 0.9288037 0.07995837 0.9286513 0.07987827 0.9271134 0.07995837 0.9286513 0.07960426 0.9285851 0.07987827 0.9271134 0.07960426 0.9285851 0.07905548 0.9270052 0.07905548 0.9270052 0.07960426 0.9285851 0.07845336 0.9283699 0.07905548 0.9270052 0.07845336 0.9283699 0.07828873 0.9266876 0.07828873 0.9266876 0.07845336 0.9283699 0.07739239 0.9278745 0.07828873 0.9266876 0.07739239 0.9278745 0.07763034 0.9261823 0.07763034 0.9261823 0.07739239 0.9278745 0.07712507 0.9255239 0.07712507 0.9255239 0.07739239 0.9278745 0.07648855 0.9271302 0.07712507 0.9255239 0.07648855 0.9271302 0.07680749 0.9247571 0.07680749 0.9247571 0.07648855 0.9271302 0.07579874 0.9261842 0.07680749 0.9247571 0.07579874 0.9261842 0.07669919 0.9239344 0.07669919 0.9239344 0.07579874 0.9261842 0.07536661 0.9250959 0.07669919 0.9239344 0.07536661 0.9250959 0.07521951 0.9239344 0.07521951 0.9239344 0.07536661 0.9227728 0.07669919 0.9239344 0.07669919 0.9239344 0.07536661 0.9227728 0.07579874 0.9216845 0.07669919 0.9239344 0.07579874 0.9216845 0.07680749 0.9231116 0.07680749 0.9231116 0.07579874 0.9216845 0.07648855 0.9207385 0.07680749 0.9231116 0.07648855 0.9207385 0.07712507 0.9223448 0.07712507 0.9223448 0.07648855 0.9207385 0.07739239 0.9199942 0.07712507 0.9223448 0.07739239 0.9199942 0.07763034 0.9216864 0.07763034 0.9216864 0.07739239 0.9199942 0.07828873 0.9211812 0.07828873 0.9211812 0.07739239 0.9199942 0.07845336 0.9194988 0.07828873 0.9211812 0.07845336 0.9194988 0.07905548 0.9208635 0.07905548 0.9208635 0.07845336 0.9194988 0.07960426 0.9192836 0.07905548 0.9208635 0.07960426 0.9192836 0.07987827 0.9207552 0.07987827 0.9207552 0.07960426 0.9192836 0.07994866 0.9192205 0.07987827 0.9207552 0.07994866 0.9192205 0.08026748 0.9190757 0.07987827 0.9207552 0.08026748 0.9190757 0.08070111 0.9208635 0.08070111 0.9208635 0.08026748 0.9190757 0.08054172 0.918858 0.08070111 0.9208635 0.08054172 0.918858 0.08075499 0.9185803 0.08007782 0.9314188 0.08007782 0.9351155 0.07994145 0.9314681 0.07994145 0.9314681 0.08007782 0.9351155 0.07970696 0.9351155 0.07994145 0.9314681 0.07970696 0.9351155 0.07979971 0.9315043 0.07979971 0.9315043 0.07970696 0.9351155 0.07965761 0.931525 0.07965761 0.931525 0.07970696 0.9351155 0.07952016 0.9315318 0.07952016 0.9315318 0.07970696 0.9351155 0.07936149 0.9351155 0.07952016 0.9315318 0.07936149 0.9351155 0.07935565 0.9315318 0.07935565 0.9315318 0.07936149 0.9351155 0.07920312 0.9315318 0.07920312 0.9315318 0.07936149 0.9351155 0.07906502 0.9351155 0.07920312 0.9315318 0.07906502 0.9351155 0.07906502 0.9315318 0.1296765 0.931617 0.1287351 0.9316161 0.1296765 0.9280332 0.1296765 0.9280332 0.1287351 0.9316161 0.1287351 0.9280324 0.09423565 0.9539279 0.09065198 0.9539279 0.09423565 0.9536315 0.09423565 0.9536315 0.09065198 0.9539279 0.09065192 0.9536314 0.09423565 0.9536315 0.09065192 0.9536314 0.09423565 0.9532861 0.09423565 0.9532861 0.09065192 0.9536314 0.09065192 0.9532859 0.09423565 0.9532861 0.09065192 0.9532859 0.09423565 0.9529151 0.09423565 0.9529151 0.09065192 0.9532859 0.09065198 0.9529151 0.09065198 0.9529151 0.09065228 0.9418638 0.09423565 0.9529151 0.09423565 0.9529151 0.09065228 0.9418638 0.09423595 0.9418639 0.09423595 0.9418639 0.09065228 0.9418638 0.09423595 0.9414928 0.09423595 0.9414928 0.09065228 0.9418638 0.09065228 0.9414927 0.09423595 0.9414928 0.09065228 0.9414927 0.09423601 0.9411467 0.09423601 0.9411467 0.09065228 0.9414927 0.09065228 0.9411467 0.09423601 0.9411467 0.09065228 0.9411467 0.09423601 0.9408494 0.09423601 0.9408494 0.09065228 0.9411467 0.09065234 0.9408493 0.12978 0.9326277 0.12978 0.9362114 0.1288385 0.9326283 0.1288385 0.9326283 0.12978 0.9362114 0.1288385 0.936212 0.05367976 0.9524219 0.05009603 0.9524219 0.05367976 0.9522834 0.05367976 0.9522834 0.05009603 0.9524219 0.05009609 0.9521246 0.05367976 0.9522834 0.05009609 0.9521246 0.05367976 0.9521304 0.05367976 0.9521304 0.05009609 0.9521246 0.05367976 0.9519656 0.05367976 0.9519656 0.05009609 0.9521246 0.05009609 0.9517785 0.05367976 0.9519656 0.05009609 0.9517785 0.05368655 0.951828 0.05368655 0.951828 0.05009609 0.9517785 0.05370736 0.9516857 0.05370736 0.9516857 0.05009609 0.9517785 0.05374342 0.9515438 0.05374342 0.9515438 0.05009609 0.9517785 0.05009609 0.9514074 0.05374342 0.9515438 0.05009609 0.9514074 0.05379283 0.9514074 0.05009609 0.944031 0.05400228 0.9477192 0.05009609 0.9514074 0.05009609 0.9514074 0.05400228 0.9477192 0.054017 0.9478306 0.05009609 0.9514074 0.054017 0.9478306 0.05405992 0.9479343 0.05379283 0.944031 0.0539745 0.9443437 0.05009609 0.944031 0.05009609 0.944031 0.0539745 0.9443437 0.05405992 0.9475042 0.05009609 0.944031 0.05405992 0.9475042 0.054017 0.9476079 0.05405992 0.9475042 0.0539745 0.9443437 0.05412828 0.9474151 0.05412828 0.9474151 0.0539745 0.9443437 0.05422872 0.9446011 0.05412828 0.9474151 0.05422872 0.9446011 0.05421733 0.9473468 0.05421733 0.9473468 0.05422872 0.9446011 0.0545392 0.9447866 0.05421733 0.9473468 0.0545392 0.9447866 0.05432105 0.9473038 0.05432105 0.9473038 0.0545392 0.9447866 0.05443233 0.9472892 0.05443233 0.9472892 0.0545392 0.9447866 0.05488628 0.9448885 0.05443233 0.9472892 0.05488628 0.9448885 0.05454367 0.9473038 0.05454367 0.9473038 0.05488628 0.9448885 0.05559009 0.9450964 0.05454367 0.9473038 0.05559009 0.9450964 0.05464738 0.9473468 0.05464738 0.9473468 0.05559009 0.9450964 0.05621808 0.9454763 0.05464738 0.9473468 0.05621808 0.9454763 0.05473643 0.9474151 0.05473643 0.9474151 0.05621808 0.9454763 0.05672895 0.9460031 0.05473643 0.9474151 0.05672895 0.9460031 0.0548048 0.9475042 0.0548048 0.9475042 0.05672895 0.9460031 0.05708938 0.9466424 0.0548048 0.9475042 0.05708938 0.9466424 0.05484771 0.9476079 0.05484771 0.9476079 0.05708938 0.9466424 0.05727571 0.9473523 0.05484771 0.9476079 0.05727571 0.9473523 0.05486238 0.9477192 0.05486238 0.9477192 0.05727571 0.9473523 0.05727571 0.9480862 0.05486238 0.9477192 0.05727571 0.9480862 0.05484771 0.9478306 0.05484771 0.9478306 0.05727571 0.9480862 0.05708938 0.948796 0.05484771 0.9478306 0.05708938 0.948796 0.0548048 0.9479343 0.0548048 0.9479343 0.05708938 0.948796 0.05672895 0.9494354 0.0548048 0.9479343 0.05672895 0.9494354 0.05473643 0.9480233 0.05473643 0.9480233 0.05672895 0.9494354 0.05621802 0.9499621 0.05473643 0.9480233 0.05621802 0.9499621 0.05464738 0.9480916 0.05464738 0.9480916 0.05621802 0.9499621 0.05559009 0.9503421 0.05464738 0.9480916 0.05559009 0.9503421 0.05454367 0.9481347 0.05454367 0.9481347 0.05559009 0.9503421 0.05488628 0.95055 0.05454367 0.9481347 0.05488628 0.95055 0.05443233 0.9481492 0.05443233 0.9481492 0.05488628 0.95055 0.0545392 0.9506519 0.05443233 0.9481492 0.0545392 0.9506519 0.05432105 0.9481347 0.05432105 0.9481347 0.0545392 0.9506519 0.05421733 0.9480916 0.05421733 0.9480916 0.0545392 0.9506519 0.05422872 0.9508374 0.05421733 0.9480916 0.05422872 0.9508374 0.05412828 0.9480233 0.05412828 0.9480233 0.05422872 0.9508374 0.0539745 0.9510948 0.05412828 0.9480233 0.0539745 0.9510948 0.05405992 0.9479343 0.05405992 0.9479343 0.0539745 0.9510948 0.05009609 0.9514074 0.0539745 0.9510948 0.05379283 0.9514074 0.05009609 0.9514074 0.054017 0.9476079 0.05400228 0.9477192 0.05009609 0.944031 0.05379283 0.944031 0.05009609 0.944031 0.05374348 0.9438946 0.05374348 0.9438946 0.05009609 0.944031 0.05009609 0.94366 0.05374348 0.9438946 0.05009609 0.94366 0.05370736 0.9437528 0.05370736 0.9437528 0.05009609 0.94366 0.05368655 0.9436107 0.05368655 0.9436107 0.05009609 0.94366 0.05367976 0.9434732 0.05367976 0.9434732 0.05009609 0.94366 0.05009609 0.9433146 0.05367976 0.9434732 0.05009609 0.9433146 0.05367976 0.9433087 0.05367976 0.9433087 0.05009609 0.9433146 0.05367976 0.9431563 0.05367976 0.9431563 0.05009609 0.9433146 0.05009603 0.9430182 0.05367976 0.9431563 0.05009603 0.9430182 0.05367976 0.9430182 0.1296765 0.9269241 0.1287351 0.9269233 0.1296765 0.9233404 0.1296765 0.9233404 0.1287351 0.9269233 0.1287351 0.9233395 0.09423565 0.9598391 0.09065198 0.959839 0.09423565 0.9595428 0.09423565 0.9595428 0.09065198 0.959839 0.09065192 0.9595426 0.09423565 0.9595428 0.09065192 0.9595426 0.09423565 0.9591973 0.09423565 0.9591973 0.09065192 0.9595426 0.09065192 0.9591972 0.09423565 0.9591973 0.09065192 0.9591972 0.09423565 0.9588263 0.09423565 0.9588263 0.09065192 0.9591972 0.09065198 0.9588262 0.09423565 0.9588263 0.09065198 0.9588262 0.09423577 0.9549425 0.09423577 0.9549425 0.09065198 0.9588262 0.09065204 0.9549424 0.09423577 0.9549425 0.09065204 0.9549424 0.09423577 0.9545714 0.09423577 0.9545714 0.09065204 0.9549424 0.09065204 0.9545713 0.09423577 0.9545714 0.09065204 0.9545713 0.09423577 0.9542253 0.09423577 0.9542253 0.09065204 0.9545713 0.0906521 0.9542253 0.09423577 0.9542253 0.0906521 0.9542253 0.09423577 0.953928 0.09423577 0.953928 0.0906521 0.9542253 0.0906521 0.9539279 0.1297845 0.9136287 0.1297845 0.9172124 0.1288431 0.9136293 0.1288431 0.9136293 0.1297845 0.9172124 0.1288431 0.917213 0.08917105 0.9315318 0.08917105 0.9351155 0.08903253 0.9315318 0.08903253 0.9315318 0.08917105 0.9351155 0.08887374 0.9351155 0.08903253 0.9315318 0.08887374 0.9351155 0.08887958 0.9315318 0.08887958 0.9315318 0.08887374 0.9351155 0.08871477 0.9315318 0.08871477 0.9315318 0.08887374 0.9351155 0.08852773 0.9351155 0.08871477 0.9315318 0.08852773 0.9351155 0.08857715 0.931525 0.08857715 0.931525 0.08852773 0.9351155 0.08843487 0.9315043 0.08843487 0.9315043 0.08852773 0.9351155 0.08829301 0.9314681 0.08829301 0.9314681 0.08852773 0.9351155 0.08815664 0.9351155 0.08829301 0.9314681 0.08815664 0.9351155 0.08815664 0.9314188 0.08728235 0.9179137 0.08733993 0.9182592 0.08642101 0.9179137 0.08642101 0.9179137 0.08733993 0.9182592 0.08642101 0.9204115 0.08642101 0.9204115 0.08733993 0.9182592 0.08747947 0.9185803 0.08642101 0.9204115 0.08747947 0.9185803 0.0867666 0.9211812 0.0867666 0.9211812 0.08747947 0.9185803 0.08753335 0.9208635 0.08753335 0.9208635 0.08747947 0.9185803 0.08769273 0.918858 0.08753335 0.9208635 0.08769273 0.918858 0.08796697 0.9190757 0.08753335 0.9208635 0.08796697 0.9190757 0.08835619 0.9207552 0.08835619 0.9207552 0.08796697 0.9190757 0.0882858 0.9192205 0.08835619 0.9207552 0.0882858 0.9192205 0.08863025 0.9192836 0.08835619 0.9207552 0.08863025 0.9192836 0.08917897 0.9208635 0.08917897 0.9208635 0.08863025 0.9192836 0.08978116 0.9194988 0.08917897 0.9208635 0.08978116 0.9194988 0.08994573 0.9211812 0.08994573 0.9211812 0.08978116 0.9194988 0.09084206 0.9199942 0.08994573 0.9211812 0.09084206 0.9199942 0.09060418 0.9216864 0.09060418 0.9216864 0.09084206 0.9199942 0.09110939 0.9223448 0.09110939 0.9223448 0.09084206 0.9199942 0.09174597 0.9207385 0.09110939 0.9223448 0.09174597 0.9207385 0.09142696 0.9231116 0.09142696 0.9231116 0.09174597 0.9207385 0.09243571 0.9216845 0.09142696 0.9231116 0.09243571 0.9216845 0.09153532 0.9239344 0.09153532 0.9239344 0.09243571 0.9216845 0.09286785 0.9227728 0.09153532 0.9239344 0.09286785 0.9227728 0.09301495 0.9239344 0.09301495 0.9239344 0.09286785 0.9250959 0.09153532 0.9239344 0.09153532 0.9239344 0.09286785 0.9250959 0.09243571 0.9261842 0.09153532 0.9239344 0.09243571 0.9261842 0.09142696 0.9247571 0.09142696 0.9247571 0.09243571 0.9261842 0.09174597 0.9271302 0.09142696 0.9247571 0.09174597 0.9271302 0.09110939 0.9255239 0.09110939 0.9255239 0.09174597 0.9271302 0.09084206 0.9278745 0.09110939 0.9255239 0.09084206 0.9278745 0.09060418 0.9261823 0.09060418 0.9261823 0.09084206 0.9278745 0.08994573 0.9266876 0.08994573 0.9266876 0.09084206 0.9278745 0.08978116 0.9283699 0.08994573 0.9266876 0.08978116 0.9283699 0.08917897 0.9270052 0.08917897 0.9270052 0.08978116 0.9283699 0.08863025 0.9285851 0.08917897 0.9270052 0.08863025 0.9285851 0.08835619 0.9271134 0.08835619 0.9271134 0.08863025 0.9285851 0.08827608 0.9286513 0.08835619 0.9271134 0.08827608 0.9286513 0.08794969 0.9288037 0.08835619 0.9271134 0.08794969 0.9288037 0.08753335 0.9270052 0.08753335 0.9270052 0.08794969 0.9288037 0.08767157 0.9290327 0.08753335 0.9270052 0.08767157 0.9290327 0.08745932 0.9293238 0.08732634 0.9296587 0.08642101 0.9274237 0.08745932 0.9293238 0.08745932 0.9293238 0.08642101 0.9274237 0.0867666 0.9266876 0.08745932 0.9293238 0.0867666 0.9266876 0.08753335 0.9270052 0.08732634 0.9296587 0.08728104 0.9300161 0.08642101 0.9274237 0.08642101 0.9274237 0.08728104 0.9300161 0.08728104 0.9300983 0.08642101 0.9274237 0.08728104 0.9300983 0.08642101 0.933682 0.08642101 0.933682 0.08728104 0.9300983 0.0873202 0.9304309 0.08642101 0.933682 0.0873202 0.9304309 0.08743548 0.9307455 0.08743548 0.9307455 0.08762061 0.9310247 0.08642101 0.933682 0.08642101 0.933682 0.08762061 0.9310247 0.08786541 0.9312532 0.08642101 0.933682 0.08786541 0.9312532 0.08815664 0.9351155 0.08815664 0.9351155 0.08786541 0.9312532 0.08815664 0.9314188 0.08513087 0.9351155 0.08624178 0.9339924 0.08815664 0.9351155 0.08815664 0.9351155 0.08624178 0.9339924 0.08631604 0.9339354 0.08815664 0.9351155 0.08631604 0.9339354 0.08637297 0.9338611 0.08513087 0.9339687 0.08519679 0.9340079 0.08513087 0.9351155 0.08513087 0.9351155 0.08519679 0.9340079 0.08526957 0.9340321 0.08513087 0.9351155 0.08526957 0.9340321 0.08534586 0.9340403 0.08534586 0.9340403 0.08606261 0.9340403 0.08513087 0.9351155 0.08513087 0.9351155 0.08606261 0.9340403 0.08615535 0.9340282 0.08513087 0.9351155 0.08615535 0.9340282 0.08624178 0.9339924 0.08637297 0.9338611 0.08640879 0.9337747 0.08815664 0.9351155 0.08815664 0.9351155 0.08640879 0.9337747 0.08642101 0.933682 0.08642101 0.9274237 0.08640879 0.927331 0.0867666 0.9266876 0.0867666 0.9266876 0.08640879 0.927331 0.08637297 0.9272446 0.0867666 0.9266876 0.08637297 0.9272446 0.08631604 0.9271704 0.0867666 0.9266876 0.08631604 0.9271704 0.0861082 0.9261823 0.0861082 0.9261823 0.08631604 0.9271704 0.08624178 0.9271134 0.0861082 0.9261823 0.08624178 0.9271134 0.08615535 0.9270777 0.08615535 0.9270777 0.08606261 0.9270654 0.0861082 0.9261823 0.0861082 0.9261823 0.08606261 0.9270654 0.08534586 0.9270654 0.0861082 0.9261823 0.08534586 0.9270654 0.08560299 0.9255239 0.08560299 0.9255239 0.08534586 0.9270654 0.08526957 0.9270736 0.08560299 0.9255239 0.08526957 0.9270736 0.08519679 0.9270979 0.08560299 0.9255239 0.08519679 0.9270979 0.08528536 0.9247571 0.08528536 0.9247571 0.08519679 0.9270979 0.08513087 0.927137 0.08528536 0.9247571 0.08513087 0.927137 0.08517706 0.9239344 0.08517706 0.9239344 0.08513087 0.927137 0.08513087 0.9206982 0.08517706 0.9239344 0.08513087 0.9206982 0.08528536 0.9231116 0.08528536 0.9231116 0.08513087 0.9206982 0.08519679 0.9207375 0.08528536 0.9231116 0.08519679 0.9207375 0.08560299 0.9223448 0.08560299 0.9223448 0.08519679 0.9207375 0.08526957 0.9207617 0.08560299 0.9223448 0.08526957 0.9207617 0.08534586 0.9207699 0.08560299 0.9223448 0.08534586 0.9207699 0.0861082 0.9216864 0.0861082 0.9216864 0.08534586 0.9207699 0.08606261 0.9207699 0.0861082 0.9216864 0.08606261 0.9207699 0.08615535 0.9207577 0.08615535 0.9207577 0.08624178 0.9207219 0.0861082 0.9216864 0.0861082 0.9216864 0.08624178 0.9207219 0.08631604 0.9206649 0.0861082 0.9216864 0.08631604 0.9206649 0.0867666 0.9211812 0.0867666 0.9211812 0.08631604 0.9206649 0.08637297 0.9205908 0.0867666 0.9211812 0.08637297 0.9205908 0.08640879 0.9205043 0.08640879 0.9205043 0.08642101 0.9204115 0.0867666 0.9211812 0.109967 0.9347742 0.1099908 0.9349972 0.109967 0.953051 0.109967 0.953051 0.1099908 0.9349972 0.1100613 0.9352143 0.109967 0.953051 0.1100613 0.9352143 0.1101766 0.935411 0.1103278 0.9355764 0.1103392 0.9408665 0.1101766 0.935411 0.1101766 0.935411 0.1103392 0.9408665 0.1103392 0.9469588 0.1101766 0.935411 0.1103392 0.9469588 0.1103392 0.9530511 0.1103392 0.9530511 0.1103392 0.9469588 0.1106888 0.9530512 0.1106888 0.9530512 0.1103392 0.9469588 0.1106888 0.9469589 0.1106888 0.9530512 0.1106888 0.9469589 0.1109918 0.9530515 0.1109918 0.9530515 0.1106888 0.9469589 0.1109918 0.9469591 0.08411806 0.9351155 0.08411806 0.9290232 0.08441448 0.9351155 0.08441448 0.9351155 0.08411806 0.9290232 0.08441448 0.9290232 0.08441448 0.9351155 0.08441448 0.9290232 0.08475995 0.9351155 0.08475995 0.9351155 0.08441448 0.9290232 0.08475995 0.9290232 0.08475995 0.9351155 0.08475995 0.9290232 0.08498752 0.933682 0.08498752 0.933682 0.08475995 0.9290232 0.08498752 0.9274237 0.08498752 0.9274237 0.08475995 0.9290232 0.08475995 0.922931 0.08498752 0.9274237 0.08475995 0.922931 0.08499705 0.9273421 0.08499705 0.9273421 0.08475995 0.922931 0.08499705 0.9204933 0.08499705 0.9273421 0.08499705 0.9204933 0.08502584 0.9272627 0.08502584 0.9272627 0.08499705 0.9204933 0.08502584 0.9205727 0.08502584 0.9272627 0.08502584 0.9205727 0.08507186 0.9206424 0.1103278 0.9355764 0.1105043 0.9357035 0.1103392 0.9408665 0.1103392 0.9408665 0.1105043 0.9357035 0.1106888 0.9408667 0.1103392 0.9408665 0.1106888 0.9408667 0.1106888 0.9469589 0.1106888 0.9469589 0.1106888 0.9408667 0.1109918 0.9469591 0.1105043 0.9357035 0.110703 0.9357928 0.1106888 0.9408667 0.1106888 0.9408667 0.110703 0.9357928 0.1108911 0.9358376 0.1106888 0.9408667 0.1108911 0.9358376 0.1109918 0.9408668 0.1109918 0.9408668 0.1108911 0.9358376 0.1110551 0.9358498 0.08411806 0.922931 0.08418339 0.9179138 0.08441448 0.922931 0.08441448 0.922931 0.08418339 0.9179138 0.08442491 0.9179137 0.08441448 0.922931 0.08442491 0.9179137 0.08469682 0.9179137 0.08441448 0.922931 0.08469682 0.9179137 0.08475995 0.922931 0.08475995 0.922931 0.08469682 0.9179137 0.08498752 0.9179137 0.08475995 0.922931 0.08498752 0.9179137 0.08498752 0.9204115 0.08498752 0.9204115 0.08499705 0.9204933 0.08475995 0.922931 0.08513087 0.9206982 0.08513087 0.927137 0.08507186 0.9206424 0.08507186 0.9206424 0.08513087 0.927137 0.08507186 0.9271929 0.08507186 0.9206424 0.08507186 0.9271929 0.08502584 0.9272627 0.08498752 0.933682 0.08499705 0.9337636 0.08475995 0.9351155 0.08475995 0.9351155 0.08499705 0.9337636 0.08513087 0.9351155 0.08513087 0.9351155 0.08499705 0.9337636 0.08502584 0.9338431 0.08513087 0.9351155 0.08502584 0.9338431 0.08507186 0.9339129 0.08507186 0.9339129 0.08513087 0.9339687 0.08513087 0.9351155 0.1103392 0.9530511 0.109967 0.953051 0.1101766 0.935411 0.1106888 0.9469589 0.1103392 0.9469588 0.1103392 0.9408665 0.08441448 0.9290232 0.08411806 0.9290232 0.08411806 0.922931 0.1109918 0.9408668 0.1109918 0.9469591 0.1106888 0.9408667 0.08475995 0.9290232 0.08441448 0.9290232 0.08441448 0.922931 0.08441448 0.922931 0.08441448 0.9290232 0.08411806 0.922931 0.08475995 0.922931 0.08475995 0.9290232 0.08441448 0.922931 0.109967 0.953051 0.1063847 0.9530511 0.109967 0.9347742 0.109967 0.9347742 0.1063847 0.9530511 0.1063847 0.9229481 0.109967 0.9347742 0.1063847 0.9229481 0.109967 0.9319073 0.109967 0.9319073 0.1063847 0.9229481 0.109967 0.922948 0.07521247 0.8820939 0.04638195 0.8820953 0.07521235 0.8799437 0.07521235 0.8799437 0.04638195 0.8820953 0.04510939 0.8799452 0.04510939 0.8799452 0.04638195 0.8820953 0.04511654 0.8820955 0.04510939 0.8799452 0.04511654 0.8820955 0.04510945 0.8820955 0.05512547 0.9630413 0.05466109 0.9630962 0.05507707 0.9628606 0.05507707 0.9628606 0.05466109 0.9630962 0.05464416 0.9630329 0.05507707 0.9628606 0.05464416 0.9630329 0.05498349 0.9626986 0.05498349 0.9626986 0.05464416 0.9630329 0.05461138 0.9629761 0.05498349 0.9626986 0.05461138 0.9629761 0.05485117 0.9625663 0.05485117 0.9625663 0.05461138 0.9629761 0.05456507 0.9629299 0.05485117 0.9625663 0.05456507 0.9629299 0.05468916 0.9624727 0.05468916 0.9624727 0.05456507 0.9629299 0.05450832 0.9628971 0.05468916 0.9624727 0.05450832 0.9628971 0.05450844 0.9624243 0.05450844 0.9624243 0.05450832 0.9628971 0.05444508 0.9628801 0.05450844 0.9624243 0.05444508 0.9628801 0.05432134 0.9624243 0.05432134 0.9624243 0.05444508 0.9628801 0.05437958 0.9628801 0.05432134 0.9624243 0.05437958 0.9628801 0.05414056 0.9624727 0.05414056 0.9624727 0.05437958 0.9628801 0.05431634 0.9628972 0.05414056 0.9624727 0.05431634 0.9628972 0.05425965 0.9629299 0.05466109 0.9630962 0.05512547 0.9630413 0.05466109 0.9631616 0.05466109 0.9631616 0.05512547 0.9630413 0.05512547 0.9632285 0.05466109 0.9631616 0.05512547 0.9632285 0.05464416 0.9632249 0.05464416 0.9632249 0.05512547 0.9632285 0.05507707 0.9634092 0.05464416 0.9632249 0.05507707 0.9634092 0.05461144 0.9632815 0.05461144 0.9632815 0.05507707 0.9634092 0.05498349 0.9635712 0.05461144 0.9632815 0.05498349 0.9635712 0.05456519 0.9633279 0.05456519 0.9633279 0.05498349 0.9635712 0.05485117 0.9637035 0.05456519 0.9633279 0.05485117 0.9637035 0.05450844 0.9633607 0.05450844 0.9633607 0.05485117 0.9637035 0.05468916 0.9637971 0.05450844 0.9633607 0.05468916 0.9637971 0.05450844 0.9638455 0.05450844 0.9633607 0.05450844 0.9638455 0.0544452 0.9633776 0.0544452 0.9633776 0.05450844 0.9638455 0.05432134 0.9638455 0.0544452 0.9633776 0.05432134 0.9638455 0.0543797 0.9633776 0.0543797 0.9633776 0.05432134 0.9638455 0.05414056 0.9637971 0.0543797 0.9633776 0.05414056 0.9637971 0.05431646 0.9633607 0.05431646 0.9633607 0.05414056 0.9637971 0.05397856 0.9637035 0.05431646 0.9633607 0.05397856 0.9637035 0.05425977 0.9633279 0.05425977 0.9633279 0.05397856 0.9637035 0.05384624 0.9635712 0.05425977 0.9633279 0.05384624 0.9635712 0.0542134 0.9632816 0.0542134 0.9632816 0.05384624 0.9635712 0.05375272 0.9634092 0.0542134 0.9632816 0.05375272 0.9634092 0.05418068 0.9632249 0.05418068 0.9632249 0.05375272 0.9634092 0.05370426 0.9632285 0.05418068 0.9632249 0.05370426 0.9632285 0.05416369 0.9631617 0.05416369 0.9631617 0.05370426 0.9632285 0.05370426 0.9630413 0.05416369 0.9631617 0.05370426 0.9630413 0.05416369 0.9630962 0.05416369 0.9630962 0.05370426 0.9630413 0.05375272 0.9628606 0.05416369 0.9630962 0.05375272 0.9628606 0.05418062 0.963033 0.05418062 0.963033 0.05375272 0.9628606 0.05384624 0.9626986 0.05418062 0.963033 0.05384624 0.9626986 0.05421334 0.9629762 0.05421334 0.9629762 0.05384624 0.9626986 0.05397856 0.9625663 0.05421334 0.9629762 0.05397856 0.9625663 0.05425965 0.9629299 0.05425965 0.9629299 0.05397856 0.9625663 0.05414056 0.9624727 0.07521438 0.9207978 0.0752145 0.922948 0.07521235 0.9207978 0.07521235 0.9207978 0.0752145 0.922948 0.04637932 0.9207993 0.04637932 0.9207993 0.0752145 0.922948 0.04511147 0.9229496 0.04637932 0.9207993 0.04511147 0.9229496 0.04511135 0.920799 0.1121433 0.953051 0.1121433 0.9347742 0.1157256 0.9530511 0.1157256 0.9530511 0.1121433 0.9347742 0.1157256 0.9229481 0.1157256 0.9229481 0.1121433 0.9347742 0.1121433 0.9319073 0.1157256 0.9229481 0.1121433 0.9319073 0.1121433 0.922948 0.103889 0.9207976 0.103889 0.912174 0.1060389 0.9229479 0.1060389 0.9229479 0.103889 0.912174 0.1069346 0.9182891 0.1060389 0.9229479 0.1069346 0.9182891 0.1069774 0.9186138 0.103889 0.8821006 0.1069774 0.8849272 0.103889 0.912174 0.103889 0.912174 0.1069774 0.8849272 0.1071026 0.8852297 0.103889 0.912174 0.1071026 0.8852297 0.1071026 0.917662 0.1071026 0.917662 0.1071026 0.8852297 0.1092994 0.9044941 0.1071026 0.917662 0.1092994 0.9044941 0.1073019 0.9174023 0.1073019 0.9174023 0.1092994 0.9044941 0.1075617 0.917203 0.1075617 0.917203 0.1092994 0.9044941 0.1078641 0.9170777 0.1078641 0.9170777 0.1092994 0.9044941 0.1081887 0.9170349 0.1081887 0.9170349 0.1092994 0.9044941 0.1085132 0.9170777 0.1085132 0.9170777 0.1092994 0.9044941 0.1092994 0.9155453 0.1085132 0.9170777 0.1092994 0.9155453 0.1088157 0.917203 0.1088157 0.917203 0.1092994 0.9155453 0.1090754 0.9174023 0.1090754 0.9174023 0.1092994 0.9155453 0.1093483 0.9159163 0.1090754 0.9174023 0.1093483 0.9159163 0.1092748 0.9176621 0.1092748 0.9176621 0.1093483 0.9159163 0.1094915 0.916262 0.1092748 0.9176621 0.1094915 0.916262 0.1094 0.9179646 0.1094 0.9179646 0.1094915 0.916262 0.1097192 0.9165589 0.1094 0.9179646 0.1097192 0.9165589 0.1094428 0.9182893 0.1094428 0.9182893 0.1097192 0.9165589 0.1099929 0.9228993 0.1094428 0.9182893 0.1099929 0.9228993 0.1094 0.9186139 0.1094 0.9186139 0.1099929 0.9228993 0.1096219 0.922948 0.1094 0.9186139 0.1096219 0.922948 0.1092748 0.9189164 0.1092748 0.9189164 0.1096219 0.922948 0.1090754 0.9191762 0.1090754 0.9191762 0.1096219 0.922948 0.1088157 0.9193755 0.1088157 0.9193755 0.1096219 0.922948 0.1085132 0.9195008 0.1085132 0.9195008 0.1096219 0.922948 0.1081887 0.9195435 0.1081887 0.9195435 0.1096219 0.922948 0.1078641 0.9195007 0.1078641 0.9195007 0.1096219 0.922948 0.1060389 0.9229479 0.1078641 0.9195007 0.1060389 0.9229479 0.1075617 0.9193754 0.1075617 0.9193754 0.1060389 0.9229479 0.1073019 0.9191761 0.1073019 0.9191761 0.1060389 0.9229479 0.1071026 0.9189163 0.1071026 0.9189163 0.1060389 0.9229479 0.1069774 0.9186138 0.103889 0.8820939 0.1060389 0.8799437 0.103889 0.8821006 0.103889 0.8821006 0.1060389 0.8799437 0.1069346 0.8846026 0.103889 0.8821006 0.1069346 0.8846026 0.1069774 0.8849272 0.109622 0.8799439 0.1078641 0.883391 0.1060389 0.8799437 0.1060389 0.8799437 0.1078641 0.883391 0.1075617 0.8835163 0.1060389 0.8799437 0.1075617 0.8835163 0.107302 0.8837156 0.1099929 0.8799927 0.1094 0.8842781 0.109622 0.8799439 0.109622 0.8799439 0.1094 0.8842781 0.1092748 0.8839755 0.109622 0.8799439 0.1092748 0.8839755 0.1090754 0.8837158 0.1103385 0.880136 0.1097192 0.886333 0.1099929 0.8799927 0.1099929 0.8799927 0.1097192 0.886333 0.1094428 0.8846027 0.1099929 0.8799927 0.1094428 0.8846027 0.1094 0.8842781 0.1097192 0.886333 0.1103385 0.880136 0.1106353 0.8854168 0.1106353 0.8854168 0.1103385 0.880136 0.1106353 0.8803638 0.1106353 0.8854168 0.1106353 0.8803638 0.1108632 0.8851199 0.1108632 0.8851199 0.1106353 0.8803638 0.1108632 0.8806607 0.1108632 0.8851199 0.1108632 0.8806607 0.1110551 0.8844031 0.1110551 0.8844031 0.1108632 0.8806607 0.1110551 0.8813775 0.1110551 0.8813775 0.1108632 0.8806607 0.1110063 0.8810064 0.1110551 0.8844031 0.1110063 0.8847742 0.1108632 0.8851199 0.1094428 0.8846027 0.1097192 0.886333 0.1094 0.8849273 0.1094 0.8849273 0.1097192 0.886333 0.1094915 0.8866299 0.1094 0.8849273 0.1094915 0.8866299 0.1092748 0.8852298 0.1092748 0.8852298 0.1094915 0.8866299 0.1093483 0.8869757 0.1092748 0.8852298 0.1093483 0.8869757 0.1090754 0.8854896 0.1090754 0.8854896 0.1093483 0.8869757 0.1092994 0.8873466 0.1090754 0.8854896 0.1092994 0.8873466 0.1088157 0.8856889 0.1088157 0.8856889 0.1092994 0.8873466 0.1092994 0.8912305 0.1088157 0.8856889 0.1092994 0.8912305 0.1085132 0.8858142 0.1085132 0.8858142 0.1092994 0.8912305 0.1081887 0.8858569 0.1081887 0.8858569 0.1092994 0.8912305 0.1078641 0.8858141 0.1078641 0.8858141 0.1092994 0.8912305 0.1092994 0.9044941 0.1078641 0.8858141 0.1092994 0.9044941 0.1075617 0.8856888 0.1075617 0.8856888 0.1092994 0.9044941 0.107302 0.8854895 0.107302 0.8854895 0.1092994 0.9044941 0.1071026 0.8852297 0.1092994 0.9044941 0.1092994 0.8912305 0.1093483 0.9041231 0.1093483 0.9041231 0.1092994 0.8912305 0.1093483 0.8916015 0.1093483 0.9041231 0.1093483 0.8916015 0.1094915 0.9037773 0.1094915 0.9037773 0.1093483 0.8916015 0.1094915 0.8919473 0.1094915 0.9037773 0.1094915 0.8919473 0.1097192 0.9034804 0.1097192 0.9034804 0.1094915 0.8919473 0.1097192 0.8922441 0.1097192 0.9034804 0.1097192 0.8922441 0.1106353 0.9025642 0.1106353 0.9025642 0.1097192 0.8922441 0.1106353 0.8931605 0.1106353 0.9025642 0.1106353 0.8931605 0.1108632 0.9022673 0.1108632 0.9022673 0.1106353 0.8931605 0.1110551 0.9015506 0.1108632 0.9022673 0.1110551 0.9015506 0.1110063 0.9019216 0.1106353 0.8931605 0.1108632 0.8934574 0.1110551 0.9015506 0.1110551 0.9015506 0.1108632 0.8934574 0.1110551 0.8941741 0.1110551 0.8941741 0.1108632 0.8934574 0.1110063 0.8938031 0.1099929 0.9228993 0.1097192 0.9165589 0.1103385 0.9227561 0.1103385 0.9227561 0.1097192 0.9165589 0.1106353 0.9174752 0.1103385 0.9227561 0.1106353 0.9174752 0.1106353 0.9225283 0.1106353 0.9225283 0.1106353 0.9174752 0.1108632 0.9222314 0.1108632 0.9222314 0.1106353 0.9174752 0.1108632 0.9177722 0.1108632 0.9222314 0.1108632 0.9177722 0.1110551 0.9215146 0.1110551 0.9215146 0.1108632 0.9177722 0.1110551 0.9184889 0.1110551 0.9184889 0.1108632 0.9177722 0.1110063 0.9181179 0.1110551 0.9215146 0.1110063 0.9218856 0.1108632 0.9222314 0.1071026 0.917662 0.1069774 0.9179645 0.103889 0.912174 0.103889 0.912174 0.1069774 0.9179645 0.1069346 0.9182891 0.1090754 0.8837158 0.1088157 0.8835164 0.109622 0.8799439 0.109622 0.8799439 0.1088157 0.8835164 0.1085132 0.8833911 0.109622 0.8799439 0.1085132 0.8833911 0.1081887 0.8833484 0.1081887 0.8833484 0.1078641 0.883391 0.109622 0.8799439 0.107302 0.8837156 0.1071026 0.8839754 0.1060389 0.8799437 0.1060389 0.8799437 0.1071026 0.8839754 0.1069774 0.8842779 0.1060389 0.8799437 0.1069774 0.8842779 0.1069346 0.8846026</float_array>
          <technique_common>
            <accessor source="#Body_front-mesh-map-0-array" count="17994" stride="2">
              <param name="S" type="float"/>
              <param name="T" type="float"/>
            </accessor>
          </technique_common>
        </source>
        <vertices id="Body_front-mesh-vertices">
          <input semantic="POSITION" source="#Body_front-mesh-positions"/>
        </vertices>
        <triangles material="Body_frontMaterial-material" count="5998">
          <input semantic="VERTEX" source="#Body_front-mesh-vertices" offset="0"/>
          <input semantic="NORMAL" source="#Body_front-mesh-normals" offset="1"/>
          <input semantic="TEXCOORD" source="#Body_front-mesh-map-0" offset="2" set="0"/>
          <p>0 0 0 1 0 1 2 0 2 2 1 3 1 1 4 3 1 5 2 2 6 3 2 7 4 2 8 1 3 9 0 3 10 5 3 11 5 4 12 0 4 13 6 4 14 5 5 15 6 5 16 7 5 17 7 6 18 6 6 19 8 6 20 7 7 21 8 7 22 9 7 23 9 8 24 8 8 25 10 8 26 9 9 27 10 9 28 11 9 29 11 10 30 10 10 31 12 10 32 11 11 33 12 11 34 13 11 35 4 12 36 14 12 37 2 12 38 2 13 39 14 13 40 15 13 41 2 14 42 15 14 43 16 14 44 16 15 45 17 15 46 2 15 47 2 16 48 17 16 49 18 16 50 2 17 51 18 17 52 19 17 53 19 18 54 18 18 55 20 18 56 19 19 57 20 19 58 21 19 59 21 20 60 20 20 61 22 20 62 21 21 63 22 21 64 23 21 65 24 22 66 25 22 67 20 22 68 20 23 69 25 23 70 26 23 71 20 24 72 26 24 73 22 24 74 23 25 75 27 25 76 21 25 77 21 26 78 27 26 79 28 26 80 21 27 81 28 27 82 29 27 83 29 28 84 28 28 85 30 28 86 29 29 87 30 29 88 31 29 89 31 30 90 32 30 91 29 30 92 29 31 93 32 31 94 33 31 95 29 32 96 33 32 97 34 32 98 21 33 99 29 33 100 35 33 101 35 34 102 29 34 103 36 34 104 35 35 105 36 35 106 37 35 107 37 36 108 36 36 109 38 36 110 37 37 111 38 37 112 39 37 113 40 38 114 41 38 115 36 38 116 36 39 117 41 39 118 42 39 119 36 40 120 42 40 121 43 40 122 43 41 123 44 41 124 36 41 125 36 42 126 44 42 127 38 42 128 39 43 129 45 43 130 37 43 131 37 44 132 45 44 133 46 44 134 37 45 135 46 45 136 47 45 137 47 46 138 48 46 139 37 46 140 37 47 141 48 47 142 49 47 143 37 48 144 50 48 145 35 48 146 35 49 147 50 49 148 51 49 149 35 50 150 51 50 151 52 50 152 53 51 153 54 51 154 50 51 155 50 52 156 54 52 157 55 52 158 50 53 159 55 53 160 56 53 161 56 54 162 51 54 163 50 54 164 52 55 165 57 55 166 35 55 167 35 56 168 57 56 169 58 56 170 35 57 171 58 57 172 59 57 173 35 58 174 59 58 175 60 58 176 60 59 177 59 59 178 61 59 179 60 60 180 61 60 181 62 60 182 62 61 183 63 61 184 60 61 185 35 62 186 60 62 187 64 62 188 64 63 189 60 63 190 65 63 191 64 64 192 65 64 193 66 64 194 66 65 195 65 65 196 67 65 197 66 66 198 67 66 199 68 66 200 68 67 201 69 67 202 66 67 203 66 68 204 69 68 205 70 68 206 66 69 207 70 69 208 71 69 209 71 70 210 72 70 211 66 70 212 66 71 213 72 71 214 73 71 215 73 72 216 72 72 217 74 72 218 73 73 219 74 73 220 75 73 221 75 74 222 74 74 223 76 74 224 75 75 225 76 75 226 77 75 227 77 76 228 76 76 229 78 76 230 77 77 231 78 77 232 79 77 233 79 78 234 78 78 235 80 78 236 79 79 237 80 79 238 81 79 239 81 80 240 80 80 241 82 80 242 81 81 243 82 81 244 83 81 245 84 82 246 85 82 247 64 82 248 64 83 249 85 83 250 86 83 251 64 84 252 86 84 253 35 84 254 35 85 255 86 85 256 87 85 257 35 86 258 87 86 259 88 86 260 88 87 261 87 87 262 89 87 263 89 88 264 87 88 265 90 88 266 35 89 267 88 89 268 91 89 269 91 90 270 88 90 271 92 90 272 91 91 273 92 91 274 93 91 275 93 92 276 92 92 277 94 92 278 94 93 279 92 93 280 95 93 281 91 94 282 93 94 283 96 94 284 96 95 285 93 95 286 97 95 287 96 96 288 97 96 289 98 96 290 98 97 291 97 97 292 99 97 293 99 98 294 97 98 295 100 98 296 100 99 297 97 99 298 101 99 299 101 100 300 97 100 301 102 100 302 102 101 303 97 101 304 103 101 305 103 102 306 97 102 307 104 102 308 104 103 309 97 103 310 105 103 311 104 104 312 105 104 313 106 104 314 106 105 315 105 105 316 107 105 317 106 106 318 107 106 319 108 106 320 108 107 321 107 107 322 109 107 323 108 108 324 109 108 325 110 108 326 110 109 327 109 109 328 111 109 329 110 110 330 111 110 331 112 110 332 112 111 333 111 111 334 113 111 335 112 112 336 113 112 337 114 112 338 96 113 339 115 113 340 91 113 341 91 114 342 115 114 343 116 114 344 91 115 345 116 115 346 117 115 347 117 116 348 116 116 349 118 116 350 117 117 351 118 117 352 119 117 353 119 118 354 118 118 355 120 118 356 120 119 357 118 119 358 121 119 359 120 120 360 121 120 361 122 120 362 115 121 363 123 121 364 116 121 365 116 122 366 123 122 367 124 122 368 116 123 369 124 123 370 125 123 371 125 124 372 126 124 373 116 124 374 116 125 375 126 125 376 127 125 377 122 126 378 128 126 379 120 126 380 120 127 381 128 127 382 129 127 383 120 128 384 129 128 385 130 128 386 130 129 387 131 129 388 120 129 389 120 130 390 131 130 391 132 130 392 132 131 393 131 131 394 133 131 395 132 132 396 133 132 397 134 132 398 134 133 399 133 133 400 135 133 401 134 134 402 135 134 403 136 134 404 136 135 405 135 135 406 137 135 407 136 136 408 137 136 409 138 136 410 138 137 411 137 137 412 139 137 413 138 138 414 139 138 415 140 138 416 140 139 417 139 139 418 141 139 419 140 140 420 141 140 421 142 140 422 143 141 423 144 141 424 119 141 425 119 142 426 144 142 427 145 142 428 119 143 429 145 143 430 117 143 431 117 144 432 145 144 433 146 144 434 117 145 435 146 145 436 147 145 437 147 146 438 146 146 439 148 146 440 148 147 441 146 147 442 149 147 443 117 148 444 147 148 445 21 148 446 21 149 447 147 149 448 150 149 449 21 150 450 150 150 451 19 150 452 19 151 453 150 151 454 151 151 455 151 152 456 150 152 457 152 152 458 153 153 459 154 153 460 155 153 461 156 154 462 157 154 463 158 154 464 159 155 465 160 155 466 161 155 467 162 156 468 163 156 469 164 156 470 164 157 471 163 157 472 165 157 473 164 158 474 165 158 475 166 158 476 166 159 477 165 159 478 167 159 479 166 160 480 167 160 481 168 160 482 168 161 483 167 161 484 169 161 485 168 162 486 169 162 487 170 162 488 170 163 489 169 163 490 171 163 491 170 164 492 171 164 493 172 164 494 172 165 495 171 165 496 173 165 497 172 166 498 173 166 499 174 166 500 174 167 501 173 167 502 175 167 503 174 168 504 175 168 505 176 168 506 176 169 507 175 169 508 177 169 509 176 170 510 177 170 511 178 170 512 178 171 513 177 171 514 179 171 515 178 172 516 179 172 517 180 172 518 180 173 519 179 173 520 181 173 521 180 174 522 181 174 523 182 174 524 182 175 525 181 175 526 183 175 527 182 176 528 183 176 529 184 176 530 184 177 531 183 177 532 185 177 533 184 178 534 185 178 535 186 178 536 186 179 537 185 179 538 187 179 539 186 180 540 187 180 541 188 180 542 188 181 543 187 181 544 189 181 545 188 182 546 189 182 547 190 182 548 190 183 549 189 183 550 191 183 551 190 184 552 191 184 553 192 184 554 192 185 555 191 185 556 193 185 557 192 186 558 193 186 559 194 186 560 194 187 561 193 187 562 195 187 563 194 188 564 195 188 565 196 188 566 196 189 567 195 189 568 197 189 569 196 190 570 197 190 571 198 190 572 198 191 573 197 191 574 199 191 575 198 192 576 199 192 577 200 192 578 200 193 579 199 193 580 201 193 581 200 194 582 201 194 583 202 194 584 202 195 585 201 195 586 203 195 587 202 196 588 203 196 589 204 196 590 204 197 591 203 197 592 205 197 593 204 198 594 205 198 595 206 198 596 206 199 597 205 199 598 207 199 599 206 200 600 207 200 601 208 200 602 208 201 603 207 201 604 209 201 605 208 202 606 209 202 607 162 202 608 162 203 609 209 203 610 163 203 611 210 204 612 211 204 613 212 204 614 212 205 615 211 205 616 213 205 617 212 206 618 213 206 619 214 206 620 214 207 621 213 207 622 215 207 623 214 208 624 215 208 625 216 208 626 216 209 627 215 209 628 217 209 629 216 210 630 217 210 631 218 210 632 218 211 633 217 211 634 219 211 635 218 212 636 219 212 637 220 212 638 220 213 639 219 213 640 221 213 641 220 214 642 221 214 643 222 214 644 222 215 645 221 215 646 223 215 647 222 216 648 223 216 649 224 216 650 224 217 651 223 217 652 225 217 653 224 218 654 225 218 655 226 218 656 226 219 657 225 219 658 227 219 659 226 220 660 227 220 661 228 220 662 228 221 663 227 221 664 229 221 665 228 222 666 229 222 667 230 222 668 230 223 669 229 223 670 231 223 671 230 224 672 231 224 673 232 224 674 232 225 675 231 225 676 233 225 677 232 226 678 233 226 679 234 226 680 234 227 681 233 227 682 235 227 683 234 228 684 235 228 685 236 228 686 236 229 687 235 229 688 237 229 689 236 230 690 237 230 691 238 230 692 238 231 693 237 231 694 239 231 695 238 232 696 239 232 697 240 232 698 240 233 699 239 233 700 241 233 701 240 234 702 241 234 703 242 234 704 242 235 705 241 235 706 243 235 707 242 236 708 243 236 709 244 236 710 244 237 711 243 237 712 245 237 713 244 238 714 245 238 715 246 238 716 246 239 717 245 239 718 247 239 719 246 240 720 247 240 721 248 240 722 248 241 723 247 241 724 249 241 725 248 242 726 249 242 727 250 242 728 250 243 729 249 243 730 251 243 731 250 244 732 251 244 733 252 244 734 252 245 735 251 245 736 253 245 737 252 246 738 253 246 739 254 246 740 254 247 741 253 247 742 255 247 743 254 248 744 255 248 745 256 248 746 256 249 747 255 249 748 257 249 749 256 250 750 257 250 751 210 250 752 210 251 753 257 251 754 211 251 755 258 252 756 259 252 757 260 252 758 260 253 759 259 253 760 261 253 761 260 254 762 261 254 763 262 254 764 262 255 765 261 255 766 263 255 767 262 256 768 263 256 769 264 256 770 264 257 771 263 257 772 265 257 773 264 258 774 265 258 775 266 258 776 266 259 777 265 259 778 267 259 779 266 260 780 267 260 781 268 260 782 268 261 783 267 261 784 269 261 785 268 262 786 269 262 787 270 262 788 270 263 789 269 263 790 271 263 791 270 264 792 271 264 793 272 264 794 272 265 795 271 265 796 273 265 797 272 266 798 273 266 799 274 266 800 274 267 801 273 267 802 275 267 803 274 268 804 275 268 805 276 268 806 276 269 807 275 269 808 277 269 809 276 270 810 277 270 811 278 270 812 278 271 813 277 271 814 279 271 815 278 272 816 279 272 817 280 272 818 280 273 819 279 273 820 281 273 821 280 274 822 281 274 823 282 274 824 282 275 825 281 275 826 283 275 827 282 276 828 283 276 829 284 276 830 284 277 831 283 277 832 285 277 833 284 278 834 285 278 835 286 278 836 286 279 837 285 279 838 287 279 839 286 280 840 287 280 841 288 280 842 288 281 843 287 281 844 289 281 845 288 282 846 289 282 847 290 282 848 290 283 849 289 283 850 291 283 851 290 284 852 291 284 853 292 284 854 292 285 855 291 285 856 293 285 857 292 286 858 293 286 859 294 286 860 294 287 861 293 287 862 295 287 863 294 288 864 295 288 865 296 288 866 296 289 867 295 289 868 297 289 869 296 290 870 297 290 871 298 290 872 298 291 873 297 291 874 299 291 875 298 292 876 299 292 877 300 292 878 300 293 879 299 293 880 301 293 881 300 294 882 301 294 883 302 294 884 302 295 885 301 295 886 303 295 887 302 296 888 303 296 889 304 296 890 304 297 891 303 297 892 305 297 893 304 298 894 305 298 895 258 298 896 258 299 897 305 299 898 259 299 899 306 300 900 307 300 901 308 300 902 308 301 903 307 301 904 309 301 905 308 302 906 309 302 907 310 302 908 310 303 909 309 303 910 311 303 911 310 304 912 311 304 913 312 304 914 312 305 915 311 305 916 313 305 917 312 306 918 313 306 919 314 306 920 314 307 921 313 307 922 315 307 923 314 308 924 315 308 925 316 308 926 316 309 927 315 309 928 317 309 929 316 310 930 317 310 931 318 310 932 318 311 933 317 311 934 319 311 935 318 312 936 319 312 937 320 312 938 320 313 939 319 313 940 321 313 941 320 314 942 321 314 943 322 314 944 322 315 945 321 315 946 323 315 947 322 316 948 323 316 949 324 316 950 324 317 951 323 317 952 325 317 953 324 318 954 325 318 955 326 318 956 326 319 957 325 319 958 327 319 959 326 320 960 327 320 961 328 320 962 328 321 963 327 321 964 329 321 965 328 322 966 329 322 967 330 322 968 330 323 969 329 323 970 331 323 971 330 324 972 331 324 973 332 324 974 332 325 975 331 325 976 333 325 977 332 326 978 333 326 979 334 326 980 334 327 981 333 327 982 335 327 983 334 328 984 335 328 985 336 328 986 336 329 987 335 329 988 337 329 989 336 330 990 337 330 991 338 330 992 338 331 993 337 331 994 339 331 995 338 332 996 339 332 997 340 332 998 340 333 999 339 333 1000 341 333 1001 340 334 1002 341 334 1003 342 334 1004 342 335 1005 341 335 1006 343 335 1007 342 336 1008 343 336 1009 344 336 1010 344 337 1011 343 337 1012 345 337 1013 344 338 1014 345 338 1015 346 338 1016 346 339 1017 345 339 1018 347 339 1019 346 340 1020 347 340 1021 348 340 1022 348 341 1023 347 341 1024 349 341 1025 348 342 1026 349 342 1027 350 342 1028 350 343 1029 349 343 1030 351 343 1031 350 344 1032 351 344 1033 352 344 1034 352 345 1035 351 345 1036 353 345 1037 352 346 1038 353 346 1039 306 346 1040 306 347 1041 353 347 1042 307 347 1043 354 348 1044 162 348 1045 355 348 1046 355 349 1047 162 349 1048 164 349 1049 355 350 1050 164 350 1051 356 350 1052 356 351 1053 164 351 1054 166 351 1055 356 352 1056 166 352 1057 357 352 1058 357 353 1059 166 353 1060 168 353 1061 357 354 1062 168 354 1063 358 354 1064 358 355 1065 168 355 1066 170 355 1067 358 356 1068 170 356 1069 359 356 1070 359 357 1071 170 357 1072 172 357 1073 359 358 1074 172 358 1075 360 358 1076 360 359 1077 172 359 1078 174 359 1079 360 360 1080 174 360 1081 361 360 1082 361 361 1083 174 361 1084 176 361 1085 361 362 1086 176 362 1087 362 362 1088 362 363 1089 176 363 1090 178 363 1091 362 364 1092 178 364 1093 363 364 1094 363 365 1095 178 365 1096 180 365 1097 363 366 1098 180 366 1099 364 366 1100 364 367 1101 180 367 1102 182 367 1103 364 368 1104 182 368 1105 365 368 1106 365 369 1107 182 369 1108 184 369 1109 365 370 1110 184 370 1111 366 370 1112 366 371 1113 184 371 1114 186 371 1115 366 372 1116 186 372 1117 367 372 1118 367 373 1119 186 373 1120 188 373 1121 367 374 1122 188 374 1123 368 374 1124 368 375 1125 188 375 1126 190 375 1127 368 376 1128 190 376 1129 369 376 1130 369 377 1131 190 377 1132 192 377 1133 369 378 1134 192 378 1135 370 378 1136 370 379 1137 192 379 1138 194 379 1139 370 380 1140 194 380 1141 371 380 1142 371 381 1143 194 381 1144 196 381 1145 371 382 1146 196 382 1147 372 382 1148 372 383 1149 196 383 1150 198 383 1151 372 384 1152 198 384 1153 373 384 1154 373 385 1155 198 385 1156 200 385 1157 373 386 1158 200 386 1159 374 386 1160 374 387 1161 200 387 1162 202 387 1163 374 388 1164 202 388 1165 375 388 1166 375 389 1167 202 389 1168 204 389 1169 375 390 1170 204 390 1171 376 390 1172 376 391 1173 204 391 1174 206 391 1175 376 392 1176 206 392 1177 377 392 1178 377 393 1179 206 393 1180 208 393 1181 377 394 1182 208 394 1183 354 394 1184 354 395 1185 208 395 1186 162 395 1187 378 396 1188 210 396 1189 379 396 1190 379 397 1191 210 397 1192 212 397 1193 379 398 1194 212 398 1195 380 398 1196 380 399 1197 212 399 1198 214 399 1199 380 400 1200 214 400 1201 381 400 1202 381 401 1203 214 401 1204 216 401 1205 381 402 1206 216 402 1207 382 402 1208 382 403 1209 216 403 1210 218 403 1211 382 404 1212 218 404 1213 383 404 1214 383 405 1215 218 405 1216 220 405 1217 383 406 1218 220 406 1219 384 406 1220 384 407 1221 220 407 1222 222 407 1223 384 408 1224 222 408 1225 385 408 1226 385 409 1227 222 409 1228 224 409 1229 385 410 1230 224 410 1231 386 410 1232 386 411 1233 224 411 1234 226 411 1235 386 412 1236 226 412 1237 387 412 1238 387 413 1239 226 413 1240 228 413 1241 387 414 1242 228 414 1243 388 414 1244 388 415 1245 228 415 1246 230 415 1247 388 416 1248 230 416 1249 389 416 1250 389 417 1251 230 417 1252 232 417 1253 389 418 1254 232 418 1255 390 418 1256 390 419 1257 232 419 1258 234 419 1259 390 420 1260 234 420 1261 391 420 1262 391 421 1263 234 421 1264 236 421 1265 391 422 1266 236 422 1267 392 422 1268 392 423 1269 236 423 1270 238 423 1271 392 424 1272 238 424 1273 393 424 1274 393 425 1275 238 425 1276 240 425 1277 393 426 1278 240 426 1279 394 426 1280 394 427 1281 240 427 1282 242 427 1283 394 428 1284 242 428 1285 395 428 1286 395 429 1287 242 429 1288 244 429 1289 395 430 1290 244 430 1291 396 430 1292 396 431 1293 244 431 1294 246 431 1295 396 432 1296 246 432 1297 397 432 1298 397 433 1299 246 433 1300 248 433 1301 397 434 1302 248 434 1303 398 434 1304 398 435 1305 248 435 1306 250 435 1307 398 436 1308 250 436 1309 399 436 1310 399 437 1311 250 437 1312 252 437 1313 399 438 1314 252 438 1315 400 438 1316 400 439 1317 252 439 1318 254 439 1319 400 440 1320 254 440 1321 401 440 1322 401 441 1323 254 441 1324 256 441 1325 401 442 1326 256 442 1327 378 442 1328 378 443 1329 256 443 1330 210 443 1331 402 444 1332 258 444 1333 403 444 1334 403 445 1335 258 445 1336 260 445 1337 403 446 1338 260 446 1339 404 446 1340 404 447 1341 260 447 1342 262 447 1343 404 448 1344 262 448 1345 405 448 1346 405 449 1347 262 449 1348 264 449 1349 405 450 1350 264 450 1351 406 450 1352 406 451 1353 264 451 1354 266 451 1355 406 452 1356 266 452 1357 407 452 1358 407 453 1359 266 453 1360 268 453 1361 407 454 1362 268 454 1363 408 454 1364 408 455 1365 268 455 1366 270 455 1367 408 456 1368 270 456 1369 409 456 1370 409 457 1371 270 457 1372 272 457 1373 409 458 1374 272 458 1375 410 458 1376 410 459 1377 272 459 1378 274 459 1379 410 460 1380 274 460 1381 411 460 1382 411 461 1383 274 461 1384 276 461 1385 411 462 1386 276 462 1387 412 462 1388 412 463 1389 276 463 1390 278 463 1391 412 464 1392 278 464 1393 413 464 1394 413 465 1395 278 465 1396 280 465 1397 413 466 1398 280 466 1399 414 466 1400 414 467 1401 280 467 1402 282 467 1403 414 468 1404 282 468 1405 415 468 1406 415 469 1407 282 469 1408 284 469 1409 415 470 1410 284 470 1411 416 470 1412 416 471 1413 284 471 1414 286 471 1415 416 472 1416 286 472 1417 417 472 1418 417 473 1419 286 473 1420 288 473 1421 417 474 1422 288 474 1423 418 474 1424 418 475 1425 288 475 1426 290 475 1427 418 476 1428 290 476 1429 419 476 1430 419 477 1431 290 477 1432 292 477 1433 419 478 1434 292 478 1435 420 478 1436 420 479 1437 292 479 1438 294 479 1439 420 480 1440 294 480 1441 421 480 1442 421 481 1443 294 481 1444 296 481 1445 421 482 1446 296 482 1447 422 482 1448 422 483 1449 296 483 1450 298 483 1451 422 484 1452 298 484 1453 423 484 1454 423 485 1455 298 485 1456 300 485 1457 423 486 1458 300 486 1459 424 486 1460 424 487 1461 300 487 1462 302 487 1463 424 488 1464 302 488 1465 425 488 1466 425 489 1467 302 489 1468 304 489 1469 425 490 1470 304 490 1471 402 490 1472 402 491 1473 304 491 1474 258 491 1475 426 492 1476 306 492 1477 427 492 1478 427 493 1479 306 493 1480 308 493 1481 427 494 1482 308 494 1483 428 494 1484 428 495 1485 308 495 1486 310 495 1487 428 496 1488 310 496 1489 429 496 1490 429 497 1491 310 497 1492 312 497 1493 429 498 1494 312 498 1495 430 498 1496 430 499 1497 312 499 1498 314 499 1499 430 500 1500 314 500 1501 431 500 1502 431 501 1503 314 501 1504 316 501 1505 431 502 1506 316 502 1507 432 502 1508 432 503 1509 316 503 1510 318 503 1511 432 504 1512 318 504 1513 433 504 1514 433 505 1515 318 505 1516 320 505 1517 433 506 1518 320 506 1519 434 506 1520 434 507 1521 320 507 1522 322 507 1523 434 508 1524 322 508 1525 435 508 1526 435 509 1527 322 509 1528 324 509 1529 435 510 1530 324 510 1531 436 510 1532 436 511 1533 324 511 1534 326 511 1535 436 512 1536 326 512 1537 437 512 1538 437 513 1539 326 513 1540 328 513 1541 437 514 1542 328 514 1543 438 514 1544 438 515 1545 328 515 1546 330 515 1547 438 516 1548 330 516 1549 439 516 1550 439 517 1551 330 517 1552 332 517 1553 439 518 1554 332 518 1555 440 518 1556 440 519 1557 332 519 1558 334 519 1559 440 520 1560 334 520 1561 441 520 1562 441 521 1563 334 521 1564 336 521 1565 441 522 1566 336 522 1567 442 522 1568 442 523 1569 336 523 1570 338 523 1571 442 524 1572 338 524 1573 443 524 1574 443 525 1575 338 525 1576 340 525 1577 443 526 1578 340 526 1579 444 526 1580 444 527 1581 340 527 1582 342 527 1583 444 528 1584 342 528 1585 445 528 1586 445 529 1587 342 529 1588 344 529 1589 445 530 1590 344 530 1591 446 530 1592 446 531 1593 344 531 1594 346 531 1595 446 532 1596 346 532 1597 447 532 1598 447 533 1599 346 533 1600 348 533 1601 447 534 1602 348 534 1603 448 534 1604 448 535 1605 348 535 1606 350 535 1607 448 536 1608 350 536 1609 449 536 1610 449 537 1611 350 537 1612 352 537 1613 449 538 1614 352 538 1615 426 538 1616 426 539 1617 352 539 1618 306 539 1619 450 540 1620 384 540 1621 451 540 1622 451 541 1623 384 541 1624 385 541 1625 451 542 1626 385 542 1627 386 542 1628 452 543 1629 377 543 1630 450 543 1631 450 544 1632 377 544 1633 354 544 1634 450 545 1635 354 545 1636 355 545 1637 453 546 1638 444 546 1639 452 546 1640 452 547 1641 444 547 1642 445 547 1643 452 548 1644 445 548 1645 446 548 1646 451 549 1647 393 549 1648 453 549 1649 453 550 1650 393 550 1651 413 550 1652 453 551 1653 413 551 1654 414 551 1655 355 552 1656 356 552 1657 450 552 1658 450 553 1659 356 553 1660 357 553 1661 450 554 1662 357 554 1663 358 554 1664 358 555 1665 359 555 1666 450 555 1667 450 556 1668 359 556 1669 360 556 1670 450 557 1671 360 557 1672 361 557 1673 361 558 1674 362 558 1675 450 558 1676 450 559 1677 362 559 1678 384 559 1679 384 560 1680 362 560 1681 383 560 1682 383 561 1683 362 561 1684 363 561 1685 383 562 1686 363 562 1687 382 562 1688 382 563 1689 363 563 1690 364 563 1691 382 564 1692 364 564 1693 381 564 1694 381 565 1695 364 565 1696 365 565 1697 381 566 1698 365 566 1699 380 566 1700 380 567 1701 365 567 1702 366 567 1703 380 568 1704 366 568 1705 454 568 1706 454 569 1707 366 569 1708 455 569 1709 455 570 1710 366 570 1711 367 570 1712 455 571 1713 367 571 1714 368 571 1715 368 572 1716 369 572 1717 455 572 1718 455 573 1719 369 573 1720 370 573 1721 455 574 1722 370 574 1723 371 574 1724 371 575 1725 372 575 1726 455 575 1727 455 576 1728 372 576 1729 373 576 1730 455 577 1731 373 577 1732 374 577 1733 374 578 1734 375 578 1735 455 578 1736 455 579 1737 375 579 1738 431 579 1739 455 580 1740 431 580 1741 456 580 1742 456 581 1743 431 581 1744 432 581 1745 456 582 1746 432 582 1747 433 582 1748 431 583 1749 375 583 1750 430 583 1751 430 584 1752 375 584 1753 376 584 1754 430 585 1755 376 585 1756 429 585 1757 429 586 1758 376 586 1759 377 586 1760 429 587 1761 377 587 1762 452 587 1763 426 588 1764 427 588 1765 452 588 1766 452 589 1767 427 589 1768 428 589 1769 452 590 1770 428 590 1771 429 590 1772 433 591 1773 434 591 1774 456 591 1775 456 592 1776 434 592 1777 435 592 1778 456 593 1779 435 593 1780 436 593 1781 436 594 1782 437 594 1783 456 594 1784 456 595 1785 437 595 1786 438 595 1787 456 596 1788 438 596 1789 439 596 1790 439 597 1791 440 597 1792 456 597 1793 456 598 1794 440 598 1795 402 598 1796 456 599 1797 402 599 1798 457 599 1799 457 600 1800 402 600 1801 403 600 1802 457 601 1803 403 601 1804 404 601 1805 402 602 1806 440 602 1807 425 602 1808 425 603 1809 440 603 1810 441 603 1811 425 604 1812 441 604 1813 424 604 1814 424 605 1815 441 605 1816 442 605 1817 424 606 1818 442 606 1819 423 606 1820 423 607 1821 442 607 1822 443 607 1823 423 608 1824 443 608 1825 422 608 1826 422 609 1827 443 609 1828 444 609 1829 422 610 1830 444 610 1831 453 610 1832 446 611 1833 447 611 1834 452 611 1835 452 612 1836 447 612 1837 448 612 1838 452 613 1839 448 613 1840 449 613 1841 449 614 1842 426 614 1843 452 614 1844 404 615 1845 405 615 1846 457 615 1847 457 616 1848 405 616 1849 406 616 1850 457 617 1851 406 617 1852 407 617 1853 407 618 1854 408 618 1855 457 618 1856 457 619 1857 408 619 1858 409 619 1859 457 620 1860 409 620 1861 410 620 1862 410 621 1863 411 621 1864 457 621 1865 457 622 1866 411 622 1867 454 622 1868 454 623 1869 411 623 1870 395 623 1871 454 624 1872 395 624 1873 396 624 1874 411 625 1875 412 625 1876 395 625 1877 395 626 1878 412 626 1879 394 626 1880 394 627 1881 412 627 1882 413 627 1883 394 628 1884 413 628 1885 393 628 1886 414 629 1887 415 629 1888 453 629 1889 453 630 1890 415 630 1891 416 630 1892 453 631 1893 416 631 1894 417 631 1895 417 632 1896 418 632 1897 453 632 1898 453 633 1899 418 633 1900 419 633 1901 453 634 1902 419 634 1903 420 634 1904 420 635 1905 421 635 1906 453 635 1907 453 636 1908 421 636 1909 422 636 1910 378 637 1911 379 637 1912 454 637 1913 454 638 1914 379 638 1915 380 638 1916 386 639 1917 387 639 1918 451 639 1919 451 640 1920 387 640 1921 388 640 1922 451 641 1923 388 641 1924 389 641 1925 389 642 1926 390 642 1927 451 642 1928 451 643 1929 390 643 1930 391 643 1931 451 644 1932 391 644 1933 392 644 1934 392 645 1935 393 645 1936 451 645 1937 396 646 1938 397 646 1939 454 646 1940 454 647 1941 397 647 1942 398 647 1943 454 648 1944 398 648 1945 399 648 1946 399 649 1947 400 649 1948 454 649 1949 454 650 1950 400 650 1951 401 650 1952 454 651 1953 401 651 1954 378 651 1955 158 652 1956 452 652 1957 156 652 1958 156 653 1959 452 653 1960 458 653 1961 458 654 1962 452 654 1963 450 654 1964 458 655 1965 450 655 1966 459 655 1967 161 656 1968 453 656 1969 159 656 1970 159 657 1971 453 657 1972 157 657 1973 157 658 1974 453 658 1975 452 658 1976 157 659 1977 452 659 1978 158 659 1979 155 660 1980 451 660 1981 153 660 1982 153 661 1983 451 661 1984 160 661 1985 160 662 1986 451 662 1987 453 662 1988 160 663 1989 453 663 1990 161 663 1991 459 664 1992 450 664 1993 154 664 1994 154 665 1995 450 665 1996 451 665 1997 154 666 1998 451 666 1999 155 666 2000 456 667 2001 457 667 2002 91 667 2003 91 668 2004 457 668 2005 35 668 2006 455 669 2007 456 669 2008 117 669 2009 117 670 2010 456 670 2011 91 670 2012 455 671 2013 117 671 2014 454 671 2015 454 672 2016 117 672 2017 21 672 2018 457 673 2019 454 673 2020 35 673 2021 35 674 2022 454 674 2023 21 674 2024 307 675 2025 460 675 2026 309 675 2027 309 676 2028 460 676 2029 461 676 2030 309 677 2031 461 677 2032 311 677 2033 311 678 2034 461 678 2035 462 678 2036 311 679 2037 462 679 2038 313 679 2039 313 680 2040 462 680 2041 463 680 2042 313 681 2043 463 681 2044 315 681 2045 315 682 2046 463 682 2047 464 682 2048 315 683 2049 464 683 2050 465 683 2051 460 684 2052 307 684 2053 466 684 2054 466 685 2055 307 685 2056 353 685 2057 466 686 2058 353 686 2059 467 686 2060 467 687 2061 353 687 2062 351 687 2063 467 688 2064 351 688 2065 468 688 2066 468 689 2067 351 689 2068 349 689 2069 468 690 2070 349 690 2071 469 690 2072 469 691 2073 349 691 2074 347 691 2075 469 692 2076 347 692 2077 470 692 2078 470 693 2079 347 693 2080 345 693 2081 470 694 2082 345 694 2083 471 694 2084 471 695 2085 345 695 2086 343 695 2087 471 696 2088 343 696 2089 472 696 2090 472 697 2091 343 697 2092 341 697 2093 472 698 2094 341 698 2095 473 698 2096 473 699 2097 341 699 2098 339 699 2099 473 700 2100 339 700 2101 337 700 2102 473 701 2103 337 701 2104 474 701 2105 474 702 2106 337 702 2107 335 702 2108 474 703 2109 335 703 2110 475 703 2111 475 704 2112 335 704 2113 333 704 2114 475 705 2115 333 705 2116 476 705 2117 476 706 2118 333 706 2119 331 706 2120 476 707 2121 331 707 2122 477 707 2123 477 708 2124 331 708 2125 329 708 2126 477 709 2127 329 709 2128 478 709 2129 478 710 2130 329 710 2131 327 710 2132 478 711 2133 327 711 2134 479 711 2135 479 712 2136 327 712 2137 325 712 2138 479 713 2139 325 713 2140 480 713 2141 480 714 2142 325 714 2143 323 714 2144 480 715 2145 323 715 2146 481 715 2147 481 716 2148 323 716 2149 321 716 2150 481 717 2151 321 717 2152 482 717 2153 482 718 2154 321 718 2155 319 718 2156 482 719 2157 319 719 2158 483 719 2159 483 720 2160 319 720 2161 317 720 2162 483 721 2163 317 721 2164 465 721 2165 465 722 2166 317 722 2167 315 722 2168 259 723 2169 484 723 2170 261 723 2171 261 724 2172 484 724 2173 485 724 2174 261 725 2175 485 725 2176 263 725 2177 263 726 2178 485 726 2179 486 726 2180 263 727 2181 486 727 2182 265 727 2183 265 728 2184 486 728 2185 487 728 2186 265 729 2187 487 729 2188 267 729 2189 267 730 2190 487 730 2191 488 730 2192 267 731 2193 488 731 2194 269 731 2195 269 732 2196 488 732 2197 489 732 2198 269 733 2199 489 733 2200 271 733 2201 271 734 2202 489 734 2203 490 734 2204 271 735 2205 490 735 2206 273 735 2207 273 736 2208 490 736 2209 491 736 2210 273 737 2211 491 737 2212 275 737 2213 275 738 2214 491 738 2215 492 738 2216 275 739 2217 492 739 2218 277 739 2219 277 740 2220 492 740 2221 493 740 2222 277 741 2223 493 741 2224 279 741 2225 279 742 2226 493 742 2227 494 742 2228 279 743 2229 494 743 2230 281 743 2231 281 744 2232 494 744 2233 495 744 2234 281 745 2235 495 745 2236 283 745 2237 283 746 2238 495 746 2239 285 746 2240 285 747 2241 495 747 2242 496 747 2243 285 748 2244 496 748 2245 287 748 2246 287 749 2247 496 749 2248 497 749 2249 287 750 2250 497 750 2251 289 750 2252 289 751 2253 497 751 2254 498 751 2255 289 752 2256 498 752 2257 291 752 2258 291 753 2259 498 753 2260 499 753 2261 291 754 2262 499 754 2263 293 754 2264 293 755 2265 499 755 2266 500 755 2267 293 756 2268 500 756 2269 295 756 2270 295 757 2271 500 757 2272 501 757 2273 295 758 2274 501 758 2275 297 758 2276 297 759 2277 501 759 2278 502 759 2279 297 760 2280 502 760 2281 299 760 2282 299 761 2283 502 761 2284 503 761 2285 299 762 2286 503 762 2287 301 762 2288 301 763 2289 503 763 2290 504 763 2291 301 764 2292 504 764 2293 303 764 2294 303 765 2295 504 765 2296 505 765 2297 303 766 2298 505 766 2299 305 766 2300 305 767 2301 505 767 2302 506 767 2303 305 768 2304 506 768 2305 259 768 2306 259 769 2307 506 769 2308 507 769 2309 259 770 2310 507 770 2311 484 770 2312 211 771 2313 508 771 2314 213 771 2315 213 772 2316 508 772 2317 509 772 2318 213 773 2319 509 773 2320 215 773 2321 215 774 2322 509 774 2323 510 774 2324 215 775 2325 510 775 2326 217 775 2327 217 776 2328 510 776 2329 511 776 2330 217 777 2331 511 777 2332 219 777 2333 219 778 2334 511 778 2335 512 778 2336 219 779 2337 512 779 2338 221 779 2339 221 780 2340 512 780 2341 513 780 2342 221 781 2343 513 781 2344 223 781 2345 223 782 2346 513 782 2347 514 782 2348 223 783 2349 514 783 2350 225 783 2351 225 784 2352 514 784 2353 227 784 2354 227 785 2355 514 785 2356 515 785 2357 227 786 2358 515 786 2359 229 786 2360 229 787 2361 515 787 2362 516 787 2363 229 788 2364 516 788 2365 231 788 2366 231 789 2367 516 789 2368 517 789 2369 231 790 2370 517 790 2371 233 790 2372 233 791 2373 517 791 2374 518 791 2375 233 792 2376 518 792 2377 235 792 2378 235 793 2379 518 793 2380 519 793 2381 235 794 2382 519 794 2383 237 794 2384 237 795 2385 519 795 2386 520 795 2387 237 796 2388 520 796 2389 239 796 2390 239 797 2391 520 797 2392 521 797 2393 239 798 2394 521 798 2395 241 798 2396 241 799 2397 521 799 2398 522 799 2399 241 800 2400 522 800 2401 243 800 2402 243 801 2403 522 801 2404 523 801 2405 243 802 2406 523 802 2407 245 802 2408 245 803 2409 523 803 2410 524 803 2411 245 804 2412 524 804 2413 247 804 2414 247 805 2415 524 805 2416 525 805 2417 247 806 2418 525 806 2419 249 806 2420 249 807 2421 525 807 2422 526 807 2423 249 808 2424 526 808 2425 527 808 2426 508 809 2427 211 809 2428 528 809 2429 528 810 2430 211 810 2431 257 810 2432 528 811 2433 257 811 2434 529 811 2435 529 812 2436 257 812 2437 255 812 2438 529 813 2439 255 813 2440 530 813 2441 530 814 2442 255 814 2443 253 814 2444 530 815 2445 253 815 2446 531 815 2447 531 816 2448 253 816 2449 251 816 2450 531 817 2451 251 817 2452 527 817 2453 527 818 2454 251 818 2455 249 818 2456 156 819 2457 458 819 2458 532 819 2459 459 820 2460 154 820 2461 533 820 2462 159 821 2463 157 821 2464 534 821 2465 535 822 2466 536 822 2467 537 822 2468 537 823 2469 536 823 2470 538 823 2471 537 824 2472 538 824 2473 539 824 2474 539 825 2475 538 825 2476 540 825 2477 539 826 2478 540 826 2479 541 826 2480 541 827 2481 540 827 2482 542 827 2483 541 828 2484 542 828 2485 543 828 2486 543 829 2487 542 829 2488 544 829 2489 543 830 2490 544 830 2491 545 830 2492 545 831 2493 544 831 2494 546 831 2495 545 832 2496 546 832 2497 547 832 2498 547 833 2499 546 833 2500 548 833 2501 547 834 2502 548 834 2503 549 834 2504 549 835 2505 548 835 2506 550 835 2507 549 836 2508 550 836 2509 551 836 2510 551 837 2511 550 837 2512 552 837 2513 551 838 2514 552 838 2515 553 838 2516 553 839 2517 552 839 2518 554 839 2519 553 840 2520 554 840 2521 555 840 2522 555 841 2523 554 841 2524 556 841 2525 555 842 2526 556 842 2527 557 842 2528 557 843 2529 556 843 2530 558 843 2531 557 844 2532 558 844 2533 559 844 2534 559 845 2535 558 845 2536 560 845 2537 559 846 2538 560 846 2539 561 846 2540 561 847 2541 560 847 2542 562 847 2543 561 848 2544 562 848 2545 563 848 2546 563 849 2547 562 849 2548 564 849 2549 563 850 2550 564 850 2551 565 850 2552 565 851 2553 564 851 2554 566 851 2555 565 852 2556 566 852 2557 567 852 2558 567 853 2559 566 853 2560 568 853 2561 567 854 2562 568 854 2563 569 854 2564 569 855 2565 568 855 2566 570 855 2567 569 856 2568 570 856 2569 571 856 2570 571 857 2571 570 857 2572 572 857 2573 571 858 2574 572 858 2575 573 858 2576 573 859 2577 572 859 2578 574 859 2579 573 860 2580 574 860 2581 575 860 2582 575 861 2583 574 861 2584 576 861 2585 575 862 2586 576 862 2587 577 862 2588 577 863 2589 576 863 2590 578 863 2591 577 864 2592 578 864 2593 579 864 2594 579 865 2595 578 865 2596 580 865 2597 579 866 2598 580 866 2599 581 866 2600 581 867 2601 580 867 2602 582 867 2603 581 868 2604 582 868 2605 535 868 2606 535 869 2607 582 869 2608 536 869 2609 583 870 2610 584 870 2611 585 870 2612 585 871 2613 584 871 2614 586 871 2615 585 872 2616 586 872 2617 587 872 2618 587 873 2619 586 873 2620 588 873 2621 587 874 2622 588 874 2623 589 874 2624 589 875 2625 588 875 2626 590 875 2627 589 876 2628 590 876 2629 591 876 2630 591 877 2631 590 877 2632 592 877 2633 591 878 2634 592 878 2635 593 878 2636 593 879 2637 592 879 2638 594 879 2639 593 880 2640 594 880 2641 595 880 2642 595 881 2643 594 881 2644 596 881 2645 595 882 2646 596 882 2647 597 882 2648 597 883 2649 596 883 2650 598 883 2651 597 884 2652 598 884 2653 599 884 2654 599 885 2655 598 885 2656 600 885 2657 599 886 2658 600 886 2659 601 886 2660 601 887 2661 600 887 2662 602 887 2663 601 888 2664 602 888 2665 603 888 2666 603 889 2667 602 889 2668 604 889 2669 603 890 2670 604 890 2671 605 890 2672 605 891 2673 604 891 2674 606 891 2675 605 892 2676 606 892 2677 607 892 2678 607 893 2679 606 893 2680 608 893 2681 607 894 2682 608 894 2683 609 894 2684 609 895 2685 608 895 2686 610 895 2687 609 896 2688 610 896 2689 611 896 2690 611 897 2691 610 897 2692 612 897 2693 611 898 2694 612 898 2695 613 898 2696 613 899 2697 612 899 2698 614 899 2699 613 900 2700 614 900 2701 615 900 2702 615 901 2703 614 901 2704 616 901 2705 615 902 2706 616 902 2707 617 902 2708 617 903 2709 616 903 2710 618 903 2711 617 904 2712 618 904 2713 619 904 2714 619 905 2715 618 905 2716 620 905 2717 619 906 2718 620 906 2719 621 906 2720 621 907 2721 620 907 2722 622 907 2723 621 908 2724 622 908 2725 623 908 2726 623 909 2727 622 909 2728 624 909 2729 623 910 2730 624 910 2731 625 910 2732 625 911 2733 624 911 2734 626 911 2735 625 912 2736 626 912 2737 627 912 2738 627 913 2739 626 913 2740 628 913 2741 627 914 2742 628 914 2743 629 914 2744 629 915 2745 628 915 2746 630 915 2747 629 916 2748 630 916 2749 583 916 2750 583 917 2751 630 917 2752 584 917 2753 562 918 2754 631 918 2755 564 918 2756 564 919 2757 631 919 2758 632 919 2759 564 920 2760 632 920 2761 566 920 2762 566 921 2763 632 921 2764 633 921 2765 566 922 2766 633 922 2767 568 922 2768 568 923 2769 633 923 2770 634 923 2771 568 924 2772 634 924 2773 570 924 2774 570 925 2775 634 925 2776 635 925 2777 570 926 2778 635 926 2779 572 926 2780 572 927 2781 635 927 2782 636 927 2783 572 928 2784 636 928 2785 574 928 2786 574 929 2787 636 929 2788 637 929 2789 574 930 2790 637 930 2791 576 930 2792 576 931 2793 637 931 2794 638 931 2795 576 932 2796 638 932 2797 578 932 2798 578 933 2799 638 933 2800 639 933 2801 578 934 2802 639 934 2803 580 934 2804 580 935 2805 639 935 2806 640 935 2807 580 936 2808 640 936 2809 582 936 2810 582 937 2811 640 937 2812 641 937 2813 582 938 2814 641 938 2815 536 938 2816 536 939 2817 641 939 2818 642 939 2819 536 940 2820 642 940 2821 538 940 2822 538 941 2823 642 941 2824 643 941 2825 538 942 2826 643 942 2827 540 942 2828 540 943 2829 643 943 2830 644 943 2831 540 944 2832 644 944 2833 542 944 2834 542 945 2835 644 945 2836 645 945 2837 542 946 2838 645 946 2839 544 946 2840 544 947 2841 645 947 2842 646 947 2843 544 948 2844 646 948 2845 546 948 2846 546 949 2847 646 949 2848 647 949 2849 546 950 2850 647 950 2851 548 950 2852 548 951 2853 647 951 2854 648 951 2855 548 952 2856 648 952 2857 550 952 2858 550 953 2859 648 953 2860 649 953 2861 550 954 2862 649 954 2863 552 954 2864 552 955 2865 649 955 2866 650 955 2867 552 956 2868 650 956 2869 554 956 2870 554 957 2871 650 957 2872 651 957 2873 554 958 2874 651 958 2875 556 958 2876 556 959 2877 651 959 2878 652 959 2879 556 960 2880 652 960 2881 558 960 2882 558 961 2883 652 961 2884 653 961 2885 558 962 2886 653 962 2887 560 962 2888 560 963 2889 653 963 2890 654 963 2891 560 964 2892 654 964 2893 562 964 2894 562 965 2895 654 965 2896 631 965 2897 631 966 2898 655 966 2899 632 966 2900 632 967 2901 655 967 2902 656 967 2903 632 968 2904 656 968 2905 633 968 2906 633 969 2907 656 969 2908 657 969 2909 633 970 2910 657 970 2911 634 970 2912 634 971 2913 657 971 2914 658 971 2915 634 972 2916 658 972 2917 635 972 2918 635 973 2919 658 973 2920 659 973 2921 635 974 2922 659 974 2923 636 974 2924 636 975 2925 659 975 2926 660 975 2927 636 976 2928 660 976 2929 637 976 2930 637 977 2931 660 977 2932 661 977 2933 637 978 2934 661 978 2935 638 978 2936 638 979 2937 661 979 2938 662 979 2939 638 980 2940 662 980 2941 639 980 2942 639 981 2943 662 981 2944 663 981 2945 639 982 2946 663 982 2947 640 982 2948 640 983 2949 663 983 2950 664 983 2951 640 984 2952 664 984 2953 641 984 2954 641 985 2955 664 985 2956 665 985 2957 641 986 2958 665 986 2959 642 986 2960 642 987 2961 665 987 2962 666 987 2963 642 988 2964 666 988 2965 643 988 2966 643 989 2967 666 989 2968 667 989 2969 643 990 2970 667 990 2971 644 990 2972 644 991 2973 667 991 2974 668 991 2975 644 992 2976 668 992 2977 645 992 2978 645 993 2979 668 993 2980 669 993 2981 645 994 2982 669 994 2983 646 994 2984 646 995 2985 669 995 2986 670 995 2987 646 996 2988 670 996 2989 647 996 2990 647 997 2991 670 997 2992 671 997 2993 647 998 2994 671 998 2995 648 998 2996 648 999 2997 671 999 2998 672 999 2999 648 1000 3000 672 1000 3001 649 1000 3002 649 1001 3003 672 1001 3004 673 1001 3005 649 1002 3006 673 1002 3007 650 1002 3008 650 1003 3009 673 1003 3010 674 1003 3011 650 1004 3012 674 1004 3013 651 1004 3014 651 1005 3015 674 1005 3016 675 1005 3017 651 1006 3018 675 1006 3019 652 1006 3020 652 1007 3021 675 1007 3022 676 1007 3023 652 1008 3024 676 1008 3025 653 1008 3026 653 1009 3027 676 1009 3028 677 1009 3029 653 1010 3030 677 1010 3031 654 1010 3032 654 1011 3033 677 1011 3034 678 1011 3035 654 1012 3036 678 1012 3037 631 1012 3038 631 1013 3039 678 1013 3040 655 1013 3041 655 1014 3042 679 1014 3043 656 1014 3044 656 1015 3045 679 1015 3046 680 1015 3047 656 1016 3048 680 1016 3049 657 1016 3050 657 1017 3051 680 1017 3052 681 1017 3053 657 1018 3054 681 1018 3055 658 1018 3056 658 1019 3057 681 1019 3058 682 1019 3059 658 1020 3060 682 1020 3061 659 1020 3062 659 1021 3063 682 1021 3064 683 1021 3065 659 1022 3066 683 1022 3067 660 1022 3068 660 1023 3069 683 1023 3070 684 1023 3071 660 1024 3072 684 1024 3073 661 1024 3074 661 1025 3075 684 1025 3076 685 1025 3077 661 1026 3078 685 1026 3079 662 1026 3080 662 1027 3081 685 1027 3082 686 1027 3083 662 1028 3084 686 1028 3085 663 1028 3086 663 1029 3087 686 1029 3088 687 1029 3089 663 1030 3090 687 1030 3091 664 1030 3092 664 1031 3093 687 1031 3094 688 1031 3095 664 1032 3096 688 1032 3097 665 1032 3098 665 1033 3099 688 1033 3100 689 1033 3101 665 1034 3102 689 1034 3103 666 1034 3104 666 1035 3105 689 1035 3106 690 1035 3107 666 1036 3108 690 1036 3109 667 1036 3110 667 1037 3111 690 1037 3112 691 1037 3113 667 1038 3114 691 1038 3115 668 1038 3116 668 1039 3117 691 1039 3118 692 1039 3119 668 1040 3120 692 1040 3121 669 1040 3122 669 1041 3123 692 1041 3124 693 1041 3125 669 1042 3126 693 1042 3127 670 1042 3128 670 1043 3129 693 1043 3130 694 1043 3131 670 1044 3132 694 1044 3133 671 1044 3134 671 1045 3135 694 1045 3136 695 1045 3137 671 1046 3138 695 1046 3139 672 1046 3140 672 1047 3141 695 1047 3142 696 1047 3143 672 1048 3144 696 1048 3145 673 1048 3146 673 1049 3147 696 1049 3148 697 1049 3149 673 1050 3150 697 1050 3151 674 1050 3152 674 1051 3153 697 1051 3154 698 1051 3155 674 1052 3156 698 1052 3157 675 1052 3158 675 1053 3159 698 1053 3160 699 1053 3161 675 1054 3162 699 1054 3163 676 1054 3164 676 1055 3165 699 1055 3166 700 1055 3167 676 1056 3168 700 1056 3169 677 1056 3170 677 1057 3171 700 1057 3172 701 1057 3173 677 1058 3174 701 1058 3175 678 1058 3176 678 1059 3177 701 1059 3178 702 1059 3179 678 1060 3180 702 1060 3181 655 1060 3182 655 1061 3183 702 1061 3184 679 1061 3185 679 1062 3186 586 1062 3187 680 1062 3188 680 1063 3189 586 1063 3190 584 1063 3191 680 1064 3192 584 1064 3193 681 1064 3194 681 1065 3195 584 1065 3196 630 1065 3197 681 1066 3198 630 1066 3199 682 1066 3200 682 1067 3201 630 1067 3202 628 1067 3203 682 1068 3204 628 1068 3205 683 1068 3206 683 1069 3207 628 1069 3208 626 1069 3209 683 1070 3210 626 1070 3211 684 1070 3212 684 1071 3213 626 1071 3214 624 1071 3215 684 1072 3216 624 1072 3217 685 1072 3218 685 1073 3219 624 1073 3220 622 1073 3221 685 1074 3222 622 1074 3223 686 1074 3224 686 1075 3225 622 1075 3226 620 1075 3227 686 1076 3228 620 1076 3229 687 1076 3230 687 1077 3231 620 1077 3232 618 1077 3233 687 1078 3234 618 1078 3235 688 1078 3236 688 1079 3237 618 1079 3238 616 1079 3239 688 1080 3240 616 1080 3241 689 1080 3242 689 1081 3243 616 1081 3244 614 1081 3245 689 1082 3246 614 1082 3247 690 1082 3248 690 1083 3249 614 1083 3250 612 1083 3251 690 1084 3252 612 1084 3253 691 1084 3254 691 1085 3255 612 1085 3256 610 1085 3257 691 1086 3258 610 1086 3259 692 1086 3260 692 1087 3261 610 1087 3262 608 1087 3263 692 1088 3264 608 1088 3265 693 1088 3266 693 1089 3267 608 1089 3268 606 1089 3269 693 1090 3270 606 1090 3271 694 1090 3272 694 1091 3273 606 1091 3274 604 1091 3275 694 1092 3276 604 1092 3277 695 1092 3278 695 1093 3279 604 1093 3280 602 1093 3281 695 1094 3282 602 1094 3283 696 1094 3284 696 1095 3285 602 1095 3286 600 1095 3287 696 1096 3288 600 1096 3289 697 1096 3290 697 1097 3291 600 1097 3292 598 1097 3293 697 1098 3294 598 1098 3295 698 1098 3296 698 1099 3297 598 1099 3298 596 1099 3299 698 1100 3300 596 1100 3301 699 1100 3302 699 1101 3303 596 1101 3304 594 1101 3305 699 1102 3306 594 1102 3307 700 1102 3308 700 1103 3309 594 1103 3310 592 1103 3311 700 1104 3312 592 1104 3313 701 1104 3314 701 1105 3315 592 1105 3316 590 1105 3317 701 1106 3318 590 1106 3319 702 1106 3320 702 1107 3321 590 1107 3322 588 1107 3323 702 1108 3324 588 1108 3325 679 1108 3326 679 1109 3327 588 1109 3328 586 1109 3329 703 1110 3330 704 1110 3331 705 1110 3332 705 1111 3333 704 1111 3334 706 1111 3335 705 1112 3336 706 1112 3337 707 1112 3338 707 1113 3339 706 1113 3340 708 1113 3341 707 1114 3342 708 1114 3343 709 1114 3344 709 1115 3345 708 1115 3346 710 1115 3347 709 1116 3348 710 1116 3349 711 1116 3350 711 1117 3351 710 1117 3352 712 1117 3353 711 1118 3354 712 1118 3355 713 1118 3356 713 1119 3357 712 1119 3358 714 1119 3359 713 1120 3360 714 1120 3361 715 1120 3362 715 1121 3363 714 1121 3364 716 1121 3365 715 1122 3366 716 1122 3367 717 1122 3368 717 1123 3369 716 1123 3370 718 1123 3371 717 1124 3372 718 1124 3373 719 1124 3374 719 1125 3375 718 1125 3376 720 1125 3377 719 1126 3378 720 1126 3379 721 1126 3380 721 1127 3381 720 1127 3382 722 1127 3383 721 1128 3384 722 1128 3385 723 1128 3386 723 1129 3387 722 1129 3388 724 1129 3389 723 1130 3390 724 1130 3391 725 1130 3392 725 1131 3393 724 1131 3394 726 1131 3395 725 1132 3396 726 1132 3397 727 1132 3398 727 1133 3399 726 1133 3400 728 1133 3401 727 1134 3402 728 1134 3403 729 1134 3404 729 1135 3405 728 1135 3406 730 1135 3407 729 1136 3408 730 1136 3409 731 1136 3410 731 1137 3411 730 1137 3412 732 1137 3413 731 1138 3414 732 1138 3415 733 1138 3416 733 1139 3417 732 1139 3418 734 1139 3419 733 1140 3420 734 1140 3421 735 1140 3422 735 1141 3423 734 1141 3424 736 1141 3425 735 1142 3426 736 1142 3427 737 1142 3428 737 1143 3429 736 1143 3430 738 1143 3431 737 1144 3432 738 1144 3433 739 1144 3434 739 1145 3435 738 1145 3436 740 1145 3437 739 1146 3438 740 1146 3439 741 1146 3440 741 1147 3441 740 1147 3442 742 1147 3443 741 1148 3444 742 1148 3445 743 1148 3446 743 1149 3447 742 1149 3448 744 1149 3449 743 1150 3450 744 1150 3451 745 1150 3452 745 1151 3453 744 1151 3454 746 1151 3455 745 1152 3456 746 1152 3457 747 1152 3458 747 1153 3459 746 1153 3460 748 1153 3461 747 1154 3462 748 1154 3463 749 1154 3464 749 1155 3465 748 1155 3466 750 1155 3467 749 1156 3468 750 1156 3469 703 1156 3470 703 1157 3471 750 1157 3472 704 1157 3473 751 1158 3474 752 1158 3475 753 1158 3476 753 1159 3477 752 1159 3478 754 1159 3479 753 1160 3480 754 1160 3481 755 1160 3482 755 1161 3483 754 1161 3484 756 1161 3485 755 1162 3486 756 1162 3487 757 1162 3488 757 1163 3489 756 1163 3490 758 1163 3491 757 1164 3492 758 1164 3493 759 1164 3494 759 1165 3495 758 1165 3496 760 1165 3497 759 1166 3498 760 1166 3499 761 1166 3500 761 1167 3501 760 1167 3502 762 1167 3503 761 1168 3504 762 1168 3505 763 1168 3506 763 1169 3507 762 1169 3508 764 1169 3509 763 1170 3510 764 1170 3511 765 1170 3512 765 1171 3513 764 1171 3514 766 1171 3515 765 1172 3516 766 1172 3517 767 1172 3518 767 1173 3519 766 1173 3520 768 1173 3521 767 1174 3522 768 1174 3523 769 1174 3524 769 1175 3525 768 1175 3526 770 1175 3527 769 1176 3528 770 1176 3529 771 1176 3530 771 1177 3531 770 1177 3532 772 1177 3533 771 1178 3534 772 1178 3535 773 1178 3536 773 1179 3537 772 1179 3538 774 1179 3539 773 1180 3540 774 1180 3541 775 1180 3542 775 1181 3543 774 1181 3544 776 1181 3545 775 1182 3546 776 1182 3547 777 1182 3548 777 1183 3549 776 1183 3550 778 1183 3551 777 1184 3552 778 1184 3553 779 1184 3554 779 1185 3555 778 1185 3556 780 1185 3557 779 1186 3558 780 1186 3559 781 1186 3560 781 1187 3561 780 1187 3562 782 1187 3563 781 1188 3564 782 1188 3565 783 1188 3566 783 1189 3567 782 1189 3568 784 1189 3569 783 1190 3570 784 1190 3571 785 1190 3572 785 1191 3573 784 1191 3574 786 1191 3575 785 1192 3576 786 1192 3577 787 1192 3578 787 1193 3579 786 1193 3580 788 1193 3581 787 1194 3582 788 1194 3583 789 1194 3584 789 1195 3585 788 1195 3586 790 1195 3587 789 1196 3588 790 1196 3589 791 1196 3590 791 1197 3591 790 1197 3592 792 1197 3593 791 1198 3594 792 1198 3595 793 1198 3596 793 1199 3597 792 1199 3598 794 1199 3599 793 1200 3600 794 1200 3601 795 1200 3602 795 1201 3603 794 1201 3604 796 1201 3605 795 1202 3606 796 1202 3607 797 1202 3608 797 1203 3609 796 1203 3610 798 1203 3611 797 1204 3612 798 1204 3613 751 1204 3614 751 1205 3615 798 1205 3616 752 1205 3617 730 1206 3618 799 1206 3619 732 1206 3620 732 1207 3621 799 1207 3622 800 1207 3623 732 1208 3624 800 1208 3625 734 1208 3626 734 1209 3627 800 1209 3628 801 1209 3629 734 1210 3630 801 1210 3631 736 1210 3632 736 1211 3633 801 1211 3634 802 1211 3635 736 1212 3636 802 1212 3637 738 1212 3638 738 1213 3639 802 1213 3640 803 1213 3641 738 1214 3642 803 1214 3643 740 1214 3644 740 1215 3645 803 1215 3646 804 1215 3647 740 1216 3648 804 1216 3649 742 1216 3650 742 1217 3651 804 1217 3652 805 1217 3653 742 1218 3654 805 1218 3655 744 1218 3656 744 1219 3657 805 1219 3658 806 1219 3659 744 1220 3660 806 1220 3661 746 1220 3662 746 1221 3663 806 1221 3664 807 1221 3665 746 1222 3666 807 1222 3667 748 1222 3668 748 1223 3669 807 1223 3670 808 1223 3671 748 1224 3672 808 1224 3673 750 1224 3674 750 1225 3675 808 1225 3676 809 1225 3677 750 1226 3678 809 1226 3679 704 1226 3680 704 1227 3681 809 1227 3682 810 1227 3683 704 1228 3684 810 1228 3685 706 1228 3686 706 1229 3687 810 1229 3688 811 1229 3689 706 1230 3690 811 1230 3691 708 1230 3692 708 1231 3693 811 1231 3694 812 1231 3695 708 1232 3696 812 1232 3697 710 1232 3698 710 1233 3699 812 1233 3700 813 1233 3701 710 1234 3702 813 1234 3703 712 1234 3704 712 1235 3705 813 1235 3706 814 1235 3707 712 1236 3708 814 1236 3709 714 1236 3710 714 1237 3711 814 1237 3712 815 1237 3713 714 1238 3714 815 1238 3715 716 1238 3716 716 1239 3717 815 1239 3718 816 1239 3719 716 1240 3720 816 1240 3721 718 1240 3722 718 1241 3723 816 1241 3724 817 1241 3725 718 1242 3726 817 1242 3727 720 1242 3728 720 1243 3729 817 1243 3730 818 1243 3731 720 1244 3732 818 1244 3733 722 1244 3734 722 1245 3735 818 1245 3736 819 1245 3737 722 1246 3738 819 1246 3739 724 1246 3740 724 1247 3741 819 1247 3742 820 1247 3743 724 1248 3744 820 1248 3745 726 1248 3746 726 1249 3747 820 1249 3748 821 1249 3749 726 1250 3750 821 1250 3751 728 1250 3752 728 1251 3753 821 1251 3754 822 1251 3755 728 1252 3756 822 1252 3757 730 1252 3758 730 1253 3759 822 1253 3760 799 1253 3761 799 1254 3762 823 1254 3763 800 1254 3764 800 1255 3765 823 1255 3766 824 1255 3767 800 1256 3768 824 1256 3769 801 1256 3770 801 1257 3771 824 1257 3772 825 1257 3773 801 1258 3774 825 1258 3775 802 1258 3776 802 1259 3777 825 1259 3778 826 1259 3779 802 1260 3780 826 1260 3781 803 1260 3782 803 1261 3783 826 1261 3784 827 1261 3785 803 1262 3786 827 1262 3787 804 1262 3788 804 1263 3789 827 1263 3790 828 1263 3791 804 1264 3792 828 1264 3793 805 1264 3794 805 1265 3795 828 1265 3796 829 1265 3797 805 1266 3798 829 1266 3799 806 1266 3800 806 1267 3801 829 1267 3802 830 1267 3803 806 1268 3804 830 1268 3805 807 1268 3806 807 1269 3807 830 1269 3808 831 1269 3809 807 1270 3810 831 1270 3811 808 1270 3812 808 1271 3813 831 1271 3814 832 1271 3815 808 1272 3816 832 1272 3817 809 1272 3818 809 1273 3819 832 1273 3820 833 1273 3821 809 1274 3822 833 1274 3823 810 1274 3824 810 1275 3825 833 1275 3826 834 1275 3827 810 1276 3828 834 1276 3829 811 1276 3830 811 1277 3831 834 1277 3832 835 1277 3833 811 1278 3834 835 1278 3835 812 1278 3836 812 1279 3837 835 1279 3838 836 1279 3839 812 1280 3840 836 1280 3841 813 1280 3842 813 1281 3843 836 1281 3844 837 1281 3845 813 1282 3846 837 1282 3847 814 1282 3848 814 1283 3849 837 1283 3850 838 1283 3851 814 1284 3852 838 1284 3853 815 1284 3854 815 1285 3855 838 1285 3856 839 1285 3857 815 1286 3858 839 1286 3859 816 1286 3860 816 1287 3861 839 1287 3862 840 1287 3863 816 1288 3864 840 1288 3865 817 1288 3866 817 1289 3867 840 1289 3868 841 1289 3869 817 1290 3870 841 1290 3871 818 1290 3872 818 1291 3873 841 1291 3874 842 1291 3875 818 1292 3876 842 1292 3877 819 1292 3878 819 1293 3879 842 1293 3880 843 1293 3881 819 1294 3882 843 1294 3883 820 1294 3884 820 1295 3885 843 1295 3886 844 1295 3887 820 1296 3888 844 1296 3889 821 1296 3890 821 1297 3891 844 1297 3892 845 1297 3893 821 1298 3894 845 1298 3895 822 1298 3896 822 1299 3897 845 1299 3898 846 1299 3899 822 1300 3900 846 1300 3901 799 1300 3902 799 1301 3903 846 1301 3904 823 1301 3905 823 1302 3906 847 1302 3907 824 1302 3908 824 1303 3909 847 1303 3910 848 1303 3911 824 1304 3912 848 1304 3913 825 1304 3914 825 1305 3915 848 1305 3916 849 1305 3917 825 1306 3918 849 1306 3919 826 1306 3920 826 1307 3921 849 1307 3922 850 1307 3923 826 1308 3924 850 1308 3925 827 1308 3926 827 1309 3927 850 1309 3928 851 1309 3929 827 1310 3930 851 1310 3931 828 1310 3932 828 1311 3933 851 1311 3934 852 1311 3935 828 1312 3936 852 1312 3937 829 1312 3938 829 1313 3939 852 1313 3940 853 1313 3941 829 1314 3942 853 1314 3943 830 1314 3944 830 1315 3945 853 1315 3946 854 1315 3947 830 1316 3948 854 1316 3949 831 1316 3950 831 1317 3951 854 1317 3952 855 1317 3953 831 1318 3954 855 1318 3955 832 1318 3956 832 1319 3957 855 1319 3958 856 1319 3959 832 1320 3960 856 1320 3961 833 1320 3962 833 1321 3963 856 1321 3964 857 1321 3965 833 1322 3966 857 1322 3967 834 1322 3968 834 1323 3969 857 1323 3970 858 1323 3971 834 1324 3972 858 1324 3973 835 1324 3974 835 1325 3975 858 1325 3976 859 1325 3977 835 1326 3978 859 1326 3979 836 1326 3980 836 1327 3981 859 1327 3982 860 1327 3983 836 1328 3984 860 1328 3985 837 1328 3986 837 1329 3987 860 1329 3988 861 1329 3989 837 1330 3990 861 1330 3991 838 1330 3992 838 1331 3993 861 1331 3994 862 1331 3995 838 1332 3996 862 1332 3997 839 1332 3998 839 1333 3999 862 1333 4000 863 1333 4001 839 1334 4002 863 1334 4003 840 1334 4004 840 1335 4005 863 1335 4006 864 1335 4007 840 1336 4008 864 1336 4009 841 1336 4010 841 1337 4011 864 1337 4012 865 1337 4013 841 1338 4014 865 1338 4015 842 1338 4016 842 1339 4017 865 1339 4018 866 1339 4019 842 1340 4020 866 1340 4021 843 1340 4022 843 1341 4023 866 1341 4024 867 1341 4025 843 1342 4026 867 1342 4027 844 1342 4028 844 1343 4029 867 1343 4030 868 1343 4031 844 1344 4032 868 1344 4033 845 1344 4034 845 1345 4035 868 1345 4036 869 1345 4037 845 1346 4038 869 1346 4039 846 1346 4040 846 1347 4041 869 1347 4042 870 1347 4043 846 1348 4044 870 1348 4045 823 1348 4046 823 1349 4047 870 1349 4048 847 1349 4049 847 1350 4050 754 1350 4051 848 1350 4052 848 1351 4053 754 1351 4054 752 1351 4055 848 1352 4056 752 1352 4057 849 1352 4058 849 1353 4059 752 1353 4060 798 1353 4061 849 1354 4062 798 1354 4063 850 1354 4064 850 1355 4065 798 1355 4066 796 1355 4067 850 1356 4068 796 1356 4069 851 1356 4070 851 1357 4071 796 1357 4072 794 1357 4073 851 1358 4074 794 1358 4075 852 1358 4076 852 1359 4077 794 1359 4078 792 1359 4079 852 1360 4080 792 1360 4081 853 1360 4082 853 1361 4083 792 1361 4084 790 1361 4085 853 1362 4086 790 1362 4087 854 1362 4088 854 1363 4089 790 1363 4090 788 1363 4091 854 1364 4092 788 1364 4093 855 1364 4094 855 1365 4095 788 1365 4096 786 1365 4097 855 1366 4098 786 1366 4099 856 1366 4100 856 1367 4101 786 1367 4102 784 1367 4103 856 1368 4104 784 1368 4105 857 1368 4106 857 1369 4107 784 1369 4108 782 1369 4109 857 1370 4110 782 1370 4111 858 1370 4112 858 1371 4113 782 1371 4114 780 1371 4115 858 1372 4116 780 1372 4117 859 1372 4118 859 1373 4119 780 1373 4120 778 1373 4121 859 1374 4122 778 1374 4123 860 1374 4124 860 1375 4125 778 1375 4126 776 1375 4127 860 1376 4128 776 1376 4129 861 1376 4130 861 1377 4131 776 1377 4132 774 1377 4133 861 1378 4134 774 1378 4135 862 1378 4136 862 1379 4137 774 1379 4138 772 1379 4139 862 1380 4140 772 1380 4141 863 1380 4142 863 1381 4143 772 1381 4144 770 1381 4145 863 1382 4146 770 1382 4147 864 1382 4148 864 1383 4149 770 1383 4150 768 1383 4151 864 1384 4152 768 1384 4153 865 1384 4154 865 1385 4155 768 1385 4156 766 1385 4157 865 1386 4158 766 1386 4159 866 1386 4160 866 1387 4161 766 1387 4162 764 1387 4163 866 1388 4164 764 1388 4165 867 1388 4166 867 1389 4167 764 1389 4168 762 1389 4169 867 1390 4170 762 1390 4171 868 1390 4172 868 1391 4173 762 1391 4174 760 1391 4175 868 1392 4176 760 1392 4177 869 1392 4178 869 1393 4179 760 1393 4180 758 1393 4181 869 1394 4182 758 1394 4183 870 1394 4184 870 1395 4185 758 1395 4186 756 1395 4187 870 1396 4188 756 1396 4189 847 1396 4190 847 1397 4191 756 1397 4192 754 1397 4193 871 1398 4194 39 1398 4195 872 1398 4196 872 1399 4197 39 1399 4198 38 1399 4199 872 1400 4200 38 1400 4201 873 1400 4202 873 1401 4203 38 1401 4204 44 1401 4205 873 1402 4206 44 1402 4207 874 1402 4208 874 1403 4209 44 1403 4210 43 1403 4211 874 1404 4212 43 1404 4213 875 1404 4214 875 1405 4215 43 1405 4216 42 1405 4217 875 1406 4218 42 1406 4219 876 1406 4220 876 1407 4221 42 1407 4222 41 1407 4223 876 1408 4224 41 1408 4225 877 1408 4226 877 1409 4227 41 1409 4228 40 1409 4229 877 1410 4230 40 1410 4231 878 1410 4232 878 1411 4233 40 1411 4234 36 1411 4235 878 1412 4236 36 1412 4237 879 1412 4238 39 1413 4239 871 1413 4240 45 1413 4241 45 1414 4242 871 1414 4243 880 1414 4244 45 1415 4245 880 1415 4246 46 1415 4247 46 1416 4248 880 1416 4249 881 1416 4250 46 1417 4251 881 1417 4252 47 1417 4253 47 1418 4254 881 1418 4255 882 1418 4256 47 1419 4257 882 1419 4258 48 1419 4259 48 1420 4260 882 1420 4261 883 1420 4262 48 1421 4263 883 1421 4264 49 1421 4265 49 1422 4266 883 1422 4267 884 1422 4268 49 1423 4269 884 1423 4270 37 1423 4271 37 1424 4272 884 1424 4273 885 1424 4274 885 1425 4275 884 1425 4276 886 1425 4277 885 1426 4278 886 1426 4279 887 1426 4280 887 1427 4281 886 1427 4282 888 1427 4283 887 1428 4284 888 1428 4285 889 1428 4286 889 1429 4287 888 1429 4288 890 1429 4289 889 1430 4290 890 1430 4291 891 1430 4292 891 1431 4293 890 1431 4294 892 1431 4295 891 1432 4296 892 1432 4297 893 1432 4298 893 1433 4299 892 1433 4300 894 1433 4301 893 1434 4302 894 1434 4303 895 1434 4304 895 1435 4305 894 1435 4306 896 1435 4307 895 1436 4308 896 1436 4309 897 1436 4310 897 1437 4311 896 1437 4312 898 1437 4313 898 1438 4314 896 1438 4315 899 1438 4316 898 1439 4317 899 1439 4318 900 1439 4319 900 1440 4320 899 1440 4321 901 1440 4322 900 1441 4323 901 1441 4324 902 1441 4325 902 1442 4326 901 1442 4327 903 1442 4328 902 1443 4329 903 1443 4330 904 1443 4331 904 1444 4332 903 1444 4333 905 1444 4334 904 1445 4335 905 1445 4336 906 1445 4337 906 1446 4338 905 1446 4339 907 1446 4340 906 1447 4341 907 1447 4342 879 1447 4343 879 1448 4344 907 1448 4345 878 1448 4346 908 1449 4347 909 1449 4348 910 1449 4349 910 1450 4350 909 1450 4351 911 1450 4352 910 1451 4353 911 1451 4354 912 1451 4355 912 1452 4356 911 1452 4357 913 1452 4358 912 1453 4359 913 1453 4360 914 1453 4361 914 1454 4362 913 1454 4363 915 1454 4364 914 1455 4365 915 1455 4366 916 1455 4367 916 1456 4368 915 1456 4369 917 1456 4370 916 1457 4371 917 1457 4372 918 1457 4373 918 1458 4374 917 1458 4375 919 1458 4376 918 1459 4377 919 1459 4378 920 1459 4379 920 1460 4380 919 1460 4381 921 1460 4382 920 1461 4383 921 1461 4384 922 1461 4385 922 1462 4386 921 1462 4387 923 1462 4388 922 1463 4389 923 1463 4390 924 1463 4391 924 1464 4392 923 1464 4393 925 1464 4394 924 1465 4395 925 1465 4396 926 1465 4397 926 1466 4398 925 1466 4399 927 1466 4400 926 1467 4401 927 1467 4402 928 1467 4403 928 1468 4404 927 1468 4405 929 1468 4406 928 1469 4407 929 1469 4408 930 1469 4409 930 1470 4410 929 1470 4411 116 1470 4412 930 1471 4413 116 1471 4414 127 1471 4415 909 1472 4416 908 1472 4417 931 1472 4418 931 1473 4419 908 1473 4420 932 1473 4421 931 1474 4422 932 1474 4423 933 1474 4424 933 1475 4425 932 1475 4426 934 1475 4427 933 1476 4428 934 1476 4429 935 1476 4430 935 1477 4431 934 1477 4432 936 1477 4433 935 1478 4434 936 1478 4435 937 1478 4436 937 1479 4437 936 1479 4438 938 1479 4439 937 1480 4440 938 1480 4441 939 1480 4442 939 1481 4443 938 1481 4444 940 1481 4445 939 1482 4446 940 1482 4447 941 1482 4448 941 1483 4449 940 1483 4450 942 1483 4451 941 1484 4452 942 1484 4453 943 1484 4454 943 1485 4455 942 1485 4456 944 1485 4457 943 1486 4458 944 1486 4459 945 1486 4460 945 1487 4461 944 1487 4462 946 1487 4463 945 1488 4464 946 1488 4465 947 1488 4466 947 1489 4467 946 1489 4468 948 1489 4469 947 1490 4470 948 1490 4471 123 1490 4472 123 1491 4473 948 1491 4474 949 1491 4475 123 1492 4476 949 1492 4477 124 1492 4478 124 1493 4479 949 1493 4480 950 1493 4481 124 1494 4482 950 1494 4483 125 1494 4484 125 1495 4485 950 1495 4486 126 1495 4487 126 1496 4488 950 1496 4489 951 1496 4490 126 1497 4491 951 1497 4492 127 1497 4493 127 1498 4494 951 1498 4495 930 1498 4496 123 1499 4497 115 1499 4498 947 1499 4499 952 1500 4500 953 1500 4501 954 1500 4502 954 1501 4503 953 1501 4504 955 1501 4505 954 1502 4506 955 1502 4507 956 1502 4508 956 1503 4509 955 1503 4510 957 1503 4511 956 1504 4512 957 1504 4513 958 1504 4514 958 1505 4515 957 1505 4516 959 1505 4517 958 1506 4518 959 1506 4519 960 1506 4520 960 1507 4521 959 1507 4522 961 1507 4523 960 1508 4524 961 1508 4525 962 1508 4526 962 1509 4527 961 1509 4528 963 1509 4529 962 1510 4530 963 1510 4531 964 1510 4532 964 1511 4533 963 1511 4534 965 1511 4535 964 1512 4536 965 1512 4537 966 1512 4538 966 1513 4539 965 1513 4540 967 1513 4541 966 1514 4542 967 1514 4543 968 1514 4544 968 1515 4545 967 1515 4546 969 1515 4547 968 1516 4548 969 1516 4549 970 1516 4550 970 1517 4551 969 1517 4552 971 1517 4553 970 1518 4554 971 1518 4555 972 1518 4556 972 1519 4557 971 1519 4558 973 1519 4559 972 1520 4560 973 1520 4561 974 1520 4562 974 1521 4563 973 1521 4564 975 1521 4565 974 1522 4566 975 1522 4567 976 1522 4568 976 1523 4569 975 1523 4570 977 1523 4571 976 1524 4572 977 1524 4573 978 1524 4574 978 1525 4575 977 1525 4576 979 1525 4577 978 1526 4578 979 1526 4579 980 1526 4580 980 1527 4581 979 1527 4582 981 1527 4583 980 1528 4584 981 1528 4585 982 1528 4586 982 1529 4587 981 1529 4588 983 1529 4589 982 1530 4590 983 1530 4591 984 1530 4592 984 1531 4593 983 1531 4594 985 1531 4595 984 1532 4596 985 1532 4597 986 1532 4598 986 1533 4599 985 1533 4600 987 1533 4601 986 1534 4602 987 1534 4603 988 1534 4604 988 1535 4605 987 1535 4606 989 1535 4607 988 1536 4608 989 1536 4609 990 1536 4610 990 1537 4611 989 1537 4612 991 1537 4613 990 1538 4614 991 1538 4615 992 1538 4616 992 1539 4617 991 1539 4618 993 1539 4619 992 1540 4620 993 1540 4621 994 1540 4622 994 1541 4623 993 1541 4624 995 1541 4625 994 1542 4626 995 1542 4627 996 1542 4628 996 1543 4629 995 1543 4630 997 1543 4631 996 1544 4632 997 1544 4633 998 1544 4634 998 1545 4635 997 1545 4636 999 1545 4637 998 1546 4638 999 1546 4639 952 1546 4640 952 1547 4641 999 1547 4642 953 1547 4643 1000 1548 4644 1001 1548 4645 1002 1548 4646 1002 1549 4647 1001 1549 4648 1003 1549 4649 1002 1550 4650 1003 1550 4651 1004 1550 4652 1004 1551 4653 1003 1551 4654 1005 1551 4655 1004 1552 4656 1005 1552 4657 1006 1552 4658 1006 1553 4659 1005 1553 4660 1007 1553 4661 1006 1554 4662 1007 1554 4663 1008 1554 4664 1008 1555 4665 1007 1555 4666 1009 1555 4667 1008 1556 4668 1009 1556 4669 1010 1556 4670 1010 1557 4671 1009 1557 4672 1011 1557 4673 1010 1558 4674 1011 1558 4675 1012 1558 4676 1012 1559 4677 1011 1559 4678 1013 1559 4679 1012 1560 4680 1013 1560 4681 1014 1560 4682 1014 1561 4683 1013 1561 4684 1015 1561 4685 1014 1562 4686 1015 1562 4687 1016 1562 4688 1016 1563 4689 1015 1563 4690 1017 1563 4691 1016 1564 4692 1017 1564 4693 1018 1564 4694 1018 1565 4695 1017 1565 4696 1019 1565 4697 1018 1566 4698 1019 1566 4699 1020 1566 4700 1020 1567 4701 1019 1567 4702 1021 1567 4703 1020 1568 4704 1021 1568 4705 1022 1568 4706 1022 1569 4707 1021 1569 4708 1023 1569 4709 1022 1570 4710 1023 1570 4711 1024 1570 4712 1024 1571 4713 1023 1571 4714 1025 1571 4715 1024 1572 4716 1025 1572 4717 1026 1572 4718 1026 1573 4719 1025 1573 4720 1027 1573 4721 1026 1574 4722 1027 1574 4723 1028 1574 4724 1028 1575 4725 1027 1575 4726 1029 1575 4727 1028 1576 4728 1029 1576 4729 1030 1576 4730 1030 1577 4731 1029 1577 4732 1031 1577 4733 1030 1578 4734 1031 1578 4735 1032 1578 4736 1032 1579 4737 1031 1579 4738 1033 1579 4739 1032 1580 4740 1033 1580 4741 1034 1580 4742 1034 1581 4743 1033 1581 4744 1035 1581 4745 1034 1582 4746 1035 1582 4747 1036 1582 4748 1036 1583 4749 1035 1583 4750 1037 1583 4751 1036 1584 4752 1037 1584 4753 1038 1584 4754 1038 1585 4755 1037 1585 4756 1039 1585 4757 1038 1586 4758 1039 1586 4759 1040 1586 4760 1040 1587 4761 1039 1587 4762 1041 1587 4763 1040 1588 4764 1041 1588 4765 1042 1588 4766 1042 1589 4767 1041 1589 4768 1043 1589 4769 1042 1590 4770 1043 1590 4771 1044 1590 4772 1044 1591 4773 1043 1591 4774 1045 1591 4775 1044 1592 4776 1045 1592 4777 1046 1592 4778 1046 1593 4779 1045 1593 4780 1047 1593 4781 1046 1594 4782 1047 1594 4783 1000 1594 4784 1000 1595 4785 1047 1595 4786 1001 1595 4787 65 1596 4788 1048 1596 4789 67 1596 4790 67 1597 4791 1048 1597 4792 1049 1597 4793 67 1598 4794 1049 1598 4795 68 1598 4796 68 1599 4797 1049 1599 4798 1050 1599 4799 68 1600 4800 1050 1600 4801 69 1600 4802 69 1601 4803 1050 1601 4804 1051 1601 4805 69 1602 4806 1051 1602 4807 70 1602 4808 70 1603 4809 1051 1603 4810 1052 1603 4811 70 1604 4812 1052 1604 4813 71 1604 4814 71 1605 4815 1052 1605 4816 1053 1605 4817 71 1606 4818 1053 1606 4819 72 1606 4820 72 1607 4821 1053 1607 4822 1054 1607 4823 72 1608 4824 1054 1608 4825 74 1608 4826 74 1609 4827 1054 1609 4828 1055 1609 4829 74 1610 4830 1055 1610 4831 76 1610 4832 76 1611 4833 1055 1611 4834 1056 1611 4835 76 1612 4836 1056 1612 4837 78 1612 4838 78 1613 4839 1056 1613 4840 1057 1613 4841 78 1614 4842 1057 1614 4843 80 1614 4844 80 1615 4845 1057 1615 4846 1058 1615 4847 80 1616 4848 1058 1616 4849 82 1616 4850 82 1617 4851 1058 1617 4852 1059 1617 4853 82 1618 4854 1059 1618 4855 83 1618 4856 83 1619 4857 1059 1619 4858 1060 1619 4859 83 1620 4860 1060 1620 4861 81 1620 4862 81 1621 4863 1060 1621 4864 1061 1621 4865 81 1622 4866 1061 1622 4867 79 1622 4868 79 1623 4869 1061 1623 4870 1062 1623 4871 79 1624 4872 1062 1624 4873 77 1624 4874 77 1625 4875 1062 1625 4876 1063 1625 4877 77 1626 4878 1063 1626 4879 75 1626 4880 75 1627 4881 1063 1627 4882 1064 1627 4883 75 1628 4884 1064 1628 4885 73 1628 4886 73 1629 4887 1064 1629 4888 1065 1629 4889 73 1630 4890 1065 1630 4891 66 1630 4892 66 1631 4893 1065 1631 4894 1066 1631 4895 2 1632 4896 1067 1632 4897 0 1632 4898 0 1633 4899 1067 1633 4900 1068 1633 4901 0 1634 4902 1068 1634 4903 6 1634 4904 6 1635 4905 1068 1635 4906 1069 1635 4907 6 1636 4908 1069 1636 4909 8 1636 4910 8 1637 4911 1069 1637 4912 1070 1637 4913 8 1638 4914 1070 1638 4915 10 1638 4916 10 1639 4917 1070 1639 4918 1071 1639 4919 10 1640 4920 1071 1640 4921 12 1640 4922 12 1641 4923 1071 1641 4924 1072 1641 4925 12 1642 4926 1072 1642 4927 13 1642 4928 13 1643 4929 1072 1643 4930 1073 1643 4931 13 1644 4932 1073 1644 4933 11 1644 4934 11 1645 4935 1073 1645 4936 1074 1645 4937 11 1646 4938 1074 1646 4939 9 1646 4940 9 1647 4941 1074 1647 4942 1075 1647 4943 9 1648 4944 1075 1648 4945 7 1648 4946 7 1649 4947 1075 1649 4948 1076 1649 4949 7 1650 4950 1076 1650 4951 5 1650 4952 5 1651 4953 1076 1651 4954 1077 1651 4955 5 1652 4956 1077 1652 4957 1 1652 4958 1 1653 4959 1077 1653 4960 1078 1653 4961 1 1654 4962 1078 1654 4963 3 1654 4964 3 1655 4965 1078 1655 4966 1079 1655 4967 3 1656 4968 1079 1656 4969 4 1656 4970 4 1657 4971 1079 1657 4972 1080 1657 4973 4 1658 4974 1080 1658 4975 14 1658 4976 14 1659 4977 1080 1659 4978 1081 1659 4979 14 1660 4980 1081 1660 4981 15 1660 4982 15 1661 4983 1081 1661 4984 1082 1661 4985 15 1662 4986 1082 1662 4987 16 1662 4988 16 1663 4989 1082 1663 4990 1083 1663 4991 16 1664 4992 1083 1664 4993 17 1664 4994 17 1665 4995 1083 1665 4996 1084 1665 4997 17 1666 4998 1084 1666 4999 18 1666 5000 18 1667 5001 1084 1667 5002 1085 1667 5003 1086 1668 5004 1087 1668 5005 1088 1668 5006 1088 1669 5007 1087 1669 5008 1089 1669 5009 1088 1670 5010 1089 1670 5011 1090 1670 5012 1090 1671 5013 1089 1671 5014 1091 1671 5015 1090 1672 5016 1091 1672 5017 1092 1672 5018 1092 1673 5019 1091 1673 5020 1093 1673 5021 1092 1674 5022 1093 1674 5023 1094 1674 5024 1094 1675 5025 1093 1675 5026 1095 1675 5027 1094 1676 5028 1095 1676 5029 1096 1676 5030 1096 1677 5031 1095 1677 5032 1097 1677 5033 1096 1678 5034 1097 1678 5035 1098 1678 5036 1098 1679 5037 1097 1679 5038 1099 1679 5039 1098 1680 5040 1099 1680 5041 1100 1680 5042 1100 1681 5043 1099 1681 5044 1101 1681 5045 1100 1682 5046 1101 1682 5047 1102 1682 5048 1102 1683 5049 1101 1683 5050 1103 1683 5051 1102 1684 5052 1103 1684 5053 1104 1684 5054 1104 1685 5055 1103 1685 5056 1105 1685 5057 1104 1686 5058 1105 1686 5059 1106 1686 5060 1106 1687 5061 1105 1687 5062 1107 1687 5063 1106 1688 5064 1107 1688 5065 1108 1688 5066 1108 1689 5067 1107 1689 5068 1109 1689 5069 1108 1690 5070 1109 1690 5071 1110 1690 5072 1110 1691 5073 1109 1691 5074 1111 1691 5075 1110 1692 5076 1111 1692 5077 1112 1692 5078 1112 1693 5079 1111 1693 5080 1113 1693 5081 1112 1694 5082 1113 1694 5083 1114 1694 5084 1114 1695 5085 1113 1695 5086 1115 1695 5087 1114 1696 5088 1115 1696 5089 1116 1696 5090 1116 1697 5091 1115 1697 5092 1117 1697 5093 1116 1698 5094 1117 1698 5095 1118 1698 5096 1118 1699 5097 1117 1699 5098 1119 1699 5099 1118 1700 5100 1119 1700 5101 1120 1700 5102 1120 1701 5103 1119 1701 5104 1121 1701 5105 1120 1702 5106 1121 1702 5107 1122 1702 5108 1122 1703 5109 1121 1703 5110 1123 1703 5111 1122 1704 5112 1123 1704 5113 1124 1704 5114 1124 1705 5115 1123 1705 5116 1125 1705 5117 1124 1706 5118 1125 1706 5119 1126 1706 5120 1126 1707 5121 1125 1707 5122 1127 1707 5123 1126 1708 5124 1127 1708 5125 1128 1708 5126 1128 1709 5127 1127 1709 5128 1129 1709 5129 1128 1710 5130 1129 1710 5131 1130 1710 5132 1130 1711 5133 1129 1711 5134 1131 1711 5135 1130 1712 5136 1131 1712 5137 1132 1712 5138 1132 1713 5139 1131 1713 5140 1133 1713 5141 1132 1714 5142 1133 1714 5143 1086 1714 5144 1086 1715 5145 1133 1715 5146 1087 1715 5147 1134 1716 5148 1091 1716 5149 1135 1716 5150 1135 1717 5151 1091 1717 5152 1089 1717 5153 1135 1718 5154 1089 1718 5155 1136 1718 5156 1136 1719 5157 1089 1719 5158 1087 1719 5159 1136 1720 5160 1087 1720 5161 1137 1720 5162 1137 1721 5163 1087 1721 5164 1133 1721 5165 1137 1722 5166 1133 1722 5167 1138 1722 5168 1138 1723 5169 1133 1723 5170 1131 1723 5171 1138 1724 5172 1131 1724 5173 1139 1724 5174 1139 1725 5175 1131 1725 5176 1129 1725 5177 1139 1726 5178 1129 1726 5179 1140 1726 5180 1140 1727 5181 1129 1727 5182 1127 1727 5183 1140 1728 5184 1127 1728 5185 1141 1728 5186 1141 1729 5187 1127 1729 5188 1125 1729 5189 1141 1730 5190 1125 1730 5191 1142 1730 5192 1142 1731 5193 1125 1731 5194 1123 1731 5195 1142 1732 5196 1123 1732 5197 1143 1732 5198 1143 1733 5199 1123 1733 5200 1121 1733 5201 1143 1734 5202 1121 1734 5203 1144 1734 5204 1144 1735 5205 1121 1735 5206 1119 1735 5207 1144 1736 5208 1119 1736 5209 1145 1736 5210 1145 1737 5211 1119 1737 5212 1117 1737 5213 1145 1738 5214 1117 1738 5215 1146 1738 5216 1146 1739 5217 1117 1739 5218 1115 1739 5219 1146 1740 5220 1115 1740 5221 1147 1740 5222 1147 1741 5223 1115 1741 5224 1113 1741 5225 1147 1742 5226 1113 1742 5227 1148 1742 5228 1148 1743 5229 1113 1743 5230 1111 1743 5231 1148 1744 5232 1111 1744 5233 1149 1744 5234 1149 1745 5235 1111 1745 5236 1109 1745 5237 1149 1746 5238 1109 1746 5239 1150 1746 5240 1150 1747 5241 1109 1747 5242 1107 1747 5243 1150 1748 5244 1107 1748 5245 1151 1748 5246 1151 1749 5247 1107 1749 5248 1105 1749 5249 1151 1750 5250 1105 1750 5251 1152 1750 5252 1152 1751 5253 1105 1751 5254 1103 1751 5255 1152 1752 5256 1103 1752 5257 1153 1752 5258 1153 1753 5259 1103 1753 5260 1101 1753 5261 1153 1754 5262 1101 1754 5263 1154 1754 5264 1154 1755 5265 1101 1755 5266 1099 1755 5267 1154 1756 5268 1099 1756 5269 1155 1756 5270 1155 1757 5271 1099 1757 5272 1097 1757 5273 1155 1758 5274 1097 1758 5275 1156 1758 5276 1156 1759 5277 1097 1759 5278 1095 1759 5279 1156 1760 5280 1095 1760 5281 1157 1760 5282 1157 1761 5283 1095 1761 5284 1093 1761 5285 1157 1762 5286 1093 1762 5287 1134 1762 5288 1134 1763 5289 1093 1763 5290 1091 1763 5291 1158 1764 5292 1159 1764 5293 1160 1764 5294 1160 1765 5295 1159 1765 5296 1161 1765 5297 1160 1766 5298 1161 1766 5299 1162 1766 5300 1162 1767 5301 1161 1767 5302 1163 1767 5303 1162 1768 5304 1163 1768 5305 1164 1768 5306 1164 1769 5307 1163 1769 5308 1165 1769 5309 1164 1770 5310 1165 1770 5311 1166 1770 5312 1166 1771 5313 1165 1771 5314 1167 1771 5315 1166 1772 5316 1167 1772 5317 1168 1772 5318 1168 1773 5319 1167 1773 5320 1169 1773 5321 1168 1774 5322 1169 1774 5323 1170 1774 5324 1170 1775 5325 1169 1775 5326 1171 1775 5327 1170 1776 5328 1171 1776 5329 1172 1776 5330 1172 1777 5331 1171 1777 5332 1173 1777 5333 1172 1778 5334 1173 1778 5335 1174 1778 5336 1174 1779 5337 1173 1779 5338 1175 1779 5339 1174 1780 5340 1175 1780 5341 1176 1780 5342 1176 1781 5343 1175 1781 5344 1177 1781 5345 1176 1782 5346 1177 1782 5347 1178 1782 5348 1178 1783 5349 1177 1783 5350 1179 1783 5351 1178 1784 5352 1179 1784 5353 1180 1784 5354 1180 1785 5355 1179 1785 5356 1181 1785 5357 1180 1786 5358 1181 1786 5359 1182 1786 5360 1182 1787 5361 1181 1787 5362 1183 1787 5363 1182 1788 5364 1183 1788 5365 1184 1788 5366 1184 1789 5367 1183 1789 5368 1185 1789 5369 1184 1790 5370 1185 1790 5371 1186 1790 5372 1186 1791 5373 1185 1791 5374 1187 1791 5375 1186 1792 5376 1187 1792 5377 1188 1792 5378 1188 1793 5379 1187 1793 5380 1189 1793 5381 1188 1794 5382 1189 1794 5383 1190 1794 5384 1190 1795 5385 1189 1795 5386 1191 1795 5387 1190 1796 5388 1191 1796 5389 1192 1796 5390 1192 1797 5391 1191 1797 5392 1193 1797 5393 1192 1798 5394 1193 1798 5395 1194 1798 5396 1194 1799 5397 1193 1799 5398 1195 1799 5399 1194 1800 5400 1195 1800 5401 1196 1800 5402 1196 1801 5403 1195 1801 5404 1197 1801 5405 1196 1802 5406 1197 1802 5407 1198 1802 5408 1198 1803 5409 1197 1803 5410 1199 1803 5411 1198 1804 5412 1199 1804 5413 1200 1804 5414 1200 1805 5415 1199 1805 5416 1201 1805 5417 1200 1806 5418 1201 1806 5419 1202 1806 5420 1202 1807 5421 1201 1807 5422 1203 1807 5423 1202 1808 5424 1203 1808 5425 1204 1808 5426 1204 1809 5427 1203 1809 5428 1205 1809 5429 1204 1810 5430 1205 1810 5431 1158 1810 5432 1158 1811 5433 1205 1811 5434 1159 1811 5435 519 1812 5436 1163 1812 5437 520 1812 5438 520 1813 5439 1163 1813 5440 1161 1813 5441 520 1814 5442 1161 1814 5443 521 1814 5444 521 1815 5445 1161 1815 5446 1159 1815 5447 521 1816 5448 1159 1816 5449 522 1816 5450 522 1817 5451 1159 1817 5452 1205 1817 5453 522 1818 5454 1205 1818 5455 523 1818 5456 523 1819 5457 1205 1819 5458 1203 1819 5459 523 1820 5460 1203 1820 5461 524 1820 5462 524 1821 5463 1203 1821 5464 1201 1821 5465 524 1822 5466 1201 1822 5467 525 1822 5468 525 1823 5469 1201 1823 5470 1199 1823 5471 525 1824 5472 1199 1824 5473 526 1824 5474 526 1825 5475 1199 1825 5476 1197 1825 5477 526 1826 5478 1197 1826 5479 527 1826 5480 527 1827 5481 1197 1827 5482 1195 1827 5483 527 1828 5484 1195 1828 5485 531 1828 5486 531 1829 5487 1195 1829 5488 1193 1829 5489 531 1830 5490 1193 1830 5491 530 1830 5492 530 1831 5493 1193 1831 5494 1191 1831 5495 530 1832 5496 1191 1832 5497 529 1832 5498 529 1833 5499 1191 1833 5500 1189 1833 5501 529 1834 5502 1189 1834 5503 528 1834 5504 528 1835 5505 1189 1835 5506 1187 1835 5507 528 1836 5508 1187 1836 5509 508 1836 5510 508 1837 5511 1187 1837 5512 1185 1837 5513 508 1838 5514 1185 1838 5515 509 1838 5516 509 1839 5517 1185 1839 5518 1183 1839 5519 509 1840 5520 1183 1840 5521 510 1840 5522 510 1841 5523 1183 1841 5524 1181 1841 5525 510 1842 5526 1181 1842 5527 511 1842 5528 511 1843 5529 1181 1843 5530 1179 1843 5531 511 1844 5532 1179 1844 5533 512 1844 5534 512 1845 5535 1179 1845 5536 1177 1845 5537 512 1846 5538 1177 1846 5539 513 1846 5540 513 1847 5541 1177 1847 5542 1175 1847 5543 513 1848 5544 1175 1848 5545 514 1848 5546 514 1849 5547 1175 1849 5548 1173 1849 5549 514 1850 5550 1173 1850 5551 515 1850 5552 515 1851 5553 1173 1851 5554 1171 1851 5555 515 1852 5556 1171 1852 5557 516 1852 5558 516 1853 5559 1171 1853 5560 1169 1853 5561 516 1854 5562 1169 1854 5563 517 1854 5564 517 1855 5565 1169 1855 5566 1167 1855 5567 517 1856 5568 1167 1856 5569 518 1856 5570 518 1857 5571 1167 1857 5572 1165 1857 5573 518 1858 5574 1165 1858 5575 519 1858 5576 519 1859 5577 1165 1859 5578 1163 1859 5579 1206 1860 5580 1207 1860 5581 1208 1860 5582 1208 1861 5583 1207 1861 5584 1209 1861 5585 1208 1862 5586 1209 1862 5587 1210 1862 5588 1210 1863 5589 1209 1863 5590 1211 1863 5591 1210 1864 5592 1211 1864 5593 1212 1864 5594 1212 1865 5595 1211 1865 5596 1213 1865 5597 1212 1866 5598 1213 1866 5599 1214 1866 5600 1214 1867 5601 1213 1867 5602 1215 1867 5603 1214 1868 5604 1215 1868 5605 1216 1868 5606 1216 1869 5607 1215 1869 5608 1217 1869 5609 1216 1870 5610 1217 1870 5611 1218 1870 5612 1218 1871 5613 1217 1871 5614 1219 1871 5615 1218 1872 5616 1219 1872 5617 1220 1872 5618 1220 1873 5619 1219 1873 5620 1221 1873 5621 1220 1874 5622 1221 1874 5623 1222 1874 5624 1222 1875 5625 1221 1875 5626 1223 1875 5627 1222 1876 5628 1223 1876 5629 1224 1876 5630 1224 1877 5631 1223 1877 5632 1225 1877 5633 1224 1878 5634 1225 1878 5635 1226 1878 5636 1226 1879 5637 1225 1879 5638 1227 1879 5639 1226 1880 5640 1227 1880 5641 1228 1880 5642 1228 1881 5643 1227 1881 5644 1229 1881 5645 1228 1882 5646 1229 1882 5647 1230 1882 5648 1230 1883 5649 1229 1883 5650 1231 1883 5651 1230 1884 5652 1231 1884 5653 1232 1884 5654 1232 1885 5655 1231 1885 5656 1233 1885 5657 1232 1886 5658 1233 1886 5659 1234 1886 5660 1234 1887 5661 1233 1887 5662 1235 1887 5663 1234 1888 5664 1235 1888 5665 1236 1888 5666 1236 1889 5667 1235 1889 5668 1237 1889 5669 1236 1890 5670 1237 1890 5671 1238 1890 5672 1238 1891 5673 1237 1891 5674 1239 1891 5675 1238 1892 5676 1239 1892 5677 1240 1892 5678 1240 1893 5679 1239 1893 5680 1241 1893 5681 1240 1894 5682 1241 1894 5683 1242 1894 5684 1242 1895 5685 1241 1895 5686 1243 1895 5687 1242 1896 5688 1243 1896 5689 1244 1896 5690 1244 1897 5691 1243 1897 5692 1245 1897 5693 1244 1898 5694 1245 1898 5695 1246 1898 5696 1246 1899 5697 1245 1899 5698 1247 1899 5699 1246 1900 5700 1247 1900 5701 1248 1900 5702 1248 1901 5703 1247 1901 5704 1249 1901 5705 1248 1902 5706 1249 1902 5707 1250 1902 5708 1250 1903 5709 1249 1903 5710 1251 1903 5711 1250 1904 5712 1251 1904 5713 1252 1904 5714 1252 1905 5715 1251 1905 5716 1253 1905 5717 1252 1906 5718 1253 1906 5719 1206 1906 5720 1206 1907 5721 1253 1907 5722 1207 1907 5723 495 1908 5724 1211 1908 5725 496 1908 5726 496 1909 5727 1211 1909 5728 1209 1909 5729 496 1910 5730 1209 1910 5731 497 1910 5732 497 1911 5733 1209 1911 5734 1207 1911 5735 497 1912 5736 1207 1912 5737 498 1912 5738 498 1913 5739 1207 1913 5740 1253 1913 5741 498 1914 5742 1253 1914 5743 499 1914 5744 499 1915 5745 1253 1915 5746 1251 1915 5747 499 1916 5748 1251 1916 5749 500 1916 5750 500 1917 5751 1251 1917 5752 1249 1917 5753 500 1918 5754 1249 1918 5755 501 1918 5756 501 1919 5757 1249 1919 5758 1247 1919 5759 501 1920 5760 1247 1920 5761 502 1920 5762 502 1921 5763 1247 1921 5764 1245 1921 5765 502 1922 5766 1245 1922 5767 503 1922 5768 503 1923 5769 1245 1923 5770 1243 1923 5771 503 1924 5772 1243 1924 5773 504 1924 5774 504 1925 5775 1243 1925 5776 1241 1925 5777 504 1926 5778 1241 1926 5779 505 1926 5780 505 1927 5781 1241 1927 5782 1239 1927 5783 505 1928 5784 1239 1928 5785 506 1928 5786 506 1929 5787 1239 1929 5788 1237 1929 5789 506 1930 5790 1237 1930 5791 507 1930 5792 507 1931 5793 1237 1931 5794 1235 1931 5795 507 1932 5796 1235 1932 5797 484 1932 5798 484 1933 5799 1235 1933 5800 1233 1933 5801 484 1934 5802 1233 1934 5803 485 1934 5804 485 1935 5805 1233 1935 5806 1231 1935 5807 485 1936 5808 1231 1936 5809 486 1936 5810 486 1937 5811 1231 1937 5812 1229 1937 5813 486 1938 5814 1229 1938 5815 487 1938 5816 487 1939 5817 1229 1939 5818 1227 1939 5819 487 1940 5820 1227 1940 5821 488 1940 5822 488 1941 5823 1227 1941 5824 1225 1941 5825 488 1942 5826 1225 1942 5827 489 1942 5828 489 1943 5829 1225 1943 5830 1223 1943 5831 489 1944 5832 1223 1944 5833 490 1944 5834 490 1945 5835 1223 1945 5836 1221 1945 5837 490 1946 5838 1221 1946 5839 491 1946 5840 491 1947 5841 1221 1947 5842 1219 1947 5843 491 1948 5844 1219 1948 5845 492 1948 5846 492 1949 5847 1219 1949 5848 1217 1949 5849 492 1950 5850 1217 1950 5851 493 1950 5852 493 1951 5853 1217 1951 5854 1215 1951 5855 493 1952 5856 1215 1952 5857 494 1952 5858 494 1953 5859 1215 1953 5860 1213 1953 5861 494 1954 5862 1213 1954 5863 495 1954 5864 495 1955 5865 1213 1955 5866 1211 1955 5867 1254 1956 5868 1255 1956 5869 1256 1956 5870 1256 1957 5871 1255 1957 5872 1257 1957 5873 1256 1958 5874 1257 1958 5875 1258 1958 5876 1258 1959 5877 1257 1959 5878 1259 1959 5879 1258 1960 5880 1259 1960 5881 1260 1960 5882 1260 1961 5883 1259 1961 5884 1261 1961 5885 1260 1962 5886 1261 1962 5887 1262 1962 5888 1262 1963 5889 1261 1963 5890 1263 1963 5891 1262 1964 5892 1263 1964 5893 1264 1964 5894 1264 1965 5895 1263 1965 5896 1265 1965 5897 1264 1966 5898 1265 1966 5899 1266 1966 5900 1266 1967 5901 1265 1967 5902 1267 1967 5903 1266 1968 5904 1267 1968 5905 1268 1968 5906 1268 1969 5907 1267 1969 5908 1269 1969 5909 1268 1970 5910 1269 1970 5911 1270 1970 5912 1270 1971 5913 1269 1971 5914 1271 1971 5915 1270 1972 5916 1271 1972 5917 1272 1972 5918 1272 1973 5919 1271 1973 5920 1273 1973 5921 1272 1974 5922 1273 1974 5923 1274 1974 5924 1274 1975 5925 1273 1975 5926 1275 1975 5927 1274 1976 5928 1275 1976 5929 1276 1976 5930 1276 1977 5931 1275 1977 5932 1277 1977 5933 1276 1978 5934 1277 1978 5935 1278 1978 5936 1278 1979 5937 1277 1979 5938 1279 1979 5939 1278 1980 5940 1279 1980 5941 1280 1980 5942 1280 1981 5943 1279 1981 5944 1281 1981 5945 1280 1982 5946 1281 1982 5947 1282 1982 5948 1282 1983 5949 1281 1983 5950 1283 1983 5951 1282 1984 5952 1283 1984 5953 1284 1984 5954 1284 1985 5955 1283 1985 5956 1285 1985 5957 1284 1986 5958 1285 1986 5959 1286 1986 5960 1286 1987 5961 1285 1987 5962 1287 1987 5963 1286 1988 5964 1287 1988 5965 1288 1988 5966 1288 1989 5967 1287 1989 5968 1289 1989 5969 1288 1990 5970 1289 1990 5971 1290 1990 5972 1290 1991 5973 1289 1991 5974 1291 1991 5975 1290 1992 5976 1291 1992 5977 1292 1992 5978 1292 1993 5979 1291 1993 5980 1293 1993 5981 1292 1994 5982 1293 1994 5983 1294 1994 5984 1294 1995 5985 1293 1995 5986 1295 1995 5987 1294 1996 5988 1295 1996 5989 1296 1996 5990 1296 1997 5991 1295 1997 5992 1297 1997 5993 1296 1998 5994 1297 1998 5995 1298 1998 5996 1298 1999 5997 1297 1999 5998 1299 1999 5999 1298 2000 6000 1299 2000 6001 1300 2000 6002 1300 2001 6003 1299 2001 6004 1301 2001 6005 1300 2002 6006 1301 2002 6007 1254 2002 6008 1254 2003 6009 1301 2003 6010 1255 2003 6011 477 2004 6012 1259 2004 6013 476 2004 6014 476 2005 6015 1259 2005 6016 1257 2005 6017 476 2006 6018 1257 2006 6019 475 2006 6020 475 2007 6021 1257 2007 6022 1255 2007 6023 475 2008 6024 1255 2008 6025 474 2008 6026 474 2009 6027 1255 2009 6028 1301 2009 6029 474 2010 6030 1301 2010 6031 473 2010 6032 473 2011 6033 1301 2011 6034 1299 2011 6035 473 2012 6036 1299 2012 6037 472 2012 6038 472 2013 6039 1299 2013 6040 1297 2013 6041 472 2014 6042 1297 2014 6043 471 2014 6044 471 2015 6045 1297 2015 6046 1295 2015 6047 471 2016 6048 1295 2016 6049 470 2016 6050 470 2017 6051 1295 2017 6052 1293 2017 6053 470 2018 6054 1293 2018 6055 469 2018 6056 469 2019 6057 1293 2019 6058 1291 2019 6059 469 2020 6060 1291 2020 6061 468 2020 6062 468 2021 6063 1291 2021 6064 1289 2021 6065 468 2022 6066 1289 2022 6067 467 2022 6068 467 2023 6069 1289 2023 6070 1287 2023 6071 467 2024 6072 1287 2024 6073 466 2024 6074 466 2025 6075 1287 2025 6076 1285 2025 6077 466 2026 6078 1285 2026 6079 460 2026 6080 460 2027 6081 1285 2027 6082 1283 2027 6083 460 2028 6084 1283 2028 6085 461 2028 6086 461 2029 6087 1283 2029 6088 1281 2029 6089 461 2030 6090 1281 2030 6091 462 2030 6092 462 2031 6093 1281 2031 6094 1279 2031 6095 462 2032 6096 1279 2032 6097 463 2032 6098 463 2033 6099 1279 2033 6100 1277 2033 6101 463 2034 6102 1277 2034 6103 464 2034 6104 464 2035 6105 1277 2035 6106 1275 2035 6107 464 2036 6108 1275 2036 6109 465 2036 6110 465 2037 6111 1275 2037 6112 1273 2037 6113 465 2038 6114 1273 2038 6115 483 2038 6116 483 2039 6117 1273 2039 6118 1271 2039 6119 483 2040 6120 1271 2040 6121 482 2040 6122 482 2041 6123 1271 2041 6124 1269 2041 6125 482 2042 6126 1269 2042 6127 481 2042 6128 481 2043 6129 1269 2043 6130 1267 2043 6131 481 2044 6132 1267 2044 6133 480 2044 6134 480 2045 6135 1267 2045 6136 1265 2045 6137 480 2046 6138 1265 2046 6139 479 2046 6140 479 2047 6141 1265 2047 6142 1263 2047 6143 479 2048 6144 1263 2048 6145 478 2048 6146 478 2049 6147 1263 2049 6148 1261 2049 6149 478 2050 6150 1261 2050 6151 477 2050 6152 477 2051 6153 1261 2051 6154 1259 2051 6155 1302 2052 6156 1303 2052 6157 1304 2052 6158 1304 2053 6159 1303 2053 6160 1305 2053 6161 1304 2054 6162 1305 2054 6163 1306 2054 6164 1306 2055 6165 1305 2055 6166 1307 2055 6167 1306 2056 6168 1307 2056 6169 1308 2056 6170 1308 2057 6171 1307 2057 6172 1309 2057 6173 1308 2058 6174 1309 2058 6175 1310 2058 6176 1310 2059 6177 1309 2059 6178 1311 2059 6179 1310 2060 6180 1311 2060 6181 1312 2060 6182 1312 2061 6183 1311 2061 6184 1313 2061 6185 1312 2062 6186 1313 2062 6187 1314 2062 6188 1314 2063 6189 1313 2063 6190 1315 2063 6191 1314 2064 6192 1315 2064 6193 1316 2064 6194 1316 2065 6195 1315 2065 6196 1317 2065 6197 1316 2066 6198 1317 2066 6199 1318 2066 6200 1318 2067 6201 1317 2067 6202 1319 2067 6203 1318 2068 6204 1319 2068 6205 1320 2068 6206 1320 2069 6207 1319 2069 6208 1321 2069 6209 1320 2070 6210 1321 2070 6211 1322 2070 6212 1322 2071 6213 1321 2071 6214 1323 2071 6215 1322 2072 6216 1323 2072 6217 1324 2072 6218 1324 2073 6219 1323 2073 6220 1325 2073 6221 1324 2074 6222 1325 2074 6223 1326 2074 6224 1326 2075 6225 1325 2075 6226 1327 2075 6227 1326 2076 6228 1327 2076 6229 1328 2076 6230 1328 2077 6231 1327 2077 6232 1329 2077 6233 1328 2078 6234 1329 2078 6235 1330 2078 6236 1330 2079 6237 1329 2079 6238 1331 2079 6239 1330 2080 6240 1331 2080 6241 1332 2080 6242 1332 2081 6243 1331 2081 6244 1333 2081 6245 1332 2082 6246 1333 2082 6247 1334 2082 6248 1334 2083 6249 1333 2083 6250 1335 2083 6251 1334 2084 6252 1335 2084 6253 1336 2084 6254 1336 2085 6255 1335 2085 6256 1337 2085 6257 1336 2086 6258 1337 2086 6259 1338 2086 6260 1338 2087 6261 1337 2087 6262 1339 2087 6263 1338 2088 6264 1339 2088 6265 1340 2088 6266 1340 2089 6267 1339 2089 6268 1341 2089 6269 1340 2090 6270 1341 2090 6271 1342 2090 6272 1342 2091 6273 1341 2091 6274 1343 2091 6275 1342 2092 6276 1343 2092 6277 1344 2092 6278 1344 2093 6279 1343 2093 6280 1345 2093 6281 1344 2094 6282 1345 2094 6283 1346 2094 6284 1346 2095 6285 1345 2095 6286 1347 2095 6287 1346 2096 6288 1347 2096 6289 1348 2096 6290 1348 2097 6291 1347 2097 6292 1349 2097 6293 1348 2098 6294 1349 2098 6295 1302 2098 6296 1302 2099 6297 1349 2099 6298 1303 2099 6299 1350 2100 6300 1307 2100 6301 1351 2100 6302 1351 2101 6303 1307 2101 6304 1305 2101 6305 1351 2102 6306 1305 2102 6307 1352 2102 6308 1352 2103 6309 1305 2103 6310 1303 2103 6311 1352 2104 6312 1303 2104 6313 1353 2104 6314 1353 2105 6315 1303 2105 6316 1349 2105 6317 1353 2106 6318 1349 2106 6319 1354 2106 6320 1354 2107 6321 1349 2107 6322 1347 2107 6323 1354 2108 6324 1347 2108 6325 1355 2108 6326 1355 2109 6327 1347 2109 6328 1345 2109 6329 1355 2110 6330 1345 2110 6331 1356 2110 6332 1356 2111 6333 1345 2111 6334 1343 2111 6335 1356 2112 6336 1343 2112 6337 1357 2112 6338 1357 2113 6339 1343 2113 6340 1341 2113 6341 1357 2114 6342 1341 2114 6343 1358 2114 6344 1358 2115 6345 1341 2115 6346 1339 2115 6347 1358 2116 6348 1339 2116 6349 1359 2116 6350 1359 2117 6351 1339 2117 6352 1337 2117 6353 1359 2118 6354 1337 2118 6355 1360 2118 6356 1360 2119 6357 1337 2119 6358 1335 2119 6359 1360 2120 6360 1335 2120 6361 1361 2120 6362 1361 2121 6363 1335 2121 6364 1333 2121 6365 1361 2122 6366 1333 2122 6367 1362 2122 6368 1362 2123 6369 1333 2123 6370 1331 2123 6371 1362 2124 6372 1331 2124 6373 1363 2124 6374 1363 2125 6375 1331 2125 6376 1329 2125 6377 1363 2126 6378 1329 2126 6379 1364 2126 6380 1364 2127 6381 1329 2127 6382 1327 2127 6383 1364 2128 6384 1327 2128 6385 1365 2128 6386 1365 2129 6387 1327 2129 6388 1325 2129 6389 1365 2130 6390 1325 2130 6391 1366 2130 6392 1366 2131 6393 1325 2131 6394 1323 2131 6395 1366 2132 6396 1323 2132 6397 1367 2132 6398 1367 2133 6399 1323 2133 6400 1321 2133 6401 1367 2134 6402 1321 2134 6403 1368 2134 6404 1368 2135 6405 1321 2135 6406 1319 2135 6407 1368 2136 6408 1319 2136 6409 1369 2136 6410 1369 2137 6411 1319 2137 6412 1317 2137 6413 1369 2138 6414 1317 2138 6415 1370 2138 6416 1370 2139 6417 1317 2139 6418 1315 2139 6419 1370 2140 6420 1315 2140 6421 1371 2140 6422 1371 2141 6423 1315 2141 6424 1313 2141 6425 1371 2142 6426 1313 2142 6427 1372 2142 6428 1372 2143 6429 1313 2143 6430 1311 2143 6431 1372 2144 6432 1311 2144 6433 1373 2144 6434 1373 2145 6435 1311 2145 6436 1309 2145 6437 1373 2146 6438 1309 2146 6439 1350 2146 6440 1350 2147 6441 1309 2147 6442 1307 2147 6443 1374 2148 6444 1375 2148 6445 1376 2148 6446 1376 2149 6447 1375 2149 6448 1377 2149 6449 1376 2150 6450 1377 2150 6451 1378 2150 6452 1378 2151 6453 1377 2151 6454 1379 2151 6455 1378 2152 6456 1379 2152 6457 1380 2152 6458 1380 2153 6459 1379 2153 6460 1381 2153 6461 1380 2154 6462 1381 2154 6463 1382 2154 6464 1382 2155 6465 1381 2155 6466 1383 2155 6467 1382 2156 6468 1383 2156 6469 1384 2156 6470 1384 2157 6471 1383 2157 6472 1385 2157 6473 1384 2158 6474 1385 2158 6475 1386 2158 6476 1386 2159 6477 1385 2159 6478 1387 2159 6479 1386 2160 6480 1387 2160 6481 1388 2160 6482 1388 2161 6483 1387 2161 6484 1389 2161 6485 1388 2162 6486 1389 2162 6487 1390 2162 6488 1390 2163 6489 1389 2163 6490 1391 2163 6491 1390 2164 6492 1391 2164 6493 1392 2164 6494 1392 2165 6495 1391 2165 6496 1393 2165 6497 1392 2166 6498 1393 2166 6499 1394 2166 6500 1394 2167 6501 1393 2167 6502 1395 2167 6503 1394 2168 6504 1395 2168 6505 1396 2168 6506 1396 2169 6507 1395 2169 6508 1397 2169 6509 1396 2170 6510 1397 2170 6511 1398 2170 6512 1398 2171 6513 1397 2171 6514 1399 2171 6515 1400 2172 6516 1401 2172 6517 1402 2172 6518 1402 2173 6519 1401 2173 6520 1403 2173 6521 1402 2174 6522 1403 2174 6523 1404 2174 6524 1404 2175 6525 1403 2175 6526 1405 2175 6527 1404 2176 6528 1405 2176 6529 1406 2176 6530 1406 2177 6531 1405 2177 6532 1407 2177 6533 1406 2178 6534 1407 2178 6535 1408 2178 6536 1408 2179 6537 1407 2179 6538 1409 2179 6539 1408 2180 6540 1409 2180 6541 1410 2180 6542 1410 2181 6543 1409 2181 6544 1411 2181 6545 1410 2182 6546 1411 2182 6547 1412 2182 6548 1412 2183 6549 1411 2183 6550 1413 2183 6551 1412 2184 6552 1413 2184 6553 1414 2184 6554 1414 2185 6555 1413 2185 6556 1415 2185 6557 1414 2186 6558 1415 2186 6559 1416 2186 6560 1416 2187 6561 1415 2187 6562 1417 2187 6563 1416 2188 6564 1417 2188 6565 1418 2188 6566 1418 2189 6567 1417 2189 6568 1419 2189 6569 1418 2190 6570 1419 2190 6571 1420 2190 6572 1420 2191 6573 1419 2191 6574 1421 2191 6575 1420 2192 6576 1421 2192 6577 1422 2192 6578 1422 2193 6579 1421 2193 6580 1423 2193 6581 1422 2194 6582 1423 2194 6583 1424 2194 6584 1424 2195 6585 1423 2195 6586 1425 2195 6587 1424 2196 6588 1425 2196 6589 1426 2196 6590 1426 2197 6591 1425 2197 6592 1427 2197 6593 1426 2198 6594 1427 2198 6595 1428 2198 6596 1428 2199 6597 1427 2199 6598 1429 2199 6599 1428 2200 6600 1429 2200 6601 1430 2200 6602 1430 2201 6603 1429 2201 6604 1431 2201 6605 1430 2202 6606 1431 2202 6607 1432 2202 6608 1432 2203 6609 1431 2203 6610 1433 2203 6611 1432 2204 6612 1433 2204 6613 1434 2204 6614 1434 2205 6615 1433 2205 6616 1435 2205 6617 1434 2206 6618 1435 2206 6619 1436 2206 6620 1436 2207 6621 1435 2207 6622 1437 2207 6623 1436 2208 6624 1437 2208 6625 1438 2208 6626 1438 2209 6627 1437 2209 6628 1439 2209 6629 1438 2210 6630 1439 2210 6631 1440 2210 6632 1440 2211 6633 1439 2211 6634 1441 2211 6635 1440 2212 6636 1441 2212 6637 1442 2212 6638 1442 2213 6639 1441 2213 6640 1443 2213 6641 1442 2214 6642 1443 2214 6643 1444 2214 6644 1444 2215 6645 1443 2215 6646 1445 2215 6647 1444 2216 6648 1445 2216 6649 1446 2216 6650 1446 2217 6651 1445 2217 6652 1447 2217 6653 1446 2218 6654 1447 2218 6655 1400 2218 6656 1400 2219 6657 1447 2219 6658 1401 2219 6659 1448 2220 6660 1449 2220 6661 1450 2220 6662 1450 2221 6663 1449 2221 6664 1451 2221 6665 1450 2222 6666 1451 2222 6667 1452 2222 6668 1452 2223 6669 1451 2223 6670 1453 2223 6671 1452 2224 6672 1453 2224 6673 1454 2224 6674 1454 2225 6675 1453 2225 6676 1455 2225 6677 1454 2226 6678 1455 2226 6679 1456 2226 6680 1456 2227 6681 1455 2227 6682 1457 2227 6683 1456 2228 6684 1457 2228 6685 1458 2228 6686 1458 2229 6687 1457 2229 6688 1459 2229 6689 1458 2230 6690 1459 2230 6691 1460 2230 6692 1460 2231 6693 1459 2231 6694 1461 2231 6695 1460 2232 6696 1461 2232 6697 1462 2232 6698 1462 2233 6699 1461 2233 6700 1463 2233 6701 1462 2234 6702 1463 2234 6703 1464 2234 6704 1464 2235 6705 1463 2235 6706 1465 2235 6707 1464 2236 6708 1465 2236 6709 1466 2236 6710 1466 2237 6711 1465 2237 6712 1467 2237 6713 1466 2238 6714 1467 2238 6715 1468 2238 6716 1468 2239 6717 1467 2239 6718 1469 2239 6719 1468 2240 6720 1469 2240 6721 1470 2240 6722 1470 2241 6723 1469 2241 6724 1471 2241 6725 1470 2242 6726 1471 2242 6727 1472 2242 6728 1472 2243 6729 1471 2243 6730 1473 2243 6731 1472 2244 6732 1473 2244 6733 1474 2244 6734 1474 2245 6735 1473 2245 6736 1475 2245 6737 1474 2246 6738 1475 2246 6739 1476 2246 6740 1476 2247 6741 1475 2247 6742 1477 2247 6743 1476 2248 6744 1477 2248 6745 1478 2248 6746 1478 2249 6747 1477 2249 6748 1479 2249 6749 1478 2250 6750 1479 2250 6751 1480 2250 6752 1480 2251 6753 1479 2251 6754 1481 2251 6755 1480 2252 6756 1481 2252 6757 1482 2252 6758 1482 2253 6759 1481 2253 6760 1483 2253 6761 1482 2254 6762 1483 2254 6763 1484 2254 6764 1484 2255 6765 1483 2255 6766 1485 2255 6767 1484 2256 6768 1485 2256 6769 1486 2256 6770 1486 2257 6771 1485 2257 6772 1487 2257 6773 1486 2258 6774 1487 2258 6775 1488 2258 6776 1488 2259 6777 1487 2259 6778 1489 2259 6779 1488 2260 6780 1489 2260 6781 1490 2260 6782 1490 2261 6783 1489 2261 6784 1491 2261 6785 1490 2262 6786 1491 2262 6787 1492 2262 6788 1492 2263 6789 1491 2263 6790 1493 2263 6791 1492 2264 6792 1493 2264 6793 1494 2264 6794 1494 2265 6795 1493 2265 6796 1495 2265 6797 1494 2266 6798 1495 2266 6799 1448 2266 6800 1448 2267 6801 1495 2267 6802 1449 2267 6803 539 2268 6804 1496 2268 6805 537 2268 6806 537 2269 6807 1496 2269 6808 1497 2269 6809 537 2270 6810 1497 2270 6811 535 2270 6812 535 2271 6813 1497 2271 6814 1498 2271 6815 535 2272 6816 1498 2272 6817 581 2272 6818 581 2273 6819 1498 2273 6820 1499 2273 6821 581 2274 6822 1499 2274 6823 579 2274 6824 579 2275 6825 1499 2275 6826 1500 2275 6827 579 2276 6828 1500 2276 6829 577 2276 6830 577 2277 6831 1500 2277 6832 1501 2277 6833 577 2278 6834 1501 2278 6835 575 2278 6836 575 2279 6837 1501 2279 6838 1502 2279 6839 575 2280 6840 1502 2280 6841 573 2280 6842 573 2281 6843 1502 2281 6844 1503 2281 6845 573 2282 6846 1503 2282 6847 571 2282 6848 571 2283 6849 1503 2283 6850 1504 2283 6851 571 2284 6852 1504 2284 6853 569 2284 6854 569 2285 6855 1504 2285 6856 1505 2285 6857 569 2286 6858 1505 2286 6859 567 2286 6860 567 2287 6861 1505 2287 6862 1506 2287 6863 567 2288 6864 1506 2288 6865 565 2288 6866 565 2289 6867 1506 2289 6868 1507 2289 6869 565 2290 6870 1507 2290 6871 563 2290 6872 563 2291 6873 1507 2291 6874 1508 2291 6875 563 2292 6876 1508 2292 6877 561 2292 6878 561 2293 6879 1508 2293 6880 1509 2293 6881 561 2294 6882 1509 2294 6883 559 2294 6884 559 2295 6885 1509 2295 6886 1510 2295 6887 559 2296 6888 1510 2296 6889 557 2296 6890 557 2297 6891 1510 2297 6892 1511 2297 6893 557 2298 6894 1511 2298 6895 555 2298 6896 555 2299 6897 1511 2299 6898 1512 2299 6899 555 2300 6900 1512 2300 6901 553 2300 6902 553 2301 6903 1512 2301 6904 1513 2301 6905 553 2302 6906 1513 2302 6907 551 2302 6908 551 2303 6909 1513 2303 6910 1514 2303 6911 551 2304 6912 1514 2304 6913 549 2304 6914 549 2305 6915 1514 2305 6916 1515 2305 6917 549 2306 6918 1515 2306 6919 547 2306 6920 547 2307 6921 1515 2307 6922 1516 2307 6923 547 2308 6924 1516 2308 6925 545 2308 6926 545 2309 6927 1516 2309 6928 1517 2309 6929 545 2310 6930 1517 2310 6931 543 2310 6932 543 2311 6933 1517 2311 6934 1518 2311 6935 543 2312 6936 1518 2312 6937 541 2312 6938 541 2313 6939 1518 2313 6940 1519 2313 6941 541 2314 6942 1519 2314 6943 539 2314 6944 539 2315 6945 1519 2315 6946 1496 2315 6947 707 2316 6948 1520 2316 6949 705 2316 6950 705 2317 6951 1520 2317 6952 1521 2317 6953 705 2318 6954 1521 2318 6955 703 2318 6956 703 2319 6957 1521 2319 6958 1522 2319 6959 703 2320 6960 1522 2320 6961 749 2320 6962 749 2321 6963 1522 2321 6964 1523 2321 6965 749 2322 6966 1523 2322 6967 747 2322 6968 747 2323 6969 1523 2323 6970 1524 2323 6971 747 2324 6972 1524 2324 6973 745 2324 6974 745 2325 6975 1524 2325 6976 1525 2325 6977 745 2326 6978 1525 2326 6979 743 2326 6980 743 2327 6981 1525 2327 6982 1526 2327 6983 743 2328 6984 1526 2328 6985 741 2328 6986 741 2329 6987 1526 2329 6988 1527 2329 6989 741 2330 6990 1527 2330 6991 739 2330 6992 739 2331 6993 1527 2331 6994 1528 2331 6995 739 2332 6996 1528 2332 6997 737 2332 6998 737 2333 6999 1528 2333 7000 1529 2333 7001 737 2334 7002 1529 2334 7003 735 2334 7004 735 2335 7005 1529 2335 7006 1530 2335 7007 735 2336 7008 1530 2336 7009 733 2336 7010 733 2337 7011 1530 2337 7012 1531 2337 7013 733 2338 7014 1531 2338 7015 731 2338 7016 731 2339 7017 1531 2339 7018 1532 2339 7019 731 2340 7020 1532 2340 7021 729 2340 7022 729 2341 7023 1532 2341 7024 1533 2341 7025 729 2342 7026 1533 2342 7027 727 2342 7028 727 2343 7029 1533 2343 7030 1534 2343 7031 727 2344 7032 1534 2344 7033 725 2344 7034 725 2345 7035 1534 2345 7036 1535 2345 7037 725 2346 7038 1535 2346 7039 723 2346 7040 723 2347 7041 1535 2347 7042 1536 2347 7043 723 2348 7044 1536 2348 7045 721 2348 7046 721 2349 7047 1536 2349 7048 1537 2349 7049 721 2350 7050 1537 2350 7051 719 2350 7052 719 2351 7053 1537 2351 7054 1538 2351 7055 719 2352 7056 1538 2352 7057 717 2352 7058 717 2353 7059 1538 2353 7060 1539 2353 7061 717 2354 7062 1539 2354 7063 715 2354 7064 715 2355 7065 1539 2355 7066 1540 2355 7067 715 2356 7068 1540 2356 7069 713 2356 7070 713 2357 7071 1540 2357 7072 1541 2357 7073 713 2358 7074 1541 2358 7075 711 2358 7076 711 2359 7077 1541 2359 7078 1542 2359 7079 711 2360 7080 1542 2360 7081 709 2360 7082 709 2361 7083 1542 2361 7084 1543 2361 7085 709 2362 7086 1543 2362 7087 707 2362 7088 707 2363 7089 1543 2363 7090 1520 2363 7091 1544 2364 7092 1545 2364 7093 1546 2364 7094 1546 2365 7095 1545 2365 7096 1547 2365 7097 1546 2366 7098 1547 2366 7099 1548 2366 7100 1548 2367 7101 1547 2367 7102 1549 2367 7103 1548 2368 7104 1549 2368 7105 1550 2368 7106 1550 2369 7107 1549 2369 7108 1551 2369 7109 1550 2370 7110 1551 2370 7111 1552 2370 7112 1552 2371 7113 1551 2371 7114 1553 2371 7115 1552 2372 7116 1553 2372 7117 1554 2372 7118 1554 2373 7119 1553 2373 7120 1555 2373 7121 1554 2374 7122 1555 2374 7123 1556 2374 7124 1556 2375 7125 1555 2375 7126 1557 2375 7127 1556 2376 7128 1557 2376 7129 1558 2376 7130 1558 2377 7131 1557 2377 7132 1559 2377 7133 1558 2378 7134 1559 2378 7135 1560 2378 7136 1560 2379 7137 1559 2379 7138 1561 2379 7139 1560 2380 7140 1561 2380 7141 1562 2380 7142 1562 2381 7143 1561 2381 7144 1563 2381 7145 1562 2382 7146 1563 2382 7147 1564 2382 7148 1564 2383 7149 1563 2383 7150 1565 2383 7151 1564 2384 7152 1565 2384 7153 1566 2384 7154 1566 2385 7155 1565 2385 7156 1567 2385 7157 1566 2386 7158 1567 2386 7159 1568 2386 7160 1568 2387 7161 1567 2387 7162 1569 2387 7163 1568 2388 7164 1569 2388 7165 1570 2388 7166 1570 2389 7167 1569 2389 7168 1571 2389 7169 1570 2390 7170 1571 2390 7171 1572 2390 7172 1572 2391 7173 1571 2391 7174 1573 2391 7175 1572 2392 7176 1573 2392 7177 1574 2392 7178 1574 2393 7179 1573 2393 7180 1575 2393 7181 1574 2394 7182 1575 2394 7183 1576 2394 7184 1576 2395 7185 1575 2395 7186 1577 2395 7187 1576 2396 7188 1577 2396 7189 1578 2396 7190 1578 2397 7191 1577 2397 7192 1579 2397 7193 1578 2398 7194 1579 2398 7195 1580 2398 7196 1580 2399 7197 1579 2399 7198 1581 2399 7199 1580 2400 7200 1581 2400 7201 1582 2400 7202 1582 2401 7203 1581 2401 7204 1583 2401 7205 1582 2402 7206 1583 2402 7207 1584 2402 7208 1584 2403 7209 1583 2403 7210 1585 2403 7211 1584 2404 7212 1585 2404 7213 1586 2404 7214 1586 2405 7215 1585 2405 7216 1587 2405 7217 1586 2406 7218 1587 2406 7219 1588 2406 7220 1588 2407 7221 1587 2407 7222 1589 2407 7223 1588 2408 7224 1589 2408 7225 1590 2408 7226 1590 2409 7227 1589 2409 7228 1591 2409 7229 1590 2410 7230 1591 2410 7231 1544 2410 7232 1544 2411 7233 1591 2411 7234 1545 2411 7235 1592 2412 7236 1593 2412 7237 1594 2412 7238 1594 2413 7239 1593 2413 7240 1595 2413 7241 1594 2414 7242 1595 2414 7243 1596 2414 7244 1596 2415 7245 1595 2415 7246 1597 2415 7247 1596 2416 7248 1597 2416 7249 1598 2416 7250 1598 2417 7251 1597 2417 7252 1599 2417 7253 1598 2418 7254 1599 2418 7255 1600 2418 7256 1600 2419 7257 1599 2419 7258 1601 2419 7259 1600 2420 7260 1601 2420 7261 1602 2420 7262 1602 2421 7263 1601 2421 7264 1603 2421 7265 1602 2422 7266 1603 2422 7267 1604 2422 7268 1604 2423 7269 1603 2423 7270 1605 2423 7271 1604 2424 7272 1605 2424 7273 1606 2424 7274 1606 2425 7275 1605 2425 7276 1607 2425 7277 1606 2426 7278 1607 2426 7279 1608 2426 7280 1608 2427 7281 1607 2427 7282 1609 2427 7283 1608 2428 7284 1609 2428 7285 1610 2428 7286 1610 2429 7287 1609 2429 7288 1611 2429 7289 1610 2430 7290 1611 2430 7291 1612 2430 7292 1612 2431 7293 1611 2431 7294 1613 2431 7295 1612 2432 7296 1613 2432 7297 1614 2432 7298 1614 2433 7299 1613 2433 7300 1615 2433 7301 1614 2434 7302 1615 2434 7303 1616 2434 7304 1616 2435 7305 1615 2435 7306 1617 2435 7307 1616 2436 7308 1617 2436 7309 1618 2436 7310 1618 2437 7311 1617 2437 7312 1619 2437 7313 1618 2438 7314 1619 2438 7315 1620 2438 7316 1620 2439 7317 1619 2439 7318 1621 2439 7319 1620 2440 7320 1621 2440 7321 1622 2440 7322 1622 2441 7323 1621 2441 7324 1623 2441 7325 1622 2442 7326 1623 2442 7327 1624 2442 7328 1624 2443 7329 1623 2443 7330 1625 2443 7331 1624 2444 7332 1625 2444 7333 1626 2444 7334 1626 2445 7335 1625 2445 7336 1627 2445 7337 1626 2446 7338 1627 2446 7339 1628 2446 7340 1628 2447 7341 1627 2447 7342 1629 2447 7343 1628 2448 7344 1629 2448 7345 1630 2448 7346 1630 2449 7347 1629 2449 7348 1631 2449 7349 1630 2450 7350 1631 2450 7351 1632 2450 7352 1632 2451 7353 1631 2451 7354 1633 2451 7355 1632 2452 7356 1633 2452 7357 1634 2452 7358 1634 2453 7359 1633 2453 7360 1635 2453 7361 1634 2454 7362 1635 2454 7363 1636 2454 7364 1636 2455 7365 1635 2455 7366 1637 2455 7367 1636 2456 7368 1637 2456 7369 1638 2456 7370 1638 2457 7371 1637 2457 7372 1639 2457 7373 1638 2458 7374 1639 2458 7375 1592 2458 7376 1592 2459 7377 1639 2459 7378 1593 2459 7379 1640 2460 7380 1641 2460 7381 1642 2460 7382 1642 2461 7383 1641 2461 7384 1643 2461 7385 1642 2462 7386 1643 2462 7387 1644 2462 7388 1644 2463 7389 1643 2463 7390 1645 2463 7391 1644 2464 7392 1645 2464 7393 1646 2464 7394 1646 2465 7395 1645 2465 7396 1647 2465 7397 1646 2466 7398 1647 2466 7399 1648 2466 7400 1648 2467 7401 1647 2467 7402 1649 2467 7403 1648 2468 7404 1649 2468 7405 1650 2468 7406 1650 2469 7407 1649 2469 7408 1651 2469 7409 1650 2470 7410 1651 2470 7411 1652 2470 7412 1652 2471 7413 1651 2471 7414 1653 2471 7415 1652 2472 7416 1653 2472 7417 1654 2472 7418 1654 2473 7419 1653 2473 7420 1655 2473 7421 1654 2474 7422 1655 2474 7423 1656 2474 7424 1656 2475 7425 1655 2475 7426 1657 2475 7427 1656 2476 7428 1657 2476 7429 1658 2476 7430 1658 2477 7431 1657 2477 7432 1659 2477 7433 1658 2478 7434 1659 2478 7435 1660 2478 7436 1660 2479 7437 1659 2479 7438 1661 2479 7439 1660 2480 7440 1661 2480 7441 1662 2480 7442 1662 2481 7443 1661 2481 7444 1663 2481 7445 1662 2482 7446 1663 2482 7447 1664 2482 7448 1664 2483 7449 1663 2483 7450 1665 2483 7451 1664 2484 7452 1665 2484 7453 1666 2484 7454 1666 2485 7455 1665 2485 7456 1667 2485 7457 1666 2486 7458 1667 2486 7459 1668 2486 7460 1668 2487 7461 1667 2487 7462 1669 2487 7463 1668 2488 7464 1669 2488 7465 1670 2488 7466 1670 2489 7467 1669 2489 7468 1671 2489 7469 1670 2490 7470 1671 2490 7471 1672 2490 7472 1672 2491 7473 1671 2491 7474 1673 2491 7475 1672 2492 7476 1673 2492 7477 1674 2492 7478 1674 2493 7479 1673 2493 7480 1675 2493 7481 1674 2494 7482 1675 2494 7483 1676 2494 7484 1676 2495 7485 1675 2495 7486 1677 2495 7487 1676 2496 7488 1677 2496 7489 1678 2496 7490 1678 2497 7491 1677 2497 7492 1679 2497 7493 1678 2498 7494 1679 2498 7495 1680 2498 7496 1680 2499 7497 1679 2499 7498 1681 2499 7499 1680 2500 7500 1681 2500 7501 1682 2500 7502 1682 2501 7503 1681 2501 7504 1683 2501 7505 1682 2502 7506 1683 2502 7507 1684 2502 7508 1684 2503 7509 1683 2503 7510 1685 2503 7511 1684 2504 7512 1685 2504 7513 1686 2504 7514 1686 2505 7515 1685 2505 7516 1687 2505 7517 1686 2506 7518 1687 2506 7519 1640 2506 7520 1640 2507 7521 1687 2507 7522 1641 2507 7523 1688 2508 7524 1645 2508 7525 1689 2508 7526 1689 2509 7527 1645 2509 7528 1643 2509 7529 1689 2510 7530 1643 2510 7531 1690 2510 7532 1690 2511 7533 1643 2511 7534 1641 2511 7535 1690 2512 7536 1641 2512 7537 1691 2512 7538 1691 2513 7539 1641 2513 7540 1687 2513 7541 1691 2514 7542 1687 2514 7543 1692 2514 7544 1692 2515 7545 1687 2515 7546 1685 2515 7547 1692 2516 7548 1685 2516 7549 1693 2516 7550 1693 2517 7551 1685 2517 7552 1683 2517 7553 1693 2518 7554 1683 2518 7555 1694 2518 7556 1694 2519 7557 1683 2519 7558 1681 2519 7559 1694 2520 7560 1681 2520 7561 1695 2520 7562 1695 2521 7563 1681 2521 7564 1679 2521 7565 1695 2522 7566 1679 2522 7567 1696 2522 7568 1696 2523 7569 1679 2523 7570 1677 2523 7571 1696 2524 7572 1677 2524 7573 1697 2524 7574 1697 2525 7575 1677 2525 7576 1675 2525 7577 1697 2526 7578 1675 2526 7579 1698 2526 7580 1698 2527 7581 1675 2527 7582 1673 2527 7583 1698 2528 7584 1673 2528 7585 1699 2528 7586 1699 2529 7587 1673 2529 7588 1671 2529 7589 1699 2530 7590 1671 2530 7591 1700 2530 7592 1700 2531 7593 1671 2531 7594 1669 2531 7595 1700 2532 7596 1669 2532 7597 1701 2532 7598 1701 2533 7599 1669 2533 7600 1667 2533 7601 1701 2534 7602 1667 2534 7603 1702 2534 7604 1702 2535 7605 1667 2535 7606 1665 2535 7607 1702 2536 7608 1665 2536 7609 1703 2536 7610 1703 2537 7611 1665 2537 7612 1663 2537 7613 1703 2538 7614 1663 2538 7615 1704 2538 7616 1704 2539 7617 1663 2539 7618 1661 2539 7619 1704 2540 7620 1661 2540 7621 1705 2540 7622 1705 2541 7623 1661 2541 7624 1659 2541 7625 1705 2542 7626 1659 2542 7627 1706 2542 7628 1706 2543 7629 1659 2543 7630 1657 2543 7631 1706 2544 7632 1657 2544 7633 1707 2544 7634 1707 2545 7635 1657 2545 7636 1655 2545 7637 1707 2546 7638 1655 2546 7639 1708 2546 7640 1708 2547 7641 1655 2547 7642 1653 2547 7643 1708 2548 7644 1653 2548 7645 1709 2548 7646 1709 2549 7647 1653 2549 7648 1651 2549 7649 1709 2550 7650 1651 2550 7651 1710 2550 7652 1710 2551 7653 1651 2551 7654 1649 2551 7655 1710 2552 7656 1649 2552 7657 1711 2552 7658 1711 2553 7659 1649 2553 7660 1647 2553 7661 1711 2554 7662 1647 2554 7663 1688 2554 7664 1688 2555 7665 1647 2555 7666 1645 2555 7667 1712 2556 7668 1713 2556 7669 1714 2556 7670 1714 2557 7671 1713 2557 7672 1715 2557 7673 1714 2558 7674 1715 2558 7675 1716 2558 7676 1716 2559 7677 1715 2559 7678 1717 2559 7679 1716 2560 7680 1717 2560 7681 1718 2560 7682 1718 2561 7683 1717 2561 7684 1719 2561 7685 1718 2562 7686 1719 2562 7687 1720 2562 7688 1720 2563 7689 1719 2563 7690 1721 2563 7691 1720 2564 7692 1721 2564 7693 1722 2564 7694 1722 2565 7695 1721 2565 7696 1723 2565 7697 1722 2566 7698 1723 2566 7699 1724 2566 7700 1724 2567 7701 1723 2567 7702 1725 2567 7703 1724 2568 7704 1725 2568 7705 1726 2568 7706 1726 2569 7707 1725 2569 7708 1727 2569 7709 1726 2570 7710 1727 2570 7711 1728 2570 7712 1728 2571 7713 1727 2571 7714 1729 2571 7715 1728 2572 7716 1729 2572 7717 1730 2572 7718 1730 2573 7719 1729 2573 7720 1731 2573 7721 1730 2574 7722 1731 2574 7723 1732 2574 7724 1732 2575 7725 1731 2575 7726 1733 2575 7727 1732 2576 7728 1733 2576 7729 1734 2576 7730 1734 2577 7731 1733 2577 7732 1735 2577 7733 1734 2578 7734 1735 2578 7735 1736 2578 7736 1736 2579 7737 1735 2579 7738 1737 2579 7739 1736 2580 7740 1737 2580 7741 1738 2580 7742 1738 2581 7743 1737 2581 7744 1739 2581 7745 1738 2582 7746 1739 2582 7747 1740 2582 7748 1740 2583 7749 1739 2583 7750 1741 2583 7751 1740 2584 7752 1741 2584 7753 1742 2584 7754 1742 2585 7755 1741 2585 7756 1743 2585 7757 1742 2586 7758 1743 2586 7759 1744 2586 7760 1744 2587 7761 1743 2587 7762 1745 2587 7763 1744 2588 7764 1745 2588 7765 1746 2588 7766 1746 2589 7767 1745 2589 7768 1747 2589 7769 1746 2590 7770 1747 2590 7771 1748 2590 7772 1748 2591 7773 1747 2591 7774 1749 2591 7775 1748 2592 7776 1749 2592 7777 1750 2592 7778 1750 2593 7779 1749 2593 7780 1751 2593 7781 1750 2594 7782 1751 2594 7783 1752 2594 7784 1752 2595 7785 1751 2595 7786 1753 2595 7787 1752 2596 7788 1753 2596 7789 1754 2596 7790 1754 2597 7791 1753 2597 7792 1755 2597 7793 1754 2598 7794 1755 2598 7795 1756 2598 7796 1756 2599 7797 1755 2599 7798 1757 2599 7799 1756 2600 7800 1757 2600 7801 1758 2600 7802 1758 2601 7803 1757 2601 7804 1759 2601 7805 1758 2602 7806 1759 2602 7807 1712 2602 7808 1712 2603 7809 1759 2603 7810 1713 2603 7811 1760 2604 7812 1761 2604 7813 1762 2604 7814 1762 2605 7815 1761 2605 7816 1763 2605 7817 1762 2606 7818 1763 2606 7819 1764 2606 7820 1764 2607 7821 1763 2607 7822 1765 2607 7823 1764 2608 7824 1765 2608 7825 1766 2608 7826 1766 2609 7827 1765 2609 7828 1767 2609 7829 1766 2610 7830 1767 2610 7831 1768 2610 7832 1768 2611 7833 1767 2611 7834 1769 2611 7835 1768 2612 7836 1769 2612 7837 1770 2612 7838 1770 2613 7839 1769 2613 7840 1771 2613 7841 1770 2614 7842 1771 2614 7843 1772 2614 7844 1772 2615 7845 1771 2615 7846 1773 2615 7847 1772 2616 7848 1773 2616 7849 1774 2616 7850 1774 2617 7851 1773 2617 7852 1775 2617 7853 1774 2618 7854 1775 2618 7855 1776 2618 7856 1776 2619 7857 1775 2619 7858 1777 2619 7859 1776 2620 7860 1777 2620 7861 1778 2620 7862 1778 2621 7863 1777 2621 7864 1779 2621 7865 1778 2622 7866 1779 2622 7867 1780 2622 7868 1780 2623 7869 1779 2623 7870 1781 2623 7871 1780 2624 7872 1781 2624 7873 1782 2624 7874 1782 2625 7875 1781 2625 7876 1783 2625 7877 1782 2626 7878 1783 2626 7879 1784 2626 7880 1784 2627 7881 1783 2627 7882 1785 2627 7883 1784 2628 7884 1785 2628 7885 1786 2628 7886 1786 2629 7887 1785 2629 7888 1787 2629 7889 1786 2630 7890 1787 2630 7891 1788 2630 7892 1788 2631 7893 1787 2631 7894 1789 2631 7895 1788 2632 7896 1789 2632 7897 1790 2632 7898 1790 2633 7899 1789 2633 7900 1791 2633 7901 1790 2634 7902 1791 2634 7903 1792 2634 7904 1792 2635 7905 1791 2635 7906 1793 2635 7907 1792 2636 7908 1793 2636 7909 1794 2636 7910 1794 2637 7911 1793 2637 7912 1795 2637 7913 1794 2638 7914 1795 2638 7915 1796 2638 7916 1796 2639 7917 1795 2639 7918 1797 2639 7919 1796 2640 7920 1797 2640 7921 1798 2640 7922 1798 2641 7923 1797 2641 7924 1799 2641 7925 1798 2642 7926 1799 2642 7927 1800 2642 7928 1800 2643 7929 1799 2643 7930 1801 2643 7931 1800 2644 7932 1801 2644 7933 1802 2644 7934 1802 2645 7935 1801 2645 7936 1803 2645 7937 1802 2646 7938 1803 2646 7939 1804 2646 7940 1804 2647 7941 1803 2647 7942 1805 2647 7943 1804 2648 7944 1805 2648 7945 1806 2648 7946 1806 2649 7947 1805 2649 7948 1807 2649 7949 1806 2650 7950 1807 2650 7951 1760 2650 7952 1760 2651 7953 1807 2651 7954 1761 2651 7955 1496 2652 7956 1808 2652 7957 1497 2652 7958 1497 2653 7959 1808 2653 7960 1809 2653 7961 1497 2654 7962 1809 2654 7963 1498 2654 7964 1498 2655 7965 1809 2655 7966 1810 2655 7967 1498 2656 7968 1810 2656 7969 1499 2656 7970 1499 2657 7971 1810 2657 7972 1811 2657 7973 1499 2658 7974 1811 2658 7975 1500 2658 7976 1500 2659 7977 1811 2659 7978 1812 2659 7979 1500 2660 7980 1812 2660 7981 1501 2660 7982 1501 2661 7983 1812 2661 7984 1813 2661 7985 1501 2662 7986 1813 2662 7987 1502 2662 7988 1502 2663 7989 1813 2663 7990 1814 2663 7991 1502 2664 7992 1814 2664 7993 1503 2664 7994 1503 2665 7995 1814 2665 7996 1815 2665 7997 1503 2666 7998 1815 2666 7999 1504 2666 8000 1504 2667 8001 1815 2667 8002 1816 2667 8003 1504 2668 8004 1816 2668 8005 1505 2668 8006 1505 2669 8007 1816 2669 8008 1817 2669 8009 1505 2670 8010 1817 2670 8011 1506 2670 8012 1506 2671 8013 1817 2671 8014 1818 2671 8015 1506 2672 8016 1818 2672 8017 1507 2672 8018 1507 2673 8019 1818 2673 8020 1819 2673 8021 1507 2674 8022 1819 2674 8023 1508 2674 8024 1508 2675 8025 1819 2675 8026 1820 2675 8027 1508 2676 8028 1820 2676 8029 1509 2676 8030 1509 2677 8031 1820 2677 8032 1821 2677 8033 1509 2678 8034 1821 2678 8035 1510 2678 8036 1510 2679 8037 1821 2679 8038 1822 2679 8039 1510 2680 8040 1822 2680 8041 1511 2680 8042 1511 2681 8043 1822 2681 8044 1823 2681 8045 1511 2682 8046 1823 2682 8047 1512 2682 8048 1512 2683 8049 1823 2683 8050 1824 2683 8051 1512 2684 8052 1824 2684 8053 1513 2684 8054 1513 2685 8055 1824 2685 8056 1825 2685 8057 1513 2686 8058 1825 2686 8059 1514 2686 8060 1514 2687 8061 1825 2687 8062 1826 2687 8063 1514 2688 8064 1826 2688 8065 1515 2688 8066 1515 2689 8067 1826 2689 8068 1827 2689 8069 1515 2690 8070 1827 2690 8071 1516 2690 8072 1516 2691 8073 1827 2691 8074 1828 2691 8075 1516 2692 8076 1828 2692 8077 1517 2692 8078 1517 2693 8079 1828 2693 8080 1829 2693 8081 1517 2694 8082 1829 2694 8083 1518 2694 8084 1518 2695 8085 1829 2695 8086 1830 2695 8087 1518 2696 8088 1830 2696 8089 1519 2696 8090 1519 2697 8091 1830 2697 8092 1831 2697 8093 1519 2698 8094 1831 2698 8095 1496 2698 8096 1496 2699 8097 1831 2699 8098 1808 2699 8099 1520 2700 8100 1832 2700 8101 1521 2700 8102 1521 2701 8103 1832 2701 8104 1833 2701 8105 1521 2702 8106 1833 2702 8107 1522 2702 8108 1522 2703 8109 1833 2703 8110 1834 2703 8111 1522 2704 8112 1834 2704 8113 1523 2704 8114 1523 2705 8115 1834 2705 8116 1835 2705 8117 1523 2706 8118 1835 2706 8119 1524 2706 8120 1524 2707 8121 1835 2707 8122 1836 2707 8123 1524 2708 8124 1836 2708 8125 1525 2708 8126 1525 2709 8127 1836 2709 8128 1837 2709 8129 1525 2710 8130 1837 2710 8131 1526 2710 8132 1526 2711 8133 1837 2711 8134 1838 2711 8135 1526 2712 8136 1838 2712 8137 1527 2712 8138 1527 2713 8139 1838 2713 8140 1839 2713 8141 1527 2714 8142 1839 2714 8143 1528 2714 8144 1528 2715 8145 1839 2715 8146 1840 2715 8147 1528 2716 8148 1840 2716 8149 1529 2716 8150 1529 2717 8151 1840 2717 8152 1841 2717 8153 1529 2718 8154 1841 2718 8155 1530 2718 8156 1530 2719 8157 1841 2719 8158 1842 2719 8159 1530 2720 8160 1842 2720 8161 1531 2720 8162 1531 2721 8163 1842 2721 8164 1843 2721 8165 1531 2722 8166 1843 2722 8167 1532 2722 8168 1532 2723 8169 1843 2723 8170 1844 2723 8171 1532 2724 8172 1844 2724 8173 1533 2724 8174 1533 2725 8175 1844 2725 8176 1845 2725 8177 1533 2726 8178 1845 2726 8179 1534 2726 8180 1534 2727 8181 1845 2727 8182 1846 2727 8183 1534 2728 8184 1846 2728 8185 1535 2728 8186 1535 2729 8187 1846 2729 8188 1847 2729 8189 1535 2730 8190 1847 2730 8191 1536 2730 8192 1536 2731 8193 1847 2731 8194 1848 2731 8195 1536 2732 8196 1848 2732 8197 1537 2732 8198 1537 2733 8199 1848 2733 8200 1849 2733 8201 1537 2734 8202 1849 2734 8203 1538 2734 8204 1538 2735 8205 1849 2735 8206 1850 2735 8207 1538 2736 8208 1850 2736 8209 1539 2736 8210 1539 2737 8211 1850 2737 8212 1851 2737 8213 1539 2738 8214 1851 2738 8215 1540 2738 8216 1540 2739 8217 1851 2739 8218 1852 2739 8219 1540 2740 8220 1852 2740 8221 1541 2740 8222 1541 2741 8223 1852 2741 8224 1853 2741 8225 1541 2742 8226 1853 2742 8227 1542 2742 8228 1542 2743 8229 1853 2743 8230 1854 2743 8231 1542 2744 8232 1854 2744 8233 1543 2744 8234 1543 2745 8235 1854 2745 8236 1855 2745 8237 1543 2746 8238 1855 2746 8239 1520 2746 8240 1520 2747 8241 1855 2747 8242 1832 2747 8243 1834 2748 8244 1833 2748 8245 872 2748 8246 872 2749 8247 1833 2749 8248 1832 2749 8249 872 2750 8250 1832 2750 8251 871 2750 8252 871 2751 8253 1832 2751 8254 1855 2751 8255 871 2752 8256 1855 2752 8257 880 2752 8258 880 2753 8259 1855 2753 8260 1854 2753 8261 880 2754 8262 1854 2754 8263 881 2754 8264 881 2755 8265 1854 2755 8266 1853 2755 8267 881 2756 8268 1853 2756 8269 882 2756 8270 882 2757 8271 1853 2757 8272 1852 2757 8273 882 2758 8274 1852 2758 8275 883 2758 8276 883 2759 8277 1852 2759 8278 884 2759 8279 884 2760 8280 1852 2760 8281 1851 2760 8282 884 2761 8283 1851 2761 8284 886 2761 8285 886 2762 8286 1851 2762 8287 1850 2762 8288 886 2763 8289 1850 2763 8290 888 2763 8291 888 2764 8292 1850 2764 8293 1849 2764 8294 888 2765 8295 1849 2765 8296 890 2765 8297 890 2766 8298 1849 2766 8299 1848 2766 8300 890 2767 8301 1848 2767 8302 892 2767 8303 892 2768 8304 1848 2768 8305 1847 2768 8306 892 2769 8307 1847 2769 8308 894 2769 8309 894 2770 8310 1847 2770 8311 1846 2770 8312 894 2771 8313 1846 2771 8314 896 2771 8315 896 2772 8316 1846 2772 8317 1845 2772 8318 896 2773 8319 1845 2773 8320 1844 2773 8321 896 2774 8322 1844 2774 8323 899 2774 8324 899 2775 8325 1844 2775 8326 1843 2775 8327 899 2776 8328 1843 2776 8329 901 2776 8330 901 2777 8331 1843 2777 8332 1842 2777 8333 901 2778 8334 1842 2778 8335 903 2778 8336 903 2779 8337 1842 2779 8338 1841 2779 8339 903 2780 8340 1841 2780 8341 905 2780 8342 905 2781 8343 1841 2781 8344 1840 2781 8345 905 2782 8346 1840 2782 8347 907 2782 8348 907 2783 8349 1840 2783 8350 1839 2783 8351 907 2784 8352 1839 2784 8353 878 2784 8354 878 2785 8355 1839 2785 8356 877 2785 8357 877 2786 8358 1839 2786 8359 1838 2786 8360 877 2787 8361 1838 2787 8362 876 2787 8363 876 2788 8364 1838 2788 8365 1837 2788 8366 876 2789 8367 1837 2789 8368 875 2789 8369 875 2790 8370 1837 2790 8371 1836 2790 8372 875 2791 8373 1836 2791 8374 874 2791 8375 874 2792 8376 1836 2792 8377 1835 2792 8378 874 2793 8379 1835 2793 8380 873 2793 8381 873 2794 8382 1835 2794 8383 1834 2794 8384 873 2795 8385 1834 2795 8386 872 2795 8387 1810 2796 8388 1809 2796 8389 910 2796 8390 910 2797 8391 1809 2797 8392 1808 2797 8393 910 2798 8394 1808 2798 8395 908 2798 8396 908 2799 8397 1808 2799 8398 1831 2799 8399 908 2800 8400 1831 2800 8401 932 2800 8402 932 2801 8403 1831 2801 8404 1830 2801 8405 932 2802 8406 1830 2802 8407 934 2802 8408 934 2803 8409 1830 2803 8410 1829 2803 8411 934 2804 8412 1829 2804 8413 936 2804 8414 936 2805 8415 1829 2805 8416 1828 2805 8417 936 2806 8418 1828 2806 8419 938 2806 8420 938 2807 8421 1828 2807 8422 940 2807 8423 940 2808 8424 1828 2808 8425 1827 2808 8426 940 2809 8427 1827 2809 8428 942 2809 8429 942 2810 8430 1827 2810 8431 1826 2810 8432 942 2811 8433 1826 2811 8434 944 2811 8435 944 2812 8436 1826 2812 8437 1825 2812 8438 944 2813 8439 1825 2813 8440 946 2813 8441 946 2814 8442 1825 2814 8443 1824 2814 8444 946 2815 8445 1824 2815 8446 948 2815 8447 948 2816 8448 1824 2816 8449 1823 2816 8450 948 2817 8451 1823 2817 8452 949 2817 8453 949 2818 8454 1823 2818 8455 1822 2818 8456 949 2819 8457 1822 2819 8458 950 2819 8459 950 2820 8460 1822 2820 8461 1821 2820 8462 950 2821 8463 1821 2821 8464 1820 2821 8465 950 2822 8466 1820 2822 8467 951 2822 8468 951 2823 8469 1820 2823 8470 1819 2823 8471 951 2824 8472 1819 2824 8473 930 2824 8474 930 2825 8475 1819 2825 8476 1818 2825 8477 930 2826 8478 1818 2826 8479 928 2826 8480 928 2827 8481 1818 2827 8482 1817 2827 8483 928 2828 8484 1817 2828 8485 926 2828 8486 926 2829 8487 1817 2829 8488 1816 2829 8489 926 2830 8490 1816 2830 8491 924 2830 8492 924 2831 8493 1816 2831 8494 1815 2831 8495 924 2832 8496 1815 2832 8497 922 2832 8498 922 2833 8499 1815 2833 8500 920 2833 8501 920 2834 8502 1815 2834 8503 1814 2834 8504 920 2835 8505 1814 2835 8506 918 2835 8507 918 2836 8508 1814 2836 8509 1813 2836 8510 918 2837 8511 1813 2837 8512 916 2837 8513 916 2838 8514 1813 2838 8515 1812 2838 8516 916 2839 8517 1812 2839 8518 914 2839 8519 914 2840 8520 1812 2840 8521 1811 2840 8522 914 2841 8523 1811 2841 8524 912 2841 8525 912 2842 8526 1811 2842 8527 1810 2842 8528 912 2843 8529 1810 2843 8530 910 2843 8531 1763 2844 8532 1761 2844 8533 1765 2844 8534 1765 2845 8535 1761 2845 8536 1767 2845 8537 1767 2846 8538 1761 2846 8539 1807 2846 8540 1767 2847 8541 1807 2847 8542 1769 2847 8543 1769 2848 8544 1807 2848 8545 1805 2848 8546 1769 2849 8547 1805 2849 8548 1771 2849 8549 1771 2850 8550 1805 2850 8551 1803 2850 8552 1771 2851 8553 1803 2851 8554 1773 2851 8555 1773 2852 8556 1803 2852 8557 1801 2852 8558 1773 2853 8559 1801 2853 8560 1775 2853 8561 1775 2854 8562 1801 2854 8563 1799 2854 8564 1775 2855 8565 1799 2855 8566 1777 2855 8567 1777 2856 8568 1799 2856 8569 1797 2856 8570 1777 2857 8571 1797 2857 8572 1779 2857 8573 1779 2858 8574 1797 2858 8575 1795 2858 8576 1779 2859 8577 1795 2859 8578 1781 2859 8579 1781 2860 8580 1795 2860 8581 1793 2860 8582 1781 2861 8583 1793 2861 8584 1783 2861 8585 1783 2862 8586 1793 2862 8587 1791 2862 8588 1783 2863 8589 1791 2863 8590 1785 2863 8591 1785 2864 8592 1791 2864 8593 1789 2864 8594 1785 2865 8595 1789 2865 8596 1787 2865 8597 1713 2866 8598 1741 2866 8599 1715 2866 8600 1715 2867 8601 1741 2867 8602 1739 2867 8603 1715 2868 8604 1739 2868 8605 1717 2868 8606 1717 2869 8607 1739 2869 8608 1737 2869 8609 1717 2870 8610 1737 2870 8611 1719 2870 8612 1719 2871 8613 1737 2871 8614 1735 2871 8615 1719 2872 8616 1735 2872 8617 1721 2872 8618 1721 2873 8619 1735 2873 8620 1733 2873 8621 1721 2874 8622 1733 2874 8623 1723 2874 8624 1723 2875 8625 1733 2875 8626 1731 2875 8627 1723 2876 8628 1731 2876 8629 1725 2876 8630 1725 2877 8631 1731 2877 8632 1729 2877 8633 1725 2878 8634 1729 2878 8635 1727 2878 8636 1741 2879 8637 1713 2879 8638 1743 2879 8639 1743 2880 8640 1713 2880 8641 1759 2880 8642 1743 2881 8643 1759 2881 8644 1745 2881 8645 1745 2882 8646 1759 2882 8647 1757 2882 8648 1745 2883 8649 1757 2883 8650 1747 2883 8651 1747 2884 8652 1757 2884 8653 1755 2884 8654 1747 2885 8655 1755 2885 8656 1749 2885 8657 1749 2886 8658 1755 2886 8659 1753 2886 8660 1749 2887 8661 1753 2887 8662 1751 2887 8663 1856 2888 8664 1857 2888 8665 1858 2888 8666 1858 2889 8667 1857 2889 8668 1859 2889 8669 1860 2890 8670 1861 2890 8671 1862 2890 8672 1862 2891 8673 1861 2891 8674 1863 2891 8675 1864 2892 8676 1865 2892 8677 1866 2892 8678 1866 2893 8679 1865 2893 8680 1867 2893 8681 1868 2894 8682 1869 2894 8683 1870 2894 8684 1870 2895 8685 1869 2895 8686 1871 2895 8687 1872 2896 8688 1873 2896 8689 1874 2896 8690 1874 2897 8691 1873 2897 8692 1875 2897 8693 1875 2898 8694 1873 2898 8695 1876 2898 8696 1876 2899 8697 1873 2899 8698 1877 2899 8699 1876 2900 8700 1877 2900 8701 1878 2900 8702 1878 2901 8703 1877 2901 8704 1879 2901 8705 1878 2902 8706 1879 2902 8707 1880 2902 8708 1880 2903 8709 1879 2903 8710 1881 2903 8711 1880 2904 8712 1881 2904 8713 1882 2904 8714 1595 2905 8715 1593 2905 8716 1597 2905 8717 1597 2906 8718 1593 2906 8719 1599 2906 8720 1599 2907 8721 1593 2907 8722 1639 2907 8723 1599 2908 8724 1639 2908 8725 1601 2908 8726 1601 2909 8727 1639 2909 8728 1637 2909 8729 1601 2910 8730 1637 2910 8731 1603 2910 8732 1603 2911 8733 1637 2911 8734 1635 2911 8735 1603 2912 8736 1635 2912 8737 1605 2912 8738 1605 2913 8739 1635 2913 8740 1633 2913 8741 1605 2914 8742 1633 2914 8743 1607 2914 8744 1607 2915 8745 1633 2915 8746 1631 2915 8747 1607 2916 8748 1631 2916 8749 1609 2916 8750 1609 2917 8751 1631 2917 8752 1629 2917 8753 1609 2918 8754 1629 2918 8755 1611 2918 8756 1611 2919 8757 1629 2919 8758 1627 2919 8759 1611 2920 8760 1627 2920 8761 1613 2920 8762 1613 2921 8763 1627 2921 8764 1625 2921 8765 1613 2922 8766 1625 2922 8767 1615 2922 8768 1615 2923 8769 1625 2923 8770 1623 2923 8771 1615 2924 8772 1623 2924 8773 1617 2924 8774 1617 2925 8775 1623 2925 8776 1621 2925 8777 1617 2926 8778 1621 2926 8779 1619 2926 8780 1545 2927 8781 1573 2927 8782 1547 2927 8783 1547 2928 8784 1573 2928 8785 1571 2928 8786 1547 2929 8787 1571 2929 8788 1549 2929 8789 1549 2930 8790 1571 2930 8791 1569 2930 8792 1549 2931 8793 1569 2931 8794 1551 2931 8795 1551 2932 8796 1569 2932 8797 1567 2932 8798 1551 2933 8799 1567 2933 8800 1553 2933 8801 1553 2934 8802 1567 2934 8803 1565 2934 8804 1553 2935 8805 1565 2935 8806 1555 2935 8807 1555 2936 8808 1565 2936 8809 1563 2936 8810 1555 2937 8811 1563 2937 8812 1557 2937 8813 1557 2938 8814 1563 2938 8815 1561 2938 8816 1557 2939 8817 1561 2939 8818 1559 2939 8819 1573 2940 8820 1545 2940 8821 1575 2940 8822 1575 2941 8823 1545 2941 8824 1591 2941 8825 1575 2942 8826 1591 2942 8827 1577 2942 8828 1577 2943 8829 1591 2943 8830 1589 2943 8831 1577 2944 8832 1589 2944 8833 1579 2944 8834 1579 2945 8835 1589 2945 8836 1587 2945 8837 1579 2946 8838 1587 2946 8839 1581 2946 8840 1581 2947 8841 1587 2947 8842 1585 2947 8843 1581 2948 8844 1585 2948 8845 1583 2948 8846 1859 2949 8847 1857 2949 8848 1883 2949 8849 1883 2950 8850 1857 2950 8851 1884 2950 8852 1884 2951 8853 1857 2951 8854 1885 2951 8855 1885 2952 8856 1857 2952 8857 1856 2952 8858 1885 2953 8859 1856 2953 8860 1886 2953 8861 1886 2954 8862 1856 2954 8863 1858 2954 8864 1858 2955 8865 1859 2955 8866 1886 2955 8867 1886 2956 8868 1859 2956 8869 1883 2956 8870 1887 2957 8871 1888 2957 8872 1889 2957 8873 1889 2958 8874 1888 2958 8875 1890 2958 8876 1863 2959 8877 1861 2959 8878 1891 2959 8879 1891 2960 8880 1861 2960 8881 1892 2960 8882 1892 2961 8883 1861 2961 8884 1893 2961 8885 1893 2962 8886 1861 2962 8887 1860 2962 8888 1893 2963 8889 1860 2963 8890 1894 2963 8891 1894 2964 8892 1860 2964 8893 1862 2964 8894 1862 2965 8895 1863 2965 8896 1894 2965 8897 1894 2966 8898 1863 2966 8899 1891 2966 8900 1895 2967 8901 1896 2967 8902 1865 2967 8903 1865 2968 8904 1896 2968 8905 1867 2968 8906 1895 2969 8907 1865 2969 8908 1897 2969 8909 1897 2970 8910 1865 2970 8911 1864 2970 8912 1897 2971 8913 1864 2971 8914 1898 2971 8915 1898 2972 8916 1864 2972 8917 1866 2972 8918 1896 2973 8919 1898 2973 8920 1867 2973 8921 1867 2974 8922 1898 2974 8923 1866 2974 8924 1899 2975 8925 1900 2975 8926 1901 2975 8927 1901 2976 8928 1900 2976 8929 1902 2976 8930 1872 2977 8931 1874 2977 8932 1903 2977 8933 1903 2978 8934 1874 2978 8935 1904 2978 8936 1905 2979 8937 1906 2979 8938 1907 2979 8939 1907 2980 8940 1906 2980 8941 1908 2980 8942 1909 2981 8943 1910 2981 8944 1869 2981 8945 1869 2982 8946 1910 2982 8947 1871 2982 8948 1909 2983 8949 1869 2983 8950 1911 2983 8951 1911 2984 8952 1869 2984 8953 1868 2984 8954 1911 2985 8955 1868 2985 8956 1912 2985 8957 1912 2986 8958 1868 2986 8959 1870 2986 8960 1910 2987 8961 1912 2987 8962 1871 2987 8963 1871 2988 8964 1912 2988 8965 1870 2988 8966 1913 2989 8967 1914 2989 8968 1915 2989 8969 1915 2990 8970 1914 2990 8971 1916 2990 8972 1453 2991 8973 1451 2991 8974 1762 2991 8975 1762 2992 8976 1451 2992 8977 1449 2992 8978 1762 2993 8979 1449 2993 8980 1760 2993 8981 1760 2994 8982 1449 2994 8983 1495 2994 8984 1760 2995 8985 1495 2995 8986 1806 2995 8987 1806 2996 8988 1495 2996 8989 1493 2996 8990 1806 2997 8991 1493 2997 8992 1804 2997 8993 1804 2998 8994 1493 2998 8995 1491 2998 8996 1804 2999 8997 1491 2999 8998 1802 2999 8999 1802 3000 9000 1491 3000 9001 1489 3000 9002 1802 3001 9003 1489 3001 9004 1800 3001 9005 1800 3002 9006 1489 3002 9007 1487 3002 9008 1800 3003 9009 1487 3003 9010 1798 3003 9011 1798 3004 9012 1487 3004 9013 1796 3004 9014 1796 3005 9015 1487 3005 9016 1485 3005 9017 1796 3006 9018 1485 3006 9019 1794 3006 9020 1794 3007 9021 1485 3007 9022 1483 3007 9023 1794 3008 9024 1483 3008 9025 1792 3008 9026 1792 3009 9027 1483 3009 9028 1481 3009 9029 1792 3010 9030 1481 3010 9031 1790 3010 9032 1790 3011 9033 1481 3011 9034 1479 3011 9035 1790 3012 9036 1479 3012 9037 1788 3012 9038 1788 3013 9039 1479 3013 9040 1477 3013 9041 1788 3014 9042 1477 3014 9043 1786 3014 9044 1786 3015 9045 1477 3015 9046 1475 3015 9047 1786 3016 9048 1475 3016 9049 1473 3016 9050 1786 3017 9051 1473 3017 9052 1784 3017 9053 1784 3018 9054 1473 3018 9055 1471 3018 9056 1784 3019 9057 1471 3019 9058 1782 3019 9059 1782 3020 9060 1471 3020 9061 1469 3020 9062 1782 3021 9063 1469 3021 9064 1780 3021 9065 1780 3022 9066 1469 3022 9067 1467 3022 9068 1780 3023 9069 1467 3023 9070 1778 3023 9071 1778 3024 9072 1467 3024 9073 1465 3024 9074 1778 3025 9075 1465 3025 9076 1776 3025 9077 1776 3026 9078 1465 3026 9079 1774 3026 9080 1774 3027 9081 1465 3027 9082 1463 3027 9083 1774 3028 9084 1463 3028 9085 1772 3028 9086 1772 3029 9087 1463 3029 9088 1461 3029 9089 1772 3030 9090 1461 3030 9091 1770 3030 9092 1770 3031 9093 1461 3031 9094 1459 3031 9095 1770 3032 9096 1459 3032 9097 1768 3032 9098 1768 3033 9099 1459 3033 9100 1457 3033 9101 1768 3034 9102 1457 3034 9103 1766 3034 9104 1766 3035 9105 1457 3035 9106 1455 3035 9107 1766 3036 9108 1455 3036 9109 1764 3036 9110 1764 3037 9111 1455 3037 9112 1453 3037 9113 1764 3038 9114 1453 3038 9115 1762 3038 9116 1405 3039 9117 1403 3039 9118 1714 3039 9119 1714 3040 9120 1403 3040 9121 1401 3040 9122 1714 3041 9123 1401 3041 9124 1712 3041 9125 1712 3042 9126 1401 3042 9127 1447 3042 9128 1712 3043 9129 1447 3043 9130 1758 3043 9131 1758 3044 9132 1447 3044 9133 1445 3044 9134 1758 3045 9135 1445 3045 9136 1756 3045 9137 1756 3046 9138 1445 3046 9139 1443 3046 9140 1756 3047 9141 1443 3047 9142 1754 3047 9143 1754 3048 9144 1443 3048 9145 1441 3048 9146 1754 3049 9147 1441 3049 9148 1752 3049 9149 1752 3050 9150 1441 3050 9151 1439 3050 9152 1752 3051 9153 1439 3051 9154 1750 3051 9155 1750 3052 9156 1439 3052 9157 1748 3052 9158 1748 3053 9159 1439 3053 9160 1437 3053 9161 1748 3054 9162 1437 3054 9163 1746 3054 9164 1746 3055 9165 1437 3055 9166 1435 3055 9167 1746 3056 9168 1435 3056 9169 1744 3056 9170 1744 3057 9171 1435 3057 9172 1433 3057 9173 1744 3058 9174 1433 3058 9175 1742 3058 9176 1742 3059 9177 1433 3059 9178 1431 3059 9179 1742 3060 9180 1431 3060 9181 1740 3060 9182 1740 3061 9183 1431 3061 9184 1429 3061 9185 1740 3062 9186 1429 3062 9187 1738 3062 9188 1738 3063 9189 1429 3063 9190 1427 3063 9191 1738 3064 9192 1427 3064 9193 1425 3064 9194 1738 3065 9195 1425 3065 9196 1736 3065 9197 1736 3066 9198 1425 3066 9199 1423 3066 9200 1736 3067 9201 1423 3067 9202 1734 3067 9203 1734 3068 9204 1423 3068 9205 1421 3068 9206 1734 3069 9207 1421 3069 9208 1732 3069 9209 1732 3070 9210 1421 3070 9211 1419 3070 9212 1732 3071 9213 1419 3071 9214 1730 3071 9215 1730 3072 9216 1419 3072 9217 1417 3072 9218 1730 3073 9219 1417 3073 9220 1728 3073 9221 1728 3074 9222 1417 3074 9223 1726 3074 9224 1726 3075 9225 1417 3075 9226 1415 3075 9227 1726 3076 9228 1415 3076 9229 1724 3076 9230 1724 3077 9231 1415 3077 9232 1413 3077 9233 1724 3078 9234 1413 3078 9235 1722 3078 9236 1722 3079 9237 1413 3079 9238 1411 3079 9239 1722 3080 9240 1411 3080 9241 1720 3080 9242 1720 3081 9243 1411 3081 9244 1409 3081 9245 1720 3082 9246 1409 3082 9247 1718 3082 9248 1718 3083 9249 1409 3083 9250 1407 3083 9251 1718 3084 9252 1407 3084 9253 1716 3084 9254 1716 3085 9255 1407 3085 9256 1405 3085 9257 1716 3086 9258 1405 3086 9259 1714 3086 9260 1917 3087 9261 1918 3087 9262 1919 3087 9263 1919 3088 9264 1918 3088 9265 1920 3088 9266 1921 3089 9267 1922 3089 9268 1923 3089 9269 1923 3090 9270 1922 3090 9271 1924 3090 9272 1924 3091 9273 1922 3091 9274 1925 3091 9275 1924 3092 9276 1925 3092 9277 1926 3092 9278 1926 3093 9279 1925 3093 9280 1927 3093 9281 1926 3094 9282 1927 3094 9283 1928 3094 9284 1928 3095 9285 1927 3095 9286 1929 3095 9287 1928 3096 9288 1929 3096 9289 1930 3096 9290 1930 3097 9291 1929 3097 9292 1931 3097 9293 1930 3098 9294 1931 3098 9295 1932 3098 9296 1932 3099 9297 1931 3099 9298 1933 3099 9299 1932 3100 9300 1933 3100 9301 1934 3100 9302 1934 3101 9303 1935 3101 9304 1932 3101 9305 1932 3102 9306 1935 3102 9307 1936 3102 9308 1936 3103 9309 1935 3103 9310 1937 3103 9311 1938 3104 9312 1939 3104 9313 1940 3104 9314 1940 3105 9315 1939 3105 9316 1941 3105 9317 1941 3106 9318 1939 3106 9319 1942 3106 9320 1941 3107 9321 1942 3107 9322 1943 3107 9323 1943 3108 9324 1944 3108 9325 1941 3108 9326 1941 3109 9327 1944 3109 9328 1945 3109 9329 1945 3110 9330 1944 3110 9331 1946 3110 9332 1945 3111 9333 1946 3111 9334 1947 3111 9335 1947 3112 9336 1946 3112 9337 1948 3112 9338 1947 3113 9339 1948 3113 9340 1949 3113 9341 1949 3114 9342 1948 3114 9343 1950 3114 9344 1949 3115 9345 1950 3115 9346 1951 3115 9347 1951 3116 9348 1950 3116 9349 1952 3116 9350 1951 3117 9351 1952 3117 9352 1953 3117 9353 1954 3118 9354 1955 3118 9355 1956 3118 9356 1956 3119 9357 1955 3119 9358 1874 3119 9359 1956 3120 9360 1874 3120 9361 1957 3120 9362 1957 3121 9363 1874 3121 9364 1875 3121 9365 1957 3122 9366 1875 3122 9367 1958 3122 9368 1958 3123 9369 1875 3123 9370 1876 3123 9371 1958 3124 9372 1876 3124 9373 1959 3124 9374 1959 3125 9375 1876 3125 9376 1878 3125 9377 1959 3126 9378 1878 3126 9379 1960 3126 9380 1960 3127 9381 1878 3127 9382 1880 3127 9383 1960 3128 9384 1880 3128 9385 1961 3128 9386 1961 3129 9387 1880 3129 9388 1882 3129 9389 1961 3130 9390 1882 3130 9391 1962 3130 9392 1962 3131 9393 1882 3131 9394 1881 3131 9395 1962 3132 9396 1881 3132 9397 1963 3132 9398 1963 3133 9399 1881 3133 9400 1879 3133 9401 1963 3134 9402 1879 3134 9403 1964 3134 9404 1964 3135 9405 1879 3135 9406 1877 3135 9407 1964 3136 9408 1877 3136 9409 1965 3136 9410 1965 3137 9411 1877 3137 9412 1873 3137 9413 1965 3138 9414 1873 3138 9415 1966 3138 9416 1966 3139 9417 1873 3139 9418 1872 3139 9419 1966 3140 9420 1872 3140 9421 1967 3140 9422 1967 3141 9423 1872 3141 9424 1903 3141 9425 1955 3142 9426 1968 3142 9427 1874 3142 9428 1874 3143 9429 1968 3143 9430 1904 3143 9431 1966 3144 9432 1967 3144 9433 1952 3144 9434 1952 3145 9435 1967 3145 9436 1969 3145 9437 1952 3146 9438 1969 3146 9439 1953 3146 9440 1954 3147 9441 1956 3147 9442 1970 3147 9443 1970 3148 9444 1956 3148 9445 1971 3148 9446 1970 3149 9447 1971 3149 9448 1972 3149 9449 1972 3150 9450 1971 3150 9451 1973 3150 9452 1972 3151 9453 1973 3151 9454 1974 3151 9455 1974 3152 9456 1973 3152 9457 1975 3152 9458 1974 3153 9459 1975 3153 9460 1976 3153 9461 1976 3154 9462 1975 3154 9463 1977 3154 9464 1976 3155 9465 1977 3155 9466 1978 3155 9467 1978 3156 9468 1977 3156 9469 1979 3156 9470 1978 3157 9471 1979 3157 9472 1980 3157 9473 1980 3158 9474 1981 3158 9475 1978 3158 9476 1978 3159 9477 1981 3159 9478 1982 3159 9479 1982 3160 9480 1981 3160 9481 1983 3160 9482 1984 3161 9483 1985 3161 9484 1986 3161 9485 1986 3162 9486 1985 3162 9487 1987 3162 9488 1988 3163 9489 1989 3163 9490 1990 3163 9491 1990 3164 9492 1989 3164 9493 1991 3164 9494 1990 3165 9495 1991 3165 9496 1992 3165 9497 1993 3166 9498 1994 3166 9499 1988 3166 9500 1988 3167 9501 1994 3167 9502 1995 3167 9503 1988 3168 9504 1995 3168 9505 1996 3168 9506 1996 3169 9507 1995 3169 9508 1997 3169 9509 1997 3170 9510 1995 3170 9511 1998 3170 9512 1998 3171 9513 1995 3171 9514 1999 3171 9515 1999 3172 9516 1995 3172 9517 2000 3172 9518 2000 3173 9519 1995 3173 9520 2001 3173 9521 1993 3174 9522 2002 3174 9523 1994 3174 9524 1994 3175 9525 2002 3175 9526 2003 3175 9527 1994 3176 9528 2003 3176 9529 2004 3176 9530 2004 3177 9531 2005 3177 9532 1994 3177 9533 1996 3178 9534 1989 3178 9535 1988 3178 9536 1989 3179 9537 2006 3179 9538 1991 3179 9539 1991 3180 9540 2006 3180 9541 2007 3180 9542 1991 3181 9543 2007 3181 9544 2008 3181 9545 2008 3182 9546 2009 3182 9547 1991 3182 9548 1991 3183 9549 2009 3183 9550 2010 3183 9551 2011 3184 9552 2012 3184 9553 1992 3184 9554 1992 3185 9555 2012 3185 9556 2013 3185 9557 1992 3186 9558 2013 3186 9559 2014 3186 9560 2014 3187 9561 2015 3187 9562 1992 3187 9563 1992 3188 9564 2015 3188 9565 1990 3188 9566 2016 3189 9567 2017 3189 9568 1987 3189 9569 1987 3190 9570 2017 3190 9571 2018 3190 9572 1987 3191 9573 2018 3191 9574 1986 3191 9575 1986 3192 9576 2018 3192 9577 2019 3192 9578 2019 3193 9579 2018 3193 9580 2020 3193 9581 2020 3194 9582 2018 3194 9583 2021 3194 9584 2020 3195 9585 2021 3195 9586 2022 3195 9587 2022 3196 9588 2021 3196 9589 2023 3196 9590 2022 3197 9591 2023 3197 9592 2024 3197 9593 2024 3198 9594 2023 3198 9595 2025 3198 9596 2024 3199 9597 2025 3199 9598 2026 3199 9599 2026 3200 9600 2025 3200 9601 2027 3200 9602 2026 3201 9603 2027 3201 9604 2028 3201 9605 2028 3202 9606 2027 3202 9607 2029 3202 9608 2028 3203 9609 2029 3203 9610 2030 3203 9611 2030 3204 9612 2029 3204 9613 2031 3204 9614 2031 3205 9615 2029 3205 9616 2032 3205 9617 2032 3206 9618 2029 3206 9619 2033 3206 9620 2032 3207 9621 2033 3207 9622 2034 3207 9623 2034 3208 9624 2033 3208 9625 2035 3208 9626 2034 3209 9627 2035 3209 9628 2036 3209 9629 2036 3210 9630 2035 3210 9631 2037 3210 9632 2036 3211 9633 2037 3211 9634 2016 3211 9635 2016 3212 9636 2037 3212 9637 2017 3212 9638 2021 3213 9639 2018 3213 9640 2017 3213 9641 2021 3214 9642 2017 3214 9643 2037 3214 9644 2023 3215 9645 2021 3215 9646 2037 3215 9647 2023 3216 9648 2037 3216 9649 2035 3216 9650 2025 3217 9651 2023 3217 9652 2035 3217 9653 2025 3218 9654 2035 3218 9655 2033 3218 9656 2027 3219 9657 2025 3219 9658 2033 3219 9659 2027 3220 9660 2033 3220 9661 2029 3220 9662 2038 3221 9663 2039 3221 9664 2040 3221 9665 2040 3222 9666 2039 3222 9667 2041 3222 9668 2040 3223 9669 2041 3223 9670 2042 3223 9671 2043 3224 9672 2044 3224 9673 2038 3224 9674 2038 3225 9675 2044 3225 9676 2045 3225 9677 2038 3226 9678 2045 3226 9679 2046 3226 9680 2046 3227 9681 2045 3227 9682 2047 3227 9683 2046 3228 9684 2047 3228 9685 2048 3228 9686 2048 3229 9687 2047 3229 9688 2049 3229 9689 2048 3230 9690 2049 3230 9691 1985 3230 9692 1985 3231 9693 2049 3231 9694 2050 3231 9695 1985 3232 9696 2050 3232 9697 1987 3232 9698 1987 3233 9699 2050 3233 9700 2051 3233 9701 1987 3234 9702 2051 3234 9703 2016 3234 9704 2016 3235 9705 2051 3235 9706 2052 3235 9707 2016 3236 9708 2052 3236 9709 2036 3236 9710 2036 3237 9711 2052 3237 9712 2053 3237 9713 2036 3238 9714 2053 3238 9715 2034 3238 9716 2034 3239 9717 2053 3239 9718 2030 3239 9719 2034 3240 9720 2030 3240 9721 2032 3240 9722 2032 3241 9723 2030 3241 9724 2031 3241 9725 2053 3242 9726 2054 3242 9727 2030 3242 9728 2030 3243 9729 2054 3243 9730 2055 3243 9731 2055 3244 9732 2054 3244 9733 2056 3244 9734 2055 3245 9735 2056 3245 9736 2057 3245 9737 2046 3246 9738 2039 3246 9739 2038 3246 9740 2058 3247 9741 2059 3247 9742 2060 3247 9743 2060 3248 9744 2059 3248 9745 2061 3248 9746 2062 3249 9747 2063 3249 9748 2064 3249 9749 2064 3250 9750 2063 3250 9751 2065 3250 9752 2066 3251 9753 2067 3251 9754 2068 3251 9755 2068 3252 9756 2067 3252 9757 2069 3252 9758 2068 3253 9759 2069 3253 9760 1923 3253 9761 1923 3254 9762 2069 3254 9763 2070 3254 9764 1923 3255 9765 2070 3255 9766 2071 3255 9767 2071 3256 9768 2072 3256 9769 1923 3256 9770 1923 3257 9771 2072 3257 9772 1921 3257 9773 1921 3258 9774 2072 3258 9775 2073 3258 9776 1921 3259 9777 2073 3259 9778 2074 3259 9779 2074 3260 9780 2075 3260 9781 1921 3260 9782 1921 3261 9783 2075 3261 9784 2076 3261 9785 2077 3262 9786 2078 3262 9787 2068 3262 9788 2068 3263 9789 2078 3263 9790 2079 3263 9791 2068 3264 9792 2079 3264 9793 2080 3264 9794 2080 3265 9795 2066 3265 9796 2068 3265 9797 2075 3266 9798 2081 3266 9799 2076 3266 9800 2076 3267 9801 2081 3267 9802 2082 3267 9803 2081 3268 9804 2075 3268 9805 2083 3268 9806 2083 3269 9807 2075 3269 9808 2074 3269 9809 2083 3270 9810 2074 3270 9811 2084 3270 9812 2084 3271 9813 2074 3271 9814 2073 3271 9815 2084 3272 9816 2073 3272 9817 2085 3272 9818 2085 3273 9819 2073 3273 9820 2072 3273 9821 2085 3274 9822 2072 3274 9823 2086 3274 9824 2086 3275 9825 2072 3275 9826 2071 3275 9827 2086 3276 9828 2071 3276 9829 2087 3276 9830 2087 3277 9831 2071 3277 9832 2070 3277 9833 2087 3278 9834 2070 3278 9835 2088 3278 9836 2088 3279 9837 2070 3279 9838 2069 3279 9839 2089 3280 9840 2088 3280 9841 2067 3280 9842 2067 3281 9843 2088 3281 9844 2069 3281 9845 2090 3282 9846 2091 3282 9847 2092 3282 9848 2092 3283 9849 2091 3283 9850 2093 3283 9851 2092 3284 9852 2093 3284 9853 2077 3284 9854 2077 3285 9855 2093 3285 9856 2094 3285 9857 2077 3286 9858 2094 3286 9859 2078 3286 9860 2078 3287 9861 2094 3287 9862 2095 3287 9863 2078 3288 9864 2095 3288 9865 2079 3288 9866 2079 3289 9867 2095 3289 9868 2096 3289 9869 2079 3290 9870 2096 3290 9871 2080 3290 9872 2080 3291 9873 2096 3291 9874 2097 3291 9875 2080 3292 9876 2097 3292 9877 2066 3292 9878 2066 3293 9879 2097 3293 9880 2089 3293 9881 2066 3294 9882 2089 3294 9883 2067 3294 9884 2098 3295 9885 2099 3295 9886 2100 3295 9887 2100 3296 9888 2099 3296 9889 2101 3296 9890 2100 3297 9891 2101 3297 9892 2102 3297 9893 2102 3298 9894 2101 3298 9895 2103 3298 9896 2103 3299 9897 2101 3299 9898 2104 3299 9899 2104 3300 9900 2101 3300 9901 2105 3300 9902 2104 3301 9903 2105 3301 9904 2106 3301 9905 2106 3302 9906 2105 3302 9907 2107 3302 9908 2106 3303 9909 2107 3303 9910 2108 3303 9911 2108 3304 9912 2107 3304 9913 2109 3304 9914 2108 3305 9915 2109 3305 9916 2110 3305 9917 2110 3306 9918 2109 3306 9919 2111 3306 9920 2110 3307 9921 2111 3307 9922 1917 3307 9923 1917 3308 9924 2111 3308 9925 2112 3308 9926 1917 3309 9927 2112 3309 9928 1918 3309 9929 1918 3310 9930 2112 3310 9931 2113 3310 9932 2113 3311 9933 2112 3311 9934 2114 3311 9935 2114 3312 9936 2112 3312 9937 2115 3312 9938 2114 3313 9939 2115 3313 9940 2116 3313 9941 2116 3314 9942 2115 3314 9943 2117 3314 9944 2116 3315 9945 2117 3315 9946 2118 3315 9947 2118 3316 9948 2117 3316 9949 2119 3316 9950 2118 3317 9951 2119 3317 9952 2098 3317 9953 2098 3318 9954 2119 3318 9955 2099 3318 9956 2105 3319 9957 2101 3319 9958 2099 3319 9959 2105 3320 9960 2099 3320 9961 2119 3320 9962 2107 3321 9963 2105 3321 9964 2119 3321 9965 2107 3322 9966 2119 3322 9967 2117 3322 9968 2109 3323 9969 2107 3323 9970 2117 3323 9971 2109 3324 9972 2117 3324 9973 2115 3324 9974 2111 3325 9975 2109 3325 9976 2115 3325 9977 2111 3326 9978 2115 3326 9979 2112 3326 9980 2120 3327 9981 2116 3327 9982 2100 3327 9983 2100 3328 9984 2116 3328 9985 2118 3328 9986 2100 3329 9987 2118 3329 9988 2098 3329 9989 2121 3330 9990 2122 3330 9991 2120 3330 9992 2120 3331 9993 2122 3331 9994 2123 3331 9995 2120 3332 9996 2123 3332 9997 2114 3332 9998 2114 3333 9999 2123 3333 10000 2124 3333 10001 2114 3334 10002 2124 3334 10003 2113 3334 10004 2113 3335 10005 2124 3335 10006 2125 3335 10007 2113 3336 10008 2125 3336 10009 1918 3336 10010 1918 3337 10011 2125 3337 10012 2126 3337 10013 1918 3338 10014 2126 3338 10015 1920 3338 10016 1920 3339 10017 2126 3339 10018 2127 3339 10019 1920 3340 10020 2127 3340 10021 2128 3340 10022 2128 3341 10023 2127 3341 10024 2129 3341 10025 2128 3342 10026 2129 3342 10027 2130 3342 10028 2130 3343 10029 2129 3343 10030 2131 3343 10031 2130 3344 10032 2131 3344 10033 2132 3344 10034 2132 3345 10035 2131 3345 10036 2133 3345 10037 2132 3346 10038 2133 3346 10039 2134 3346 10040 2134 3347 10041 2133 3347 10042 2135 3347 10043 2131 3348 10044 2136 3348 10045 2133 3348 10046 2133 3349 10047 2136 3349 10048 2137 3349 10049 2137 3350 10050 2136 3350 10051 2138 3350 10052 2137 3351 10053 2138 3351 10054 2139 3351 10055 2114 3352 10056 2116 3352 10057 2120 3352 10058 2140 3353 10059 2141 3353 10060 2142 3353 10061 2142 3354 10062 2141 3354 10063 2143 3354 10064 2142 3355 10065 2143 3355 10066 2144 3355 10067 2145 3356 10068 2146 3356 10069 2140 3356 10070 2140 3357 10071 2146 3357 10072 2147 3357 10073 2140 3358 10074 2147 3358 10075 2148 3358 10076 2148 3359 10077 2141 3359 10078 2140 3359 10079 2141 3360 10080 2149 3360 10081 2143 3360 10082 2143 3361 10083 2149 3361 10084 2150 3361 10085 2150 3362 10086 2149 3362 10087 2151 3362 10088 2150 3363 10089 2151 3363 10090 2152 3363 10091 2152 3364 10092 2151 3364 10093 2153 3364 10094 2153 3365 10095 2151 3365 10096 2154 3365 10097 2153 3366 10098 2154 3366 10099 2155 3366 10100 2155 3367 10101 2154 3367 10102 2156 3367 10103 2156 3368 10104 2154 3368 10105 2157 3368 10106 2156 3369 10107 2157 3369 10108 2158 3369 10109 2158 3370 10110 2159 3370 10111 2156 3370 10112 2156 3371 10113 2159 3371 10114 2160 3371 10115 2161 3372 10116 2162 3372 10117 2155 3372 10118 2155 3373 10119 2162 3373 10120 2163 3373 10121 2155 3374 10122 2163 3374 10123 2164 3374 10124 2164 3375 10125 2153 3375 10126 2155 3375 10127 2144 3376 10128 2165 3376 10129 2142 3376 10130 2142 3377 10131 2165 3377 10132 2166 3377 10133 2142 3378 10134 2166 3378 10135 2167 3378 10136 2168 3379 10137 2169 3379 10138 2170 3379 10139 2170 3380 10140 2169 3380 10141 2171 3380 10142 2170 3381 10143 2171 3381 10144 2172 3381 10145 2168 3382 10146 2170 3382 10147 2173 3382 10148 2173 3383 10149 2170 3383 10150 2174 3383 10151 2173 3384 10152 2174 3384 10153 2175 3384 10154 2175 3385 10155 2174 3385 10156 2176 3385 10157 2175 3386 10158 2176 3386 10159 2177 3386 10160 2177 3387 10161 2176 3387 10162 2178 3387 10163 2178 3388 10164 2176 3388 10165 2179 3388 10166 2178 3389 10167 2179 3389 10168 2180 3389 10169 2180 3390 10170 2179 3390 10171 2181 3390 10172 2180 3391 10173 2181 3391 10174 2182 3391 10175 2182 3392 10176 2181 3392 10177 2183 3392 10178 2182 3393 10179 2183 3393 10180 2184 3393 10181 2184 3394 10182 2183 3394 10183 2185 3394 10184 2184 3395 10185 2185 3395 10186 2186 3395 10187 1919 3396 10188 1920 3396 10189 2187 3396 10190 2187 3397 10191 1920 3397 10192 2188 3397 10193 2187 3398 10194 2188 3398 10195 2189 3398 10196 2189 3399 10197 2188 3399 10198 2190 3399 10199 2189 3400 10200 2190 3400 10201 2191 3400 10202 2191 3401 10203 2190 3401 10204 2192 3401 10205 2191 3402 10206 2192 3402 10207 2193 3402 10208 2193 3403 10209 2192 3403 10210 2194 3403 10211 2193 3404 10212 2194 3404 10213 2195 3404 10214 2195 3405 10215 2194 3405 10216 2196 3405 10217 2195 3406 10218 2196 3406 10219 2197 3406 10220 2197 3407 10221 2196 3407 10222 2198 3407 10223 2198 3408 10224 2196 3408 10225 2199 3408 10226 2198 3409 10227 2199 3409 10228 2133 3409 10229 2133 3410 10230 2199 3410 10231 2135 3410 10232 2135 3411 10233 2199 3411 10234 2134 3411 10235 2134 3412 10236 2199 3412 10237 2200 3412 10238 2134 3413 10239 2200 3413 10240 2132 3413 10241 2132 3414 10242 2200 3414 10243 2201 3414 10244 2132 3415 10245 2201 3415 10246 2130 3415 10247 2130 3416 10248 2201 3416 10249 2202 3416 10250 2130 3417 10251 2202 3417 10252 2128 3417 10253 2128 3418 10254 2202 3418 10255 2203 3418 10256 2128 3419 10257 2203 3419 10258 1920 3419 10259 1920 3420 10260 2203 3420 10261 2188 3420 10262 2190 3421 10263 2188 3421 10264 2203 3421 10265 2190 3422 10266 2203 3422 10267 2202 3422 10268 2192 3423 10269 2190 3423 10270 2202 3423 10271 2192 3424 10272 2202 3424 10273 2201 3424 10274 2194 3425 10275 2192 3425 10276 2201 3425 10277 2194 3426 10278 2201 3426 10279 2200 3426 10280 2196 3427 10281 2194 3427 10282 2200 3427 10283 2196 3428 10284 2200 3428 10285 2199 3428 10286 1256 3429 10287 1258 3429 10288 1254 3429 10289 1254 3430 10290 1258 3430 10291 1300 3430 10292 1300 3431 10293 1258 3431 10294 1260 3431 10295 1300 3432 10296 1260 3432 10297 1298 3432 10298 1298 3433 10299 1260 3433 10300 1262 3433 10301 1298 3434 10302 1262 3434 10303 1296 3434 10304 1296 3435 10305 1262 3435 10306 1264 3435 10307 1296 3436 10308 1264 3436 10309 1294 3436 10310 1294 3437 10311 1264 3437 10312 1266 3437 10313 1294 3438 10314 1266 3438 10315 1292 3438 10316 1292 3439 10317 1266 3439 10318 1268 3439 10319 1292 3440 10320 1268 3440 10321 1290 3440 10322 1290 3441 10323 1268 3441 10324 1270 3441 10325 1290 3442 10326 1270 3442 10327 1288 3442 10328 1288 3443 10329 1270 3443 10330 1272 3443 10331 1288 3444 10332 1272 3444 10333 1286 3444 10334 1286 3445 10335 1272 3445 10336 1274 3445 10337 1286 3446 10338 1274 3446 10339 1284 3446 10340 1284 3447 10341 1274 3447 10342 1276 3447 10343 1284 3448 10344 1276 3448 10345 1282 3448 10346 1282 3449 10347 1276 3449 10348 1278 3449 10349 1282 3450 10350 1278 3450 10351 1280 3450 10352 1210 3451 10353 1230 3451 10354 1208 3451 10355 1208 3452 10356 1230 3452 10357 1232 3452 10358 1208 3453 10359 1232 3453 10360 1206 3453 10361 1206 3454 10362 1232 3454 10363 1234 3454 10364 1206 3455 10365 1234 3455 10366 1252 3455 10367 1252 3456 10368 1234 3456 10369 1236 3456 10370 1252 3457 10371 1236 3457 10372 1250 3457 10373 1250 3458 10374 1236 3458 10375 1238 3458 10376 1250 3459 10377 1238 3459 10378 1248 3459 10379 1248 3460 10380 1238 3460 10381 1240 3460 10382 1248 3461 10383 1240 3461 10384 1246 3461 10385 1246 3462 10386 1240 3462 10387 1242 3462 10388 1246 3463 10389 1242 3463 10390 1244 3463 10391 1230 3464 10392 1210 3464 10393 1228 3464 10394 1228 3465 10395 1210 3465 10396 1212 3465 10397 1228 3466 10398 1212 3466 10399 1226 3466 10400 1226 3467 10401 1212 3467 10402 1214 3467 10403 1226 3468 10404 1214 3468 10405 1224 3468 10406 1224 3469 10407 1214 3469 10408 1216 3469 10409 1224 3470 10410 1216 3470 10411 1222 3470 10412 1222 3471 10413 1216 3471 10414 1218 3471 10415 1222 3472 10416 1218 3472 10417 1220 3472 10418 1160 3473 10419 1162 3473 10420 1158 3473 10421 1158 3474 10422 1162 3474 10423 1204 3474 10424 1204 3475 10425 1162 3475 10426 1164 3475 10427 1204 3476 10428 1164 3476 10429 1202 3476 10430 1202 3477 10431 1164 3477 10432 1166 3477 10433 1202 3478 10434 1166 3478 10435 1200 3478 10436 1200 3479 10437 1166 3479 10438 1168 3479 10439 1200 3480 10440 1168 3480 10441 1198 3480 10442 1198 3481 10443 1168 3481 10444 1170 3481 10445 1198 3482 10446 1170 3482 10447 1196 3482 10448 1196 3483 10449 1170 3483 10450 1172 3483 10451 1196 3484 10452 1172 3484 10453 1194 3484 10454 1194 3485 10455 1172 3485 10456 1174 3485 10457 1194 3486 10458 1174 3486 10459 1192 3486 10460 1192 3487 10461 1174 3487 10462 1176 3487 10463 1192 3488 10464 1176 3488 10465 1190 3488 10466 1190 3489 10467 1176 3489 10468 1178 3489 10469 1190 3490 10470 1178 3490 10471 1188 3490 10472 1188 3491 10473 1178 3491 10474 1180 3491 10475 1188 3492 10476 1180 3492 10477 1186 3492 10478 1186 3493 10479 1180 3493 10480 1182 3493 10481 1186 3494 10482 1182 3494 10483 1184 3494 10484 1090 3495 10485 1110 3495 10486 1088 3495 10487 1088 3496 10488 1110 3496 10489 1112 3496 10490 1088 3497 10491 1112 3497 10492 1086 3497 10493 1086 3498 10494 1112 3498 10495 1114 3498 10496 1086 3499 10497 1114 3499 10498 1132 3499 10499 1132 3500 10500 1114 3500 10501 1116 3500 10502 1132 3501 10503 1116 3501 10504 1130 3501 10505 1130 3502 10506 1116 3502 10507 1118 3502 10508 1130 3503 10509 1118 3503 10510 1128 3503 10511 1128 3504 10512 1118 3504 10513 1120 3504 10514 1128 3505 10515 1120 3505 10516 1126 3505 10517 1126 3506 10518 1120 3506 10519 1122 3506 10520 1126 3507 10521 1122 3507 10522 1124 3507 10523 1110 3508 10524 1090 3508 10525 1108 3508 10526 1108 3509 10527 1090 3509 10528 1092 3509 10529 1108 3510 10530 1092 3510 10531 1106 3510 10532 1106 3511 10533 1092 3511 10534 1094 3511 10535 1106 3512 10536 1094 3512 10537 1104 3512 10538 1104 3513 10539 1094 3513 10540 1096 3513 10541 1104 3514 10542 1096 3514 10543 1102 3514 10544 1102 3515 10545 1096 3515 10546 1098 3515 10547 1102 3516 10548 1098 3516 10549 1100 3516 10550 2204 3517 10551 2205 3517 10552 2206 3517 10553 2206 3518 10554 2205 3518 10555 2207 3518 10556 2206 3519 10557 2207 3519 10558 2208 3519 10559 1916 3520 10560 1914 3520 10561 2204 3520 10562 2204 3521 10563 1914 3521 10564 2209 3521 10565 2204 3522 10566 2209 3522 10567 2210 3522 10568 2209 3523 10569 1914 3523 10570 2211 3523 10571 2211 3524 10572 1914 3524 10573 1982 3524 10574 2211 3525 10575 1982 3525 10576 2212 3525 10577 2212 3526 10578 1982 3526 10579 2213 3526 10580 2213 3527 10581 1982 3527 10582 2214 3527 10583 2214 3528 10584 1982 3528 10585 2215 3528 10586 2215 3529 10587 1982 3529 10588 1983 3529 10589 2215 3530 10590 1983 3530 10591 2216 3530 10592 2216 3531 10593 1983 3531 10594 2217 3531 10595 2210 3532 10596 2218 3532 10597 2204 3532 10598 2204 3533 10599 2218 3533 10600 2205 3533 10601 2208 3534 10602 2219 3534 10603 2206 3534 10604 2220 3535 10605 2221 3535 10606 2222 3535 10607 2222 3536 10608 2221 3536 10609 2223 3536 10610 2221 3537 10611 2220 3537 10612 2224 3537 10613 2224 3538 10614 2220 3538 10615 2225 3538 10616 2224 3539 10617 2225 3539 10618 2226 3539 10619 2226 3540 10620 2225 3540 10621 2227 3540 10622 2226 3541 10623 2227 3541 10624 2228 3541 10625 2228 3542 10626 2227 3542 10627 2229 3542 10628 2228 3543 10629 2229 3543 10630 2230 3543 10631 2230 3544 10632 2229 3544 10633 2231 3544 10634 2230 3545 10635 2231 3545 10636 2232 3545 10637 2232 3546 10638 2231 3546 10639 2233 3546 10640 2232 3547 10641 2233 3547 10642 2234 3547 10643 2234 3548 10644 2233 3548 10645 2235 3548 10646 2236 3549 10647 2234 3549 10648 2237 3549 10649 2237 3550 10650 2234 3550 10651 2235 3550 10652 2238 3551 10653 2239 3551 10654 2240 3551 10655 2240 3552 10656 2239 3552 10657 2241 3552 10658 2241 3553 10659 2239 3553 10660 2242 3553 10661 2241 3554 10662 2242 3554 10663 2243 3554 10664 2243 3555 10665 2242 3555 10666 2244 3555 10667 2243 3556 10668 2244 3556 10669 2245 3556 10670 2245 3557 10671 2244 3557 10672 2246 3557 10673 2245 3558 10674 2246 3558 10675 2247 3558 10676 2247 3559 10677 2246 3559 10678 2248 3559 10679 2247 3560 10680 2248 3560 10681 2249 3560 10682 2249 3561 10683 2248 3561 10684 2250 3561 10685 2249 3562 10686 2250 3562 10687 2237 3562 10688 2237 3563 10689 2250 3563 10690 2236 3563 10691 2251 3564 10692 885 3564 10693 1375 3564 10694 1375 3565 10695 885 3565 10696 887 3565 10697 1375 3566 10698 887 3566 10699 1377 3566 10700 1377 3567 10701 887 3567 10702 889 3567 10703 1377 3568 10704 889 3568 10705 891 3568 10706 2251 3569 10707 2252 3569 10708 885 3569 10709 885 3570 10710 2252 3570 10711 2253 3570 10712 1377 3571 10713 891 3571 10714 1379 3571 10715 1379 3572 10716 891 3572 10717 893 3572 10718 1379 3573 10719 893 3573 10720 1381 3573 10721 1381 3574 10722 893 3574 10723 895 3574 10724 1381 3575 10725 895 3575 10726 1383 3575 10727 1383 3576 10728 895 3576 10729 897 3576 10730 1383 3577 10731 897 3577 10732 1385 3577 10733 1385 3578 10734 897 3578 10735 1387 3578 10736 1387 3579 10737 897 3579 10738 1389 3579 10739 1389 3580 10740 897 3580 10741 1391 3580 10742 1391 3581 10743 897 3581 10744 898 3581 10745 1391 3582 10746 898 3582 10747 1393 3582 10748 1393 3583 10749 898 3583 10750 900 3583 10751 1393 3584 10752 900 3584 10753 1395 3584 10754 1395 3585 10755 900 3585 10756 902 3585 10757 1395 3586 10758 902 3586 10759 1397 3586 10760 1397 3587 10761 902 3587 10762 904 3587 10763 1397 3588 10764 904 3588 10765 906 3588 10766 1397 3589 10767 906 3589 10768 1399 3589 10769 1399 3590 10770 906 3590 10771 879 3590 10772 1399 3591 10773 879 3591 10774 2254 3591 10775 2254 3592 10776 879 3592 10777 2255 3592 10778 2255 3593 10779 879 3593 10780 2256 3593 10781 2257 3594 10782 2258 3594 10783 1883 3594 10784 1883 3595 10785 2258 3595 10786 2259 3595 10787 1883 3596 10788 2259 3596 10789 1886 3596 10790 1886 3597 10791 2259 3597 10792 2260 3597 10793 1886 3598 10794 2260 3598 10795 1885 3598 10796 1885 3599 10797 2260 3599 10798 1048 3599 10799 1885 3600 10800 1048 3600 10801 2261 3600 10802 2261 3601 10803 1048 3601 10804 2262 3601 10805 2262 3602 10806 1048 3602 10807 2263 3602 10808 2263 3603 10809 1048 3603 10810 2264 3603 10811 2260 3604 10812 1066 3604 10813 1048 3604 10814 1048 3605 10815 1066 3605 10816 1051 3605 10817 1048 3606 10818 1051 3606 10819 1050 3606 10820 1065 3607 10821 1055 3607 10822 1066 3607 10823 1066 3608 10824 1055 3608 10825 1054 3608 10826 1066 3609 10827 1054 3609 10828 1053 3609 10829 1055 3610 10830 1065 3610 10831 1056 3610 10832 1056 3611 10833 1065 3611 10834 1064 3611 10835 1056 3612 10836 1064 3612 10837 1057 3612 10838 1057 3613 10839 1064 3613 10840 1063 3613 10841 1057 3614 10842 1063 3614 10843 1058 3614 10844 1058 3615 10845 1063 3615 10846 1062 3615 10847 1058 3616 10848 1062 3616 10849 1059 3616 10850 1059 3617 10851 1062 3617 10852 1061 3617 10853 1059 3618 10854 1061 3618 10855 1060 3618 10856 1053 3619 10857 1052 3619 10858 1066 3619 10859 1066 3620 10860 1052 3620 10861 1051 3620 10862 1050 3621 10863 1049 3621 10864 1048 3621 10865 2261 3622 10866 2059 3622 10867 1885 3622 10868 1885 3623 10869 2059 3623 10870 1884 3623 10871 1884 3624 10872 2059 3624 10873 2058 3624 10874 1884 3625 10875 2058 3625 10876 2257 3625 10877 2257 3626 10878 2058 3626 10879 2265 3626 10880 2257 3627 10881 2265 3627 10882 2266 3627 10883 1884 3628 10884 2257 3628 10885 1883 3628 10886 2265 3629 10887 2058 3629 10888 2267 3629 10889 2267 3630 10890 2058 3630 10891 2060 3630 10892 1889 3631 10893 1890 3631 10894 2268 3631 10895 2268 3632 10896 1890 3632 10897 2269 3632 10898 2268 3633 10899 2269 3633 10900 2270 3633 10901 2270 3634 10902 2269 3634 10903 2271 3634 10904 2270 3635 10905 2271 3635 10906 2272 3635 10907 2272 3636 10908 2271 3636 10909 2273 3636 10910 2272 3637 10911 2273 3637 10912 2274 3637 10913 2274 3638 10914 2273 3638 10915 2275 3638 10916 2274 3639 10917 2275 3639 10918 2276 3639 10919 2276 3640 10920 2275 3640 10921 2277 3640 10922 2276 3641 10923 2277 3641 10924 2278 3641 10925 2278 3642 10926 2277 3642 10927 2279 3642 10928 2280 3643 10929 2281 3643 10930 2282 3643 10931 2282 3644 10932 2281 3644 10933 2279 3644 10934 2282 3645 10935 2279 3645 10936 2283 3645 10937 2283 3646 10938 2279 3646 10939 2277 3646 10940 2283 3647 10941 2277 3647 10942 2284 3647 10943 2284 3648 10944 2277 3648 10945 2275 3648 10946 2284 3649 10947 2275 3649 10948 2285 3649 10949 2285 3650 10950 2275 3650 10951 1888 3650 10952 2285 3651 10953 1888 3651 10954 2286 3651 10955 2286 3652 10956 1888 3652 10957 2287 3652 10958 2275 3653 10959 2273 3653 10960 1888 3653 10961 1888 3654 10962 2273 3654 10963 1890 3654 10964 1890 3655 10965 2273 3655 10966 2271 3655 10967 1890 3656 10968 2271 3656 10969 2269 3656 10970 2288 3657 10971 2282 3657 10972 2289 3657 10973 2289 3658 10974 2282 3658 10975 2283 3658 10976 2289 3659 10977 2283 3659 10978 2290 3659 10979 2290 3660 10980 2283 3660 10981 2284 3660 10982 2290 3661 10983 2284 3661 10984 2291 3661 10985 2291 3662 10986 2284 3662 10987 2285 3662 10988 2291 3663 10989 2285 3663 10990 2292 3663 10991 2292 3664 10992 2285 3664 10993 2286 3664 10994 2292 3665 10995 2286 3665 10996 2293 3665 10997 2293 3666 10998 2286 3666 10999 2287 3666 11000 2293 3667 11001 2287 3667 11002 1887 3667 11003 1887 3668 11004 2287 3668 11005 1888 3668 11006 2294 3669 11007 2295 3669 11008 2296 3669 11009 2296 3670 11010 2295 3670 11011 2063 3670 11012 2296 3671 11013 2063 3671 11014 2062 3671 11015 2288 3672 11016 2289 3672 11017 2296 3672 11018 2296 3673 11019 2289 3673 11020 2290 3673 11021 2296 3674 11022 2290 3674 11023 2291 3674 11024 2291 3675 11025 2292 3675 11026 2296 3675 11027 2296 3676 11028 2292 3676 11029 2293 3676 11030 2296 3677 11031 2293 3677 11032 1887 3677 11033 1889 3678 11034 2297 3678 11035 1887 3678 11036 1887 3679 11037 2297 3679 11038 2298 3679 11039 1887 3680 11040 2298 3680 11041 1340 3680 11042 1340 3681 11043 2298 3681 11044 1338 3681 11045 1338 3682 11046 2298 3682 11047 2299 3682 11048 1338 3683 11049 2299 3683 11050 2300 3683 11051 2297 3684 11052 1889 3684 11053 2267 3684 11054 2267 3685 11055 1889 3685 11056 2268 3685 11057 2267 3686 11058 2268 3686 11059 2270 3686 11060 2270 3687 11061 2272 3687 11062 2267 3687 11063 2267 3688 11064 2272 3688 11065 2274 3688 11066 2267 3689 11067 2274 3689 11068 2276 3689 11069 2276 3690 11070 2278 3690 11071 2267 3690 11072 2060 3691 11073 2061 3691 11074 2267 3691 11075 2267 3692 11076 2061 3692 11077 2297 3692 11078 2301 3693 11079 1334 3693 11080 2300 3693 11081 2300 3694 11082 1334 3694 11083 1336 3694 11084 2300 3695 11085 1336 3695 11086 1338 3695 11087 2302 3696 11088 1328 3696 11089 2301 3696 11090 2301 3697 11091 1328 3697 11092 1330 3697 11093 2301 3698 11094 1330 3698 11095 1332 3698 11096 2303 3699 11097 1324 3699 11098 2302 3699 11099 2302 3700 11100 1324 3700 11101 1326 3700 11102 2302 3701 11103 1326 3701 11104 1328 3701 11105 2304 3702 11106 1318 3702 11107 2303 3702 11108 2303 3703 11109 1318 3703 11110 1320 3703 11111 2303 3704 11112 1320 3704 11113 1322 3704 11114 2305 3705 11115 2306 3705 11116 2304 3705 11117 2304 3706 11118 2306 3706 11119 2307 3706 11120 2304 3707 11121 2307 3707 11122 1316 3707 11123 1316 3708 11124 2307 3708 11125 1314 3708 11126 1314 3709 11127 2307 3709 11128 2308 3709 11129 1314 3710 11130 2308 3710 11131 1312 3710 11132 1312 3711 11133 2308 3711 11134 1310 3711 11135 1310 3712 11136 2308 3712 11137 1308 3712 11138 1308 3713 11139 2308 3713 11140 2309 3713 11141 1308 3714 11142 2309 3714 11143 1306 3714 11144 1306 3715 11145 2309 3715 11146 1304 3715 11147 1304 3716 11148 2309 3716 11149 2310 3716 11150 1304 3717 11151 2310 3717 11152 1302 3717 11153 1302 3718 11154 2310 3718 11155 1348 3718 11156 1348 3719 11157 2310 3719 11158 1346 3719 11159 1346 3720 11160 2310 3720 11161 2311 3720 11162 1346 3721 11163 2311 3721 11164 1344 3721 11165 1344 3722 11166 2311 3722 11167 1342 3722 11168 1342 3723 11169 2311 3723 11170 2312 3723 11171 1342 3724 11172 2312 3724 11173 2294 3724 11174 2306 3725 11175 2305 3725 11176 2313 3725 11177 2313 3726 11178 2305 3726 11179 2314 3726 11180 2313 3727 11181 2314 3727 11182 2315 3727 11183 2315 3728 11184 2314 3728 11185 2316 3728 11186 2315 3729 11187 2316 3729 11188 2317 3729 11189 2317 3730 11190 2316 3730 11191 2318 3730 11192 1316 3731 11193 1318 3731 11194 2304 3731 11195 1322 3732 11196 1324 3732 11197 2303 3732 11198 1332 3733 11199 1334 3733 11200 2301 3733 11201 1887 3734 11202 1340 3734 11203 2294 3734 11204 2294 3735 11205 1340 3735 11206 1342 3735 11207 1887 3736 11208 2294 3736 11209 2296 3736 11210 2064 3737 11211 2319 3737 11212 2062 3737 11213 2062 3738 11214 2319 3738 11215 2296 3738 11216 2320 3739 11217 1891 3739 11218 2321 3739 11219 2321 3740 11220 1891 3740 11221 1892 3740 11222 2321 3741 11223 1892 3741 11224 2322 3741 11225 2322 3742 11226 1892 3742 11227 2323 3742 11228 2323 3743 11229 1892 3743 11230 2065 3743 11231 2065 3744 11232 1892 3744 11233 1893 3744 11234 2065 3745 11235 1893 3745 11236 2064 3745 11237 2064 3746 11238 1893 3746 11239 2324 3746 11240 2064 3747 11241 2324 3747 11242 2325 3747 11243 2320 3748 11244 2326 3748 11245 1891 3748 11246 1891 3749 11247 2326 3749 11248 1894 3749 11249 1894 3750 11250 2326 3750 11251 2324 3750 11252 1894 3751 11253 2324 3751 11254 1893 3751 11255 2325 3752 11256 2319 3752 11257 2064 3752 11258 2327 3753 11259 2328 3753 11260 2322 3753 11261 2322 3754 11262 2328 3754 11263 2329 3754 11264 2322 3755 11265 2329 3755 11266 2330 3755 11267 2330 3756 11268 2329 3756 11269 2331 3756 11270 2330 3757 11271 2331 3757 11272 2332 3757 11273 2332 3758 11274 2333 3758 11275 2330 3758 11276 2330 3759 11277 2333 3759 11278 2334 3759 11279 2334 3760 11280 2333 3760 11281 2335 3760 11282 2334 3761 11283 2335 3761 11284 2336 3761 11285 2336 3762 11286 2335 3762 11287 2337 3762 11288 2336 3763 11289 2337 3763 11290 2338 3763 11291 2338 3764 11292 2337 3764 11293 2339 3764 11294 2338 3765 11295 2339 3765 11296 2340 3765 11297 2340 3766 11298 2339 3766 11299 2341 3766 11300 2340 3767 11301 2341 3767 11302 2342 3767 11303 2342 3768 11304 2341 3768 11305 2343 3768 11306 2342 3769 11307 2343 3769 11308 2344 3769 11309 2330 3770 11310 2321 3770 11311 2322 3770 11312 1900 3771 11313 1936 3771 11314 1902 3771 11315 1902 3772 11316 1936 3772 11317 2345 3772 11318 1902 3773 11319 2345 3773 11320 2346 3773 11321 1900 3774 11322 2347 3774 11323 1936 3774 11324 1936 3775 11325 2347 3775 11326 2348 3775 11327 1937 3776 11328 2349 3776 11329 1936 3776 11330 1936 3777 11331 2349 3777 11332 2350 3777 11333 1936 3778 11334 2350 3778 11335 2351 3778 11336 2352 3779 11337 2353 3779 11338 1937 3779 11339 1937 3780 11340 2353 3780 11341 2349 3780 11342 2351 3781 11343 2354 3781 11344 1936 3781 11345 1936 3782 11346 2354 3782 11347 2345 3782 11348 2346 3783 11349 2355 3783 11350 1902 3783 11351 1902 3784 11352 2355 3784 11353 1940 3784 11354 1940 3785 11355 2355 3785 11356 2356 3785 11357 1940 3786 11358 2356 3786 11359 2357 3786 11360 2357 3787 11361 2358 3787 11362 1940 3787 11363 1940 3788 11364 2358 3788 11365 1938 3788 11366 1938 3789 11367 2358 3789 11368 2359 3789 11369 1938 3790 11370 2359 3790 11371 2360 3790 11372 2361 3791 11373 2362 3791 11374 2363 3791 11375 2363 3792 11376 2362 3792 11377 2364 3792 11378 2363 3793 11379 2364 3793 11380 2365 3793 11381 2366 3794 11382 945 3794 11383 2365 3794 11384 2365 3795 11385 945 3795 11386 947 3795 11387 2365 3796 11388 947 3796 11389 2363 3796 11390 2366 3797 11391 2367 3797 11392 945 3797 11393 945 3798 11394 2367 3798 11395 943 3798 11396 943 3799 11397 2367 3799 11398 2368 3799 11399 943 3800 11400 2368 3800 11401 941 3800 11402 941 3801 11403 2368 3801 11404 2369 3801 11405 941 3802 11406 2369 3802 11407 2370 3802 11408 2371 3803 11409 937 3803 11410 2370 3803 11411 2370 3804 11412 937 3804 11413 939 3804 11414 2370 3805 11415 939 3805 11416 941 3805 11417 2372 3806 11418 933 3806 11419 2371 3806 11420 2371 3807 11421 933 3807 11422 935 3807 11423 2371 3808 11424 935 3808 11425 937 3808 11426 2373 3809 11427 909 3809 11428 2372 3809 11429 2372 3810 11430 909 3810 11431 931 3810 11432 2372 3811 11433 931 3811 11434 933 3811 11435 909 3812 11436 2373 3812 11437 2374 3812 11438 2374 3813 11439 2373 3813 11440 2375 3813 11441 2374 3814 11442 2375 3814 11443 2376 3814 11444 2376 3815 11445 2375 3815 11446 2377 3815 11447 2376 3816 11448 2377 3816 11449 2378 3816 11450 2378 3817 11451 2377 3817 11452 2379 3817 11453 909 3818 11454 2374 3818 11455 911 3818 11456 911 3819 11457 2374 3819 11458 2380 3819 11459 911 3820 11460 2380 3820 11461 913 3820 11462 913 3821 11463 2380 3821 11464 915 3821 11465 915 3822 11466 2380 3822 11467 2381 3822 11468 915 3823 11469 2381 3823 11470 917 3823 11471 917 3824 11472 2381 3824 11473 919 3824 11474 919 3825 11475 2381 3825 11476 2382 3825 11477 919 3826 11478 2382 3826 11479 921 3826 11480 921 3827 11481 2382 3827 11482 923 3827 11483 923 3828 11484 2382 3828 11485 2383 3828 11486 923 3829 11487 2383 3829 11488 2384 3829 11489 923 3830 11490 2384 3830 11491 925 3830 11492 925 3831 11493 2384 3831 11494 2385 3831 11495 925 3832 11496 2385 3832 11497 927 3832 11498 927 3833 11499 2385 3833 11500 2386 3833 11501 927 3834 11502 2386 3834 11503 2387 3834 11504 927 3835 11505 2387 3835 11506 929 3835 11507 929 3836 11508 2387 3836 11509 2068 3836 11510 929 3837 11511 2068 3837 11512 2348 3837 11513 2348 3838 11514 2068 3838 11515 1923 3838 11516 2348 3839 11517 1923 3839 11518 1924 3839 11519 1924 3840 11520 1926 3840 11521 2348 3840 11522 2348 3841 11523 1926 3841 11524 1928 3841 11525 2348 3842 11526 1928 3842 11527 1930 3842 11528 1930 3843 11529 1932 3843 11530 2348 3843 11531 2348 3844 11532 1932 3844 11533 1936 3844 11534 2388 3845 11535 2389 3845 11536 2363 3845 11537 2363 3846 11538 2389 3846 11539 2390 3846 11540 2363 3847 11541 2390 3847 11542 2391 3847 11543 2391 3848 11544 2392 3848 11545 2363 3848 11546 2363 3849 11547 2392 3849 11548 2361 3849 11549 1907 3850 11550 1908 3850 11551 2393 3850 11552 2393 3851 11553 1908 3851 11554 2394 3851 11555 2393 3852 11556 2394 3852 11557 2395 3852 11558 2395 3853 11559 2394 3853 11560 2396 3853 11561 2395 3854 11562 2396 3854 11563 2397 3854 11564 2397 3855 11565 2396 3855 11566 2398 3855 11567 2397 3856 11568 2398 3856 11569 2399 3856 11570 2399 3857 11571 2398 3857 11572 2400 3857 11573 2399 3858 11574 2400 3858 11575 2401 3858 11576 2401 3859 11577 2400 3859 11578 2402 3859 11579 2401 3860 11580 2402 3860 11581 2403 3860 11582 2403 3861 11583 2402 3861 11584 2404 3861 11585 1899 3862 11586 1901 3862 11587 2405 3862 11588 2405 3863 11589 1901 3863 11590 2406 3863 11591 2407 3864 11592 2408 3864 11593 2405 3864 11594 2405 3865 11595 2408 3865 11596 1899 3865 11597 1899 3866 11598 2408 3866 11599 1895 3866 11600 1899 3867 11601 1895 3867 11602 1900 3867 11603 1900 3868 11604 1895 3868 11605 1897 3868 11606 1900 3869 11607 1897 3869 11608 2347 3869 11609 2347 3870 11610 1897 3870 11611 2409 3870 11612 2409 3871 11613 1897 3871 11614 2410 3871 11615 2409 3872 11616 2410 3872 11617 2411 3872 11618 1895 3873 11619 2408 3873 11620 1896 3873 11621 1896 3874 11622 2408 3874 11623 2412 3874 11624 1896 3875 11625 2412 3875 11626 2413 3875 11627 1896 3876 11628 2413 3876 11629 1898 3876 11630 1898 3877 11631 2413 3877 11632 2410 3877 11633 1898 3878 11634 2410 3878 11635 1897 3878 11636 2414 3879 11637 2415 3879 11638 2411 3879 11639 2411 3880 11640 2415 3880 11641 2416 3880 11642 2411 3881 11643 2416 3881 11644 2417 3881 11645 2415 3882 11646 2414 3882 11647 2418 3882 11648 2418 3883 11649 2414 3883 11650 2419 3883 11651 2418 3884 11652 2419 3884 11653 2420 3884 11654 2420 3885 11655 2419 3885 11656 2421 3885 11657 2420 3886 11658 2421 3886 11659 2422 3886 11660 2422 3887 11661 2421 3887 11662 2423 3887 11663 2422 3888 11664 2423 3888 11665 2424 3888 11666 2424 3889 11667 2423 3889 11668 2425 3889 11669 2424 3890 11670 2425 3890 11671 2426 3890 11672 2417 3891 11673 2427 3891 11674 2411 3891 11675 2411 3892 11676 2427 3892 11677 2428 3892 11678 2411 3893 11679 2428 3893 11680 2409 3893 11681 2409 3894 11682 2428 3894 11683 2429 3894 11684 2409 3895 11685 2429 3895 11686 2430 3895 11687 2431 3896 11688 2432 3896 11689 1915 3896 11690 1915 3897 11691 2432 3897 11692 1913 3897 11693 1914 3898 11694 2432 3898 11695 1982 3898 11696 1982 3899 11697 2432 3899 11698 1905 3899 11699 1982 3900 11700 1905 3900 11701 1907 3900 11702 1914 3901 11703 1913 3901 11704 2432 3901 11705 2433 3902 11706 2434 3902 11707 2432 3902 11708 2432 3903 11709 2434 3903 11710 2435 3903 11711 2432 3904 11712 2435 3904 11713 2436 3904 11714 2436 3905 11715 2437 3905 11716 2432 3905 11717 2432 3906 11718 2437 3906 11719 2438 3906 11720 2432 3907 11721 2438 3907 11722 1905 3907 11723 2393 3908 11724 2406 3908 11725 1907 3908 11726 1907 3909 11727 2406 3909 11728 1978 3909 11729 1907 3910 11730 1978 3910 11731 1982 3910 11732 2393 3911 11733 2395 3911 11734 2406 3911 11735 2406 3912 11736 2395 3912 11737 2397 3912 11738 2406 3913 11739 2397 3913 11740 2399 3913 11741 2399 3914 11742 2401 3914 11743 2406 3914 11744 2406 3915 11745 2401 3915 11746 2403 3915 11747 1901 3916 11748 1902 3916 11749 2406 3916 11750 2406 3917 11751 1902 3917 11752 1940 3917 11753 2406 3918 11754 1940 3918 11755 1941 3918 11756 1945 3919 11757 1654 3919 11758 1941 3919 11759 1941 3920 11760 1654 3920 11761 1978 3920 11762 1941 3921 11763 1978 3921 11764 2406 3921 11765 1654 3922 11766 1945 3922 11767 1652 3922 11768 1652 3923 11769 1945 3923 11770 1947 3923 11771 1652 3924 11772 1947 3924 11773 1650 3924 11774 1650 3925 11775 1947 3925 11776 1648 3925 11777 1648 3926 11778 1947 3926 11779 1949 3926 11780 1648 3927 11781 1949 3927 11782 1646 3927 11783 1646 3928 11784 1949 3928 11785 1644 3928 11786 1644 3929 11787 1949 3929 11788 1642 3929 11789 1642 3930 11790 1949 3930 11791 1951 3930 11792 1642 3931 11793 1951 3931 11794 1640 3931 11795 1640 3932 11796 1951 3932 11797 1686 3932 11798 1686 3933 11799 1951 3933 11800 1953 3933 11801 1686 3934 11802 1953 3934 11803 1684 3934 11804 1684 3935 11805 1953 3935 11806 1682 3935 11807 1682 3936 11808 1953 3936 11809 1680 3936 11810 1680 3937 11811 1953 3937 11812 1969 3937 11813 1680 3938 11814 1969 3938 11815 1678 3938 11816 1678 3939 11817 1969 3939 11818 1967 3939 11819 1678 3940 11820 1967 3940 11821 1968 3940 11822 1968 3941 11823 1967 3941 11824 1904 3941 11825 1904 3942 11826 1967 3942 11827 1903 3942 11828 1968 3943 11829 1955 3943 11830 1678 3943 11831 1678 3944 11832 1955 3944 11833 1676 3944 11834 1676 3945 11835 1955 3945 11836 1954 3945 11837 1676 3946 11838 1954 3946 11839 1674 3946 11840 1674 3947 11841 1954 3947 11842 1672 3947 11843 1672 3948 11844 1954 3948 11845 1670 3948 11846 1670 3949 11847 1954 3949 11848 1970 3949 11849 1670 3950 11850 1970 3950 11851 1668 3950 11852 1668 3951 11853 1970 3951 11854 1666 3951 11855 1666 3952 11856 1970 3952 11857 1972 3952 11858 1666 3953 11859 1972 3953 11860 1664 3953 11861 1664 3954 11862 1972 3954 11863 1662 3954 11864 1662 3955 11865 1972 3955 11866 1660 3955 11867 1660 3956 11868 1972 3956 11869 1974 3956 11870 1660 3957 11871 1974 3957 11872 1658 3957 11873 1658 3958 11874 1974 3958 11875 1656 3958 11876 1656 3959 11877 1974 3959 11878 1976 3959 11879 1656 3960 11880 1976 3960 11881 1654 3960 11882 1654 3961 11883 1976 3961 11884 1978 3961 11885 2433 3962 11886 2439 3962 11887 2434 3962 11888 2434 3963 11889 2439 3963 11890 2440 3963 11891 2434 3964 11892 2440 3964 11893 2435 3964 11894 2435 3965 11895 2440 3965 11896 2441 3965 11897 2435 3966 11898 2441 3966 11899 2436 3966 11900 2436 3967 11901 2441 3967 11902 2442 3967 11903 2436 3968 11904 2442 3968 11905 2437 3968 11906 2437 3969 11907 2442 3969 11908 2443 3969 11909 2437 3970 11910 2443 3970 11911 2438 3970 11912 2438 3971 11913 2443 3971 11914 2444 3971 11915 2438 3972 11916 2444 3972 11917 1905 3972 11918 1905 3973 11919 2444 3973 11920 1906 3973 11921 2445 3974 11922 2446 3974 11923 2439 3974 11924 2439 3975 11925 2446 3975 11926 2404 3975 11927 2439 3976 11928 2404 3976 11929 2440 3976 11930 2440 3977 11931 2404 3977 11932 2402 3977 11933 2440 3978 11934 2402 3978 11935 2441 3978 11936 2441 3979 11937 2402 3979 11938 2400 3979 11939 2441 3980 11940 2400 3980 11941 2442 3980 11942 2442 3981 11943 2400 3981 11944 1906 3981 11945 2442 3982 11946 1906 3982 11947 2443 3982 11948 2443 3983 11949 1906 3983 11950 2444 3983 11951 2400 3984 11952 2398 3984 11953 1906 3984 11954 1906 3985 11955 2398 3985 11956 1908 3985 11957 1908 3986 11958 2398 3986 11959 2396 3986 11960 1908 3987 11961 2396 3987 11962 2394 3987 11963 2447 3988 11964 2431 3988 11965 2448 3988 11966 2448 3989 11967 2431 3989 11968 1915 3989 11969 2448 3990 11970 1915 3990 11971 1911 3990 11972 1911 3991 11973 1915 3991 11974 1916 3991 11975 1911 3992 11976 1916 3992 11977 1909 3992 11978 1909 3993 11979 1916 3993 11980 2204 3993 11981 1909 3994 11982 2204 3994 11983 1085 3994 11984 1085 3995 11985 2204 3995 11986 2449 3995 11987 1085 3996 11988 2449 3996 11989 2450 3996 11990 2450 3997 11991 2451 3997 11992 1085 3997 11993 1084 3998 11994 1083 3998 11995 1085 3998 11996 1085 3999 11997 1083 3999 11998 1082 3999 11999 1085 4000 12000 1082 4000 12001 1067 4000 12002 1067 4001 12003 1082 4001 12004 1081 4001 12005 1067 4002 12006 1081 4002 12007 1080 4002 12008 1080 4003 12009 1079 4003 12010 1067 4003 12011 1067 4004 12012 1079 4004 12013 1068 4004 12014 1068 4005 12015 1079 4005 12016 1078 4005 12017 1068 4006 12018 1078 4006 12019 1069 4006 12020 1069 4007 12021 1078 4007 12022 1077 4007 12023 1069 4008 12024 1077 4008 12025 1070 4008 12026 1070 4009 12027 1077 4009 12028 1076 4009 12029 1070 4010 12030 1076 4010 12031 1071 4010 12032 1071 4011 12033 1076 4011 12034 1075 4011 12035 1071 4012 12036 1075 4012 12037 1072 4012 12038 1072 4013 12039 1075 4013 12040 1074 4013 12041 1072 4014 12042 1074 4014 12043 1073 4014 12044 1067 4015 12045 2452 4015 12046 1085 4015 12047 1085 4016 12048 2452 4016 12049 1909 4016 12050 1909 4017 12051 2452 4017 12052 1910 4017 12053 1910 4018 12054 2452 4018 12055 2453 4018 12056 1910 4019 12057 2453 4019 12058 2454 4019 12059 1910 4020 12060 2454 4020 12061 1912 4020 12062 1912 4021 12063 2454 4021 12064 2448 4021 12065 1912 4022 12066 2448 4022 12067 1911 4022 12068 2076 4023 12069 2082 4023 12070 1921 4023 12071 1921 4024 12072 2082 4024 12073 2102 4024 12074 1921 4025 12075 2102 4025 12076 1922 4025 12077 1922 4026 12078 2102 4026 12079 1925 4026 12080 1925 4027 12081 2102 4027 12082 1927 4027 12083 1927 4028 12084 2102 4028 12085 2455 4028 12086 1927 4029 12087 2455 4029 12088 1929 4029 12089 1929 4030 12090 2455 4030 12091 1931 4030 12092 2102 4031 12093 2103 4031 12094 2455 4031 12095 2455 4032 12096 2103 4032 12097 2104 4032 12098 2455 4033 12099 2104 4033 12100 2106 4033 12101 2106 4034 12102 2108 4034 12103 2455 4034 12104 2455 4035 12105 2108 4035 12106 2456 4035 12107 2456 4036 12108 2108 4036 12109 2110 4036 12110 2456 4037 12111 2110 4037 12112 1917 4037 12113 1917 4038 12114 1919 4038 12115 2456 4038 12116 2456 4039 12117 1919 4039 12118 2187 4039 12119 2456 4040 12120 2187 4040 12121 2189 4040 12122 2189 4041 12123 2191 4041 12124 2456 4041 12125 1931 4042 12126 2455 4042 12127 1933 4042 12128 1933 4043 12129 2455 4043 12130 2457 4043 12131 1933 4044 12132 2457 4044 12133 1934 4044 12134 1934 4045 12135 2457 4045 12136 1935 4045 12137 1935 4046 12138 2457 4046 12139 1937 4046 12140 1937 4047 12141 2457 4047 12142 2458 4047 12143 1937 4048 12144 2458 4048 12145 2352 4048 12146 2352 4049 12147 2458 4049 12148 2353 4049 12149 2353 4050 12150 2458 4050 12151 2459 4050 12152 2353 4051 12153 2459 4051 12154 2349 4051 12155 2460 4052 12156 2350 4052 12157 2459 4052 12158 2459 4053 12159 2350 4053 12160 2349 4053 12161 2350 4054 12162 2460 4054 12163 2351 4054 12164 2351 4055 12165 2460 4055 12166 2461 4055 12167 2351 4056 12168 2461 4056 12169 2354 4056 12170 2354 4057 12171 2461 4057 12172 2462 4057 12173 2354 4058 12174 2462 4058 12175 2345 4058 12176 2345 4059 12177 2462 4059 12178 2463 4059 12179 2463 4060 12180 2464 4060 12181 2345 4060 12182 2345 4061 12183 2464 4061 12184 2346 4061 12185 2346 4062 12186 2464 4062 12187 2355 4062 12188 2355 4063 12189 2464 4063 12190 2465 4063 12191 2355 4064 12192 2465 4064 12193 2356 4064 12194 2356 4065 12195 2465 4065 12196 2466 4065 12197 2356 4066 12198 2466 4066 12199 2357 4066 12200 2357 4067 12201 2466 4067 12202 2467 4067 12203 2468 4068 12204 2358 4068 12205 2467 4068 12206 2467 4069 12207 2358 4069 12208 2357 4069 12209 2358 4070 12210 2468 4070 12211 2359 4070 12212 2359 4071 12213 2468 4071 12214 2469 4071 12215 2359 4072 12216 2469 4072 12217 2360 4072 12218 2360 4073 12219 2469 4073 12220 1938 4073 12221 1938 4074 12222 2469 4074 12223 2470 4074 12224 1938 4075 12225 2470 4075 12226 1939 4075 12227 1939 4076 12228 2470 4076 12229 1942 4076 12230 1942 4077 12231 2470 4077 12232 1943 4077 12233 1943 4078 12234 2470 4078 12235 2471 4078 12236 1943 4079 12237 2471 4079 12238 1944 4079 12239 2472 4080 12240 1707 4080 12241 2471 4080 12242 2471 4081 12243 1707 4081 12244 1708 4081 12245 2471 4082 12246 1708 4082 12247 1709 4082 12248 1977 4083 12249 1975 4083 12250 2472 4083 12251 2472 4084 12252 1975 4084 12253 1705 4084 12254 2472 4085 12255 1705 4085 12256 1706 4085 12257 1705 4086 12258 1975 4086 12259 1704 4086 12260 1704 4087 12261 1975 4087 12262 1973 4087 12263 1704 4088 12264 1973 4088 12265 1703 4088 12266 1703 4089 12267 1973 4089 12268 1971 4089 12269 1703 4090 12270 1971 4090 12271 1702 4090 12272 1702 4091 12273 1971 4091 12274 1701 4091 12275 1701 4092 12276 1971 4092 12277 1956 4092 12278 1701 4093 12279 1956 4093 12280 1700 4093 12281 1700 4094 12282 1956 4094 12283 1957 4094 12284 1700 4095 12285 1957 4095 12286 1699 4095 12287 1699 4096 12288 1957 4096 12289 1958 4096 12290 1699 4097 12291 1958 4097 12292 1698 4097 12293 1698 4098 12294 1958 4098 12295 1959 4098 12296 1698 4099 12297 1959 4099 12298 1697 4099 12299 1697 4100 12300 1959 4100 12301 1960 4100 12302 1697 4101 12303 1960 4101 12304 1696 4101 12305 1696 4102 12306 1960 4102 12307 1961 4102 12308 1696 4103 12309 1961 4103 12310 1695 4103 12311 1695 4104 12312 1961 4104 12313 1962 4104 12314 1695 4105 12315 1962 4105 12316 1694 4105 12317 1694 4106 12318 1962 4106 12319 1963 4106 12320 1694 4107 12321 1963 4107 12322 1693 4107 12323 1693 4108 12324 1963 4108 12325 1964 4108 12326 1693 4109 12327 1964 4109 12328 1692 4109 12329 1692 4110 12330 1964 4110 12331 1965 4110 12332 1692 4111 12333 1965 4111 12334 1691 4111 12335 1691 4112 12336 1965 4112 12337 1966 4112 12338 1691 4113 12339 1966 4113 12340 1690 4113 12341 1690 4114 12342 1966 4114 12343 1952 4114 12344 1690 4115 12345 1952 4115 12346 1689 4115 12347 1689 4116 12348 1952 4116 12349 1950 4116 12350 1689 4117 12351 1950 4117 12352 1688 4117 12353 1688 4118 12354 1950 4118 12355 1711 4118 12356 1711 4119 12357 1950 4119 12358 1948 4119 12359 1711 4120 12360 1948 4120 12361 1710 4120 12362 1710 4121 12363 1948 4121 12364 1946 4121 12365 1710 4122 12366 1946 4122 12367 1709 4122 12368 1709 4123 12369 1946 4123 12370 2471 4123 12371 1946 4124 12372 1944 4124 12373 2471 4124 12374 1706 4125 12375 1707 4125 12376 2472 4125 12377 1977 4126 12378 2472 4126 12379 1979 4126 12380 1979 4127 12381 2472 4127 12382 2473 4127 12383 1979 4128 12384 2473 4128 12385 1980 4128 12386 1980 4129 12387 2473 4129 12388 1981 4129 12389 1981 4130 12390 2473 4130 12391 1983 4130 12392 1983 4131 12393 2473 4131 12394 2474 4131 12395 1983 4132 12396 2474 4132 12397 2217 4132 12398 2217 4133 12399 2474 4133 12400 2216 4133 12401 2216 4134 12402 2474 4134 12403 2475 4134 12404 2216 4135 12405 2475 4135 12406 2215 4135 12407 2476 4136 12408 2214 4136 12409 2475 4136 12410 2475 4137 12411 2214 4137 12412 2215 4137 12413 2214 4138 12414 2476 4138 12415 2213 4138 12416 2213 4139 12417 2476 4139 12418 2477 4139 12419 2213 4140 12420 2477 4140 12421 2212 4140 12422 2212 4141 12423 2477 4141 12424 2478 4141 12425 2212 4142 12426 2478 4142 12427 2211 4142 12428 2211 4143 12429 2478 4143 12430 2479 4143 12431 2479 4144 12432 2480 4144 12433 2211 4144 12434 2211 4145 12435 2480 4145 12436 2209 4145 12437 2209 4146 12438 2480 4146 12439 2210 4146 12440 2210 4147 12441 2480 4147 12442 2481 4147 12443 2210 4148 12444 2481 4148 12445 2218 4148 12446 2218 4149 12447 2481 4149 12448 2482 4149 12449 2218 4150 12450 2482 4150 12451 2205 4150 12452 2205 4151 12453 2482 4151 12454 2483 4151 12455 2484 4152 12456 2207 4152 12457 2483 4152 12458 2483 4153 12459 2207 4153 12460 2205 4153 12461 2207 4154 12462 2484 4154 12463 2208 4154 12464 2208 4155 12465 2484 4155 12466 2485 4155 12467 2208 4156 12468 2485 4156 12469 2219 4156 12470 2219 4157 12471 2485 4157 12472 2206 4157 12473 2206 4158 12474 2485 4158 12475 2486 4158 12476 2206 4159 12477 2486 4159 12478 2487 4159 12479 2487 4160 12480 2486 4160 12481 2488 4160 12482 2488 4161 12483 2486 4161 12484 2489 4161 12485 2489 4162 12486 2486 4162 12487 2490 4162 12488 2489 4163 12489 2490 4163 12490 2491 4163 12491 2492 4164 12492 2493 4164 12493 2494 4164 12494 2494 4165 12495 2493 4165 12496 2495 4165 12497 2495 4166 12498 2493 4166 12499 2496 4166 12500 2497 4167 12501 2040 4167 12502 2498 4167 12503 2498 4168 12504 2040 4168 12505 2499 4168 12506 2498 4169 12507 2499 4169 12508 2500 4169 12509 2500 4170 12510 2499 4170 12511 2501 4170 12512 2500 4171 12513 2501 4171 12514 2502 4171 12515 2502 4172 12516 2501 4172 12517 2503 4172 12518 2502 4173 12519 2503 4173 12520 2504 4173 12521 2504 4174 12522 2503 4174 12523 2505 4174 12524 2504 4175 12525 2505 4175 12526 2506 4175 12527 2506 4176 12528 2505 4176 12529 2507 4176 12530 2506 4177 12531 2507 4177 12532 2508 4177 12533 2508 4178 12534 2507 4178 12535 1984 4178 12536 1984 4179 12537 2507 4179 12538 2509 4179 12539 1984 4180 12540 2509 4180 12541 1985 4180 12542 1985 4181 12543 2509 4181 12544 2048 4181 12545 2048 4182 12546 2509 4182 12547 2046 4182 12548 2046 4183 12549 2509 4183 12550 2510 4183 12551 2046 4184 12552 2510 4184 12553 2039 4184 12554 2039 4185 12555 2510 4185 12556 2511 4185 12557 2039 4186 12558 2511 4186 12559 2041 4186 12560 2041 4187 12561 2511 4187 12562 2512 4187 12563 2041 4188 12564 2512 4188 12565 2042 4188 12566 2042 4189 12567 2512 4189 12568 2513 4189 12569 2042 4190 12570 2513 4190 12571 2040 4190 12572 2040 4191 12573 2513 4191 12574 2499 4191 12575 2501 4192 12576 2499 4192 12577 2513 4192 12578 2501 4193 12579 2513 4193 12580 2512 4193 12581 2503 4194 12582 2501 4194 12583 2512 4194 12584 2503 4195 12585 2512 4195 12586 2511 4195 12587 2505 4196 12588 2503 4196 12589 2511 4196 12590 2505 4197 12591 2511 4197 12592 2510 4197 12593 2507 4198 12594 2505 4198 12595 2510 4198 12596 2507 4199 12597 2510 4199 12598 2509 4199 12599 2223 4200 12600 2514 4200 12601 2222 4200 12602 2222 4201 12603 2514 4201 12604 2028 4201 12605 2028 4202 12606 2514 4202 12607 2515 4202 12608 2028 4203 12609 2515 4203 12610 2516 4203 12611 2516 4204 12612 2517 4204 12613 2028 4204 12614 2028 4205 12615 2517 4205 12616 2490 4205 12617 2028 4206 12618 2490 4206 12619 2026 4206 12620 2026 4207 12621 2490 4207 12622 2024 4207 12623 2024 4208 12624 2490 4208 12625 2022 4208 12626 2022 4209 12627 2490 4209 12628 2020 4209 12629 2020 4210 12630 2490 4210 12631 2518 4210 12632 2020 4211 12633 2518 4211 12634 2019 4211 12635 2019 4212 12636 2518 4212 12637 1986 4212 12638 1986 4213 12639 2518 4213 12640 1984 4213 12641 1984 4214 12642 2518 4214 12643 2508 4214 12644 2508 4215 12645 2518 4215 12646 2506 4215 12647 2506 4216 12648 2518 4216 12649 2504 4216 12650 2517 4217 12651 2519 4217 12652 2490 4217 12653 2490 4218 12654 2519 4218 12655 2491 4218 12656 2492 4219 12657 2520 4219 12658 2493 4219 12659 2493 4220 12660 2520 4220 12661 2521 4220 12662 2521 4221 12663 2520 4221 12664 2522 4221 12665 2521 4222 12666 2522 4222 12667 2523 4222 12668 2523 4223 12669 2522 4223 12670 2524 4223 12671 2523 4224 12672 2524 4224 12673 2525 4224 12674 2523 4225 12675 2525 4225 12676 2526 4225 12677 2526 4226 12678 2525 4226 12679 2527 4226 12680 2526 4227 12681 2527 4227 12682 2528 4227 12683 2528 4228 12684 2527 4228 12685 2529 4228 12686 2528 4229 12687 2529 4229 12688 2530 4229 12689 2530 4230 12690 2529 4230 12691 2531 4230 12692 2530 4231 12693 2531 4231 12694 2532 4231 12695 2532 4232 12696 2531 4232 12697 2533 4232 12698 1001 4233 12699 1592 4233 12700 1003 4233 12701 1003 4234 12702 1592 4234 12703 1594 4234 12704 1003 4235 12705 1594 4235 12706 1596 4235 12707 1592 4236 12708 1001 4236 12709 1638 4236 12710 1638 4237 12711 1001 4237 12712 1047 4237 12713 1638 4238 12714 1047 4238 12715 1636 4238 12716 1636 4239 12717 1047 4239 12718 1045 4239 12719 1636 4240 12720 1045 4240 12721 1634 4240 12722 1634 4241 12723 1045 4241 12724 1043 4241 12725 1634 4242 12726 1043 4242 12727 1632 4242 12728 1632 4243 12729 1043 4243 12730 1041 4243 12731 1632 4244 12732 1041 4244 12733 1630 4244 12734 1630 4245 12735 1041 4245 12736 1039 4245 12737 1630 4246 12738 1039 4246 12739 1037 4246 12740 1630 4247 12741 1037 4247 12742 1628 4247 12743 1628 4248 12744 1037 4248 12745 1035 4248 12746 1628 4249 12747 1035 4249 12748 1626 4249 12749 1626 4250 12750 1035 4250 12751 1033 4250 12752 1626 4251 12753 1033 4251 12754 1624 4251 12755 1624 4252 12756 1033 4252 12757 1031 4252 12758 1624 4253 12759 1031 4253 12760 1622 4253 12761 1622 4254 12762 1031 4254 12763 1029 4254 12764 1622 4255 12765 1029 4255 12766 1620 4255 12767 1620 4256 12768 1029 4256 12769 1618 4256 12770 1618 4257 12771 1029 4257 12772 1027 4257 12773 1618 4258 12774 1027 4258 12775 1616 4258 12776 1616 4259 12777 1027 4259 12778 1025 4259 12779 1616 4260 12780 1025 4260 12781 1614 4260 12782 1614 4261 12783 1025 4261 12784 1023 4261 12785 1614 4262 12786 1023 4262 12787 1612 4262 12788 1612 4263 12789 1023 4263 12790 1021 4263 12791 1612 4264 12792 1021 4264 12793 1610 4264 12794 1610 4265 12795 1021 4265 12796 1019 4265 12797 1610 4266 12798 1019 4266 12799 1608 4266 12800 1608 4267 12801 1019 4267 12802 1017 4267 12803 1608 4268 12804 1017 4268 12805 1606 4268 12806 1606 4269 12807 1017 4269 12808 1015 4269 12809 1606 4270 12810 1015 4270 12811 1013 4270 12812 1606 4271 12813 1013 4271 12814 1604 4271 12815 1604 4272 12816 1013 4272 12817 1011 4272 12818 1604 4273 12819 1011 4273 12820 1602 4273 12821 1602 4274 12822 1011 4274 12823 1009 4274 12824 1602 4275 12825 1009 4275 12826 1600 4275 12827 1600 4276 12828 1009 4276 12829 1007 4276 12830 1600 4277 12831 1007 4277 12832 1598 4277 12833 1598 4278 12834 1007 4278 12835 1005 4278 12836 1598 4279 12837 1005 4279 12838 1596 4279 12839 1596 4280 12840 1005 4280 12841 1003 4280 12842 953 4281 12843 1544 4281 12844 955 4281 12845 955 4282 12846 1544 4282 12847 1546 4282 12848 955 4283 12849 1546 4283 12850 1548 4283 12851 1544 4284 12852 953 4284 12853 1590 4284 12854 1590 4285 12855 953 4285 12856 999 4285 12857 1590 4286 12858 999 4286 12859 1588 4286 12860 1588 4287 12861 999 4287 12862 997 4287 12863 1588 4288 12864 997 4288 12865 1586 4288 12866 1586 4289 12867 997 4289 12868 995 4289 12869 1586 4290 12870 995 4290 12871 1584 4290 12872 1584 4291 12873 995 4291 12874 993 4291 12875 1584 4292 12876 993 4292 12877 1582 4292 12878 1582 4293 12879 993 4293 12880 991 4293 12881 1582 4294 12882 991 4294 12883 989 4294 12884 1582 4295 12885 989 4295 12886 1580 4295 12887 1580 4296 12888 989 4296 12889 987 4296 12890 1580 4297 12891 987 4297 12892 1578 4297 12893 1578 4298 12894 987 4298 12895 985 4298 12896 1578 4299 12897 985 4299 12898 1576 4299 12899 1576 4300 12900 985 4300 12901 983 4300 12902 1576 4301 12903 983 4301 12904 1574 4301 12905 1574 4302 12906 983 4302 12907 981 4302 12908 1574 4303 12909 981 4303 12910 1572 4303 12911 1572 4304 12912 981 4304 12913 1570 4304 12914 1570 4305 12915 981 4305 12916 979 4305 12917 1570 4306 12918 979 4306 12919 1568 4306 12920 1568 4307 12921 979 4307 12922 977 4307 12923 1568 4308 12924 977 4308 12925 1566 4308 12926 1566 4309 12927 977 4309 12928 975 4309 12929 1566 4310 12930 975 4310 12931 1564 4310 12932 1564 4311 12933 975 4311 12934 973 4311 12935 1564 4312 12936 973 4312 12937 1562 4312 12938 1562 4313 12939 973 4313 12940 971 4313 12941 1562 4314 12942 971 4314 12943 1560 4314 12944 1560 4315 12945 971 4315 12946 969 4315 12947 1560 4316 12948 969 4316 12949 1558 4316 12950 1558 4317 12951 969 4317 12952 967 4317 12953 1558 4318 12954 967 4318 12955 965 4318 12956 1558 4319 12957 965 4319 12958 1556 4319 12959 1556 4320 12960 965 4320 12961 963 4320 12962 1556 4321 12963 963 4321 12964 1554 4321 12965 1554 4322 12966 963 4322 12967 961 4322 12968 1554 4323 12969 961 4323 12970 1552 4323 12971 1552 4324 12972 961 4324 12973 959 4324 12974 1552 4325 12975 959 4325 12976 1550 4325 12977 1550 4326 12978 959 4326 12979 957 4326 12980 1550 4327 12981 957 4327 12982 1548 4327 12983 1548 4328 12984 957 4328 12985 955 4328 12986 2534 4329 12987 2535 4329 12988 2536 4329 12989 2536 4330 12990 2535 4330 12991 2537 4330 12992 2536 4331 12993 2537 4331 12994 2538 4331 12995 2534 4332 12996 2536 4332 12997 2539 4332 12998 2539 4333 12999 2536 4333 13000 2540 4333 13001 2539 4334 13002 2540 4334 13003 2541 4334 13004 2541 4335 13005 2540 4335 13006 2542 4335 13007 2541 4336 13008 2542 4336 13009 2543 4336 13010 2543 4337 13011 2542 4337 13012 2544 4337 13013 2544 4338 13014 2542 4338 13015 2545 4338 13016 2544 4339 13017 2545 4339 13018 2546 4339 13019 2546 4340 13020 2545 4340 13021 2547 4340 13022 2546 4341 13023 2547 4341 13024 2548 4341 13025 2548 4342 13026 2547 4342 13027 2549 4342 13028 2548 4343 13029 2549 4343 13030 2550 4343 13031 2550 4344 13032 2549 4344 13033 2551 4344 13034 2550 4345 13035 2551 4345 13036 2552 4345 13037 1997 4346 13038 2553 4346 13039 1996 4346 13040 1996 4347 13041 2553 4347 13042 2554 4347 13043 1996 4348 13044 2554 4348 13045 2555 4348 13046 2555 4349 13047 2554 4349 13048 2556 4349 13049 2556 4350 13050 2554 4350 13051 2557 4350 13052 2556 4351 13053 2557 4351 13054 2558 4351 13055 2558 4352 13056 2557 4352 13057 2559 4352 13058 2558 4353 13059 2559 4353 13060 2560 4353 13061 2560 4354 13062 2559 4354 13063 2561 4354 13064 2561 4355 13065 2559 4355 13066 2562 4355 13067 2561 4356 13068 2562 4356 13069 2563 4356 13070 2563 4357 13071 2562 4357 13072 2564 4357 13073 2563 4358 13074 2564 4358 13075 2565 4358 13076 2565 4359 13077 2564 4359 13078 2566 4359 13079 2566 4360 13080 2564 4360 13081 2567 4360 13082 2566 4361 13083 2567 4361 13084 1995 4361 13085 1995 4362 13086 2567 4362 13087 2001 4362 13088 2001 4363 13089 2567 4363 13090 2000 4363 13091 2000 4364 13092 2567 4364 13093 2568 4364 13094 2000 4365 13095 2568 4365 13096 2569 4365 13097 2569 4366 13098 2568 4366 13099 2559 4366 13100 2569 4367 13101 2559 4367 13102 2557 4367 13103 2553 4368 13104 1997 4368 13105 2570 4368 13106 2570 4369 13107 1997 4369 13108 1998 4369 13109 2570 4370 13110 1998 4370 13111 1999 4370 13112 2570 4371 13113 1999 4371 13114 2569 4371 13115 2569 4372 13116 1999 4372 13117 2000 4372 13118 2555 4373 13119 2571 4373 13120 1996 4373 13121 2557 4374 13122 2554 4374 13123 2553 4374 13124 2557 4375 13125 2553 4375 13126 2570 4375 13127 2569 4376 13128 2557 4376 13129 2570 4376 13130 2562 4377 13131 2559 4377 13132 2568 4377 13133 2564 4378 13134 2562 4378 13135 2568 4378 13136 2564 4379 13137 2568 4379 13138 2567 4379 13139 2566 4380 13140 1995 4380 13141 2572 4380 13142 2572 4381 13143 1995 4381 13144 1994 4381 13145 2005 4382 13146 2573 4382 13147 1994 4382 13148 1994 4383 13149 2573 4383 13150 2574 4383 13151 1994 4384 13152 2574 4384 13153 2575 4384 13154 2575 4385 13155 2574 4385 13156 2576 4385 13157 2576 4386 13158 2574 4386 13159 2577 4386 13160 2576 4387 13161 2577 4387 13162 2578 4387 13163 2578 4388 13164 2577 4388 13165 2579 4388 13166 2578 4389 13167 2579 4389 13168 2580 4389 13169 2580 4390 13170 2579 4390 13171 2581 4390 13172 2581 4391 13173 2579 4391 13174 2582 4391 13175 2581 4392 13176 2582 4392 13177 2583 4392 13178 2583 4393 13179 2582 4393 13180 2584 4393 13181 2583 4394 13182 2584 4394 13183 2585 4394 13184 2585 4395 13185 2584 4395 13186 2586 4395 13187 2586 4396 13188 2584 4396 13189 2587 4396 13190 2586 4397 13191 2587 4397 13192 1988 4397 13193 1988 4398 13194 2587 4398 13195 1993 4398 13196 1993 4399 13197 2587 4399 13198 2002 4399 13199 2002 4400 13200 2587 4400 13201 2588 4400 13202 2002 4401 13203 2588 4401 13204 2003 4401 13205 2003 4402 13206 2588 4402 13207 2589 4402 13208 2003 4403 13209 2589 4403 13210 2004 4403 13211 2004 4404 13212 2589 4404 13213 2590 4404 13214 2004 4405 13215 2590 4405 13216 2005 4405 13217 2005 4406 13218 2590 4406 13219 2573 4406 13220 2575 4407 13221 2572 4407 13222 1994 4407 13223 2577 4408 13224 2574 4408 13225 2573 4408 13226 2577 4409 13227 2573 4409 13228 2590 4409 13229 2579 4410 13230 2577 4410 13231 2590 4410 13232 2579 4411 13233 2590 4411 13234 2589 4411 13235 2582 4412 13236 2579 4412 13237 2589 4412 13238 2582 4413 13239 2589 4413 13240 2588 4413 13241 2584 4414 13242 2582 4414 13243 2588 4414 13244 2584 4415 13245 2588 4415 13246 2587 4415 13247 2497 4416 13248 2528 4416 13249 2040 4416 13250 2040 4417 13251 2528 4417 13252 2530 4417 13253 2040 4418 13254 2530 4418 13255 2532 4418 13256 2496 4419 13257 2493 4419 13258 2497 4419 13259 2497 4420 13260 2493 4420 13261 2521 4420 13262 2497 4421 13263 2521 4421 13264 2523 4421 13265 2523 4422 13266 2526 4422 13267 2497 4422 13268 2497 4423 13269 2526 4423 13270 2528 4423 13271 2040 4424 13272 2532 4424 13273 2038 4424 13274 2038 4425 13275 2532 4425 13276 2551 4425 13277 2038 4426 13278 2551 4426 13279 2549 4426 13280 2549 4427 13281 2547 4427 13282 2038 4427 13283 2038 4428 13284 2547 4428 13285 2591 4428 13286 2591 4429 13287 2547 4429 13288 2545 4429 13289 2591 4430 13290 2545 4430 13291 2542 4430 13292 2542 4431 13293 2540 4431 13294 2591 4431 13295 2591 4432 13296 2540 4432 13297 2536 4432 13298 2591 4433 13299 2536 4433 13300 2538 4433 13301 2571 4434 13302 2592 4434 13303 1996 4434 13304 1996 4435 13305 2592 4435 13306 1989 4435 13307 2010 4436 13308 2593 4436 13309 1991 4436 13310 1991 4437 13311 2593 4437 13312 2594 4437 13313 1991 4438 13314 2594 4438 13315 2595 4438 13316 2595 4439 13317 2594 4439 13318 2596 4439 13319 2596 4440 13320 2594 4440 13321 2597 4440 13322 2597 4441 13323 2594 4441 13324 2598 4441 13325 2597 4442 13326 2598 4442 13327 2599 4442 13328 2599 4443 13329 2598 4443 13330 2600 4443 13331 2599 4444 13332 2600 4444 13333 2601 4444 13334 2601 4445 13335 2600 4445 13336 2602 4445 13337 2601 4446 13338 2602 4446 13339 2603 4446 13340 2603 4447 13341 2602 4447 13342 2604 4447 13343 2603 4448 13344 2604 4448 13345 2592 4448 13346 2592 4449 13347 2604 4449 13348 2605 4449 13349 2592 4450 13350 2605 4450 13351 1989 4450 13352 1989 4451 13353 2605 4451 13354 2006 4451 13355 2006 4452 13356 2605 4452 13357 2007 4452 13358 2007 4453 13359 2605 4453 13360 2606 4453 13361 2007 4454 13362 2606 4454 13363 2008 4454 13364 2008 4455 13365 2606 4455 13366 2607 4455 13367 2008 4456 13368 2607 4456 13369 2009 4456 13370 2009 4457 13371 2607 4457 13372 2608 4457 13373 2009 4458 13374 2608 4458 13375 2010 4458 13376 2010 4459 13377 2608 4459 13378 2593 4459 13379 2598 4460 13380 2594 4460 13381 2593 4460 13382 2598 4461 13383 2593 4461 13384 2608 4461 13385 2600 4462 13386 2598 4462 13387 2608 4462 13388 2600 4463 13389 2608 4463 13390 2607 4463 13391 2602 4464 13392 2600 4464 13393 2607 4464 13394 2602 4465 13395 2607 4465 13396 2606 4465 13397 2604 4466 13398 2602 4466 13399 2606 4466 13400 2604 4467 13401 2606 4467 13402 2605 4467 13403 1992 4468 13404 1991 4468 13405 2609 4468 13406 2609 4469 13407 1991 4469 13408 2595 4469 13409 2015 4470 13410 2610 4470 13411 1990 4470 13412 1990 4471 13413 2610 4471 13414 2611 4471 13415 1990 4472 13416 2611 4472 13417 2612 4472 13418 2612 4473 13419 2611 4473 13420 2613 4473 13421 2613 4474 13422 2611 4474 13423 2614 4474 13424 2614 4475 13425 2611 4475 13426 2615 4475 13427 2614 4476 13428 2615 4476 13429 2616 4476 13430 2616 4477 13431 2615 4477 13432 2617 4477 13433 2616 4478 13434 2617 4478 13435 2618 4478 13436 2618 4479 13437 2617 4479 13438 2619 4479 13439 2618 4480 13440 2619 4480 13441 2620 4480 13442 2620 4481 13443 2619 4481 13444 2621 4481 13445 2620 4482 13446 2621 4482 13447 2609 4482 13448 2609 4483 13449 2621 4483 13450 2622 4483 13451 2609 4484 13452 2622 4484 13453 1992 4484 13454 1992 4485 13455 2622 4485 13456 2011 4485 13457 2011 4486 13458 2622 4486 13459 2012 4486 13460 2012 4487 13461 2622 4487 13462 2623 4487 13463 2012 4488 13464 2623 4488 13465 2013 4488 13466 2013 4489 13467 2623 4489 13468 2624 4489 13469 2013 4490 13470 2624 4490 13471 2014 4490 13472 2014 4491 13473 2624 4491 13474 2625 4491 13475 2014 4492 13476 2625 4492 13477 2015 4492 13478 2015 4493 13479 2625 4493 13480 2610 4493 13481 2615 4494 13482 2611 4494 13483 2610 4494 13484 2615 4495 13485 2610 4495 13486 2625 4495 13487 2617 4496 13488 2615 4496 13489 2625 4496 13490 2617 4497 13491 2625 4497 13492 2624 4497 13493 2619 4498 13494 2617 4498 13495 2624 4498 13496 2619 4499 13497 2624 4499 13498 2623 4499 13499 2621 4500 13500 2619 4500 13501 2623 4500 13502 2621 4501 13503 2623 4501 13504 2622 4501 13505 2586 4502 13506 1988 4502 13507 2612 4502 13508 2612 4503 13509 1988 4503 13510 1990 4503 13511 2626 4504 13512 2050 4504 13513 2627 4504 13514 2627 4505 13515 2050 4505 13516 2628 4505 13517 2627 4506 13518 2628 4506 13519 2629 4506 13520 2629 4507 13521 2628 4507 13522 2630 4507 13523 2629 4508 13524 2630 4508 13525 2631 4508 13526 2631 4509 13527 2630 4509 13528 2632 4509 13529 2631 4510 13530 2632 4510 13531 2633 4510 13532 2633 4511 13533 2632 4511 13534 2634 4511 13535 2633 4512 13536 2634 4512 13537 2635 4512 13538 2635 4513 13539 2634 4513 13540 2636 4513 13541 2635 4514 13542 2636 4514 13543 2637 4514 13544 2637 4515 13545 2636 4515 13546 2591 4515 13547 2591 4516 13548 2636 4516 13549 2638 4516 13550 2591 4517 13551 2638 4517 13552 2038 4517 13553 2038 4518 13554 2638 4518 13555 2043 4518 13556 2043 4519 13557 2638 4519 13558 2044 4519 13559 2044 4520 13560 2638 4520 13561 2639 4520 13562 2044 4521 13563 2639 4521 13564 2045 4521 13565 2045 4522 13566 2639 4522 13567 2640 4522 13568 2045 4523 13569 2640 4523 13570 2047 4523 13571 2047 4524 13572 2640 4524 13573 2641 4524 13574 2047 4525 13575 2641 4525 13576 2049 4525 13577 2049 4526 13578 2641 4526 13579 2642 4526 13580 2049 4527 13581 2642 4527 13582 2050 4527 13583 2050 4528 13584 2642 4528 13585 2628 4528 13586 2630 4529 13587 2628 4529 13588 2642 4529 13589 2630 4530 13590 2642 4530 13591 2641 4530 13592 2632 4531 13593 2630 4531 13594 2641 4531 13595 2632 4532 13596 2641 4532 13597 2640 4532 13598 2634 4533 13599 2632 4533 13600 2640 4533 13601 2634 4534 13602 2640 4534 13603 2639 4534 13604 2636 4535 13605 2634 4535 13606 2639 4535 13607 2636 4536 13608 2639 4536 13609 2638 4536 13610 2051 4537 13611 2050 4537 13612 2643 4537 13613 2643 4538 13614 2050 4538 13615 2626 4538 13616 2057 4539 13617 2644 4539 13618 2055 4539 13619 2055 4540 13620 2644 4540 13621 2645 4540 13622 2055 4541 13623 2645 4541 13624 2646 4541 13625 2646 4542 13626 2645 4542 13627 2647 4542 13628 2647 4543 13629 2645 4543 13630 2648 4543 13631 2648 4544 13632 2645 4544 13633 2649 4544 13634 2648 4545 13635 2649 4545 13636 2650 4545 13637 2650 4546 13638 2649 4546 13639 2651 4546 13640 2650 4547 13641 2651 4547 13642 2652 4547 13643 2652 4548 13644 2651 4548 13645 2653 4548 13646 2652 4549 13647 2653 4549 13648 2654 4549 13649 2654 4550 13650 2653 4550 13651 2655 4550 13652 2654 4551 13653 2655 4551 13654 2643 4551 13655 2643 4552 13656 2655 4552 13657 2656 4552 13658 2643 4553 13659 2656 4553 13660 2051 4553 13661 2051 4554 13662 2656 4554 13663 2052 4554 13664 2052 4555 13665 2656 4555 13666 2053 4555 13667 2053 4556 13668 2656 4556 13669 2657 4556 13670 2053 4557 13671 2657 4557 13672 2054 4557 13673 2054 4558 13674 2657 4558 13675 2658 4558 13676 2054 4559 13677 2658 4559 13678 2056 4559 13679 2056 4560 13680 2658 4560 13681 2659 4560 13682 2056 4561 13683 2659 4561 13684 2057 4561 13685 2057 4562 13686 2659 4562 13687 2644 4562 13688 2649 4563 13689 2645 4563 13690 2644 4563 13691 2649 4564 13692 2644 4564 13693 2659 4564 13694 2651 4565 13695 2649 4565 13696 2659 4565 13697 2651 4566 13698 2659 4566 13699 2658 4566 13700 2653 4567 13701 2651 4567 13702 2658 4567 13703 2653 4568 13704 2658 4568 13705 2657 4568 13706 2655 4569 13707 2653 4569 13708 2657 4569 13709 2655 4570 13710 2657 4570 13711 2656 4570 13712 2249 4571 13713 2237 4571 13714 2055 4571 13715 2055 4572 13716 2237 4572 13717 2235 4572 13718 2055 4573 13719 2235 4573 13720 2030 4573 13721 2030 4574 13722 2235 4574 13723 2233 4574 13724 2030 4575 13725 2233 4575 13726 2231 4575 13727 2030 4576 13728 2231 4576 13729 2028 4576 13730 2028 4577 13731 2231 4577 13732 2229 4577 13733 2028 4578 13734 2229 4578 13735 2227 4578 13736 2227 4579 13737 2225 4579 13738 2028 4579 13739 2028 4580 13740 2225 4580 13741 2220 4580 13742 2028 4581 13743 2220 4581 13744 2222 4581 13745 2249 4582 13746 2055 4582 13747 2247 4582 13748 2247 4583 13749 2055 4583 13750 2646 4583 13751 2247 4584 13752 2646 4584 13753 2245 4584 13754 2245 4585 13755 2646 4585 13756 2243 4585 13757 2243 4586 13758 2646 4586 13759 2241 4586 13760 2241 4587 13761 2646 4587 13762 2240 4587 13763 2240 4588 13764 2646 4588 13765 2660 4588 13766 2240 4589 13767 2660 4589 13768 2238 4589 13769 2238 4590 13770 2660 4590 13771 2661 4590 13772 2662 4591 13773 2663 4591 13774 2664 4591 13775 2664 4592 13776 2663 4592 13777 2665 4592 13778 2664 4593 13779 2665 4593 13780 2261 4593 13781 2261 4594 13782 2665 4594 13783 2666 4594 13784 2261 4595 13785 2666 4595 13786 2667 4595 13787 2667 4596 13788 2668 4596 13789 2261 4596 13790 2261 4597 13791 2668 4597 13792 2061 4597 13793 2261 4598 13794 2061 4598 13795 2059 4598 13796 2668 4599 13797 2669 4599 13798 2061 4599 13799 2061 4600 13800 2669 4600 13801 2297 4600 13802 2297 4601 13803 2669 4601 13804 2670 4601 13805 2297 4602 13806 2670 4602 13807 2671 4602 13808 2671 4603 13809 2672 4603 13810 2297 4603 13811 2297 4604 13812 2672 4604 13813 2673 4604 13814 2297 4605 13815 2673 4605 13816 2674 4605 13817 2674 4606 13818 2673 4606 13819 2675 4606 13820 2674 4607 13821 2675 4607 13822 2676 4607 13823 2664 4608 13824 2677 4608 13825 2662 4608 13826 2674 4609 13827 2678 4609 13828 2297 4609 13829 2297 4610 13830 2678 4610 13831 2298 4610 13832 2298 4611 13833 2678 4611 13834 2679 4611 13835 2298 4612 13836 2679 4612 13837 2680 4612 13838 2680 4613 13839 2681 4613 13840 2298 4613 13841 2298 4614 13842 2681 4614 13843 2299 4614 13844 2299 4615 13845 2681 4615 13846 2682 4615 13847 2299 4616 13848 2682 4616 13849 2300 4616 13850 2300 4617 13851 2682 4617 13852 2683 4617 13853 2300 4618 13854 2683 4618 13855 2301 4618 13856 2301 4619 13857 2683 4619 13858 2684 4619 13859 2301 4620 13860 2684 4620 13861 2302 4620 13862 2302 4621 13863 2684 4621 13864 2685 4621 13865 2302 4622 13866 2685 4622 13867 2303 4622 13868 2303 4623 13869 2685 4623 13870 2304 4623 13871 2304 4624 13872 2685 4624 13873 2686 4624 13874 2304 4625 13875 2686 4625 13876 2305 4625 13877 2305 4626 13878 2686 4626 13879 2687 4626 13880 2305 4627 13881 2687 4627 13882 2314 4627 13883 2314 4628 13884 2687 4628 13885 2688 4628 13886 2314 4629 13887 2688 4629 13888 2316 4629 13889 2316 4630 13890 2688 4630 13891 2689 4630 13892 2316 4631 13893 2689 4631 13894 2318 4631 13895 2318 4632 13896 2689 4632 13897 2690 4632 13898 2318 4633 13899 2690 4633 13900 2317 4633 13901 2317 4634 13902 2690 4634 13903 2691 4634 13904 2317 4635 13905 2691 4635 13906 2315 4635 13907 2315 4636 13908 2691 4636 13909 2692 4636 13910 2315 4637 13911 2692 4637 13912 2313 4637 13913 2313 4638 13914 2692 4638 13915 2693 4638 13916 2313 4639 13917 2693 4639 13918 2306 4639 13919 2306 4640 13920 2693 4640 13921 2694 4640 13922 2306 4641 13923 2694 4641 13924 2307 4641 13925 2307 4642 13926 2694 4642 13927 2695 4642 13928 2307 4643 13929 2695 4643 13930 2308 4643 13931 2308 4644 13932 2695 4644 13933 2696 4644 13934 2308 4645 13935 2696 4645 13936 2309 4645 13937 2309 4646 13938 2696 4646 13939 2697 4646 13940 2309 4647 13941 2697 4647 13942 2310 4647 13943 2310 4648 13944 2697 4648 13945 2698 4648 13946 2310 4649 13947 2698 4649 13948 2311 4649 13949 2311 4650 13950 2698 4650 13951 2699 4650 13952 2311 4651 13953 2699 4651 13954 2312 4651 13955 2312 4652 13956 2699 4652 13957 2700 4652 13958 2312 4653 13959 2700 4653 13960 2294 4653 13961 2294 4654 13962 2700 4654 13963 2701 4654 13964 2294 4655 13965 2701 4655 13966 2702 4655 13967 2702 4656 13968 2703 4656 13969 2294 4656 13970 2294 4657 13971 2703 4657 13972 2295 4657 13973 2295 4658 13974 2703 4658 13975 2704 4658 13976 2363 4659 13977 2323 4659 13978 2388 4659 13979 2388 4660 13980 2323 4660 13981 2065 4660 13982 2388 4661 13983 2065 4661 13984 2063 4661 13985 2295 4662 13986 2705 4662 13987 2063 4662 13988 2063 4663 13989 2705 4663 13990 2706 4663 13991 2063 4664 13992 2706 4664 13993 2707 4664 13994 2704 4665 13995 2708 4665 13996 2295 4665 13997 2295 4666 13998 2708 4666 13999 2709 4666 14000 2295 4667 14001 2709 4667 14002 2710 4667 14003 2711 4668 14004 2712 4668 14005 2704 4668 14006 2704 4669 14007 2712 4669 14008 2708 4669 14009 2710 4670 14010 2705 4670 14011 2295 4670 14012 2063 4671 14013 2707 4671 14014 2388 4671 14015 2388 4672 14016 2707 4672 14017 2713 4672 14018 2388 4673 14019 2713 4673 14020 2714 4673 14021 2714 4674 14022 2715 4674 14023 2388 4674 14024 2388 4675 14025 2715 4675 14026 2716 4675 14027 2388 4676 14028 2716 4676 14029 2717 4676 14030 2717 4677 14031 2716 4677 14032 2718 4677 14033 2717 4678 14034 2718 4678 14035 2719 4678 14036 2125 4679 14037 2720 4679 14038 2126 4679 14039 2126 4680 14040 2720 4680 14041 2721 4680 14042 2126 4681 14043 2721 4681 14044 2722 4681 14045 2722 4682 14046 2721 4682 14047 2723 4682 14048 2723 4683 14049 2721 4683 14050 2724 4683 14051 2724 4684 14052 2721 4684 14053 2725 4684 14054 2724 4685 14055 2725 4685 14056 2726 4685 14057 2726 4686 14058 2725 4686 14059 2727 4686 14060 2726 4687 14061 2727 4687 14062 2728 4687 14063 2728 4688 14064 2727 4688 14065 2729 4688 14066 2728 4689 14067 2729 4689 14068 2730 4689 14069 2730 4690 14070 2729 4690 14071 2731 4690 14072 2730 4691 14073 2731 4691 14074 2732 4691 14075 2732 4692 14076 2731 4692 14077 2733 4692 14078 2732 4693 14079 2733 4693 14080 2120 4693 14081 2120 4694 14082 2733 4694 14083 2121 4694 14084 2121 4695 14085 2733 4695 14086 2122 4695 14087 2122 4696 14088 2733 4696 14089 2734 4696 14090 2122 4697 14091 2734 4697 14092 2123 4697 14093 2123 4698 14094 2734 4698 14095 2735 4698 14096 2123 4699 14097 2735 4699 14098 2124 4699 14099 2124 4700 14100 2735 4700 14101 2736 4700 14102 2124 4701 14103 2736 4701 14104 2125 4701 14105 2125 4702 14106 2736 4702 14107 2720 4702 14108 2725 4703 14109 2721 4703 14110 2720 4703 14111 2725 4704 14112 2720 4704 14113 2736 4704 14114 2727 4705 14115 2725 4705 14116 2736 4705 14117 2727 4706 14118 2736 4706 14119 2735 4706 14120 2729 4707 14121 2727 4707 14122 2735 4707 14123 2729 4708 14124 2735 4708 14125 2734 4708 14126 2731 4709 14127 2729 4709 14128 2734 4709 14129 2731 4710 14130 2734 4710 14131 2733 4710 14132 2127 4711 14133 2126 4711 14134 2737 4711 14135 2737 4712 14136 2126 4712 14137 2722 4712 14138 2738 4713 14139 2151 4713 14140 2739 4713 14141 2739 4714 14142 2151 4714 14143 2149 4714 14144 2160 4715 14145 2740 4715 14146 2156 4715 14147 2156 4716 14148 2740 4716 14149 2741 4716 14150 2156 4717 14151 2741 4717 14152 2742 4717 14153 2742 4718 14154 2741 4718 14155 2743 4718 14156 2743 4719 14157 2741 4719 14158 2744 4719 14159 2744 4720 14160 2741 4720 14161 2745 4720 14162 2744 4721 14163 2745 4721 14164 2746 4721 14165 2746 4722 14166 2745 4722 14167 2747 4722 14168 2746 4723 14169 2747 4723 14170 2748 4723 14171 2748 4724 14172 2747 4724 14173 2749 4724 14174 2748 4725 14175 2749 4725 14176 2750 4725 14177 2750 4726 14178 2749 4726 14179 2751 4726 14180 2750 4727 14181 2751 4727 14182 2738 4727 14183 2738 4728 14184 2751 4728 14185 2752 4728 14186 2738 4729 14187 2752 4729 14188 2151 4729 14189 2151 4730 14190 2752 4730 14191 2154 4730 14192 2154 4731 14193 2752 4731 14194 2157 4731 14195 2157 4732 14196 2752 4732 14197 2753 4732 14198 2157 4733 14199 2753 4733 14200 2158 4733 14201 2158 4734 14202 2753 4734 14203 2754 4734 14204 2158 4735 14205 2754 4735 14206 2159 4735 14207 2159 4736 14208 2754 4736 14209 2755 4736 14210 2159 4737 14211 2755 4737 14212 2160 4737 14213 2160 4738 14214 2755 4738 14215 2740 4738 14216 2745 4739 14217 2741 4739 14218 2740 4739 14219 2745 4740 14220 2740 4740 14221 2755 4740 14222 2747 4741 14223 2745 4741 14224 2755 4741 14225 2747 4742 14226 2755 4742 14227 2754 4742 14228 2749 4743 14229 2747 4743 14230 2754 4743 14231 2749 4744 14232 2754 4744 14233 2753 4744 14234 2751 4745 14235 2749 4745 14236 2753 4745 14237 2751 4746 14238 2753 4746 14239 2752 4746 14240 2756 4747 14241 2155 4747 14242 2742 4747 14243 2742 4748 14244 2155 4748 14245 2156 4748 14246 2153 4749 14247 2757 4749 14248 2152 4749 14249 2152 4750 14250 2757 4750 14251 2758 4750 14252 2152 4751 14253 2758 4751 14254 2759 4751 14255 2759 4752 14256 2758 4752 14257 2760 4752 14258 2760 4753 14259 2758 4753 14260 2761 4753 14261 2761 4754 14262 2758 4754 14263 2762 4754 14264 2761 4755 14265 2762 4755 14266 2763 4755 14267 2763 4756 14268 2762 4756 14269 2764 4756 14270 2763 4757 14271 2764 4757 14272 2765 4757 14273 2765 4758 14274 2764 4758 14275 2766 4758 14276 2765 4759 14277 2766 4759 14278 2767 4759 14279 2767 4760 14280 2766 4760 14281 2768 4760 14282 2767 4761 14283 2768 4761 14284 2756 4761 14285 2756 4762 14286 2768 4762 14287 2769 4762 14288 2756 4763 14289 2769 4763 14290 2155 4763 14291 2155 4764 14292 2769 4764 14293 2161 4764 14294 2161 4765 14295 2769 4765 14296 2162 4765 14297 2162 4766 14298 2769 4766 14299 2770 4766 14300 2162 4767 14301 2770 4767 14302 2163 4767 14303 2163 4768 14304 2770 4768 14305 2771 4768 14306 2163 4769 14307 2771 4769 14308 2164 4769 14309 2164 4770 14310 2771 4770 14311 2772 4770 14312 2164 4771 14313 2772 4771 14314 2153 4771 14315 2153 4772 14316 2772 4772 14317 2757 4772 14318 2762 4773 14319 2758 4773 14320 2757 4773 14321 2762 4774 14322 2757 4774 14323 2772 4774 14324 2764 4775 14325 2762 4775 14326 2772 4775 14327 2764 4776 14328 2772 4776 14329 2771 4776 14330 2766 4777 14331 2764 4777 14332 2771 4777 14333 2766 4778 14334 2771 4778 14335 2770 4778 14336 2768 4779 14337 2766 4779 14338 2770 4779 14339 2768 4780 14340 2770 4780 14341 2769 4780 14342 2150 4781 14343 2152 4781 14344 2773 4781 14345 2773 4782 14346 2152 4782 14347 2759 4782 14348 2717 4783 14349 2774 4783 14350 2388 4783 14351 2388 4784 14352 2774 4784 14353 2389 4784 14354 2389 4785 14355 2774 4785 14356 2775 4785 14357 2389 4786 14358 2775 4786 14359 2776 4786 14360 2776 4787 14361 2777 4787 14362 2389 4787 14363 2389 4788 14364 2777 4788 14365 2390 4788 14366 2390 4789 14367 2777 4789 14368 2778 4789 14369 2390 4790 14370 2778 4790 14371 2391 4790 14372 2391 4791 14373 2778 4791 14374 2779 4791 14375 2391 4792 14376 2779 4792 14377 2392 4792 14378 2392 4793 14379 2779 4793 14380 2780 4793 14381 2392 4794 14382 2780 4794 14383 2361 4794 14384 2361 4795 14385 2780 4795 14386 2781 4795 14387 2361 4796 14388 2781 4796 14389 2362 4796 14390 2362 4797 14391 2781 4797 14392 2782 4797 14393 2364 4798 14394 2362 4798 14395 2783 4798 14396 2783 4799 14397 2362 4799 14398 2782 4799 14399 2364 4800 14400 2783 4800 14401 2365 4800 14402 2365 4801 14403 2783 4801 14404 2784 4801 14405 2365 4802 14406 2784 4802 14407 2366 4802 14408 2366 4803 14409 2784 4803 14410 2785 4803 14411 2366 4804 14412 2785 4804 14413 2367 4804 14414 2367 4805 14415 2785 4805 14416 2786 4805 14417 2367 4806 14418 2786 4806 14419 2368 4806 14420 2368 4807 14421 2786 4807 14422 2787 4807 14423 2368 4808 14424 2787 4808 14425 2369 4808 14426 2369 4809 14427 2787 4809 14428 2788 4809 14429 2369 4810 14430 2788 4810 14431 2370 4810 14432 2370 4811 14433 2788 4811 14434 2789 4811 14435 2790 4812 14436 2382 4812 14437 2791 4812 14438 2791 4813 14439 2382 4813 14440 2381 4813 14441 2791 4814 14442 2381 4814 14443 2792 4814 14444 2792 4815 14445 2381 4815 14446 2380 4815 14447 2792 4816 14448 2380 4816 14449 2793 4816 14450 2793 4817 14451 2380 4817 14452 2374 4817 14453 2793 4818 14454 2374 4818 14455 2794 4818 14456 2794 4819 14457 2374 4819 14458 2376 4819 14459 2794 4820 14460 2376 4820 14461 2795 4820 14462 2795 4821 14463 2376 4821 14464 2378 4821 14465 2795 4822 14466 2378 4822 14467 2796 4822 14468 2796 4823 14469 2378 4823 14470 2379 4823 14471 2796 4824 14472 2379 4824 14473 2797 4824 14474 2797 4825 14475 2379 4825 14476 2377 4825 14477 2797 4826 14478 2377 4826 14479 2798 4826 14480 2798 4827 14481 2377 4827 14482 2375 4827 14483 2798 4828 14484 2375 4828 14485 2799 4828 14486 2799 4829 14487 2375 4829 14488 2373 4829 14489 2799 4830 14490 2373 4830 14491 2800 4830 14492 2800 4831 14493 2373 4831 14494 2372 4831 14495 2800 4832 14496 2372 4832 14497 2801 4832 14498 2801 4833 14499 2372 4833 14500 2371 4833 14501 2801 4834 14502 2371 4834 14503 2789 4834 14504 2789 4835 14505 2371 4835 14506 2370 4835 14507 2802 4836 14508 2803 4836 14509 2387 4836 14510 2387 4837 14511 2803 4837 14512 2090 4837 14513 2387 4838 14514 2090 4838 14515 2092 4838 14516 2077 4839 14517 2068 4839 14518 2092 4839 14519 2092 4840 14520 2068 4840 14521 2387 4840 14522 2387 4841 14523 2386 4841 14524 2802 4841 14525 2802 4842 14526 2386 4842 14527 2804 4842 14528 2804 4843 14529 2386 4843 14530 2385 4843 14531 2804 4844 14532 2385 4844 14533 2805 4844 14534 2805 4845 14535 2385 4845 14536 2384 4845 14537 2805 4846 14538 2384 4846 14539 2806 4846 14540 2806 4847 14541 2384 4847 14542 2383 4847 14543 2806 4848 14544 2383 4848 14545 2807 4848 14546 2807 4849 14547 2383 4849 14548 2382 4849 14549 2807 4850 14550 2382 4850 14551 2790 4850 14552 2090 4851 14553 2803 4851 14554 2091 4851 14555 2091 4852 14556 2803 4852 14557 2808 4852 14558 2102 4853 14559 2086 4853 14560 2100 4853 14561 2100 4854 14562 2086 4854 14563 2087 4854 14564 2100 4855 14565 2087 4855 14566 2088 4855 14567 2082 4856 14568 2081 4856 14569 2102 4856 14570 2102 4857 14571 2081 4857 14572 2083 4857 14573 2102 4858 14574 2083 4858 14575 2084 4858 14576 2084 4859 14577 2085 4859 14578 2102 4859 14579 2102 4860 14580 2085 4860 14581 2086 4860 14582 2100 4861 14583 2088 4861 14584 2120 4861 14585 2120 4862 14586 2088 4862 14587 2089 4862 14588 2120 4863 14589 2089 4863 14590 2097 4863 14591 2097 4864 14592 2096 4864 14593 2120 4864 14594 2120 4865 14595 2096 4865 14596 2732 4865 14597 2732 4866 14598 2096 4866 14599 2095 4866 14600 2732 4867 14601 2095 4867 14602 2094 4867 14603 2094 4868 14604 2093 4868 14605 2732 4868 14606 2732 4869 14607 2093 4869 14608 2091 4869 14609 2732 4870 14610 2091 4870 14611 2808 4870 14612 2809 4871 14613 2810 4871 14614 2811 4871 14615 2811 4872 14616 2810 4872 14617 2812 4872 14618 2812 4873 14619 2810 4873 14620 2813 4873 14621 2814 4874 14622 2815 4874 14623 2137 4874 14624 2137 4875 14625 2815 4875 14626 2185 4875 14627 2137 4876 14628 2185 4876 14629 2133 4876 14630 2133 4877 14631 2185 4877 14632 2183 4877 14633 2133 4878 14634 2183 4878 14635 2181 4878 14636 2133 4879 14637 2181 4879 14638 2198 4879 14639 2198 4880 14640 2181 4880 14641 2179 4880 14642 2198 4881 14643 2179 4881 14644 2176 4881 14645 2176 4882 14646 2174 4882 14647 2198 4882 14648 2198 4883 14649 2174 4883 14650 2170 4883 14651 2198 4884 14652 2170 4884 14653 2172 4884 14654 2814 4885 14655 2137 4885 14656 2816 4885 14657 2816 4886 14658 2137 4886 14659 2817 4886 14660 2816 4887 14661 2817 4887 14662 2818 4887 14663 2818 4888 14664 2817 4888 14665 2819 4888 14666 2819 4889 14667 2817 4889 14668 2820 4889 14669 2820 4890 14670 2817 4890 14671 2810 4890 14672 2810 4891 14673 2817 4891 14674 2813 4891 14675 2817 4892 14676 2137 4892 14677 2821 4892 14678 2821 4893 14679 2137 4893 14680 2822 4893 14681 2821 4894 14682 2822 4894 14683 2823 4894 14684 2823 4895 14685 2822 4895 14686 2824 4895 14687 2823 4896 14688 2824 4896 14689 2825 4896 14690 2825 4897 14691 2824 4897 14692 2826 4897 14693 2825 4898 14694 2826 4898 14695 2827 4898 14696 2827 4899 14697 2826 4899 14698 2828 4899 14699 2827 4900 14700 2828 4900 14701 2829 4900 14702 2829 4901 14703 2828 4901 14704 2830 4901 14705 2829 4902 14706 2830 4902 14707 2831 4902 14708 2831 4903 14709 2830 4903 14710 2737 4903 14711 2737 4904 14712 2830 4904 14713 2832 4904 14714 2737 4905 14715 2832 4905 14716 2127 4905 14717 2127 4906 14718 2832 4906 14719 2129 4906 14720 2129 4907 14721 2832 4907 14722 2131 4907 14723 2131 4908 14724 2832 4908 14725 2833 4908 14726 2131 4909 14727 2833 4909 14728 2136 4909 14729 2136 4910 14730 2833 4910 14731 2834 4910 14732 2136 4911 14733 2834 4911 14734 2138 4911 14735 2138 4912 14736 2834 4912 14737 2835 4912 14738 2138 4913 14739 2835 4913 14740 2139 4913 14741 2139 4914 14742 2835 4914 14743 2836 4914 14744 2139 4915 14745 2836 4915 14746 2137 4915 14747 2137 4916 14748 2836 4916 14749 2822 4916 14750 2824 4917 14751 2822 4917 14752 2836 4917 14753 2824 4918 14754 2836 4918 14755 2835 4918 14756 2826 4919 14757 2824 4919 14758 2835 4919 14759 2826 4920 14760 2835 4920 14761 2834 4920 14762 2828 4921 14763 2826 4921 14764 2834 4921 14765 2828 4922 14766 2834 4922 14767 2833 4922 14768 2830 4923 14769 2828 4923 14770 2833 4923 14771 2830 4924 14772 2833 4924 14773 2832 4924 14774 2739 4925 14775 2149 4925 14776 2837 4925 14777 2837 4926 14778 2149 4926 14779 2838 4926 14780 2837 4927 14781 2838 4927 14782 2839 4927 14783 2839 4928 14784 2838 4928 14785 2840 4928 14786 2839 4929 14787 2840 4929 14788 2841 4929 14789 2841 4930 14790 2840 4930 14791 2842 4930 14792 2841 4931 14793 2842 4931 14794 2843 4931 14795 2843 4932 14796 2842 4932 14797 2844 4932 14798 2843 4933 14799 2844 4933 14800 2845 4933 14801 2845 4934 14802 2844 4934 14803 2846 4934 14804 2845 4935 14805 2846 4935 14806 2847 4935 14807 2847 4936 14808 2846 4936 14809 2848 4936 14810 2848 4937 14811 2846 4937 14812 2849 4937 14813 2848 4938 14814 2849 4938 14815 2140 4938 14816 2140 4939 14817 2849 4939 14818 2145 4939 14819 2145 4940 14820 2849 4940 14821 2146 4940 14822 2146 4941 14823 2849 4941 14824 2850 4941 14825 2146 4942 14826 2850 4942 14827 2147 4942 14828 2147 4943 14829 2850 4943 14830 2851 4943 14831 2147 4944 14832 2851 4944 14833 2148 4944 14834 2148 4945 14835 2851 4945 14836 2852 4945 14837 2148 4946 14838 2852 4946 14839 2141 4946 14840 2141 4947 14841 2852 4947 14842 2853 4947 14843 2141 4948 14844 2853 4948 14845 2149 4948 14846 2149 4949 14847 2853 4949 14848 2838 4949 14849 2840 4950 14850 2838 4950 14851 2853 4950 14852 2840 4951 14853 2853 4951 14854 2852 4951 14855 2842 4952 14856 2840 4952 14857 2852 4952 14858 2842 4953 14859 2852 4953 14860 2851 4953 14861 2844 4954 14862 2842 4954 14863 2851 4954 14864 2844 4955 14865 2851 4955 14866 2850 4955 14867 2846 4956 14868 2844 4956 14869 2850 4956 14870 2846 4957 14871 2850 4957 14872 2849 4957 14873 2140 4958 14874 2142 4958 14875 2848 4958 14876 2848 4959 14877 2142 4959 14878 2854 4959 14879 2854 4960 14880 2142 4960 14881 2855 4960 14882 2855 4961 14883 2142 4961 14884 2856 4961 14885 2855 4962 14886 2856 4962 14887 2857 4962 14888 2857 4963 14889 2856 4963 14890 2858 4963 14891 2857 4964 14892 2858 4964 14893 2859 4964 14894 2859 4965 14895 2858 4965 14896 2860 4965 14897 2859 4966 14898 2860 4966 14899 2861 4966 14900 2861 4967 14901 2860 4967 14902 2862 4967 14903 2861 4968 14904 2862 4968 14905 2863 4968 14906 2863 4969 14907 2862 4969 14908 2864 4969 14909 2863 4970 14910 2864 4970 14911 2865 4970 14912 2865 4971 14913 2864 4971 14914 2773 4971 14915 2773 4972 14916 2864 4972 14917 2866 4972 14918 2773 4973 14919 2866 4973 14920 2150 4973 14921 2150 4974 14922 2866 4974 14923 2143 4974 14924 2143 4975 14925 2866 4975 14926 2144 4975 14927 2144 4976 14928 2866 4976 14929 2867 4976 14930 2144 4977 14931 2867 4977 14932 2165 4977 14933 2165 4978 14934 2867 4978 14935 2868 4978 14936 2165 4979 14937 2868 4979 14938 2166 4979 14939 2166 4980 14940 2868 4980 14941 2869 4980 14942 2166 4981 14943 2869 4981 14944 2167 4981 14945 2167 4982 14946 2869 4982 14947 2870 4982 14948 2167 4983 14949 2870 4983 14950 2142 4983 14951 2142 4984 14952 2870 4984 14953 2856 4984 14954 2858 4985 14955 2856 4985 14956 2870 4985 14957 2858 4986 14958 2870 4986 14959 2869 4986 14960 2860 4987 14961 2858 4987 14962 2869 4987 14963 2860 4988 14964 2869 4988 14965 2868 4988 14966 2862 4989 14967 2860 4989 14968 2868 4989 14969 2862 4990 14970 2868 4990 14971 2867 4990 14972 2864 4991 14973 2862 4991 14974 2867 4991 14975 2864 4992 14976 2867 4992 14977 2866 4992 14978 2809 4993 14979 2871 4993 14980 2810 4993 14981 2810 4994 14982 2871 4994 14983 2820 4994 14984 2820 4995 14985 2871 4995 14986 2872 4995 14987 2820 4996 14988 2872 4996 14989 2819 4996 14990 2819 4997 14991 2872 4997 14992 2873 4997 14993 2819 4998 14994 2873 4998 14995 2874 4998 14996 2819 4999 14997 2874 4999 14998 2818 4999 14999 2818 5000 15000 2874 5000 15001 2875 5000 15002 2818 5001 15003 2875 5001 15004 2816 5001 15005 2816 5002 15006 2875 5002 15007 2876 5002 15008 2816 5003 15009 2876 5003 15010 2814 5003 15011 2814 5004 15012 2876 5004 15013 2877 5004 15014 2814 5005 15015 2877 5005 15016 2815 5005 15017 2815 5006 15018 2877 5006 15019 2878 5006 15020 2878 5007 15021 2186 5007 15022 2815 5007 15023 2815 5008 15024 2186 5008 15025 2185 5008 15026 2191 5009 15027 2193 5009 15028 2456 5009 15029 2456 5010 15030 2193 5010 15031 2195 5010 15032 2456 5011 15033 2195 5011 15034 2197 5011 15035 2456 5012 15036 2197 5012 15037 2879 5012 15038 2879 5013 15039 2197 5013 15040 2198 5013 15041 2879 5014 15042 2198 5014 15043 2880 5014 15044 2880 5015 15045 2198 5015 15046 2172 5015 15047 2880 5016 15048 2172 5016 15049 2171 5016 15050 2880 5017 15051 2171 5017 15052 2881 5017 15053 2881 5018 15054 2171 5018 15055 2169 5018 15056 2881 5019 15057 2169 5019 15058 2168 5019 15059 2881 5020 15060 2168 5020 15061 2882 5020 15062 2882 5021 15063 2168 5021 15064 2173 5021 15065 2882 5022 15066 2173 5022 15067 2883 5022 15068 2883 5023 15069 2173 5023 15070 2175 5023 15071 2883 5024 15072 2175 5024 15073 2177 5024 15074 2883 5025 15075 2177 5025 15076 2884 5025 15077 2884 5026 15078 2177 5026 15079 2178 5026 15080 2884 5027 15081 2178 5027 15082 2180 5027 15083 2884 5028 15084 2180 5028 15085 2885 5028 15086 2885 5029 15087 2180 5029 15088 2182 5029 15089 2885 5030 15090 2182 5030 15091 2184 5030 15092 2184 5031 15093 2186 5031 15094 2885 5031 15095 2885 5032 15096 2886 5032 15097 2884 5032 15098 2884 5033 15099 2886 5033 15100 2883 5033 15101 2886 5034 15102 2887 5034 15103 2883 5034 15104 2883 5035 15105 2887 5035 15106 2882 5035 15107 2887 5036 15108 2888 5036 15109 2882 5036 15110 2882 5037 15111 2888 5037 15112 2881 5037 15113 2888 5038 15114 2889 5038 15115 2881 5038 15116 2881 5039 15117 2889 5039 15118 2880 5039 15119 2889 5040 15120 2879 5040 15121 2880 5040 15122 2 5041 15123 19 5041 15124 1067 5041 15125 1067 5042 15126 19 5042 15127 2452 5042 15128 1085 5043 15129 2451 5043 15130 18 5043 15131 18 5044 15132 2451 5044 15133 20 5044 15134 2451 5045 15135 2488 5045 15136 20 5045 15137 20 5046 15138 2488 5046 15139 2489 5046 15140 20 5047 15141 2489 5047 15142 24 5047 15143 24 5048 15144 2489 5048 15145 2491 5048 15146 24 5049 15147 2491 5049 15148 25 5049 15149 25 5050 15150 2491 5050 15151 2519 5050 15152 25 5051 15153 2519 5051 15154 26 5051 15155 26 5052 15156 2519 5052 15157 2517 5052 15158 26 5053 15159 2517 5053 15160 22 5053 15161 22 5054 15162 2517 5054 15163 2516 5054 15164 22 5055 15165 2516 5055 15166 23 5055 15167 23 5056 15168 2516 5056 15169 2515 5056 15170 23 5057 15171 2515 5057 15172 27 5057 15173 27 5058 15174 2515 5058 15175 2514 5058 15176 2488 5059 15177 2451 5059 15178 2487 5059 15179 2487 5060 15180 2451 5060 15181 2450 5060 15182 2487 5061 15183 2450 5061 15184 2449 5061 15185 2204 5062 15186 2206 5062 15187 2449 5062 15188 2449 5063 15189 2206 5063 15190 2487 5063 15191 2514 5064 15192 2228 5064 15193 27 5064 15194 27 5065 15195 2228 5065 15196 2230 5065 15197 27 5066 15198 2230 5066 15199 2232 5066 15200 2223 5067 15201 2221 5067 15202 2514 5067 15203 2514 5068 15204 2221 5068 15205 2224 5068 15206 2514 5069 15207 2224 5069 15208 2226 5069 15209 2226 5070 15210 2228 5070 15211 2514 5070 15212 2232 5071 15213 2234 5071 15214 27 5071 15215 27 5072 15216 2234 5072 15217 28 5072 15218 28 5073 15219 2234 5073 15220 2236 5073 15221 28 5074 15222 2236 5074 15223 2250 5074 15224 2250 5075 15225 2248 5075 15226 28 5075 15227 28 5076 15228 2248 5076 15229 2246 5076 15230 28 5077 15231 2246 5077 15232 2244 5077 15233 2244 5078 15234 2242 5078 15235 28 5078 15236 2242 5079 15237 2239 5079 15238 28 5079 15239 28 5080 15240 2239 5080 15241 2238 5080 15242 28 5081 15243 2238 5081 15244 30 5081 15245 30 5082 15246 2238 5082 15247 2661 5082 15248 30 5083 15249 2661 5083 15250 2890 5083 15251 30 5084 15252 2890 5084 15253 31 5084 15254 31 5085 15255 2890 5085 15256 2891 5085 15257 31 5086 15258 2891 5086 15259 32 5086 15260 32 5087 15261 2891 5087 15262 2892 5087 15263 32 5088 15264 2892 5088 15265 33 5088 15266 33 5089 15267 2892 5089 15268 2893 5089 15269 33 5090 15270 2893 5090 15271 34 5090 15272 34 5091 15273 2893 5091 15274 2894 5091 15275 34 5092 15276 2894 5092 15277 29 5092 15278 29 5093 15279 2894 5093 15280 2256 5093 15281 2256 5094 15282 2894 5094 15283 1398 5094 15284 2256 5095 15285 1398 5095 15286 2255 5095 15287 2255 5096 15288 1398 5096 15289 2254 5096 15290 2254 5097 15291 1398 5097 15292 1399 5097 15293 2256 5098 15294 879 5098 15295 29 5098 15296 29 5099 15297 879 5099 15298 36 5099 15299 50 5100 15300 37 5100 15301 2253 5100 15302 2253 5101 15303 37 5101 15304 885 5101 15305 50 5102 15306 2253 5102 15307 53 5102 15308 53 5103 15309 2253 5103 15310 2895 5103 15311 53 5104 15312 2895 5104 15313 2896 5104 15314 2895 5105 15315 2253 5105 15316 1374 5105 15317 1374 5106 15318 2253 5106 15319 2252 5106 15320 1374 5107 15321 2252 5107 15322 2251 5107 15323 2251 5108 15324 1375 5108 15325 1374 5108 15326 53 5109 15327 2896 5109 15328 54 5109 15329 54 5110 15330 2896 5110 15331 2897 5110 15332 54 5111 15333 2897 5111 15334 55 5111 15335 55 5112 15336 2897 5112 15337 2898 5112 15338 55 5113 15339 2898 5113 15340 56 5113 15341 56 5114 15342 2898 5114 15343 2899 5114 15344 56 5115 15345 2899 5115 15346 51 5115 15347 51 5116 15348 2899 5116 15349 2900 5116 15350 51 5117 15351 2900 5117 15352 52 5117 15353 57 5118 15354 52 5118 15355 2901 5118 15356 2901 5119 15357 52 5119 15358 2900 5119 15359 63 5120 15360 2902 5120 15361 60 5120 15362 60 5121 15363 2902 5121 15364 2903 5121 15365 60 5122 15366 2903 5122 15367 2264 5122 15368 2264 5123 15369 2903 5123 15370 2904 5123 15371 2264 5124 15372 2904 5124 15373 2263 5124 15374 2263 5125 15375 2904 5125 15376 2262 5125 15377 2262 5126 15378 2904 5126 15379 2664 5126 15380 2262 5127 15381 2664 5127 15382 2261 5127 15383 2902 5128 15384 63 5128 15385 2905 5128 15386 2905 5129 15387 63 5129 15388 62 5129 15389 2905 5130 15390 62 5130 15391 2906 5130 15392 2906 5131 15393 62 5131 15394 61 5131 15395 2906 5132 15396 61 5132 15397 2907 5132 15398 2907 5133 15399 61 5133 15400 59 5133 15401 2907 5134 15402 59 5134 15403 2908 5134 15404 2908 5135 15405 59 5135 15406 58 5135 15407 2908 5136 15408 58 5136 15409 2909 5136 15410 2909 5137 15411 58 5137 15412 57 5137 15413 2909 5138 15414 57 5138 15415 2901 5138 15416 65 5139 15417 60 5139 15418 1048 5139 15419 1048 5140 15420 60 5140 15421 2264 5140 15422 2260 5141 15423 64 5141 15424 1066 5141 15425 1066 5142 15426 64 5142 15427 66 5142 15428 2259 5143 15429 84 5143 15430 2260 5143 15431 2260 5144 15432 84 5144 15433 64 5144 15434 85 5145 15435 84 5145 15436 2258 5145 15437 2258 5146 15438 84 5146 15439 2259 5146 15440 86 5147 15441 85 5147 15442 2257 5147 15443 2257 5148 15444 85 5148 15445 2258 5148 15446 2266 5149 15447 87 5149 15448 2257 5149 15449 2257 5150 15450 87 5150 15451 86 5150 15452 2279 5151 15453 2281 5151 15454 2278 5151 15455 2278 5152 15456 2281 5152 15457 90 5152 15458 2278 5153 15459 90 5153 15460 2266 5153 15461 2266 5154 15462 90 5154 15463 87 5154 15464 2265 5155 15465 2267 5155 15466 2266 5155 15467 2266 5156 15468 2267 5156 15469 2278 5156 15470 89 5157 15471 90 5157 15472 2280 5157 15473 2280 5158 15474 90 5158 15475 2281 5158 15476 88 5159 15477 89 5159 15478 2325 5159 15479 2325 5160 15480 89 5160 15481 2288 5160 15482 2325 5161 15483 2288 5161 15484 2296 5161 15485 89 5162 15486 2280 5162 15487 2288 5162 15488 2288 5163 15489 2280 5163 15490 2282 5163 15491 2296 5164 15492 2319 5164 15493 2325 5164 15494 2324 5165 15495 92 5165 15496 2325 5165 15497 2325 5166 15498 92 5166 15499 88 5166 15500 2326 5167 15501 95 5167 15502 2324 5167 15503 2324 5168 15504 95 5168 15505 92 5168 15506 94 5169 15507 95 5169 15508 2320 5169 15509 2320 5170 15510 95 5170 15511 2326 5170 15512 93 5171 15513 94 5171 15514 2321 5171 15515 2321 5172 15516 94 5172 15517 2320 5172 15518 93 5173 15519 2321 5173 15520 97 5173 15521 97 5174 15522 2321 5174 15523 2330 5174 15524 2322 5175 15525 96 5175 15526 2327 5175 15527 2327 5176 15528 96 5176 15529 98 5176 15530 2327 5177 15531 98 5177 15532 2328 5177 15533 2328 5178 15534 98 5178 15535 99 5178 15536 2328 5179 15537 99 5179 15538 2329 5179 15539 2329 5180 15540 99 5180 15541 100 5180 15542 2329 5181 15543 100 5181 15544 2331 5181 15545 2331 5182 15546 100 5182 15547 101 5182 15548 2331 5183 15549 101 5183 15550 2332 5183 15551 2332 5184 15552 101 5184 15553 102 5184 15554 2332 5185 15555 102 5185 15556 2333 5185 15557 2333 5186 15558 102 5186 15559 103 5186 15560 2333 5187 15561 103 5187 15562 2335 5187 15563 2335 5188 15564 103 5188 15565 104 5188 15566 2335 5189 15567 104 5189 15568 2337 5189 15569 2337 5190 15570 104 5190 15571 106 5190 15572 2337 5191 15573 106 5191 15574 2339 5191 15575 2339 5192 15576 106 5192 15577 108 5192 15578 2339 5193 15579 108 5193 15580 2341 5193 15581 2341 5194 15582 108 5194 15583 110 5194 15584 2341 5195 15585 110 5195 15586 2343 5195 15587 2343 5196 15588 110 5196 15589 112 5196 15590 2343 5197 15591 112 5197 15592 2344 5197 15593 2344 5198 15594 112 5198 15595 114 5198 15596 2344 5199 15597 114 5199 15598 2342 5199 15599 2342 5200 15600 114 5200 15601 113 5200 15602 2342 5201 15603 113 5201 15604 2340 5201 15605 2340 5202 15606 113 5202 15607 111 5202 15608 2340 5203 15609 111 5203 15610 2338 5203 15611 2338 5204 15612 111 5204 15613 109 5204 15614 2338 5205 15615 109 5205 15616 2336 5205 15617 2336 5206 15618 109 5206 15619 107 5206 15620 2336 5207 15621 107 5207 15622 2334 5207 15623 2334 5208 15624 107 5208 15625 105 5208 15626 2334 5209 15627 105 5209 15628 2330 5209 15629 2330 5210 15630 105 5210 15631 97 5210 15632 2322 5211 15633 2323 5211 15634 96 5211 15635 96 5212 15636 2323 5212 15637 115 5212 15638 115 5213 15639 2323 5213 15640 947 5213 15641 947 5214 15642 2323 5214 15643 2363 5214 15644 2409 5215 15645 118 5215 15646 2347 5215 15647 2347 5216 15648 118 5216 15649 116 5216 15650 2347 5217 15651 116 5217 15652 929 5217 15653 929 5218 15654 2348 5218 15655 2347 5218 15656 2411 5219 15657 120 5219 15658 2414 5219 15659 2414 5220 15660 120 5220 15661 132 5220 15662 2414 5221 15663 132 5221 15664 2419 5221 15665 2419 5222 15666 132 5222 15667 134 5222 15668 2419 5223 15669 134 5223 15670 2421 5223 15671 2421 5224 15672 134 5224 15673 136 5224 15674 2421 5225 15675 136 5225 15676 2423 5225 15677 2423 5226 15678 136 5226 15679 138 5226 15680 2423 5227 15681 138 5227 15682 2425 5227 15683 2425 5228 15684 138 5228 15685 140 5228 15686 2425 5229 15687 140 5229 15688 2426 5229 15689 2426 5230 15690 140 5230 15691 142 5230 15692 2426 5231 15693 142 5231 15694 2424 5231 15695 2424 5232 15696 142 5232 15697 141 5232 15698 2424 5233 15699 141 5233 15700 2422 5233 15701 2422 5234 15702 141 5234 15703 139 5234 15704 2422 5235 15705 139 5235 15706 2420 5235 15707 2420 5236 15708 139 5236 15709 137 5236 15710 2420 5237 15711 137 5237 15712 2418 5237 15713 2418 5238 15714 137 5238 15715 135 5238 15716 2418 5239 15717 135 5239 15718 2415 5239 15719 2415 5240 15720 135 5240 15721 133 5240 15722 2415 5241 15723 133 5241 15724 2416 5241 15725 2416 5242 15726 133 5242 15727 131 5242 15728 2416 5243 15729 131 5243 15730 2417 5243 15731 2417 5244 15732 131 5244 15733 130 5244 15734 2417 5245 15735 130 5245 15736 2427 5245 15737 2427 5246 15738 130 5246 15739 129 5246 15740 2427 5247 15741 129 5247 15742 2428 5247 15743 2428 5248 15744 129 5248 15745 128 5248 15746 2428 5249 15747 128 5249 15748 2429 5249 15749 2429 5250 15750 128 5250 15751 122 5250 15752 2429 5251 15753 122 5251 15754 2430 5251 15755 2430 5252 15756 122 5252 15757 121 5252 15758 2430 5253 15759 121 5253 15760 2409 5253 15761 2409 5254 15762 121 5254 15763 118 5254 15764 2411 5255 15765 2410 5255 15766 120 5255 15767 120 5256 15768 2410 5256 15769 119 5256 15770 2413 5257 15771 143 5257 15772 2410 5257 15773 2410 5258 15774 143 5258 15775 119 5258 15776 2413 5259 15777 2412 5259 15778 143 5259 15779 143 5260 15780 2412 5260 15781 144 5260 15782 2412 5261 15783 2408 5261 15784 144 5261 15785 144 5262 15786 2408 5262 15787 145 5262 15788 146 5263 15789 145 5263 15790 2407 5263 15791 2407 5264 15792 145 5264 15793 2408 5264 15794 2404 5265 15795 2446 5265 15796 2403 5265 15797 2403 5266 15798 2446 5266 15799 149 5266 15800 2403 5267 15801 149 5267 15802 2407 5267 15803 2407 5268 15804 149 5268 15805 146 5268 15806 2405 5269 15807 2406 5269 15808 2407 5269 15809 2407 5270 15810 2406 5270 15811 2403 5270 15812 2446 5271 15813 2445 5271 15814 149 5271 15815 149 5272 15816 2445 5272 15817 148 5272 15818 147 5273 15819 148 5273 15820 2447 5273 15821 2447 5274 15822 148 5274 15823 2433 5274 15824 2447 5275 15825 2433 5275 15826 2432 5275 15827 148 5276 15828 2445 5276 15829 2433 5276 15830 2433 5277 15831 2445 5277 15832 2439 5277 15833 2432 5278 15834 2431 5278 15835 2447 5278 15836 150 5279 15837 147 5279 15838 2448 5279 15839 2448 5280 15840 147 5280 15841 2447 5280 15842 2454 5281 15843 152 5281 15844 2448 5281 15845 2448 5282 15846 152 5282 15847 150 5282 15848 2454 5283 15849 2453 5283 15850 152 5283 15851 152 5284 15852 2453 5284 15853 151 5284 15854 2453 5285 15855 2452 5285 15856 151 5285 15857 151 5286 15858 2452 5286 15859 19 5286 15860 153 5287 15861 2910 5287 15862 154 5287 15863 154 5288 15864 2910 5288 15865 1426 5288 15866 154 5289 15867 1426 5289 15868 1428 5289 15869 2911 5290 15870 1416 5290 15871 2910 5290 15872 2910 5291 15873 1416 5291 15874 1418 5291 15875 2910 5292 15876 1418 5292 15877 1420 5292 15878 2912 5293 15879 1404 5293 15880 2911 5293 15881 2911 5294 15882 1404 5294 15883 1406 5294 15884 2911 5295 15885 1406 5295 15886 1408 5295 15887 2913 5296 15888 2483 5296 15889 2912 5296 15890 2912 5297 15891 2483 5297 15892 1402 5297 15893 2912 5298 15894 1402 5298 15895 1404 5298 15896 2483 5299 15897 2913 5299 15898 2484 5299 15899 2484 5300 15900 2913 5300 15901 2914 5300 15902 2484 5301 15903 2914 5301 15904 2485 5301 15905 2485 5302 15906 2914 5302 15907 2915 5302 15908 2485 5303 15909 2915 5303 15910 2490 5303 15911 2490 5304 15912 2915 5304 15913 2518 5304 15914 2518 5305 15915 2915 5305 15916 2916 5305 15917 2490 5306 15918 2486 5306 15919 2485 5306 15920 1402 5307 15921 2483 5307 15922 1400 5307 15923 1400 5308 15924 2483 5308 15925 2482 5308 15926 1400 5309 15927 2482 5309 15928 1446 5309 15929 1446 5310 15930 2482 5310 15931 2481 5310 15932 1446 5311 15933 2481 5311 15934 1444 5311 15935 1444 5312 15936 2481 5312 15937 2480 5312 15938 1444 5313 15939 2480 5313 15940 1442 5313 15941 1442 5314 15942 2480 5314 15943 1440 5314 15944 1440 5315 15945 2480 5315 15946 2479 5315 15947 1440 5316 15948 2479 5316 15949 1438 5316 15950 1438 5317 15951 2479 5317 15952 1436 5317 15953 1436 5318 15954 2479 5318 15955 1434 5318 15956 1434 5319 15957 2479 5319 15958 1432 5319 15959 1432 5320 15960 2479 5320 15961 1430 5320 15962 1430 5321 15963 2479 5321 15964 1470 5321 15965 1430 5322 15966 1470 5322 15967 154 5322 15968 154 5323 15969 1470 5323 15970 1472 5323 15971 154 5324 15972 1472 5324 15973 533 5324 15974 533 5325 15975 1472 5325 15976 1474 5325 15977 533 5326 15978 1474 5326 15979 2917 5326 15980 2917 5327 15981 1474 5327 15982 1476 5327 15983 2917 5328 15984 1476 5328 15985 1478 5328 15986 2478 5329 15987 2465 5329 15988 2479 5329 15989 2479 5330 15990 2465 5330 15991 2464 5330 15992 2479 5331 15993 2464 5331 15994 1464 5331 15995 1464 5332 15996 2464 5332 15997 1462 5332 15998 1462 5333 15999 2464 5333 16000 1460 5333 16001 1460 5334 16002 2464 5334 16003 1458 5334 16004 1458 5335 16005 2464 5335 16006 2463 5335 16007 1458 5336 16008 2463 5336 16009 1456 5336 16010 1456 5337 16011 2463 5337 16012 2462 5337 16013 1456 5338 16014 2462 5338 16015 1454 5338 16016 1454 5339 16017 2462 5339 16018 2461 5339 16019 1454 5340 16020 2461 5340 16021 1452 5340 16022 1452 5341 16023 2461 5341 16024 2460 5341 16025 1452 5342 16026 2460 5342 16027 1450 5342 16028 1450 5343 16029 2460 5343 16030 2886 5343 16031 1450 5344 16032 2886 5344 16033 1448 5344 16034 1448 5345 16035 2886 5345 16036 2885 5345 16037 1448 5346 16038 2885 5346 16039 1494 5346 16040 1494 5347 16041 2885 5347 16042 1492 5347 16043 1492 5348 16044 2885 5348 16045 1490 5348 16046 1490 5349 16047 2885 5349 16048 1488 5349 16049 1488 5350 16050 2885 5350 16051 1486 5350 16052 1486 5351 16053 2885 5351 16054 1484 5351 16055 1484 5352 16056 2885 5352 16057 2917 5352 16058 1484 5353 16059 2917 5353 16060 1482 5353 16061 1482 5354 16062 2917 5354 16063 1480 5354 16064 1480 5355 16065 2917 5355 16066 1478 5355 16067 2465 5356 16068 2478 5356 16069 2466 5356 16070 2466 5357 16071 2478 5357 16072 2477 5357 16073 2466 5358 16074 2477 5358 16075 2476 5358 16076 2466 5359 16077 2476 5359 16078 2467 5359 16079 2467 5360 16080 2476 5360 16081 2475 5360 16082 2467 5361 16083 2475 5361 16084 2468 5361 16085 2468 5362 16086 2475 5362 16087 2469 5362 16088 2469 5363 16089 2475 5363 16090 2471 5363 16091 2469 5364 16092 2471 5364 16093 2470 5364 16094 2475 5365 16095 2474 5365 16096 2471 5365 16097 2471 5366 16098 2474 5366 16099 2472 5366 16100 2472 5367 16101 2474 5367 16102 2473 5367 16103 2886 5368 16104 2460 5368 16105 2887 5368 16106 2887 5369 16107 2460 5369 16108 2459 5369 16109 2887 5370 16110 2459 5370 16111 2888 5370 16112 2888 5371 16113 2459 5371 16114 2889 5371 16115 2889 5372 16116 2459 5372 16117 2458 5372 16118 2889 5373 16119 2458 5373 16120 2456 5373 16121 2456 5374 16122 2458 5374 16123 2455 5374 16124 2455 5375 16125 2458 5375 16126 2457 5375 16127 2456 5376 16128 2879 5376 16129 2889 5376 16130 1464 5377 16131 1466 5377 16132 2479 5377 16133 2479 5378 16134 1466 5378 16135 1468 5378 16136 2479 5379 16137 1468 5379 16138 1470 5379 16139 1408 5380 16140 1410 5380 16141 2911 5380 16142 2911 5381 16143 1410 5381 16144 1412 5381 16145 2911 5382 16146 1412 5382 16147 1414 5382 16148 1414 5383 16149 1416 5383 16150 2911 5383 16151 1420 5384 16152 1422 5384 16153 2910 5384 16154 2910 5385 16155 1422 5385 16156 1424 5385 16157 2910 5386 16158 1424 5386 16159 1426 5386 16160 1428 5387 16161 1430 5387 16162 154 5387 16163 2533 5388 16164 2531 5388 16165 2911 5388 16166 2911 5389 16167 2531 5389 16168 2529 5389 16169 2911 5390 16170 2529 5390 16171 2527 5390 16172 2525 5391 16173 2918 5391 16174 2527 5391 16175 2527 5392 16176 2918 5392 16177 2912 5392 16178 2527 5393 16179 2912 5393 16180 2911 5393 16181 2525 5394 16182 2524 5394 16183 2918 5394 16184 2918 5395 16185 2524 5395 16186 2919 5395 16187 2918 5396 16188 2919 5396 16189 2913 5396 16190 2913 5397 16191 2919 5397 16192 2914 5397 16193 2914 5398 16194 2919 5398 16195 2920 5398 16196 2914 5399 16197 2920 5399 16198 2915 5399 16199 2915 5400 16200 2920 5400 16201 2921 5400 16202 2915 5401 16203 2921 5401 16204 2916 5401 16205 2916 5402 16206 2921 5402 16207 2922 5402 16208 2916 5403 16209 2922 5403 16210 2497 5403 16211 2497 5404 16212 2922 5404 16213 2496 5404 16214 2496 5405 16215 2922 5405 16216 2495 5405 16217 2495 5406 16218 2922 5406 16219 2921 5406 16220 2495 5407 16221 2921 5407 16222 2494 5407 16223 2494 5408 16224 2921 5408 16225 2492 5408 16226 2492 5409 16227 2921 5409 16228 2920 5409 16229 2492 5410 16230 2920 5410 16231 2520 5410 16232 2520 5411 16233 2920 5411 16234 2919 5411 16235 2520 5412 16236 2919 5412 16237 2522 5412 16238 2522 5413 16239 2919 5413 16240 2524 5413 16241 2497 5414 16242 2498 5414 16243 2916 5414 16244 2916 5415 16245 2498 5415 16246 2518 5415 16247 2518 5416 16248 2498 5416 16249 2500 5416 16250 2518 5417 16251 2500 5417 16252 2502 5417 16253 2502 5418 16254 2504 5418 16255 2518 5418 16256 2913 5419 16257 2912 5419 16258 2918 5419 16259 2551 5420 16260 2532 5420 16261 2552 5420 16262 2552 5421 16263 2532 5421 16264 2533 5421 16265 2586 5422 16266 2631 5422 16267 2585 5422 16268 2585 5423 16269 2631 5423 16270 2633 5423 16271 2585 5424 16272 2633 5424 16273 2635 5424 16274 2585 5425 16275 2635 5425 16276 2583 5425 16277 2583 5426 16278 2635 5426 16279 2637 5426 16280 2583 5427 16281 2637 5427 16282 2581 5427 16283 2581 5428 16284 2637 5428 16285 2923 5428 16286 2581 5429 16287 2923 5429 16288 2580 5429 16289 2580 5430 16290 2923 5430 16291 2578 5430 16292 2578 5431 16293 2923 5431 16294 2576 5431 16295 2576 5432 16296 2923 5432 16297 2575 5432 16298 2575 5433 16299 2923 5433 16300 2572 5433 16301 2572 5434 16302 2923 5434 16303 2924 5434 16304 2572 5435 16305 2924 5435 16306 2566 5435 16307 2566 5436 16308 2924 5436 16309 2925 5436 16310 2566 5437 16311 2925 5437 16312 2565 5437 16313 2565 5438 16314 2925 5438 16315 2563 5438 16316 2563 5439 16317 2925 5439 16318 2561 5439 16319 2561 5440 16320 2925 5440 16321 2560 5440 16322 2560 5441 16323 2925 5441 16324 2558 5441 16325 2558 5442 16326 2925 5442 16327 2926 5442 16328 2558 5443 16329 2926 5443 16330 2556 5443 16331 2556 5444 16332 2926 5444 16333 2555 5444 16334 2555 5445 16335 2926 5445 16336 2571 5445 16337 2637 5446 16338 2591 5446 16339 2923 5446 16340 2923 5447 16341 2591 5447 16342 2538 5447 16343 2923 5448 16344 2538 5448 16345 2537 5448 16346 2923 5449 16347 2537 5449 16348 2927 5449 16349 2927 5450 16350 2537 5450 16351 2535 5450 16352 2927 5451 16353 2535 5451 16354 2534 5451 16355 2927 5452 16356 2534 5452 16357 2928 5452 16358 2928 5453 16359 2534 5453 16360 2539 5453 16361 2928 5454 16362 2539 5454 16363 2929 5454 16364 2929 5455 16365 2539 5455 16366 2541 5455 16367 2929 5456 16368 2541 5456 16369 2543 5456 16370 2929 5457 16371 2543 5457 16372 2930 5457 16373 2930 5458 16374 2543 5458 16375 2544 5458 16376 2930 5459 16377 2544 5459 16378 2546 5459 16379 2930 5460 16380 2546 5460 16381 2931 5460 16382 2931 5461 16383 2546 5461 16384 2548 5461 16385 2931 5462 16386 2548 5462 16387 2550 5462 16388 2550 5463 16389 2552 5463 16390 2931 5463 16391 2930 5464 16392 2931 5464 16393 2932 5464 16394 2932 5465 16395 2931 5465 16396 2933 5465 16397 2932 5466 16398 2933 5466 16399 2934 5466 16400 2934 5467 16401 2933 5467 16402 2935 5467 16403 2934 5468 16404 2935 5468 16405 2936 5468 16406 2936 5469 16407 2935 5469 16408 2937 5469 16409 2936 5470 16410 2937 5470 16411 2938 5470 16412 2938 5471 16413 2937 5471 16414 2939 5471 16415 2938 5472 16416 2939 5472 16417 2924 5472 16418 2924 5473 16419 2939 5473 16420 2925 5473 16421 2938 5474 16422 2924 5474 16423 2923 5474 16424 2936 5475 16425 2938 5475 16426 2927 5475 16427 2927 5476 16428 2938 5476 16429 2923 5476 16430 2934 5477 16431 2936 5477 16432 2928 5477 16433 2928 5478 16434 2936 5478 16435 2927 5478 16436 2932 5479 16437 2934 5479 16438 2929 5479 16439 2929 5480 16440 2934 5480 16441 2928 5480 16442 2930 5481 16443 2932 5481 16444 2929 5481 16445 2661 5482 16446 2660 5482 16447 2890 5482 16448 2890 5483 16449 2660 5483 16450 2646 5483 16451 2890 5484 16452 2646 5484 16453 2891 5484 16454 2891 5485 16455 2646 5485 16456 785 5485 16457 2891 5486 16458 785 5486 16459 787 5486 16460 2646 5487 16461 2647 5487 16462 785 5487 16463 785 5488 16464 2647 5488 16465 2648 5488 16466 785 5489 16467 2648 5489 16468 2650 5489 16469 785 5490 16470 2650 5490 16471 783 5490 16472 783 5491 16473 2650 5491 16474 2652 5491 16475 783 5492 16476 2652 5492 16477 2654 5492 16478 2654 5493 16479 2643 5493 16480 783 5493 16481 783 5494 16482 2643 5494 16483 2626 5494 16484 783 5495 16485 2626 5495 16486 781 5495 16487 781 5496 16488 2626 5496 16489 2627 5496 16490 781 5497 16491 2627 5497 16492 2629 5497 16493 781 5498 16494 2629 5498 16495 779 5498 16496 779 5499 16497 2629 5499 16498 2631 5499 16499 779 5500 16500 2631 5500 16501 777 5500 16502 777 5501 16503 2631 5501 16504 2586 5501 16505 777 5502 16506 2586 5502 16507 775 5502 16508 775 5503 16509 2586 5503 16510 773 5503 16511 773 5504 16512 2586 5504 16513 2612 5504 16514 773 5505 16515 2612 5505 16516 771 5505 16517 771 5506 16518 2612 5506 16519 2613 5506 16520 771 5507 16521 2613 5507 16522 2614 5507 16523 2614 5508 16524 2616 5508 16525 771 5508 16526 771 5509 16527 2616 5509 16528 769 5509 16529 769 5510 16530 2616 5510 16531 2618 5510 16532 769 5511 16533 2618 5511 16534 2620 5511 16535 2620 5512 16536 2609 5512 16537 769 5512 16538 769 5513 16539 2609 5513 16540 2898 5513 16541 769 5514 16542 2898 5514 16543 767 5514 16544 767 5515 16545 2898 5515 16546 2897 5515 16547 767 5516 16548 2897 5516 16549 2896 5516 16550 2595 5517 16551 2901 5517 16552 2609 5517 16553 2609 5518 16554 2901 5518 16555 2900 5518 16556 2609 5519 16557 2900 5519 16558 2899 5519 16559 2596 5520 16560 2940 5520 16561 2595 5520 16562 2595 5521 16563 2940 5521 16564 2906 5521 16565 2595 5522 16566 2906 5522 16567 2907 5522 16568 2596 5523 16569 2597 5523 16570 2940 5523 16571 2940 5524 16572 2597 5524 16573 2599 5524 16574 2940 5525 16575 2599 5525 16576 2601 5525 16577 2940 5526 16578 2601 5526 16579 2926 5526 16580 2926 5527 16581 2601 5527 16582 2603 5527 16583 2926 5528 16584 2603 5528 16585 2592 5528 16586 2592 5529 16587 2571 5529 16588 2926 5529 16589 2940 5530 16590 2905 5530 16591 2906 5530 16592 2907 5531 16593 2908 5531 16594 2595 5531 16595 2595 5532 16596 2908 5532 16597 2909 5532 16598 2595 5533 16599 2909 5533 16600 2901 5533 16601 2899 5534 16602 2898 5534 16603 2609 5534 16604 767 5535 16605 2896 5535 16606 765 5535 16607 765 5536 16608 2896 5536 16609 2895 5536 16610 765 5537 16611 2895 5537 16612 1374 5537 16613 765 5538 16614 1374 5538 16615 763 5538 16616 763 5539 16617 1374 5539 16618 1376 5539 16619 763 5540 16620 1376 5540 16621 761 5540 16622 761 5541 16623 1376 5541 16624 1378 5541 16625 761 5542 16626 1378 5542 16627 759 5542 16628 759 5543 16629 1378 5543 16630 757 5543 16631 757 5544 16632 1378 5544 16633 1380 5544 16634 757 5545 16635 1380 5545 16636 755 5545 16637 755 5546 16638 1380 5546 16639 1382 5546 16640 755 5547 16641 1382 5547 16642 753 5547 16643 753 5548 16644 1382 5548 16645 1384 5548 16646 753 5549 16647 1384 5549 16648 1386 5549 16649 1386 5550 16650 1388 5550 16651 753 5550 16652 753 5551 16653 1388 5551 16654 1390 5551 16655 753 5552 16656 1390 5552 16657 751 5552 16658 751 5553 16659 1390 5553 16660 1392 5553 16661 751 5554 16662 1392 5554 16663 797 5554 16664 797 5555 16665 1392 5555 16666 1394 5555 16667 797 5556 16668 1394 5556 16669 795 5556 16670 795 5557 16671 1394 5557 16672 793 5557 16673 793 5558 16674 1394 5558 16675 1396 5558 16676 793 5559 16677 1396 5559 16678 791 5559 16679 791 5560 16680 1396 5560 16681 1398 5560 16682 791 5561 16683 1398 5561 16684 789 5561 16685 789 5562 16686 1398 5562 16687 2894 5562 16688 789 5563 16689 2894 5563 16690 2893 5563 16691 789 5564 16692 2893 5564 16693 787 5564 16694 787 5565 16695 2893 5565 16696 2892 5565 16697 787 5566 16698 2892 5566 16699 2891 5566 16700 2905 5567 16701 2940 5567 16702 2902 5567 16703 2902 5568 16704 2940 5568 16705 2941 5568 16706 2902 5569 16707 2941 5569 16708 2903 5569 16709 2903 5570 16710 2941 5570 16711 2904 5570 16712 2904 5571 16713 2941 5571 16714 2664 5571 16715 2664 5572 16716 2941 5572 16717 2942 5572 16718 2664 5573 16719 2942 5573 16720 2677 5573 16721 2677 5574 16722 2942 5574 16723 2662 5574 16724 2662 5575 16725 2942 5575 16726 2943 5575 16727 2662 5576 16728 2943 5576 16729 2663 5576 16730 2943 5577 16731 2944 5577 16732 2663 5577 16733 2663 5578 16734 2944 5578 16735 2665 5578 16736 2665 5579 16737 2944 5579 16738 2666 5579 16739 2666 5580 16740 2944 5580 16741 2945 5580 16742 2666 5581 16743 2945 5581 16744 2667 5581 16745 2667 5582 16746 2945 5582 16747 2946 5582 16748 2667 5583 16749 2946 5583 16750 2668 5583 16751 2668 5584 16752 2946 5584 16753 2947 5584 16754 2947 5585 16755 2948 5585 16756 2668 5585 16757 2668 5586 16758 2948 5586 16759 2669 5586 16760 2669 5587 16761 2948 5587 16762 2670 5587 16763 2670 5588 16764 2948 5588 16765 2949 5588 16766 2670 5589 16767 2949 5589 16768 2671 5589 16769 2671 5590 16770 2949 5590 16771 2950 5590 16772 2671 5591 16773 2950 5591 16774 2672 5591 16775 2672 5592 16776 2950 5592 16777 2951 5592 16778 2672 5593 16779 2951 5593 16780 2673 5593 16781 2673 5594 16782 2951 5594 16783 2952 5594 16784 2673 5595 16785 2952 5595 16786 2675 5595 16787 2675 5596 16788 2952 5596 16789 2953 5596 16790 2675 5597 16791 2953 5597 16792 2676 5597 16793 2676 5598 16794 2953 5598 16795 2674 5598 16796 2674 5599 16797 2953 5599 16798 2954 5599 16799 2674 5600 16800 2954 5600 16801 2678 5600 16802 2678 5601 16803 2954 5601 16804 2679 5601 16805 2679 5602 16806 2954 5602 16807 2680 5602 16808 2680 5603 16809 2954 5603 16810 2955 5603 16811 2680 5604 16812 2955 5604 16813 2681 5604 16814 2956 5605 16815 1357 5605 16816 2955 5605 16817 2955 5606 16818 1357 5606 16819 1358 5606 16820 2955 5607 16821 1358 5607 16822 1359 5607 16823 2700 5608 16824 2699 5608 16825 2956 5608 16826 2956 5609 16827 2699 5609 16828 1355 5609 16829 2956 5610 16830 1355 5610 16831 1356 5610 16832 1355 5611 16833 2699 5611 16834 1354 5611 16835 1354 5612 16836 2699 5612 16837 2698 5612 16838 1354 5613 16839 2698 5613 16840 1353 5613 16841 1353 5614 16842 2698 5614 16843 2697 5614 16844 1353 5615 16845 2697 5615 16846 1352 5615 16847 1352 5616 16848 2697 5616 16849 1351 5616 16850 1351 5617 16851 2697 5617 16852 2696 5617 16853 1351 5618 16854 2696 5618 16855 1350 5618 16856 1350 5619 16857 2696 5619 16858 2695 5619 16859 1350 5620 16860 2695 5620 16861 1373 5620 16862 1373 5621 16863 2695 5621 16864 2694 5621 16865 1373 5622 16866 2694 5622 16867 1372 5622 16868 1372 5623 16869 2694 5623 16870 2693 5623 16871 1372 5624 16872 2693 5624 16873 1371 5624 16874 1371 5625 16875 2693 5625 16876 2692 5625 16877 1371 5626 16878 2692 5626 16879 1370 5626 16880 1370 5627 16881 2692 5627 16882 2691 5627 16883 1370 5628 16884 2691 5628 16885 1369 5628 16886 1369 5629 16887 2691 5629 16888 2690 5629 16889 1369 5630 16890 2690 5630 16891 1368 5630 16892 1368 5631 16893 2690 5631 16894 2689 5631 16895 1368 5632 16896 2689 5632 16897 1367 5632 16898 1367 5633 16899 2689 5633 16900 2688 5633 16901 1367 5634 16902 2688 5634 16903 1366 5634 16904 1366 5635 16905 2688 5635 16906 2687 5635 16907 1366 5636 16908 2687 5636 16909 1365 5636 16910 1365 5637 16911 2687 5637 16912 2686 5637 16913 1365 5638 16914 2686 5638 16915 1364 5638 16916 1364 5639 16917 2686 5639 16918 2685 5639 16919 1364 5640 16920 2685 5640 16921 1363 5640 16922 1363 5641 16923 2685 5641 16924 2684 5641 16925 1363 5642 16926 2684 5642 16927 1362 5642 16928 1362 5643 16929 2684 5643 16930 1361 5643 16931 1361 5644 16932 2684 5644 16933 2683 5644 16934 1361 5645 16935 2683 5645 16936 1360 5645 16937 1360 5646 16938 2683 5646 16939 2682 5646 16940 1360 5647 16941 2682 5647 16942 1359 5647 16943 1359 5648 16944 2682 5648 16945 2955 5648 16946 2682 5649 16947 2681 5649 16948 2955 5649 16949 1356 5650 16950 1357 5650 16951 2956 5650 16952 2700 5651 16953 2956 5651 16954 2701 5651 16955 2701 5652 16956 2956 5652 16957 2957 5652 16958 2701 5653 16959 2957 5653 16960 2702 5653 16961 2702 5654 16962 2957 5654 16963 2703 5654 16964 2703 5655 16965 2957 5655 16966 2704 5655 16967 2704 5656 16968 2957 5656 16969 2958 5656 16970 2704 5657 16971 2958 5657 16972 2711 5657 16973 2711 5658 16974 2958 5658 16975 2712 5658 16976 2712 5659 16977 2958 5659 16978 2959 5659 16979 2712 5660 16980 2959 5660 16981 2708 5660 16982 2959 5661 16983 2960 5661 16984 2708 5661 16985 2708 5662 16986 2960 5662 16987 2709 5662 16988 2709 5663 16989 2960 5663 16990 2710 5663 16991 2710 5664 16992 2960 5664 16993 2961 5664 16994 2710 5665 16995 2961 5665 16996 2705 5665 16997 2705 5666 16998 2961 5666 16999 2962 5666 17000 2705 5667 17001 2962 5667 17002 2706 5667 17003 2706 5668 17004 2962 5668 17005 2963 5668 17006 2706 5669 17007 2963 5669 17008 2707 5669 17009 2707 5670 17010 2963 5670 17011 2964 5670 17012 2707 5671 17013 2964 5671 17014 2713 5671 17015 2713 5672 17016 2964 5672 17017 2965 5672 17018 2713 5673 17019 2965 5673 17020 2714 5673 17021 2714 5674 17022 2965 5674 17023 2966 5674 17024 2714 5675 17025 2966 5675 17026 2715 5675 17027 2715 5676 17028 2966 5676 17029 2967 5676 17030 2715 5677 17031 2967 5677 17032 2716 5677 17033 2716 5678 17034 2967 5678 17035 2968 5678 17036 2716 5679 17037 2968 5679 17038 2718 5679 17039 2718 5680 17040 2968 5680 17041 2969 5680 17042 2718 5681 17043 2969 5681 17044 2719 5681 17045 2719 5682 17046 2969 5682 17047 2717 5682 17048 2717 5683 17049 2969 5683 17050 2970 5683 17051 2717 5684 17052 2970 5684 17053 2774 5684 17054 2774 5685 17055 2970 5685 17056 2775 5685 17057 2775 5686 17058 2970 5686 17059 2776 5686 17060 2776 5687 17061 2970 5687 17062 2971 5687 17063 2776 5688 17064 2971 5688 17065 2777 5688 17066 2803 5689 17067 2802 5689 17068 2808 5689 17069 2808 5690 17070 2802 5690 17071 2732 5690 17072 2732 5691 17073 2802 5691 17074 2804 5691 17075 2732 5692 17076 2804 5692 17077 625 5692 17078 625 5693 17079 2804 5693 17080 623 5693 17081 623 5694 17082 2804 5694 17083 2805 5694 17084 623 5695 17085 2805 5695 17086 2806 5695 17087 623 5696 17088 2806 5696 17089 621 5696 17090 621 5697 17091 2806 5697 17092 2807 5697 17093 621 5698 17094 2807 5698 17095 2790 5698 17096 621 5699 17097 2790 5699 17098 619 5699 17099 619 5700 17100 2790 5700 17101 2791 5700 17102 619 5701 17103 2791 5701 17104 617 5701 17105 617 5702 17106 2791 5702 17107 2792 5702 17108 617 5703 17109 2792 5703 17110 615 5703 17111 615 5704 17112 2792 5704 17113 613 5704 17114 613 5705 17115 2792 5705 17116 2793 5705 17117 613 5706 17118 2793 5706 17119 611 5706 17120 611 5707 17121 2793 5707 17122 2794 5707 17123 611 5708 17124 2794 5708 17125 609 5708 17126 609 5709 17127 2794 5709 17128 2795 5709 17129 609 5710 17130 2795 5710 17131 2796 5710 17132 2796 5711 17133 2797 5711 17134 609 5711 17135 609 5712 17136 2797 5712 17137 2798 5712 17138 609 5713 17139 2798 5713 17140 607 5713 17141 607 5714 17142 2798 5714 17143 2799 5714 17144 607 5715 17145 2799 5715 17146 605 5715 17147 605 5716 17148 2799 5716 17149 2800 5716 17150 605 5717 17151 2800 5717 17152 603 5717 17153 603 5718 17154 2800 5718 17155 601 5718 17156 601 5719 17157 2800 5719 17158 2801 5719 17159 601 5720 17160 2801 5720 17161 599 5720 17162 599 5721 17163 2801 5721 17164 2789 5721 17165 599 5722 17166 2789 5722 17167 597 5722 17168 597 5723 17169 2789 5723 17170 2788 5723 17171 597 5724 17172 2788 5724 17173 2787 5724 17174 597 5725 17175 2787 5725 17176 595 5725 17177 595 5726 17178 2787 5726 17179 2786 5726 17180 595 5727 17181 2786 5727 17182 2785 5727 17183 2784 5728 17184 2742 5728 17185 2785 5728 17186 2785 5729 17187 2742 5729 17188 593 5729 17189 2785 5730 17190 593 5730 17191 595 5730 17192 2784 5731 17193 2783 5731 17194 2742 5731 17195 2742 5732 17196 2783 5732 17197 2782 5732 17198 2742 5733 17199 2782 5733 17200 2756 5733 17201 2756 5734 17202 2782 5734 17203 2781 5734 17204 2756 5735 17205 2781 5735 17206 2780 5735 17207 2780 5736 17208 2779 5736 17209 2756 5736 17210 2756 5737 17211 2779 5737 17212 2778 5737 17213 2756 5738 17214 2778 5738 17215 2971 5738 17216 2971 5739 17217 2778 5739 17218 2777 5739 17219 2972 5740 17220 2761 5740 17221 2971 5740 17222 2971 5741 17223 2761 5741 17224 2763 5741 17225 2971 5742 17226 2763 5742 17227 2765 5742 17228 2861 5743 17229 2863 5743 17230 2972 5743 17231 2972 5744 17232 2863 5744 17233 2865 5744 17234 2972 5745 17235 2865 5745 17236 2773 5745 17237 2773 5746 17238 2759 5746 17239 2972 5746 17240 2972 5747 17241 2759 5747 17242 2760 5747 17243 2972 5748 17244 2760 5748 17245 2761 5748 17246 2765 5749 17247 2767 5749 17248 2971 5749 17249 2971 5750 17250 2767 5750 17251 2756 5750 17252 2742 5751 17253 2743 5751 17254 593 5751 17255 593 5752 17256 2743 5752 17257 2744 5752 17258 593 5753 17259 2744 5753 17260 2746 5753 17261 593 5754 17262 2746 5754 17263 591 5754 17264 591 5755 17265 2746 5755 17266 2748 5755 17267 591 5756 17268 2748 5756 17269 2750 5756 17270 2750 5757 17271 2738 5757 17272 591 5757 17273 591 5758 17274 2738 5758 17275 2739 5758 17276 591 5759 17277 2739 5759 17278 589 5759 17279 589 5760 17280 2739 5760 17281 2837 5760 17282 589 5761 17283 2837 5761 17284 2839 5761 17285 589 5762 17286 2839 5762 17287 587 5762 17288 587 5763 17289 2839 5763 17290 2841 5763 17291 587 5764 17292 2841 5764 17293 585 5764 17294 585 5765 17295 2841 5765 17296 2827 5765 17297 585 5766 17298 2827 5766 17299 583 5766 17300 583 5767 17301 2827 5767 17302 2829 5767 17303 583 5768 17304 2829 5768 17305 629 5768 17306 629 5769 17307 2829 5769 17308 2831 5769 17309 629 5770 17310 2831 5770 17311 2737 5770 17312 629 5771 17313 2737 5771 17314 627 5771 17315 627 5772 17316 2737 5772 17317 2722 5772 17318 627 5773 17319 2722 5773 17320 2723 5773 17321 2723 5774 17322 2724 5774 17323 627 5774 17324 627 5775 17325 2724 5775 17326 2726 5775 17327 627 5776 17328 2726 5776 17329 625 5776 17330 625 5777 17331 2726 5777 17332 2728 5777 17333 625 5778 17334 2728 5778 17335 2730 5778 17336 2730 5779 17337 2732 5779 17338 625 5779 17339 2878 5780 17340 2877 5780 17341 2973 5780 17342 2973 5781 17343 2877 5781 17344 2876 5781 17345 2973 5782 17346 2876 5782 17347 2875 5782 17348 2874 5783 17349 2974 5783 17350 2875 5783 17351 2875 5784 17352 2974 5784 17353 2975 5784 17354 2875 5785 17355 2975 5785 17356 2976 5785 17357 2976 5786 17358 2975 5786 17359 2977 5786 17360 2977 5787 17361 2975 5787 17362 2978 5787 17363 2977 5788 17364 2978 5788 17365 2979 5788 17366 2979 5789 17367 2978 5789 17368 2980 5789 17369 2979 5790 17370 2980 5790 17371 2981 5790 17372 2981 5791 17373 2980 5791 17374 2982 5791 17375 2981 5792 17376 2982 5792 17377 2983 5792 17378 2983 5793 17379 2982 5793 17380 2984 5793 17381 2983 5794 17382 2984 5794 17383 2854 5794 17384 2854 5795 17385 2984 5795 17386 2848 5795 17387 2848 5796 17388 2984 5796 17389 2985 5796 17390 2848 5797 17391 2985 5797 17392 2847 5797 17393 2847 5798 17394 2985 5798 17395 2821 5798 17396 2847 5799 17397 2821 5799 17398 2845 5799 17399 2845 5800 17400 2821 5800 17401 2823 5800 17402 2845 5801 17403 2823 5801 17404 2825 5801 17405 2874 5802 17406 2873 5802 17407 2974 5802 17408 2974 5803 17409 2873 5803 17410 2986 5803 17411 2974 5804 17412 2986 5804 17413 2978 5804 17414 2978 5805 17415 2986 5805 17416 2980 5805 17417 2873 5806 17418 2872 5806 17419 2986 5806 17420 2986 5807 17421 2872 5807 17422 2871 5807 17423 2986 5808 17424 2871 5808 17425 2987 5808 17426 2987 5809 17427 2871 5809 17428 2809 5809 17429 2987 5810 17430 2809 5810 17431 2988 5810 17432 2988 5811 17433 2809 5811 17434 2811 5811 17435 2988 5812 17436 2811 5812 17437 2812 5812 17438 2988 5813 17439 2812 5813 17440 2985 5813 17441 2985 5814 17442 2812 5814 17443 2813 5814 17444 2985 5815 17445 2813 5815 17446 2817 5815 17447 2817 5816 17448 2821 5816 17449 2985 5816 17450 2827 5817 17451 2841 5817 17452 2825 5817 17453 2825 5818 17454 2841 5818 17455 2843 5818 17456 2825 5819 17457 2843 5819 17458 2845 5819 17459 2854 5820 17460 2855 5820 17461 2983 5820 17462 2983 5821 17463 2855 5821 17464 2972 5821 17465 2972 5822 17466 2855 5822 17467 2857 5822 17468 2972 5823 17469 2857 5823 17470 2859 5823 17471 2859 5824 17472 2861 5824 17473 2972 5824 17474 2976 5825 17475 2973 5825 17476 2875 5825 17477 2978 5826 17478 2975 5826 17479 2974 5826 17480 2982 5827 17481 2980 5827 17482 2987 5827 17483 2987 5828 17484 2980 5828 17485 2986 5828 17486 2984 5829 17487 2982 5829 17488 2988 5829 17489 2988 5830 17490 2982 5830 17491 2987 5830 17492 2985 5831 17493 2984 5831 17494 2988 5831 17495 2973 5832 17496 2989 5832 17497 2878 5832 17498 2878 5833 17499 2989 5833 17500 2917 5833 17501 2878 5834 17502 2917 5834 17503 2186 5834 17504 2186 5835 17505 2917 5835 17506 2885 5835 17507 532 5836 17508 458 5836 17509 2989 5836 17510 2989 5837 17511 458 5837 17512 2917 5837 17513 2917 5838 17514 458 5838 17515 459 5838 17516 2917 5839 17517 459 5839 17518 533 5839 17519 163 5840 17520 1146 5840 17521 165 5840 17522 165 5841 17523 1146 5841 17524 1147 5841 17525 165 5842 17526 1147 5842 17527 167 5842 17528 167 5843 17529 1147 5843 17530 1148 5843 17531 167 5844 17532 1148 5844 17533 169 5844 17534 169 5845 17535 1148 5845 17536 1149 5845 17537 169 5846 17538 1149 5846 17539 171 5846 17540 171 5847 17541 1149 5847 17542 1150 5847 17543 171 5848 17544 1150 5848 17545 173 5848 17546 173 5849 17547 1150 5849 17548 1151 5849 17549 173 5850 17550 1151 5850 17551 175 5850 17552 175 5851 17553 1151 5851 17554 1152 5851 17555 175 5852 17556 1152 5852 17557 177 5852 17558 177 5853 17559 1152 5853 17560 1153 5853 17561 177 5854 17562 1153 5854 17563 1154 5854 17564 1146 5855 17565 163 5855 17566 1145 5855 17567 1145 5856 17568 163 5856 17569 209 5856 17570 1145 5857 17571 209 5857 17572 1144 5857 17573 1144 5858 17574 209 5858 17575 207 5858 17576 1144 5859 17577 207 5859 17578 1143 5859 17579 1143 5860 17580 207 5860 17581 205 5860 17582 1143 5861 17583 205 5861 17584 1142 5861 17585 1142 5862 17586 205 5862 17587 203 5862 17588 1142 5863 17589 203 5863 17590 1141 5863 17591 1141 5864 17592 203 5864 17593 201 5864 17594 1141 5865 17595 201 5865 17596 199 5865 17597 1141 5866 17598 199 5866 17599 1140 5866 17600 1140 5867 17601 199 5867 17602 197 5867 17603 1140 5868 17604 197 5868 17605 1139 5868 17606 1139 5869 17607 197 5869 17608 195 5869 17609 1139 5870 17610 195 5870 17611 1138 5870 17612 1138 5871 17613 195 5871 17614 193 5871 17615 1138 5872 17616 193 5872 17617 1137 5872 17618 1137 5873 17619 193 5873 17620 191 5873 17621 1137 5874 17622 191 5874 17623 1136 5874 17624 1136 5875 17625 191 5875 17626 189 5875 17627 1136 5876 17628 189 5876 17629 1135 5876 17630 1135 5877 17631 189 5877 17632 187 5877 17633 1135 5878 17634 187 5878 17635 1134 5878 17636 1134 5879 17637 187 5879 17638 185 5879 17639 1134 5880 17640 185 5880 17641 1157 5880 17642 1157 5881 17643 185 5881 17644 183 5881 17645 1157 5882 17646 183 5882 17647 1156 5882 17648 1156 5883 17649 183 5883 17650 181 5883 17651 1156 5884 17652 181 5884 17653 1155 5884 17654 1155 5885 17655 181 5885 17656 179 5885 17657 1155 5886 17658 179 5886 17659 1154 5886 17660 1154 5887 17661 179 5887 17662 177 5887 17663 534 5888 17664 2990 5888 17665 159 5888 17666 159 5889 17667 2990 5889 17668 160 5889 17669 160 5890 17670 2990 5890 17671 2910 5890 17672 160 5891 17673 2910 5891 17674 153 5891 17675 2931 5892 17676 2552 5892 17677 2990 5892 17678 2990 5893 17679 2552 5893 17680 2910 5893 17681 2910 5894 17682 2552 5894 17683 2533 5894 17684 2910 5895 17685 2533 5895 17686 2911 5895 17687 534 5896 17688 157 5896 17689 2990 5896 17690 2990 5897 17691 157 5897 17692 1002 5897 17693 2990 5898 17694 1002 5898 17695 1004 5898 17696 156 5899 17697 956 5899 17698 157 5899 17699 157 5900 17700 956 5900 17701 958 5900 17702 157 5901 17703 958 5901 17704 1046 5901 17705 1046 5902 17706 958 5902 17707 2948 5902 17708 1046 5903 17709 2948 5903 17710 1044 5903 17711 1044 5904 17712 2948 5904 17713 1042 5904 17714 1042 5905 17715 2948 5905 17716 1040 5905 17717 1040 5906 17718 2948 5906 17719 1038 5906 17720 1038 5907 17721 2948 5907 17722 1036 5907 17723 1036 5908 17724 2948 5908 17725 2947 5908 17726 1036 5909 17727 2947 5909 17728 1034 5909 17729 1034 5910 17730 2947 5910 17731 1032 5910 17732 1032 5911 17733 2947 5911 17734 2946 5911 17735 1032 5912 17736 2946 5912 17737 1030 5912 17738 1030 5913 17739 2946 5913 17740 2945 5913 17741 1030 5914 17742 2945 5914 17743 1028 5914 17744 1028 5915 17745 2945 5915 17746 2944 5915 17747 1028 5916 17748 2944 5916 17749 1026 5916 17750 1026 5917 17751 2944 5917 17752 2933 5917 17753 1026 5918 17754 2933 5918 17755 1024 5918 17756 1024 5919 17757 2933 5919 17758 2931 5919 17759 1024 5920 17760 2931 5920 17761 1022 5920 17762 1022 5921 17763 2931 5921 17764 1020 5921 17765 1020 5922 17766 2931 5922 17767 1018 5922 17768 1018 5923 17769 2931 5923 17770 1016 5923 17771 1016 5924 17772 2931 5924 17773 1014 5924 17774 1014 5925 17775 2931 5925 17776 1012 5925 17777 1012 5926 17778 2931 5926 17779 2990 5926 17780 1012 5927 17781 2990 5927 17782 1010 5927 17783 1010 5928 17784 2990 5928 17785 1008 5928 17786 1008 5929 17787 2990 5929 17788 1006 5929 17789 1006 5930 17790 2990 5930 17791 1004 5930 17792 532 5931 17793 2989 5931 17794 156 5931 17795 156 5932 17796 2989 5932 17797 954 5932 17798 156 5933 17799 954 5933 17800 956 5933 17801 2973 5934 17802 992 5934 17803 2989 5934 17804 2989 5935 17805 992 5935 17806 994 5935 17807 2989 5936 17808 994 5936 17809 996 5936 17810 2976 5937 17811 980 5937 17812 2973 5937 17813 2973 5938 17814 980 5938 17815 982 5938 17816 2973 5939 17817 982 5939 17818 984 5939 17819 2977 5940 17820 2967 5940 17821 2976 5940 17822 2976 5941 17823 2967 5941 17824 978 5941 17825 2976 5942 17826 978 5942 17827 980 5942 17828 2967 5943 17829 2977 5943 17830 2968 5943 17831 2968 5944 17832 2977 5944 17833 2979 5944 17834 2968 5945 17835 2979 5945 17836 2969 5945 17837 2969 5946 17838 2979 5946 17839 2981 5946 17840 2969 5947 17841 2981 5947 17842 2971 5947 17843 2971 5948 17844 2981 5948 17845 2972 5948 17846 2972 5949 17847 2981 5949 17848 2983 5949 17849 2971 5950 17850 2970 5950 17851 2969 5950 17852 978 5951 17853 2967 5951 17854 976 5951 17855 976 5952 17856 2967 5952 17857 2966 5952 17858 976 5953 17859 2966 5953 17860 974 5953 17861 974 5954 17862 2966 5954 17863 2965 5954 17864 974 5955 17865 2965 5955 17866 972 5955 17867 972 5956 17868 2965 5956 17869 2964 5956 17870 972 5957 17871 2964 5957 17872 970 5957 17873 970 5958 17874 2964 5958 17875 2963 5958 17876 970 5959 17877 2963 5959 17878 968 5959 17879 968 5960 17880 2963 5960 17881 966 5960 17882 966 5961 17883 2963 5961 17884 964 5961 17885 964 5962 17886 2963 5962 17887 2948 5962 17888 964 5963 17889 2948 5963 17890 962 5963 17891 962 5964 17892 2948 5964 17893 960 5964 17894 960 5965 17895 2948 5965 17896 958 5965 17897 2948 5966 17898 2963 5966 17899 2949 5966 17900 2949 5967 17901 2963 5967 17902 2962 5967 17903 2949 5968 17904 2962 5968 17905 2950 5968 17906 2950 5969 17907 2962 5969 17908 2961 5969 17909 2950 5970 17910 2961 5970 17911 2951 5970 17912 2951 5971 17913 2961 5971 17914 2960 5971 17915 2951 5972 17916 2960 5972 17917 2952 5972 17918 2952 5973 17919 2960 5973 17920 2959 5973 17921 2952 5974 17922 2959 5974 17923 2953 5974 17924 2953 5975 17925 2959 5975 17926 2955 5975 17927 2953 5976 17928 2955 5976 17929 2954 5976 17930 2959 5977 17931 2958 5977 17932 2955 5977 17933 2955 5978 17934 2958 5978 17935 2956 5978 17936 2956 5979 17937 2958 5979 17938 2957 5979 17939 2933 5980 17940 2944 5980 17941 2935 5980 17942 2935 5981 17943 2944 5981 17944 2943 5981 17945 2935 5982 17946 2943 5982 17947 2937 5982 17948 2937 5983 17949 2943 5983 17950 2939 5983 17951 2939 5984 17952 2943 5984 17953 2942 5984 17954 2939 5985 17955 2942 5985 17956 2926 5985 17957 2926 5986 17958 2942 5986 17959 2940 5986 17960 2940 5987 17961 2942 5987 17962 2941 5987 17963 2926 5988 17964 2925 5988 17965 2939 5988 17966 1046 5989 17967 1000 5989 17968 157 5989 17969 157 5990 17970 1000 5990 17971 1002 5990 17972 984 5991 17973 986 5991 17974 2973 5991 17975 2973 5992 17976 986 5992 17977 988 5992 17978 2973 5993 17979 988 5993 17980 990 5993 17981 990 5994 17982 992 5994 17983 2973 5994 17984 996 5995 17985 998 5995 17986 2989 5995 17987 2989 5996 17988 998 5996 17989 952 5996 17990 2989 5997 17991 952 5997 17992 954 5997 17993</p>
        </triangles>
      </mesh>
    </geometry>
  </library_geometries>
  <library_visual_scenes>
    <visual_scene id="Scene" name="Scene">
      <node id="Body_front" name="Body_front" type="NODE">
        <matrix sid="transform">1 0 0 0 0 1 0 0 0 0 1 0 0 0 0 1</matrix>
        <instance_geometry url="#Body_front-mesh" name="Body_front">
          <bind_material>
            <technique_common>
              <instance_material symbol="Body_frontMaterial-material" target="#Body_frontMaterial-material">
                <bind_vertex_input semantic="UVMap" input_semantic="TEXCOORD" input_set="0"/>
              </instance_material>
            </technique_common>
          </bind_material>
        </instance_geometry>
      </node>
    </visual_scene>
  </library_visual_scenes>
  <scene>
    <instance_visual_scene url="#Scene"/>
  </scene>
</COLLADA>