<?xml version="1.0" encoding="utf-8"?>
<COLLADA xmlns="http://www.collada.org/2005/11/COLLADASchema" version="1.4.1" xmlns:xsi="http://www.w3.org/2001/XMLSchema-instance">
  <asset>
    <contributor>
      <author>Blender User</author>
      <authoring_tool>Blender 4.3.2 commit date:2024-12-16, commit time:21:10, hash:32f5fdce0a0a</authoring_tool>
    </contributor>
    <created>2026-01-02T13:49:11</created>
    <modified>2026-01-02T13:49:11</modified>
    <unit name="meter" meter="1"/>
    <up_axis>Z_UP</up_axis>
  </asset>
  <library_effects>
    <effect id="lb2material-effect">
      <profile_COMMON>
        <newparam sid="minipupper_textures_png-surface">
          <surface type="2D">
            <init_from>minipupper_textures_png</init_from>
          </surface>
        </newparam>
        <newparam sid="minipupper_textures_png-sampler">
          <sampler2D>
            <source>minipupper_textures_png-surface</source>
          </sampler2D>
        </newparam>
        <technique sid="common">
          <lambert>
            <emission>
              <color sid="emission">0 0 0 1</color>
            </emission>
            <diffuse>
              <texture texture="minipupper_textures_png-sampler" texcoord="UVMap"/>
            </diffuse>
            <index_of_refraction>
              <float sid="ior">1.5</float>
            </index_of_refraction>
          </lambert>
        </technique>
      </profile_COMMON>
    </effect>
  </library_effects>
  <library_images>
    <image id="minipupper_textures_png" name="minipupper_textures_png">
      <init_from>minipupper_textures.png</init_from>
    </image>
  </library_images>
  <library_materials>
    <material id="lb2material-material" name="lb2material">
      <instance_effect url="#lb2material-effect"/>
    </material>
  </library_materials>
  <library_geometries>
    <geometry id="lb2-mesh" name="lb2">
      <mesh>
        <source id="lb2-mesh-positions">
          <float_array id="lb2-mesh-positions-array" count="1191">-0.001099944 0.000999987 -0.01899999 -9.52628e-4 0.000999987 -0.01954996 0 0.000999987 -0.04889994 -5.5e-4 0.000999987 -0.01995259 0 0.000999987 -0.02009999 0 0.000999987 0.00149995 -7.5e-4 0.000999987 0.001299023 -0.001487374 0.000999987 0.004247069 -0.003999948 0.000999987 -0.04999995 -0.001099944 0.000999987 -0.04999995 -0.003758728 0.000999987 -0.05136805 -9.52628e-4 0.000999987 -0.05054998 0 0.000999987 -0.05109995 -6.94593e-4 0.000999987 -0.05393922 -5.5e-4 0.000999987 -0.05095261 -0.001999974 0.000999987 -0.05346405 -0.003064155 0.000999987 -0.05257111 0.003718137 0.000999987 -0.04517412 0.003999948 0.000999987 -0.04999995 0.001099944 0.000999987 -0.04999995 0.003758728 0.000999987 -0.05136805 9.52628e-4 0.000999987 -0.05054998 0.003064155 0.000999987 -0.05257111 5.5e-4 0.000999987 -0.05095261 0.001999974 0.000999987 -0.05346405 6.94593e-4 0.000999987 -0.05393922 5.5e-4 0.000999987 -0.01804733 -0.001099944 0.000999987 -0.00999999 9.52628e-4 0.000999987 -0.01844996 -9.52628e-4 0.000999987 -0.01054996 0.001099944 0.000999987 -0.01899999 -0.004078686 0.000999987 -0.006045639 -9.52628e-4 0.000999987 -0.009449958 -0.004314839 0.000999987 -0.00325787 -0.004471004 0.000999987 -5.09829e-4 -0.00149995 0.000999987 0 -0.004388213 0.000999987 9.96643e-4 -0.001299023 0.000999987 7.5e-4 -0.003812134 0.000999987 0.00239104 -0.002807557 0.000999987 0.003516733 -0.003480613 0.000999987 -0.01618099 -5.5e-4 0.000999987 -0.01804733 0 0.000999987 -0.01789999 -9.52628e-4 0.000999987 -0.01844996 -0.003255724 0.000999987 -0.02689719 -0.0034253 0.000999987 -0.03822112 -5.5e-4 0.000999987 -0.04904735 -9.52628e-4 0.000999987 -0.04944998 9.52628e-4 0.000999987 -0.04944998 5.5e-4 0.000999987 -0.04904735 0.003313779 0.000999987 -0.03388553 -5.5e-4 0.000999987 -0.01095259 0 0.000999987 -0.01109999 5.5e-4 0.000999987 -0.01095259 -5.5e-4 0.000999987 -0.009047329 0 0.000999987 -0.008899986 -0.001299023 0.000999987 -7.5e-4 0.003625035 0.000999987 -0.01301741 0.001099944 0.000999987 -0.00999999 0.004314839 0.000999987 -0.00325787 9.52628e-4 0.000999987 -0.009449958 5.5e-4 0.000999987 -0.009047329 -7.5e-4 0.000999987 -0.001299023 0 0.000999987 -0.00149995 7.5e-4 0.000999987 -0.001299023 0.003289163 0.000999987 -0.02317517 5.5e-4 0.000999987 -0.01995259 9.52628e-4 0.000999987 -0.01954996 9.52628e-4 0.000999987 -0.01054996 0.001299023 0.000999987 7.5e-4 0.004388213 0.000999987 9.96643e-4 0.00149995 0.000999987 0 0.004471004 0.000999987 -5.09829e-4 0.001299023 0.000999987 -7.5e-4 0 0.000999987 0.004499971 0.001487374 0.000999987 0.004247069 7.5e-4 0.000999987 0.001299023 0.002807557 0.000999987 0.003516733 0.003812134 0.000999987 0.00239104 -5.5e-4 -0.000999987 -0.05095261 -6.94593e-4 -0.000999987 -0.05393922 0 -0.000999987 -0.05109995 6.94593e-4 -0.000999987 -0.05393922 5.5e-4 -0.000999987 -0.05095261 5.5e-4 -0.000999987 -0.01995259 0 -0.000999987 -0.02009999 -0.001099944 -0.000999987 -0.04999995 0.003718137 -0.000999987 -0.04517412 9.52628e-4 -0.000999987 -0.04944998 0.003999948 -0.000999987 -0.04999995 0.001099944 -0.000999987 -0.04999995 0.003758728 -0.000999987 -0.05136805 9.52628e-4 -0.000999987 -0.05054998 0.003064155 -0.000999987 -0.05257111 0.001999974 -0.000999987 -0.05346405 0.00149995 -0.000999987 0 0.001299023 -0.000999987 -7.5e-4 -9.52628e-4 -0.000999987 -0.009449958 -0.001099944 -0.000999987 -0.00999999 9.52628e-4 -0.000999987 -0.01954996 -9.52628e-4 -0.000999987 -0.04944998 0.001099944 -0.000999987 -0.01899999 -5.5e-4 -0.000999987 -0.04904735 0 -0.000999987 -0.04889994 0 -0.000999987 -0.01789999 5.5e-4 -0.000999987 -0.01095259 -5.5e-4 -0.000999987 -0.01804733 0 -0.000999987 -0.01109999 -9.52628e-4 -0.000999987 -0.01844996 0.003289163 -0.000999987 -0.02317517 0.003625035 -0.000999987 -0.01301741 9.52628e-4 -0.000999987 -0.01844996 -0.001099944 -0.000999987 -0.01899999 -0.003480613 -0.000999987 -0.01618099 -9.52628e-4 -0.000999987 -0.01954996 -0.003255724 -0.000999987 -0.02689719 -5.5e-4 -0.000999987 -0.01995259 7.5e-4 -0.000999987 -0.001299023 0 -0.000999987 -0.00149995 -7.5e-4 -0.000999987 -0.001299023 -5.5e-4 -0.000999987 -0.01095259 -9.52628e-4 -0.000999987 -0.01054996 -0.004078686 -0.000999987 -0.006045639 0.004314839 -0.000999987 -0.00325787 9.52628e-4 -0.000999987 -0.009449958 0.001099944 -0.000999987 -0.00999999 5.5e-4 -0.000999987 -0.01804733 9.52628e-4 -0.000999987 -0.01054996 -0.003758728 -0.000999987 -0.05136805 -9.52628e-4 -0.000999987 -0.05054998 -0.003064155 -0.000999987 -0.05257111 -0.001999974 -0.000999987 -0.05346405 0.003313779 -0.000999987 -0.03388553 5.5e-4 -0.000999987 -0.04904735 -0.004314839 -0.000999987 -0.00325787 -0.001299023 -0.000999987 -7.5e-4 -0.004471004 -0.000999987 -5.09829e-4 -0.00149995 -0.000999987 0 -0.004388213 -0.000999987 9.96643e-4 -0.001299023 -0.000999987 7.5e-4 0 -0.000999987 0.00149995 -0.001487374 -0.000999987 0.004247069 -7.5e-4 -0.000999987 0.001299023 -0.002807557 -0.000999987 0.003516733 -0.003812134 -0.000999987 0.00239104 -0.0034253 -0.000999987 -0.03822112 -0.003999948 -0.000999987 -0.04999995 7.5e-4 -0.000999987 0.001299023 0.001487374 -0.000999987 0.004247069 0 -0.000999987 0.004499971 -5.5e-4 -0.000999987 -0.009047329 0 -0.000999987 -0.008899986 5.5e-4 -0.000999987 -0.009047329 0.004471004 -0.000999987 -5.09829e-4 0.004388213 -0.000999987 9.96643e-4 0.001299023 -0.000999987 7.5e-4 0.003812134 -0.000999987 0.00239104 0.002807557 -0.000999987 0.003516733 0 0.000999987 0.00149995 0.00399208 -0.003999948 -2.51162e-4 0.003994405 -0.003999948 -2.10381e-4 0.003929138 -0.004399955 7.49525e-4 0.00399208 -0.004399955 -2.51162e-4 0.003804206 -0.004399955 -0.001236021 0.003804206 -0.003999948 -0.001236021 0.003377258 -0.004399955 -0.002143263 0.003377258 -0.003999948 -0.002143263 0.002738177 -0.004399955 -0.002915859 0.002738177 -0.003999948 -0.002915859 0.001926958 -0.004399955 -0.00350517 0.001926958 -0.003999948 -0.00350517 9.94759e-4 -0.004399955 -0.003874301 9.94759e-4 -0.003999948 -0.003874301 0 -0.004399955 -0.003999948 0 -0.003999948 -0.003999948 -9.94759e-4 -0.004399955 -0.003874301 -9.94759e-4 -0.003999948 -0.003874301 -0.001926958 -0.004399955 -0.00350517 -0.001926958 -0.003999948 -0.00350517 -0.002738177 -0.004399955 -0.002915859 -0.002738177 -0.003999948 -0.002915859 -0.003377258 -0.004399955 -0.002143263 -0.003377258 -0.003999948 -0.002143263 -0.003804206 -0.004399955 -0.001236021 -0.003804206 -0.003999948 -0.001236021 -0.00399208 -0.004399955 -2.51162e-4 -0.00399208 -0.003999948 -2.51162e-4 -0.003994405 -0.003999948 -2.10381e-4 -0.003929138 -0.004399955 7.49525e-4 -0.003994405 -10e-4 -2.10381e-4 5.01333e-4 -10e-4 0.003968417 0.001472473 -0.004399955 0.003719091 0.001472473 -10e-4 0.003719091 0.002351105 -0.004399955 0.003236055 0.002351105 -10e-4 0.003236055 0.003082036 -0.004399955 0.002549648 0.003082036 -10e-4 0.002549648 0.003619253 -0.004399955 0.001703083 0.003619253 -10e-4 0.001703083 0.003929138 -10e-4 7.49525e-4 0.003994405 -10e-4 -2.10381e-4 -0.003929138 -10e-4 7.49525e-4 -0.003619253 -0.004399955 0.001703083 -0.003619253 -10e-4 0.001703083 -0.003082036 -0.004399955 0.002549648 -0.003082036 -10e-4 0.002549648 -0.002351105 -0.004399955 0.003236055 -0.002351105 -10e-4 0.003236055 -0.001472473 -0.004399955 0.003719091 -0.001472473 -10e-4 0.003719091 -5.01333e-4 -0.004399955 0.003968417 -5.01333e-4 -10e-4 0.003968417 0 -0.004399955 0.003999948 5.01333e-4 -0.004399955 0.003968417 0.002044737 -0.004399955 -6.64387e-4 0.001692891 -0.004399955 -8.62582e-4 0.001739382 -0.004399955 -0.001263737 0.001263737 -0.004399955 0.001739382 0.001343488 -0.004399955 0.001343488 0.001739382 -0.004399955 0.001263737 0.001692891 -0.004399955 8.62582e-4 0.002044737 -0.004399955 6.64387e-4 0.001876592 -0.004399955 2.97225e-4 0.002149999 -0.004399955 0 0.001876592 -0.004399955 -2.97225e-4 0.001263737 -0.004399955 -0.001739382 8.62582e-4 -0.004399955 -0.001692891 6.64387e-4 -0.004399955 -0.002044737 0.001343488 -0.004399955 -0.001343488 2.97225e-4 -0.004399955 -0.001876592 0 -0.004399955 -0.002149999 -2.97225e-4 -0.004399955 -0.001876592 -6.64387e-4 -0.004399955 -0.002044737 -0.001263737 -0.004399955 0.001739382 -8.62582e-4 -0.004399955 0.001692891 -6.64387e-4 -0.004399955 0.002044737 -0.001692891 -0.004399955 -8.62582e-4 -0.002044737 -0.004399955 -6.64387e-4 -0.001739382 -0.004399955 -0.001263737 -0.001876592 -0.004399955 -2.97225e-4 -0.002149999 -0.004399955 0 -0.001343488 -0.004399955 0.001343488 -0.001739382 -0.004399955 0.001263737 -0.001343488 -0.004399955 -0.001343488 -0.001263737 -0.004399955 -0.001739382 -8.62582e-4 -0.004399955 -0.001692891 8.62582e-4 -0.004399955 0.001692891 6.64387e-4 -0.004399955 0.002044737 2.97225e-4 -0.004399955 0.001876592 0 -0.004399955 0.002149999 0 -0.004399955 0.003999948 -2.97225e-4 -0.004399955 0.001876592 -0.001692891 -0.004399955 8.62582e-4 -0.002044737 -0.004399955 6.64387e-4 -0.001876592 -0.004399955 2.97225e-4 -0.001876592 -0.001999974 2.97225e-4 -0.002149999 -0.001999974 0 -0.001876592 -0.001999974 -2.97225e-4 -0.002044737 -0.001999974 -6.64387e-4 -0.001692891 -0.001999974 -8.62582e-4 -0.001739382 -0.001999974 -0.001263737 -0.001343488 -0.001999974 -0.001343488 -0.001263737 -0.001999974 -0.001739382 -8.62582e-4 -0.001999974 -0.001692891 -6.64387e-4 -0.001999974 -0.002044737 -2.97225e-4 -0.001999974 -0.001876592 0 -0.001999974 -0.002149999 2.97225e-4 -0.001999974 -0.001876592 6.64387e-4 -0.001999974 -0.002044737 8.62582e-4 -0.001999974 -0.001692891 0.001263737 -0.001999974 -0.001739382 0.001343488 -0.001999974 -0.001343488 0.001739382 -0.001999974 -0.001263737 0.001692891 -0.001999974 -8.62582e-4 0.002044737 -0.001999974 -6.64387e-4 0.001876592 -0.001999974 -2.97225e-4 0.002149999 -0.001999974 0 0.001876592 -0.001999974 2.97225e-4 0.002044737 -0.001999974 6.64387e-4 0.001692891 -0.001999974 8.62582e-4 0.001739382 -0.001999974 0.001263737 0.001343488 -0.001999974 0.001343488 0.001263737 -0.001999974 0.001739382 8.62582e-4 -0.001999974 0.001692891 6.64387e-4 -0.001999974 0.002044737 2.97225e-4 -0.001999974 0.001876592 0 -0.001999974 0.002149999 -2.97225e-4 -0.001999974 0.001876592 -6.64387e-4 -0.001999974 0.002044737 -8.62582e-4 -0.001999974 0.001692891 -0.001263737 -0.001999974 0.001739382 -0.001343488 -0.001999974 0.001343488 -0.001739382 -0.001999974 0.001263737 -0.001692891 -0.001999974 8.62582e-4 -0.002044737 -0.001999974 6.64387e-4 9.38198e-4 -0.001999974 7.48188e-4 0.00116986 -0.001999974 2.67025e-4 -5.2066e-4 -0.001999974 0.001081109 0 -0.001999974 0.00119996 0 -0.001999974 -0.00119996 -5.2066e-4 -0.001999974 -0.001081109 -9.38198e-4 -0.001999974 -7.48188e-4 -0.00116986 -0.001999974 -2.67025e-4 5.2066e-4 -0.001999974 -0.001081109 -0.00116986 -0.001999974 2.67025e-4 -9.38198e-4 -0.001999974 7.48188e-4 5.2066e-4 -0.001999974 0.001081109 0.00116986 -0.001999974 -2.67025e-4 9.38198e-4 -0.001999974 -7.48188e-4 0.001749992 -10e-4 -0.02203106 9.05867e-4 -10e-4 -0.0223807 4e-4 -10e-4 -0.01969277 0 -10e-4 -0.01979994 0 -10e-4 -0.02249997 -9.05867e-4 -10e-4 -0.0223807 -4e-4 -10e-4 -0.01969277 -4e-4 -10e-4 -0.01830714 -6.9282e-4 -10e-4 -0.01859998 -0.003499984 -10e-4 -0.01899999 -8e-4 -10e-4 -0.01899999 -0.003380715 -10e-4 -0.01990586 -6.9282e-4 -10e-4 -0.0194 -0.001749992 -10e-4 -0.02203106 -0.002474844 -10e-4 -0.02147483 -0.003031075 -10e-4 -0.02074998 0.002474844 -10e-4 -0.02147483 6.9282e-4 -10e-4 -0.0194 0.003031075 -10e-4 -0.02074998 0.003380715 -10e-4 -0.01990586 8e-4 -10e-4 -0.01899999 0.003499984 -10e-4 -0.01899999 -8e-4 -10e-4 -0.00999999 0 -10e-4 -0.01819998 4e-4 -10e-4 -0.01830714 -6.9282e-4 -10e-4 -0.01039999 -4e-4 -10e-4 -0.01069277 6.9282e-4 -10e-4 -0.01859998 0 -10e-4 -0.0108 4e-4 -10e-4 -0.01069277 6.9282e-4 -10e-4 -0.01039999 8e-4 -10e-4 -0.00999999 -0.00116986 -10e-4 -2.67025e-4 -9.38198e-4 -10e-4 -7.48188e-4 4e-4 -10e-4 -0.009307146 -5.2066e-4 -10e-4 -0.001081109 6.9282e-4 -10e-4 -0.009599983 0 -10e-4 -0.00119996 5.2066e-4 -10e-4 -0.001081109 9.38198e-4 -10e-4 -7.48188e-4 0.00116986 -10e-4 -2.67025e-4 0.00116986 -10e-4 2.67025e-4 9.38198e-4 -10e-4 7.48188e-4 5.2066e-4 -10e-4 0.001081109 -5.2066e-4 -10e-4 0.001081109 0 -10e-4 0.00119996 -9.38198e-4 -10e-4 7.48188e-4 -0.00116986 -10e-4 2.67025e-4 0 -10e-4 -0.009199976 -4e-4 -10e-4 -0.009307146 -6.9282e-4 -10e-4 -0.009599983 0.003499984 -0.003999948 -0.01899999 0.003380715 -0.003999948 -0.01990586 0.003031075 -0.003999948 -0.02074998 0.002474844 -0.003999948 -0.02147483 0.001749992 -0.003999948 -0.02203106 9.05867e-4 -0.003999948 -0.0223807 0 -0.003999948 -0.02249997 -9.05867e-4 -0.003999948 -0.0223807 -0.001749992 -0.003999948 -0.02203106 -0.002474844 -0.003999948 -0.02147483 -0.003031075 -0.003999948 -0.02074998 -0.003380715 -0.003999948 -0.01990586 -0.003499984 -0.003999948 -0.01899999 4e-4 -0.003999948 -0.009307146 6.9282e-4 -0.003999948 -0.009599983 8e-4 -0.003999948 -0.00999999 -4e-4 -0.003999948 -0.01969277 0 -0.003999948 -0.01979994 6.9282e-4 -0.003999948 -0.01039999 0 -0.003999948 -0.01819998 4e-4 -0.003999948 -0.01830714 6.9282e-4 -0.003999948 -0.01859998 6.9282e-4 -0.003999948 -0.0194 4e-4 -0.003999948 -0.01969277 -6.9282e-4 -0.003999948 -0.0194 8e-4 -0.003999948 -0.01899999 -8e-4 -0.003999948 -0.01899999 -6.9282e-4 -0.003999948 -0.01859998 -4e-4 -0.003999948 -0.01830714 4e-4 -0.003999948 -0.01069277 0 -0.003999948 -0.0108 -4e-4 -0.003999948 -0.01069277 -6.9282e-4 -0.003999948 -0.01039999 -4e-4 -0.003999948 -0.009307146 0 -0.003999948 -0.009199976 -8e-4 -0.003999948 -0.00999999 -6.9282e-4 -0.003999948 -0.009599983</float_array>
          <technique_common>
            <accessor source="#lb2-mesh-positions-array" count="397" stride="3">
              <param name="X" type="float"/>
              <param name="Y" type="float"/>
              <param name="Z" type="float"/>
            </accessor>
          </technique_common>
        </source>
        <source id="lb2-mesh-normals">
          <float_array id="lb2-mesh-normals-array" count="2430">0 1 0 0 1 0 0 1 0 0 1 0 0 1 0 0 1 0 0 1 0 0 1 0 0 1 0 0 1 0 0 1 0 0 1 0 0 1 0 0 1 0 0 1 0 0 1 0 0 1 0 0 1 0 0 1 0 0 1 0 0 1 0 0 1 0 0 1 0 0 1 0 0 1 0 0 1 0 0 1 0 0 1 0 0 1 0 0 1 0 0 1 0 0 1 0 0 1 0 0 1 0 0 1 0 0 1 0 0 1 0 0 1 0 0 1 0 0 1 0 0 1 0 0 1 0 0 1 0 0 1 0 0 1 0 0 1 0 0 1 0 0 1 0 0 1 0 0 1 0 0 1 0 0 1 0 0 1 0 0 1 0 0 1 0 0 1 0 0 1 0 0 1 0 0 1 0 0 1 0 0 1 0 0 1 0 0 1 0 0 1 0 0 1 0 0 1 0 0 1 0 0 1 0 0 1 0 0 1 0 0 1 0 0 1 0 0 1 0 0 1 0 0 1 0 0 1 0 0 1 0 0 1 0 0 1 0 0 1 0 0 1 0 0 1 0 0 1 0 0 1 0 0 1 0 0 -1 0 0 -1 0 0 -1 0 0 -1 0 0 -1 0 0 -1 0 0 -1 0 0 -1 0 0 -1 0 0 -1 0 0 -1 0 0 -1 0 0 -1 0 0 -1 0 0 -1 0 0 -1 0 0 -1 0 0 -1 0 0 -1 0 0 -1 0 0 -1 0 0 -1 0 0 -1 0 0 -1 0 0 -1 0 0 -1 0 0 -1 0 0 -1 0 0 -1 0 0 -1 0 0 -1 0 0 -1 0 0 -1 0 0 -1 0 0 -1 0 0 -1 0 0 -1 0 0 -1 0 0 -1 0 0 -1 0 0 -1 0 0 -1 0 0 -1 0 0 -1 0 0 -1 0 0 -1 0 0 -1 0 0 -1 0 0 -1 0 0 -1 0 0 -1 0 0 -1 0 0 -1 0 0 -1 0 0 -1 0 0 -1 0 0 -1 0 0 -1 0 0 -1 0 0 -1 0 0 -1 0 0 -1 0 0 -1 0 0 -1 0 0 -1 0 0 -1 0 0 -1 0 0 -1 0 0 -1 0 0 -1 0 0 -1 0 0 -1 0 0 -1 0 0 -1 0 0 -1 0 0 -1 0 0 -1 0 0 -1 0 0 -1 0 0 -1 0 0 -1 0 0 -1 0 0 -1 0 0 -1 0 0 -1 0 -0.9984937 0 0.05486655 -0.9984937 0 0.05486655 -0.9242379 0 0.3818173 -0.9242379 0 0.3818173 -0.7460883 0 0.6658471 -0.7460883 0 0.6658471 -0.4840705 0 0.875029 -0.4840705 0 0.875029 -0.1676381 0 0.9858486 -0.1676381 0 0.9858486 0.1676381 0 0.9858486 0.1676381 0 0.9858486 0.4840705 0 0.875029 0.4840705 0 0.875029 0.7460883 0 0.6658471 0.7460883 0 0.6658471 0.9242379 0 0.3818173 0.9242379 0 0.3818173 0.9984937 0 0.05486655 0.9984937 0 0.05486655 0.998389 0 -0.05673897 0.998389 0 -0.05673897 0.9975117 0 -0.07050156 0.9975117 0 -0.07050156 0.9994539 0 -0.03304541 0.9994539 0 -0.03304541 0.9999974 0 0.002294719 0.9999974 0 0.002294719 0.9993591 0 0.03579664 0.9993591 0 0.03579664 0.9982988 0 0.05830454 0.9982988 0 0.05830454 0.9848077 0 -0.1736485 0.9848077 0 -0.1736485 0.8660257 0 -0.4999995 0.8660257 0 -0.4999995 0.6427865 0 -0.7660454 0.6427865 0 -0.7660454 0.3420211 0 -0.9396923 0.3420211 0 -0.9396923 0 0 -1 0 0 -1 -0.3420211 0 -0.9396923 -0.3420211 0 -0.9396923 -0.6427865 0 -0.7660454 -0.6427865 0 -0.7660454 -0.8660257 0 -0.4999995 -0.8660257 0 -0.4999995 -0.9848077 0 -0.1736485 -0.9848077 0 -0.1736485 -0.998812 0 0.0487309 -0.998812 0 0.0487309 -0.9998879 0 0.0149731 -0.9998879 0 0.0149731 -0.9997799 0 -0.02098172 -0.9997799 0 -0.02098172 -0.9982635 0 -0.05890738 -0.9982635 0 -0.05890738 -0.9964321 0 -0.08439803 -0.9964321 0 -0.08439803 -0.998389 0 -0.05673897 -0.998389 0 -0.05673897 -0.2588197 0 0.9659256 -0.2588197 0 0.9659256 -0.707108 0 0.7071055 -0.707108 0 0.7071055 -0.9659256 0 0.2588199 -0.9659256 0 0.2588199 -0.965926 0 -0.2588183 -0.965926 0 -0.2588183 -0.7071048 0 -0.7071087 -0.7071048 0 -0.7071087 -0.2588197 0 -0.9659256 -0.2588197 0 -0.9659256 0.2588197 0 -0.9659256 0.2588197 0 -0.9659256 0.7071048 0 -0.7071087 0.7071048 0 -0.7071087 0.965926 0 -0.2588183 0.965926 0 -0.2588183 0.9659256 0 0.2588199 0.9659256 0 0.2588199 0.707108 0 0.7071055 0.707108 0 0.7071055 0.2588197 0 0.9659256 0.2588197 0 0.9659256 -0.2588167 0 0.9659264 -0.2588167 0 0.9659264 -0.707108 0 0.7071055 -0.707108 0 0.7071055 -0.9659258 0 0.2588191 -0.9659258 0 0.2588191 -0.9659258 0 -0.2588191 -0.9659258 0 -0.2588191 -0.7071064 0 -0.7071071 -0.7071064 0 -0.7071071 -0.2588197 0 -0.9659256 -0.2588197 0 -0.9659256 0.2588197 0 -0.9659256 0.2588197 0 -0.9659256 0.7071064 0 -0.7071071 0.7071064 0 -0.7071071 0.9659258 0 -0.2588191 0.9659258 0 -0.2588191 0.9659258 0 0.2588191 0.9659258 0 0.2588191 0.707108 0 0.7071055 0.707108 0 0.7071055 0.2588167 0 0.9659264 0.2588167 0 0.9659264 -0.2588182 0 0.965926 -0.2588182 0 0.965926 -0.7071073 0 0.7071063 -0.7071073 0 0.7071063 -0.9659258 0 0.2588191 -0.9659258 0 0.2588191 -0.9659258 0 -0.2588191 -0.9659258 0 -0.2588191 -0.7071064 0 -0.7071071 -0.7071064 0 -0.7071071 -0.2588197 0 -0.9659256 -0.2588197 0 -0.9659256 0.2588197 0 -0.9659256 0.2588197 0 -0.9659256 0.7071064 0 -0.7071071 0.7071064 0 -0.7071071 0.9659258 0 -0.2588191 0.9659258 0 -0.2588191 0.9659258 0 0.2588191 0.9659258 0 0.2588191 0.7071073 0 0.7071063 0.7071073 0 0.7071063 0.2588182 0 0.965926 0.2588182 0 0.965926 -0.2588191 0 0.9659258 -0.2588191 0 0.9659258 -0.7071068 0 0.7071068 -0.7071068 0 0.7071068 -0.9659258 0 0.2588191 -0.9659258 0 0.2588191 -0.9659258 0 -0.2588191 -0.9659258 0 -0.2588191 -0.7071068 0 -0.7071068 -0.7071068 0 -0.7071068 -0.2588191 0 -0.9659258 -0.2588191 0 -0.9659258 0.2588191 0 -0.9659258 0.2588191 0 -0.9659258 0.7071068 0 -0.7071068 0.7071068 0 -0.7071068 0.9659258 0 -0.2588191 0.9659258 0 -0.2588191 0.9659258 0 0.2588191 0.9659258 0 0.2588191 0.7071068 0 0.7071068 0.7071068 0 0.7071068 0.2588191 0 0.9659258 0.2588191 0 0.9659258 0.9558452 -0.2886329 -0.05523711 0.9980267 0 0.06279045 0.9822873 0 -0.187381 0.9822873 0 -0.187381 0.904827 0 -0.4257795 0.904827 0 -0.4257795 0.7705134 0 -0.6374239 0.7705134 0 -0.6374239 0.5877851 0 -0.8090171 0.5877851 0 -0.8090171 0.3681246 0 -0.9297765 0.3681246 0 -0.9297765 0.1253334 0 -0.9921147 0.1253334 0 -0.9921147 -0.1253334 0 -0.9921147 -0.1253334 0 -0.9921147 -0.3681246 0 -0.9297765 -0.3681246 0 -0.9297765 -0.5877851 0 -0.8090171 -0.5877851 0 -0.8090171 -0.7705134 0 -0.6374239 -0.7705134 0 -0.6374239 -0.904827 0 -0.4257795 -0.904827 0 -0.4257795 -0.9822873 0 -0.187381 -0.9822873 0 -0.187381 -0.9983344 0 -0.05769252 -0.9979515 -0.01228094 0.06278574 -0.9976931 0 0.06788569 0.2486898 0 0.9685832 0.4817536 0 0.8763067 0.4817536 0 0.8763067 0.684547 0 0.7289687 0.684547 0 0.7289687 0.8443281 0 0.5358267 0.8443281 0 0.5358267 0.9510565 0 0.309017 0.9510565 0 0.309017 0.9976931 0 0.06788569 0.9976931 0 0.06788569 -0.9976931 0 0.06788569 -0.9510565 0 0.309017 -0.9510565 0 0.309017 -0.8443281 0 0.5358267 -0.8443281 0 0.5358267 -0.684547 0 0.7289687 -0.684547 0 0.7289687 -0.4817536 0 0.8763067 -0.4817536 0 0.8763067 -0.2486898 0 0.9685832 -0.2486898 0 0.9685832 -0.06279122 0 0.9980267 0 0.009276509 0.999957 0.06279122 0 0.9980267 0.2486898 0 0.9685832 0 -1 0 0 -1 0 0 -1 0 0 -1 0 0 -1 0 0 -1 0 0 -1 0 0 -1 0 0 -1 0 0 -1 0 0 -1 0 0 -1 0 0 -1 0 0 -1 0 0 -1 0 0 -1 0 0 -1 0 0 -1 0 0 -1 0 0 -1 0 0 -1 0 0 -1 0 0 -1 0 0 -1 0 0 -1 0 0 -1 0 0 -1 0 0 -1 0 0 -1 0 0 -1 0 0 -1 0 0 -1 0 0 -1 0 0 -1 0 0 -1 0 0 -1 0 0 -1 0 0 -1 0 0 -1 0 0 -1 0 0 -1 0 0 -1 0 0 -1 0 0 -1 0 0 -1 0 0 -1 0 0 -1 0 0 -1 0 0 -1 0 0 -1 0 0 -1 0 0 -1 0 0 -1 0 0 -1 0 0 -1 0 0 -1 0 0 -1 0 0 -1 0 0 -1 0 0 -1 0 0 -1 0 0 -1 0 0 -1 0 0 -1 0 0 -1 0 0 -1 0 0.7359992 0 -0.6769824 0.7359992 0 -0.6769824 0.7359992 0 0.6769824 0.7359992 0 0.6769824 0.9091759 0 -0.4164122 0.9091759 0 -0.4164122 0.4907777 0 0.8712849 0.4907777 0 0.8712849 0.9933561 0 -0.1150808 0.9933561 0 -0.1150808 0.1975157 0 0.9802997 0.1975157 0 0.9802997 0.9802997 0 0.1975157 0.9802997 0 0.1975157 -0.1150808 0 0.9933561 -0.1150808 0 0.9933561 0.8712849 0 0.4907777 0.8712849 0 0.4907777 -0.4164122 0 0.9091759 -0.4164122 0 0.9091759 0.6769824 0 0.7359992 0.6769824 0 0.7359992 -0.6769824 0 0.7359992 -0.6769824 0 0.7359992 0.4164122 0 0.9091759 0.4164122 0 0.9091759 -0.8712849 0 0.4907777 -0.8712849 0 0.4907777 0.1150808 0 0.9933561 0.1150808 0 0.9933561 -0.9802997 0 0.1975157 -0.9802997 0 0.1975157 -0.1975157 0 0.9802997 -0.1975157 0 0.9802997 -0.9933561 0 -0.1150808 -0.9933561 0 -0.1150808 -0.4907777 0 0.8712849 -0.4907777 0 0.8712849 -0.9091759 0 -0.4164122 -0.9091759 0 -0.4164122 -0.7359992 0 0.6769824 -0.7359992 0 0.6769824 -0.7359992 0 -0.6769824 -0.7359992 0 -0.6769824 -0.9091759 0 0.4164122 -0.9091759 0 0.4164122 -0.4907777 0 -0.8712849 -0.4907777 0 -0.8712849 -0.9933561 0 0.1150808 -0.9933561 0 0.1150808 -0.1975157 0 -0.9802997 -0.1975157 0 -0.9802997 -0.9802997 0 -0.1975157 -0.9802997 0 -0.1975157 0.1150808 0 -0.9933561 0.1150808 0 -0.9933561 -0.8712849 0 -0.4907777 -0.8712849 0 -0.4907777 0.4164122 0 -0.9091759 0.4164122 0 -0.9091759 -0.6769824 0 -0.7359992 -0.6769824 0 -0.7359992 0.6769824 0 -0.7359992 0.6769824 0 -0.7359992 -0.4164122 0 -0.9091759 -0.4164122 0 -0.9091759 0.8712849 0 -0.4907777 0.8712849 0 -0.4907777 -0.1150808 0 -0.9933561 -0.1150808 0 -0.9933561 0.9802997 0 -0.1975157 0.9802997 0 -0.1975157 0.1975157 0 -0.9802997 0.1975157 0 -0.9802997 0.9933561 0 0.1150808 0.9933561 0 0.1150808 0.4907777 0 -0.8712849 0.4907777 0 -0.8712849 0.9091759 0 0.4164122 0.9091759 0 0.4164122 0 -1 0 0 -1 0 0 -1 0 0 -1 0 0 -1 0 0 -1 0 0 -1 0 0 -1 0 0 -1 0 0 -1 0 0 -1 0 0 -1 0 0 -1 0 0 -1 0 0 -1 0 0 -1 0 0 -1 0 0 -1 0 0 -1 0 0 -1 0 0 -1 0 0 -1 0 0 -1 0 0 -1 0 0 -1 0 0 -1 0 0 -1 0 0 -1 0 0 -1 0 0 -1 0 0 -1 0 0 -1 0 0 -1 0 0 -1 0 0 -1 0 0 -1 0 0 -1 0 0 -1 0 0 -1 0 0 -1 0 0 -1 0 0 -1 0 0 -1 0 0 -1 0 0 -1 0 0 -1 0 0 -1 0 0 -1 0 0 -1 0 0 -1 0 0 -1 0 0 -1 0 0 -1 0 0 -1 0 0 1 0 0 1 0 0 1 0 0 1 0 0 1 0 0 1 0 0 1 0 0 1 0 0 1 0 0 1 0 0 1 0 0 1 0 0 1 0 0 1 0 0 1 0 0 1 0 0 1 0 0 1 0 0 1 0 0 1 0 0 1 0 0 1 0 0 1 0 0 1 0 0 1 0 0 1 0 0 1 0 0 1 0 0 1 0 0 1 0 0 1 0 0 1 0 0 1 0 0 1 0 0 1 0 0 1 0 0 1 0 0 1 0 0 1 0 0 1 0 0 1 0 0 1 0 0 1 0 0 1 0 0 1 0 0 1 0 0 1 0 0 1 0 0 1 0 0 1 0 0 1 0 0 1 0 0 1 0 0 1 0 0 1 0 0 1 0 0 1 0 0 1 0 0 1 0 0 1 0 0 1 0 0 1 0 0 1 0 0 1 0 0 1 0 0 1 0 0 1 0 0 1 0 0 1 0 0.9996539 0 -0.02630662 0.9996539 0 -0.02630662 0.9914448 0 -0.1305263 0.9914448 0 -0.1305263 0.9238794 0 -0.3826838 0.9238794 0 -0.3826838 0.7933536 0 -0.6087611 0.7933536 0 -0.6087611 0.6087618 0 -0.7933531 0.6087618 0 -0.7933531 0.3826839 0 -0.9238793 0.3826839 0 -0.9238793 0.1305261 0 -0.9914449 0.1305261 0 -0.9914449 -0.1305261 0 -0.9914449 -0.1305261 0 -0.9914449 -0.3826839 0 -0.9238793 -0.3826839 0 -0.9238793 -0.6087618 0 -0.7933531 -0.6087618 0 -0.7933531 -0.7933536 0 -0.6087611 -0.7933536 0 -0.6087611 -0.9238794 0 -0.3826838 -0.9238794 0 -0.3826838 -0.9914448 0 -0.1305263 -0.9914448 0 -0.1305263 -0.9996539 0 -0.02630662 -0.9996539 0 -0.02630662 0.2225211 0 -0.9749279 0.2225211 0 -0.9749279 0.6234897 0 -0.7818316 0.6234897 0 -0.7818316 0.9009689 0 -0.4338837 0.9009689 0 -0.4338837 1 0 0 1 0 0 0.9009689 0 0.4338837 0.9009689 0 0.4338837 0.6234897 0 0.7818316 0.6234897 0 0.7818316 0.2225211 0 0.9749279 0.2225211 0 0.9749279 -0.2225211 0 0.9749279 -0.2225211 0 0.9749279 -0.6234897 0 0.7818316 -0.6234897 0 0.7818316 -0.9009689 0 0.4338837 -0.9009689 0 0.4338837 -1 0 0 -1 0 0 -0.9009689 0 -0.4338837 -0.9009689 0 -0.4338837 -0.6234897 0 -0.7818316 -0.6234897 0 -0.7818316 -0.2225211 0 -0.9749279 -0.2225211 0 -0.9749279 0 -1 0 0 -1 0 0 -1 0 0 -1 0 0 -1 0 0 -1 0 0 -1 0 0 -1 0 0 -1 0 0 -1 0 0 -1 0 0 -1 0 0 -1 0 0 -1 0 0 -1 0 0 -1 0 0 -1 0 0 -1 0 0 -1 0 0 -1 0 0 -1 0 0 -1 0 0 -1 0 0 -1 0 0 -1 0 0 -1 0 0 -1 0 0 -1 0 0 -1 0 0 -1 0 0 -1 0 0 -1 0 0 -1 0 0 -1 0 0 -1 0 0 -1 0 0 -1 0 0 -1 0 0 -1 0 0 -1 0 0 -1 0 0 -1 0 0 -1 0 0 -1 0 0 -1 0 0 -1 0 0 -1 0 0 -1 0 0 -1 0 0 -1 0 0 -1 0 0 -1 0 0 -1 0 0 -1 0 0.2588184 0 -0.965926 0.2588184 0 -0.965926 0.7071074 0 -0.7071062 0.7071074 0 -0.7071062 0.9659258 0 -0.2588194 0.9659258 0 -0.2588194 0.9659259 0 0.2588188 0.9659259 0 0.2588188 0.7071062 0 0.7071073 0.7071062 0 0.7071073 0.2588205 0 0.9659254 0.2588205 0 0.9659254 -0.2588205 0 0.9659254 -0.2588205 0 0.9659254 -0.7071062 0 0.7071073 -0.7071062 0 0.7071073 -0.9659259 0 0.2588188 -0.9659259 0 0.2588188 -0.9659258 0 -0.2588194 -0.9659258 0 -0.2588194 -0.7071074 0 -0.7071062 -0.7071074 0 -0.7071062 -0.2588184 0 -0.965926 -0.2588184 0 -0.965926 0.2588163 0 -0.9659265 0.2588163 0 -0.9659265 0.7071074 0 -0.7071062 0.7071074 0 -0.7071062 0.9659258 0 -0.2588194 0.9659258 0 -0.2588194 0.9659261 0 0.2588182 0.9659261 0 0.2588182 0.7071051 0 0.7071084 0.7071051 0 0.7071084 0.2588205 0 0.9659254 0.2588205 0 0.9659254 -0.2588205 0 0.9659254 -0.2588205 0 0.9659254 -0.7071051 0 0.7071084 -0.7071051 0 0.7071084 -0.9659261 0 0.2588182 -0.9659261 0 0.2588182 -0.9659258 0 -0.2588194 -0.9659258 0 -0.2588194 -0.7071074 0 -0.7071062 -0.7071074 0 -0.7071062 -0.2588163 0 -0.9659265 -0.2588163 0 -0.9659265</float_array>
          <technique_common>
            <accessor source="#lb2-mesh-normals-array" count="810" stride="3">
              <param name="X" type="float"/>
              <param name="Y" type="float"/>
              <param name="Z" type="float"/>
            </accessor>
          </technique_common>
        </source>
        <source id="lb2-mesh-map-0">
          <float_array id="lb2-mesh-map-0-array" count="4860">0.8411679 0.9096265 0.8413707 0.9103837 0.8426821 0.9507858 0.8426821 0.9507858 0.8413707 0.9103837 0.841925 0.9109379 0.8426821 0.9507858 0.841925 0.9109379 0.8426821 0.9111407 0.8426821 0.881407 0.8416497 0.8816836 0.8406346 0.8776255 0.8371759 0.9523 0.8411679 0.9523 0.8375079 0.9541832 0.8375079 0.9541832 0.8411679 0.9523 0.8413708 0.9530571 0.8426821 0.9538142 0.841726 0.9577226 0.841925 0.9536114 0.841925 0.9536114 0.841726 0.9577226 0.839929 0.9570686 0.841925 0.9536114 0.839929 0.9570686 0.8413708 0.9530571 0.8413708 0.9530571 0.839929 0.9570686 0.8384641 0.9558393 0.8413708 0.9530571 0.8384641 0.9558393 0.8375079 0.9541832 0.8478004 0.9456569 0.8481884 0.9523 0.8441963 0.9523 0.8441963 0.9523 0.8481884 0.9523 0.8478563 0.9541832 0.8441963 0.9523 0.8478563 0.9541832 0.8439934 0.9530571 0.8439934 0.9530571 0.8478563 0.9541832 0.8469001 0.9558393 0.8439934 0.9530571 0.8469001 0.9558393 0.8434392 0.9536114 0.8434392 0.9536114 0.8469001 0.9558393 0.8454353 0.9570686 0.8434392 0.9536114 0.8454353 0.9570686 0.8426821 0.9538142 0.8426821 0.9538142 0.8454353 0.9570686 0.8436383 0.9577226 0.8426821 0.9538142 0.8436383 0.9577226 0.841726 0.9577226 0.8434392 0.9083152 0.8411679 0.8972374 0.8439934 0.9088694 0.8439934 0.9088694 0.8411679 0.8972374 0.8413707 0.8979945 0.8439934 0.9088694 0.8413707 0.8979945 0.8441963 0.9096265 0.8370675 0.891794 0.8413707 0.8964803 0.8411679 0.8972374 0.8367424 0.8879566 0.8365275 0.8841736 0.8406172 0.8834719 0.8406172 0.8834719 0.8365275 0.8841736 0.8366414 0.8820999 0.8406172 0.8834719 0.8366414 0.8820999 0.8408939 0.8824394 0.8408939 0.8824394 0.8366414 0.8820999 0.8374344 0.8801804 0.8408939 0.8824394 0.8374344 0.8801804 0.8416497 0.8816836 0.8416497 0.8816836 0.8374344 0.8801804 0.8388172 0.8786308 0.8416497 0.8816836 0.8388172 0.8786308 0.8406346 0.8776255 0.8378908 0.905746 0.8370675 0.891794 0.841925 0.9083152 0.841925 0.9083152 0.8370675 0.891794 0.8411679 0.8972374 0.841925 0.9083152 0.8411679 0.8972374 0.8426821 0.9081123 0.8426821 0.9081123 0.8411679 0.8972374 0.8434392 0.9083152 0.841925 0.9083152 0.8413707 0.9088694 0.8378908 0.905746 0.8378908 0.905746 0.8413707 0.9088694 0.8411679 0.9096265 0.8378908 0.905746 0.8411679 0.9096265 0.8382003 0.9204975 0.8382003 0.9204975 0.8411679 0.9096265 0.8426821 0.9507858 0.8382003 0.9204975 0.8426821 0.9507858 0.8379669 0.9360857 0.8379669 0.9360857 0.8426821 0.9507858 0.841925 0.9509887 0.8379669 0.9360857 0.841925 0.9509887 0.8371759 0.9523 0.8371759 0.9523 0.841925 0.9509887 0.8413708 0.9515429 0.8371759 0.9523 0.8413708 0.9515429 0.8411679 0.9523 0.8441963 0.9523 0.8439934 0.9515429 0.8478004 0.9456569 0.8478004 0.9456569 0.8439934 0.9515429 0.8434392 0.9509887 0.8478004 0.9456569 0.8434392 0.9509887 0.8472438 0.9301174 0.8413707 0.8979945 0.841925 0.8985489 0.8441963 0.9096265 0.8441963 0.9096265 0.841925 0.8985489 0.8426821 0.8987517 0.8441963 0.9096265 0.8426821 0.8987517 0.8434392 0.8985489 0.8413707 0.8964803 0.8370675 0.891794 0.841925 0.8959261 0.841925 0.8959261 0.8370675 0.891794 0.8367424 0.8879566 0.841925 0.8959261 0.8367424 0.8879566 0.8426821 0.8957232 0.8426821 0.8957232 0.8367424 0.8879566 0.8406172 0.8834719 0.8426821 0.8957232 0.8406172 0.8834719 0.8408939 0.8845043 0.8476722 0.9013912 0.8441963 0.8972374 0.8486217 0.8879566 0.8486217 0.8879566 0.8441963 0.8972374 0.8439934 0.8964803 0.8486217 0.8879566 0.8439934 0.8964803 0.8434392 0.8959261 0.8408939 0.8845043 0.8416497 0.8852601 0.8426821 0.8957232 0.8426821 0.8957232 0.8416497 0.8852601 0.8426821 0.8855367 0.8426821 0.8957232 0.8426821 0.8855367 0.8437145 0.8852601 0.8434392 0.9509887 0.8426821 0.9507858 0.8472438 0.9301174 0.8472438 0.9301174 0.8426821 0.9507858 0.8426821 0.9111407 0.8472438 0.9301174 0.8426821 0.9111407 0.8472099 0.9153739 0.8472099 0.9153739 0.8426821 0.9111407 0.8434392 0.9109379 0.8472099 0.9153739 0.8434392 0.9109379 0.8439934 0.9103837 0.8439934 0.9103837 0.8441963 0.9096265 0.8472099 0.9153739 0.8472099 0.9153739 0.8441963 0.9096265 0.8434392 0.8985489 0.8472099 0.9153739 0.8434392 0.8985489 0.8476722 0.9013912 0.8476722 0.9013912 0.8434392 0.8985489 0.8439934 0.8979945 0.8476722 0.9013912 0.8439934 0.8979945 0.8441963 0.8972374 0.8444703 0.8824394 0.8487228 0.8820999 0.844747 0.8834719 0.844747 0.8834719 0.8487228 0.8820999 0.8488368 0.8841736 0.844747 0.8834719 0.8488368 0.8841736 0.8444703 0.8845043 0.8444703 0.8845043 0.8488368 0.8841736 0.8486217 0.8879566 0.8444703 0.8845043 0.8486217 0.8879566 0.8437145 0.8852601 0.8437145 0.8852601 0.8486217 0.8879566 0.8434392 0.8959261 0.8437145 0.8852601 0.8434392 0.8959261 0.8426821 0.8957232 0.8406346 0.8776255 0.8426821 0.8772773 0.8426821 0.881407 0.8426821 0.881407 0.8426821 0.8772773 0.8447296 0.8776255 0.8426821 0.881407 0.8447296 0.8776255 0.8437145 0.8816836 0.8437145 0.8816836 0.8447296 0.8776255 0.8465469 0.8786308 0.8437145 0.8816836 0.8465469 0.8786308 0.8444703 0.8824394 0.8444703 0.8824394 0.8465469 0.8786308 0.8479298 0.8801804 0.8444703 0.8824394 0.8479298 0.8801804 0.8487228 0.8820999 0.8557485 0.9536114 0.8559476 0.9577226 0.8549914 0.9538142 0.8549914 0.9538142 0.8559476 0.9577226 0.8540353 0.9577226 0.8549914 0.9538142 0.8540353 0.9577226 0.8542343 0.9536114 0.8542343 0.9109379 0.8549914 0.9111407 0.8565056 0.9523 0.8498731 0.9456569 0.85368 0.9515429 0.8494852 0.9523 0.8494852 0.9523 0.85368 0.9515429 0.8534772 0.9523 0.8494852 0.9523 0.8534772 0.9523 0.8498172 0.9541832 0.8498172 0.9541832 0.8534772 0.9523 0.85368 0.9530571 0.8498172 0.9541832 0.85368 0.9530571 0.8507733 0.9558393 0.8507733 0.9558393 0.85368 0.9530571 0.8542343 0.9536114 0.8507733 0.9558393 0.8542343 0.9536114 0.8522383 0.9570686 0.8522383 0.9570686 0.8542343 0.9536114 0.8540353 0.9577226 0.8529266 0.8834719 0.8532032 0.8845043 0.8563027 0.8964803 0.8563027 0.8964803 0.8532032 0.8845043 0.8565056 0.8972374 0.8542343 0.9109379 0.8565056 0.9523 0.85368 0.9103837 0.85368 0.9103837 0.8565056 0.9523 0.8563027 0.9515429 0.85368 0.9103837 0.8563027 0.9515429 0.8534772 0.9096265 0.8534772 0.9096265 0.8563027 0.9515429 0.8557485 0.9509887 0.8534772 0.9096265 0.8557485 0.9509887 0.8549914 0.9507858 0.8549914 0.9081123 0.8542343 0.8985489 0.8557485 0.9083152 0.8557485 0.9083152 0.8542343 0.8985489 0.8549914 0.8987517 0.8557485 0.9083152 0.8549914 0.8987517 0.8563027 0.9088694 0.8504636 0.9153739 0.8500012 0.9013912 0.8534772 0.9096265 0.8534772 0.9096265 0.8500012 0.9013912 0.85368 0.9088694 0.8565056 0.9096265 0.8597827 0.905746 0.8563027 0.9103837 0.8563027 0.9103837 0.8597827 0.905746 0.8594731 0.9204975 0.8563027 0.9103837 0.8594731 0.9204975 0.8557485 0.9109379 0.8532032 0.8845043 0.853959 0.8852601 0.8565056 0.8972374 0.8565056 0.8972374 0.853959 0.8852601 0.8549914 0.8855367 0.8565056 0.8972374 0.8549914 0.8855367 0.8560238 0.8852601 0.8563027 0.9088694 0.8549914 0.8987517 0.8565056 0.9096265 0.8565056 0.9096265 0.8549914 0.8987517 0.8557485 0.8985489 0.8565056 0.9096265 0.8557485 0.8985489 0.8597827 0.905746 0.8597827 0.905746 0.8557485 0.8985489 0.8563027 0.8979945 0.8597827 0.905746 0.8563027 0.8979945 0.860606 0.891794 0.8490517 0.8879566 0.85368 0.8964803 0.8500012 0.9013912 0.8500012 0.9013912 0.85368 0.8964803 0.8534772 0.8972374 0.85368 0.9088694 0.8500012 0.9013912 0.8542343 0.9083152 0.8542343 0.9083152 0.8500012 0.9013912 0.8534772 0.8972374 0.8542343 0.9083152 0.8534772 0.8972374 0.8549914 0.9081123 0.8549914 0.9081123 0.8534772 0.8972374 0.85368 0.8979946 0.8549914 0.9081123 0.85368 0.8979946 0.8542343 0.8985489 0.8565056 0.9523 0.8601656 0.9541832 0.8563027 0.9530571 0.8563027 0.9530571 0.8601656 0.9541832 0.8592094 0.9558393 0.8563027 0.9530571 0.8592094 0.9558393 0.8557485 0.9536114 0.8557485 0.9536114 0.8592094 0.9558393 0.8577445 0.9570686 0.8557485 0.9536114 0.8577445 0.9570686 0.8559476 0.9577226 0.8504636 0.9153739 0.8534772 0.9096265 0.8504298 0.9301174 0.8504298 0.9301174 0.8534772 0.9096265 0.8549914 0.9507858 0.8504298 0.9301174 0.8549914 0.9507858 0.8498731 0.9456569 0.8498731 0.9456569 0.8549914 0.9507858 0.8542343 0.9509887 0.8498731 0.9456569 0.8542343 0.9509887 0.85368 0.9515429 0.8563027 0.8979945 0.8565056 0.8972374 0.860606 0.891794 0.860606 0.891794 0.8565056 0.8972374 0.8560238 0.8852601 0.860606 0.891794 0.8560238 0.8852601 0.860931 0.8879566 0.860931 0.8879566 0.8560238 0.8852601 0.8567796 0.8845043 0.860931 0.8879566 0.8567796 0.8845043 0.861146 0.8841736 0.861146 0.8841736 0.8567796 0.8845043 0.8570563 0.8834719 0.861146 0.8841736 0.8570563 0.8834719 0.8610321 0.8820999 0.8610321 0.8820999 0.8570563 0.8834719 0.8567796 0.8824394 0.8549914 0.881407 0.8570389 0.8776255 0.8560238 0.8816836 0.8560238 0.8816836 0.8570389 0.8776255 0.8588562 0.8786308 0.8560238 0.8816836 0.8588562 0.8786308 0.8567796 0.8824394 0.8567796 0.8824394 0.8588562 0.8786308 0.8602391 0.8801804 0.8567796 0.8824394 0.8602391 0.8801804 0.8610321 0.8820999 0.8557485 0.9109379 0.8594731 0.9204975 0.8549914 0.9111407 0.8549914 0.9111407 0.8594731 0.9204975 0.8597066 0.9360857 0.8549914 0.9111407 0.8597066 0.9360857 0.8565056 0.9523 0.8565056 0.9523 0.8597066 0.9360857 0.8604977 0.9523 0.8565056 0.9523 0.8604977 0.9523 0.8601656 0.9541832 0.853959 0.8816836 0.8529439 0.8776255 0.8549914 0.881407 0.8549914 0.881407 0.8529439 0.8776255 0.8549914 0.8772773 0.8549914 0.881407 0.8549914 0.8772773 0.8570389 0.8776255 0.8563027 0.8964803 0.8557485 0.8959261 0.8529266 0.8834719 0.8529266 0.8834719 0.8557485 0.8959261 0.8549914 0.8957232 0.8529266 0.8834719 0.8549914 0.8957232 0.8490517 0.8879566 0.8490517 0.8879566 0.8549914 0.8957232 0.8542343 0.8959261 0.8490517 0.8879566 0.8542343 0.8959261 0.85368 0.8964803 0.8490517 0.8879566 0.8488368 0.8841736 0.8529266 0.8834719 0.8529266 0.8834719 0.8488368 0.8841736 0.8489507 0.8820999 0.8529266 0.8834719 0.8489507 0.8820999 0.8532032 0.8824394 0.8532032 0.8824394 0.8489507 0.8820999 0.8497437 0.8801804 0.8532032 0.8824394 0.8497437 0.8801804 0.853959 0.8816836 0.853959 0.8816836 0.8497437 0.8801804 0.8511266 0.8786308 0.853959 0.8816836 0.8511266 0.8786308 0.8529439 0.8776255 0.874897 0.883701 0.8721439 0.883701 0.8721439 0.8816315 0.874897 0.883701 0.8721439 0.8816315 0.874897 0.8816316 0.874897 0.8816316 0.8721439 0.8816315 0.8721438 0.8797363 0.874897 0.8816316 0.8721438 0.8797363 0.8748969 0.8797363 0.8748969 0.8797363 0.8721438 0.8797363 0.8721436 0.8782284 0.8748969 0.8797363 0.8721436 0.8782284 0.8748967 0.8782284 0.8748967 0.8782284 0.8721436 0.8782284 0.8721433 0.8772773 0.8748967 0.8782284 0.8721433 0.8772773 0.8748964 0.8772773 0.8886237 0.8972682 0.8913769 0.8972682 0.8913769 0.8987656 0.8886237 0.8972682 0.8913769 0.8987656 0.8886237 0.8987656 0.8886237 0.8987656 0.8913769 0.8987656 0.8913769 0.9006546 0.8886237 0.8987656 0.8913769 0.9006546 0.8886237 0.9006546 0.8886237 0.9006546 0.8913769 0.9006546 0.8913769 0.9027226 0.8886237 0.9006546 0.8913769 0.9027226 0.8886237 0.9027226 0.8886237 0.9027226 0.8913769 0.9027226 0.8913769 0.9047375 0.8886237 0.9027226 0.8913769 0.9047375 0.8886237 0.9047375 0.8886237 0.9047375 0.8913769 0.9047375 0.8913769 0.9064726 0.8886237 0.9047375 0.8913769 0.9064726 0.8886237 0.9064726 0.8748975 0.8772792 0.8776506 0.8772773 0.8776502 0.8792752 0.8748975 0.8772792 0.8776502 0.8792752 0.8748971 0.8792771 0.8748977 0.8830147 0.8748971 0.8792771 0.8776507 0.8830128 0.8776507 0.8830128 0.8748971 0.8792771 0.8776502 0.8792752 0.8748977 0.8830147 0.8776507 0.8830128 0.8776535 0.8963273 0.8748977 0.8830147 0.8776535 0.8963273 0.8749004 0.8963292 0.8749004 0.8963292 0.8776535 0.8963273 0.8776546 0.9100692 0.8749004 0.8963292 0.8776546 0.9100692 0.8749015 0.9100711 0.8749015 0.9100711 0.8776546 0.9100692 0.877654 0.9244442 0.8749015 0.9100711 0.877654 0.9244442 0.8749009 0.9244462 0.8749009 0.9244462 0.877654 0.9244442 0.8776517 0.9394808 0.8749009 0.9244462 0.8776517 0.9394808 0.8748986 0.9394827 0.8748986 0.9394827 0.8776517 0.9394808 0.8776502 0.9458758 0.8748986 0.9394827 0.8776502 0.9458758 0.8748971 0.9458777 0.8748971 0.9458777 0.8776502 0.9458758 0.8776512 0.947786 0.8748971 0.9458777 0.8776512 0.947786 0.8748981 0.9477879 0.8748981 0.9477879 0.8776512 0.947786 0.8776544 0.9496118 0.8748981 0.9477879 0.8776544 0.9496118 0.8749013 0.9496137 0.8886237 0.9064726 0.8913769 0.9064726 0.8913769 0.9080387 0.8886237 0.9064726 0.8913769 0.9080387 0.8886237 0.9080387 0.8886237 0.9080387 0.8913769 0.9080387 0.8913769 0.9098857 0.8886237 0.9080387 0.8913769 0.9098857 0.8886237 0.9098857 0.8886237 0.9098857 0.8913769 0.9098857 0.8913769 0.9117907 0.8886237 0.9098857 0.8913769 0.9117907 0.8886237 0.9117907 0.8886237 0.9117907 0.8913769 0.9117907 0.8913769 0.9135242 0.8886237 0.9117907 0.8913769 0.9135242 0.8886237 0.9135242 0.8886237 0.9135242 0.8913769 0.9135242 0.8913769 0.9148768 0.8886237 0.9135242 0.8913769 0.9148768 0.8886237 0.9148768 0.8748964 0.9553926 0.8721433 0.9553926 0.8721435 0.9537089 0.8748964 0.9553926 0.8721435 0.9537089 0.8748966 0.9537089 0.8748966 0.9537089 0.8721435 0.9537089 0.8721435 0.9518167 0.8748966 0.9537089 0.8721435 0.9518167 0.8748967 0.9518167 0.8748967 0.9518167 0.8721435 0.9518167 0.8721435 0.9356328 0.8748967 0.9518167 0.8721435 0.9356328 0.8748966 0.935633 0.8748966 0.935633 0.8721435 0.9356328 0.8721435 0.9200585 0.8748966 0.935633 0.8721435 0.9200585 0.8748967 0.9200585 0.8748967 0.9200585 0.8721435 0.9200585 0.8721436 0.9053043 0.8748967 0.9200585 0.8721436 0.9053043 0.8748968 0.9053043 0.8748968 0.9053043 0.8721436 0.9053043 0.8721438 0.8913341 0.8748968 0.9053043 0.8721438 0.8913341 0.8748969 0.8913341 0.8748969 0.8913341 0.8721438 0.8913341 0.8721439 0.8874886 0.8748969 0.8913341 0.8721439 0.8874886 0.874897 0.8874887 0.874897 0.883701 0.874897 0.8874887 0.8721439 0.883701 0.8721439 0.883701 0.874897 0.8874887 0.8721439 0.8874886 0.8959802 0.8984808 0.8959802 0.8957276 0.8964922 0.8984808 0.8964922 0.8984808 0.8959802 0.8957276 0.8964922 0.8957276 0.8886237 0.9384436 0.8886237 0.9356904 0.8891613 0.9384434 0.8891613 0.9384434 0.8886237 0.9356904 0.8891613 0.9356903 0.8891613 0.9384434 0.8891613 0.9356903 0.8899121 0.9384434 0.8899121 0.9384434 0.8891613 0.9356903 0.8899121 0.9356903 0.8899121 0.9384434 0.8899121 0.9356903 0.8906748 0.9384434 0.8906748 0.9384434 0.8899121 0.9356903 0.8906748 0.9356903 0.8906748 0.9384434 0.8906748 0.9356903 0.8912453 0.9384436 0.8912453 0.9384436 0.8906748 0.9356903 0.8912453 0.9356904 0.89447 0.9149995 0.89447 0.9122464 0.8952067 0.9149995 0.8952067 0.9149995 0.89447 0.9122464 0.8952067 0.9122464 0.8952067 0.9149995 0.8952067 0.9122464 0.8959786 0.9149995 0.8959786 0.9149995 0.8952067 0.9122464 0.8959786 0.9122464 0.89447 0.8896707 0.89447 0.8869176 0.8951326 0.8896694 0.8951326 0.8896694 0.89447 0.8869176 0.8951326 0.8869163 0.8951326 0.8896694 0.8951326 0.8869163 0.8959158 0.8896693 0.8959158 0.8896693 0.8951326 0.8869163 0.8959158 0.8869162 0.8959158 0.8896693 0.8959158 0.8869162 0.8966098 0.8896705 0.8966098 0.8896705 0.8959158 0.8869162 0.8966098 0.8869174 0.89447 0.8984808 0.89447 0.8957276 0.89524 0.8984808 0.89524 0.8984808 0.89447 0.8957276 0.89524 0.8957276 0.89524 0.8984808 0.89524 0.8957276 0.8959802 0.8984808 0.8959802 0.8984808 0.89524 0.8957276 0.8959802 0.8957276 0.8959802 0.9012339 0.8959802 0.8984808 0.8964922 0.9012339 0.8964922 0.9012339 0.8959802 0.8984808 0.8964922 0.8984808 0.8886237 0.9411968 0.8886237 0.9384437 0.8891613 0.9411967 0.8891613 0.9411967 0.8886237 0.9384437 0.8891613 0.9384436 0.8891613 0.9411967 0.8891613 0.9384436 0.8899121 0.9411967 0.8899121 0.9411967 0.8891613 0.9384436 0.8899121 0.9384436 0.8899121 0.9411967 0.8899121 0.9384436 0.8906748 0.9411967 0.8906748 0.9411967 0.8899121 0.9384436 0.8906748 0.9384436 0.8906748 0.9411967 0.8906748 0.9384436 0.8912453 0.9411968 0.8912453 0.9411968 0.8906748 0.9384436 0.8912453 0.9384437 0.89447 0.9205058 0.89447 0.9177526 0.8952067 0.9205058 0.8952067 0.9205058 0.89447 0.9177526 0.8952067 0.9177526 0.8952067 0.9205058 0.8952067 0.9177526 0.8959786 0.9205058 0.8959786 0.9205058 0.8952067 0.9177526 0.8959786 0.9177526 0.89447 0.8869162 0.89447 0.884163 0.8951326 0.8869148 0.8951326 0.8869148 0.89447 0.884163 0.8951326 0.8841617 0.8951326 0.8869148 0.8951326 0.8841617 0.8959158 0.8869147 0.8959158 0.8869147 0.8951326 0.8841617 0.8959158 0.8841616 0.8959158 0.8869147 0.8959158 0.8841616 0.8966098 0.8869159 0.8966098 0.8869159 0.8959158 0.8841616 0.8966098 0.8841628 0.89447 0.9012339 0.89447 0.8984808 0.89524 0.9012339 0.89524 0.9012339 0.89447 0.8984808 0.89524 0.8984808 0.89524 0.9012339 0.89524 0.8984808 0.8959802 0.9012339 0.8959802 0.9012339 0.89524 0.8984808 0.8959802 0.8984808 0.8959801 0.903987 0.8959801 0.9012339 0.8964922 0.903987 0.8964922 0.903987 0.8959801 0.9012339 0.8964922 0.9012339 0.8886237 0.9439501 0.8886237 0.9411969 0.8891613 0.9439499 0.8891613 0.9439499 0.8886237 0.9411969 0.8891613 0.9411968 0.8891613 0.9439499 0.8891613 0.9411968 0.8899121 0.9439499 0.8899121 0.9439499 0.8891613 0.9411968 0.8899121 0.9411968 0.8899121 0.9439499 0.8899121 0.9411968 0.8906748 0.9439499 0.8906748 0.9439499 0.8899121 0.9411968 0.8906748 0.9411968 0.8906748 0.9439499 0.8906748 0.9411968 0.8912453 0.9439501 0.8912453 0.9439501 0.8906748 0.9411968 0.8912453 0.9411969 0.89447 0.9177526 0.89447 0.9149995 0.8952067 0.9177526 0.8952067 0.9177526 0.89447 0.9149995 0.8952067 0.9149995 0.8952067 0.9177526 0.8952067 0.9149995 0.8959786 0.9177526 0.8959786 0.9177526 0.8952067 0.9149995 0.8959786 0.9149995 0.89447 0.8841616 0.89447 0.8814085 0.8951327 0.8841602 0.8951327 0.8841602 0.89447 0.8814085 0.8951327 0.8814071 0.8951327 0.8841602 0.8951327 0.8814071 0.8959158 0.8841601 0.8959158 0.8841601 0.8951327 0.8814071 0.8959158 0.881407 0.8959158 0.8841601 0.8959158 0.881407 0.8966098 0.8841613 0.8966098 0.8841613 0.8959158 0.881407 0.8966098 0.8814082 0.89447 0.903987 0.89447 0.9012339 0.89524 0.903987 0.89524 0.903987 0.89447 0.9012339 0.89524 0.9012339 0.89524 0.903987 0.89524 0.9012339 0.8959801 0.903987 0.8959801 0.903987 0.89524 0.9012339 0.8959801 0.9012339 0.8886237 0.9349921 0.8913769 0.9349921 0.8886237 0.9356903 0.8886237 0.9356903 0.8913769 0.9349921 0.8913769 0.9356903 0.891377 0.9184516 0.8886238 0.9184516 0.8913769 0.9177185 0.8913769 0.9177185 0.8886238 0.9184516 0.8886237 0.9177185 0.8913769 0.9177185 0.8886237 0.9177185 0.8913769 0.9166948 0.8913769 0.9166948 0.8886237 0.9177185 0.8886237 0.9166948 0.8913769 0.9166948 0.8886237 0.9166948 0.8913769 0.9156545 0.8913769 0.9156545 0.8886237 0.9166948 0.8886237 0.9156545 0.8913769 0.9156545 0.8886237 0.9156545 0.891377 0.9148768 0.891377 0.9148768 0.8886237 0.9156545 0.8886238 0.9148768 0.89447 0.8957276 0.89447 0.8929745 0.8954746 0.8957276 0.8954746 0.8957276 0.89447 0.8929745 0.8954746 0.8929745 0.8954746 0.8957276 0.8954746 0.8929745 0.8965271 0.8957276 0.8965271 0.8957276 0.8954746 0.8929745 0.8965271 0.8929745 0.8886237 0.9217554 0.8913769 0.9217554 0.8886256 0.9226589 0.8886256 0.9226589 0.8913769 0.9217554 0.8913787 0.9226589 0.8886256 0.9226589 0.8913787 0.9226589 0.8886258 0.9237269 0.8886258 0.9237269 0.8913787 0.9226589 0.8913788 0.9237269 0.8886258 0.9237269 0.8913788 0.9237269 0.8886241 0.9246732 0.8886241 0.9246732 0.8913788 0.9237269 0.8913772 0.9246732 0.8886237 0.9329329 0.8913769 0.9329329 0.8886237 0.9339827 0.8886237 0.9339827 0.8913769 0.9329329 0.8913769 0.9339827 0.8886237 0.9339827 0.8913769 0.9339827 0.8886237 0.9349921 0.8886237 0.9349921 0.8913769 0.9339827 0.8913769 0.9349921 0.8817843 0.9144143 0.8817843 0.9143588 0.8823353 0.9130892 0.8823353 0.9130892 0.882335 0.9144139 0.8817843 0.9144143 0.8817843 0.9144143 0.882335 0.9144139 0.8823357 0.9157934 0.8817843 0.9144143 0.8823357 0.9157934 0.881785 0.9157938 0.881785 0.9157938 0.8823357 0.9157934 0.8823375 0.917141 0.881785 0.9157938 0.8823375 0.917141 0.8817869 0.9171413 0.8817869 0.9171413 0.8823375 0.917141 0.8823403 0.9183719 0.8817869 0.9171413 0.8823403 0.9183719 0.8817897 0.9183723 0.89447 0.9205058 0.8950207 0.9205058 0.8950207 0.9216886 0.89447 0.9205058 0.8950207 0.9216886 0.89447 0.9216886 0.89447 0.9216886 0.8950207 0.9216886 0.8950207 0.9230112 0.89447 0.9216886 0.8950207 0.9230112 0.89447 0.9230112 0.89447 0.9230112 0.8950207 0.9230112 0.8950207 0.9243904 0.89447 0.9230112 0.8950207 0.9243904 0.89447 0.9243904 0.89447 0.9243904 0.8950207 0.9243904 0.8950207 0.9257395 0.89447 0.9243904 0.8950207 0.9257395 0.89447 0.9257395 0.89447 0.9257395 0.8950207 0.9257395 0.8950207 0.9269739 0.89447 0.9257395 0.8950207 0.9269739 0.89447 0.9269739 0.89447 0.9269739 0.8950207 0.9269739 0.8950207 0.9280158 0.89447 0.9269739 0.8950207 0.9280158 0.89447 0.9280158 0.8782052 0.8863552 0.8776546 0.8863552 0.8776548 0.8852661 0.8782052 0.8863552 0.8776548 0.8852661 0.8782054 0.8852661 0.8782054 0.8852661 0.8776548 0.8852661 0.8776549 0.8840004 0.8782054 0.8852661 0.8776549 0.8840004 0.8782055 0.8840004 0.8782055 0.8840004 0.8776549 0.8840004 0.877655 0.8826375 0.8782055 0.8840004 0.877655 0.8826375 0.8782057 0.8826375 0.8782057 0.8826375 0.877655 0.8826375 0.8782057 0.8825814 0.8782057 0.8825814 0.877655 0.8826375 0.877655 0.8812632 0.8782057 0.8825814 0.877655 0.8812632 0.8823353 0.8825815 0.8886237 0.8793312 0.893304 0.8806297 0.8886237 0.8806297 0.8886237 0.8806297 0.893304 0.8806297 0.893304 0.8820038 0.8886237 0.8806297 0.893304 0.8820038 0.8886237 0.8820038 0.8886237 0.8820038 0.893304 0.8820038 0.893304 0.8833671 0.8886237 0.8820038 0.893304 0.8833671 0.8886237 0.8833671 0.8886237 0.8833671 0.893304 0.8833671 0.893304 0.8846339 0.8886237 0.8833671 0.893304 0.8846339 0.8886237 0.8846339 0.8776566 0.9119055 0.8823369 0.9119025 0.8823353 0.9130892 0.8776566 0.9119055 0.8823353 0.9130892 0.877655 0.9130923 0.877655 0.9130923 0.8823353 0.9130892 0.8817843 0.9143588 0.877655 0.9130923 0.8817843 0.9143588 0.8776546 0.9143615 0.8823353 0.8825815 0.877655 0.8812632 0.8823353 0.8812634 0.8823353 0.8812634 0.877655 0.8812632 0.877655 0.8799638 0.8823353 0.8812634 0.877655 0.8799638 0.8823353 0.8799639 0.8823353 0.8799639 0.877655 0.8799638 0.8776549 0.8788208 0.8823353 0.8799639 0.8776549 0.8788208 0.8823352 0.8788209 0.8823352 0.8788209 0.8776549 0.8788208 0.8776548 0.8779061 0.8823352 0.8788209 0.8776548 0.8779061 0.8823351 0.8779063 0.8823351 0.8779063 0.8776548 0.8779061 0.8776546 0.8772773 0.8823351 0.8779063 0.8776546 0.8772773 0.882335 0.8772775 0.8886237 0.8772773 0.893304 0.8772773 0.893304 0.8781898 0.8886237 0.8772773 0.893304 0.8781898 0.8886237 0.8781898 0.8886237 0.8781898 0.893304 0.8781898 0.893304 0.8787361 0.8886237 0.8781898 0.893304 0.8787361 0.8886237 0.8793312 0.8886237 0.8793312 0.893304 0.8787361 0.893304 0.8793312 0.8886237 0.8793312 0.893304 0.8793312 0.893304 0.8806297 0.8803657 0.9499616 0.8808662 0.9502034 0.880837 0.9507586 0.881231 0.9465916 0.8811556 0.9471424 0.8806186 0.9472861 0.881231 0.9465916 0.8796076 0.9446294 0.880773 0.9438899 0.8796076 0.9446294 0.881231 0.9465916 0.8786628 0.9456356 0.8786628 0.9456356 0.881231 0.9465916 0.8806186 0.9472861 0.8786628 0.9456356 0.8806186 0.9472861 0.8779979 0.9468451 0.8779979 0.9468451 0.8806186 0.9472861 0.880717 0.9478333 0.8779979 0.9468451 0.880717 0.9478333 0.8776546 0.9481819 0.8802508 0.948136 0.8805136 0.9486259 0.8801637 0.9490578 0.8801637 0.9490578 0.8805649 0.9494425 0.8803657 0.9499616 0.8815316 0.951371 0.8820787 0.9512724 0.8823814 0.9517386 0.880717 0.9478333 0.8802508 0.948136 0.8776546 0.9481819 0.8776546 0.9481819 0.8802508 0.948136 0.8801637 0.9490578 0.8776546 0.9481819 0.8801637 0.9490578 0.8776546 0.9495622 0.8776546 0.9495622 0.8801637 0.9490578 0.8803657 0.9499616 0.8776546 0.9495622 0.8803657 0.9499616 0.8779979 0.950899 0.8779979 0.950899 0.8803657 0.9499616 0.8786628 0.9521085 0.8786628 0.9521085 0.8803657 0.9499616 0.880837 0.9507586 0.8786628 0.9521085 0.880837 0.9507586 0.8796076 0.9531146 0.8796076 0.9531146 0.880837 0.9507586 0.8813878 0.9508339 0.8796076 0.9531146 0.8813878 0.9508339 0.880773 0.9538542 0.8823814 0.9517386 0.8828713 0.9514759 0.8833033 0.9518257 0.8833033 0.9518257 0.883688 0.9514245 0.884207 0.9516238 0.8813878 0.9508339 0.8815316 0.951371 0.880773 0.9538542 0.880773 0.9538542 0.8815316 0.951371 0.8823814 0.9517386 0.880773 0.9538542 0.8823814 0.9517386 0.8820857 0.9542807 0.8820857 0.9542807 0.8823814 0.9517386 0.8833033 0.9518257 0.8847033 0.9463731 0.8841562 0.9464717 0.8838534 0.9460054 0.8855178 0.9499108 0.8859841 0.9496081 0.8856163 0.9504578 0.8856163 0.9504578 0.8859841 0.9496081 0.8879426 0.9515246 0.8856163 0.9504578 0.8879426 0.9515246 0.8871313 0.9526413 0.8859841 0.9496081 0.8857213 0.9491181 0.8860712 0.9486861 0.8848471 0.9469102 0.8847033 0.9463731 0.8853979 0.9469855 0.8853979 0.9469855 0.8847033 0.9463731 0.8871313 0.9451027 0.8853979 0.9469855 0.8871313 0.9451027 0.8879426 0.9462193 0.8850794 0.9506017 0.8856163 0.9504578 0.885004 0.9511525 0.885004 0.9511525 0.8856163 0.9504578 0.8871313 0.9526413 0.885004 0.9511525 0.8871313 0.9526413 0.8844488 0.9511232 0.8844488 0.9511232 0.8871313 0.9526413 0.8860679 0.9535211 0.8844488 0.9511232 0.8860679 0.9535211 0.884207 0.9516238 0.884207 0.9516238 0.8860679 0.9535211 0.884819 0.9541087 0.884207 0.9516238 0.884819 0.9541087 0.8833033 0.9518257 0.8833033 0.9518257 0.884819 0.9541087 0.8834632 0.9543674 0.8833033 0.9518257 0.8834632 0.9543674 0.8820857 0.9542807 0.8817861 0.9466208 0.881231 0.9465916 0.882028 0.9461203 0.882028 0.9461203 0.881231 0.9465916 0.880773 0.9438899 0.882028 0.9461203 0.880773 0.9438899 0.8825469 0.9463196 0.8825469 0.9463196 0.880773 0.9438899 0.8820857 0.9434633 0.8825469 0.9463196 0.8820857 0.9434633 0.8829316 0.9459182 0.8829316 0.9459182 0.8820857 0.9434633 0.8827717 0.9433767 0.8829316 0.9459182 0.8827717 0.9433767 0.8833636 0.9462682 0.8833636 0.9462682 0.8827717 0.9433767 0.8834632 0.9433767 0.8833636 0.9462682 0.8834632 0.9433767 0.8838534 0.9460054 0.8838534 0.9460054 0.8834632 0.9433767 0.884819 0.9436352 0.8838534 0.9460054 0.884819 0.9436352 0.8847033 0.9463731 0.8847033 0.9463731 0.884819 0.9436352 0.8860679 0.9442229 0.8847033 0.9463731 0.8860679 0.9442229 0.8871313 0.9451027 0.8853687 0.9475407 0.8853979 0.9469855 0.8858692 0.9477825 0.8858692 0.9477825 0.8853979 0.9469855 0.8879426 0.9462193 0.8858692 0.9477825 0.8879426 0.9462193 0.88567 0.9483014 0.88567 0.9483014 0.8879426 0.9462193 0.8884508 0.9475026 0.88567 0.9483014 0.8884508 0.9475026 0.8860712 0.9486861 0.8860712 0.9486861 0.8884508 0.9475026 0.8886237 0.948872 0.8860712 0.9486861 0.8886237 0.948872 0.8859841 0.9496081 0.8859841 0.9496081 0.8886237 0.948872 0.8884508 0.9502413 0.8859841 0.9496081 0.8884508 0.9502413 0.8879426 0.9515246 0.8966098 0.9301405 0.8970916 0.9301396 0.8966098 0.9334442 0.8966098 0.9334442 0.8970916 0.9301396 0.8970916 0.9334433 0.8966098 0.8937965 0.897151 0.8937965 0.8966098 0.8971002 0.8966098 0.8971002 0.897151 0.8937965 0.897151 0.8971002 0.8966098 0.8871889 0.8971537 0.8871886 0.8966098 0.8904927 0.8966098 0.8904927 0.8971537 0.8871886 0.8971537 0.8904923 0.89447 0.9436848 0.895024 0.9436848 0.89447 0.9469886 0.89447 0.9469886 0.895024 0.9436848 0.895024 0.9469886 0.89447 0.9469886 0.8950228 0.9469887 0.89447 0.9502922 0.89447 0.9502922 0.8950228 0.9469887 0.8950228 0.9502925 0.8966098 0.9103163 0.8971222 0.9103163 0.8966098 0.91362 0.8966098 0.91362 0.8971222 0.9103163 0.8971222 0.91362 0.8966098 0.91362 0.8971173 0.9136208 0.8966098 0.9169238 0.8966098 0.9169238 0.8971173 0.9136208 0.8971173 0.9169245 0.89447 0.8896707 0.8948907 0.8896707 0.89447 0.8929745 0.89447 0.8929745 0.8948907 0.8896707 0.8948907 0.8929745 0.8948907 0.8896707 0.8953887 0.8896707 0.8948907 0.8929745 0.8948907 0.8929745 0.8953887 0.8896707 0.8953887 0.8929745 0.8953887 0.8896707 0.8956765 0.8896707 0.8953887 0.8929745 0.8953887 0.8929745 0.8956765 0.8896707 0.8956765 0.8929745 0.8956765 0.8896707 0.8962264 0.8896707 0.8956765 0.8929745 0.8956765 0.8929745 0.8962264 0.8896707 0.8962264 0.8929745 0.8966098 0.9532679 0.8969739 0.9532678 0.8966098 0.9565716 0.8966098 0.9565716 0.8969739 0.9532678 0.8969739 0.9565716 0.8966098 0.8772773 0.8971579 0.8772773 0.8966098 0.880581 0.8966098 0.880581 0.8971579 0.8772773 0.8971579 0.880581 0.8966098 0.9334443 0.8970858 0.9334442 0.8966098 0.936748 0.8966098 0.936748 0.8970858 0.9334442 0.8970858 0.9367479 0.8966098 0.9202283 0.8971024 0.9202283 0.8966098 0.923532 0.8966098 0.923532 0.8971024 0.9202283 0.8971024 0.923532 0.8966098 0.8904927 0.8971512 0.8904927 0.8966098 0.8937965 0.8966098 0.8937965 0.8971512 0.8904927 0.8971512 0.8937965 0.8966098 0.9466603 0.8969987 0.9466603 0.8966098 0.9499641 0.8966098 0.9499641 0.8969987 0.9466603 0.8969987 0.9499641 0.8886237 0.9184517 0.8891776 0.9184517 0.8886237 0.9217554 0.8886237 0.9217554 0.8891776 0.9184517 0.8891776 0.9217554 0.8891776 0.9184517 0.8894359 0.9184517 0.8891776 0.9217554 0.8891776 0.9217554 0.8894359 0.9184517 0.8894359 0.9217553 0.8894359 0.9184517 0.889948 0.9184517 0.8894359 0.9217553 0.8894359 0.9217553 0.889948 0.9184517 0.889948 0.9217554 0.889948 0.9184517 0.8903458 0.9184516 0.889948 0.9217554 0.889948 0.9217554 0.8903458 0.9184516 0.8903458 0.9217553 0.8903458 0.9184516 0.8907659 0.9184517 0.8903458 0.9217553 0.8903458 0.9217553 0.8907659 0.9184517 0.8907659 0.9217554 0.8907659 0.9184517 0.8912643 0.9184517 0.8907659 0.9217554 0.8907659 0.9217554 0.8912643 0.9184517 0.8912643 0.9217553 0.8966098 0.9400518 0.8970686 0.9400518 0.8966098 0.9433555 0.8966098 0.9433555 0.8970686 0.9400518 0.8970686 0.9433555 0.89447 0.9535962 0.8950201 0.9535962 0.89447 0.9569 0.89447 0.9569 0.8950201 0.9535962 0.8950201 0.9569 0.8966098 0.8971002 0.8971431 0.8971002 0.8966098 0.900404 0.8966098 0.900404 0.8971431 0.8971002 0.8971431 0.900404 0.8966098 0.880581 0.8971577 0.880581 0.8966098 0.8838848 0.8966098 0.8838848 0.8971577 0.880581 0.8971577 0.8838848 0.89447 0.9403811 0.8950257 0.9403811 0.89447 0.9436848 0.89447 0.9436848 0.8950257 0.9403811 0.8950257 0.9436848 0.8966098 0.923532 0.897102 0.923532 0.8966098 0.9268358 0.8966098 0.9268358 0.897102 0.923532 0.897102 0.9268358 0.8966098 0.9070125 0.8971334 0.9070125 0.8966098 0.9103163 0.8966098 0.9103163 0.8971334 0.9070125 0.8971334 0.9103163 0.8966098 0.9499641 0.8969981 0.9499641 0.8966098 0.9532678 0.8966098 0.9532678 0.8969981 0.9499641 0.8969981 0.9532678 0.8966098 0.9433565 0.8970668 0.9433555 0.8966098 0.9466603 0.8966098 0.9466603 0.8970668 0.9433555 0.8970668 0.9466592 0.8966098 0.9268358 0.8970932 0.9268358 0.8966098 0.9301396 0.8966098 0.9301396 0.8970932 0.9268358 0.8970932 0.9301396 0.8966098 0.9004045 0.8971423 0.900404 0.8966098 0.9037082 0.8966098 0.9037082 0.8971423 0.900404 0.8971423 0.9037077 0.8966098 0.8838848 0.8971543 0.8838848 0.8966098 0.8871886 0.8966098 0.8871886 0.8971543 0.8838848 0.8971543 0.8871886 0.89447 0.9370773 0.8950258 0.9370773 0.89447 0.9403809 0.89447 0.9403809 0.8950258 0.9370773 0.8950258 0.9403811 0.89447 0.9502925 0.8950225 0.9502925 0.89447 0.9535962 0.89447 0.9535962 0.8950225 0.9502925 0.8950225 0.9535962 0.8966098 0.9037082 0.8971344 0.9037088 0.8966098 0.9070119 0.8966098 0.9070119 0.8971344 0.9037088 0.8971344 0.9070125 0.8966098 0.9169245 0.897116 0.9169245 0.8966098 0.9202283 0.8966098 0.9202283 0.897116 0.9169245 0.897116 0.9202283 0.8966098 0.936748 0.8970854 0.936748 0.8966098 0.9400517 0.8966098 0.9400517 0.8970854 0.936748 0.8970854 0.9400517 0.8936628 0.8890945 0.8936396 0.8896499 0.8930842 0.8896731 0.8923551 0.8850696 0.8923621 0.8861204 0.891658 0.885909 0.893129 0.8880322 0.8931784 0.8872987 0.8941624 0.887557 0.8923551 0.8900446 0.8920099 0.8904803 0.8915469 0.8901726 0.8899154 0.8878155 0.8907387 0.8900446 0.8900095 0.8896731 0.8900095 0.8896731 0.8907387 0.8900446 0.8902032 0.8901942 0.8894309 0.8860198 0.8894541 0.8854643 0.8900095 0.8854412 0.8940343 0.8883653 0.8941839 0.8889008 0.8936628 0.8890945 0.8930842 0.8896731 0.8928905 0.8901942 0.8923551 0.8900446 0.8900095 0.8854412 0.8902032 0.8849201 0.8907387 0.8850696 0.8899154 0.8878155 0.8901891 0.8884978 0.8907387 0.8900446 0.8907387 0.8900446 0.8901891 0.8884978 0.8907317 0.8889937 0.8907387 0.8900446 0.8907317 0.8889937 0.8914358 0.8892052 0.8889098 0.8889008 0.8890594 0.8883653 0.8894309 0.8890945 0.8894309 0.8890945 0.8890594 0.8883653 0.8899154 0.8878155 0.8894309 0.8890945 0.8899154 0.8878155 0.8894541 0.8896499 0.8894541 0.8896499 0.8899154 0.8878155 0.8900095 0.8896731 0.8890594 0.8883653 0.8886237 0.8880201 0.8899154 0.8878155 0.8899154 0.8878155 0.8886237 0.8880201 0.8889314 0.887557 0.8899154 0.8878155 0.8889314 0.887557 0.8899648 0.887082 0.8890594 0.8867489 0.8889098 0.8862134 0.8894309 0.8860198 0.8907387 0.8850696 0.8910839 0.8846339 0.8915469 0.8849417 0.8930842 0.8854412 0.8936396 0.8854643 0.8936628 0.8860198 0.8910839 0.8904803 0.8907387 0.8900446 0.8915469 0.8901726 0.8915469 0.8901726 0.8907387 0.8900446 0.8914358 0.8892052 0.8915469 0.8901726 0.8914358 0.8892052 0.8923551 0.8900446 0.8923551 0.8900446 0.8914358 0.8892052 0.8921619 0.8890902 0.8923551 0.8900446 0.8921619 0.8890902 0.8930842 0.8896731 0.8930842 0.8896731 0.8921619 0.8890902 0.8927661 0.8886715 0.8930842 0.8896731 0.8927661 0.8886715 0.8936628 0.8890945 0.8936628 0.8890945 0.8927661 0.8886715 0.893129 0.8880322 0.8936628 0.8890945 0.893129 0.8880322 0.8940343 0.8883653 0.8940343 0.8883653 0.893129 0.8880322 0.8941624 0.887557 0.8940343 0.8883653 0.8941624 0.887557 0.89447 0.8880201 0.8923551 0.8850696 0.8928905 0.8849201 0.8923621 0.8861204 0.8923621 0.8861204 0.8928905 0.8849201 0.8930842 0.8854412 0.8923621 0.8861204 0.8930842 0.8854412 0.8929048 0.8866164 0.8936628 0.8860198 0.8941839 0.8862134 0.8940343 0.8867489 0.8920099 0.8846339 0.8923551 0.8850696 0.8915469 0.8849417 0.8915469 0.8849417 0.8923551 0.8850696 0.891658 0.885909 0.8915469 0.8849417 0.891658 0.885909 0.8907387 0.8850696 0.8907387 0.8850696 0.891658 0.885909 0.8909319 0.886024 0.8907387 0.8850696 0.8909319 0.886024 0.8900095 0.8854412 0.8900095 0.8854412 0.8909319 0.886024 0.8903276 0.8864427 0.8900095 0.8854412 0.8903276 0.8864427 0.8894309 0.8860198 0.8894309 0.8860198 0.8903276 0.8864427 0.8899648 0.887082 0.8894309 0.8860198 0.8899648 0.887082 0.8890594 0.8867489 0.8890594 0.8867489 0.8899648 0.887082 0.8889314 0.887557 0.8890594 0.8867489 0.8889314 0.887557 0.8886237 0.8870941 0.8930842 0.8854412 0.8936628 0.8860198 0.8929048 0.8866164 0.8929048 0.8866164 0.8936628 0.8860198 0.8940343 0.8867489 0.8929048 0.8866164 0.8940343 0.8867489 0.8931784 0.8872987 0.8931784 0.8872987 0.8940343 0.8867489 0.89447 0.8870941 0.8931784 0.8872987 0.89447 0.8870941 0.8941624 0.887557 0.8698411 0.9130097 0.8686922 0.9135214 0.8678987 0.909841 0.8678987 0.909841 0.8686922 0.9135214 0.8673521 0.9100029 0.8686922 0.9135214 0.8674499 0.9137184 0.8673521 0.9100029 0.8673521 0.9100029 0.8674499 0.9137184 0.8661991 0.913587 0.8673521 0.9100029 0.8661991 0.913587 0.8667978 0.9098699 0.8667477 0.9079632 0.8663553 0.9083767 0.8625069 0.9090288 0.8625069 0.9090288 0.8663553 0.9083767 0.8662223 0.908931 0.8625069 0.9090288 0.8662223 0.908931 0.8627038 0.9102711 0.8627038 0.9102711 0.8662223 0.908931 0.8663843 0.9094776 0.8661991 0.913587 0.8650248 0.9131365 0.8667978 0.9098699 0.8667978 0.9098699 0.8650248 0.9131365 0.8640072 0.9123973 0.8667978 0.9098699 0.8640072 0.9123973 0.8663843 0.9094776 0.8663843 0.9094776 0.8640072 0.9123973 0.8632155 0.91142 0.8663843 0.9094776 0.8632155 0.91142 0.8627038 0.9102711 0.8698411 0.9130097 0.8678987 0.909841 0.8708184 0.912218 0.8708184 0.912218 0.8678987 0.909841 0.868291 0.9094274 0.8708184 0.912218 0.868291 0.9094274 0.8715576 0.9112004 0.8715576 0.9112004 0.868291 0.9094274 0.8720082 0.9100262 0.8720082 0.9100262 0.868291 0.9094274 0.8684241 0.9088731 0.8720082 0.9100262 0.8684241 0.9088731 0.8721395 0.9087753 0.8625069 0.9090288 0.861146 0.8831905 0.8667477 0.9079632 0.8667477 0.9079632 0.861146 0.8831905 0.8658964 0.8965463 0.8667477 0.9079632 0.8658964 0.8965463 0.8672942 0.9078012 0.8672942 0.9078012 0.8658964 0.8965463 0.8678485 0.9079342 0.8658964 0.8965463 0.8660584 0.8970928 0.8678485 0.9079342 0.8678485 0.9079342 0.8660584 0.8970928 0.8664719 0.8974851 0.8678485 0.9079342 0.8664719 0.8974851 0.8682621 0.9083265 0.8682621 0.9083265 0.8664719 0.8974851 0.8670262 0.8976181 0.8682621 0.9083265 0.8670262 0.8976181 0.8684241 0.9088731 0.8684241 0.9088731 0.8670262 0.8976181 0.8675728 0.8974562 0.8684241 0.9088731 0.8675728 0.8974562 0.8721395 0.9087753 0.8721395 0.9087753 0.8675728 0.8974562 0.8679651 0.8970426 0.8721395 0.9087753 0.8679651 0.8970426 0.8680981 0.8964883 0.8650349 0.8831662 0.8653712 0.8838199 0.8675226 0.8955494 0.8675226 0.8955494 0.8653712 0.8838199 0.8659579 0.884263 0.8675226 0.8955494 0.8659579 0.884263 0.8679361 0.8959417 0.8679361 0.8959417 0.8659579 0.884263 0.8666786 0.8844076 0.8679361 0.8959417 0.8666786 0.8844076 0.8680981 0.8964883 0.8680981 0.8964883 0.8666786 0.8844076 0.8673908 0.8842253 0.8680981 0.8964883 0.8673908 0.8842253 0.8721395 0.9087753 0.8721395 0.9087753 0.8673908 0.8842253 0.8679533 0.883752 0.8721395 0.9087753 0.8679533 0.883752 0.8721395 0.8829013 0.8721395 0.8829013 0.8679533 0.883752 0.8682547 0.8830814 0.8721395 0.8829013 0.8682547 0.8830814 0.8720149 0.8815827 0.8720149 0.8815827 0.8682547 0.8830814 0.8682354 0.8823466 0.8720149 0.8815827 0.8682354 0.8823466 0.871554 0.8802817 0.871554 0.8802817 0.8682354 0.8823466 0.8678991 0.8816929 0.8673124 0.8812498 0.8697534 0.8782182 0.8678991 0.8816929 0.8678991 0.8816929 0.8697534 0.8782182 0.870784 0.8791362 0.8678991 0.8816929 0.870784 0.8791362 0.871554 0.8802817 0.8658795 0.8812875 0.8658016 0.8773136 0.8665917 0.8811051 0.8665917 0.8811051 0.8658016 0.8773136 0.8671813 0.8772773 0.8665917 0.8811051 0.8671813 0.8772773 0.8673124 0.8812498 0.8673124 0.8812498 0.8671813 0.8772773 0.8685268 0.8775853 0.8673124 0.8812498 0.8685268 0.8775853 0.8697534 0.8782182 0.865317 0.8817608 0.8632826 0.8783884 0.8658795 0.8812875 0.8658795 0.8812875 0.8632826 0.8783884 0.8644742 0.8776919 0.8658795 0.8812875 0.8644742 0.8776919 0.8658016 0.8773136 0.8650156 0.8824313 0.8650349 0.8831662 0.861146 0.8831905 0.8675226 0.8955494 0.8669683 0.8954164 0.8650349 0.8831662 0.8650349 0.8831662 0.8669683 0.8954164 0.8664218 0.8955784 0.8650349 0.8831662 0.8664218 0.8955784 0.861146 0.8831905 0.861146 0.8831905 0.8664218 0.8955784 0.8660294 0.8959919 0.861146 0.8831905 0.8660294 0.8959919 0.8658964 0.8965463 0.861146 0.8831905 0.8612012 0.8818673 0.8650156 0.8824313 0.8650156 0.8824313 0.8612012 0.8818673 0.861593 0.8805438 0.8650156 0.8824313 0.861593 0.8805438 0.865317 0.8817608 0.865317 0.8817608 0.861593 0.8805438 0.8623017 0.8793594 0.865317 0.8817608 0.8623017 0.8793594 0.8632826 0.8783884 0.8817843 0.9397402 0.8776546 0.9397429 0.8817843 0.9143588 0.8817843 0.9143588 0.8776546 0.9397429 0.8776546 0.9143615 0.8776546 0.9397429 0.8817843 0.9397402 0.8817847 0.9409927 0.8776546 0.9397429 0.8817847 0.9409927 0.877655 0.9409955 0.877655 0.9409955 0.8817847 0.9409927 0.8817862 0.9422321 0.877655 0.9409955 0.8817862 0.9422321 0.8776566 0.9422349 0.8776566 0.9422349 0.8817862 0.9422321 0.8817887 0.9433739 0.8776566 0.9422349 0.8817887 0.9433739 0.877659 0.9433767 0.8886237 0.8904803 0.8927534 0.8904803 0.8927534 0.8915409 0.8886237 0.8904803 0.8927534 0.8915409 0.8886237 0.8915409 0.8886237 0.8915409 0.8927534 0.8915409 0.8927534 0.8927403 0.8886237 0.8915409 0.8927534 0.8927403 0.8886237 0.8927403 0.8886237 0.8927403 0.8927534 0.8927403 0.8927534 0.8939968 0.8886237 0.8927403 0.8927534 0.8939968 0.8886237 0.8939968 0.8886237 0.8939968 0.8927534 0.8939968 0.8927534 0.8952248 0.8886237 0.8939968 0.8927534 0.8952248 0.8886237 0.8952248 0.8886237 0.8952248 0.8927534 0.8952248 0.8927534 0.8963406 0.8886237 0.8952248 0.8927534 0.8963406 0.8886237 0.8963406 0.8886237 0.8963406 0.8927534 0.8963406 0.8927534 0.8972682 0.8886237 0.8963406 0.8927534 0.8972682 0.8886237 0.8972682 0.8823341 0.9119025 0.8782044 0.9119023 0.8782046 0.9108822 0.8823341 0.9119025 0.8782046 0.9108822 0.8823342 0.9108824 0.8823342 0.9108824 0.8782046 0.9108822 0.8782047 0.9097065 0.8823342 0.9108824 0.8782047 0.9097065 0.8823344 0.9097067 0.8823344 0.9097067 0.8782047 0.9097065 0.8782047 0.9084553 0.8823344 0.9097067 0.8782047 0.9084553 0.8823344 0.9084554 0.8782057 0.8825814 0.8823353 0.8825815 0.8782047 0.9084553 0.8782047 0.9084553 0.8823353 0.8825815 0.8823344 0.9084554 0.89447 0.9292485 0.8958466 0.9292485 0.89447 0.9299767 0.89447 0.9299767 0.8958466 0.9292485 0.8958466 0.9299767 0.89447 0.9299767 0.8958466 0.9299767 0.89447 0.9305891 0.89447 0.9305891 0.8958466 0.9299767 0.8958466 0.9305891 0.89447 0.9356438 0.8958466 0.9356438 0.8944706 0.9363601 0.8944706 0.9363601 0.8958466 0.9356438 0.8958472 0.9363601 0.8944706 0.9363601 0.8958472 0.9363601 0.89447 0.9370773 0.89447 0.9370773 0.8958472 0.9363601 0.8958466 0.9370773 0.89447 0.9305891 0.8958466 0.9305891 0.89447 0.9312253 0.89447 0.9312253 0.8958466 0.9305891 0.8958466 0.9312253 0.89447 0.9312253 0.8958466 0.9312253 0.89447 0.9319583 0.89447 0.9319583 0.8958466 0.9312253 0.8958466 0.9319583 0.89447 0.9319583 0.8958466 0.9319583 0.89447 0.9326429 0.89447 0.9326429 0.8958466 0.9319583 0.8958466 0.9326429 0.89447 0.9326429 0.8958466 0.9326429 0.89447 0.9331436 0.89447 0.9331436 0.8958466 0.9326429 0.8958466 0.9331436 0.8958467 0.9356438 0.8944701 0.9356438 0.8958466 0.9352027 0.8958466 0.9352027 0.8944701 0.9356438 0.8944701 0.9352026 0.8958466 0.9352027 0.8944701 0.9352026 0.8958466 0.9345501 0.8958466 0.9345501 0.8944701 0.9352026 0.89447 0.9345501 0.8958466 0.9345501 0.89447 0.9345501 0.8958466 0.9338153 0.8958466 0.9338153 0.89447 0.9345501 0.8944701 0.9338151 0.8958466 0.9338153 0.8944701 0.9338151 0.8958467 0.9331437 0.8958467 0.9331437 0.8944701 0.9338151 0.8944701 0.9331436 0.89447 0.9280158 0.8958466 0.9280158 0.89447 0.9285486 0.89447 0.9285486 0.8958466 0.9280158 0.8958466 0.9285486 0.89447 0.9285486 0.8958466 0.9285486 0.89447 0.9292485 0.89447 0.9292485 0.8958466 0.9285486 0.8958466 0.9292485 0.8619956 0.9163791 0.8628754 0.9174426 0.8660941 0.9262407 0.8619956 0.9163791 0.8660941 0.9262407 0.8614079 0.9151303 0.8614079 0.9151303 0.8660941 0.9262407 0.865691 0.9266437 0.8614079 0.9151303 0.865691 0.9266437 0.8655434 0.9271944 0.8690537 0.9437559 0.8678917 0.9442372 0.8671953 0.9405371 0.8671953 0.9405371 0.8678917 0.9442372 0.8666447 0.9406847 0.865691 0.927745 0.8666447 0.9384822 0.8655434 0.9271944 0.8655434 0.9271944 0.8666447 0.9384822 0.8660941 0.9386298 0.8655434 0.9271944 0.8660941 0.9386298 0.8614079 0.9151303 0.8614079 0.9151303 0.8660941 0.9386298 0.865691 0.9390328 0.8632379 0.9429902 0.865691 0.9401341 0.8660941 0.9405371 0.8678917 0.9442372 0.8666447 0.9444014 0.8666447 0.9406847 0.8666447 0.9406847 0.8666447 0.9444014 0.8653977 0.9442372 0.8666447 0.9406847 0.8653977 0.9442372 0.8660941 0.9405371 0.8660941 0.9405371 0.8653977 0.9442372 0.8642356 0.9437559 0.8660941 0.9405371 0.8642356 0.9437559 0.8632379 0.9429902 0.8690537 0.9437559 0.8671953 0.9405371 0.8700515 0.9429902 0.8700515 0.9429902 0.8671953 0.9405371 0.8675984 0.9401341 0.8700515 0.9429902 0.8675984 0.9401341 0.8708172 0.9419924 0.8618267 0.9395834 0.861146 0.9137184 0.8611493 0.9137745 0.8632379 0.9429902 0.8624722 0.9419924 0.865691 0.9401341 0.865691 0.9401341 0.8624722 0.9419924 0.8619909 0.9408304 0.865691 0.9401341 0.8619909 0.9408304 0.8655434 0.9395834 0.8655434 0.9395834 0.8619909 0.9408304 0.8618267 0.9395834 0.8655434 0.9395834 0.8618267 0.9395834 0.865691 0.9390328 0.865691 0.9390328 0.8618267 0.9395834 0.8611493 0.9137745 0.865691 0.9390328 0.8611493 0.9137745 0.8614079 0.9151303 0.8708172 0.9419924 0.8675984 0.9401341 0.8712984 0.9408304 0.8712984 0.9408304 0.8675984 0.9401341 0.8677459 0.9395834 0.8712984 0.9408304 0.8677459 0.9395834 0.8714627 0.9395834 0.8714627 0.9395834 0.8677459 0.9395834 0.8675984 0.9390328 0.8714627 0.9395834 0.8675984 0.9390328 0.8671953 0.9386298 0.865691 0.927745 0.8660941 0.928148 0.8666447 0.9384822 0.8666447 0.9384822 0.8660941 0.928148 0.8666447 0.9282956 0.8666447 0.9384822 0.8666447 0.9282956 0.8671953 0.9386298 0.8671953 0.9386298 0.8666447 0.9282956 0.8671953 0.928148 0.8671953 0.9386298 0.8671953 0.928148 0.8675984 0.927745 0.8671953 0.9262407 0.8692973 0.9182539 0.870414 0.9174426 0.8628754 0.9174426 0.863992 0.9182539 0.8660941 0.9262407 0.8660941 0.9262407 0.863992 0.9182539 0.8652753 0.918762 0.8660941 0.9262407 0.8652753 0.918762 0.8666447 0.9260931 0.8666447 0.9260931 0.8652753 0.918762 0.8666447 0.918935 0.8666447 0.9260931 0.8666447 0.918935 0.8671953 0.9262407 0.8671953 0.9262407 0.8666447 0.918935 0.868014 0.918762 0.8671953 0.9262407 0.868014 0.918762 0.8692973 0.9182539 0.8677459 0.9271944 0.8675984 0.9266437 0.8718814 0.9151303 0.8718814 0.9151303 0.8675984 0.9266437 0.8671953 0.9262407 0.8718814 0.9151303 0.8671953 0.9262407 0.8712938 0.9163791 0.8712938 0.9163791 0.8671953 0.9262407 0.870414 0.9174426 0.8675984 0.927745 0.8677459 0.9271944 0.8671953 0.9386298 0.8671953 0.9386298 0.8677459 0.9271944 0.8718814 0.9151303 0.8671953 0.9386298 0.8718814 0.9151303 0.8714627 0.9395834 0.8714627 0.9395834 0.8718814 0.9151303 0.8721401 0.9137745 0.8714627 0.9395834 0.8721401 0.9137745 0.8721433 0.9137184 0.8950058 0.9081167 0.8950058 0.903987 0.8955671 0.9081167 0.8955671 0.9081167 0.8950058 0.903987 0.8955671 0.903987 0.8886237 0.9522115 0.8886237 0.9480819 0.8891056 0.9522106 0.8891056 0.9522106 0.8886237 0.9480819 0.8891056 0.9480808 0.8891056 0.9522106 0.8891056 0.9480808 0.8896751 0.9522104 0.8896751 0.9522104 0.8891056 0.9480808 0.8896751 0.9480808 0.8896751 0.9522104 0.8896751 0.9480808 0.8901799 0.9522113 0.8901799 0.9522113 0.8896751 0.9480808 0.8901799 0.9480816 0.89447 0.881407 0.89447 0.8772773 0.89503 0.881407 0.89503 0.881407 0.89447 0.8772773 0.89503 0.8772773 0.89503 0.881407 0.89503 0.8772773 0.8955683 0.881407 0.8955683 0.881407 0.89503 0.8772773 0.8955683 0.8772773 0.8955683 0.881407 0.8955683 0.8772773 0.8959407 0.881407 0.8959407 0.881407 0.8955683 0.8772773 0.8959407 0.8772773 0.8886237 0.928803 0.8886237 0.9246733 0.8890147 0.928803 0.8890147 0.928803 0.8886237 0.9246733 0.8890147 0.9246733 0.8890147 0.928803 0.8890147 0.9246733 0.8895607 0.928803 0.8895607 0.928803 0.8890147 0.9246733 0.8895607 0.9246732 0.8895607 0.928803 0.8895607 0.9246732 0.8901154 0.928803 0.8901154 0.928803 0.8895607 0.9246732 0.8901154 0.9246732 0.8901154 0.928803 0.8901154 0.9246732 0.8905303 0.928803 0.8905303 0.928803 0.8901154 0.9246732 0.8905303 0.9246733 0.89447 0.9081167 0.89447 0.903987 0.8950058 0.9081167 0.8950058 0.9081167 0.89447 0.903987 0.8950058 0.903987 0.8950058 0.9122464 0.8950058 0.9081167 0.8955671 0.9122464 0.8955671 0.9122464 0.8950058 0.9081167 0.8955671 0.9081167 0.8886237 0.9480808 0.8886237 0.9439511 0.8891056 0.9480797 0.8891056 0.9480797 0.8886237 0.9439511 0.8891056 0.9439501 0.8891056 0.9480797 0.8891056 0.9439501 0.8896751 0.9480797 0.8896751 0.9480797 0.8891056 0.9439501 0.8896751 0.9439501 0.8896751 0.9480797 0.8896751 0.9439501 0.8901799 0.9480805 0.8901799 0.9480805 0.8896751 0.9439501 0.8901799 0.9439509 0.8886237 0.9563412 0.8886237 0.9522115 0.8891837 0.9563412 0.8891837 0.9563412 0.8886237 0.9522115 0.8891837 0.9522115 0.8891837 0.9563412 0.8891837 0.9522115 0.889722 0.9563412 0.889722 0.9563412 0.8891837 0.9522115 0.889722 0.9522115 0.889722 0.9563412 0.889722 0.9522115 0.8900943 0.9563412 0.8900943 0.9563412 0.889722 0.9522115 0.8900943 0.9522115 0.8886237 0.9329329 0.8886237 0.9288031 0.8890147 0.9329327 0.8890147 0.9329327 0.8886237 0.9288031 0.8890147 0.9288031 0.8890147 0.9329327 0.8890147 0.9288031 0.8895607 0.9329327 0.8895607 0.9329327 0.8890147 0.9288031 0.8895607 0.928803 0.8895607 0.9329327 0.8895607 0.928803 0.8901154 0.9329327 0.8901154 0.9329327 0.8895607 0.928803 0.8901154 0.9288031 0.8901154 0.9329327 0.8901154 0.9288031 0.8905303 0.9329327 0.8905303 0.9329327 0.8901154 0.9288031 0.8905303 0.9288031 0.89447 0.9122464 0.89447 0.9081167 0.8950058 0.9122464 0.8950058 0.9122464 0.89447 0.9081167 0.8950058 0.9081167</float_array>
          <technique_common>
            <accessor source="#lb2-mesh-map-0-array" count="2430" stride="2">
              <param name="S" type="float"/>
              <param name="T" type="float"/>
            </accessor>
          </technique_common>
        </source>
        <vertices id="lb2-mesh-vertices">
          <input semantic="POSITION" source="#lb2-mesh-positions"/>
        </vertices>
        <triangles material="lb2material-material" count="810">
          <input semantic="VERTEX" source="#lb2-mesh-vertices" offset="0"/>
          <input semantic="NORMAL" source="#lb2-mesh-normals" offset="1"/>
          <input semantic="TEXCOORD" source="#lb2-mesh-map-0" offset="2" set="0"/>
          <p>0 0 0 1 0 1 2 0 2 2 1 3 1 1 4 3 1 5 2 2 6 3 2 7 4 2 8 5 3 9 6 3 10 7 3 11 8 4 12 9 4 13 10 4 14 10 5 15 9 5 16 11 5 17 12 6 18 13 6 19 14 6 20 14 7 21 13 7 22 15 7 23 14 8 24 15 8 25 11 8 26 11 9 27 15 9 28 16 9 29 11 10 30 16 10 31 10 10 32 17 11 33 18 11 34 19 11 35 19 12 36 18 12 37 20 12 38 19 13 39 20 13 40 21 13 41 21 14 42 20 14 43 22 14 44 21 15 45 22 15 46 23 15 47 23 16 48 22 16 49 24 16 50 23 17 51 24 17 52 12 17 53 12 18 54 24 18 55 25 18 56 12 19 57 25 19 58 13 19 59 26 20 60 27 20 61 28 20 62 28 21 63 27 21 64 29 21 65 28 22 66 29 22 67 30 22 68 31 23 69 32 23 70 27 23 71 33 24 72 34 24 73 35 24 74 35 25 75 34 25 76 36 25 77 35 26 78 36 26 79 37 26 80 37 27 81 36 27 82 38 27 83 37 28 84 38 28 85 6 28 86 6 29 87 38 29 88 39 29 89 6 30 90 39 30 91 7 30 92 40 31 93 31 31 94 41 31 95 41 32 96 31 32 97 27 32 98 41 33 99 27 33 100 42 33 101 42 34 102 27 34 103 26 34 104 41 35 105 43 35 106 40 35 107 40 36 108 43 36 109 0 36 110 40 37 111 0 37 112 44 37 113 44 38 114 0 38 115 2 38 116 44 39 117 2 39 118 45 39 119 45 40 120 2 40 121 46 40 122 45 41 123 46 41 124 8 41 125 8 42 126 46 42 127 47 42 128 8 43 129 47 43 130 9 43 131 19 44 132 48 44 133 17 44 134 17 45 135 48 45 136 49 45 137 17 46 138 49 46 139 50 46 140 29 47 141 51 47 142 30 47 143 30 48 144 51 48 145 52 48 146 30 49 147 52 49 148 53 49 149 32 50 150 31 50 151 54 50 152 54 51 153 31 51 154 33 51 155 54 52 156 33 52 157 55 52 158 55 53 159 33 53 160 35 53 161 55 54 162 35 54 163 56 54 164 57 55 165 58 55 166 59 55 167 59 56 168 58 56 169 60 56 170 59 57 171 60 57 172 61 57 173 56 58 174 62 58 175 55 58 176 55 59 177 62 59 178 63 59 179 55 60 180 63 60 181 64 60 182 49 61 183 2 61 184 50 61 185 50 62 186 2 62 187 4 62 188 50 63 189 4 63 190 65 63 191 65 64 192 4 64 193 66 64 194 65 65 195 66 65 196 67 65 197 67 66 198 30 66 199 65 66 200 65 67 201 30 67 202 53 67 203 65 68 204 53 68 205 57 68 206 57 69 207 53 69 208 68 69 209 57 70 210 68 70 211 58 70 212 69 71 213 70 71 214 71 71 215 71 72 216 70 72 217 72 72 218 71 73 219 72 73 220 73 73 221 73 74 222 72 74 223 59 74 224 73 75 225 59 75 226 64 75 227 64 76 228 59 76 229 61 76 230 64 77 231 61 77 232 55 77 233 7 78 234 74 78 235 5 78 236 5 79 237 74 79 238 75 79 239 5 80 240 75 80 241 76 80 242 76 81 243 75 81 244 77 81 245 76 82 246 77 82 247 69 82 248 69 83 249 77 83 250 78 83 251 69 84 252 78 84 253 70 84 254 79 85 255 80 85 256 81 85 257 81 86 258 80 86 259 82 86 260 81 87 261 82 87 262 83 87 263 84 88 264 85 88 265 86 88 266 87 89 267 88 89 268 89 89 269 89 90 270 88 90 271 90 90 272 89 91 273 90 91 274 91 91 275 91 92 276 90 92 277 92 92 278 91 93 279 92 93 280 93 93 281 93 94 282 92 94 283 83 94 284 93 95 285 83 95 286 94 95 287 94 96 288 83 96 289 82 96 290 95 97 291 96 97 292 97 97 293 97 98 294 96 98 295 98 98 296 84 99 297 86 99 298 99 99 299 99 100 300 86 100 301 100 100 302 99 101 303 100 101 304 101 101 305 101 102 306 100 102 307 102 102 308 101 103 309 102 103 310 103 103 311 104 104 312 105 104 313 106 104 314 106 105 315 105 105 316 107 105 317 106 106 318 107 106 319 108 106 320 109 107 321 110 107 322 101 107 323 101 108 324 110 108 325 111 108 326 112 109 327 113 109 328 114 109 329 114 110 330 113 110 331 115 110 332 114 111 333 115 111 334 116 111 335 96 112 336 117 112 337 98 112 338 98 113 339 117 113 340 118 113 341 98 114 342 118 114 343 119 114 344 108 115 345 107 115 346 112 115 347 112 116 348 107 116 349 120 116 350 112 117 351 120 117 352 113 117 353 113 118 354 120 118 355 121 118 356 113 119 357 121 119 358 122 119 359 123 120 360 124 120 361 110 120 362 110 121 363 124 121 364 125 121 365 111 122 366 110 122 367 126 122 368 126 123 369 110 123 370 125 123 371 126 124 372 125 124 373 104 124 374 104 125 375 125 125 376 127 125 377 104 126 378 127 126 379 105 126 380 86 127 381 128 127 382 129 127 383 129 128 384 128 128 385 130 128 386 129 129 387 130 129 388 79 129 389 79 130 390 130 130 391 131 130 392 79 131 393 131 131 394 80 131 395 109 132 396 101 132 397 132 132 398 132 133 399 101 133 400 103 133 401 132 134 402 103 134 403 87 134 404 87 135 405 103 135 406 133 135 407 87 136 408 133 136 409 88 136 410 121 137 411 98 137 412 122 137 413 122 138 414 98 138 415 119 138 416 122 139 417 119 139 418 134 139 419 134 140 420 119 140 421 135 140 422 134 141 423 135 141 424 136 141 425 136 142 426 135 142 427 137 142 428 136 143 429 137 143 430 138 143 431 138 144 432 137 144 433 139 144 434 140 145 435 141 145 436 142 145 437 142 146 438 141 146 439 143 146 440 142 147 441 143 147 442 139 147 443 139 148 444 143 148 445 144 148 446 139 149 447 144 149 448 138 149 449 116 150 450 115 150 451 85 150 452 85 151 453 115 151 454 145 151 455 85 152 456 145 152 457 86 152 458 86 153 459 145 153 460 146 153 461 86 154 462 146 154 463 128 154 464 147 155 465 148 155 466 140 155 467 140 156 468 148 156 469 149 156 470 140 157 471 149 157 472 141 157 473 97 158 474 150 158 475 95 158 476 95 159 477 150 159 478 151 159 479 95 160 480 151 160 481 123 160 482 123 161 483 151 161 484 152 161 485 123 162 486 152 162 487 124 162 488 123 163 489 153 163 490 95 163 491 95 164 492 153 164 493 154 164 494 95 165 495 154 165 496 155 165 497 155 166 498 154 166 499 156 166 500 155 167 501 156 167 502 147 167 503 147 168 504 156 168 505 157 168 506 147 169 507 157 169 508 148 169 509 34 170 510 136 170 511 138 170 512 34 171 513 138 171 514 36 171 515 36 172 516 138 172 517 144 172 518 36 173 519 144 173 520 38 173 521 38 174 522 144 174 523 143 174 524 38 175 525 143 175 526 39 175 527 39 176 528 143 176 529 141 176 530 39 177 531 141 177 532 7 177 533 7 178 534 141 178 535 149 178 536 7 179 537 149 179 538 74 179 539 74 180 540 149 180 541 148 180 542 74 181 543 148 181 544 75 181 545 75 182 546 148 182 547 157 182 548 75 183 549 157 183 550 77 183 551 77 184 552 157 184 553 156 184 554 77 185 555 156 185 556 78 185 557 78 186 558 156 186 559 154 186 560 78 187 561 154 187 562 70 187 563 70 188 564 154 188 565 153 188 566 70 189 567 153 189 568 72 189 569 59 190 570 72 190 571 123 190 572 123 191 573 72 191 574 153 191 575 59 192 576 123 192 577 110 192 578 59 193 579 110 193 580 57 193 581 57 194 582 110 194 583 109 194 584 57 195 585 109 195 586 65 195 587 65 196 588 109 196 589 132 196 590 65 197 591 132 197 592 50 197 593 50 198 594 132 198 595 87 198 596 50 199 597 87 199 598 17 199 599 17 200 600 87 200 601 89 200 602 17 201 603 89 201 604 18 201 605 18 202 606 89 202 607 91 202 608 18 203 609 91 203 610 20 203 611 20 204 612 91 204 613 93 204 614 20 205 615 93 205 616 22 205 617 22 206 618 93 206 619 94 206 620 22 207 621 94 207 622 24 207 623 24 208 624 94 208 625 82 208 626 24 209 627 82 209 628 25 209 629 25 210 630 82 210 631 80 210 632 25 211 633 80 211 634 13 211 635 13 212 636 80 212 637 131 212 638 13 213 639 131 213 640 15 213 641 15 214 642 131 214 643 130 214 644 15 215 645 130 215 646 16 215 647 16 216 648 130 216 649 128 216 650 16 217 651 128 217 652 10 217 653 10 218 654 128 218 655 146 218 656 10 219 657 146 219 658 8 219 659 8 220 660 146 220 661 145 220 662 8 221 663 145 221 664 45 221 665 45 222 666 145 222 667 115 222 668 45 223 669 115 223 670 44 223 671 44 224 672 115 224 673 113 224 674 44 225 675 113 225 676 40 225 677 40 226 678 113 226 679 122 226 680 40 227 681 122 227 682 31 227 683 31 228 684 122 228 685 134 228 686 31 229 687 134 229 688 33 229 689 34 230 690 33 230 691 136 230 692 136 231 693 33 231 694 134 231 695 12 232 696 81 232 697 23 232 698 23 233 699 81 233 700 83 233 701 23 234 702 83 234 703 21 234 704 21 235 705 83 235 706 92 235 707 21 236 708 92 236 709 19 236 710 19 237 711 92 237 712 90 237 713 19 238 714 90 238 715 48 238 716 48 239 717 90 239 718 88 239 719 48 240 720 88 240 721 49 240 722 49 241 723 88 241 724 133 241 725 49 242 726 133 242 727 2 242 728 2 243 729 133 243 730 103 243 731 2 244 732 103 244 733 46 244 734 46 245 735 103 245 736 102 245 737 46 246 738 102 246 739 47 246 740 47 247 741 102 247 742 100 247 743 47 248 744 100 248 745 9 248 746 9 249 747 100 249 748 86 249 749 9 250 750 86 250 751 11 250 752 11 251 753 86 251 754 129 251 755 11 252 756 129 252 757 14 252 758 14 253 759 129 253 760 79 253 761 14 254 762 79 254 763 12 254 764 12 255 765 79 255 766 81 255 767 4 256 768 85 256 769 66 256 770 66 257 771 85 257 772 84 257 773 66 258 774 84 258 775 67 258 776 67 259 777 84 259 778 99 259 779 67 260 780 99 260 781 30 260 782 30 261 783 99 261 784 101 261 785 30 262 786 101 262 787 28 262 788 28 263 789 101 263 790 111 263 791 28 264 792 111 264 793 26 264 794 26 265 795 111 265 796 126 265 797 26 266 798 126 266 799 42 266 800 42 267 801 126 267 802 104 267 803 42 268 804 104 268 805 41 268 806 41 269 807 104 269 808 106 269 809 41 270 810 106 270 811 43 270 812 43 271 813 106 271 814 108 271 815 43 272 816 108 272 817 0 272 818 0 273 819 108 273 820 112 273 821 0 274 822 112 274 823 1 274 824 1 275 825 112 275 826 114 275 827 1 276 828 114 276 829 3 276 830 3 277 831 114 277 832 116 277 833 3 278 834 116 278 835 4 278 836 4 279 837 116 279 838 85 279 839 52 280 840 107 280 841 53 280 842 53 281 843 107 281 844 105 281 845 53 282 846 105 282 847 68 282 848 68 283 849 105 283 850 127 283 851 68 284 852 127 284 853 58 284 854 58 285 855 127 285 856 125 285 857 58 286 858 125 286 859 60 286 860 60 287 861 125 287 862 124 287 863 60 288 864 124 288 865 61 288 866 61 289 867 124 289 868 152 289 869 61 290 870 152 290 871 55 290 872 55 291 873 152 291 874 151 291 875 55 292 876 151 292 877 54 292 878 54 293 879 151 293 880 150 293 881 54 294 882 150 294 883 32 294 884 32 295 885 150 295 886 97 295 887 32 296 888 97 296 889 27 296 890 27 297 891 97 297 892 98 297 893 27 298 894 98 298 895 29 298 896 29 299 897 98 299 898 121 299 899 29 300 900 121 300 901 51 300 902 51 301 903 121 301 904 120 301 905 51 302 906 120 302 907 52 302 908 52 303 909 120 303 910 107 303 911 63 304 912 118 304 913 64 304 914 64 305 915 118 305 916 117 305 917 64 306 918 117 306 919 73 306 920 73 307 921 117 307 922 96 307 923 73 308 924 96 308 925 71 308 926 71 309 927 96 309 928 95 309 929 71 310 930 95 310 931 69 310 932 69 311 933 95 311 934 155 311 935 69 312 936 155 312 937 76 312 938 76 313 939 155 313 940 147 313 941 76 314 942 147 314 943 158 314 944 158 315 945 147 315 946 140 315 947 158 316 948 140 316 949 6 316 950 6 317 951 140 317 952 142 317 953 6 318 954 142 318 955 37 318 956 37 319 957 142 319 958 139 319 959 37 320 960 139 320 961 35 320 962 35 321 963 139 321 964 137 321 965 35 322 966 137 322 967 56 322 968 56 323 969 137 323 970 135 323 971 56 324 972 135 324 973 62 324 974 62 325 975 135 325 976 119 325 977 62 326 978 119 326 979 63 326 980 63 327 981 119 327 982 118 327 983 159 328 984 160 328 985 161 328 986 161 329 987 162 329 988 159 329 989 159 330 990 162 330 991 163 330 992 159 331 993 163 331 994 164 331 995 164 332 996 163 332 997 165 332 998 164 333 999 165 333 1000 166 333 1001 166 334 1002 165 334 1003 167 334 1004 166 335 1005 167 335 1006 168 335 1007 168 336 1008 167 336 1009 169 336 1010 168 337 1011 169 337 1012 170 337 1013 170 338 1014 169 338 1015 171 338 1016 170 339 1017 171 339 1018 172 339 1019 172 340 1020 171 340 1021 173 340 1022 172 341 1023 173 341 1024 174 341 1025 174 342 1026 173 342 1027 175 342 1028 174 343 1029 175 343 1030 176 343 1031 176 344 1032 175 344 1033 177 344 1034 176 345 1035 177 345 1036 178 345 1037 178 346 1038 177 346 1039 179 346 1040 178 347 1041 179 347 1042 180 347 1043 180 348 1044 179 348 1045 181 348 1046 180 349 1047 181 349 1048 182 349 1049 182 350 1050 181 350 1051 183 350 1052 182 351 1053 183 351 1054 184 351 1055 184 352 1056 183 352 1057 185 352 1058 184 353 1059 185 353 1060 186 353 1061 186 354 1062 185 354 1063 187 354 1064 187 355 1065 185 355 1066 188 355 1067 187 356 1068 188 356 1069 189 356 1070 190 357 1071 191 357 1072 192 357 1073 192 358 1074 191 358 1075 193 358 1076 192 359 1077 193 359 1078 194 359 1079 194 360 1080 193 360 1081 195 360 1082 194 361 1083 195 361 1084 196 361 1085 196 362 1086 195 362 1087 197 362 1088 196 363 1089 197 363 1090 198 363 1091 198 364 1092 197 364 1093 161 364 1094 198 365 1095 161 365 1096 199 365 1097 199 366 1098 161 366 1099 160 366 1100 199 367 1101 160 367 1102 200 367 1103 189 368 1104 188 368 1105 201 368 1106 201 369 1107 188 369 1108 202 369 1109 201 370 1110 202 370 1111 203 370 1112 203 371 1113 202 371 1114 204 371 1115 203 372 1116 204 372 1117 205 372 1118 205 373 1119 204 373 1120 206 373 1121 205 374 1122 206 374 1123 207 374 1124 207 375 1125 206 375 1126 208 375 1127 207 376 1128 208 376 1129 209 376 1130 209 377 1131 208 377 1132 210 377 1133 209 378 1134 210 378 1135 211 378 1136 211 379 1137 210 379 1138 212 379 1139 211 380 1140 212 380 1141 190 380 1142 190 381 1143 212 381 1144 213 381 1145 190 382 1146 213 382 1147 191 382 1148 214 383 1149 215 383 1150 216 383 1151 217 384 1152 218 384 1153 219 384 1154 217 385 1155 193 385 1156 191 385 1157 193 386 1158 217 386 1159 195 386 1160 195 387 1161 217 387 1162 219 387 1163 195 388 1164 219 388 1165 197 388 1166 197 389 1167 219 389 1168 220 389 1169 197 390 1170 220 390 1171 161 390 1172 221 391 1173 222 391 1174 223 391 1175 223 392 1176 224 392 1177 214 392 1178 225 393 1179 226 393 1180 227 393 1181 220 394 1182 221 394 1183 161 394 1184 161 395 1185 221 395 1186 223 395 1187 161 396 1188 223 396 1189 162 396 1190 162 397 1191 223 397 1192 214 397 1193 162 398 1194 214 398 1195 163 398 1196 163 399 1197 214 399 1198 165 399 1199 165 400 1200 214 400 1201 216 400 1202 165 401 1203 216 401 1204 167 401 1205 167 402 1206 216 402 1207 228 402 1208 167 403 1209 228 403 1210 169 403 1211 227 404 1212 229 404 1213 230 404 1214 230 405 1215 231 405 1216 232 405 1217 228 406 1218 225 406 1219 169 406 1220 169 407 1221 225 407 1222 227 407 1223 169 408 1224 227 408 1225 171 408 1226 171 409 1227 227 409 1228 230 409 1229 233 410 1230 234 410 1231 235 410 1232 236 411 1233 237 411 1234 238 411 1235 238 412 1236 237 412 1237 181 412 1238 238 413 1239 181 413 1240 179 413 1241 237 414 1242 239 414 1243 240 414 1244 241 415 1245 233 415 1246 242 415 1247 242 416 1248 233 416 1249 204 416 1250 242 417 1251 204 417 1252 202 417 1253 243 418 1254 238 418 1255 244 418 1256 244 419 1257 238 419 1258 179 419 1259 244 420 1260 179 420 1261 245 420 1262 245 421 1263 179 421 1264 177 421 1265 245 422 1266 177 422 1267 232 422 1268 232 423 1269 177 423 1270 175 423 1271 232 424 1272 175 424 1273 230 424 1274 230 425 1275 175 425 1276 173 425 1277 230 426 1278 173 426 1279 171 426 1280 246 427 1281 217 427 1282 247 427 1283 247 428 1284 217 428 1285 191 428 1286 247 429 1287 191 429 1288 248 429 1289 248 430 1290 191 430 1291 213 430 1292 248 431 1293 213 431 1294 249 431 1295 249 432 1296 213 432 1297 250 432 1298 249 433 1299 250 433 1300 251 433 1301 251 434 1302 250 434 1303 210 434 1304 251 435 1305 210 435 1306 235 435 1307 235 436 1308 210 436 1309 208 436 1310 235 437 1311 208 437 1312 233 437 1313 233 438 1314 208 438 1315 206 438 1316 233 439 1317 206 439 1318 204 439 1319 252 440 1320 242 440 1321 253 440 1322 253 441 1323 242 441 1324 202 441 1325 253 442 1326 202 442 1327 254 442 1328 254 443 1329 202 443 1330 188 443 1331 254 444 1332 188 444 1333 240 444 1334 240 445 1335 188 445 1336 185 445 1337 240 446 1338 185 446 1339 237 446 1340 237 447 1341 185 447 1342 183 447 1343 237 448 1344 183 448 1345 181 448 1346 254 449 1347 240 449 1348 255 449 1349 255 450 1350 240 450 1351 256 450 1352 240 451 1353 239 451 1354 256 451 1355 256 452 1356 239 452 1357 257 452 1358 239 453 1359 237 453 1360 257 453 1361 257 454 1362 237 454 1363 258 454 1364 237 455 1365 236 455 1366 258 455 1367 258 456 1368 236 456 1369 259 456 1370 236 457 1371 238 457 1372 259 457 1373 259 458 1374 238 458 1375 260 458 1376 238 459 1377 243 459 1378 260 459 1379 260 460 1380 243 460 1381 261 460 1382 243 461 1383 244 461 1384 261 461 1385 261 462 1386 244 462 1387 262 462 1388 244 463 1389 245 463 1390 262 463 1391 262 464 1392 245 464 1393 263 464 1394 245 465 1395 232 465 1396 263 465 1397 263 466 1398 232 466 1399 264 466 1400 232 467 1401 231 467 1402 264 467 1403 264 468 1404 231 468 1405 265 468 1406 231 469 1407 230 469 1408 265 469 1409 265 470 1410 230 470 1411 266 470 1412 230 471 1413 229 471 1414 266 471 1415 266 472 1416 229 472 1417 267 472 1418 229 473 1419 227 473 1420 267 473 1421 267 474 1422 227 474 1423 268 474 1424 227 475 1425 226 475 1426 268 475 1427 268 476 1428 226 476 1429 269 476 1430 226 477 1431 225 477 1432 269 477 1433 269 478 1434 225 478 1435 270 478 1436 225 479 1437 228 479 1438 270 479 1439 270 480 1440 228 480 1441 271 480 1442 228 481 1443 216 481 1444 271 481 1445 271 482 1446 216 482 1447 272 482 1448 216 483 1449 215 483 1450 272 483 1451 272 484 1452 215 484 1453 273 484 1454 215 485 1455 214 485 1456 273 485 1457 273 486 1458 214 486 1459 274 486 1460 214 487 1461 224 487 1462 274 487 1463 274 488 1464 224 488 1465 275 488 1466 224 489 1467 223 489 1468 275 489 1469 275 490 1470 223 490 1471 276 490 1472 223 491 1473 222 491 1474 276 491 1475 276 492 1476 222 492 1477 277 492 1478 222 493 1479 221 493 1480 277 493 1481 277 494 1482 221 494 1483 278 494 1484 221 495 1485 220 495 1486 278 495 1487 278 496 1488 220 496 1489 279 496 1490 220 497 1491 219 497 1492 279 497 1493 279 498 1494 219 498 1495 280 498 1496 219 499 1497 218 499 1498 280 499 1499 280 500 1500 218 500 1501 281 500 1502 218 501 1503 217 501 1504 281 501 1505 281 502 1506 217 502 1507 282 502 1508 217 503 1509 246 503 1510 282 503 1511 282 504 1512 246 504 1513 283 504 1514 246 505 1515 247 505 1516 283 505 1517 283 506 1518 247 506 1519 284 506 1520 247 507 1521 248 507 1522 284 507 1523 284 508 1524 248 508 1525 285 508 1526 248 509 1527 249 509 1528 285 509 1529 285 510 1530 249 510 1531 286 510 1532 249 511 1533 251 511 1534 286 511 1535 286 512 1536 251 512 1537 287 512 1538 251 513 1539 235 513 1540 287 513 1541 287 514 1542 235 514 1543 288 514 1544 235 515 1545 234 515 1546 288 515 1547 288 516 1548 234 516 1549 289 516 1550 234 517 1551 233 517 1552 289 517 1553 289 518 1554 233 518 1555 290 518 1556 233 519 1557 241 519 1558 290 519 1559 290 520 1560 241 520 1561 291 520 1562 241 521 1563 242 521 1564 291 521 1565 291 522 1566 242 522 1567 292 522 1568 242 523 1569 252 523 1570 292 523 1571 292 524 1572 252 524 1573 293 524 1574 252 525 1575 253 525 1576 293 525 1577 293 526 1578 253 526 1579 294 526 1580 253 527 1581 254 527 1582 294 527 1583 294 528 1584 254 528 1585 255 528 1586 291 529 1587 292 529 1588 293 529 1589 279 530 1590 295 530 1591 296 530 1592 297 531 1593 298 531 1594 287 531 1595 255 532 1596 256 532 1597 257 532 1598 299 533 1599 259 533 1600 261 533 1601 261 534 1602 259 534 1603 260 534 1604 271 535 1605 272 535 1606 273 535 1607 289 536 1608 290 536 1609 291 536 1610 293 537 1611 294 537 1612 255 537 1613 273 538 1614 274 538 1615 275 538 1616 299 539 1617 300 539 1618 259 539 1619 259 540 1620 300 540 1621 301 540 1622 259 541 1623 301 541 1624 302 541 1625 264 542 1626 265 542 1627 263 542 1628 263 543 1629 265 543 1630 299 543 1631 263 544 1632 299 544 1633 262 544 1634 262 545 1635 299 545 1636 261 545 1637 265 546 1638 266 546 1639 299 546 1640 299 547 1641 266 547 1642 267 547 1643 299 548 1644 267 548 1645 303 548 1646 269 549 1647 270 549 1648 271 549 1649 275 550 1650 276 550 1651 277 550 1652 281 551 1653 282 551 1654 283 551 1655 258 552 1656 259 552 1657 257 552 1658 257 553 1659 259 553 1660 302 553 1661 257 554 1662 302 554 1663 255 554 1664 255 555 1665 302 555 1666 304 555 1667 255 556 1668 304 556 1669 293 556 1670 293 557 1671 304 557 1672 305 557 1673 293 558 1674 305 558 1675 291 558 1676 291 559 1677 305 559 1678 297 559 1679 291 560 1680 297 560 1681 289 560 1682 289 561 1683 297 561 1684 287 561 1685 289 562 1686 287 562 1687 288 562 1688 279 563 1689 280 563 1690 295 563 1691 295 564 1692 280 564 1693 281 564 1694 295 565 1695 281 565 1696 306 565 1697 283 566 1698 284 566 1699 285 566 1700 278 567 1701 279 567 1702 277 567 1703 277 568 1704 279 568 1705 296 568 1706 277 569 1707 296 569 1708 275 569 1709 275 570 1710 296 570 1711 307 570 1712 275 571 1713 307 571 1714 273 571 1715 273 572 1716 307 572 1717 308 572 1718 273 573 1719 308 573 1720 271 573 1721 271 574 1722 308 574 1723 303 574 1724 271 575 1725 303 575 1726 269 575 1727 269 576 1728 303 576 1729 267 576 1730 269 577 1731 267 577 1732 268 577 1733 281 578 1734 283 578 1735 306 578 1736 306 579 1737 283 579 1738 285 579 1739 306 580 1740 285 580 1741 298 580 1742 298 581 1743 285 581 1744 286 581 1745 298 582 1746 286 582 1747 287 582 1748 309 583 1749 310 583 1750 311 583 1751 311 584 1752 310 584 1753 312 584 1754 310 585 1755 313 585 1756 312 585 1757 312 586 1758 313 586 1759 314 586 1760 312 587 1761 314 587 1762 315 587 1763 316 588 1764 317 588 1765 318 588 1766 318 589 1767 317 589 1768 319 589 1769 318 590 1770 319 590 1771 320 590 1772 320 591 1773 319 591 1774 321 591 1775 314 592 1776 322 592 1777 315 592 1778 315 593 1779 322 593 1780 323 593 1781 315 594 1782 323 594 1783 321 594 1784 321 595 1785 323 595 1786 324 595 1787 321 596 1788 324 596 1789 320 596 1790 309 597 1791 311 597 1792 325 597 1793 325 598 1794 311 598 1795 326 598 1796 325 599 1797 326 599 1798 327 599 1799 327 600 1800 326 600 1801 328 600 1802 328 601 1803 326 601 1804 329 601 1805 328 602 1806 329 602 1807 330 602 1808 318 603 1809 189 603 1810 316 603 1811 316 604 1812 189 604 1813 331 604 1814 316 605 1815 331 605 1816 332 605 1817 332 606 1818 331 606 1819 333 606 1820 331 607 1821 334 607 1822 333 607 1823 333 608 1824 334 608 1825 335 608 1826 333 609 1827 335 609 1828 336 609 1829 336 610 1830 335 610 1831 337 610 1832 336 611 1833 337 611 1834 329 611 1835 329 612 1836 337 612 1837 338 612 1838 329 613 1839 338 613 1840 330 613 1841 330 614 1842 338 614 1843 339 614 1844 330 615 1845 339 615 1846 340 615 1847 341 616 1848 342 616 1849 343 616 1850 343 617 1851 342 617 1852 344 617 1853 343 618 1854 344 618 1855 345 618 1856 345 619 1857 344 619 1858 346 619 1859 345 620 1860 346 620 1861 340 620 1862 340 621 1863 346 621 1864 347 621 1865 340 622 1866 347 622 1867 330 622 1868 330 623 1869 347 623 1870 348 623 1871 330 624 1872 348 624 1873 200 624 1874 200 625 1875 348 625 1876 349 625 1877 200 626 1878 349 626 1879 199 626 1880 199 627 1881 349 627 1882 350 627 1883 199 628 1884 350 628 1885 198 628 1886 198 629 1887 350 629 1888 351 629 1889 352 630 1890 194 630 1891 351 630 1892 351 631 1893 194 631 1894 196 631 1895 351 632 1896 196 632 1897 198 632 1898 353 633 1899 211 633 1900 354 633 1901 354 634 1902 211 634 1903 190 634 1904 354 635 1905 190 635 1906 352 635 1907 352 636 1908 190 636 1909 192 636 1910 352 637 1911 192 637 1912 194 637 1913 355 638 1914 207 638 1915 353 638 1916 353 639 1917 207 639 1918 209 639 1919 353 640 1920 209 640 1921 211 640 1922 356 641 1923 341 641 1924 189 641 1925 343 642 1926 357 642 1927 341 642 1928 341 643 1929 357 643 1930 358 643 1931 341 644 1932 358 644 1933 189 644 1934 189 645 1935 358 645 1936 359 645 1937 189 646 1938 359 646 1939 331 646 1940 189 647 1941 201 647 1942 356 647 1943 356 648 1944 201 648 1945 203 648 1946 356 649 1947 203 649 1948 355 649 1949 355 650 1950 203 650 1951 205 650 1952 355 651 1953 205 651 1954 207 651 1955 360 652 1956 330 652 1957 160 652 1958 160 653 1959 330 653 1960 200 653 1961 330 654 1962 360 654 1963 361 654 1964 330 655 1965 361 655 1966 328 655 1967 328 656 1968 361 656 1969 362 656 1970 328 657 1971 362 657 1972 327 657 1973 327 658 1974 362 658 1975 363 658 1976 327 659 1977 363 659 1978 325 659 1979 325 660 1980 363 660 1981 364 660 1982 325 661 1983 364 661 1984 309 661 1985 309 662 1986 364 662 1987 365 662 1988 309 663 1989 365 663 1990 310 663 1991 310 664 1992 365 664 1993 366 664 1994 310 665 1995 366 665 1996 313 665 1997 313 666 1998 366 666 1999 367 666 2000 313 667 2001 367 667 2002 314 667 2003 314 668 2004 367 668 2005 368 668 2006 314 669 2007 368 669 2008 322 669 2009 322 670 2010 368 670 2011 369 670 2012 322 671 2013 369 671 2014 323 671 2015 323 672 2016 369 672 2017 370 672 2018 323 673 2019 370 673 2020 324 673 2021 324 674 2022 370 674 2023 371 674 2024 324 675 2025 371 675 2026 320 675 2027 320 676 2028 371 676 2029 372 676 2030 320 677 2031 372 677 2032 318 677 2033 187 678 2034 189 678 2035 372 678 2036 372 679 2037 189 679 2038 318 679 2039 354 680 2040 298 680 2041 353 680 2042 353 681 2043 298 681 2044 297 681 2045 353 682 2046 297 682 2047 355 682 2048 355 683 2049 297 683 2050 305 683 2051 355 684 2052 305 684 2053 356 684 2054 356 685 2055 305 685 2056 304 685 2057 356 686 2058 304 686 2059 341 686 2060 341 687 2061 304 687 2062 302 687 2063 341 688 2064 302 688 2065 342 688 2066 342 689 2067 302 689 2068 301 689 2069 342 690 2070 301 690 2071 344 690 2072 344 691 2073 301 691 2074 300 691 2075 344 692 2076 300 692 2077 346 692 2078 346 693 2079 300 693 2080 299 693 2081 346 694 2082 299 694 2083 347 694 2084 347 695 2085 299 695 2086 303 695 2087 347 696 2088 303 696 2089 348 696 2090 348 697 2091 303 697 2092 308 697 2093 348 698 2094 308 698 2095 349 698 2096 349 699 2097 308 699 2098 307 699 2099 349 700 2100 307 700 2101 350 700 2102 350 701 2103 307 701 2104 296 701 2105 350 702 2106 296 702 2107 351 702 2108 351 703 2109 296 703 2110 295 703 2111 351 704 2112 295 704 2113 352 704 2114 352 705 2115 295 705 2116 306 705 2117 352 706 2118 306 706 2119 354 706 2120 354 707 2121 306 707 2122 298 707 2123 166 708 2124 168 708 2125 373 708 2126 166 709 2127 373 709 2128 164 709 2129 164 710 2130 373 710 2131 374 710 2132 164 711 2133 374 711 2134 375 711 2135 368 712 2136 367 712 2137 376 712 2138 376 713 2139 367 713 2140 377 713 2141 378 714 2142 379 714 2143 375 714 2144 375 715 2145 379 715 2146 380 715 2147 375 716 2148 380 716 2149 164 716 2150 164 717 2151 380 717 2152 381 717 2153 363 718 2154 382 718 2155 383 718 2156 367 719 2157 366 719 2158 377 719 2159 377 720 2160 366 720 2161 365 720 2162 377 721 2163 365 721 2164 383 721 2165 383 722 2166 365 722 2167 364 722 2168 383 723 2169 364 723 2170 363 723 2171 368 724 2172 376 724 2173 369 724 2174 369 725 2175 376 725 2176 384 725 2177 369 726 2178 384 726 2179 370 726 2180 360 727 2181 160 727 2182 159 727 2183 363 728 2184 362 728 2185 382 728 2186 382 729 2187 362 729 2188 361 729 2189 382 730 2190 361 730 2191 385 730 2192 385 731 2193 361 731 2194 360 731 2195 385 732 2196 360 732 2197 381 732 2198 381 733 2199 360 733 2200 159 733 2201 381 734 2202 159 734 2203 164 734 2204 370 735 2205 384 735 2206 371 735 2207 371 736 2208 384 736 2209 386 736 2210 371 737 2211 386 737 2212 372 737 2213 372 738 2214 386 738 2215 387 738 2216 372 739 2217 387 739 2218 388 739 2219 378 740 2220 389 740 2221 379 740 2222 379 741 2223 389 741 2224 390 741 2225 379 742 2226 390 742 2227 388 742 2228 388 743 2229 390 743 2230 391 743 2231 388 744 2232 391 744 2233 392 744 2234 393 745 2235 178 745 2236 180 745 2237 168 746 2238 170 746 2239 373 746 2240 373 747 2241 170 747 2242 172 747 2243 373 748 2244 172 748 2245 394 748 2246 394 749 2247 172 749 2248 174 749 2249 394 750 2250 174 750 2251 393 750 2252 393 751 2253 174 751 2254 176 751 2255 393 752 2256 176 752 2257 178 752 2258 395 753 2259 396 753 2260 184 753 2261 184 754 2262 396 754 2263 393 754 2264 184 755 2265 393 755 2266 182 755 2267 182 756 2268 393 756 2269 180 756 2270 392 757 2271 395 757 2272 388 757 2273 388 758 2274 395 758 2275 184 758 2276 388 759 2277 184 759 2278 372 759 2279 372 760 2280 184 760 2281 186 760 2282 372 761 2283 186 761 2284 187 761 2285 357 762 2286 394 762 2287 358 762 2288 358 763 2289 394 763 2290 393 763 2291 358 764 2292 393 764 2293 359 764 2294 359 765 2295 393 765 2296 396 765 2297 359 766 2298 396 766 2299 331 766 2300 331 767 2301 396 767 2302 395 767 2303 331 768 2304 395 768 2305 334 768 2306 334 769 2307 395 769 2308 392 769 2309 334 770 2310 392 770 2311 335 770 2312 335 771 2313 392 771 2314 391 771 2315 335 772 2316 391 772 2317 337 772 2318 337 773 2319 391 773 2320 390 773 2321 337 774 2322 390 774 2323 338 774 2324 338 775 2325 390 775 2326 389 775 2327 338 776 2328 389 776 2329 339 776 2330 339 777 2331 389 777 2332 378 777 2333 339 778 2334 378 778 2335 340 778 2336 340 779 2337 378 779 2338 375 779 2339 340 780 2340 375 780 2341 345 780 2342 345 781 2343 375 781 2344 374 781 2345 345 782 2346 374 782 2347 343 782 2348 343 783 2349 374 783 2350 373 783 2351 343 784 2352 373 784 2353 357 784 2354 357 785 2355 373 785 2356 394 785 2357 332 786 2358 379 786 2359 316 786 2360 316 787 2361 379 787 2362 388 787 2363 316 788 2364 388 788 2365 317 788 2366 317 789 2367 388 789 2368 387 789 2369 317 790 2370 387 790 2371 319 790 2372 319 791 2373 387 791 2374 386 791 2375 319 792 2376 386 792 2377 321 792 2378 321 793 2379 386 793 2380 384 793 2381 321 794 2382 384 794 2383 315 794 2384 315 795 2385 384 795 2386 376 795 2387 315 796 2388 376 796 2389 312 796 2390 312 797 2391 376 797 2392 377 797 2393 312 798 2394 377 798 2395 311 798 2396 311 799 2397 377 799 2398 383 799 2399 311 800 2400 383 800 2401 326 800 2402 326 801 2403 383 801 2404 382 801 2405 326 802 2406 382 802 2407 329 802 2408 329 803 2409 382 803 2410 385 803 2411 329 804 2412 385 804 2413 336 804 2414 336 805 2415 385 805 2416 381 805 2417 336 806 2418 381 806 2419 333 806 2420 333 807 2421 381 807 2422 380 807 2423 333 808 2424 380 808 2425 332 808 2426 332 809 2427 380 809 2428 379 809 2429</p>
        </triangles>
      </mesh>
    </geometry>
  </library_geometries>
  <library_visual_scenes>
    <visual_scene id="Scene" name="Scene">
      <node id="lb2" name="lb2" type="NODE">
        <matrix sid="transform">1 0 0 0 0 1 0 0 0 0 1 0 0 0 0 1</matrix>
        <instance_geometry url="#lb2-mesh" name="lb2">
          <bind_material>
            <technique_common>
              <instance_material symbol="lb2material-material" target="#lb2material-material">
                <bind_vertex_input semantic="UVMap" input_semantic="TEXCOORD" input_set="0"/>
              </instance_material>
            </technique_common>
          </bind_material>
        </instance_geometry>
      </node>
    </visual_scene>
  </library_visual_scenes>
  <scene>
    <instance_visual_scene url="#Scene"/>
  </scene>
</COLLADA>