<?xml version="1.0" encoding="utf-8"?>
<COLLADA xmlns="http://www.collada.org/2005/11/COLLADASchema" version="1.4.1" xmlns:xsi="http://www.w3.org/2001/XMLSchema-instance">
  <asset>
    <contributor>
      <author>Blender User</author>
      <authoring_tool>Blender 4.3.2 commit date:2024-12-16, commit time:21:10, hash:32f5fdce0a0a</authoring_tool>
    </contributor>
    <created>2026-01-02T13:04:51</created>
    <modified>2026-01-02T13:04:51</modified>
    <unit name="meter" meter="1"/>
    <up_axis>Z_UP</up_axis>
  </asset>
  <library_effects>
    <effect id="lf1Material-effect">
      <profile_COMMON>
        <newparam sid="minipupper_textures_png-surface">
          <surface type="2D">
            <init_from>minipupper_textures_png</init_from>
          </surface>
        </newparam>
        <newparam sid="minipupper_textures_png-sampler">
          <sampler2D>
            <source>minipupper_textures_png-surface</source>
          </sampler2D>
        </newparam>
        <technique sid="common">
          <lambert>
            <emission>
              <color sid="emission">0 0 0 1</color>
            </emission>
            <diffuse>
              <texture texture="minipupper_textures_png-sampler" texcoord="lf1-mesh-map-0"/>
            </diffuse>
            <index_of_refraction>
              <float sid="ior">1.5</float>
            </index_of_refraction>
          </lambert>
        </technique>
      </profile_COMMON>
    </effect>
  </library_effects>
  <library_images>
    <image id="minipupper_textures_png" name="minipupper_textures_png">
      <init_from>minipupper_textures.png</init_from>
    </image>
  </library_images>
  <library_materials>
    <material id="lf1Material-material" name="lf1Material">
      <instance_effect url="#lf1Material-effect"/>
    </material>
  </library_materials>
  <library_geometries>
    <geometry id="lf1-mesh" name="lf1">
      <mesh>
        <source id="lf1-mesh-positions">
          <float_array id="lf1-mesh-positions-array" count="4530">0.02186 -0.001392543 0.001571834 0.02186 -5.02562e-4 0.002038896 0.02385991 -5.02562e-4 0.002038896 0.02186 0 0.002099931 0.02385991 5.02564e-4 0.002038896 0.02186 5.02564e-4 0.002038896 0.02385991 0.001392543 0.001571834 0.02186 0.001392543 0.001571834 0.02385991 0.001963496 7.44671e-4 0.02186 0.001963496 7.44671e-4 0.02385991 0.002084672 -2.53127e-4 0.02186 0.002084672 -2.53127e-4 0.02385991 0.001728177 -0.001192927 0.02186 0.001728177 -0.001192927 0.02385991 9.7592e-4 -0.001859366 0.02186 9.7592e-4 -0.001859366 0.02385991 0 -0.002099931 0.02186 0 -0.002099931 0.02385991 -9.75918e-4 -0.001859366 0.02186 -9.75918e-4 -0.001859366 0.02385991 -0.001728177 -0.001192927 0.02186 -0.001728177 -0.001192927 0.02385991 -0.002084672 -2.53127e-4 0.02186 -0.002084672 -2.53127e-4 0.02385991 -0.001963496 7.44671e-4 0.02186 -0.001963496 7.44671e-4 0.02385991 -0.001392543 0.001571834 0.02095997 0.01049995 0 0.02095997 0.01449996 0 0.02074563 0.01049995 -8e-4 0.02074563 0.01449996 -8e-4 0.0201599 0.01049995 -0.001385629 0.0201599 0.01449996 -0.001385629 0.01936 0.01049995 -0.001599907 0.01936 0.01449996 -0.001599907 0.01855999 0.01049995 -0.001385629 0.01855999 0.01449996 -0.001385629 0.01797425 0.01049995 -8e-4 0.01797425 0.01449996 -8e-4 0.01775991 0.01049995 0 0.01775991 0.01449996 0 0.01797425 0.01049995 8e-4 0.01797425 0.01449996 8e-4 0.01855999 0.01049995 0.001385629 0.01855999 0.01449996 0.001385629 0.01936 0.01049995 0.001599907 0.01936 0.01449996 0.001599907 0.0201599 0.01049995 0.001385629 0.0201599 0.01449996 0.001385629 0.02074563 0.01049995 8e-4 0.02074563 0.01449996 8e-4 0.02095997 0.01049995 0.01299995 0.02095997 0.01449996 0.01299995 0.02074563 0.01049995 0.01219993 0.02074563 0.01449996 0.01219993 0.0201599 0.01049995 0.01161432 0.0201599 0.01449996 0.01161432 0.01936 0.01049995 0.01139998 0.01936 0.01449996 0.01139998 0.01855999 0.01049995 0.01161432 0.01855999 0.01449996 0.01161432 0.01797425 0.01049995 0.01219993 0.01797425 0.01449996 0.01219993 0.01775991 0.01049995 0.01299995 0.01775991 0.01449996 0.01299995 0.01797425 0.01049995 0.0137999 0.01797425 0.01449996 0.0137999 0.01855999 0.01049995 0.01438564 0.01855999 0.01449996 0.01438564 0.01936 0.01049995 0.01459991 0.01936 0.01449996 0.01459991 0.0201599 0.01049995 0.01438564 0.0201599 0.01449996 0.01438564 0.02074563 0.01049995 0.0137999 0.02074563 0.01449996 0.0137999 -0.007039964 0.01049995 0 -0.007039964 0.01449996 0 -0.007254242 0.01049995 -8e-4 -0.007254242 0.01449996 -8e-4 -0.007839977 0.01049995 -0.001385629 -0.007839977 0.01449996 -0.001385629 -0.008639991 0.01049995 -0.001599907 -0.008639991 0.01449996 -0.001599907 -0.009439945 0.01049995 -0.001385629 -0.009439945 0.01449996 -0.001385629 -0.01002562 0.01049995 -8e-4 -0.01002562 0.01449996 -8e-4 -0.01023989 0.01049995 0 -0.01023989 0.01449996 0 -0.01002562 0.01049995 8e-4 -0.01002562 0.01449996 8e-4 -0.009439945 0.01049995 0.001385629 -0.009439945 0.01449996 0.001385629 -0.008639991 0.01049995 0.001599907 -0.008639991 0.01449996 0.001599907 -0.007839977 0.01049995 0.001385629 -0.007839977 0.01449996 0.001385629 -0.007254242 0.01049995 8e-4 -0.007254242 0.01449996 8e-4 -0.007039964 0.01049995 0.01299995 -0.007039964 0.01449996 0.01299995 -0.007254242 0.01049995 0.01219993 -0.007254242 0.01449996 0.01219993 -0.007839977 0.01049995 0.01161432 -0.007839977 0.01449996 0.01161432 -0.008639991 0.01049995 0.01139998 -0.008639991 0.01449996 0.01139998 -0.009439945 0.01049995 0.01161432 -0.009439945 0.01449996 0.01161432 -0.01002562 0.01049995 0.01219993 -0.01002562 0.01449996 0.01219993 -0.01023989 0.01049995 0.01299995 -0.01023989 0.01449996 0.01299995 -0.01002562 0.01049995 0.0137999 -0.01002562 0.01449996 0.0137999 -0.009439945 0.01049995 0.01438564 -0.009439945 0.01449996 0.01438564 -0.008639991 0.01049995 0.01459991 -0.008639991 0.01449996 0.01459991 -0.007839977 0.01049995 0.01438564 -0.007839977 0.01449996 0.01438564 -0.007254242 0.01049995 0.0137999 -0.007254242 0.01449996 0.0137999 -0.01293992 0 0.001199901 -0.01293992 6.00001e-4 0.001039147 -0.01191252 4.25527e-4 0.001121938 -0.01293992 0.001039147 6e-4 -0.01191252 8.98214e-4 7.95747e-4 -0.01191252 6.00001e-4 0.001039147 -0.01293992 0.001199901 0 -0.01191252 0.001165032 2.87179e-4 -0.01191252 0.001039147 6e-4 -0.01293992 0.001039147 -6e-4 -0.01191252 0.001165032 -2.87179e-4 -0.01191252 0.001199901 0 -0.01293992 6.00001e-4 -0.001039147 -0.01191252 8.98214e-4 -7.95747e-4 -0.01191252 0.001039147 -6e-4 -0.01293992 0 -0.001199901 -0.01191252 4.25527e-4 -0.001121938 -0.01191252 6.00001e-4 -0.001039147 -0.01293992 -5.99999e-4 -0.001039147 -0.01191252 -1.44644e-4 -0.001191139 -0.01191252 0 -0.001199901 -0.01293992 -0.001039147 -6e-4 -0.01191252 -6.81678e-4 -9.87581e-4 -0.01191252 -5.99999e-4 -0.001039147 -0.01293992 -0.001199901 0 -0.01191252 -0.001062512 -5.57668e-4 -0.01191252 -0.001039147 -6e-4 -0.01293992 -0.001039147 6e-4 -0.01191252 -0.001062512 5.57668e-4 -0.01191252 -0.001199901 0 -0.01293992 -5.99999e-4 0.001039147 -0.01191252 -6.81678e-4 9.87581e-4 -0.01191252 -0.001039147 6e-4 -0.01191252 0 0.001199901 -0.01191252 -1.44644e-4 0.001191139 -0.01191252 -5.99999e-4 0.001039147 0.02325993 0.003499925 0.02214998 0.02325993 0.01449996 0.02214998 0.02019912 0.01399993 0.02214998 0.02019912 0.01449996 0.02214998 0.02055287 0.003207027 0.02214998 0.0208773 0.00342381 0.02214998 0.01930427 0.01399993 0.02214998 0.001240789 0.01449996 0.02214998 -0.01253998 0.01449996 0.02214998 0.001240789 0.01399993 0.02214998 -0.01253998 -0.006499946 0.02214998 0.002135634 0.01399993 0.02214998 0.002135634 0.01449996 0.02214998 0.01930427 0.01449996 0.02214998 0.02125996 0.003499925 0.02214998 0.01826 -0.006499946 0.02214998 0.01902532 -0.006347656 0.02214998 0.01967418 -0.005914211 0.02214998 0.02033609 0.002882659 0.02214998 0.02025997 0.002499938 0.02214998 0.02025997 -0.004499912 0.02214998 0.02010774 -0.005265355 0.02214998 0.007803082 0.01449996 0.018471 0.006627798 0.01449996 0.01765769 0.01481205 0.01449996 0.01765769 0.01426756 0.01449996 0.0180847 0.01275491 0.01449996 0.01885646 0.0110898 0.01449996 0.01918894 0.009396791 0.01449996 0.01905715 0.001122534 0.01449996 0.02203172 -0.01303988 0.01449996 0.02201592 0.02031737 0.01449996 0.02203172 0.009479105 0.01449996 -0.009149968 0.009597361 0.01449996 -0.009031713 0.02325993 0.01449996 -0.009149968 0.02375996 0.01449996 -0.009015977 -0.01353991 0.01449996 0.02114999 0.02425998 0.01449996 0.02114999 0.00606215 0.01449996 0.01709198 0.005375206 0.01449996 0.01614212 0.00413084 0.01449996 0.01613551 0.002983212 0.01449996 0.01565468 -0.01340591 0.01449996 0.02164989 0.02412599 0.01449996 0.02164989 0.02375996 0.01449996 0.02201592 0.0153777 0.01449996 0.01709198 0.01640087 0.01449996 0.01548337 0.01551395 0.01449996 0.01693153 -0.01353991 0.01449996 -0.008149981 -0.009597361 0.01449996 -0.009031713 -0.004657745 0.01449996 -0.004091978 0.02425998 0.01449996 -0.008149981 0.02412599 0.01449996 -0.008649945 0.01551395 0.01449996 0.009068429 0.01640087 0.01449996 0.01051652 0.01686149 0.01449996 0.01215094 0.01686149 0.01449996 0.01384902 0.004657745 0.01449996 -0.004091978 0.005344748 0.01449996 -0.003142178 -0.01340591 0.01449996 -0.008649945 -0.01303988 0.01449996 -0.009015977 -0.01253998 0.01449996 -0.009149968 -0.009479105 0.01449996 -0.009149968 -0.005680859 0.01449996 -0.002483367 -0.004793941 0.01449996 -0.003931522 0.007736682 0.01449996 0.002654612 0.006589055 0.01449996 0.003135502 0.006589055 0.01449996 -0.003135502 0.007736682 0.01449996 -0.002654612 0.008614242 0.01449996 -0.001772344 0.002105653 0.01449996 0.01477235 0.001630961 0.01449996 0.01362216 0.001630961 0.01449996 0.01237773 0.009088933 0.01449996 -6.22175e-4 0.001323103 0.01449996 0.006057143 0.002916812 0.01449996 0.005470991 0.004291713 0.01449996 0.004474401 0.005344748 0.01449996 0.003142178 -3.698e-4 0.01449996 0.006188929 -0.002034962 0.01449996 0.005856454 -0.003547549 0.01449996 0.005084693 -0.004793941 0.01449996 0.003931522 -0.005680859 0.01449996 0.002483367 -0.006141543 0.01449996 8.49043e-4 -0.006141543 0.01449996 -8.49044e-4 0.0110898 0.01449996 0.006810963 0.01275491 0.01449996 0.007143378 0.008614242 0.01449996 0.001772344 0.01426756 0.01449996 0.007915258 0.002105653 0.01449996 0.01122748 0.002983212 0.01449996 0.01034528 0.00413084 0.01449996 0.009864449 0.005375206 0.01449996 0.009857714 0.006428182 0.01449996 0.00852555 0.007803082 0.01449996 0.007528901 0.009396791 0.01449996 0.006942749 0.009088933 0.01449996 6.22175e-4 0.002916812 0.01449996 -0.005470991 0.004091978 0.01449996 -0.004657745 0.00858426 0.01449996 -0.009149968 -0.00858426 0.01449996 -0.009149968 -0.004091978 0.01449996 -0.004657745 -0.003547549 0.01449996 -0.005084693 -0.002034962 0.01449996 -0.005856454 -3.698e-4 0.01449996 -0.006188929 0.001323103 0.01449996 -0.006057143 0.006627798 0.01399993 0.01765769 0.0153777 0.01399993 0.01709198 0.01481205 0.01399993 0.01765769 0.01426756 0.01349991 0.0180847 0.01551395 0.01349991 0.01693153 0.005375206 0.01349991 0.01614212 0.00606215 0.01399993 0.01709198 0.006428182 0.01349991 0.01747441 0.006428182 0.01399993 0.01747441 0.007803082 0.01349991 0.018471 0.005375206 0.01349991 0.009857714 0.006428182 0.01349991 0.00852555 0.007803082 0.01349991 0.007528901 0.009396791 0.01349991 0.006942749 0.0110898 0.01349991 0.006810963 0.01275491 0.01349991 0.007143378 0.01426756 0.01349991 0.007915258 0.01551395 0.01349991 0.009068429 0.01640087 0.01349991 0.01051652 0.01686149 0.01349991 0.01215094 0.01686149 0.01349991 0.01384902 0.01640087 0.01349991 0.01548337 0.009396791 0.01349991 0.01905715 0.0110898 0.01349991 0.01918894 0.01275491 0.01349991 0.01885646 -0.009479105 0.01399993 -0.009149968 -0.00858426 0.01399993 -0.009149968 0.02325993 -0.006499946 -0.009149968 -0.01253998 -0.006499946 -0.009149968 0.009479105 0.01399993 -0.009149968 0.00858426 0.01399993 -0.009149968 -0.004657745 0.01399993 -0.004091978 0.004091978 0.01399993 -0.004657745 0.005344748 0.01349991 -0.003142178 0.004657745 0.01399993 -0.004091978 0.004291713 0.01349991 -0.004474401 0.004291713 0.01399993 -0.004474401 0.002916812 0.01349991 -0.005470991 -0.004091978 0.01399993 -0.004657745 -0.003547549 0.01349991 -0.005084693 -0.004793941 0.01349991 -0.003931522 0.005344748 0.01349991 0.003142178 0.004291713 0.01349991 0.004474401 0.002916812 0.01349991 0.005470991 0.001323103 0.01349991 0.006057143 -3.698e-4 0.01349991 0.006188929 -0.002034962 0.01349991 0.005856454 -0.003547549 0.01349991 0.005084693 -0.004793941 0.01349991 0.003931522 -0.005680859 0.01349991 0.002483367 -0.006141543 0.01349991 8.49043e-4 -0.006141543 0.01349991 -8.49044e-4 -0.005680859 0.01349991 -0.002483367 0.001323103 0.01349991 -0.006057143 -3.698e-4 0.01349991 -0.006188929 -0.002034962 0.01349991 -0.005856454 0.01715993 0.005499899 0.01974993 0.01715993 0.005499899 0.01887917 0.02085989 0.005499899 0.01974993 0.02185153 0.005499899 0.01887917 0.02135998 0.005499899 0.01961594 0.02172601 0.005499899 0.01924997 0.02135998 0.005499899 -0.006615996 0.02172601 0.005499899 -0.006249964 0.02085989 0.005499899 -0.006749927 0.02185153 0.005499899 -0.005879223 0.01715993 0.005499899 -0.006749927 0.01715993 0.005499899 -0.005879223 -0.006439924 0.005499899 0.01974993 -0.006439924 0.005499899 0.01887917 -0.006439924 0.007499933 0.01887917 -0.006439924 0.007499933 0.007120728 -0.006439924 0.01349991 -0.006749927 -0.006439924 0.01349991 0.01974993 -0.006439924 0.005499899 -0.005879223 -0.006439924 0.005499899 -0.006749927 -0.006439924 0.007499933 -0.005879223 -0.006439924 0.007499933 0.005879223 -0.006439924 0.005499899 0.005879223 -0.006439924 0.005499899 0.007120728 -0.01113992 0.005499899 0.005879223 -0.01113992 0.005499899 0.007120728 -0.0106399 0.005499899 0.01961594 -0.01100593 0.005499899 0.01924997 -0.01014 0.005499899 0.01974993 -0.01113158 0.005499899 0.01887917 -0.01014 0.005499899 -0.006749927 -0.01113158 0.005499899 -0.005879223 -0.0106399 0.005499899 -0.006615996 -0.01100593 0.005499899 -0.006249964 -0.01113992 0.007499933 0.007120728 -0.01113992 0.007499933 0.01874995 -0.01113992 0.007499933 -0.005749881 -0.01113992 0.007499933 0.005879223 -0.01113992 -0.001999974 0.01499992 -0.01113992 -0.001770794 0.0159294 -0.01113992 -0.006499946 0.01874995 -0.01113992 7.09209e-4 0.01687002 -0.01113992 -2.41073e-4 0.01698541 -0.01113992 -0.001136124 0.0166459 -0.01113992 7.09209e-4 0.001869916 -0.01113992 0.001496911 0.001326203 -0.01113992 0.0019418 4.78631e-4 -0.01113992 0.0019418 -4.78631e-4 -0.01113992 -0.001136124 -0.001645863 -0.01113992 -0.001770794 -9.29446e-4 -0.01113992 -0.006499946 -0.005749881 -0.01113992 -0.001999974 0 -0.01113992 -0.001770794 9.29446e-4 -0.01113992 0.001496911 0.01632618 -0.01113992 0.0019418 0.01547861 -0.01113992 -2.41073e-4 0.01301455 -0.01113992 -2.41073e-4 0.001985371 -0.01113992 7.09209e-4 0.01312988 -0.01113992 0.001496911 0.01367372 -0.01113992 0.0019418 0.01452136 -0.01113992 -0.001770794 0.01407051 -0.01113992 -0.001136124 0.013354 -0.01113992 -0.001136124 0.001645863 -0.01113992 0.001496911 -0.001326203 -0.01113992 7.09209e-4 -0.001869916 -0.01113992 -2.41073e-4 -0.001985371 0.02085989 -0.006499946 -0.006749927 -0.01014 -0.006499946 -0.006749927 0.01715993 0.01349991 -0.006749927 -0.01014 -0.006499946 0.01974993 0.01826 -0.006499946 0.01974993 0.01715993 0.01349991 0.01974993 0.02085989 0.002635002 0.01974993 0.02059233 0.00241965 0.01974993 0.02040714 0.002132475 0.01974993 0.01902532 -0.006347656 0.01974993 0.02027279 0.001633048 0.01974993 0.01967418 -0.005914211 0.01974993 0.02025997 0.001395463 0.01974993 0.02010774 -0.005265355 0.01974993 0.02025997 -0.004499912 0.01974993 0.02028965 0.001751244 0.01974993 0.02186 9.29447e-4 0.01322907 0.02186 0.001645863 0.01386386 0.02186 0.005499899 0.007120728 0.02186 0.005499899 0.005879223 0.02186 -5.35963e-4 0.01799196 0.02186 7.19512e-4 0.01822549 0.02186 4.78631e-4 0.01694184 0.02186 0.007499933 0.007120728 0.02186 0.001985371 0.01475888 0.02186 0.007499933 0.01874995 0.02186 0.001869916 0.01570916 0.02186 0.001326203 0.01649701 0.02186 0.00173676 0.01874995 0.02186 -0.006499946 -0.005749881 0.02186 0.007499933 -0.005749881 0.02186 -0.006499946 0.01535409 0.02186 0.007499933 0.005879223 0.02186 0 0.0169999 0.02186 -4.78631e-4 0.01694184 0.02186 -0.002822101 0.01777738 0.02186 -0.001326203 0.01649701 0.02186 -0.005062401 0.01727342 0.02186 -0.001869916 0.01570916 0.02186 -0.005809128 0.01686602 0.02186 -0.006319046 0.01618528 0.02186 -0.001985371 0.01475888 0.02186 -0.001645863 0.01386386 0.02186 -9.29447e-4 0.01322907 0.02186 0 0.01299995 0.02425998 0.001645863 0.01386386 0.02425998 9.29447e-4 0.01322907 0.02425998 -0.005457699 0.002492487 0.02425998 -9.29447e-4 0.01322907 0.02425998 -0.001645863 0.01386386 0.02425998 -0.006499946 0.01535409 0.02425998 -0.001985371 0.01475888 0.02425998 -0.006319046 0.01618528 0.02425998 -0.001869916 0.01570916 0.02425998 -0.005809128 0.01686602 0.02425998 -0.005062401 0.01727342 0.02425998 -0.003243744 -0.0050475 0.02425998 -0.004534423 -0.003929138 0.02425998 -0.006499946 -0.008149981 0.02425998 -0.005457699 -0.002492487 0.02425998 -0.002822101 0.01777738 0.02425998 -0.001326203 0.01649701 0.02425998 -5.35963e-4 0.01799196 0.02425998 0 0.01299995 0.02425998 -0.004534423 0.003929138 0.02425998 -0.003243744 0.0050475 0.02425998 0.003243744 0.0050475 0.02425998 0.004534423 0.003929138 0.02425998 0.005457699 0.002492487 0.02425998 0.005938827 8.53889e-4 0.02425998 0.005938827 -8.53889e-4 0.02425998 0.005457699 -0.002492487 0.02425998 0.004534423 -0.003929138 0.02425998 0.003243744 -0.0050475 0.02425998 0.001690328 -0.005756855 0.02425998 0 -0.005999982 0.02425998 -0.001690328 -0.005756855 0.02425998 0.003377974 0.02114999 0.02425998 0.003303945 0.02088809 0.02425998 -0.005938827 8.53889e-4 0.02425998 -0.005938827 -8.53889e-4 0.02425998 0.001985371 0.01475888 0.02425998 0.001869916 0.01570916 0.02425998 0.001326203 0.01649701 0.02425998 -0.001690328 0.005756855 0.02425998 0 0.005999982 0.02425998 0.001690328 0.005756855 0.02425998 -4.78631e-4 0.01694184 0.02425998 0 0.0169999 0.02425998 7.19512e-4 0.01822549 0.02425998 4.78631e-4 0.01694184 0.02425998 0.001844882 0.01882874 0.02425998 0.002734363 0.01974517 -0.01353991 -5.75001e-4 0.01599586 -0.01353991 -9.95929e-4 0.01557499 -0.01353991 -0.006499946 0.02114999 -0.01353991 -0.001149952 0.01499992 -0.01353991 -0.006499946 -0.008149981 -0.01353991 0.001149952 0.01499992 -0.01353991 9.9593e-4 0.01557499 -0.01353991 5.75e-4 0.01599586 -0.01353991 0 0.01614993 -0.01353991 -0.001224577 0.00295639 -0.01353991 -0.002262651 0.002262651 -0.01353991 -5.75001e-4 0.01400405 -0.01353991 -0.00295639 0.001224577 -0.01353991 -9.95929e-4 0.01442492 -0.01353991 -0.003199934 0 -0.01353991 -0.00295639 -0.001224577 -0.01353991 -0.002262651 -0.002262651 -0.01353991 0.002262651 -0.002262651 -0.01353991 0.00295639 -0.001224577 -0.01353991 0.003199934 0 -0.01353991 0.00295639 0.001224577 -0.01353991 0 0.003199934 -0.01353991 0 0.01384997 -0.01353991 0.001224577 0.00295639 -0.01353991 5.75e-4 0.01400405 -0.01353991 0.002262651 0.002262651 -0.01353991 9.9593e-4 0.01442492 -0.01353991 -0.001224577 -0.00295639 -0.01353991 0 -0.003199934 -0.01353991 0.001224577 -0.00295639 0.01715993 0.005499899 0.007120728 0.01715993 0.005499899 0.005879223 0.01715993 0.007499933 -0.005879223 0.01715993 0.007499933 0.005879223 0.01715993 0.007499933 0.01887917 0.01715993 0.007499933 0.007120728 -0.009789943 0.007499933 0 -0.009635925 0.007499933 5.75e-4 -0.009214997 0.007499933 9.95929e-4 -0.008639991 0.007499933 0.001149952 -0.008064985 0.007499933 9.95929e-4 -0.007644057 0.007499933 5.75e-4 -0.007489979 0.007499933 0 -0.007644057 0.007499933 -5.75e-4 -0.008064985 0.007499933 -9.95929e-4 -0.01113158 0.007499933 -0.005879223 -0.008639991 0.007499933 -0.001149952 -0.009214997 0.007499933 -9.95929e-4 -0.009635925 0.007499933 -5.75e-4 -0.009635925 0.007499933 0.01357489 -0.009789943 0.007499933 0.01299995 -0.009635925 0.007499933 0.01242488 -0.01113158 0.007499933 0.01887917 -0.008064985 0.007499933 0.01399582 -0.008639991 0.007499933 0.01414996 -0.009214997 0.007499933 0.01399582 -0.007644057 0.007499933 0.01357489 -0.007489979 0.007499933 0.01299995 -0.007644057 0.007499933 0.01242488 -0.008064985 0.007499933 0.01200395 -0.008639991 0.007499933 0.01184993 -0.009214997 0.007499933 0.01200395 0.02185153 0.007499933 -0.005879223 0.01993495 0.007499933 9.95929e-4 0.01936 0.007499933 0.001149952 0.01878494 0.007499933 9.95929e-4 0.02035588 0.007499933 5.75e-4 0.02050989 0.007499933 0 0.02035588 0.007499933 -5.75e-4 0.01878494 0.007499933 -9.95929e-4 0.01936 0.007499933 -0.001149952 0.01993495 0.007499933 -9.95929e-4 0.01836407 0.007499933 -5.75e-4 0.01820999 0.007499933 0 0.01836407 0.007499933 5.75e-4 0.02185153 0.007499933 0.01887917 0.01820999 0.007499933 0.01299995 0.01836407 0.007499933 0.01357489 0.01878494 0.007499933 0.01399582 0.01936 0.007499933 0.01414996 0.01993495 0.007499933 0.01200395 0.01936 0.007499933 0.01184993 0.01878494 0.007499933 0.01200395 0.01836407 0.007499933 0.01242488 0.01993495 0.007499933 0.01399582 0.02035588 0.007499933 0.01357489 0.02050989 0.007499933 0.01299995 0.02035588 0.007499933 0.01242488 0.002105653 0.01349991 0.01122748 0.001630961 0.01349991 0.01237773 0.007736682 0.01349991 -0.002654612 0.006589055 0.01349991 -0.003135502 0.001630961 0.01349991 0.01362216 0.002983212 0.01349991 0.01034528 0.00413084 0.01349991 0.009864449 0.002105653 0.01349991 0.01477235 0.002983212 0.01349991 0.01565468 0.00413084 0.01349991 0.01613551 0.008614242 0.01349991 0.001772344 0.007736682 0.01349991 0.002654612 0.006589055 0.01349991 0.003135502 0.009088933 0.01349991 6.22175e-4 0.009088933 0.01349991 -6.22175e-4 0.008614242 0.01349991 -0.001772344 0.02031737 0.01399993 0.02203172 0.009597361 0.01399993 -0.009031713 -0.009597361 0.01399993 -0.009031713 0.001122534 0.01399993 0.02203172 0.02185684 0.001844882 0.01882874 0.02181905 0.002094984 0.01903307 0.02172601 0.002322435 0.01924997 0.0215764 0.00250262 0.01944762 0.02136409 0.002637267 0.01961362 0.02125996 0.002677202 0.01966649 0.0210601 0.0026986 0.01972973 0.02135998 -0.006499946 -0.006615996 0.02172601 -0.006499946 -0.006249964 -0.01100593 -0.006499946 -0.006249964 -0.0106399 -0.006499946 -0.006615996 -0.0106399 -0.006499946 0.01961594 -0.01100593 -0.006499946 0.01924997 0.02375996 -0.006499946 -0.009015977 0.02412599 -0.006499946 -0.008649945 0.02412599 0.003469765 0.02164989 0.0242263 0.003433108 0.02140694 0.02351963 0.003499746 0.02211564 0.02375996 0.003497779 0.02201592 0.02396726 0.003489553 0.0218569 -0.01340591 -0.006499946 -0.008649945 -0.01303988 -0.006499946 -0.009015977 -0.01303988 -0.006499946 0.02201592 -0.01340591 -0.006499946 0.02164989 -0.0119608 4.07796e-4 0.01607525 -0.0119608 8.60788e-4 0.0157625 -0.0119608 5.75e-4 0.01599586 -0.0119608 0.001116514 0.01527518 -0.0119608 9.9593e-4 0.01557499 -0.0119608 0.001116514 0.01472479 -0.0119608 0.001149952 0.01499992 -0.0119608 8.60788e-4 0.0142374 -0.0119608 9.9593e-4 0.01442492 -0.0119608 4.07796e-4 0.01392465 -0.0119608 5.75e-4 0.01400405 -0.0119608 -1.38617e-4 0.01385831 -0.0119608 0 0.01384997 -0.0119608 -6.53275e-4 0.01405352 -0.0119608 -5.75001e-4 0.01400405 -0.0119608 -0.001018226 0.01446557 -0.0119608 -9.95929e-4 0.01442492 -0.0119608 -0.001018226 0.0155344 -0.0119608 -0.001149952 0.01499992 -0.0119608 -6.53275e-4 0.01594632 -0.0119608 -9.95929e-4 0.01557499 -0.0119608 0 0.01614993 -0.0119608 -1.38617e-4 0.01614159 -0.0119608 -5.75001e-4 0.01599586 0.02585995 -0.001239538 -0.004221737 0.02585995 -0.002378702 -0.003701508 0.02585995 -0.003325223 -0.002881348 0.02585995 -0.004002273 -0.001827776 0.02585995 -0.004355192 -6.26185e-4 0.02585995 -0.004355192 6.26185e-4 0.02585995 -0.004002273 0.001827776 0.02585995 -0.003325223 0.002881348 0.02585995 -0.002378702 0.003701508 0.02585995 -0.001239538 0.004221737 0.02585995 0 0.004399955 0.02585995 0.001239538 0.004221737 0.02585995 0.002378702 0.003701508 0.02585995 0.003325223 0.002881348 0.02585995 0.004002273 0.001827776 0.02585995 0.004355192 6.26185e-4 0.02585995 0.004355192 -6.26185e-4 0.02585995 0.004002273 -0.001827776 0.02585995 0.003325223 -0.002881348 0.02585995 0.002378702 -0.003701508 0.02585995 0.001239538 -0.004221737 0.02585995 0 -0.004399955 0.02585995 0 -0.001599907 0.02585995 -8.00001e-4 -0.001385629 0.02585995 -0.001385629 -8e-4 0.02585995 8e-4 -0.001385629 0.02585995 -8.00001e-4 0.001385629 0.02585995 -0.001385629 8e-4 0.02585995 -0.001599907 0 0.02585995 0 0.001599907 0.02585995 0.001385629 -8e-4 0.02585995 0.001599907 0 0.02585995 8e-4 0.001385629 0.02585995 0.001385629 8e-4 -0.01293992 0 0.003199934 -0.01293992 0.001224577 0.00295639 -0.01293992 0.002262651 0.002262651 -0.01293992 0.00295639 0.001224577 -0.01293992 0.003199934 0 -0.01293992 0.00295639 -0.001224577 -0.01293992 0.002262651 -0.002262651 -0.01293992 0.001224577 -0.00295639 -0.01293992 0 -0.003199934 -0.01293992 -0.001224577 -0.00295639 -0.01293992 -0.002262651 -0.002262651 -0.01293992 -0.00295639 -0.001224577 -0.01293992 -0.003199934 0 -0.01293992 -0.00295639 0.001224577 -0.01293992 -0.002262651 0.002262651 -0.01293992 -0.001224577 0.00295639 0.02375996 0.003469288 0.02164626 0.02125996 0.003402411 0.02125453 0.02125996 0.003303945 0.02088809 0.02125996 0.003114461 0.02040112 0.02025997 0.001854062 0.02023553 0.02025997 0.0022071 0.02082157 0.02025997 0.002425909 0.02146983 0.0208773 0.003328084 0.02127099 0.02033609 0.002158463 0.02000373 0.02055287 0.002416551 0.01980715 0.02033609 0.00279963 0.02138739 0.02055287 0.002848744 0.02052432 0.02055287 0.003116369 0.02131766 0.0208773 0.00304538 0.02043312 0.02033609 0.002554357 0.02066063 -0.008064985 0.01049995 0.01399582 -0.007644057 0.01049995 0.01357489 -0.007489979 0.01049995 0.01299995 -0.007644057 0.01049995 0.01242488 -0.008064985 0.01049995 0.01200395 -0.008639991 0.01049995 0.01184993 -0.009214997 0.01049995 0.01200395 -0.009635925 0.01049995 0.01242488 -0.009789943 0.01049995 0.01299995 -0.009635925 0.01049995 0.01357489 -0.009214997 0.01049995 0.01399582 -0.008639991 0.01049995 0.01414996 -0.009214997 0.01049995 -9.95929e-4 -0.009635925 0.01049995 -5.75e-4 -0.009789943 0.01049995 0 -0.009635925 0.01049995 5.75e-4 -0.009214997 0.01049995 9.95929e-4 -0.008639991 0.01049995 0.001149952 -0.008064985 0.01049995 9.95929e-4 -0.007644057 0.01049995 5.75e-4 -0.007489979 0.01049995 0 -0.007644057 0.01049995 -5.75e-4 -0.008064985 0.01049995 -9.95929e-4 -0.008639991 0.01049995 -0.001149952 0.01993495 0.01049995 0.01399582 0.02035588 0.01049995 0.01357489 0.02050989 0.01049995 0.01299995 0.02035588 0.01049995 0.01242488 0.01993495 0.01049995 0.01200395 0.01936 0.01049995 0.01184993 0.01878494 0.01049995 0.01200395 0.01836407 0.01049995 0.01242488 0.01820999 0.01049995 0.01299995 0.01836407 0.01049995 0.01357489 0.01878494 0.01049995 0.01399582 0.01936 0.01049995 0.01414996 0.01878494 0.01049995 -9.95929e-4 0.01836407 0.01049995 -5.75e-4 0.01820999 0.01049995 0 0.01836407 0.01049995 5.75e-4 0.01878494 0.01049995 9.95929e-4 0.01936 0.01049995 0.001149952 0.01993495 0.01049995 9.95929e-4 0.02035588 0.01049995 5.75e-4 0.02050989 0.01049995 0 0.02035588 0.01049995 -5.75e-4 0.01993495 0.01049995 -9.95929e-4 0.01936 0.01049995 -0.001149952 0.02385991 0 0.001599907 0.02385991 8e-4 0.001385629 0.02385991 0.001385629 8e-4 0.02385991 0.001599907 0 0.02385991 0.001385629 -8e-4 0.02385991 8e-4 -0.001385629 0.02385991 0 -0.001599907 0.02385991 -8.00001e-4 -0.001385629 0.02385991 -0.001385629 -8e-4 0.02385991 -0.001599907 0 0.02385991 -0.001385629 8e-4 0.02385991 -8.00001e-4 0.001385629 0.006419003 0.01049995 -0.002455592 0.007327497 0.01049995 -0.002086102 0.01695996 0.01049995 -0.005999982 0.008024096 0.01049995 0.001395583 0.007327497 0.01049995 0.002086102 0.01695996 0.01049995 0.005999982 0.006419003 0.01049995 0.002455592 0.008024096 0.01049995 -0.001395583 0.008401393 0.01049995 -4.90391e-4 0.008401393 0.01049995 4.90391e-4 0.002147138 0.01049995 -0.005587041 6.4217e-4 0.01049995 -0.00596106 -4.00001e-5 0.01049995 -0.005999982 0.005438268 0.01049995 -0.002447009 0.004628062 0.01049995 -0.003769338 0.003506064 0.01049995 -0.004839897 0.005438268 0.01049995 0.002447009 0.004628062 0.01049995 0.003769338 0.003506064 0.01049995 0.004839897 0.002147138 0.01049995 0.005587041 6.4217e-4 0.01049995 0.00596106 -4.00001e-5 0.01049995 0.005999982 -0.01083993 0.005899906 0.005499899 -0.01083993 0.007499933 0.005499899 -0.01083993 0.005899906 7.57728e-4 -0.01083993 0.007499933 7.57728e-4 0.02155995 0.005899906 -0.005499899 0.02155995 0.007499933 -0.005499899 0.02155995 0.005899906 -5.54159e-4 0.02155995 0.007499933 -5.54159e-4 0.01695996 0.007499933 -0.005499899 0.01695996 0.005899906 -0.005499899 0.01695996 0.007499933 0.005499899 0.01695996 0.005899906 0.005499899 0.01695996 -0.01099991 0.005999982 0.01695996 -0.01099991 -0.005999982 -0.00623995 0.01049995 0.005999982 -0.00623995 0.007499933 0.005499899 -0.00623995 0.005899906 0.005499899 -0.00623995 0.007499933 -0.005499899 -0.00623995 0.01049995 -0.005999982 -0.00623995 0.005899906 -0.005499899 -0.00623995 -0.01099991 -0.005999982 -0.00623995 -0.01099991 0.005999982 -0.004823744 0.01049995 -0.003621399 -0.00373584 0.01049995 -0.004726529 -0.002400994 0.01049995 -0.005515933 -9.08433e-4 0.01049995 -0.005936801 -0.002400994 0.01049995 0.005515933 -9.08433e-4 0.01049995 0.005936801 -0.00373584 0.01049995 0.004726529 -0.004823744 0.01049995 0.003621399 -0.005592167 0.01049995 0.002274334 -0.005989611 0.01049995 7.75397e-4 -0.005989611 0.01049995 -7.75397e-4 -0.005592167 0.01049995 -0.002274334 0.02155995 0.007499933 0.005499899 0.02155995 0.007499933 7.57728e-4 0.02071851 0.007499933 7.57728e-4 0.01788252 0.007499933 -4.86641e-4 0.01782774 0.007499933 2.68767e-4 0.01813632 0.007499933 9.60461e-4 0.01828742 0.007499933 -0.001126587 0.01894658 0.007499933 -0.001499593 0.02019959 0.007499933 0.001309454 0.01948165 0.007499933 0.001550734 0.01873493 0.007499933 0.001424372 0.02081346 0.007499933 -5.54159e-4 0.02037948 0.007499933 -0.001174867 0.0197038 0.007499933 -0.001517057 0.02155995 0.005899906 0.005499899 0.02071851 0.005899906 7.57728e-4 0.02155995 0.005899906 7.57728e-4 0.02019959 0.005899906 0.001309454 0.02081346 0.005899906 -5.54159e-4 0.02037948 0.005899906 -0.001174867 0.0197038 0.005899906 -0.001517057 0.01894658 0.005899906 -0.001499593 0.01828742 0.005899906 -0.001126587 0.01788252 0.005899906 -4.86641e-4 0.01782774 0.005899906 2.68767e-4 0.01813632 0.005899906 9.60461e-4 0.01873493 0.005899906 0.001424372 0.01948165 0.005899906 0.001550734 -0.01083993 0.007499933 -0.005499899 -0.01083993 0.007499933 -5.54159e-4 -0.01009345 0.007499933 -5.54159e-4 -0.009659469 0.007499933 -0.001174867 -0.00898379 0.007499933 -0.001517057 -0.008226633 0.007499933 -0.001499593 -0.007567346 0.007499933 -0.001126587 -0.0099985 0.007499933 7.57728e-4 -0.009479641 0.007499933 0.001309454 -0.007162511 0.007499933 -4.86641e-4 -0.007107794 0.007499933 2.68767e-4 -0.007416307 0.007499933 9.60461e-4 -0.008014976 0.007499933 0.001424372 -0.008761703 0.007499933 0.001550734 -0.01083993 0.005899906 -0.005499899 -0.0099985 0.005899906 7.57728e-4 -0.007162511 0.005899906 -4.86641e-4 -0.007567346 0.005899906 -0.001126587 -0.008226633 0.005899906 -0.001499593 -0.007107794 0.005899906 2.68767e-4 -0.007416307 0.005899906 9.60461e-4 -0.01009345 0.005899906 -5.54159e-4 -0.01083993 0.005899906 -5.54159e-4 -0.009659469 0.005899906 -0.001174867 -0.00898379 0.005899906 -0.001517057 -0.009479641 0.005899906 0.001309454 -0.008761703 0.005899906 0.001550734 -0.008014976 0.005899906 0.001424372 0.005438268 0.01449996 0.002447009 0.006419003 0.01449996 0.002455592 0.007327497 0.01449996 0.002086102 0.008024096 0.01449996 0.001395583 0.008401393 0.01449996 4.90391e-4 0.008401393 0.01449996 -4.90391e-4 0.008024096 0.01449996 -0.001395583 0.007327497 0.01449996 -0.002086102 0.006419003 0.01449996 -0.002455592 0.005438268 0.01449996 -0.002447009 0.004628062 0.01449996 -0.003769338 0.003506064 0.01449996 -0.004839897 0.002147138 0.01449996 -0.005587041 6.4217e-4 0.01449996 -0.00596106 -9.08433e-4 0.01449996 -0.005936801 -0.002400994 0.01449996 -0.005515933 -0.00373584 0.01449996 -0.004726529 -0.004823744 0.01449996 -0.003621399 -0.005592167 0.01449996 -0.002274334 -0.005989611 0.01449996 -7.75397e-4 -0.005989611 0.01449996 7.75397e-4 -0.005592167 0.01449996 0.002274334 -0.004823744 0.01449996 0.003621399 -0.00373584 0.01449996 0.004726529 -0.002400994 0.01449996 0.005515933 -9.08433e-4 0.01449996 0.005936801 6.4217e-4 0.01449996 0.00596106 0.002147138 0.01449996 0.005587041 0.003506064 0.01449996 0.004839897 0.004628062 0.01449996 0.003769338 0.005409896 0.01449996 9.35307e-4 0.005949974 0.01449996 0.001079916 0.006489992 0.01449996 9.35307e-4 0.00688529 0.01449996 5.4e-4 0.002329885 0.01449996 0 0.002278149 0.01449996 4.92751e-4 0.001877307 0.01449996 0.00139302 0.001144886 0.01449996 0.002052426 2.07733e-4 0.01449996 0.002357006 -0.002205014 0.01449996 9.63966e-4 -0.001625776 0.01449996 0.001761198 -7.7237e-4 0.01449996 0.00225389 -0.002409934 0.01449996 0 0.00702995 0.01449996 0 0.00688529 0.01449996 -5.4e-4 0.006489992 0.01449996 -9.35307e-4 0.005949974 0.01449996 -0.001079916 0.005409896 0.01449996 -9.35307e-4 0.005014598 0.01449996 5.4e-4 0.004869997 0.01449996 0 0.002278149 0.01449996 -4.92751e-4 0.005014598 0.01449996 -5.4e-4 0.001877307 0.01449996 -0.00139302 0.001144886 0.01449996 -0.002052426 -0.001625776 0.01449996 -0.001761198 -0.002205014 0.01449996 -9.63966e-4 2.07733e-4 0.01449996 -0.002357006 -7.7237e-4 0.01449996 -0.00225389 0.001789093 0.01769989 3.88795e-4 9.6e-4 0.01769989 0 8.26026e-4 0.01769989 5e-4 -5.4e-4 0.01769989 8.66025e-4 -6.17862e-4 0.01769989 0.001778364 -4.00001e-5 0.01769989 9.99987e-4 1.55468e-4 0.01769989 0.001859664 4.6e-4 0.01769989 8.66025e-4 8.95e-4 0.01769989 0.001619458 0.001472771 0.01769989 0.00109905 -5.4e-4 0.01769989 -8.66025e-4 -0.001291215 0.01769989 -0.001389563 -9.06025e-4 0.01769989 -5e-4 -0.001748323 0.01769989 -7.60597e-4 -0.001039922 0.01769989 0 -0.001909971 0.01769989 0 -9.06025e-4 0.01769989 5e-4 -0.001748323 0.01769989 7.60597e-4 -0.001291215 0.01769989 0.001389563 0.001829922 0.01769989 0 0.001789093 0.01769989 -3.88795e-4 8.26026e-4 0.01769989 -5e-4 0.001472771 0.01769989 -0.00109905 4.6e-4 0.01769989 -8.66025e-4 8.95e-4 0.01769989 -0.001619458 -4.00001e-5 0.01769989 -9.99987e-4 1.55468e-4 0.01769989 -0.001859664 -6.17862e-4 0.01769989 -0.001778364 0.002278149 0.01719999 -4.92751e-4 0.002329885 0.01719999 0 0.002329885 0.01449996 0 0.002278149 0.01719999 4.92751e-4 0.001877307 0.01719999 0.00139302 0.001144886 0.01719999 0.002052426 2.07733e-4 0.01719999 0.002357006 -7.7237e-4 0.01719999 0.00225389 -0.001625776 0.01719999 0.001761198 -0.002205014 0.01719999 9.63966e-4 -0.002409934 0.01719999 0 -0.002205014 0.01719999 -9.63966e-4 -0.001625776 0.01719999 -0.001761198 -7.7237e-4 0.01719999 -0.00225389 2.07733e-4 0.01719999 -0.002357006 0.001144886 0.01719999 -0.002052426 0.001877307 0.01719999 -0.00139302 0.005014598 0.01469993 -5.4e-4 0.005409896 0.01469993 -9.35307e-4 0.005949974 0.01469993 -0.001079916 0.006489992 0.01469993 -9.35307e-4 0.00688529 0.01469993 -5.4e-4 0.00702995 0.01469993 0 0.00702995 0.01449996 0 0.00688529 0.01469993 5.4e-4 0.006489992 0.01469993 9.35307e-4 0.005949974 0.01469993 0.001079916 0.005409896 0.01469993 9.35307e-4 0.005014598 0.01469993 5.4e-4 0.004869997 0.01469993 0 0.005949974 0.01469993 0 0.00702995 0.01469993 0 0.002329885 0.01719999 0 9.6e-4 0.01269996 0 8.26026e-4 0.01269996 -5e-4 4.6e-4 0.01269996 -8.66025e-4 -4.00001e-5 0.01269996 -9.99987e-4 -5.4e-4 0.01269996 -8.66025e-4 -9.06025e-4 0.01269996 -5e-4 -0.001039922 0.01269996 0 -9.06025e-4 0.01269996 5e-4 -5.4e-4 0.01269996 8.66025e-4 -4.00001e-5 0.01269996 9.99987e-4 4.6e-4 0.01269996 8.66025e-4 8.26026e-4 0.01269996 5e-4 -4.00001e-5 0.01269996 0 0.004300892 0.01049995 0.0154556 0.003392279 0.01049995 0.01508617 -0.00623995 0.01049995 0.01899999 0.002695858 0.01049995 0.01160418 0.003392279 0.01049995 0.01091372 -0.00623995 0.01049995 0.006999969 0.004300892 0.01049995 0.0105443 0.002695858 0.01049995 0.01439565 0.002318561 0.01049995 0.01349031 0.002318561 0.01049995 0.01250958 0.008572757 0.01049995 0.01858711 0.01007783 0.01049995 0.01896107 0.01075989 0.01049995 0.01899999 0.005281627 0.01049995 0.01544702 0.006091833 0.01049995 0.01676934 0.007213771 0.01049995 0.01783984 0.005281627 0.01049995 0.01055288 0.006091833 0.01049995 0.009230554 0.007213771 0.01049995 0.008160054 0.008572757 0.01049995 0.007412791 0.01007783 0.01049995 0.007038891 0.01075989 0.01049995 0.006999969 0.02155995 0.005899906 0.007499933 0.02155995 0.007499933 0.007499933 0.02155995 0.005899906 0.01224219 0.02155995 0.007499933 0.01224219 -0.01083993 0.005899906 0.01849997 -0.01083993 0.007499933 0.01849997 -0.01083993 0.005899906 0.01355409 -0.01083993 0.007499933 0.01355409 -0.00623995 0.007499933 0.01849997 -0.00623995 0.005899906 0.01849997 -0.00623995 0.007499933 0.007499933 -0.00623995 0.005899906 0.007499933 -0.00623995 -0.01099991 0.006999969 -0.00623995 -0.01099991 0.01899999 0.01695996 0.01049995 0.006999969 0.01695996 0.007499933 0.007499933 0.01695996 0.005899906 0.007499933 0.01695996 0.007499933 0.01849997 0.01695996 0.01049995 0.01899999 0.01695996 0.005899906 0.01849997 0.01695996 -0.01099991 0.01899999 0.01695996 -0.01099991 0.006999969 0.01554375 0.01049995 0.01662141 0.01445585 0.01049995 0.01772654 0.01312094 0.01049995 0.01851594 0.01162832 0.01049995 0.01893681 0.01312094 0.01049995 0.007483959 0.01162832 0.01049995 0.00706315 0.01445585 0.01049995 0.008273422 0.01554375 0.01049995 0.009378552 0.01631218 0.01049995 0.01072549 0.01670968 0.01049995 0.01222455 0.01670968 0.01049995 0.01377528 0.01631218 0.01049995 0.01527428 -0.01083993 0.007499933 0.007499933 -0.01083993 0.007499933 0.01224219 -0.0099985 0.007499933 0.01224219 -0.007162511 0.007499933 0.01348662 -0.007107794 0.007499933 0.01273119 -0.007416307 0.007499933 0.01203954 -0.007567346 0.007499933 0.01412659 -0.008226633 0.007499933 0.0144996 -0.009479641 0.007499933 0.01169043 -0.008761703 0.007499933 0.01144915 -0.008014976 0.007499933 0.01157552 -0.01009345 0.007499933 0.01355409 -0.009659469 0.007499933 0.01417481 -0.00898379 0.007499933 0.014517 -0.01083993 0.005899906 0.007499933 -0.0099985 0.005899906 0.01224219 -0.01083993 0.005899906 0.01224219 -0.009479641 0.005899906 0.01169043 -0.01009345 0.005899906 0.01355409 -0.009659469 0.005899906 0.01417481 -0.00898379 0.005899906 0.014517 -0.008226633 0.005899906 0.0144996 -0.007567346 0.005899906 0.01412659 -0.007162511 0.005899906 0.01348662 -0.007107794 0.005899906 0.01273119 -0.007416307 0.005899906 0.01203954 -0.008014976 0.005899906 0.01157552 -0.008761703 0.005899906 0.01144915 0.02155995 0.007499933 0.01849997 0.02155995 0.007499933 0.01355409 0.02081346 0.007499933 0.01355409 0.02037948 0.007499933 0.01417481 0.0197038 0.007499933 0.014517 0.01894658 0.007499933 0.0144996 0.01828742 0.007499933 0.01412659 0.02071851 0.007499933 0.01224219 0.02019959 0.007499933 0.01169043 0.01788252 0.007499933 0.01348662 0.01782774 0.007499933 0.01273119 0.01813632 0.007499933 0.01203954 0.01873493 0.007499933 0.01157552 0.01948165 0.007499933 0.01144915 0.02155995 0.005899906 0.01849997 0.02071851 0.005899906 0.01224219 0.01788252 0.005899906 0.01348662 0.01828742 0.005899906 0.01412659 0.01894658 0.005899906 0.0144996 0.01782774 0.005899906 0.01273119 0.01813632 0.005899906 0.01203954 0.02081346 0.005899906 0.01355409 0.02155995 0.005899906 0.01355409 0.02037948 0.005899906 0.01417481 0.0197038 0.005899906 0.014517 0.02019959 0.005899906 0.01169043 0.01948165 0.005899906 0.01144915 0.01873493 0.005899906 0.01157552 0.005281627 0.01449996 0.01055288 0.004300892 0.01449996 0.0105443 0.003392279 0.01449996 0.01091372 0.002695858 0.01449996 0.01160418 0.002318561 0.01449996 0.01250958 0.002318561 0.01449996 0.01349031 0.002695858 0.01449996 0.01439565 0.003392279 0.01449996 0.01508617 0.004300892 0.01449996 0.0154556 0.005281627 0.01449996 0.01544702 0.006091833 0.01449996 0.01676934 0.007213771 0.01449996 0.01783984 0.008572757 0.01449996 0.01858711 0.01007783 0.01449996 0.01896107 0.01162832 0.01449996 0.01893681 0.01312094 0.01449996 0.01851594 0.01445585 0.01449996 0.01772654 0.01554375 0.01449996 0.01662141 0.01631218 0.01449996 0.01527428 0.01670968 0.01449996 0.01377528 0.01670968 0.01449996 0.01222455 0.01631218 0.01449996 0.01072549 0.01554375 0.01449996 0.009378552 0.01445585 0.01449996 0.008273422 0.01312094 0.01449996 0.007483959 0.01162832 0.01449996 0.00706315 0.01007783 0.01449996 0.007038891 0.008572757 0.01449996 0.007412791 0.007213771 0.01449996 0.008160054 0.006091833 0.01449996 0.009230554 0.005309939 0.01449996 0.01206463 0.004769921 0.01449996 0.01191991 0.004229903 0.01449996 0.01206463 0.003834605 0.01449996 0.01245999 0.008389949 0.01449996 0.01299995 0.008441746 0.01449996 0.0125072 0.008842587 0.01449996 0.01160693 0.009574949 0.01449996 0.0109474 0.01051223 0.01449996 0.01064288 0.01292502 0.01449996 0.01203596 0.01234579 0.01449996 0.01123869 0.01149237 0.01449996 0.01074594 0.01312988 0.01449996 0.01299995 0.003689885 0.01449996 0.01299995 0.003834605 0.01449996 0.01353991 0.004229903 0.01449996 0.0139352 0.004769921 0.01449996 0.01407992 0.005309939 0.01449996 0.0139352 0.005705237 0.01449996 0.01245999 0.005849957 0.01449996 0.01299995 0.008441746 0.01449996 0.0134927 0.005705237 0.01449996 0.01353991 0.008842587 0.01449996 0.01439303 0.009574949 0.01449996 0.01505237 0.01234579 0.01449996 0.01476114 0.01292502 0.01449996 0.01396387 0.01051223 0.01449996 0.01535695 0.01149237 0.01449996 0.01525396 0.008930861 0.01769989 0.01261115 0.009759962 0.01769989 0.01299995 0.009893953 0.01769989 0.01249992 0.01125997 0.01769989 0.01213389 0.01133775 0.01769989 0.01122146 0.01075989 0.01769989 0.01199996 0.01056444 0.01769989 0.01114016 0.01025992 0.01769989 0.01213389 0.009824991 0.01769989 0.01138049 0.009247124 0.01769989 0.01190084 0.01125997 0.01769989 0.01386594 0.01201117 0.01769989 0.01438963 0.01162594 0.01769989 0.01349991 0.01246821 0.01769989 0.0137605 0.01175993 0.01769989 0.01299995 0.01262992 0.01769989 0.01299995 0.01162594 0.01769989 0.01249992 0.01246821 0.01769989 0.01223933 0.01201117 0.01769989 0.0116102 0.008889973 0.01769989 0.01299995 0.008930861 0.01769989 0.01338875 0.009893953 0.01769989 0.01349991 0.009247124 0.01769989 0.01409912 0.01025992 0.01769989 0.01386594 0.009824991 0.01769989 0.01461941 0.01075989 0.01769989 0.01399993 0.01056444 0.01769989 0.01485967 0.01133775 0.01769989 0.01477837 0.008441746 0.01719999 0.0134927 0.008389949 0.01719999 0.01299995 0.008441746 0.01719999 0.0125072 0.008842587 0.01719999 0.01160693 0.009574949 0.01719999 0.0109474 0.01051223 0.01719999 0.01064288 0.01149237 0.01719999 0.01074594 0.01234579 0.01719999 0.01123869 0.01292502 0.01719999 0.01203596 0.01312988 0.01719999 0.01299995 0.01292502 0.01719999 0.01396387 0.01234579 0.01719999 0.01476114 0.01149237 0.01719999 0.01525396 0.01051223 0.01719999 0.01535695 0.009574949 0.01719999 0.01505237 0.008842587 0.01719999 0.01439303 0.005705237 0.01469993 0.01353991 0.005309939 0.01469993 0.0139352 0.004769921 0.01469993 0.01407992 0.004229903 0.01469993 0.0139352 0.003834605 0.01469993 0.01353991 0.003689885 0.01469993 0.01299995 0.003834605 0.01469993 0.01245999 0.004229903 0.01469993 0.01206463 0.004769921 0.01469993 0.01191991 0.005309939 0.01469993 0.01206463 0.005705237 0.01469993 0.01245999 0.005849957 0.01469993 0.01299995 0.004769921 0.01469993 0.01299995 0.009759962 0.01269996 0.01299995 0.009893953 0.01269996 0.01349991 0.01025992 0.01269996 0.01386594 0.01075989 0.01269996 0.01399993 0.01125997 0.01269996 0.01386594 0.01162594 0.01269996 0.01349991 0.01175993 0.01269996 0.01299995 0.01162594 0.01269996 0.01249992 0.01125997 0.01269996 0.01213389 0.01075989 0.01269996 0.01199996 0.01025992 0.01269996 0.01213389 0.009893953 0.01269996 0.01249992 0.01075989 0.01269996 0.01299995 -0.01413995 0 9.99987e-4 -0.0138899 0 9.99987e-4 -0.01413995 -4.33884e-4 9.00969e-4 -0.0138899 -4.33884e-4 9.00969e-4 -0.01413995 -7.81831e-4 6.2349e-4 -0.0138899 -7.81831e-4 6.2349e-4 -0.01413995 -9.74928e-4 2.22521e-4 -0.0138899 -9.74928e-4 2.22521e-4 -0.01413995 -9.74928e-4 -2.22521e-4 -0.0138899 -9.74928e-4 -2.22521e-4 -0.01413995 -7.81831e-4 -6.2349e-4 -0.0138899 -7.81831e-4 -6.2349e-4 -0.01413995 -4.33884e-4 -9.00969e-4 -0.0138899 -4.33884e-4 -9.00969e-4 -0.01413995 0 -9.99987e-4 -0.0138899 0 -9.99987e-4 -0.01413995 4.33884e-4 -9.00969e-4 -0.0138899 4.33884e-4 -9.00969e-4 -0.01413995 7.81831e-4 -6.2349e-4 -0.0138899 7.81831e-4 -6.2349e-4 -0.01413995 9.74928e-4 -2.22521e-4 -0.0138899 9.74928e-4 -2.22521e-4 -0.01413995 9.74928e-4 2.22521e-4 -0.0138899 9.74928e-4 2.22521e-4 -0.01413995 7.81831e-4 6.2349e-4 -0.0138899 7.81831e-4 6.2349e-4 -0.01413995 4.33884e-4 9.00969e-4 -0.0138899 4.33884e-4 9.00969e-4 -0.01693993 0.001617968 -0.001175463 -0.01693993 0.00212121 -0.00212121 -0.01693993 0.001175463 -0.001617968 -0.01693993 0.001499891 -0.002598047 -0.01693993 6.18034e-4 -0.001902103 -0.01693993 7.76457e-4 -0.002897739 -0.01693993 0 -0.001999974 -0.01693993 0 -0.002999961 -0.01693993 -6.18034e-4 -0.001902103 -0.01693993 -7.76457e-4 -0.002897739 -0.01693993 -0.001175463 -0.001617968 -0.01693993 -0.001499891 -0.002598047 -0.01693993 -0.00212121 -0.00212121 -0.01693993 -0.001617968 -0.001175463 -0.01693993 -0.002598047 -0.001499891 -0.01693993 -0.001902103 -6.18034e-4 -0.01693993 -0.002897739 -7.76457e-4 -0.01693993 -0.001999974 0 -0.01693993 -0.002999961 0 -0.01693993 -0.001902103 6.18034e-4 -0.01693993 -0.002897739 7.76457e-4 -0.01693993 -0.001617968 0.001175463 -0.01693993 0.001175463 0.001617968 -0.01693993 0.00212121 0.00212121 -0.01693993 0.001617968 0.001175463 -0.01693993 0.002598047 0.001499891 -0.01693993 0.001902103 6.18034e-4 -0.01693993 0.002897739 7.76457e-4 -0.01693993 0.001999974 0 -0.01693993 0.002999961 0 -0.01693993 0.001902103 -6.18034e-4 -0.01693993 0.002897739 -7.76457e-4 -0.01693993 0.002598047 -0.001499891 -0.01693993 -0.002598047 0.001499891 -0.01693993 -0.00212121 0.00212121 -0.01693993 -0.001175463 0.001617968 -0.01693993 -0.001499891 0.002598047 -0.01693993 -6.18034e-4 0.001902103 -0.01693993 -7.76457e-4 0.002897739 -0.01693993 0 0.001999974 -0.01693993 0 0.002999961 -0.01693993 6.18034e-4 0.001902103 -0.01693993 7.76457e-4 0.002897739 -0.01693993 0.001499891 0.002598047 -0.01293992 0.002897739 7.76457e-4 -0.01293992 0.002999961 0 -0.01353991 0.002985954 2.89644e-4 -0.01503998 -0.002999961 0 -0.01503998 -0.002985954 2.89644e-4 -0.01503998 -0.002897739 7.76457e-4 -0.01503998 -0.002598047 0.001499891 -0.01503998 -0.00212121 0.00212121 -0.01503998 -0.001499891 0.002598047 -0.01503998 -7.76457e-4 0.002897739 -0.01503998 0 0.002999961 -0.01503998 7.76457e-4 0.002897739 -0.01503998 0.001499891 0.002598047 -0.01503998 0.00212121 0.00212121 -0.01503998 0.002598047 0.001499891 -0.01503998 0.002897739 7.76457e-4 -0.01503998 0.002985954 2.89644e-4 -0.01503998 0.002999961 0 -0.01353991 0.002999961 0 -0.01293992 0.002897739 -7.76457e-4 -0.01353991 0.002897739 7.76457e-4 -0.01353991 0.002598047 0.001499891 -0.01293992 0.002598047 0.001499891 -0.01353991 0.00212121 0.00212121 -0.01293992 0.00212121 0.00212121 -0.01353991 0.001499891 0.002598047 -0.01293992 0.001499891 0.002598047 -0.01353991 7.76457e-4 0.002897739 -0.01293992 7.76457e-4 0.002897739 -0.01353991 0 0.002999961 -0.01293992 0 0.002999961 -0.01353991 -7.76457e-4 0.002897739 -0.01293992 -7.76457e-4 0.002897739 -0.01353991 -0.001499891 0.002598047 -0.01293992 -0.001499891 0.002598047 -0.01353991 -0.00212121 0.00212121 -0.01293992 -0.00212121 0.00212121 -0.01353991 -0.002598047 0.001499891 -0.01293992 -0.002598047 0.001499891 -0.01353991 -0.002897739 7.76457e-4 -0.01293992 -0.002897739 7.76457e-4 -0.01353991 -0.002985954 2.89644e-4 -0.01293992 -0.002999961 0 -0.01353991 -0.002999961 0 -0.01293992 -0.002897739 -7.76457e-4 -0.01293992 0.002598047 -0.001499891 -0.01293992 0.00212121 -0.00212121 -0.01293992 0.001499891 -0.002598047 -0.01293992 7.76457e-4 -0.002897739 -0.01293992 0 -0.002999961 -0.01293992 -7.76457e-4 -0.002897739 -0.01293992 -0.001499891 -0.002598047 -0.01293992 -0.00212121 -0.00212121 -0.01293992 -0.002598047 -0.001499891 -0.01413995 0 0.001999974 -0.01413995 -6.18034e-4 0.001902103 -0.01413995 -0.001175463 0.001617968 -0.01413995 -0.001617968 0.001175463 -0.01413995 -0.001902103 6.18034e-4 -0.01413995 -0.001999974 0 -0.01413995 -0.001902103 -6.18034e-4 -0.01413995 -0.001617968 -0.001175463 -0.01413995 -0.001175463 -0.001617968 -0.01413995 -6.18034e-4 -0.001902103 -0.01413995 0 -0.001999974 -0.01413995 6.18034e-4 -0.001902103 -0.01413995 0.001175463 -0.001617968 -0.01413995 0.001617968 -0.001175463 -0.01413995 0.001902103 -6.18034e-4 -0.01413995 0.001999974 0 -0.01413995 0.001902103 6.18034e-4 -0.01413995 0.001617968 0.001175463 -0.01413995 0.001175463 0.001617968 -0.01413995 6.18034e-4 0.001902103 -0.01353991 0 0.01399993 -0.01503998 0 0.01399993 -0.01353991 -4.33884e-4 0.014099 -0.01503998 -4.33884e-4 0.014099 -0.01353991 -7.81831e-4 0.01437646 -0.01503998 -7.81831e-4 0.01437646 -0.01353991 -9.74928e-4 0.01477748 -0.01503998 -9.74928e-4 0.01477748 -0.01353991 -9.74928e-4 0.01522243 -0.01503998 -9.74928e-4 0.01522243 -0.01353991 -7.81831e-4 0.01562345 -0.01503998 -7.81831e-4 0.01562345 -0.01353991 -4.33884e-4 0.0159009 -0.01503998 -4.33884e-4 0.0159009 -0.01353991 0 0.01599997 -0.01503998 0 0.01599997 -0.01353991 4.33884e-4 0.0159009 -0.01503998 4.33884e-4 0.0159009 -0.01353991 7.81831e-4 0.01562345 -0.01503998 7.81831e-4 0.01562345 -0.01353991 9.74928e-4 0.01522243 -0.01503998 9.74928e-4 0.01522243 -0.01353991 9.74928e-4 0.01477748 -0.01503998 9.74928e-4 0.01477748 -0.01353991 7.81831e-4 0.01437646 -0.01503998 7.81831e-4 0.01437646 -0.01353991 4.33884e-4 0.014099 -0.01503998 4.33884e-4 0.014099 -0.01353991 0 0.005999982 -0.01503998 0 0.005999982 -0.01353991 -4.33884e-4 0.006098926 -0.01503998 -4.33884e-4 0.006098926 -0.01353991 -7.81831e-4 0.006376445 -0.01503998 -7.81831e-4 0.006376445 -0.01353991 -9.74928e-4 0.006777465 -0.01503998 -9.74928e-4 0.006777465 -0.01353991 -9.74928e-4 0.007222414 -0.01503998 -9.74928e-4 0.007222414 -0.01353991 -7.81831e-4 0.007623434 -0.01503998 -7.81831e-4 0.007623434 -0.01353991 -4.33884e-4 0.007900953 -0.01503998 -4.33884e-4 0.007900953 -0.01353991 0 0.007999956 -0.01503998 0 0.007999956 -0.01353991 4.33884e-4 0.007900953 -0.01503998 4.33884e-4 0.007900953 -0.01353991 7.81831e-4 0.007623434 -0.01503998 7.81831e-4 0.007623434 -0.01353991 9.74928e-4 0.007222414 -0.01503998 9.74928e-4 0.007222414 -0.01353991 9.74928e-4 0.006777465 -0.01503998 9.74928e-4 0.006777465 -0.01353991 7.81831e-4 0.006376445 -0.01503998 7.81831e-4 0.006376445 -0.01353991 4.33884e-4 0.006098926 -0.01503998 4.33884e-4 0.006098926 -0.01503998 -0.002249956 0.01549988 -0.01353991 -0.002249956 0.01549988 -0.01353991 0.002249956 0.01549988 -0.01503998 0.002249956 0.01549988 -0.01503998 0.002158761 0.0161339 -0.01353991 0.002158761 0.0161339 -0.01503998 0.001892805 0.01671642 -0.01353991 0.001892805 0.01671642 -0.01503998 0.001473367 0.01720041 -0.01353991 0.001473367 0.01720041 -0.01503998 9.34684e-4 0.01754665 -0.01353991 9.34684e-4 0.01754665 -0.01503998 3.20208e-4 0.01772701 -0.01353991 3.20208e-4 0.01772701 -0.01503998 -3.20208e-4 0.01772701 -0.01353991 -3.20208e-4 0.01772701 -0.01503998 -9.34684e-4 0.01754665 -0.01353991 -9.34684e-4 0.01754665 -0.01503998 -0.001473367 0.01720041 -0.01353991 -0.001473367 0.01720041 -0.01503998 -0.001892805 0.01671642 -0.01353991 -0.001892805 0.01671642 -0.01503998 -0.002158761 0.0161339 -0.01353991 -0.002158761 0.0161339 -0.01293992 0.001136243 0.001459836 -0.01293992 6.00694e-4 0.001749694 -0.01293992 0 0.001849949 -0.01293992 -6.00694e-4 0.001749694 -0.01293992 -0.001843631 -1.52772e-4 -0.01293992 -0.001694083 -7.43136e-4 -0.01293992 -0.001361072 -0.001252949 -0.01293992 -8.80503e-4 -0.001626968 -0.01293992 -3.045e-4 -0.001824676 -0.01293992 0.001694083 -7.43136e-4 -0.01293992 0.001843631 -1.52772e-4 -0.01293992 0.001793324 4.54148e-4 -0.01293992 0.001548647 0.001011848 -0.01293992 3.045e-4 -0.001824676 -0.01293992 8.80503e-4 -0.001626968 -0.01293992 0.001361072 -0.001252949 -0.01293992 -0.001136243 0.001459836 -0.01293992 -0.001548647 0.001011848 -0.01293992 -0.001793324 4.54148e-4 -0.0138899 0 0.001849949 -0.0138899 -6.00694e-4 0.001749694 -0.0138899 -0.001136243 0.001459836 -0.0138899 -0.001548647 0.001011848 -0.0138899 -0.001793324 4.54148e-4 -0.0138899 -0.001843631 -1.52772e-4 -0.0138899 -0.001694083 -7.43136e-4 -0.0138899 -0.001361072 -0.001252949 -0.0138899 -8.80503e-4 -0.001626968 -0.0138899 -3.045e-4 -0.001824676 -0.0138899 3.045e-4 -0.001824676 -0.0138899 8.80503e-4 -0.001626968 -0.0138899 0.001361072 -0.001252949 -0.0138899 0.001694083 -7.43136e-4 -0.0138899 0.001843631 -1.52772e-4 -0.0138899 0.001793324 4.54148e-4 -0.0138899 0.001548647 0.001011848 -0.0138899 0.001136243 0.001459836 -0.0138899 6.00694e-4 0.001749694 -0.01413995 0 0.001999974</float_array>
          <technique_common>
            <accessor source="#lf1-mesh-positions-array" count="1510" stride="3">
              <param name="X" type="float"/>
              <param name="Y" type="float"/>
              <param name="Z" type="float"/>
            </accessor>
          </technique_common>
        </source>
        <source id="lf1-mesh-normals">
          <float_array id="lf1-mesh-normals-array" count="6234">0 0.4647408 -0.8854469 0 0.1205617 -0.9927059 -0.03050374 0 -0.9995347 0 -0.1205612 -0.9927059 0 -0.4647423 -0.885446 0 -0.4647417 -0.8854464 0 -0.8229822 -0.5680672 0 -0.8229823 -0.568067 0 -0.9927064 -0.1205575 0 -0.9927064 -0.1205577 0 -0.9350108 0.3546195 0 -0.6631254 0.7485084 0 -0.6631258 0.748508 0 -0.2393356 0.9709369 0 0.2393361 0.9709368 0 0.6631243 0.7485094 0 0.6631249 0.7485088 0 0.9350108 0.3546195 0 0.9927064 -0.1205575 0 0.9927064 -0.1205577 0 0.8229823 -0.568067 0 0.8229822 -0.5680672 0 0.4647415 -0.8854464 -0.9659317 0 0.2587974 -0.9659316 0 0.2587975 -0.7070767 0 0.7071369 -0.7070765 0 0.7071372 -0.2588102 0 0.9659283 -0.25881 0 0.9659283 0.2587922 0 0.965933 0.258792 0 0.9659331 0.7070755 0 0.7071381 0.7070754 0 0.7071382 0.9659317 0 0.2587974 0.9659316 0 0.2587975 0.9659317 0 -0.2587974 0.9659316 0 -0.2587975 0.7070757 0 -0.707138 0.7070752 0 -0.7071384 0.2587922 0 -0.965933 0.258792 0 -0.9659331 -0.2588102 0 -0.9659283 -0.25881 0 -0.9659283 -0.7070766 0 -0.707137 -0.9659317 0 -0.2587974 -0.9659316 0 -0.2587975 -0.9659286 0 0.2588087 -0.9659284 0 0.25881 -0.7071012 0 0.7071124 -0.707101 0 0.7071126 -0.2588124 0 0.9659276 -0.2588143 0 0.9659271 0.2587965 0 0.965932 0.2587943 0 0.9659325 0.7071 0 0.7071135 0.7070998 0 0.7071138 0.9659284 0 0.2588098 0.9659286 0 0.2588089 0.9659324 0 -0.2587944 0.9659324 0 -0.2587946 0.7071056 0 -0.707108 0.7071075 0 -0.7071061 0.2587801 0 -0.9659364 0.2587841 0 -0.9659353 -0.2588022 0 -0.9659304 -0.258798 0 -0.9659315 -0.7071089 0 -0.7071048 -0.7071065 0 -0.7071071 -0.9659324 0 -0.2587944 -0.9659324 0 -0.2587946 -0.9659324 0 0.2587948 -0.9659323 0 0.2587949 -0.7070789 0 0.7071347 -0.7070786 0 0.707135 -0.258791 0 0.9659333 -0.2587909 0 0.9659334 0.258809 0 0.9659286 0.2588089 0 0.9659286 0.7070788 0 0.7071348 0.7070788 0 0.7071348 0.9659345 0 0.2587869 0.9659345 0 0.258787 0.9659345 0 -0.2587869 0.9659345 0 -0.258787 0.7070789 0 -0.7071347 0.7070786 0 -0.707135 0.258809 0 -0.9659286 0.2588089 0 -0.9659286 -0.258791 0 -0.9659333 -0.2587909 0 -0.9659334 -0.7070788 0 -0.7071348 -0.7070788 0 -0.7071348 -0.9659324 0 -0.2587948 -0.9659323 0 -0.2587949 -0.9659293 0 0.2588062 -0.965929 0 0.2588074 -0.7071034 0 0.7071102 -0.7071032 0 0.7071104 -0.2587934 0 0.9659327 -0.2587953 0 0.9659322 0.2588134 0 0.9659274 0.2588112 0 0.965928 0.7071034 0 0.7071102 0.7071032 0 0.7071104 0.9659311 0 0.2587993 0.9659314 0 0.2587984 0.9659353 0 -0.2587839 0.9659353 0 -0.2587841 0.7071089 0 -0.7071048 0.707111 0 -0.7071027 0.258797 0 -0.9659317 0.258801 0 -0.9659308 -0.2587831 0 -0.9659355 -0.2587789 0 -0.9659366 -0.7071111 0 -0.7071025 -0.7071087 0 -0.7071049 -0.9659332 0 -0.2587919 -0.9659332 0 -0.2587921 0.03386765 -0.2586476 -0.9653779 0.03765588 -0.7066062 -0.7066044 0 -0.6324072 -0.7746362 0 -0.428701 -0.9034466 0.03952252 -0.9651775 -0.2585934 0 -0.9277009 -0.3733242 0 -0.8114278 -0.5844527 0.03952246 -0.9651775 0.2585932 0 -0.9927092 0.1205342 0 -0.9927092 -0.1205342 0.03765588 -0.7066062 0.7066044 0 -0.8114278 0.5844527 0 -0.9277009 0.3733242 0.03386765 -0.2586476 0.9653779 0 -0.428701 0.9034466 0 -0.6324072 0.7746362 0.02818459 0.258694 0.965548 0 0.06046533 0.9981704 0 -0.1802154 0.9836272 0.02067881 0.7069553 0.7069559 0 0.5342748 0.845311 0 0.3166158 0.9485539 0.01124703 0.9658712 0.2587788 0 0.8760104 0.4822922 0 0.7350285 0.6780362 0.01124703 0.9658712 -0.2587789 0 0.9709436 -0.2393083 0 0.9709436 0.2393083 0.02067881 0.7069557 -0.7069555 0 0.7350285 -0.6780362 0 0.8760104 -0.4822922 0 -0.1802154 -0.9836272 0 0.06046533 -0.9981704 0.02818471 0.258694 -0.965548 0 0.3166158 -0.9485539 0 0.5342748 -0.845311 7.56348e-7 0 1 0 0 1 -1.1095e-6 0 1 -7.80707e-6 0 1 -1.55148e-7 0 1 1.03944e-6 0 1 -7.80466e-6 0 1 0 1 0 0 1 -1.25047e-6 0 1 1.17484e-6 0 1 -3.9607e-7 0 1 1.78583e-5 0 1 -2.01006e-5 0 1 1.78589e-5 0 1 -1.14347e-6 0 1 4.94508e-7 0 1 -8.85852e-7 0 1 6.30863e-7 0 1 -2.91629e-6 0 1 2.69115e-7 0 1 -1.49599e-6 0 1 -5.29268e-7 0 1 2.46124e-6 0 1 -5.46153e-7 0 1 1.60462e-5 0 1 3.16743e-6 0 1 -3.81438e-6 0 1 1.68969e-6 0 1 -1.28094e-5 0 1 1.14348e-6 0 1 -9.32957e-7 0 1 2.2751e-7 0 1 -1.91658e-6 0 1 1.65856e-6 0 1 -1.01434e-6 0 1 1.15676e-6 0 1 -1.71887e-6 0 1 -7.48022e-7 0 1 1.01436e-6 0 1 -3.90433e-7 0 1 9.83617e-7 0 1 -8.44264e-7 0 1 5.0637e-7 0 1 6.74931e-7 0 1 1.6586e-6 0 1 -8.57636e-7 0 1 -2.73073e-7 0 1 3.55279e-7 0 1 -6.28169e-6 0 1 2.53457e-6 0 1 -3.20174e-6 0 1 -5.82561e-6 0 1 1.88921e-7 0 1 -1.65858e-6 0 1 1.1435e-6 0 1 -9.88992e-7 0 1 4.42927e-7 0 1 -2.51331e-7 0 1 3.93049e-6 0 1 -1.3239e-6 0 1 4.11639e-6 0 1 -4.11664e-6 0 1 1.71536e-7 0 1 -2.43609e-7 0 1 3.97442e-7 0 1 3.13984e-6 0 1 -2.95803e-7 0 1 -2.75835e-7 0 1 3.21754e-5 0 1 -2.31561e-6 0 1 2.24626e-6 0 1 -2.02551e-6 0 1 -7.38184e-7 0 1 -2.94791e-6 0 1 6.244e-7 0 1 -1.1124e-6 0 1 4.06619e-7 0 1 1.12898e-6 0 1 -3.12441e-6 0 1 1.27928e-5 0 1 1.62912e-6 0 1 -1.25048e-6 0 1 -1.42445e-6 0 1 2.34976e-6 0 1 -2.37643e-6 0.5690379 0 -0.8223114 -0.7623468 0 -0.6471688 -0.6170488 0 -0.786925 -0.6748317 0.1120223 -0.7294198 0.8102779 0 -0.5860459 0.8102756 0 -0.5860492 0.7806384 0.09953421 -0.6170063 0.722424 0 -0.6914504 0.586887 0 -0.8096689 0.7845198 0 0.6201038 0.7845197 0 0.6201039 0.586885 0 0.8096704 0.586886 0 0.8096697 0.3451857 0 0.9385344 0.3451845 0 0.9385349 0.07760661 0 0.9969841 0.07760649 0 0.9969841 -0.1957662 0 0.9806507 -0.1957654 0 0.9806508 -0.4545131 0 0.8907401 -0.4545122 0 0.8907405 -0.6791071 0 0.7340393 -0.85278 0 0.5222704 -0.8527793 0 0.5222717 -0.9624975 0 0.2712909 -0.9624972 0 0.2712914 -1 0 0 -0.9624969 0 -0.2712926 -0.9624969 0 -0.2712928 -0.8527808 0 -0.522269 -0.8527809 0 -0.5222688 -0.7623442 0 -0.6471719 -0.706696 0.03426957 -0.7066869 0.6297768 0.3646405 -0.6858706 0.5690369 0 -0.822312 0.3451817 0 -0.9385359 0.3451843 0 -0.9385349 0.07760912 0 -0.9969839 0.0776093 0 -0.9969838 -0.195803 0 -0.9806433 -0.1958017 0 -0.9806436 -0.4544847 0 -0.8907546 -0.4544855 0 -0.8907542 -0.6170511 0 -0.7869231 0 0 -1 0.7623665 0 0.6471456 -0.5690555 0 0.8222993 -0.8102593 0 0.5860716 -0.8102585 0 0.5860728 -0.7806257 0.09951388 0.6170257 -0.7224207 0 0.6914538 -0.5868867 0 0.8096692 0.6170493 0 0.7869246 0.6748343 0.1120218 0.7294175 -0.7845196 0 -0.6201041 -0.7845196 0 -0.6201042 -0.5868853 0 -0.8096702 -0.586885 0 -0.8096704 -0.345185 0 -0.9385347 -0.3451845 0 -0.9385349 -0.07760876 0 -0.996984 -0.07760864 0 -0.996984 0.1957939 0 -0.9806451 0.1957931 0 -0.9806453 0.4545003 0 -0.8907467 0.4544994 0 -0.8907471 0.679106 0 -0.7340403 0.6791071 0 -0.7340393 0.8527809 0 -0.522269 0.8527805 0 -0.5222696 0.9624952 0 -0.271299 0.9624952 0 -0.271299 1 0 0 0.9624952 0 0.2712991 0.9624951 0 0.2712991 0.8527809 0 0.5222688 0.8527804 0 0.5222697 0.7623637 0 0.6471488 0.7066894 0.0342853 0.7066928 -0.6297525 0.3645626 0.6859343 -0.6297525 0.3645626 0.6859344 -0.6297526 0.3645626 0.6859344 -0.5690532 0 0.8223008 -0.345185 0 0.9385347 -0.3451845 0 0.9385349 -0.07760864 0 0.996984 -0.07760876 0 0.996984 0.1957931 0 0.9806453 0.1957939 0 0.9806451 0.4544994 0 0.8907471 0.4545003 0 0.8907467 0.6170499 0 0.7869241 0 -1 0 0 -1 -1.50296e-6 0 -1 1.26662e-6 0 -1 6.78822e-6 0 -1 -4.40153e-7 1 4.12525e-7 0 0 -1 -6.78951e-6 0 -1 4.4011e-7 0 -1 1.50337e-6 0 -1 -1.26693e-6 1 -1.4432e-6 0 1 -1.41552e-6 0 1 9.82195e-7 0 1 1.26244e-6 0 1 -3.35705e-7 0 1 -2.78884e-7 0 1 -6.83755e-7 0 1 1.12841e-6 0 1 3.30731e-7 0 1 6.34889e-7 0 1 2.94973e-7 0 1 -2.50489e-7 0 1 8.07485e-7 0 1 -5.45113e-7 0 1 2.12103e-6 0 1 2.18931e-6 0 1 1.82251e-6 0 1 -5.33846e-7 0 1 1.93665e-6 0 1 -1.33591e-6 0 1 1.34757e-6 0 1 -2.07054e-6 0 1 -1.07602e-6 0 2.3265e-6 0 -1 0 0 -1 6.27555e-6 0 -1 1.52568e-5 0 -1 1.5227e-5 0 -1 1.52379e-5 0 -1 1.29328e-7 0 -1 -4.51753e-6 0 -1 1.36867e-6 0 -1 -1 6.25751e-6 0 -1 -2.89938e-6 0 -1 2.2691e-7 0 -1 -5.97455e-7 0 -1 -2.20194e-6 0 -1 5.32314e-7 0 -1 3.03996e-7 0 -1 -1.94572e-6 0 -1 1.78661e-6 0 -1 2.00021e-6 0 -1 -1.50754e-6 0 -1 1.08086e-6 0 -1 4.71259e-7 0 -1 -1.13673e-6 0 -1 -9.27955e-6 0 -1 -5.54092e-7 0 -1 -2.32782e-6 0 -1 4.6073e-6 0 -1 -2.87277e-6 0 -1 6.8416e-7 0 -1 2.32781e-6 0 1 -1.72138e-6 0 1 -1.08262e-6 0 1 1.94044e-6 0 1 1.17329e-5 0 1 -4.93373e-6 0 1 3.65099e-6 0 1 -6.40634e-6 0 1 7.50397e-7 0 1 4.97658e-7 0 1 3.99473e-7 0 1 2.19251e-7 0 1 5.68224e-7 0 1 2.54092e-7 0 1 -3.48849e-7 0 1 -5.10279e-7 0 1 8.00471e-6 0 1 0 0 1 -7.37194e-6 0 1 -1.73665e-7 0 1 3.68785e-6 0 1 -1.53726e-7 0 1 1.46152e-7 0 1 -3.28707e-7 0 1 -3.97333e-6 0 1 3.14564e-6 0 1 -2.53283e-6 0 1 5.59976e-6 0 1 -8.24149e-7 0 -1 4.52088e-7 0 -1 -7.92754e-7 0 -1 -4.5527e-6 0 -1 8.76368e-6 0 -1 -1.41578e-5 0 -1 1.81102e-6 0 -1 -1.50105e-6 0 -1 8.66816e-7 0 -1 -6.8975e-7 0 -1 2.76248e-6 0 -1 -1.47113e-7 0 -1 4.26816e-6 0 -1 0 0 -1 0 0 -1 -1.24584e-7 0 -1 4.12525e-7 0 -1 -3.90707e-6 0 0 -1 3.17362e-7 0 -1 -3.82058e-7 0 -1 2.97395e-7 0 -1 -6.63979e-7 0 -1 1.50618e-7 0 -1 -1.50618e-7 0 -1 4.97984e-7 0 -1 1.19958e-5 0 -1 3.82058e-7 0 -1 -3.23505e-7 0 -1 2.73636e-7 0 -1 -6.46966e-6 0 -1 6.47003e-7 0 -1 -6.63981e-7 0 -1 1.50617e-7 0 -1 -1.50617e-7 0 -1 6.63981e-7 0 -1 -2.97395e-7 0 -1 2.92969e-7 0 -1 -3.17362e-7 0 -1 5.01385e-6 0 -1 6.00367e-7 0 -1 3.0123e-7 0 -1 -3.0123e-7 0 -1 -1.58507e-7 0 -1 -3.82102e-7 0 -1 3.01229e-7 0 -1 0 0 -1 -5.01633e-6 0 -1 -1.58678e-7 0 -1 3.15279e-6 0 -1 6.72308e-7 0 -1 -3.72506e-7 0 -1 2.83665e-7 0 -1 -1.23757e-7 0 -1 0 0 -1 0 0 -1 -9.30967e-7 0 -1 -4.56086e-7 0 -1 2.80195e-6 0 -1 -7.81154e-6 0 -1 1.09901e-6 0 -1 -1.23218e-6 0 -1 6.3605e-7 0 -1 9.72926e-7 0 -1 1.19355e-6 0 -1 -1.0693e-6 0 -1 1.1823e-6 0 -1 1.27928e-5 0 -1 -3.10448e-7 0 -1 -9.45046e-7 0 -1 -2.20413e-6 0 -1 -6.3712e-6 0 -1 0 0 -1 -6.11041e-7 0 -1 2.80198e-6 0 -1 -1.00431e-5 0 -1 1.09903e-6 0 -1 2.46437e-6 0 -1 -2.83663e-7 0 -1 0 -0.005412459 0 0.9999855 -0.005412817 0 0.9999854 -0.3864146 0 0.9223252 -0.3864139 0 0.9223255 -0.7090199 0 0.7051885 -0.7090201 0 0.7051883 -0.9243763 0 0.3814821 -0.9243758 0 0.3814834 -0.9243763 0 -0.3814821 -0.9243758 0 -0.3814834 -0.7090201 0 -0.7051883 -0.7090199 0 -0.7051885 -0.386415 0 -0.9223251 -0.3864136 0 -0.9223256 -0.005412817 0 -0.9999853 -0.005412459 0 -0.9999854 0.005362033 0 -0.9999857 0.005359113 0 -0.9999856 0.3864137 0 -0.9223257 0.3864151 0 -0.922325 0.7089973 0 -0.7052113 0.7089965 0 -0.705212 0.924395 0 -0.3814367 0.9243948 0 -0.3814373 0.924395 0 0.3814367 0.924395 0 0.3814368 0.7089929 0 0.7052156 0.7089929 0 0.7052157 0.386415 0 0.9223251 0.3864139 0 0.9223255 0.005411684 0 0.9999854 0.005413174 0 0.9999854 -0.7071367 0 -0.7070769 -0.7071354 0 -0.7070782 0.707108 0 -0.7071056 0.7071077 0 -0.7071059 -0.7071105 0 0.7071032 -0.7071125 0 0.7071011 0 1 1.43156e-6 0 1 -9.73118e-7 -0.7071 0 0.7071136 0.7071071 0 0.7071065 0.7071049 0 0.7071087 -0.7071101 0 -0.7071035 -0.7071122 0 -0.7071014 0 1 -1.84977e-6 0 1 9.8468e-7 0.7071 0 0.7071136 -0.7071048 0 0.7071088 -0.7071072 0 0.7071065 0.7071122 0 -0.7071014 0.7071101 0 -0.7071035 0 1 -1.43155e-6 0 1 8.03785e-7 0 1 -4.67092e-6 0.7069423 0 -0.7072713 0.706941 0 -0.7072726 0.7071063 0 0.7071073 0.7071084 0 0.7071052 -0.707108 0 -0.7071056 -0.7071077 0 -0.7071059 0 1 -3.17157e-6 0 1 -9.84671e-7 0 1 1.24524e-5 -0.9830689 0.001112043 -0.183233 -0.9471417 -0.005446612 -0.3207693 -0.9978889 0 -0.0649448 -0.9978889 0 -0.06494361 -0.999265 -9.11717e-4 -0.03832244 -0.999265 -9.1172e-4 -0.03832244 -0.999265 -9.11717e-4 -0.03832244 -0.9190153 0 -0.3942219 -0.7973387 0 -0.6035323 -0.7070577 -0.01133245 -0.7070651 -0.6160436 -2.28986e-4 -0.7877121 -0.4529935 9.7403e-5 -0.8915138 -0.4529935 9.74592e-5 -0.8915138 -0.4529935 9.74078e-5 -0.8915138 -0.2588177 -0.008105456 -0.9658921 -0.3031682 -0.01477605 -0.9528226 -0.100685 0 -0.9949184 -0.9979128 0 0.06457763 -0.9979128 0 0.06457763 -0.9979127 0 0.06457763 -0.2588324 0 0.9659223 -0.7071086 0 0.707105 -0.9471399 0 0.3208208 -0.9659198 0.002111792 0.2588331 -0.9979128 0 0.06457781 -0.9979128 0 0.06457781 -0.9979127 0 0.06457781 0.9978961 0 0.0648337 0.9978961 0 0.06483399 0.9471284 0.002793788 0.3208431 0.9659219 0 0.2588337 0.7071086 0 0.707105 0.2588666 0 0.9659132 0.997894 0 -0.06486594 0.2588622 0 -0.9659143 0.2588666 0 -0.9659132 0.7071086 0 -0.707105 0.7071063 0 -0.7071074 0.9471477 0 -0.3207982 0.9659189 0.002111256 -0.2588366 0.9978942 0 -0.06486463 0.258865 0 -0.9659135 0.2588625 0 -0.9659142 0.7071087 0 -0.7071049 0.9659131 0 -0.2588669 0.9659132 0 -0.2588662 0.9659126 0 0.2588685 0.9245354 0.006040692 0.3810483 0.9915523 0 0.1297076 0.2588742 0 0.9659112 0.1308932 0.006127238 0.9913776 0.3832638 0 0.9236389 0.7071057 0 0.7071079 0.6089284 0.006130874 0.7932015 0.7934844 0 0.6085908 -0.9659141 0 -0.2588629 -0.965914 0 -0.2588635 -0.258867 0 -0.9659131 -0.2588695 0 -0.9659124 -0.2588795 0 0.9659097 -0.2588894 0 0.965907 -0.7071046 0 0.7071089 -0.7071074 0 0.7071063 -0.9659138 0 0.2588642 -0.9659135 0 0.2588655 0.02111858 -0.258776 -0.9657065 0.02347296 -0.7069039 -0.7069201 0 -0.6324647 -0.7745893 0 -0.4286926 -0.9034505 0.02466547 -0.9656537 -0.2586593 0 -0.9277073 -0.3733084 0 -0.8113464 -0.5845658 0.0246638 -0.9656537 0.2586593 0 -0.992724 0.120412 0 -0.9927245 -0.1204077 0.02347058 -0.7069039 0.7069201 0 -0.8113464 0.5845658 0 -0.9277117 0.3732976 0.02111905 -0.2587757 0.9657065 0 -0.428697 0.9034484 0 -0.6324647 0.7745893 0.01757997 0.2587931 0.9657728 0 0.06048476 0.9981691 0 -0.1802741 0.9836164 0.01289653 0.7070418 0.7070541 0 0.5342543 0.8453239 0 0.3166559 0.9485405 0.006986975 0.9659235 0.2587335 0 0.8759574 0.4823886 0 0.8759574 0.4823886 0 0.8759574 0.4823886 0 0.7350236 0.6780415 0.006988048 0.9659235 -0.2587335 0 0.9709404 -0.2393213 0 0.9709395 0.2393252 0.01286971 0.7070418 -0.7070546 0 0.7349696 -0.6781001 0 0.8759571 -0.4823892 0 0.8759571 -0.4823892 0 0.8759571 -0.4823892 0 -0.1802762 -0.9836161 0 0.06049144 -0.9981688 0.01757657 0.2587932 -0.9657728 0 0.3166542 -0.9485411 0 0.534714 -0.8450331 0.7046179 0.5311653 -0.4705073 0.7107159 0.5170352 -0.47703 0.7190924 0.3715726 -0.5872308 0.7009827 0.2528977 -0.6668329 0.7122298 0.2222746 -0.665825 0.7187209 0.042059 -0.6940255 0.6980873 -0.08630967 -0.7107916 0.7135927 -0.1262956 -0.6890828 0.7182216 -0.298285 -0.6286365 0.6959927 -0.4079129 -0.5909326 0.7147993 -0.4423024 -0.5416923 0.7175725 -0.5650887 -0.407142 0.6947144 -0.6368899 -0.3342803 0.715874 -0.6477528 -0.2606545 0.7167913 -0.6922149 -0.0839582 0.6943178 -0.7196685 0 0.716789 -0.6922167 0.08396184 0.709025 -0.624405 0.3277227 0.6722074 -0.6868435 0.2763754 0.7175757 -0.565086 0.40714 0.709027 -0.4006025 0.5803434 0.6803397 -0.4635326 0.5676932 0.7182193 -0.2982946 0.6286346 0.7090313 -0.08500194 0.7000353 0.6880503 -0.1308209 0.7137736 0.7187196 0.04205632 0.694027 0.7090344 0.2500593 0.6593487 0.6953937 0.2275604 0.681648 0.7190625 0.3715533 0.5872796 0.7190624 0.3715533 0.5872796 0.7090194 0.5278576 0.4676086 0.7023643 0.5232031 0.4826415 0.7192679 0.6085041 0.3352261 0.7192679 0.6085041 0.3352261 0.7090322 0.6846804 0.1687787 0.7090379 0.6846777 0.1687653 0.7090346 0.684676 -0.1687863 0.7090243 0.6846917 -0.168766 0.7192691 0.6085413 -0.335156 0.7192692 0.6085413 -0.335156 0.7192691 0.6085413 -0.3351561 0.7041456 0.5314898 -0.4708479 0.7106818 0.5171018 -0.4770087 0.7190405 0.3713079 -0.5874618 0.7000764 0.2532112 -0.6676656 0.7122249 0.222248 -0.6658391 0.7187142 0.04205286 -0.6940328 0.6968597 -0.08645838 -0.7119773 0.7135679 -0.126258 -0.6891152 0.7182024 -0.2983039 -0.6286495 0.6945173 -0.4087192 -0.5921102 0.7147716 -0.4422801 -0.5417471 0.7175478 -0.5651671 -0.4070767 0.6931113 -0.6382486 -0.3350156 0.7158819 -0.6477408 -0.2606628 0.709034 -0.7051744 0 0.660059 -0.7457368 -0.09054708 0.7168045 -0.6921905 0.08404535 0.7090288 -0.6243906 0.3277416 0.669225 -0.6893375 0.2774021 0.7175478 -0.5651671 0.4070767 0.7089998 -0.4006134 0.5803691 0.6780189 -0.4648499 0.56939 0.7182024 -0.2983039 0.6286495 0.7090125 -0.0850104 0.7000533 0.6863672 -0.1310643 0.7153477 0.7187142 0.04205286 0.6940328 0.7090296 0.250059 0.6593539 0.6942801 0.227869 0.6826792 0.7190405 0.3713079 0.5874618 0.7090106 0.5278526 0.4676278 0.7018395 0.5235876 0.4829879 0.7192673 0.608594 0.3350642 0.7090196 0.6846917 0.1687858 0.7090331 0.6846857 0.1687536 0.70903 0.6846814 -0.1687833 0.7090157 0.6847026 -0.1687577 0.7192722 0.6083581 -0.3354815 0.7192722 0.6083582 -0.3354815 0.7192722 0.6083582 -0.3354815 0.703486 -0.1011551 -0.7034736 0.7034869 -0.2952352 -0.6464847 0.7034858 -0.2952371 -0.646485 0.7034869 -0.4654142 -0.537118 0.7034897 -0.4654082 -0.5371196 0.7034874 -0.5978959 -0.3842214 0.7034961 -0.5978786 -0.3842322 0.7034953 -0.6819053 -0.2002485 0.7034842 -0.6819228 -0.200228 0.7034814 -0.7107137 0 0.7034838 -0.7107113 0 0.7034811 -0.681919 0.2002518 0.7034944 -0.6819131 0.2002255 0.7034966 -0.5978886 0.384216 0.7034894 -0.597884 0.3842362 0.7034893 -0.4654113 0.5371176 0.703488 -0.4654104 0.53712 0.703486 -0.2952345 0.646486 0.7034866 -0.2952368 0.6464843 0.7034848 -0.1011384 0.7034772 0.7034924 -0.1011561 0.7034671 0.7034936 0.1011397 0.7034682 0.703486 0.1011551 0.7034736 0.7034869 0.2952352 0.6464847 0.7034858 0.2952371 0.646485 0.7034869 0.4654142 0.537118 0.7034897 0.4654082 0.5371196 0.7034874 0.5978959 0.3842214 0.7034961 0.5978786 0.3842322 0.7034953 0.6819053 0.2002485 0.7034842 0.6819228 0.200228 0.7034814 0.7107137 0 0.7034838 0.7107113 0 0.7034811 0.681919 -0.2002518 0.7034944 0.6819131 -0.2002255 0.7034966 0.5978886 -0.384216 0.7034894 0.597884 -0.3842362 0.7034893 0.4654113 -0.5371176 0.703488 0.4654104 -0.53712 0.703486 0.2952345 -0.646486 0.7034866 0.2952368 -0.6464843 0.7034848 0.1011384 -0.7034772 0.7034924 0.1011561 -0.7034671 0.7034936 -0.1011397 -0.7034682 1 6.15795e-6 0 1 -1.04334e-6 0 1 1.5774e-6 0 1 1.31019e-6 0 1 -6.15795e-6 0 1 1.05365e-6 0 1 3.14479e-6 0 1 7.77879e-7 0 1 -2.10319e-6 0 1 1.04334e-6 0 1 -1.05365e-6 0 1 -3.14479e-6 0 1 -6.15795e-6 0 1 -1.31019e-6 0 1 -1.57739e-6 0 1 -7.77879e-7 0 0 -0.1951058 -0.9807822 0 -0.5555821 -0.8314618 0 -0.5555822 -0.8314617 0 -0.8314626 -0.5555809 0 -0.831462 -0.5555816 0 -0.980782 -0.1951069 0 -0.9807823 -0.1951057 0 -0.9807821 0.1951066 0 -0.9807823 0.195106 0 -0.8314629 0.5555805 0 -0.8314619 0.5555821 0 -0.5555822 0.8314617 0 -0.5555821 0.8314618 0 -0.1951058 0.9807822 0 0.1951058 0.9807822 0 0.5555821 0.8314618 0 0.5555822 0.8314617 0 0.8314626 0.5555809 0 0.831462 0.5555816 0 0.980782 0.1951069 0 0.9807823 0.1951057 0 0.9807821 -0.1951066 0 0.9807823 -0.195106 0 0.8314629 -0.5555805 0 0.8314619 -0.5555821 0 0.5555822 -0.8314617 0 0.5555821 -0.8314618 0 0.1951058 -0.9807822 -1 2.86987e-6 0 -1 -7.50547e-7 0 -1 -1.5011e-6 0 -1 -2.86988e-6 0 -1 7.50548e-7 0 -1 1.5011e-6 0 0 -0.2393473 0.9709341 0 -0.6631511 0.7484856 0 -0.663151 0.7484857 0 -0.9350121 0.3546159 0 -0.9927076 -0.1205471 0 -0.8230038 -0.5680361 0 -0.8230038 -0.5680359 0 -0.4647147 -0.8854604 0 -0.4647141 -0.8854608 0 -0.1205254 -0.9927103 0 -0.1205253 -0.9927103 0 0.1205254 -0.9927103 0 0.1205253 -0.9927103 0 0.4647147 -0.8854604 0 0.4647141 -0.8854608 0 0.8230038 -0.5680359 0 0.8230038 -0.5680361 0 0.9927076 -0.1205471 0 0.9350121 0.3546159 0 0.663151 0.7484857 0 0.6631511 0.7484856 0 0.2393473 0.9709341 0 -1 1.09879e-6 0 -1 -8.67713e-7 0 -1 2.39083e-6 0 -1 -3.39473e-6 0 -1 -1.12077e-6 0 -1 -2.98852e-7 0 -1 -3.93723e-7 0 -1 5.60388e-7 0 -1 -8.96659e-7 0 -1 -8.21853e-7 0 -1 8.21856e-7 0 -0.2194674 0.9756199 0 -0.2194671 0.9756199 0 -0.09347009 0.9956221 0 -0.09347009 0.9956221 0.0234037 -0.9967808 0.07668477 0.0234037 -0.9967807 0.07668483 0.0234037 -0.9967808 0.07668483 -2.16347e-4 -0.9887854 0.1493437 1.45782e-4 -0.9954086 0.09571671 1.45802e-4 -0.9954087 0.09571671 1.45816e-4 -0.9954087 0.09571671 0.01939821 -0.9968565 0.07681673 0.008427619 -0.9975783 0.06903982 0 -0.9981556 0.06070864 0.009631037 -0.9940759 0.1082606 0.03384846 -0.9762787 0.2138557 -0.001780271 -0.9837856 0.17934 0.001626253 -0.9622945 0.2720053 0 -0.1828339 0.9831438 0 -0.4582291 0.8888341 -0.007671892 -0.4724519 0.8813231 -0.002413034 -0.7782775 0.6279159 -0.01011061 -0.7426534 0.6695998 -0.02717792 -0.6956675 0.7178497 -0.01521658 -0.7174732 0.69642 0 -0.6326634 0.7744269 0 -0.5892204 0.8079724 0 -0.9657129 0.2596126 0 -0.9319618 0.3625567 -0.01587265 -0.8949205 0.4459432 0.00295937 -0.8593149 0.5114385 -5.96711e-4 -0.7980827 0.6025478 1 -4.58955e-7 0 0.194895 -0.9471942 0.2546352 0.9887402 -0.1419924 0.0472356 0.9887401 -0.1419924 0.04723554 0.9887401 -0.1419924 0.0472356 0.7361484 -0.4746931 0.4824438 0.5840218 -0.7256894 0.3637219 0.5840218 -0.7256894 0.3637219 0.8299173 -0.5286074 0.1783581 0.5533158 -0.7892546 0.2663061 0.5533401 -0.7892364 0.2663096 0.1940417 -0.9295015 0.3136475 0.2907193 -0.89171 0.3468941 0.9160073 -0.2820531 0.2852661 0.9160073 -0.2820531 0.2852661 0.9160073 -0.282053 0.2852661 0.829521 -0.4821524 0.2818228 0.8299179 -0.4778309 0.287948 0.9805621 -0.1950566 0.02123856 0.8299267 -0.5545945 0.0603885 0.8299426 -0.5545688 0.06040489 0.5533429 -0.8280559 0.09019482 0.5533165 -0.8280752 0.09018033 0.1939793 -0.9752395 0.1062067 0.1939835 -0.9752386 0.1062082 0.9972572 -0.05381995 0.05080741 0.9805867 -0.1674271 0.1020684 0.9805673 -0.1680318 0.1012576 0.9805662 -0.1680382 0.1012574 0.9805676 -0.185884 0.06272405 0.9805666 -0.1950331 0.02124512 0.9805666 -0.1858903 0.06272202 0.8299178 -0.5286068 0.1783579 0.829913 -0.4778383 0.2879495 0.5533226 -0.7134411 0.4299255 0.5783094 -0.7057497 0.4092379 0.1941555 -0.843091 0.501499 0.312287 -0.8463975 0.4313794 0.06992638 -0.8572196 0.5101812 0 -0.9771373 0.2126097 0 -0.8003851 0.5994864 0 -0.8003849 0.5994865 0 -0.4788835 0.8778786 0.1950898 -0.9807855 0 0.1950885 -0.9807857 0 0.5555254 -0.8314996 0 0.8314663 -0.5555754 0 0.8314641 -0.5555785 0 0.9807884 -0.1950749 0 0.9807891 -0.1950712 0 0 1 -1.75731e-6 0 1 2.52629e-6 0 1 1.75764e-6 0 1 3.5149e-6 0 1 -2.52646e-6 0.9659489 0 0.2587327 0.7071083 0 0.7071053 0.2587363 0 0.9659481 0.2587403 0 0.965947 -0.2587401 0 0.965947 -0.2587364 0 0.965948 -0.7071088 0 0.7071048 -0.7071087 0 0.7071049 -0.965924 0 0.2588261 -0.9659227 0 -0.2588312 -0.9659228 0 -0.2588302 -0.7071088 0 -0.7071048 -0.7071108 0 -0.7071028 -0.2588314 0 -0.9659226 -0.2588315 0 -0.9659225 0.2588314 0 -0.9659226 0.2588315 0 -0.9659225 0.7071104 0 -0.7071033 0.7071083 0 -0.7071053 0.9659479 0 -0.2587368 0.9659477 0 -0.2587379 0 1 1.75762e-6 0 1 3.51489e-6 0 1 -2.5265e-6 0 1 -1.75749e-6 0 1 2.52631e-6 0.9659478 0 0.258737 0.7071077 0 0.707106 0.7071077 0 0.7071059 0.2587413 0 0.9659467 0.2587417 0 0.9659466 -0.2587416 0 0.9659466 -0.2587414 0 0.9659467 -0.7071082 0 0.7071054 -0.707108 0 0.7071056 -0.9659228 0 0.2588303 -0.9659228 0 -0.2588303 -0.7071081 0 -0.7071055 -0.7071081 0 -0.7071056 -0.2587413 0 -0.9659467 -0.2587417 0 -0.9659466 0.2587416 0 -0.9659466 0.2587414 0 -0.9659467 0.7071077 0 -0.7071059 0.7071077 0 -0.707106 0.9659478 0 -0.258737 0 1 -1.75732e-6 0 1 -5.05201e-6 0.9659232 0 0.2588291 0.9659232 0 0.258829 0.7071146 0 0.707099 0.2587348 0 0.9659485 0.2587386 0 0.9659475 -0.2587636 0 0.9659408 -0.2587599 0 0.9659418 -0.7071068 0 0.7071068 -0.7071067 0 0.707107 -0.9659278 0 0.2588117 -0.9659279 0 0.2588115 -0.9659265 0 -0.2588167 -0.9659268 0 -0.2588156 -0.7071068 0 -0.7071068 -0.7071087 0 -0.7071049 -0.2588548 0 -0.9659162 -0.2588549 0 -0.9659162 0.2588298 0 -0.965923 0.7071166 0 -0.707097 0.7071146 0 -0.707099 0.9659221 0 -0.2588332 0.9659219 0 -0.2588341 0 1 -5.05267e-6 0 1 -1.75752e-6 0 1 2.52634e-6 0.9659221 0 0.2588333 0.9659221 0 0.2588332 0.7071139 0 0.7070997 0.7071139 0 0.7070997 0.2587398 0 0.9659472 0.25874 0 0.965947 -0.258765 0 0.9659404 -0.2587649 0 0.9659404 -0.7071062 0 0.7071075 -0.707106 0 0.7071076 -0.9659267 0 0.2588158 -0.9659267 0 0.2588157 -0.9659267 0 -0.2588158 -0.9659267 0 -0.2588157 -0.7071061 0 -0.7071075 -0.7071061 0 -0.7071076 -0.2587647 0 -0.9659404 -0.2587651 0 -0.9659403 0.25874 0 -0.965947 0.2587398 0 -0.9659472 0.7071139 0 -0.7070997 0.7071139 0 -0.7070997 0.9659221 0 -0.2588333 -1 -8.0766e-6 0 -1 8.03148e-6 0 -1 -8.23037e-6 0 -1 7.87381e-6 0 -1 -4.22284e-6 0 -1 -1.80203e-6 0 -1 -9.56128e-6 0 -1 6.94333e-6 0 -1 1.01533e-5 0 -1 -6.66602e-6 0 -1 -1.09082e-5 0 -1 6.38365e-6 0 -1 6.09946e-6 0 -1 -4.11955e-7 0 0 -0.2587947 0.9659324 0 -0.7071071 0.7071065 0 -0.7071061 0.7071075 0 -0.9659323 0.2587949 0 -0.9659322 0.2587954 0 -0.9659322 -0.2587954 0 -0.9659323 -0.2587949 0 -0.7071073 -0.7071064 0 -0.7071061 -0.7071076 0 -0.2587947 -0.9659324 0 0.2587944 -0.9659324 0 0.7071078 -0.7071059 0 0.7071067 -0.707107 0 0.9659323 -0.2587949 0 0.9659322 -0.2587954 0 0.9659322 0.2587954 0 0.9659323 0.2587949 0 0.7071078 0.7071059 0 0.7071067 0.707107 0 0.2587944 0.9659324 0 1 5.11355e-7 0 1 4.62782e-7 0 1 -4.62782e-7 0 1 4.72405e-6 0 1 -4.39854e-5 0 1 2.79037e-6 0 1 -4.01679e-7 0 1 6.94975e-7 0 1 -5.31456e-6 0 1 2.61164e-5 1 8.81954e-7 0 1 -1.56558e-7 0 -1 4.40977e-7 0 -1 0 0 0 1 -1.55591e-6 0 1 4.64361e-6 0 1 3.11182e-6 0 1 1.97699e-7 0 1 -2.72569e-7 0 1 -5.56658e-7 0 -1 8.90609e-7 0 -1 -2.69236e-7 0 -1 2.3411e-7 0 -1 -1.39357e-7 0 -1 -1.94053e-7 0 1 -2.73422e-7 0 1 -1.98563e-7 0 1 5.93744e-7 0 1 3.91794e-6 0 1 -3.47095e-7 0 1 2.34112e-7 0 1 1.9405e-7 0 1 -5.45139e-7 0 -1 -2.69234e-7 0 -1 1.97696e-7 0 -1 4.10703e-7 0 -1 -1.21946e-6 0 -1 -2.78346e-7 0 -1 1.39356e-7 -0.8195519 0 0.5730051 -0.8195518 0 0.5730051 -0.4518023 0 0.8921181 -0.4518026 0 0.892118 0.02305936 0 0.9997341 0.02305859 0 0.9997342 0.4924021 0 0.8703679 0.4924017 0 0.8703682 0.8450797 0 0.5346406 0.9973866 0 0.07224941 0.9973866 0 0.07224935 0.9132711 0 -0.4073525 0.913271 0 -0.4073528 0.6126112 0 -0.7903844 0.6126109 0 -0.7903847 0.1667618 0 -0.9859972 0.1667621 0 -0.9859972 -0.3185639 0 -0.9479014 -0.3185638 0 -0.9479015 -0.728471 0 -0.6850767 -0.7284708 0 -0.6850769 0.7284715 0 -0.6850761 0.7284718 0 -0.6850759 0.3185647 0 -0.9479011 -0.1667733 0 -0.9859953 -0.1667731 0 -0.9859953 -0.6126111 0 -0.7903845 -0.6126111 0 -0.7903847 -0.9132456 0 -0.4074094 -0.9132455 0 -0.4074097 -0.9973869 0 0.07224446 -0.9973869 0 0.07224452 -0.8450832 0 0.534635 -0.4923968 0 0.8703709 -0.4923973 0 0.8703706 -0.02305871 0 0.9997342 -0.02305942 0 0.9997342 0.4518032 0 0.8921177 0.4518026 0 0.892118 0.8195513 0 0.5730059 0.8195514 0 0.5730058 -0.008690834 0 0.9999623 0.3766663 0 0.9263491 0.3766661 0 0.9263491 0.7040313 0 0.710169 0.7040312 0 0.7101691 0.9230374 0 0.3847104 0.9230373 0 0.3847106 0.9230374 0 -0.3847104 0.9230373 0 -0.3847106 0.7040314 0 -0.7101689 0.7040311 0 -0.7101693 0.3766663 0 -0.9263491 0.3766661 0 -0.9263491 -0.008690834 0 -0.9999623 0.8526911 0 -0.5224156 0.8526912 0 -0.5224153 0.6902883 0 -0.7235345 0.6902889 0 -0.7235339 0.4818326 0 -0.8762633 0.4818333 0 -0.876263 0.2411407 0 -0.9704902 0.2411419 0 -0.9704899 0.05696308 0 -0.9983764 -0.01564168 0.01239603 -0.9998008 -0.07256066 0 -0.9973641 -0.2713938 0 -0.9624684 -0.2713944 0 -0.9624683 -0.509031 0 -0.8607482 -0.5090313 0 -0.860748 -0.71262 0 -0.7015504 -0.7126198 0 -0.7015505 -0.8686285 0 -0.4954642 -0.8686283 0 -0.4954645 -0.9665895 0 -0.2563298 -0.9665894 0 -0.2563298 -0.9665894 0 0.2563298 -0.9665895 0 0.2563298 -0.8686285 0 0.4954642 -0.8686283 0 0.4954645 -0.7126198 0 0.7015505 -0.71262 0 0.7015504 -0.5090314 0 0.860748 -0.5090309 0 0.8607483 -0.2713944 0 0.9624683 -0.2713938 0 0.9624684 -0.07256066 0 0.9973641 -0.01564168 0.01239603 0.9998008 0.05696308 0 0.9983764 0.2411417 0 0.9704899 0.2411408 0 0.9704902 0.4818335 0 0.8762629 0.4818324 0 0.8762634 0.6902889 0 0.7235339 0.6902883 0 0.7235345 0.8526912 0 0.5224153 0.8526911 0 0.5224156 0 1 -1.11967e-6 0 1 1.35229e-6 0 1 2.80461e-7 0 1 -1.3424e-6 0 1 1.98821e-6 0 1 -2.65239e-7 0 1 -6.48353e-7 0 1 3.27626e-7 0 1 -1.3091e-6 0 1 3.24941e-7 0 1 -6.532e-7 0 1 -1.34368e-6 0 1 1.34368e-6 0 1 -1.31813e-6 0 1 1.27819e-6 0 1 2.69478e-6 0 1 -1.22706e-6 0 1 6.45044e-7 0 1 -6.55002e-7 0 1 3.31539e-7 0 1 4.63761e-6 0 1 -2.93092e-6 0 1 -2.00604e-6 0 1 6.532e-7 0 1 -3.20587e-7 0 1 1.25496e-7 0 1 6.55002e-7 0 1 -5.07178e-7 0 1 -6.46877e-7 0 1 1.3091e-6 0 1 -3.86015e-7 0 1 8.67464e-6 0 1 -1.04099e-6 0 1 5.75921e-7 0 1 -6.23108e-7 0 1 1.94905e-6 0 1 -3.89815e-6 0 1 2.74895e-6 0 1 -2.80315e-6 0 1 -1.94914e-6 0 1 3.98851e-6 0 1 -1.37446e-6 0 1 -8.36327e-6 0 1 3.99617e-6 0 1 -9.01188e-6 0 1 5.11043e-6 0 1 -3.36109e-6 0 1 2.80315e-6 0 1 -2.66414e-6 0 1 4.50598e-6 0.9945331 0 -0.104422 0.9945331 0 0.1044218 0.9945331 0 0.104422 0.9135395 0 0.4067501 0.9135398 0 0.4067496 0.6690915 0 0.7431801 0.6690917 0 0.74318 0.3090729 0 0.9510384 0.3090737 0 0.9510381 -0.1045726 0 0.9945173 -0.1045724 0 0.9945173 -0.5000021 0 0.8660243 -0.5000021 0 0.8660242 -0.8090098 0 0.5877953 -0.8090101 0 0.5877948 -0.9781427 0 0.2079349 -0.9781428 0 0.2079346 -0.9781427 0 -0.2079349 -0.9781428 0 -0.2079346 -0.8090098 0 -0.5877953 -0.8090101 0 -0.5877948 -0.5000016 0 -0.8660246 -0.5000026 0 -0.866024 -0.1045723 0 -0.9945174 -0.1045728 0 -0.9945173 0.3090735 0 -0.9510382 0.3090731 0 -0.9510383 0.6690913 0 -0.7431803 0.6690918 0 -0.7431797 0.9135395 0 -0.4067502 0.9135398 0 -0.4067496 0.9945331 0 -0.1044218 -0.9659402 0 -0.2587654 -0.7071155 0 -0.7070982 -0.2587704 0 -0.9659389 -0.2587701 0 -0.9659391 0.2587742 0 -0.9659379 0.2587704 0 -0.9659389 0.7071155 0 -0.7070982 0.7071114 0 -0.7071022 0.9659402 0 -0.2587654 0.9659402 0 0.2587654 0.7071155 0 0.7070982 0.7071114 0 0.7071022 0.2587744 0 0.9659379 0.2587701 0 0.9659391 -0.2587701 0 0.9659391 -0.2587704 0 0.9659389 -0.7071155 0 0.7070982 -0.9659402 0 0.2587654 0 1 -7.79762e-7 0 1 7.79762e-7 0 1 -3.11899e-6 0 1 3.11899e-6 0 1 -2.33928e-6 0 1 2.33928e-6 0.7051571 0.7051626 -0.07415646 0.7051635 0.7051686 0.07403832 0.7050981 0.7052223 0.07415026 0.6530178 0.6993085 0.2907497 0.6530179 0.6993069 0.2907534 0.4783432 0.6993129 0.5311774 0.4783273 0.6992322 0.5312978 0.2208952 0.6992369 0.6799067 0.2209366 0.6992916 0.6798371 -0.07473856 0.6992934 0.7109169 -0.07475334 0.6992831 0.7109255 -0.3574537 0.6992764 0.6190634 -0.3574146 0.6993047 0.6190539 -0.5782496 0.6993235 0.4202072 -0.5783289 0.6992675 0.4201914 -0.6992469 0.6992632 0.1486096 -0.699208 0.6992958 0.1486391 -0.6992113 0.6993001 -0.1486038 -0.6992363 0.6992667 -0.1486424 -0.5782979 0.6992607 -0.4202455 -0.5782902 0.6993162 -0.4201634 -0.3574396 0.6993085 -0.6190353 -0.3574256 0.6992795 -0.6190761 -0.07474046 0.6992822 -0.7109277 -0.07475191 0.6992924 -0.7109165 0.2208762 0.6992994 -0.6798486 0.2209516 0.6992421 -0.6798831 0.4783973 0.6992251 -0.5312441 0.4782844 0.6993008 -0.5312461 0.6530184 0.6993073 -0.2907515 0.6530175 0.699308 -0.2907519 0.7051169 0.7052157 -0.07403343 -0.9659262 0 0.258818 -0.9659262 0 0.258818 -0.7071059 0 0.7071078 -0.7071059 0 0.7071077 -0.2587962 0 0.965932 -0.2587965 0 0.965932 0.2587966 0 0.965932 0.2587963 0 0.965932 0.7071068 0 0.7071068 0.7071067 0 0.7071069 0.9659348 0 0.2587857 0.9659348 0 0.2587856 0.9659348 0 -0.2587857 0.9659348 0 -0.2587856 0.7071067 0 -0.7071069 0.7071068 0 -0.7071068 0.2587962 0 -0.965932 0.2587966 0 -0.9659318 -0.2587965 0 -0.965932 -0.2587962 0 -0.965932 -0.7071059 0 -0.7071077 -0.7071059 0 -0.7071078 -0.9659262 0 -0.258818 -0.9659262 0 -0.258818 0 1 -4.54747e-7 0 1 4.54747e-7 0 1 1.81899e-6 0 1 -4.0928e-6 0 1 4.0928e-6 0 1 1.81899e-6 0 1 -2.04543e-6 0 1 1.53407e-6 0 1 4.62771e-7 0 1 -4.62747e-7 0 1 -4.72406e-6 0 1 -7.20522e-7 0 1 2.50263e-6 0 1 -4.29717e-6 0 1 1.20504e-6 0 1 -6.94983e-7 0 1 -2.50265e-6 0 1 5.90508e-6 0 1 -6.87275e-6 -1 4.04225e-7 0 -1 0 0 0 1 -1.97899e-6 0 1 1.55589e-6 0 1 -1.39307e-5 0 1 -3.11178e-6 0 1 9.8949e-7 0 1 1.97696e-7 0 1 -6.21904e-7 0 1 5.4514e-7 0 1 -2.00257e-7 0 -1 -2.73421e-7 0 -1 2.69233e-7 0 -1 0 0 -1 -4.10709e-7 0 -1 -1.39352e-7 0 -1 1.9405e-7 0 -1 -3.38544e-7 0 1 -5.93739e-7 0 1 3.47089e-7 0 1 1.75574e-7 0 1 1.94053e-7 0 1 2.72569e-7 0 -1 2.69236e-7 0 -1 -1.97698e-7 0 -1 0 0 -1 1.39353e-7 0.8195564 0 -0.5729986 0.8195574 0 -0.5729972 0.4517999 0 -0.8921194 0.4518044 0 -0.8921171 -0.02305644 0 -0.9997342 -0.02305042 0 -0.9997344 -0.4924001 0 -0.870369 -0.4924004 0 -0.8703688 -0.8450918 0 -0.5346213 -0.8450935 0 -0.5346186 -0.9973871 0 -0.07224243 -0.9973871 0 -0.07224249 -0.9132366 0 0.40743 -0.9132353 0 0.4074325 -0.6126531 0 0.7903521 -0.6126529 0 0.7903522 -0.1667802 0 0.9859941 -0.1667833 0 0.9859937 0.318565 0 0.9479011 0.728493 0 0.6850533 0.7284918 0 0.6850546 -0.7284911 0 0.6850554 -0.7284923 0 0.6850541 -0.3185643 0 0.9479013 -0.3185641 0 0.9479013 0.166772 0 0.9859955 0.166769 0 0.985996 0.6126531 0 0.7903521 0.6126529 0 0.7903522 0.9132609 0 0.4073752 0.9132617 0 0.4073733 0.9973868 0 -0.07224738 0.9973868 0 -0.07224732 0.84509 0 -0.5346242 0.8450882 0 -0.5346269 0.4924052 0 -0.8703661 0.4924049 0 -0.8703663 0.02305036 0 -0.9997344 0.02305632 0 -0.9997342 -0.4518041 0 -0.8921173 -0.4517993 0 -0.8921197 -0.8195579 0 -0.5729964 -0.8195569 0 -0.5729979 0.0086959 0 -0.9999622 0.008697748 0 -0.9999622 -0.3766644 0 -0.9263499 -0.3766662 0 -0.9263492 -0.7040307 0 -0.7101696 -0.7040317 0 -0.7101686 -0.9230505 0 -0.3846789 -0.9230511 0 -0.3846777 -0.9230417 0 0.3847 -0.9230419 0 0.3846994 -0.7040625 0 0.7101381 -0.7040616 0 0.7101389 -0.376666 0 0.9263492 -0.3766646 0 0.9263498 0.008745968 0 0.9999618 0.008749663 0 0.9999617 -0.8527002 0 0.5224007 -0.6903073 0 0.7235164 -0.6903085 0 0.7235152 -0.4818201 0 0.8762702 -0.4818217 0 0.8762693 -0.241133 0 0.9704921 -0.2411353 0 0.9704915 -0.05695879 0 0.9983766 0.01564162 0.01239567 0.9998008 0.07256007 0 0.9973641 0.271385 0 0.962471 0.5090274 0 0.8607504 0.5090277 0 0.8607502 0.7126204 0 0.7015499 0.7126225 0 0.7015477 0.8686271 0 0.4954665 0.8686276 0 0.4954656 0.9665926 0 0.2563176 0.9665925 0 0.2563181 0.9665926 0 -0.2563176 0.9665927 0 -0.2563178 0.8686161 0 -0.4954856 0.8686163 0 -0.4954853 0.7126209 0 -0.7015493 0.7126208 0 -0.7015494 0.5090292 0 -0.8607493 0.5090303 0 -0.8607487 0.2713839 0 -0.9624712 0.07256114 0 -0.997364 0.01564222 0.01239591 -0.9998008 -0.05696809 0 -0.998376 -0.2411335 0 -0.970492 -0.2411342 0 -0.9704918 -0.4818174 0 -0.8762717 -0.4818164 0 -0.8762723 -0.6903085 0 -0.7235152 -0.6903079 0 -0.7235158 -0.8526906 0 -0.5224164 -0.8526909 0 -0.5224158 0 1 1.11964e-6 0 1 1.1218e-6 0 1 -1.15702e-6 0 1 4.31893e-6 0 1 -1.26277e-6 0 1 1.32619e-6 0 1 -6.48369e-7 0 1 5.05489e-7 0 1 -3.27621e-7 0 1 -5.02746e-7 0 1 -3.24925e-7 0 1 6.53215e-7 0 1 2.63181e-6 0 1 -6.7177e-7 0 1 6.71815e-7 0 1 -4.61425e-6 0 1 1.31812e-6 0 1 1.27817e-6 0 1 -2.69491e-6 0 1 6.54991e-7 0 1 -4.31042e-6 0 1 4.01919e-6 0 1 -2.93072e-6 0 1 -6.53193e-7 0 1 3.20569e-7 0 1 -1.25492e-7 0 1 -6.5498e-7 0 1 5.07195e-7 0 1 -6.46871e-7 0 1 5.43938e-7 0 1 -1.04096e-6 0 1 5.75928e-7 0 1 6.23084e-7 0 1 9.74553e-7 0 1 1.99441e-6 0 1 -2.74893e-6 0 1 5.22691e-7 0 1 -1.40152e-6 0 1 -1.94901e-6 0 1 -2.06165e-6 0 1 1.9982e-6 0 1 2.55481e-6 0 1 -2.82146e-6 0 1 -4.36932e-6 0 1 1.40143e-6 0 1 4.5057e-6 0 1 -2.55506e-6 0 1 2.82144e-6 -0.9945206 0 0.1045413 -0.9945206 0 -0.1045411 -0.9945206 0 -0.1045413 -0.9135398 0 -0.4067493 -0.9135401 0 -0.4067487 -0.6691561 0 -0.7431219 -0.6691573 0 -0.7431209 -0.3089984 0 -0.9510626 -0.3089976 0 -0.9510629 0.1045123 0 -0.9945236 0.1045098 0 -0.994524 0.5000213 0 -0.8660131 0.5000207 0 -0.8660136 0.8090187 0 -0.587783 0.8090195 0 -0.5877819 0.9781537 0 -0.2078834 0.9781537 0 -0.207883 0.9781559 0 0.2078728 0.978156 0 0.2078725 0.8089974 0 0.5878123 0.8089978 0 0.5878118 0.5000286 0 0.866009 0.5000289 0 0.8660088 0.1045624 0 0.9945183 0.1045625 0 0.9945184 -0.309054 0 0.9510445 -0.3090519 0 0.9510452 -0.6691176 0 0.7431566 -0.6691195 0 0.7431549 -0.9135498 0 0.406727 -0.91355 0 0.4067264 -0.9945206 0 0.1045411 0.9659412 0 0.258762 0.7071108 0 0.7071027 0.7071089 0 0.7071048 0.2588545 0 0.9659163 -0.2588545 0 0.9659163 -0.7071089 0 0.7071048 -0.7071108 0 0.7071027 -0.9659147 0 0.2588606 -0.965915 0 0.2588596 -0.9659091 0 -0.258882 -0.9659093 0 -0.2588809 -0.2588545 0 -0.9659163 0.2588545 0 -0.9659163 0.9659358 0 -0.2587823 0.9659354 0 -0.2587833 0.9659415 0 0.2587609 0 1 -3.11911e-6 0 1 3.11882e-6 0 1 2.33924e-6 0 1 -2.33946e-6 -0.7051148 0.7052055 0.07415103 -0.7051177 0.7052062 -0.07411682 -0.7050964 0.7052234 -0.07415604 -0.6530181 0.699307 -0.290753 -0.6530172 0.699308 -0.2907522 -0.4783251 0.6993074 -0.5312008 -0.4783291 0.6993083 -0.5311959 -0.2208842 0.6993024 -0.6798428 -0.2208804 0.6992982 -0.6798485 0.07473957 0.6992917 -0.7109186 0.07470506 0.6993199 -0.7108945 0.3573608 0.6993384 -0.6190469 0.3574359 0.6992822 -0.619067 0.5783421 0.6992796 -0.420153 0.5783066 0.6993035 -0.420162 0.6991862 0.6993132 -0.1486603 0.6992551 0.6992551 -0.1486097 0.6992502 0.6992485 0.1486636 0.699208 0.6993063 0.1485897 0.578304 0.6993036 0.4201654 0.5783044 0.6992861 0.420194 0.3574288 0.6992846 0.6190685 0.3574346 0.6992973 0.6190508 0.07474172 0.6992906 0.7109193 0.07474321 0.6992906 0.7109193 -0.2208837 0.6992989 0.6798467 -0.2209305 0.6992635 0.6798678 -0.4783419 0.6992772 0.5312253 -0.4783038 0.6993036 0.5312249 -0.6530263 0.6993069 0.2907345 -0.6530256 0.6993073 0.2907353 -0.7051032 0.7052204 0.07412081 0.9659203 0 -0.2588397 0.9659203 0 -0.2588396 0.7071101 0 -0.7071034 0.2588686 0 -0.9659126 0.2588635 0 -0.965914 -0.2588297 0 -0.965923 -0.2588349 0 -0.9659217 -0.7071084 0 -0.7071052 -0.9659208 0 -0.2588381 -0.9659208 0 -0.258838 -0.9659144 0 0.258862 -0.9659144 0 0.2588619 -0.7071084 0 0.7071052 -0.7071056 0 0.7071081 -0.2588349 0 0.9659217 -0.2588323 0 0.9659224 0.258866 0 0.9659132 0.2588687 0 0.9659125 0.7071073 0 0.7071062 0.7071101 0 0.7071034 0.965914 0 0.2588636 0.965914 0 0.2588635 0 1 -1.36436e-6 0 1 1.36422e-6 0 1 1.81897e-6 0 1 -3.6378e-6 0 1 1.36412e-6 0 1 -1.36425e-6 0 0.2224904 -0.9749349 0 0.2224943 -0.9749341 0 0.6234862 -0.7818344 0 0.6234912 -0.7818305 0 0.9009681 -0.4338853 0 0.9009696 -0.4338822 0 0.9009681 0.4338853 0 0.9009696 0.4338822 0 0.6234862 0.7818345 0 0.6234912 0.7818304 0 0.2224904 0.9749349 0 0.2224943 0.9749341 0 -0.2224904 0.9749349 0 -0.2224943 0.9749341 0 -0.6234862 0.7818344 0 -0.6234912 0.7818305 0 -0.9009681 0.4338853 0 -0.9009696 0.4338822 0 -0.9009681 -0.4338853 0 -0.9009696 -0.4338822 0 -0.6234862 -0.7818345 0 -0.6234912 -0.7818304 0 -0.2224904 -0.9749349 0 -0.2224943 -0.9749341 -1 -2.83692e-6 0 -1 2.38217e-6 0 -1 -2.8488e-6 0 -1 1.18452e-6 0 -1 -8.78516e-7 0 -1 3.16892e-6 0 -1 -2.38217e-6 0 -1 -2.38217e-6 0 -1 2.8488e-6 0 -1 -2.36905e-6 0 -1 -2.88343e-6 0 -1 -2.30467e-6 0 -1 1.51567e-6 0 -1 2.38217e-6 0 -1 -2.8488e-6 0 -1 2.36905e-6 0 -1 2.88343e-6 0 -1 2.30467e-6 0 -1 -1.51567e-6 0 -1 2.83692e-6 0 -1 2.8488e-6 0 -1 -1.18452e-6 0 -1 8.78516e-7 0 -1 -3.16892e-6 0 -1 -1.12803e-6 0 0.03983414 0.9906581 0.1304218 0 -0.991445 -0.1305255 0 -0.9988328 0.04830318 -0.01258772 -0.9913665 0.1305152 0 -0.9839754 0.1783047 0 -0.9238744 0.3826959 0 -0.9238742 0.3826963 0 -0.7933393 0.6087799 0 -0.7933388 0.6087804 0 -0.6087799 0.7933393 0 -0.60878 0.7933392 0 -0.382696 0.9238744 0 -0.3826954 0.9238746 0 -0.1305255 0.991445 0 0.1305255 0.991445 0 0.382696 0.9238744 0 0.3826954 0.9238746 0 0.60878 0.7933392 0 0.6087799 0.7933393 0 0.7933393 0.6087799 0 0.7933388 0.6087804 0 0.9238744 0.3826959 0 0.9238742 0.3826963 0 0.9839754 0.1783047 -0.01258772 0.9913665 0.1305152 0 0.9988328 0.04830318 0 0.991445 -0.1305255 0 0.9988327 0.0483033 0 0.991445 -0.1305257 0 0.9914451 -0.1305251 0 0.9839752 0.1783057 0 0.923874 0.3826968 0 0.923875 0.3826946 0 0.7933388 0.6087805 0 0.7933403 0.6087787 0 0.60878 0.7933391 0 0.3826957 0.9238746 0 0.1305255 0.991445 0 -0.1305255 0.991445 0 -0.3826957 0.9238746 0 -0.60878 0.7933391 0 -0.7933388 0.6087805 0 -0.7933403 0.6087787 0 -0.9238747 0.3826954 0 -0.9839752 0.1783057 0.03983414 -0.9906581 0.1304218 0 -0.9988327 0.0483033 0 -0.991445 -0.1305257 0 0.991445 -0.130526 0 0.9238745 -0.3826957 0 0.7933394 -0.6087797 0 0.7933389 -0.6087803 0 0.60878 -0.7933392 0 0.3826957 -0.9238745 0 0.3826957 -0.9238745 0 0.1305255 -0.991445 0 0.1305255 -0.991445 0 -0.1305255 -0.991445 0 -0.1305255 -0.991445 0 -0.3826957 -0.9238745 0 -0.3826957 -0.9238745 0 -0.60878 -0.7933392 0 -0.7933391 -0.6087801 0 -0.7933392 -0.60878 0 -0.9238745 -0.3826957 0 -0.991445 -0.1305255 0 -0.991445 -0.1305256 0 0.1564098 -0.9876923 0 0.1564096 -0.9876923 0 0.454018 -0.8909925 0 0.4540179 -0.8909926 0 0.7071068 -0.7071068 0 0.8909924 -0.4540182 0 0.8909927 -0.4540178 0 0.9876923 -0.1564099 0 0.9876924 -0.1564095 0 0.9876924 0.1564094 0 0.9876922 0.15641 0 0.8909924 0.4540182 0 0.8909927 0.4540178 0 0.7071071 0.7071065 0 0.7071065 0.7071071 0 0.4540179 0.8909926 0 0.454018 0.8909925 0 0.1564098 0.9876923 0 0.1564096 0.9876923 0 -0.1564098 0.9876923 0 -0.1564096 0.9876923 0 -0.454018 0.8909925 0 -0.4540179 0.8909926 0 -0.7071068 0.7071068 0 -0.8909924 0.4540182 0 -0.8909927 0.4540178 0 -0.9876923 0.1564099 0 -0.9876924 0.1564095 0 -0.9876924 -0.1564094 0 -0.9876922 -0.15641 0 -0.8909924 -0.4540182 0 -0.8909927 -0.4540178 0 -0.7071071 -0.7071065 0 -0.7071065 -0.7071071 0 -0.4540179 -0.8909926 0 -0.454018 -0.8909925 0 -0.1564098 -0.9876923 0 -0.1564096 -0.9876923 0 0.2224752 0.9749383 0 0.2224755 0.9749383 0 0.6234638 0.7818523 0 0.6234638 0.7818522 0 0.9009901 0.4338398 0 0.9009899 0.43384 0 0.9009692 -0.4338833 0 0.9009693 -0.4338829 0 0.6235334 -0.7817968 0 0.6235329 -0.7817972 0 0.2224732 -0.9749388 0 0.2224736 -0.9749388 0 -0.2224732 -0.9749388 0 -0.2224736 -0.9749388 0 -0.6235333 -0.7817968 0 -0.623533 -0.7817971 0 -0.9009693 -0.4338829 0 -0.9009692 -0.4338833 0 -0.9009899 0.43384 0 -0.9009901 0.4338398 0 -0.6234638 0.7818522 0 -0.6234638 0.7818523 0 -0.2224752 0.9749383 0 -0.2224755 0.9749383 0 0.2224603 0.9749417 0 0.2224606 0.9749417 0 0.6235454 0.7817872 0 0.6235463 0.7817865 0 0.9009652 0.4338915 0 0.9009649 0.4338923 0 0.900965 -0.4338917 0 0.900965 -0.433892 0 0.6235455 -0.7817871 0 0.6235446 -0.7817879 0 0.2224613 -0.9749416 0 -0.2224613 -0.9749416 0 -0.6235454 -0.7817872 0 -0.6235446 -0.7817878 0 -0.9009652 -0.4338915 0 -0.9009649 -0.4338923 0 -0.900965 0.4338917 0 -0.900965 0.433892 0 -0.6235455 0.7817871 0 -0.6235463 0.7817865 0 -0.2224603 0.9749417 0 -0.2224606 0.9749417 0 -0.9988328 0.04830163 0 -0.9988328 0.04830372 0 -0.9988314 0.04833161 0 -0.9988314 0.04833155 0 0.9898245 0.1422937 0 0.9096395 0.4153985 0 0.9096398 0.4153981 0 0.7557501 0.6548602 0 0.7557499 0.6548605 0 0.5406538 0.8412452 0 0.5406528 0.8412458 0 0.2817227 0.9594959 0 -0.2817227 0.9594959 0 -0.5406535 0.8412454 0 -0.5406531 0.8412457 0 -0.7557499 0.6548605 0 -0.7557501 0.6548602 0 -0.9096398 0.4153981 0 -0.9096395 0.4153985 0 -0.9898245 0.1422937 0 0.9988314 0.04833155 0 0.9988314 0.04833161 0 0.9988328 0.04830372 0 0.9988328 0.04830163 -1 -8.25618e-7 0 -1 7.50431e-5 0 -1 6.28389e-7 0 -1 5.48246e-6 0 -1 1.70066e-5 0 -1 9.42605e-7 0 -1 -9.86942e-5 0 -1 5.37229e-6 0 -1 -1.71586e-5 0 -1 4.36491e-6 0 -1 -1.70066e-5 0 -1 -2.90674e-6 0 -1 -6.83277e-7 0 -1 6.49477e-7 0 -1 8.21803e-7 0 -1 1.23367e-4 0 -1 -6.61205e-6 0 -1 1.93034e-5 0 -1 -5.45613e-6 0 -1 -5.48246e-6 0 -1 3.75562e-6 0 -1 -3.75562e-6 0 -1 -1.60294e-6 0 -1 3.87881e-6 0 -1 5.47151e-6 0 -1 -7.50431e-5 0 -1 1.60294e-6 0 -1 -1.93941e-6 0 1 4.65772e-6 0 1 -1.90731e-5 0 1 4.7474e-6 0 1 -7.59566e-6 0 1 2.53646e-7 0 1 1.5856e-5 0 1 -2.57405e-6 0 1 -8.12749e-7 0 1 -1.73715e-6 0 1 1.60294e-6 0 1 2.18209e-6 0 1 -1.60294e-6 0 1 -2.18208e-6 0 1 -3.30247e-6 0 1 2.57405e-6 0 1 -4.62254e-6 0 1 4.74235e-6 0 1 6.02942e-7 0 1 5.18432e-6 0 1 -9.86942e-5 0 1 3.30603e-6 0 1 -1.71586e-5 0 1 4.36491e-6 0 1 -4.36491e-6 0 1 4.10901e-7 0 1 -1.95222e-6 0 1 5.58975e-6 0 1 -1.11339e-6 0 1 -4.10901e-7 0 1 1.71586e-5 0 1 -3.30603e-6 0 1 9.86942e-5 0 1 -5.18432e-6 0 1 -9.11238e-5 0 1 5.47151e-6 0 1 -1.49485e-6 0 1 2.54419e-6 0 1 -1.02973e-6 0 1 2.5721e-6 0 1 -1.52782e-6 0 1 5.26629e-6 0 1 -1.3505e-6 0 1 2.0652e-6 0 1 -6.37889e-7 0 1 2.05229e-6 0 1 -1.29629e-6 0 1 2.54212e-6 0 1 1.28192e-6 0 1 2.04282e-6 0 1 6.54538e-7 0 1 -2.00889e-6 0 1 6.77232e-7 0 1 -1.96151e-6 0 1 -1.98201e-6 0 1 -5.15947e-7 0 1 5.15947e-7 0 1 1.02396e-6 0 1 -2.0652e-6 0 1 -2.00037e-6 0 1 1.02973e-6 0 1 -2.54419e-6 0 1 2.05607e-6 0 1 2.58143e-6 0 1 -2.64985e-6 0 0 0.1645275 -0.9863725 0 0.1645272 -0.9863726 0 0.4759889 -0.8794513 0 0.4759883 -0.8794516 0 0.7357189 -0.677287 0 0.7357182 -0.6772878 0 0.9157453 -0.4017593 0 0.9157448 -0.4017605 0 0.9965905 -0.08250772 0 0.9965905 -0.08250761 0 0.9694049 0.2454674 0 0.9694049 0.245467 0 0.837172 0.5469397 0 0.8371722 0.5469394 0 0.6141905 0.7891579 0 0.6141883 0.7891595 0 0.3247377 0.9458042 0 0.3247376 0.9458041 0 -0.3247376 0.9458041 0 -0.3247377 0.9458042 0 -0.6141903 0.789158 0 -0.6141885 0.7891594 0 -0.8371722 0.5469394 0 -0.837172 0.5469397 0 -0.9694049 0.245467 0 -0.9694049 0.2454674 0 -0.9965905 -0.08250737 0 -0.9965905 -0.08250802 0 -0.9157453 -0.4017593 0 -0.9157448 -0.4017605 0 -0.7357189 -0.677287 0 -0.7357182 -0.6772878 0 -0.4759889 -0.8794513 0 -0.4759883 -0.8794516 0 -0.1645275 -0.9863725 0 -0.1645272 -0.9863726 1 -1.78134e-6 0 1 4.93239e-6 0 1 2.33856e-6 0 1 1.21948e-6 0 1 1.80534e-6 0 1 -8.97815e-7 0 1 -1.75191e-6 0 1 1.80113e-6 0 1 -3.50785e-6 0 1 -1.80113e-6 0 1 2.39501e-6 0 1 -1.7628e-6 0 1 8.97815e-7 0 1 -3.45439e-6 0 1 -1.80534e-6 0 1 -3.54491e-6 0 1 4.99383e-6 0 1 -3.42728e-6 0 -1 1.14158e-6 0 -1 2.96109e-6 0 -1 -3.99526e-6 0 -1 1.48992e-6 0 -1 -4.01889e-6 0 -1 -7.35806e-7 0 -1 3.99526e-6 0 -1 -1.48992e-6 0 -1 4.01889e-6 0 -1 7.35806e-7 0 -1 -7.14161e-7 0 -1 -1.14158e-6 0 -1 -2.96109e-6 0</float_array>
          <technique_common>
            <accessor source="#lf1-mesh-normals-array" count="2078" stride="3">
              <param name="X" type="float"/>
              <param name="Y" type="float"/>
              <param name="Z" type="float"/>
            </accessor>
          </technique_common>
        </source>
        <source id="lf1-mesh-map-0">
          <float_array id="lf1-mesh-map-0-array" count="18276">0.8367183 0.8799764 0.8375636 0.8808217 0.8367183 0.881667 0.8380502 0.8799764 0.8388956 0.8808217 0.8380502 0.881667 0.8393821 0.8799764 0.8402275 0.8808217 0.8393821 0.881667 0.8367183 0.8821537 0.8375636 0.882999 0.8367183 0.8838443 0.8380502 0.8821537 0.8388956 0.882999 0.8380502 0.8838443 0.8393821 0.8821537 0.8402275 0.882999 0.8393821 0.8838443 0.840714 0.8799764 0.8415594 0.8808217 0.840714 0.881667 0.840714 0.8821537 0.8415594 0.882999 0.840714 0.8838443 0.8367183 0.8843309 0.8375637 0.8851762 0.8367183 0.8860215 0.8380502 0.8843309 0.8388956 0.8851762 0.8380502 0.8860215 0.8393822 0.8843309 0.8402275 0.8851762 0.8393821 0.8860215 0.840714 0.8843309 0.8415594 0.8851762 0.840714 0.8860215 0.842046 0.8799764 0.8428913 0.8808217 0.842046 0.881667 0.842046 0.8821537 0.8428913 0.882999 0.842046 0.8838443 0.842046 0.8843309 0.8428913 0.8851762 0.842046 0.8860215 0.8433778 0.8799764 0.8442232 0.8808217 0.8433778 0.881667 0.8433778 0.8821537 0.8442232 0.882999 0.8433778 0.8838443 0.8433778 0.8843309 0.8442232 0.8851762 0.8433778 0.8860215 0.8367183 0.8865081 0.8375636 0.8873534 0.8367183 0.8881988 0.8380502 0.8865081 0.8388956 0.8873534 0.8380502 0.8881988 0.8393821 0.8865081 0.8402275 0.8873534 0.8393821 0.8881988 0.840714 0.8865081 0.8415594 0.8873534 0.840714 0.8881988 0.842046 0.8865081 0.8428913 0.8873534 0.842046 0.8881988 0.8433778 0.8865081 0.8442232 0.8873534 0.8433778 0.8881988 0.8447098 0.8799764 0.8455551 0.8808217 0.8447098 0.881667 0.8447098 0.8821537 0.8455551 0.882999 0.8447098 0.8838443 0.8447098 0.8843309 0.8455551 0.8851762 0.8447098 0.8860215 0.8447098 0.8865081 0.8455551 0.8873534 0.8447098 0.8881988 0.8460417 0.8799764 0.846887 0.8808217 0.8460417 0.881667 0.8460417 0.8821537 0.846887 0.882999 0.8460417 0.8838443 0.8460417 0.8843309 0.846887 0.8851762 0.8460417 0.8860215 0.8460417 0.8865081 0.846887 0.8873534 0.8460417 0.8881988 0.8367183 0.8886854 0.8375636 0.8895307 0.8367183 0.8903761 0.8380502 0.8886854 0.8388956 0.8895307 0.8380502 0.8903761 0.8393821 0.8886854 0.8402275 0.8895307 0.8393821 0.8903761 0.840714 0.8886854 0.8415594 0.8895307 0.840714 0.8903761 0.842046 0.8886854 0.8428913 0.8895307 0.842046 0.8903761 0.8433778 0.8886854 0.8442232 0.8895307 0.8433778 0.8903761 0.8447098 0.8886854 0.8455551 0.8895307 0.8447098 0.8903761 0.8460417 0.8886854 0.846887 0.8895307 0.8460417 0.8903761 0.8473736 0.8799764 0.8482189 0.8808217 0.8473736 0.881667 0.8473736 0.8821537 0.8482189 0.882999 0.8473736 0.8838443 0.8473736 0.8843309 0.8482189 0.8851762 0.8473736 0.8860215 0.8473736 0.8865081 0.8482189 0.8873534 0.8473736 0.8881988 0.8473736 0.8886854 0.8482189 0.8895307 0.8473736 0.8903761 0.8367183 0.8908626 0.8375636 0.891708 0.8367183 0.8925534 0.8380502 0.8908626 0.8388956 0.891708 0.8380502 0.8925534 0.8393821 0.8908626 0.8402275 0.891708 0.8393821 0.8925534 0.840714 0.8908626 0.8415594 0.891708 0.840714 0.8925534 0.842046 0.8908626 0.8428913 0.891708 0.842046 0.8925534 0.8433778 0.8908626 0.8442232 0.891708 0.8433778 0.8925534 0.8447098 0.8908626 0.8455551 0.891708 0.8447098 0.8925534 0.8460417 0.8908626 0.846887 0.891708 0.8460417 0.8925534 0.8473736 0.8908626 0.8482189 0.891708 0.8473736 0.8925534 0.8487055 0.8799764 0.8495509 0.8808217 0.8487055 0.881667 0.8487055 0.8821537 0.8495509 0.882999 0.8487055 0.8838443 0.8487055 0.8843309 0.8495509 0.8851762 0.8487055 0.8860215 0.8487055 0.8865081 0.8495509 0.8873534 0.8487055 0.8881988 0.8487055 0.8886854 0.8495509 0.8895307 0.8487055 0.8903761 0.8487055 0.8908626 0.8495509 0.891708 0.8487055 0.8925534 0.8500374 0.8799764 0.8508828 0.8808217 0.8500374 0.881667 0.8500374 0.8821537 0.8508828 0.882999 0.8500374 0.8838443 0.8500374 0.8843309 0.8508828 0.8851762 0.8500374 0.8860215 0.8500374 0.8865081 0.8508828 0.8873534 0.8500374 0.8881988 0.8500374 0.8886854 0.8508828 0.8895307 0.8500374 0.8903761 0.8500374 0.8908626 0.8508828 0.891708 0.8500374 0.8925534 0.8367183 0.8930399 0.8375637 0.8938853 0.8367183 0.8947306 0.8380502 0.8930399 0.8388956 0.8938853 0.8380502 0.8947306 0.8393821 0.8930399 0.8402275 0.8938852 0.8393822 0.8947306 0.840714 0.8930399 0.8415594 0.8938852 0.840714 0.8947306 0.842046 0.8930399 0.8428913 0.8938852 0.842046 0.8947306 0.8433778 0.8930399 0.8442232 0.8938852 0.8433778 0.8947306 0.8447098 0.8930399 0.8455551 0.8938852 0.8447098 0.8947306 0.8460417 0.8930399 0.846887 0.8938852 0.8460417 0.8947306 0.8473736 0.8930399 0.848219 0.8938853 0.8473736 0.8947306 0.8487055 0.8930399 0.8495509 0.8938852 0.8487055 0.8947306 0.8500374 0.8930399 0.8508828 0.8938852 0.8500374 0.8947306 0.8513693 0.8799764 0.8522146 0.8808217 0.8513693 0.881667 0.8513693 0.8821537 0.8522146 0.882999 0.8513693 0.8838443 0.8513693 0.8843309 0.8522146 0.8851762 0.8513693 0.8860215 0.8513693 0.8865081 0.8522146 0.8873534 0.8513693 0.8881988 0.8513693 0.8886854 0.8522146 0.8895307 0.8513693 0.8903761 0.8513693 0.8908626 0.8522146 0.891708 0.8513693 0.8925534 0.8513693 0.8930399 0.8522146 0.8938852 0.8513693 0.8947306 0.8527013 0.8799764 0.8535466 0.8808217 0.8527013 0.881667 0.8527013 0.8821537 0.8535466 0.882999 0.8527013 0.8838443 0.8527013 0.8843309 0.8535466 0.8851762 0.8527013 0.8860215 0.8527013 0.8865081 0.8535466 0.8873535 0.8527013 0.8881988 0.8527013 0.8886854 0.8535466 0.8895307 0.8527013 0.8903761 0.8527013 0.8908626 0.8535466 0.891708 0.8527013 0.8925534 0.8527013 0.8930399 0.8535466 0.8938852 0.8527013 0.8947306 0.8367183 0.8952171 0.8375636 0.8960625 0.8367183 0.8969078 0.8380502 0.8952171 0.8388956 0.8960625 0.8380502 0.8969078 0.8393821 0.8952171 0.8402275 0.8960625 0.8393821 0.8969078 0.840714 0.8952171 0.8415594 0.8960625 0.840714 0.8969078 0.842046 0.8952171 0.8428913 0.8960625 0.842046 0.8969078 0.8433778 0.8952171 0.8442232 0.8960625 0.8433778 0.8969078 0.8447098 0.8952171 0.8455551 0.8960625 0.8447098 0.8969078 0.8460417 0.8952171 0.846887 0.8960625 0.8460417 0.8969078 0.8473736 0.8952171 0.848219 0.8960625 0.8473736 0.8969078 0.8487055 0.8952171 0.8495509 0.8960625 0.8487055 0.8969078 0.8500374 0.8952171 0.8508828 0.8960625 0.8500374 0.8969078 0.8513693 0.8952171 0.8522146 0.8960625 0.8513693 0.8969078 0.8527013 0.8952171 0.8535466 0.8960625 0.8527013 0.8969078 0.8540331 0.8799764 0.8548785 0.8808217 0.8540331 0.881667 0.8540331 0.8821537 0.8548785 0.882999 0.8540331 0.8838443 0.8540331 0.8843309 0.8548785 0.8851762 0.8540331 0.8860215 0.8540331 0.8865081 0.8548785 0.8873535 0.8540331 0.8881988 0.8540331 0.8886854 0.8548785 0.8895307 0.8540331 0.8903761 0.8540331 0.8908626 0.8548785 0.891708 0.8540331 0.8925534 0.8540331 0.8930399 0.8548785 0.8938852 0.8540331 0.8947306 0.8540331 0.8952171 0.8548785 0.8960625 0.8540331 0.8969078 0.8367183 0.8973944 0.8375636 0.8982398 0.8367183 0.8990851 0.8380502 0.8973944 0.8388956 0.8982398 0.8380502 0.8990851 0.8393821 0.8973944 0.8402275 0.8982398 0.8393821 0.8990851 0.840714 0.8973944 0.8415594 0.8982398 0.840714 0.8990851 0.842046 0.8973944 0.8428913 0.8982398 0.842046 0.8990851 0.8433778 0.8973944 0.8442232 0.8982398 0.8433778 0.8990851 0.8447098 0.8973944 0.8455551 0.8982398 0.8447098 0.8990851 0.8460417 0.8973944 0.846887 0.8982398 0.8460417 0.8990851 0.8473736 0.8973944 0.848219 0.8982398 0.8473736 0.8990851 0.8487055 0.8973944 0.8495509 0.8982398 0.8487055 0.8990851 0.8500374 0.8973944 0.8508828 0.8982398 0.8500375 0.8990851 0.8513693 0.8973944 0.8522146 0.8982398 0.8513693 0.8990851 0.8527013 0.8973944 0.8535466 0.8982398 0.8527013 0.8990851 0.8540331 0.8973944 0.8548785 0.8982398 0.8540331 0.8990851 0.855365 0.8799764 0.8562104 0.8808217 0.855365 0.881667 0.855365 0.8821537 0.8562104 0.882999 0.855365 0.8838443 0.855365 0.8843309 0.8562104 0.8851762 0.855365 0.8860215 0.855365 0.8865081 0.8562104 0.8873535 0.855365 0.8881988 0.855365 0.8886854 0.8562104 0.8895307 0.855365 0.8903761 0.855365 0.8908626 0.8562104 0.891708 0.855365 0.8925534 0.855365 0.8930399 0.8562104 0.8938852 0.855365 0.8947306 0.855365 0.8952171 0.8562104 0.8960625 0.855365 0.8969078 0.855365 0.8973944 0.8562104 0.8982398 0.855365 0.8990851 0.856697 0.8799764 0.8575423 0.8808217 0.856697 0.881667 0.856697 0.8821537 0.8575423 0.882999 0.856697 0.8838443 0.856697 0.8843309 0.8575423 0.8851762 0.856697 0.8860215 0.856697 0.8865081 0.8575423 0.8873534 0.856697 0.8881988 0.856697 0.8886854 0.8575423 0.8895307 0.856697 0.8903761 0.856697 0.8908627 0.8575423 0.891708 0.856697 0.8925534 0.856697 0.8930399 0.8575423 0.8938853 0.856697 0.8947306 0.856697 0.8952171 0.8575423 0.8960625 0.856697 0.8969078 0.856697 0.8973944 0.8575423 0.8982398 0.856697 0.8990851 0.8367183 0.8995717 0.8375636 0.900417 0.8367183 0.9012624 0.8380502 0.8995717 0.8388956 0.900417 0.8380502 0.9012624 0.8393821 0.8995717 0.8402275 0.900417 0.8393821 0.9012624 0.840714 0.8995717 0.8415594 0.900417 0.840714 0.9012624 0.842046 0.8995717 0.8428913 0.900417 0.842046 0.9012624 0.8433778 0.8995717 0.8442232 0.900417 0.8433778 0.9012624 0.8447098 0.8995717 0.8455551 0.900417 0.8447098 0.9012624 0.8460417 0.8995717 0.846887 0.900417 0.8460417 0.9012624 0.8473736 0.8995717 0.848219 0.900417 0.8473736 0.9012624 0.8487055 0.8995717 0.8495509 0.900417 0.8487055 0.9012624 0.8500375 0.8995717 0.8508828 0.900417 0.8500375 0.9012624 0.8513693 0.8995717 0.8522146 0.900417 0.8513693 0.9012624 0.8527013 0.8995717 0.8535466 0.900417 0.8527013 0.9012624 0.8540331 0.8995717 0.8548785 0.900417 0.8540331 0.9012624 0.855365 0.8995717 0.8562104 0.900417 0.855365 0.9012624 0.856697 0.8995717 0.8575423 0.900417 0.856697 0.9012624 0.8580289 0.8799764 0.8588742 0.8808217 0.8580289 0.881667 0.8580289 0.8821537 0.8588742 0.882999 0.8580289 0.8838443 0.8580289 0.8843309 0.8588742 0.8851762 0.8580289 0.8860215 0.8580289 0.8865081 0.8588742 0.8873534 0.8580289 0.8881988 0.8580289 0.8886854 0.8588742 0.8895307 0.8580289 0.8903761 0.8580289 0.8908627 0.8588742 0.891708 0.8580289 0.8925534 0.8580289 0.8930399 0.8588742 0.8938852 0.8580289 0.8947306 0.8580289 0.8952171 0.8588742 0.8960625 0.8580289 0.8969078 0.8580289 0.8973944 0.8588742 0.8982398 0.8580289 0.8990851 0.8580289 0.8995717 0.8588742 0.900417 0.8580289 0.9012624 0.8367183 0.9017489 0.8375636 0.9025942 0.8367183 0.9034396 0.8380502 0.9017489 0.8388956 0.9025942 0.8380502 0.9034396 0.8393821 0.9017489 0.8402275 0.9025942 0.8393821 0.9034396 0.840714 0.9017489 0.8415594 0.9025942 0.840714 0.9034396 0.842046 0.9017489 0.8428913 0.9025942 0.842046 0.9034396 0.8433778 0.9017489 0.8442232 0.9025942 0.8433778 0.9034396 0.8447098 0.9017489 0.8455551 0.9025942 0.8447098 0.9034396 0.8460417 0.9017489 0.846887 0.9025942 0.8460417 0.9034396 0.8473736 0.9017489 0.848219 0.9025942 0.8473736 0.9034396 0.8487055 0.9017489 0.8495509 0.9025942 0.8487055 0.9034396 0.8500374 0.9017489 0.8508828 0.9025942 0.8500374 0.9034396 0.8513693 0.9017489 0.8522146 0.9025942 0.8513693 0.9034396 0.8527013 0.9017489 0.8535466 0.9025942 0.8527013 0.9034396 0.8540331 0.9017489 0.8548785 0.9025942 0.8540331 0.9034396 0.855365 0.9017489 0.8562104 0.9025942 0.855365 0.9034396 0.856697 0.9017489 0.8575423 0.9025942 0.856697 0.9034396 0.8580289 0.9017489 0.8588742 0.9025942 0.8580289 0.9034396 0.8593608 0.8799764 0.8602061 0.8808217 0.8593608 0.881667 0.8593608 0.8821537 0.8602061 0.882999 0.8593608 0.8838443 0.8593608 0.8843309 0.8602061 0.8851762 0.8593608 0.8860215 0.8593608 0.8865081 0.8602061 0.8873534 0.8593608 0.8881988 0.8593608 0.8886854 0.8602061 0.8895307 0.8593608 0.8903761 0.8593608 0.8908626 0.8602061 0.891708 0.8593608 0.8925534 0.8593608 0.8930399 0.8602061 0.8938853 0.8593608 0.8947306 0.8593608 0.8952171 0.8602061 0.8960625 0.8593608 0.8969078 0.8593608 0.8973944 0.8602061 0.8982398 0.8593608 0.8990851 0.8593608 0.8995717 0.8602061 0.900417 0.8593608 0.9012624 0.8593608 0.9017489 0.8602061 0.9025942 0.8593608 0.9034396 0.8606927 0.8799764 0.8615381 0.8808217 0.8606927 0.881667 0.8606927 0.8821537 0.8615381 0.882999 0.8606927 0.8838443 0.8606927 0.8843309 0.8615381 0.8851762 0.8606927 0.8860215 0.8606927 0.8865081 0.8615381 0.8873534 0.8606927 0.8881988 0.8606927 0.8886854 0.8615381 0.8895307 0.8606927 0.8903761 0.8606927 0.8908627 0.8615381 0.891708 0.8606927 0.8925534 0.8606927 0.8930399 0.8615381 0.8938852 0.8606927 0.8947306 0.8606927 0.8952171 0.8615381 0.8960625 0.8606927 0.8969078 0.8606927 0.8973944 0.8615381 0.8982398 0.8606927 0.8990851 0.8606927 0.8995717 0.8615381 0.900417 0.8606927 0.9012624 0.8606927 0.9017489 0.8615381 0.9025942 0.8606927 0.9034396 0.8367183 0.9039262 0.8375636 0.9047715 0.8367183 0.9056169 0.8380502 0.9039262 0.8388956 0.9047715 0.8380502 0.9056169 0.8393821 0.9039262 0.8402275 0.9047715 0.8393821 0.9056169 0.840714 0.9039262 0.8415594 0.9047715 0.840714 0.9056169 0.842046 0.9039262 0.8428913 0.9047715 0.842046 0.9056169 0.8433778 0.9039262 0.8442232 0.9047715 0.8433778 0.9056169 0.8447098 0.9039262 0.8455551 0.9047715 0.8447098 0.9056169 0.8460417 0.9039262 0.846887 0.9047715 0.8460417 0.9056169 0.8473736 0.9039262 0.848219 0.9047715 0.8473736 0.9056169 0.8487055 0.9039262 0.8495509 0.9047715 0.8487055 0.9056169 0.8500375 0.9039262 0.8508828 0.9047715 0.8500375 0.9056169 0.8513693 0.9039262 0.8522146 0.9047715 0.8513693 0.9056169 0.8527013 0.9039262 0.8535466 0.9047715 0.8527013 0.9056169 0.8540331 0.9039262 0.8548785 0.9047715 0.8540331 0.9056169 0.855365 0.9039262 0.8562104 0.9047715 0.855365 0.9056169 0.856697 0.9039262 0.8575423 0.9047715 0.856697 0.9056169 0.8580289 0.9039262 0.8588742 0.9047715 0.8580289 0.9056169 0.8593608 0.9039262 0.8602061 0.9047715 0.8593608 0.9056169 0.8606927 0.9039262 0.8615381 0.9047715 0.8606927 0.9056169 0.8620246 0.8799764 0.86287 0.8808217 0.8620246 0.881667 0.8620246 0.8821537 0.86287 0.882999 0.8620246 0.8838443 0.8620246 0.8843309 0.86287 0.8851762 0.8620246 0.8860215 0.8620246 0.8865081 0.86287 0.8873534 0.8620246 0.8881988 0.8620246 0.8886854 0.8628699 0.8895307 0.8620246 0.8903761 0.8620246 0.8908627 0.86287 0.891708 0.8620246 0.8925534 0.8620246 0.8930399 0.86287 0.8938853 0.8620246 0.8947306 0.8620246 0.8952171 0.86287 0.8960625 0.8620246 0.8969078 0.8620246 0.8973944 0.86287 0.8982398 0.8620246 0.8990851 0.8620246 0.8995717 0.8628699 0.900417 0.8620246 0.9012624 0.8620246 0.9017489 0.86287 0.9025942 0.8620246 0.9034396 0.8620246 0.9039262 0.8628699 0.9047715 0.8620246 0.9056169 0.8633565 0.8799764 0.8642019 0.8808217 0.8633565 0.881667 0.8633565 0.8821537 0.8642019 0.882999 0.8633565 0.8838443 0.8633565 0.8843308 0.8642019 0.8851762 0.8633565 0.8860216 0.8633565 0.8865081 0.8642019 0.8873534 0.8633565 0.8881988 0.8633565 0.8886854 0.8642019 0.8895307 0.8633565 0.8903761 0.8633565 0.8908627 0.8642019 0.891708 0.8633565 0.8925534 0.8633565 0.8930399 0.8642019 0.8938852 0.8633565 0.8947306 0.8633565 0.8952171 0.8642019 0.8960625 0.8633565 0.8969078 0.8633565 0.8973944 0.8642019 0.8982398 0.8633565 0.8990851 0.8633565 0.8995717 0.8642019 0.900417 0.8633565 0.9012624 0.8633565 0.9017489 0.8642019 0.9025942 0.8633565 0.9034396 0.8633565 0.9039262 0.8642019 0.9047715 0.8633565 0.9056169 0.8367183 0.9061034 0.8375636 0.9069488 0.8367183 0.9077941 0.8380502 0.9061034 0.8388956 0.9069488 0.8380502 0.9077941 0.8393821 0.9061034 0.8402275 0.9069488 0.8393821 0.9077941 0.840714 0.9061034 0.8415594 0.9069488 0.840714 0.9077941 0.842046 0.9061034 0.8428913 0.9069488 0.842046 0.9077941 0.8433778 0.9061034 0.8442232 0.9069488 0.8433778 0.9077941 0.8447098 0.9061034 0.8455551 0.9069488 0.8447098 0.9077941 0.8460417 0.9061034 0.846887 0.9069488 0.8460417 0.9077941 0.8473736 0.9061034 0.8482189 0.9069488 0.8473736 0.9077941 0.8487055 0.9061034 0.8495509 0.9069488 0.8487055 0.9077941 0.8500375 0.9061034 0.8508828 0.9069488 0.8500375 0.9077941 0.8513693 0.9061034 0.8522146 0.9069488 0.8513693 0.9077941 0.8527013 0.9061034 0.8535466 0.9069488 0.8527013 0.9077941 0.8540331 0.9061034 0.8548785 0.9069488 0.8540331 0.9077941 0.855365 0.9061034 0.8562104 0.9069488 0.855365 0.9077941 0.856697 0.9061034 0.8575423 0.9069488 0.856697 0.9077941 0.8580289 0.9061034 0.8588742 0.9069488 0.8580289 0.9077941 0.8593608 0.9061034 0.8602061 0.9069488 0.8593608 0.9077941 0.8606927 0.9061034 0.8615381 0.9069488 0.8606927 0.9077941 0.8620246 0.9061034 0.8628699 0.9069488 0.8620246 0.9077941 0.8633565 0.9061034 0.8642019 0.9069488 0.8633565 0.9077941 0.8646885 0.8799764 0.8655338 0.8808217 0.8646885 0.881667 0.8646885 0.8821537 0.8655338 0.882999 0.8646885 0.8838443 0.8646885 0.8843309 0.8655338 0.8851762 0.8646885 0.8860215 0.8646885 0.8865081 0.8655338 0.8873534 0.8646885 0.8881988 0.8646885 0.8886854 0.8655338 0.8895307 0.8646885 0.8903761 0.8646884 0.8908626 0.8655338 0.891708 0.8646884 0.8925534 0.8646884 0.8930399 0.8655338 0.8938853 0.8646884 0.8947306 0.8646884 0.8952171 0.8655338 0.8960625 0.8646884 0.8969078 0.8646884 0.8973944 0.8655338 0.8982398 0.8646884 0.8990851 0.8646885 0.8995717 0.8655338 0.900417 0.8646885 0.9012624 0.8646884 0.9017489 0.8655338 0.9025942 0.8646884 0.9034396 0.8646885 0.9039262 0.8655338 0.9047715 0.8646885 0.9056169 0.8646885 0.9061034 0.8655338 0.9069488 0.8646885 0.9077941 0.8367183 0.9082807 0.8375636 0.9091261 0.8367183 0.9099714 0.8380502 0.9082807 0.8388956 0.9091261 0.8380502 0.9099714 0.8393821 0.9082807 0.8402275 0.9091261 0.8393821 0.9099714 0.840714 0.9082807 0.8415594 0.9091261 0.840714 0.9099714 0.842046 0.9082807 0.8428913 0.9091261 0.842046 0.9099714 0.8433778 0.9082807 0.8442232 0.9091261 0.8433778 0.9099714 0.8447098 0.9082807 0.8455551 0.9091261 0.8447098 0.9099714 0.8460417 0.9082807 0.846887 0.9091261 0.8460417 0.9099714 0.8473736 0.9082807 0.8482189 0.9091261 0.8473736 0.9099714 0.8487055 0.9082807 0.8495509 0.9091261 0.8487055 0.9099714 0.8500375 0.9082807 0.8508828 0.9091261 0.8500375 0.9099714 0.8513693 0.9082807 0.8522146 0.9091261 0.8513693 0.9099714 0.8527013 0.9082807 0.8535466 0.9091261 0.8527013 0.9099714 0.8540331 0.9082807 0.8548785 0.9091261 0.8540331 0.9099714 0.855365 0.9082807 0.8562104 0.9091261 0.855365 0.9099714 0.856697 0.9082807 0.8575423 0.9091261 0.856697 0.9099714 0.8580289 0.9082807 0.8588742 0.9091261 0.8580289 0.9099714 0.8593608 0.9082807 0.8602061 0.9091261 0.8593608 0.9099714 0.8606927 0.9082807 0.8615381 0.9091261 0.8606927 0.9099714 0.8620246 0.9082807 0.8628699 0.9091261 0.8620246 0.9099714 0.8633565 0.9082807 0.8642019 0.9091261 0.8633565 0.9099714 0.8646884 0.9082807 0.8655338 0.9091261 0.8646884 0.9099714 0.8660203 0.8799764 0.8668657 0.8808217 0.8660203 0.881667 0.8660203 0.8821537 0.8668657 0.882999 0.8660203 0.8838443 0.8660203 0.8843309 0.8668657 0.8851762 0.8660203 0.8860215 0.8660203 0.8865081 0.8668657 0.8873534 0.8660203 0.8881988 0.8660203 0.8886854 0.8668657 0.8895307 0.8660203 0.8903761 0.8660203 0.8908626 0.8668657 0.891708 0.8660203 0.8925534 0.8660203 0.8930399 0.8668657 0.8938853 0.8660203 0.8947306 0.8660203 0.8952171 0.8668657 0.8960625 0.8660203 0.8969078 0.8660203 0.8973944 0.8668657 0.8982398 0.8660203 0.8990851 0.8660203 0.8995717 0.8668657 0.900417 0.8660203 0.9012624 0.8660203 0.9017489 0.8668657 0.9025942 0.8660203 0.9034396 0.8660203 0.9039262 0.8668657 0.9047715 0.8660203 0.9056169 0.8660203 0.9061034 0.8668657 0.9069488 0.8660203 0.9077941 0.8660203 0.9082807 0.8668657 0.9091261 0.8660203 0.9099714 0.8673523 0.8799764 0.8681976 0.8808217 0.8673523 0.881667 0.8673523 0.8821537 0.8681976 0.882999 0.8673523 0.8838443 0.8673523 0.8843309 0.8681976 0.8851762 0.8673523 0.8860215 0.8673523 0.8865081 0.8681976 0.8873534 0.8673523 0.8881988 0.8673523 0.8886854 0.8681976 0.8895307 0.8673523 0.8903761 0.8673523 0.8908626 0.8681976 0.891708 0.8673523 0.8925534 0.8673523 0.8930399 0.8681976 0.8938853 0.8673523 0.8947306 0.8673523 0.8952171 0.8681976 0.8960625 0.8673523 0.8969078 0.8673523 0.8973944 0.8681976 0.8982398 0.8673523 0.8990851 0.8673523 0.8995717 0.8681976 0.900417 0.8673523 0.9012624 0.8673523 0.9017489 0.8681976 0.9025942 0.8673523 0.9034396 0.8673523 0.9039262 0.8681976 0.9047715 0.8673523 0.9056169 0.8673523 0.9061034 0.8681976 0.9069488 0.8673523 0.9077941 0.8673523 0.9082807 0.8681976 0.9091261 0.8673523 0.9099714 0.8367183 0.9104579 0.8375636 0.9113033 0.8367183 0.9121486 0.8380502 0.9104579 0.8388956 0.9113033 0.8380502 0.9121486 0.8393821 0.9104579 0.8402275 0.9113033 0.8393821 0.9121486 0.840714 0.9104579 0.8415594 0.9113033 0.840714 0.9121486 0.842046 0.9104579 0.8428913 0.9113033 0.842046 0.9121486 0.8433778 0.9104579 0.8442232 0.9113033 0.8433778 0.9121486 0.8447098 0.9104579 0.8455551 0.9113033 0.8447098 0.9121486 0.8460417 0.9104579 0.846887 0.9113033 0.8460417 0.9121486 0.8473736 0.9104579 0.8482189 0.9113033 0.8473736 0.9121486 0.8487055 0.9104579 0.8495509 0.9113033 0.8487055 0.9121486 0.8500375 0.9104579 0.8508828 0.9113033 0.8500375 0.9121486 0.8513693 0.9104579 0.8522146 0.9113033 0.8513693 0.9121486 0.8527013 0.9104579 0.8535466 0.9113033 0.8527013 0.9121486 0.8540331 0.9104579 0.8548785 0.9113033 0.8540331 0.9121486 0.855365 0.9104579 0.8562104 0.9113033 0.855365 0.9121486 0.856697 0.9104579 0.8575423 0.9113033 0.856697 0.9121486 0.8580289 0.9104579 0.8588742 0.9113033 0.8580289 0.9121486 0.8593608 0.9104579 0.8602061 0.9113033 0.8593608 0.9121486 0.8606927 0.9104579 0.8615381 0.9113033 0.8606927 0.9121486 0.8620246 0.9104579 0.8628699 0.9113033 0.8620246 0.9121486 0.8633565 0.9104579 0.8642019 0.9113033 0.8633565 0.9121486 0.8646884 0.9104579 0.8655338 0.9113033 0.8646884 0.9121486 0.8660203 0.9104579 0.8668657 0.9113033 0.8660203 0.9121486 0.8673523 0.9104579 0.8681976 0.9113033 0.8673523 0.9121486 0.8686842 0.8799764 0.8695295 0.8808217 0.8686842 0.881667 0.8686842 0.8821537 0.8695295 0.882999 0.8686842 0.8838443 0.8686842 0.8843309 0.8695295 0.8851762 0.8686842 0.8860215 0.8686842 0.8865081 0.8695295 0.8873534 0.8686842 0.8881988 0.8686842 0.8886854 0.8695295 0.8895307 0.8686842 0.8903761 0.8686842 0.8908626 0.8695295 0.891708 0.8686842 0.8925534 0.8686842 0.8930399 0.8695295 0.8938853 0.8686842 0.8947306 0.8686842 0.8952171 0.8695295 0.8960625 0.8686842 0.8969078 0.8686842 0.8973944 0.8695295 0.8982398 0.8686842 0.8990851 0.8686842 0.8995717 0.8695295 0.900417 0.8686842 0.9012624 0.8686842 0.9017489 0.8695295 0.9025942 0.8686842 0.9034396 0.8686842 0.9039262 0.8695295 0.9047715 0.8686842 0.9056169 0.8686842 0.9061034 0.8695295 0.9069488 0.8686842 0.9077941 0.8686842 0.9082807 0.8695295 0.9091261 0.8686842 0.9099714 0.8686842 0.9104579 0.8695295 0.9113033 0.8686842 0.9121486 0.8700161 0.8799764 0.8708614 0.8808217 0.8700161 0.881667 0.8700161 0.8821537 0.8708614 0.882999 0.8700161 0.8838443 0.8700161 0.8843309 0.8708614 0.8851762 0.8700161 0.8860215 0.8700161 0.8865081 0.8708614 0.8873534 0.8700161 0.8881988 0.8700161 0.8886854 0.8708614 0.8895307 0.8700161 0.8903761 0.8700161 0.8908626 0.8708614 0.891708 0.8700161 0.8925534 0.8700161 0.8930399 0.8708614 0.8938853 0.8700161 0.8947306 0.8700161 0.8952171 0.8708614 0.8960625 0.8700161 0.8969078 0.8700161 0.8973944 0.8708614 0.8982398 0.8700161 0.8990851 0.8700161 0.8995717 0.8708614 0.900417 0.8700161 0.9012624 0.8700161 0.9017489 0.8708614 0.9025942 0.8700161 0.9034396 0.8700161 0.9039262 0.8708614 0.9047715 0.8700161 0.9056169 0.8700161 0.9061034 0.8708614 0.9069488 0.8700161 0.9077941 0.8700161 0.9082807 0.8708614 0.9091261 0.8700161 0.9099714 0.8700161 0.9104579 0.8708614 0.9113033 0.8700161 0.9121486 0.8367183 0.9126352 0.8375637 0.9134805 0.8367183 0.9143259 0.8380502 0.9126352 0.8388956 0.9134805 0.8380502 0.9143259 0.8393821 0.9126352 0.8402275 0.9134805 0.8393821 0.9143259 0.840714 0.9126352 0.8415594 0.9134805 0.840714 0.9143259 0.842046 0.9126352 0.8428913 0.9134805 0.842046 0.9143259 0.8433778 0.9126352 0.8442232 0.9134805 0.8433778 0.9143259 0.8447098 0.9126352 0.8455551 0.9134805 0.8447098 0.9143259 0.8460417 0.9126352 0.846887 0.9134805 0.8460417 0.9143259 0.8473736 0.9126352 0.8482189 0.9134805 0.8473736 0.9143259 0.8487055 0.9126352 0.8495509 0.9134805 0.8487055 0.9143259 0.8500375 0.9126352 0.8508828 0.9134805 0.8500375 0.9143259 0.8513693 0.9126352 0.8522146 0.9134805 0.8513693 0.9143259 0.8527013 0.9126352 0.8535466 0.9134805 0.8527013 0.9143259 0.8540331 0.9126352 0.8548785 0.9134805 0.8540331 0.9143259 0.855365 0.9126352 0.8562104 0.9134805 0.855365 0.9143259 0.856697 0.9126352 0.8575423 0.9134805 0.856697 0.9143259 0.8580289 0.9126352 0.8588742 0.9134805 0.8580289 0.9143259 0.8593608 0.9126352 0.8602061 0.9134805 0.8593608 0.9143259 0.8606927 0.9126352 0.8615381 0.9134805 0.8606927 0.9143259 0.8620246 0.9126352 0.86287 0.9134805 0.8620246 0.9143259 0.8633565 0.9126352 0.8642019 0.9134805 0.8633565 0.9143259 0.8646884 0.9126352 0.8655338 0.9134805 0.8646884 0.9143259 0.8660203 0.9126352 0.8668657 0.9134805 0.8660203 0.9143259 0.8673523 0.9126352 0.8681976 0.9134805 0.8673523 0.9143259 0.8686842 0.9126352 0.8695295 0.9134805 0.8686842 0.9143259 0.8700161 0.9126352 0.8708614 0.9134805 0.8700161 0.9143259 0.871348 0.8799764 0.8721933 0.8808217 0.871348 0.881667 0.871348 0.8821537 0.8721933 0.882999 0.871348 0.8838443 0.871348 0.8843309 0.8721933 0.8851762 0.871348 0.8860215 0.871348 0.8865081 0.8721933 0.8873534 0.871348 0.8881988 0.871348 0.8886854 0.8721933 0.8895307 0.871348 0.8903761 0.871348 0.8908626 0.8721933 0.891708 0.871348 0.8925534 0.871348 0.8930399 0.8721933 0.8938853 0.871348 0.8947306 0.871348 0.8952171 0.8721933 0.8960625 0.871348 0.8969078 0.871348 0.8973944 0.8721933 0.8982398 0.871348 0.8990851 0.871348 0.8995717 0.8721933 0.900417 0.871348 0.9012624 0.871348 0.9017489 0.8721933 0.9025942 0.871348 0.9034396 0.871348 0.9039262 0.8721933 0.9047715 0.871348 0.9056169 0.871348 0.9061034 0.8721933 0.9069488 0.871348 0.9077941 0.871348 0.9082807 0.8721933 0.9091261 0.871348 0.9099714 0.871348 0.9104579 0.8721933 0.9113033 0.871348 0.9121486 0.871348 0.9126352 0.8721933 0.9134805 0.871348 0.9143259 0.8367183 0.9148125 0.8375636 0.9156578 0.8367183 0.9165031 0.8380502 0.9148125 0.8388956 0.9156578 0.8380502 0.9165031 0.8393821 0.9148125 0.8402275 0.9156578 0.8393821 0.9165032 0.840714 0.9148125 0.8415594 0.9156578 0.840714 0.9165032 0.842046 0.9148125 0.8428913 0.9156578 0.842046 0.9165032 0.8433778 0.9148125 0.8442232 0.9156578 0.8433778 0.9165032 0.8447098 0.9148125 0.8455551 0.9156578 0.8447098 0.9165032 0.8460417 0.9148125 0.846887 0.9156578 0.8460417 0.9165032 0.8473736 0.9148125 0.848219 0.9156578 0.8473736 0.9165032 0.8487055 0.9148125 0.8495509 0.9156578 0.8487055 0.9165032 0.8500375 0.9148125 0.8508828 0.9156578 0.8500375 0.9165032 0.8513693 0.9148125 0.8522146 0.9156578 0.8513693 0.9165032 0.8527013 0.9148125 0.8535466 0.9156578 0.8527013 0.9165031 0.8540331 0.9148125 0.8548785 0.9156578 0.8540331 0.9165032 0.855365 0.9148125 0.8562104 0.9156578 0.855365 0.9165031 0.856697 0.9148125 0.8575423 0.9156578 0.856697 0.9165032 0.8580289 0.9148125 0.8588742 0.9156578 0.8580289 0.9165032 0.8593608 0.9148125 0.8602061 0.9156578 0.8593608 0.9165031 0.8606927 0.9148125 0.8615381 0.9156578 0.8606927 0.9165032 0.8620246 0.9148125 0.8628699 0.9156578 0.8620246 0.9165032 0.8633565 0.9148125 0.8642019 0.9156578 0.8633565 0.9165032 0.8646885 0.9148125 0.8655338 0.9156578 0.8646885 0.9165032 0.8660203 0.9148125 0.8668657 0.9156578 0.8660203 0.9165031 0.8673523 0.9148125 0.8681976 0.9156578 0.8673523 0.9165032 0.8686842 0.9148125 0.8695295 0.9156578 0.8686842 0.9165032 0.8700161 0.9148125 0.8708614 0.9156578 0.8700161 0.9165031 0.871348 0.9148125 0.8721933 0.9156578 0.871348 0.9165032 0.8726799 0.8799764 0.8735253 0.8808217 0.8726799 0.881667 0.8726799 0.8821537 0.8735253 0.882999 0.8726799 0.8838443 0.8726799 0.8843309 0.8735253 0.8851762 0.8726799 0.8860215 0.8726799 0.8865081 0.8735253 0.8873534 0.8726799 0.8881988 0.8726799 0.8886854 0.8735253 0.8895307 0.8726799 0.8903761 0.8726799 0.8908626 0.8735253 0.891708 0.8726799 0.8925534 0.8726799 0.8930399 0.8735253 0.8938853 0.8726799 0.8947306 0.8726799 0.8952171 0.8735253 0.8960625 0.8726799 0.8969078 0.8726799 0.8973944 0.8735253 0.8982398 0.8726799 0.8990851 0.8726799 0.8995717 0.8735253 0.900417 0.8726799 0.9012624 0.8726799 0.9017489 0.8735253 0.9025942 0.8726799 0.9034396 0.8726799 0.9039262 0.8735253 0.9047715 0.8726799 0.9056169 0.8726799 0.9061034 0.8735253 0.9069488 0.8726799 0.9077941 0.8726799 0.9082807 0.8735253 0.9091261 0.8726799 0.9099714 0.8726799 0.9104579 0.8735253 0.9113033 0.8726799 0.9121486 0.8726799 0.9126352 0.8735253 0.9134805 0.8726799 0.9143259 0.8726799 0.9148125 0.8735253 0.9156578 0.8726799 0.9165031 0.8740118 0.8799764 0.8748571 0.8808217 0.8740118 0.881667 0.8740118 0.8821537 0.8748571 0.882999 0.8740118 0.8838443 0.8740118 0.8843309 0.8748571 0.8851762 0.8740118 0.8860215 0.8740118 0.8865081 0.8748571 0.8873534 0.8740118 0.8881988 0.8740118 0.8886854 0.8748571 0.8895307 0.8740118 0.8903761 0.8740118 0.8908626 0.8748571 0.891708 0.8740118 0.8925534 0.8740118 0.8930399 0.8748571 0.8938853 0.8740118 0.8947306 0.8740118 0.8952171 0.8748571 0.8960625 0.8740118 0.8969078 0.8740118 0.8973944 0.8748571 0.8982398 0.8740118 0.8990851 0.8740118 0.8995717 0.8748571 0.900417 0.8740118 0.9012624 0.8740118 0.9017489 0.8748571 0.9025942 0.8740118 0.9034396 0.8740118 0.9039262 0.8748571 0.9047715 0.8740118 0.9056169 0.8740118 0.9061034 0.8748571 0.9069488 0.8740118 0.9077941 0.8740118 0.9082807 0.8748571 0.9091261 0.8740118 0.9099714 0.8740118 0.9104579 0.8748571 0.9113033 0.8740118 0.9121486 0.8740118 0.9126352 0.8748571 0.9134805 0.8740118 0.9143259 0.8740118 0.9148125 0.8748571 0.9156578 0.8740118 0.9165032 0.8367183 0.9169897 0.8375636 0.917835 0.8367183 0.9186804 0.8380502 0.9169897 0.8388956 0.917835 0.8380502 0.9186804 0.8393821 0.9169897 0.8402275 0.917835 0.8393821 0.9186804 0.840714 0.9169897 0.8415594 0.917835 0.840714 0.9186804 0.842046 0.9169897 0.8428913 0.917835 0.842046 0.9186804 0.8433778 0.9169897 0.8442232 0.917835 0.8433778 0.9186804 0.8447098 0.9169897 0.8455551 0.917835 0.8447098 0.9186804 0.8460417 0.9169897 0.846887 0.917835 0.8460417 0.9186804 0.8473736 0.9169897 0.8482189 0.917835 0.8473736 0.9186804 0.8487055 0.9169897 0.8495509 0.917835 0.8487055 0.9186804 0.8500375 0.9169897 0.8508828 0.917835 0.8500375 0.9186804 0.8513693 0.9169897 0.8522146 0.917835 0.8513693 0.9186804 0.8527013 0.9169897 0.8535466 0.917835 0.8527013 0.9186804 0.8540331 0.9169897 0.8548785 0.917835 0.8540331 0.9186804 0.855365 0.9169897 0.8562104 0.917835 0.855365 0.9186804 0.856697 0.9169897 0.8575423 0.917835 0.856697 0.9186804 0.8580289 0.9169897 0.8588742 0.917835 0.8580289 0.9186804 0.8593608 0.9169897 0.8602061 0.917835 0.8593608 0.9186804 0.8606927 0.9169897 0.8615381 0.917835 0.8606927 0.9186804 0.8620246 0.9169897 0.8628699 0.917835 0.8620246 0.9186804 0.8633565 0.9169897 0.8642019 0.917835 0.8633565 0.9186804 0.8646884 0.9169897 0.8655338 0.917835 0.8646884 0.9186804 0.8660203 0.9169897 0.8668657 0.917835 0.8660203 0.9186804 0.8673523 0.9169897 0.8681976 0.917835 0.8673523 0.9186804 0.8686842 0.9169897 0.8695295 0.917835 0.8686842 0.9186804 0.8700161 0.9169897 0.8708614 0.917835 0.8700161 0.9186804 0.871348 0.9169897 0.8721933 0.917835 0.871348 0.9186804 0.8726799 0.9169897 0.8735253 0.917835 0.8726799 0.9186804 0.8740118 0.9169897 0.8748571 0.917835 0.8740118 0.9186804 0.8753437 0.8799764 0.8761891 0.8808217 0.8753437 0.881667 0.8753437 0.8821537 0.8761891 0.882999 0.8753437 0.8838443 0.8753437 0.8843309 0.8761891 0.8851762 0.8753437 0.8860215 0.8753437 0.8865081 0.8761891 0.8873534 0.8753437 0.8881988 0.8753437 0.8886854 0.8761891 0.8895307 0.8753437 0.8903761 0.8753437 0.8908626 0.8761891 0.891708 0.8753437 0.8925534 0.8753437 0.8930399 0.8761891 0.8938853 0.8753437 0.8947306 0.8753437 0.8952171 0.8761891 0.8960625 0.8753437 0.8969078 0.8753437 0.8973944 0.8761891 0.8982398 0.8753437 0.8990851 0.8753437 0.8995717 0.8761891 0.900417 0.8753437 0.9012624 0.8753437 0.9017489 0.8761891 0.9025942 0.8753437 0.9034396 0.8753437 0.9039262 0.8761891 0.9047715 0.8753437 0.9056169 0.8753437 0.9061034 0.8761891 0.9069488 0.8753437 0.9077941 0.8753437 0.9082807 0.8761891 0.9091261 0.8753437 0.9099714 0.8753437 0.9104579 0.8761891 0.9113033 0.8753437 0.9121486 0.8753437 0.9126352 0.8761891 0.9134805 0.8753437 0.9143259 0.8753437 0.9148125 0.8761891 0.9156578 0.8753437 0.9165032 0.8753437 0.9169897 0.8761891 0.917835 0.8753437 0.9186804 0.8766756 0.8799764 0.877521 0.8808217 0.8766756 0.881667 0.8766756 0.8821537 0.877521 0.882999 0.8766756 0.8838443 0.8766756 0.8843309 0.877521 0.8851762 0.8766756 0.8860216 0.8766756 0.8865081 0.877521 0.8873535 0.8766756 0.8881988 0.8766756 0.8886854 0.877521 0.8895307 0.8766756 0.8903761 0.8766756 0.8908626 0.877521 0.891708 0.8766756 0.8925533 0.8766756 0.8930399 0.877521 0.8938853 0.8766756 0.8947306 0.8766756 0.8952171 0.877521 0.8960625 0.8766756 0.8969078 0.8766756 0.8973944 0.877521 0.8982398 0.8766756 0.8990851 0.8766756 0.8995717 0.877521 0.900417 0.8766756 0.9012624 0.8766756 0.9017489 0.877521 0.9025942 0.8766756 0.9034396 0.8766756 0.9039262 0.877521 0.9047715 0.8766756 0.9056169 0.8766756 0.9061034 0.877521 0.9069488 0.8766756 0.9077941 0.8766756 0.9082807 0.877521 0.9091261 0.8766756 0.9099714 0.8766756 0.9104579 0.877521 0.9113033 0.8766756 0.9121486 0.8766756 0.9126352 0.877521 0.9134805 0.8766756 0.9143259 0.8766756 0.9148125 0.877521 0.9156578 0.8766756 0.9165032 0.8766756 0.9169897 0.877521 0.917835 0.8766756 0.9186804 0.8367183 0.9191669 0.8375636 0.9200123 0.8367183 0.9208576 0.8380502 0.9191669 0.8388956 0.9200123 0.8380502 0.9208576 0.8393821 0.9191669 0.8402275 0.9200123 0.8393821 0.9208576 0.840714 0.9191669 0.8415594 0.9200123 0.840714 0.9208576 0.842046 0.9191669 0.8428913 0.9200123 0.842046 0.9208576 0.8433778 0.9191669 0.8442232 0.9200123 0.8433778 0.9208576 0.8447098 0.9191669 0.8455551 0.9200123 0.8447098 0.9208576 0.8460417 0.9191669 0.846887 0.9200123 0.8460417 0.9208576 0.8473736 0.9191669 0.8482189 0.9200123 0.8473736 0.9208576 0.8487055 0.9191669 0.8495509 0.9200123 0.8487055 0.9208576 0.8500375 0.9191669 0.8508828 0.9200123 0.8500375 0.9208576 0.8513693 0.9191669 0.8522146 0.9200123 0.8513693 0.9208576 0.8527013 0.9191669 0.8535466 0.9200123 0.8527013 0.9208576 0.8540331 0.9191669 0.8548785 0.9200123 0.8540331 0.9208576 0.855365 0.9191669 0.8562104 0.9200123 0.855365 0.9208576 0.856697 0.9191669 0.8575423 0.9200123 0.856697 0.9208576 0.8580289 0.9191669 0.8588742 0.9200123 0.8580289 0.9208576 0.8593608 0.9191669 0.8602061 0.9200123 0.8593608 0.9208576 0.8606927 0.9191669 0.8615381 0.9200123 0.8606927 0.9208576 0.8620246 0.9191669 0.86287 0.9200123 0.8620246 0.9208576 0.8633565 0.9191669 0.8642019 0.9200123 0.8633565 0.9208576 0.8646884 0.9191669 0.8655338 0.9200123 0.8646884 0.9208576 0.8660203 0.9191669 0.8668657 0.9200123 0.8660203 0.9208576 0.8673523 0.9191669 0.8681976 0.9200123 0.8673523 0.9208576 0.8686842 0.9191669 0.8695295 0.9200123 0.8686842 0.9208576 0.8700161 0.9191669 0.8708614 0.9200123 0.8700161 0.9208576 0.871348 0.9191669 0.8721933 0.9200123 0.871348 0.9208576 0.8726799 0.9191669 0.8735253 0.9200123 0.8726799 0.9208576 0.8740118 0.9191669 0.8748571 0.9200123 0.8740118 0.9208576 0.8753437 0.9191669 0.8761891 0.9200123 0.8753437 0.9208576 0.8766756 0.9191669 0.877521 0.9200123 0.8766756 0.9208576 0.8780075 0.8799764 0.8788529 0.8808217 0.8780075 0.881667 0.8780075 0.8821537 0.8788529 0.882999 0.8780075 0.8838443 0.8780075 0.8843308 0.8788529 0.8851762 0.8780075 0.8860216 0.8780075 0.8865081 0.8788529 0.8873535 0.8780075 0.8881988 0.8780075 0.8886854 0.8788529 0.8895307 0.8780075 0.8903761 0.8780075 0.8908626 0.8788529 0.891708 0.8780075 0.8925533 0.8780075 0.8930399 0.8788529 0.8938852 0.8780075 0.8947306 0.8780075 0.8952171 0.8788529 0.8960625 0.8780075 0.8969078 0.8780075 0.8973944 0.8788529 0.8982398 0.8780075 0.8990851 0.8780075 0.8995717 0.8788529 0.900417 0.8780075 0.9012624 0.8780075 0.9017489 0.8788529 0.9025942 0.8780075 0.9034396 0.8780075 0.9039262 0.8788529 0.9047715 0.8780075 0.9056169 0.8780075 0.9061034 0.8788529 0.9069488 0.8780075 0.9077941 0.8780075 0.9082807 0.8788529 0.9091261 0.8780075 0.9099714 0.8780075 0.9104579 0.8788529 0.9113033 0.8780075 0.9121486 0.8780075 0.9126352 0.8788529 0.9134805 0.8780075 0.9143259 0.8780075 0.9148125 0.8788529 0.9156578 0.8780075 0.9165032 0.8780075 0.9169897 0.8788529 0.917835 0.8780075 0.9186804 0.8780075 0.9191669 0.8788529 0.9200123 0.8780075 0.9208576 0.8367183 0.9213442 0.8375636 0.9221896 0.8367183 0.9230349 0.8380502 0.9213442 0.8388956 0.9221896 0.8380502 0.9230349 0.8393821 0.9213442 0.8402275 0.9221896 0.8393821 0.9230349 0.840714 0.9213442 0.8415594 0.9221896 0.840714 0.9230349 0.842046 0.9213442 0.8428913 0.9221896 0.842046 0.9230349 0.8433778 0.9213442 0.8442232 0.9221896 0.8433778 0.9230349 0.8447098 0.9213442 0.8455551 0.9221896 0.8447098 0.9230349 0.8460417 0.9213442 0.846887 0.9221896 0.8460417 0.9230349 0.8473736 0.9213442 0.8482189 0.9221896 0.8473736 0.9230349 0.8487055 0.9213442 0.8495509 0.9221896 0.8487055 0.9230349 0.8500374 0.9213442 0.8508828 0.9221896 0.8500374 0.9230349 0.8513693 0.9213442 0.8522146 0.9221896 0.8513693 0.9230349 0.8527013 0.9213442 0.8535466 0.9221896 0.8527013 0.9230349 0.8540331 0.9213442 0.8548785 0.9221896 0.8540331 0.9230349 0.855365 0.9213442 0.8562104 0.9221896 0.855365 0.9230349 0.856697 0.9213442 0.8575423 0.9221896 0.856697 0.9230349 0.8580289 0.9213442 0.8588742 0.9221896 0.8580289 0.9230349 0.8593608 0.9213442 0.8602061 0.9221896 0.8593608 0.9230349 0.8606927 0.9213442 0.8615381 0.9221896 0.8606927 0.9230349 0.8620246 0.9213442 0.8628699 0.9221896 0.8620246 0.9230349 0.8633565 0.9213442 0.8642019 0.9221896 0.8633565 0.9230349 0.8646884 0.9213442 0.8655338 0.9221896 0.8646884 0.9230349 0.8660203 0.9213442 0.8668657 0.9221896 0.8660203 0.9230349 0.8673523 0.9213442 0.8681976 0.9221896 0.8673523 0.9230349 0.8686842 0.9213442 0.8695295 0.9221896 0.8686842 0.9230349 0.8700161 0.9213442 0.8708614 0.9221896 0.8700161 0.9230349 0.871348 0.9213442 0.8721933 0.9221896 0.871348 0.9230349 0.8726799 0.9213442 0.8735253 0.9221896 0.8726799 0.9230349 0.8740118 0.9213442 0.8748571 0.9221896 0.8740118 0.9230349 0.8753437 0.9213442 0.8761891 0.9221896 0.8753437 0.9230349 0.8766756 0.9213442 0.877521 0.9221896 0.8766756 0.9230349 0.8780075 0.9213442 0.8788529 0.9221896 0.8780075 0.9230349 0.8793395 0.8799764 0.8801848 0.8808217 0.8793395 0.881667 0.8793395 0.8821537 0.8801848 0.882999 0.8793395 0.8838443 0.8793395 0.8843308 0.8801848 0.8851762 0.8793395 0.8860216 0.8793395 0.8865081 0.8801848 0.8873535 0.8793395 0.8881988 0.8793395 0.8886854 0.8801848 0.8895307 0.8793395 0.8903761 0.8793395 0.8908626 0.8801848 0.891708 0.8793395 0.8925533 0.8793395 0.8930399 0.8801848 0.8938852 0.8793395 0.8947306 0.8793395 0.8952171 0.8801848 0.8960625 0.8793395 0.8969078 0.8793395 0.8973944 0.8801848 0.8982398 0.8793395 0.8990851 0.8793395 0.8995717 0.8801848 0.900417 0.8793395 0.9012624 0.8793395 0.9017489 0.8801848 0.9025942 0.8793395 0.9034396 0.8793395 0.9039262 0.8801848 0.9047715 0.8793395 0.9056169 0.8793395 0.9061034 0.8801848 0.9069488 0.8793395 0.9077941 0.8793395 0.9082807 0.8801848 0.9091261 0.8793395 0.9099714 0.8793395 0.9104579 0.8801848 0.9113033 0.8793395 0.9121486 0.8793395 0.9126352 0.8801848 0.9134805 0.8793395 0.9143259 0.8793395 0.9148125 0.8801848 0.9156578 0.8793395 0.9165032 0.8793395 0.9169897 0.8801848 0.917835 0.8793395 0.9186804 0.8793395 0.9191669 0.8801848 0.9200123 0.8793395 0.9208576 0.8793395 0.9213442 0.8801848 0.9221896 0.8793395 0.9230349 0.8806714 0.8799764 0.8815167 0.8808217 0.8806714 0.881667 0.8806714 0.8821537 0.8815167 0.882999 0.8806714 0.8838443 0.8806714 0.8843308 0.8815167 0.8851762 0.8806714 0.8860216 0.8806714 0.8865081 0.8815167 0.8873535 0.8806714 0.8881988 0.8806714 0.8886854 0.8815167 0.8895307 0.8806714 0.8903761 0.8806714 0.8908626 0.8815167 0.891708 0.8806714 0.8925534 0.8806714 0.8930399 0.8815167 0.8938853 0.8806714 0.8947306 0.8806714 0.8952171 0.8815167 0.8960625 0.8806714 0.8969078 0.8806714 0.8973944 0.8815167 0.8982398 0.8806714 0.8990851 0.8806714 0.8995717 0.8815167 0.900417 0.8806714 0.9012624 0.8806714 0.9017489 0.8815167 0.9025942 0.8806714 0.9034396 0.8806714 0.9039262 0.8815167 0.9047715 0.8806714 0.9056169 0.8806714 0.9061034 0.8815167 0.9069488 0.8806714 0.9077941 0.8806714 0.9082807 0.8815167 0.9091261 0.8806714 0.9099714 0.8806714 0.9104579 0.8815167 0.9113033 0.8806714 0.9121486 0.8806714 0.9126352 0.8815167 0.9134805 0.8806714 0.9143259 0.8806714 0.9148125 0.8815167 0.9156578 0.8806714 0.9165032 0.8806714 0.9169897 0.8815167 0.917835 0.8806714 0.9186804 0.8806714 0.9191669 0.8815167 0.9200123 0.8806714 0.9208576 0.8806714 0.9213442 0.8815167 0.9221896 0.8806714 0.9230349 0.8367183 0.9235215 0.8375636 0.9243668 0.8367183 0.9252122 0.8380502 0.9235215 0.8388956 0.9243668 0.8380502 0.9252122 0.8393821 0.9235215 0.8402275 0.9243668 0.8393821 0.9252122 0.840714 0.9235215 0.8415594 0.9243668 0.840714 0.9252122 0.842046 0.9235215 0.8428913 0.9243668 0.842046 0.9252122 0.8433778 0.9235215 0.8442232 0.9243668 0.8433778 0.9252122 0.8447098 0.9235215 0.8455551 0.9243668 0.8447098 0.9252122 0.8460417 0.9235215 0.846887 0.9243668 0.8460417 0.9252122 0.8473736 0.9235215 0.8482189 0.9243668 0.8473736 0.9252122 0.8487055 0.9235215 0.8495509 0.9243668 0.8487055 0.9252122 0.8500374 0.9235215 0.8508828 0.9243668 0.8500374 0.9252122 0.8513693 0.9235215 0.8522146 0.9243668 0.8513693 0.9252122 0.8527013 0.9235215 0.8535466 0.9243668 0.8527013 0.9252122 0.8540331 0.9235215 0.8548785 0.9243668 0.8540331 0.9252122 0.855365 0.9235215 0.8562104 0.9243668 0.855365 0.9252122 0.856697 0.9235215 0.8575423 0.9243668 0.856697 0.9252122 0.8580289 0.9235215 0.8588742 0.9243668 0.8580289 0.9252122 0.8593608 0.9235215 0.8602061 0.9243668 0.8593608 0.9252122 0.8606927 0.9235215 0.8615381 0.9243668 0.8606927 0.9252122 0.8620246 0.9235215 0.86287 0.9243669 0.8620246 0.9252122 0.8633565 0.9235215 0.8642019 0.9243668 0.8633565 0.9252122 0.8646884 0.9235215 0.8655338 0.9243668 0.8646884 0.9252122 0.8660203 0.9235215 0.8668657 0.9243668 0.8660203 0.9252122 0.8673523 0.9235215 0.8681976 0.9243668 0.8673523 0.9252122 0.8686842 0.9235215 0.8695295 0.9243669 0.8686842 0.9252122 0.8700161 0.9235215 0.8708614 0.9243668 0.8700161 0.9252122 0.871348 0.9235215 0.8721933 0.9243668 0.871348 0.9252122 0.8726799 0.9235215 0.8735253 0.9243668 0.8726799 0.9252122 0.8740118 0.9235215 0.8748571 0.9243668 0.8740118 0.9252122 0.8753437 0.9235215 0.8761891 0.9243668 0.8753437 0.9252122 0.8766756 0.9235215 0.877521 0.9243669 0.8766756 0.9252122 0.8780075 0.9235215 0.8788529 0.9243668 0.8780075 0.9252122 0.8793395 0.9235215 0.8801848 0.9243669 0.8793395 0.9252122 0.8806714 0.9235215 0.8815167 0.9243668 0.8806714 0.9252122 0.8820033 0.8799764 0.8828486 0.8808217 0.8820033 0.881667 0.8820033 0.8821537 0.8828486 0.882999 0.8820033 0.8838443 0.8820033 0.8843308 0.8828486 0.8851762 0.8820033 0.8860216 0.8820033 0.8865081 0.8828486 0.8873535 0.8820033 0.8881988 0.8820033 0.8886854 0.8828486 0.8895307 0.8820033 0.8903761 0.8820033 0.8908626 0.8828486 0.891708 0.8820033 0.8925534 0.8820033 0.8930399 0.8828486 0.8938853 0.8820033 0.8947306 0.8820033 0.8952171 0.8828486 0.8960625 0.8820033 0.8969078 0.8820033 0.8973944 0.8828486 0.8982398 0.8820033 0.8990851 0.8820033 0.8995717 0.8828486 0.900417 0.8820033 0.9012624 0.8820033 0.9017489 0.8828486 0.9025942 0.8820033 0.9034396 0.8820033 0.9039262 0.8828486 0.9047715 0.8820033 0.9056169 0.8820033 0.9061034 0.8828486 0.9069488 0.8820033 0.9077941 0.8820033 0.9082807 0.8828486 0.9091261 0.8820033 0.9099714 0.8820033 0.9104579 0.8828486 0.9113033 0.8820033 0.9121486 0.8820033 0.9126352 0.8828486 0.9134805 0.8820033 0.9143259 0.8820033 0.9148125 0.8828486 0.9156578 0.8820033 0.9165032 0.8820033 0.9169897 0.8828486 0.917835 0.8820033 0.9186804 0.8820033 0.9191669 0.8828486 0.9200123 0.8820033 0.9208576 0.8820033 0.9213442 0.8828486 0.9221896 0.8820033 0.9230349 0.8820033 0.9235215 0.8828486 0.9243668 0.8820033 0.9252122 0.8367183 0.9256987 0.8375636 0.9265441 0.8367183 0.9273894 0.8380502 0.9256987 0.8388956 0.9265441 0.8380502 0.9273894 0.8393821 0.9256987 0.8402275 0.9265441 0.8393821 0.9273894 0.840714 0.9256987 0.8415594 0.9265441 0.840714 0.9273894 0.842046 0.9256987 0.8428913 0.9265441 0.842046 0.9273894 0.8433778 0.9256987 0.8442232 0.9265441 0.8433778 0.9273894 0.8447098 0.9256987 0.8455551 0.9265441 0.8447098 0.9273894 0.8460417 0.9256987 0.846887 0.9265441 0.8460417 0.9273894 0.8473736 0.9256987 0.8482189 0.9265441 0.8473736 0.9273894 0.8487055 0.9256987 0.8495509 0.9265441 0.8487055 0.9273894 0.8500374 0.9256987 0.8508828 0.9265441 0.8500374 0.9273894 0.8513693 0.9256987 0.8522146 0.9265441 0.8513693 0.9273894 0.8527013 0.9256987 0.8535466 0.9265441 0.8527013 0.9273894 0.8540331 0.9256987 0.8548785 0.9265441 0.8540331 0.9273894 0.855365 0.9256987 0.8562104 0.9265441 0.855365 0.9273894 0.856697 0.9256987 0.8575423 0.9265441 0.856697 0.9273894 0.8580289 0.9256987 0.8588742 0.9265441 0.8580289 0.9273894 0.8593608 0.9256987 0.8602061 0.9265441 0.8593608 0.9273894 0.8606927 0.9256987 0.8615381 0.9265441 0.8606927 0.9273894 0.8620246 0.9256987 0.8628699 0.9265441 0.8620246 0.9273894 0.8633565 0.9256987 0.8642019 0.9265441 0.8633565 0.9273894 0.8646884 0.9256987 0.8655338 0.9265441 0.8646884 0.9273894 0.8660203 0.9256987 0.8668657 0.9265441 0.8660203 0.9273894 0.8673523 0.9256987 0.8681976 0.9265441 0.8673523 0.9273894 0.8686842 0.9256987 0.8695295 0.9265441 0.8686842 0.9273894 0.8700161 0.9256987 0.8708614 0.9265441 0.8700161 0.9273894 0.871348 0.9256987 0.8721933 0.9265441 0.871348 0.9273894 0.8726799 0.9256987 0.8735253 0.9265441 0.8726799 0.9273894 0.8740118 0.9256987 0.8748571 0.9265441 0.8740118 0.9273894 0.8753437 0.9256987 0.8761891 0.9265441 0.8753437 0.9273894 0.8766756 0.9256987 0.877521 0.9265441 0.8766756 0.9273894 0.8780075 0.9256987 0.8788529 0.9265441 0.8780075 0.9273894 0.8793395 0.9256987 0.8801848 0.9265441 0.8793395 0.9273894 0.8806714 0.9256987 0.8815167 0.9265441 0.8806714 0.9273894 0.8820033 0.9256987 0.8828486 0.9265441 0.8820033 0.9273894 0.8833352 0.8799764 0.8841806 0.8808217 0.8833352 0.881667 0.8833352 0.8821537 0.8841806 0.882999 0.8833352 0.8838443 0.8833352 0.8843308 0.8841806 0.8851762 0.8833352 0.8860216 0.8833352 0.8865081 0.8841806 0.8873535 0.8833352 0.8881988 0.8833352 0.8886854 0.8841806 0.8895307 0.8833352 0.8903761 0.8833352 0.8908626 0.8841806 0.891708 0.8833352 0.8925533 0.8833352 0.8930399 0.8841806 0.8938852 0.8833352 0.8947306 0.8833352 0.8952171 0.8841806 0.8960625 0.8833352 0.8969078 0.8833352 0.8973944 0.8841806 0.8982398 0.8833352 0.8990851 0.8833352 0.8995717 0.8841806 0.900417 0.8833352 0.9012624 0.8833352 0.9017489 0.8841806 0.9025942 0.8833352 0.9034396 0.8833352 0.9039262 0.8841806 0.9047715 0.8833352 0.9056169 0.8833352 0.9061034 0.8841806 0.9069488 0.8833352 0.9077941 0.8833352 0.9082807 0.8841806 0.9091261 0.8833352 0.9099714 0.8833352 0.9104579 0.8841806 0.9113033 0.8833352 0.9121486 0.8833352 0.9126352 0.8841806 0.9134805 0.8833352 0.9143259 0.8833352 0.9148125 0.8841806 0.9156578 0.8833352 0.9165032 0.8833352 0.9169897 0.8841806 0.917835 0.8833352 0.9186804 0.8833352 0.9191669 0.8841806 0.9200123 0.8833352 0.9208576 0.8833352 0.9213442 0.8841806 0.9221896 0.8833352 0.9230349 0.8833352 0.9235215 0.8841806 0.9243669 0.8833352 0.9252122 0.8833352 0.9256987 0.8841806 0.9265441 0.8833352 0.9273894 0.8846671 0.8799764 0.8855125 0.8808217 0.8846671 0.881667 0.8846671 0.8821537 0.8855125 0.882999 0.8846671 0.8838443 0.8846671 0.8843309 0.8855125 0.8851762 0.8846671 0.8860216 0.8846671 0.8865081 0.8855125 0.8873534 0.8846671 0.8881988 0.8846671 0.8886854 0.8855125 0.8895307 0.8846671 0.8903761 0.8846671 0.8908626 0.8855125 0.891708 0.8846671 0.8925533 0.8846671 0.8930399 0.8855124 0.8938853 0.8846671 0.8947306 0.8846671 0.8952171 0.8855125 0.8960625 0.8846671 0.8969078 0.8846671 0.8973944 0.8855124 0.8982398 0.8846671 0.8990851 0.8846671 0.8995717 0.8855125 0.900417 0.8846671 0.9012624 0.8846671 0.9017489 0.8855125 0.9025942 0.8846671 0.9034396 0.8846671 0.9039262 0.8855124 0.9047715 0.8846671 0.9056169 0.8846671 0.9061034 0.8855125 0.9069488 0.8846671 0.9077941 0.8846671 0.9082807 0.8855125 0.9091261 0.8846671 0.9099714 0.8846671 0.9104579 0.8855125 0.9113033 0.8846671 0.9121486 0.8846671 0.9126352 0.8855124 0.9134805 0.8846671 0.9143259 0.8846671 0.9148125 0.8855125 0.9156578 0.8846671 0.9165032 0.8846671 0.9169897 0.8855125 0.917835 0.8846671 0.9186804 0.8846671 0.9191669 0.8855124 0.9200123 0.8846671 0.9208576 0.8846671 0.9213442 0.8855125 0.9221896 0.8846671 0.9230349 0.8846671 0.9235215 0.8855124 0.9243668 0.8846671 0.9252122 0.8846671 0.9256987 0.8855125 0.9265441 0.8846671 0.9273894 0.8367183 0.927876 0.8375636 0.9287213 0.8367183 0.9295667 0.8380502 0.927876 0.8388956 0.9287213 0.8380502 0.9295667 0.8393821 0.927876 0.8402275 0.9287213 0.8393821 0.9295667 0.840714 0.927876 0.8415594 0.9287213 0.840714 0.9295667 0.842046 0.927876 0.8428913 0.9287213 0.842046 0.9295667 0.8433779 0.927876 0.8442232 0.9287213 0.8433779 0.9295667 0.8447098 0.927876 0.8455551 0.9287213 0.8447098 0.9295667 0.8460417 0.927876 0.846887 0.9287213 0.8460417 0.9295667 0.8473736 0.927876 0.8482189 0.9287213 0.8473736 0.9295667 0.8487055 0.927876 0.8495509 0.9287213 0.8487055 0.9295667 0.8500374 0.927876 0.8508828 0.9287213 0.8500374 0.9295667 0.8513693 0.927876 0.8522146 0.9287213 0.8513693 0.9295667 0.8527013 0.927876 0.8535466 0.9287213 0.8527013 0.9295667 0.8540331 0.927876 0.8548785 0.9287213 0.8540331 0.9295667 0.855365 0.927876 0.8562104 0.9287213 0.855365 0.9295667 0.856697 0.927876 0.8575423 0.9287213 0.856697 0.9295667 0.8580289 0.927876 0.8588742 0.9287213 0.8580289 0.9295667 0.8593608 0.927876 0.8602061 0.9287213 0.8593608 0.9295667 0.8606927 0.927876 0.8615381 0.9287213 0.8606927 0.9295667 0.8620246 0.927876 0.86287 0.9287213 0.8620246 0.9295667 0.8633565 0.927876 0.8642019 0.9287213 0.8633565 0.9295667 0.8646884 0.927876 0.8655338 0.9287213 0.8646884 0.9295667 0.8660203 0.927876 0.8668657 0.9287213 0.8660203 0.9295667 0.8673523 0.927876 0.8681976 0.9287213 0.8673523 0.9295667 0.8686842 0.927876 0.8695295 0.9287213 0.8686842 0.9295667 0.8700161 0.927876 0.8708614 0.9287213 0.8700161 0.9295667 0.871348 0.927876 0.8721933 0.9287213 0.871348 0.9295667 0.8726799 0.927876 0.8735253 0.9287213 0.8726799 0.9295667 0.8740118 0.927876 0.8748571 0.9287213 0.8740118 0.9295667 0.8753437 0.927876 0.8761891 0.9287213 0.8753437 0.9295667 0.8766756 0.927876 0.877521 0.9287213 0.8766756 0.9295667 0.8780075 0.927876 0.8788529 0.9287213 0.8780075 0.9295667 0.8793395 0.927876 0.8801848 0.9287213 0.8793395 0.9295667 0.8806714 0.927876 0.8815167 0.9287213 0.8806714 0.9295667 0.8820033 0.927876 0.8828486 0.9287213 0.8820033 0.9295667 0.8833352 0.927876 0.8841806 0.9287213 0.8833352 0.9295667 0.8846671 0.927876 0.8855124 0.9287213 0.8846671 0.9295667 0.885999 0.8799764 0.8868443 0.8808217 0.885999 0.881667 0.885999 0.8821537 0.8868443 0.882999 0.885999 0.8838443 0.885999 0.8843309 0.8868443 0.8851762 0.885999 0.8860216 0.885999 0.8865081 0.8868443 0.8873535 0.885999 0.8881988 0.885999 0.8886854 0.8868443 0.8895307 0.885999 0.8903761 0.885999 0.8908626 0.8868443 0.891708 0.885999 0.8925534 0.885999 0.8930399 0.8868443 0.8938853 0.885999 0.8947306 0.885999 0.8952171 0.8868443 0.8960625 0.885999 0.8969078 0.885999 0.8973944 0.8868443 0.8982398 0.885999 0.8990851 0.885999 0.8995717 0.8868443 0.900417 0.885999 0.9012624 0.885999 0.9017489 0.8868443 0.9025942 0.885999 0.9034396 0.885999 0.9039262 0.8868443 0.9047715 0.885999 0.9056169 0.885999 0.9061034 0.8868443 0.9069488 0.885999 0.9077941 0.885999 0.9082807 0.8868443 0.9091261 0.885999 0.9099714 0.885999 0.9104579 0.8868443 0.9113033 0.885999 0.9121486 0.885999 0.9126352 0.8868443 0.9134805 0.885999 0.9143259 0.885999 0.9148125 0.8868443 0.9156578 0.885999 0.9165032 0.885999 0.9169897 0.8868443 0.917835 0.885999 0.9186804 0.885999 0.9191669 0.8868443 0.9200123 0.885999 0.9208576 0.885999 0.9213442 0.8868443 0.9221896 0.885999 0.9230349 0.885999 0.9235215 0.8868443 0.9243668 0.885999 0.9252122 0.885999 0.9256987 0.8868443 0.9265441 0.885999 0.9273894 0.885999 0.927876 0.8868443 0.9287213 0.885999 0.9295667 0.887331 0.8799764 0.8881763 0.8808217 0.887331 0.881667 0.887331 0.8821537 0.8881763 0.882999 0.887331 0.8838443 0.887331 0.8843309 0.8881763 0.8851762 0.887331 0.8860215 0.887331 0.8865081 0.8881763 0.8873535 0.887331 0.8881988 0.887331 0.8886854 0.8881763 0.8895307 0.887331 0.8903761 0.887331 0.8908626 0.8881763 0.891708 0.887331 0.8925534 0.887331 0.8930399 0.8881763 0.8938853 0.887331 0.8947306 0.887331 0.8952171 0.8881763 0.8960625 0.887331 0.8969078 0.887331 0.8973944 0.8881763 0.8982398 0.887331 0.8990851 0.887331 0.8995717 0.8881763 0.900417 0.887331 0.9012624 0.887331 0.9017489 0.8881763 0.9025942 0.887331 0.9034396 0.887331 0.9039262 0.8881763 0.9047715 0.887331 0.9056169 0.887331 0.9061034 0.8881763 0.9069488 0.887331 0.9077941 0.887331 0.9082807 0.8881763 0.9091261 0.887331 0.9099714 0.887331 0.9104579 0.8881763 0.9113033 0.887331 0.9121486 0.887331 0.9126352 0.8881763 0.9134805 0.887331 0.9143259 0.887331 0.9148125 0.8881763 0.9156578 0.887331 0.9165032 0.887331 0.9169897 0.8881763 0.917835 0.887331 0.9186804 0.887331 0.9191669 0.8881763 0.9200123 0.887331 0.9208576 0.887331 0.9213442 0.8881763 0.9221896 0.887331 0.9230349 0.887331 0.9235215 0.8881763 0.9243668 0.887331 0.9252122 0.887331 0.9256987 0.8881763 0.9265441 0.887331 0.9273894 0.887331 0.927876 0.8881763 0.9287213 0.887331 0.9295667 0.8367183 0.9300533 0.8375636 0.9308986 0.8367183 0.9317439 0.8380502 0.9300533 0.8388956 0.9308986 0.8380502 0.9317439 0.8393821 0.9300533 0.8402275 0.9308986 0.8393821 0.9317439 0.840714 0.9300533 0.8415594 0.9308986 0.840714 0.9317439 0.842046 0.9300533 0.8428913 0.9308986 0.842046 0.9317439 0.8433778 0.9300533 0.8442232 0.9308986 0.8433778 0.9317439 0.8447098 0.9300533 0.8455551 0.9308986 0.8447098 0.9317439 0.8460417 0.9300533 0.8468871 0.9308986 0.8460417 0.9317439 0.8473736 0.9300533 0.8482189 0.9308986 0.8473736 0.9317439 0.8487055 0.9300533 0.8495509 0.9308986 0.8487055 0.9317439 0.8500374 0.9300533 0.8508828 0.9308986 0.8500374 0.9317439 0.8513693 0.9300533 0.8522147 0.9308986 0.8513693 0.9317439 0.8527013 0.9300533 0.8535466 0.9308986 0.8527013 0.9317439 0.8540331 0.9300533 0.8548785 0.9308986 0.8540331 0.9317439 0.855365 0.9300533 0.8562104 0.9308986 0.855365 0.9317439 0.856697 0.9300533 0.8575423 0.9308986 0.856697 0.9317439 0.8580289 0.9300533 0.8588742 0.9308986 0.8580289 0.9317439 0.8593608 0.9300533 0.8602061 0.9308986 0.8593608 0.9317439 0.8606927 0.9300533 0.8615381 0.9308986 0.8606927 0.9317439 0.8620246 0.9300533 0.8628699 0.9308986 0.8620246 0.9317439 0.8633565 0.9300533 0.8642019 0.9308986 0.8633565 0.9317439 0.8646884 0.9300533 0.8655338 0.9308986 0.8646884 0.9317439 0.8660203 0.9300533 0.8668657 0.9308986 0.8660203 0.9317439 0.8673523 0.9300533 0.8681976 0.9308986 0.8673523 0.9317439 0.8686842 0.9300533 0.8695295 0.9308986 0.8686842 0.9317439 0.8700161 0.9300533 0.8708614 0.9308986 0.8700161 0.9317439 0.871348 0.9300533 0.8721933 0.9308986 0.871348 0.9317439 0.8726799 0.9300533 0.8735253 0.9308986 0.8726799 0.9317439 0.8740118 0.9300533 0.8748571 0.9308986 0.8740118 0.9317439 0.8753437 0.9300533 0.8761891 0.9308986 0.8753437 0.9317439 0.8766756 0.9300533 0.877521 0.9308986 0.8766756 0.9317439 0.8780075 0.9300533 0.8788529 0.9308986 0.8780075 0.9317439 0.8793395 0.9300533 0.8801848 0.9308986 0.8793395 0.9317439 0.8806714 0.9300533 0.8815167 0.9308986 0.8806714 0.9317439 0.8820033 0.9300533 0.8828486 0.9308986 0.8820033 0.9317439 0.8833352 0.9300533 0.8841806 0.9308986 0.8833352 0.9317439 0.8846671 0.9300533 0.8855124 0.9308986 0.8846671 0.9317439 0.885999 0.9300533 0.8868443 0.9308986 0.885999 0.9317439 0.8873309 0.9300533 0.8881763 0.9308986 0.8873309 0.9317439 0.8886629 0.8799764 0.8895082 0.8808217 0.8886629 0.881667 0.8886628 0.8821537 0.8895082 0.882999 0.8886628 0.8838443 0.8886629 0.8843309 0.8895082 0.8851762 0.8886629 0.8860216 0.8886629 0.8865081 0.8895082 0.8873534 0.8886629 0.8881988 0.8886629 0.8886854 0.8895082 0.8895307 0.8886629 0.8903761 0.8886629 0.8908626 0.8895082 0.891708 0.8886629 0.8925534 0.8886628 0.8930399 0.8895082 0.8938853 0.8886628 0.8947306 0.8886628 0.8952171 0.8895082 0.8960625 0.8886628 0.8969078 0.8886628 0.8973944 0.8895082 0.8982398 0.8886628 0.8990851 0.8886628 0.8995717 0.8895082 0.900417 0.8886628 0.9012624 0.8886628 0.9017489 0.8895082 0.9025942 0.8886628 0.9034396 0.8886628 0.9039262 0.8895082 0.9047715 0.8886628 0.9056169 0.8886628 0.9061034 0.8895082 0.9069488 0.8886628 0.9077941 0.8886629 0.9082807 0.8895082 0.9091261 0.8886629 0.9099714 0.8886628 0.9104579 0.8895082 0.9113033 0.8886628 0.9121486 0.8886628 0.9126352 0.8895082 0.9134805 0.8886628 0.9143259 0.8886628 0.9148125 0.8895082 0.9156578 0.8886628 0.9165032 0.8886629 0.9169897 0.8895082 0.917835 0.8886629 0.9186804 0.8886628 0.9191669 0.8895082 0.9200123 0.8886628 0.9208576 0.8886629 0.9213442 0.8895082 0.9221896 0.8886629 0.9230349 0.8886628 0.9235215 0.8895082 0.9243668 0.8886628 0.9252122 0.8886629 0.9256987 0.8895082 0.9265441 0.8886629 0.9273894 0.8886628 0.927876 0.8895082 0.9287213 0.8886628 0.9295667 0.8886628 0.9300533 0.8895082 0.9308986 0.8886628 0.9317439 0.8367183 0.9322305 0.8375636 0.9330759 0.8367183 0.9339212 0.8380502 0.9322305 0.8388956 0.9330759 0.8380502 0.9339212 0.8393821 0.9322305 0.8402275 0.9330759 0.8393821 0.9339212 0.840714 0.9322305 0.8415594 0.9330759 0.840714 0.9339212 0.842046 0.9322305 0.8428913 0.9330759 0.842046 0.9339212 0.8433778 0.9322305 0.8442232 0.9330759 0.8433778 0.9339212 0.8447098 0.9322305 0.8455551 0.9330759 0.8447098 0.9339212 0.8460417 0.9322305 0.8468871 0.9330759 0.8460417 0.9339212 0.8473736 0.9322305 0.848219 0.9330759 0.8473736 0.9339212 0.8487055 0.9322305 0.8495509 0.9330759 0.8487055 0.9339212 0.8500374 0.9322305 0.8508828 0.9330759 0.8500374 0.9339212 0.8513693 0.9322305 0.8522146 0.9330759 0.8513693 0.9339212 0.8527013 0.9322305 0.8535466 0.9330759 0.8527013 0.9339212 0.8540331 0.9322305 0.8548785 0.9330759 0.8540331 0.9339212 0.855365 0.9322305 0.8562104 0.9330759 0.855365 0.9339212 0.856697 0.9322305 0.8575423 0.9330759 0.856697 0.9339212 0.8580289 0.9322305 0.8588742 0.9330759 0.8580289 0.9339212 0.8593608 0.9322305 0.8602061 0.9330759 0.8593608 0.9339212 0.8606927 0.9322305 0.8615381 0.9330759 0.8606927 0.9339212 0.8620246 0.9322305 0.8628699 0.9330759 0.8620246 0.9339212 0.8633565 0.9322305 0.8642019 0.9330759 0.8633565 0.9339212 0.8646884 0.9322305 0.8655338 0.9330759 0.8646884 0.9339212 0.8660203 0.9322305 0.8668657 0.9330759 0.8660203 0.9339212 0.8673523 0.9322305 0.8681976 0.9330759 0.8673523 0.9339212 0.8686842 0.9322305 0.8695295 0.9330759 0.8686842 0.9339212 0.8700161 0.9322305 0.8708614 0.9330759 0.8700161 0.9339212 0.871348 0.9322305 0.8721933 0.9330759 0.871348 0.9339212 0.8726799 0.9322305 0.8735253 0.9330759 0.8726799 0.9339212 0.8740118 0.9322305 0.8748571 0.9330759 0.8740118 0.9339212 0.8753437 0.9322305 0.8761891 0.9330759 0.8753437 0.9339212 0.8766756 0.9322305 0.877521 0.9330759 0.8766756 0.9339212 0.8780075 0.9322305 0.8788529 0.9330759 0.8780075 0.9339212 0.8793395 0.9322305 0.8801848 0.9330759 0.8793395 0.9339212 0.8806714 0.9322305 0.8815167 0.9330759 0.8806714 0.9339212 0.8820033 0.9322305 0.8828486 0.9330759 0.8820033 0.9339212 0.8833352 0.9322305 0.8841806 0.9330759 0.8833352 0.9339212 0.8846671 0.9322305 0.8855124 0.9330759 0.8846671 0.9339212 0.885999 0.9322305 0.8868443 0.9330759 0.885999 0.9339212 0.887331 0.9322305 0.8881763 0.9330759 0.887331 0.9339212 0.8886628 0.9322305 0.8895082 0.9330759 0.8886628 0.9339212 0.8899948 0.8799764 0.8908401 0.8808217 0.8899948 0.881667 0.8899948 0.8821537 0.8908401 0.882999 0.8899948 0.8838443 0.8899948 0.8843309 0.8908401 0.8851762 0.8899948 0.8860216 0.8899948 0.8865081 0.8908401 0.8873534 0.8899948 0.8881988 0.8899948 0.8886854 0.8908401 0.8895307 0.8899948 0.8903761 0.8899948 0.8908626 0.8908401 0.891708 0.8899948 0.8925534 0.8899948 0.8930399 0.8908401 0.8938853 0.8899948 0.8947306 0.8899948 0.8952171 0.8908401 0.8960625 0.8899948 0.8969078 0.8899948 0.8973944 0.8908401 0.8982398 0.8899948 0.8990851 0.8899948 0.8995717 0.8908401 0.900417 0.8899948 0.9012624 0.8899948 0.9017489 0.8908401 0.9025942 0.8899948 0.9034396 0.8899948 0.9039262 0.8908401 0.9047715 0.8899948 0.9056169 0.8899948 0.9061034 0.8908401 0.9069488 0.8899948 0.9077941 0.8899948 0.9082807 0.8908401 0.9091261 0.8899948 0.9099714 0.8899948 0.9104579 0.8908401 0.9113033 0.8899948 0.9121486 0.8899948 0.9126352 0.8908401 0.9134805 0.8899948 0.9143259 0.8899948 0.9148125 0.8908401 0.9156578 0.8899948 0.9165032 0.8899948 0.9169897 0.8908401 0.917835 0.8899948 0.9186804 0.8899948 0.9191669 0.8908401 0.9200123 0.8899948 0.9208576 0.8899948 0.9213442 0.8908401 0.9221896 0.8899948 0.9230349 0.8899948 0.9235215 0.8908401 0.9243669 0.8899948 0.9252122 0.8899948 0.9256987 0.8908401 0.9265441 0.8899948 0.9273894 0.8899948 0.927876 0.8908401 0.9287213 0.8899948 0.9295667 0.8899948 0.9300533 0.8908401 0.9308986 0.8899948 0.9317439 0.8367183 0.9344078 0.8375636 0.9352531 0.8367183 0.9360985 0.8380502 0.9344078 0.8388956 0.9352531 0.8380502 0.9360985 0.8393821 0.9344078 0.8402275 0.9352531 0.8393821 0.9360985 0.840714 0.9344078 0.8415594 0.9352531 0.840714 0.9360985 0.842046 0.9344078 0.8428913 0.9352531 0.842046 0.9360985 0.8433778 0.9344078 0.8442232 0.9352531 0.8433778 0.9360985 0.8447098 0.9344078 0.8455551 0.9352531 0.8447098 0.9360985 0.8460417 0.9344078 0.846887 0.9352531 0.8460417 0.9360985 0.8473736 0.9344078 0.8482189 0.9352531 0.8473736 0.9360985 0.8487055 0.9344078 0.8495509 0.9352531 0.8487055 0.9360985 0.8500374 0.9344078 0.8508828 0.9352531 0.8500374 0.9360985 0.8513693 0.9344078 0.8522146 0.9352531 0.8513693 0.9360985 0.8527013 0.9344078 0.8535466 0.9352531 0.8527013 0.9360985 0.8540331 0.9344078 0.8548785 0.9352531 0.8540331 0.9360985 0.855365 0.9344078 0.8562104 0.9352531 0.855365 0.9360985 0.856697 0.9344078 0.8575423 0.9352531 0.856697 0.9360985 0.8580289 0.9344078 0.8588742 0.9352531 0.8580289 0.9360985 0.8593608 0.9344078 0.8602061 0.9352531 0.8593608 0.9360985 0.8606927 0.9344078 0.8615381 0.9352531 0.8606927 0.9360985 0.8620246 0.9344078 0.8628699 0.9352531 0.8620246 0.9360985 0.8633565 0.9344078 0.8642019 0.9352531 0.8633565 0.9360985 0.8646884 0.9344078 0.8655338 0.9352531 0.8646884 0.9360985 0.8660203 0.9344078 0.8668657 0.9352531 0.8660203 0.9360985 0.8673523 0.9344078 0.8681976 0.9352531 0.8673523 0.9360985 0.8686842 0.9344078 0.8695295 0.9352531 0.8686842 0.9360985 0.8700161 0.9344078 0.8708614 0.9352531 0.8700161 0.9360985 0.871348 0.9344078 0.8721933 0.9352531 0.871348 0.9360985 0.8726799 0.9344078 0.8735253 0.9352531 0.8726799 0.9360985 0.8740118 0.9344078 0.8748571 0.9352531 0.8740118 0.9360985 0.8753437 0.9344078 0.8761891 0.9352531 0.8753437 0.9360985 0.8766756 0.9344078 0.877521 0.9352531 0.8766756 0.9360985 0.8780075 0.9344078 0.8788529 0.9352531 0.8780075 0.9360985 0.8793395 0.9344078 0.8801848 0.9352531 0.8793395 0.9360985 0.8806714 0.9344078 0.8815167 0.9352531 0.8806714 0.9360985 0.8820033 0.9344078 0.8828486 0.9352531 0.8820033 0.9360985 0.8833352 0.9344078 0.8841806 0.9352531 0.8833352 0.9360985 0.8846671 0.9344078 0.8855125 0.9352531 0.8846671 0.9360985 0.885999 0.9344078 0.8868443 0.9352531 0.885999 0.9360985 0.887331 0.9344078 0.8881763 0.9352531 0.887331 0.9360985 0.8886628 0.9344078 0.8895082 0.9352531 0.8886628 0.9360985 0.8899948 0.9344078 0.8908401 0.9352531 0.8899948 0.9360985 0.8913267 0.8808217 0.892172 0.8799764 0.8930173 0.8808217 0.8913267 0.8821536 0.892172 0.8813083 0.8930173 0.8821536 0.8913267 0.8834855 0.892172 0.8826401 0.8930173 0.8834855 0.8913267 0.8848174 0.892172 0.8839721 0.8930173 0.8848174 0.8913267 0.8861494 0.892172 0.885304 0.8930173 0.8861494 0.8913267 0.8874813 0.892172 0.8866359 0.8930173 0.8874813 0.8913267 0.8888132 0.892172 0.8879678 0.8930173 0.8888132 0.8913267 0.8901451 0.892172 0.8892998 0.8930173 0.8901451 0.8913267 0.891477 0.892172 0.8906316 0.8930173 0.891477 0.8913267 0.8928089 0.892172 0.8919636 0.8930173 0.8928089 0.8913267 0.8941408 0.892172 0.8932954 0.8930173 0.8941408 0.8913267 0.8954727 0.892172 0.8946274 0.8930173 0.8954727 0.8913267 0.8968046 0.892172 0.8959593 0.8930173 0.8968046 0.8913267 0.8981365 0.892172 0.8972912 0.8930173 0.8981365 0.8913267 0.8994684 0.892172 0.8986231 0.8930173 0.8994684 0.8913267 0.9008004 0.892172 0.8999551 0.8930173 0.9008004 0.8913267 0.9021323 0.892172 0.9012869 0.8930173 0.9021323 0.8913267 0.9034642 0.892172 0.9026188 0.8930173 0.9034642 0.8913267 0.9047961 0.892172 0.9039507 0.8930173 0.9047961 0.8913267 0.906128 0.892172 0.9052826 0.8930173 0.906128 0.8913267 0.9074599 0.892172 0.9066146 0.8930173 0.9074599 0.8913267 0.9087918 0.892172 0.9079465 0.8930173 0.9087918 0.8913267 0.9101237 0.892172 0.9092784 0.8930173 0.9101237 0.8913267 0.9114557 0.892172 0.9106103 0.8930173 0.9114557 0.8913267 0.9127876 0.892172 0.9119422 0.8930173 0.9127876 0.8913267 0.9141195 0.892172 0.9132741 0.8930173 0.9141195 0.8913267 0.9154514 0.892172 0.9146061 0.8930173 0.9154514 0.8913267 0.9167833 0.892172 0.9159379 0.8930173 0.9167833 0.8913267 0.9181152 0.892172 0.9172699 0.8930173 0.9181152 0.8913267 0.9194471 0.892172 0.9186018 0.8930173 0.9194471 0.8913267 0.920779 0.892172 0.9199337 0.8930173 0.920779 0.8913267 0.9221109 0.892172 0.9212656 0.8930173 0.9221109 0.8913267 0.9234429 0.892172 0.9225975 0.8930173 0.9234429 0.8913267 0.9247748 0.892172 0.9239294 0.8930173 0.9247748 0.8913267 0.9261067 0.892172 0.9252613 0.8930173 0.9261067 0.8913267 0.9274386 0.892172 0.9265933 0.8930173 0.9274386 0.8913267 0.9287705 0.892172 0.9279251 0.8930173 0.9287705 0.8913267 0.9301024 0.892172 0.9292571 0.8930173 0.9301024 0.8913267 0.9314344 0.892172 0.930589 0.8930173 0.9314344 0.8913267 0.9327662 0.892172 0.9319209 0.8930173 0.9327662 0.8913267 0.9340981 0.892172 0.9332528 0.8930173 0.9340981 0.8913267 0.9354301 0.892172 0.9345847 0.8930173 0.9354301 0.8367183 0.936585 0.8375636 0.9374303 0.8367183 0.9382757 0.8380502 0.936585 0.8388956 0.9374303 0.8380502 0.9382757 0.8393821 0.936585 0.8402275 0.9374303 0.8393821 0.9382757 0.840714 0.936585 0.8415594 0.9374303 0.840714 0.9382757 0.842046 0.936585 0.8428913 0.9374303 0.842046 0.9382757 0.8433778 0.936585 0.8442232 0.9374303 0.8433778 0.9382757 0.8447098 0.936585 0.8455551 0.9374303 0.8447098 0.9382757 0.8460417 0.936585 0.846887 0.9374303 0.8460417 0.9382757 0.8473736 0.936585 0.8482189 0.9374303 0.8473736 0.9382757 0.8487055 0.936585 0.8495509 0.9374303 0.8487055 0.9382757 0.8500374 0.936585 0.8508828 0.9374303 0.8500374 0.9382757 0.8513693 0.936585 0.8522146 0.9374303 0.8513693 0.9382757 0.8527013 0.936585 0.8535466 0.9374303 0.8527013 0.9382757 0.8540331 0.936585 0.8548785 0.9374303 0.8540331 0.9382757 0.855365 0.936585 0.8562104 0.9374303 0.855365 0.9382757 0.856697 0.936585 0.8575423 0.9374303 0.856697 0.9382757 0.8580289 0.936585 0.8588742 0.9374303 0.8580289 0.9382757 0.8593608 0.936585 0.8602061 0.9374303 0.8593608 0.9382757 0.8606927 0.936585 0.8615381 0.9374303 0.8606927 0.9382757 0.8620246 0.936585 0.8628699 0.9374303 0.8620246 0.9382757 0.8633565 0.936585 0.8642019 0.9374303 0.8633565 0.9382757 0.8646884 0.936585 0.8655338 0.9374303 0.8646884 0.9382757 0.8660203 0.936585 0.8668657 0.9374303 0.8660203 0.9382757 0.8673523 0.936585 0.8681976 0.9374303 0.8673523 0.9382757 0.8686842 0.936585 0.8695295 0.9374303 0.8686842 0.9382757 0.8700161 0.936585 0.8708614 0.9374303 0.8700161 0.9382757 0.871348 0.936585 0.8721933 0.9374303 0.871348 0.9382757 0.8726799 0.936585 0.8735253 0.9374303 0.8726799 0.9382757 0.8740118 0.936585 0.8748571 0.9374303 0.8740118 0.9382757 0.8753437 0.936585 0.8761891 0.9374303 0.8753437 0.9382757 0.8766756 0.936585 0.877521 0.9374303 0.8766756 0.9382757 0.8780075 0.936585 0.8788529 0.9374303 0.8780075 0.9382757 0.8793395 0.936585 0.8801848 0.9374303 0.8793395 0.9382757 0.8806714 0.936585 0.8815167 0.9374303 0.8806714 0.9382757 0.8820033 0.936585 0.8828486 0.9374303 0.8820033 0.9382757 0.8833352 0.936585 0.8841806 0.9374303 0.8833352 0.9382757 0.8846671 0.936585 0.8855125 0.9374303 0.8846671 0.9382757 0.885999 0.936585 0.8868443 0.9374303 0.885999 0.9382757 0.887331 0.936585 0.8881763 0.9374303 0.887331 0.9382757 0.8886628 0.936585 0.8895082 0.9374303 0.8886628 0.9382757 0.8899948 0.936585 0.8908401 0.9374303 0.8899948 0.9382757 0.8913267 0.936585 0.892172 0.9374303 0.8913267 0.9382757 0.8935039 0.8808217 0.8943493 0.8799764 0.8951945 0.8808217 0.8935039 0.8821537 0.8943493 0.8813083 0.8951945 0.8821537 0.8935039 0.8834855 0.8943493 0.8826401 0.8951945 0.8834855 0.8935039 0.8848174 0.8943493 0.8839721 0.8951945 0.8848174 0.8935039 0.8861493 0.8943493 0.885304 0.8951945 0.8861493 0.8935039 0.8874813 0.8943493 0.8866359 0.8951945 0.8874813 0.8935039 0.8888132 0.8943493 0.8879678 0.8951945 0.8888132 0.8935039 0.8901451 0.8943493 0.8892998 0.8951945 0.8901451 0.8935039 0.891477 0.8943493 0.8906316 0.8951945 0.891477 0.8935039 0.8928089 0.8943493 0.8919636 0.8951945 0.8928089 0.8935039 0.8941408 0.8943493 0.8932954 0.8951945 0.8941408 0.8935039 0.8954727 0.8943493 0.8946274 0.8951945 0.8954727 0.8935039 0.8968046 0.8943493 0.8959593 0.8951945 0.8968046 0.8935039 0.8981365 0.8943493 0.8972912 0.8951945 0.8981365 0.8935039 0.8994684 0.8943493 0.8986231 0.8951945 0.8994684 0.8935039 0.9008004 0.8943493 0.8999551 0.8951945 0.9008004 0.8935039 0.9021323 0.8943493 0.9012869 0.8951945 0.9021323 0.8935039 0.9034642 0.8943493 0.9026188 0.8951945 0.9034642 0.8935039 0.9047961 0.8943493 0.9039507 0.8951945 0.9047961 0.8935039 0.906128 0.8943493 0.9052826 0.8951945 0.906128 0.8935039 0.9074599 0.8943493 0.9066146 0.8951945 0.9074599 0.8935039 0.9087918 0.8943493 0.9079465 0.8951945 0.9087918 0.8935039 0.9101237 0.8943493 0.9092784 0.8951945 0.9101237 0.8935039 0.9114557 0.8943493 0.9106103 0.8951945 0.9114557 0.8935039 0.9127876 0.8943493 0.9119422 0.8951945 0.9127876 0.8935039 0.9141195 0.8943493 0.9132741 0.8951945 0.9141195 0.8935039 0.9154514 0.8943493 0.914606 0.8951945 0.9154514 0.8935039 0.9167833 0.8943493 0.9159379 0.8951945 0.9167833 0.8935039 0.9181152 0.8943493 0.9172699 0.8951945 0.9181152 0.8935039 0.9194471 0.8943493 0.9186018 0.8951945 0.9194471 0.8935039 0.920779 0.8943493 0.9199337 0.8951945 0.920779 0.8935039 0.9221109 0.8943493 0.9212656 0.8951945 0.9221109 0.8935039 0.9234429 0.8943493 0.9225975 0.8951945 0.9234429 0.8935039 0.9247748 0.8943493 0.9239294 0.8951945 0.9247748 0.8935039 0.9261067 0.8943493 0.9252613 0.8951945 0.9261067 0.8935039 0.9274386 0.8943493 0.9265933 0.8951945 0.9274386 0.8935039 0.9287705 0.8943493 0.9279251 0.8951945 0.9287705 0.8935039 0.9301024 0.8943493 0.9292571 0.8951945 0.9301024 0.8935039 0.9314344 0.8943493 0.930589 0.8951945 0.9314344 0.8935039 0.9327662 0.8943493 0.9319209 0.8951945 0.9327662 0.8935039 0.9340981 0.8943493 0.9332528 0.8951945 0.9340981 0.8935039 0.9354301 0.8943493 0.9345847 0.8951945 0.9354301 0.8935039 0.936762 0.8943493 0.9359166 0.8951945 0.936762 0.8935039 0.9380939 0.8943493 0.9372486 0.8951945 0.9380939 0.8367183 0.9387623 0.8375636 0.9396076 0.8367183 0.940453 0.8380502 0.9387623 0.8388956 0.9396076 0.8380502 0.940453 0.8393821 0.9387623 0.8402275 0.9396076 0.8393821 0.940453 0.840714 0.9387623 0.8415594 0.9396076 0.840714 0.940453 0.842046 0.9387623 0.8428913 0.9396076 0.842046 0.940453 0.8433778 0.9387623 0.8442232 0.9396076 0.8433778 0.940453 0.8447098 0.9387623 0.8455551 0.9396076 0.8447098 0.940453 0.8460417 0.9387623 0.846887 0.9396076 0.8460417 0.940453 0.8473736 0.9387623 0.8482189 0.9396076 0.8473736 0.940453 0.8487055 0.9387623 0.8495509 0.9396076 0.8487055 0.940453 0.8500375 0.9387623 0.8508828 0.9396076 0.8500375 0.940453 0.8513693 0.9387623 0.8522146 0.9396076 0.8513693 0.940453 0.8527013 0.9387623 0.8535466 0.9396076 0.8527013 0.940453 0.8540331 0.9387623 0.8548785 0.9396076 0.8540331 0.940453 0.855365 0.9387623 0.8562104 0.9396076 0.855365 0.940453 0.856697 0.9387623 0.8575423 0.9396076 0.856697 0.940453 0.8580289 0.9387623 0.8588742 0.9396076 0.8580289 0.940453 0.8593608 0.9387623 0.8602061 0.9396076 0.8593608 0.940453 0.8606927 0.9387623 0.8615381 0.9396076 0.8606927 0.940453 0.8620246 0.9387623 0.86287 0.9396076 0.8620246 0.940453 0.8633565 0.9387623 0.8642019 0.9396076 0.8633565 0.940453 0.8646884 0.9387623 0.8655338 0.9396076 0.8646884 0.940453 0.8660203 0.9387623 0.8668657 0.9396076 0.8660203 0.940453 0.8673523 0.9387623 0.8681976 0.9396076 0.8673523 0.940453 0.8686842 0.9387623 0.8695295 0.9396076 0.8686842 0.940453 0.8700161 0.9387623 0.8708614 0.9396076 0.8700161 0.940453 0.871348 0.9387623 0.8721933 0.9396076 0.871348 0.940453 0.8726799 0.9387623 0.8735253 0.9396076 0.8726799 0.940453 0.8740118 0.9387623 0.8748571 0.9396076 0.8740118 0.940453 0.8753437 0.9387623 0.8761891 0.9396076 0.8753437 0.940453 0.8766756 0.9387623 0.877521 0.9396076 0.8766756 0.940453 0.8780075 0.9387623 0.8788529 0.9396076 0.8780075 0.940453 0.8793395 0.9387623 0.8801848 0.9396076 0.8793395 0.940453 0.8806714 0.9387623 0.8815167 0.9396076 0.8806714 0.940453 0.8820033 0.9387623 0.8828486 0.9396076 0.8820033 0.940453 0.8833352 0.9387623 0.8841806 0.9396076 0.8833352 0.940453 0.8846671 0.9387623 0.8855124 0.9396076 0.8846671 0.940453 0.885999 0.9387623 0.8868443 0.9396076 0.885999 0.940453 0.887331 0.9387623 0.8881763 0.9396076 0.887331 0.940453 0.8886628 0.9387623 0.8895082 0.9396076 0.8886628 0.940453 0.8899948 0.9387623 0.8908401 0.9396076 0.8899948 0.940453 0.8913267 0.9387623 0.892172 0.9396076 0.8913267 0.940453 0.8926586 0.9387623 0.8935039 0.9396076 0.8926586 0.940453 0.8939905 0.9387623 0.8948358 0.9396076 0.8939905 0.940453 0.8956812 0.8808217 0.8965265 0.8799764 0.8973719 0.8808217 0.8956812 0.8821537 0.8965265 0.8813083 0.8973719 0.8821537 0.8956812 0.8834855 0.8965265 0.8826401 0.8973719 0.8834855 0.8956812 0.8848174 0.8965265 0.8839721 0.8973719 0.8848174 0.8956812 0.8861493 0.8965265 0.885304 0.8973719 0.8861493 0.8956812 0.8874813 0.8965265 0.8866359 0.8973719 0.8874813 0.8956812 0.8888132 0.8965265 0.8879678 0.8973719 0.8888132 0.8956812 0.8901451 0.8965265 0.8892998 0.8973719 0.8901451 0.8956812 0.891477 0.8965265 0.8906316 0.8973719 0.891477 0.8956812 0.8928089 0.8965265 0.8919636 0.8973719 0.8928089 0.8956812 0.8941408 0.8965265 0.8932954 0.8973719 0.8941408 0.8956812 0.8954727 0.8965265 0.8946274 0.8973719 0.8954727 0.8956812 0.8968046 0.8965265 0.8959593 0.8973719 0.8968046 0.8956812 0.8981365 0.8965265 0.8972912 0.8973719 0.8981365 0.8956812 0.8994684 0.8965265 0.8986231 0.8973719 0.8994684 0.8956812 0.9008004 0.8965265 0.8999551 0.8973719 0.9008004 0.8956812 0.9021323 0.8965265 0.9012869 0.8973719 0.9021323 0.8956812 0.9034642 0.8965265 0.9026188 0.8973719 0.9034642 0.8956812 0.9047961 0.8965265 0.9039507 0.8973719 0.9047961 0.8956812 0.906128 0.8965265 0.9052826 0.8973719 0.906128 0.8956812 0.9074599 0.8965265 0.9066146 0.8973719 0.9074599 0.8956812 0.9087918 0.8965265 0.9079465 0.8973719 0.9087918 0.8956812 0.9101237 0.8965265 0.9092784 0.8973719 0.9101237 0.8956812 0.9114557 0.8965265 0.9106103 0.8973719 0.9114557 0.8956812 0.9127876 0.8965265 0.9119422 0.8973719 0.9127876 0.8956812 0.9141195 0.8965265 0.9132741 0.8973719 0.9141195 0.8956812 0.9154514 0.8965265 0.9146061 0.8973719 0.9154514 0.8956812 0.9167833 0.8965265 0.9159379 0.8973719 0.9167833 0.8956812 0.9181152 0.8965265 0.9172699 0.8973719 0.9181152 0.8956812 0.9194471 0.8965265 0.9186018 0.8973719 0.9194471 0.8956812 0.920779 0.8965265 0.9199337 0.8973719 0.920779 0.8956812 0.9221109 0.8965265 0.9212656 0.8973719 0.9221109 0.8956812 0.9234429 0.8965265 0.9225975 0.8973719 0.9234429 0.8956812 0.9247748 0.8965265 0.9239294 0.8973719 0.9247748 0.8956812 0.9261067 0.8965265 0.9252613 0.8973719 0.9261067 0.8956812 0.9274386 0.8965265 0.9265933 0.8973719 0.9274386 0.8956812 0.9287705 0.8965265 0.9279251 0.8973719 0.9287705 0.8956812 0.9301024 0.8965265 0.9292571 0.8973719 0.9301024 0.8956812 0.9314344 0.8965265 0.930589 0.8973719 0.9314344 0.8956812 0.9327662 0.8965265 0.9319209 0.8973719 0.9327662 0.8956812 0.9340981 0.8965265 0.9332528 0.8973719 0.9340981 0.8956812 0.9354301 0.8965265 0.9345847 0.8973719 0.9354301 0.8956812 0.936762 0.8965265 0.9359166 0.8973719 0.936762 0.8956812 0.9380939 0.8965265 0.9372486 0.8973719 0.9380939 0.8956812 0.9394258 0.8965265 0.9385805 0.8973719 0.9394258 0.8367183 0.9409395 0.8375636 0.9417849 0.8367183 0.9426303 0.8380502 0.9409395 0.8388956 0.9417849 0.8380502 0.9426303 0.8393821 0.9409395 0.8402275 0.9417849 0.8393821 0.9426303 0.840714 0.9409395 0.8415594 0.9417849 0.840714 0.9426303 0.842046 0.9409395 0.8428913 0.9417849 0.842046 0.9426303 0.8433778 0.9409395 0.8442232 0.9417849 0.8433778 0.9426303 0.8447098 0.9409395 0.8455551 0.9417849 0.8447098 0.9426303 0.8460417 0.9409395 0.846887 0.9417849 0.8460417 0.9426303 0.8473736 0.9409395 0.8482189 0.9417849 0.8473736 0.9426303 0.8487055 0.9409395 0.8495509 0.9417849 0.8487055 0.9426303 0.8500374 0.9409395 0.8508828 0.9417849 0.8500374 0.9426303 0.8513693 0.9409396 0.8522146 0.9417849 0.8513693 0.9426303 0.8527013 0.9409396 0.8535466 0.9417849 0.8527013 0.9426303 0.8540331 0.9409396 0.8548785 0.9417849 0.8540331 0.9426303 0.855365 0.9409396 0.8562104 0.9417849 0.855365 0.9426303 0.856697 0.9409396 0.8575423 0.9417849 0.856697 0.9426303 0.8580289 0.9409396 0.8588742 0.9417849 0.8580289 0.9426303 0.8593608 0.9409396 0.8602061 0.9417849 0.8593608 0.9426303 0.8606927 0.9409396 0.8615381 0.9417849 0.8606927 0.9426303 0.8620246 0.9409395 0.8628699 0.9417849 0.8620246 0.9426303 0.8633565 0.9409396 0.8642019 0.9417849 0.8633565 0.9426303 0.8646884 0.9409396 0.8655338 0.9417849 0.8646884 0.9426303 0.8660203 0.9409396 0.8668657 0.9417849 0.8660203 0.9426303 0.8673523 0.9409396 0.8681976 0.9417849 0.8673523 0.9426303 0.8686842 0.9409395 0.8695295 0.9417849 0.8686842 0.9426303 0.8700161 0.9409396 0.8708614 0.9417849 0.8700161 0.9426303 0.871348 0.9409396 0.8721933 0.9417849 0.871348 0.9426303 0.8726799 0.9409396 0.8735253 0.9417849 0.8726799 0.9426303 0.8740118 0.9409396 0.8748571 0.9417849 0.8740118 0.9426303 0.8753437 0.9409396 0.8761891 0.9417849 0.8753437 0.9426303 0.8766756 0.9409395 0.877521 0.9417849 0.8766756 0.9426303 0.8780075 0.9409396 0.8788529 0.9417849 0.8780075 0.9426303 0.8793395 0.9409395 0.8801848 0.9417849 0.8793395 0.9426303 0.8806714 0.9409396 0.8815167 0.9417849 0.8806714 0.9426303 0.8820033 0.9409396 0.8828486 0.9417849 0.8820033 0.9426303 0.8833352 0.9409395 0.8841806 0.9417849 0.8833352 0.9426303 0.8846671 0.9409396 0.8855125 0.9417849 0.8846671 0.9426303 0.885999 0.9409396 0.8868443 0.9417849 0.885999 0.9426303 0.8873309 0.9409395 0.8881763 0.9417849 0.8873309 0.9426303 0.8886628 0.9409396 0.8895082 0.9417849 0.8886628 0.9426303 0.8899948 0.9409396 0.8908401 0.9417849 0.8899948 0.9426303 0.8913267 0.9409395 0.892172 0.9417849 0.8913267 0.9426303 0.8926586 0.9409396 0.8935039 0.9417849 0.8926586 0.9426303 0.8939905 0.9409396 0.8948358 0.9417849 0.8939905 0.9426303 0.8953224 0.9409396 0.8961676 0.9417849 0.8953224 0.9426303 0.8978584 0.8808217 0.8987038 0.8799764 0.8995491 0.8808217 0.8978584 0.8821537 0.8987038 0.8813083 0.8995491 0.8821537 0.8978584 0.8834855 0.8987038 0.8826401 0.8995491 0.8834855 0.8978584 0.8848174 0.8987038 0.8839721 0.8995491 0.8848174 0.8978584 0.8861493 0.8987038 0.885304 0.8995491 0.8861493 0.8978584 0.8874813 0.8987038 0.8866359 0.8995491 0.8874812 0.8978584 0.8888132 0.8987038 0.8879678 0.8995491 0.8888132 0.8978584 0.8901451 0.8987038 0.8892998 0.8995491 0.8901451 0.8978584 0.891477 0.8987038 0.8906316 0.8995491 0.891477 0.8978584 0.8928089 0.8987038 0.8919636 0.8995491 0.8928089 0.8978584 0.8941408 0.8987038 0.8932954 0.8995491 0.8941408 0.8978584 0.8954727 0.8987038 0.8946274 0.8995491 0.8954727 0.8978584 0.8968046 0.8987038 0.8959593 0.8995491 0.8968046 0.8978584 0.8981365 0.8987038 0.8972912 0.8995491 0.8981365 0.8978584 0.8994684 0.8987038 0.8986231 0.8995491 0.8994684 0.8978584 0.9008004 0.8987038 0.8999551 0.8995491 0.9008004 0.8978584 0.9021323 0.8987038 0.9012869 0.8995491 0.9021323 0.8978584 0.9034642 0.8987038 0.9026188 0.8995491 0.9034642 0.8978584 0.9047961 0.8987038 0.9039507 0.8995491 0.9047961 0.8978584 0.906128 0.8987038 0.9052826 0.8995491 0.906128 0.8978584 0.9074599 0.8987038 0.9066146 0.8995491 0.9074599 0.8978584 0.9087918 0.8987038 0.9079465 0.8995491 0.9087918 0.8978584 0.9101237 0.8987038 0.9092784 0.8995491 0.9101237 0.8978584 0.9114557 0.8987038 0.9106103 0.8995491 0.9114557 0.8978584 0.9127876 0.8987038 0.9119422 0.8995491 0.9127876 0.8978584 0.9141195 0.8987038 0.9132741 0.8995491 0.9141195 0.8978584 0.9154514 0.8987038 0.914606 0.8995491 0.9154514 0.8978584 0.9167833 0.8987038 0.9159379 0.8995491 0.9167833 0.8978584 0.9181152 0.8987038 0.9172699 0.8995491 0.9181152 0.8978584 0.9194471 0.8987038 0.9186018 0.8995491 0.9194471 0.8978584 0.920779 0.8987038 0.9199337 0.8995491 0.920779 0.8978584 0.9221109 0.8987038 0.9212656 0.8995491 0.9221109 0.8978584 0.9234429 0.8987038 0.9225975 0.8995491 0.9234429 0.8978584 0.9247748 0.8987038 0.9239294 0.8995491 0.9247748 0.8978584 0.9261067 0.8987038 0.9252613 0.8995491 0.9261067 0.8978584 0.9274386 0.8987038 0.9265933 0.8995491 0.9274386 0.8978584 0.9287705 0.8987038 0.9279251 0.8995491 0.9287705 0.8978584 0.9301024 0.8987038 0.9292571 0.8995491 0.9301024 0.8978584 0.9314344 0.8987038 0.930589 0.8995491 0.9314344 0.8978584 0.9327662 0.8987038 0.9319209 0.8995491 0.9327662 0.8978584 0.9340981 0.8987038 0.9332528 0.8995491 0.9340981 0.8978584 0.9354301 0.8987038 0.9345847 0.8995491 0.9354301 0.8978584 0.936762 0.8987038 0.9359166 0.8995491 0.936762 0.8978584 0.9380939 0.8987038 0.9372486 0.8995491 0.9380939 0.8978584 0.9394258 0.8987038 0.9385805 0.8995491 0.9394258 0.8978584 0.9407577 0.8987038 0.9399123 0.8995491 0.9407577 0.8978584 0.9420896 0.8987038 0.9412443 0.8995491 0.9420896 0.8367183 0.9431168 0.8375636 0.9439621 0.8367183 0.9448075 0.8380502 0.9431168 0.8388956 0.9439621 0.8380503 0.9448075 0.8393821 0.9431168 0.8402275 0.9439621 0.8393821 0.9448075 0.840714 0.9431168 0.8415594 0.9439621 0.840714 0.9448075 0.842046 0.9431168 0.8428913 0.9439621 0.842046 0.9448075 0.8433778 0.9431168 0.8442232 0.9439621 0.8433778 0.9448075 0.8447098 0.9431168 0.8455551 0.9439621 0.8447098 0.9448075 0.8460417 0.9431168 0.846887 0.9439621 0.8460417 0.9448075 0.8473736 0.9431168 0.8482189 0.9439621 0.8473736 0.9448075 0.8487055 0.9431168 0.8495509 0.9439621 0.8487055 0.9448075 0.8500375 0.9431168 0.8508828 0.9439621 0.8500375 0.9448075 0.8513693 0.9431168 0.8522147 0.9439621 0.8513693 0.9448075 0.8527013 0.9431168 0.8535466 0.9439621 0.8527013 0.9448075 0.8540331 0.9431168 0.8548785 0.9439621 0.8540331 0.9448075 0.855365 0.9431168 0.8562104 0.9439621 0.855365 0.9448075 0.856697 0.9431168 0.8575423 0.9439621 0.856697 0.9448075 0.8580289 0.9431168 0.8588742 0.9439621 0.8580289 0.9448075 0.8593608 0.9431168 0.8602061 0.9439621 0.8593608 0.9448075 0.8606927 0.9431168 0.8615381 0.9439621 0.8606927 0.9448075 0.8620246 0.9431168 0.8628699 0.9439621 0.8620246 0.9448075 0.8633565 0.9431168 0.8642019 0.9439621 0.8633565 0.9448075 0.8646884 0.9431168 0.8655338 0.9439621 0.8646884 0.9448075 0.8660203 0.9431168 0.8668657 0.9439621 0.8660203 0.9448075 0.8673523 0.9431168 0.8681976 0.9439621 0.8673523 0.9448075 0.8686842 0.9431168 0.8695295 0.9439621 0.8686842 0.9448075 0.8700161 0.9431168 0.8708614 0.9439621 0.8700161 0.9448075 0.871348 0.9431168 0.8721933 0.9439621 0.871348 0.9448075 0.8726799 0.9431168 0.8735253 0.9439621 0.8726799 0.9448075 0.8740118 0.9431168 0.8748571 0.9439621 0.8740118 0.9448075 0.8753437 0.9431168 0.8761891 0.9439621 0.8753437 0.9448075 0.8766756 0.9431168 0.877521 0.9439621 0.8766756 0.9448075 0.8780075 0.9431168 0.8788529 0.9439621 0.8780075 0.9448075 0.8793395 0.9431168 0.8801848 0.9439621 0.8793395 0.9448075 0.8806714 0.9431168 0.8815167 0.9439621 0.8806714 0.9448075 0.8820033 0.9431168 0.8828486 0.9439621 0.8820033 0.9448075 0.8833352 0.9431168 0.8841806 0.9439621 0.8833352 0.9448075 0.8846671 0.9431168 0.8855124 0.9439621 0.8846671 0.9448075 0.885999 0.9431168 0.8868443 0.9439621 0.885999 0.9448075 0.887331 0.9431168 0.8881763 0.9439621 0.887331 0.9448075 0.8886628 0.9431168 0.8895082 0.9439621 0.8886628 0.9448075 0.8899948 0.9431168 0.8908401 0.9439621 0.8899948 0.9448075 0.8913267 0.9431168 0.892172 0.9439621 0.8913267 0.9448075 0.8926586 0.9431168 0.8935039 0.9439622 0.8926586 0.9448075 0.8939905 0.9431168 0.8948358 0.9439621 0.8939905 0.9448075 0.8953224 0.9431168 0.8961676 0.9439621 0.8953224 0.9448075 0.8966543 0.9431168 0.8974997 0.9439622 0.8966543 0.9448075 0.8979862 0.9431168 0.8988315 0.9439621 0.8979862 0.9448075 0.9000357 0.8808217 0.9008809 0.8799764 0.9017264 0.8808217 0.9000357 0.8821537 0.9008809 0.8813083 0.9017264 0.8821537 0.9000357 0.8834855 0.9008809 0.8826401 0.9017264 0.8834855 0.9000357 0.8848174 0.9008809 0.8839721 0.9017264 0.8848174 0.9000357 0.8861493 0.9008809 0.885304 0.9017264 0.8861493 0.9000357 0.8874812 0.9008809 0.8866359 0.9017264 0.8874812 0.9000357 0.8888132 0.9008809 0.8879678 0.9017264 0.8888132 0.9000357 0.8901451 0.9008809 0.8892998 0.9017264 0.8901451 0.9000357 0.891477 0.9008809 0.8906316 0.9017264 0.891477 0.9000357 0.8928089 0.9008809 0.8919636 0.9017264 0.8928089 0.9000357 0.8941408 0.9008809 0.8932954 0.9017264 0.8941408 0.9000357 0.8954727 0.9008809 0.8946274 0.9017264 0.8954727 0.9000357 0.8968046 0.9008809 0.8959593 0.9017264 0.8968046 0.9000357 0.8981365 0.9008809 0.8972912 0.9017264 0.8981365 0.9000357 0.8994684 0.9008809 0.8986231 0.9017264 0.8994684 0.9000357 0.9008004 0.9008809 0.8999551 0.9017264 0.9008004 0.9000357 0.9021323 0.9008809 0.9012869 0.9017264 0.9021323 0.9000357 0.9034642 0.9008809 0.9026188 0.9017264 0.9034642 0.9000357 0.9047961 0.9008809 0.9039507 0.9017264 0.9047961 0.9000357 0.906128 0.9008809 0.9052826 0.9017264 0.906128 0.9000357 0.9074599 0.9008809 0.9066146 0.9017264 0.9074599 0.9000357 0.9087918 0.9008809 0.9079465 0.9017264 0.9087918 0.9000357 0.9101237 0.9008809 0.9092784 0.9017264 0.9101237 0.9000357 0.9114557 0.9008809 0.9106103 0.9017264 0.9114557 0.9000357 0.9127876 0.9008809 0.9119422 0.9017264 0.9127876 0.9000357 0.9141195 0.9008809 0.9132741 0.9017264 0.9141195 0.9000357 0.9154514 0.9008809 0.9146061 0.9017264 0.9154514 0.9000357 0.9167833 0.9008809 0.9159379 0.9017264 0.9167833 0.9000357 0.9181152 0.9008809 0.9172699 0.9017264 0.9181152 0.9000357 0.9194471 0.9008809 0.9186018 0.9017264 0.9194471 0.9000357 0.920779 0.9008809 0.9199337 0.9017264 0.920779 0.9000357 0.9221109 0.9008809 0.9212656 0.9017264 0.9221109 0.9000357 0.9234429 0.9008809 0.9225975 0.9017264 0.9234429 0.9000357 0.9247748 0.9008809 0.9239294 0.9017264 0.9247748 0.9000357 0.9261067 0.9008809 0.9252613 0.9017264 0.9261067 0.9000357 0.9274386 0.9008809 0.9265933 0.9017264 0.9274386 0.9000357 0.9287705 0.9008809 0.9279252 0.9017264 0.9287705 0.9000357 0.9301024 0.9008809 0.9292571 0.9017264 0.9301024 0.9000357 0.9314343 0.9008809 0.930589 0.9017264 0.9314343 0.9000357 0.9327662 0.9008809 0.9319209 0.9017264 0.9327662 0.9000357 0.9340981 0.9008809 0.9332528 0.9017264 0.9340981 0.9000357 0.9354301 0.9008809 0.9345847 0.9017264 0.9354301 0.9000357 0.936762 0.9008809 0.9359166 0.9017264 0.936762 0.9000357 0.9380939 0.9008809 0.9372486 0.9017264 0.9380939 0.9000357 0.9394258 0.9008809 0.9385805 0.9017264 0.9394258 0.9000357 0.9407577 0.9008809 0.9399123 0.9017264 0.9407577 0.9000357 0.9420896 0.9008809 0.9412443 0.9017264 0.9420896 0.9000357 0.9434215 0.9008809 0.9425762 0.9017264 0.9434215 0.9000357 0.9447534 0.9008809 0.9439081 0.9017264 0.9447534 0.8367183 0.945294 0.8375637 0.9461394 0.8367183 0.9469847 0.8380503 0.945294 0.8388956 0.9461394 0.8380503 0.9469847 0.8393821 0.945294 0.8402275 0.9461394 0.8393821 0.9469847 0.840714 0.945294 0.8415594 0.9461394 0.840714 0.9469847 0.842046 0.945294 0.8428913 0.9461394 0.842046 0.9469847 0.8433778 0.945294 0.8442232 0.9461394 0.8433778 0.9469847 0.8447098 0.945294 0.8455551 0.9461394 0.8447098 0.9469847 0.8460417 0.945294 0.846887 0.9461394 0.8460417 0.9469847 0.8473736 0.945294 0.8482189 0.9461394 0.8473736 0.9469847 0.8487055 0.945294 0.8495509 0.9461394 0.8487055 0.9469847 0.8500374 0.945294 0.8508828 0.9461394 0.8500374 0.9469847 0.8513693 0.945294 0.8522147 0.9461394 0.8513693 0.9469847 0.8527013 0.945294 0.8535466 0.9461394 0.8527013 0.9469847 0.8540331 0.945294 0.8548785 0.9461394 0.8540331 0.9469847 0.855365 0.945294 0.8562104 0.9461394 0.855365 0.9469847 0.856697 0.945294 0.8575423 0.9461394 0.856697 0.9469847 0.8580289 0.945294 0.8588742 0.9461394 0.8580289 0.9469847 0.8593608 0.945294 0.8602061 0.9461394 0.8593608 0.9469847 0.8606927 0.945294 0.8615381 0.9461394 0.8606927 0.9469847 0.8620246 0.945294 0.8628699 0.9461394 0.8620246 0.9469847 0.8633565 0.945294 0.8642019 0.9461394 0.8633565 0.9469847 0.8646884 0.945294 0.8655338 0.9461394 0.8646884 0.9469847 0.8660203 0.945294 0.8668657 0.9461394 0.8660203 0.9469847 0.8673523 0.945294 0.8681976 0.9461394 0.8673523 0.9469847 0.8686842 0.945294 0.8695295 0.9461394 0.8686842 0.9469847 0.8700161 0.945294 0.8708614 0.9461394 0.8700161 0.9469847 0.871348 0.945294 0.8721933 0.9461394 0.871348 0.9469847 0.8726799 0.945294 0.8735253 0.9461394 0.8726799 0.9469847 0.8740118 0.945294 0.8748571 0.9461394 0.8740118 0.9469847 0.8753437 0.945294 0.8761891 0.9461394 0.8753437 0.9469847 0.8766756 0.945294 0.877521 0.9461394 0.8766756 0.9469847 0.8780075 0.945294 0.8788529 0.9461394 0.8780075 0.9469847 0.8793395 0.945294 0.8801848 0.9461394 0.8793395 0.9469847 0.8806714 0.945294 0.8815167 0.9461394 0.8806714 0.9469847 0.8820033 0.945294 0.8828486 0.9461394 0.8820033 0.9469847 0.8833352 0.945294 0.8841806 0.9461394 0.8833352 0.9469847 0.8846671 0.945294 0.8855125 0.9461394 0.8846671 0.9469847 0.885999 0.945294 0.8868443 0.9461394 0.885999 0.9469847 0.887331 0.945294 0.8881763 0.9461394 0.887331 0.9469847 0.8886628 0.945294 0.8895082 0.9461394 0.8886628 0.9469847 0.8899948 0.945294 0.8908401 0.9461394 0.8899948 0.9469847 0.8913267 0.945294 0.892172 0.9461394 0.8913267 0.9469847 0.8926586 0.945294 0.8935039 0.9461394 0.8926586 0.9469847 0.8939905 0.945294 0.8948358 0.9461394 0.8939905 0.9469847 0.8953224 0.945294 0.8961676 0.9461394 0.8953224 0.9469847 0.8966543 0.945294 0.8974997 0.9461394 0.8966543 0.9469847 0.8979862 0.945294 0.8988315 0.9461394 0.8979862 0.9469847 0.899318 0.945294 0.9001635 0.9461394 0.899318 0.9469847 0.90065 0.945294 0.9014953 0.9461394 0.90065 0.9469847 0.902213 0.8808217 0.9030583 0.8799764 0.9039037 0.8808217 0.902213 0.8821537 0.9030583 0.8813083 0.9039037 0.8821537 0.902213 0.8834855 0.9030583 0.8826401 0.9039037 0.8834855 0.902213 0.8848174 0.9030583 0.8839721 0.9039037 0.8848174 0.902213 0.8861493 0.9030583 0.885304 0.9039037 0.8861493 0.902213 0.8874812 0.9030583 0.8866359 0.9039037 0.8874812 0.902213 0.8888132 0.9030583 0.8879678 0.9039037 0.8888132 0.902213 0.8901451 0.9030583 0.8892998 0.9039037 0.8901451 0.902213 0.891477 0.9030583 0.8906316 0.9039037 0.891477 0.902213 0.8928089 0.9030583 0.8919636 0.9039037 0.8928089 0.902213 0.8941408 0.9030583 0.8932954 0.9039037 0.8941408 0.902213 0.8954727 0.9030583 0.8946274 0.9039037 0.8954727 0.902213 0.8968046 0.9030583 0.8959593 0.9039037 0.8968046 0.902213 0.8981365 0.9030583 0.8972912 0.9039037 0.8981365 0.902213 0.8994684 0.9030583 0.8986231 0.9039037 0.8994684 0.902213 0.9008004 0.9030583 0.8999551 0.9039037 0.9008004 0.902213 0.9021323 0.9030583 0.9012869 0.9039037 0.9021323 0.902213 0.9034642 0.9030583 0.9026188 0.9039037 0.9034642 0.902213 0.9047961 0.9030583 0.9039507 0.9039037 0.9047961 0.902213 0.906128 0.9030583 0.9052826 0.9039037 0.906128 0.902213 0.9074599 0.9030583 0.9066146 0.9039037 0.9074599 0.902213 0.9087918 0.9030583 0.9079465 0.9039037 0.9087918 0.902213 0.9101237 0.9030583 0.9092784 0.9039037 0.9101237 0.902213 0.9114557 0.9030583 0.9106103 0.9039037 0.9114557 0.902213 0.9127876 0.9030583 0.9119422 0.9039037 0.9127876 0.902213 0.9141195 0.9030583 0.9132741 0.9039037 0.9141195 0.902213 0.9154514 0.9030583 0.914606 0.9039037 0.9154514 0.902213 0.9167833 0.9030583 0.9159379 0.9039037 0.9167833 0.902213 0.9181152 0.9030583 0.9172699 0.9039037 0.9181152 0.902213 0.9194471 0.9030583 0.9186018 0.9039037 0.9194471 0.902213 0.920779 0.9030583 0.9199337 0.9039037 0.920779 0.902213 0.9221109 0.9030583 0.9212656 0.9039037 0.9221109 0.902213 0.9234429 0.9030583 0.9225975 0.9039037 0.9234429 0.902213 0.9247748 0.9030583 0.9239294 0.9039037 0.9247748 0.902213 0.9261067 0.9030583 0.9252613 0.9039037 0.9261067 0.902213 0.9274386 0.9030583 0.9265933 0.9039037 0.9274386 0.902213 0.9287705 0.9030583 0.9279251 0.9039037 0.9287705 0.902213 0.9301024 0.9030583 0.9292571 0.9039037 0.9301024 0.902213 0.9314344 0.9030583 0.930589 0.9039037 0.9314344 0.8863944 0.9565001 0.8864092 0.9564878 0.8864569 0.9565041 0.8865292 0.9565906 0.8865151 0.9566149 0.8865056 0.9565609 0.8865056 0.9565609 0.8865151 0.9566149 0.8864979 0.9566191 0.8864092 0.9564878 0.8864448 0.9564914 0.8864569 0.9565041 0.8864569 0.9565041 0.8864448 0.9564914 0.8864825 0.9565142 0.8864569 0.9565041 0.8864825 0.9565142 0.8865056 0.9565609 0.8865056 0.9565609 0.8864825 0.9565142 0.8865119 0.9565488 0.8865056 0.9565609 0.8865119 0.9565488 0.8865292 0.9565906 0.8863824 0.9565447 0.8864569 0.9565041 0.8863756 0.9565503 0.8863756 0.9565503 0.8864569 0.9565041 0.8863728 0.9565528 0.8863866 0.9565093 0.8863944 0.9565001 0.8863882 0.9565252 0.8863882 0.9565252 0.8863944 0.9565001 0.8864569 0.9565041 0.8863882 0.9565252 0.8864569 0.9565041 0.8863869 0.9565372 0.8863869 0.9565372 0.8864569 0.9565041 0.8863824 0.9565447 0.8864979 0.9566191 0.8864909 0.956622 0.8865056 0.9565609 0.8865056 0.9565609 0.8864909 0.956622 0.8864794 0.9566232 0.8865056 0.9565609 0.8864794 0.9566232 0.8864707 0.9566257 0.8864707 0.9566257 0.8864644 0.9566304 0.8865056 0.9565609 0.8865056 0.9565609 0.8864644 0.9566304 0.8864585 0.9566353 0.8865056 0.9565609 0.8864585 0.9566353 0.886456 0.9566381 0.8864282 0.9566183 0.8864275 0.9566198 0.88642 0.9566094 0.88642 0.9566094 0.8864275 0.9566198 0.8864187 0.9566093 0.8864595 0.9565193 0.8864614 0.9565176 0.8864648 0.9565253 0.8864648 0.9565253 0.8864614 0.9565176 0.8864663 0.9565258 0.8864569 0.9565041 0.8864597 0.9565112 0.8864552 0.9565203 0.8864597 0.9565112 0.8864569 0.9565041 0.8864984 0.9565566 0.8864984 0.9565566 0.8864569 0.9565041 0.8865056 0.9565609 0.8864984 0.9565566 0.8865056 0.9565609 0.8864874 0.9565577 0.8864874 0.9565577 0.8865056 0.9565609 0.8864611 0.9565628 0.8864874 0.9565577 0.8864611 0.9565628 0.8864552 0.9565203 0.8864552 0.9565203 0.8864611 0.9565628 0.8864423 0.9565473 0.8864552 0.9565203 0.8864423 0.9565473 0.8864569 0.9565041 0.8864358 0.9566356 0.8864333 0.9566296 0.8864312 0.956617 0.8864333 0.9566296 0.8864358 0.9566356 0.8863794 0.9565726 0.8863794 0.9565726 0.8864358 0.9566356 0.8863697 0.9565656 0.8863794 0.9565726 0.8863697 0.9565656 0.8863913 0.9565736 0.8863913 0.9565736 0.8863697 0.9565656 0.8864189 0.9565743 0.8863913 0.9565736 0.8864189 0.9565743 0.8864312 0.956617 0.8864312 0.956617 0.8864189 0.9565743 0.8864355 0.9565861 0.8864312 0.956617 0.8864355 0.9565861 0.8864358 0.9566356 0.8864569 0.9565041 0.8864423 0.9565473 0.8863728 0.9565528 0.8863728 0.9565528 0.8864423 0.9565473 0.8864189 0.9565743 0.8863728 0.9565528 0.8864189 0.9565743 0.8863697 0.9565656 0.8864358 0.9566356 0.8864355 0.9565861 0.886456 0.9566381 0.886456 0.9566381 0.8864355 0.9565861 0.8864611 0.9565628 0.886456 0.9566381 0.8864611 0.9565628 0.8865056 0.9565609 0.8864423 0.9565473 0.8864611 0.9565628 0.8864189 0.9565743 0.8864189 0.9565743 0.8864611 0.9565628 0.8864355 0.9565861 0.8863797 0.9565792 0.8863707 0.9565708 0.8863697 0.9565656 0.8863707 0.9565708 0.886367 0.9565653 0.8863697 0.9565656 0.8863697 0.9565656 0.886367 0.9565653 0.8863677 0.9565571 0.8863697 0.9565656 0.8863677 0.9565571 0.8863728 0.9565528 0.8864378 0.9566386 0.8864358 0.9566356 0.8864508 0.9566391 0.8864508 0.9566391 0.8864358 0.9566356 0.886456 0.9566381 0.8864378 0.9566386 0.8864319 0.9566354 0.8864358 0.9566356 0.8864358 0.9566356 0.8864319 0.9566354 0.886424 0.9566269 0.8864358 0.9566356 0.886424 0.9566269 0.8864156 0.9566159 0.8864156 0.9566159 0.886407 0.9566057 0.8864358 0.9566356 0.8864358 0.9566356 0.886407 0.9566057 0.8863983 0.9565965 0.8864358 0.9566356 0.8863983 0.9565965 0.8863697 0.9565656 0.8863697 0.9565656 0.8863983 0.9565965 0.8863893 0.9565877 0.8863697 0.9565656 0.8863893 0.9565877 0.8863797 0.9565792 0.8864904 0.9565537 0.8864853 0.9565469 0.8864855 0.9565462 0.8864803 0.9565375 0.8864597 0.9565112 0.8864821 0.9565391 0.8864821 0.9565391 0.8864597 0.9565112 0.8864984 0.9565566 0.8864821 0.9565391 0.8864984 0.9565566 0.886484 0.9565416 0.8864803 0.9565375 0.8864784 0.956536 0.8864597 0.9565112 0.8864597 0.9565112 0.8864784 0.956536 0.8864763 0.9565343 0.8864597 0.9565112 0.8864763 0.9565343 0.8864614 0.9565176 0.8864855 0.9565462 0.8864859 0.9565457 0.8864904 0.9565537 0.8864904 0.9565537 0.8864859 0.9565457 0.8864864 0.9565454 0.8864904 0.9565537 0.8864864 0.9565454 0.8864984 0.9565566 0.8864984 0.9565566 0.8864864 0.9565454 0.8864856 0.9565439 0.8864984 0.9565566 0.8864856 0.9565439 0.886484 0.9565416 0.8864669 0.9565267 0.8864663 0.9565258 0.8864703 0.9565296 0.8864703 0.9565296 0.8864663 0.9565258 0.8864614 0.9565176 0.8864703 0.9565296 0.8864614 0.9565176 0.8864731 0.9565318 0.8864731 0.9565318 0.8864614 0.9565176 0.8864763 0.9565343 0.8864874 0.9565534 0.8864904 0.9565537 0.8864874 0.9565577 0.8864874 0.9565577 0.8864904 0.9565537 0.8864984 0.9565566 0.8864831 0.9565453 0.8864838 0.9565463 0.8864797 0.9565423 0.8864797 0.9565423 0.8864838 0.9565463 0.8864874 0.9565534 0.8864595 0.9565193 0.8864648 0.9565253 0.8864647 0.956526 0.8864647 0.956526 0.8864645 0.9565264 0.8864595 0.9565193 0.8864595 0.9565193 0.8864645 0.9565264 0.886464 0.9565267 0.8864595 0.9565193 0.886464 0.9565267 0.8864552 0.9565203 0.8864552 0.9565203 0.886464 0.9565267 0.8864648 0.9565282 0.8864552 0.9565203 0.8864648 0.9565282 0.8864666 0.9565306 0.8864666 0.9565306 0.8864681 0.9565327 0.8864552 0.9565203 0.8864552 0.9565203 0.8864681 0.9565327 0.8864697 0.9565344 0.8864552 0.9565203 0.8864697 0.9565344 0.8864874 0.9565577 0.8864697 0.9565344 0.8864714 0.9565358 0.8864874 0.9565577 0.8864874 0.9565577 0.8864714 0.9565358 0.8864735 0.9565376 0.8864874 0.9565577 0.8864735 0.9565376 0.8864874 0.9565534 0.8864874 0.9565534 0.8864735 0.9565376 0.8864769 0.9565402 0.8864874 0.9565534 0.8864769 0.9565402 0.8864797 0.9565423 0.8864614 0.9565176 0.8864595 0.9565193 0.8864597 0.9565112 0.8864597 0.9565112 0.8864595 0.9565193 0.8864552 0.9565203 0.8864904 0.9565537 0.8864874 0.9565534 0.8864853 0.9565469 0.8864853 0.9565469 0.8864874 0.9565534 0.8864838 0.9565463 0.8863885 0.9565768 0.8863955 0.9565851 0.8863953 0.9565857 0.8863953 0.9565857 0.886395 0.956586 0.8863885 0.9565768 0.8863885 0.9565768 0.886395 0.956586 0.8863946 0.9565863 0.8863885 0.9565768 0.8863946 0.9565863 0.8863794 0.9565726 0.8863794 0.9565726 0.8863946 0.9565863 0.8863952 0.9565874 0.8863794 0.9565726 0.8863952 0.9565874 0.8863973 0.95659 0.8864178 0.9566082 0.8864187 0.9566093 0.8864126 0.9566038 0.8864126 0.9566038 0.8864187 0.9566093 0.8864275 0.9566198 0.8863973 0.95659 0.8863999 0.9565931 0.8863794 0.9565726 0.8863794 0.9565726 0.8863999 0.9565931 0.8864028 0.9565962 0.8863794 0.9565726 0.8864028 0.9565962 0.8864333 0.9566296 0.8864028 0.9565962 0.8864046 0.9565977 0.8864333 0.9566296 0.8864333 0.9566296 0.8864046 0.9565977 0.8864067 0.9565993 0.8864333 0.9566296 0.8864067 0.9565993 0.8864275 0.9566198 0.8864275 0.9566198 0.8864067 0.9565993 0.8864096 0.9566015 0.8864275 0.9566198 0.8864096 0.9566015 0.8864126 0.9566038 0.8863917 0.9565777 0.8863885 0.9565768 0.8863913 0.9565736 0.8863913 0.9565736 0.8863885 0.9565768 0.8863794 0.9565726 0.8864282 0.9566183 0.88642 0.9566094 0.88642 0.9566087 0.8864136 0.9565996 0.8864114 0.9565978 0.8863913 0.9565736 0.8863913 0.9565736 0.8864114 0.9565978 0.886409 0.9565959 0.8863913 0.9565736 0.886409 0.9565959 0.8863917 0.9565777 0.8864136 0.9565996 0.8863913 0.9565736 0.8864152 0.956601 0.8864152 0.956601 0.8863913 0.9565736 0.8864312 0.956617 0.8864152 0.956601 0.8864312 0.956617 0.886417 0.9566032 0.8863974 0.9565864 0.886397 0.9565857 0.8864018 0.9565901 0.8864018 0.9565901 0.886397 0.9565857 0.8863917 0.9565777 0.8864018 0.9565901 0.8863917 0.9565777 0.886405 0.9565927 0.886405 0.9565927 0.8863917 0.9565777 0.886409 0.9565959 0.88642 0.9566087 0.8864201 0.9566082 0.8864282 0.9566183 0.8864282 0.9566183 0.8864201 0.9566082 0.8864204 0.9566078 0.8864282 0.9566183 0.8864204 0.9566078 0.8864312 0.956617 0.8864312 0.956617 0.8864204 0.9566078 0.8864195 0.9566064 0.8864312 0.956617 0.8864195 0.9566064 0.886417 0.9566032 0.8864275 0.9566198 0.8864282 0.9566183 0.8864333 0.9566296 0.8864333 0.9566296 0.8864282 0.9566183 0.8864312 0.956617 0.8863885 0.9565768 0.8863917 0.9565777 0.8863955 0.9565851 0.8863955 0.9565851 0.8863917 0.9565777 0.886397 0.9565857 0.8864647 0.956526 0.8864669 0.9565267 0.8864645 0.9565264 0.8864645 0.9565264 0.8864669 0.9565267 0.8864703 0.9565296 0.8864645 0.9565264 0.8864703 0.9565296 0.886464 0.9565267 0.886464 0.9565267 0.8864703 0.9565296 0.8864731 0.9565318 0.886464 0.9565267 0.8864731 0.9565318 0.8864648 0.9565282 0.8864648 0.9565282 0.8864731 0.9565318 0.8864763 0.9565343 0.8864648 0.9565282 0.8864763 0.9565343 0.8864666 0.9565306 0.8864666 0.9565306 0.8864763 0.9565343 0.8864784 0.956536 0.8864666 0.9565306 0.8864784 0.956536 0.8864681 0.9565327 0.8864681 0.9565327 0.8864784 0.956536 0.8864803 0.9565375 0.8864681 0.9565327 0.8864803 0.9565375 0.8864697 0.9565344 0.8864697 0.9565344 0.8864803 0.9565375 0.8864821 0.9565391 0.8864697 0.9565344 0.8864821 0.9565391 0.8864714 0.9565358 0.8864714 0.9565358 0.8864821 0.9565391 0.886484 0.9565416 0.8864714 0.9565358 0.886484 0.9565416 0.8864735 0.9565376 0.8864735 0.9565376 0.886484 0.9565416 0.8864856 0.9565439 0.8864735 0.9565376 0.8864856 0.9565439 0.8864769 0.9565402 0.8864769 0.9565402 0.8864856 0.9565439 0.8864864 0.9565454 0.8864769 0.9565402 0.8864864 0.9565454 0.8864797 0.9565423 0.8864797 0.9565423 0.8864864 0.9565454 0.8864859 0.9565457 0.8864797 0.9565423 0.8864859 0.9565457 0.8864831 0.9565453 0.8864831 0.9565453 0.8864859 0.9565457 0.8864855 0.9565462 0.8864669 0.9565267 0.8864647 0.956526 0.8864663 0.9565258 0.8864663 0.9565258 0.8864647 0.956526 0.8864648 0.9565253 0.8864853 0.9565469 0.8864838 0.9565463 0.8864855 0.9565462 0.8864855 0.9565462 0.8864838 0.9565463 0.8864831 0.9565453 0.8864187 0.9566093 0.8864178 0.9566082 0.88642 0.9566094 0.88642 0.9566094 0.8864178 0.9566082 0.88642 0.9566087 0.8863953 0.9565857 0.8863955 0.9565851 0.8863974 0.9565864 0.8863974 0.9565864 0.8863955 0.9565851 0.886397 0.9565857 0.88642 0.9566087 0.8864178 0.9566082 0.8864201 0.9566082 0.8864201 0.9566082 0.8864178 0.9566082 0.8864126 0.9566038 0.8864201 0.9566082 0.8864126 0.9566038 0.8864204 0.9566078 0.8864204 0.9566078 0.8864126 0.9566038 0.8864096 0.9566015 0.8864204 0.9566078 0.8864096 0.9566015 0.8864195 0.9566064 0.8864195 0.9566064 0.8864096 0.9566015 0.8864067 0.9565993 0.8864195 0.9566064 0.8864067 0.9565993 0.886417 0.9566032 0.886417 0.9566032 0.8864067 0.9565993 0.8864046 0.9565977 0.886417 0.9566032 0.8864046 0.9565977 0.8864152 0.956601 0.8864152 0.956601 0.8864046 0.9565977 0.8864028 0.9565962 0.8864152 0.956601 0.8864028 0.9565962 0.8864136 0.9565996 0.8864136 0.9565996 0.8864028 0.9565962 0.8863999 0.9565931 0.8864136 0.9565996 0.8863999 0.9565931 0.8864114 0.9565978 0.8864114 0.9565978 0.8863999 0.9565931 0.8863973 0.95659 0.8864114 0.9565978 0.8863973 0.95659 0.886409 0.9565959 0.886409 0.9565959 0.8863973 0.95659 0.8863952 0.9565874 0.886409 0.9565959 0.8863952 0.9565874 0.886405 0.9565927 0.886405 0.9565927 0.8863952 0.9565874 0.8863946 0.9565863 0.886405 0.9565927 0.8863946 0.9565863 0.8864018 0.9565901 0.8864018 0.9565901 0.8863946 0.9565863 0.886395 0.956586 0.8864018 0.9565901 0.886395 0.956586 0.8863974 0.9565864 0.8863974 0.9565864 0.886395 0.956586 0.8863953 0.9565857 0.8864949 0.9566914 0.8864909 0.956622 0.8864979 0.9566191 0.8864949 0.9566914 0.8864979 0.9566191 0.8865429 0.9567109 0.8865429 0.9567109 0.8864979 0.9566191 0.8865151 0.9566149 0.8865429 0.9567109 0.8865151 0.9566149 0.8865895 0.9567205 0.8865895 0.9567205 0.8865151 0.9566149 0.8865292 0.9565906 0.8865895 0.9567205 0.8865292 0.9565906 0.8866091 0.9566963 0.8866091 0.9566963 0.8865292 0.9565906 0.8865119 0.9565488 0.8866091 0.9566963 0.8865119 0.9565488 0.886566 0.9566012 0.886566 0.9566012 0.8865119 0.9565488 0.8864825 0.9565142 0.886566 0.9566012 0.8864825 0.9565142 0.8864623 0.9564911 0.8864623 0.9564911 0.8864825 0.9565142 0.8864448 0.9564914 0.8864623 0.9564911 0.8864448 0.9564914 0.8863658 0.9564467 0.8863658 0.9564467 0.8864448 0.9564914 0.8864092 0.9564878 0.8863658 0.9564467 0.8864092 0.9564878 0.8863322 0.9564673 0.8863322 0.9564673 0.8864092 0.9564878 0.8863944 0.9565001 0.8863322 0.9564673 0.8863944 0.9565001 0.8863312 0.9565035 0.8863312 0.9565035 0.8863944 0.9565001 0.8863866 0.9565093 0.8863312 0.9565035 0.8863866 0.9565093 0.8863363 0.9565349 0.8863363 0.9565349 0.8863866 0.9565093 0.8863882 0.9565252 0.8863363 0.9565349 0.8863882 0.9565252 0.8863459 0.9565465 0.8863459 0.9565465 0.8863882 0.9565252 0.8863869 0.9565372 0.8863459 0.9565465 0.8863869 0.9565372 0.8863505 0.9565528 0.8863505 0.9565528 0.8863869 0.9565372 0.8863824 0.9565447 0.8863505 0.9565528 0.8863824 0.9565447 0.8863534 0.9565559 0.8863534 0.9565559 0.8863824 0.9565447 0.8863756 0.9565503 0.8863534 0.9565559 0.8863756 0.9565503 0.8863559 0.9565584 0.8863559 0.9565584 0.8863756 0.9565503 0.8863728 0.9565528 0.8863559 0.9565584 0.8863728 0.9565528 0.8863583 0.9565611 0.8863728 0.9565528 0.8863677 0.9565571 0.8863583 0.9565611 0.8863583 0.9565611 0.8863677 0.9565571 0.886367 0.9565653 0.8863583 0.9565611 0.886367 0.9565653 0.8863667 0.9565733 0.8863667 0.9565733 0.886367 0.9565653 0.8863707 0.9565708 0.8863667 0.9565733 0.8863707 0.9565708 0.8863753 0.9565827 0.8863753 0.9565827 0.8863707 0.9565708 0.8863797 0.9565792 0.8863753 0.9565827 0.8863797 0.9565792 0.8863829 0.9565904 0.8863829 0.9565904 0.8863797 0.9565792 0.8863893 0.9565877 0.8863829 0.9565904 0.8863893 0.9565877 0.8863904 0.9565977 0.8863904 0.9565977 0.8863893 0.9565877 0.8863983 0.9565965 0.8863904 0.9565977 0.8863983 0.9565965 0.8863975 0.9566048 0.8863975 0.9566048 0.8863983 0.9565965 0.886407 0.9566057 0.8863975 0.9566048 0.886407 0.9566057 0.8864039 0.9566118 0.8864039 0.9566118 0.886407 0.9566057 0.8864156 0.9566159 0.8864039 0.9566118 0.8864156 0.9566159 0.8864104 0.9566197 0.8864104 0.9566197 0.8864156 0.9566159 0.886424 0.9566269 0.8864104 0.9566197 0.886424 0.9566269 0.8864176 0.9566281 0.8864176 0.9566281 0.886424 0.9566269 0.8864319 0.9566354 0.8864176 0.9566281 0.8864319 0.9566354 0.8864257 0.9566367 0.8864257 0.9566367 0.8864319 0.9566354 0.8864378 0.9566386 0.8864257 0.9566367 0.8864378 0.9566386 0.8864343 0.9566424 0.8864343 0.9566424 0.8864378 0.9566386 0.8864508 0.9566391 0.8864343 0.9566424 0.8864508 0.9566391 0.8864409 0.9566464 0.8864409 0.9566464 0.8864508 0.9566391 0.886456 0.9566381 0.8864409 0.9566464 0.886456 0.9566381 0.8864494 0.9566507 0.886456 0.9566381 0.8864585 0.9566353 0.8864494 0.9566507 0.8864494 0.9566507 0.8864585 0.9566353 0.8864644 0.9566304 0.8864494 0.9566507 0.8864644 0.9566304 0.8864514 0.9566531 0.8864514 0.9566531 0.8864644 0.9566304 0.8864707 0.9566257 0.8864514 0.9566531 0.8864707 0.9566257 0.8864547 0.9566561 0.8864547 0.9566561 0.8864707 0.9566257 0.8864794 0.9566232 0.8864547 0.9566561 0.8864794 0.9566232 0.8864641 0.9566635 0.8864641 0.9566635 0.8864794 0.9566232 0.8864909 0.956622 0.8864641 0.9566635 0.8864909 0.956622 0.8864949 0.9566914 0.8864768 0.9566995 0.8864949 0.9566914 0.8865332 0.9567328 0.8865332 0.9567328 0.8864949 0.9566914 0.8865429 0.9567109 0.8865332 0.9567328 0.8865429 0.9567109 0.8866225 0.9567851 0.8866225 0.9567851 0.8865429 0.9567109 0.8865895 0.9567205 0.8866225 0.9567851 0.8865895 0.9567205 0.8867357 0.9568374 0.8864768 0.9566995 0.8863921 0.9566346 0.8864949 0.9566914 0.8864949 0.9566914 0.8863921 0.9566346 0.8864036 0.9566406 0.8864949 0.9566914 0.8864036 0.9566406 0.8864641 0.9566635 0.8864641 0.9566635 0.8864036 0.9566406 0.8864141 0.9566434 0.8864641 0.9566635 0.8864141 0.9566434 0.8864547 0.9566561 0.8864547 0.9566561 0.8864141 0.9566434 0.8864175 0.9566432 0.8864547 0.9566561 0.8864175 0.9566432 0.8864514 0.9566531 0.8864514 0.9566531 0.8864175 0.9566432 0.8864181 0.9566416 0.8864046 0.9566213 0.8864176 0.9566281 0.8864109 0.9566296 0.8864109 0.9566296 0.8864176 0.9566281 0.8864257 0.9566367 0.8864109 0.9566296 0.8864257 0.9566367 0.886416 0.9566375 0.8863977 0.9566135 0.8864039 0.9566118 0.8864046 0.9566213 0.8864046 0.9566213 0.8864039 0.9566118 0.8864104 0.9566197 0.8864046 0.9566213 0.8864104 0.9566197 0.8864176 0.9566281 0.8865895 0.9567205 0.8866091 0.9566963 0.8867357 0.9568374 0.8867357 0.9568374 0.8866091 0.9566963 0.886566 0.9566012 0.8867357 0.9568374 0.886566 0.9566012 0.8865978 0.9564621 0.8865978 0.9564621 0.886566 0.9566012 0.8864623 0.9564911 0.8865978 0.9564621 0.8864623 0.9564911 0.886228 0.956288 0.886228 0.956288 0.8864623 0.9564911 0.8863658 0.9564467 0.886228 0.956288 0.8863658 0.9564467 0.886229 0.9564101 0.886229 0.9564101 0.8863658 0.9564467 0.8863322 0.9564673 0.886229 0.9564101 0.8863322 0.9564673 0.8862969 0.9565122 0.8862969 0.9565122 0.8863322 0.9564673 0.8863312 0.9565035 0.8862969 0.9565122 0.8863312 0.9565035 0.8863309 0.9565674 0.8863309 0.9565674 0.8863312 0.9565035 0.8863363 0.9565349 0.8864257 0.9566367 0.8864343 0.9566424 0.886416 0.9566375 0.886416 0.9566375 0.8864343 0.9566424 0.8864409 0.9566464 0.886416 0.9566375 0.8864409 0.9566464 0.8864181 0.9566416 0.8864181 0.9566416 0.8864409 0.9566464 0.8864494 0.9566507 0.8864181 0.9566416 0.8864494 0.9566507 0.8864514 0.9566531 0.8864768 0.9566995 0.8864412 0.956677 0.8863921 0.9566346 0.8863921 0.9566346 0.8864412 0.956677 0.8863987 0.9566449 0.8863921 0.9566346 0.8863987 0.9566449 0.8863799 0.9566235 0.8863799 0.9566235 0.8863987 0.9566449 0.8863608 0.9566073 0.8863799 0.9566235 0.8863608 0.9566073 0.8863654 0.9566015 0.8863654 0.9566015 0.8863608 0.9566073 0.8863628 0.9565888 0.8863825 0.9566003 0.8863829 0.9565904 0.8863904 0.9566067 0.8863904 0.9566067 0.8863829 0.9565904 0.8863904 0.9565977 0.8863904 0.9566067 0.8863904 0.9565977 0.8863977 0.9566135 0.8863977 0.9566135 0.8863904 0.9565977 0.8863975 0.9566048 0.8863977 0.9566135 0.8863975 0.9566048 0.8864039 0.9566118 0.8863672 0.9565912 0.8863583 0.9565611 0.8863749 0.956595 0.8863749 0.956595 0.8863583 0.9565611 0.8863667 0.9565733 0.8863749 0.956595 0.8863667 0.9565733 0.8863825 0.9566003 0.8863825 0.9566003 0.8863667 0.9565733 0.8863753 0.9565827 0.8863825 0.9566003 0.8863753 0.9565827 0.8863829 0.9565904 0.8863608 0.9566073 0.8863309 0.9565674 0.8863628 0.9565888 0.8863628 0.9565888 0.8863309 0.9565674 0.8863363 0.9565349 0.8863628 0.9565888 0.8863363 0.9565349 0.8863672 0.9565912 0.8863672 0.9565912 0.8863363 0.9565349 0.8863459 0.9565465 0.8863672 0.9565912 0.8863459 0.9565465 0.8863505 0.9565528 0.8863505 0.9565528 0.8863534 0.9565559 0.8863672 0.9565912 0.8863672 0.9565912 0.8863534 0.9565559 0.8863559 0.9565584 0.8863672 0.9565912 0.8863559 0.9565584 0.8863583 0.9565611 0.8863911 0.9566286 0.886388 0.9566252 0.8863919 0.9566282 0.8863986 0.956623 0.8864014 0.9566268 0.8863992 0.9566262 0.8863992 0.9566262 0.8864014 0.9566268 0.8864012 0.9566294 0.8863992 0.9566262 0.8864012 0.9566294 0.8863964 0.9566292 0.8863964 0.9566292 0.8864012 0.9566294 0.8863994 0.9566311 0.8863964 0.9566292 0.8863994 0.9566311 0.8863919 0.9566282 0.8863919 0.9566282 0.8863994 0.9566311 0.8863958 0.9566309 0.8863919 0.9566282 0.8863958 0.9566309 0.8863911 0.9566286 0.8863888 0.9566133 0.8863887 0.9566117 0.8863921 0.9566151 0.8863921 0.9566151 0.8863887 0.9566117 0.8863921 0.9566139 0.8863921 0.9566151 0.8863921 0.9566139 0.8863948 0.9566174 0.8863948 0.9566174 0.8863921 0.9566139 0.8863955 0.9566168 0.8863948 0.9566174 0.8863955 0.9566168 0.886397 0.9566201 0.886397 0.9566201 0.8863955 0.9566168 0.8863983 0.9566201 0.886397 0.9566201 0.8863983 0.9566201 0.8863986 0.956623 0.8863986 0.956623 0.8863983 0.9566201 0.8864004 0.9566236 0.8863986 0.956623 0.8864004 0.9566236 0.8864014 0.9566268 0.8863911 0.9566286 0.8863881 0.9566264 0.886388 0.9566252 0.886388 0.9566252 0.8863881 0.9566264 0.8863854 0.9566237 0.886388 0.9566252 0.8863854 0.9566237 0.8863849 0.9566214 0.8863849 0.9566214 0.8863854 0.9566237 0.8863818 0.956618 0.8863849 0.9566214 0.8863818 0.956618 0.8863829 0.9566171 0.8863829 0.9566171 0.8863818 0.956618 0.886381 0.9566135 0.8863829 0.9566171 0.886381 0.9566135 0.886385 0.9566127 0.886385 0.9566127 0.886381 0.9566135 0.8863826 0.9566109 0.886385 0.9566127 0.8863826 0.9566109 0.8863888 0.9566133 0.8863888 0.9566133 0.8863826 0.9566109 0.8863855 0.9566107 0.8863888 0.9566133 0.8863855 0.9566107 0.8863887 0.9566117 0.8863844 0.9566239 0.8863885 0.9566276 0.8863921 0.9566339 0.8863921 0.9566339 0.8863885 0.9566276 0.8864036 0.9566406 0.8863885 0.9566276 0.8863924 0.9566303 0.8864036 0.9566406 0.8864036 0.9566406 0.8863924 0.9566303 0.8863982 0.9566331 0.8864036 0.9566406 0.8863982 0.9566331 0.8864141 0.9566434 0.8864141 0.9566434 0.8863982 0.9566331 0.8864021 0.9566332 0.8864141 0.9566434 0.8864021 0.9566332 0.8864175 0.9566432 0.8864175 0.9566432 0.8864021 0.9566332 0.8864037 0.9566314 0.8864175 0.9566432 0.8864037 0.9566314 0.8864181 0.9566416 0.8864181 0.9566416 0.8864037 0.9566314 0.8864036 0.9566285 0.8864181 0.9566416 0.8864036 0.9566285 0.886416 0.9566375 0.886416 0.9566375 0.8864036 0.9566285 0.8864021 0.9566245 0.886416 0.9566375 0.8864021 0.9566245 0.8864109 0.9566296 0.8864109 0.9566296 0.8864021 0.9566245 0.8863995 0.9566203 0.8864109 0.9566296 0.8863995 0.9566203 0.8864046 0.9566213 0.8864046 0.9566213 0.8863995 0.9566203 0.886396 0.9566162 0.8864046 0.9566213 0.886396 0.9566162 0.8863977 0.9566135 0.8863977 0.9566135 0.886396 0.9566162 0.886392 0.9566126 0.8863977 0.9566135 0.886392 0.9566126 0.8863904 0.9566067 0.8863904 0.9566067 0.886392 0.9566126 0.8863879 0.95661 0.8863904 0.9566067 0.8863879 0.95661 0.8863825 0.9566003 0.8863825 0.9566003 0.8863879 0.95661 0.886384 0.9566085 0.8863825 0.9566003 0.886384 0.9566085 0.8863749 0.956595 0.8863749 0.956595 0.886384 0.9566085 0.8863807 0.9566085 0.8863749 0.956595 0.8863807 0.9566085 0.8863672 0.9565912 0.8863672 0.9565912 0.8863807 0.9566085 0.8863788 0.9566105 0.8863672 0.9565912 0.8863788 0.9566105 0.8863628 0.9565888 0.8863628 0.9565888 0.8863788 0.9566105 0.8863794 0.9566159 0.8863628 0.9565888 0.8863794 0.9566159 0.8863654 0.9566015 0.8863654 0.9566015 0.8863794 0.9566159 0.8863844 0.9566239 0.8863654 0.9566015 0.8863844 0.9566239 0.8863799 0.9566235 0.8863799 0.9566235 0.8863844 0.9566239 0.8863921 0.9566339 0.8863987 0.9566449 0.8863633 0.9566127 0.8863608 0.9566073 0.8863608 0.9566073 0.8863633 0.9566127 0.8863331 0.9565736 0.8863608 0.9566073 0.8863331 0.9565736 0.8863309 0.9565674 0.8863309 0.9565674 0.8863331 0.9565736 0.8862932 0.9565157 0.8863309 0.9565674 0.8862932 0.9565157 0.8862969 0.9565122 0.8862969 0.9565122 0.8862932 0.9565157 0.8862095 0.9564072 0.8862969 0.9565122 0.8862095 0.9564072 0.886229 0.9564101 0.886229 0.9564101 0.8862095 0.9564072 0.885999 0.9561803 0.886229 0.9564101 0.885999 0.9561803 0.886228 0.956288 0.886228 0.956288 0.885999 0.9561803 0.8868502 0.9561803 0.886228 0.956288 0.8868502 0.9561803 0.8866148 0.956447 0.8866148 0.956447 0.8868502 0.9561803 0.8868503 0.957032 0.8866148 0.956447 0.8868503 0.957032 0.8867357 0.9568374 0.8867357 0.9568374 0.8868503 0.957032 0.8866155 0.9567943 0.8867357 0.9568374 0.8866155 0.9567943 0.8866225 0.9567851 0.8866225 0.9567851 0.8866155 0.9567943 0.8865234 0.956731 0.8866225 0.9567851 0.8865234 0.956731 0.8865332 0.9567328 0.8865332 0.9567328 0.8865234 0.956731 0.886469 0.9566975 0.8865332 0.9567328 0.886469 0.9566975 0.8864768 0.9566995 0.8864768 0.9566995 0.886469 0.9566975 0.8864325 0.9566738 0.8864768 0.9566995 0.8864325 0.9566738 0.8864412 0.956677 0.8864412 0.956677 0.8864325 0.9566738 0.8863967 0.9566459 0.8864412 0.956677 0.8863967 0.9566459 0.8863987 0.9566449 0.8863987 0.9566449 0.8863967 0.9566459 0.8863633 0.9566127 0.8866155 0.9567943 0.8868503 0.957032 0.8863729 0.9566589 0.8863729 0.9566589 0.8868503 0.957032 0.8860017 0.9570294 0.8863729 0.9566589 0.8860017 0.9570294 0.885999 0.9561803 0.8864325 0.9566738 0.886469 0.9566975 0.8863729 0.9566589 0.8863729 0.9566589 0.886469 0.9566975 0.8865234 0.956731 0.8863729 0.9566589 0.8865234 0.956731 0.8866155 0.9567943 0.8863331 0.9565736 0.8863633 0.9566127 0.8863729 0.9566589 0.8863729 0.9566589 0.8863633 0.9566127 0.8863967 0.9566459 0.8863729 0.9566589 0.8863967 0.9566459 0.8864325 0.9566738 0.885999 0.9561803 0.8862095 0.9564072 0.8863729 0.9566589 0.8863729 0.9566589 0.8862095 0.9564072 0.8862932 0.9565157 0.8863729 0.9566589 0.8862932 0.9565157 0.8863331 0.9565736 0.8863854 0.9566237 0.8863881 0.9566264 0.8863884 0.9566276 0.8863884 0.9566276 0.8863881 0.9566264 0.8863924 0.9566303 0.8863881 0.9566264 0.8863911 0.9566286 0.8863924 0.9566303 0.8863924 0.9566303 0.8863911 0.9566286 0.8863958 0.9566309 0.8863924 0.9566303 0.8863958 0.9566309 0.8863982 0.9566331 0.8863982 0.9566331 0.8863958 0.9566309 0.8863994 0.9566311 0.8863982 0.9566331 0.8863994 0.9566311 0.8864021 0.9566332 0.8864021 0.9566332 0.8863994 0.9566311 0.8864012 0.9566294 0.8864021 0.9566332 0.8864012 0.9566294 0.8864037 0.9566314 0.8864037 0.9566314 0.8864012 0.9566294 0.8864014 0.9566268 0.8864037 0.9566314 0.8864014 0.9566268 0.8864036 0.9566285 0.8864036 0.9566285 0.8864014 0.9566268 0.8864004 0.9566236 0.8864036 0.9566285 0.8864004 0.9566236 0.8864021 0.9566245 0.8864021 0.9566245 0.8864004 0.9566236 0.8863983 0.9566201 0.8864021 0.9566245 0.8863983 0.9566201 0.8863995 0.9566203 0.8863995 0.9566203 0.8863983 0.9566201 0.8863955 0.9566168 0.8863995 0.9566203 0.8863955 0.9566168 0.886396 0.9566162 0.886396 0.9566162 0.8863955 0.9566168 0.8863921 0.9566139 0.886396 0.9566162 0.8863921 0.9566139 0.886392 0.9566126 0.886392 0.9566126 0.8863921 0.9566139 0.8863887 0.9566117 0.886392 0.9566126 0.8863887 0.9566117 0.8863879 0.95661 0.8863879 0.95661 0.8863887 0.9566117 0.8863855 0.9566107 0.8863879 0.95661 0.8863855 0.9566107 0.886384 0.9566085 0.886384 0.9566085 0.8863855 0.9566107 0.8863826 0.9566109 0.886384 0.9566085 0.8863826 0.9566109 0.8863807 0.9566085 0.8863807 0.9566085 0.8863826 0.9566109 0.886381 0.9566135 0.8863807 0.9566085 0.886381 0.9566135 0.8863788 0.9566105 0.8863788 0.9566105 0.886381 0.9566135 0.8863818 0.956618 0.8863788 0.9566105 0.8863818 0.956618 0.8863794 0.9566159 0.8863794 0.9566159 0.8863818 0.956618 0.8863854 0.9566237 0.8863794 0.9566159 0.8863854 0.9566237 0.8863844 0.9566239 0.8863844 0.9566239 0.8863854 0.9566237 0.8863884 0.9566276 0.8863906 0.9566224 0.886388 0.9566252 0.8863898 0.9566217 0.8863898 0.9566217 0.886388 0.9566252 0.8863849 0.9566214 0.8863898 0.9566217 0.8863849 0.9566214 0.8863895 0.9566208 0.8863895 0.9566208 0.8863849 0.9566214 0.8863829 0.9566171 0.8863895 0.9566208 0.8863829 0.9566171 0.8863896 0.9566201 0.8863896 0.9566201 0.8863829 0.9566171 0.886385 0.9566127 0.8863896 0.9566201 0.886385 0.9566127 0.8863901 0.9566196 0.8863901 0.9566196 0.886385 0.9566127 0.8863888 0.9566133 0.8863901 0.9566196 0.8863888 0.9566133 0.8863909 0.9566196 0.8863909 0.9566196 0.8863888 0.9566133 0.8863921 0.9566151 0.8863909 0.9566196 0.8863921 0.9566151 0.8863916 0.9566199 0.8863916 0.9566199 0.8863921 0.9566151 0.8863948 0.9566174 0.8863916 0.9566199 0.8863948 0.9566174 0.8863922 0.9566205 0.8863922 0.9566205 0.8863948 0.9566174 0.886397 0.9566201 0.8863922 0.9566205 0.886397 0.9566201 0.8863925 0.9566213 0.8863925 0.9566213 0.886397 0.9566201 0.8863986 0.956623 0.8863925 0.9566213 0.8863986 0.956623 0.8863925 0.956622 0.8863925 0.956622 0.8863986 0.956623 0.8863992 0.9566262 0.8863925 0.956622 0.8863992 0.9566262 0.8863922 0.9566226 0.8863922 0.9566226 0.8863992 0.9566262 0.8863964 0.9566292 0.8863922 0.9566226 0.8863964 0.9566292 0.8863915 0.9566227 0.8863915 0.9566227 0.8863964 0.9566292 0.8863919 0.9566282 0.8863915 0.9566227 0.8863919 0.9566282 0.8863906 0.9566224 0.8863906 0.9566224 0.8863919 0.9566282 0.886388 0.9566252 0.8863922 0.9566226 0.8863915 0.9566227 0.886391 0.9566211 0.886391 0.9566211 0.8863915 0.9566227 0.8863906 0.9566224 0.886391 0.9566211 0.8863906 0.9566224 0.8863898 0.9566217 0.8863922 0.9566205 0.8863925 0.9566213 0.886391 0.9566211 0.886391 0.9566211 0.8863925 0.9566213 0.8863925 0.956622 0.886391 0.9566211 0.8863925 0.956622 0.8863922 0.9566226 0.8863901 0.9566196 0.8863909 0.9566196 0.886391 0.9566211 0.886391 0.9566211 0.8863909 0.9566196 0.8863916 0.9566199 0.886391 0.9566211 0.8863916 0.9566199 0.8863922 0.9566205 0.8863898 0.9566217 0.8863895 0.9566208 0.886391 0.9566211 0.886391 0.9566211 0.8863895 0.9566208 0.8863896 0.9566201 0.886391 0.9566211 0.8863896 0.9566201 0.8863901 0.9566196 0.902213 0.9327662 0.9030583 0.9319209 0.9039037 0.9327662 0.902213 0.9340981 0.9030583 0.9332528 0.9039037 0.9340981 0.902213 0.9354301 0.9030583 0.9345847 0.9039037 0.9354301 0.902213 0.936762 0.9030583 0.9359166 0.9039037 0.936762 0.902213 0.9380939 0.9030583 0.9372486 0.9039037 0.9380939 0.902213 0.9394258 0.9030583 0.9385805 0.9039037 0.9394258 0.902213 0.9407577 0.9030583 0.9399123 0.9039037 0.9407577 0.902213 0.9420896 0.9030583 0.9412443 0.9039037 0.9420896 0.902213 0.9434215 0.9030583 0.9425762 0.9039037 0.9434215 0.902213 0.9447534 0.9030583 0.9439081 0.9039037 0.9447534 0.902213 0.9460854 0.9030583 0.94524 0.9039037 0.9460854 0.8367183 0.9474713 0.8375636 0.9483167 0.8367183 0.949162 0.8380503 0.9474713 0.8388956 0.9483167 0.8380502 0.949162 0.8393821 0.9474713 0.8402275 0.9483167 0.8393821 0.949162 0.840714 0.9474713 0.8415594 0.9483167 0.840714 0.949162 0.842046 0.9474713 0.8428913 0.9483167 0.842046 0.949162 0.8433778 0.9474713 0.8442232 0.9483167 0.8433778 0.949162 0.8447098 0.9474713 0.8455551 0.9483167 0.8447098 0.949162 0.8460417 0.9474713 0.846887 0.9483167 0.8460417 0.949162 0.8473736 0.9474713 0.8482189 0.9483167 0.8473736 0.949162 0.8487055 0.9474713 0.8495509 0.9483167 0.8487055 0.949162 0.8500374 0.9474713 0.8508828 0.9483167 0.8500374 0.949162 0.8513693 0.9474713 0.8522147 0.9483167 0.8513693 0.949162 0.8527013 0.9474713 0.8535466 0.9483167 0.8527013 0.949162 0.8540331 0.9474713 0.8548785 0.9483167 0.8540331 0.949162 0.855365 0.9474713 0.8562104 0.9483167 0.855365 0.949162 0.856697 0.9474713 0.8575423 0.9483167 0.856697 0.949162 0.8580289 0.9474713 0.8588742 0.9483167 0.8580289 0.949162 0.8593608 0.9474713 0.8602061 0.9483167 0.8593608 0.949162 0.8606927 0.9474713 0.8615381 0.9483167 0.8606927 0.949162 0.8620246 0.9474713 0.8628699 0.9483167 0.8620246 0.949162 0.8633565 0.9474713 0.8642019 0.9483167 0.8633565 0.949162 0.8646884 0.9474713 0.8655338 0.9483167 0.8646884 0.949162 0.8660203 0.9474713 0.8668657 0.9483167 0.8660203 0.949162 0.8673523 0.9474713 0.8681976 0.9483167 0.8673523 0.949162 0.8686842 0.9474713 0.8695295 0.9483167 0.8686842 0.949162 0.8700161 0.9474713 0.8708614 0.9483167 0.8700161 0.949162 0.871348 0.9474713 0.8721933 0.9483167 0.871348 0.949162 0.8726799 0.9474713 0.8735253 0.9483167 0.8726799 0.949162 0.8740118 0.9474713 0.8748571 0.9483167 0.8740118 0.949162 0.8753437 0.9474713 0.8761891 0.9483167 0.8753437 0.949162 0.8766756 0.9474713 0.877521 0.9483167 0.8766756 0.949162 0.8780075 0.9474713 0.8788529 0.9483167 0.8780075 0.949162 0.8793395 0.9474713 0.8801848 0.9483167 0.8793395 0.949162 0.8806714 0.9474713 0.8815167 0.9483167 0.8806714 0.949162 0.8820033 0.9474713 0.8828486 0.9483167 0.8820033 0.949162 0.8833352 0.9474713 0.8841806 0.9483167 0.8833352 0.949162 0.8846671 0.9474713 0.8855124 0.9483167 0.8846671 0.949162 0.885999 0.9474713 0.8868443 0.9483167 0.885999 0.949162 0.887331 0.9474713 0.8881763 0.9483167 0.887331 0.949162 0.8886628 0.9474713 0.8895082 0.9483167 0.8886628 0.949162 0.8899948 0.9474713 0.8908401 0.9483167 0.8899948 0.949162 0.8913267 0.9474713 0.892172 0.9483167 0.8913267 0.949162 0.8926586 0.9474713 0.8935039 0.9483167 0.8926586 0.949162 0.8939905 0.9474713 0.8948358 0.9483167 0.8939905 0.949162 0.8953224 0.9474713 0.8961676 0.9483167 0.8953224 0.949162 0.8966543 0.9474713 0.8974997 0.9483167 0.8966543 0.949162 0.8979862 0.9474713 0.8988315 0.9483167 0.8979862 0.949162 0.899318 0.9474713 0.9001635 0.9483167 0.899318 0.949162 0.90065 0.9474713 0.9014953 0.9483167 0.90065 0.949162 0.9019818 0.9474713 0.9028273 0.9483167 0.9019818 0.949162 0.9043902 0.8808217 0.9052355 0.8799764 0.9060809 0.8808217 0.9043902 0.8821537 0.9052355 0.8813083 0.9060809 0.8821537 0.9043902 0.8834855 0.9052355 0.8826401 0.9060809 0.8834855 0.9043902 0.8848174 0.9052355 0.8839721 0.9060809 0.8848174 0.9043902 0.8861493 0.9052355 0.885304 0.9060809 0.8861493 0.9043902 0.8874812 0.9052355 0.8866359 0.9060809 0.8874812 0.9043902 0.8888132 0.9052355 0.8879678 0.9060809 0.8888132 0.9043902 0.8901451 0.9052355 0.8892997 0.9060809 0.8901451 0.9043902 0.891477 0.9052355 0.8906316 0.9060809 0.891477 0.9043902 0.8928089 0.9052355 0.8919636 0.9060809 0.8928089 0.9043902 0.8941408 0.9052355 0.8932954 0.9060809 0.8941408 0.9043902 0.8954727 0.9052355 0.8946274 0.9060809 0.8954727 0.9043902 0.8968046 0.9052355 0.8959593 0.9060809 0.8968046 0.9043902 0.8981365 0.9052355 0.8972912 0.9060809 0.8981365 0.9043902 0.8994684 0.9052355 0.8986231 0.9060809 0.8994684 0.9043902 0.9008004 0.9052355 0.8999551 0.9060809 0.9008004 0.9043902 0.9021323 0.9052355 0.9012869 0.9060809 0.9021323 0.9043902 0.9034642 0.9052355 0.9026188 0.9060809 0.9034642 0.9043902 0.9047961 0.9052355 0.9039507 0.9060809 0.9047961 0.9043902 0.906128 0.9052355 0.9052826 0.9060809 0.906128 0.9043902 0.9074599 0.9052355 0.9066146 0.9060809 0.9074599 0.9043902 0.9087918 0.9052355 0.9079465 0.9060809 0.9087918 0.9043902 0.9101237 0.9052355 0.9092784 0.9060809 0.9101237 0.9043902 0.9114557 0.9052355 0.9106103 0.9060809 0.9114557 0.9043902 0.9127876 0.9052355 0.9119422 0.9060809 0.9127876 0.9043902 0.9141195 0.9052355 0.9132741 0.9060809 0.9141195 0.9043902 0.9154514 0.9052355 0.9146061 0.9060809 0.9154514 0.9043902 0.9167833 0.9052355 0.9159379 0.9060809 0.9167833 0.9043902 0.9181152 0.9052355 0.9172699 0.9060809 0.9181152 0.9043902 0.9194471 0.9052355 0.9186018 0.9060809 0.9194471 0.9043902 0.920779 0.9052355 0.9199337 0.9060809 0.920779 0.9043902 0.9221109 0.9052355 0.9212656 0.9060809 0.9221109 0.9043902 0.9234429 0.9052355 0.9225975 0.9060809 0.9234429 0.9043902 0.9247748 0.9052355 0.9239294 0.9060809 0.9247748 0.9043902 0.9261067 0.9052355 0.9252613 0.9060809 0.9261067 0.9043902 0.9274386 0.9052355 0.9265933 0.9060809 0.9274386 0.9043902 0.9287705 0.9052355 0.9279251 0.9060809 0.9287705 0.9043902 0.9301024 0.9052355 0.9292571 0.9060809 0.9301024 0.9043902 0.9314344 0.9052355 0.930589 0.9060809 0.9314344 0.9043902 0.9327662 0.9052355 0.9319209 0.9060809 0.9327662 0.9043902 0.9340981 0.9052355 0.9332528 0.9060809 0.9340981 0.9043902 0.9354301 0.9052355 0.9345847 0.9060809 0.9354301 0.9043902 0.936762 0.9052355 0.9359166 0.9060809 0.936762 0.9043902 0.9380939 0.9052355 0.9372486 0.9060809 0.9380939 0.9043902 0.9394258 0.9052355 0.9385805 0.9060809 0.9394258 0.9043902 0.9407577 0.9052355 0.9399123 0.9060809 0.9407577 0.9043902 0.9420896 0.9052355 0.9412443 0.9060809 0.9420896 0.9043902 0.9434216 0.9052355 0.9425762 0.9060809 0.9434215 0.9043902 0.9447534 0.9052355 0.9439081 0.9060809 0.9447534 0.9043902 0.9460854 0.9052355 0.94524 0.9060809 0.9460854 0.9043902 0.9474173 0.9052355 0.9465719 0.9060809 0.9474173 0.9043902 0.9487492 0.9052355 0.9479038 0.9060809 0.9487492 0.8367183 0.9496486 0.8375636 0.9504939 0.8367183 0.9513393 0.8380502 0.9496486 0.8388956 0.9504939 0.8380502 0.9513393 0.8393822 0.9496486 0.8402275 0.9504939 0.8393822 0.9513393 0.840714 0.9496486 0.8415594 0.9504939 0.840714 0.9513393 0.842046 0.9496486 0.8428913 0.9504939 0.842046 0.9513393 0.8433778 0.9496486 0.8442232 0.9504939 0.8433778 0.9513393 0.8447098 0.9496486 0.8455551 0.9504939 0.8447098 0.9513393 0.8460417 0.9496486 0.846887 0.9504939 0.8460417 0.9513393 0.8473736 0.9496486 0.8482189 0.9504939 0.8473736 0.9513393 0.8487055 0.9496486 0.8495509 0.9504939 0.8487055 0.9513393 0.8500375 0.9496486 0.8508828 0.9504939 0.8500375 0.9513393 0.8513693 0.9496486 0.8522147 0.9504939 0.8513693 0.9513393 0.8527013 0.9496486 0.8535466 0.9504939 0.8527013 0.9513393 0.8540331 0.9496486 0.8548785 0.9504939 0.8540331 0.9513393 0.855365 0.9496486 0.8562104 0.9504939 0.855365 0.9513393 0.856697 0.9496486 0.8575423 0.9504939 0.856697 0.9513393 0.8580289 0.9496486 0.8588742 0.9504939 0.8580289 0.9513393 0.8593608 0.9496486 0.8602061 0.9504939 0.8593608 0.9513393 0.8606927 0.9496486 0.8615381 0.9504939 0.8606927 0.9513393 0.8620246 0.9496486 0.8628699 0.9504939 0.8620246 0.9513393 0.8633565 0.9496486 0.8642019 0.9504939 0.8633565 0.9513393 0.8646884 0.9496486 0.8655338 0.9504939 0.8646884 0.9513393 0.8660203 0.9496486 0.8668657 0.9504939 0.8660203 0.9513393 0.8673523 0.9496486 0.8681976 0.9504939 0.8673523 0.9513393 0.8686842 0.9496486 0.8695295 0.9504939 0.8686842 0.9513393 0.8700161 0.9496486 0.8708614 0.9504939 0.8700161 0.9513393 0.871348 0.9496486 0.8721933 0.9504939 0.871348 0.9513393 0.8726799 0.9496486 0.8735253 0.9504939 0.8726799 0.9513393 0.8740118 0.9496486 0.8748571 0.9504939 0.8740118 0.9513393 0.8753437 0.9496486 0.8761891 0.9504939 0.8753437 0.9513393 0.8766756 0.9496486 0.877521 0.9504939 0.8766756 0.9513393 0.8780075 0.9496486 0.8788529 0.9504939 0.8780075 0.9513393 0.8793395 0.9496486 0.8801848 0.9504939 0.8793395 0.9513393 0.8806714 0.9496486 0.8815167 0.9504939 0.8806714 0.9513393 0.8820033 0.9496486 0.8828486 0.9504939 0.8820033 0.9513393 0.8833352 0.9496486 0.8841806 0.9504939 0.8833352 0.9513393 0.8846671 0.9496486 0.8855125 0.9504939 0.8846671 0.9513393 0.885999 0.9496486 0.8868443 0.9504939 0.885999 0.9513393 0.8873309 0.9496486 0.8881763 0.9504939 0.8873309 0.9513393 0.8886628 0.9496486 0.8895082 0.9504939 0.8886628 0.9513393 0.8899948 0.9496486 0.8908401 0.9504939 0.8899948 0.9513393 0.8913267 0.9496486 0.892172 0.9504939 0.8913267 0.9513393 0.8926586 0.9496486 0.8935039 0.9504939 0.8926586 0.9513393 0.8939905 0.9496486 0.8948358 0.9504939 0.8939905 0.9513393 0.8953224 0.9496486 0.8961676 0.9504939 0.8953224 0.9513393 0.8966543 0.9496486 0.8974997 0.9504939 0.8966543 0.9513393 0.8979862 0.9496486 0.8988315 0.9504939 0.8979862 0.9513393 0.899318 0.9496486 0.9001635 0.9504939 0.899318 0.9513393 0.90065 0.9496486 0.9014953 0.9504939 0.90065 0.9513393 0.9019818 0.9496486 0.9028273 0.9504939 0.9019818 0.9513393 0.9033139 0.9496486 0.9041592 0.9504939 0.9033139 0.9513393 0.9046458 0.9496486 0.9054911 0.9504939 0.9046458 0.9513393 0.9065673 0.8808217 0.9074128 0.8799764 0.9082581 0.8808217 0.9065673 0.8821537 0.9074128 0.8813083 0.9082581 0.8821537 0.9065673 0.8834855 0.9074128 0.8826402 0.9082581 0.8834855 0.9065673 0.8848174 0.9074128 0.8839721 0.9082581 0.8848174 0.9065673 0.8861493 0.9074128 0.885304 0.9082581 0.8861493 0.9065673 0.8874812 0.9074128 0.8866359 0.9082581 0.8874812 0.9065673 0.8888132 0.9074128 0.8879678 0.9082581 0.8888132 0.9065673 0.8901451 0.9074128 0.8892997 0.9082581 0.8901451 0.9065673 0.891477 0.9074128 0.8906316 0.9082581 0.891477 0.9065673 0.8928089 0.9074128 0.8919636 0.9082581 0.8928089 0.9065673 0.8941408 0.9074128 0.8932954 0.9082581 0.8941408 0.9065673 0.8954727 0.9074128 0.8946274 0.9082581 0.8954727 0.9065673 0.8968047 0.9074128 0.8959593 0.9082581 0.8968047 0.9065673 0.8981365 0.9074128 0.8972912 0.9082581 0.8981365 0.9065673 0.8994684 0.9074128 0.8986231 0.9082581 0.8994684 0.9065673 0.9008004 0.9074128 0.8999551 0.9082581 0.9008004 0.9065673 0.9021323 0.9074128 0.9012869 0.9082581 0.9021323 0.9065673 0.9034642 0.9074128 0.9026188 0.9082581 0.9034642 0.9065673 0.9047961 0.9074128 0.9039507 0.9082581 0.9047961 0.9065673 0.906128 0.9074128 0.9052826 0.9082581 0.906128 0.9065673 0.9074599 0.9074128 0.9066146 0.9082581 0.9074599 0.9065673 0.9087918 0.9074128 0.9079465 0.9082581 0.9087918 0.9065673 0.9101237 0.9074128 0.9092784 0.9082581 0.9101237 0.9065673 0.9114557 0.9074128 0.9106103 0.9082581 0.9114557 0.9065673 0.9127876 0.9074128 0.9119422 0.9082581 0.9127876 0.9065673 0.9141195 0.9074128 0.9132741 0.9082581 0.9141195 0.9065673 0.9154514 0.9074128 0.914606 0.9082581 0.9154514 0.9065673 0.9167833 0.9074128 0.9159379 0.9082581 0.9167833 0.9065673 0.9181152 0.9074128 0.9172699 0.9082581 0.9181152 0.9065673 0.9194471 0.9074128 0.9186018 0.9082581 0.9194471 0.9065673 0.920779 0.9074128 0.9199337 0.9082581 0.920779 0.9065673 0.9221109 0.9074128 0.9212656 0.9082581 0.9221109 0.9065673 0.9234429 0.9074128 0.9225975 0.9082581 0.9234429 0.9065673 0.9247748 0.9074128 0.9239294 0.9082581 0.9247748 0.9065673 0.9261067 0.9074128 0.9252613 0.9082581 0.9261067 0.9065673 0.9274386 0.9074128 0.9265933 0.9082581 0.9274386 0.9065673 0.9287705 0.9074128 0.9279251 0.9082581 0.9287705 0.9065673 0.9301024 0.9074128 0.9292571 0.9082581 0.9301024 0.9065673 0.9314344 0.9074128 0.930589 0.9082581 0.9314344 0.9065673 0.9327662 0.9074128 0.9319209 0.9082581 0.9327662 0.9065673 0.9340981 0.9074128 0.9332528 0.9082581 0.9340981 0.9065673 0.9354301 0.9074128 0.9345847 0.9082581 0.9354301 0.9065673 0.936762 0.9074128 0.9359166 0.9082581 0.936762 0.9065673 0.9380939 0.9074128 0.9372486 0.9082581 0.9380939 0.9065673 0.9394258 0.9074128 0.9385805 0.9082581 0.9394258 0.9065673 0.9407577 0.9074128 0.9399123 0.9082581 0.9407577 0.9065673 0.9420896 0.9074128 0.9412443 0.9082581 0.9420896 0.9065673 0.9434215 0.9074128 0.9425762 0.9082581 0.9434215 0.9065673 0.9447534 0.9074128 0.9439081 0.9082581 0.9447534 0.9065673 0.9460854 0.9074128 0.94524 0.9082581 0.9460854 0.9065673 0.9474173 0.9074128 0.9465719 0.9082581 0.9474173 0.9065673 0.9487491 0.9074128 0.9479038 0.9082581 0.9487491 0.9065673 0.9500811 0.9074128 0.9492358 0.9082581 0.9500811 0.8367183 0.9518258 0.8375636 0.9526712 0.8367183 0.9535165 0.8380502 0.9518258 0.8388956 0.9526712 0.8380502 0.9535165 0.8393822 0.9518258 0.8402275 0.9526712 0.8393822 0.9535165 0.840714 0.9518258 0.8415594 0.9526712 0.840714 0.9535165 0.842046 0.9518258 0.8428913 0.9526712 0.842046 0.9535165 0.8433778 0.9518258 0.8442232 0.9526712 0.8433778 0.9535165 0.8447098 0.9518258 0.8455551 0.9526712 0.8447098 0.9535165 0.8460417 0.9518258 0.846887 0.9526712 0.8460417 0.9535165 0.8473736 0.9518258 0.8482189 0.9526712 0.8473736 0.9535165 0.8487055 0.9518258 0.8495509 0.9526712 0.8487055 0.9535165 0.8500374 0.9518258 0.8508828 0.9526712 0.8500374 0.9535165 0.8513693 0.9518258 0.8522147 0.9526712 0.8513693 0.9535165 0.8527013 0.9518258 0.8535466 0.9526712 0.8527013 0.9535165 0.8540331 0.9518258 0.8548785 0.9526712 0.8540331 0.9535165 0.855365 0.9518258 0.8562104 0.9526712 0.855365 0.9535165 0.856697 0.9518258 0.8575423 0.9526712 0.856697 0.9535165 0.8580289 0.9518258 0.8588742 0.9526712 0.8580289 0.9535165 0.8593608 0.9518258 0.8602061 0.9526712 0.8593608 0.9535165 0.8606927 0.9518258 0.8615381 0.9526712 0.8606927 0.9535165 0.8620246 0.9518258 0.8628699 0.9526712 0.8620246 0.9535165 0.8633565 0.9518258 0.8642019 0.9526712 0.8633565 0.9535165 0.8646884 0.9518258 0.8655338 0.9526712 0.8646884 0.9535165 0.8660203 0.9518258 0.8668657 0.9526712 0.8660203 0.9535165 0.8673523 0.9518258 0.8681976 0.9526712 0.8673523 0.9535165 0.8686842 0.9518258 0.8695295 0.9526712 0.8686842 0.9535165 0.8700161 0.9518258 0.8708614 0.9526712 0.8700161 0.9535165 0.871348 0.9518258 0.8721933 0.9526712 0.871348 0.9535165 0.8726799 0.9518258 0.8735253 0.9526712 0.8726799 0.9535165 0.8740118 0.9518258 0.8748571 0.9526712 0.8740118 0.9535165 0.8753437 0.9518258 0.8761891 0.9526712 0.8753437 0.9535165 0.8766756 0.9518258 0.877521 0.9526712 0.8766756 0.9535165 0.8780075 0.9518258 0.8788529 0.9526712 0.8780075 0.9535165 0.8793395 0.9518258 0.8801848 0.9526712 0.8793395 0.9535165 0.8806714 0.9518258 0.8815167 0.9526712 0.8806714 0.9535165 0.8820033 0.9518258 0.8828486 0.9526712 0.8820033 0.9535165 0.8833352 0.9518258 0.8841806 0.9526712 0.8833352 0.9535165 0.8846671 0.9518258 0.8855124 0.9526712 0.8846671 0.9535165 0.885999 0.9518258 0.8868443 0.9526712 0.885999 0.9535165 0.887331 0.9518258 0.8881763 0.9526712 0.887331 0.9535165 0.8886628 0.9518258 0.8895082 0.9526712 0.8886628 0.9535165 0.8899948 0.9518258 0.8908401 0.9526712 0.8899948 0.9535165 0.8913267 0.9518258 0.892172 0.9526712 0.8913267 0.9535165 0.8926586 0.9518258 0.8935039 0.9526712 0.8926586 0.9535165 0.8939905 0.9518258 0.8948358 0.9526712 0.8939905 0.9535165 0.8953224 0.9518258 0.8961676 0.9526712 0.8953224 0.9535165 0.8966543 0.9518258 0.8974997 0.9526712 0.8966543 0.9535165 0.8979862 0.9518258 0.8988315 0.9526712 0.8979862 0.9535165 0.899318 0.9518258 0.9001635 0.9526712 0.899318 0.9535165 0.90065 0.9518258 0.9014953 0.9526712 0.90065 0.9535165 0.9019818 0.9518258 0.9028273 0.9526712 0.9019818 0.9535165 0.9033139 0.9518258 0.9041592 0.9526712 0.9033139 0.9535165 0.9046458 0.9518258 0.9054911 0.9526712 0.9046458 0.9535165 0.9059777 0.9518258 0.906823 0.9526712 0.9059777 0.9535165 0.9073095 0.9518258 0.908155 0.9526712 0.9073095 0.9535165 0.9087447 0.8808217 0.9095901 0.8799764 0.9104354 0.8808217 0.9087447 0.8821537 0.9095901 0.8813083 0.9104354 0.8821537 0.9087447 0.8834855 0.9095901 0.8826402 0.9104354 0.8834855 0.9087447 0.8848174 0.9095901 0.8839721 0.9104354 0.8848174 0.9087447 0.8861493 0.9095901 0.885304 0.9104354 0.8861493 0.9087447 0.8874812 0.9095901 0.8866359 0.9104354 0.8874812 0.9087447 0.8888132 0.9095901 0.8879678 0.9104354 0.8888132 0.9087447 0.8901451 0.9095901 0.8892997 0.9104354 0.8901451 0.9087447 0.891477 0.9095901 0.8906316 0.9104354 0.891477 0.9087447 0.8928089 0.9095901 0.8919636 0.9104354 0.8928089 0.9087447 0.8941408 0.9095901 0.8932954 0.9104354 0.8941408 0.9087447 0.8954727 0.9095901 0.8946274 0.9104354 0.8954727 0.9087447 0.8968047 0.9095901 0.8959593 0.9104354 0.8968047 0.9087447 0.8981365 0.9095901 0.8972912 0.9104354 0.8981365 0.9087447 0.8994684 0.9095901 0.8986231 0.9104354 0.8994684 0.9087447 0.9008004 0.9095901 0.8999551 0.9104354 0.9008004 0.9087447 0.9021323 0.9095901 0.9012869 0.9104354 0.9021323 0.9087447 0.9034642 0.9095901 0.9026188 0.9104354 0.9034642 0.9087447 0.9047961 0.9095901 0.9039507 0.9104354 0.9047961 0.9087447 0.906128 0.9095901 0.9052826 0.9104354 0.906128 0.9087447 0.9074599 0.9095901 0.9066146 0.9104354 0.9074599 0.9087447 0.9087918 0.9095901 0.9079465 0.9104354 0.9087918 0.9087447 0.9101237 0.9095901 0.9092784 0.9104354 0.9101237 0.9087447 0.9114557 0.9095901 0.9106103 0.9104354 0.9114557 0.9087447 0.9127876 0.9095901 0.9119422 0.9104354 0.9127876 0.9087447 0.9141195 0.9095901 0.9132741 0.9104354 0.9141195 0.9087447 0.9154514 0.9095901 0.9146061 0.9104354 0.9154514 0.9087447 0.9167833 0.9095901 0.9159379 0.9104354 0.9167833 0.9087447 0.9181152 0.9095901 0.9172699 0.9104354 0.9181152 0.9087447 0.9194471 0.9095901 0.9186018 0.9104354 0.9194471 0.9087447 0.920779 0.9095901 0.9199337 0.9104354 0.920779 0.9087447 0.9221109 0.9095901 0.9212656 0.9104354 0.9221109 0.9087447 0.9234429 0.9095901 0.9225975 0.9104354 0.9234429 0.9087447 0.9247748 0.9095901 0.9239294 0.9104354 0.9247748 0.9087447 0.9261067 0.9095901 0.9252613 0.9104354 0.9261067 0.9087447 0.9274386 0.9095901 0.9265933 0.9104354 0.9274386 0.9087447 0.9287705 0.9095901 0.9279252 0.9104354 0.9287705 0.9087447 0.9301024 0.9095901 0.9292571 0.9104354 0.9301024 0.9087447 0.9314343 0.9095901 0.930589 0.9104354 0.9314343 0.9087447 0.9327662 0.9095901 0.9319209 0.9104354 0.9327662 0.9087447 0.9340981 0.9095901 0.9332528 0.9104354 0.9340981 0.9087447 0.9354301 0.9095901 0.9345847 0.9104354 0.9354301 0.9087447 0.936762 0.9095901 0.9359166 0.9104354 0.936762 0.9087447 0.9380939 0.9095901 0.9372486 0.9104354 0.9380939 0.9087447 0.9394258 0.9095901 0.9385805 0.9104354 0.9394258 0.9087447 0.9407577 0.9095901 0.9399123 0.9104354 0.9407577 0.9087447 0.9420896 0.9095901 0.9412443 0.9104354 0.9420896 0.9087447 0.9434215 0.9095901 0.9425762 0.9104354 0.9434215 0.9087447 0.9447534 0.9095901 0.9439081 0.9104354 0.9447534 0.9087447 0.9460854 0.9095901 0.94524 0.9104354 0.9460854 0.9087447 0.9474173 0.9095901 0.9465719 0.9104354 0.9474173 0.9087447 0.9487492 0.9095901 0.9479038 0.9104354 0.9487492 0.9087447 0.9500811 0.9095901 0.9492358 0.9104354 0.9500811 0.9087447 0.951413 0.9095901 0.9505676 0.9104354 0.951413 0.9087447 0.9527449 0.9095901 0.9518996 0.9104354 0.9527449 0.8367183 0.9540031 0.8375636 0.9548484 0.8367183 0.9556938 0.8380502 0.9540031 0.8388956 0.9548484 0.8380502 0.9556938 0.8393822 0.9540031 0.8402275 0.9548484 0.8393822 0.9556938 0.840714 0.9540031 0.8415594 0.9548484 0.840714 0.9556938 0.842046 0.9540031 0.8428913 0.9548484 0.842046 0.9556938 0.8433778 0.9540031 0.8442232 0.9548484 0.8433778 0.9556938 0.8447098 0.9540031 0.8455551 0.9548484 0.8447098 0.9556938 0.8460417 0.9540031 0.846887 0.9548484 0.8460417 0.9556938 0.8473736 0.9540031 0.8482189 0.9548484 0.8473736 0.9556938 0.8487055 0.9540031 0.8495509 0.9548484 0.8487055 0.9556938 0.8500375 0.9540031 0.8508828 0.9548484 0.8500375 0.9556938 0.8513693 0.9540031 0.8522147 0.9548484 0.8513693 0.9556938 0.8527013 0.9540031 0.8535466 0.9548484 0.8527013 0.9556938 0.8540331 0.9540031 0.8548785 0.9548484 0.8540331 0.9556938 0.855365 0.9540031 0.8562104 0.9548484 0.855365 0.9556938 0.856697 0.9540031 0.8575423 0.9548484 0.856697 0.9556938 0.8580289 0.9540031 0.8588742 0.9548484 0.8580289 0.9556938 0.8593608 0.9540031 0.8602061 0.9548484 0.8593608 0.9556938 0.8606927 0.9540031 0.8615381 0.9548484 0.8606927 0.9556938 0.8620246 0.9540031 0.8628699 0.9548484 0.8620246 0.9556938 0.8633565 0.9540031 0.8642019 0.9548484 0.8633565 0.9556938 0.8646884 0.9540031 0.8655338 0.9548484 0.8646884 0.9556938 0.8660203 0.9540031 0.8668657 0.9548484 0.8660203 0.9556938 0.8673523 0.9540031 0.8681976 0.9548484 0.8673523 0.9556938 0.8686842 0.9540031 0.8695295 0.9548484 0.8686842 0.9556938 0.8700161 0.9540031 0.8708614 0.9548484 0.8700161 0.9556938 0.871348 0.9540031 0.8721933 0.9548484 0.871348 0.9556938 0.8726799 0.9540031 0.8735253 0.9548484 0.8726799 0.9556938 0.8740118 0.9540031 0.8748571 0.9548484 0.8740118 0.9556938 0.8753437 0.9540031 0.8761891 0.9548484 0.8753437 0.9556938 0.8766756 0.9540031 0.877521 0.9548484 0.8766756 0.9556938 0.8780075 0.9540031 0.8788529 0.9548484 0.8780075 0.9556938 0.8793395 0.9540031 0.8801848 0.9548484 0.8793395 0.9556938 0.8806714 0.9540031 0.8815167 0.9548484 0.8806714 0.9556938 0.8820033 0.9540031 0.8828486 0.9548484 0.8820033 0.9556938 0.8833352 0.9540031 0.8841806 0.9548484 0.8833352 0.9556938 0.8846671 0.9540031 0.8855125 0.9548484 0.8846671 0.9556938 0.885999 0.9540031 0.8868443 0.9548484 0.885999 0.9556938 0.887331 0.9540031 0.8881763 0.9548484 0.887331 0.9556938 0.8886628 0.9540031 0.8895082 0.9548484 0.8886628 0.9556938 0.8899948 0.9540031 0.8908401 0.9548484 0.8899948 0.9556938 0.8913267 0.9540031 0.892172 0.9548484 0.8913267 0.9556938 0.8926586 0.9540031 0.8935039 0.9548484 0.8926586 0.9556938 0.8939905 0.9540031 0.8948358 0.9548484 0.8939905 0.9556938 0.8953224 0.9540031 0.8961676 0.9548484 0.8953224 0.9556938 0.8966543 0.9540031 0.8974997 0.9548484 0.8966543 0.9556938 0.8979862 0.9540031 0.8988315 0.9548484 0.8979862 0.9556938 0.899318 0.9540031 0.9001635 0.9548484 0.899318 0.9556938 0.90065 0.9540031 0.9014953 0.9548484 0.90065 0.9556938 0.9019818 0.9540031 0.9028273 0.9548484 0.9019818 0.9556938 0.9033139 0.9540031 0.9041592 0.9548484 0.9033139 0.9556938 0.9046458 0.9540031 0.9054911 0.9548484 0.9046458 0.9556938 0.9059777 0.9540031 0.906823 0.9548484 0.9059777 0.9556938 0.9073095 0.9540031 0.908155 0.9548484 0.9073095 0.9556938 0.9086415 0.9540031 0.9094869 0.9548484 0.9086415 0.9556938 0.9109219 0.8808217 0.9117674 0.8799764 0.9126127 0.8808217 0.9109219 0.8821536 0.9117674 0.8813083 0.9126127 0.8821536 0.9109219 0.8834855 0.9117674 0.8826402 0.9126127 0.8834855 0.9109219 0.8848174 0.9117674 0.8839721 0.9126127 0.8848174 0.9109219 0.8861493 0.9117674 0.885304 0.9126127 0.8861493 0.9109219 0.8874812 0.9117674 0.8866359 0.9126127 0.8874812 0.9109219 0.8888132 0.9117674 0.8879678 0.9126127 0.8888132 0.9109219 0.8901451 0.9117674 0.8892997 0.9126127 0.8901451 0.9109219 0.891477 0.9117674 0.8906316 0.9126127 0.891477 0.9109219 0.8928089 0.9117674 0.8919636 0.9126127 0.8928089 0.9109219 0.8941408 0.9117674 0.8932954 0.9126127 0.8941408 0.9109219 0.8954727 0.9117674 0.8946274 0.9126127 0.8954727 0.9109219 0.8968047 0.9117674 0.8959593 0.9126127 0.8968047 0.9109219 0.8981365 0.9117674 0.8972912 0.9126127 0.8981365 0.9109219 0.8994684 0.9117674 0.8986231 0.9126127 0.8994684 0.9109219 0.9008004 0.9117674 0.8999551 0.9126127 0.9008004 0.9109219 0.9021323 0.9117674 0.9012869 0.9126127 0.9021323 0.9109219 0.9034642 0.9117674 0.9026188 0.9126127 0.9034642 0.9109219 0.9047961 0.9117674 0.9039507 0.9126127 0.9047961 0.9109219 0.906128 0.9117674 0.9052826 0.9126127 0.906128 0.9109219 0.9074599 0.9117674 0.9066146 0.9126127 0.9074599 0.9109219 0.9087918 0.9117674 0.9079465 0.9126127 0.9087918 0.9109219 0.9101237 0.9117674 0.9092784 0.9126127 0.9101237 0.9109219 0.9114557 0.9117674 0.9106103 0.9126127 0.9114557 0.9109219 0.9127876 0.9117674 0.9119422 0.9126127 0.9127876 0.9109219 0.9141195 0.9117674 0.9132741 0.9126127 0.9141195 0.9109219 0.9154514 0.9117674 0.9146061 0.9126127 0.9154514 0.9109219 0.9167833 0.9117674 0.9159379 0.9126127 0.9167833 0.9109219 0.9181152 0.9117674 0.9172699 0.9126127 0.9181152 0.9109219 0.9194471 0.9117674 0.9186018 0.9126127 0.9194471 0.9109219 0.920779 0.9117674 0.9199337 0.9126127 0.920779 0.9109219 0.9221109 0.9117674 0.9212656 0.9126127 0.9221109 0.9109219 0.9234429 0.9117674 0.9225975 0.9126127 0.9234429 0.9109219 0.9247748 0.9117673 0.9239294 0.9126127 0.9247748 0.9109219 0.9261067 0.9117674 0.9252613 0.9126127 0.9261067 0.9109219 0.9274386 0.9117674 0.9265933 0.9126127 0.9274386 0.9109219 0.9287705 0.9117673 0.9279251 0.9126127 0.9287705 0.9109219 0.9301024 0.9117674 0.9292571 0.9126127 0.9301024 0.9109219 0.9314344 0.9117674 0.930589 0.9126127 0.9314344 0.9109219 0.9327662 0.9117674 0.9319209 0.9126127 0.9327662 0.9109219 0.9340981 0.9117674 0.9332528 0.9126127 0.9340981 0.9109219 0.9354301 0.9117674 0.9345847 0.9126127 0.9354301 0.9109219 0.936762 0.9117674 0.9359166 0.9126127 0.936762 0.9109219 0.9380939 0.9117674 0.9372486 0.9126127 0.9380939 0.9109219 0.9394258 0.9117674 0.9385805 0.9126127 0.9394258 0.9109219 0.9407577 0.9117674 0.9399123 0.9126127 0.9407577 0.9109219 0.9420896 0.9117674 0.9412443 0.9126127 0.9420896 0.9109219 0.9434215 0.9117674 0.9425762 0.9126127 0.9434215 0.9109219 0.9447534 0.9117674 0.9439081 0.9126127 0.9447534 0.9109219 0.9460854 0.9117674 0.94524 0.9126127 0.9460854 0.9109219 0.9474173 0.9117674 0.9465719 0.9126127 0.9474173 0.9109219 0.9487492 0.9117674 0.9479038 0.9126127 0.9487492 0.9109219 0.9500811 0.9117674 0.9492358 0.9126127 0.9500811 0.9109219 0.951413 0.9117674 0.9505676 0.9126127 0.951413 0.9109219 0.9527449 0.9117674 0.9518996 0.9126127 0.9527449 0.9109219 0.9540769 0.9117674 0.9532315 0.9126127 0.9540769 0.9109219 0.9554087 0.9117674 0.9545634 0.9126127 0.9554087 0.8367183 0.9561803 0.8375636 0.9570257 0.8367183 0.957871 0.8380502 0.9561803 0.8388956 0.9570257 0.8380502 0.957871 0.8393821 0.9561803 0.8402275 0.9570257 0.8393821 0.957871 0.840714 0.9561803 0.8415594 0.9570257 0.840714 0.957871 0.842046 0.9561803 0.8428913 0.9570257 0.842046 0.957871 0.8433778 0.9561803 0.8442232 0.9570257 0.8433778 0.957871 0.8447098 0.9561803 0.8455551 0.9570257 0.8447098 0.957871 0.8460417 0.9561803 0.846887 0.9570257 0.8460417 0.957871 0.8473736 0.9561803 0.8482189 0.9570257 0.8473736 0.957871 0.8487055 0.9561803 0.8495509 0.9570257 0.8487055 0.957871 0.8500374 0.9561803 0.8508828 0.9570257 0.8500374 0.957871 0.8513693 0.9561803 0.8522147 0.9570257 0.8513693 0.957871 0.8527013 0.9561803 0.8535466 0.9570257 0.8527013 0.957871 0.8540331 0.9561803 0.8548785 0.9570257 0.8540331 0.957871 0.855365 0.9561803 0.8562104 0.9570257 0.855365 0.957871 0.856697 0.9561803 0.8575423 0.9570257 0.856697 0.957871 0.8580289 0.9561803 0.8588742 0.9570257 0.8580289 0.957871 0.8593608 0.9561803 0.8602061 0.9570257 0.8593608 0.957871 0.8606927 0.9561803 0.8615381 0.9570257 0.8606927 0.957871 0.8620246 0.9561803 0.8628699 0.9570257 0.8620246 0.957871 0.8633565 0.9561803 0.8642019 0.9570257 0.8633565 0.957871 0.8646884 0.9561803 0.8655338 0.9570257 0.8646884 0.957871 0.8660203 0.9561803 0.8668657 0.9570257 0.8660203 0.957871 0.8673523 0.9561803 0.8681976 0.9570257 0.8673523 0.957871 0.8686842 0.9561803 0.8695295 0.9570257 0.8686842 0.957871 0.8700161 0.9561803 0.8708614 0.9570257 0.8700161 0.957871 0.871348 0.9561803 0.8721933 0.9570257 0.871348 0.957871 0.8726799 0.9561803 0.8735253 0.9570257 0.8726799 0.957871 0.8740118 0.9561803 0.8748571 0.9570257 0.8740118 0.957871 0.8753437 0.9561803 0.8761891 0.9570257 0.8753437 0.957871 0.8766756 0.9561803 0.877521 0.9570257 0.8766756 0.957871 0.8780075 0.9561803 0.8788529 0.9570257 0.8780075 0.957871 0.8793395 0.9561803 0.8801848 0.9570257 0.8793395 0.957871 0.8806714 0.9561803 0.8815167 0.9570257 0.8806714 0.957871 0.8820033 0.9561803 0.8828486 0.9570257 0.8820033 0.957871 0.8833352 0.9561803 0.8841806 0.9570257 0.8833352 0.957871 0.8846671 0.9561803 0.8855124 0.9570257 0.8846671 0.957871 0.9067209 0.9508125 0.9067284 0.9508035 0.9067596 0.950818 0.9067596 0.950818 0.9067284 0.9508035 0.9067482 0.950809 0.9067596 0.950818 0.9067482 0.950809 0.9067572 0.9508097 0.9067572 0.9508097 0.9067482 0.950809 0.9067507 0.9508054 0.9067572 0.9508097 0.9067507 0.9508054 0.9067501 0.9508019 0.9067501 0.9508019 0.9067507 0.9508054 0.9067471 0.9507998 0.9067501 0.9508019 0.9067471 0.9507998 0.9067443 0.9507961 0.9067443 0.9507961 0.9067471 0.9507998 0.9067428 0.9507951 0.9067443 0.9507961 0.9067428 0.9507951 0.9067392 0.9507915 0.9067392 0.9507915 0.9067428 0.9507951 0.9067383 0.9507908 0.9067392 0.9507915 0.9067383 0.9507908 0.9067342 0.9507873 0.9067342 0.9507873 0.9067383 0.9507908 0.9067336 0.9507869 0.9067342 0.9507873 0.9067336 0.9507869 0.9067294 0.9507833 0.9067294 0.9507833 0.9067336 0.9507869 0.906729 0.950783 0.9067294 0.9507833 0.906729 0.950783 0.906724 0.950779 0.906724 0.950779 0.906729 0.950783 0.9067237 0.9507789 0.906724 0.950779 0.9067237 0.9507789 0.9067185 0.9507748 0.9067185 0.9507748 0.9067237 0.9507789 0.9067185 0.9507751 0.9067185 0.9507748 0.9067185 0.9507751 0.9067125 0.9507704 0.9067125 0.9507704 0.9067185 0.9507751 0.9067129 0.9507715 0.9067125 0.9507704 0.9067129 0.9507715 0.9067053 0.9507656 0.9067053 0.9507656 0.9067129 0.9507715 0.9067072 0.950769 0.9067053 0.9507656 0.9067072 0.950769 0.9066976 0.9507632 0.9066976 0.9507632 0.9067072 0.950769 0.9067036 0.9507712 0.9066976 0.9507632 0.9067036 0.9507712 0.9066938 0.9507756 0.9066938 0.9507756 0.9067036 0.9507712 0.9067082 0.9507841 0.9066938 0.9507756 0.9067082 0.9507841 0.9067209 0.9508125 0.9067209 0.9508125 0.9067082 0.9507841 0.9067284 0.9508035 0.9067222 0.9507752 0.9067237 0.9507769 0.9067251 0.9507782 0.9067251 0.9507782 0.9067237 0.9507769 0.9067261 0.9507792 0.9067251 0.9507782 0.9067261 0.9507792 0.9067283 0.950781 0.9067283 0.950781 0.9067261 0.9507792 0.9067287 0.9507814 0.9067283 0.950781 0.9067287 0.9507814 0.9067318 0.9507838 0.9067318 0.9507838 0.9067287 0.9507814 0.9067315 0.9507837 0.9067318 0.9507838 0.9067315 0.9507837 0.9067353 0.9507864 0.9067353 0.9507864 0.9067315 0.9507837 0.9067342 0.9507858 0.9067353 0.9507864 0.9067342 0.9507858 0.9067386 0.9507888 0.9067342 0.9507858 0.9067371 0.9507877 0.9067386 0.9507888 0.9067386 0.9507888 0.9067371 0.9507877 0.9067398 0.9507894 0.9067386 0.9507888 0.9067398 0.9507894 0.9067427 0.9507911 0.9067427 0.9507911 0.9067398 0.9507894 0.9067432 0.9507911 0.9067427 0.9507911 0.9067432 0.9507911 0.9067475 0.9507934 0.9067475 0.9507934 0.9067432 0.9507911 0.9067466 0.9507926 0.9067475 0.9507934 0.9067466 0.9507926 0.9067529 0.9507952 0.9067529 0.9507952 0.9067466 0.9507926 0.9067503 0.9507935 0.9067529 0.9507952 0.9067503 0.9507935 0.9067592 0.9507962 0.9067592 0.9507962 0.9067503 0.9507935 0.9067537 0.9507935 0.9067592 0.9507962 0.9067537 0.9507935 0.9067653 0.950795 0.9067105 0.950745 0.9067165 0.9507581 0.9067116 0.9507542 0.9067116 0.9507542 0.9067165 0.9507581 0.9067162 0.9507621 0.9067116 0.9507542 0.9067162 0.9507621 0.9067141 0.9507618 0.9067141 0.9507618 0.9067162 0.9507621 0.906717 0.950766 0.9067141 0.9507618 0.906717 0.950766 0.9067169 0.9507677 0.9067169 0.9507677 0.906717 0.950766 0.9067184 0.9507697 0.9067169 0.9507677 0.9067184 0.9507697 0.9067197 0.950772 0.9067197 0.950772 0.9067184 0.9507697 0.90672 0.9507725 0.9067197 0.950772 0.90672 0.9507725 0.9067222 0.9507752 0.9067222 0.9507752 0.90672 0.9507725 0.9067217 0.9507748 0.9067222 0.9507752 0.9067217 0.9507748 0.9067237 0.9507769 0.9067537 0.9507935 0.9067563 0.9507921 0.9067653 0.950795 0.9067653 0.950795 0.9067563 0.9507921 0.9067575 0.950788 0.9067653 0.950795 0.9067575 0.950788 0.9067702 0.9507877 0.9067702 0.9507877 0.9067575 0.950788 0.9067559 0.9507789 0.9067702 0.9507877 0.9067559 0.9507789 0.9067651 0.9507626 0.9067651 0.9507626 0.9067559 0.9507789 0.9067482 0.9507662 0.9067651 0.9507626 0.9067482 0.9507662 0.9067386 0.9507358 0.9067386 0.9507358 0.9067482 0.9507662 0.9067358 0.9507562 0.9067386 0.9507358 0.9067358 0.9507562 0.9067142 0.9507351 0.9067142 0.9507351 0.9067358 0.9507562 0.9067249 0.9507535 0.9067142 0.9507351 0.9067249 0.9507535 0.9067105 0.950745 0.9067105 0.950745 0.9067249 0.9507535 0.9067191 0.9507551 0.9067105 0.950745 0.9067191 0.9507551 0.9067165 0.9507581 0.9067193 0.9507764 0.9067191 0.9507757 0.9067195 0.9507752 0.9067466 0.9507926 0.9067445 0.950792 0.9067503 0.9507935 0.9067503 0.9507935 0.9067445 0.950792 0.9067451 0.950792 0.9067503 0.9507935 0.9067451 0.950792 0.9067537 0.9507935 0.9067451 0.950792 0.9067451 0.9507916 0.9067537 0.9507935 0.9067537 0.9507935 0.9067451 0.9507916 0.9067459 0.9507913 0.9067537 0.9507935 0.9067459 0.9507913 0.9067563 0.9507921 0.9067563 0.9507921 0.9067459 0.9507913 0.9067454 0.9507898 0.9067563 0.9507921 0.9067454 0.9507898 0.9067575 0.950788 0.9067575 0.950788 0.9067454 0.9507898 0.9067448 0.9507861 0.9067575 0.950788 0.9067448 0.9507861 0.9067559 0.9507789 0.9067559 0.9507789 0.9067448 0.9507861 0.9067417 0.9507795 0.9067559 0.9507789 0.9067417 0.9507795 0.9067482 0.9507662 0.9067482 0.9507662 0.9067417 0.9507795 0.9067352 0.9507728 0.9067482 0.9507662 0.9067352 0.9507728 0.9067358 0.9507562 0.9067358 0.9507562 0.9067352 0.9507728 0.906728 0.9507697 0.9067358 0.9507562 0.906728 0.9507697 0.9067249 0.9507535 0.9067249 0.9507535 0.906728 0.9507697 0.9067234 0.9507703 0.9067249 0.9507535 0.9067234 0.9507703 0.9067191 0.9507551 0.9067191 0.9507551 0.9067234 0.9507703 0.9067215 0.9507719 0.9067191 0.9507551 0.9067215 0.9507719 0.9067165 0.9507581 0.9067165 0.9507581 0.9067215 0.9507719 0.9067203 0.9507721 0.9067165 0.9507581 0.9067203 0.9507721 0.9067162 0.9507621 0.9067162 0.9507621 0.9067203 0.9507721 0.9067191 0.9507719 0.9067162 0.9507621 0.9067191 0.9507719 0.906717 0.950766 0.906717 0.950766 0.9067191 0.9507719 0.9067193 0.950773 0.906717 0.950766 0.9067193 0.950773 0.9067184 0.9507697 0.9067184 0.9507697 0.9067193 0.950773 0.9067193 0.9507731 0.9067184 0.9507697 0.9067193 0.9507731 0.90672 0.9507725 0.9067195 0.9507752 0.9067191 0.9507757 0.9067193 0.9507751 0.9067193 0.9507751 0.9067191 0.9507757 0.9067193 0.9507756 0.9067193 0.9507751 0.9067193 0.9507756 0.9067193 0.9507731 0.9067195 0.9507752 0.9067198 0.9507759 0.9067193 0.9507764 0.9067193 0.9507764 0.9067198 0.9507759 0.9067206 0.9507768 0.9067193 0.9507764 0.9067206 0.9507768 0.9067206 0.9507778 0.9067206 0.9507778 0.9067206 0.9507768 0.9067223 0.9507781 0.9067206 0.9507778 0.9067223 0.9507781 0.9067222 0.9507796 0.9067222 0.9507796 0.9067223 0.9507781 0.9067243 0.9507803 0.9067222 0.9507796 0.9067243 0.9507803 0.9067247 0.950782 0.9067247 0.950782 0.9067243 0.9507803 0.9067278 0.9507833 0.9067247 0.950782 0.9067278 0.9507833 0.906728 0.9507849 0.906728 0.9507849 0.9067278 0.9507833 0.9067318 0.9507864 0.906728 0.9507849 0.9067318 0.9507864 0.906732 0.9507876 0.906732 0.9507876 0.9067318 0.9507864 0.9067355 0.9507886 0.906732 0.9507876 0.9067355 0.9507886 0.9067353 0.9507897 0.9067353 0.9507897 0.9067355 0.9507886 0.906738 0.9507899 0.9067353 0.9507897 0.906738 0.9507899 0.9067378 0.9507909 0.9067378 0.9507909 0.906738 0.9507899 0.9067396 0.9507905 0.9067378 0.9507909 0.9067396 0.9507905 0.9067395 0.9507916 0.9067395 0.9507916 0.9067396 0.9507905 0.9067406 0.9507911 0.9067395 0.9507916 0.9067406 0.9507911 0.9067404 0.9507919 0.9067404 0.9507919 0.9067406 0.9507911 0.906741 0.9507911 0.9067404 0.9507919 0.906741 0.9507911 0.9067408 0.9507917 0.9067408 0.9507917 0.906741 0.9507911 0.9067416 0.9507914 0.9067408 0.9507917 0.9067416 0.9507914 0.9067407 0.9507914 0.9067407 0.9507914 0.9067416 0.9507914 0.9067414 0.9507914 0.9067407 0.9507914 0.9067414 0.9507914 0.9067398 0.9507907 0.9067193 0.9507731 0.9067193 0.9507756 0.90672 0.9507725 0.90672 0.9507725 0.9067193 0.9507756 0.9067205 0.9507763 0.90672 0.9507725 0.9067205 0.9507763 0.9067217 0.9507748 0.9067217 0.9507748 0.9067205 0.9507763 0.9067221 0.9507775 0.9067217 0.9507748 0.9067221 0.9507775 0.9067237 0.9507769 0.9067237 0.9507769 0.9067221 0.9507775 0.9067243 0.950779 0.9067237 0.9507769 0.9067243 0.950779 0.9067261 0.9507792 0.9067261 0.9507792 0.9067243 0.950779 0.9067265 0.9507808 0.9067261 0.9507792 0.9067265 0.9507808 0.9067287 0.9507814 0.9067287 0.9507814 0.9067265 0.9507808 0.9067291 0.9507827 0.9067287 0.9507814 0.9067291 0.9507827 0.9067315 0.9507837 0.9067315 0.9507837 0.9067291 0.9507827 0.9067315 0.9507844 0.9067315 0.9507837 0.9067315 0.9507844 0.9067342 0.9507858 0.9067342 0.9507858 0.9067315 0.9507844 0.9067338 0.9507862 0.9067342 0.9507858 0.9067338 0.9507862 0.9067371 0.9507877 0.9067371 0.9507877 0.9067338 0.9507862 0.9067361 0.9507879 0.9067371 0.9507877 0.9067361 0.9507879 0.9067398 0.9507894 0.9067398 0.9507894 0.9067361 0.9507879 0.9067382 0.9507895 0.9067398 0.9507894 0.9067382 0.9507895 0.9067432 0.9507911 0.9067432 0.9507911 0.9067382 0.9507895 0.9067398 0.9507907 0.9067432 0.9507911 0.9067398 0.9507907 0.9067466 0.9507926 0.9067466 0.9507926 0.9067398 0.9507907 0.9067414 0.9507914 0.9067466 0.9507926 0.9067414 0.9507914 0.9067445 0.950792 0.9067386 0.9507358 0.9068971 0.9505676 0.9067651 0.9507626 0.9067651 0.9507626 0.9068971 0.9505676 0.9068971 0.9508973 0.9067651 0.9507626 0.9068971 0.9508973 0.9067702 0.9507877 0.9067702 0.9507877 0.9068971 0.9508973 0.9068171 0.9508443 0.9067702 0.9507877 0.9068171 0.9508443 0.9067653 0.950795 0.9067653 0.950795 0.9068171 0.9508443 0.9067814 0.9508204 0.9067653 0.950795 0.9067814 0.9508204 0.9067592 0.9507962 0.9067592 0.9507962 0.9067814 0.9508204 0.9067631 0.9508081 0.9067592 0.9507962 0.9067631 0.9508081 0.9067529 0.9507952 0.9067529 0.9507952 0.9067631 0.9508081 0.9067531 0.950801 0.9067529 0.9507952 0.9067531 0.950801 0.9067475 0.9507934 0.9067475 0.9507934 0.9067531 0.950801 0.9067466 0.9507963 0.9067475 0.9507934 0.9067466 0.9507963 0.9067427 0.9507911 0.9067427 0.9507911 0.9067466 0.9507963 0.9067417 0.9507928 0.9067427 0.9507911 0.9067417 0.9507928 0.9067386 0.9507888 0.9067386 0.9507888 0.9067417 0.9507928 0.9067377 0.9507895 0.9067386 0.9507888 0.9067377 0.9507895 0.9067353 0.9507864 0.9067353 0.9507864 0.9067377 0.9507895 0.9067341 0.9507866 0.9067353 0.9507864 0.9067341 0.9507866 0.9067318 0.9507838 0.9067318 0.9507838 0.9067341 0.9507866 0.9067305 0.9507838 0.9067318 0.9507838 0.9067305 0.9507838 0.9067283 0.950781 0.9067283 0.950781 0.9067305 0.9507838 0.9067267 0.9507806 0.9067283 0.950781 0.9067267 0.9507806 0.9067251 0.9507782 0.9067251 0.9507782 0.9067267 0.9507806 0.9067228 0.9507774 0.9067251 0.9507782 0.9067228 0.9507774 0.9067222 0.9507752 0.9067222 0.9507752 0.9067228 0.9507774 0.906719 0.9507739 0.9067222 0.9507752 0.906719 0.9507739 0.9067197 0.950772 0.9067197 0.950772 0.906719 0.9507739 0.9067147 0.9507697 0.9067197 0.950772 0.9067147 0.9507697 0.9067169 0.9507677 0.9067169 0.9507677 0.9067147 0.9507697 0.9067088 0.9507636 0.9067169 0.9507677 0.9067088 0.9507636 0.9067141 0.9507618 0.9067141 0.9507618 0.9067088 0.9507636 0.9067001 0.9507531 0.9067141 0.9507618 0.9067001 0.9507531 0.9067116 0.9507542 0.9067116 0.9507542 0.9067001 0.9507531 0.9066848 0.9507333 0.9067116 0.9507542 0.9066848 0.9507333 0.9067105 0.950745 0.9067105 0.950745 0.9066848 0.9507333 0.906652 0.9506889 0.9067105 0.950745 0.906652 0.9506889 0.9067142 0.9507351 0.9067142 0.9507351 0.906652 0.9506889 0.9065673 0.9505676 0.9067142 0.9507351 0.9065673 0.9505676 0.9067386 0.9507358 0.9067386 0.9507358 0.9065673 0.9505676 0.9068971 0.9505676 0.9067342 0.9507848 0.906734 0.9507845 0.9067349 0.9507852 0.9067349 0.9507852 0.906734 0.9507845 0.9067349 0.9507851 0.9067349 0.9507852 0.9067349 0.9507851 0.9067352 0.9507854 0.9067352 0.9507854 0.9067349 0.9507851 0.9067353 0.9507855 0.9067352 0.9507854 0.9067353 0.9507855 0.9067351 0.9507854 0.9067351 0.9507854 0.9067353 0.9507855 0.9067353 0.9507855 0.9067351 0.9507854 0.9067353 0.9507855 0.906735 0.9507852 0.906735 0.9507852 0.9067353 0.9507855 0.9067351 0.9507853 0.906735 0.9507852 0.9067351 0.9507853 0.9067348 0.9507851 0.9067348 0.9507851 0.9067351 0.9507853 0.9067348 0.9507851 0.9067348 0.9507851 0.9067348 0.9507851 0.9067345 0.9507848 0.9067345 0.9507848 0.9067348 0.9507851 0.9067345 0.9507848 0.9067345 0.9507848 0.9067345 0.9507848 0.9067342 0.9507846 0.9067342 0.9507846 0.9067345 0.9507848 0.9067341 0.9507846 0.9067342 0.9507846 0.9067341 0.9507846 0.9067338 0.9507844 0.9067338 0.9507844 0.9067341 0.9507846 0.9067336 0.9507843 0.9067338 0.9507844 0.9067336 0.9507843 0.9067335 0.9507841 0.9067335 0.9507841 0.9067336 0.9507843 0.9067333 0.9507841 0.9067335 0.9507841 0.9067333 0.9507841 0.9067332 0.9507839 0.9067332 0.9507839 0.9067333 0.9507841 0.906733 0.9507838 0.9067332 0.9507839 0.906733 0.9507838 0.906733 0.9507838 0.906733 0.9507838 0.906733 0.9507838 0.9067329 0.9507836 0.906733 0.9507838 0.9067329 0.9507836 0.906733 0.9507838 0.906733 0.9507838 0.9067329 0.9507836 0.9067327 0.9507835 0.906733 0.9507838 0.9067327 0.9507835 0.9067336 0.9507842 0.9067336 0.9507842 0.9067327 0.9507835 0.906733 0.9507838 0.9067336 0.9507842 0.906733 0.9507838 0.9067342 0.9507848 0.9067342 0.9507848 0.906733 0.9507838 0.906734 0.9507845 0.9067323 0.9507833 0.9067329 0.9507817 0.9067354 0.9507856 0.9067354 0.9507856 0.9067329 0.9507817 0.9067363 0.9507847 0.9067354 0.9507856 0.9067363 0.9507847 0.9067376 0.9507873 0.9067376 0.9507873 0.9067363 0.9507847 0.9067385 0.9507872 0.9067376 0.9507873 0.9067385 0.9507872 0.9067383 0.950788 0.9067383 0.950788 0.9067385 0.9507872 0.9067392 0.9507881 0.9067383 0.950788 0.9067392 0.9507881 0.9067382 0.950788 0.9067382 0.950788 0.9067392 0.9507881 0.9067392 0.950788 0.9067382 0.950788 0.9067392 0.950788 0.9067376 0.9507874 0.9067376 0.9507874 0.9067392 0.950788 0.9067385 0.9507876 0.9067376 0.9507874 0.9067385 0.9507876 0.9067361 0.9507862 0.9067361 0.9507862 0.9067385 0.9507876 0.9067365 0.9507862 0.9067361 0.9507862 0.9067365 0.9507862 0.9067335 0.9507842 0.9067335 0.9507842 0.9067365 0.9507862 0.9067333 0.9507838 0.9067335 0.9507842 0.9067333 0.9507838 0.9067305 0.950782 0.9067305 0.950782 0.9067333 0.9507838 0.9067299 0.9507813 0.9067305 0.950782 0.9067299 0.9507813 0.9067282 0.9507803 0.9067282 0.9507803 0.9067299 0.9507813 0.9067278 0.9507796 0.9067282 0.9507803 0.9067278 0.9507796 0.9067271 0.9507797 0.9067271 0.9507797 0.9067278 0.9507796 0.9067268 0.9507788 0.9067271 0.9507797 0.9067268 0.9507788 0.9067268 0.9507795 0.9067268 0.9507795 0.9067268 0.9507788 0.9067265 0.9507785 0.9067268 0.9507795 0.9067265 0.9507785 0.9067271 0.9507798 0.9067271 0.9507798 0.9067265 0.9507785 0.9067271 0.9507787 0.9067271 0.9507798 0.9067271 0.9507787 0.9067292 0.9507811 0.9067292 0.9507811 0.9067271 0.9507787 0.9067294 0.9507797 0.9067292 0.9507811 0.9067294 0.9507797 0.9067323 0.9507833 0.9067323 0.9507833 0.9067294 0.9507797 0.9067329 0.9507817 0.9067445 0.950792 0.9067414 0.9507914 0.9067451 0.950792 0.9067451 0.950792 0.9067414 0.9507914 0.9067416 0.9507914 0.9067451 0.950792 0.9067416 0.9507914 0.9067351 0.9507854 0.9067351 0.9507854 0.9067416 0.9507914 0.9067351 0.9507854 0.906733 0.9507837 0.9067329 0.9507836 0.9067333 0.9507839 0.906733 0.9507837 0.9067333 0.9507839 0.9067333 0.9507839 0.9067333 0.9507839 0.9067333 0.9507839 0.9067335 0.9507841 0.9067333 0.9507839 0.9067335 0.9507841 0.9067335 0.9507841 0.9067335 0.9507841 0.9067335 0.9507841 0.9067336 0.9507842 0.9067335 0.9507841 0.9067336 0.9507842 0.9067336 0.9507843 0.9067336 0.9507843 0.9067336 0.9507842 0.9067339 0.9507844 0.9067336 0.9507843 0.9067339 0.9507844 0.9067339 0.9507844 0.9067339 0.9507844 0.9067339 0.9507844 0.906734 0.9507845 0.9067339 0.9507844 0.906734 0.9507845 0.906734 0.9507845 0.906734 0.9507845 0.906734 0.9507845 0.9067342 0.9507846 0.906734 0.9507845 0.9067342 0.9507846 0.9067342 0.9507846 0.9067342 0.9507846 0.9067342 0.9507846 0.9067344 0.9507848 0.9067342 0.9507846 0.9067344 0.9507848 0.9067344 0.9507848 0.9067344 0.9507848 0.9067344 0.9507848 0.9067345 0.9507849 0.9067344 0.9507848 0.9067345 0.9507849 0.9067345 0.9507849 0.9067345 0.9507849 0.9067345 0.9507849 0.9067347 0.9507851 0.9067345 0.9507849 0.9067347 0.9507851 0.9067347 0.9507851 0.9067347 0.9507851 0.9067347 0.9507851 0.9067349 0.9507852 0.9067347 0.9507851 0.9067349 0.9507852 0.9067349 0.9507852 0.9067349 0.9507852 0.9067349 0.9507852 0.9067351 0.9507854 0.9067349 0.9507852 0.9067351 0.9507854 0.9067351 0.9507854 0.9067329 0.9507836 0.906733 0.9507837 0.9067193 0.950773 0.9067193 0.950773 0.906733 0.9507837 0.9067195 0.9507752 0.9067193 0.950773 0.9067195 0.9507752 0.9067193 0.9507731 0.9067193 0.9507731 0.9067195 0.9507752 0.9067193 0.9507751 0.9067345 0.9507848 0.9067342 0.9507846 0.9067341 0.9507846 0.9067341 0.9507846 0.9067342 0.9507846 0.906734 0.9507845 0.9067341 0.9507846 0.906734 0.9507845 0.9067336 0.9507843 0.9067348 0.9507851 0.9067345 0.9507849 0.9067345 0.9507848 0.9067345 0.9507848 0.9067345 0.9507849 0.9067344 0.9507848 0.9067345 0.9507848 0.9067344 0.9507848 0.9067342 0.9507846 0.9067234 0.9507703 0.906728 0.9507697 0.9067294 0.9507797 0.9067327 0.9507835 0.9067193 0.950773 0.9067191 0.9507719 0.9067193 0.950773 0.9067327 0.9507835 0.9067329 0.9507836 0.906734 0.9507845 0.9067365 0.9507862 0.9067349 0.9507851 0.9067349 0.9507851 0.9067365 0.9507862 0.9067385 0.9507876 0.9067392 0.950788 0.9067392 0.9507881 0.9067451 0.9507916 0.9067451 0.9507916 0.9067392 0.9507881 0.9067385 0.9507872 0.9067451 0.9507916 0.9067385 0.9507872 0.9067459 0.9507913 0.9067459 0.9507913 0.9067385 0.9507872 0.9067363 0.9507847 0.9067459 0.9507913 0.9067363 0.9507847 0.9067454 0.9507898 0.9067454 0.9507898 0.9067363 0.9507847 0.9067448 0.9507861 0.9067265 0.9507785 0.9067268 0.9507788 0.9067191 0.9507719 0.9067191 0.9507719 0.9067268 0.9507788 0.906733 0.9507838 0.9067191 0.9507719 0.906733 0.9507838 0.9067327 0.9507835 0.906734 0.9507845 0.9067339 0.9507844 0.9067336 0.9507843 0.9067336 0.9507843 0.9067339 0.9507844 0.9067336 0.9507842 0.9067336 0.9507843 0.9067336 0.9507842 0.9067333 0.9507841 0.9067294 0.9507797 0.906728 0.9507697 0.9067329 0.9507817 0.9067329 0.9507817 0.906728 0.9507697 0.9067352 0.9507728 0.9067329 0.9507817 0.9067352 0.9507728 0.9067363 0.9507847 0.9067363 0.9507847 0.9067352 0.9507728 0.9067417 0.9507795 0.9067363 0.9507847 0.9067417 0.9507795 0.9067448 0.9507861 0.9067265 0.9507785 0.9067191 0.9507719 0.9067271 0.9507787 0.9067271 0.9507787 0.9067191 0.9507719 0.9067203 0.9507721 0.9067271 0.9507787 0.9067203 0.9507721 0.9067294 0.9507797 0.9067294 0.9507797 0.9067203 0.9507721 0.9067215 0.9507719 0.9067294 0.9507797 0.9067215 0.9507719 0.9067234 0.9507703 0.9067268 0.9507788 0.9067278 0.9507796 0.906733 0.9507838 0.906733 0.9507838 0.9067278 0.9507796 0.9067299 0.9507813 0.906733 0.9507838 0.9067299 0.9507813 0.906734 0.9507845 0.906734 0.9507845 0.9067299 0.9507813 0.9067333 0.9507838 0.906734 0.9507845 0.9067333 0.9507838 0.9067365 0.9507862 0.9067327 0.9507835 0.9067329 0.9507836 0.9067329 0.9507836 0.9067329 0.9507836 0.9067329 0.9507836 0.906733 0.9507838 0.9067329 0.9507836 0.906733 0.9507838 0.9067333 0.9507839 0.9067333 0.9507839 0.906733 0.9507838 0.9067333 0.9507841 0.9067333 0.9507839 0.9067333 0.9507841 0.9067335 0.9507841 0.9067335 0.9507841 0.9067333 0.9507841 0.9067336 0.9507842 0.9067385 0.9507876 0.9067392 0.950788 0.9067349 0.9507851 0.9067349 0.9507851 0.9067392 0.950788 0.9067451 0.9507916 0.9067349 0.9507851 0.9067451 0.9507916 0.9067353 0.9507855 0.9067353 0.9507855 0.9067451 0.9507916 0.9067451 0.950792 0.9067353 0.9507855 0.9067451 0.950792 0.9067353 0.9507855 0.9067353 0.9507855 0.9067451 0.950792 0.9067351 0.9507854 0.9067353 0.9507855 0.9067351 0.9507854 0.9067351 0.9507853 0.9067351 0.9507853 0.9067351 0.9507854 0.9067349 0.9507852 0.9067351 0.9507853 0.9067349 0.9507852 0.9067348 0.9507851 0.9067348 0.9507851 0.9067349 0.9507852 0.9067347 0.9507851 0.9067348 0.9507851 0.9067347 0.9507851 0.9067345 0.9507849 0.9067345 0.9507848 0.9067342 0.9507846 0.9067342 0.9507846 0.9067382 0.950788 0.9067376 0.9507874 0.9067336 0.9507842 0.9067336 0.9507842 0.9067376 0.9507874 0.9067361 0.9507862 0.9067336 0.9507842 0.9067361 0.9507862 0.906733 0.9507838 0.906733 0.9507838 0.9067361 0.9507862 0.9067335 0.9507842 0.906733 0.9507838 0.9067335 0.9507842 0.906733 0.9507838 0.9067335 0.9507841 0.9067336 0.9507843 0.9067338 0.9507844 0.9067338 0.9507844 0.9067336 0.9507843 0.9067339 0.9507844 0.9067338 0.9507844 0.9067339 0.9507844 0.9067342 0.9507846 0.9067342 0.9507846 0.9067339 0.9507844 0.906734 0.9507845 0.9067342 0.9507846 0.906734 0.9507845 0.9067342 0.9507846 0.9067198 0.9507759 0.9067195 0.9507752 0.906733 0.9507837 0.9067335 0.9507842 0.9067305 0.950782 0.906733 0.9507838 0.906733 0.9507838 0.9067305 0.950782 0.906733 0.9507837 0.906733 0.9507838 0.906733 0.9507837 0.9067332 0.9507839 0.9067332 0.9507839 0.906733 0.9507837 0.9067333 0.9507839 0.9067332 0.9507839 0.9067333 0.9507839 0.9067335 0.9507841 0.9067335 0.9507841 0.9067333 0.9507839 0.9067335 0.9507841 0.9067335 0.9507841 0.9067335 0.9507841 0.9067336 0.9507843 0.9067352 0.9507854 0.9067351 0.9507854 0.9067351 0.9507854 0.9067351 0.9507854 0.9067351 0.9507854 0.906735 0.9507852 0.9067351 0.9507854 0.906735 0.9507852 0.9067349 0.9507852 0.9067349 0.9507852 0.906735 0.9507852 0.9067348 0.9507851 0.9067342 0.9507846 0.9067344 0.9507848 0.9067345 0.9507848 0.9067345 0.9507848 0.9067344 0.9507848 0.9067345 0.9507849 0.9067345 0.9507848 0.9067345 0.9507849 0.9067348 0.9507851 0.9067348 0.9507851 0.9067345 0.9507849 0.9067347 0.9507851 0.9067348 0.9507851 0.9067347 0.9507851 0.9067349 0.9507852 0.9067305 0.950782 0.9067282 0.9507803 0.906733 0.9507837 0.906733 0.9507837 0.9067282 0.9507803 0.9067271 0.9507797 0.906733 0.9507837 0.9067271 0.9507797 0.9067198 0.9507759 0.9067271 0.9507797 0.9067268 0.9507795 0.9067198 0.9507759 0.9067198 0.9507759 0.9067268 0.9507795 0.9067271 0.9507798 0.9067198 0.9507759 0.9067271 0.9507798 0.9067206 0.9507768 0.9067206 0.9507768 0.9067271 0.9507798 0.9067292 0.9507811 0.9067206 0.9507768 0.9067292 0.9507811 0.9067223 0.9507781 0.9067223 0.9507781 0.9067292 0.9507811 0.9067243 0.9507803 0.9067396 0.9507905 0.906738 0.9507899 0.9067354 0.9507856 0.9067354 0.9507856 0.906738 0.9507899 0.9067355 0.9507886 0.9067354 0.9507856 0.9067355 0.9507886 0.9067323 0.9507833 0.9067323 0.9507833 0.9067355 0.9507886 0.9067318 0.9507864 0.9067323 0.9507833 0.9067318 0.9507864 0.9067292 0.9507811 0.9067292 0.9507811 0.9067318 0.9507864 0.9067278 0.9507833 0.9067292 0.9507811 0.9067278 0.9507833 0.9067243 0.9507803 0.9067396 0.9507905 0.9067354 0.9507856 0.9067406 0.9507911 0.9067406 0.9507911 0.9067354 0.9507856 0.9067376 0.9507873 0.9067406 0.9507911 0.9067376 0.9507873 0.906741 0.9507911 0.906741 0.9507911 0.9067376 0.9507873 0.9067383 0.950788 0.906741 0.9507911 0.9067383 0.950788 0.9067382 0.950788 0.9067351 0.9507854 0.9067416 0.9507914 0.9067352 0.9507854 0.9067352 0.9507854 0.9067416 0.9507914 0.906741 0.9507911 0.9067352 0.9507854 0.906741 0.9507911 0.9067349 0.9507852 0.9067349 0.9507852 0.906741 0.9507911 0.9067382 0.950788 0.9067349 0.9507852 0.9067382 0.950788 0.9067342 0.9507848 0.9067342 0.9507848 0.9067382 0.950788 0.9067336 0.9507842 0.9067218 0.9507828 0.9067247 0.950782 0.9067265 0.9507871 0.9067265 0.9507871 0.9067247 0.950782 0.906728 0.9507849 0.9067265 0.9507871 0.906728 0.9507849 0.9067323 0.950791 0.9067323 0.950791 0.906728 0.9507849 0.906732 0.9507876 0.9067323 0.950791 0.906732 0.9507876 0.9067367 0.9507934 0.90674 0.9507919 0.9067398 0.9507907 0.9067383 0.9507903 0.9067383 0.9507903 0.9067398 0.9507907 0.9067382 0.9507895 0.9067383 0.9507903 0.9067382 0.9507895 0.9067358 0.9507882 0.9067358 0.9507882 0.9067382 0.9507895 0.9067361 0.9507879 0.9067358 0.9507882 0.9067361 0.9507879 0.906733 0.950786 0.906733 0.950786 0.9067361 0.9507879 0.9067338 0.9507862 0.906733 0.950786 0.9067338 0.9507862 0.9067301 0.9507837 0.9067187 0.950776 0.9067193 0.9507756 0.9067174 0.9507757 0.9067174 0.9507757 0.9067193 0.9507756 0.9067191 0.9507757 0.9067174 0.9507757 0.9067191 0.9507757 0.9067172 0.9507767 0.9067172 0.9507767 0.9067191 0.9507757 0.9067193 0.9507764 0.9067172 0.9507767 0.9067193 0.9507764 0.9067187 0.9507792 0.9067187 0.9507792 0.9067193 0.9507764 0.9067206 0.9507778 0.9067187 0.9507792 0.9067206 0.9507778 0.9067218 0.9507828 0.9067218 0.9507828 0.9067206 0.9507778 0.9067222 0.9507796 0.9067218 0.9507828 0.9067222 0.9507796 0.9067247 0.950782 0.9067338 0.9507862 0.9067315 0.9507844 0.9067301 0.9507837 0.9067301 0.9507837 0.9067315 0.9507844 0.9067291 0.9507827 0.9067301 0.9507837 0.9067291 0.9507827 0.906727 0.9507814 0.906727 0.9507814 0.9067291 0.9507827 0.9067265 0.9507808 0.906727 0.9507814 0.9067265 0.9507808 0.9067237 0.9507791 0.9067237 0.9507791 0.9067265 0.9507808 0.9067243 0.950779 0.9067237 0.9507791 0.9067243 0.950779 0.9067209 0.9507773 0.9067209 0.9507773 0.9067243 0.950779 0.9067221 0.9507775 0.9067209 0.9507773 0.9067221 0.9507775 0.9067187 0.950776 0.9067187 0.950776 0.9067221 0.9507775 0.9067205 0.9507763 0.9067187 0.950776 0.9067205 0.9507763 0.9067193 0.9507756 0.906732 0.9507876 0.9067353 0.9507897 0.9067367 0.9507934 0.9067367 0.9507934 0.9067353 0.9507897 0.9067378 0.9507909 0.9067367 0.9507934 0.9067378 0.9507909 0.9067396 0.9507943 0.9067396 0.9507943 0.9067378 0.9507909 0.9067395 0.9507916 0.9067396 0.9507943 0.9067395 0.9507916 0.9067408 0.9507941 0.9067408 0.9507941 0.9067395 0.9507916 0.9067404 0.9507919 0.9067408 0.9507941 0.9067404 0.9507919 0.9067408 0.9507931 0.9067408 0.9507931 0.9067404 0.9507919 0.9067408 0.9507917 0.9067408 0.9507931 0.9067408 0.9507917 0.90674 0.9507919 0.90674 0.9507919 0.9067408 0.9507917 0.9067407 0.9507914 0.90674 0.9507919 0.9067407 0.9507914 0.9067398 0.9507907 0.9067323 0.9507957 0.9067323 0.950791 0.9067395 0.9507988 0.9067395 0.9507988 0.9067323 0.950791 0.9067367 0.9507934 0.9067395 0.9507988 0.9067367 0.9507934 0.9067428 0.9507993 0.9067428 0.9507993 0.9067367 0.9507934 0.9067396 0.9507943 0.9067428 0.9507993 0.9067396 0.9507943 0.9067436 0.9507978 0.9067436 0.9507978 0.9067396 0.9507943 0.9067408 0.9507941 0.9067436 0.9507978 0.9067408 0.9507941 0.9067427 0.9507956 0.9067427 0.9507956 0.9067408 0.9507941 0.9067408 0.9507931 0.9067427 0.9507956 0.9067408 0.9507931 0.9067411 0.9507935 0.9067411 0.9507935 0.9067408 0.9507931 0.90674 0.9507919 0.9067411 0.9507935 0.90674 0.9507919 0.9067389 0.9507914 0.9067389 0.9507914 0.90674 0.9507919 0.9067383 0.9507903 0.9067389 0.9507914 0.9067383 0.9507903 0.9067361 0.9507889 0.9067361 0.9507889 0.9067383 0.9507903 0.9067358 0.9507882 0.9067361 0.9507889 0.9067358 0.9507882 0.9067333 0.9507864 0.9067333 0.9507864 0.9067358 0.9507882 0.906733 0.950786 0.9067333 0.9507864 0.906733 0.950786 0.9067303 0.950784 0.9067303 0.950784 0.906733 0.950786 0.9067301 0.9507837 0.9067303 0.950784 0.9067301 0.9507837 0.9067268 0.9507813 0.9067268 0.9507813 0.9067301 0.9507837 0.906727 0.9507814 0.9067268 0.9507813 0.906727 0.9507814 0.9067233 0.9507787 0.9067233 0.9507787 0.906727 0.9507814 0.9067237 0.9507791 0.9067233 0.9507787 0.9067237 0.9507791 0.9067201 0.9507766 0.9067201 0.9507766 0.9067237 0.9507791 0.9067209 0.9507773 0.9067201 0.9507766 0.9067209 0.9507773 0.9067172 0.950775 0.9067172 0.950775 0.9067209 0.9507773 0.9067187 0.950776 0.9067172 0.950775 0.9067187 0.950776 0.9067144 0.950774 0.9067144 0.950774 0.9067187 0.950776 0.9067174 0.9507757 0.9067144 0.950774 0.9067174 0.9507757 0.9067129 0.9507745 0.9067129 0.9507745 0.9067174 0.9507757 0.9067172 0.9507767 0.9067129 0.9507745 0.9067172 0.9507767 0.9067131 0.950777 0.9067131 0.950777 0.9067172 0.9507767 0.9067187 0.9507792 0.9067131 0.950777 0.9067187 0.9507792 0.9067165 0.950782 0.9067165 0.950782 0.9067187 0.9507792 0.9067218 0.9507828 0.9067165 0.950782 0.9067218 0.9507828 0.9067233 0.9507893 0.9067233 0.9507893 0.9067218 0.9507828 0.9067265 0.9507871 0.9067233 0.9507893 0.9067265 0.9507871 0.9067323 0.9507957 0.9067323 0.9507957 0.9067265 0.9507871 0.9067323 0.950791 0.9067036 0.9507712 0.9067165 0.950782 0.9067082 0.9507841 0.9067082 0.9507841 0.9067165 0.950782 0.9067233 0.9507893 0.9067082 0.9507841 0.9067233 0.9507893 0.9067284 0.9508035 0.9067284 0.9508035 0.9067233 0.9507893 0.9067323 0.9507957 0.9067284 0.9508035 0.9067323 0.9507957 0.9067482 0.950809 0.9067185 0.9507751 0.9067172 0.950775 0.9067129 0.9507715 0.9067129 0.9507715 0.9067172 0.950775 0.9067144 0.950774 0.9067129 0.9507715 0.9067144 0.950774 0.9067072 0.950769 0.9067072 0.950769 0.9067144 0.950774 0.9067129 0.9507745 0.9067072 0.950769 0.9067129 0.9507745 0.9067036 0.9507712 0.9067036 0.9507712 0.9067129 0.9507745 0.9067131 0.950777 0.9067036 0.9507712 0.9067131 0.950777 0.9067165 0.950782 0.9067336 0.9507869 0.9067303 0.950784 0.906729 0.950783 0.906729 0.950783 0.9067303 0.950784 0.9067268 0.9507813 0.906729 0.950783 0.9067268 0.9507813 0.9067237 0.9507789 0.9067237 0.9507789 0.9067268 0.9507813 0.9067233 0.9507787 0.9067237 0.9507789 0.9067233 0.9507787 0.9067185 0.9507751 0.9067185 0.9507751 0.9067233 0.9507787 0.9067201 0.9507766 0.9067185 0.9507751 0.9067201 0.9507766 0.9067172 0.950775 0.9067428 0.9507951 0.9067389 0.9507914 0.9067383 0.9507908 0.9067383 0.9507908 0.9067389 0.9507914 0.9067361 0.9507889 0.9067383 0.9507908 0.9067361 0.9507889 0.9067336 0.9507869 0.9067336 0.9507869 0.9067361 0.9507889 0.9067333 0.9507864 0.9067336 0.9507869 0.9067333 0.9507864 0.9067303 0.950784 0.9067323 0.9507957 0.9067395 0.9507988 0.9067482 0.950809 0.9067482 0.950809 0.9067395 0.9507988 0.9067428 0.9507993 0.9067482 0.950809 0.9067428 0.9507993 0.9067507 0.9508054 0.9067507 0.9508054 0.9067428 0.9507993 0.9067436 0.9507978 0.9067507 0.9508054 0.9067436 0.9507978 0.9067471 0.9507998 0.9067471 0.9507998 0.9067436 0.9507978 0.9067427 0.9507956 0.9067471 0.9507998 0.9067427 0.9507956 0.9067428 0.9507951 0.9067428 0.9507951 0.9067427 0.9507956 0.9067411 0.9507935 0.9067428 0.9507951 0.9067411 0.9507935 0.9067389 0.9507914 0.9067053 0.9507656 0.9067088 0.9507636 0.9067125 0.9507704 0.9067125 0.9507704 0.9067088 0.9507636 0.9067147 0.9507697 0.9067125 0.9507704 0.9067147 0.9507697 0.9067185 0.9507748 0.9067147 0.9507697 0.906719 0.9507739 0.9067185 0.9507748 0.9067185 0.9507748 0.906719 0.9507739 0.9067228 0.9507774 0.9067185 0.9507748 0.9067228 0.9507774 0.906724 0.950779 0.906724 0.950779 0.9067228 0.9507774 0.9067267 0.9507806 0.906724 0.950779 0.9067267 0.9507806 0.9067294 0.9507833 0.9067294 0.9507833 0.9067267 0.9507806 0.9067305 0.9507838 0.9067294 0.9507833 0.9067305 0.9507838 0.9067342 0.9507873 0.9066938 0.9507756 0.906652 0.9506889 0.9066976 0.9507632 0.9066976 0.9507632 0.906652 0.9506889 0.9066848 0.9507333 0.9066976 0.9507632 0.9066848 0.9507333 0.9067053 0.9507656 0.9067053 0.9507656 0.9066848 0.9507333 0.9067001 0.9507531 0.9067053 0.9507656 0.9067001 0.9507531 0.9067088 0.9507636 0.9067572 0.9508097 0.9068171 0.9508443 0.9067596 0.950818 0.9067596 0.950818 0.9068171 0.9508443 0.9068971 0.9508973 0.9067596 0.950818 0.9068971 0.9508973 0.9067209 0.9508125 0.9067209 0.9508125 0.9068971 0.9508973 0.9065673 0.9508973 0.9067209 0.9508125 0.9065673 0.9508973 0.9066938 0.9507756 0.9066938 0.9507756 0.9065673 0.9508973 0.9065673 0.9505676 0.9066938 0.9507756 0.9065673 0.9505676 0.906652 0.9506889 0.9067443 0.9507961 0.9067531 0.950801 0.9067501 0.9508019 0.9067501 0.9508019 0.9067531 0.950801 0.9067631 0.9508081 0.9067501 0.9508019 0.9067631 0.9508081 0.9067572 0.9508097 0.9067572 0.9508097 0.9067631 0.9508081 0.9067814 0.9508204 0.9067572 0.9508097 0.9067814 0.9508204 0.9068171 0.9508443 0.9067305 0.9507838 0.9067341 0.9507866 0.9067342 0.9507873 0.9067342 0.9507873 0.9067341 0.9507866 0.9067377 0.9507895 0.9067342 0.9507873 0.9067377 0.9507895 0.9067392 0.9507915 0.9067392 0.9507915 0.9067377 0.9507895 0.9067417 0.9507928 0.9067392 0.9507915 0.9067417 0.9507928 0.9067443 0.9507961 0.9067443 0.9507961 0.9067417 0.9507928 0.9067466 0.9507963 0.9067443 0.9507961 0.9067466 0.9507963 0.9067531 0.950801</float_array>
          <technique_common>
            <accessor source="#lf1-mesh-map-0-array" count="9138" stride="2">
              <param name="S" type="float"/>
              <param name="T" type="float"/>
            </accessor>
          </technique_common>
        </source>
        <vertices id="lf1-mesh-vertices">
          <input semantic="POSITION" source="#lf1-mesh-positions"/>
        </vertices>
        <triangles material="lf1Material-material" count="3046">
          <input semantic="VERTEX" source="#lf1-mesh-vertices" offset="0"/>
          <input semantic="NORMAL" source="#lf1-mesh-normals" offset="1"/>
          <input semantic="TEXCOORD" source="#lf1-mesh-map-0" offset="2" set="0"/>
          <p>0 0 0 1 0 1 2 0 2 2 1 3 1 1 4 3 1 5 2 2 6 3 2 7 4 2 8 4 3 9 3 3 10 5 3 11 4 4 12 5 4 13 6 4 14 6 5 15 5 5 16 7 5 17 6 6 18 7 6 19 8 6 20 8 7 21 7 7 22 9 7 23 8 8 24 9 8 25 10 8 26 10 9 27 9 9 28 11 9 29 10 10 30 11 10 31 12 10 32 12 10 33 11 10 34 13 10 35 12 11 36 13 11 37 14 11 38 14 12 39 13 12 40 15 12 41 14 13 42 15 13 43 16 13 44 16 13 45 15 13 46 17 13 47 16 14 48 17 14 49 18 14 50 18 14 51 17 14 52 19 14 53 18 15 54 19 15 55 20 15 56 20 16 57 19 16 58 21 16 59 20 17 60 21 17 61 22 17 62 22 17 63 21 17 64 23 17 65 22 18 66 23 18 67 24 18 68 24 19 69 23 19 70 25 19 71 24 20 72 25 20 73 26 20 74 26 21 75 25 21 76 0 21 77 26 22 78 0 22 79 2 22 80 27 23 81 28 23 82 29 23 83 29 24 84 28 24 85 30 24 86 29 25 87 30 25 88 31 25 89 31 26 90 30 26 91 32 26 92 31 27 93 32 27 94 33 27 95 33 28 96 32 28 97 34 28 98 33 29 99 34 29 100 35 29 101 35 30 102 34 30 103 36 30 104 35 31 105 36 31 106 37 31 107 37 32 108 36 32 109 38 32 110 37 33 111 38 33 112 39 33 113 39 34 114 38 34 115 40 34 116 39 35 117 40 35 118 41 35 119 41 36 120 40 36 121 42 36 122 41 37 123 42 37 124 43 37 125 43 38 126 42 38 127 44 38 128 43 39 129 44 39 130 45 39 131 45 40 132 44 40 133 46 40 134 45 41 135 46 41 136 47 41 137 47 42 138 46 42 139 48 42 140 47 43 141 48 43 142 49 43 143 49 43 144 48 43 145 50 43 146 49 44 147 50 44 148 27 44 149 27 45 150 50 45 151 28 45 152 51 46 153 52 46 154 53 46 155 53 47 156 52 47 157 54 47 158 53 48 159 54 48 160 55 48 161 55 49 162 54 49 163 56 49 164 55 50 165 56 50 166 57 50 167 57 51 168 56 51 169 58 51 170 57 52 171 58 52 172 59 52 173 59 53 174 58 53 175 60 53 176 59 54 177 60 54 178 61 54 179 61 55 180 60 55 181 62 55 182 61 56 183 62 56 184 63 56 185 63 57 186 62 57 187 64 57 188 63 58 189 64 58 190 65 58 191 65 59 192 64 59 193 66 59 194 65 60 195 66 60 196 67 60 197 67 61 198 66 61 199 68 61 200 67 62 201 68 62 202 69 62 203 69 63 204 68 63 205 70 63 206 69 64 207 70 64 208 71 64 209 71 65 210 70 65 211 72 65 212 71 66 213 72 66 214 73 66 215 73 67 216 72 67 217 74 67 218 73 68 219 74 68 220 51 68 221 51 69 222 74 69 223 52 69 224 75 70 225 76 70 226 77 70 227 77 71 228 76 71 229 78 71 230 77 72 231 78 72 232 79 72 233 79 73 234 78 73 235 80 73 236 79 74 237 80 74 238 81 74 239 81 75 240 80 75 241 82 75 242 81 76 243 82 76 244 83 76 245 83 77 246 82 77 247 84 77 248 83 78 249 84 78 250 85 78 251 85 79 252 84 79 253 86 79 254 85 80 255 86 80 256 87 80 257 87 81 258 86 81 259 88 81 260 87 82 261 88 82 262 89 82 263 89 83 264 88 83 265 90 83 266 89 84 267 90 84 268 91 84 269 91 85 270 90 85 271 92 85 272 91 86 273 92 86 274 93 86 275 93 87 276 92 87 277 94 87 278 93 88 279 94 88 280 95 88 281 95 89 282 94 89 283 96 89 284 95 90 285 96 90 286 97 90 287 97 91 288 96 91 289 98 91 290 97 92 291 98 92 292 75 92 293 75 93 294 98 93 295 76 93 296 99 94 297 100 94 298 101 94 299 101 95 300 100 95 301 102 95 302 101 96 303 102 96 304 103 96 305 103 97 306 102 97 307 104 97 308 103 98 309 104 98 310 105 98 311 105 99 312 104 99 313 106 99 314 105 100 315 106 100 316 107 100 317 107 101 318 106 101 319 108 101 320 107 102 321 108 102 322 109 102 323 109 103 324 108 103 325 110 103 326 109 104 327 110 104 328 111 104 329 111 105 330 110 105 331 112 105 332 111 106 333 112 106 334 113 106 335 113 107 336 112 107 337 114 107 338 113 108 339 114 108 340 115 108 341 115 109 342 114 109 343 116 109 344 115 110 345 116 110 346 117 110 347 117 111 348 116 111 349 118 111 350 117 112 351 118 112 352 119 112 353 119 113 354 118 113 355 120 113 356 119 114 357 120 114 358 121 114 359 121 115 360 120 115 361 122 115 362 121 116 363 122 116 364 99 116 365 99 117 366 122 117 367 100 117 368 123 118 369 124 118 370 125 118 371 126 119 372 127 119 373 124 119 374 124 120 375 127 120 376 128 120 377 124 121 378 128 121 379 125 121 380 129 122 381 130 122 382 126 122 383 126 123 384 130 123 385 131 123 386 126 124 387 131 124 388 127 124 389 132 125 390 133 125 391 129 125 392 129 126 393 133 126 394 134 126 395 129 127 396 134 127 397 130 127 398 135 128 399 136 128 400 132 128 401 132 129 402 136 129 403 137 129 404 132 130 405 137 130 406 133 130 407 138 131 408 139 131 409 135 131 410 135 132 411 139 132 412 140 132 413 135 133 414 140 133 415 136 133 416 141 134 417 142 134 418 138 134 419 138 135 420 142 135 421 143 135 422 138 136 423 143 136 424 139 136 425 144 137 426 145 137 427 141 137 428 141 138 429 145 138 430 146 138 431 141 139 432 146 139 433 142 139 434 147 140 435 148 140 436 144 140 437 144 141 438 148 141 439 149 141 440 144 142 441 149 142 442 145 142 443 150 143 444 151 143 445 147 143 446 147 144 447 151 144 448 152 144 449 147 145 450 152 145 451 148 145 452 153 146 453 154 146 454 150 146 455 150 147 456 154 147 457 155 147 458 150 148 459 155 148 460 151 148 461 125 149 462 156 149 463 123 149 464 123 150 465 156 150 466 157 150 467 123 151 468 157 151 469 153 151 470 153 152 471 157 152 472 158 152 473 153 153 474 158 153 475 154 153 476 159 154 477 160 154 478 161 154 479 161 155 480 160 155 481 162 155 482 163 155 483 164 155 484 165 155 485 166 155 486 167 155 487 168 155 488 168 155 489 167 155 490 169 155 491 168 155 492 169 155 493 170 155 494 170 155 495 169 155 496 165 155 497 170 155 498 165 155 499 171 155 500 171 155 501 165 155 502 172 155 503 165 155 504 164 155 505 161 155 506 161 156 507 164 156 508 173 156 509 161 155 510 173 155 511 159 155 512 174 157 513 175 157 514 176 157 515 163 155 516 165 155 517 177 155 518 177 158 519 165 158 520 169 158 521 177 155 522 169 155 523 178 155 524 178 155 525 169 155 526 174 155 527 178 159 528 174 159 529 179 159 530 179 155 531 174 155 532 176 155 533 179 160 534 176 160 535 180 160 536 181 161 537 182 161 538 171 161 539 172 162 540 183 162 541 184 162 542 184 161 543 185 161 544 172 161 545 172 161 546 185 161 547 186 161 548 172 161 549 186 161 550 171 161 551 171 163 552 186 163 553 187 163 554 171 164 555 187 164 556 181 164 557 166 165 558 188 165 559 167 165 560 167 161 561 188 161 562 189 161 563 190 166 564 162 166 565 160 166 566 191 167 567 192 167 568 193 167 569 193 161 570 192 161 571 194 161 572 118 161 573 116 161 574 195 161 575 74 168 576 72 168 577 196 168 578 197 161 579 198 161 580 188 161 581 188 169 582 198 169 583 199 169 584 188 170 585 199 170 586 200 170 587 195 161 588 201 161 589 118 161 590 118 171 591 201 171 592 189 171 593 118 172 594 189 172 595 120 172 596 120 173 597 189 173 598 188 173 599 120 174 600 188 174 601 122 174 602 122 175 603 188 175 604 200 175 605 196 176 606 72 176 607 202 176 608 202 177 609 72 177 610 70 177 611 202 161 612 70 161 613 203 161 614 160 178 615 203 178 616 190 178 617 190 161 618 203 161 619 70 161 620 190 161 621 70 161 622 204 161 623 204 161 624 70 161 625 68 161 626 42 179 627 40 179 628 192 179 629 66 180 630 205 180 631 68 180 632 68 181 633 205 181 634 206 181 635 68 182 636 206 182 637 204 182 638 116 183 639 114 183 640 195 183 641 195 184 642 114 184 643 112 184 644 195 161 645 112 161 646 207 161 647 208 185 648 82 185 649 209 185 650 209 186 651 82 186 652 80 186 653 74 187 654 196 187 655 52 187 656 52 161 657 196 161 658 210 161 659 52 188 660 210 188 661 54 188 662 34 189 663 32 189 664 210 189 665 40 190 666 38 190 667 192 190 668 192 191 669 38 191 670 36 191 671 192 161 672 36 161 673 194 161 674 194 161 675 36 161 676 34 161 677 194 161 678 34 161 679 211 161 680 211 161 681 34 161 682 210 161 683 112 192 684 110 192 685 207 192 686 207 193 687 110 193 688 108 193 689 207 161 690 108 161 691 88 161 692 88 194 693 108 194 694 90 194 695 60 161 696 212 161 697 62 161 698 62 161 699 212 161 700 213 161 701 62 161 702 213 161 703 64 161 704 64 195 705 213 195 706 214 195 707 64 161 708 214 161 709 66 161 710 66 161 711 214 161 712 215 161 713 66 196 714 215 196 715 205 196 716 192 197 717 216 197 718 217 197 719 88 198 720 86 198 721 207 198 722 207 199 723 86 199 724 84 199 725 207 161 726 84 161 727 218 161 728 218 200 729 84 200 730 82 200 731 218 161 732 82 161 733 219 161 734 219 201 735 82 201 736 208 201 737 219 161 738 208 161 739 220 161 740 220 202 741 208 202 742 221 202 743 78 161 744 222 161 745 80 161 746 80 203 747 222 203 748 223 203 749 80 204 750 223 204 751 209 204 752 102 205 753 224 205 754 225 205 755 44 161 756 60 161 757 46 161 758 46 161 759 60 161 760 58 161 761 46 161 762 58 161 763 48 161 764 48 161 765 58 161 766 56 161 767 48 161 768 56 161 769 50 161 770 50 161 771 56 161 772 54 161 773 50 161 774 54 161 775 28 161 776 28 206 777 54 206 778 210 206 779 28 207 780 210 207 781 30 207 782 30 208 783 210 208 784 32 208 785 104 161 786 96 161 787 106 161 788 106 161 789 96 161 790 94 161 791 106 161 792 94 161 793 108 161 794 108 161 795 94 161 796 92 161 797 108 161 798 92 161 799 90 161 800 217 209 801 226 209 802 192 209 803 192 210 804 226 210 805 227 210 806 192 211 807 227 211 808 228 211 809 200 212 810 229 212 811 122 212 812 122 213 813 229 213 814 230 213 815 122 214 816 230 214 817 100 214 818 100 161 819 230 161 820 231 161 821 100 215 822 231 215 823 102 215 824 44 161 825 42 161 826 60 161 827 60 216 828 42 216 829 192 216 830 60 217 831 192 217 832 232 217 833 232 218 834 192 218 835 228 218 836 233 161 837 102 161 838 234 161 839 234 161 840 102 161 841 225 161 842 234 161 843 225 161 844 235 161 845 235 161 846 225 161 847 236 161 848 233 219 849 237 219 850 102 219 851 102 220 852 237 220 853 238 220 854 102 161 855 238 161 856 104 161 857 104 221 858 238 221 859 239 221 860 104 161 861 239 161 862 96 161 863 96 222 864 239 222 865 240 222 866 96 161 867 240 161 868 98 161 869 98 223 870 240 223 871 241 223 872 98 224 873 241 224 874 76 224 875 76 161 876 241 161 877 242 161 878 76 161 879 242 161 880 78 161 881 78 161 882 242 161 883 243 161 884 78 225 885 243 225 886 222 225 887 244 161 888 245 161 889 246 161 890 246 226 891 245 226 892 247 226 893 231 161 894 248 161 895 102 161 896 102 227 897 248 227 898 249 227 899 102 228 900 249 228 901 224 228 902 224 229 903 249 229 904 250 229 905 224 230 906 250 230 907 251 230 908 251 161 909 252 161 910 224 161 911 224 161 912 252 161 913 253 161 914 224 161 915 253 161 916 246 161 917 246 161 918 253 161 919 254 161 920 246 161 921 254 161 922 244 161 923 232 161 924 255 161 925 60 161 926 60 231 927 255 231 928 246 231 929 60 232 930 246 232 931 212 232 932 212 233 933 246 233 934 247 233 935 256 234 936 257 234 937 258 234 938 259 235 939 260 235 940 261 235 941 261 161 942 262 161 943 259 161 944 259 236 945 262 236 946 263 236 947 259 161 948 263 161 949 258 161 950 258 237 951 263 237 952 264 237 953 258 238 954 264 238 955 256 238 956 265 239 957 182 239 958 181 239 959 266 240 960 204 240 961 206 240 962 183 241 963 267 241 964 268 241 965 268 242 966 267 242 967 269 242 968 198 243 969 197 243 970 270 243 971 270 244 972 197 244 973 271 244 974 270 245 975 271 245 976 272 245 977 272 246 978 271 246 979 273 246 980 272 247 981 273 247 982 274 247 983 251 248 984 275 248 985 252 248 986 252 249 987 275 249 988 276 249 989 252 250 990 276 250 991 253 250 992 253 251 993 276 251 994 277 251 995 253 252 996 277 252 997 254 252 998 254 253 999 277 253 1000 278 253 1001 254 254 1002 278 254 1003 244 254 1004 244 255 1005 278 255 1006 279 255 1007 244 256 1008 279 256 1009 245 256 1010 245 257 1011 279 257 1012 280 257 1013 245 258 1014 280 258 1015 247 258 1016 247 259 1017 280 259 1018 281 259 1019 247 260 1020 281 260 1021 212 260 1022 212 260 1023 281 260 1024 282 260 1025 212 261 1026 282 261 1027 213 261 1028 213 262 1029 282 262 1030 283 262 1031 213 263 1032 283 263 1033 214 263 1034 214 264 1035 283 264 1036 284 264 1037 214 265 1038 284 265 1039 215 265 1040 215 265 1041 284 265 1042 285 265 1043 215 266 1044 285 266 1045 205 266 1046 205 267 1047 285 267 1048 286 267 1049 205 268 1050 286 268 1051 206 268 1052 206 269 1053 286 269 1054 269 269 1055 206 270 1056 269 270 1057 266 270 1058 266 271 1059 269 271 1060 267 271 1061 273 272 1062 265 272 1063 274 272 1064 274 273 1065 265 273 1066 181 273 1067 274 274 1068 181 274 1069 287 274 1070 287 275 1071 181 275 1072 187 275 1073 287 276 1074 187 276 1075 288 276 1076 288 277 1077 187 277 1078 186 277 1079 288 278 1080 186 278 1081 289 278 1082 289 279 1083 186 279 1084 185 279 1085 289 280 1086 185 280 1087 268 280 1088 268 281 1089 185 281 1090 184 281 1091 268 282 1092 184 282 1093 183 282 1094 220 283 1095 221 283 1096 290 283 1097 291 283 1098 292 283 1099 290 283 1100 290 283 1101 292 283 1102 293 283 1103 290 283 1104 293 283 1105 220 283 1106 191 283 1107 193 283 1108 294 283 1109 294 283 1110 193 283 1111 292 283 1112 294 283 1113 292 283 1114 295 283 1115 295 283 1116 292 283 1117 291 283 1118 295 283 1119 291 283 1120 258 283 1121 258 283 1122 291 283 1123 259 283 1124 296 284 1125 209 284 1126 223 284 1127 297 285 1128 257 285 1129 256 285 1130 217 286 1131 216 286 1132 298 286 1133 298 287 1134 216 287 1135 299 287 1136 298 288 1137 299 288 1138 300 288 1139 300 289 1140 299 289 1141 301 289 1142 300 290 1143 301 290 1144 302 290 1145 260 291 1146 303 291 1147 304 291 1148 304 292 1149 303 292 1150 305 292 1151 236 293 1152 306 293 1153 235 293 1154 235 294 1155 306 294 1156 307 294 1157 235 295 1158 307 295 1159 234 295 1160 234 296 1161 307 296 1162 308 296 1163 234 297 1164 308 297 1165 233 297 1166 233 298 1167 308 298 1168 309 298 1169 233 299 1170 309 299 1171 237 299 1172 237 300 1173 309 300 1174 310 300 1175 237 301 1176 310 301 1177 238 301 1178 238 302 1179 310 302 1180 311 302 1181 238 303 1182 311 303 1183 239 303 1184 239 304 1185 311 304 1186 312 304 1187 239 305 1188 312 305 1189 240 305 1190 240 306 1191 312 306 1192 313 306 1193 240 307 1194 313 307 1195 241 307 1196 241 308 1197 313 308 1198 314 308 1199 241 309 1200 314 309 1201 242 309 1202 242 310 1203 314 310 1204 315 310 1205 242 311 1206 315 311 1207 243 311 1208 243 311 1209 315 311 1210 316 311 1211 243 312 1212 316 312 1213 222 312 1214 222 313 1215 316 313 1216 317 313 1217 222 314 1218 317 314 1219 223 314 1220 223 315 1221 317 315 1222 305 315 1223 223 316 1224 305 316 1225 296 316 1226 296 317 1227 305 317 1228 303 317 1229 301 318 1230 297 319 1231 302 320 1232 302 321 1233 297 321 1234 256 321 1235 302 322 1236 256 322 1237 318 322 1238 318 323 1239 256 323 1240 264 323 1241 318 324 1242 264 324 1243 319 324 1244 319 325 1245 264 325 1246 263 325 1247 319 326 1248 263 326 1249 320 326 1250 320 327 1251 263 327 1252 262 327 1253 320 328 1254 262 328 1255 304 328 1256 304 329 1257 262 329 1258 261 329 1259 304 330 1260 261 330 1261 260 330 1262 321 331 1263 322 331 1264 323 331 1265 323 331 1266 322 331 1267 324 331 1268 323 332 1269 324 332 1270 325 332 1271 325 333 1272 324 333 1273 326 333 1274 327 334 1275 328 334 1276 329 334 1277 329 335 1278 328 335 1279 330 335 1280 329 331 1281 330 331 1282 331 331 1283 331 331 1284 330 331 1285 332 331 1286 333 311 1287 334 311 1288 335 311 1289 336 336 1290 337 336 1291 335 336 1292 335 311 1293 337 311 1294 338 311 1295 335 311 1296 338 311 1297 333 311 1298 339 311 1299 340 311 1300 341 311 1301 341 311 1302 340 311 1303 337 311 1304 341 311 1305 337 311 1306 342 311 1307 342 311 1308 337 311 1309 336 311 1310 342 311 1311 336 311 1312 343 311 1313 343 311 1314 336 311 1315 344 311 1316 345 331 1317 343 331 1318 346 331 1319 346 331 1320 343 331 1321 344 331 1322 347 337 1323 348 337 1324 349 337 1325 349 338 1326 348 338 1327 350 338 1328 349 331 1329 350 331 1330 333 331 1331 333 331 1332 350 331 1333 334 331 1334 340 331 1335 339 331 1336 351 331 1337 351 331 1338 339 331 1339 352 331 1340 351 339 1341 352 339 1342 353 339 1343 353 340 1344 352 340 1345 354 340 1346 346 311 1347 355 311 1348 356 311 1349 357 311 1350 358 311 1351 345 311 1352 359 341 1353 360 341 1354 361 341 1355 362 342 1356 356 342 1357 363 342 1358 363 311 1359 356 311 1360 361 311 1361 363 343 1362 361 343 1363 364 343 1364 364 311 1365 361 311 1366 360 311 1367 365 344 1368 366 344 1369 345 344 1370 345 345 1371 366 345 1372 367 345 1373 345 346 1374 367 346 1375 357 346 1376 357 347 1377 367 347 1378 368 347 1379 369 348 1380 370 348 1381 371 348 1382 371 349 1383 370 349 1384 372 349 1385 371 350 1386 372 350 1387 373 350 1388 362 311 1389 374 311 1390 356 311 1391 356 351 1392 374 351 1393 375 351 1394 356 352 1395 375 352 1396 346 352 1397 346 311 1398 375 311 1399 345 311 1400 376 311 1401 377 311 1402 378 311 1403 378 353 1404 377 353 1405 365 353 1406 378 311 1407 365 311 1408 379 311 1409 379 354 1410 365 354 1411 345 354 1412 379 355 1413 345 355 1414 380 355 1415 380 311 1416 345 311 1417 375 311 1418 359 356 1419 361 356 1420 381 356 1421 381 311 1422 361 311 1423 371 311 1424 381 357 1425 371 357 1426 382 357 1427 382 358 1428 371 358 1429 373 358 1430 382 311 1431 373 311 1432 376 311 1433 376 359 1434 373 359 1435 383 359 1436 376 360 1437 383 360 1438 377 360 1439 368 311 1440 384 311 1441 357 311 1442 357 361 1443 384 361 1444 385 361 1445 357 311 1446 385 311 1447 371 311 1448 371 362 1449 385 362 1450 386 362 1451 371 363 1452 386 363 1453 369 363 1454 387 155 1455 329 155 1456 388 155 1457 388 155 1458 329 155 1459 331 155 1460 351 155 1461 388 155 1462 340 155 1463 340 155 1464 388 155 1465 331 155 1466 340 155 1467 331 155 1468 337 155 1469 337 155 1470 331 155 1471 389 155 1472 390 283 1473 349 283 1474 391 283 1475 391 283 1476 349 283 1477 333 283 1478 338 283 1479 392 283 1480 333 283 1481 333 283 1482 392 283 1483 321 283 1484 323 283 1485 393 283 1486 321 283 1487 321 364 1488 393 364 1489 394 364 1490 321 283 1491 394 283 1492 333 283 1493 333 365 1494 394 365 1495 395 365 1496 396 366 1497 397 366 1498 398 366 1499 398 367 1500 397 368 1501 399 369 1502 398 283 1503 399 283 1504 400 283 1505 400 283 1506 399 283 1507 401 283 1508 396 283 1509 391 283 1510 397 283 1511 397 370 1512 391 370 1513 333 370 1514 397 371 1515 333 371 1516 402 371 1517 402 372 1518 333 372 1519 395 372 1520 403 265 1521 404 265 1522 405 265 1523 406 265 1524 13 265 1525 405 265 1526 405 373 1527 13 373 1528 11 373 1529 407 265 1530 408 265 1531 409 265 1532 405 265 1533 404 265 1534 410 265 1535 410 374 1536 404 374 1537 411 374 1538 410 375 1539 411 375 1540 412 375 1541 412 265 1542 411 265 1543 413 265 1544 412 376 1545 413 376 1546 414 376 1547 409 265 1548 408 265 1549 414 265 1550 414 265 1551 408 265 1552 415 265 1553 414 265 1554 415 265 1555 412 265 1556 21 377 1557 19 377 1558 416 377 1559 416 378 1560 19 378 1561 17 378 1562 416 265 1563 17 265 1564 417 265 1565 418 379 1566 25 379 1567 416 379 1568 416 380 1569 25 380 1570 23 380 1571 416 381 1572 23 381 1573 21 381 1574 406 265 1575 419 265 1576 13 265 1577 13 265 1578 419 265 1579 417 265 1580 13 382 1581 417 382 1582 15 382 1583 15 265 1584 417 265 1585 17 265 1586 409 265 1587 420 265 1588 407 265 1589 407 265 1590 420 265 1591 421 265 1592 407 383 1593 421 383 1594 422 383 1595 422 265 1596 421 265 1597 423 265 1598 422 265 1599 423 265 1600 424 265 1601 424 384 1602 423 384 1603 425 384 1604 424 265 1605 425 265 1606 426 265 1607 426 265 1608 425 265 1609 427 265 1610 427 265 1611 425 265 1612 428 265 1613 427 385 1614 428 385 1615 418 385 1616 418 265 1617 428 265 1618 429 265 1619 418 265 1620 429 265 1621 25 265 1622 25 386 1623 429 386 1624 430 386 1625 25 387 1626 430 387 1627 0 387 1628 11 265 1629 9 265 1630 405 265 1631 405 388 1632 9 388 1633 7 388 1634 405 265 1635 7 265 1636 403 265 1637 403 389 1638 7 389 1639 5 389 1640 403 265 1641 5 265 1642 431 265 1643 431 390 1644 5 390 1645 3 390 1646 431 391 1647 3 391 1648 430 391 1649 430 392 1650 3 392 1651 1 392 1652 430 393 1653 1 393 1654 0 393 1655 432 311 1656 433 311 1657 210 311 1658 434 394 1659 435 394 1660 436 394 1661 437 311 1662 438 311 1663 439 311 1664 439 311 1665 438 311 1666 440 311 1667 439 311 1668 440 311 1669 441 311 1670 441 311 1671 440 311 1672 442 311 1673 443 311 1674 444 311 1675 445 311 1676 445 395 1677 444 395 1678 446 395 1679 442 311 1680 440 311 1681 447 311 1682 447 396 1683 440 396 1684 448 396 1685 447 311 1686 448 311 1687 449 311 1688 435 311 1689 434 311 1690 450 311 1691 450 397 1692 434 397 1693 451 397 1694 450 398 1695 451 398 1696 452 398 1697 453 399 1698 454 399 1699 433 399 1700 433 400 1701 454 400 1702 455 400 1703 433 311 1704 455 311 1705 210 311 1706 210 401 1707 455 401 1708 456 401 1709 210 402 1710 456 402 1711 457 402 1712 457 311 1713 458 311 1714 210 311 1715 210 403 1716 458 403 1717 459 403 1718 210 404 1719 459 404 1720 460 404 1721 460 405 1722 461 405 1723 210 405 1724 210 406 1725 461 406 1726 462 406 1727 210 311 1728 462 311 1729 445 311 1730 445 407 1731 462 407 1732 463 407 1733 445 408 1734 463 408 1735 443 408 1736 196 311 1737 464 311 1738 465 311 1739 436 409 1740 438 409 1741 434 409 1742 434 410 1743 438 410 1744 437 410 1745 434 411 1746 437 411 1747 466 411 1748 466 311 1749 437 311 1750 445 311 1751 466 311 1752 445 311 1753 467 311 1754 467 311 1755 445 311 1756 446 311 1757 432 311 1758 210 311 1759 468 311 1760 468 311 1761 210 311 1762 196 311 1763 468 311 1764 196 311 1765 469 311 1766 469 412 1767 196 412 1768 465 412 1769 469 413 1770 465 413 1771 470 413 1772 452 311 1773 471 311 1774 450 311 1775 450 414 1776 471 414 1777 472 414 1778 450 311 1779 472 311 1780 433 311 1781 433 415 1782 472 415 1783 473 415 1784 433 416 1785 473 416 1786 453 416 1787 448 417 1788 474 417 1789 449 417 1790 449 418 1791 474 418 1792 475 418 1793 449 311 1794 475 311 1795 476 311 1796 476 419 1797 475 419 1798 477 419 1799 476 420 1800 477 420 1801 478 420 1802 478 421 1803 477 421 1804 470 421 1805 478 311 1806 470 311 1807 479 311 1808 479 311 1809 470 311 1810 465 311 1811 480 265 1812 481 265 1813 482 265 1814 482 422 1815 481 422 1816 483 422 1817 482 265 1818 483 265 1819 484 265 1820 485 265 1821 486 265 1822 195 265 1823 195 423 1824 486 423 1825 487 423 1826 195 265 1827 487 265 1828 482 265 1829 482 265 1830 487 265 1831 488 265 1832 482 265 1833 488 265 1834 480 265 1835 489 265 1836 490 265 1837 491 265 1838 490 424 1839 492 424 1840 491 424 1841 491 265 1842 492 265 1843 484 265 1844 491 265 1845 484 265 1846 493 265 1847 493 425 1848 484 425 1849 483 425 1850 492 426 1851 494 426 1852 484 426 1853 484 427 1854 494 427 1855 495 427 1856 484 428 1857 495 428 1858 496 428 1859 497 429 1860 498 429 1861 207 429 1862 207 430 1863 498 430 1864 499 430 1865 207 431 1866 499 431 1867 500 431 1868 489 265 1869 491 265 1870 501 265 1871 501 265 1872 491 265 1873 502 265 1874 501 265 1875 502 265 1876 503 265 1877 503 265 1878 502 265 1879 504 265 1880 503 265 1881 504 265 1882 505 265 1883 485 265 1884 195 265 1885 506 265 1886 506 432 1887 195 432 1888 207 432 1889 506 265 1890 207 265 1891 504 265 1892 504 265 1893 207 265 1894 500 265 1895 504 433 1896 500 433 1897 505 433 1898 496 265 1899 507 265 1900 484 265 1901 484 434 1902 507 434 1903 508 434 1904 484 265 1905 508 265 1906 207 265 1907 207 435 1908 508 435 1909 509 435 1910 207 436 1911 509 436 1912 497 436 1913 510 331 1914 511 331 1915 405 331 1916 405 331 1917 511 331 1918 406 331 1919 331 265 1920 332 265 1921 512 265 1922 513 265 1923 392 265 1924 512 265 1925 512 265 1926 392 265 1927 389 265 1928 512 265 1929 389 265 1930 331 265 1931 322 265 1932 321 265 1933 514 265 1934 514 265 1935 321 265 1936 392 265 1937 514 437 1938 392 437 1939 515 437 1940 515 438 1941 392 438 1942 513 438 1943 515 265 1944 513 265 1945 510 265 1946 510 265 1947 513 265 1948 511 265 1949 358 331 1950 357 331 1951 516 331 1952 516 331 1953 517 331 1954 358 331 1955 358 439 1956 517 439 1957 518 439 1958 358 331 1959 518 331 1960 342 331 1961 342 440 1962 518 440 1963 519 440 1964 342 441 1965 519 441 1966 520 441 1967 520 442 1968 521 442 1969 342 442 1970 342 443 1971 521 443 1972 522 443 1973 342 331 1974 522 331 1975 341 331 1976 341 444 1977 522 444 1978 523 444 1979 341 445 1980 523 445 1981 524 445 1982 357 446 1983 525 446 1984 341 446 1985 524 331 1986 526 331 1987 341 331 1988 341 447 1989 526 447 1990 527 447 1991 341 331 1992 527 331 1993 357 331 1994 357 448 1995 527 448 1996 528 448 1997 357 449 1998 528 449 1999 516 449 2000 358 283 2001 342 283 2002 345 283 2003 345 283 2004 342 283 2005 343 283 2006 352 155 2007 339 155 2008 525 155 2009 525 155 2010 339 155 2011 341 155 2012 529 331 2013 356 331 2014 530 331 2015 530 331 2016 356 331 2017 355 331 2018 530 331 2019 355 331 2020 531 331 2021 335 450 2022 532 450 2023 356 450 2024 533 331 2025 335 331 2026 534 331 2027 534 331 2028 335 331 2029 356 331 2030 534 331 2031 356 331 2032 535 331 2033 535 451 2034 356 451 2035 529 451 2036 533 452 2037 536 452 2038 335 452 2039 335 453 2040 536 453 2041 537 453 2042 335 331 2043 537 331 2044 336 331 2045 336 454 2046 537 454 2047 538 454 2048 538 455 2049 539 455 2050 336 455 2051 336 456 2052 539 456 2053 540 456 2054 336 331 2055 540 331 2056 355 331 2057 355 457 2058 540 457 2059 541 457 2060 355 458 2061 541 458 2062 531 458 2063 346 155 2064 344 155 2065 355 155 2066 355 155 2067 344 155 2068 336 155 2069 532 283 2070 335 283 2071 350 283 2072 350 283 2073 335 283 2074 334 283 2075 542 155 2076 512 155 2077 330 155 2078 330 155 2079 512 155 2080 332 155 2081 406 283 2082 511 283 2083 419 283 2084 419 283 2085 511 283 2086 513 283 2087 543 331 2088 419 331 2089 544 331 2090 544 331 2091 419 331 2092 513 331 2093 544 331 2094 513 331 2095 545 331 2096 543 331 2097 546 331 2098 419 331 2099 419 331 2100 546 331 2101 547 331 2102 419 331 2103 547 331 2104 417 331 2105 417 331 2106 547 331 2107 548 331 2108 512 459 2109 542 459 2110 417 459 2111 549 331 2112 512 331 2113 550 331 2114 550 331 2115 512 331 2116 417 331 2117 550 460 2118 417 460 2119 551 460 2120 551 331 2121 417 331 2122 548 331 2123 549 331 2124 552 331 2125 512 331 2126 512 461 2127 552 461 2128 553 461 2129 512 331 2130 553 331 2131 513 331 2132 513 462 2133 553 462 2134 554 462 2135 513 331 2136 554 331 2137 545 331 2138 324 283 2139 322 283 2140 555 283 2141 555 283 2142 322 283 2143 514 283 2144 410 155 2145 515 155 2146 405 155 2147 405 155 2148 515 155 2149 510 155 2150 556 331 2151 514 331 2152 515 331 2153 556 331 2154 557 331 2155 514 331 2156 514 331 2157 557 331 2158 558 331 2159 514 331 2160 558 331 2161 559 331 2162 410 463 2163 560 463 2164 515 463 2165 515 464 2166 560 464 2167 561 464 2168 561 331 2169 562 331 2170 515 331 2171 515 331 2172 562 331 2173 563 331 2174 515 465 2175 563 465 2176 556 465 2177 559 331 2178 564 331 2179 514 331 2180 514 466 2181 564 466 2182 412 466 2183 514 467 2184 412 467 2185 555 467 2186 564 331 2187 565 331 2188 412 331 2189 412 331 2190 565 331 2191 566 331 2192 412 331 2193 566 331 2194 410 331 2195 410 331 2196 566 331 2197 567 331 2198 410 468 2199 567 468 2200 560 468 2201 568 331 2202 569 331 2203 313 331 2204 338 331 2205 337 331 2206 315 331 2207 315 331 2208 337 331 2209 316 331 2210 570 469 2211 571 469 2212 389 469 2213 304 470 2214 305 470 2215 337 470 2216 337 471 2217 305 471 2218 317 471 2219 337 472 2220 317 472 2221 316 472 2222 569 331 2223 572 331 2224 313 331 2225 313 473 2226 572 473 2227 338 473 2228 313 474 2229 338 474 2230 314 474 2231 314 475 2232 338 475 2233 315 475 2234 571 331 2235 298 331 2236 389 331 2237 389 476 2238 298 476 2239 300 476 2240 389 477 2241 300 477 2242 302 477 2243 302 478 2244 318 478 2245 389 478 2246 389 479 2247 318 479 2248 319 479 2249 389 480 2250 319 480 2251 337 480 2252 337 481 2253 319 481 2254 320 481 2255 337 331 2256 320 331 2257 304 331 2258 313 331 2259 312 331 2260 568 331 2261 568 331 2262 312 331 2263 311 331 2264 568 331 2265 311 331 2266 573 331 2267 308 331 2268 574 331 2269 309 331 2270 309 482 2271 574 482 2272 573 482 2273 309 483 2274 573 483 2275 310 483 2276 310 331 2277 573 331 2278 311 331 2279 572 484 2280 575 484 2281 338 484 2282 338 485 2283 575 485 2284 576 485 2285 338 486 2286 576 486 2287 577 486 2288 282 487 2289 281 487 2290 578 487 2291 578 331 2292 281 331 2293 280 331 2294 578 331 2295 280 331 2296 579 331 2297 277 331 2298 580 331 2299 278 331 2300 278 331 2301 580 331 2302 579 331 2303 278 331 2304 579 331 2305 279 331 2306 279 331 2307 579 331 2308 280 331 2309 286 331 2310 392 331 2311 269 331 2312 269 331 2313 392 331 2314 268 331 2315 275 331 2316 574 331 2317 276 331 2318 276 488 2319 574 488 2320 308 488 2321 276 331 2322 308 331 2323 277 331 2324 277 489 2325 308 489 2326 307 489 2327 277 331 2328 307 331 2329 580 331 2330 580 490 2331 307 490 2332 306 490 2333 577 491 2334 270 491 2335 338 491 2336 338 492 2337 270 492 2338 272 492 2339 338 331 2340 272 331 2341 274 331 2342 578 331 2343 581 331 2344 282 331 2345 282 331 2346 581 331 2347 582 331 2348 282 331 2349 582 331 2350 389 331 2351 389 331 2352 582 331 2353 583 331 2354 389 493 2355 583 493 2356 570 493 2357 274 494 2358 287 494 2359 338 494 2360 338 495 2361 287 495 2362 288 495 2363 338 496 2364 288 496 2365 392 496 2366 392 497 2367 288 497 2368 289 497 2369 392 331 2370 289 331 2371 268 331 2372 286 498 2373 285 498 2374 392 498 2375 392 331 2376 285 331 2377 284 331 2378 392 331 2379 284 331 2380 389 331 2381 389 499 2382 284 499 2383 283 499 2384 389 331 2385 283 331 2386 282 331 2387 217 500 2388 298 500 2389 226 500 2390 226 501 2391 298 501 2392 571 501 2393 226 502 2394 571 502 2395 227 502 2396 227 503 2397 571 503 2398 570 503 2399 227 504 2400 570 504 2401 228 504 2402 228 505 2403 570 505 2404 583 505 2405 228 506 2406 583 506 2407 232 506 2408 232 507 2409 583 507 2410 582 507 2411 232 265 2412 582 265 2413 255 265 2414 255 265 2415 582 265 2416 581 265 2417 255 508 2418 581 508 2419 246 508 2420 246 509 2421 581 509 2422 578 509 2423 246 510 2424 578 510 2425 224 510 2426 224 511 2427 578 511 2428 579 511 2429 224 512 2430 579 512 2431 225 512 2432 225 513 2433 579 513 2434 580 513 2435 225 514 2436 580 514 2437 236 514 2438 236 515 2439 580 515 2440 306 515 2441 198 516 2442 270 516 2443 199 516 2444 199 517 2445 270 517 2446 577 517 2447 199 518 2448 577 518 2449 200 518 2450 200 519 2451 577 519 2452 576 519 2453 200 520 2454 576 520 2455 229 520 2456 229 521 2457 576 521 2458 575 521 2459 229 522 2460 575 522 2461 230 522 2462 230 523 2463 575 523 2464 572 523 2465 230 311 2466 572 311 2467 231 311 2468 231 311 2469 572 311 2470 569 311 2471 231 524 2472 569 524 2473 248 524 2474 248 525 2475 569 525 2476 568 525 2477 248 526 2478 568 526 2479 249 526 2480 249 527 2481 568 527 2482 573 527 2483 249 528 2484 573 528 2485 250 528 2486 250 529 2487 573 529 2488 574 529 2489 250 530 2490 574 530 2491 251 530 2492 251 531 2493 574 531 2494 275 531 2495 190 532 2496 584 532 2497 162 532 2498 162 533 2499 584 533 2500 161 533 2501 267 534 2502 183 534 2503 165 534 2504 165 535 2505 183 535 2506 172 535 2507 584 536 2508 190 536 2509 266 536 2510 266 537 2511 190 537 2512 204 537 2513 267 538 2514 165 538 2515 266 538 2516 266 161 2517 165 161 2518 161 161 2519 266 539 2520 161 539 2521 584 539 2522 585 540 2523 192 540 2524 294 540 2525 294 540 2526 192 540 2527 191 540 2528 257 541 2529 297 541 2530 258 541 2531 258 542 2532 297 542 2533 295 542 2534 192 543 2535 585 543 2536 216 543 2537 216 544 2538 585 544 2539 299 544 2540 295 545 2541 297 545 2542 301 545 2543 295 161 2544 301 161 2545 294 161 2546 294 546 2547 301 546 2548 299 546 2549 294 161 2550 299 161 2551 585 161 2552 208 547 2553 586 547 2554 221 547 2555 221 547 2556 586 547 2557 290 547 2558 303 548 2559 260 548 2560 291 548 2561 291 549 2562 260 549 2563 259 549 2564 586 550 2565 208 550 2566 296 550 2567 296 551 2568 208 551 2569 209 551 2570 303 552 2571 291 552 2572 296 552 2573 296 553 2574 291 553 2575 290 553 2576 296 554 2577 290 554 2578 586 554 2579 587 555 2580 188 555 2581 168 555 2582 168 556 2583 188 556 2584 166 556 2585 188 557 2586 587 557 2587 197 557 2588 197 558 2589 587 558 2590 271 558 2591 182 559 2592 265 559 2593 171 559 2594 171 560 2595 265 560 2596 170 560 2597 170 561 2598 265 561 2599 273 561 2600 170 161 2601 273 161 2602 168 161 2603 168 562 2604 273 562 2605 271 562 2606 168 563 2607 271 563 2608 587 563 2609 588 564 2610 589 564 2611 324 564 2612 324 565 2613 589 565 2614 326 565 2615 555 566 2616 412 566 2617 324 566 2618 324 567 2619 412 567 2620 415 567 2621 324 568 2622 415 569 2623 588 570 2624 589 571 2625 590 571 2626 326 571 2627 326 572 2628 590 572 2629 591 572 2630 326 573 2631 591 573 2632 325 573 2633 591 574 2634 592 574 2635 325 574 2636 325 575 2637 592 576 2638 593 577 2639 325 578 2640 593 578 2641 323 578 2642 323 579 2643 593 579 2644 594 579 2645 323 580 2646 594 580 2647 393 580 2648 417 581 2649 542 582 2650 330 583 2651 329 584 2652 387 584 2653 327 584 2654 327 584 2655 387 584 2656 595 584 2657 327 585 2658 595 585 2659 328 585 2660 328 585 2661 595 585 2662 596 585 2663 328 586 2664 596 586 2665 330 586 2666 330 587 2667 596 587 2668 416 587 2669 330 588 2670 416 589 2671 417 590 2672 525 591 2673 357 591 2674 352 591 2675 352 592 2676 357 592 2677 371 592 2678 352 593 2679 371 593 2680 354 593 2681 354 594 2682 371 594 2683 597 594 2684 354 595 2685 597 595 2686 353 595 2687 353 595 2688 597 595 2689 598 595 2690 353 596 2691 598 596 2692 351 596 2693 351 596 2694 598 596 2695 388 596 2696 356 597 2697 532 597 2698 350 597 2699 349 598 2700 390 598 2701 347 598 2702 347 599 2703 390 599 2704 599 599 2705 347 600 2706 599 600 2707 348 600 2708 348 601 2709 599 601 2710 600 601 2711 348 602 2712 600 602 2713 350 602 2714 350 603 2715 600 603 2716 361 603 2717 350 604 2718 361 604 2719 356 604 2720 292 605 2721 193 605 2722 194 605 2723 292 606 2724 194 606 2725 601 606 2726 601 607 2727 194 607 2728 211 607 2729 601 607 2730 211 607 2731 602 607 2732 602 608 2733 211 608 2734 210 608 2735 602 609 2736 210 609 2737 445 609 2738 202 610 2739 603 610 2740 196 610 2741 196 611 2742 603 611 2743 604 611 2744 196 612 2745 604 612 2746 464 612 2747 203 613 2748 160 613 2749 159 613 2750 159 614 2751 605 614 2752 203 614 2753 203 615 2754 605 615 2755 606 615 2756 203 616 2757 606 616 2758 202 616 2759 202 617 2760 606 617 2761 607 617 2762 202 618 2763 607 618 2764 603 618 2765 484 619 2766 207 619 2767 218 619 2768 484 620 2769 218 620 2770 608 620 2771 608 115 2772 218 115 2773 219 115 2774 608 115 2775 219 115 2776 609 115 2777 609 621 2778 219 621 2779 220 621 2780 609 622 2781 220 622 2782 293 622 2783 169 623 2784 167 623 2785 189 623 2786 169 624 2787 189 624 2788 610 624 2789 610 625 2790 189 625 2791 201 625 2792 610 626 2793 201 626 2794 611 626 2795 611 627 2796 201 627 2797 195 627 2798 611 628 2799 195 628 2800 482 628 2801 488 629 2802 487 629 2803 612 629 2804 486 630 2805 613 630 2806 487 630 2807 487 631 2808 613 631 2809 614 631 2810 487 632 2811 614 632 2812 612 632 2813 485 633 2814 615 633 2815 486 633 2816 486 634 2817 615 634 2818 616 634 2819 486 635 2820 616 635 2821 613 635 2822 506 636 2823 617 636 2824 485 636 2825 485 637 2826 617 637 2827 618 637 2828 485 638 2829 618 638 2830 615 638 2831 504 639 2832 619 639 2833 506 639 2834 506 640 2835 619 640 2836 620 640 2837 506 641 2838 620 641 2839 617 641 2840 502 642 2841 621 642 2842 504 642 2843 504 643 2844 621 643 2845 622 643 2846 504 644 2847 622 644 2848 619 644 2849 491 645 2850 623 645 2851 502 645 2852 502 646 2853 623 646 2854 624 646 2855 502 647 2856 624 647 2857 621 647 2858 493 648 2859 625 648 2860 491 648 2861 491 649 2862 625 649 2863 626 649 2864 491 650 2865 626 650 2866 623 650 2867 483 651 2868 627 651 2869 493 651 2870 493 652 2871 627 653 2872 628 654 2873 493 655 2874 628 655 2875 625 655 2876 481 656 2877 629 656 2878 483 656 2879 483 657 2880 629 657 2881 630 657 2882 483 658 2883 630 658 2884 627 658 2885 480 659 2886 631 659 2887 481 659 2888 481 660 2889 631 660 2890 632 660 2891 481 661 2892 632 662 2893 629 663 2894 612 664 2895 633 664 2896 488 664 2897 488 665 2898 633 665 2899 634 665 2900 488 666 2901 634 666 2902 480 666 2903 480 667 2904 634 667 2905 635 667 2906 480 668 2907 635 668 2908 631 668 2909 364 669 2910 360 669 2911 632 669 2912 632 670 2913 631 670 2914 364 670 2915 364 671 2916 631 671 2917 635 671 2918 364 672 2919 635 672 2920 363 672 2921 635 673 2922 634 673 2923 363 673 2924 363 674 2925 634 674 2926 633 674 2927 363 675 2928 633 675 2929 362 675 2930 633 676 2931 612 676 2932 362 676 2933 362 677 2934 612 677 2935 614 677 2936 362 678 2937 614 678 2938 374 678 2939 614 679 2940 613 679 2941 374 679 2942 374 680 2943 613 680 2944 616 680 2945 374 681 2946 616 681 2947 375 681 2948 616 682 2949 615 682 2950 375 682 2951 375 683 2952 615 683 2953 618 683 2954 375 684 2955 618 684 2956 380 684 2957 380 685 2958 618 685 2959 617 685 2960 380 686 2961 617 686 2962 379 686 2963 617 687 2964 620 687 2965 379 687 2966 379 688 2967 620 688 2968 619 688 2969 379 689 2970 619 689 2971 378 689 2972 619 690 2973 622 690 2974 378 690 2975 378 691 2976 622 691 2977 621 691 2978 378 692 2979 621 692 2980 376 692 2981 621 693 2982 624 693 2983 376 693 2984 376 694 2985 624 694 2986 623 694 2987 376 695 2988 623 695 2989 382 695 2990 623 696 2991 626 696 2992 382 696 2993 382 697 2994 626 698 2995 625 698 2996 382 699 2997 625 699 2998 381 699 2999 625 700 3000 628 700 3001 381 700 3002 381 701 3003 628 702 3004 627 701 3005 381 703 3006 627 703 3007 359 703 3008 359 704 3009 627 704 3010 630 704 3011 359 705 3012 630 705 3013 360 705 3014 360 706 3015 630 706 3016 629 706 3017 360 707 3018 629 708 3019 632 709 3020 383 710 3021 373 710 3022 155 710 3023 155 711 3024 154 711 3025 383 711 3026 383 712 3027 154 712 3028 158 712 3029 383 713 3030 158 713 3031 377 713 3032 158 714 3033 157 714 3034 377 714 3035 377 715 3036 157 715 3037 156 715 3038 377 716 3039 156 716 3040 365 716 3041 156 717 3042 125 717 3043 365 717 3044 365 718 3045 125 718 3046 128 718 3047 365 719 3048 128 719 3049 366 719 3050 128 720 3051 127 720 3052 366 720 3053 366 721 3054 127 721 3055 131 721 3056 366 722 3057 131 722 3058 367 722 3059 367 723 3060 131 723 3061 130 723 3062 367 724 3063 130 724 3064 368 724 3065 130 725 3066 134 725 3067 368 725 3068 368 726 3069 134 726 3070 133 726 3071 368 727 3072 133 727 3073 384 727 3074 133 728 3075 137 728 3076 384 728 3077 384 729 3078 137 729 3079 136 729 3080 384 730 3081 136 730 3082 385 730 3083 136 731 3084 140 731 3085 385 731 3086 385 732 3087 140 732 3088 139 732 3089 385 733 3090 139 733 3091 386 733 3092 139 734 3093 143 734 3094 386 734 3095 386 735 3096 143 735 3097 142 735 3098 386 736 3099 142 736 3100 369 736 3101 142 737 3102 146 737 3103 369 737 3104 369 738 3105 146 738 3106 145 738 3107 369 739 3108 145 739 3109 370 739 3110 145 740 3111 149 740 3112 370 740 3113 370 741 3114 149 741 3115 148 741 3116 370 742 3117 148 742 3118 372 742 3119 372 743 3120 148 743 3121 152 743 3122 372 744 3123 152 744 3124 373 744 3125 373 745 3126 152 745 3127 151 745 3128 373 746 3129 151 747 3130 155 748 3131 462 749 3132 636 749 3133 463 749 3134 463 750 3135 636 750 3136 637 750 3137 463 751 3138 637 751 3139 443 751 3140 443 752 3141 637 752 3142 638 752 3143 443 753 3144 638 753 3145 444 753 3146 444 754 3147 638 754 3148 639 754 3149 444 755 3150 639 755 3151 446 755 3152 446 756 3153 639 756 3154 640 756 3155 446 757 3156 640 757 3157 467 757 3158 467 758 3159 640 758 3160 641 758 3161 467 759 3162 641 759 3163 466 759 3164 466 760 3165 641 760 3166 642 760 3167 466 761 3168 642 761 3169 434 761 3170 434 762 3171 642 762 3172 643 762 3173 434 763 3174 643 763 3175 451 763 3176 451 764 3177 643 764 3178 644 764 3179 451 765 3180 644 765 3181 452 765 3182 452 766 3183 644 766 3184 645 766 3185 452 767 3186 645 767 3187 471 767 3188 471 768 3189 645 768 3190 646 768 3191 471 769 3192 646 769 3193 472 769 3194 472 770 3195 646 770 3196 647 770 3197 472 771 3198 647 771 3199 473 771 3200 473 772 3201 647 772 3202 648 772 3203 473 773 3204 648 773 3205 453 773 3206 453 774 3207 648 774 3208 649 774 3209 453 775 3210 649 775 3211 454 775 3212 454 776 3213 649 776 3214 650 776 3215 454 777 3216 650 777 3217 455 777 3218 455 778 3219 650 778 3220 651 778 3221 455 779 3222 651 779 3223 456 779 3224 456 780 3225 651 780 3226 652 780 3227 456 781 3228 652 781 3229 457 781 3230 457 782 3231 652 782 3232 653 782 3233 457 783 3234 653 783 3235 458 783 3236 458 784 3237 653 784 3238 654 784 3239 458 785 3240 654 785 3241 459 785 3242 459 786 3243 654 786 3244 655 786 3245 459 787 3246 655 787 3247 460 787 3248 460 788 3249 655 788 3250 656 788 3251 460 789 3252 656 789 3253 461 789 3254 461 790 3255 656 790 3256 657 790 3257 461 791 3258 657 791 3259 462 791 3260 462 792 3261 657 792 3262 636 792 3263 658 793 3264 659 793 3265 636 793 3266 660 311 3267 638 311 3268 659 311 3269 659 794 3270 638 794 3271 637 794 3272 659 795 3273 637 795 3274 636 795 3275 636 311 3276 657 311 3277 658 311 3278 658 796 3279 657 796 3280 656 796 3281 658 797 3282 656 797 3283 661 797 3284 662 311 3285 643 311 3286 663 311 3287 663 798 3288 643 798 3289 642 798 3290 663 799 3291 642 799 3292 664 799 3293 642 311 3294 641 311 3295 664 311 3296 664 311 3297 641 311 3298 640 311 3299 664 800 3300 640 800 3301 660 800 3302 660 311 3303 640 311 3304 639 311 3305 660 798 3306 639 798 3307 638 798 3308 665 793 3309 645 793 3310 662 793 3311 662 795 3312 645 795 3313 644 795 3314 662 794 3315 644 794 3316 643 794 3317 656 801 3318 655 801 3319 661 801 3320 661 802 3321 655 802 3322 654 802 3323 661 311 3324 654 311 3325 666 311 3326 666 803 3327 654 803 3328 653 803 3329 666 804 3330 653 804 3331 667 804 3332 668 805 3333 647 805 3334 665 805 3335 665 796 3336 647 796 3337 646 796 3338 665 806 3339 646 806 3340 645 806 3341 669 311 3342 649 311 3343 668 311 3344 668 802 3345 649 802 3346 648 802 3347 668 807 3348 648 807 3349 647 807 3350 653 311 3351 652 311 3352 667 311 3353 667 311 3354 652 311 3355 651 311 3356 667 808 3357 651 808 3358 669 808 3359 669 311 3360 651 311 3361 650 311 3362 669 803 3363 650 803 3364 649 803 3365 670 809 3366 501 809 3367 671 809 3368 671 809 3369 501 809 3370 503 809 3371 671 810 3372 503 810 3373 672 810 3374 672 811 3375 503 811 3376 505 811 3377 672 812 3378 505 812 3379 673 812 3380 673 813 3381 505 813 3382 500 813 3383 673 814 3384 500 814 3385 674 814 3386 674 815 3387 500 815 3388 499 815 3389 674 816 3390 499 816 3391 675 816 3392 675 817 3393 499 817 3394 498 817 3395 675 818 3396 498 818 3397 676 818 3398 676 819 3399 498 819 3400 497 819 3401 676 820 3402 497 820 3403 677 820 3404 677 821 3405 497 821 3406 509 821 3407 677 822 3408 509 822 3409 678 822 3410 678 822 3411 509 822 3412 508 822 3413 678 823 3414 508 823 3415 679 823 3416 679 823 3417 508 823 3418 507 823 3419 679 824 3420 507 824 3421 680 824 3422 680 825 3423 507 825 3424 496 825 3425 680 826 3426 496 826 3427 681 826 3428 681 827 3429 496 827 3430 495 827 3431 681 828 3432 495 828 3433 682 828 3434 682 829 3435 495 829 3436 494 829 3437 682 830 3438 494 830 3439 683 830 3440 683 831 3441 494 831 3442 492 831 3443 683 832 3444 492 832 3445 684 832 3446 684 833 3447 492 833 3448 490 833 3449 684 834 3450 490 834 3451 685 834 3452 685 835 3453 490 835 3454 489 835 3455 685 836 3456 489 836 3457 670 836 3458 670 836 3459 489 836 3460 501 836 3461 150 837 3462 684 837 3463 153 837 3464 153 838 3465 684 838 3466 685 838 3467 153 265 3468 685 265 3469 123 265 3470 123 265 3471 685 265 3472 670 265 3473 123 265 3474 670 265 3475 124 265 3476 141 837 3477 680 837 3478 144 837 3479 144 839 3480 680 839 3481 681 839 3482 144 265 3483 681 265 3484 147 265 3485 147 265 3486 681 265 3487 682 265 3488 147 265 3489 682 265 3490 150 265 3491 150 265 3492 682 265 3493 683 265 3494 150 839 3495 683 839 3496 684 839 3497 132 840 3498 676 840 3499 135 840 3500 135 841 3501 676 841 3502 677 841 3503 135 265 3504 677 265 3505 138 265 3506 138 265 3507 677 265 3508 678 265 3509 138 265 3510 678 265 3511 141 265 3512 141 265 3513 678 265 3514 679 265 3515 141 838 3516 679 838 3517 680 838 3518 670 265 3519 671 265 3520 124 265 3521 124 841 3522 671 841 3523 672 841 3524 124 840 3525 672 840 3526 126 840 3527 126 842 3528 672 842 3529 673 842 3530 126 265 3531 673 265 3532 129 265 3533 129 265 3534 673 265 3535 674 265 3536 129 265 3537 674 265 3538 132 265 3539 132 265 3540 674 265 3541 675 265 3542 132 842 3543 675 842 3544 676 842 3545 431 843 3546 450 843 3547 403 843 3548 403 843 3549 450 843 3550 433 843 3551 403 844 3552 433 844 3553 404 844 3554 404 845 3555 433 845 3556 432 845 3557 404 846 3558 432 846 3559 411 846 3560 411 846 3561 432 846 3562 468 846 3563 411 847 3564 468 847 3565 413 847 3566 413 847 3567 468 847 3568 469 847 3569 413 848 3570 469 848 3571 414 848 3572 414 849 3573 469 849 3574 470 849 3575 414 850 3576 470 850 3577 409 850 3578 409 851 3579 470 851 3580 477 851 3581 409 852 3582 477 852 3583 420 852 3584 420 853 3585 477 853 3586 475 853 3587 420 854 3588 475 854 3589 421 854 3590 421 855 3591 475 855 3592 474 855 3593 421 856 3594 474 856 3595 423 856 3596 423 857 3597 474 857 3598 448 857 3599 423 858 3600 448 858 3601 425 858 3602 425 859 3603 448 859 3604 440 859 3605 425 860 3606 440 860 3607 428 860 3608 428 860 3609 440 860 3610 438 860 3611 428 861 3612 438 861 3613 429 861 3614 429 861 3615 438 861 3616 436 861 3617 429 862 3618 436 862 3619 430 862 3620 430 863 3621 436 863 3622 435 863 3623 430 864 3624 435 864 3625 431 864 3626 431 864 3627 435 864 3628 450 864 3629 445 331 3630 437 331 3631 418 331 3632 601 331 3633 602 331 3634 445 331 3635 292 865 3636 601 865 3637 596 865 3638 596 866 3639 601 866 3640 445 866 3641 596 867 3642 445 867 3643 416 867 3644 416 331 3645 445 331 3646 418 331 3647 608 868 3648 609 868 3649 293 868 3650 596 869 3651 595 869 3652 292 869 3653 292 870 3654 595 870 3655 387 870 3656 292 331 3657 387 331 3658 293 331 3659 484 331 3660 608 331 3661 598 331 3662 598 331 3663 608 331 3664 293 331 3665 598 331 3666 293 331 3667 388 331 3668 388 331 3669 293 331 3670 387 331 3671 391 331 3672 174 331 3673 390 331 3674 390 871 3675 174 871 3676 169 871 3677 611 331 3678 482 331 3679 610 331 3680 610 331 3681 482 331 3682 600 331 3683 610 331 3684 600 331 3685 169 331 3686 169 872 3687 600 872 3688 599 872 3689 169 873 3690 599 873 3691 390 873 3692 598 331 3693 597 331 3694 484 331 3695 484 874 3696 597 874 3697 371 874 3698 484 331 3699 371 331 3700 482 331 3701 482 331 3702 371 331 3703 361 331 3704 482 875 3705 361 875 3706 600 875 3707 424 876 3708 442 876 3709 447 876 3710 424 877 3711 447 877 3712 422 877 3713 422 878 3714 447 878 3715 449 878 3716 422 879 3717 449 879 3718 407 879 3719 606 880 3720 605 881 3721 686 882 3722 604 883 3723 603 883 3724 686 883 3725 686 884 3726 603 885 3727 607 886 3728 686 887 3729 607 887 3730 606 887 3731 605 888 3732 159 888 3733 686 888 3734 686 889 3735 159 889 3736 173 889 3737 686 890 3738 173 890 3739 687 890 3740 604 891 3741 686 891 3742 464 891 3743 464 892 3744 686 892 3745 687 892 3746 464 893 3747 687 893 3748 465 893 3749 407 894 3750 449 894 3751 408 894 3752 408 894 3753 449 894 3754 476 894 3755 408 895 3756 476 895 3757 415 895 3758 415 896 3759 476 896 3760 478 896 3761 592 897 3762 591 897 3763 479 897 3764 591 898 3765 590 898 3766 479 898 3767 479 899 3768 590 899 3769 589 899 3770 479 900 3771 589 900 3772 478 900 3773 478 901 3774 589 901 3775 588 901 3776 478 902 3777 588 902 3778 415 902 3779 687 903 3780 688 903 3781 465 903 3782 465 904 3783 688 904 3784 689 904 3785 465 905 3786 689 905 3787 479 905 3788 479 906 3789 689 906 3790 593 906 3791 479 907 3792 593 907 3793 592 907 3794 401 311 3795 399 311 3796 179 311 3797 179 908 3798 399 908 3799 690 908 3800 690 311 3801 691 311 3802 179 311 3803 179 311 3804 691 311 3805 692 311 3806 179 311 3807 692 311 3808 178 311 3809 688 909 3810 687 909 3811 693 909 3812 397 910 3813 402 911 3814 694 912 3815 395 913 3816 394 913 3817 695 913 3818 695 914 3819 394 915 3820 393 915 3821 696 916 3822 697 916 3823 698 916 3824 698 917 3825 697 917 3826 699 917 3827 698 918 3828 699 918 3829 693 918 3830 693 919 3831 699 919 3832 689 919 3833 693 920 3834 689 920 3835 688 920 3836 402 921 3837 395 922 3838 694 923 3839 694 924 3840 395 924 3841 695 924 3842 694 925 3843 695 925 3844 700 925 3845 178 926 3846 696 926 3847 177 926 3848 177 927 3849 696 927 3850 698 927 3851 177 928 3852 698 928 3853 163 928 3854 163 929 3855 698 929 3856 693 929 3857 163 930 3858 693 930 3859 164 930 3860 164 931 3861 693 931 3862 687 931 3863 164 932 3864 687 932 3865 173 932 3866 399 933 3867 397 933 3868 690 933 3869 690 934 3870 397 934 3871 694 934 3872 690 935 3873 694 935 3874 691 935 3875 691 936 3876 694 936 3877 700 936 3878 691 937 3879 700 937 3880 692 937 3881 178 938 3882 692 938 3883 696 938 3884 696 939 3885 692 939 3886 700 939 3887 696 940 3888 700 940 3889 697 940 3890 697 941 3891 700 941 3892 695 941 3893 697 942 3894 695 942 3895 699 942 3896 699 943 3897 695 943 3898 393 943 3899 699 944 3900 393 944 3901 689 944 3902 689 945 3903 393 945 3904 594 945 3905 689 946 3906 594 946 3907 593 946 3908 418 947 3909 437 947 3910 439 947 3911 418 947 3912 439 947 3913 427 947 3914 427 948 3915 439 948 3916 441 948 3917 427 949 3918 441 949 3919 426 949 3920 426 950 3921 441 950 3922 442 950 3923 426 950 3924 442 950 3925 424 950 3926 174 951 3927 391 951 3928 396 951 3929 174 952 3930 396 952 3931 175 952 3932 175 953 3933 396 953 3934 398 953 3935 175 953 3936 398 953 3937 176 953 3938 176 954 3939 398 954 3940 400 954 3941 176 955 3942 400 955 3943 180 955 3944 180 956 3945 400 956 3946 401 956 3947 180 957 3948 401 957 3949 179 957 3950 701 958 3951 119 958 3952 702 958 3953 702 161 3954 119 161 3955 121 161 3956 702 161 3957 121 161 3958 703 161 3959 703 161 3960 121 161 3961 99 161 3962 703 161 3963 99 161 3964 704 161 3965 704 161 3966 99 161 3967 101 161 3968 704 161 3969 101 161 3970 705 161 3971 705 959 3972 101 959 3973 103 959 3974 705 161 3975 103 161 3976 706 161 3977 706 161 3978 103 161 3979 105 161 3980 706 161 3981 105 161 3982 707 161 3983 707 161 3984 105 161 3985 107 161 3986 707 161 3987 107 161 3988 708 161 3989 708 161 3990 107 161 3991 109 161 3992 708 960 3993 109 960 3994 709 960 3995 709 161 3996 109 161 3997 111 161 3998 709 961 3999 111 961 4000 710 961 4001 710 962 4002 111 962 4003 113 962 4004 710 161 4005 113 161 4006 711 161 4007 711 161 4008 113 161 4009 115 161 4010 711 161 4011 115 161 4012 712 161 4013 712 161 4014 115 161 4015 117 161 4016 712 161 4017 117 161 4018 701 161 4019 701 161 4020 117 161 4021 119 161 4022 709 963 4023 530 963 4024 708 963 4025 708 963 4026 530 963 4027 531 963 4028 708 964 4029 531 964 4030 707 964 4031 707 964 4032 531 964 4033 541 964 4034 707 965 4035 541 965 4036 706 965 4037 706 966 4038 541 966 4039 540 966 4040 706 967 4041 540 967 4042 705 967 4043 705 968 4044 540 968 4045 539 968 4046 705 969 4047 539 969 4048 704 969 4049 704 970 4050 539 970 4051 538 970 4052 704 971 4053 538 971 4054 703 971 4055 703 971 4056 538 971 4057 537 971 4058 703 972 4059 537 972 4060 702 972 4061 702 973 4062 537 973 4063 536 973 4064 702 974 4065 536 974 4066 701 974 4067 701 975 4068 536 975 4069 533 975 4070 701 976 4071 533 976 4072 712 976 4073 712 977 4074 533 977 4075 534 977 4076 712 978 4077 534 978 4078 711 978 4079 711 979 4080 534 979 4081 535 979 4082 711 980 4083 535 980 4084 710 980 4085 710 981 4086 535 981 4087 529 981 4088 710 982 4089 529 982 4090 709 982 4091 709 983 4092 529 983 4093 530 983 4094 713 161 4095 83 161 4096 714 161 4097 714 161 4098 83 161 4099 85 161 4100 714 984 4101 85 984 4102 715 984 4103 715 161 4104 85 161 4105 87 161 4106 715 985 4107 87 985 4108 716 985 4109 716 986 4110 87 986 4111 89 986 4112 716 161 4113 89 161 4114 717 161 4115 717 161 4116 89 161 4117 91 161 4118 717 161 4119 91 161 4120 718 161 4121 718 161 4122 91 161 4123 93 161 4124 718 161 4125 93 161 4126 719 161 4127 719 161 4128 93 161 4129 95 161 4130 719 987 4131 95 987 4132 720 987 4133 720 161 4134 95 161 4135 97 161 4136 720 161 4137 97 161 4138 721 161 4139 721 161 4140 97 161 4141 75 161 4142 721 161 4143 75 161 4144 722 161 4145 722 161 4146 75 161 4147 77 161 4148 722 161 4149 77 161 4150 723 161 4151 723 988 4152 77 988 4153 79 988 4154 723 161 4155 79 161 4156 724 161 4157 724 161 4158 79 161 4159 81 161 4160 724 161 4161 81 161 4162 713 161 4163 713 161 4164 81 161 4165 83 161 4166 715 989 4167 516 989 4168 714 989 4169 714 989 4170 516 989 4171 528 989 4172 714 990 4173 528 990 4174 713 990 4175 713 991 4176 528 991 4177 527 991 4178 713 992 4179 527 992 4180 724 992 4181 724 993 4182 527 993 4183 526 993 4184 724 994 4185 526 994 4186 723 994 4187 723 995 4188 526 995 4189 524 995 4190 723 996 4191 524 996 4192 722 996 4193 722 997 4194 524 997 4195 523 997 4196 722 998 4197 523 998 4198 721 998 4199 721 998 4200 523 998 4201 522 998 4202 721 999 4203 522 999 4204 720 999 4205 720 999 4206 522 999 4207 521 999 4208 720 1000 4209 521 1000 4210 719 1000 4211 719 1001 4212 521 1001 4213 520 1001 4214 719 1002 4215 520 1002 4216 718 1002 4217 718 1003 4218 520 1003 4219 519 1003 4220 718 1004 4221 519 1004 4222 717 1004 4223 717 1005 4224 519 1005 4225 518 1005 4226 717 1006 4227 518 1006 4228 716 1006 4229 716 1007 4230 518 1007 4231 517 1007 4232 716 1008 4233 517 1008 4234 715 1008 4235 715 1008 4236 517 1008 4237 516 1008 4238 725 1009 4239 71 1009 4240 726 1009 4241 726 161 4242 71 161 4243 73 161 4244 726 161 4245 73 161 4246 727 161 4247 727 161 4248 73 161 4249 51 161 4250 727 161 4251 51 161 4252 728 161 4253 728 161 4254 51 161 4255 53 161 4256 728 161 4257 53 161 4258 729 161 4259 729 988 4260 53 988 4261 55 988 4262 729 161 4263 55 161 4264 730 161 4265 730 161 4266 55 161 4267 57 161 4268 730 161 4269 57 161 4270 731 161 4271 731 161 4272 57 161 4273 59 161 4274 731 161 4275 59 161 4276 732 161 4277 732 161 4278 59 161 4279 61 161 4280 732 161 4281 61 161 4282 733 161 4283 733 161 4284 61 161 4285 63 161 4286 733 161 4287 63 161 4288 734 161 4289 734 161 4290 63 161 4291 65 161 4292 734 161 4293 65 161 4294 735 161 4295 735 1010 4296 65 1010 4297 67 1010 4298 735 161 4299 67 161 4300 736 161 4301 736 161 4302 67 161 4303 69 161 4304 736 161 4305 69 161 4306 725 161 4307 725 161 4308 69 161 4309 71 161 4310 733 1011 4311 556 1011 4312 732 1011 4313 732 1012 4314 556 1012 4315 563 1012 4316 732 1013 4317 563 1013 4318 731 1013 4319 731 1013 4320 563 1013 4321 562 1013 4322 731 1014 4323 562 1014 4324 730 1014 4325 730 1015 4326 562 1015 4327 561 1015 4328 730 1016 4329 561 1016 4330 729 1016 4331 729 1017 4332 561 1017 4333 560 1017 4334 729 1018 4335 560 1018 4336 728 1018 4337 728 1019 4338 560 1019 4339 567 1019 4340 728 1020 4341 567 1020 4342 727 1020 4343 727 1021 4344 567 1021 4345 566 1021 4346 727 1022 4347 566 1022 4348 726 1022 4349 726 1023 4350 566 1023 4351 565 1023 4352 726 1024 4353 565 1024 4354 725 1024 4355 725 1025 4356 565 1025 4357 564 1025 4358 725 1026 4359 564 1026 4360 736 1026 4361 736 1027 4362 564 1027 4363 559 1027 4364 736 1028 4365 559 1028 4366 735 1028 4367 735 1028 4368 559 1028 4369 558 1028 4370 735 1029 4371 558 1029 4372 734 1029 4373 734 1030 4374 558 1030 4375 557 1030 4376 734 1031 4377 557 1031 4378 733 1031 4379 733 1032 4380 557 1032 4381 556 1032 4382 737 161 4383 35 161 4384 738 161 4385 738 161 4386 35 161 4387 37 161 4388 738 161 4389 37 161 4390 739 161 4391 739 161 4392 37 161 4393 39 161 4394 739 161 4395 39 161 4396 740 161 4397 740 161 4398 39 161 4399 41 161 4400 740 161 4401 41 161 4402 741 161 4403 741 1033 4404 41 1033 4405 43 1033 4406 741 161 4407 43 161 4408 742 161 4409 742 161 4410 43 161 4411 45 161 4412 742 161 4413 45 161 4414 743 161 4415 743 161 4416 45 161 4417 47 161 4418 743 1034 4419 47 1034 4420 744 1034 4421 744 161 4422 47 161 4423 49 161 4424 744 161 4425 49 161 4426 745 161 4427 745 161 4428 49 161 4429 27 161 4430 745 161 4431 27 161 4432 746 161 4433 746 161 4434 27 161 4435 29 161 4436 746 161 4437 29 161 4438 747 161 4439 747 1035 4440 29 1035 4441 31 1035 4442 747 161 4443 31 161 4444 748 161 4445 748 161 4446 31 161 4447 33 161 4448 748 161 4449 33 161 4450 737 161 4451 737 161 4452 33 161 4453 35 161 4454 739 1036 4455 553 1036 4456 738 1036 4457 738 1037 4458 553 1037 4459 552 1037 4460 738 1038 4461 552 1038 4462 737 1038 4463 737 1039 4464 552 1039 4465 549 1039 4466 737 1040 4467 549 1040 4468 748 1040 4469 748 1041 4470 549 1041 4471 550 1041 4472 748 1042 4473 550 1042 4474 747 1042 4475 747 1043 4476 550 1043 4477 551 1043 4478 747 1044 4479 551 1044 4480 746 1044 4481 746 1045 4482 551 1045 4483 548 1045 4484 746 1046 4485 548 1046 4486 745 1046 4487 745 1047 4488 548 1047 4489 547 1047 4490 745 1048 4491 547 1048 4492 744 1048 4493 744 1049 4494 547 1049 4495 546 1049 4496 744 1050 4497 546 1050 4498 743 1050 4499 743 1051 4500 546 1051 4501 543 1051 4502 743 1052 4503 543 1052 4504 742 1052 4505 742 1053 4506 543 1053 4507 544 1053 4508 742 1054 4509 544 1054 4510 741 1054 4511 741 1055 4512 544 1055 4513 545 1055 4514 741 1056 4515 545 1056 4516 740 1056 4517 740 1057 4518 545 1057 4519 554 1057 4520 740 1058 4521 554 1058 4522 739 1058 4523 739 1031 4524 554 1031 4525 553 1031 4526 26 265 4527 2 265 4528 749 265 4529 749 265 4530 2 265 4531 4 265 4532 749 265 4533 4 265 4534 750 265 4535 750 265 4536 4 265 4537 6 265 4538 750 265 4539 6 265 4540 751 265 4541 751 265 4542 6 265 4543 8 265 4544 751 1059 4545 8 1059 4546 752 1059 4547 752 1060 4548 8 1060 4549 10 1060 4550 752 1061 4551 10 1061 4552 753 1061 4553 753 1062 4554 10 1062 4555 12 1062 4556 753 1063 4557 12 1063 4558 754 1063 4559 754 265 4560 12 265 4561 14 265 4562 754 265 4563 14 265 4564 755 265 4565 755 265 4566 14 265 4567 16 265 4568 755 265 4569 16 265 4570 756 265 4571 756 1064 4572 16 1064 4573 18 1064 4574 756 1065 4575 18 1065 4576 757 1065 4577 757 1066 4578 18 1066 4579 20 1066 4580 757 1067 4581 20 1067 4582 758 1067 4583 758 1068 4584 20 1068 4585 22 1068 4586 758 1069 4587 22 1069 4588 759 1069 4589 759 1070 4590 22 1070 4591 24 1070 4592 759 265 4593 24 265 4594 760 265 4595 760 1071 4596 24 1071 4597 26 1071 4598 760 1072 4599 26 1072 4600 749 1072 4601 755 1073 4602 658 1073 4603 754 1073 4604 754 1073 4605 658 1073 4606 661 1073 4607 754 1074 4608 661 1074 4609 753 1074 4610 753 1075 4611 661 1075 4612 666 1075 4613 753 1076 4614 666 1076 4615 752 1076 4616 752 1077 4617 666 1077 4618 667 1077 4619 752 1078 4620 667 1078 4621 751 1078 4622 751 1079 4623 667 1079 4624 669 1079 4625 751 1080 4626 669 1080 4627 750 1080 4628 750 1081 4629 669 1081 4630 668 1081 4631 750 1082 4632 668 1082 4633 749 1082 4634 749 1082 4635 668 1082 4636 665 1082 4637 749 1083 4638 665 1083 4639 760 1083 4640 760 1083 4641 665 1083 4642 662 1083 4643 760 1084 4644 662 1084 4645 759 1084 4646 759 1085 4647 662 1085 4648 663 1085 4649 759 1086 4650 663 1086 4651 758 1086 4652 758 1087 4653 663 1087 4654 664 1087 4655 758 1088 4656 664 1088 4657 757 1088 4658 757 1089 4659 664 1089 4660 660 1089 4661 757 1090 4662 660 1090 4663 756 1090 4664 756 1091 4665 660 1091 4666 659 1091 4667 756 1092 4668 659 1092 4669 755 1092 4670 755 1092 4671 659 1092 4672 658 1092 4673 761 161 4674 762 161 4675 763 161 4676 764 161 4677 765 161 4678 766 161 4679 766 1093 4680 765 1093 4681 767 1093 4682 762 161 4683 768 161 4684 763 161 4685 763 1094 4686 768 1094 4687 769 1094 4688 763 161 4689 769 161 4690 766 161 4691 766 161 4692 769 161 4693 770 161 4694 766 1095 4695 770 1095 4696 764 1095 4697 771 1096 4698 763 1096 4699 772 1096 4700 772 1097 4701 763 1097 4702 773 1097 4703 774 1098 4704 761 1098 4705 775 1098 4706 775 161 4707 761 161 4708 763 161 4709 775 161 4710 763 161 4711 776 161 4712 776 161 4713 763 161 4714 771 161 4715 767 161 4716 777 161 4717 766 161 4718 766 1099 4719 777 1099 4720 778 1099 4721 766 1100 4722 778 1100 4723 779 1100 4724 779 161 4725 780 161 4726 766 161 4727 766 1101 4728 780 1101 4729 781 1101 4730 766 1102 4731 781 1102 4732 782 1102 4733 783 265 4734 784 265 4735 785 265 4736 785 265 4737 784 265 4738 786 265 4739 787 311 4740 788 311 4741 789 311 4742 789 311 4743 788 311 4744 790 311 4745 763 311 4746 791 311 4747 792 311 4748 791 1103 4749 763 1103 4750 793 1103 4751 793 311 4752 763 311 4753 766 311 4754 793 311 4755 766 311 4756 794 311 4757 794 311 4758 766 311 4759 795 311 4760 794 1104 4761 795 1104 4762 792 1104 4763 792 311 4764 795 311 4765 796 311 4766 792 311 4767 796 311 4768 763 311 4769 797 265 4770 798 265 4771 799 265 4772 798 1105 4773 797 1105 4774 800 1105 4775 800 265 4776 797 265 4777 801 265 4778 800 265 4779 801 265 4780 802 265 4781 802 265 4782 801 265 4783 803 265 4784 802 1106 4785 803 1106 4786 799 1106 4787 799 265 4788 803 265 4789 804 265 4790 799 265 4791 804 265 4792 797 265 4793 763 283 4794 796 283 4795 773 283 4796 773 283 4797 796 283 4798 803 283 4799 773 283 4800 803 283 4801 801 283 4802 797 155 4803 804 155 4804 782 155 4805 782 155 4806 804 155 4807 795 155 4808 782 155 4809 795 155 4810 766 155 4811 796 331 4812 795 331 4813 803 331 4814 803 331 4815 795 331 4816 804 331 4817 805 161 4818 806 161 4819 801 161 4820 806 161 4821 807 161 4822 801 161 4823 801 1107 4824 807 1107 4825 808 1107 4826 801 1108 4827 808 1108 4828 773 1108 4829 809 1109 4830 797 1109 4831 810 1109 4832 810 161 4833 797 161 4834 782 161 4835 809 161 4836 811 161 4837 797 161 4838 797 161 4839 811 161 4840 812 161 4841 797 161 4842 812 161 4843 813 161 4844 813 161 4845 814 161 4846 797 161 4847 797 161 4848 814 161 4849 815 161 4850 797 161 4851 815 161 4852 801 161 4853 801 161 4854 815 161 4855 816 161 4856 801 161 4857 816 161 4858 805 161 4859 817 161 4860 818 161 4861 819 161 4862 820 161 4863 791 161 4864 821 161 4865 821 161 4866 791 161 4867 793 161 4868 821 161 4869 793 161 4870 822 161 4871 820 161 4872 823 161 4873 791 161 4874 791 161 4875 823 161 4876 824 161 4877 791 1110 4878 824 1110 4879 788 1110 4880 819 161 4881 825 161 4882 817 161 4883 817 1111 4884 825 1111 4885 826 1111 4886 817 161 4887 826 161 4888 793 161 4889 793 1112 4890 826 1112 4891 827 1112 4892 793 161 4893 827 161 4894 822 161 4895 828 161 4896 790 161 4897 829 161 4898 829 161 4899 790 161 4900 788 161 4901 829 161 4902 788 161 4903 830 161 4904 830 161 4905 788 161 4906 824 161 4907 831 155 4908 817 155 4909 794 155 4910 794 155 4911 817 155 4912 793 155 4913 832 331 4914 833 331 4915 834 331 4916 834 331 4917 833 331 4918 831 331 4919 787 331 4920 789 331 4921 835 331 4922 835 331 4923 836 331 4924 787 331 4925 787 331 4926 836 331 4927 837 331 4928 787 331 4929 837 331 4930 792 331 4931 792 1113 4932 837 1113 4933 838 1113 4934 792 1114 4935 838 1114 4936 839 1114 4937 839 331 4938 840 331 4939 792 331 4940 792 1115 4941 840 1115 4942 841 1115 4943 792 331 4944 841 331 4945 794 331 4946 841 331 4947 842 331 4948 794 331 4949 794 1116 4950 842 1116 4951 843 1116 4952 794 1117 4953 843 1117 4954 831 1117 4955 831 331 4956 843 331 4957 844 331 4958 831 331 4959 844 331 4960 834 331 4961 788 283 4962 787 283 4963 791 283 4964 791 283 4965 787 283 4966 792 283 4967 817 311 4968 831 311 4969 818 311 4970 818 311 4971 831 311 4972 833 311 4973 845 161 4974 846 161 4975 847 161 4976 847 161 4977 848 161 4978 845 161 4979 845 1118 4980 848 1118 4981 849 1118 4982 845 1119 4983 849 1119 4984 800 1119 4985 800 1120 4986 849 1120 4987 850 1120 4988 800 161 4989 850 161 4990 851 161 4991 852 1121 4992 786 1121 4993 853 1121 4994 853 161 4995 786 161 4996 784 161 4997 851 1122 4998 854 1122 4999 800 1122 5000 800 1123 5001 854 1123 5002 855 1123 5003 800 161 5004 855 161 5005 798 161 5006 855 161 5007 856 161 5008 798 161 5009 798 161 5010 856 161 5011 857 161 5012 798 1124 5013 857 1124 5014 784 1124 5015 784 161 5016 857 161 5017 858 161 5018 784 1125 5019 858 1125 5020 853 1125 5021 859 283 5022 845 283 5023 802 283 5024 802 283 5025 845 283 5026 800 283 5027 783 331 5028 785 331 5029 860 331 5030 861 331 5031 862 331 5032 802 331 5033 802 1126 5034 862 1126 5035 863 1126 5036 802 1127 5037 863 1127 5038 859 1127 5039 861 331 5040 802 331 5041 864 331 5042 864 331 5043 802 331 5044 799 331 5045 864 1128 5046 799 1128 5047 865 1128 5048 866 331 5049 867 331 5050 868 331 5051 868 331 5052 867 331 5053 859 331 5054 868 331 5055 859 331 5056 869 331 5057 869 1129 5058 859 1129 5059 863 1129 5060 860 331 5061 870 331 5062 783 331 5063 783 331 5064 870 331 5065 871 331 5066 783 331 5067 871 331 5068 799 331 5069 799 1130 5070 871 1130 5071 872 1130 5072 799 1131 5073 872 1131 5074 865 1131 5075 784 155 5076 783 155 5077 798 155 5078 798 155 5079 783 155 5080 799 155 5081 845 265 5082 859 265 5083 846 265 5084 846 265 5085 859 265 5086 867 265 5087 835 1132 5088 828 1132 5089 836 1132 5090 836 1133 5091 828 1133 5092 829 1133 5093 836 1134 5094 829 1134 5095 837 1134 5096 837 1135 5097 829 1135 5098 830 1135 5099 837 1136 5100 830 1136 5101 838 1136 5102 838 1137 5103 830 1137 5104 824 1137 5105 838 1138 5106 824 1138 5107 839 1138 5108 839 1139 5109 824 1139 5110 823 1139 5111 839 1140 5112 823 1140 5113 840 1140 5114 840 1140 5115 823 1140 5116 820 1140 5117 840 1141 5118 820 1141 5119 841 1141 5120 841 1142 5121 820 1142 5122 821 1142 5123 841 1143 5124 821 1143 5125 842 1143 5126 842 1144 5127 821 1144 5128 822 1144 5129 842 1145 5130 822 1145 5131 843 1145 5132 843 1146 5133 822 1146 5134 827 1146 5135 843 1147 5136 827 1147 5137 844 1147 5138 844 1148 5139 827 1148 5140 826 1148 5141 844 1149 5142 826 1149 5143 834 1149 5144 834 1150 5145 826 1150 5146 825 1150 5147 834 1151 5148 825 1151 5149 832 1151 5150 832 1152 5151 825 1152 5152 819 1152 5153 828 155 5154 835 155 5155 790 155 5156 790 155 5157 835 155 5158 789 155 5159 818 283 5160 833 283 5161 819 283 5162 819 283 5163 833 283 5164 832 283 5165 786 283 5166 852 283 5167 785 283 5168 785 283 5169 852 283 5170 860 283 5171 847 155 5172 846 155 5173 866 155 5174 866 155 5175 846 155 5176 867 155 5177 860 1153 5178 852 1153 5179 870 1153 5180 870 1154 5181 852 1154 5182 853 1154 5183 870 1155 5184 853 1155 5185 871 1155 5186 871 1155 5187 853 1155 5188 858 1155 5189 871 1156 5190 858 1156 5191 872 1156 5192 872 1157 5193 858 1157 5194 857 1157 5195 872 1158 5196 857 1158 5197 865 1158 5198 865 1159 5199 857 1159 5200 856 1159 5201 865 1160 5202 856 1160 5203 864 1160 5204 864 1161 5205 856 1161 5206 855 1161 5207 864 1162 5208 855 1162 5209 861 1162 5210 861 1163 5211 855 1163 5212 854 1163 5213 861 1164 5214 854 1164 5215 862 1164 5216 862 1164 5217 854 1164 5218 851 1164 5219 862 1165 5220 851 1165 5221 863 1165 5222 863 1166 5223 851 1166 5224 850 1166 5225 863 1167 5226 850 1167 5227 869 1167 5228 869 1168 5229 850 1168 5230 849 1168 5231 869 1169 5232 849 1169 5233 868 1169 5234 868 1170 5235 849 1170 5236 848 1170 5237 868 1171 5238 848 1171 5239 866 1171 5240 866 1172 5241 848 1172 5242 847 1172 5243 873 1173 5244 777 1173 5245 767 1173 5246 873 1173 5247 767 1173 5248 874 1173 5249 874 1174 5250 767 1174 5251 765 1174 5252 874 1175 5253 765 1175 5254 875 1175 5255 875 1176 5256 765 1176 5257 764 1176 5258 875 1177 5259 764 1177 5260 876 1177 5261 876 1178 5262 764 1178 5263 770 1178 5264 876 1179 5265 770 1179 5266 877 1179 5267 877 311 5268 770 311 5269 769 311 5270 877 311 5271 769 311 5272 878 311 5273 878 1180 5274 769 1180 5275 768 1180 5276 878 1181 5277 768 1181 5278 879 1181 5279 879 1182 5280 768 1182 5281 762 1182 5282 879 1183 5283 762 1183 5284 880 1183 5285 880 1184 5286 762 1184 5287 761 1184 5288 880 1185 5289 761 1185 5290 881 1185 5291 881 1186 5292 761 1186 5293 774 1186 5294 881 1186 5295 774 1186 5296 882 1186 5297 882 1187 5298 774 1187 5299 775 1187 5300 882 1188 5301 775 1188 5302 883 1188 5303 883 1189 5304 775 1189 5305 776 1189 5306 883 1190 5307 776 1190 5308 884 1190 5309 884 1191 5310 776 1191 5311 771 1191 5312 884 1192 5313 771 1192 5314 885 1192 5315 885 1193 5316 771 1193 5317 772 1193 5318 885 1194 5319 772 1194 5320 886 1194 5321 886 1195 5322 772 1195 5323 773 1195 5324 886 1196 5325 773 1196 5326 887 1196 5327 773 1197 5328 808 1197 5329 887 1197 5330 887 1198 5331 808 1198 5332 807 1198 5333 887 1199 5334 807 1199 5335 888 1199 5336 888 1200 5337 807 1200 5338 806 1200 5339 888 1201 5340 806 1201 5341 889 1201 5342 889 1202 5343 806 1202 5344 805 1202 5345 889 1203 5346 805 1203 5347 890 1203 5348 890 1204 5349 805 1204 5350 816 1204 5351 890 1205 5352 816 1205 5353 891 1205 5354 891 1206 5355 816 1206 5356 815 1206 5357 891 1207 5358 815 1207 5359 892 1207 5360 892 265 5361 815 265 5362 814 265 5363 892 265 5364 814 265 5365 893 265 5366 893 1208 5367 814 1208 5368 813 1208 5369 893 1209 5370 813 1209 5371 894 1209 5372 894 1210 5373 813 1210 5374 812 1210 5375 894 1211 5376 812 1211 5377 895 1211 5378 895 1212 5379 812 1212 5380 811 1212 5381 895 1213 5382 811 1213 5383 896 1213 5384 896 1214 5385 811 1214 5386 809 1214 5387 896 1215 5388 809 1215 5389 897 1215 5390 897 1216 5391 809 1216 5392 810 1216 5393 897 1217 5394 810 1217 5395 898 1217 5396 898 1218 5397 810 1218 5398 782 1218 5399 898 1219 5400 782 1219 5401 899 1219 5402 782 1220 5403 781 1220 5404 899 1220 5405 899 1221 5406 781 1221 5407 780 1221 5408 899 1222 5409 780 1222 5410 900 1222 5411 900 1223 5412 780 1223 5413 779 1223 5414 900 1224 5415 779 1224 5416 901 1224 5417 901 1225 5418 779 1225 5419 778 1225 5420 901 1226 5421 778 1226 5422 902 1226 5423 902 1227 5424 778 1227 5425 777 1227 5426 902 1228 5427 777 1228 5428 873 1228 5429 903 1229 5430 873 1229 5431 904 1229 5432 904 1230 5433 873 1230 5434 874 1230 5435 904 1231 5436 874 1231 5437 905 1231 5438 905 1232 5439 874 1232 5440 875 1232 5441 905 161 5442 875 161 5443 906 161 5444 903 161 5445 907 161 5446 873 161 5447 873 1233 5448 907 1233 5449 908 1233 5450 873 161 5451 908 161 5452 902 161 5453 902 1234 5454 908 1234 5455 909 1234 5456 902 1235 5457 909 1235 5458 901 1235 5459 901 161 5460 909 161 5461 910 161 5462 901 1236 5463 910 1236 5464 900 1236 5465 900 161 5466 910 161 5467 911 161 5468 912 161 5469 895 161 5470 913 161 5471 913 1237 5472 895 1237 5473 896 1237 5474 913 161 5475 896 161 5476 914 161 5477 915 161 5478 893 161 5479 912 161 5480 912 1238 5481 893 1238 5482 894 1238 5483 912 1239 5484 894 1239 5485 895 1239 5486 875 161 5487 876 161 5488 906 161 5489 906 1240 5490 876 1240 5491 877 1240 5492 906 161 5493 877 161 5494 916 161 5495 916 161 5496 877 161 5497 878 161 5498 916 161 5499 878 161 5500 917 161 5501 917 1241 5502 878 1241 5503 879 1241 5504 917 161 5505 879 161 5506 918 161 5507 918 1242 5508 879 1242 5509 880 1242 5510 918 161 5511 880 161 5512 919 161 5513 919 1243 5514 880 1243 5515 881 1243 5516 919 1244 5517 881 1244 5518 920 1244 5519 920 1245 5520 881 1245 5521 882 1245 5522 896 1246 5523 897 1246 5524 914 1246 5525 914 1247 5526 897 1247 5527 898 1247 5528 914 161 5529 898 161 5530 911 161 5531 911 161 5532 898 161 5533 899 161 5534 911 161 5535 899 161 5536 900 161 5537 903 161 5538 921 161 5539 907 161 5540 907 1248 5541 921 1248 5542 922 1248 5543 907 161 5544 922 161 5545 923 161 5546 923 1249 5547 922 1249 5548 924 1249 5549 923 1250 5550 924 1250 5551 925 1250 5552 925 161 5553 924 161 5554 926 161 5555 927 1251 5556 890 1251 5557 928 1251 5558 928 1252 5559 890 1252 5560 891 1252 5561 928 161 5562 891 161 5563 915 161 5564 915 1253 5565 891 1253 5566 892 1253 5567 915 161 5568 892 161 5569 893 161 5570 929 1254 5571 887 1254 5572 930 1254 5573 930 1255 5574 887 1255 5575 888 1255 5576 930 1256 5577 888 1256 5578 927 1256 5579 927 1257 5580 888 1257 5581 889 1257 5582 927 1258 5583 889 1258 5584 890 1258 5585 924 161 5586 920 161 5587 926 161 5588 926 1259 5589 920 1259 5590 882 1259 5591 926 1260 5592 882 1260 5593 929 1260 5594 929 1261 5595 882 1261 5596 883 1261 5597 929 1262 5598 883 1262 5599 884 1262 5600 884 1263 5601 885 1263 5602 929 1263 5603 929 161 5604 885 161 5605 886 161 5606 929 161 5607 886 161 5608 887 161 5609 931 1264 5610 932 1264 5611 933 1264 5612 934 1265 5613 935 1265 5614 936 1265 5615 936 161 5616 935 161 5617 937 161 5618 936 161 5619 937 161 5620 938 161 5621 938 1266 5622 937 1266 5623 939 1266 5624 938 161 5625 939 161 5626 933 161 5627 933 161 5628 939 161 5629 940 161 5630 933 1267 5631 940 1267 5632 931 1267 5633 941 1268 5634 942 1268 5635 943 1268 5636 943 161 5637 942 161 5638 944 161 5639 943 1269 5640 944 1269 5641 945 1269 5642 945 1270 5643 944 1270 5644 946 1270 5645 945 1271 5646 946 1271 5647 947 1271 5648 947 1272 5649 946 1272 5650 948 1272 5651 947 1273 5652 948 1273 5653 934 1273 5654 934 1274 5655 948 1274 5656 949 1274 5657 934 161 5658 949 161 5659 935 161 5660 931 161 5661 950 161 5662 932 161 5663 932 1275 5664 950 1275 5665 951 1275 5666 932 161 5667 951 161 5668 952 161 5669 952 1276 5670 951 1276 5671 953 1276 5672 952 161 5673 953 161 5674 954 161 5675 954 161 5676 953 161 5677 955 161 5678 954 161 5679 955 161 5680 956 161 5681 956 1277 5682 955 1277 5683 957 1277 5684 956 1278 5685 957 1278 5686 941 1278 5687 941 161 5688 957 161 5689 958 161 5690 941 161 5691 958 161 5692 942 161 5693 959 1279 5694 960 1279 5695 961 1279 5696 961 1280 5697 960 1280 5698 908 1280 5699 960 1281 5700 962 1281 5701 908 1281 5702 908 1282 5703 962 1282 5704 963 1282 5705 908 1283 5706 963 1283 5707 909 1283 5708 909 1284 5709 963 1284 5710 964 1284 5711 909 1285 5712 964 1285 5713 910 1285 5714 910 1286 5715 964 1286 5716 965 1286 5717 910 1287 5718 965 1287 5719 911 1287 5720 911 1288 5721 965 1288 5722 966 1288 5723 911 1289 5724 966 1289 5725 914 1289 5726 914 1290 5727 966 1290 5728 967 1290 5729 914 1291 5730 967 1291 5731 913 1291 5732 913 1292 5733 967 1292 5734 968 1292 5735 913 1293 5736 968 1293 5737 912 1293 5738 912 1294 5739 968 1294 5740 969 1294 5741 912 1295 5742 969 1295 5743 915 1295 5744 915 1296 5745 969 1296 5746 970 1296 5747 915 1297 5748 970 1297 5749 928 1297 5750 928 1298 5751 970 1298 5752 971 1298 5753 928 1299 5754 971 1299 5755 927 1299 5756 927 1300 5757 971 1300 5758 972 1300 5759 927 1301 5760 972 1301 5761 930 1301 5762 930 1302 5763 972 1302 5764 973 1302 5765 930 1303 5766 973 1303 5767 929 1303 5768 929 1304 5769 973 1304 5770 974 1304 5771 929 1305 5772 974 1305 5773 926 1305 5774 926 1306 5775 974 1306 5776 975 1306 5777 926 1307 5778 975 1307 5779 925 1307 5780 925 1308 5781 975 1308 5782 959 1308 5783 925 1309 5784 959 1309 5785 923 1309 5786 923 1310 5787 959 1310 5788 961 1310 5789 922 1311 5790 976 1311 5791 924 1311 5792 924 1312 5793 976 1312 5794 977 1312 5795 924 1312 5796 977 1312 5797 920 1312 5798 920 1313 5799 977 1313 5800 978 1313 5801 920 1314 5802 978 1314 5803 919 1314 5804 919 1315 5805 978 1315 5806 979 1315 5807 919 1316 5808 979 1316 5809 918 1316 5810 918 1317 5811 979 1317 5812 980 1317 5813 918 1318 5814 980 1318 5815 917 1318 5816 917 1319 5817 980 1319 5818 981 1319 5819 917 1319 5820 981 1319 5821 982 1319 5822 982 1320 5823 981 1320 5824 983 1320 5825 982 1320 5826 983 1320 5827 906 1320 5828 906 1321 5829 983 1321 5830 984 1321 5831 906 1322 5832 984 1322 5833 905 1322 5834 905 1323 5835 984 1323 5836 985 1323 5837 905 1324 5838 985 1324 5839 904 1324 5840 904 1325 5841 985 1325 5842 986 1325 5843 904 1326 5844 986 1326 5845 903 1326 5846 903 1327 5847 986 1327 5848 987 1327 5849 903 1327 5850 987 1327 5851 921 1327 5852 921 1328 5853 987 1328 5854 988 1328 5855 921 1328 5856 988 1328 5857 922 1328 5858 922 1311 5859 988 1311 5860 976 1311 5861 984 161 5862 983 161 5863 989 161 5864 989 1329 5865 983 1329 5866 990 1329 5867 989 1330 5868 990 1330 5869 980 1330 5870 987 1331 5871 986 1331 5872 989 1331 5873 989 161 5874 986 161 5875 985 161 5876 989 161 5877 985 161 5878 984 161 5879 977 1332 5880 976 1332 5881 989 1332 5882 989 1333 5883 976 1333 5884 988 1333 5885 989 1334 5886 988 1334 5887 987 1334 5888 980 161 5889 979 161 5890 989 161 5891 989 161 5892 979 161 5893 978 161 5894 989 161 5895 978 161 5896 977 161 5897 951 1335 5898 950 1335 5899 991 1335 5900 991 1336 5901 950 1336 5902 962 1336 5903 950 1337 5904 931 1337 5905 962 1337 5906 962 1338 5907 931 1338 5908 940 1338 5909 962 1339 5910 940 1339 5911 963 1339 5912 963 1340 5913 940 1340 5914 939 1340 5915 963 1341 5916 939 1341 5917 964 1341 5918 964 1342 5919 939 1342 5920 937 1342 5921 964 1343 5922 937 1343 5923 965 1343 5924 965 1344 5925 937 1344 5926 935 1344 5927 965 1345 5928 935 1345 5929 966 1345 5930 966 1346 5931 935 1346 5932 949 1346 5933 966 1347 5934 949 1347 5935 967 1347 5936 967 1348 5937 949 1348 5938 948 1348 5939 967 1349 5940 948 1349 5941 968 1349 5942 968 1350 5943 948 1350 5944 946 1350 5945 968 1351 5946 946 1351 5947 969 1351 5948 969 1352 5949 946 1352 5950 944 1352 5951 969 1353 5952 944 1353 5953 970 1353 5954 970 1354 5955 944 1354 5956 942 1354 5957 970 1355 5958 942 1355 5959 971 1355 5960 971 1356 5961 942 1356 5962 958 1356 5963 971 1357 5964 958 1357 5965 972 1357 5966 972 1358 5967 958 1358 5968 957 1358 5969 972 1359 5970 957 1359 5971 973 1359 5972 973 1360 5973 957 1360 5974 955 1360 5975 973 1361 5976 955 1361 5977 974 1361 5978 974 1362 5979 955 1362 5980 953 1362 5981 974 1363 5982 953 1363 5983 975 1363 5984 975 1364 5985 953 1364 5986 951 1364 5987 975 1365 5988 951 1365 5989 959 1365 5990 959 1366 5991 951 1366 5992 991 1366 5993 992 1367 5994 932 1367 5995 993 1367 5996 993 1368 5997 932 1368 5998 952 1368 5999 993 1369 6000 952 1369 6001 994 1369 6002 994 1370 6003 952 1370 6004 954 1370 6005 994 1371 6006 954 1371 6007 995 1371 6008 995 1372 6009 954 1372 6010 956 1372 6011 995 1373 6012 956 1373 6013 996 1373 6014 996 1374 6015 956 1374 6016 941 1374 6017 996 1375 6018 941 1375 6019 997 1375 6020 997 1376 6021 941 1376 6022 943 1376 6023 997 1377 6024 943 1377 6025 998 1377 6026 998 1378 6027 943 1378 6028 945 1378 6029 998 1379 6030 945 1379 6031 999 1379 6032 999 1380 6033 945 1380 6034 947 1380 6035 999 1381 6036 947 1381 6037 1000 1381 6038 1000 1382 6039 947 1382 6040 934 1382 6041 1000 1383 6042 934 1383 6043 1001 1383 6044 1001 1384 6045 934 1384 6046 936 1384 6047 1001 1385 6048 936 1385 6049 1002 1385 6050 1002 1386 6051 936 1386 6052 938 1386 6053 1002 1387 6054 938 1387 6055 1003 1387 6056 1003 1388 6057 938 1388 6058 933 1388 6059 1003 1389 6060 933 1389 6061 992 1389 6062 992 1390 6063 933 1390 6064 932 1390 6065 1002 161 6066 1003 161 6067 1004 161 6068 1004 1391 6069 1003 1391 6070 992 1391 6071 1004 1392 6072 992 1392 6073 993 1392 6074 999 1393 6075 1000 1393 6076 1004 1393 6077 1004 161 6078 1000 161 6079 1001 161 6080 1004 161 6081 1001 161 6082 1002 161 6083 996 161 6084 997 161 6085 1004 161 6086 1004 1394 6087 997 1394 6088 998 1394 6089 1004 1395 6090 998 1395 6091 999 1395 6092 993 1396 6093 994 1396 6094 1004 1396 6095 1004 161 6096 994 161 6097 995 161 6098 1004 161 6099 995 161 6100 996 161 6101 1005 1397 6102 1006 1397 6103 1007 1397 6104 1008 161 6105 1009 161 6106 1010 161 6107 1010 1398 6108 1009 1398 6109 1011 1398 6110 1006 161 6111 1012 161 6112 1007 161 6113 1007 1399 6114 1012 1399 6115 1013 1399 6116 1007 161 6117 1013 161 6118 1010 161 6119 1010 161 6120 1013 161 6121 1014 161 6122 1010 1400 6123 1014 1400 6124 1008 1400 6125 1015 1401 6126 1007 1401 6127 1016 1401 6128 1016 161 6129 1007 161 6130 1017 161 6131 1018 161 6132 1005 161 6133 1019 161 6134 1019 1402 6135 1005 1402 6136 1007 1402 6137 1019 161 6138 1007 161 6139 1020 161 6140 1020 1403 6141 1007 1403 6142 1015 1403 6143 1011 1404 6144 1021 1404 6145 1010 1404 6146 1010 1405 6147 1021 1405 6148 1022 1405 6149 1010 1406 6150 1022 1406 6151 1023 1406 6152 1023 1407 6153 1024 1407 6154 1010 1407 6155 1010 1408 6156 1024 1408 6157 1025 1408 6158 1010 1409 6159 1025 1409 6160 1026 1409 6161 1027 311 6162 1028 311 6163 1029 311 6164 1029 311 6165 1028 311 6166 1030 311 6167 1031 265 6168 1032 265 6169 1033 265 6170 1033 265 6171 1032 265 6172 1034 265 6173 1007 265 6174 1035 265 6175 1036 265 6176 1035 265 6177 1007 265 6178 1037 265 6179 1037 1410 6180 1007 1410 6181 1010 1410 6182 1037 265 6183 1010 265 6184 1038 265 6185 1038 265 6186 1010 265 6187 1039 265 6188 1038 1411 6189 1039 1411 6190 1036 1411 6191 1036 265 6192 1039 265 6193 1040 265 6194 1036 265 6195 1040 265 6196 1007 265 6197 1041 311 6198 1042 311 6199 1043 311 6200 1042 311 6201 1041 311 6202 1044 311 6203 1044 311 6204 1041 311 6205 1045 311 6206 1044 311 6207 1045 311 6208 1046 311 6209 1046 311 6210 1045 311 6211 1047 311 6212 1046 311 6213 1047 311 6214 1043 311 6215 1043 311 6216 1047 311 6217 1048 311 6218 1043 311 6219 1048 311 6220 1041 311 6221 1007 155 6222 1040 155 6223 1017 155 6224 1017 155 6225 1040 155 6226 1047 155 6227 1017 155 6228 1047 155 6229 1045 155 6230 1041 283 6231 1048 283 6232 1026 283 6233 1026 283 6234 1048 283 6235 1039 283 6236 1026 283 6237 1039 283 6238 1010 283 6239 1040 331 6240 1039 331 6241 1047 331 6242 1047 331 6243 1039 331 6244 1048 331 6245 1049 161 6246 1050 161 6247 1045 161 6248 1050 1412 6249 1051 1412 6250 1045 1412 6251 1045 1413 6252 1051 1413 6253 1052 1413 6254 1045 1414 6255 1052 1414 6256 1017 1414 6257 1053 1415 6258 1041 1415 6259 1054 1415 6260 1054 161 6261 1041 161 6262 1026 161 6263 1053 1416 6264 1055 1416 6265 1041 1416 6266 1041 161 6267 1055 161 6268 1056 161 6269 1041 161 6270 1056 161 6271 1057 161 6272 1057 161 6273 1058 161 6274 1041 161 6275 1041 161 6276 1058 161 6277 1059 161 6278 1041 161 6279 1059 161 6280 1045 161 6281 1045 161 6282 1059 161 6283 1060 161 6284 1045 161 6285 1060 161 6286 1049 161 6287 1061 161 6288 1062 161 6289 1063 161 6290 1064 161 6291 1035 161 6292 1065 161 6293 1065 161 6294 1035 161 6295 1037 161 6296 1065 161 6297 1037 161 6298 1066 161 6299 1064 161 6300 1067 161 6301 1035 161 6302 1035 161 6303 1067 161 6304 1068 161 6305 1035 1417 6306 1068 1417 6307 1032 1417 6308 1063 1418 6309 1069 1418 6310 1061 1418 6311 1061 1419 6312 1069 1419 6313 1070 1419 6314 1061 1420 6315 1070 1420 6316 1037 1420 6317 1037 161 6318 1070 161 6319 1071 161 6320 1037 161 6321 1071 161 6322 1066 161 6323 1072 161 6324 1034 161 6325 1073 161 6326 1073 161 6327 1034 161 6328 1032 161 6329 1073 161 6330 1032 161 6331 1074 161 6332 1074 161 6333 1032 161 6334 1068 161 6335 1075 283 6336 1061 283 6337 1038 283 6338 1038 283 6339 1061 283 6340 1037 283 6341 1076 331 6342 1077 331 6343 1078 331 6344 1078 331 6345 1077 331 6346 1075 331 6347 1031 331 6348 1033 331 6349 1079 331 6350 1079 331 6351 1080 331 6352 1031 331 6353 1031 1421 6354 1080 1421 6355 1081 1421 6356 1031 331 6357 1081 331 6358 1036 331 6359 1036 331 6360 1081 331 6361 1082 331 6362 1036 1422 6363 1082 1422 6364 1083 1422 6365 1083 331 6366 1084 331 6367 1036 331 6368 1036 1423 6369 1084 1423 6370 1085 1423 6371 1036 331 6372 1085 331 6373 1038 331 6374 1085 1424 6375 1086 1424 6376 1038 1424 6377 1038 1425 6378 1086 1425 6379 1087 1425 6380 1038 1426 6381 1087 1426 6382 1075 1426 6383 1075 1427 6384 1087 1427 6385 1088 1427 6386 1075 331 6387 1088 331 6388 1078 331 6389 1032 155 6390 1031 155 6391 1035 155 6392 1035 155 6393 1031 155 6394 1036 155 6395 1061 265 6396 1075 265 6397 1062 265 6398 1062 265 6399 1075 265 6400 1077 265 6401 1089 161 6402 1090 161 6403 1091 161 6404 1091 161 6405 1092 161 6406 1089 161 6407 1089 161 6408 1092 161 6409 1093 161 6410 1089 161 6411 1093 161 6412 1044 161 6413 1044 1428 6414 1093 1428 6415 1094 1428 6416 1044 161 6417 1094 161 6418 1095 161 6419 1096 161 6420 1030 161 6421 1097 161 6422 1097 161 6423 1030 161 6424 1028 161 6425 1095 1429 6426 1098 1429 6427 1044 1429 6428 1044 1430 6429 1098 1430 6430 1099 1430 6431 1044 161 6432 1099 161 6433 1042 161 6434 1099 161 6435 1100 161 6436 1042 161 6437 1042 161 6438 1100 161 6439 1101 161 6440 1042 1431 6441 1101 1431 6442 1028 1431 6443 1028 161 6444 1101 161 6445 1102 161 6446 1028 1432 6447 1102 1432 6448 1097 1432 6449 1103 155 6450 1089 155 6451 1046 155 6452 1046 155 6453 1089 155 6454 1044 155 6455 1027 331 6456 1029 331 6457 1104 331 6458 1105 331 6459 1106 331 6460 1046 331 6461 1046 1433 6462 1106 1433 6463 1107 1433 6464 1046 1434 6465 1107 1434 6466 1103 1434 6467 1105 331 6468 1046 331 6469 1108 331 6470 1108 331 6471 1046 331 6472 1043 331 6473 1108 331 6474 1043 331 6475 1109 331 6476 1110 331 6477 1111 331 6478 1112 331 6479 1112 331 6480 1111 331 6481 1103 331 6482 1112 331 6483 1103 331 6484 1113 331 6485 1113 331 6486 1103 331 6487 1107 331 6488 1104 331 6489 1114 331 6490 1027 331 6491 1027 331 6492 1114 331 6493 1115 331 6494 1027 1435 6495 1115 1435 6496 1043 1435 6497 1043 331 6498 1115 331 6499 1116 331 6500 1043 1436 6501 1116 1436 6502 1109 1436 6503 1028 283 6504 1027 283 6505 1042 283 6506 1042 283 6507 1027 283 6508 1043 283 6509 1089 311 6510 1103 311 6511 1090 311 6512 1090 311 6513 1103 311 6514 1111 311 6515 1079 1437 6516 1072 1437 6517 1080 1437 6518 1080 1438 6519 1072 1438 6520 1073 1438 6521 1080 1439 6522 1073 1439 6523 1081 1439 6524 1081 1440 6525 1073 1440 6526 1074 1440 6527 1081 1441 6528 1074 1441 6529 1082 1441 6530 1082 1442 6531 1074 1442 6532 1068 1442 6533 1082 1443 6534 1068 1443 6535 1083 1443 6536 1083 1444 6537 1068 1444 6538 1067 1444 6539 1083 1445 6540 1067 1445 6541 1084 1445 6542 1084 1446 6543 1067 1446 6544 1064 1446 6545 1084 1447 6546 1064 1447 6547 1085 1447 6548 1085 1448 6549 1064 1448 6550 1065 1448 6551 1085 1449 6552 1065 1449 6553 1086 1449 6554 1086 1450 6555 1065 1450 6556 1066 1450 6557 1086 1451 6558 1066 1451 6559 1087 1451 6560 1087 1452 6561 1066 1452 6562 1071 1452 6563 1087 1453 6564 1071 1453 6565 1088 1453 6566 1088 1454 6567 1071 1454 6568 1070 1454 6569 1088 1455 6570 1070 1455 6571 1078 1455 6572 1078 1455 6573 1070 1455 6574 1069 1455 6575 1078 1456 6576 1069 1456 6577 1076 1456 6578 1076 1457 6579 1069 1457 6580 1063 1457 6581 1072 283 6582 1079 283 6583 1034 283 6584 1034 283 6585 1079 283 6586 1033 283 6587 1062 155 6588 1077 155 6589 1063 155 6590 1063 155 6591 1077 155 6592 1076 155 6593 1030 155 6594 1096 155 6595 1029 155 6596 1029 155 6597 1096 155 6598 1104 155 6599 1091 283 6600 1090 283 6601 1110 283 6602 1110 283 6603 1090 283 6604 1111 283 6605 1104 1458 6606 1096 1458 6607 1114 1458 6608 1114 1459 6609 1096 1459 6610 1097 1459 6611 1114 1460 6612 1097 1460 6613 1115 1460 6614 1115 1461 6615 1097 1461 6616 1102 1461 6617 1115 1462 6618 1102 1462 6619 1116 1462 6620 1116 1463 6621 1102 1463 6622 1101 1463 6623 1116 1464 6624 1101 1464 6625 1109 1464 6626 1109 1465 6627 1101 1465 6628 1100 1465 6629 1109 1466 6630 1100 1466 6631 1108 1466 6632 1108 1467 6633 1100 1467 6634 1099 1467 6635 1108 1468 6636 1099 1468 6637 1105 1468 6638 1105 1469 6639 1099 1469 6640 1098 1469 6641 1105 1470 6642 1098 1470 6643 1106 1470 6644 1106 1471 6645 1098 1471 6646 1095 1471 6647 1106 1472 6648 1095 1472 6649 1107 1472 6650 1107 1473 6651 1095 1473 6652 1094 1473 6653 1107 1474 6654 1094 1474 6655 1113 1474 6656 1113 1475 6657 1094 1475 6658 1093 1475 6659 1113 1476 6660 1093 1476 6661 1112 1476 6662 1112 1477 6663 1093 1477 6664 1092 1477 6665 1112 1478 6666 1092 1478 6667 1110 1478 6668 1110 1479 6669 1092 1479 6670 1091 1479 6671 1117 1480 6672 1021 1480 6673 1011 1480 6674 1117 1481 6675 1011 1481 6676 1118 1481 6677 1118 1482 6678 1011 1482 6679 1009 1482 6680 1118 1483 6681 1009 1483 6682 1119 1483 6683 1119 1484 6684 1009 1484 6685 1008 1484 6686 1119 1485 6687 1008 1485 6688 1120 1485 6689 1120 1486 6690 1008 1486 6691 1014 1486 6692 1120 1487 6693 1014 1487 6694 1121 1487 6695 1121 265 6696 1014 265 6697 1013 265 6698 1121 265 6699 1013 265 6700 1122 265 6701 1122 1488 6702 1013 1488 6703 1012 1488 6704 1122 1489 6705 1012 1489 6706 1123 1489 6707 1123 1490 6708 1012 1490 6709 1006 1490 6710 1123 1491 6711 1006 1491 6712 1124 1491 6713 1124 1492 6714 1006 1492 6715 1005 1492 6716 1124 1493 6717 1005 1493 6718 1125 1493 6719 1125 1494 6720 1005 1494 6721 1018 1494 6722 1125 1495 6723 1018 1495 6724 1126 1495 6725 1126 1496 6726 1018 1496 6727 1019 1496 6728 1126 1496 6729 1019 1496 6730 1127 1496 6731 1127 1497 6732 1019 1497 6733 1020 1497 6734 1127 1498 6735 1020 1498 6736 1128 1498 6737 1128 1499 6738 1020 1499 6739 1015 1499 6740 1128 1500 6741 1015 1500 6742 1129 1500 6743 1129 1501 6744 1015 1501 6745 1016 1501 6746 1129 1502 6747 1016 1502 6748 1130 1502 6749 1130 1503 6750 1016 1503 6751 1017 1503 6752 1130 1504 6753 1017 1504 6754 1131 1504 6755 1017 1505 6756 1052 1505 6757 1131 1505 6758 1131 1506 6759 1052 1506 6760 1051 1506 6761 1131 1506 6762 1051 1506 6763 1132 1506 6764 1132 1507 6765 1051 1507 6766 1050 1507 6767 1132 1508 6768 1050 1508 6769 1133 1508 6770 1133 1509 6771 1050 1509 6772 1049 1509 6773 1133 1510 6774 1049 1510 6775 1134 1510 6776 1134 1511 6777 1049 1511 6778 1060 1511 6779 1134 1512 6780 1060 1512 6781 1135 1512 6782 1135 1513 6783 1060 1513 6784 1059 1513 6785 1135 1514 6786 1059 1514 6787 1136 1514 6788 1136 311 6789 1059 311 6790 1058 311 6791 1136 311 6792 1058 311 6793 1137 311 6794 1137 1515 6795 1058 1515 6796 1057 1515 6797 1137 1516 6798 1057 1516 6799 1138 1516 6800 1138 1517 6801 1057 1517 6802 1056 1517 6803 1138 1518 6804 1056 1518 6805 1139 1518 6806 1139 1519 6807 1056 1519 6808 1055 1519 6809 1139 1520 6810 1055 1520 6811 1140 1520 6812 1140 1521 6813 1055 1521 6814 1053 1521 6815 1140 1522 6816 1053 1522 6817 1141 1522 6818 1141 1523 6819 1053 1523 6820 1054 1523 6821 1141 1523 6822 1054 1523 6823 1142 1523 6824 1142 1524 6825 1054 1524 6826 1026 1524 6827 1142 1525 6828 1026 1525 6829 1143 1525 6830 1026 1526 6831 1025 1526 6832 1143 1526 6833 1143 1527 6834 1025 1527 6835 1024 1527 6836 1143 1528 6837 1024 1528 6838 1144 1528 6839 1144 1529 6840 1024 1529 6841 1023 1529 6842 1144 1530 6843 1023 1530 6844 1145 1530 6845 1145 1531 6846 1023 1531 6847 1022 1531 6848 1145 1532 6849 1022 1532 6850 1146 1532 6851 1146 1533 6852 1022 1533 6853 1021 1533 6854 1146 1534 6855 1021 1534 6856 1117 1534 6857 1147 1535 6858 1117 1535 6859 1148 1535 6860 1148 161 6861 1117 161 6862 1118 161 6863 1148 1536 6864 1118 1536 6865 1149 1536 6866 1149 161 6867 1118 161 6868 1119 161 6869 1149 1537 6870 1119 1537 6871 1150 1537 6872 1147 161 6873 1151 161 6874 1117 161 6875 1117 1538 6876 1151 1538 6877 1152 1538 6878 1117 1539 6879 1152 1539 6880 1146 1539 6881 1146 1540 6882 1152 1540 6883 1153 1540 6884 1146 1541 6885 1153 1541 6886 1145 1541 6887 1145 1542 6888 1153 1542 6889 1154 1542 6890 1145 1543 6891 1154 1543 6892 1144 1543 6893 1144 1544 6894 1154 1544 6895 1155 1544 6896 1156 161 6897 1139 161 6898 1157 161 6899 1157 161 6900 1139 161 6901 1140 161 6902 1157 161 6903 1140 161 6904 1158 161 6905 1159 161 6906 1137 161 6907 1156 161 6908 1156 1545 6909 1137 1545 6910 1138 1545 6911 1156 1546 6912 1138 1546 6913 1139 1546 6914 1119 1547 6915 1120 1547 6916 1150 1547 6917 1150 1548 6918 1120 1548 6919 1121 1548 6920 1150 161 6921 1121 161 6922 1160 161 6923 1160 161 6924 1121 161 6925 1122 161 6926 1160 161 6927 1122 161 6928 1161 161 6929 1161 1549 6930 1122 1549 6931 1123 1549 6932 1161 1550 6933 1123 1550 6934 1162 1550 6935 1162 1551 6936 1123 1551 6937 1124 1551 6938 1162 161 6939 1124 161 6940 1163 161 6941 1163 1552 6942 1124 1552 6943 1125 1552 6944 1163 1553 6945 1125 1553 6946 1164 1553 6947 1164 161 6948 1125 161 6949 1126 161 6950 1140 161 6951 1141 161 6952 1158 161 6953 1158 1554 6954 1141 1554 6955 1142 1554 6956 1158 161 6957 1142 161 6958 1155 161 6959 1155 161 6960 1142 161 6961 1143 161 6962 1155 161 6963 1143 161 6964 1144 161 6965 1147 161 6966 1165 161 6967 1151 161 6968 1151 1555 6969 1165 1555 6970 1166 1555 6971 1151 161 6972 1166 161 6973 1167 161 6974 1167 1556 6975 1166 1556 6976 1168 1556 6977 1167 1557 6978 1168 1557 6979 1169 1557 6980 1169 161 6981 1168 161 6982 1170 161 6983 1171 161 6984 1134 161 6985 1172 161 6986 1172 1558 6987 1134 1558 6988 1135 1558 6989 1172 161 6990 1135 161 6991 1159 161 6992 1159 1559 6993 1135 1559 6994 1136 1559 6995 1159 161 6996 1136 161 6997 1137 161 6998 1173 1560 6999 1131 1560 7000 1174 1560 7001 1174 1561 7002 1131 1561 7003 1132 1561 7004 1174 1562 7005 1132 1562 7006 1171 1562 7007 1171 1563 7008 1132 1563 7009 1133 1563 7010 1171 161 7011 1133 161 7012 1134 161 7013 1168 161 7014 1164 161 7015 1170 161 7016 1170 1564 7017 1164 1564 7018 1126 1564 7019 1170 161 7020 1126 161 7021 1173 161 7022 1173 1565 7023 1126 1565 7024 1127 1565 7025 1173 1566 7026 1127 1566 7027 1128 1566 7028 1128 1567 7029 1129 1567 7030 1173 1567 7031 1173 161 7032 1129 161 7033 1130 161 7034 1173 161 7035 1130 161 7036 1131 161 7037 1175 1568 7038 1176 1568 7039 1177 1568 7040 1178 161 7041 1179 161 7042 1180 161 7043 1180 161 7044 1179 161 7045 1181 161 7046 1180 1569 7047 1181 1569 7048 1182 1569 7049 1182 1570 7050 1181 1570 7051 1183 1570 7052 1182 1571 7053 1183 1571 7054 1177 1571 7055 1177 161 7056 1183 161 7057 1184 161 7058 1177 1572 7059 1184 1572 7060 1175 1572 7061 1185 1573 7062 1186 1573 7063 1187 1573 7064 1187 161 7065 1186 161 7066 1188 161 7067 1187 161 7068 1188 161 7069 1189 161 7070 1189 1574 7071 1188 1574 7072 1190 1574 7073 1189 161 7074 1190 161 7075 1191 161 7076 1191 1575 7077 1190 1575 7078 1192 1575 7079 1191 161 7080 1192 161 7081 1178 161 7082 1178 1576 7083 1192 1576 7084 1193 1576 7085 1178 1577 7086 1193 1577 7087 1179 1577 7088 1175 161 7089 1194 161 7090 1176 161 7091 1176 1578 7092 1194 1578 7093 1195 1578 7094 1176 161 7095 1195 161 7096 1196 161 7097 1196 1579 7098 1195 1579 7099 1197 1579 7100 1196 161 7101 1197 161 7102 1198 161 7103 1198 161 7104 1197 161 7105 1199 161 7106 1198 161 7107 1199 161 7108 1200 161 7109 1200 161 7110 1199 161 7111 1201 161 7112 1200 1580 7113 1201 1580 7114 1185 1580 7115 1185 1581 7116 1201 1581 7117 1202 1581 7118 1185 1582 7119 1202 1582 7120 1186 1582 7121 1203 1583 7122 1204 1583 7123 1151 1583 7124 1151 1584 7125 1204 1584 7126 1152 1584 7127 1204 1585 7128 1205 1585 7129 1152 1585 7130 1152 1586 7131 1205 1586 7132 1206 1586 7133 1152 1587 7134 1206 1587 7135 1153 1587 7136 1153 1588 7137 1206 1588 7138 1207 1588 7139 1153 1589 7140 1207 1589 7141 1154 1589 7142 1154 1590 7143 1207 1590 7144 1208 1590 7145 1154 1591 7146 1208 1591 7147 1155 1591 7148 1155 1592 7149 1208 1592 7150 1209 1592 7151 1155 1593 7152 1209 1593 7153 1158 1593 7154 1158 1594 7155 1209 1594 7156 1210 1594 7157 1158 1595 7158 1210 1595 7159 1157 1595 7160 1157 1596 7161 1210 1596 7162 1211 1596 7163 1157 1597 7164 1211 1597 7165 1156 1597 7166 1156 1598 7167 1211 1598 7168 1212 1598 7169 1156 1599 7170 1212 1599 7171 1159 1599 7172 1159 1600 7173 1212 1600 7174 1213 1600 7175 1159 1601 7176 1213 1601 7177 1172 1601 7178 1172 1602 7179 1213 1602 7180 1214 1602 7181 1172 1603 7182 1214 1603 7183 1171 1603 7184 1171 1604 7185 1214 1604 7186 1215 1604 7187 1171 1605 7188 1215 1605 7189 1174 1605 7190 1174 1606 7191 1215 1606 7192 1216 1606 7193 1174 1607 7194 1216 1607 7195 1173 1607 7196 1173 1608 7197 1216 1608 7198 1217 1608 7199 1173 1609 7200 1217 1609 7201 1170 1609 7202 1170 1610 7203 1217 1610 7204 1218 1610 7205 1170 1611 7206 1218 1611 7207 1169 1611 7208 1169 1612 7209 1218 1612 7210 1203 1612 7211 1169 1613 7212 1203 1613 7213 1167 1613 7214 1167 1614 7215 1203 1614 7216 1151 1614 7217 1166 1615 7218 1219 1615 7219 1168 1615 7220 1168 1616 7221 1219 1616 7222 1220 1616 7223 1168 1617 7224 1220 1617 7225 1164 1617 7226 1164 1618 7227 1220 1618 7228 1221 1618 7229 1164 1618 7230 1221 1618 7231 1163 1618 7232 1163 1619 7233 1221 1619 7234 1222 1619 7235 1163 1619 7236 1222 1619 7237 1162 1619 7238 1162 1620 7239 1222 1620 7240 1223 1620 7241 1162 1621 7242 1223 1621 7243 1161 1621 7244 1161 1622 7245 1223 1622 7246 1224 1622 7247 1161 1623 7248 1224 1623 7249 1160 1623 7250 1160 1624 7251 1224 1624 7252 1225 1624 7253 1160 1625 7254 1225 1625 7255 1150 1625 7256 1150 66 7257 1225 66 7258 1226 66 7259 1150 66 7260 1226 66 7261 1149 66 7262 1149 1626 7263 1226 1626 7264 1227 1626 7265 1149 1626 7266 1227 1626 7267 1148 1626 7268 1148 1627 7269 1227 1627 7270 1228 1627 7271 1148 1627 7272 1228 1627 7273 1147 1627 7274 1147 108 7275 1228 108 7276 1229 108 7277 1147 108 7278 1229 108 7279 1165 108 7280 1165 1628 7281 1229 1628 7282 1230 1628 7283 1165 1629 7284 1230 1629 7285 1166 1629 7286 1166 1630 7287 1230 1630 7288 1219 1630 7289 1226 161 7290 1225 161 7291 1231 161 7292 1231 1631 7293 1225 1631 7294 1224 1631 7295 1231 1632 7296 1224 1632 7297 1223 1632 7298 1229 161 7299 1228 161 7300 1231 161 7301 1231 161 7302 1228 161 7303 1227 161 7304 1231 161 7305 1227 161 7306 1226 161 7307 1220 161 7308 1219 161 7309 1231 161 7310 1231 1633 7311 1219 1633 7312 1230 1633 7313 1231 1634 7314 1230 1634 7315 1229 1634 7316 1223 161 7317 1222 161 7318 1231 161 7319 1231 161 7320 1222 161 7321 1221 161 7322 1231 161 7323 1221 161 7324 1220 161 7325 1195 1635 7326 1194 1635 7327 1204 1635 7328 1204 1636 7329 1194 1636 7330 1205 1636 7331 1194 1637 7332 1175 1637 7333 1205 1637 7334 1205 1638 7335 1175 1638 7336 1184 1638 7337 1205 1639 7338 1184 1639 7339 1206 1639 7340 1206 1640 7341 1184 1640 7342 1183 1640 7343 1206 1641 7344 1183 1641 7345 1207 1641 7346 1207 1642 7347 1183 1642 7348 1181 1642 7349 1207 1643 7350 1181 1643 7351 1208 1643 7352 1208 1644 7353 1181 1644 7354 1179 1644 7355 1208 1645 7356 1179 1645 7357 1209 1645 7358 1209 1646 7359 1179 1646 7360 1193 1646 7361 1209 1647 7362 1193 1647 7363 1210 1647 7364 1210 1648 7365 1193 1648 7366 1192 1648 7367 1210 1649 7368 1192 1649 7369 1211 1649 7370 1211 1650 7371 1192 1650 7372 1190 1650 7373 1211 1651 7374 1190 1651 7375 1212 1651 7376 1212 1652 7377 1190 1652 7378 1188 1652 7379 1212 1653 7380 1188 1653 7381 1213 1653 7382 1213 1654 7383 1188 1654 7384 1186 1654 7385 1213 1655 7386 1186 1655 7387 1214 1655 7388 1214 1656 7389 1186 1656 7390 1202 1656 7391 1214 1657 7392 1202 1657 7393 1215 1657 7394 1215 1658 7395 1202 1658 7396 1201 1658 7397 1215 1659 7398 1201 1659 7399 1216 1659 7400 1216 1660 7401 1201 1660 7402 1199 1660 7403 1216 1661 7404 1199 1661 7405 1217 1661 7406 1217 1662 7407 1199 1662 7408 1197 1662 7409 1217 1663 7410 1197 1663 7411 1218 1663 7412 1218 1664 7413 1197 1664 7414 1195 1664 7415 1218 1665 7416 1195 1665 7417 1203 1665 7418 1203 1666 7419 1195 1666 7420 1204 1666 7421 1232 1667 7422 1176 1667 7423 1233 1667 7424 1233 1668 7425 1176 1668 7426 1196 1668 7427 1233 1669 7428 1196 1669 7429 1234 1669 7430 1234 1669 7431 1196 1669 7432 1198 1669 7433 1234 1670 7434 1198 1670 7435 1235 1670 7436 1235 1671 7437 1198 1671 7438 1200 1671 7439 1235 1672 7440 1200 1672 7441 1236 1672 7442 1236 1673 7443 1200 1673 7444 1185 1673 7445 1236 1674 7446 1185 1674 7447 1237 1674 7448 1237 1674 7449 1185 1674 7450 1187 1674 7451 1237 1675 7452 1187 1675 7453 1238 1675 7454 1238 1676 7455 1187 1676 7456 1189 1676 7457 1238 1677 7458 1189 1677 7459 1239 1677 7460 1239 1678 7461 1189 1678 7462 1191 1678 7463 1239 1679 7464 1191 1679 7465 1240 1679 7466 1240 1680 7467 1191 1680 7468 1178 1680 7469 1240 1681 7470 1178 1681 7471 1241 1681 7472 1241 1682 7473 1178 1682 7474 1180 1682 7475 1241 1683 7476 1180 1683 7477 1242 1683 7478 1242 1684 7479 1180 1684 7480 1182 1684 7481 1242 1685 7482 1182 1685 7483 1243 1685 7484 1243 1686 7485 1182 1686 7486 1177 1686 7487 1243 1687 7488 1177 1687 7489 1232 1687 7490 1232 1688 7491 1177 1688 7492 1176 1688 7493 1242 161 7494 1243 161 7495 1244 161 7496 1244 1689 7497 1243 1689 7498 1232 1689 7499 1244 1690 7500 1232 1690 7501 1233 1690 7502 1239 1691 7503 1240 1691 7504 1244 1691 7505 1244 161 7506 1240 161 7507 1241 161 7508 1244 161 7509 1241 161 7510 1242 161 7511 1236 1692 7512 1237 1692 7513 1244 1692 7514 1244 1693 7515 1237 1693 7516 1238 1693 7517 1244 1694 7518 1238 1694 7519 1239 1694 7520 1233 161 7521 1234 161 7522 1244 161 7523 1244 161 7524 1234 161 7525 1235 161 7526 1244 161 7527 1235 161 7528 1236 161 7529 1245 1695 7530 1246 1695 7531 1247 1695 7532 1247 1696 7533 1246 1696 7534 1248 1696 7535 1247 1697 7536 1248 1697 7537 1249 1697 7538 1249 1698 7539 1248 1698 7540 1250 1698 7541 1249 1699 7542 1250 1699 7543 1251 1699 7544 1251 1700 7545 1250 1700 7546 1252 1700 7547 1251 161 7548 1252 161 7549 1253 161 7550 1253 161 7551 1252 161 7552 1254 161 7553 1253 1701 7554 1254 1701 7555 1255 1701 7556 1255 1702 7557 1254 1702 7558 1256 1702 7559 1255 1703 7560 1256 1703 7561 1257 1703 7562 1257 1704 7563 1256 1704 7564 1258 1704 7565 1257 1705 7566 1258 1705 7567 1259 1705 7568 1259 1706 7569 1258 1706 7570 1260 1706 7571 1259 1707 7572 1260 1707 7573 1261 1707 7574 1261 1708 7575 1260 1708 7576 1262 1708 7577 1261 1709 7578 1262 1709 7579 1263 1709 7580 1263 1710 7581 1262 1710 7582 1264 1710 7583 1263 1711 7584 1264 1711 7585 1265 1711 7586 1265 1712 7587 1264 1712 7588 1266 1712 7589 1265 331 7590 1266 331 7591 1267 331 7592 1267 331 7593 1266 331 7594 1268 331 7595 1267 1713 7596 1268 1713 7597 1269 1713 7598 1269 1714 7599 1268 1714 7600 1270 1714 7601 1269 1715 7602 1270 1715 7603 1271 1715 7604 1271 1716 7605 1270 1716 7606 1272 1716 7607 1271 1717 7608 1272 1717 7609 1245 1717 7610 1245 1718 7611 1272 1718 7612 1246 1718 7613 1273 1719 7614 1274 1719 7615 1275 1719 7616 1275 1720 7617 1274 1720 7618 1276 1720 7619 1275 1721 7620 1276 1721 7621 1277 1721 7622 1277 1722 7623 1276 1722 7624 1278 1722 7625 1277 265 7626 1278 265 7627 1279 265 7628 1279 1723 7629 1278 1723 7630 1280 1723 7631 1279 265 7632 1280 265 7633 1281 265 7634 1281 1724 7635 1280 1724 7636 1282 1724 7637 1281 265 7638 1282 265 7639 1283 265 7640 1282 265 7641 1284 265 7642 1283 265 7643 1283 1725 7644 1284 1725 7645 1285 1725 7646 1283 265 7647 1285 265 7648 1286 265 7649 1286 1726 7650 1285 1726 7651 1287 1726 7652 1286 1727 7653 1287 1727 7654 1288 1727 7655 1288 1728 7656 1287 1728 7657 1289 1728 7658 1288 1729 7659 1289 1729 7660 1290 1729 7661 1290 265 7662 1289 265 7663 1291 265 7664 1290 265 7665 1291 265 7666 1292 265 7667 1292 1730 7668 1291 1730 7669 1293 1730 7670 1292 1731 7671 1293 1731 7672 1294 1731 7673 1295 265 7674 1296 265 7675 1297 265 7676 1297 1732 7677 1296 1732 7678 1298 1732 7679 1297 1733 7680 1298 1733 7681 1299 1733 7682 1299 1734 7683 1298 1734 7684 1300 1734 7685 1299 1735 7686 1300 1735 7687 1301 1735 7688 1301 265 7689 1300 265 7690 1302 265 7691 1301 265 7692 1302 265 7693 1303 265 7694 1303 1736 7695 1302 1736 7696 1304 1736 7697 1303 1737 7698 1304 1737 7699 1273 1737 7700 1273 265 7701 1304 265 7702 1305 265 7703 1273 1732 7704 1305 1732 7705 1274 1732 7706 1293 265 7707 1306 265 7708 1294 265 7709 1294 1726 7710 1306 1726 7711 1307 1726 7712 1294 1738 7713 1307 1738 7714 1308 1738 7715 1308 1725 7716 1307 1725 7717 1309 1725 7718 1308 1739 7719 1309 1739 7720 1310 1739 7721 1310 1740 7722 1309 1740 7723 1311 1740 7724 1310 265 7725 1311 265 7726 1312 265 7727 1312 1741 7728 1311 1741 7729 1313 1741 7730 1312 265 7731 1313 265 7732 1314 265 7733 1314 1742 7734 1313 1742 7735 1315 1742 7736 1314 265 7737 1315 265 7738 1295 265 7739 1295 1743 7740 1315 1743 7741 1316 1743 7742 1295 1720 7743 1316 1720 7744 1296 1720 7745 1317 1744 7746 1318 1744 7747 1319 1744 7748 1289 1745 7749 1320 1745 7750 1291 1745 7751 1291 1746 7752 1320 1746 7753 1321 1746 7754 1291 1747 7755 1321 1747 7756 1293 1747 7757 1321 1748 7758 1322 1748 7759 1293 1748 7760 1293 1749 7761 1322 1749 7762 1323 1749 7763 1293 1750 7764 1323 1750 7765 1306 1750 7766 1306 1751 7767 1323 1751 7768 1324 1751 7769 1306 1752 7770 1324 1752 7771 1307 1752 7772 1307 1753 7773 1324 1753 7774 1325 1753 7775 1307 1754 7776 1325 1754 7777 1309 1754 7778 1309 1755 7779 1325 1755 7780 1326 1755 7781 1309 1756 7782 1326 1756 7783 1311 1756 7784 1311 1757 7785 1326 1757 7786 1327 1757 7787 1311 1757 7788 1327 1757 7789 1313 1757 7790 1313 1758 7791 1327 1758 7792 1328 1758 7793 1313 1758 7794 1328 1758 7795 1315 1758 7796 1315 1759 7797 1328 1759 7798 1329 1759 7799 1315 1760 7800 1329 1760 7801 1316 1760 7802 1316 1761 7803 1329 1761 7804 1330 1761 7805 1316 1762 7806 1330 1762 7807 1296 1762 7808 1296 1763 7809 1330 1763 7810 1331 1763 7811 1296 1764 7812 1331 1764 7813 1298 1764 7814 1298 1765 7815 1331 1765 7816 1332 1765 7817 1298 1766 7818 1332 1766 7819 1300 1766 7820 1300 1767 7821 1332 1767 7822 1333 1767 7823 1300 1768 7824 1333 1768 7825 1302 1768 7826 1302 1769 7827 1333 1769 7828 1334 1769 7829 1302 1770 7830 1334 1770 7831 1304 1770 7832 1319 1771 7833 1318 1771 7834 1335 1771 7835 1335 1772 7836 1318 1772 7837 1336 1772 7838 1335 1773 7839 1336 1773 7840 1334 1773 7841 1319 1774 7842 1337 1774 7843 1317 1774 7844 1317 1775 7845 1337 1775 7846 1338 1775 7847 1317 1776 7848 1338 1776 7849 1339 1776 7850 1339 1777 7851 1338 1777 7852 1340 1777 7853 1339 1778 7854 1340 1778 7855 1341 1778 7856 1341 1779 7857 1340 1779 7858 1342 1779 7859 1341 1779 7860 1342 1779 7861 1343 1779 7862 1343 1780 7863 1342 1780 7864 1344 1780 7865 1343 1780 7866 1344 1780 7867 1345 1780 7868 1345 1781 7869 1344 1781 7870 1346 1781 7871 1345 1781 7872 1346 1781 7873 1347 1781 7874 1347 1782 7875 1346 1782 7876 1348 1782 7877 1347 1782 7878 1348 1782 7879 1349 1782 7880 1349 1783 7881 1348 1783 7882 1350 1783 7883 1349 1783 7884 1350 1783 7885 1351 1783 7886 1351 1784 7887 1350 1784 7888 1352 1784 7889 1351 1784 7890 1352 1784 7891 1353 1784 7892 1353 1785 7893 1352 1785 7894 1354 1785 7895 1353 1786 7896 1354 1786 7897 1355 1786 7898 1355 1749 7899 1354 1749 7900 1356 1749 7901 1355 1787 7902 1356 1787 7903 1357 1787 7904 1357 1788 7905 1356 1788 7906 1358 1788 7907 1357 1789 7908 1358 1789 7909 1359 1789 7910 1359 1790 7911 1358 1790 7912 1360 1790 7913 1359 1791 7914 1360 1791 7915 1361 1791 7916 1334 1792 7917 1336 1792 7918 1304 1792 7919 1304 1793 7920 1336 1793 7921 1362 1793 7922 1304 1793 7923 1362 1793 7924 1305 1793 7925 1305 1794 7926 1362 1794 7927 1363 1794 7928 1305 1795 7929 1363 1795 7930 1274 1795 7931 1274 1796 7932 1363 1796 7933 1364 1796 7934 1274 1796 7935 1364 1796 7936 1276 1796 7937 1276 1797 7938 1364 1797 7939 1365 1797 7940 1276 1798 7941 1365 1798 7942 1278 1798 7943 1278 1799 7944 1365 1799 7945 1366 1799 7946 1278 1800 7947 1366 1800 7948 1280 1800 7949 1280 1801 7950 1366 1801 7951 1367 1801 7952 1280 1802 7953 1367 1802 7954 1282 1802 7955 1282 1803 7956 1367 1803 7957 1368 1803 7958 1282 1804 7959 1368 1804 7960 1284 1804 7961 1284 1805 7962 1368 1805 7963 1369 1805 7964 1284 1805 7965 1369 1805 7966 1285 1805 7967 1285 1806 7968 1369 1806 7969 1370 1806 7970 1285 1807 7971 1370 1807 7972 1287 1807 7973 1287 1808 7974 1370 1808 7975 1361 1808 7976 1287 1808 7977 1361 1808 7978 1289 1808 7979 1289 1809 7980 1361 1809 7981 1360 1809 7982 1289 1810 7983 1360 1810 7984 1320 1810 7985 1312 1811 7986 1371 1811 7987 1310 1811 7988 1310 1812 7989 1371 1812 7990 1372 1812 7991 1310 1813 7992 1372 1813 7993 1308 1813 7994 1308 1814 7995 1372 1814 7996 1373 1814 7997 1308 1815 7998 1373 1815 7999 1294 1815 8000 1294 1815 8001 1373 1815 8002 1374 1815 8003 1294 1816 8004 1374 1816 8005 1292 1816 8006 1292 1817 8007 1374 1817 8008 1375 1817 8009 1292 1818 8010 1375 1818 8011 1290 1818 8012 1290 1819 8013 1375 1819 8014 1376 1819 8015 1290 1820 8016 1376 1820 8017 1288 1820 8018 1288 1821 8019 1376 1821 8020 1377 1821 8021 1288 1822 8022 1377 1822 8023 1286 1822 8024 1286 1823 8025 1377 1823 8026 1378 1823 8027 1286 1824 8028 1378 1824 8029 1283 1824 8030 1283 1825 8031 1378 1825 8032 1379 1825 8033 1283 1826 8034 1379 1826 8035 1281 1826 8036 1281 1827 8037 1379 1827 8038 1380 1827 8039 1281 1828 8040 1380 1828 8041 1279 1828 8042 1279 1829 8043 1380 1829 8044 1381 1829 8045 1279 1830 8046 1381 1830 8047 1277 1830 8048 1277 1831 8049 1381 1831 8050 1382 1831 8051 1277 1832 8052 1382 1832 8053 1275 1832 8054 1275 1833 8055 1382 1833 8056 1383 1833 8057 1275 1834 8058 1383 1834 8059 1273 1834 8060 1273 1834 8061 1383 1834 8062 1384 1834 8063 1273 1835 8064 1384 1835 8065 1303 1835 8066 1303 1836 8067 1384 1836 8068 1385 1836 8069 1303 1837 8070 1385 1837 8071 1301 1837 8072 1301 1838 8073 1385 1838 8074 1386 1838 8075 1301 1839 8076 1386 1839 8077 1299 1839 8078 1299 1840 8079 1386 1840 8080 1387 1840 8081 1299 1841 8082 1387 1841 8083 1297 1841 8084 1297 1842 8085 1387 1842 8086 1388 1842 8087 1297 1843 8088 1388 1843 8089 1295 1843 8090 1295 1844 8091 1388 1844 8092 1389 1844 8093 1295 1845 8094 1389 1845 8095 1314 1845 8096 1314 1846 8097 1389 1846 8098 1390 1846 8099 1314 1847 8100 1390 1847 8101 1312 1847 8102 1312 1848 8103 1390 1848 8104 1371 1848 8105 1391 1849 8106 1392 1849 8107 1393 1849 8108 1393 1850 8109 1392 1850 8110 1394 1850 8111 1393 1851 8112 1394 1851 8113 1395 1851 8114 1395 1852 8115 1394 1852 8116 1396 1852 8117 1395 1853 8118 1396 1853 8119 1397 1853 8120 1397 1854 8121 1396 1854 8122 1398 1854 8123 1397 161 8124 1398 161 8125 1399 161 8126 1399 161 8127 1398 161 8128 1400 161 8129 1399 1855 8130 1400 1855 8131 1401 1855 8132 1401 1856 8133 1400 1856 8134 1402 1856 8135 1401 1857 8136 1402 1857 8137 1403 1857 8138 1403 1858 8139 1402 1858 8140 1404 1858 8141 1403 1859 8142 1404 1859 8143 1405 1859 8144 1405 1860 8145 1404 1860 8146 1406 1860 8147 1405 1861 8148 1406 1861 8149 1407 1861 8150 1407 1862 8151 1406 1862 8152 1408 1862 8153 1407 1863 8154 1408 1863 8155 1409 1863 8156 1409 1864 8157 1408 1864 8158 1410 1864 8159 1409 1865 8160 1410 1865 8161 1411 1865 8162 1411 1866 8163 1410 1866 8164 1412 1866 8165 1411 331 8166 1412 331 8167 1413 331 8168 1413 331 8169 1412 331 8170 1414 331 8171 1413 1867 8172 1414 1867 8173 1415 1867 8174 1415 1868 8175 1414 1868 8176 1416 1868 8177 1415 1869 8178 1416 1869 8179 1417 1869 8180 1417 1870 8181 1416 1870 8182 1418 1870 8183 1417 1871 8184 1418 1871 8185 1391 1871 8186 1391 1872 8187 1418 1872 8188 1392 1872 8189 1419 1873 8190 1420 1873 8191 1421 1873 8192 1421 1874 8193 1420 1874 8194 1422 1874 8195 1421 1875 8196 1422 1875 8197 1423 1875 8198 1423 1876 8199 1422 1876 8200 1424 1876 8201 1423 1877 8202 1424 1877 8203 1425 1877 8204 1425 1878 8205 1424 1878 8206 1426 1878 8207 1425 161 8208 1426 161 8209 1427 161 8210 1427 161 8211 1426 161 8212 1428 161 8213 1427 1879 8214 1428 1879 8215 1429 1879 8216 1429 1880 8217 1428 1880 8218 1430 1880 8219 1429 1881 8220 1430 1881 8221 1431 1881 8222 1431 1882 8223 1430 1882 8224 1432 1882 8225 1431 1883 8226 1432 1883 8227 1433 1883 8228 1433 1883 8229 1432 1883 8230 1434 1883 8231 1433 1884 8232 1434 1884 8233 1435 1884 8234 1435 1884 8235 1434 1884 8236 1436 1884 8237 1435 1885 8238 1436 1885 8239 1437 1885 8240 1437 1886 8241 1436 1886 8242 1438 1886 8243 1437 1887 8244 1438 1887 8245 1439 1887 8246 1439 1888 8247 1438 1888 8248 1440 1888 8249 1439 331 8250 1440 331 8251 1441 331 8252 1441 331 8253 1440 331 8254 1442 331 8255 1441 1889 8256 1442 1889 8257 1443 1889 8258 1443 1890 8259 1442 1890 8260 1444 1890 8261 1443 1891 8262 1444 1891 8263 1445 1891 8264 1445 1892 8265 1444 1892 8266 1446 1892 8267 1445 1893 8268 1446 1893 8269 1419 1893 8270 1419 1894 8271 1446 1894 8272 1420 1894 8273 1320 1895 8274 1360 1895 8275 1321 1895 8276 1321 1896 8277 1360 1896 8278 1358 1896 8279 1321 1897 8280 1358 1897 8281 1447 1897 8282 1447 1898 8283 1358 1898 8284 1448 1898 8285 1449 1899 8286 1450 1899 8287 1451 1899 8288 1449 1899 8289 1451 1899 8290 1452 1899 8291 1452 1900 8292 1451 1900 8293 1453 1900 8294 1452 1901 8295 1453 1901 8296 1454 1901 8297 1454 1902 8298 1453 1902 8299 1455 1902 8300 1454 1903 8301 1455 1903 8302 1456 1903 8303 1456 1904 8304 1455 1904 8305 1457 1904 8306 1456 1905 8307 1457 1905 8308 1458 1905 8309 1458 1906 8310 1457 1906 8311 1459 1906 8312 1458 1906 8313 1459 1906 8314 1460 1906 8315 1460 155 8316 1459 155 8317 1461 155 8318 1460 155 8319 1461 155 8320 1462 155 8321 1462 1907 8322 1461 1907 8323 1463 1907 8324 1462 1907 8325 1463 1907 8326 1464 1907 8327 1464 1908 8328 1463 1908 8329 1465 1908 8330 1464 1909 8331 1465 1909 8332 1466 1909 8333 1466 1910 8334 1465 1910 8335 1467 1910 8336 1466 1911 8337 1467 1911 8338 1468 1911 8339 1468 1912 8340 1467 1912 8341 1469 1912 8342 1468 1913 8343 1469 1913 8344 1470 1913 8345 1470 1914 8346 1469 1914 8347 1447 1914 8348 1470 1914 8349 1447 1914 8350 1448 1914 8351 1450 1915 8352 1449 1915 8353 1333 1915 8354 1333 1916 8355 1449 1916 8356 1319 1916 8357 1333 1917 8358 1319 1917 8359 1334 1917 8360 1334 1918 8361 1319 1918 8362 1335 1918 8363 1404 265 8364 1461 265 8365 1406 265 8366 1406 265 8367 1461 265 8368 1459 265 8369 1406 265 8370 1459 265 8371 1408 265 8372 1402 265 8373 1465 265 8374 1404 265 8375 1404 265 8376 1465 265 8377 1463 265 8378 1404 1919 8379 1463 1919 8380 1461 1919 8381 1329 265 8382 1328 265 8383 1446 265 8384 1416 1920 8385 1333 1920 8386 1332 1920 8387 1333 1921 8388 1416 1921 8389 1450 1921 8390 1392 265 8391 1432 265 8392 1394 265 8393 1394 1922 8394 1432 1922 8395 1430 1922 8396 1428 1923 8397 1426 1923 8398 1322 1923 8399 1322 1924 8400 1426 1924 8401 1424 1924 8402 1322 1925 8403 1424 1925 8404 1323 1925 8405 1323 1926 8406 1424 1926 8407 1422 1926 8408 1323 1927 8409 1422 1927 8410 1324 1927 8411 1324 1928 8412 1422 1928 8413 1325 1928 8414 1442 1929 8415 1440 1929 8416 1332 1929 8417 1332 265 8418 1440 265 8419 1418 265 8420 1332 1930 8421 1418 1930 8422 1416 1930 8423 1459 265 8424 1457 265 8425 1408 265 8426 1408 265 8427 1457 265 8428 1455 265 8429 1408 265 8430 1455 265 8431 1410 265 8432 1446 265 8433 1328 265 8434 1420 265 8435 1420 1931 8436 1328 1931 8437 1327 1931 8438 1420 265 8439 1327 265 8440 1422 265 8441 1422 1932 8442 1327 1932 8443 1326 1932 8444 1422 1933 8445 1326 1933 8446 1325 1933 8447 1442 265 8448 1332 265 8449 1444 265 8450 1444 1934 8451 1332 1934 8452 1331 1934 8453 1444 1935 8454 1331 1935 8455 1446 1935 8456 1446 1936 8457 1331 1936 8458 1330 1936 8459 1446 1937 8460 1330 1937 8461 1329 1937 8462 1440 265 8463 1438 265 8464 1418 265 8465 1418 1938 8466 1438 1938 8467 1436 1938 8468 1418 265 8469 1436 265 8470 1392 265 8471 1392 1939 8472 1436 1939 8473 1434 1939 8474 1392 1940 8475 1434 1940 8476 1432 1940 8477 1416 265 8478 1414 265 8479 1450 265 8480 1450 1941 8481 1414 1941 8482 1412 1941 8483 1450 265 8484 1412 265 8485 1451 265 8486 1451 265 8487 1412 265 8488 1410 265 8489 1451 1942 8490 1410 1942 8491 1453 1942 8492 1453 265 8493 1410 265 8494 1455 265 8495 1430 265 8496 1428 265 8497 1394 265 8498 1394 265 8499 1428 265 8500 1322 265 8501 1394 1943 8502 1322 1943 8503 1396 1943 8504 1396 1944 8505 1322 1944 8506 1321 1944 8507 1396 265 8508 1321 265 8509 1398 265 8510 1398 265 8511 1321 265 8512 1447 265 8513 1398 1945 8514 1447 1945 8515 1400 1945 8516 1400 265 8517 1447 265 8518 1469 265 8519 1400 265 8520 1469 265 8521 1402 265 8522 1402 1946 8523 1469 1946 8524 1467 1946 8525 1402 265 8526 1467 265 8527 1465 265 8528 1403 1947 8529 1405 1947 8530 1462 1947 8531 1427 1948 8532 1429 1948 8533 1417 1948 8534 1417 1949 8535 1429 1949 8536 1431 1949 8537 1417 1950 8538 1431 1950 8539 1415 1950 8540 1415 1951 8541 1431 1951 8542 1433 1951 8543 1415 1952 8544 1433 1952 8545 1413 1952 8546 1409 311 8547 1456 311 8548 1407 311 8549 1407 1953 8550 1456 1953 8551 1458 1953 8552 1407 311 8553 1458 311 8554 1405 311 8555 1405 1954 8556 1458 1954 8557 1460 1954 8558 1405 311 8559 1460 311 8560 1462 311 8561 1337 311 8562 1319 311 8563 1449 311 8564 1433 311 8565 1435 311 8566 1413 311 8567 1413 1955 8568 1435 1955 8569 1449 1955 8570 1413 1956 8571 1449 1956 8572 1411 1956 8573 1411 1957 8574 1449 1957 8575 1452 1957 8576 1411 311 8577 1452 311 8578 1409 311 8579 1409 311 8580 1452 311 8581 1454 311 8582 1409 311 8583 1454 311 8584 1456 311 8585 1395 311 8586 1397 311 8587 1448 311 8588 1448 1958 8589 1397 1958 8590 1399 1958 8591 1448 1959 8592 1399 1959 8593 1470 1959 8594 1470 311 8595 1399 311 8596 1401 311 8597 1462 1960 8598 1464 1960 8599 1403 1960 8600 1403 1961 8601 1464 1961 8602 1466 1961 8603 1403 311 8604 1466 311 8605 1401 311 8606 1401 311 8607 1466 311 8608 1468 311 8609 1401 311 8610 1468 311 8611 1470 311 8612 1435 1962 8613 1437 1962 8614 1449 1962 8615 1449 1963 8616 1437 1963 8617 1439 1963 8618 1449 1964 8619 1439 1964 8620 1337 1964 8621 1439 311 8622 1441 311 8623 1337 311 8624 1337 1965 8625 1441 1965 8626 1443 1965 8627 1337 1966 8628 1443 1966 8629 1338 1966 8630 1338 1967 8631 1443 1967 8632 1445 1967 8633 1338 1968 8634 1445 1968 8635 1340 1968 8636 1340 1969 8637 1445 1969 8638 1342 1969 8639 1352 1970 8640 1350 1970 8641 1421 1970 8642 1421 1971 8643 1350 1971 8644 1348 1971 8645 1421 311 8646 1348 311 8647 1419 311 8648 1419 1972 8649 1348 1972 8650 1346 1972 8651 1419 1973 8652 1346 1973 8653 1445 1973 8654 1445 1974 8655 1346 1974 8656 1344 1974 8657 1445 1975 8658 1344 1975 8659 1342 1975 8660 1352 1976 8661 1421 1976 8662 1354 1976 8663 1354 1977 8664 1421 1977 8665 1423 1977 8666 1354 1978 8667 1423 1978 8668 1356 1978 8669 1356 1979 8670 1423 1979 8671 1425 1979 8672 1356 311 8673 1425 311 8674 1427 311 8675 1448 311 8676 1358 311 8677 1395 311 8678 1395 1980 8679 1358 1980 8680 1356 1980 8681 1395 1981 8682 1356 1981 8683 1393 1981 8684 1393 1982 8685 1356 1982 8686 1427 1982 8687 1393 311 8688 1427 311 8689 1391 311 8690 1391 311 8691 1427 311 8692 1417 311 8693 1471 1983 8694 1343 1983 8695 1472 1983 8696 1472 1984 8697 1343 1984 8698 1345 1984 8699 1472 1985 8700 1345 1985 8701 1473 1985 8702 1473 1986 8703 1345 1986 8704 1347 1986 8705 1473 1987 8706 1347 1987 8707 1474 1987 8708 1475 1988 8709 1361 1988 8710 1476 1988 8711 1476 1989 8712 1361 1989 8713 1370 1989 8714 1476 1990 8715 1370 1990 8716 1477 1990 8717 1477 1991 8718 1370 1991 8719 1369 1991 8720 1477 1992 8721 1369 1992 8722 1478 1992 8723 1478 311 8724 1369 311 8725 1368 311 8726 1478 311 8727 1368 311 8728 1479 311 8729 1480 1993 8730 1336 1993 8731 1481 1993 8732 1481 311 8733 1336 311 8734 1318 311 8735 1481 1994 8736 1318 1994 8737 1482 1994 8738 1482 1995 8739 1318 1995 8740 1317 1995 8741 1482 1996 8742 1317 1996 8743 1483 1996 8744 1483 1997 8745 1317 1997 8746 1339 1997 8747 1483 1998 8748 1339 1998 8749 1471 1998 8750 1471 1999 8751 1339 1999 8752 1341 1999 8753 1471 311 8754 1341 311 8755 1343 311 8756 1368 2000 8757 1367 2000 8758 1479 2000 8759 1479 2001 8760 1367 2001 8761 1366 2001 8762 1479 311 8763 1366 311 8764 1484 311 8765 1484 2002 8766 1366 2002 8767 1365 2002 8768 1484 311 8769 1365 311 8770 1485 311 8771 1485 2003 8772 1365 2003 8773 1364 2003 8774 1485 311 8775 1364 311 8776 1486 311 8777 1486 311 8778 1364 311 8779 1363 311 8780 1486 311 8781 1363 311 8782 1480 311 8783 1480 311 8784 1363 311 8785 1362 311 8786 1480 2004 8787 1362 2004 8788 1336 2004 8789 1347 2005 8790 1349 2005 8791 1474 2005 8792 1474 2006 8793 1349 2006 8794 1351 2006 8795 1474 2007 8796 1351 2007 8797 1487 2007 8798 1487 311 8799 1351 311 8800 1353 311 8801 1487 311 8802 1353 311 8803 1488 311 8804 1488 2008 8805 1353 2008 8806 1355 2008 8807 1488 2009 8808 1355 2009 8809 1489 2009 8810 1489 311 8811 1355 311 8812 1357 311 8813 1489 2010 8814 1357 2010 8815 1475 2010 8816 1475 311 8817 1357 311 8818 1359 311 8819 1475 311 8820 1359 311 8821 1361 311 8822 1490 2011 8823 1473 2011 8824 1491 2011 8825 1491 2012 8826 1473 2012 8827 1474 2012 8828 1491 2013 8829 1474 2013 8830 1492 2013 8831 1492 2014 8832 1474 2014 8833 1487 2014 8834 1492 2015 8835 1487 2015 8836 1493 2015 8837 1493 2016 8838 1487 2016 8839 1488 2016 8840 1493 2017 8841 1488 2017 8842 1494 2017 8843 1494 2018 8844 1488 2018 8845 1489 2018 8846 1494 2019 8847 1489 2019 8848 1495 2019 8849 1495 2020 8850 1489 2020 8851 1475 2020 8852 1495 2021 8853 1475 2021 8854 1496 2021 8855 1496 2022 8856 1475 2022 8857 1476 2022 8858 1496 2023 8859 1476 2023 8860 1497 2023 8861 1497 2024 8862 1476 2024 8863 1477 2024 8864 1497 2025 8865 1477 2025 8866 1498 2025 8867 1498 2026 8868 1477 2026 8869 1478 2026 8870 1498 2027 8871 1478 2027 8872 1499 2027 8873 1499 2028 8874 1478 2028 8875 1479 2028 8876 1499 155 8877 1479 155 8878 1500 155 8879 1500 155 8880 1479 155 8881 1484 155 8882 1500 2029 8883 1484 2029 8884 1501 2029 8885 1501 2030 8886 1484 2030 8887 1485 2030 8888 1501 2031 8889 1485 2031 8890 1502 2031 8891 1502 2032 8892 1485 2032 8893 1486 2032 8894 1502 2033 8895 1486 2033 8896 1503 2033 8897 1503 2034 8898 1486 2034 8899 1480 2034 8900 1503 2035 8901 1480 2035 8902 1504 2035 8903 1504 2036 8904 1480 2036 8905 1481 2036 8906 1504 2037 8907 1481 2037 8908 1505 2037 8909 1505 2038 8910 1481 2038 8911 1482 2038 8912 1505 2039 8913 1482 2039 8914 1506 2039 8915 1506 2040 8916 1482 2040 8917 1483 2040 8918 1506 2041 8919 1483 2041 8920 1507 2041 8921 1507 2042 8922 1483 2042 8923 1471 2042 8924 1507 2043 8925 1471 2043 8926 1508 2043 8927 1508 2044 8928 1471 2044 8929 1472 2044 8930 1508 2045 8931 1472 2045 8932 1490 2045 8933 1490 2046 8934 1472 2046 8935 1473 2046 8936 1270 311 8937 1507 311 8938 1272 311 8939 1272 311 8940 1507 311 8941 1508 311 8942 1272 311 8943 1508 311 8944 1246 311 8945 1246 2047 8946 1508 2047 8947 1490 2047 8948 1246 2048 8949 1490 2048 8950 1248 2048 8951 1264 2049 8952 1503 2049 8953 1266 2049 8954 1266 311 8955 1503 311 8956 1504 311 8957 1266 311 8958 1504 311 8959 1268 311 8960 1268 311 8961 1504 311 8962 1505 311 8963 1268 2050 8964 1505 2050 8965 1270 2050 8966 1270 311 8967 1505 311 8968 1506 311 8969 1270 2051 8970 1506 2051 8971 1507 2051 8972 1258 311 8973 1499 311 8974 1260 311 8975 1260 311 8976 1499 311 8977 1500 311 8978 1260 311 8979 1500 311 8980 1262 311 8981 1262 2052 8982 1500 2052 8983 1501 2052 8984 1262 311 8985 1501 311 8986 1264 311 8987 1264 2053 8988 1501 2053 8989 1502 2053 8990 1264 2054 8991 1502 2054 8992 1503 2054 8993 1254 2055 8994 1496 2055 8995 1256 2055 8996 1256 2056 8997 1496 2056 8998 1497 2056 8999 1256 2057 9000 1497 2057 9001 1258 2057 9002 1258 2058 9003 1497 2058 9004 1498 2058 9005 1258 2059 9006 1498 2059 9007 1499 2059 9008 1490 2060 9009 1491 2060 9010 1248 2060 9011 1248 311 9012 1491 311 9013 1492 311 9014 1248 311 9015 1492 311 9016 1250 311 9017 1250 2061 9018 1492 2061 9019 1493 2061 9020 1250 311 9021 1493 311 9022 1252 311 9023 1252 2062 9024 1493 2062 9025 1494 2062 9026 1252 2063 9027 1494 2063 9028 1254 2063 9029 1254 2064 9030 1494 2064 9031 1495 2064 9032 1254 311 9033 1495 311 9034 1496 311 9035 1267 265 9036 1386 265 9037 1265 265 9038 1265 265 9039 1386 265 9040 1385 265 9041 1265 2065 9042 1385 2065 9043 1263 2065 9044 1385 265 9045 1384 265 9046 1263 265 9047 1263 2066 9048 1384 2066 9049 1383 2066 9050 1263 2067 9051 1383 2067 9052 1261 2067 9053 1261 2068 9054 1383 2068 9055 1382 2068 9056 1261 2069 9057 1382 2069 9058 1259 2069 9059 1259 2070 9060 1382 2070 9061 1381 2070 9062 1259 265 9063 1381 265 9064 1257 265 9065 1271 2067 9066 1389 2067 9067 1269 2067 9068 1269 2066 9069 1389 2066 9070 1388 2066 9071 1269 265 9072 1388 265 9073 1267 265 9074 1267 265 9075 1388 265 9076 1387 265 9077 1267 265 9078 1387 265 9079 1386 265 9080 1249 2071 9081 1373 2071 9082 1247 2071 9083 1247 2072 9084 1373 2072 9085 1372 2072 9086 1247 2073 9087 1372 2073 9088 1245 2073 9089 1245 2074 9090 1372 2074 9091 1509 2074 9092 1245 265 9093 1509 265 9094 1271 265 9095 1271 2075 9096 1509 2075 9097 1390 2075 9098 1271 2068 9099 1390 2068 9100 1389 2068 9101 1253 265 9102 1376 265 9103 1251 265 9104 1251 265 9105 1376 265 9106 1375 265 9107 1251 2076 9108 1375 2076 9109 1249 2076 9110 1249 265 9111 1375 265 9112 1374 265 9113 1249 2077 9114 1374 2077 9115 1373 2077 9116 1381 265 9117 1380 265 9118 1257 265 9119 1257 2072 9120 1380 2072 9121 1379 2072 9122 1257 2071 9123 1379 2071 9124 1255 2071 9125 1255 2077 9126 1379 2077 9127 1378 2077 9128 1255 265 9129 1378 265 9130 1253 265 9131 1253 265 9132 1378 265 9133 1377 265 9134 1253 265 9135 1377 265 9136 1376 265 9137</p>
        </triangles>
      </mesh>
    </geometry>
  </library_geometries>
  <library_visual_scenes>
    <visual_scene id="Scene" name="Scene">
      <node id="lf1" name="lf1" type="NODE">
        <matrix sid="transform">1 0 0 0 0 1 0 0 0 0 1 0 0 0 0 1</matrix>
        <instance_geometry url="#lf1-mesh" name="lf1">
          <bind_material>
            <technique_common>
              <instance_material symbol="lf1Material-material" target="#lf1Material-material">
                <bind_vertex_input semantic="lf1-mesh-map-0" input_semantic="TEXCOORD" input_set="0"/>
              </instance_material>
            </technique_common>
          </bind_material>
        </instance_geometry>
      </node>
    </visual_scene>
  </library_visual_scenes>
  <scene>
    <instance_visual_scene url="#Scene"/>
  </scene>
</COLLADA>