<?xml version="1.0" encoding="utf-8"?>
<COLLADA xmlns="http://www.collada.org/2005/11/COLLADASchema" version="1.4.1" xmlns:xsi="http://www.w3.org/2001/XMLSchema-instance">
  <asset>
    <contributor>
      <author>Blender User</author>
      <authoring_tool>Blender 4.3.2 commit date:2024-12-16, commit time:21:10, hash:32f5fdce0a0a</authoring_tool>
    </contributor>
    <created>2026-01-02T14:23:29</created>
    <modified>2026-01-02T14:23:29</modified>
    <unit name="meter" meter="1"/>
    <up_axis>Z_UP</up_axis>
  </asset>
  <library_effects>
    <effect id="lpb2material-effect">
      <profile_COMMON>
        <newparam sid="minipupper_textures_png-surface">
          <surface type="2D">
            <init_from>minipupper_textures_png</init_from>
          </surface>
        </newparam>
        <newparam sid="minipupper_textures_png-sampler">
          <sampler2D>
            <source>minipupper_textures_png-surface</source>
          </sampler2D>
        </newparam>
        <technique sid="common">
          <lambert>
            <emission>
              <color sid="emission">0 0 0 1</color>
            </emission>
            <diffuse>
              <texture texture="minipupper_textures_png-sampler" texcoord="UVMap"/>
            </diffuse>
            <index_of_refraction>
              <float sid="ior">1.5</float>
            </index_of_refraction>
          </lambert>
        </technique>
      </profile_COMMON>
    </effect>
  </library_effects>
  <library_images>
    <image id="minipupper_textures_png" name="minipupper_textures_png">
      <init_from>minipupper_textures.png</init_from>
    </image>
  </library_images>
  <library_materials>
    <material id="lpb2material-material" name="lpb2material">
      <instance_effect url="#lpb2material-effect"/>
    </material>
  </library_materials>
  <library_geometries>
    <geometry id="lpb2-mesh" name="lpb2">
      <mesh>
        <source id="lpb2-mesh-positions">
          <float_array id="lpb2-mesh-positions-array" count="1428">-0.003994584 -0.001999974 0.03120708 -0.005297482 -0.001999974 0.03994381 -0.004799246 -0.001999974 0.02743542 0.00281459 -0.001999974 0.05224454 0.003729164 -0.001999974 0.05470031 0.001561939 -0.001999974 0.05324345 0.001974523 -0.001999974 0.05566573 0 -0.001999974 0.05359995 0 -0.001999974 0.05599999 -0.001561939 -0.001999974 0.05324345 0.001561939 -0.001999974 0.0467565 0.005028367 -0.001999974 0.03492599 0.00281459 -0.001999974 0.04775542 0.005810976 -0.001999974 0.04663187 0.0035097 -0.001999974 0.04919892 0.005966365 -0.001999974 0.04936558 0.0035097 -0.001999974 0.05080103 0.005842745 -0.001999974 0.05136442 0.005068302 -0.001999974 0.05321127 0.005004465 -0.001999974 0.009569287 0.001939833 -0.001999974 0.02150183 0.001001834 -0.001999974 0.02112746 -0.003392934 -0.001999974 0.02288156 -0.004859864 -0.001999974 0.01407247 -0.002754211 -0.001999974 0.02209925 -0.001939833 -0.001999974 0.02150183 -0.003815412 -0.001999974 0.02379888 -0.003994584 -0.001999974 0.02479285 -0.003815412 -0.001999974 0.03220105 -0.003392934 -0.001999974 0.03311842 -0.002754211 -0.001999974 0.03390073 -0.001939833 -0.001999974 0.03449809 -0.001001834 -0.001999974 0.03487247 -0.001561939 -0.001999974 0.0467565 0 -0.001999974 0.04639995 0 -0.001999974 0.03499996 0.003392934 -0.001999974 0.03311842 0.003815412 -0.001999974 0.03220105 0.003994584 -0.001999974 0.02479285 0.003815412 -0.001999974 0.02379888 0.004754841 -0.001999974 0.02265721 0.003392934 -0.001999974 0.02288156 0.002754211 -0.001999974 0.02209925 0.003058671 -0.001999974 0.005735337 0.004358351 -0.001999974 0.004822254 0.005275368 -0.001999974 0.003797411 -0.001001834 -0.001999974 0.02112746 -0.005275368 -0.001999974 0.003797411 -0.004358351 -0.001999974 0.004822254 -0.005810976 -0.001999974 0.04663187 -0.00281459 -0.001999974 0.04775542 -0.005966365 -0.001999974 0.04936558 -0.0035097 -0.001999974 0.04919892 -0.005842745 -0.001999974 0.05136442 -0.0035097 -0.001999974 0.05080103 -0.005068302 -0.001999974 0.05321127 -0.00281459 -0.001999974 0.05224454 -0.003729164 -0.001999974 0.05470031 -0.001974523 -0.001999974 0.05566573 -0.003058671 -0.001999974 0.005735337 -0.001576364 -0.001999974 0.006305932 0 -0.001999974 0.02099996 0 -0.001999974 0.006499946 0.001576364 -0.001999974 0.006305932 -0.003919184 -0.001999974 0.02579998 -0.003752589 -0.001999974 0.02689439 -0.003696918 -0.001999974 0.02799999 0.001001834 -0.001999974 0.03487247 0.001939833 -0.001999974 0.03449809 0.002754211 -0.001999974 0.03390073 -0.003752589 -0.001999974 0.0291056 -0.003919184 -0.001999974 0.0302 0.003994584 -0.001999974 0.03120708 0.003919184 -0.001999974 0.0302 0.003752589 -0.001999974 0.0291056 0.003696918 -0.001999974 0.02799999 0.003752589 -0.001999974 0.02689439 0.003919184 -0.001999974 0.02579998 0 -0.002999961 0.02989995 0 -0.008999943 0.02989995 5.5e-4 -0.002999961 0.03004735 5.5e-4 -0.008999943 0.03004735 9.52628e-4 -0.002999961 0.03044998 9.52628e-4 -0.008999943 0.03044998 0.001099944 -0.002999961 0.03099995 0.001099944 -0.008999943 0.03099995 9.52628e-4 -0.002999961 0.03154999 9.52628e-4 -0.008999943 0.03154999 5.5e-4 -0.002999961 0.03195261 5.5e-4 -0.008999943 0.03195261 0 -0.002999961 0.03209996 0 -0.008999943 0.03209996 -5.5e-4 -0.002999961 0.03195261 -5.5e-4 -0.008999943 0.03195261 -9.52628e-4 -0.002999961 0.03154999 -9.52628e-4 -0.008999943 0.03154999 -0.001099944 -0.002999961 0.03099995 -0.001099944 -0.008999943 0.03099995 -9.52628e-4 -0.002999961 0.03044998 -9.52628e-4 -0.008999943 0.03044998 -5.5e-4 -0.002999961 0.03004735 -5.5e-4 -0.008999943 0.03004735 -0.005966365 -10e-4 0.04936558 -0.005842745 -10e-4 0.05136442 -0.005068302 -10e-4 0.05321127 -0.003729164 -10e-4 0.05470031 -0.001974523 -10e-4 0.05566573 0 -10e-4 0.05599999 0.001974523 -10e-4 0.05566573 0.003729164 -10e-4 0.05470031 0.005068302 -10e-4 0.05321127 0.005842745 -10e-4 0.05136442 0.005966365 -10e-4 0.04936558 0.005810976 -10e-4 0.04663187 -0.00549972 -0.001999974 5.24402e-5 -0.00549972 -10e-4 5.24402e-5 -0.005476534 -10e-4 -5.07475e-4 -0.005230784 -10e-4 -0.001699566 -0.005230784 0 -0.001699566 -0.004923343 0 -0.002451539 0.005488693 -0.001999974 3.51622e-4 0.005461454 -0.001999974 6.49764e-4 0.005461454 -0.002999961 6.49764e-4 0.00549972 -0.001999974 5.24402e-5 0.005476534 -0.003499984 -5.07475e-4 0.005290031 -0.003499984 0.001505136 -0.005488693 -0.001999974 3.51622e-4 -0.005476534 -0.003499984 -5.07475e-4 -0.004923343 -0.003499984 -0.002451539 -0.004389047 -0.003499984 0.003314435 -0.004389047 -0.002999961 0.003314435 -0.004567325 -0.002999961 0.003064155 -0.005290031 -0.003499984 0.001505136 -0.005461454 -0.001999974 6.49764e-4 -0.005461454 -0.002999961 6.49764e-4 -0.005290031 -0.002999961 0.001505136 -0.0051741 -0.002999961 0.001864969 -0.003687798 -0.002999961 0.004080414 -0.002895355 -0.003499984 0.004676163 -0.002895355 -0.002999961 0.004676163 -0.001010596 -0.003499984 0.00540632 -0.001010596 -0.002999961 0.00540632 -0.001333832 -0.002999961 0.005335748 -0.002588093 -0.002999961 0.00485295 0 -0.002999961 0.005499958 0.001010596 -0.003499984 0.00540632 0.001010596 -0.002999961 0.00540632 0.002895355 -0.003499984 0.004676163 0.002895355 -0.002999961 0.004676163 0.002588093 -0.002999961 0.00485295 0.001333832 -0.002999961 0.005335748 0.004389047 -0.003499984 0.003314435 0.004389047 -0.002999961 0.003314435 0.003687798 -0.002999961 0.004080414 0.005290031 -0.002999961 0.001505136 0.0051741 -0.002999961 0.001864969 0.004567325 -0.002999961 0.003064155 -0.003705322 0 -0.0040645 -0.003705322 -0.003499984 -0.0040645 -0.001986801 0 -0.005128562 -0.001986801 -0.003499984 -0.005128562 0 0 -0.005499958 0 -0.003499984 -0.005499958 0.001986801 0 -0.005128562 0.001986801 -0.003499984 -0.005128562 0.003705322 0 -0.0040645 0.003705322 -0.003499984 -0.0040645 0.004923343 0 -0.002451539 0.004923343 -0.003499984 -0.002451539 0.005476534 0 -5.07475e-4 0.00549972 0 5.24402e-5 -0.004859864 -10e-4 0.01407247 -0.004799246 -10e-4 0.02743542 -0.005297482 -10e-4 0.03994381 -0.005810976 -10e-4 0.04663187 -0.005480468 -0.001999974 3.51007e-4 -0.005461215 -0.002978742 6.5381e-4 -0.005460262 -0.00295335 6.68834e-4 -0.005456268 -0.002898633 7.31646e-4 -0.005435466 -0.002724468 0.0010643 -0.005420506 -0.002618312 0.001306235 -0.005381882 -0.002372324 0.00194168 -0.005367934 -0.002293348 0.002176582 -0.005365788 -0.002282083 0.002211868 -0.005350828 -0.002206027 0.00246644 -0.005303025 -0.002032816 0.003299534 -0.00281459 0 0.05224454 -0.0035097 0 0.05080103 -0.01808786 0 0.06066894 -0.01591795 0 0.06369733 -0.01324707 0 0.06629461 -0.001561939 0 0.05324345 0.005028367 0 0.03492599 0.004754841 0 0.02265721 0.001948535 0 0.02987498 -0.01015925 0 0.06837898 -0.006751716 0 0.06988501 0 0 0.05359995 -0.003131687 0 0.07076513 5.86922e-4 0 0.07099175 -0.02099996 0 0.04683297 -0.02099996 0 0.04999995 -0.001124978 0 0.03294855 -0.02066951 0 0.05371081 -0.0035097 0 0.04919892 0 0 0.03324997 -0.00281459 0 0.04775542 -0.01968854 0 0.05730485 0.01516014 0 0.05552327 0.01467669 0 0.05219137 0.0134623 0 0.04905128 -0.002249956 0 0.03099995 -0.001948535 0 0.02987498 0 0 0.003599941 -0.001124978 0 0.02905142 0.001561939 0 0.003243446 0 0 0.02875 0.00281459 0 0.002244532 0.0035097 0 8.01074e-4 -0.001561939 0 0.003243446 -0.001948535 0 0.03212499 -0.00281459 0 0.002244532 -0.0035097 0 8.01074e-4 -0.0035097 0 -8.01076e-4 0.0115782 0 0.04626107 0.009119153 0 0.0439614 0.00750935 0 0.0424627 0.00281459 0 0.05224454 0.001561939 0 0.05324345 0.01217085 0 0.06499338 0.003920495 0 0.07052057 0.007065117 0 0.06931775 0.009862184 0 0.06744384 0.002249956 0 0.03099995 0.001948535 0 0.03212499 0.005099236 0 0.03643476 0.001124978 0 0.03294855 0.005449593 0 0.0386061 0.006266117 0 0.0406484 -0.00281459 0 -0.002244532 -0.001561939 0 -0.003243446 0 0 -0.003599941 0.001561939 0 -0.003243446 0.00281459 0 -0.002244532 -0.001561939 0 0.0467565 0 0 0.04639995 0.001561939 0 0.0467565 0.0035097 0 -8.01076e-4 0.005004465 0 0.009569287 0.001124978 0 0.02905142 0.00281459 0 0.04775542 0.0035097 0 0.04919892 0.0035097 0 0.05080103 0.01488834 0 0.05887901 0.01387488 0 0.06208962 0.005461335 -0.002986311 6.51448e-4 0.005460739 -0.002964198 6.61108e-4 0.005451917 -0.002855777 8.00762e-4 0.005456089 -0.002896308 7.35073e-4 0.005459547 -0.002940654 6.80066e-4 0.005323529 -0.002092182 0.002938032 0.00536108 -0.002257049 0.002292335 0.005396008 -0.002458035 0.001706838 0.005419671 -0.002613008 0.001318931 0.005435287 -0.002723395 0.001066684 0.00544542 -0.002800703 9.04407e-4 0.005480468 -0.001999974 3.51007e-4 0.005099236 -10e-4 0.03643476 0 -0.001999974 0.04639995 0 0 -0.003599941 0 -0.003499984 -0.003599941 0.001561939 -0.003499984 -0.003243446 0.00281459 -0.003499984 -0.002244532 0.0035097 -0.003499984 -8.01076e-4 0.0035097 -0.003499984 8.01074e-4 0.00281459 -0.003499984 0.002244532 0.001561939 -0.003499984 0.003243446 0 -0.003499984 0.003599941 -0.001561939 -0.003499984 0.003243446 -0.00281459 -0.003499984 0.002244532 -0.0035097 -0.003499984 8.01074e-4 -0.0035097 -0.003499984 -8.01076e-4 -0.00281459 -0.003499984 -0.002244532 -0.001561939 -0.003499984 -0.003243446 0.002939343 -0.002999961 0.03039997 0.002995967 -0.002999961 0.03115534 0.002939343 -0.008999943 0.03039997 0.002861559 -0.008999943 0.03190076 0.002861559 -0.002999961 0.03190076 0.002544701 -0.002999961 0.03258877 0.002065658 -0.008999943 0.03317552 0.002065658 -0.002999961 0.03317552 0.001454889 -0.002999961 0.03362357 7.51408e-4 -0.008999943 0.03390437 7.51408e-4 -0.002999961 0.03390437 0 -0.002999961 0.03399997 -7.51408e-4 -0.008999943 0.03390437 -7.51408e-4 -0.002999961 0.03390437 -0.001454889 -0.002999961 0.03362357 -0.002065658 -0.008999943 0.03317552 -0.002065658 -0.002999961 0.03317552 -0.002544701 -0.002999961 0.03258877 -0.002861559 -0.008999943 0.03190076 -0.002939343 -0.002999961 0.03039997 -0.002939343 -0.008999943 0.03039997 -0.002995967 -0.002999961 0.03115534 -0.002861559 -0.002999961 0.03190076 -0.002757668 -0.002999961 0.02920609 -0.002696931 -0.008999943 0.02799999 -0.002939343 -0.002999961 0.02559995 -0.002939343 -0.008999943 0.02559995 -0.002757668 -0.002999961 0.02679389 -0.002696931 -0.002999961 0.02799999 -0.002995967 -0.002999961 0.02484464 -0.002861559 -0.008999943 0.02409917 -0.002861559 -0.002999961 0.02409917 -0.002544701 -0.002999961 0.02341115 -0.002065658 -0.008999943 0.0228244 -0.002065658 -0.002999961 0.0228244 -0.001454889 -0.002999961 0.02237635 -7.51408e-4 -0.008999943 0.02209562 -7.51408e-4 -0.002999961 0.02209562 0 -0.002999961 0.02199995 7.51408e-4 -0.008999943 0.02209562 7.51408e-4 -0.002999961 0.02209562 0.001454889 -0.002999961 0.02237635 0.002065658 -0.008999943 0.0228244 0.002065658 -0.002999961 0.0228244 0.002544701 -0.002999961 0.02341115 0.002861559 -0.008999943 0.02409917 0.002939343 -0.002999961 0.02559995 0.002939343 -0.008999943 0.02559995 0.002995967 -0.002999961 0.02484464 0.002861559 -0.002999961 0.02409917 0.002757668 -0.002999961 0.02679389 0.002696931 -0.008999943 0.02799999 0.002757668 -0.002999961 0.02920609 0.002696931 -0.002999961 0.02799999 0.003070652 -0.002499997 0.02562677 0.00312972 -0.002499997 0.02483767 0.002989351 -0.002499997 0.02405893 0.002658367 -0.002499997 0.02334022 0.002157866 -0.002499997 0.02272725 0.001519858 -0.002499997 0.02225923 7.84964e-4 -0.002499997 0.02196592 0 -0.002499997 0.02186602 -7.84964e-4 -0.002499997 0.02196592 -0.001519858 -0.002499997 0.02225923 -0.002157866 -0.002499997 0.02272725 -0.002658367 -0.002499997 0.02334022 -0.002989351 -0.002499997 0.02405893 -0.00312972 -0.002499997 0.02483767 -0.003070652 -0.002499997 0.02562677 0.003429234 -0.002133965 0.02569997 0.003495275 -0.002133965 0.02481871 0.003338456 -0.002133965 0.02394902 0.002968847 -0.002133965 0.02314633 0.002409934 -0.002133965 0.02246183 0.001697361 -0.002133965 0.02193909 8.76642e-4 -0.002133965 0.02161151 0 -0.002133965 0.02149999 -8.76642e-4 -0.002133965 0.02161151 -0.001697361 -0.002133965 0.02193909 -0.002409934 -0.002133965 0.02246183 -0.002968847 -0.002133965 0.02314633 -0.003338456 -0.002133965 0.02394902 -0.003495275 -0.002133965 0.02481871 -0.003429234 -0.002133965 0.02569997 0.003255128 -0.002133965 0.02684414 0.003196895 -0.002133965 0.02799999 0.003255128 -0.002133965 0.02915585 0.003429234 -0.002133965 0.03029996 0.002890944 -0.002499997 0.0268073 0.002830862 -0.002499997 0.02799999 0.002890944 -0.002499997 0.02919262 0.003070652 -0.002499997 0.03037315 -0.003429234 -0.002133965 0.03029996 -0.003255128 -0.002133965 0.02915585 -0.003196895 -0.002133965 0.02799999 -0.003255128 -0.002133965 0.02684414 -0.003070652 -0.002499997 0.03037315 -0.002890944 -0.002499997 0.02919262 -0.002830862 -0.002499997 0.02799999 -0.002890944 -0.002499997 0.0268073 -0.00312972 -0.002499997 0.03116226 -0.002989351 -0.002499997 0.03194099 -0.002658367 -0.002499997 0.03265976 -0.002157866 -0.002499997 0.03327268 -0.001519858 -0.002499997 0.03374075 -7.84964e-4 -0.002499997 0.03403407 0 -0.002499997 0.03413397 7.84964e-4 -0.002499997 0.03403407 0.001519858 -0.002499997 0.03374075 0.002157866 -0.002499997 0.03327268 0.002658367 -0.002499997 0.03265976 0.002989351 -0.002499997 0.03194099 0.00312972 -0.002499997 0.03116226 -0.003495275 -0.002133965 0.03118121 -0.003338456 -0.002133965 0.0320509 -0.002968847 -0.002133965 0.0328536 -0.002409934 -0.002133965 0.0335381 -0.001697361 -0.002133965 0.03406083 -8.76642e-4 -0.002133965 0.03438842 0 -0.002133965 0.0345 8.76642e-4 -0.002133965 0.03438842 0.001697361 -0.002133965 0.03406083 0.002409934 -0.002133965 0.0335381 0.002968847 -0.002133965 0.0328536 0.003338456 -0.002133965 0.0320509 0.003495275 -0.002133965 0.03118121 0.005449593 -10e-4 0.0386061 0.006266117 -10e-4 0.0406484 0.00750935 -10e-4 0.0424627 0.009119153 -10e-4 0.0439614 0.0115782 -10e-4 0.04626107 0.0134623 -10e-4 0.04905128 0.01467669 -10e-4 0.05219137 0.01516014 -10e-4 0.05552327 0.01488834 -10e-4 0.05887901 0.01387488 -10e-4 0.06208962 0.01217085 -10e-4 0.06499338 0.009862184 -10e-4 0.06744384 0.007065117 -10e-4 0.06931775 0.003920495 -10e-4 0.07052057 5.86922e-4 -10e-4 0.07099175 -0.003131687 -10e-4 0.07076513 -0.006751716 -10e-4 0.06988501 -0.01015925 -10e-4 0.06837898 -0.01324707 -10e-4 0.06629461 -0.01591795 -10e-4 0.06369733 -0.01808786 -10e-4 0.06066894 -0.01968854 -10e-4 0.05730485 -0.02066951 -10e-4 0.05371081 -0.02099996 -10e-4 0.04999995 -0.02099996 -10e-4 0.04683297 0 -0.002999961 0.03324997 0.001124978 -0.002999961 0.03294855 0.001948535 -0.002999961 0.03212499 0.002249956 -0.002999961 0.03099995 0.001948535 -0.002999961 0.02987498 0.001124978 -0.002999961 0.02905142 0 -0.002999961 0.02875 -0.001124978 -0.002999961 0.02905142 -0.001948535 -0.002999961 0.02987498 -0.002249956 -0.002999961 0.03099995 -0.001948535 -0.002999961 0.03212499 -0.001124978 -0.002999961 0.03294855 0.00135231 -0.002617299 0.005409598 -0.001483559 -0.002076089 0.005934655 0 -0.002076089 0.006117284 0.001483559 -0.002076089 0.005934655 0.002878606 -0.002076089 0.005397677 0.004101753 -0.002076089 0.004538357 -0.005245745 -0.002617299 0.001890778 -0.004630506 -0.002617299 0.003106594 -0.004810571 -0.002292871 0.003227353 -0.005079925 -0.002076089 0.003408074 -0.004101753 -0.002076089 0.004538357 0.005245745 -0.002617299 0.001890778 0.005079925 -0.002076089 0.003408074 0.004810571 -0.002292871 0.003227353 0.004630506 -0.002617299 0.003106594 -0.002878606 -0.002076089 0.005397677 -0.003884196 -0.002292871 0.004297673 -0.002725958 -0.002292871 0.005111396 -0.00373888 -0.002617299 0.00413686 -0.002623915 -0.002617299 0.004920125 0.003884196 -0.002292871 0.004297673 0.00373888 -0.002617299 0.00413686 0.002623915 -0.002617299 0.004920125 0.002725958 -0.002292871 0.005111396 0.001404881 -0.002292871 0.005619943 0 -0.002292871 0.005792856 0 -0.002617299 0.005576074 -0.00135231 -0.002617299 0.005409598 -0.001404881 -0.002292871 0.005619943</float_array>
          <technique_common>
            <accessor source="#lpb2-mesh-positions-array" count="476" stride="3">
              <param name="X" type="float"/>
              <param name="Y" type="float"/>
              <param name="Z" type="float"/>
            </accessor>
          </technique_common>
        </source>
        <source id="lpb2-mesh-normals">
          <float_array id="lpb2-mesh-normals-array" count="2868">0 -1 0 0 -1 0 0 -1 0 0 -1 0 0 -1 0 0 -1 0 0 -1 0 0 -1 0 0 -1 0 0 -1 0 0 -1 0 0 -1 0 0 -1 0 0 -1 0 0 -1 0 0 -1 0 0 -1 0 0 -1 0 0 -1 0 0 -1 0 0 -1 0 0 -1 0 0 -1 0 0 -1 0 0 -1 0 0 -1 0 0 -1 0 0 -1 0 0 -1 0 0 -1 0 0 -1 0 0 -1 0 0 -1 0 0 -1 0 0 -1 0 0 -1 0 0 -1 0 0 -1 0 0 -1 0 0 -1 0 0 -1 0 0 -1 0 0 -1 0 0 -1 0 0 -1 0 0 -1 0 0 -1 0 0 -1 0 0 -1 0 0 -1 0 0 -1 0 0 -1 0 0 -1 0 0 -1 0 0 -1 0 0 -1 0 0 -1 0 0 -1 0 0 -1 0 0 -1 0 0 -1 0 0 -1 0 0 -1 0 0 -1 0 0 -1 0 0 -1 0 0 -1 0 0 -1 0 0 -1 0 0 -1 0 0 -1 0 0 -1 0 0 -1 0 0 -1 0 0 -1 0 0 -1 0 0 -1 0 0 -1 0 0 -1 0 0 -1 0 -0.2588167 0 0.9659265 -0.2588167 0 0.9659265 -0.707108 0 0.7071055 -0.707108 0 0.7071055 -0.9659258 0 0.2588191 -0.9659258 0 0.2588191 -0.9659258 0 -0.2588191 -0.9659258 0 -0.2588191 -0.7071048 0 -0.7071088 -0.7071048 0 -0.7071088 -0.2588197 0 -0.9659256 -0.2588197 0 -0.9659256 0.2588197 0 -0.9659256 0.2588197 0 -0.9659256 0.7071048 0 -0.7071088 0.7071048 0 -0.7071088 0.9659258 0 -0.2588191 0.9659258 0 -0.2588191 0.9659258 0 0.2588191 0.9659258 0 0.2588191 0.707108 0 0.7071055 0.707108 0 0.7071055 0.2588167 0 0.9659265 0.2588167 0 0.9659265 -0.9980946 0 0.06170171 -0.9980946 0 0.06170171 -0.9221916 0 0.3867335 -0.9221916 0 0.3867335 -0.74355 0 0.6686803 -0.74355 0 0.6686803 -0.4820727 0 0.8761312 -0.4820727 0 0.8761312 -0.166889 0 0.9859756 -0.166889 0 0.9859756 0.166889 0 0.9859756 0.166889 0 0.9859756 0.4820727 0 0.8761312 0.4820727 0 0.8761312 0.74355 0 0.6686803 0.74355 0 0.6686803 0.9221916 0 0.3867335 0.9221916 0 0.3867335 0.9980946 0 0.06170171 0.9980946 0 0.06170171 0.9983891 0 -0.05673891 0.9983891 0 -0.05673891 -0.9991418 0 -0.0414204 -0.9256378 0 -0.3784107 0.9958447 0 0.09106779 0.9988994 -0.02916818 0.03673064 0.9995446 -0.0207079 0.02194964 0.9793688 -0.1805566 0.09075188 -0.9988994 -0.02916818 0.03673064 -0.9991418 0 -0.0414204 -0.9618257 0 -0.2736627 -0.9776686 -0.05960345 -0.2015232 -0.8145405 0 0.5801067 -0.8910663 -0.09556418 0.4436985 -0.9958447 0 0.09106779 -0.9995446 -0.0207079 0.02194964 -0.9022802 -0.3913905 0.1808426 -0.9957342 0 0.09226834 -0.9518513 0 0.3065602 -0.8861128 -0.1173123 0.4483771 -0.7375614 0 0.6752802 -0.6621937 -0.1839987 0.7263911 -0.6009204 0 0.7993088 -0.2132414 0 0.9769995 -0.3593777 -0.1014446 0.927662 -0.3571135 -0.1086005 0.9277263 -0.4987556 0 0.8667427 -0.09226679 0 0.9957343 0 -0.1840916 0.9829091 0.09226679 0 0.9957343 0.4987556 0 0.8667427 0.3591626 -0.1071223 0.9271068 0.3574353 -0.1000617 0.9285622 0.2132414 0 0.9769995 0.673696 0 0.7390086 0.6929959 -0.3423371 0.6344778 0.6009204 0 0.7993088 0.9804998 0 0.19652 0.9518513 0 0.3065602 0.8894709 -0.1125946 0.4429041 0.8885141 -0.09170413 0.4495921 0.8145405 0 0.5801067 -0.9256378 0 -0.3784107 -0.7980171 0 -0.6026348 -0.7980171 0 -0.6026348 -0.5264318 0 -0.8502174 -0.5264318 0 -0.8502174 -0.1837501 0 -0.982973 -0.1837501 0 -0.982973 0.1837501 0 -0.982973 0.1837501 0 -0.982973 0.5264318 0 -0.8502174 0.5264318 0 -0.8502174 0.7980171 0 -0.6026348 0.7980171 0 -0.6026348 0.9618257 0 -0.2736627 0.9618257 0 -0.2736627 0.9991418 0 -0.0414204 0.9991418 0 -0.0414204 -0.9999896 0 0.004535794 -0.9992076 0 -0.03980106 -0.9992076 0 -0.03980106 -0.9970656 0 -0.07655262 -0.9970656 0 -0.07655262 -0.9979293 0 0.06432074 -0.9979792 -2.33745e-4 0.06354111 -0.9988998 -0.01099216 0.04558897 -0.9980022 0 0.06317919 -0.9980051 -1.89868e-7 0.06313347 -0.9980124 -2.50996e-6 0.0630179 -0.9980432 -4.73121e-5 0.06252819 -0.9980807 -3.94389e-4 0.06192398 -0.9981312 -0.001277327 0.06109547 -0.9981606 -0.003210127 0.06054019 -0.9981672 -0.004042387 0.06038069 -0.9981732 -0.004986524 0.06021058 -0.9981665 -0.01087647 0.059542 -0.9968482 -0.05310195 0.05893963 -0.9804048 -0.1882715 0.05796742 -0.9991834 0 0.04040366 -0.9999896 0 0.004535794 -0.9983891 0 -0.05673891 -0.9983891 0 -0.05673891 0 1 0 0 1 0 0 1 0 0 1 0 0 1 0 0 1 0 0 1 0 0 1 0 0 1 0 0 1 0 0 1 0 0 1 0 0 1 0 0 1 0 0 1 0 0 1 0 0 1 0 0 1 0 0 1 0 0 1 0 0 1 0 0 1 0 0 1 0 0 1 0 0 1 0 0 1 0 0 1 0 0 1 0 0 1 0 0 1 0 0 1 0 0 1 0 0 1 0 0 1 0 0 1 0 0 1 0 0 1 0 0 1 0 0 1 0 0 1 0 0 1 0 0 1 0 0 1 0 0 1 0 0 1 0 0 1 0 0 1 0 0 1 0 0 1 0 0 1 0 0 1 0 0 1 0 0 1 0 0 1 0 0 1 0 0 1 0 0 1 0 0 1 0 0 1 0 0 1 0 0 1 0 0 1 0 0 1 0 0 1 0 0 1 0 0 1 0 0 1 0 0 1 0 0 1 0 0 1 0 0 1 0 0 1 0 0 1 0 0 1 0 0 1 0 0 1 0 0 1 0 0 1 0 0 1 0 0 1 0 0 1 0 0 1 0 0 1 0 0.9979833 0 0.06347787 0.9980088 -6.91079e-7 0.0630747 0.9980224 -1.74524e-5 0.06285762 0.9980139 -4.23158e-6 0.06299602 0.9980058 0 0.06312316 0.99818 -0.007320046 0.05986005 0.9981602 -0.002780854 0.06056916 0.9981179 -0.001054346 0.06131476 0.9980818 -4.05297e-4 0.06190705 0.9980546 -1.50695e-4 0.06234711 0.9980357 -5.4533e-5 0.06264829 0.9974642 -0.03819787 0.06005126 0.9976916 -0.03404903 0.05875319 0.9986422 -0.00358504 0.05197107 0.9979792 -1.16872e-4 0.06354111 0.9979293 0 0.06432074 0.9989004 0 0.0468828 0.9998183 0 0.01906794 0.9998183 0 0.01906794 0.9997516 0 -0.02228844 0.9997516 0 -0.02228844 0.997573 0 -0.06962895 0.997326 0.02991336 -0.06667816 0.9988984 0 -0.04692548 0.9988985 0 -0.04692548 -0.222522 0 0.9749276 -0.222522 0 0.9749276 -0.6234887 0 0.7818323 -0.6234887 0 0.7818323 -0.9009691 0 0.4338832 -0.9009691 0 0.4338832 -1 0 0 -1 0 0 -0.9009687 0 -0.4338842 -0.9009687 0 -0.4338842 -0.6234901 0 -0.7818312 -0.6234901 0 -0.7818312 -0.2225198 0 -0.9749282 -0.2225198 0 -0.9749282 0.2225198 0 -0.9749282 0.2225198 0 -0.9749282 0.6234901 0 -0.7818312 0.6234901 0 -0.7818312 0.9009687 0 -0.4338842 0.9009687 0 -0.4338842 1 0 0 1 0 0 0.9009691 0 0.4338832 0.9009691 0 0.4338832 0.6234887 0 0.7818323 0.6234887 0 0.7818323 0.222522 0 0.9749276 0.222522 0 0.9749276 -0.2225198 0 0.9749282 -0.2225198 0 0.9749282 -0.6234902 0 0.7818313 -0.6234902 0 0.7818313 -0.9009687 0 0.4338841 -0.9009687 0 0.4338841 -1 0 0 -1 0 0 -0.9009691 0 -0.4338832 -0.9009691 0 -0.4338832 -0.6234887 0 -0.7818324 -0.6234887 0 -0.7818324 -0.2225221 0 -0.9749277 -0.2225221 0 -0.9749277 0.2225221 0 -0.9749277 0.2225221 0 -0.9749277 0.6234887 0 -0.7818324 0.6234887 0 -0.7818324 0.9009691 0 -0.4338832 0.9009691 0 -0.4338832 1 0 0 1 0 0 0.9009687 0 0.4338841 0.9009687 0 0.4338841 0.6234902 0 0.7818313 0.6234902 0 0.7818313 0.2225198 0 0.9749282 0.2225198 0 0.9749282 0.9972056 0 -0.07470566 0.9985316 -0.01593565 0.0517773 0.9841307 0 0.1774452 0.9083175 0 0.4182814 0.8481357 -0.01593595 0.5295392 0.7745953 0 0.6324573 0.591497 0 0.8063073 0.48491 -0.01593577 0.8744188 0.3706856 0 0.9287584 0.1262423 0 0.9919994 0 -0.01593536 0.9998731 -0.1262423 0 0.9919994 -0.3706856 0 0.9287584 -0.48491 -0.01593577 0.8744188 -0.591497 0 0.8063073 -0.7745953 0 0.6324573 -0.8481357 -0.01593595 0.5295392 -0.9972056 0 -0.07470566 -0.9985316 -0.01593565 0.0517773 -0.9841307 0 0.1774452 -0.9083175 0 0.4182814 -0.9886184 0 -0.1504451 -0.9948852 0.01012712 -0.1005039 -0.9886184 0 0.1504451 -0.9948852 0.01012712 0.1005039 -0.9987333 0 0.05031824 -0.9987333 0 -0.05031824 -0.9972056 0 0.07470566 -0.9985316 -0.01593565 -0.05177718 -0.9841309 0 -0.1774443 -0.9083167 0 -0.4182834 -0.8481354 -0.01593565 -0.5295398 -0.7745962 0 -0.6324561 -0.591497 0 -0.8063073 -0.48491 -0.01593577 -0.8744188 -0.3706856 0 -0.9287584 -0.1262447 0 -0.9919991 0 -0.01593565 -0.9998731 0.1262447 0 -0.9919991 0.3706856 0 -0.9287584 0.48491 -0.01593577 -0.8744188 0.591497 0 -0.8063073 0.7745962 0 -0.6324561 0.8481354 -0.01593565 -0.5295398 0.9972056 0 0.07470566 0.9985316 -0.01593565 -0.05177718 0.9841309 0 -0.1774443 0.9083167 0 -0.4182834 0.9886184 0 0.1504451 0.9948852 0.01012712 0.1005039 0.9886184 0 -0.1504451 0.9948852 0.01012712 -0.1005039 0.9987333 0 -0.05031824 0.9987333 0 0.05031824 0 -1 0 0 -1 0 0 -1 0 0 -1 0 0 -1 0 0 -1 0 0 -1 0 0 -1 0 0 -1 0 0 -1 0 0 -1 0 0 -1 0 0 -1 0 0 -1 0 0 -1 0 0 -1 0 0 -1 0 0 -1 0 0 -1 0 0 -1 0 0 -1 0 0 -1 0 0 -1 0 0 -1 0 0 -1 0 0 -1 0 0 -1 0 0 -1 0 0 -1 0 0 -1 0 0.9637413 -0.2568854 0.0721988 0.9637413 -0.2568855 0.07219868 0.951105 -0.2568858 -0.17149 0.9511054 -0.2568852 -0.1714897 0.8778354 -0.2568849 -0.4042464 0.8778352 -0.2568852 -0.4042465 0.7486029 -0.2568852 -0.6112313 0.7486019 -0.2568868 -0.6112319 0.5716455 -0.2568871 -0.77925 0.5716476 -0.2568842 -0.7792493 0.3582465 -0.2568841 -0.8975913 0.3582463 -0.2568843 -0.8975912 0.1220089 -0.2568842 -0.9587098 0.1220082 -0.2568852 -0.9587095 -0.1220088 -0.2568852 -0.9587095 -0.1220082 -0.2568842 -0.9587098 -0.3582464 -0.2568843 -0.8975912 -0.3582463 -0.2568841 -0.8975913 -0.571646 -0.2568843 -0.7792505 -0.5716472 -0.2568872 -0.7792487 -0.7486026 -0.2568868 -0.611231 -0.7486023 -0.2568852 -0.6112321 -0.8778353 -0.2568852 -0.4042463 -0.8778353 -0.2568849 -0.4042466 -0.9511052 -0.2568852 -0.1714901 -0.9511051 -0.2568858 -0.1714896 -0.9637412 -0.2568855 0.0721988 -0.9637413 -0.2568854 0.07219868 0.7079572 -0.7042611 0.05303663 0.7079573 -0.7042611 0.05303668 0.6986749 -0.7042611 -0.1259753 0.6986748 -0.7042611 -0.1259753 0.6448512 -0.7042612 -0.2969566 0.6448516 -0.7042608 -0.2969565 0.5499186 -0.7042608 -0.4490059 0.5499181 -0.7042612 -0.4490059 0.4199259 -0.7042613 -0.5724319 0.4199272 -0.7042602 -0.5724322 0.2631667 -0.7042602 -0.659364 0.2631648 -0.7042617 -0.6593631 0.08962547 -0.7042617 -0.7042604 0.08962684 -0.7042603 -0.7042617 -0.08962565 -0.7042604 -0.7042618 -0.08962666 -0.7042618 -0.7042602 -0.2631661 -0.7042616 -0.6593627 -0.2631654 -0.7042601 -0.6593646 -0.4199265 -0.7042603 -0.5724326 -0.4199267 -0.7042613 -0.5724314 -0.5499183 -0.7042611 -0.4490057 -0.5499184 -0.7042608 -0.4490061 -0.6448515 -0.7042608 -0.2969567 -0.6448512 -0.7042613 -0.2969563 -0.6986748 -0.7042611 -0.1259753 -0.6986749 -0.7042611 -0.1259753 -0.7079573 -0.704261 0.05303663 -0.7079572 -0.7042611 0.05303668 0.2600362 -0.9654024 0.01948058 0.2600361 -0.9654024 0.01948058 0.2566266 -0.9654024 -0.04627138 0.2566267 -0.9654024 -0.04627132 0.2368571 -0.9654023 -0.1090736 0.2368571 -0.9654024 -0.1090736 0.2019878 -0.9654023 -0.1649221 0.2019878 -0.9654023 -0.164922 0.1542411 -0.9654023 -0.2102571 0.1542409 -0.9654024 -0.2102571 0.0966618 -0.9654024 -0.2421875 0.09666258 -0.9654021 -0.2421882 0.03292024 -0.9654021 -0.2586794 0.03291994 -0.9654023 -0.258679 -0.03292024 -0.9654022 -0.2586789 -0.03292 -0.9654021 -0.2586795 -0.0966621 -0.9654021 -0.2421883 -0.09666222 -0.9654024 -0.2421873 -0.1542409 -0.9654024 -0.2102569 -0.154241 -0.9654023 -0.2102572 -0.2019878 -0.9654023 -0.1649221 -0.2019878 -0.9654023 -0.1649221 -0.2368571 -0.9654023 -0.1090736 -0.2368571 -0.9654024 -0.1090736 -0.2566267 -0.9654024 -0.04627138 -0.2566266 -0.9654024 -0.04627132 -0.2600362 -0.9654024 0.01948058 -0.2600362 -0.9654023 0.01948058 0.2561758 -0.9658437 0.03898411 0.2561758 -0.9658438 0.03898411 0.2587969 -0.9658437 0.01303869 0.2587968 -0.9658437 0.01303863 0.2587968 -0.9658438 -0.01303869 0.2587969 -0.9658437 -0.01303863 0.2561758 -0.9658437 -0.03898411 0.2561758 -0.9658438 -0.03898411 0.6995016 -0.7066587 0.1064481 0.6995017 -0.7066584 0.1064482 0.7066586 -0.7066585 0.03560286 0.7066585 -0.7066585 0.03560286 0.7066585 -0.7066585 -0.03560286 0.7066586 -0.7066585 -0.03560286 0.6995017 -0.7066584 -0.1064481 0.6995015 -0.7066586 -0.1064482 0.955013 -0.258513 0.1453312 0.955013 -0.258513 0.1453311 0.964784 -0.2585131 0.04860782 0.964784 -0.2585133 0.04860776 0.964784 -0.2585133 -0.04860782 0.9647841 -0.2585132 -0.04860776 0.955013 -0.258513 -0.1453312 0.955013 -0.2585129 -0.1453311 -0.2561758 -0.9658437 -0.03898411 -0.2561758 -0.9658438 -0.03898411 -0.2587969 -0.9658437 -0.01303869 -0.2587968 -0.9658437 -0.01303863 -0.2587968 -0.9658438 0.01303869 -0.2587969 -0.9658437 0.01303863 -0.2561758 -0.9658437 0.03898411 -0.2561758 -0.9658438 0.03898411 -0.6995016 -0.7066587 -0.1064481 -0.6995017 -0.7066584 -0.1064482 -0.7066586 -0.7066585 -0.03560286 -0.7066585 -0.7066585 -0.03560286 -0.7066585 -0.7066585 0.03560286 -0.7066586 -0.7066585 0.03560286 -0.6995017 -0.7066584 0.1064481 -0.6995015 -0.7066586 0.1064482 -0.955013 -0.258513 -0.1453312 -0.955013 -0.258513 -0.1453311 -0.964784 -0.2585131 -0.04860782 -0.964784 -0.2585133 -0.04860776 -0.964784 -0.2585133 0.04860782 -0.9647841 -0.2585132 0.04860776 -0.955013 -0.258513 0.1453312 -0.955013 -0.2585129 0.1453311 -0.9637413 -0.2568854 -0.0721988 -0.9637413 -0.2568855 -0.07219868 -0.951105 -0.2568858 0.1714904 -0.951105 -0.2568858 0.1714904 -0.877835 -0.2568863 0.4042462 -0.8778364 -0.2568838 0.4042448 -0.7486043 -0.2568832 0.6112305 -0.7486006 -0.256889 0.6112326 -0.5716436 -0.2568898 0.7792505 -0.5716476 -0.2568842 0.7792493 -0.3582465 -0.2568841 0.8975913 -0.3582463 -0.2568843 0.8975912 -0.1220089 -0.2568842 0.9587098 -0.1220057 -0.2568886 0.958709 0.1220087 -0.2568885 0.9587087 0.1220059 -0.2568841 0.9587101 0.3582464 -0.2568843 0.8975912 0.3582463 -0.2568841 0.8975913 0.5716445 -0.2568843 0.7792516 0.5716467 -0.2568899 0.7792481 0.7486031 -0.2568888 0.6112295 0.7486017 -0.256883 0.6112337 0.8778356 -0.2568838 0.4042465 0.8778358 -0.2568864 0.4042446 0.951105 -0.2568858 0.1714904 0.951105 -0.2568858 0.1714904 0.9637412 -0.2568855 -0.0721988 0.9637413 -0.2568854 -0.07219868 -0.7079572 -0.7042611 -0.05303663 -0.7079573 -0.7042611 -0.05303668 -0.6986749 -0.7042611 0.1259753 -0.6986744 -0.7042615 0.1259756 -0.6448503 -0.7042619 0.2969568 -0.6448516 -0.7042608 0.2969565 -0.5499186 -0.7042608 0.4490059 -0.5499197 -0.7042599 0.4490059 -0.4199268 -0.7042598 0.5724331 -0.4199261 -0.7042603 0.572433 -0.2631679 -0.7042603 0.6593635 -0.2631642 -0.7042634 0.6593616 -0.0896238 -0.7042635 0.7042589 -0.08962684 -0.7042603 0.7042617 0.08962416 -0.7042605 0.7042618 0.08962643 -0.7042636 0.7042584 0.2631669 -0.7042632 0.6593607 0.2631654 -0.7042601 0.6593646 0.4199265 -0.7042603 0.5724326 0.4199265 -0.7042597 0.5724334 0.5499192 -0.70426 0.4490064 0.549919 -0.7042609 0.4490053 0.6448512 -0.7042609 0.2969573 0.6448505 -0.704262 0.296956 0.6986745 -0.7042616 0.1259752 0.6986748 -0.704261 0.1259756 0.7079573 -0.704261 -0.05303663 0.7079572 -0.7042611 -0.05303668 -0.2600362 -0.9654024 -0.01948058 -0.2600361 -0.9654024 -0.01948058 -0.2566266 -0.9654024 0.04627138 -0.2566267 -0.9654024 0.04627132 -0.2368571 -0.9654023 0.1090736 -0.2368566 -0.9654025 0.1090737 -0.2019873 -0.9654025 0.1649217 -0.2019873 -0.9654024 0.1649217 -0.1542406 -0.9654026 0.2102565 -0.1542404 -0.9654026 0.2102565 -0.0966615 -0.9654026 0.2421867 -0.09666311 -0.9654021 0.242188 -0.03292024 -0.9654021 0.2586794 -0.03291928 -0.9654024 0.258678 0.03292012 -0.9654026 0.2586781 0.03291946 -0.9654021 0.2586796 0.0966621 -0.9654021 0.2421883 0.0966624 -0.9654026 0.2421863 0.1542405 -0.9654026 0.2102564 0.1542406 -0.9654025 0.2102566 0.2019873 -0.9654025 0.1649217 0.2019873 -0.9654024 0.1649217 0.2368568 -0.9654025 0.1090735 0.236857 -0.9654023 0.1090739 0.2566267 -0.9654024 0.04627138 0.2566266 -0.9654024 0.04627132 0.2600362 -0.9654024 -0.01948058 0.2600362 -0.9654023 -0.01948058 0.9872333 0 -0.1592807 0.9872333 0 -0.1592807 0.9285338 0 -0.3712479 0.9285338 0 -0.3712479 0.8249154 0 -0.5652562 0.8249154 0 -0.5652562 0.681392 0 -0.7319186 0.681392 0 -0.7319186 0.6830492 0 -0.7303724 0.6830492 0 -0.7303724 0.8287408 0 -0.5596325 0.8287408 0 -0.5596325 0.9326823 0 -0.360699 0.9326823 0 -0.360699 0.9896367 0 -0.1435944 0.9896367 0 -0.1435944 0.9967349 0 0.08074432 0.9967349 0 0.08074432 0.9536193 0 0.3010155 0.9536193 0 0.3010155 0.8624619 0 0.5061221 0.8624619 0 0.5061221 0.7278554 0 0.6857308 0.7278554 0 0.6857308 0.5565816 0 0.830793 0.5565816 0 0.830793 0.3572656 0 0.9340028 0.3572656 0 0.9340028 0.1399554 0 0.9901579 0.1399554 0 0.9901579 -0.06083035 0 0.9981482 -0.06083035 0 0.9981482 -0.2362501 0 0.9716923 -0.2362501 0 0.9716923 -0.4042379 0 0.9146539 -0.4042379 0 0.9146539 -0.5595009 0 0.8288297 -0.5595009 0 0.8288297 -0.6971552 0 0.7169203 -0.6971552 0 0.7169203 -0.8128687 0 0.5824469 -0.8128687 0 0.5824469 -0.9029989 0 0.4296427 -0.9029989 0 0.4296427 -0.9647097 0 0.2633159 -0.9647097 0 0.2633159 -0.9960582 0 0.08870273 -0.9960582 0 0.08870273 -1 0 0 -1 0 0 -0.9510565 0 -0.309017 -0.9510565 0 -0.309017 0 -1 0 0 -1 0 0 -1 0 0 -1 0 0 -1 0 0 -1 0 0 -1 0 0 -1 0 0 -1 0 0 -1 0 0 -1 0 0 -1 0 0 -1 0 0 -1 0 0 -1 0 0 -1 0 0 -1 0 0 -1 0 0 -1 0 0 -1 0 0 -1 0 0 -1 0 0 -1 0 0 -1 0 0 -1 0 0 -1 0 0 -1 0 0 -1 0 0 -1 0 0 -1 0 0 -1 0 0 -1 0 0 -1 0 0 -1 0 0 -1 0 0 -1 0 0 -1 0 0 -1 0 0 -1 0 0 -1 0 0 -1 0 0 -1 0 0 -1 0 -0.2588192 0 -0.9659258 -0.2588192 0 -0.9659258 -0.7071068 0 -0.7071068 -0.7071068 0 -0.7071068 -0.9659258 0 -0.2588192 -0.9659258 0 -0.2588192 -0.9659259 0 0.2588188 -0.9659259 0 0.2588188 -0.7071068 0 0.7071068 -0.7071068 0 0.7071068 -0.2588192 0 0.9659258 -0.2588192 0 0.9659258 0.2588192 0 0.9659258 0.2588192 0 0.9659258 0.7071068 0 0.7071068 0.7071068 0 0.7071068 0.9659259 0 0.2588188 0.9659259 0 0.2588188 0.9659258 0 -0.2588192 0.9659258 0 -0.2588192 0.7071068 0 -0.7071068 0.7071068 0 -0.7071068 0.2588192 0 -0.9659258 0.2588192 0 -0.9659258 0 1 0 0 1 0 0 1 0 0 1 0 0 1 0 0 1 0 0 1 0 0 1 0 0 1 0 0 1 0 0 1 0 0 1 0 0 1 0 0 1 0 0 1 0 0 1 0 0 1 0 0 1 0 0 1 0 0 1 0 0 1 0 0 1 0 0 1 0 0 1 0 0 1 0 0 1 0 0 1 0 0 1 0 0 -1 0 0 -1 0 0 -1 0 0 -1 0 0 -1 0 0 -1 0 0 -1 0 0 -1 0 0 -1 0 0 -1 0 0 -1 0 0 -1 0 0 -1 0 0 -1 0 0 -1 0 0 -1 0 0 -1 0 0 -1 0 0 -1 0 0 -1 0 0 -1 0 0 -1 0 0 -1 0 0 -1 0 0 -1 0 0 -1 0 0 -1 0 0 -1 0 0 -1 0 0 -1 0 0 -1 0 0.2091474 -0.1950109 0.9582422 -0.02400869 -0.9805028 0.1950334 0.02400869 -0.9805028 0.1950332 0.0705924 -0.9805027 0.183388 0.1129611 -0.9805029 0.1607916 0.1461778 -0.980574 0.1307923 -0.9980065 1.30131e-5 0.06311124 -0.979021 -0.054901 0.1962236 -0.9708097 -0.1471508 0.1894072 -0.8322712 -0.5085545 0.2206734 -0.8241306 -0.5095597 0.2473007 -0.9431691 -0.1753395 0.2822908 -0.9564056 -0.2410346 0.1648957 -0.9586223 -0.2230945 0.1768391 -0.9335828 -0.1949794 0.3006766 -0.8753778 -0.1936839 0.4429451 -0.7190358 -0.5921244 0.3638353 -0.5149173 -0.8126351 0.2729181 -0.4328464 -0.8773176 0.2072627 -0.140508 -0.9825832 0.1216056 -0.1461778 -0.980574 0.1307923 0.8313247 -0.4967984 0.24918 0.8253665 -0.5170475 0.2267862 0.1551121 -0.9812945 0.1140236 0.4818963 -0.8308873 0.2782125 0.4694718 -0.8485915 0.2439032 0.726333 -0.5543159 0.4064165 0.7005143 -0.619383 0.3544635 0.9695372 -0.1571203 0.1879118 0.9637175 -0.1957627 0.1814542 0.9599317 -0.2180549 0.1760203 0.9803661 -0.01651436 0.1964932 0.9789503 -0.05849736 0.1955364 0.9755383 -0.1055082 0.1928552 -0.1129623 -0.9805024 0.1607933 -0.1129606 -0.9805029 0.1607919 -0.07059204 -0.9805029 0.1833872 -0.2256538 -0.9711881 0.07664138 -0.3702603 -0.8215938 0.4334638 -0.4222702 -0.8295329 0.3654628 -0.4222722 -0.8295315 0.3654636 -0.3210303 -0.8295314 0.4569652 -0.32103 -0.8295317 0.456965 -0.536715 -0.7941619 0.2850332 -0.7356357 -0.5535305 0.3904408 -0.6301583 -0.5526828 0.5453826 -0.6301566 -0.5526853 0.5453823 -0.4790733 -0.5526856 0.6819291 -0.4790762 -0.5526814 0.6819307 0.9575071 -0.2325538 0.1705844 0.9563802 -0.2412539 0.1647225 0.9381558 -0.1690251 0.3021494 0.9387782 -0.194836 0.284138 0.8753777 -0.1936839 0.4429451 0.8753777 -0.1936838 0.4429451 0.7989012 -0.1950171 0.5689686 0.140508 -0.9825832 0.1216056 0.4222717 -0.8295316 0.365464 0.4222706 -0.8295329 0.3654623 0.6301572 -0.5526852 0.5453817 0.6301578 -0.5526828 0.5453833 0.7418186 -0.1936809 0.6420225 0.7340047 -0.09808796 0.6720237 0.4891816 -0.194995 0.8501049 0.1129618 -0.9805025 0.1607937 0.3210301 -0.8295316 0.4569649 0.3210301 -0.8295315 0.4569652 0.4790749 -0.5526815 0.6819314 0.4790745 -0.5526857 0.6819283 0.5711555 -0.1131986 0.812999 0.5894654 -0.194323 0.7840721 0.07059228 -0.9805029 0.1833871 0.2006204 -0.8295325 0.5211788 0.2006205 -0.8295316 0.5211802 0.2993872 -0.5526811 0.7777602 0.2993872 -0.5526813 0.7777602 0.3524361 -0.1936889 0.9155727 0.3524355 -0.1936861 0.9155735 0.02400869 -0.9805027 0.1950334 0.06823134 -0.8295326 0.5542744 0.06823134 -0.8295326 0.5542745 0.1018224 -0.5526794 0.8271504 0.1018228 -0.552681 0.8271492 0.119865 -0.1936889 0.973713 0.09188741 -0.09058725 0.9916404 -0.2091474 -0.1950109 0.9582422 -0.02400863 -0.9805027 0.1950332 -0.06823134 -0.8295326 0.5542744 -0.06823128 -0.8295326 0.5542743 -0.1018223 -0.552681 0.8271493 -0.101823 -0.5526794 0.8271503 -0.1213418 -0.1168385 0.9857104 -0.09050846 -0.1942948 0.9767588 -0.07059258 -0.9805026 0.1833879 -0.2006208 -0.8295316 0.5211799 -0.20062 -0.8295325 0.5211789 -0.2993872 -0.5526812 0.7777602 -0.2993872 -0.552681 0.7777602 -0.3524363 -0.1936861 0.9155732 -0.3524353 -0.1936889 0.915573 -0.8753778 -0.1936839 0.4429451 -0.7989012 -0.1950171 0.5689686 -0.7506056 -0.1207288 0.6496274 -0.7235125 -0.1942489 0.6624175 -0.5639654 -0.1936802 0.8027645 -0.5988434 -0.08307176 0.7965461 -0.4891816 -0.194995 0.8501049</float_array>
          <technique_common>
            <accessor source="#lpb2-mesh-normals-array" count="956" stride="3">
              <param name="X" type="float"/>
              <param name="Y" type="float"/>
              <param name="Z" type="float"/>
            </accessor>
          </technique_common>
        </source>
        <source id="lpb2-mesh-map-0">
          <float_array id="lpb2-mesh-map-0-array" count="5736">0.1065648 0.9055888 0.1075664 0.8983349 0.1072657 0.908708 0.1007311 0.8882113 0.09995085 0.8861837 0.1017605 0.8873719 0.1017605 0.8873719 0.09995085 0.8861837 0.1013967 0.8853678 0.1017605 0.8873719 0.1013967 0.8853678 0.1030521 0.8870624 0.1030521 0.8870624 0.1013967 0.8853678 0.1030306 0.885073 0.1030521 0.8870624 0.1030306 0.885073 0.1043503 0.8873439 0.1018187 0.8927492 0.09905141 0.9025871 0.1007714 0.8919324 0.1007714 0.8919324 0.09905141 0.9025871 0.09829747 0.8928907 0.1007714 0.8919324 0.09829747 0.8928907 0.1001821 0.8907421 0.1001821 0.8907421 0.09829747 0.8928907 0.09814417 0.890626 0.1001821 0.8907421 0.09814417 0.890626 0.1001678 0.8894141 0.1001678 0.8894141 0.09814417 0.890626 0.09822863 0.888968 0.1001678 0.8894141 0.09822863 0.888968 0.1007311 0.8882113 0.1007311 0.8882113 0.09822863 0.888968 0.09885412 0.8874301 0.1007311 0.8882113 0.09885412 0.8874301 0.09995085 0.8861837 0.09929895 0.923606 0.1017323 0.9136871 0.1025132 0.913989 0.1061408 0.9124955 0.107436 0.9197846 0.1056183 0.9131497 0.1056183 0.9131497 0.107436 0.9197846 0.1049486 0.9136523 0.1061408 0.9124955 0.1064828 0.9117313 0.107436 0.9197846 0.107436 0.9197846 0.1064828 0.9117313 0.1066224 0.9109058 0.107436 0.9197846 0.1066224 0.9109058 0.1072657 0.908708 0.1065648 0.9055888 0.1064073 0.9047664 0.1075664 0.8983349 0.1075664 0.8983349 0.1064073 0.9047664 0.1060489 0.9040098 0.1075664 0.8983349 0.1060489 0.9040098 0.1055123 0.9033671 0.1048319 0.9028792 0.1040509 0.9025773 0.1044085 0.8927212 0.1044085 0.8927212 0.1040509 0.9025773 0.1031168 0.8930308 0.1031168 0.8930308 0.1040509 0.9025773 0.1032192 0.9024806 0.1031168 0.8930308 0.1032192 0.9024806 0.1018187 0.8927492 0.1004233 0.9040707 0.1000814 0.904835 0.09905141 0.9025871 0.09999936 0.9109775 0.1001568 0.9117998 0.0993883 0.9127547 0.0993883 0.9127547 0.1001568 0.9117998 0.1005153 0.9125565 0.0993883 0.9127547 0.1005153 0.9125565 0.09929895 0.923606 0.09929895 0.923606 0.1005153 0.9125565 0.1010518 0.9131992 0.09929895 0.923606 0.1010518 0.9131992 0.1017323 0.9136871 0.1009463 0.9267666 0.09987717 0.9275351 0.1025132 0.913989 0.1025132 0.913989 0.09987717 0.9275351 0.09912616 0.9283929 0.1025132 0.913989 0.09912616 0.9283929 0.09929895 0.923606 0.1049486 0.9136523 0.107436 0.9197846 0.1041743 0.913971 0.1041743 0.913971 0.107436 0.9197846 0.1078727 0.9282982 0.1041743 0.913971 0.1078727 0.9282982 0.1071032 0.9274569 0.1055123 0.9033671 0.1048319 0.9028792 0.1075664 0.8983349 0.1075664 0.8983349 0.1048319 0.9028792 0.1044085 0.8927212 0.1075664 0.8983349 0.1044085 0.8927212 0.107932 0.8927864 0.107932 0.8927864 0.1044085 0.8927212 0.1054379 0.8918819 0.107932 0.8927864 0.1054379 0.8918819 0.1080363 0.8905189 0.1080363 0.8905189 0.1054379 0.8918819 0.1060013 0.8906791 0.1080363 0.8905189 0.1060013 0.8906791 0.1079159 0.8888631 0.1079159 0.8888631 0.1060013 0.8906791 0.1059869 0.889351 0.1079159 0.8888631 0.1059869 0.889351 0.1072573 0.8873391 0.1072573 0.8873391 0.1059869 0.889351 0.1053977 0.8881607 0.1072573 0.8873391 0.1053977 0.8881607 0.1061338 0.8861168 0.1061338 0.8861168 0.1053977 0.8881607 0.1043503 0.8873439 0.1061338 0.8861168 0.1043503 0.8873439 0.1046705 0.8853322 0.1046705 0.8853322 0.1043503 0.8873439 0.1030306 0.885073 0.1071032 0.9274569 0.1060177 0.9267117 0.1041743 0.913971 0.1041743 0.913971 0.1060177 0.9267117 0.1047837 0.926252 0.1041743 0.913971 0.1047837 0.926252 0.1033449 0.9140857 0.1033449 0.9140857 0.1047837 0.926252 0.1034751 0.9261053 0.1033449 0.9140857 0.1034751 0.9261053 0.1025132 0.913989 0.1025132 0.913989 0.1034751 0.9261053 0.10217 0.9262803 0.1025132 0.913989 0.10217 0.9262803 0.1009463 0.9267666 0.1066224 0.9109058 0.1065508 0.9100716 0.1072657 0.908708 0.1072657 0.908708 0.1065508 0.9100716 0.1064029 0.9091659 0.1072657 0.908708 0.1064029 0.9091659 0.1063468 0.90825 0.1032192 0.9024806 0.1023898 0.9025953 0.1018187 0.8927492 0.1018187 0.8927492 0.1023898 0.9025953 0.1016156 0.9029141 0.1018187 0.8927492 0.1016156 0.9029141 0.09905141 0.9025871 0.09905141 0.9025871 0.1016156 0.9029141 0.1009458 0.9034165 0.09905141 0.9025871 0.1009458 0.9034165 0.1004233 0.9040707 0.1063468 0.90825 0.106383 0.907333 0.1072657 0.908708 0.1072657 0.908708 0.106383 0.907333 0.1065113 0.9064243 0.1072657 0.908708 0.1065113 0.9064243 0.1065648 0.9055888 0.1000814 0.904835 0.09994179 0.9056605 0.09905141 0.9025871 0.09905141 0.9025871 0.09994179 0.9056605 0.1000133 0.9064947 0.09905141 0.9025871 0.1000133 0.9064947 0.0993883 0.9127547 0.0993883 0.9127547 0.1000133 0.9064947 0.1001612 0.9074004 0.0993883 0.9127547 0.1001612 0.9074004 0.1002173 0.9083164 0.1002173 0.9083164 0.1001811 0.9092333 0.0993883 0.9127547 0.0993883 0.9127547 0.1001811 0.9092333 0.1000528 0.910142 0.0993883 0.9127547 0.1000528 0.910142 0.09999936 0.9109775 0.05281537 0.9477427 0.05281537 0.9527036 0.05234712 0.9477383 0.05234712 0.9477383 0.05281537 0.9527036 0.05234712 0.9526993 0.05234712 0.9477383 0.05234712 0.9526993 0.05197149 0.9477174 0.05197149 0.9477174 0.05234712 0.9526993 0.05197149 0.9526783 0.05325078 0.9526899 0.05325078 0.9477269 0.05370151 0.9526805 0.05370151 0.9526805 0.05325078 0.9477269 0.05370151 0.9477174 0.05370151 0.9526805 0.05370151 0.9477174 0.05416202 0.9526875 0.05416202 0.9526875 0.05370151 0.9477174 0.05416202 0.9477244 0.05416202 0.9526875 0.05416202 0.9477244 0.05450892 0.952709 0.05450892 0.952709 0.05416202 0.9477244 0.05450892 0.9477458 0.04939645 0.9526981 0.04939645 0.9477294 0.04980039 0.9526867 0.04980039 0.9526867 0.04939645 0.9477294 0.04980039 0.9477179 0.04980039 0.9526867 0.04980039 0.9477179 0.05027234 0.9526863 0.05027234 0.9526863 0.04980039 0.9477179 0.05027234 0.9477174 0.05027234 0.9526863 0.05027234 0.9477174 0.05068588 0.9526969 0.05068588 0.9526969 0.05027234 0.9477174 0.05068588 0.947728 0.05197149 0.9477253 0.05197149 0.952685 0.0515452 0.9477408 0.0515452 0.9477408 0.05197149 0.952685 0.0515452 0.9527005 0.0515452 0.9477408 0.0515452 0.9527005 0.05107462 0.9477379 0.05107462 0.9477379 0.0515452 0.9527005 0.05107462 0.9526976 0.05107462 0.9477379 0.05107462 0.9526976 0.05068582 0.9477174 0.05068582 0.9477174 0.05107462 0.9526976 0.05068588 0.9526771 0.05325078 0.9477294 0.05325078 0.9526903 0.05281537 0.9477427 0.05281537 0.9477427 0.05325078 0.9526903 0.05281537 0.9527036 0.1093688 0.8972992 0.1085417 0.8973147 0.1084992 0.8956636 0.1093688 0.8972992 0.1084992 0.8956636 0.1093263 0.895648 0.1093263 0.895648 0.1084992 0.8956636 0.1084238 0.8941606 0.1093263 0.895648 0.1084238 0.8941606 0.1092508 0.894145 0.1099655 0.9490593 0.1091387 0.9490612 0.1092143 0.9477949 0.1099655 0.9490593 0.1092143 0.9477949 0.110041 0.9477929 0.110041 0.9477929 0.1092143 0.9477949 0.1092543 0.9462458 0.110041 0.9477929 0.1092543 0.9462458 0.1100811 0.9462438 0.1100811 0.9462438 0.1092543 0.9462458 0.1092543 0.9445864 0.1100811 0.9462438 0.1092543 0.9445864 0.1100811 0.9445844 0.1100811 0.9445844 0.1092543 0.9445864 0.1092143 0.9430016 0.1100811 0.9445844 0.1092143 0.9430016 0.110041 0.9429996 0.110041 0.9429996 0.1092143 0.9430016 0.1091387 0.9416679 0.110041 0.9429996 0.1091387 0.9416679 0.1099655 0.9416659 0.1120744 0.885073 0.1129009 0.8850858 0.1128125 0.8865 0.1120744 0.885073 0.1128125 0.8865 0.1119859 0.8864871 0.1119859 0.8864871 0.1128125 0.8865 0.1127601 0.8881215 0.1119859 0.8864871 0.1127601 0.8881215 0.1119336 0.8881086 0.1119336 0.8881086 0.1127601 0.8881215 0.1127497 0.8897698 0.1119336 0.8881086 0.1127497 0.8897698 0.1119232 0.8897569 0.1127497 0.8897698 0.1127564 0.8919757 0.1119232 0.8897569 0.1119232 0.8897569 0.1127564 0.8919757 0.1119298 0.8919628 0.1093961 0.9381714 0.1102231 0.9381558 0.1102318 0.9386203 0.1102396 0.939616 0.1110666 0.9396004 0.1110631 0.9402337 0.1127207 0.9296638 0.1127228 0.9294166 0.1135494 0.9294295 0.1127197 0.9299094 0.1127207 0.9296638 0.1139602 0.9303818 0.1139602 0.9303818 0.1127207 0.9296638 0.1135494 0.9294295 0.1139602 0.9303818 0.1135494 0.9294295 0.1139748 0.9287129 0.1093901 0.937924 0.1093961 0.9381714 0.1081642 0.9386593 0.1081642 0.9386593 0.1093961 0.9381714 0.1102318 0.9386203 0.1081642 0.9386593 0.1102318 0.9386203 0.1081686 0.9402883 0.1081686 0.9402883 0.1102318 0.9386203 0.1102396 0.939616 0.1080363 0.9355313 0.1084498 0.9355235 0.1084641 0.9357246 0.1080363 0.9355313 0.1084641 0.9357246 0.1081181 0.9369989 0.1093833 0.937678 0.1093901 0.937924 0.1085563 0.9376936 0.1085563 0.9376936 0.1093901 0.937924 0.1081642 0.9386593 0.1085563 0.9376936 0.1081642 0.9386593 0.1085316 0.936991 0.1085316 0.936991 0.1081642 0.9386593 0.1081181 0.9369989 0.1085316 0.936991 0.1081181 0.9369989 0.1085188 0.936697 0.1085188 0.936697 0.1081181 0.9369989 0.1084641 0.9357246 0.1084497 0.9485743 0.1080363 0.9485757 0.1084876 0.9479127 0.1084876 0.9479127 0.1080363 0.9485757 0.1081009 0.9471967 0.1084876 0.9479127 0.1081009 0.9471967 0.1085143 0.9471952 0.1081235 0.9455668 0.1085369 0.9455654 0.1085363 0.9458388 0.1081235 0.9455668 0.1085363 0.9458388 0.1081009 0.9471967 0.1081009 0.9471967 0.1085363 0.9458388 0.1085215 0.946923 0.1081009 0.9471967 0.1085215 0.946923 0.1085143 0.9471952 0.1085369 0.9455654 0.1081235 0.9455668 0.1085312 0.9447247 0.1085312 0.9447247 0.1081235 0.9455668 0.1081009 0.9439064 0.1085312 0.9447247 0.1081009 0.9439064 0.1085143 0.9439049 0.1080363 0.9424397 0.1084497 0.9424381 0.1084637 0.9426708 0.1080363 0.9424397 0.1084637 0.9426708 0.1081009 0.9439064 0.1081009 0.9439064 0.1084637 0.9426708 0.1085065 0.9436472 0.1081009 0.9439064 0.1085065 0.9436472 0.1085143 0.9439049 0.1140353 0.9271031 0.113622 0.9270966 0.1141335 0.9257697 0.1141335 0.9257697 0.113622 0.9270966 0.1136683 0.9263674 0.1141335 0.9257697 0.1136683 0.9263674 0.1137202 0.9257633 0.1135494 0.9294295 0.1135615 0.9287064 0.1139748 0.9287129 0.1139748 0.9287129 0.1135615 0.9287064 0.1135694 0.9283957 0.1139748 0.9287129 0.1135694 0.9283957 0.1140353 0.9271031 0.1140353 0.9271031 0.1135694 0.9283957 0.1136102 0.9273273 0.1140353 0.9271031 0.1136102 0.9273273 0.113622 0.9270966 0.1102396 0.939616 0.1110631 0.9402337 0.1081686 0.9402883 0.1081686 0.9402883 0.1110631 0.9402337 0.111025 0.9416114 0.1081686 0.9402883 0.111025 0.9416114 0.1081304 0.9416659 0.106883 0.9459806 0.1039845 0.9459673 0.1039315 0.9448443 0.106883 0.9459806 0.1039315 0.9448443 0.10683 0.9448575 0.10683 0.9448575 0.1039315 0.9448443 0.1039031 0.9433477 0.10683 0.9448575 0.1039031 0.9433477 0.1068015 0.9433609 0.1068015 0.9433609 0.1039031 0.9433477 0.1039031 0.94168 0.1068015 0.9433609 0.1039031 0.94168 0.1068015 0.9416932 0.1068015 0.9416932 0.1039031 0.94168 0.1039315 0.9400661 0.1068015 0.9416932 0.1039315 0.9400661 0.10683 0.9400793 0.10683 0.9400793 0.1039315 0.9400661 0.1039845 0.9387242 0.10683 0.9400793 0.1039845 0.9387242 0.106883 0.9387374 0.1139937 0.9318844 0.1111008 0.9318392 0.1110674 0.9303367 0.1139937 0.9318844 0.1110674 0.9303367 0.1139602 0.9303818 0.1139602 0.9303818 0.1110674 0.9303367 0.1110666 0.9298836 0.1139602 0.9303818 0.1110666 0.9298836 0.1127197 0.9299094 0.1099377 0.9265665 0.108869 0.9155171 0.109696 0.9155015 0.109696 0.9155015 0.108869 0.9155171 0.1086731 0.9051406 0.109696 0.9155015 0.1086731 0.9051406 0.1095001 0.9051251 0.1095001 0.9051251 0.1086731 0.9051406 0.108582 0.8995841 0.1095001 0.9051251 0.108582 0.8995841 0.109409 0.8995686 0.1093961 0.9381714 0.1093897 0.9379248 0.1102231 0.9381558 0.1102231 0.9381558 0.1093897 0.9379248 0.1093833 0.937678 0.1102231 0.9381558 0.1093833 0.937678 0.1099377 0.9265665 0.1085563 0.9376936 0.1085737 0.9376899 0.1093833 0.937678 0.1093833 0.937678 0.1085737 0.9376899 0.1085944 0.9376771 0.1093833 0.937678 0.1085944 0.9376771 0.1086383 0.9376243 0.1086383 0.9376243 0.1087753 0.9373468 0.1093833 0.937678 0.1093833 0.937678 0.1087753 0.9373468 0.1088579 0.9371453 0.1093833 0.937678 0.1088579 0.9371453 0.1090479 0.9366165 0.1090479 0.9366165 0.1091083 0.9364213 0.1093833 0.937678 0.1093833 0.937678 0.1091083 0.9364213 0.1091169 0.936392 0.1093833 0.937678 0.1091169 0.936392 0.1091744 0.9361804 0.1091744 0.9361804 0.1093001 0.9354894 0.1093833 0.937678 0.1093833 0.937678 0.1093001 0.9354894 0.1093169 0.9350775 0.1093833 0.937678 0.1093169 0.9350775 0.1099377 0.9265665 0.1099377 0.9265665 0.1093169 0.9350775 0.1091107 0.926582 0.1099377 0.9265665 0.1091107 0.926582 0.108869 0.9155171 0.108582 0.8995841 0.1085417 0.8973147 0.109409 0.8995686 0.109409 0.8995686 0.1085417 0.8973147 0.1093688 0.8972992 0.05565762 0.9009591 0.0552957 0.9022372 0.04198282 0.8962566 0.04198282 0.8962566 0.04332321 0.893474 0.05565762 0.9009591 0.05565762 0.9009591 0.04332321 0.893474 0.04513418 0.890972 0.05565762 0.9009591 0.04513418 0.890972 0.05653816 0.8999647 0.06453216 0.9139848 0.06605803 0.9240437 0.06273704 0.9185491 0.04513418 0.890972 0.04735875 0.8888295 0.05653816 0.8999647 0.05653816 0.8999647 0.04735875 0.8888295 0.04992699 0.8871137 0.05653816 0.8999647 0.04992699 0.8871137 0.05776298 0.8994509 0.05776298 0.8994509 0.04992699 0.8871137 0.05275797 0.8858787 0.05776298 0.8994509 0.05275797 0.8858787 0.05576264 0.8851634 0.04157727 0.9079716 0.04112571 0.9053851 0.05978864 0.9164772 0.05978864 0.9164772 0.04112571 0.9053851 0.04086649 0.9023074 0.05978864 0.9164772 0.05552411 0.9035456 0.06066447 0.9160706 0.06066447 0.9160706 0.05552411 0.9035456 0.0562976 0.9046254 0.0552957 0.9022372 0.05552411 0.9035456 0.04198282 0.8962566 0.04198282 0.8962566 0.05552411 0.9035456 0.05978864 0.9164772 0.04198282 0.8962566 0.05978864 0.9164772 0.04115521 0.8992323 0.04115521 0.8992323 0.05978864 0.9164772 0.04086649 0.9023074 0.06986999 0.8957186 0.06995022 0.8985087 0.06940615 0.9012463 0.05914771 0.9182289 0.05955427 0.9191047 0.06489193 0.9402855 0.06489193 0.9402855 0.05955427 0.9191047 0.06034427 0.9196599 0.06489193 0.9402855 0.06034427 0.9196599 0.06621837 0.940354 0.06621837 0.940354 0.06034427 0.9196599 0.06130605 0.9197457 0.06621837 0.940354 0.06130605 0.9197457 0.06738382 0.9409912 0.06738382 0.9409912 0.06130605 0.9197457 0.06815737 0.942071 0.06489193 0.9402855 0.06366705 0.9407994 0.05914771 0.9182289 0.05914771 0.9182289 0.06366705 0.9407994 0.04157727 0.9079716 0.05914771 0.9182289 0.04157727 0.9079716 0.05923348 0.9172672 0.05923348 0.9172672 0.04157727 0.9079716 0.05978864 0.9164772 0.06366705 0.9407994 0.06278651 0.9417938 0.04157727 0.9079716 0.04157727 0.9079716 0.06278651 0.9417938 0.0624246 0.9430718 0.04157727 0.9079716 0.0624246 0.9430718 0.06137555 0.9453595 0.06137555 0.9453595 0.0624246 0.9430718 0.062653 0.9443803 0.06137555 0.9453595 0.062653 0.9443803 0.06173384 0.9459298 0.06940615 0.9012463 0.06826519 0.9037937 0.06986999 0.8957186 0.06986999 0.8957186 0.06826519 0.9037937 0.06658482 0.9060224 0.06986999 0.8957186 0.06658482 0.9060224 0.06548374 0.9074759 0.06025487 0.9001565 0.05908948 0.8995193 0.06607842 0.8884107 0.05576264 0.8851634 0.05855232 0.885073 0.05776298 0.8994509 0.05776298 0.8994509 0.05855232 0.885073 0.06129199 0.885607 0.05776298 0.8994509 0.06129199 0.885607 0.05908948 0.8995193 0.05908948 0.8995193 0.06129199 0.885607 0.06384354 0.8867385 0.05908948 0.8995193 0.06384354 0.8867385 0.06607842 0.8884107 0.06273704 0.9185491 0.06282281 0.9175873 0.06453216 0.9139848 0.06453216 0.9139848 0.06282281 0.9175873 0.06241625 0.9167116 0.06453216 0.9139848 0.06241625 0.9167116 0.06437492 0.9127426 0.06437492 0.9127426 0.06241625 0.9167116 0.06162619 0.9161564 0.06437492 0.9127426 0.06162619 0.9161564 0.06435143 0.9109193 0.06435143 0.9109193 0.06162619 0.9161564 0.06472712 0.9091349 0.06173384 0.9459298 0.062653 0.9443803 0.06295859 0.9470734 0.06295859 0.9470734 0.062653 0.9443803 0.06342655 0.94546 0.06295859 0.9470734 0.06342655 0.94546 0.0645138 0.9476974 0.0645138 0.9476974 0.06342655 0.94546 0.064592 0.9460973 0.0645138 0.9476974 0.064592 0.9460973 0.0661894 0.9477174 0.0661894 0.9477174 0.064592 0.9460973 0.0659185 0.9461657 0.0661894 0.9477174 0.0659185 0.9461657 0.06775903 0.9471308 0.06775903 0.9471308 0.0659185 0.9461657 0.06714332 0.9456518 0.06775903 0.9471308 0.06714332 0.9456518 0.06901085 0.9460168 0.06901085 0.9460168 0.06714332 0.9456518 0.06802386 0.9446575 0.06901085 0.9460168 0.06802386 0.9446575 0.06977564 0.9445258 0.0562976 0.9046254 0.05746304 0.9052626 0.06066447 0.9160706 0.06066447 0.9160706 0.05746304 0.9052626 0.05878955 0.905331 0.06066447 0.9160706 0.05878955 0.905331 0.06162619 0.9161564 0.06162619 0.9161564 0.05878955 0.905331 0.06001436 0.9048172 0.06977564 0.9445258 0.06802386 0.9446575 0.06995022 0.9428592 0.06995022 0.9428592 0.06802386 0.9446575 0.06838577 0.9433794 0.06995022 0.9428592 0.06838577 0.9433794 0.0698893 0.9423987 0.0698893 0.9423987 0.06838577 0.9433794 0.06815737 0.942071 0.0698893 0.9423987 0.06815737 0.942071 0.06812793 0.9346969 0.06812793 0.9346969 0.06815737 0.942071 0.06130605 0.9197457 0.06812793 0.9346969 0.06130605 0.9197457 0.06605803 0.9240437 0.06605803 0.9240437 0.06130605 0.9197457 0.06218183 0.9193391 0.06605803 0.9240437 0.06218183 0.9193391 0.06273704 0.9185491 0.06001436 0.9048172 0.06089496 0.9038228 0.06162619 0.9161564 0.06162619 0.9161564 0.06089496 0.9038228 0.06986999 0.8957186 0.06162619 0.9161564 0.06986999 0.8957186 0.06472712 0.9091349 0.06472712 0.9091349 0.06986999 0.8957186 0.06548374 0.9074759 0.06089496 0.9038228 0.06125688 0.9025447 0.06986999 0.8957186 0.06986999 0.8957186 0.06125688 0.9025447 0.06102842 0.9012363 0.06986999 0.8957186 0.06102842 0.9012363 0.06916952 0.8930167 0.06916952 0.8930167 0.06102842 0.9012363 0.06025487 0.9001565 0.06916952 0.8930167 0.06025487 0.9001565 0.06788402 0.8905392 0.06788402 0.8905392 0.06025487 0.9001565 0.06607842 0.8884107 0.113538 0.9294279 0.1135494 0.9294295 0.1127228 0.9294166 0.113538 0.9294279 0.1127228 0.9294166 0.1135199 0.9294196 0.113431 0.9293031 0.1134641 0.9293578 0.1127228 0.9294166 0.1127228 0.9294166 0.1134641 0.9293578 0.1135005 0.9294038 0.1127228 0.9294166 0.1135005 0.9294038 0.1135199 0.9294196 0.1128108 0.9275314 0.1129438 0.9280655 0.1127228 0.9294166 0.1127228 0.9294166 0.1129438 0.9280655 0.113107 0.9285508 0.1127228 0.9294166 0.113107 0.9285508 0.113233 0.9288726 0.113233 0.9288726 0.113323 0.929082 0.1127228 0.9294166 0.1127228 0.9294166 0.113323 0.929082 0.113386 0.9292169 0.1127228 0.9294166 0.113386 0.9292169 0.113431 0.9293031 0.1127387 0.9268223 0.1128108 0.9275314 0.1111103 0.9220498 0.1111103 0.9220498 0.1128108 0.9275314 0.1127228 0.9294166 0.1111103 0.9220498 0.1127228 0.9294166 0.1110666 0.9298836 0.1110666 0.9298836 0.1127228 0.9294166 0.1127212 0.9296631 0.1110666 0.9298836 0.1127212 0.9296631 0.1127197 0.9299094 0.1127387 0.9268223 0.1111103 0.9220498 0.1127633 0.9220755 0.1127633 0.9220755 0.1111103 0.9220498 0.1111424 0.9113407 0.1127633 0.9220755 0.1111424 0.9113407 0.1127954 0.9113665 0.1127954 0.9113665 0.1111424 0.9113407 0.1111397 0.9013778 0.1127954 0.9113665 0.1111397 0.9013778 0.1127927 0.9014036 0.1119298 0.8919628 0.1127564 0.8919757 0.1119635 0.9001711 0.1119635 0.9001711 0.1127564 0.8919757 0.1127927 0.9014036 0.1119635 0.9001711 0.1127927 0.9014036 0.1111369 0.9001582 0.1111369 0.9001582 0.1127927 0.9014036 0.1111397 0.9013778 0.06485944 0.950181 0.06320589 0.950192 0.06485944 0.9488582 0.06485944 0.9488582 0.06320589 0.950192 0.06320589 0.948869 0.06485944 0.9488582 0.06320589 0.948869 0.06490182 0.9477174 0.06490182 0.9477174 0.06320589 0.948869 0.06324821 0.9477283 0.04433667 0.9523056 0.0426824 0.9523263 0.04428011 0.9511336 0.04428011 0.9511336 0.0426824 0.9523263 0.0426259 0.9511542 0.04428011 0.9511336 0.0426259 0.9511542 0.04425996 0.9498066 0.04425996 0.9498066 0.0426259 0.9511542 0.04260575 0.9498272 0.04425996 0.9498066 0.04260575 0.9498272 0.04428011 0.9485873 0.04428011 0.9485873 0.04260575 0.9498272 0.0426259 0.9486081 0.04428011 0.9485873 0.0426259 0.9486081 0.04433667 0.9477174 0.04433667 0.9477174 0.0426259 0.9486081 0.0426824 0.9477381 0.05450892 0.9477174 0.05616515 0.947722 0.05453592 0.948879 0.05453592 0.948879 0.05616515 0.947722 0.05619215 0.9488834 0.05453592 0.948879 0.05619215 0.9488834 0.05453592 0.9502051 0.05453592 0.9502051 0.05619215 0.9488834 0.05619215 0.9502095 0.05453592 0.9502051 0.05619215 0.9502095 0.05450892 0.951433 0.05450892 0.951433 0.05619215 0.9502095 0.05616515 0.9514374 0.04086649 0.9477228 0.04251974 0.9477174 0.04092991 0.948795 0.04092991 0.948795 0.04251974 0.9477174 0.0425831 0.9487896 0.04092991 0.948795 0.0425831 0.9487896 0.0409525 0.9501011 0.0409525 0.9501011 0.0425831 0.9487896 0.04260575 0.9500958 0.0409525 0.9501011 0.04260575 0.9500958 0.04092991 0.9513825 0.04092991 0.9513825 0.04260575 0.9500958 0.0425831 0.9513773 0.04092991 0.9513825 0.0425831 0.9513773 0.04086649 0.9523854 0.04086649 0.9523854 0.0425831 0.9513773 0.04251974 0.9523802 0.06490182 0.9514243 0.06324821 0.9514351 0.06485944 0.950181 0.06485944 0.950181 0.06324821 0.9514351 0.06320589 0.950192 0.1067969 0.9484441 0.1039031 0.9484632 0.1067969 0.9471212 0.1067969 0.9471212 0.1039031 0.9484632 0.1039031 0.9471402 0.1067969 0.9471212 0.1039031 0.9471402 0.1068392 0.9459806 0.1068392 0.9459806 0.1039031 0.9471402 0.1039454 0.9459995 0.09814417 0.94845 0.09524923 0.9484861 0.09808766 0.9472779 0.09808766 0.9472779 0.09524923 0.9484861 0.09519279 0.9473142 0.09808766 0.9472779 0.09519279 0.9473142 0.09806752 0.9459509 0.09806752 0.9459509 0.09519279 0.9473142 0.09517258 0.9459871 0.09806752 0.9459509 0.09517258 0.9459871 0.09808766 0.9447317 0.09808766 0.9447317 0.09517258 0.9459871 0.09519279 0.9447678 0.09808766 0.9447317 0.09519279 0.9447678 0.09814417 0.9438617 0.09814417 0.9438617 0.09519279 0.9447678 0.09524923 0.943898 0.09116911 0.9474653 0.09406757 0.9474732 0.09119611 0.9486269 0.09119611 0.9486269 0.09406757 0.9474732 0.09409457 0.9486348 0.09119611 0.9486269 0.09409457 0.9486348 0.09119611 0.949953 0.09119611 0.949953 0.09409457 0.9486348 0.09409457 0.9499608 0.09119611 0.949953 0.09409457 0.9499608 0.09116911 0.9511808 0.09116911 0.9511808 0.09409457 0.9499608 0.09406757 0.9511887 0.08818995 0.9438711 0.0910831 0.9438617 0.08825331 0.9449433 0.08825331 0.9449433 0.0910831 0.9438617 0.09114646 0.944934 0.08825331 0.9449433 0.09114646 0.944934 0.08827596 0.9462495 0.08827596 0.9462495 0.09114646 0.944934 0.09116911 0.9462401 0.08827596 0.9462495 0.09116911 0.9462401 0.08825331 0.9475309 0.08825331 0.9475309 0.09116911 0.9462401 0.09114646 0.9475216 0.08825331 0.9475309 0.09114646 0.9475216 0.08818995 0.9485338 0.08818995 0.9485338 0.09114646 0.9475216 0.0910831 0.9485245 0.1068392 0.9496874 0.1039454 0.9497064 0.1067969 0.9484441 0.1067969 0.9484441 0.1039454 0.9497064 0.1039031 0.9484632 0.07070565 0.9468014 0.0706979 0.946194 0.07566523 0.9468375 0.07566523 0.9468375 0.0706979 0.946194 0.07566183 0.9456022 0.0706979 0.946194 0.07070225 0.9455661 0.07566183 0.9456022 0.07566183 0.9456022 0.07070225 0.9455661 0.07071852 0.9449576 0.07566183 0.9456022 0.07071852 0.9449576 0.07570523 0.9444435 0.07071852 0.9449576 0.07074564 0.9444074 0.07570523 0.9444435 0.07570523 0.9444435 0.07074564 0.9444074 0.07078188 0.9439505 0.08479666 0.9496628 0.08518815 0.9446648 0.08579438 0.9495962 0.08518815 0.9446648 0.08573448 0.9446356 0.08579438 0.9495962 0.08579438 0.9495962 0.08573448 0.9446356 0.08634096 0.9446164 0.08579438 0.9495962 0.08634096 0.9446164 0.08702874 0.949569 0.08634096 0.9446164 0.08696883 0.9446085 0.08702874 0.949569 0.08702874 0.949569 0.08696883 0.9446085 0.08757817 0.9446123 0.08702874 0.949569 0.08757817 0.9446123 0.08818995 0.9495881 0.08757817 0.9446123 0.08813005 0.9446275 0.08818995 0.9495881 0.09814417 0.9387932 0.1031072 0.9388065 0.1031338 0.9392768 0.09814417 0.9387932 0.1031338 0.9392768 0.09818845 0.9398229 0.1031558 0.9410769 0.09819275 0.9410635 0.1031589 0.9404492 0.1031589 0.9404492 0.09819275 0.9410635 0.09818845 0.9398229 0.1031589 0.9404492 0.09818845 0.9398229 0.1031515 0.9398362 0.1031515 0.9398362 0.09818845 0.9398229 0.1031338 0.9392768 0.09819275 0.9410635 0.1031558 0.9410769 0.1031457 0.9420719 0.09819275 0.9410635 0.1031457 0.9420719 0.09817928 0.9430597 0.1031558 0.9450531 0.09819275 0.9450398 0.1031457 0.9440701 0.1031457 0.9440701 0.09819275 0.9450398 0.09817928 0.9430597 0.1031457 0.9440701 0.09817928 0.9430597 0.1031423 0.943073 0.1031423 0.943073 0.09817928 0.9430597 0.1031457 0.9420719 0.1031558 0.9450531 0.1031589 0.9456769 0.09819275 0.9450398 0.09819275 0.9450398 0.1031589 0.9456769 0.09818845 0.9462856 0.1031589 0.9456769 0.1031515 0.9462989 0.09818845 0.9462856 0.09818845 0.9462856 0.1031515 0.9462989 0.1031338 0.9468793 0.09818845 0.9462856 0.1031338 0.9468793 0.09814417 0.9473679 0.1031338 0.9468793 0.1031072 0.9473813 0.09814417 0.9473679 0.09814417 0.9473679 0.1031072 0.9473813 0.1030732 0.9477726 0.08479666 0.9438617 0.08440697 0.9488534 0.08391827 0.9439019 0.08440697 0.9488534 0.08391153 0.9488707 0.08391827 0.9439019 0.08391827 0.9439019 0.08391153 0.9488707 0.08333528 0.9488816 0.08391827 0.9439019 0.08333528 0.9488816 0.08272159 0.9439164 0.08333528 0.9488816 0.08271485 0.9488853 0.08272159 0.9439164 0.08272159 0.9439164 0.08271485 0.9488853 0.0820899 0.9488816 0.08272159 0.9439164 0.0820899 0.9488816 0.0815069 0.9439019 0.0820899 0.9488816 0.08150017 0.9488707 0.0815069 0.9439019 0.0815069 0.9439019 0.08150017 0.9488707 0.08098334 0.9488534 0.0815069 0.9439019 0.08098334 0.9488534 0.08057898 0.9438617 0.07073235 0.9507152 0.07569193 0.9507513 0.07073301 0.9513396 0.07073301 0.9513396 0.07569193 0.9507513 0.07570523 0.9519633 0.07073301 0.9513396 0.07570523 0.9519633 0.07074564 0.9519272 0.07074564 0.9519272 0.07570523 0.9519633 0.0707696 0.9524407 0.07073235 0.9507152 0.07073724 0.9497146 0.07569193 0.9507513 0.07569193 0.9507513 0.07073724 0.9497146 0.07569396 0.948758 0.07070565 0.9468014 0.07566523 0.9468375 0.07072383 0.9477477 0.07072383 0.9477477 0.07566523 0.9468375 0.07569396 0.948758 0.07072383 0.9477477 0.07569396 0.948758 0.07073438 0.948722 0.07073438 0.948722 0.07569396 0.948758 0.07073724 0.9497146 0.0781421 0.9471814 0.07876509 0.9536511 0.07751917 0.9536511 0.07985466 0.9530468 0.07876509 0.9536511 0.08051449 0.9519901 0.08051449 0.9519901 0.07876509 0.9536511 0.0781421 0.9471814 0.08051449 0.9519901 0.0781421 0.9471814 0.08057898 0.9507459 0.08057898 0.9507459 0.0781421 0.9471814 0.07859808 0.9470592 0.08057898 0.9507459 0.07859808 0.9470592 0.08037799 0.9487563 0.08037799 0.9487563 0.07859808 0.9470592 0.07893192 0.9467254 0.08037799 0.9487563 0.07893192 0.9467254 0.08057898 0.9467669 0.08057898 0.9467669 0.07893192 0.9467254 0.07905405 0.9462694 0.08057898 0.9467669 0.07905405 0.9462694 0.08051449 0.9455227 0.08051449 0.9455227 0.07905405 0.9462694 0.07893192 0.9458135 0.08051449 0.9455227 0.07893192 0.9458135 0.07985466 0.9444659 0.07985466 0.9444659 0.07893192 0.9458135 0.07859808 0.9454798 0.07985466 0.9444659 0.07859808 0.9454798 0.07876509 0.9438617 0.07876509 0.9438617 0.07859808 0.9454798 0.0781421 0.9453576 0.07751917 0.9536511 0.0764296 0.9530468 0.0781421 0.9471814 0.0781421 0.9471814 0.0764296 0.9530468 0.07576972 0.9519901 0.0781421 0.9471814 0.07576972 0.9519901 0.07768613 0.9470592 0.07768613 0.9470592 0.07576972 0.9519901 0.07570523 0.9507459 0.07768613 0.9470592 0.07570523 0.9507459 0.07735234 0.9467254 0.07735234 0.9467254 0.07570523 0.9507459 0.07590621 0.9487563 0.07735234 0.9467254 0.07590621 0.9487563 0.07723015 0.9462694 0.07723015 0.9462694 0.07590621 0.9487563 0.07570523 0.9467669 0.07723015 0.9462694 0.07570523 0.9467669 0.07735234 0.9458135 0.07735234 0.9458135 0.07570523 0.9467669 0.07576972 0.9455227 0.07735234 0.9458135 0.07576972 0.9455227 0.07768613 0.9454798 0.07768613 0.9454798 0.07576972 0.9455227 0.0764296 0.9444659 0.07768613 0.9454798 0.0764296 0.9444659 0.0781421 0.9453576 0.0781421 0.9453576 0.0764296 0.9444659 0.07751917 0.9438617 0.0781421 0.9453576 0.07751917 0.9438617 0.07876509 0.9438617 0.07031059 0.9507101 0.07073235 0.9507152 0.07031124 0.9513623 0.07031124 0.9513623 0.07073235 0.9507152 0.07073301 0.9513396 0.07031124 0.9513623 0.07073301 0.9513396 0.07032448 0.9519762 0.07032448 0.9519762 0.07073301 0.9513396 0.07074564 0.9519272 0.07032448 0.9519762 0.07074564 0.9519272 0.07034945 0.9525126 0.07034945 0.9525126 0.07074564 0.9519272 0.0707696 0.9524407 0.08090865 0.9492712 0.08098334 0.9488534 0.08144855 0.9492893 0.08144855 0.9492893 0.08098334 0.9488534 0.08150017 0.9488707 0.08144855 0.9492893 0.08150017 0.9488707 0.08206462 0.9493007 0.08206462 0.9493007 0.08150017 0.9488707 0.0820899 0.9488816 0.08206462 0.9493007 0.0820899 0.9488816 0.08271753 0.9493046 0.08271753 0.9493046 0.0820899 0.9488816 0.08271485 0.9488853 0.08271753 0.9493046 0.08271485 0.9488853 0.08336561 0.9493007 0.08336561 0.9493007 0.08271485 0.9488853 0.08333528 0.9488816 0.08336561 0.9493007 0.08333528 0.9488816 0.08396762 0.9492893 0.08396762 0.9492893 0.08333528 0.9488816 0.08391153 0.9488707 0.08396762 0.9492893 0.08391153 0.9488707 0.08448517 0.9492712 0.08448517 0.9492712 0.08391153 0.9488707 0.08440697 0.9488534 0.1034904 0.9478686 0.1030732 0.9477726 0.1035259 0.9474598 0.1035259 0.9474598 0.1030732 0.9477726 0.1031072 0.9473813 0.1035259 0.9474598 0.1031072 0.9473813 0.1035537 0.9469354 0.1035537 0.9469354 0.1031072 0.9473813 0.1031338 0.9468793 0.1035537 0.9469354 0.1031338 0.9468793 0.1035721 0.9463291 0.1035721 0.9463291 0.1031338 0.9468793 0.1031515 0.9462989 0.1035721 0.9463291 0.1031515 0.9462989 0.1035799 0.9456794 0.1035799 0.9456794 0.1031515 0.9462989 0.1031589 0.9456769 0.1035799 0.9456794 0.1031589 0.9456769 0.1035767 0.9450277 0.1035767 0.9450277 0.1031589 0.9456769 0.1031558 0.9450531 0.06998491 0.9507018 0.07031059 0.9507101 0.06998556 0.9514303 0.06998556 0.9514303 0.07031059 0.9507101 0.07031124 0.9513623 0.06998556 0.9514303 0.07031124 0.9513623 0.07000041 0.9521159 0.07000041 0.9521159 0.07031124 0.9513623 0.07032448 0.9519762 0.1005508 0.9116725 0.1008393 0.9115819 0.1008645 0.9123345 0.1008645 0.9123345 0.1008393 0.9115819 0.1011201 0.9121747 0.1008645 0.9123345 0.1011201 0.9121747 0.101334 0.9128969 0.101334 0.9128969 0.1011201 0.9121747 0.1015405 0.9126783 0.08130872 0.9496049 0.08144855 0.9492893 0.08199673 0.9496175 0.08199673 0.9496175 0.08144855 0.9492893 0.08206462 0.9493007 0.08199673 0.9496175 0.08206462 0.9493007 0.08272588 0.9496219 0.08272588 0.9496219 0.08206462 0.9493007 0.08271753 0.9493046 0.08272588 0.9496219 0.08271753 0.9493046 0.08344966 0.9496175 0.08344966 0.9496175 0.08271753 0.9493046 0.08336561 0.9493007 0.1033405 0.9136726 0.1033371 0.9133729 0.1040661 0.9135722 0.1040661 0.9135722 0.1033371 0.9133729 0.103987 0.913283 0.1040661 0.9135722 0.103987 0.913283 0.1047436 0.9132933 0.1047436 0.9132933 0.103987 0.913283 0.1045936 0.9130333 0.1047436 0.9132933 0.1045936 0.9130333 0.1053296 0.9128536 0.1053296 0.9128536 0.1045936 0.9130333 0.1051183 0.9126395 0.1053296 0.9128536 0.1051183 0.9126395 0.1057868 0.9122812 0.1057868 0.9122812 0.1051183 0.9126395 0.1055277 0.912127 0.1038738 0.9470866 0.1035537 0.9469354 0.1038944 0.9464094 0.1038944 0.9464094 0.1035537 0.9469354 0.1035721 0.9463291 0.1038944 0.9464094 0.1035721 0.9463291 0.1039031 0.9456838 0.1039031 0.9456838 0.1035721 0.9463291 0.1035799 0.9456794 0.1039031 0.9456838 0.1035799 0.9456794 0.1038994 0.944956 0.1038994 0.944956 0.1035799 0.9456794 0.1035767 0.9450277 0.1000528 0.910142 0.1004598 0.9102218 0.09999936 0.9109775 0.09999936 0.9109775 0.1004598 0.9102218 0.100413 0.9109529 0.09999936 0.9109775 0.100413 0.9109529 0.1001568 0.9117998 0.1001568 0.9117998 0.100413 0.9109529 0.1005508 0.9116725 0.1001568 0.9117998 0.1005508 0.9116725 0.1005153 0.9125565 0.1005153 0.9125565 0.1005508 0.9116725 0.1008645 0.9123345 0.1005153 0.9125565 0.1008645 0.9123345 0.1010518 0.9131992 0.1010518 0.9131992 0.1008645 0.9123345 0.101334 0.9128969 0.1010518 0.9131992 0.101334 0.9128969 0.1017323 0.9136871 0.1017323 0.9136871 0.101334 0.9128969 0.1019294 0.9133238 0.1017323 0.9136871 0.1019294 0.9133238 0.1025132 0.913989 0.1025132 0.913989 0.1019294 0.9133238 0.1026127 0.9135879 0.1025132 0.913989 0.1026127 0.9135879 0.1033449 0.9140857 0.1033449 0.9140857 0.1026127 0.9135879 0.1033405 0.9136726 0.1033449 0.9140857 0.1033405 0.9136726 0.1041743 0.913971 0.1041743 0.913971 0.1033405 0.9136726 0.1040661 0.9135722 0.1041743 0.913971 0.1040661 0.9135722 0.1049486 0.9136523 0.1049486 0.9136523 0.1040661 0.9135722 0.1047436 0.9132933 0.1049486 0.9136523 0.1047436 0.9132933 0.1056183 0.9131497 0.1056183 0.9131497 0.1047436 0.9132933 0.1053296 0.9128536 0.1056183 0.9131497 0.1053296 0.9128536 0.1061408 0.9124955 0.1061408 0.9124955 0.1053296 0.9128536 0.1057868 0.9122812 0.1061408 0.9124955 0.1057868 0.9122812 0.1064828 0.9117313 0.1064828 0.9117313 0.1057868 0.9122812 0.106086 0.9116125 0.1064828 0.9117313 0.106086 0.9116125 0.1066224 0.9109058 0.1066224 0.9109058 0.106086 0.9116125 0.1062082 0.9108902 0.1066224 0.9109058 0.1062082 0.9108902 0.1065508 0.9100716 0.1065508 0.9100716 0.1062082 0.9108902 0.1061456 0.9101603 0.1004598 0.9102218 0.1000528 0.910142 0.1005939 0.9092718 0.1005939 0.9092718 0.1000528 0.910142 0.1001811 0.9092333 0.1005939 0.9092718 0.1001811 0.9092333 0.1006318 0.9083132 0.1006318 0.9083132 0.1001811 0.9092333 0.1002173 0.9083164 0.1006318 0.9083132 0.1002173 0.9083164 0.1005731 0.9073556 0.1005731 0.9073556 0.1002173 0.9083164 0.1001612 0.9074004 0.1005731 0.9073556 0.1001612 0.9074004 0.1004185 0.9064087 0.1004185 0.9064087 0.1001612 0.9074004 0.1000133 0.9064947 0.07031059 0.9507101 0.06998491 0.9507018 0.07031542 0.9497205 0.07031542 0.9497205 0.06998491 0.9507018 0.06998956 0.9497429 0.07031542 0.9497205 0.06998956 0.9497429 0.07031261 0.9487391 0.07031261 0.9487391 0.06998956 0.9497429 0.06998682 0.9487918 0.07031261 0.9487391 0.06998682 0.9487918 0.07030212 0.9477756 0.07030212 0.9477756 0.06998682 0.9487918 0.06997668 0.947858 0.07030212 0.9477756 0.06997668 0.947858 0.07028418 0.9468399 0.07028418 0.9468399 0.06997668 0.947858 0.06995928 0.9469512 0.07073235 0.9507152 0.07031059 0.9507101 0.07073724 0.9497146 0.07073724 0.9497146 0.07031059 0.9507101 0.07031542 0.9497205 0.07073724 0.9497146 0.07031542 0.9497205 0.07073438 0.948722 0.07073438 0.948722 0.07031542 0.9497205 0.07031261 0.9487391 0.07073438 0.948722 0.07031261 0.9487391 0.07072383 0.9477477 0.07072383 0.9477477 0.07031261 0.9487391 0.07030212 0.9477756 0.07072383 0.9477477 0.07030212 0.9477756 0.07070565 0.9468014 0.07070565 0.9468014 0.07030212 0.9477756 0.07028418 0.9468399 0.1061043 0.9063472 0.1065113 0.9064243 0.1059702 0.9072971 0.1059702 0.9072971 0.1065113 0.9064243 0.106383 0.907333 0.1059702 0.9072971 0.106383 0.907333 0.1059323 0.9082558 0.1059323 0.9082558 0.106383 0.907333 0.1063468 0.90825 0.1059323 0.9082558 0.1063468 0.90825 0.105991 0.9092134 0.105991 0.9092134 0.1063468 0.90825 0.1064029 0.9091659 0.105991 0.9092134 0.1064029 0.9091659 0.1061456 0.9101603 0.1061456 0.9101603 0.1064029 0.9091659 0.1065508 0.9100716 0.1035767 0.9410958 0.1038994 0.9411454 0.1035667 0.9420797 0.1035667 0.9420797 0.1038994 0.9411454 0.1038897 0.942099 0.1035667 0.9420797 0.1038897 0.942099 0.1035633 0.9430697 0.1035633 0.9430697 0.1038897 0.942099 0.1038865 0.9430584 0.1035633 0.9430697 0.1038865 0.9430584 0.1035667 0.9440557 0.1035667 0.9440557 0.1038865 0.9430584 0.1038897 0.944014 0.1035667 0.9440557 0.1038897 0.944014 0.1035767 0.9450277 0.1035767 0.9450277 0.1038897 0.944014 0.1038994 0.944956 0.1031558 0.9410769 0.1035767 0.9410958 0.1031457 0.9420719 0.1031457 0.9420719 0.1035767 0.9410958 0.1035667 0.9420797 0.1031457 0.9420719 0.1035667 0.9420797 0.1031423 0.943073 0.1031423 0.943073 0.1035667 0.9420797 0.1035633 0.9430697 0.1031423 0.943073 0.1035633 0.9430697 0.1031457 0.9440701 0.1031457 0.9440701 0.1035633 0.9430697 0.1035667 0.9440557 0.1031457 0.9440701 0.1035667 0.9440557 0.1031558 0.9450531 0.1031558 0.9450531 0.1035667 0.9440557 0.1035767 0.9450277 0.1035767 0.9410958 0.1031558 0.9410769 0.1035799 0.9404402 0.1035799 0.9404402 0.1031558 0.9410769 0.1031589 0.9404492 0.1035799 0.9404402 0.1031589 0.9404492 0.1035721 0.9397998 0.1035721 0.9397998 0.1031589 0.9404492 0.1031515 0.9398362 0.1035721 0.9397998 0.1031515 0.9398362 0.1035537 0.9392153 0.1035537 0.9392153 0.1031515 0.9398362 0.1031338 0.9392768 0.1035537 0.9392153 0.1031338 0.9392768 0.1035259 0.9387242 0.1035259 0.9387242 0.1031338 0.9392768 0.1031072 0.9388065 0.08818995 0.9442068 0.08813005 0.9446275 0.0876134 0.9441908 0.0876134 0.9441908 0.08813005 0.9446275 0.08757817 0.9446123 0.0876134 0.9441908 0.08757817 0.9446123 0.08697688 0.9441868 0.08697688 0.9441868 0.08757817 0.9446123 0.08696883 0.9446085 0.08697688 0.9441868 0.08696883 0.9446085 0.08632093 0.9441952 0.08632093 0.9441952 0.08696883 0.9446085 0.08634096 0.9446164 0.08632093 0.9441952 0.08634096 0.9446164 0.08568739 0.9442152 0.08568739 0.9442152 0.08634096 0.9446164 0.08573448 0.9446356 0.08568739 0.9442152 0.08573448 0.9446356 0.08511668 0.9442457 0.08511668 0.9442457 0.08573448 0.9446356 0.08518815 0.9446648 0.07036381 0.9438617 0.07078188 0.9439505 0.07032597 0.944339 0.07032597 0.944339 0.07078188 0.9439505 0.07074564 0.9444074 0.07032597 0.944339 0.07074564 0.9444074 0.07029759 0.9449138 0.07029759 0.9449138 0.07074564 0.9444074 0.07071852 0.9449576 0.07029759 0.9449138 0.07071852 0.9449576 0.07028061 0.9455494 0.07028061 0.9455494 0.07071852 0.9449576 0.07070225 0.9455661 0.07028061 0.9455494 0.07070225 0.9455661 0.07027608 0.9462054 0.07027608 0.9462054 0.07070225 0.9455661 0.0706979 0.946194 0.07027608 0.9462054 0.0706979 0.946194 0.07028418 0.9468399 0.07028418 0.9468399 0.0706979 0.946194 0.07070565 0.9468014 0.1038994 0.9411454 0.1035767 0.9410958 0.1039031 0.9404132 0.1039031 0.9404132 0.1035767 0.9410958 0.1035799 0.9404402 0.1039031 0.9404132 0.1035799 0.9404402 0.1038944 0.939698 0.1038944 0.939698 0.1035799 0.9404402 0.1035721 0.9397998 0.1060133 0.9048966 0.1057248 0.9049945 0.1056997 0.9042345 0.1056997 0.9042345 0.1057248 0.9049945 0.105444 0.9044017 0.1056997 0.9042345 0.105444 0.9044017 0.1052302 0.9036721 0.1052302 0.9036721 0.105444 0.9044017 0.1050236 0.9038981 0.1052302 0.9036721 0.1050236 0.9038981 0.1046348 0.9032452 0.1046348 0.9032452 0.1050236 0.9038981 0.1044905 0.9035158 0.08771967 0.9438661 0.0876134 0.9441908 0.08700877 0.9438617 0.08700877 0.9438617 0.0876134 0.9441908 0.08697688 0.9441868 0.08700877 0.9438617 0.08697688 0.9441868 0.08627623 0.943871 0.08627623 0.943871 0.08697688 0.9441868 0.08632093 0.9441952 0.08627623 0.943871 0.08632093 0.9441952 0.08556872 0.9438934 0.08556872 0.9438934 0.08632093 0.9441952 0.08568739 0.9442152 0.1024979 0.9029968 0.1025772 0.9032934 0.1018205 0.9032757 0.1018205 0.9032757 0.1025772 0.9032934 0.1019705 0.9035431 0.1018205 0.9032757 0.1019705 0.9035431 0.1012345 0.9037154 0.1012345 0.9037154 0.1019705 0.9035431 0.1014458 0.9039368 0.1012345 0.9037154 0.1014458 0.9039368 0.1007773 0.9042878 0.1007773 0.9042878 0.1014458 0.9039368 0.1010364 0.9044494 0.0699743 0.9448 0.07029759 0.9449138 0.06995528 0.9455099 0.06995528 0.9455099 0.07029759 0.9449138 0.07028061 0.9455494 0.06995528 0.9455099 0.07028061 0.9455494 0.06995022 0.9462425 0.06995022 0.9462425 0.07028061 0.9455494 0.07027608 0.9462054 0.06995022 0.9462425 0.07027608 0.9462054 0.06995928 0.9469512 0.06995928 0.9469512 0.07027608 0.9462054 0.07028418 0.9468399 0.1065113 0.9064243 0.1061043 0.9063472 0.1065648 0.9055888 0.1065648 0.9055888 0.1061043 0.9063472 0.1061511 0.9056161 0.1065648 0.9055888 0.1061511 0.9056161 0.1064073 0.9047664 0.1064073 0.9047664 0.1061511 0.9056161 0.1060133 0.9048966 0.1064073 0.9047664 0.1060133 0.9048966 0.1060489 0.9040098 0.1060489 0.9040098 0.1060133 0.9048966 0.1056997 0.9042345 0.1060489 0.9040098 0.1056997 0.9042345 0.1055123 0.9033671 0.1055123 0.9033671 0.1056997 0.9042345 0.1052302 0.9036721 0.1055123 0.9033671 0.1052302 0.9036721 0.1048319 0.9028792 0.1048319 0.9028792 0.1052302 0.9036721 0.1046348 0.9032452 0.1048319 0.9028792 0.1046348 0.9032452 0.1040509 0.9025773 0.1040509 0.9025773 0.1046348 0.9032452 0.1039514 0.9029811 0.1040509 0.9025773 0.1039514 0.9029811 0.1032192 0.9024806 0.1032192 0.9024806 0.1039514 0.9029811 0.1032237 0.9028964 0.1032192 0.9024806 0.1032237 0.9028964 0.1023898 0.9025953 0.1023898 0.9025953 0.1032237 0.9028964 0.1024979 0.9029968 0.1023898 0.9025953 0.1024979 0.9029968 0.1016156 0.9029141 0.1016156 0.9029141 0.1024979 0.9029968 0.1018205 0.9032757 0.1016156 0.9029141 0.1018205 0.9032757 0.1009458 0.9034165 0.1009458 0.9034165 0.1018205 0.9032757 0.1012345 0.9037154 0.1009458 0.9034165 0.1012345 0.9037154 0.1004233 0.9040707 0.1004233 0.9040707 0.1012345 0.9037154 0.1007773 0.9042878 0.1004233 0.9040707 0.1007773 0.9042878 0.1000814 0.904835 0.1000814 0.904835 0.1007773 0.9042878 0.1004781 0.9049565 0.1000814 0.904835 0.1004781 0.9049565 0.09994179 0.9056605 0.09994179 0.9056605 0.1004781 0.9049565 0.1003559 0.9056789 0.09994179 0.9056605 0.1003559 0.9056789 0.1000133 0.9064947 0.1000133 0.9064947 0.1003559 0.9056789 0.1004185 0.9064087 0.1119635 0.9001711 0.1111369 0.9001582 0.1119434 0.8984529 0.1119434 0.8984529 0.1111369 0.9001582 0.111117 0.89844 0.1119434 0.8984529 0.111117 0.89844 0.1118931 0.8969095 0.1118931 0.8969095 0.111117 0.89844 0.1110666 0.8968966 0.1080215 0.9373169 0.1071937 0.9373408 0.1080349 0.9359072 0.1080349 0.9359072 0.1071937 0.9373408 0.1072071 0.9359312 0.1080349 0.9359072 0.1072071 0.9359312 0.1080263 0.934279 0.1080263 0.934279 0.1072071 0.9359312 0.1071985 0.9343029 0.1080263 0.934279 0.1071985 0.9343029 0.1071856 0.9318135 0.1080263 0.934279 0.1071856 0.9318135 0.1080134 0.9317896 0.1080134 0.9317896 0.1071856 0.9318135 0.1072071 0.9296678 0.1080134 0.9317896 0.1072071 0.9296678 0.1080349 0.9296439 0.107918 0.9542608 0.1070914 0.9542616 0.1069776 0.951884 0.107918 0.9542608 0.1069776 0.951884 0.1078042 0.9518833 0.1078042 0.9518833 0.1069776 0.951884 0.106907 0.9492402 0.1078042 0.9518833 0.106907 0.9492402 0.1077336 0.9492395 0.1077336 0.9492395 0.106907 0.9492402 0.106883 0.9464634 0.1077336 0.9492395 0.106883 0.9464634 0.1077096 0.9464628 0.1077096 0.9464628 0.106883 0.9464634 0.106907 0.9436934 0.1077096 0.9464628 0.106907 0.9436934 0.1077336 0.9436928 0.1077336 0.9436928 0.106907 0.9436934 0.1069776 0.9410699 0.1077336 0.9436928 0.1069776 0.9410699 0.1078042 0.9410691 0.1078042 0.9410691 0.1069776 0.9410699 0.1070914 0.9387248 0.1078042 0.9410691 0.1070914 0.9387248 0.107918 0.9387242 0.1110666 0.931885 0.1118934 0.9318844 0.1120303 0.9339733 0.1110666 0.931885 0.1120303 0.9339733 0.1112035 0.9339739 0.1112035 0.9339739 0.1120303 0.9339733 0.11213 0.9364225 0.1112035 0.9339739 0.11213 0.9364225 0.1113032 0.9364231 0.1113032 0.9364231 0.11213 0.9364225 0.1121873 0.9391086 0.1113032 0.9364231 0.1121873 0.9391086 0.1113605 0.9391092 0.1113605 0.9391092 0.1121873 0.9391086 0.1122062 0.9421887 0.1113605 0.9391092 0.1122062 0.9421887 0.1113793 0.9421893 0.1113793 0.9421893 0.1122062 0.9421887 0.112185 0.9452608 0.1113793 0.9421893 0.112185 0.9452608 0.1113581 0.9452614 0.1113581 0.9452614 0.112185 0.9452608 0.1121243 0.9482281 0.1113581 0.9452614 0.1121243 0.9482281 0.1112974 0.9482286 0.1112974 0.9482286 0.1121243 0.9482281 0.112026 0.9509971 0.1112974 0.9482286 0.112026 0.9509971 0.1111992 0.9509977 0.1111992 0.9509977 0.112026 0.9509971 0.1118934 0.9534808 0.1111992 0.9509977 0.1118934 0.9534808 0.1110666 0.9534814 0.1096596 0.8850886 0.1104866 0.885073 0.1106598 0.8875066 0.1096596 0.8850886 0.1106598 0.8875066 0.1098328 0.8875222 0.1098328 0.8875222 0.1106598 0.8875066 0.1108077 0.8902378 0.1098328 0.8875222 0.1108077 0.8902378 0.1099807 0.8902534 0.1099807 0.8902534 0.1108077 0.8902378 0.1109257 0.8931807 0.1099807 0.8902534 0.1109257 0.8931807 0.1100987 0.8931964 0.1100987 0.8931964 0.1109257 0.8931807 0.1110101 0.8962426 0.1100987 0.8931964 0.1110101 0.8962426 0.1101831 0.8962584 0.1102396 0.8988812 0.1101831 0.8962584 0.1110666 0.8988656 0.1110666 0.8988656 0.1101831 0.8962584 0.1110101 0.8962426 0.1102396 0.939616 0.1102396 0.8988812 0.1110666 0.9396004 0.1110666 0.9396004 0.1102396 0.8988812 0.1110666 0.8988656 0.07053142 0.893506 0.07771539 0.8982033 0.07658255 0.8994168 0.0961557 0.9106525 0.06995022 0.9438617 0.07048374 0.9430053 0.09391486 0.8907834 0.08498477 0.8995728 0.08389759 0.8983179 0.08358055 0.885073 0.08245801 0.8974907 0.08082646 0.8971834 0.07918459 0.8974301 0.078076 0.8857584 0.08082646 0.8971834 0.08082646 0.8971834 0.078076 0.8857584 0.08078956 0.8851049 0.08082646 0.8971834 0.08078956 0.8851049 0.08358055 0.885073 0.07053142 0.893506 0.07170683 0.8909746 0.07771539 0.8982033 0.07771539 0.8982033 0.07170683 0.8909746 0.0734173 0.8887692 0.07771539 0.8982033 0.0734173 0.8887692 0.07918459 0.8974301 0.07918459 0.8974301 0.0734173 0.8887692 0.0755766 0.8870007 0.07918459 0.8974301 0.0755766 0.8870007 0.078076 0.8857584 0.07317489 0.9076282 0.0752477 0.9031061 0.07322317 0.9094509 0.07322317 0.9094509 0.0752477 0.9031061 0.07287186 0.91124 0.07591223 0.9009357 0.06999254 0.8990265 0.07658255 0.8994168 0.07658255 0.8994168 0.06999254 0.8990265 0.06995022 0.8962358 0.07658255 0.8994168 0.06995022 0.8962358 0.07053142 0.893506 0.09391486 0.8907834 0.09571737 0.8932914 0.08498477 0.8995728 0.08498477 0.8995728 0.09571737 0.8932914 0.09704828 0.8960784 0.08498477 0.8995728 0.09704828 0.8960784 0.0855984 0.9011154 0.08358055 0.885073 0.08630836 0.8856643 0.08245801 0.8974907 0.08245801 0.8974907 0.08630836 0.8856643 0.08913516 0.8869089 0.08245801 0.8974907 0.08913516 0.8869089 0.08389759 0.8983179 0.08389759 0.8983179 0.08913516 0.8869089 0.09169751 0.8886333 0.08389759 0.8983179 0.09169751 0.8886333 0.09391486 0.8907834 0.0741927 0.9314906 0.07798439 0.9210819 0.07066267 0.9425767 0.07066267 0.9425767 0.07798439 0.9210819 0.0819652 0.9114983 0.07317489 0.9076282 0.07272922 0.9058601 0.0752477 0.9031061 0.0752477 0.9031061 0.07272922 0.9058601 0.07190787 0.9042323 0.0752477 0.9031061 0.07190787 0.9042323 0.07591223 0.9009357 0.07591223 0.9009357 0.07190787 0.9042323 0.07065623 0.9017375 0.07591223 0.9009357 0.07065623 0.9017375 0.06999254 0.8990265 0.09704828 0.8960784 0.09786581 0.8990567 0.0855984 0.9011154 0.0855984 0.9011154 0.09786581 0.8990567 0.09814417 0.9021326 0.0855984 0.9011154 0.09814417 0.9021326 0.08567017 0.9027741 0.08567017 0.9027741 0.09814417 0.9021326 0.09787458 0.9052092 0.08567017 0.9027741 0.09787458 0.9052092 0.08519202 0.9043639 0.08519202 0.9043639 0.09787458 0.9052092 0.08428585 0.9064451 0.0819652 0.9114983 0.08428585 0.9064451 0.07066267 0.9425767 0.07066267 0.9425767 0.08428585 0.9064451 0.09787458 0.9052092 0.07066267 0.9425767 0.09787458 0.9052092 0.07048374 0.9430053 0.07048374 0.9430053 0.09787458 0.9052092 0.0970655 0.9081897 0.07048374 0.9430053 0.0970655 0.9081897 0.0961557 0.9106525 0.06994926 0.9485437 0.06746488 0.9485437 0.0699259 0.9477174 0.0699259 0.9477174 0.06746488 0.9485437 0.06744152 0.9477174 0.06495994 0.9477174 0.06744152 0.9477174 0.06491607 0.948427 0.06491607 0.948427 0.06744152 0.9477174 0.06739759 0.948427 0.06491607 0.948427 0.06739759 0.948427 0.06490182 0.949369 0.06490182 0.949369 0.06739759 0.948427 0.06738334 0.949369 0.06490182 0.949369 0.06738334 0.949369 0.06492108 0.9502909 0.06492108 0.9502909 0.06738334 0.949369 0.0674026 0.9502909 0.04691594 0.9477174 0.04939645 0.9477174 0.04687321 0.9484857 0.04687321 0.9484857 0.04939645 0.9477174 0.04935365 0.9484857 0.04687321 0.9484857 0.04935365 0.9484857 0.04686421 0.9494436 0.04686421 0.9494436 0.04935365 0.9484857 0.04934471 0.9494436 0.04686421 0.9494436 0.04934471 0.9494436 0.04689151 0.9503342 0.04689151 0.9503342 0.04934471 0.9494436 0.04937201 0.9503342 0.04681646 0.9503471 0.04433661 0.9503471 0.04685837 0.9495518 0.04685837 0.9495518 0.04433661 0.9503471 0.04437851 0.9495518 0.04685837 0.9495518 0.04437851 0.9495518 0.04686421 0.9485893 0.04686421 0.9485893 0.04437851 0.9495518 0.04438436 0.9485893 0.04686421 0.9485893 0.04438436 0.9485893 0.0468325 0.9477174 0.0468325 0.9477174 0.04438436 0.9485893 0.04435265 0.9477174 0.0699284 0.9503549 0.06744402 0.9503549 0.06995022 0.949509 0.06995022 0.949509 0.06744402 0.9503549 0.06746578 0.949509 0.06995022 0.949509 0.06746578 0.949509 0.06994926 0.9485437 0.06994926 0.9485437 0.06746578 0.949509 0.06746488 0.9485437 0.0938518 0.9454275 0.09477269 0.9451808 0.0938518 0.9458996 0.0938518 0.9458996 0.09477269 0.9451808 0.09477269 0.9461464 0.0938518 0.9458996 0.09477269 0.9461464 0.09361577 0.9463084 0.09361577 0.9463084 0.09477269 0.9461464 0.09428989 0.9469825 0.09361577 0.9463084 0.09428989 0.9469825 0.09320694 0.9465444 0.09320694 0.9465444 0.09428989 0.9469825 0.0934537 0.9474653 0.09320694 0.9465444 0.0934537 0.9474653 0.09273487 0.9465444 0.09273487 0.9465444 0.0934537 0.9474653 0.09248811 0.9474653 0.09273487 0.9465444 0.09248811 0.9474653 0.09232604 0.9463084 0.09232604 0.9463084 0.09248811 0.9474653 0.09165191 0.9469825 0.09232604 0.9463084 0.09165191 0.9469825 0.09209001 0.9458996 0.09209001 0.9458996 0.09165191 0.9469825 0.09116911 0.9461464 0.09209001 0.9458996 0.09116911 0.9461464 0.09209001 0.9454275 0.09209001 0.9454275 0.09116911 0.9461464 0.09116911 0.9451808 0.09209001 0.9454275 0.09116911 0.9451808 0.09232604 0.9450187 0.09232604 0.9450187 0.09116911 0.9451808 0.09165191 0.9443445 0.09232604 0.9450187 0.09165191 0.9443445 0.09273487 0.9447827 0.09273487 0.9447827 0.09165191 0.9443445 0.09248811 0.9438617 0.09273487 0.9447827 0.09248811 0.9438617 0.09320694 0.9447827 0.09320694 0.9447827 0.09248811 0.9438617 0.0934537 0.9438617 0.09320694 0.9447827 0.0934537 0.9438617 0.09361577 0.9450187 0.09361577 0.9450187 0.0934537 0.9438617 0.09428989 0.9443445 0.09361577 0.9450187 0.09428989 0.9443445 0.0938518 0.9454275 0.0938518 0.9454275 0.09428989 0.9443445 0.09477269 0.9451808 0.09477937 0.944358 0.09477269 0.9441099 0.09477955 0.9441099 0.09477955 0.9441099 0.09477269 0.9441099 0.09477955 0.9438617 0.09516572 0.9438617 0.09517258 0.9441099 0.09516572 0.9441099 0.09516572 0.9441099 0.09517258 0.9441099 0.09516596 0.944358 0.1029005 0.937162 0.102283 0.9387242 0.1015889 0.9369524 0.1015889 0.9369524 0.102283 0.9387242 0.1006713 0.9382655 0.1015889 0.9369524 0.1006713 0.9382655 0.1004981 0.9361945 0.1004981 0.9361945 0.1006713 0.9382655 0.09933418 0.9372556 0.1004981 0.9361945 0.09933418 0.9372556 0.09984421 0.9350383 0.09984421 0.9350383 0.09933418 0.9372556 0.09845203 0.9358308 0.09984421 0.9350383 0.09845203 0.9358308 0.09975665 0.9337131 0.1049092 0.9321736 0.1065803 0.931784 0.1055632 0.9333297 0.1055632 0.9333297 0.1065803 0.931784 0.1071856 0.9333465 0.1055632 0.9333297 0.1071856 0.9333465 0.1056507 0.934655 0.1056507 0.934655 0.1071856 0.9333465 0.1071856 0.9350222 0.1056507 0.934655 0.1071856 0.9350222 0.1051546 0.935887 0.1051546 0.935887 0.1071856 0.9350222 0.1065803 0.9365846 0.1051546 0.935887 0.1065803 0.9365846 0.1041731 0.9367818 0.1041731 0.9367818 0.1065803 0.9365846 0.1054514 0.9378228 0.1041731 0.9367818 0.1054514 0.9378228 0.1029005 0.937162 0.1029005 0.937162 0.1054514 0.9378228 0.1039515 0.9385697 0.1029005 0.937162 0.1039515 0.9385697 0.102283 0.9387242 0.09845203 0.9358308 0.09814417 0.9341837 0.09975665 0.9337131 0.09975665 0.9337131 0.09814417 0.9341837 0.09845203 0.9325366 0.09975665 0.9337131 0.09845203 0.9325366 0.1002527 0.932481 0.1002527 0.932481 0.09845203 0.9325366 0.09933418 0.931112 0.1002527 0.932481 0.09933418 0.931112 0.1012343 0.9315863 0.1012343 0.9315863 0.09933418 0.931112 0.1006713 0.9301023 0.1012343 0.9315863 0.1006713 0.9301023 0.1025068 0.931206 0.1025068 0.931206 0.1006713 0.9301023 0.102283 0.9296439 0.1025068 0.931206 0.102283 0.9296439 0.1038184 0.9314157 0.1038184 0.9314157 0.102283 0.9296439 0.1039515 0.9297986 0.1038184 0.9314157 0.1039515 0.9297986 0.1049092 0.9321736 0.1049092 0.9321736 0.1039515 0.9297986 0.1054514 0.9305456 0.1049092 0.9321736 0.1054514 0.9305456 0.1065803 0.931784 0.1085143 0.9439049 0.1085065 0.9436472 0.1088271 0.9436227 0.1034751 0.9261053 0.1047837 0.926252 0.1047101 0.9265614 0.10217 0.9262803 0.1034751 0.9261053 0.1034786 0.9264233 0.1009463 0.9267666 0.10217 0.9262803 0.1022503 0.9265879 0.09987717 0.9275351 0.1009463 0.9267666 0.1010987 0.9270456 0.09912616 0.9283929 0.09987717 0.9275351 0.1000924 0.927769 0.1085737 0.9376899 0.1085563 0.9376936 0.1085944 0.9376771 0.1085944 0.9376771 0.1085563 0.9376936 0.1085316 0.936991 0.1085944 0.9376771 0.1085316 0.936991 0.1086383 0.9376243 0.1091083 0.9364213 0.1090479 0.9366165 0.1088387 0.9366672 0.1088387 0.9366672 0.1090479 0.9366165 0.1088579 0.9371453 0.1088387 0.9366672 0.1088579 0.9371453 0.1085316 0.936991 0.1085316 0.936991 0.1088579 0.9371453 0.1087753 0.9373468 0.1085316 0.936991 0.1087753 0.9373468 0.1086383 0.9376243 0.1085316 0.936991 0.1085188 0.936697 0.1088387 0.9366672 0.1088387 0.9366672 0.1085188 0.936697 0.1087833 0.9356814 0.1088387 0.9366672 0.1087833 0.9356814 0.1091083 0.9364213 0.1079472 0.9294028 0.1079619 0.9296146 0.1074925 0.9287778 0.1079472 0.9294028 0.1074925 0.9287778 0.1079001 0.9287109 0.1077142 0.9286234 0.1068931 0.9276953 0.1078727 0.9282982 0.1078727 0.9282982 0.1068931 0.9276953 0.1071032 0.9274569 0.113233 0.9288726 0.113107 0.9285508 0.1132485 0.9283804 0.1132485 0.9283804 0.113107 0.9285508 0.1129438 0.9280655 0.09912616 0.9283929 0.09929168 0.9287146 0.09909391 0.9291066 0.09909391 0.9291066 0.09929168 0.9287146 0.09951663 0.9288643 0.09909391 0.9291066 0.09951663 0.9288643 0.09906864 0.9296439 0.1129438 0.9280655 0.1130102 0.9272214 0.1132898 0.9272972 0.1129438 0.9280655 0.1132898 0.9272972 0.1132485 0.9283804 0.1135005 0.9294038 0.1134641 0.9293578 0.1135615 0.9287064 0.1135615 0.9287064 0.1134641 0.9293578 0.113431 0.9293031 0.1135615 0.9287064 0.113431 0.9293031 0.113386 0.9292169 0.1135494 0.9294295 0.113538 0.9294279 0.1135615 0.9287064 0.1135615 0.9287064 0.113538 0.9294279 0.1135199 0.9294196 0.1135615 0.9287064 0.1135199 0.9294196 0.1135005 0.9294038 0.1071032 0.9274569 0.1068931 0.9276953 0.1060177 0.9267117 0.1060177 0.9267117 0.1068931 0.9276953 0.1058714 0.926994 0.1060177 0.9267117 0.1058714 0.926994 0.1047837 0.926252 0.1078727 0.9282982 0.1079001 0.9287109 0.1077142 0.9286234 0.1077142 0.9286234 0.1079001 0.9287109 0.1074925 0.9287778 0.1077142 0.9286234 0.1074925 0.9287778 0.1068931 0.9276953 0.1068931 0.9276953 0.1074925 0.9287778 0.1067149 0.9278989 0.1068931 0.9276953 0.1067149 0.9278989 0.1058714 0.926994 0.1058714 0.926994 0.1067149 0.9278989 0.1057474 0.9272348 0.1079619 0.9296146 0.1079639 0.9296439 0.1074925 0.9287778 0.1090593 0.9355701 0.1091083 0.9364213 0.1087833 0.9356814 0.1090338 0.9489281 0.1087564 0.9487947 0.1090874 0.9480476 0.1090874 0.9480476 0.1087564 0.9487947 0.1088079 0.9479472 0.1090874 0.9480476 0.1088079 0.9479472 0.1091231 0.9470053 0.1091231 0.9470053 0.1088079 0.9479472 0.1088423 0.9469438 0.113386 0.9292169 0.113323 0.929082 0.1135615 0.9287064 0.1135615 0.9287064 0.113323 0.929082 0.113233 0.9288726 0.1135615 0.9287064 0.113233 0.9288726 0.1135694 0.9283957 0.1135694 0.9283957 0.113233 0.9288726 0.1132485 0.9283804 0.1135694 0.9283957 0.1132485 0.9283804 0.1136102 0.9273273 0.1136102 0.9273273 0.1132485 0.9283804 0.1132898 0.9272972 0.1136102 0.9273273 0.1132898 0.9272972 0.113622 0.9270966 0.09912616 0.9283929 0.1000924 0.927769 0.09929168 0.9287146 0.09929168 0.9287146 0.1000924 0.927769 0.1002749 0.9279686 0.09929168 0.9287146 0.1002749 0.9279686 0.09951663 0.9288643 0.1130102 0.9272214 0.1130714 0.9262104 0.1133487 0.926324 0.1130102 0.9272214 0.1133487 0.926324 0.1132898 0.9272972 0.1132898 0.9272972 0.1133487 0.926324 0.1136683 0.9263674 0.1132898 0.9272972 0.1136683 0.9263674 0.113622 0.9270966 0.1087837 0.9426327 0.1084637 0.9426708 0.1084497 0.9424381 0.09987717 0.9275351 0.1010987 0.9270456 0.1000924 0.927769 0.1000924 0.927769 0.1010987 0.9270456 0.1012278 0.9272838 0.1000924 0.927769 0.1012278 0.9272838 0.1002749 0.9279686 0.1090007 0.9416659 0.1090622 0.9425266 0.1087837 0.9426327 0.1090007 0.9416659 0.1087837 0.9426327 0.1087245 0.9418043 0.1087245 0.9418043 0.1087837 0.9426327 0.1084497 0.9424381 0.1133487 0.926324 0.1137202 0.9257633 0.1136683 0.9263674 0.1009463 0.9267666 0.1022503 0.9265879 0.1010987 0.9270456 0.1010987 0.9270456 0.1022503 0.9265879 0.1023184 0.9268503 0.1010987 0.9270456 0.1023184 0.9268503 0.1012278 0.9272838 0.1090622 0.9425266 0.1091073 0.943555 0.1088271 0.9436227 0.1090622 0.9425266 0.1088271 0.9436227 0.1087837 0.9426327 0.1087837 0.9426327 0.1088271 0.9436227 0.1085065 0.9436472 0.1087837 0.9426327 0.1085065 0.9436472 0.1084637 0.9426708 0.10217 0.9262803 0.1034786 0.9264233 0.1022503 0.9265879 0.1022503 0.9265879 0.1034786 0.9264233 0.1034815 0.9266944 0.1022503 0.9265879 0.1034815 0.9266944 0.1023184 0.9268503 0.1091073 0.943555 0.1091333 0.9446898 0.1088522 0.944715 0.1091073 0.943555 0.1088522 0.944715 0.1088271 0.9436227 0.1088271 0.9436227 0.1088522 0.944715 0.1085312 0.9447247 0.1088271 0.9436227 0.1085312 0.9447247 0.1085143 0.9439049 0.1088573 0.9458445 0.1085363 0.9458388 0.1085369 0.9455654 0.1034751 0.9261053 0.1047101 0.9265614 0.1034786 0.9264233 0.1034786 0.9264233 0.1047101 0.9265614 0.1046477 0.9268251 0.1034786 0.9264233 0.1046477 0.9268251 0.1034815 0.9266944 0.1091333 0.9446898 0.1091387 0.9458633 0.1088573 0.9458445 0.1091333 0.9446898 0.1088573 0.9458445 0.1088522 0.944715 0.1088522 0.944715 0.1088573 0.9458445 0.1085369 0.9455654 0.1088522 0.944715 0.1085369 0.9455654 0.1085312 0.9447247 0.1047837 0.926252 0.1058714 0.926994 0.1047101 0.9265614 0.1047101 0.9265614 0.1058714 0.926994 0.1057474 0.9272348 0.1047101 0.9265614 0.1057474 0.9272348 0.1046477 0.9268251 0.1091387 0.9458633 0.1091231 0.9470053 0.1088423 0.9469438 0.1091387 0.9458633 0.1088423 0.9469438 0.1088573 0.9458445 0.1088573 0.9458445 0.1088423 0.9469438 0.1085215 0.946923 0.1088573 0.9458445 0.1085215 0.946923 0.1085363 0.9458388 0.1085188 0.936697 0.1084641 0.9357246 0.1087833 0.9356814 0.1087833 0.9356814 0.1084641 0.9357246 0.1084498 0.9355235 0.1087564 0.9487947 0.1084497 0.9485743 0.1088079 0.9479472 0.1088079 0.9479472 0.1084497 0.9485743 0.1084876 0.9479127 0.1088079 0.9479472 0.1084876 0.9479127 0.1088423 0.9469438 0.1088423 0.9469438 0.1084876 0.9479127 0.1085143 0.9471952 0.1088423 0.9469438 0.1085143 0.9471952 0.1085215 0.946923</float_array>
          <technique_common>
            <accessor source="#lpb2-mesh-map-0-array" count="2868" stride="2">
              <param name="S" type="float"/>
              <param name="T" type="float"/>
            </accessor>
          </technique_common>
        </source>
        <vertices id="lpb2-mesh-vertices">
          <input semantic="POSITION" source="#lpb2-mesh-positions"/>
        </vertices>
        <triangles material="lpb2material-material" count="956">
          <input semantic="VERTEX" source="#lpb2-mesh-vertices" offset="0"/>
          <input semantic="NORMAL" source="#lpb2-mesh-normals" offset="1"/>
          <input semantic="TEXCOORD" source="#lpb2-mesh-map-0" offset="2" set="0"/>
          <p>0 0 0 1 0 1 2 0 2 3 1 3 4 1 4 5 1 5 5 2 6 4 2 7 6 2 8 5 3 9 6 3 10 7 3 11 7 4 12 6 4 13 8 4 14 7 5 15 8 5 16 9 5 17 10 6 18 11 6 19 12 6 20 12 7 21 11 7 22 13 7 23 12 8 24 13 8 25 14 8 26 14 9 27 13 9 28 15 9 29 14 10 30 15 10 31 16 10 32 16 11 33 15 11 34 17 11 35 16 12 36 17 12 37 3 12 38 3 13 39 17 13 40 18 13 41 3 14 42 18 14 43 4 14 44 19 15 45 20 15 46 21 15 47 22 16 48 23 16 49 24 16 50 24 17 51 23 17 52 25 17 53 22 18 54 26 18 55 23 18 56 23 19 57 26 19 58 27 19 59 23 20 60 27 20 61 2 20 62 0 21 63 28 21 64 1 21 65 1 22 66 28 22 67 29 22 68 1 23 69 29 23 70 30 23 71 31 24 72 32 24 73 33 24 74 33 25 75 32 25 76 34 25 77 34 26 78 32 26 79 35 26 80 34 27 81 35 27 82 10 27 83 36 28 84 37 28 85 11 28 86 38 29 87 39 29 88 40 29 89 40 30 90 39 30 91 41 30 92 40 31 93 41 31 94 19 31 95 19 32 96 41 32 97 42 32 98 19 33 99 42 33 100 20 33 101 43 34 102 44 34 103 21 34 104 21 35 105 44 35 106 45 35 107 21 36 108 45 36 109 19 36 110 25 37 111 23 37 112 46 37 113 46 38 114 23 38 115 47 38 116 46 39 117 47 39 118 48 39 119 30 40 120 31 40 121 1 40 122 1 41 123 31 41 124 33 41 125 1 42 126 33 42 127 49 42 128 49 43 129 33 43 130 50 43 131 49 44 132 50 44 133 51 44 134 51 45 135 50 45 136 52 45 137 51 46 138 52 46 139 53 46 140 53 47 141 52 47 142 54 47 143 53 48 144 54 48 145 55 48 146 55 49 147 54 49 148 56 49 149 55 50 150 56 50 151 57 50 152 57 51 153 56 51 154 9 51 155 57 52 156 9 52 157 58 52 158 58 53 159 9 53 160 8 53 161 48 54 162 59 54 163 46 54 164 46 55 165 59 55 166 60 55 167 46 56 168 60 56 169 61 56 170 61 57 171 60 57 172 62 57 173 61 58 174 62 58 175 21 58 176 21 59 177 62 59 178 63 59 179 21 60 180 63 60 181 43 60 182 27 61 183 64 61 184 2 61 185 2 62 186 64 62 187 65 62 188 2 63 189 65 63 190 66 63 191 35 64 192 67 64 193 10 64 194 10 65 195 67 65 196 68 65 197 10 66 198 68 66 199 11 66 200 11 67 201 68 67 202 69 67 203 11 68 204 69 68 205 36 68 206 66 69 207 70 69 208 2 69 209 2 70 210 70 70 211 71 70 212 2 71 213 71 71 214 0 71 215 37 72 216 72 72 217 11 72 218 11 73 219 72 73 220 73 73 221 11 74 222 73 74 223 40 74 224 40 75 225 73 75 226 74 75 227 40 76 228 74 76 229 75 76 230 75 77 231 76 77 232 40 77 233 40 78 234 76 78 235 77 78 236 40 79 237 77 79 238 38 79 239 78 80 240 79 80 241 80 80 242 80 81 243 79 81 244 81 81 245 80 82 246 81 82 247 82 82 248 82 83 249 81 83 250 83 83 251 82 84 252 83 84 253 84 84 254 84 85 255 83 85 256 85 85 257 84 86 258 85 86 259 86 86 260 86 87 261 85 87 262 87 87 263 86 88 264 87 88 265 88 88 266 88 89 267 87 89 268 89 89 269 88 90 270 89 90 271 90 90 272 90 91 273 89 91 274 91 91 275 90 92 276 91 92 277 92 92 278 92 93 279 91 93 280 93 93 281 92 94 282 93 94 283 94 94 284 94 95 285 93 95 286 95 95 287 94 96 288 95 96 289 96 96 290 96 97 291 95 97 292 97 97 293 96 98 294 97 98 295 98 98 296 98 99 297 97 99 298 99 99 299 98 100 300 99 100 301 100 100 302 100 101 303 99 101 304 101 101 305 100 102 306 101 102 307 78 102 308 78 103 309 101 103 310 79 103 311 102 104 312 51 104 313 53 104 314 102 105 315 53 105 316 103 105 317 103 106 318 53 106 319 55 106 320 103 107 321 55 107 322 104 107 323 104 108 324 55 108 325 57 108 326 104 109 327 57 109 328 105 109 329 105 110 330 57 110 331 58 110 332 105 111 333 58 111 334 106 111 335 106 112 336 58 112 337 8 112 338 106 113 339 8 113 340 107 113 341 107 114 342 8 114 343 6 114 344 107 115 345 6 115 346 108 115 347 108 116 348 6 116 349 4 116 350 108 117 351 4 117 352 109 117 353 109 118 354 4 118 355 18 118 356 109 119 357 18 119 358 110 119 359 110 120 360 18 120 361 17 120 362 110 121 363 17 121 364 111 121 365 111 122 366 17 122 367 15 122 368 111 123 369 15 123 370 112 123 371 15 124 372 13 124 373 112 124 374 112 125 375 13 125 376 113 125 377 114 126 378 115 126 379 116 126 380 117 127 381 118 127 382 119 127 383 120 128 384 121 128 385 122 128 386 123 129 387 120 129 388 124 129 389 124 130 390 120 130 391 122 130 392 124 131 393 122 131 394 125 131 395 126 132 396 114 132 397 127 132 398 127 133 399 114 133 400 116 133 401 127 134 402 116 134 403 128 134 404 128 135 405 116 135 406 117 135 407 129 136 408 130 136 409 131 136 410 129 137 411 131 137 412 132 137 413 133 138 414 126 138 415 134 138 416 134 139 417 126 139 418 127 139 419 134 140 420 127 140 421 135 140 422 135 141 423 127 141 424 132 141 425 135 142 426 132 142 427 136 142 428 136 143 429 132 143 430 131 143 431 130 144 432 129 144 433 137 144 434 137 145 435 129 145 436 138 145 437 137 146 438 138 146 439 139 146 440 140 147 441 141 147 442 142 147 443 140 148 444 142 148 445 138 148 446 138 149 447 142 149 448 143 149 449 138 150 450 143 150 451 139 150 452 141 151 453 140 151 454 144 151 455 144 152 456 140 152 457 145 152 458 144 153 459 145 153 460 146 153 461 147 154 462 148 154 463 149 154 464 147 155 465 149 155 466 145 155 467 145 156 468 149 156 469 150 156 470 145 157 471 150 157 472 146 157 473 151 158 474 152 158 475 147 158 476 147 159 477 152 159 478 153 159 479 147 160 480 153 160 481 148 160 482 122 161 483 154 161 484 125 161 485 125 162 486 154 162 487 155 162 488 125 163 489 155 163 490 151 163 491 151 164 492 155 164 493 156 164 494 151 165 495 156 165 496 152 165 497 117 166 498 119 166 499 128 166 500 128 167 501 119 167 502 157 167 503 128 168 504 157 168 505 158 168 506 158 169 507 157 169 508 159 169 509 158 170 510 159 170 511 160 170 512 160 171 513 159 171 514 161 171 515 160 172 516 161 172 517 162 172 518 162 173 519 161 173 520 163 173 521 162 174 522 163 174 523 164 174 524 164 175 525 163 175 526 165 175 527 164 176 528 165 176 529 166 176 530 166 177 531 165 177 532 167 177 533 166 178 534 167 178 535 168 178 536 168 179 537 167 179 538 169 179 539 168 180 540 169 180 541 124 180 542 124 181 543 169 181 544 170 181 545 124 182 546 170 182 547 123 182 548 171 183 549 2 183 550 172 183 551 172 184 552 2 184 553 1 184 554 172 185 555 1 185 556 173 185 557 173 186 558 1 186 559 49 186 560 173 187 561 49 187 562 174 187 563 114 188 564 175 188 565 115 188 566 115 189 567 175 189 568 133 189 569 115 190 570 133 190 571 171 190 572 134 191 573 176 191 574 133 191 575 133 192 576 176 192 577 177 192 578 133 193 579 177 193 580 178 193 581 178 194 582 179 194 583 133 194 584 133 195 585 179 195 586 180 195 587 133 196 588 180 196 589 181 196 590 181 197 591 182 197 592 133 197 593 133 198 594 182 198 595 183 198 596 133 199 597 183 199 598 184 199 599 184 200 600 185 200 601 133 200 602 133 201 603 185 201 604 47 201 605 133 202 606 47 202 607 171 202 608 171 203 609 47 203 610 23 203 611 171 204 612 23 204 613 2 204 614 49 205 615 51 205 616 174 205 617 174 206 618 51 206 619 102 206 620 186 207 621 187 207 622 188 207 623 188 208 624 189 208 625 186 208 626 186 209 627 189 209 628 190 209 629 186 210 630 190 210 631 191 210 632 192 211 633 193 211 634 194 211 635 190 212 636 195 212 637 191 212 638 191 213 639 195 213 640 196 213 641 191 214 642 196 214 643 197 214 644 197 215 645 196 215 646 198 215 647 197 216 648 198 216 649 199 216 650 200 217 651 201 217 652 202 217 653 202 218 654 201 218 655 203 218 656 202 219 657 204 219 658 205 219 659 205 220 660 204 220 661 206 220 662 187 221 663 204 221 664 188 221 665 188 222 666 204 222 667 202 222 668 188 223 669 202 223 670 207 223 671 207 224 672 202 224 673 203 224 674 208 225 675 209 225 676 210 225 677 211 226 678 212 226 679 213 226 680 213 227 681 212 227 682 214 227 683 213 228 684 214 228 685 215 228 686 215 229 687 214 229 688 216 229 689 215 230 690 216 230 691 217 230 692 217 231 693 216 231 694 218 231 695 213 232 696 219 232 697 211 232 698 211 233 699 219 233 700 200 233 701 211 234 702 200 234 703 220 234 704 220 235 705 200 235 706 202 235 707 219 236 708 221 236 709 200 236 710 200 237 711 221 237 712 222 237 713 200 238 714 222 238 715 118 238 716 118 239 717 222 239 718 223 239 719 118 240 720 223 240 721 119 240 722 210 241 723 224 241 724 208 241 725 208 242 726 224 242 727 225 242 728 208 243 729 225 243 730 226 243 731 227 244 732 228 244 733 229 244 734 199 245 735 230 245 736 197 245 737 197 246 738 230 246 739 231 246 740 197 247 741 231 247 742 228 247 743 228 248 744 231 248 745 232 248 746 228 249 747 232 249 748 229 249 749 194 250 750 233 250 751 192 250 752 192 251 753 233 251 754 234 251 755 192 252 756 234 252 757 235 252 758 235 253 759 234 253 760 236 253 761 235 254 762 236 254 763 237 254 764 237 255 765 236 255 766 238 255 767 119 256 768 223 256 769 157 256 770 157 257 771 223 257 772 239 257 773 157 258 774 239 258 775 159 258 776 159 259 777 239 259 778 240 259 779 159 260 780 240 260 781 161 260 782 161 261 783 240 261 784 241 261 785 161 262 786 241 262 787 163 262 788 163 263 789 241 263 790 242 263 791 163 264 792 242 264 793 165 264 794 165 265 795 242 265 796 243 265 797 165 266 798 243 266 799 167 266 800 206 267 801 244 267 802 205 267 803 205 268 804 244 268 805 245 268 806 205 269 807 245 269 808 236 269 809 236 270 810 245 270 811 246 270 812 167 271 813 243 271 814 169 271 815 169 272 816 243 272 817 247 272 818 169 273 819 247 273 820 170 273 821 170 274 822 247 274 823 218 274 824 170 275 825 218 275 826 248 275 827 248 276 828 218 276 829 216 276 830 248 277 831 216 277 832 193 277 833 193 278 834 216 278 835 249 278 836 193 279 837 249 279 838 194 279 839 246 280 840 250 280 841 236 280 842 236 281 843 250 281 844 208 281 845 236 282 846 208 282 847 238 282 848 238 283 849 208 283 850 226 283 851 250 284 852 251 284 853 208 284 854 208 285 855 251 285 856 252 285 857 208 286 858 252 286 859 253 286 860 253 287 861 252 287 862 227 287 863 253 288 864 227 288 865 254 288 866 254 289 867 227 289 868 229 289 869 255 290 870 122 290 871 121 290 872 255 291 873 121 291 874 256 291 875 257 292 876 258 292 877 121 292 878 121 293 879 258 293 880 259 293 881 121 294 882 259 294 883 256 294 884 260 295 885 261 295 886 121 295 887 121 296 888 261 296 889 262 296 890 121 297 891 262 297 892 263 297 893 263 298 894 264 298 895 121 298 896 121 299 897 264 299 898 265 299 899 121 300 900 265 300 901 257 300 902 45 301 903 260 301 904 248 301 905 248 302 906 260 302 907 121 302 908 248 303 909 121 303 910 170 303 911 170 304 912 121 304 913 266 304 914 170 305 915 266 305 916 123 305 917 45 306 918 248 306 919 19 306 920 19 307 921 248 307 922 193 307 923 19 308 924 193 308 925 40 308 926 40 309 927 193 309 928 192 309 929 40 310 930 192 310 931 11 310 932 113 311 933 13 311 934 267 311 935 267 312 936 13 312 937 11 312 938 267 313 939 11 313 940 235 313 941 235 314 942 11 314 943 192 314 944 245 315 945 268 315 946 246 315 947 246 316 948 268 316 949 10 316 950 246 317 951 10 317 952 250 317 953 250 318 954 10 318 955 12 318 956 250 319 957 12 319 958 251 319 959 251 320 960 12 320 961 14 320 962 251 321 963 14 321 964 252 321 965 252 322 966 14 322 967 16 322 968 252 323 969 16 323 970 227 323 971 227 324 972 16 324 973 3 324 974 227 325 975 3 325 976 228 325 977 228 326 978 3 326 979 5 326 980 228 327 981 5 327 982 197 327 983 197 328 984 5 328 985 7 328 986 197 329 987 7 329 988 191 329 989 191 330 990 7 330 991 9 330 992 191 331 993 9 331 994 186 331 995 186 332 996 9 332 997 56 332 998 186 333 999 56 333 1000 187 333 1001 187 334 1002 56 334 1003 54 334 1004 187 335 1005 54 335 1006 204 335 1007 204 336 1008 54 336 1009 52 336 1010 204 337 1011 52 337 1012 206 337 1013 206 338 1014 52 338 1015 50 338 1016 206 339 1017 50 339 1018 244 339 1019 244 340 1020 50 340 1021 33 340 1022 244 341 1023 33 341 1024 245 341 1025 245 342 1026 33 342 1027 268 342 1028 269 343 1029 270 343 1030 242 343 1031 242 344 1032 270 344 1033 271 344 1034 242 345 1035 271 345 1036 243 345 1037 243 346 1038 271 346 1039 272 346 1040 243 347 1041 272 347 1042 247 347 1043 247 348 1044 272 348 1045 273 348 1046 247 349 1047 273 349 1048 218 349 1049 218 350 1050 273 350 1051 274 350 1052 218 351 1053 274 351 1054 217 351 1055 217 352 1056 274 352 1057 275 352 1058 217 353 1059 275 353 1060 215 353 1061 215 354 1062 275 354 1063 276 354 1064 215 355 1065 276 355 1066 213 355 1067 213 356 1068 276 356 1069 277 356 1070 213 357 1071 277 357 1072 219 357 1073 219 358 1074 277 358 1075 278 358 1076 219 359 1077 278 359 1078 221 359 1079 221 360 1080 278 360 1081 279 360 1082 221 361 1083 279 361 1084 222 361 1085 222 362 1086 279 362 1087 280 362 1088 222 363 1089 280 363 1090 223 363 1091 223 364 1092 280 364 1093 281 364 1094 223 365 1095 281 365 1096 239 365 1097 239 366 1098 281 366 1099 282 366 1100 239 367 1101 282 367 1102 240 367 1103 240 368 1104 282 368 1105 283 368 1106 240 369 1107 283 369 1108 269 369 1109 269 370 1110 283 370 1111 270 370 1112 284 371 1113 285 371 1114 286 371 1115 286 372 1116 285 372 1117 287 372 1118 285 373 1119 288 373 1120 287 373 1121 287 374 1122 288 374 1123 289 374 1124 287 375 1125 289 375 1126 290 375 1127 289 376 1128 291 376 1129 290 376 1130 290 377 1131 291 377 1132 292 377 1133 290 378 1134 292 378 1135 293 378 1136 292 379 1137 294 379 1138 293 379 1139 293 380 1140 294 380 1141 295 380 1142 293 381 1143 295 381 1144 296 381 1145 295 382 1146 297 382 1147 296 382 1148 296 383 1149 297 383 1150 298 383 1151 296 384 1152 298 384 1153 299 384 1154 298 385 1155 300 385 1156 299 385 1157 299 386 1158 300 386 1159 301 386 1160 299 387 1161 301 387 1162 302 387 1163 303 388 1164 304 388 1165 305 388 1166 305 389 1167 304 389 1168 302 389 1169 305 390 1170 302 390 1171 306 390 1172 306 391 1173 302 391 1174 301 391 1175 304 392 1176 303 392 1177 307 392 1178 304 393 1179 307 393 1180 308 393 1181 309 394 1182 310 394 1183 311 394 1184 311 395 1185 310 395 1186 308 395 1187 311 396 1188 308 396 1189 312 396 1190 312 397 1191 308 397 1192 307 397 1193 309 398 1194 313 398 1195 310 398 1196 310 399 1197 313 399 1198 314 399 1199 313 400 1200 315 400 1201 314 400 1202 314 401 1203 315 401 1204 316 401 1205 314 402 1206 316 402 1207 317 402 1208 316 403 1209 318 403 1210 317 403 1211 317 404 1212 318 404 1213 319 404 1214 317 405 1215 319 405 1216 320 405 1217 319 406 1218 321 406 1219 320 406 1220 320 407 1221 321 407 1222 322 407 1223 320 408 1224 322 408 1225 323 408 1226 322 409 1227 324 409 1228 323 409 1229 323 410 1230 324 410 1231 325 410 1232 323 411 1233 325 411 1234 326 411 1235 325 412 1236 327 412 1237 326 412 1238 326 413 1239 327 413 1240 328 413 1241 326 414 1242 328 414 1243 329 414 1244 330 415 1245 331 415 1246 332 415 1247 332 416 1248 331 416 1249 329 416 1250 332 417 1251 329 417 1252 333 417 1253 333 418 1254 329 418 1255 328 418 1256 330 419 1257 334 419 1258 331 419 1259 331 420 1260 334 420 1261 335 420 1262 284 421 1263 286 421 1264 336 421 1265 336 422 1266 286 422 1267 335 422 1268 336 423 1269 335 423 1270 337 423 1271 337 424 1272 335 424 1273 334 424 1274 79 425 1275 320 425 1276 323 425 1277 317 426 1278 320 426 1279 314 426 1280 314 427 1281 320 427 1282 79 427 1283 314 428 1284 79 428 1285 310 428 1286 310 429 1287 79 429 1288 101 429 1289 310 430 1290 101 430 1291 308 430 1292 308 431 1293 101 431 1294 99 431 1295 308 432 1296 99 432 1297 304 432 1298 304 433 1299 99 433 1300 97 433 1301 304 434 1302 97 434 1303 302 434 1304 302 435 1305 97 435 1306 95 435 1307 302 436 1308 95 436 1309 299 436 1310 299 437 1311 95 437 1312 93 437 1313 299 438 1314 93 438 1315 296 438 1316 296 439 1317 93 439 1318 91 439 1319 323 440 1320 326 440 1321 79 440 1322 79 441 1323 326 441 1324 329 441 1325 79 442 1326 329 442 1327 81 442 1328 81 443 1329 329 443 1330 331 443 1331 81 444 1332 331 444 1333 83 444 1334 83 445 1335 331 445 1336 335 445 1337 83 446 1338 335 446 1339 85 446 1340 85 447 1341 335 447 1342 286 447 1343 85 448 1344 286 448 1345 87 448 1346 87 449 1347 286 449 1348 287 449 1349 87 450 1350 287 450 1351 89 450 1352 89 451 1353 287 451 1354 290 451 1355 89 452 1356 290 452 1357 91 452 1358 91 453 1359 290 453 1360 293 453 1361 91 454 1362 293 454 1363 296 454 1364 338 455 1365 330 455 1366 339 455 1367 339 456 1368 330 456 1369 332 456 1370 339 457 1371 332 457 1372 340 457 1373 340 458 1374 332 458 1375 333 458 1376 340 459 1377 333 459 1378 341 459 1379 341 460 1380 333 460 1381 328 460 1382 341 461 1383 328 461 1384 342 461 1385 342 462 1386 328 462 1387 327 462 1388 342 463 1389 327 463 1390 343 463 1391 343 464 1392 327 464 1393 325 464 1394 343 465 1395 325 465 1396 344 465 1397 344 466 1398 325 466 1399 324 466 1400 344 467 1401 324 467 1402 345 467 1403 345 468 1404 324 468 1405 322 468 1406 345 469 1407 322 469 1408 346 469 1409 346 470 1410 322 470 1411 321 470 1412 346 471 1413 321 471 1414 347 471 1415 347 472 1416 321 472 1417 319 472 1418 347 473 1419 319 473 1420 348 473 1421 348 474 1422 319 474 1423 318 474 1424 348 475 1425 318 475 1426 349 475 1427 349 476 1428 318 476 1429 316 476 1430 349 477 1431 316 477 1432 350 477 1433 350 478 1434 316 478 1435 315 478 1436 350 479 1437 315 479 1438 351 479 1439 351 480 1440 315 480 1441 313 480 1442 351 481 1443 313 481 1444 352 481 1445 352 482 1446 313 482 1447 309 482 1448 353 483 1449 338 483 1450 354 483 1451 354 484 1452 338 484 1453 339 484 1454 354 485 1455 339 485 1456 355 485 1457 355 486 1458 339 486 1459 340 486 1460 355 487 1461 340 487 1462 356 487 1463 356 488 1464 340 488 1465 341 488 1466 356 489 1467 341 489 1468 357 489 1469 357 490 1470 341 490 1471 342 490 1472 357 491 1473 342 491 1474 358 491 1475 358 492 1476 342 492 1477 343 492 1478 358 493 1479 343 493 1480 359 493 1481 359 494 1482 343 494 1483 344 494 1484 359 495 1485 344 495 1486 360 495 1487 360 496 1488 344 496 1489 345 496 1490 360 497 1491 345 497 1492 361 497 1493 361 498 1494 345 498 1495 346 498 1496 361 499 1497 346 499 1498 362 499 1499 362 500 1500 346 500 1501 347 500 1502 362 501 1503 347 501 1504 363 501 1505 363 502 1506 347 502 1507 348 502 1508 363 503 1509 348 503 1510 364 503 1511 364 504 1512 348 504 1513 349 504 1514 364 505 1515 349 505 1516 365 505 1517 365 506 1518 349 506 1519 350 506 1520 365 507 1521 350 507 1522 366 507 1523 366 508 1524 350 508 1525 351 508 1526 366 509 1527 351 509 1528 367 509 1529 367 510 1530 351 510 1531 352 510 1532 77 511 1533 353 511 1534 38 511 1535 38 512 1536 353 512 1537 354 512 1538 38 513 1539 354 513 1540 39 513 1541 39 514 1542 354 514 1543 355 514 1544 39 515 1545 355 515 1546 41 515 1547 41 516 1548 355 516 1549 356 516 1550 41 517 1551 356 517 1552 42 517 1553 42 518 1554 356 518 1555 357 518 1556 42 519 1557 357 519 1558 20 519 1559 20 520 1560 357 520 1561 358 520 1562 20 521 1563 358 521 1564 21 521 1565 21 522 1566 358 522 1567 359 522 1568 21 523 1569 359 523 1570 61 523 1571 61 524 1572 359 524 1573 360 524 1574 61 525 1575 360 525 1576 46 525 1577 46 526 1578 360 526 1579 361 526 1580 46 527 1581 361 527 1582 25 527 1583 25 528 1584 361 528 1585 362 528 1586 25 529 1587 362 529 1588 24 529 1589 24 530 1590 362 530 1591 363 530 1592 24 531 1593 363 531 1594 22 531 1595 22 532 1596 363 532 1597 364 532 1598 22 533 1599 364 533 1600 26 533 1601 26 534 1602 364 534 1603 365 534 1604 26 535 1605 365 535 1606 27 535 1607 27 536 1608 365 536 1609 366 536 1610 27 537 1611 366 537 1612 64 537 1613 64 538 1614 366 538 1615 367 538 1616 353 539 1617 77 539 1618 368 539 1619 368 540 1620 77 540 1621 76 540 1622 368 541 1623 76 541 1624 369 541 1625 369 542 1626 76 542 1627 75 542 1628 369 543 1629 75 543 1630 370 543 1631 370 544 1632 75 544 1633 74 544 1634 370 545 1635 74 545 1636 371 545 1637 371 546 1638 74 546 1639 73 546 1640 338 547 1641 353 547 1642 372 547 1643 372 548 1644 353 548 1645 368 548 1646 372 549 1647 368 549 1648 373 549 1649 373 550 1650 368 550 1651 369 550 1652 373 551 1653 369 551 1654 374 551 1655 374 552 1656 369 552 1657 370 552 1658 374 553 1659 370 553 1660 375 553 1661 375 554 1662 370 554 1663 371 554 1664 330 555 1665 338 555 1666 334 555 1667 334 556 1668 338 556 1669 372 556 1670 334 557 1671 372 557 1672 337 557 1673 337 558 1674 372 558 1675 373 558 1676 337 559 1677 373 559 1678 336 559 1679 336 560 1680 373 560 1681 374 560 1682 336 561 1683 374 561 1684 284 561 1685 284 562 1686 374 562 1687 375 562 1688 376 563 1689 71 563 1690 377 563 1691 377 564 1692 71 564 1693 70 564 1694 377 565 1695 70 565 1696 378 565 1697 378 566 1698 70 566 1699 66 566 1700 378 567 1701 66 567 1702 379 567 1703 379 568 1704 66 568 1705 65 568 1706 379 569 1707 65 569 1708 367 569 1709 367 570 1710 65 570 1711 64 570 1712 380 571 1713 376 571 1714 381 571 1715 381 572 1716 376 572 1717 377 572 1718 381 573 1719 377 573 1720 382 573 1721 382 574 1722 377 574 1723 378 574 1724 382 575 1725 378 575 1726 383 575 1727 383 576 1728 378 576 1729 379 576 1730 383 577 1731 379 577 1732 352 577 1733 352 578 1734 379 578 1735 367 578 1736 303 579 1737 380 579 1738 307 579 1739 307 580 1740 380 580 1741 381 580 1742 307 581 1743 381 581 1744 312 581 1745 312 582 1746 381 582 1747 382 582 1748 312 583 1749 382 583 1750 311 583 1751 311 584 1752 382 584 1753 383 584 1754 311 585 1755 383 585 1756 309 585 1757 309 586 1758 383 586 1759 352 586 1760 380 587 1761 303 587 1762 384 587 1763 384 588 1764 303 588 1765 305 588 1766 384 589 1767 305 589 1768 385 589 1769 385 590 1770 305 590 1771 306 590 1772 385 591 1773 306 591 1774 386 591 1775 386 592 1776 306 592 1777 301 592 1778 386 593 1779 301 593 1780 387 593 1781 387 594 1782 301 594 1783 300 594 1784 387 595 1785 300 595 1786 388 595 1787 388 596 1788 300 596 1789 298 596 1790 388 597 1791 298 597 1792 389 597 1793 389 598 1794 298 598 1795 297 598 1796 389 599 1797 297 599 1798 390 599 1799 390 600 1800 297 600 1801 295 600 1802 390 601 1803 295 601 1804 391 601 1805 391 602 1806 295 602 1807 294 602 1808 391 603 1809 294 603 1810 392 603 1811 392 604 1812 294 604 1813 292 604 1814 392 605 1815 292 605 1816 393 605 1817 393 606 1818 292 606 1819 291 606 1820 393 607 1821 291 607 1822 394 607 1823 394 608 1824 291 608 1825 289 608 1826 394 609 1827 289 609 1828 395 609 1829 395 610 1830 289 610 1831 288 610 1832 395 611 1833 288 611 1834 396 611 1835 396 612 1836 288 612 1837 285 612 1838 396 613 1839 285 613 1840 375 613 1841 375 614 1842 285 614 1843 284 614 1844 376 615 1845 380 615 1846 397 615 1847 397 616 1848 380 616 1849 384 616 1850 397 617 1851 384 617 1852 398 617 1853 398 618 1854 384 618 1855 385 618 1856 398 619 1857 385 619 1858 399 619 1859 399 620 1860 385 620 1861 386 620 1862 399 621 1863 386 621 1864 400 621 1865 400 622 1866 386 622 1867 387 622 1868 400 623 1869 387 623 1870 401 623 1871 401 624 1872 387 624 1873 388 624 1874 401 625 1875 388 625 1876 402 625 1877 402 626 1878 388 626 1879 389 626 1880 402 627 1881 389 627 1882 403 627 1883 403 628 1884 389 628 1885 390 628 1886 403 629 1887 390 629 1888 404 629 1889 404 630 1890 390 630 1891 391 630 1892 404 631 1893 391 631 1894 405 631 1895 405 632 1896 391 632 1897 392 632 1898 405 633 1899 392 633 1900 406 633 1901 406 634 1902 392 634 1903 393 634 1904 406 635 1905 393 635 1906 407 635 1907 407 636 1908 393 636 1909 394 636 1910 407 637 1911 394 637 1912 408 637 1913 408 638 1914 394 638 1915 395 638 1916 408 639 1917 395 639 1918 409 639 1919 409 640 1920 395 640 1921 396 640 1922 409 641 1923 396 641 1924 371 641 1925 371 642 1926 396 642 1927 375 642 1928 71 643 1929 376 643 1930 0 643 1931 0 644 1932 376 644 1933 397 644 1934 0 645 1935 397 645 1936 28 645 1937 28 646 1938 397 646 1939 398 646 1940 28 647 1941 398 647 1942 29 647 1943 29 648 1944 398 648 1945 399 648 1946 29 649 1947 399 649 1948 30 649 1949 30 650 1950 399 650 1951 400 650 1952 30 651 1953 400 651 1954 31 651 1955 31 652 1956 400 652 1957 401 652 1958 31 653 1959 401 653 1960 32 653 1961 32 654 1962 401 654 1963 402 654 1964 32 655 1965 402 655 1966 35 655 1967 35 656 1968 402 656 1969 403 656 1970 35 657 1971 403 657 1972 67 657 1973 67 658 1974 403 658 1975 404 658 1976 67 659 1977 404 659 1978 68 659 1979 68 660 1980 404 660 1981 405 660 1982 68 661 1983 405 661 1984 69 661 1985 69 662 1986 405 662 1987 406 662 1988 69 663 1989 406 663 1990 36 663 1991 36 664 1992 406 664 1993 407 664 1994 36 665 1995 407 665 1996 37 665 1997 37 666 1998 407 666 1999 408 666 2000 37 667 2001 408 667 2002 72 667 2003 72 668 2004 408 668 2005 409 668 2006 72 669 2007 409 669 2008 73 669 2009 73 670 2010 409 670 2011 371 670 2012 267 671 2013 235 671 2014 410 671 2015 410 672 2016 235 672 2017 237 672 2018 410 673 2019 237 673 2020 411 673 2021 411 674 2022 237 674 2023 238 674 2024 411 675 2025 238 675 2026 412 675 2027 412 676 2028 238 676 2029 226 676 2030 412 677 2031 226 677 2032 413 677 2033 413 678 2034 226 678 2035 225 678 2036 413 679 2037 225 679 2038 224 679 2039 413 680 2040 224 680 2041 414 680 2042 414 681 2043 224 681 2044 210 681 2045 414 682 2046 210 682 2047 415 682 2048 415 683 2049 210 683 2050 209 683 2051 415 684 2052 209 684 2053 416 684 2054 416 685 2055 209 685 2056 208 685 2057 416 686 2058 208 686 2059 417 686 2060 417 687 2061 208 687 2062 253 687 2063 417 688 2064 253 688 2065 418 688 2066 418 689 2067 253 689 2068 254 689 2069 418 690 2070 254 690 2071 419 690 2072 419 691 2073 254 691 2074 229 691 2075 419 692 2076 229 692 2077 420 692 2078 420 693 2079 229 693 2080 232 693 2081 420 694 2082 232 694 2083 421 694 2084 421 695 2085 232 695 2086 231 695 2087 421 696 2088 231 696 2089 422 696 2090 422 697 2091 231 697 2092 230 697 2093 422 698 2094 230 698 2095 423 698 2096 423 699 2097 230 699 2098 199 699 2099 423 700 2100 199 700 2101 424 700 2102 424 701 2103 199 701 2104 198 701 2105 424 702 2106 198 702 2107 425 702 2108 425 703 2109 198 703 2110 196 703 2111 425 704 2112 196 704 2113 426 704 2114 426 705 2115 196 705 2116 195 705 2117 426 706 2118 195 706 2119 427 706 2120 427 707 2121 195 707 2122 190 707 2123 427 708 2124 190 708 2125 428 708 2126 428 709 2127 190 709 2128 189 709 2129 428 710 2130 189 710 2131 429 710 2132 429 711 2133 189 711 2134 188 711 2135 429 712 2136 188 712 2137 430 712 2138 430 713 2139 188 713 2140 207 713 2141 430 714 2142 207 714 2143 431 714 2144 431 715 2145 207 715 2146 203 715 2147 431 716 2148 203 716 2149 432 716 2150 432 717 2151 203 717 2152 201 717 2153 432 718 2154 201 718 2155 433 718 2156 434 719 2157 433 719 2158 200 719 2159 200 720 2160 433 720 2161 201 720 2162 117 721 2163 434 721 2164 118 721 2165 118 722 2166 434 722 2167 200 722 2168 417 723 2169 110 723 2170 111 723 2171 434 724 2172 117 724 2173 116 724 2174 427 725 2175 105 725 2176 106 725 2177 423 726 2178 107 726 2179 108 726 2180 109 727 2181 421 727 2182 108 727 2183 108 728 2184 421 728 2185 422 728 2186 108 729 2187 422 729 2188 423 729 2189 417 730 2190 418 730 2191 110 730 2192 110 731 2193 418 731 2194 419 731 2195 110 732 2196 419 732 2197 109 732 2198 109 733 2199 419 733 2200 420 733 2201 109 734 2202 420 734 2203 421 734 2204 411 735 2205 113 735 2206 410 735 2207 410 736 2208 113 736 2209 267 736 2210 112 737 2211 415 737 2212 111 737 2213 111 738 2214 415 738 2215 416 738 2216 111 739 2217 416 739 2218 417 739 2219 427 740 2220 428 740 2221 105 740 2222 105 741 2223 428 741 2224 429 741 2225 105 742 2226 429 742 2227 104 742 2228 423 743 2229 424 743 2230 107 743 2231 107 744 2232 424 744 2233 425 744 2234 107 745 2235 425 745 2236 106 745 2237 106 746 2238 425 746 2239 426 746 2240 106 747 2241 426 747 2242 427 747 2243 171 748 2244 172 748 2245 115 748 2246 115 749 2247 172 749 2248 173 749 2249 411 750 2250 412 750 2251 113 750 2252 113 751 2253 412 751 2254 413 751 2255 113 752 2256 413 752 2257 112 752 2258 112 753 2259 413 753 2260 414 753 2261 112 754 2262 414 754 2263 415 754 2264 429 755 2265 430 755 2266 104 755 2267 104 756 2268 430 756 2269 431 756 2270 104 757 2271 431 757 2272 103 757 2273 103 758 2274 431 758 2275 432 758 2276 103 759 2277 432 759 2278 102 759 2279 102 760 2280 432 760 2281 174 760 2282 173 761 2283 174 761 2284 115 761 2285 115 762 2286 174 762 2287 432 762 2288 115 763 2289 432 763 2290 116 763 2291 116 764 2292 432 764 2293 433 764 2294 116 765 2295 433 765 2296 434 765 2297 435 766 2298 205 766 2299 436 766 2300 436 767 2301 205 767 2302 236 767 2303 436 768 2304 236 768 2305 437 768 2306 437 769 2307 236 769 2308 234 769 2309 437 770 2310 234 770 2311 438 770 2312 438 771 2313 234 771 2314 233 771 2315 438 772 2316 233 772 2317 439 772 2318 439 773 2319 233 773 2320 194 773 2321 439 774 2322 194 774 2323 440 774 2324 440 775 2325 194 775 2326 249 775 2327 440 776 2328 249 776 2329 441 776 2330 441 777 2331 249 777 2332 216 777 2333 441 778 2334 216 778 2335 442 778 2336 442 779 2337 216 779 2338 214 779 2339 442 780 2340 214 780 2341 443 780 2342 443 781 2343 214 781 2344 212 781 2345 443 782 2346 212 782 2347 444 782 2348 444 783 2349 212 783 2350 211 783 2351 444 784 2352 211 784 2353 445 784 2354 445 785 2355 211 785 2356 220 785 2357 445 786 2358 220 786 2359 446 786 2360 446 787 2361 220 787 2362 202 787 2363 446 788 2364 202 788 2365 435 788 2366 435 789 2367 202 789 2368 205 789 2369 88 790 2370 436 790 2371 86 790 2372 86 791 2373 436 791 2374 437 791 2375 86 792 2376 437 792 2377 84 792 2378 84 793 2379 437 793 2380 438 793 2381 84 794 2382 438 794 2383 82 794 2384 82 795 2385 438 795 2386 439 795 2387 82 796 2388 439 796 2389 80 796 2390 80 797 2391 439 797 2392 440 797 2393 80 798 2394 440 798 2395 78 798 2396 78 799 2397 440 799 2398 441 799 2399 78 800 2400 441 800 2401 100 800 2402 100 801 2403 441 801 2404 442 801 2405 100 802 2406 442 802 2407 98 802 2408 98 803 2409 442 803 2410 443 803 2411 98 804 2412 443 804 2413 96 804 2414 96 805 2415 443 805 2416 444 805 2417 96 806 2418 444 806 2419 94 806 2420 94 807 2421 444 807 2422 445 807 2423 94 808 2424 445 808 2425 92 808 2426 92 809 2427 445 809 2428 446 809 2429 92 810 2430 446 810 2431 90 810 2432 90 811 2433 446 811 2434 435 811 2435 90 812 2436 435 812 2437 88 812 2438 88 813 2439 435 813 2440 436 813 2441 114 814 2442 126 814 2443 175 814 2444 175 815 2445 126 815 2446 133 815 2447 121 816 2448 120 816 2449 266 816 2450 266 817 2451 120 817 2452 123 817 2453 282 818 2454 158 818 2455 283 818 2456 283 819 2457 158 819 2458 160 819 2459 283 820 2460 160 820 2461 270 820 2462 270 821 2463 160 821 2464 162 821 2465 270 822 2466 162 822 2467 271 822 2468 271 823 2469 162 823 2470 164 823 2471 271 824 2472 164 824 2473 272 824 2474 277 825 2475 140 825 2476 278 825 2477 278 826 2478 140 826 2479 138 826 2480 278 827 2481 138 827 2482 279 827 2483 279 828 2484 138 828 2485 129 828 2486 279 829 2487 129 829 2488 280 829 2489 280 830 2490 129 830 2491 132 830 2492 280 831 2493 132 831 2494 281 831 2495 281 832 2496 132 832 2497 127 832 2498 281 833 2499 127 833 2500 282 833 2501 282 834 2502 127 834 2503 128 834 2504 282 835 2505 128 835 2506 158 835 2507 164 836 2508 166 836 2509 272 836 2510 272 837 2511 166 837 2512 168 837 2513 272 838 2514 168 838 2515 273 838 2516 273 839 2517 168 839 2518 124 839 2519 273 840 2520 124 840 2521 274 840 2522 274 841 2523 124 841 2524 125 841 2525 274 842 2526 125 842 2527 275 842 2528 275 843 2529 125 843 2530 151 843 2531 275 844 2532 151 844 2533 276 844 2534 276 845 2535 151 845 2536 147 845 2537 276 846 2538 147 846 2539 277 846 2540 277 847 2541 147 847 2542 145 847 2543 277 848 2544 145 848 2545 140 848 2546 146 849 2547 150 849 2548 447 849 2549 62 850 2550 60 850 2551 448 850 2552 63 851 2553 62 851 2554 449 851 2555 43 852 2556 63 852 2557 450 852 2558 44 853 2559 43 853 2560 451 853 2561 45 854 2562 44 854 2563 452 854 2564 176 855 2565 134 855 2566 177 855 2567 177 856 2568 134 856 2569 135 856 2570 177 857 2571 135 857 2572 178 857 2573 182 858 2574 181 858 2575 453 858 2576 453 859 2577 181 859 2578 180 859 2579 453 860 2580 180 860 2581 135 860 2582 135 861 2583 180 861 2584 179 861 2585 135 862 2586 179 862 2587 178 862 2588 135 863 2589 136 863 2590 453 863 2591 453 864 2592 136 864 2593 454 864 2594 453 865 2595 454 865 2596 182 865 2597 184 866 2598 183 866 2599 455 866 2600 184 867 2601 455 867 2602 185 867 2603 456 868 2604 457 868 2605 47 868 2606 47 869 2607 457 869 2608 48 869 2609 263 870 2610 262 870 2611 458 870 2612 458 871 2613 262 871 2614 261 871 2615 45 872 2616 459 872 2617 260 872 2618 260 873 2619 459 873 2620 460 873 2621 260 874 2622 460 874 2623 261 874 2624 261 875 2625 460 875 2626 461 875 2627 261 876 2628 461 876 2629 458 876 2630 259 877 2631 258 877 2632 154 877 2633 154 878 2634 258 878 2635 257 878 2636 154 879 2637 257 879 2638 265 879 2639 122 880 2640 255 880 2641 154 880 2642 154 881 2643 255 881 2644 256 881 2645 154 882 2646 256 882 2647 259 882 2648 48 883 2649 457 883 2650 59 883 2651 59 884 2652 457 884 2653 462 884 2654 59 885 2655 462 885 2656 60 885 2657 47 886 2658 185 886 2659 456 886 2660 456 887 2661 185 887 2662 455 887 2663 456 888 2664 455 888 2665 457 888 2666 457 889 2667 455 889 2668 463 889 2669 457 890 2670 463 890 2671 462 890 2672 462 891 2673 463 891 2674 464 891 2675 183 892 2676 182 892 2677 455 892 2678 455 893 2679 182 893 2680 454 893 2681 455 894 2682 454 894 2683 463 894 2684 463 895 2685 454 895 2686 465 895 2687 463 896 2688 465 896 2689 464 896 2690 464 897 2691 465 897 2692 466 897 2693 265 898 2694 264 898 2695 154 898 2696 154 899 2697 264 899 2698 263 899 2699 154 900 2700 263 900 2701 155 900 2702 155 901 2703 263 901 2704 458 901 2705 155 902 2706 458 902 2707 156 902 2708 156 903 2709 458 903 2710 461 903 2711 156 904 2712 461 904 2713 152 904 2714 45 905 2715 452 905 2716 459 905 2717 459 906 2718 452 906 2719 467 906 2720 459 907 2721 467 907 2722 460 907 2723 460 908 2724 467 908 2725 468 908 2726 460 909 2727 468 909 2728 461 909 2729 461 910 2730 468 910 2731 153 910 2732 461 911 2733 153 911 2734 152 911 2735 469 912 2736 149 912 2737 148 912 2738 44 913 2739 451 913 2740 452 913 2741 452 914 2742 451 914 2743 470 914 2744 452 915 2745 470 915 2746 467 915 2747 467 916 2748 470 916 2749 469 916 2750 467 917 2751 469 917 2752 468 917 2753 468 918 2754 469 918 2755 148 918 2756 468 919 2757 148 919 2758 153 919 2759 43 920 2760 450 920 2761 451 920 2762 451 921 2763 450 921 2764 471 921 2765 451 922 2766 471 922 2767 470 922 2768 470 923 2769 471 923 2770 447 923 2771 470 924 2772 447 924 2773 469 924 2774 469 925 2775 447 925 2776 150 925 2777 469 926 2778 150 926 2779 149 926 2780 63 927 2781 449 927 2782 450 927 2783 450 928 2784 449 928 2785 472 928 2786 450 929 2787 472 929 2788 471 929 2789 471 930 2790 472 930 2791 473 930 2792 471 931 2793 473 931 2794 447 931 2795 447 932 2796 473 932 2797 144 932 2798 447 933 2799 144 933 2800 146 933 2801 474 934 2802 142 934 2803 141 934 2804 62 935 2805 448 935 2806 449 935 2807 449 936 2808 448 936 2809 475 936 2810 449 937 2811 475 937 2812 472 937 2813 472 938 2814 475 938 2815 474 938 2816 472 939 2817 474 939 2818 473 939 2819 473 940 2820 474 940 2821 141 940 2822 473 941 2823 141 941 2824 144 941 2825 60 942 2826 462 942 2827 448 942 2828 448 943 2829 462 943 2830 464 943 2831 448 944 2832 464 944 2833 475 944 2834 475 945 2835 464 945 2836 466 945 2837 475 946 2838 466 946 2839 474 946 2840 474 947 2841 466 947 2842 143 947 2843 474 948 2844 143 948 2845 142 948 2846 136 949 2847 131 949 2848 454 949 2849 454 950 2850 131 950 2851 130 950 2852 454 951 2853 130 951 2854 465 951 2855 465 952 2856 130 952 2857 137 952 2858 465 953 2859 137 953 2860 466 953 2861 466 954 2862 137 954 2863 139 954 2864 466 955 2865 139 955 2866 143 955 2867</p>
        </triangles>
      </mesh>
    </geometry>
  </library_geometries>
  <library_visual_scenes>
    <visual_scene id="Scene" name="Scene">
      <node id="lpb2" name="lpb2" type="NODE">
        <matrix sid="transform">1 0 0 0 0 1 0 0 0 0 1 0 0 0 0 1</matrix>
        <instance_geometry url="#lpb2-mesh" name="lpb2">
          <bind_material>
            <technique_common>
              <instance_material symbol="lpb2material-material" target="#lpb2material-material">
                <bind_vertex_input semantic="UVMap" input_semantic="TEXCOORD" input_set="0"/>
              </instance_material>
            </technique_common>
          </bind_material>
        </instance_geometry>
      </node>
    </visual_scene>
  </library_visual_scenes>
  <scene>
    <instance_visual_scene url="#Scene"/>
  </scene>
</COLLADA>