<?xml version="1.0" encoding="utf-8"?>
<COLLADA xmlns="http://www.collada.org/2005/11/COLLADASchema" version="1.4.1" xmlns:xsi="http://www.w3.org/2001/XMLSchema-instance">
  <asset>
    <contributor>
      <author>Blender User</author>
      <authoring_tool>Blender 4.3.2 commit date:2024-12-16, commit time:21:10, hash:32f5fdce0a0a</authoring_tool>
    </contributor>
    <created>2026-01-02T14:15:34</created>
    <modified>2026-01-02T14:15:34</modified>
    <unit name="meter" meter="1"/>
    <up_axis>Z_UP</up_axis>
  </asset>
  <library_effects>
    <effect id="lpf1material-effect">
      <profile_COMMON>
        <newparam sid="minipupper_textures_png-surface">
          <surface type="2D">
            <init_from>minipupper_textures_png</init_from>
          </surface>
        </newparam>
        <newparam sid="minipupper_textures_png-sampler">
          <sampler2D>
            <source>minipupper_textures_png-surface</source>
          </sampler2D>
        </newparam>
        <technique sid="common">
          <lambert>
            <emission>
              <color sid="emission">0 0 0 1</color>
            </emission>
            <diffuse>
              <texture texture="minipupper_textures_png-sampler" texcoord="UVMap"/>
            </diffuse>
            <index_of_refraction>
              <float sid="ior">1.5</float>
            </index_of_refraction>
          </lambert>
        </technique>
      </profile_COMMON>
    </effect>
  </library_effects>
  <library_images>
    <image id="minipupper_textures_png" name="minipupper_textures_png">
      <init_from>minipupper_textures.png</init_from>
    </image>
  </library_images>
  <library_materials>
    <material id="lpf1material-material" name="lpf1material">
      <instance_effect url="#lpf1material-effect"/>
    </material>
  </library_materials>
  <library_geometries>
    <geometry id="lpf1-mesh" name="lpf1">
      <mesh>
        <source id="lpf1-mesh-positions">
          <float_array id="lpf1-mesh-positions-array" count="1446">0.01528888 -0.01374322 0.01107442 -0.005359947 -0.01374322 0.01107442 0.01541864 -0.014014 0.01086235 -0.005359947 -0.0162 0.009149968 0.01554548 -0.01428705 0.01064842 0.01140213 -0.0162 0.009149968 0.01350212 -0.0162 -0.02214998 0.01883834 -0.0137363 -0.02214998 0.01350212 -0.0162 0.008031785 0.01883834 -0.0137363 0 0.01881247 -0.01374822 9.64611e-4 0.01843672 -0.01392167 0.003780841 0.0176208 -0.01429843 0.006507515 0.01638382 -0.01486951 0.009073972 0.007214307 0 8e-4 0.007799983 0 0.001385629 -0.005359947 0 0.006999969 0.01993644 0 -0.02217066 0.01993644 0 -0.02214998 -0.003940701 0 -0.02995431 0.01549994 0 -0.02214998 0.01382929 0 0.006999969 0.007214307 0 -0.01219999 0.008599996 0 -0.001599967 0.006999969 0 -0.01299995 0.007799983 0 -0.001385629 0.008599996 0 0.001599967 0.00939995 0 0.001385629 0.01455265 0 0.005335688 0.009985625 0 8e-4 0.00939995 0 -0.01438564 0.008599996 0 -0.01459997 0.007799983 0 -0.01438564 0.01549994 0 0 0.01019996 0 0 0.01539373 0 0.001811563 0.01507651 0 0.003598272 0.00939995 0 -0.01161432 0.009985625 0 -0.01219999 0.01019996 0 -0.01299995 0.009985625 0 -0.01379996 -0.009939849 0 -0.01505702 -0.01071995 0 -0.02995431 -0.01098513 0 -0.01518392 -0.01235991 0 -0.02933228 0.007214307 0 -8e-4 -0.009939849 0 -0.01094293 0.007214307 0 -0.01379996 -0.009073257 0 -0.01154112 0.009985625 0 -8e-4 0.00939995 0 -0.001385629 0.008599996 0 -0.01139998 0.007799983 0 -0.01161432 -0.01172 0 -0.006499946 -0.01326507 0 -0.006744682 -0.01098513 0 -0.01081603 -0.01196974 0 -0.0111894 0.006999969 0 0 -0.005359947 0 -0.00149995 -0.008583903 0 -0.01247346 -0.008519947 0 -0.01299995 -0.008583903 0 -0.01352649 -0.009073257 0 -0.01445883 -0.01671999 0 -0.02220833 -0.01652771 0 -0.0239517 -0.01596015 0 -0.02561128 -0.01465892 0 -0.007454872 -0.01576507 0 -0.008561074 -0.01266795 0 -0.01197761 -0.01647526 0 -0.009954869 -0.01291996 0 -0.01299995 -0.01671999 0 -0.0115 -0.01266795 0 -0.01402235 -0.01196974 0 -0.01481056 -0.01504451 0 -0.02710729 -0.01382493 0 -0.02836781 -0.01036 0 -0.006499946 -0.008814871 0 -0.006255269 -0.005604684 0 -0.003045082 -0.006314873 0 -0.004438877 -0.007421016 0 -0.005545079 0.009985625 0.00149995 -0.01379996 0.01019996 0.00149995 -0.01299995 0.018 0.00149995 -0.02280193 0.007799983 0.00149995 -0.01438564 0.008599996 0.00149995 -0.01459997 -0.003940701 0.00149995 -0.02995431 0.007799983 0.00149995 -0.01161432 0.006999969 0.00149995 0 0.008599996 0.00149995 -0.01139998 0.007214307 0.00149995 -8e-4 0.018 0.00149995 0 0.009985625 0.00149995 -0.01219999 0.00939995 0.00149995 -0.01161432 0.0170077 0.00149995 0.005893826 0.009985625 0.00149995 8e-4 0.01624864 0.00149995 0.007744729 0.00939995 0.00149995 0.001385629 0.01528888 0.00149995 0.009499967 0.008599996 0.00149995 0.001599967 -0.005359947 0.00149995 0.009499967 0.007799983 0.00149995 0.001385629 0.007214307 0.00149995 8e-4 0.01019996 0.00149995 0 0.01788878 0.00149995 0.001997411 0.01755666 0.00149995 0.003970146 -0.01235991 0.00149995 -0.02933228 -0.01382493 0.00149995 -0.02836781 0.007214307 0.00149995 -0.01379996 0.00939995 0.00149995 -0.01438564 0.007799983 0.00149995 -0.001385629 0.008599996 0.00149995 -0.001599967 0.00939995 0.00149995 -0.001385629 0.009985625 0.00149995 -8e-4 0.007214307 0.00149995 -0.01219999 -0.006314873 0.00149995 -0.004438877 -0.005604684 0.00149995 -0.003045082 -0.005359947 0.00149995 -0.00149995 -0.01647526 0.00149995 -0.009954869 -0.01576507 0.00149995 -0.008561074 -0.01266795 0.00149995 -0.01197761 -0.01196974 0.00149995 -0.0111894 -0.01671999 0.00149995 -0.0115 -0.01291996 0.00149995 -0.01299995 -0.01671999 0.00149995 -0.02220833 -0.01504451 0.00149995 -0.02710729 -0.01098513 0.00149995 -0.01518392 -0.009939849 0.00149995 -0.01505702 -0.01071995 0.00149995 -0.02995431 0.006999969 0.00149995 -0.01299995 -0.009073257 0.00149995 -0.01445883 -0.01266795 0.00149995 -0.01402235 -0.01196974 0.00149995 -0.01481056 -0.01652771 0.00149995 -0.0239517 -0.01596015 0.00149995 -0.02561128 -0.008583903 0.00149995 -0.01352649 -0.008519947 0.00149995 -0.01299995 -0.008583903 0.00149995 -0.01247346 -0.009073257 0.00149995 -0.01154112 -0.007421016 0.00149995 -0.005545079 -0.009939849 0.00149995 -0.01094293 -0.008814871 0.00149995 -0.006255269 -0.01465892 0.00149995 -0.007454872 -0.01326507 0.00149995 -0.006744682 -0.01098513 0.00149995 -0.01081603 -0.01172 0.00149995 -0.006499946 -0.01036 0.00149995 -0.006499946 0.01851761 0.001431822 -0.02263319 0.01899999 0.001232028 -0.02247595 0.01941418 9.14213e-4 -0.02234095 0.01973199 5.00002e-4 -0.0222373 0.01999998 -0.01192051 -0.02214998 0.01999998 -5e-4 -0.02214998 0.01999998 -0.01192051 0 0.01999998 -5e-4 0 0.01997125 -0.01193243 0.001071751 0.01987648 -5e-4 0.002219319 0.01980692 -0.01200073 0.002772331 0.01698762 -5e-4 0.0105555 0.01698762 -0.01250988 0.0105555 0.018054 -5e-4 0.008605241 0.0171318 -0.01278066 0.01031982 0.01828622 -5e-4 0.008100092 0.0198071 -5e-4 0.00277096 0.0195074 -5e-4 0.00441128 0.01955378 -0.01210588 0.004200994 0.01923215 -5e-4 0.005488455 0.01923137 -0.01223987 0.005491197 0.01889741 -5e-4 0.006548702 0.01864719 -0.01248258 0.007230579 0.01828485 -0.01263314 0.008103251 0.01727277 -0.01305371 0.01008218 -0.005359947 -5e-4 0.0115 -0.005359947 -0.01250988 0.0115 0.01528888 -5e-4 0.0115 0.01528888 -0.01250988 0.0115 -0.005359947 -0.01219999 0.00873202 -0.005359947 -0.012932 0.007999956 -0.005359947 -0.0162 0.006649971 -0.005359947 -0.01319998 0.006999969 -0.005359947 -0.01319998 0.006649971 -0.005359947 -2.67948e-4 0.007999956 -0.005359947 0.001232028 0.01049995 -0.005359947 -0.000999987 0.00873202 -0.005359947 -0.01316225 0.01139062 -0.005359947 -0.01119995 0.008999943 -0.005359947 -0.001999974 0.008999943 -0.005359947 5.00002e-4 0.01123201 0.01649999 -2.67948e-4 -0.02214998 0.017232 -0.000999987 -0.02214998 0.006132483 -0.0162 -0.02214998 0.006132483 -0.01319998 -0.02214998 0.01549994 -0.01319998 -0.02214998 0.01649999 -0.012932 -0.02214998 0.01945126 -0.01329666 -0.02214998 0.017232 -0.01219999 -0.02214998 0.01985776 -0.01266127 -0.02214998 0.01749998 -0.01119995 -0.02214998 0.01749998 -0.001999974 -0.02214998 0.01749998 -0.01119995 0 0.01749998 -0.001999974 0 0.01738005 -0.001999974 0.002045273 0.01738005 -0.01119995 0.002045273 0.01728695 -0.001999974 0.002722203 0.01728695 -0.01119995 0.002722203 0.01702189 -0.001999974 0.004062592 0.01702189 -0.01119995 0.004062592 0.01665306 -0.001999974 0.005378186 0.01665306 -0.01119995 0.005378186 0.01643037 -0.001999974 0.006024181 0.01643037 -0.01119995 0.006024181 0.01561373 -0.001999974 0.007903218 0.01561373 -0.01119995 0.007903218 0.01382929 -0.001999974 0.008999943 0.01382929 -0.01119995 0.008999943 0.006132483 -0.01319998 0.006649971 0.01382929 -0.01319998 0.006999969 0.009622335 -0.01319998 -0.01494795 0.01041054 -0.01319998 -0.01424974 0.008073449 -0.01319998 0.002136051 0.009126484 -0.01319998 0.002136051 0.01005882 -0.01319998 0.001646697 0.008073449 -0.01319998 -0.0108639 0.006416022 -0.01319998 -2.6518e-4 0.009126484 -0.01319998 -0.0108639 0.006789386 -0.01319998 -0.00124973 0.008599996 -0.01319998 -0.01519995 0.007577598 -0.01319998 -0.01494795 0.007141113 -0.01319998 0.001646697 0.006542921 -0.01319998 7.80131e-4 0.01455265 -0.01319998 0.005335688 0.01507651 -0.01319998 0.003598272 0.01065701 -0.01319998 7.80131e-4 0.01539373 -0.01319998 0.001811563 0.01078391 -0.01319998 -2.6518e-4 0.01549994 -0.01319998 0 0.01041054 -0.01319998 -0.00124973 0.009622335 -0.01319998 -0.001947999 0.007141113 -0.01319998 -0.01135325 0.006542921 -0.01319998 -0.01221984 0.006416022 -0.01319998 -0.01326513 0.006789386 -0.01319998 -0.01424974 0.007577598 -0.01319998 -0.001947999 0.008599996 -0.01319998 -0.002199947 0.01005882 -0.01319998 -0.01135325 0.01065701 -0.01319998 -0.01221984 0.01078391 -0.01319998 -0.01326513 0.006132483 -0.0162 0.006649971 0.009199976 -0.0162 -0.01403921 0.008599996 -0.0162 -0.01419997 0.007999956 -0.0162 -0.01403921 0.009199976 -0.0162 -0.01196074 0.009639203 -0.0162 -0.01239997 0.009799957 -0.0162 -0.01299995 0.009639203 -0.0162 -0.01359999 0.01346665 -0.0162 0.008277535 0.009199976 -0.0162 0.001039206 0.01336067 -0.0162 0.00849843 0.009639203 -0.0162 6e-4 0.009799957 -0.0162 0 0.007560729 -0.0162 -0.01359999 0.007399976 -0.0162 -0.01299995 0.007999956 -0.0162 -0.001039206 0.007560729 -0.0162 -6e-4 0.007399976 -0.0162 0 0.009639203 -0.0162 -6e-4 0.009199976 -0.0162 -0.001039206 0.008599996 -0.0162 -0.01179999 0.008599996 -0.0162 -0.00119996 0.007999956 -0.0162 -0.01196074 0.007560729 -0.0162 -0.01239997 0.01294457 -0.0162 0.008853077 0.01227855 -0.0162 0.009074628 0.008599996 -0.0162 0.00119996 0.007999956 -0.0162 0.001039206 0.007560729 -0.0162 6e-4 0.01382929 -2.67948e-4 0.007999956 0.01382929 -9.78886e-5 0.00761801 0.01382929 -3.81964e-4 0.008175551 0.01382929 -8.24428e-4 0.008617997 0.01382929 -0.001381933 0.008902072 0.01382929 -0.000999987 0.00873202 0.01552635 -0.001381933 0.007858991 0.01633852 -0.001381933 0.005990445 0.01692664 -0.001381933 0.004039824 0.01740211 -0.001381933 0 0.01728284 -0.001381933 0.002033829 0.017232 -0.000999987 0 0.01700067 -8.24428e-4 0.002000629 0.01711803 -8.24428e-4 0 0.01656126 -3.81964e-4 0.001948952 0.01667553 -3.81964e-4 0 0.01649999 -2.67948e-4 0 0.01600754 -9.78886e-5 0.001883745 0.01611799 -9.78886e-5 0 0.01665037 -8.24428e-4 0.003973901 0.01621997 -3.81964e-4 0.003871202 0.01567769 -9.78886e-5 0.003741741 0.01607179 -8.24428e-4 0.005892693 0.01565635 -3.81964e-4 0.005740344 0.0151329 -9.78886e-5 0.005548417 0.01527291 -8.24428e-4 0.007730722 0.01487815 -3.81964e-4 0.007530868 0.01438069 -9.78886e-5 0.007279098 0.01382929 -0.01310211 0.00761801 0.01382929 -0.01219999 0.00873202 0.01382929 -0.01237553 0.008617997 0.01382929 -0.01281803 0.008175551 0.01382929 -0.012932 0.007999956 0.01382929 -0.01181799 0.008902072 0.01728284 -0.01181799 0.002033829 0.01438069 -0.01310211 0.007279098 0.0151329 -0.01310211 0.005548417 0.01567769 -0.01310211 0.003741741 0.01600754 -0.01310211 0.001883745 0.01611799 -0.01310211 0 0.01649999 -0.012932 0 0.01656126 -0.01281803 0.001948952 0.01667553 -0.01281803 0 0.01700067 -0.01237553 0.002000629 0.01711803 -0.01237553 0 0.017232 -0.01219999 0 0.01740211 -0.01181799 0 0.01621997 -0.01281803 0.003871202 0.01665037 -0.01237553 0.003973901 0.01692664 -0.01181799 0.004039824 0.01633852 -0.01181799 0.005990445 0.01565635 -0.01281803 0.005740344 0.01607179 -0.01237553 0.005892693 0.01487815 -0.01281803 0.007530868 0.01527291 -0.01237553 0.007730722 0.01552635 -0.01181799 0.007858991 0.01985776 -0.01266127 0 0.01945126 -0.01329666 0 0.01602011 -0.01478004 0.00996536 0.01607578 -0.01481592 0.009857177 0.01630592 -0.01488798 0.009312927 0.0162 -0.01487278 0.009586393 0.01722532 -0.01381248 0.009850025 0.01942449 -0.01330882 0.001008331 0.01983004 -0.01267337 0.001045823 0.01942735 -0.0128495 0.004100024 0.01903617 -0.01348549 0.00395292 0.01855254 -0.01323217 0.007059693 0.01819241 -0.01386928 0.006806015 0.01709991 -0.01415401 0.009684801 0.01691257 -0.01445138 0.009495317 0.01678115 -0.01459634 0.009379565 0.01709955 -0.01361948 0.01019859 0.01676785 -0.01458799 0.009463548 0.01658481 -0.01458799 0.009826123 0.01629763 -0.01458799 0.01011335 0.015935 -0.01458799 0.01029634 0.01690024 -0.01415073 0.01005434 0.01686239 -0.01356154 0.01049095 0.01652586 -0.01415073 0.01042872 0.01625669 -0.01399403 0.01068955 0.01605325 -0.01415073 0.01066732 0.01528888 -0.01316601 0.01138931 0.01612126 -0.0137186 0.01090854 0.01672154 -0.01328653 0.01071846 0.01598292 -0.01344549 0.01112568 0.0165776 -0.01301378 0.010944 0.01591944 -0.01316601 0.01128095 0.0159564 -0.01250988 0.01138526 0.01626068 -0.01250988 0.01124799 0.01654738 -0.01250988 0.01105433 0.01528888 5.00002e-4 0.01123201 0.01528888 1.18033e-4 0.01140207 0.01528888 6.75571e-4 0.01111799 0.01528888 0.001118004 0.01067554 0.01528888 0.00140208 0.010118 0.01528888 0.001232028 0.01049995 0.01595258 -5e-4 0.01138663 0.01626068 -5e-4 0.01124799 0.01654106 -5e-4 0.01105946 0.01861798 0.00140208 0 0.01899999 0.001232028 0 0.01917552 0.001118004 0 0.01990211 1.18033e-4 0 0.01973199 5.00002e-4 0 0.01961803 6.75571e-4 0 0.01647979 1.18033e-4 0.0109831 0.01549392 0.00140208 0.01008296 0.015679 0.001118004 0.01060891 0.0158258 6.75571e-4 0.01102632 0.01690447 1.18033e-4 0.01050388 0.01630192 6.75571e-4 0.01076161 0.01666319 6.75571e-4 0.01035392 0.01602488 0.001118004 0.01041662 0.01628738 0.001118004 0.01012039 0.01567584 0.00140208 0.00998187 0.01581382 0.00140208 0.009826183 0.0159201 1.18033e-4 0.0112943 0.01850301 0.00140208 0.002065956 0.01905709 0.001118004 0.002127826 0.01977914 1.18033e-4 0.002208471 0.01949685 6.75571e-4 0.00217694 0.0181595 0.00140208 0.004106462 0.01870328 0.001118004 0.004229426 0.01913487 6.75571e-4 0.004326999 0.01941192 1.18033e-4 0.004389643 0.01880496 1.18033e-4 0.006516635 0.0185365 6.75571e-4 0.006423652 0.01811844 0.001118004 0.006278753 0.01759165 0.00140208 0.006096184 0.01796567 1.18033e-4 0.00856316 0.01770925 6.75571e-4 0.008440911 0.01730984 0.001118004 0.008250534 0.01680654 0.00140208 0.008010625 0.0145477 -0.001999974 0.008866488 0.01451253 -0.001381933 0.008775115 0.01441049 -8.24428e-4 0.008509993 0.01424366 -9.78886e-5 0.007458508 0.01461744 -3.81964e-4 0.007872164 0.01491409 -8.24428e-4 0.008200466 0.01510459 -0.001381933 0.008411228 0.01517021 -0.001999974 0.008483886 0.01405125 -9.78886e-5 0.007576763 0.01425153 -3.81964e-4 0.008097112 0.0145477 -0.01119995 0.008866488 0.01517021 -0.01119995 0.008483886 0.01405125 -0.01310211 0.007576763 0.01425153 -0.01281803 0.008097112 0.01424366 -0.01310211 0.007458508 0.01461744 -0.01281803 0.007872164 0.01491409 -0.01237553 0.008200466 0.01510459 -0.01181799 0.008411228 0.01441049 -0.01237553 0.008509993 0.01451253 -0.01181799 0.008775115 0.008599996 -0.01419997 0.00119996 0.007999956 -0.01419997 0.001039206 0.007560729 -0.01419997 6e-4 0.007399976 -0.01419997 0 0.007560729 -0.01419997 -6e-4 0.007999956 -0.01419997 -0.001039206 0.008599996 -0.01419997 -0.00119996 0.009199976 -0.01419997 -0.001039206 0.009639203 -0.01419997 -6e-4 0.009799957 -0.01419997 0 0.009639203 -0.01419997 6e-4 0.009199976 -0.01419997 0.001039206 0.008599996 -0.01419997 -0.01179999 0.007999956 -0.01419997 -0.01196074 0.007560729 -0.01419997 -0.01239997 0.007399976 -0.01419997 -0.01299995 0.007560729 -0.01419997 -0.01359999 0.007999956 -0.01419997 -0.01403921 0.008599996 -0.01419997 -0.01419997 0.009199976 -0.01419997 -0.01403921 0.009639203 -0.01419997 -0.01359999 0.009799957 -0.01419997 -0.01299995 0.009639203 -0.01419997 -0.01239997 0.009199976 -0.01419997 -0.01196074 0.01041054 -0.01419997 -0.01424974 0.01078391 -0.01419997 -0.01326513 0.0108 -0.01419997 -0.01299995 0.01065701 -0.01419997 -0.01221984 0.01005882 -0.01419997 -0.01135325 0.009126484 -0.01419997 -0.0108639 0.008073449 -0.01419997 -0.0108639 0.007141113 -0.01419997 -0.01135325 0.006542921 -0.01419997 -0.01221984 0.006416022 -0.01419997 -0.01326513 0.006789386 -0.01419997 -0.01424974 0.007577598 -0.01419997 -0.01494795 0.008599996 -0.01419997 -0.01519995 0.009622335 -0.01419997 -0.01494795 0.01041054 -0.01419997 -0.00124973 0.01078391 -0.01419997 -2.6518e-4 0.0108 -0.01419997 0 0.01065701 -0.01419997 7.80131e-4 0.01005882 -0.01419997 0.001646697 0.009126484 -0.01419997 0.002136051 0.008073449 -0.01419997 0.002136051 0.007141113 -0.01419997 0.001646697 0.006542921 -0.01419997 7.80131e-4 0.006416022 -0.01419997 -2.6518e-4 0.006789386 -0.01419997 -0.00124973 0.007577598 -0.01419997 -0.001947999 0.008599996 -0.01419997 -0.002199947 0.009622335 -0.01419997 -0.001947999</float_array>
          <technique_common>
            <accessor source="#lpf1-mesh-positions-array" count="482" stride="3">
              <param name="X" type="float"/>
              <param name="Y" type="float"/>
              <param name="Z" type="float"/>
            </accessor>
          </technique_common>
        </source>
        <source id="lpf1-mesh-normals">
          <float_array id="lpf1-mesh-normals-array" count="2940">0 -0.6166602 0.7872294 0 -0.6166617 0.7872284 3.00799e-7 -0.6166635 0.7872269 0 -0.6166616 0.7872284 0.4191734 -0.9079062 0 0.4191734 -0.9079062 0 0.4191746 -0.9079056 9.55987e-7 0.4191734 -0.9079062 -1.59438e-7 0.4191738 -0.907906 4.13428e-7 0.4191738 -0.907906 4.27851e-7 0 -1 0 0 -1 0 0 -1 0 0 -1 0 0 -1 0 0 -1 0 0 -1 0 0 -1 0 0 -1 0 0 -1 0 0 -1 0 0 -1 0 0 -1 0 0 -1 0 0 -1 0 0 -1 0 0 -1 0 0 -1 0 0 -1 0 0 -1 0 0 -1 0 0 -1 0 0 -1 0 0 -1 0 0 -1 0 0 -1 0 0 -1 0 0 -1 0 0 -1 0 0 -1 0 0 -1 0 0 -1 0 0 -1 0 0 -1 0 0 -1 0 0 -1 0 0 -1 0 0 -1 0 0 -1 0 0 -1 0 0 -1 0 0 -1 0 0 -1 0 0 -1 0 0 -1 0 0 -1 0 0 -1 0 0 -1 0 0 -1 0 0 -1 0 0 -1 0 0 -1 0 0 -1 0 0 -1 0 0 -1 0 0 -1 0 0 -1 0 0 -1 0 0 -1 0 0 -1 0 0 -1 0 0 -1 0 0 -1 0 0 -1 0 0 -1 0 0 -1 0 0 -1 0 0 -1 0 0 -1 0 0 -1 0 0 -1 0 0 1 0 0 1 0 0 1 0 0 1 0 0 1 0 0 1 0 0 1 0 0 1 0 0 1 0 0 1 0 0 1 0 0 1 0 0 1 0 0 1 0 0 1 0 0 1 0 0 1 0 0 1 0 0 1 0 0 1 0 0 1 0 0 1 0 0 1 0 0 1 0 0 1 0 0 1 0 0 1 0 0 1 0 0 1 0 0 1 0 0 1 0 0 1 0 0 1 0 0 1 0 0 1 0 0 1 0 0 1 0 0 1 0 0 1 0 0 1 0 0 1 0 0 1 0 0 1 0 0 1 0 0 1 0 0 1 0 0 1 0 0 1 0 0 1 0 0 1 0 0 1 0 0 1 0 0 1 0 0 1 0 0 1 0 0 1 0 0 1 0 0 1 0 0 1 0 0 1 0 0 1 0 0 1 0 0 1 0 0 1 0 0 1 0 0 1 0 0 1 0 0 1 0 0 1 0 0 1 0 -0.1564345 0 0.9876883 -0.1564345 0 0.9876883 -0.4539905 0 0.8910065 -0.4539905 0 0.8910065 -0.7071068 0 0.7071068 -0.7071068 0 0.7071068 -0.8910065 0 0.4539905 -0.8910065 0 0.4539905 -0.9876883 0 0.1564345 -0.9876883 0 0.1564345 0 0 1 0 0 1 -0.9876883 0 0.1564348 -0.9876883 0 0.1564348 -0.8910068 0 0.45399 -0.8910068 0 0.45399 -0.7071064 0 0.7071071 -0.7071064 0 0.7071071 -0.4539905 0 0.8910065 -0.4539905 0 0.8910065 -0.1564342 0 0.9876884 -0.1564342 0 0.9876884 -1 0 0 -1 0 0 -0.3546345 0 -0.935005 -0.3546345 0 -0.935005 -0.5498704 0 -0.83525 -0.5498704 0 -0.83525 -0.7186752 0 -0.6953459 -0.7186752 0 -0.6953459 -0.8529348 0 -0.5220174 -0.8529348 0 -0.5220174 -0.9461948 0 -0.3235977 -0.9461948 0 -0.3235977 -0.9939733 0 -0.1096227 -0.9939733 0 -0.1096227 0 0 -1 0 0 -1 0.3099331 0 -0.9507583 0.3099331 -1.26116e-6 -0.9507584 0.3099346 1.0482e-6 -0.9507579 0.3099324 -1.32728e-6 -0.9507586 0.3099358 1.58819e-6 -0.9507575 0.30993 -2.13852e-6 -0.9507594 1 0 0 1 0 0 0.9996407 0 0.02680414 0.9984512 0.002699613 0.05556869 0.9953673 -0.001397848 0.09613543 0.8773986 0 0.4797621 0.8568597 0.007625997 0.5154932 0.9085508 -0.009915232 0.4176568 0.9921855 -1.68752e-6 0.1247717 0.9837192 5.07085e-6 0.1797125 0.9846562 7.71811e-4 0.1745034 0.9688649 -6.15517e-4 0.2475891 0.9701667 -8.08596e-6 0.2424387 0.9536089 6.73131e-6 0.3010481 0.9480325 -0.001694023 0.3181689 0.9304014 0.001426696 0.3665395 0.9235602 -6.67005e-6 0.3834535 0.8871498 1.78375e-5 0.4614817 0.8844559 0.05298846 0.4636055 0 0 1 0 0 1 -1 0 0 -1 0 0 -1 0 0 -1 0 0 -1 0 0 -1 0 0 -1 0 0 -1 0 0 -1 0 0 -1 0 0 -1 0 0 -1 0 0 -1 0 0 -1 0 0 -1 0 0 -1 0 0 -1 0 0 -1 0 0 0.9709419 0 0.2393153 0.9709419 0 0.2393153 0.7485108 0 0.6631227 0.7485108 0 0.6631227 0.354605 0 0.9350162 0.354605 0 0.9350162 -0.1205372 0 0.9927088 -0.1205372 0 0.9927088 -0.5680649 0 0.8229838 -0.5680649 0 0.8229838 -0.8854559 0 0.4647235 -0.8854559 0 0.4647235 -0.9927089 0 0.1205364 -0.9927089 0 0.1205364 -0.9927089 0 -0.1205362 -0.9927089 0 -0.1205362 -0.8854559 0 -0.4647235 -0.8854559 0 -0.4647235 -0.5680649 0 -0.8229838 -0.5680649 0 -0.8229838 -0.1205363 0 -0.9927089 -0.1205363 0 -0.9927089 0.354605 0 -0.9350162 0.354605 0 -0.9350162 0.7485108 0 -0.6631227 0.7485108 0 -0.6631227 0.9709419 0 -0.2393153 0.9709419 0 -0.2393153 0 0 -1 0 0 -1 0 0 -1 0 0 -1 0 0 -1 0 0 -1 0 0 -1 0 0 -1 0 0 -1 0 0 -1 0 0 -1 0 0 -1 0 0 -1 0 0 -1 0 0 -1 -1 0 0 -1 0 0 -0.9982852 0 -0.05853766 -0.9982852 0 -0.05853766 -0.9906756 0 -0.1362423 -0.9906756 0 -0.1362423 -0.9810014 0 -0.1940008 -0.9810014 0 -0.1940008 -0.9628762 0 -0.2699435 -0.9628762 0 -0.2699435 -0.9454239 0 -0.3258431 -0.9454239 0 -0.3258431 -0.9171203 0 -0.3986105 -0.9171203 0 -0.3986105 0 0 -1 0 0 -1 0 1 0 0 1 0 0 1 0 0 1 0 0 1 0 0 1 0 0 1 0 0 1 0 0 1 0 0 1 0 0 1 0 0 1 0 0 1 0 0 1 0 0 1 0 0 1 0 0 1 0 0 1 0 0 1 0 0 1 0 0 1 0 0 1 0 0 1 0 0 1 0 0 1 0 0 1 0 0 1 0 0 1 0 0 1 0 0 1 0 0 1 0 0 1 0 0 1 0 0 1 0 0 1 0 0 1 0 0 1 0 0 1 0 0 0 -1 0 0 -1 0 -1 0 0 -1 0 0 -1 0 0 -1 0 0 -1 0 0 -1 0 0 -1 0 0 -1 0 0 -1 0 0 -1 0 0 -1 0 0 -1 0 0 -1 0 0 -1 0 0 -1 0 0 -1 0 0 -1 0 0 -1 0 0 -1 0 0 -1 0 0 -1 0 0 -1 0 0 -1 0 0 -1 0 0 -1 0 0 -1 0 0 -1 0 0 -1 0 0 -1 0 0 -1 0 0 -1 0 0 -1 0 0 -1 0 0 -1 0 0 -1 0 0 -1 0 0 -1 0 -1 0 0 -1 0 0 0 -0.9135476 -0.406732 0.003408372 -0.9659202 -0.2588175 0 -0.9876877 -0.1564383 0 -0.8386726 -0.5446358 0.002268195 -0.7071042 -0.7071058 0.002268195 -0.707104 -0.7071058 0 -0.1564342 -0.9876884 0.003408491 -0.2588177 -0.9659201 0 -0.4067375 -0.9135451 0 -0.5446349 -0.8386732 -0.905867 -0.1561725 -0.3937196 -0.9337883 -0.1564066 -0.3218328 -0.9689416 -0.1563185 -0.1916159 -0.9860358 -0.156174 -0.05781954 -0.9860358 -0.1561745 -0.05781936 -0.978483 -0.1564072 -0.1345655 -0.9398682 -0.2172997 -0.2634931 -0.912238 -0.4061533 -0.05349212 -0.888977 -0.4535999 -0.06298369 -0.8376629 -0.5439744 -0.04911935 -0.7064998 -0.7064997 -0.04142814 -0.7064998 -0.7064997 -0.04142814 -0.5443583 -0.8382453 -0.03192037 -0.452607 -0.8909049 -0.0378862 -0.4066163 -0.9132878 -0.02384352 -0.156432 -0.9876462 -0.009172976 -0.1564315 -0.9876462 -0.009172797 -0.9652443 -0.1973168 -0.1713748 -0.8775974 -0.4533706 -0.1558135 -0.8775978 -0.4533698 -0.1558139 -0.6968163 -0.7064992 -0.1237168 -0.696816 -0.7064996 -0.1237166 -0.4476047 -0.8906933 -0.07947021 -0.4476047 -0.8906933 -0.07947021 -0.1542874 -0.9876462 -0.02739304 -0.1542878 -0.9876461 -0.02739322 -0.945675 -0.1561731 -0.285147 -0.8533723 -0.4533703 -0.2573152 -0.8533722 -0.4533705 -0.2573151 -0.6775805 -0.7065001 -0.2043091 -0.6775813 -0.7064992 -0.2043098 -0.435249 -0.8906933 -0.1312398 -0.4352488 -0.8906933 -0.1312397 -0.1500287 -0.9876461 -0.04523783 -0.1500285 -0.9876462 -0.04523766 -0.905867 -0.156174 -0.393719 -0.8174495 -0.4533711 -0.3552899 -0.8174498 -0.4533703 -0.3552903 -0.6490593 -0.7064986 -0.2821023 -0.6490583 -0.7065001 -0.2821012 -0.4169278 -0.890693 -0.1812099 -0.4169276 -0.8906933 -0.1812097 -0.1437131 -0.9876462 -0.06246221 -0.1437133 -0.9876462 -0.06246238 -0.1564381 -0.9876878 0 -0.2588177 -0.9659217 0.002952754 -0.8386753 -0.5446317 0 -0.7071055 -0.7071054 0.001965045 -0.7071063 -0.7071045 0.001965045 -0.5446358 -0.8386727 0 -0.4067319 -0.9135475 0 -0.9135459 -0.4067357 0 -0.9659215 -0.2588182 0.002952873 -0.9876882 -0.1564357 0 0 0.9876887 -0.1564325 0.003408551 0.9659202 -0.2588175 0 0.544643 -0.8386679 0.002268075 0.7071042 -0.7071056 0.002268195 0.7071058 -0.7071041 0 0.8386726 -0.5446358 0 0.9135443 -0.4067394 0 0.4067359 -0.9135459 0.003408491 0.2588173 -0.9659203 0 0.1564342 -0.9876884 -0.978483 0.1564072 -0.1345655 -0.1437078 0.9876471 -0.06245994 -0.1500231 0.9876471 -0.04523605 -0.1542816 0.9876471 -0.02739214 -0.1564262 0.9876471 -0.009172499 -0.1564257 0.9876471 -0.009172618 -0.4066237 0.9132845 -0.023844 -0.4526117 0.8909025 -0.0378859 -0.5443583 0.8382453 -0.03192037 -0.7064997 0.7064997 -0.04142814 -0.7064998 0.7064998 -0.04142814 -0.8376577 0.5439825 -0.04911905 -0.8889763 0.4536011 -0.06298434 -0.9122387 0.4061517 -0.05349218 -0.9860357 0.1561744 -0.05781954 -0.9860359 0.156174 -0.05781936 -0.154282 0.9876471 -0.02739208 -0.4476093 0.8906909 -0.07947105 -0.4476094 0.8906909 -0.07947105 -0.6968164 0.7064992 -0.1237167 -0.6968159 0.7064996 -0.1237168 -0.8775968 0.4533718 -0.1558137 -0.8775973 0.453371 -0.1558135 -0.9725205 0.1561731 -0.1726667 -0.9575596 0.2173029 -0.189365 -0.9337883 0.1564065 -0.3218328 -0.1500229 0.9876472 -0.04523605 -0.4352536 0.8906909 -0.1312411 -0.4352534 0.8906909 -0.1312411 -0.6775804 0.7065002 -0.2043095 -0.6775814 0.7064993 -0.2043094 -0.8533717 0.4533715 -0.257315 -0.8533716 0.4533717 -0.257315 -0.9386001 0.1973147 -0.2830137 -0.9510393 0.1563184 -0.266625 -0.143708 0.9876471 -0.06245994 -0.4169323 0.8906906 -0.1812117 -0.4169318 0.8906908 -0.1812117 -0.6490595 0.7064986 -0.2821017 -0.6490579 0.7065001 -0.2821017 -0.8174489 0.4533723 -0.3552899 -0.8174493 0.4533717 -0.3552898 -0.9058672 0.1561724 -0.3937191 -0.9058668 0.156174 -0.3937194 -0.4067394 0.9135442 0 -0.2588177 0.9659217 0.002952933 -0.1564323 0.9876887 0 -0.5446358 0.8386727 0 -0.7071055 0.7071055 0.001964986 -0.7071045 0.7071063 0.001964986 -0.9876882 0.1564356 0 -0.9659217 0.2588177 0.002952814 -0.9135467 0.406734 0 -0.83867 0.5446399 0 0.982059 -0.188574 0 0.982059 -0.188574 0 0.8423697 -0.5389002 0 0.8423697 -0.5389002 0 0.5828621 -0.8125711 0 0.5828621 -0.8125711 0 0.2899572 -0.8945287 0.3402106 0.2399255 -0.8777644 0.4146871 0.4011164 -0.9141919 0.05795466 0.4006264 -0.9142815 0.05989879 0.3604749 -0.9165968 0.1729397 0.3555923 -0.9154005 0.1886693 0.2957139 -0.8985257 0.324353 0.181151 -0.8189294 0.5445539 0.1348394 -0.7566365 0.6397809 0.06160199 -0.6947606 0.7165981 0.8904983 -0.1830741 0.4165291 0.9817708 -0.1885187 0.02422457 0.5828528 -0.8125581 0.005650818 0.8422608 -0.5388305 0.01607346 0.9818848 -0.1879731 0.02384155 0.9747425 -0.1898921 0.1175495 0.950541 -0.3001713 0.07980579 0.8424457 -0.5385482 0.0158382 0.8381844 -0.5395793 0.07937955 0.8408575 -0.535494 0.07877016 0.8207466 -0.5447313 0.1721705 0.8265479 -0.535831 0.1723478 0.9696932 -0.1862937 0.1580815 0.9565641 -0.1923386 0.2190685 0.9357387 -0.2550408 0.2436128 0.93916 -0.1845878 0.2896649 0.9172964 -0.1949491 0.3472206 0.8934584 -0.2503483 0.3729044 0.8373351 -0.4545453 0.3037408 0.7975886 -0.5497159 0.248324 0.7534437 -0.6178792 0.2248284 0.6651283 -0.7296932 0.1585949 0.5829403 -0.8124958 0.005573511 0.5816665 -0.8129475 0.02793854 0.5829789 -0.812013 0.02775818 0.5759069 -0.8152634 0.06063783 0.578746 -0.8132358 0.06083202 0.5705882 -0.8171272 0.08205014 0.5296868 -0.8455314 0.06714606 0.8873134 -0.1847192 0.4225562 0.4721398 -0.866712 0.160917 0.517894 -0.8492025 0.1031554 0.3832234 -0.8404055 0.383221 0.4244549 -0.8271157 0.3683987 0.3350962 -0.8291066 0.4475408 0.2696314 -0.8012357 0.5341536 -0.2781602 -0.8601534 0.427508 0.6378348 -0.4316684 0.6378316 0.5209876 -0.3783742 0.7651176 0.3671647 -0.5797618 0.7273694 0.001347601 -0.1420782 0.9898546 0.7625866 -0.1020499 0.638786 0.663449 -0.4174901 0.6209165 0.754188 -0.4200011 0.5047767 0.7677112 -0.4847752 0.4190614 0.6548095 -0.7348366 0.1767481 0.6154876 -0.7243247 0.3106905 0.4729731 -0.8481123 0.2387509 0.4804496 -0.8454663 0.2331413 0.1506726 -0.662907 0.733384 0.3384304 -0.660276 0.670448 0.3384317 -0.6602753 0.670448 0.5310558 -0.6602751 0.5310524 0.5310551 -0.6602754 0.5310525 0.6505315 -0.6628072 0.3708036 0.6650154 -0.6515272 0.3650572 0 -0.1653606 0.9862332 3.19089e-5 -0.1663429 0.986068 -3.17643e-5 -0.4779958 0.8783622 0 -0.4788718 0.8778849 0.1792947 -0.5537074 0.8131799 0.1820307 -0.5556071 0.8112741 0.5105578 -0.3672368 0.7774753 0.5180321 -0.3718543 0.7703033 0.7672751 -0.1269924 0.6286189 0.7774848 -0.1335986 0.6145477 0.1770578 -0.5529291 0.814199 0.1798059 -0.5547903 0.8123285 0.5046001 -0.3660535 0.7819103 0.5121291 -0.3705721 0.7748548 0.7597461 -0.1265147 0.6377929 0.7700846 -0.1329652 0.6239311 0.4896163 -0.3358412 0.8046655 0.4055855 -0.16578 0.8988978 0.4834833 -0.2087443 0.8500998 0.5536595 -0.1463261 0.8197865 0.746048 -0.0994637 0.6584219 0.1670367 -0.1640073 0.9722142 0.1670382 -0.1640059 0.9722142 0.1509031 -0.4536645 0.8783034 0.1392233 -0.4742081 0.8693351 0 0.4067361 0.9135457 -0.003167569 0.258817 0.9659212 0 0.1564327 0.9876886 0 0.54464 0.8386701 -0.002107799 0.7071052 0.7071052 -0.002107799 0.7071052 0.7071052 0 0.9876886 0.1564327 -0.003167569 0.9659211 0.2588175 0 0.913545 0.4067377 0 0.8386701 0.54464 0.1683301 0 0.9857307 0.1693295 -5.68499e-5 0.9855595 0.41035 2.82456e-5 0.9119281 0.4112765 0 0.9115107 0.5579998 0 0.8298411 0.5596837 -5.71255e-5 0.8287063 0.7484216 1.12413e-4 0.6632233 0.7497659 0 0.6617032 0.9256143 0.3784682 0 0.1305235 0.9914453 0 0.1564327 0.9876884 6.03871e-4 0.3828204 0.9238226 -4.84257e-4 0.4067394 0.9135442 0 0.6087611 0.7933537 0 0.544635 0.8386713 -0.001833617 0.7929974 0.6092181 0.00291264 0.9876886 0.1564327 0 0.9920297 0.1260011 8.68291e-4 0.9135454 0.4067359 -7.49493e-4 0.9256143 0.3784682 0 0.83867 0.54464 0 0.7071055 0.7071055 -0.001957237 0.5511779 0.1558891 0.8196959 0.02670353 0.9873364 0.1563769 0.0692892 0.9113494 0.4057602 0.1397193 0.8909463 0.4320803 0.09260654 0.8350661 0.5422995 0.1198793 0.7020073 0.7020077 0.7394636 0.1542565 0.6552851 0.7394628 0.154255 0.6552863 0.6688035 0.4488248 0.5926704 0.6688038 0.4488256 0.5926694 0.5330041 0.7020059 0.4723287 0.5330044 0.7020065 0.4723274 0.3436639 0.8883409 0.3045414 0.3436627 0.8883401 0.3045452 0.1187293 0.9873364 0.105215 0.4053333 0.155888 0.9007796 0.4762644 0.1982839 0.8566538 0.4342212 0.4488234 0.7810311 0.4342226 0.4488251 0.7810292 0.3460534 0.7020075 0.6224407 0.3460515 0.702006 0.6224436 0.223123 0.8883404 0.4013319 0.2231251 0.8883413 0.4013292 0.07708615 0.9873365 0.1386528 0.1198796 0.7020074 0.7020074 0.1417705 0.5391388 0.8301991 0.1868555 0.4510638 0.8727122 0.1541393 0.4018752 0.902628 0.1663158 0.1542545 0.9739325 0.1663153 0.154254 0.9739327 0.1564268 0.9876512 0.008706092 0.1564267 0.9876512 0.008706033 0.4066352 0.9133102 0.02263164 0.4527886 0.8909078 0.03557735 0.8892024 0.4536319 0.059475 0.8377579 0.5440476 0.04662561 0.7065597 0.70656 0.03932374 0.7065598 0.7065598 0.0393238 0.5443858 0.8382877 0.03029793 0.1544945 0.9876512 0.02601045 0.1544944 0.9876512 0.02601039 0.4482397 0.8907223 0.0754649 0.4482408 0.8907217 0.0754655 0.6978324 0.70656 0.1174865 0.6978322 0.70656 0.1174865 0.8789224 0.4534303 0.1479747 0.8789212 0.4534329 0.1479737 0.986199 0.1562014 0.05488675 0.9861997 0.1561969 0.05488812 0.9123672 0.4062114 0.05077886 0.9189673 0.1563002 0.362035 0.9498057 0.156197 0.2710562 0.8570731 0.4534319 0.2445921 0.8570727 0.4534329 0.2445916 0.6804854 0.70656 0.1941971 0.6804854 0.7065601 0.1941971 0.4370982 0.8907217 0.1247391 0.4370983 0.8907216 0.1247392 0.150654 0.9876512 0.04299366 0.150654 0.9876512 0.04299366 0.9234158 0.2496423 0.2915164 0.9569458 0.1563747 0.2445433 0.9740182 0.1561977 0.163984 0.9631073 0.203634 0.1759471 0.9799718 0.1564224 0.1232358 0.8974114 0.1564187 0.4125361 0.9080039 0.1919999 0.3723774 0.8246374 0.4534333 0.3381884 0.824638 0.4534319 0.3381891 0.6547338 0.7065591 0.2685104 0.6547332 0.7065599 0.2685098 0.4205559 0.8907222 0.1724724 0.4205565 0.8907218 0.1724728 0.1449529 0.9876511 0.05944609 0.1449527 0.9876512 0.05944585 0.1374612 0.9876512 0.0751639 0.1374609 0.9876513 0.0751636 0.3988201 0.8907222 0.2180747 0.3988208 0.8907216 0.2180755 0.6208946 0.7065592 0.3395057 0.6208947 0.7065589 0.3395059 0.7820166 0.4534333 0.4276075 0.7820165 0.4534339 0.4276072 0.8666293 0.1561976 0.4738735 0.8666292 0.1561979 0.4738734 -0.1804977 -0.1538648 -0.971466 -0.1804968 -0.1538638 -0.9714663 -0.1673417 -0.4010021 -0.9006631 -0.1967068 -0.4501803 -0.8710018 -0.1263959 -0.9872708 -0.09654277 -0.3656595 -0.8878555 -0.2792952 -0.36566 -0.8878559 -0.2792931 -0.5666881 -0.701081 -0.4328395 -0.5666883 -0.701082 -0.4328376 -0.7105348 -0.4478933 -0.5427079 -0.710535 -0.4478939 -0.5427073 -0.7852413 -0.1538649 -0.599768 -0.7852414 -0.153865 -0.5997679 -0.08328336 -0.9872708 -0.1355004 -0.2409356 -0.8878558 -0.3919975 -0.240936 -0.887856 -0.391997 -0.3733945 -0.701082 -0.6075037 -0.373394 -0.7010815 -0.6075046 -0.4681747 -0.447894 -0.7617108 -0.4681751 -0.4478945 -0.7617104 -0.5173996 -0.153865 -0.8417977 -0.5173984 -0.1538631 -0.8417986 -0.1539663 -0.5381407 -0.828673 -0.1302602 -0.7010813 -0.7010829 -0.1302601 -0.7010813 -0.701083 -0.1006783 -0.8344113 -0.5418686 -0.1411665 -0.8907644 -0.4319846 -0.07535696 -0.91095 -0.4055754 -0.02905434 -0.9872708 -0.1563723 -0.1826729 0 -0.9831737 -0.1826729 0 -0.9831737 -0.5236337 0 -0.8519434 -0.5236337 0 -0.8519434 -0.7947048 0 -0.606996 -0.7947048 0 -0.606996 -0.02905327 0.9872717 -0.1563665 -0.07535827 0.9109466 -0.4055828 -0.1411645 0.890762 -0.4319904 -0.1263912 0.9872717 -0.09653919 -0.3656623 0.8878536 -0.2792974 -0.3656643 0.8878531 -0.2792963 -0.5666872 0.7010822 -0.4328387 -0.5666888 0.7010812 -0.432838 -0.7105342 0.4478951 -0.5427073 -0.7105348 0.4478946 -0.542707 -0.08328026 0.9872717 -0.1354954 -0.240938 0.8878535 -0.3920013 -0.2409386 0.8878533 -0.3920012 -0.3733948 0.7010814 -0.6075041 -0.3733938 0.7010819 -0.6075041 -0.4681743 0.4478957 -0.7617101 -0.4681748 0.4478952 -0.7617101 -0.1673418 0.4010004 -0.9006638 -0.1967089 0.4501817 -0.8710007 -0.1539653 0.5381488 -0.8286679 -0.1302602 0.7010813 -0.701083 -0.1302601 0.7010815 -0.7010829 -0.1006783 0.8344113 -0.5418686 -0.1804968 0.1538648 -0.9714662 -0.1804977 0.1538638 -0.9714662 -0.5173997 0.1538631 -0.8417978 -0.5173983 0.1538649 -0.8417984 -0.7852413 0.153865 -0.5997681 -0.7852414 0.1538649 -0.5997679 0.2588191 0 -0.9659258 0.2588191 0 -0.9659258 0.7071068 0 -0.7071068 0.7071068 0 -0.7071068 0.9659258 0 -0.2588191 0.9659258 0 -0.2588191 0.9659258 0 0.2588191 0.9659258 0 0.2588191 0.7071071 0 0.7071064 0.7071071 0 0.7071064 0.2588191 0 0.9659258 0.2588191 0 0.9659258 -0.2588191 0 0.9659258 -0.2588191 0 0.9659258 -0.7071071 0 0.7071064 -0.7071071 0 0.7071064 -0.9659258 0 0.2588191 -0.9659258 0 0.2588191 -0.9659258 0 -0.2588191 -0.9659258 0 -0.2588191 -0.7071068 0 -0.7071068 -0.7071068 0 -0.7071068 -0.2588191 0 -0.9659258 -0.2588191 0 -0.9659258 0.2588191 0 -0.9659258 0.2588191 0 -0.9659258 0.7071076 0 -0.7071061 0.7071076 0 -0.7071061 0.9659258 0 -0.2588191 0.9659258 0 -0.2588191 0.9659258 0 0.2588191 0.9659258 0 0.2588191 0.7071068 0 0.7071068 0.7071068 0 0.7071068 0.2588191 0 0.9659258 0.2588191 0 0.9659258 -0.2588191 0 0.9659258 -0.2588191 0 0.9659258 -0.7071068 0 0.7071068 -0.7071068 0 0.7071068 -0.9659258 0 0.2588191 -0.9659258 0 0.2588191 -0.9659258 0 -0.2588191 -0.9659258 0 -0.2588191 -0.7071076 0 -0.7071061 -0.7071076 0 -0.7071061 -0.2588191 0 -0.9659258 -0.2588191 0 -0.9659258 -0.9350162 0 0.354605 -0.9981754 0 0.06038093 -0.9915728 -0.0478329 -0.1203976 -0.98362 0 -0.1802542 -0.8229834 0 -0.5680656 -0.8229834 0 -0.5680656 -0.4647235 0 -0.8854559 -0.4647235 0 -0.8854559 0 0 -1 0 0 -1 0.4647231 0 -0.885456 0.4647231 0 -0.885456 0.8229842 0 -0.5680643 0.8229842 0 -0.5680643 0.9927089 0 -0.1205373 0.9927089 0 -0.1205373 0.9350162 0 0.354605 0.9350162 0 0.354605 0.6631227 0 0.7485107 0.6631227 0 0.7485107 0.2393161 0 0.9709417 0.2393161 0 0.9709417 -0.2393161 0 0.9709417 -0.2393161 0 0.9709417 -0.6631232 0 0.7485104 -0.6631232 0 0.7485104 -0.9350162 0 0.354605 -0.9350163 0 0.3546049 -0.9981754 0 0.06038081 -0.9915728 -0.04783296 -0.1203975 -0.98362 0 -0.1802542 -0.8229834 0 -0.5680656 -0.8229834 0 -0.5680656 -0.4647235 0 -0.8854559 -0.4647235 0 -0.8854559 0 0 -1 0 0 -1 0.4647232 0 -0.885456 0.4647232 0 -0.885456 0.8229842 0 -0.5680643 0.8229842 0 -0.5680643 0.9927088 0 -0.1205372 0.9927088 0 -0.1205372 0.9350163 0 0.3546049 0.9350163 0 0.3546049 0.6631225 0 0.748511 0.6631225 0 0.748511 0.2393156 0 0.9709419 0.2393156 0 0.9709419 -0.2393156 0 0.9709419 -0.2393156 0 0.9709419 -0.6631229 0 0.7485105 -0.6631229 0 0.7485105 -0.9350163 0 0.3546049 -0.9659257 0 0.2588196 -0.9659257 0 0.2588196 -0.7071068 0 0.7071068 -0.7071068 0 0.7071068 -0.2588196 0 0.9659257 -0.2588196 0 0.9659257 0.2588193 0 0.9659258 0.2588193 0 0.9659258 0.7071074 0 0.7071063 0.7071074 0 0.7071063 0.9659257 0 0.2588196 0.9659257 0 0.2588196 0.9659258 0 -0.2588193 0.9659258 0 -0.2588193 0.7071074 0 -0.7071063 0.7071074 0 -0.7071063 0.2588183 0 -0.965926 0.2588183 0 -0.965926 -0.2588185 0 -0.965926 -0.2588185 0 -0.965926 -0.7071068 0 -0.7071068 -0.7071068 0 -0.7071068 -0.9659258 0 -0.2588193 -0.9659258 0 -0.2588193 -0.9659258 0 0.2588195 -0.9659258 0 0.2588195 -0.7071068 0 0.7071068 -0.7071068 0 0.7071068 -0.2588191 0 0.9659258 -0.2588191 0 0.9659258 0.2588188 0 0.9659259 0.2588188 0 0.9659259 0.7071074 0 0.7071063 0.7071074 0 0.7071063 0.9659258 0 0.2588195 0.9659258 0 0.2588195 0.9659258 0 -0.2588195 0.9659258 0 -0.2588195 0.7071071 0 -0.7071065 0.7071071 0 -0.7071065 0.2588193 0 -0.9659258 0.2588193 0 -0.9659258 -0.2588196 0 -0.9659257 -0.2588196 0 -0.9659257 -0.7071065 0 -0.7071071 -0.7071065 0 -0.7071071 -0.9659258 0 -0.2588195 -0.9659258 0 -0.2588195 0 1 0 0 1 0 0 1 0 0 1 0 0 1 0 0 1 0 0 1 0 0 1 0 0 1 0 0 1 0 0 1 0 0 1 0 0 1 0 0 1 0 0 1 0 0 1 0 0 1 0 0 1 0 0 1 0 0 1 0 0 1 0 0 1 0 0 1 0 0 1 0 0 1 0 0 1 0 0 1 0 0 1 0 0 1 0 0 1 0 0 1 0 0 1 0 0 1 0 0 1 0 0 1 0 0 1 0 0 1 0 0 1 0 0 1 0 0 1 0 0 1 0 0 1 0 0 1 0 0 1 0 0 1 0 0 1 0 0 1 0 0 1 0 0 1 0 0 1 0 0 1 0 0 1 0</float_array>
          <technique_common>
            <accessor source="#lpf1-mesh-normals-array" count="980" stride="3">
              <param name="X" type="float"/>
              <param name="Y" type="float"/>
              <param name="Z" type="float"/>
            </accessor>
          </technique_common>
        </source>
        <source id="lpf1-mesh-map-0">
          <float_array id="lpf1-mesh-map-0-array" count="5880">0.1040152 0.9340621 0.1040165 0.9203128 0.1042152 0.9342086 0.1042152 0.9342086 0.1040165 0.9203128 0.105831 0.9208589 0.1042152 0.9342086 0.105831 0.9208589 0.1044168 0.9343538 0.1044168 0.9343538 0.105831 0.9208589 0.10583 0.9320201 0.08133351 0.943854 0.07746905 0.9441485 0.07978963 0.9219722 0.07978963 0.9219722 0.07746905 0.9441485 0.07633602 0.9280897 0.07978963 0.9219722 0.07633602 0.9280897 0.07630538 0.9273889 0.07630538 0.9273889 0.07643342 0.9253264 0.07978963 0.9219722 0.07978963 0.9219722 0.07643342 0.9253264 0.07688486 0.9233046 0.07978963 0.9219722 0.07688486 0.9233046 0.07764941 0.9213756 0.08302861 0.8989848 0.08255475 0.8986136 0.09155833 0.8934093 0.07586199 0.9166733 0.0758602 0.9166584 0.09377276 0.9201963 0.09377276 0.9201963 0.0758602 0.9166584 0.07906132 0.9162696 0.09155833 0.8934093 0.08255475 0.8986136 0.07771229 0.8950913 0.08416789 0.9083643 0.08223915 0.9008378 0.08439266 0.9089227 0.08439266 0.9089227 0.08223915 0.9008378 0.08279758 0.9006131 0.08255475 0.8986136 0.08195871 0.8985291 0.07771229 0.8950913 0.07771229 0.8950913 0.08195871 0.8985291 0.08140027 0.8987538 0.07771229 0.8950913 0.08140027 0.8987538 0.07733619 0.8963555 0.07733619 0.8963555 0.08140027 0.8987538 0.08102899 0.8992277 0.07906132 0.9162696 0.08278238 0.9101328 0.09377276 0.9201963 0.09377276 0.9201963 0.08278238 0.9101328 0.08337837 0.9102174 0.09377276 0.9201963 0.08337837 0.9102174 0.08393687 0.9099926 0.07906132 0.9162696 0.07712024 0.9002882 0.08094447 0.8998237 0.08094447 0.8998237 0.07712024 0.9002882 0.0770381 0.8989719 0.08094447 0.8998237 0.0770381 0.8989719 0.08102899 0.8992277 0.08102899 0.8992277 0.0770381 0.8989719 0.07711046 0.897655 0.08102899 0.8992277 0.07711046 0.897655 0.07733619 0.8963555 0.08253949 0.9081334 0.08216828 0.9086073 0.08094447 0.8998237 0.08094447 0.8998237 0.08216828 0.9086073 0.0820837 0.9092032 0.08094447 0.8998237 0.0820837 0.9092032 0.07906132 0.9162696 0.07906132 0.9162696 0.0820837 0.9092032 0.08230847 0.9097616 0.07906132 0.9162696 0.08230847 0.9097616 0.08278238 0.9101328 0.09377276 0.9201963 0.09679591 0.908922 0.09866434 0.919602 0.09866434 0.919602 0.09679591 0.908922 0.09756129 0.908922 0.09866434 0.919602 0.09756129 0.908922 0.09979313 0.9190095 0.08279758 0.9006131 0.08316886 0.9001392 0.08439266 0.9089227 0.08439266 0.9089227 0.08316886 0.9001392 0.09643536 0.9059537 0.08439266 0.9089227 0.09643536 0.9059537 0.08430808 0.9095187 0.08430808 0.9095187 0.09643536 0.9059537 0.0958625 0.9064612 0.08094447 0.8998237 0.08116924 0.9003821 0.08253949 0.9081334 0.08253949 0.9081334 0.08116924 0.9003821 0.0816431 0.9007533 0.08253949 0.9081334 0.0816431 0.9007533 0.08309793 0.9079086 0.08309793 0.9079086 0.0816431 0.9007533 0.08223915 0.9008378 0.08309793 0.9079086 0.08223915 0.9008378 0.08369398 0.9079931 0.08369398 0.9079931 0.08223915 0.9008378 0.08416789 0.9083643 0.09733045 0.9025921 0.09846675 0.9026332 0.09717851 0.9057705 0.09717851 0.9057705 0.09846675 0.9026332 0.0979216 0.9059536 0.08302861 0.8989848 0.09155833 0.8934093 0.08325338 0.8995432 0.08325338 0.8995432 0.09155833 0.8934093 0.09230321 0.899542 0.08325338 0.8995432 0.09230321 0.899542 0.08316886 0.9001392 0.0958625 0.9064612 0.09559112 0.9071769 0.08430808 0.9095187 0.08430808 0.9095187 0.09559112 0.9071769 0.09559112 0.9075623 0.08430808 0.9095187 0.09559112 0.9075623 0.08393687 0.9099926 0.08393687 0.9099926 0.09559112 0.9075623 0.09568339 0.9079366 0.08393687 0.9099926 0.09568339 0.9079366 0.09377276 0.9201963 0.09377276 0.9201963 0.09568339 0.9079366 0.09611821 0.9085664 0.09377276 0.9201963 0.09611821 0.9085664 0.09679591 0.908922 0.1023148 0.9134873 0.1023289 0.9147621 0.09756129 0.908922 0.09756129 0.908922 0.1023289 0.9147621 0.1020648 0.9160092 0.09846675 0.9026332 0.09953474 0.9030234 0.0979216 0.9059536 0.0979216 0.9059536 0.09953474 0.9030234 0.1004298 0.9037246 0.0979216 0.9059536 0.1004298 0.9037246 0.09849452 0.906461 0.09849452 0.906461 0.1004298 0.9037246 0.1010645 0.904668 0.09849452 0.906461 0.1010645 0.904668 0.09876596 0.9071766 0.09876596 0.9071766 0.1010645 0.904668 0.1013764 0.9057613 0.09876596 0.9071766 0.1013764 0.9057613 0.09867376 0.9079363 0.09867376 0.9079363 0.1013764 0.9057613 0.1023148 0.9134873 0.09867376 0.9079363 0.1023148 0.9134873 0.09823894 0.9085662 0.09823894 0.9085662 0.1023148 0.9134873 0.09756129 0.908922 0.1020648 0.9160092 0.1015353 0.9171689 0.09756129 0.908922 0.09756129 0.908922 0.1015353 0.9171689 0.1007657 0.9181852 0.09756129 0.908922 0.1007657 0.9181852 0.09979313 0.9190095 0.09733045 0.9025921 0.09717851 0.9057705 0.09634917 0.9027113 0.09634917 0.9027113 0.09717851 0.9057705 0.09643536 0.9059537 0.09634917 0.9027113 0.09643536 0.9059537 0.09521287 0.9026702 0.09230321 0.899542 0.09261518 0.9006354 0.08316886 0.9001392 0.08316886 0.9001392 0.09261518 0.9006354 0.09324979 0.9015788 0.08316886 0.9001392 0.09324979 0.9015788 0.09643536 0.9059537 0.09643536 0.9059537 0.09324979 0.9015788 0.09414488 0.9022799 0.09643536 0.9059537 0.09414488 0.9022799 0.09521287 0.9026702 0.06877207 0.910346 0.06892782 0.9097645 0.07459723 0.9168891 0.06718343 0.9107716 0.06776487 0.9109274 0.05864971 0.9220878 0.06718343 0.9087573 0.06660193 0.9003154 0.06776487 0.9086015 0.06776487 0.9086015 0.06660193 0.9003154 0.06675773 0.9008968 0.07459723 0.9168891 0.06892782 0.9097645 0.07459723 0.9003154 0.07459723 0.9003154 0.06892782 0.9097645 0.06877207 0.909183 0.07459723 0.9003154 0.06877207 0.909183 0.06834638 0.9087573 0.07387602 0.8960314 0.06877207 0.8997339 0.07332432 0.894686 0.07332432 0.894686 0.06877207 0.8997339 0.06834638 0.8993082 0.07332432 0.894686 0.06834638 0.8993082 0.0726267 0.8934102 0.0726267 0.8934102 0.06834638 0.8993082 0.06776487 0.8991524 0.0726267 0.8934102 0.06776487 0.8991524 0.05761814 0.8934102 0.05761814 0.8934102 0.06776487 0.8991524 0.06718343 0.8993082 0.05761814 0.8934102 0.06718343 0.8993082 0.06675773 0.8997339 0.07459723 0.9003154 0.06892788 0.9003154 0.07451647 0.8988636 0.07451647 0.8988636 0.06892788 0.9003154 0.06877207 0.8997339 0.07451647 0.8988636 0.06877207 0.8997339 0.07427507 0.8974296 0.07427507 0.8974296 0.06877207 0.8997339 0.07387602 0.8960314 0.05253022 0.9216358 0.05146539 0.9209347 0.06675773 0.910346 0.05864971 0.9220878 0.06776487 0.9109274 0.07459723 0.9168891 0.07459723 0.9168891 0.06776487 0.9109274 0.06834638 0.9107716 0.07459723 0.9168891 0.06834638 0.9107716 0.06877207 0.910346 0.06675773 0.9008968 0.06718343 0.9013225 0.06776487 0.9086015 0.06776487 0.9086015 0.06718343 0.9013225 0.06776487 0.9014783 0.06776487 0.9086015 0.06776487 0.9014783 0.06834638 0.9087573 0.06834638 0.9087573 0.06776487 0.9014783 0.06834638 0.9013225 0.06834638 0.9087573 0.06834638 0.9013225 0.07459723 0.9003154 0.07459723 0.9003154 0.06834638 0.9013225 0.06877207 0.9008968 0.07459723 0.9003154 0.06877207 0.9008968 0.06892788 0.9003154 0.06675773 0.909183 0.05692404 0.9035418 0.06718343 0.9087573 0.06718343 0.9087573 0.05692404 0.9035418 0.05744028 0.9025287 0.06675773 0.8997339 0.06660193 0.9003154 0.05761814 0.8934102 0.05761814 0.8934102 0.06660193 0.9003154 0.06718343 0.9087573 0.05761814 0.8934102 0.06718343 0.9087573 0.05761814 0.9014056 0.05761814 0.9014056 0.06718343 0.9087573 0.05744028 0.9025287 0.04953902 0.9075511 0.0500552 0.906538 0.05230635 0.9090213 0.05230635 0.9090213 0.0500552 0.906538 0.05281388 0.9084485 0.04953902 0.9075511 0.05230635 0.9090213 0.04936116 0.9086741 0.04936116 0.9086741 0.05230635 0.9090213 0.05212318 0.9097644 0.04936116 0.9086741 0.05212318 0.9097644 0.04936116 0.9164576 0.05057895 0.9200184 0.0535295 0.9113519 0.05428922 0.9112597 0.06718343 0.9107716 0.05864971 0.9220878 0.06675773 0.910346 0.06675773 0.910346 0.05864971 0.9220878 0.0537222 0.9220878 0.06675773 0.910346 0.0537222 0.9220878 0.05253022 0.9216358 0.05146539 0.9209347 0.05057895 0.9200184 0.06675773 0.910346 0.06675773 0.910346 0.05057895 0.9200184 0.05428922 0.9112597 0.06675773 0.910346 0.05428922 0.9112597 0.06660193 0.9097645 0.06660193 0.9097645 0.05428922 0.9112597 0.05491912 0.9108248 0.05212318 0.9097644 0.05230635 0.9105076 0.04936116 0.9164576 0.04936116 0.9164576 0.05230635 0.9105076 0.05281388 0.9110805 0.04936116 0.9164576 0.05281388 0.9110805 0.04950088 0.9177248 0.04950088 0.9177248 0.05281388 0.9110805 0.0535295 0.9113519 0.04950088 0.9177248 0.0535295 0.9113519 0.04991346 0.9189311 0.04991346 0.9189311 0.0535295 0.9113519 0.05057895 0.9200184 0.05491912 0.9108248 0.05527484 0.9101471 0.06660193 0.9097645 0.06660193 0.9097645 0.05527484 0.9101471 0.05532127 0.9097645 0.06660193 0.9097645 0.05532127 0.9097645 0.06675773 0.909183 0.06675773 0.909183 0.05532127 0.9097645 0.05527484 0.9093818 0.06675773 0.909183 0.05527484 0.9093818 0.05692404 0.9035418 0.05692404 0.9035418 0.05527484 0.9093818 0.05491912 0.9087041 0.05692404 0.9035418 0.05491912 0.9087041 0.05612003 0.9043458 0.05612003 0.9043458 0.05491912 0.9087041 0.05428928 0.9082693 0.05612003 0.9043458 0.05428928 0.9082693 0.05510693 0.9048621 0.0500552 0.906538 0.05085921 0.905734 0.05281388 0.9084485 0.05281388 0.9084485 0.05085921 0.905734 0.05187237 0.9052178 0.05281388 0.9084485 0.05187237 0.9052178 0.0535295 0.908177 0.0535295 0.908177 0.05187237 0.9052178 0.05299538 0.9050399 0.0535295 0.908177 0.05299538 0.9050399 0.05428928 0.9082693 0.05428928 0.9082693 0.05299538 0.9050399 0.05398386 0.9050399 0.05428928 0.9082693 0.05398386 0.9050399 0.05510693 0.9048621 0.05775898 0.9376919 0.05884903 0.9376806 0.05775713 0.9386494 0.05775713 0.9386494 0.05884903 0.9376806 0.05884718 0.9386381 0.1064018 0.9514977 0.1053115 0.9514977 0.1064018 0.9507256 0.1064018 0.9507256 0.1053115 0.9514977 0.1053115 0.9507256 0.1064018 0.9507256 0.1053115 0.9507256 0.1064018 0.9497334 0.1064018 0.9497334 0.1053115 0.9507256 0.1053115 0.9497334 0.1064018 0.9497334 0.1053115 0.9497334 0.1064018 0.9486181 0.1064018 0.9486181 0.1053115 0.9497334 0.1053115 0.9486181 0.1064018 0.9486181 0.1053115 0.9486181 0.1064018 0.947489 0.1064018 0.947489 0.1053115 0.9486181 0.1053115 0.947489 0.05775898 0.9376919 0.05775713 0.9367864 0.05884903 0.9376806 0.05884903 0.9376806 0.05775713 0.9367864 0.05884718 0.936775 0.05884742 0.9260966 0.05775719 0.9260966 0.05775719 0.9249674 0.05884742 0.9260966 0.05775719 0.9249674 0.05884742 0.9249674 0.05884742 0.9249674 0.05775719 0.9249674 0.05775719 0.9238521 0.05884742 0.9249674 0.05775719 0.9238521 0.05884742 0.9238521 0.05884742 0.9238521 0.05775719 0.9238521 0.05775719 0.9228599 0.05884742 0.9238521 0.05775719 0.9228599 0.05884742 0.9228599 0.05884742 0.9228599 0.05775719 0.9228599 0.05775719 0.9220878 0.05884742 0.9228599 0.05775719 0.9220878 0.05884742 0.9220878 0.05775898 0.9358288 0.05884903 0.9358175 0.05884718 0.936775 0.05775898 0.9358288 0.05884718 0.936775 0.05775713 0.9367864 0.05884742 0.9260966 0.05884742 0.9335872 0.05775719 0.9260966 0.05775719 0.9260966 0.05884742 0.9335872 0.05775719 0.9335872 0.115639 0.924807 0.1145487 0.924807 0.1145487 0.9235332 0.115639 0.924807 0.1145487 0.9235332 0.115639 0.9235332 0.115639 0.9235332 0.1145487 0.9235332 0.1145487 0.9223015 0.115639 0.9235332 0.1145487 0.9223015 0.115639 0.9223015 0.115639 0.9223015 0.1145487 0.9223015 0.1145487 0.9211711 0.115639 0.9223015 0.1145487 0.9211711 0.115639 0.9211711 0.115639 0.9211711 0.1145487 0.9211711 0.1145487 0.9201963 0.115639 0.9211711 0.1145487 0.9201963 0.115639 0.9201963 0.05884742 0.9358175 0.05775719 0.9358175 0.05775719 0.9347687 0.05884742 0.9358175 0.05775719 0.9347687 0.05884742 0.9347687 0.05884742 0.9347687 0.05775719 0.9347687 0.05775719 0.9335872 0.05884742 0.9347687 0.05775719 0.9335872 0.05884742 0.9335872 0.115639 0.924807 0.115639 0.9294825 0.1145487 0.924807 0.1145487 0.924807 0.115639 0.9294825 0.1145487 0.9294825 0.1145487 0.9294825 0.115639 0.9294825 0.1145487 0.9441637 0.1145487 0.9441637 0.115639 0.9294825 0.115639 0.9429731 0.1145487 0.9441637 0.115639 0.9429731 0.1155894 0.9432913 0.1155894 0.9432913 0.1154442 0.9435879 0.1145487 0.9441637 0.1145487 0.9441637 0.1154442 0.9435879 0.1152132 0.9438427 0.1145487 0.9441637 0.1152132 0.9438427 0.1149121 0.944038 0.1115735 0.9098713 0.1032726 0.9099145 0.1115022 0.8961276 0.1115022 0.8961276 0.1032726 0.9099145 0.1032012 0.8961706 0.1115022 0.8961276 0.1032012 0.8961706 0.1115074 0.8954734 0.1115074 0.8954734 0.1032012 0.8961706 0.1031942 0.8948404 0.1115074 0.8954734 0.1031942 0.8948404 0.1115519 0.8944801 0.09439909 0.9354242 0.1031267 0.9353519 0.09442859 0.9367026 0.09442859 0.9367026 0.1031267 0.9353519 0.103327 0.9355149 0.09442859 0.9367026 0.103327 0.9355149 0.09443622 0.9370045 0.1031942 0.8948404 0.1031926 0.8945243 0.1115519 0.8944801 0.1115519 0.8944801 0.1031926 0.8945243 0.1031879 0.89362 0.1115519 0.8944801 0.1031879 0.89362 0.1116243 0.893689 0.1116243 0.893689 0.1031879 0.89362 0.103185 0.8930558 0.1116243 0.893689 0.103185 0.8930558 0.1117181 0.89301 0.1030071 0.9383233 0.0944758 0.9383953 0.09445977 0.9378635 0.1030071 0.9383233 0.09445977 0.9378635 0.1031572 0.937426 0.1031572 0.937426 0.09445977 0.9378635 0.09443622 0.9370045 0.1031572 0.937426 0.09443622 0.9370045 0.1032534 0.9369295 0.1032534 0.9369295 0.09443622 0.9370045 0.103327 0.9355149 0.1032534 0.9369295 0.103327 0.9355149 0.103529 0.9356763 0.09438621 0.9202686 0.1031138 0.9201963 0.09438484 0.9340178 0.09438484 0.9340178 0.1031138 0.9201963 0.1031125 0.9339455 0.1064018 0.9397943 0.1064018 0.947489 0.1053115 0.947489 0.09644377 0.9403315 0.09591168 0.9408436 0.09353637 0.9400392 0.09353637 0.9400392 0.09591168 0.9408436 0.09353637 0.941788 0.09353637 0.941788 0.09591168 0.9408436 0.09571695 0.9415431 0.09353637 0.941788 0.09571695 0.9415431 0.09571695 0.941788 0.1053115 0.947489 0.1053115 0.9415431 0.1064018 0.9397943 0.1064018 0.9397943 0.1053115 0.9415431 0.1051167 0.9408436 0.1064018 0.9397943 0.1051167 0.9408436 0.106207 0.9390948 0.106207 0.9390948 0.1051167 0.9408436 0.1045846 0.9403315 0.09353637 0.9400392 0.09532207 0.938693 0.09644377 0.9403315 0.09644377 0.9403315 0.09532207 0.938693 0.09574437 0.9384718 0.09644377 0.9403315 0.09574437 0.9384718 0.09717065 0.9401441 0.09717065 0.9401441 0.09574437 0.9384718 0.09621852 0.9383953 0.09717065 0.9401441 0.09621852 0.9383953 0.1038578 0.9401441 0.1038578 0.9401441 0.09621852 0.9383953 0.1049481 0.9383953 0.1038578 0.9401441 0.1049481 0.9383953 0.1045846 0.9403315 0.1045846 0.9403315 0.1049481 0.9383953 0.1056749 0.9385828 0.1045846 0.9403315 0.1056749 0.9385828 0.106207 0.9390948 0.08216357 0.9462713 0.0832538 0.9462713 0.08216357 0.9468103 0.08216357 0.9468103 0.0832538 0.9462713 0.0832538 0.9468103 0.1023289 0.9180782 0.103419 0.9180771 0.1023357 0.9187728 0.1023357 0.9187728 0.103419 0.9180771 0.1034258 0.9187718 0.1023357 0.9187728 0.1034258 0.9187718 0.1023357 0.9195373 0.1023357 0.9195373 0.1034258 0.9187718 0.1034258 0.9195362 0.1023357 0.9195373 0.1034258 0.9195362 0.1023289 0.9201963 0.1023289 0.9201963 0.1034258 0.9195362 0.103419 0.9201952 0.05884742 0.94128 0.05775719 0.94128 0.05884742 0.9406904 0.05884742 0.9406904 0.05775719 0.94128 0.05775719 0.9406904 0.05884742 0.9406904 0.05775719 0.9406904 0.05884742 0.9399415 0.05884742 0.9399415 0.05775719 0.9406904 0.05775719 0.9399415 0.05884742 0.9399415 0.05775719 0.9399415 0.05884742 0.9395607 0.05884742 0.9395607 0.05775719 0.9399415 0.05775719 0.9395607 0.05884742 0.9395607 0.05775719 0.9395607 0.05884742 0.939205 0.05884742 0.939205 0.05775719 0.9395607 0.05775719 0.939205 0.05884742 0.939205 0.05775719 0.939205 0.05884742 0.9386494 0.05884742 0.9386494 0.05775719 0.939205 0.05775719 0.9386494 0.06416988 0.9461032 0.06307959 0.9461032 0.06416988 0.9453683 0.06416988 0.9453683 0.06307959 0.9461032 0.06307959 0.9453683 0.06416988 0.9453683 0.06307959 0.9453683 0.06416988 0.9446182 0.06416988 0.9446182 0.06307959 0.9453683 0.06307959 0.9446182 0.08216357 0.9441837 0.0832538 0.9441837 0.08216357 0.9447881 0.08216357 0.9447881 0.0832538 0.9441837 0.0832538 0.9447881 0.08216357 0.9447881 0.0832538 0.9447881 0.08216357 0.9455415 0.08216357 0.9455415 0.0832538 0.9447881 0.0832538 0.9455415 0.08216357 0.9455415 0.0832538 0.9455415 0.08216357 0.9462713 0.08216357 0.9462713 0.0832538 0.9455415 0.0832538 0.9462713 0.05651134 0.9429857 0.05582171 0.9427909 0.05888146 0.9427909 0.05651134 0.9429857 0.05888146 0.9427909 0.05701625 0.9435177 0.04936116 0.9545659 0.04936116 0.9523854 0.05444383 0.9545659 0.05444383 0.9545659 0.04936116 0.9523854 0.05582171 0.9523854 0.05444383 0.9545659 0.05582171 0.9523854 0.05812406 0.9527752 0.05812406 0.9527752 0.05582171 0.9523854 0.05651134 0.9521906 0.05812406 0.9527752 0.05651134 0.9521906 0.05854678 0.9524556 0.05854678 0.9524556 0.05651134 0.9521906 0.05701625 0.9516585 0.05854678 0.9524556 0.05701625 0.9516585 0.05882716 0.9519938 0.05882716 0.9519938 0.05701625 0.9516585 0.05720102 0.9509317 0.05701625 0.9435177 0.05888146 0.9427909 0.05720102 0.9442446 0.05720102 0.9442446 0.05888146 0.9427909 0.05892521 0.9431543 0.05720102 0.9442446 0.05892521 0.9431543 0.05720102 0.9509317 0.05720102 0.9509317 0.05892521 0.9431543 0.05892521 0.9514554 0.05720102 0.9509317 0.05892521 0.9514554 0.05882716 0.9519938 0.0502156 0.9272437 0.0569027 0.9272437 0.0502156 0.9427379 0.0502156 0.9427379 0.0569027 0.9272437 0.0569027 0.9427379 0.0569027 0.9272437 0.0502156 0.9272437 0.0569027 0.9258367 0.0569027 0.9258367 0.0502156 0.9272437 0.0502156 0.9258367 0.0569027 0.9258367 0.0502156 0.9258367 0.0569027 0.9253816 0.0569027 0.9253816 0.0502156 0.9258367 0.0502156 0.9253816 0.0569027 0.9253816 0.0502156 0.9253816 0.0569027 0.9244963 0.0569027 0.9244963 0.0502156 0.9253816 0.0502156 0.9244963 0.0569027 0.9244963 0.0502156 0.9244963 0.0569027 0.9236488 0.0569027 0.9236488 0.0502156 0.9244963 0.0502156 0.9236488 0.0569027 0.9236488 0.0502156 0.9236488 0.0569027 0.923241 0.0569027 0.923241 0.0502156 0.9236488 0.0502156 0.923241 0.0569027 0.923241 0.0502156 0.923241 0.0569027 0.9220878 0.0569027 0.9220878 0.0502156 0.923241 0.0502156 0.9220878 0.1136942 0.9201963 0.1136942 0.9334307 0.1070071 0.9201963 0.1070071 0.9201963 0.1136942 0.9334307 0.1070071 0.9334307 0.05955028 0.923601 0.05955159 0.9233466 0.06790345 0.9236436 0.06790345 0.9236436 0.05955159 0.9233466 0.07349908 0.9234178 0.07460528 0.9446116 0.07035994 0.939355 0.07093536 0.9388504 0.06929749 0.9269317 0.06790345 0.9236436 0.07006287 0.9269357 0.07006287 0.9269357 0.06790345 0.9236436 0.07349908 0.9234178 0.07006287 0.9269357 0.07349908 0.9234178 0.07073873 0.9272948 0.06924927 0.9363808 0.06808388 0.928671 0.07001465 0.9363847 0.07001465 0.9363847 0.06808388 0.928671 0.06835162 0.9293879 0.07035994 0.939355 0.07460528 0.9446116 0.0696159 0.9395344 0.0696159 0.9395344 0.07460528 0.9446116 0.06779664 0.9445769 0.0696159 0.9395344 0.06779664 0.9445769 0.0688737 0.9393475 0.06929749 0.9269317 0.06861799 0.927284 0.06790345 0.9236436 0.06790345 0.9236436 0.06861799 0.927284 0.06818002 0.9279116 0.06790345 0.9236436 0.06818002 0.9279116 0.06808388 0.928671 0.07349908 0.9234178 0.07401865 0.9246302 0.07073873 0.9272948 0.07073873 0.9272948 0.07401865 0.9246302 0.07439303 0.9258949 0.07073873 0.9272948 0.07439303 0.9258949 0.07117027 0.9279269 0.07117027 0.9279269 0.07439303 0.9258949 0.07461696 0.9271948 0.07117027 0.9279269 0.07461696 0.9271948 0.07125866 0.9286872 0.07125866 0.9286872 0.07461696 0.9271948 0.07468742 0.9285119 0.07125866 0.9286872 0.07468742 0.9285119 0.07098358 0.9294014 0.07098358 0.9294014 0.07468742 0.9285119 0.07460528 0.9446116 0.07098358 0.9294014 0.07460528 0.9446116 0.07040816 0.929906 0.06924927 0.9363808 0.06856977 0.936733 0.06808388 0.928671 0.06808388 0.928671 0.06856977 0.936733 0.0681318 0.9373607 0.06808388 0.928671 0.0681318 0.9373607 0.06790345 0.9236436 0.06790345 0.9236436 0.0681318 0.9373607 0.06803566 0.93812 0.06790345 0.9236436 0.06803566 0.93812 0.06779664 0.9445769 0.06779664 0.9445769 0.06803566 0.93812 0.0683034 0.938837 0.06779664 0.9445769 0.0683034 0.938837 0.0688737 0.9393475 0.06835162 0.9293879 0.06892192 0.9298984 0.07001465 0.9363847 0.07001465 0.9363847 0.06892192 0.9298984 0.06966412 0.9300854 0.07001465 0.9363847 0.06966412 0.9300854 0.07069051 0.9367439 0.07069051 0.9367439 0.06966412 0.9300854 0.07040816 0.929906 0.07069051 0.9367439 0.07040816 0.929906 0.07112205 0.9373759 0.07112205 0.9373759 0.07040816 0.929906 0.07460528 0.9446116 0.07112205 0.9373759 0.07460528 0.9446116 0.07121044 0.9381362 0.07121044 0.9381362 0.07460528 0.9446116 0.07093536 0.9388504 0.1023289 0.9100739 0.1045095 0.9100739 0.1023289 0.918 0.1023289 0.918 0.1045095 0.9100739 0.1045095 0.918 0.09340846 0.9201963 0.09353637 0.9220088 0.08125501 0.921054 0.08125501 0.921054 0.09353637 0.9220088 0.0852037 0.9225968 0.08133351 0.943854 0.08403789 0.9377536 0.08667689 0.9434769 0.08667689 0.9434769 0.08403789 0.9377536 0.08448117 0.9378394 0.08667689 0.9434769 0.08448117 0.9378394 0.084908 0.9376922 0.08393162 0.9362466 0.08363562 0.9365876 0.07978963 0.9219722 0.07978963 0.9219722 0.08363562 0.9365876 0.08354973 0.9370308 0.07978963 0.9219722 0.08354973 0.9370308 0.08133351 0.943854 0.08133351 0.943854 0.08354973 0.9370308 0.08369702 0.9374576 0.08133351 0.943854 0.08369702 0.9374576 0.08403789 0.9377536 0.07978963 0.9219722 0.07980281 0.9217922 0.08326661 0.9268217 0.08326661 0.9268217 0.07980281 0.9217922 0.07986837 0.9216266 0.08326661 0.9268217 0.08297061 0.9271625 0.07978963 0.9219722 0.07978963 0.9219722 0.08297061 0.9271625 0.08288472 0.9276058 0.07978963 0.9219722 0.08288472 0.9276058 0.08393162 0.9362466 0.084908 0.9376922 0.085204 0.9373512 0.08667689 0.9434769 0.08667689 0.9434769 0.085204 0.9373512 0.08528983 0.936908 0.08667689 0.9434769 0.08528983 0.936908 0.08424299 0.9282671 0.08424299 0.9282671 0.08453899 0.9279262 0.08667689 0.9434769 0.08667689 0.9434769 0.08453899 0.9279262 0.08462488 0.927483 0.08667689 0.9434769 0.08462488 0.927483 0.0852037 0.9225968 0.08288472 0.9276058 0.08303201 0.9280325 0.08393162 0.9362466 0.08393162 0.9362466 0.08303201 0.9280325 0.08337295 0.9283285 0.08393162 0.9362466 0.08337295 0.9283285 0.08435839 0.9360994 0.08435839 0.9360994 0.08337295 0.9283285 0.08381617 0.9284144 0.08435839 0.9360994 0.08381617 0.9284144 0.08480167 0.9361853 0.08480167 0.9361853 0.08381617 0.9284144 0.08424299 0.9282671 0.08480167 0.9361853 0.08424299 0.9282671 0.08514261 0.9364812 0.08514261 0.9364812 0.08424299 0.9282671 0.08528983 0.936908 0.07986837 0.9216266 0.08015191 0.9213482 0.08326661 0.9268217 0.08326661 0.9268217 0.08015191 0.9213482 0.08062344 0.9211535 0.08326661 0.9268217 0.08062344 0.9211535 0.08369344 0.9266744 0.08369344 0.9266744 0.08062344 0.9211535 0.08125501 0.921054 0.08369344 0.9266744 0.08125501 0.921054 0.08413666 0.9267602 0.08413666 0.9267602 0.08125501 0.921054 0.0852037 0.9225968 0.08413666 0.9267602 0.0852037 0.9225968 0.0844776 0.9270562 0.0844776 0.9270562 0.0852037 0.9225968 0.08462488 0.927483 0.1129003 0.912297 0.1129003 0.892151 0.1150808 0.912297 0.1150808 0.912297 0.1129003 0.892151 0.1150808 0.892151 0.07762402 0.8943675 0.09147012 0.8926854 0.07765787 0.8946446 0.07765787 0.8946446 0.09147012 0.8926854 0.09155833 0.8934093 0.07765787 0.8946446 0.09155833 0.8934093 0.07771229 0.8950913 0.07762402 0.8943675 0.0776084 0.8942398 0.09147012 0.8926854 0.09147012 0.8926854 0.0776084 0.8942398 0.07756859 0.8939169 0.09147012 0.8926854 0.07756859 0.8939169 0.09140425 0.892151 0.1136942 0.9334307 0.1136942 0.9201963 0.1141434 0.9334532 0.1141434 0.9334532 0.1136942 0.9201963 0.1144211 0.9202578 0.1141434 0.9334532 0.1144211 0.9202578 0.1144211 0.9334922 0.1144211 0.9334922 0.1144211 0.9202578 0.1145487 0.9335184 0.0569027 0.923241 0.0569027 0.9220878 0.05735194 0.922136 0.0569027 0.9236488 0.0569027 0.923241 0.05735194 0.9232827 0.0569027 0.9253816 0.0569027 0.9244963 0.05735194 0.924531 0.05735194 0.927263 0.0569027 0.9272437 0.05735194 0.9258639 0.05735194 0.9258639 0.0569027 0.9272437 0.0569027 0.9258367 0.05735194 0.9258639 0.0569027 0.9258367 0.0569027 0.9253816 0.0569027 0.9236488 0.05735194 0.9232827 0.0569027 0.9244963 0.05735194 0.927263 0.05735194 0.9258639 0.05762958 0.9272966 0.05762958 0.9272966 0.05735194 0.9258639 0.05775719 0.9259428 0.05762958 0.9272966 0.05775719 0.9259428 0.05775719 0.9273192 0.07595086 0.9004231 0.0758602 0.8989692 0.07618278 0.8989718 0.07595086 0.9004231 0.07618278 0.8989718 0.07627111 0.900388 0.07627111 0.900388 0.07618278 0.8989718 0.07639807 0.9003736 0.07639807 0.9003736 0.07618278 0.8989718 0.07658869 0.8989728 0.07639807 0.9003736 0.07658869 0.8989728 0.07667404 0.9003416 0.07667404 0.9003416 0.07658869 0.8989728 0.0770381 0.8989719 0.07667404 0.9003416 0.0770381 0.8989719 0.07712024 0.9002882 0.0569027 0.9253816 0.05735194 0.924531 0.05735194 0.9258639 0.05735194 0.9258639 0.05735194 0.924531 0.05775719 0.9246317 0.05735194 0.9258639 0.05775719 0.9246317 0.05775719 0.9259428 0.0758602 0.8989692 0.07594007 0.8975148 0.07626062 0.897555 0.0758602 0.8989692 0.07626062 0.897555 0.07618278 0.8989718 0.07618278 0.8989718 0.07626062 0.897555 0.07666391 0.8976033 0.07618278 0.8989718 0.07666391 0.8976033 0.07658869 0.8989728 0.07658869 0.8989728 0.07666391 0.8976033 0.07711046 0.897655 0.07658869 0.8989728 0.07711046 0.897655 0.0770381 0.8989719 0.0569027 0.9244963 0.05735194 0.9232827 0.05735194 0.924531 0.05735194 0.924531 0.05735194 0.9232827 0.05775719 0.9234037 0.05735194 0.924531 0.05775719 0.9234037 0.05775719 0.9246317 0.07594007 0.8975148 0.07618933 0.8960797 0.07650345 0.896157 0.07594007 0.8975148 0.07650345 0.896157 0.07626062 0.897555 0.07626062 0.897555 0.07650345 0.896157 0.07689863 0.896252 0.07626062 0.897555 0.07689863 0.896252 0.07666391 0.8976033 0.07666391 0.8976033 0.07689863 0.896252 0.07733619 0.8963555 0.07666391 0.8976033 0.07733619 0.8963555 0.07711046 0.897655 0.0569027 0.923241 0.05735194 0.922136 0.05735194 0.9232827 0.05735194 0.9232827 0.05735194 0.922136 0.05775719 0.9222758 0.05735194 0.9232827 0.05775719 0.9222758 0.05775719 0.9234037 0.07618933 0.8960797 0.07660472 0.8946836 0.07690805 0.894797 0.07618933 0.8960797 0.07690805 0.894797 0.07650345 0.896157 0.07650345 0.896157 0.07690805 0.894797 0.0772897 0.8949374 0.07650345 0.896157 0.0772897 0.8949374 0.07689863 0.896252 0.07689863 0.896252 0.0772897 0.8949374 0.07771229 0.8950913 0.07689863 0.896252 0.07771229 0.8950913 0.07733619 0.8963555 0.07712024 0.9002882 0.07906132 0.9162696 0.07667404 0.9003416 0.07667404 0.9003416 0.07906132 0.9162696 0.07833915 0.9163549 0.05762958 0.9272966 0.05775719 0.9273192 0.05762958 0.9427909 0.07780933 0.9164128 0.07595086 0.9004231 0.07627111 0.900388 0.07780933 0.9164128 0.07627111 0.900388 0.07833915 0.9163549 0.07833915 0.9163549 0.07627111 0.900388 0.07639807 0.9003736 0.07833915 0.9163549 0.07639807 0.9003736 0.07667404 0.9003416 0.05762958 0.9272966 0.05762958 0.9427909 0.05735194 0.927263 0.05735194 0.927263 0.05762958 0.9427909 0.0569027 0.9427379 0.05735194 0.927263 0.0569027 0.9427379 0.0569027 0.9272437 0.07349908 0.9234178 0.05955159 0.9233466 0.07350099 0.9229686 0.07350099 0.9229686 0.05955159 0.9233466 0.05955421 0.9226198 0.1062803 0.9334922 0.1061527 0.9335184 0.1062803 0.9202578 0.05955398 0.9220878 0.07350182 0.9222419 0.07350194 0.9225634 0.05955398 0.9220878 0.07350194 0.9225634 0.05955421 0.9226198 0.05955421 0.9226198 0.07350194 0.9225634 0.0735017 0.922691 0.05955421 0.9226198 0.0735017 0.922691 0.07350099 0.9229686 0.1062803 0.9334922 0.1062803 0.9202578 0.1065579 0.9334532 0.1065579 0.9334532 0.1062803 0.9202578 0.1070071 0.9201963 0.1065579 0.9334532 0.1070071 0.9201963 0.1070071 0.9334307 0.0502156 0.9253816 0.0502156 0.9258367 0.04976642 0.9258639 0.07401865 0.9246302 0.07349908 0.9234178 0.07390052 0.9232169 0.07439303 0.9258949 0.07401865 0.9246302 0.07444083 0.9244777 0.07461696 0.9271948 0.07439303 0.9258949 0.07483011 0.9257929 0.07461696 0.9271948 0.07506293 0.9271446 0.07468742 0.9285119 0.07468742 0.9285119 0.07506293 0.9271446 0.07513624 0.9285143 0.07513624 0.9285143 0.07506293 0.9271446 0.07541322 0.9285157 0.07541322 0.9285157 0.07506293 0.9271446 0.07546454 0.9270994 0.07541322 0.9285157 0.07546454 0.9270994 0.07554036 0.9285164 0.07554036 0.9285164 0.07546454 0.9270994 0.07578235 0.9270635 0.07554036 0.9285164 0.07578235 0.9270635 0.0758602 0.9285181 0.04936116 0.9273192 0.04936116 0.9259428 0.04948878 0.9272966 0.04948878 0.9272966 0.04936116 0.9259428 0.04976642 0.9258639 0.04948878 0.9272966 0.04976642 0.9258639 0.04976642 0.927263 0.04976642 0.927263 0.04976642 0.9258639 0.0502156 0.9258367 0.04976642 0.927263 0.0502156 0.9258367 0.0502156 0.9272437 0.07461696 0.9271948 0.07483011 0.9257929 0.07506293 0.9271446 0.07506293 0.9271446 0.07483011 0.9257929 0.07522362 0.9257009 0.07506293 0.9271446 0.07522362 0.9257009 0.07546454 0.9270994 0.07546454 0.9270994 0.07522362 0.9257009 0.07553499 0.925628 0.07546454 0.9270994 0.07553499 0.925628 0.07578235 0.9270635 0.04936116 0.9259428 0.04936116 0.9246317 0.04976642 0.924531 0.04936116 0.9259428 0.04976642 0.924531 0.04976642 0.9258639 0.04976642 0.9258639 0.04976642 0.924531 0.0502156 0.9244963 0.04976642 0.9258639 0.0502156 0.9244963 0.0502156 0.9253816 0.04976642 0.9232827 0.0502156 0.923241 0.0502156 0.9236488 0.07439303 0.9258949 0.07444083 0.9244777 0.07483011 0.9257929 0.07483011 0.9257929 0.07444083 0.9244777 0.07482087 0.9243401 0.07483011 0.9257929 0.07482087 0.9243401 0.07522362 0.9257009 0.07522362 0.9257009 0.07482087 0.9243401 0.07512164 0.9242311 0.07522362 0.9257009 0.07512164 0.9242311 0.07553499 0.925628 0.04936116 0.9246317 0.04936116 0.9234037 0.04976642 0.9232827 0.04936116 0.9246317 0.04976642 0.9232827 0.04976642 0.924531 0.04976642 0.924531 0.04976642 0.9232827 0.0502156 0.9236488 0.04976642 0.924531 0.0502156 0.9236488 0.0502156 0.9244963 0.07401865 0.9246302 0.07390052 0.9232169 0.07444083 0.9244777 0.07444083 0.9244777 0.07390052 0.9232169 0.0742619 0.9230359 0.07444083 0.9244777 0.0742619 0.9230359 0.07482087 0.9243401 0.07482087 0.9243401 0.0742619 0.9230359 0.07454776 0.9228922 0.07482087 0.9243401 0.07454776 0.9228922 0.07512164 0.9242311 0.04936116 0.9234037 0.04936116 0.9222758 0.04976642 0.922136 0.04936116 0.9234037 0.04976642 0.922136 0.04976642 0.9232827 0.04976642 0.9232827 0.04976642 0.922136 0.0502156 0.9220878 0.04976642 0.9232827 0.0502156 0.9220878 0.0502156 0.923241 0.07541322 0.9285157 0.07533103 0.9446154 0.07513624 0.9285143 0.07513624 0.9285143 0.07533103 0.9446154 0.07460528 0.9446116 0.07513624 0.9285143 0.07460528 0.9446116 0.07468742 0.9285119 0.07541322 0.9285157 0.07554036 0.9285164 0.07533103 0.9446154 0.07533103 0.9446154 0.07554036 0.9285164 0.0758602 0.9285181 0.07533103 0.9446154 0.0758602 0.9285181 0.0758602 0.9446182 0.0502156 0.9272437 0.0502156 0.9427379 0.04976642 0.927263 0.04976642 0.927263 0.0502156 0.9427379 0.04948878 0.9427909 0.04976642 0.927263 0.04948878 0.9427909 0.04948878 0.9272966 0.04948878 0.9272966 0.04948878 0.9427909 0.04936116 0.9273192 0.1115735 0.9098713 0.1115022 0.8961276 0.1120408 0.8961786 0.1115735 0.9098713 0.1120408 0.8961786 0.1121122 0.9099224 0.1121122 0.9099224 0.1120408 0.8961786 0.1125035 0.8963301 0.1121122 0.9099224 0.1125035 0.8963301 0.1125749 0.9100739 0.07702547 0.9441837 0.07589238 0.9281249 0.07633602 0.9280897 0.07702547 0.9441837 0.07633602 0.9280897 0.07746905 0.9441485 0.07786768 0.9207115 0.08015191 0.9213482 0.07986837 0.9216266 0.07786768 0.9207115 0.07986837 0.9216266 0.07783275 0.9207925 0.07978963 0.9219722 0.07764941 0.9213756 0.07980281 0.9217922 0.07980281 0.9217922 0.07764941 0.9213756 0.07769364 0.9211983 0.07980281 0.9217922 0.07769364 0.9211983 0.07986837 0.9216266 0.07986837 0.9216266 0.07769364 0.9211983 0.07775646 0.9209946 0.07986837 0.9216266 0.07775646 0.9209946 0.07783275 0.9207925 0.08015191 0.9213482 0.07786768 0.9207115 0.08062344 0.9211535 0.08062344 0.9211535 0.07786768 0.9207115 0.07817775 0.9201963 0.105831 0.9326256 0.1044168 0.9343538 0.10583 0.9320201 0.1032534 0.9369295 0.103529 0.9356763 0.104084 0.9357079 0.1120408 0.8961786 0.1115022 0.8961276 0.1115074 0.8954734 0.07633602 0.9280897 0.07589238 0.9281249 0.0758602 0.9273924 0.1125035 0.8963301 0.1120408 0.8961786 0.1120464 0.8955401 0.1120464 0.8955401 0.1120408 0.8961786 0.1115074 0.8954734 0.1120464 0.8955401 0.1115074 0.8954734 0.1121653 0.8937968 0.1121653 0.8937968 0.1115074 0.8954734 0.1115519 0.8944801 0.1125035 0.8963301 0.1120464 0.8955401 0.1125091 0.8957145 0.1125091 0.8957145 0.1120464 0.8955401 0.1121653 0.8937968 0.1125091 0.8957145 0.1121653 0.8937968 0.1126288 0.8940337 0.1126288 0.8940337 0.1121653 0.8937968 0.1124356 0.89229 0.1126288 0.8940337 0.1124356 0.89229 0.1129003 0.8925814 0.1115519 0.8944801 0.1116243 0.893689 0.1121653 0.8937968 0.1121653 0.8937968 0.1116243 0.893689 0.1117181 0.89301 0.1121653 0.8937968 0.1117181 0.89301 0.1124356 0.89229 0.1124356 0.89229 0.1117181 0.89301 0.1118901 0.892151 0.1037045 0.9374082 0.1031572 0.937426 0.1032534 0.9369295 0.1032534 0.9369295 0.104084 0.9357079 0.1037045 0.9374082 0.1037045 0.9374082 0.104084 0.9357079 0.1043347 0.9356704 0.1037045 0.9374082 0.1043347 0.9356704 0.1041713 0.9372385 0.07645589 0.9231211 0.07710027 0.9209756 0.07724523 0.9211009 0.07645589 0.9231211 0.07724523 0.9211009 0.07734614 0.9211768 0.07633602 0.9280897 0.0758602 0.9273924 0.07630538 0.9273889 0.07630538 0.9273889 0.0758602 0.9273924 0.07599079 0.9252361 0.07630538 0.9273889 0.07599079 0.9252361 0.07643342 0.9253264 0.07643342 0.9253264 0.07599079 0.9252361 0.07645589 0.9231211 0.07643342 0.9253264 0.07645589 0.9231211 0.07688486 0.9233046 0.07688486 0.9233046 0.07645589 0.9231211 0.07734614 0.9211768 0.07688486 0.9233046 0.07734614 0.9211768 0.07764941 0.9213756 0.103529 0.9356763 0.1039385 0.9355236 0.104084 0.9357079 0.07734614 0.9211768 0.07735157 0.9211153 0.07764941 0.9213756 0.07764941 0.9213756 0.07735157 0.9211153 0.07769364 0.9211983 0.07746571 0.920843 0.07765924 0.9206201 0.07775646 0.9209946 0.07775646 0.9209946 0.07765924 0.9206201 0.07783275 0.9207925 0.07783275 0.9207925 0.07765924 0.9206201 0.07786768 0.9207115 0.07786768 0.9207115 0.07765924 0.9206201 0.0779128 0.9204688 0.07786768 0.9207115 0.0779128 0.9204688 0.07817775 0.9201963 0.1043267 0.9354298 0.1038919 0.9352809 0.1043211 0.9350715 0.1043211 0.9350715 0.1038919 0.9352809 0.1042032 0.9348171 0.1043211 0.9350715 0.1042032 0.9348171 0.1043174 0.9346872 0.1043174 0.9346872 0.1042032 0.9348171 0.1044168 0.9343538 0.103529 0.9356763 0.1038919 0.9352809 0.1039385 0.9355236 0.1039385 0.9355236 0.1038919 0.9352809 0.1043267 0.9354298 0.1039385 0.9355236 0.1043267 0.9354298 0.104084 0.9357079 0.104084 0.9357079 0.1043267 0.9354298 0.1043347 0.9356704 0.07734614 0.9211768 0.07724523 0.9211009 0.07735157 0.9211153 0.07735157 0.9211153 0.07724523 0.9211009 0.07746571 0.920843 0.07735157 0.9211153 0.07746571 0.920843 0.07769364 0.9211983 0.07769364 0.9211983 0.07746571 0.920843 0.07775646 0.9209946 0.1044168 0.9343538 0.1046409 0.934714 0.1043174 0.9346872 0.1043174 0.9346872 0.1046409 0.934714 0.1046436 0.9350088 0.1043174 0.9346872 0.1046436 0.9350088 0.1043211 0.9350715 0.1043211 0.9350715 0.1046436 0.9350088 0.1046479 0.9352837 0.1043211 0.9350715 0.1046479 0.9352837 0.1043267 0.9354298 0.07722616 0.9206975 0.07746571 0.920843 0.07724523 0.9211009 0.07722616 0.9206975 0.07724523 0.9211009 0.07710027 0.9209756 0.1031125 0.9339455 0.1031138 0.9201963 0.1035895 0.9202242 0.1031125 0.9339455 0.1035895 0.9202242 0.1035909 0.9339738 0.1035909 0.9339738 0.1035895 0.9202242 0.1040165 0.9203128 0.1035909 0.9339738 0.1040165 0.9203128 0.1040152 0.9340621 0.1042152 0.9342086 0.1044168 0.9343538 0.1039997 0.9346649 0.1039997 0.9346649 0.1044168 0.9343538 0.1042032 0.9348171 0.1039997 0.9346649 0.1042032 0.9348171 0.1036886 0.9351225 0.1036886 0.9351225 0.1042032 0.9348171 0.1038919 0.9352809 0.1036886 0.9351225 0.1038919 0.9352809 0.103327 0.9355149 0.103327 0.9355149 0.1038919 0.9352809 0.103529 0.9356763 0.1040152 0.9340621 0.1042152 0.9342086 0.103798 0.9345111 0.103798 0.9345111 0.1042152 0.9342086 0.1039997 0.9346649 0.103798 0.9345111 0.1039997 0.9346649 0.103487 0.9349625 0.103487 0.9349625 0.1039997 0.9346649 0.1036886 0.9351225 0.103487 0.9349625 0.1036886 0.9351225 0.1031267 0.9353519 0.1031267 0.9353519 0.1036886 0.9351225 0.103327 0.9355149 0.103487 0.9349625 0.1035925 0.9344252 0.103798 0.9345111 0.1031142 0.9344234 0.1035925 0.9344252 0.1031162 0.934666 0.1031162 0.934666 0.1035925 0.9344252 0.103487 0.9349625 0.1031162 0.934666 0.103487 0.9349625 0.1031191 0.9349133 0.1031191 0.9349133 0.103487 0.9349625 0.1031267 0.9353519 0.1031142 0.9344234 0.1031125 0.9339455 0.1035925 0.9344252 0.1035925 0.9344252 0.1031125 0.9339455 0.1035909 0.9339738 0.1035925 0.9344252 0.1035909 0.9339738 0.103798 0.9345111 0.103798 0.9345111 0.1035909 0.9339738 0.1040152 0.9340621 0.0936622 0.9341019 0.09366357 0.9203527 0.09393721 0.9340501 0.09393721 0.9340501 0.09366357 0.9203527 0.09438621 0.9202686 0.09393721 0.9340501 0.09438621 0.9202686 0.09438484 0.9340178 0.0936622 0.9341019 0.09353637 0.9341362 0.09366357 0.9203527 0.05762213 0.892151 0.07262998 0.892234 0.0726282 0.8925557 0.05762213 0.892151 0.0726282 0.8925557 0.05761915 0.8926833 0.0726267 0.8934102 0.05761814 0.8934102 0.07262706 0.892961 0.07262706 0.892961 0.05761814 0.8934102 0.05761915 0.8926833 0.07262706 0.892961 0.05761915 0.8926833 0.07262778 0.8926833 0.07262778 0.8926833 0.05761915 0.8926833 0.0726282 0.8925557 0.09438484 0.9340178 0.1031125 0.9339455 0.09438651 0.9344928 0.09438651 0.9344928 0.1031125 0.9339455 0.1031142 0.9344234 0.09438651 0.9344928 0.1031142 0.9344234 0.0943886 0.9347384 0.0943886 0.9347384 0.1031142 0.9344234 0.1031162 0.934666 0.0943886 0.9347384 0.1031162 0.934666 0.09439146 0.93498 0.09439146 0.93498 0.1031162 0.934666 0.1031191 0.9349133 0.09439146 0.93498 0.1031191 0.9349133 0.09439909 0.9354242 0.09439909 0.9354242 0.1031191 0.9349133 0.1031267 0.9353519 0.1029093 0.9099404 0.1029093 0.9099532 0.1025465 0.9100739 0.07459723 0.9168891 0.07459723 0.9003154 0.07497376 0.9167665 0.07497376 0.9167665 0.07459723 0.9003154 0.07504683 0.9003153 0.07497376 0.9167665 0.07504683 0.9003153 0.07532519 0.9166521 0.07532519 0.9166521 0.07504683 0.9003153 0.07532519 0.9003153 0.07532519 0.9166521 0.07532519 0.9003153 0.0756275 0.9165539 0.0756275 0.9165539 0.07532519 0.9003153 0.07545322 0.9003153 0.05924725 0.9358608 0.05924725 0.9220878 0.05955028 0.9356794 0.1032012 0.8961706 0.1032726 0.9099145 0.1027522 0.8962101 0.1027522 0.8962101 0.1032726 0.9099145 0.1029093 0.9099404 0.1027522 0.8962101 0.1029093 0.9099404 0.1024749 0.8962759 0.1024749 0.8962759 0.1029093 0.9099404 0.1025465 0.9100739 0.1024749 0.8962759 0.1025465 0.9100739 0.1023474 0.8963197 0.07577663 0.9003152 0.0758602 0.9164785 0.07545322 0.9003153 0.0943886 0.9347384 0.09439146 0.93498 0.09394347 0.9349651 0.0726267 0.8934102 0.07262706 0.892961 0.07277613 0.8929864 0.07277613 0.8929864 0.07262706 0.892961 0.07262778 0.8926833 0.07277613 0.8929864 0.07262778 0.8926833 0.07291179 0.8926041 0.07291179 0.8926041 0.07262778 0.8926833 0.0726282 0.8925557 0.07291179 0.8926041 0.0726282 0.8925557 0.07302027 0.8923006 0.09439146 0.93498 0.09439909 0.9354242 0.09394347 0.9349651 0.09394347 0.9349651 0.09439909 0.9354242 0.09395074 0.9353876 0.09394347 0.9349651 0.09395074 0.9353876 0.09354174 0.9349146 0.09354174 0.9349146 0.09395074 0.9353876 0.09354788 0.935274 0.07336634 0.892493 0.0736289 0.8927893 0.07316321 0.8927438 0.07316321 0.8927438 0.0736289 0.8927893 0.073354 0.8929591 0.07316321 0.8927438 0.073354 0.8929591 0.07290834 0.8930599 0.07290834 0.8930599 0.073354 0.8929591 0.07300865 0.8931731 0.07290834 0.8930599 0.07300865 0.8931731 0.0726267 0.8934102 0.09438651 0.9344928 0.0943886 0.9347384 0.09393882 0.9345018 0.09393882 0.9345018 0.0943886 0.9347384 0.09394347 0.9349651 0.09393882 0.9345018 0.09394347 0.9349651 0.09353774 0.9345205 0.09353774 0.9345205 0.09394347 0.9349651 0.09354174 0.9349146 0.07302027 0.8923006 0.07336634 0.892493 0.07291179 0.8926041 0.07291179 0.8926041 0.07336634 0.892493 0.07316321 0.8927438 0.07291179 0.8926041 0.07316321 0.8927438 0.07277613 0.8929864 0.07277613 0.8929864 0.07316321 0.8927438 0.07290834 0.8930599 0.07277613 0.8929864 0.07290834 0.8930599 0.0726267 0.8934102 0.0726282 0.8925557 0.07262998 0.892234 0.07302027 0.8923006 0.09353774 0.9345205 0.09353637 0.9341362 0.0936622 0.9341019 0.09353774 0.9345205 0.0936622 0.9341019 0.09393882 0.9345018 0.09393882 0.9345018 0.0936622 0.9341019 0.09393721 0.9340501 0.09393882 0.9345018 0.09393721 0.9340501 0.09438651 0.9344928 0.09438651 0.9344928 0.09393721 0.9340501 0.09438484 0.9340178 0.07459723 0.9003154 0.07451647 0.8988636 0.07504683 0.9003153 0.07504683 0.9003153 0.07451647 0.8988636 0.07496327 0.8988136 0.07504683 0.9003153 0.07496327 0.8988136 0.07532519 0.9003153 0.07532519 0.9003153 0.07496327 0.8988136 0.07536715 0.8987686 0.1027453 0.8948863 0.1024749 0.8962759 0.1023407 0.8950148 0.1023407 0.8950148 0.1024749 0.8962759 0.1023474 0.8963197 0.07568854 0.8987328 0.07577663 0.9003152 0.07536715 0.8987686 0.07536715 0.8987686 0.07577663 0.9003152 0.07545322 0.9003153 0.07536715 0.8987686 0.07545322 0.9003153 0.07532519 0.9003153 0.07451647 0.8988636 0.07427507 0.8974296 0.07496327 0.8988136 0.07496327 0.8988136 0.07427507 0.8974296 0.07471358 0.8973305 0.07496327 0.8988136 0.07471358 0.8973305 0.07536715 0.8987686 0.07536715 0.8987686 0.07471358 0.8973305 0.07511001 0.897241 0.07536715 0.8987686 0.07511001 0.897241 0.07568854 0.8987328 0.07568854 0.8987328 0.07511001 0.897241 0.07542544 0.8971701 0.1023407 0.8950148 0.1023344 0.8938177 0.1027453 0.8948863 0.1027453 0.8948863 0.1023344 0.8938177 0.102739 0.8936719 0.1031942 0.8948404 0.1032012 0.8961706 0.1027453 0.8948863 0.1027453 0.8948863 0.1032012 0.8961706 0.1027522 0.8962101 0.1027453 0.8948863 0.1027522 0.8962101 0.1024749 0.8962759 0.09443622 0.9370045 0.09445977 0.9378635 0.09401112 0.937815 0.1027333 0.8925818 0.1031823 0.8925246 0.102739 0.8936719 0.1027333 0.8925818 0.102739 0.8936719 0.1023289 0.8927432 0.1023289 0.8927432 0.102739 0.8936719 0.1023344 0.8938177 0.07499057 0.8956461 0.07542544 0.8971701 0.07468491 0.8957515 0.07468491 0.8957515 0.07542544 0.8971701 0.07511001 0.897241 0.07468491 0.8957515 0.07511001 0.897241 0.07430088 0.8958843 0.07430088 0.8958843 0.07511001 0.897241 0.07471358 0.8973305 0.07430088 0.8958843 0.07471358 0.8973305 0.07387602 0.8960314 0.07387602 0.8960314 0.07471358 0.8973305 0.07427507 0.8974296 0.1031823 0.8925246 0.103185 0.8930558 0.102739 0.8936719 0.102739 0.8936719 0.103185 0.8930558 0.1031879 0.89362 0.102739 0.8936719 0.1031879 0.89362 0.1027453 0.8948863 0.1027453 0.8948863 0.1031879 0.89362 0.1031926 0.8945243 0.1027453 0.8948863 0.1031926 0.8945243 0.1031942 0.8948404 0.09442859 0.9367026 0.09443622 0.9370045 0.09398013 0.9366598 0.09398013 0.9366598 0.09443622 0.9370045 0.09401112 0.937815 0.09398013 0.9366598 0.09401112 0.937815 0.09357684 0.936528 0.09357684 0.936528 0.09401112 0.937815 0.09360736 0.9376667 0.07438921 0.8941798 0.07499057 0.8956461 0.07409715 0.8943183 0.07409715 0.8943183 0.07499057 0.8956461 0.07468491 0.8957515 0.07409715 0.8943183 0.07468491 0.8957515 0.07373017 0.8944928 0.07373017 0.8944928 0.07468491 0.8957515 0.07430088 0.8958843 0.07373017 0.8944928 0.07430088 0.8958843 0.07332432 0.894686 0.07332432 0.894686 0.07430088 0.8958843 0.07387602 0.8960314 0.07332432 0.894686 0.0726267 0.8934102 0.07373017 0.8944928 0.07373017 0.8944928 0.0726267 0.8934102 0.07300865 0.8931731 0.07373017 0.8944928 0.07300865 0.8931731 0.07409715 0.8943183 0.07409715 0.8943183 0.07300865 0.8931731 0.073354 0.8929591 0.07409715 0.8943183 0.073354 0.8929591 0.07438921 0.8941798 0.07438921 0.8941798 0.073354 0.8929591 0.0736289 0.8927893 0.09357684 0.936528 0.09354788 0.935274 0.09398013 0.9366598 0.09398013 0.9366598 0.09354788 0.935274 0.09395074 0.9353876 0.09398013 0.9366598 0.09395074 0.9353876 0.09442859 0.9367026 0.09442859 0.9367026 0.09395074 0.9353876 0.09439909 0.9354242 0.1136942 0.9339568 0.1136942 0.9334307 0.1141434 0.9334532 0.1136942 0.9339568 0.1141434 0.9334532 0.1141434 0.9339535 0.1141434 0.9339535 0.1141434 0.9334532 0.1144211 0.9334922 0.1141434 0.9339535 0.1144211 0.9334922 0.1145487 0.933944 0.07771229 0.8950913 0.0772897 0.8949374 0.0773729 0.894796 0.0773729 0.894796 0.0772897 0.8949374 0.07690805 0.894797 0.0773729 0.894796 0.07690805 0.894797 0.0770663 0.8945278 0.0770663 0.8945278 0.07690805 0.894797 0.07660472 0.8946836 0.0770663 0.8945278 0.07660472 0.8946836 0.07682245 0.8943132 0.1145487 0.9343623 0.1145487 0.9347177 0.1141434 0.934863 0.1145487 0.9343623 0.1141434 0.934863 0.1141434 0.9344453 0.1141434 0.9344453 0.1141434 0.934863 0.1136942 0.934913 0.1141434 0.9344453 0.1136942 0.934913 0.1136942 0.9344739 0.07771229 0.8950913 0.0773729 0.894796 0.07750129 0.8946937 0.07750129 0.8946937 0.0773729 0.894796 0.0770663 0.8945278 0.07750129 0.8946937 0.0770663 0.8945278 0.07731056 0.8943335 0.07731056 0.8943335 0.0770663 0.8945278 0.07682245 0.8943132 0.07731056 0.8943335 0.07682245 0.8943132 0.07715868 0.8940457 0.1145487 0.933944 0.1145487 0.9343623 0.1141434 0.9344453 0.1145487 0.933944 0.1141434 0.9344453 0.1141434 0.9339535 0.1141434 0.9339535 0.1141434 0.9344453 0.1136942 0.9344739 0.1141434 0.9339535 0.1136942 0.9344739 0.1136942 0.9339568 0.1144211 0.9334922 0.1145487 0.9335184 0.1145487 0.933944 0.07715868 0.8940457 0.07756859 0.8939169 0.0776084 0.8942398 0.07715868 0.8940457 0.0776084 0.8942398 0.07731056 0.8943335 0.07731056 0.8943335 0.0776084 0.8942398 0.07762402 0.8943675 0.07731056 0.8943335 0.07762402 0.8943675 0.07750129 0.8946937 0.07750129 0.8946937 0.07762402 0.8943675 0.07765787 0.8946446 0.07750129 0.8946937 0.07765787 0.8946446 0.07771229 0.8950913 0.1070071 0.9334307 0.1136942 0.9334307 0.1070071 0.9339568 0.1070071 0.9339568 0.1136942 0.9334307 0.1136942 0.9339568 0.1070071 0.9339568 0.1136942 0.9339568 0.1070071 0.9344739 0.1070071 0.9344739 0.1136942 0.9339568 0.1136942 0.9344739 0.1070071 0.9344739 0.1136942 0.9344739 0.1070071 0.934913 0.1070071 0.934913 0.1136942 0.9344739 0.1136942 0.934913 0.07349908 0.9234178 0.07350099 0.9229686 0.07366222 0.9229994 0.07366222 0.9229994 0.07350099 0.9229686 0.0735017 0.922691 0.07366222 0.9229994 0.0735017 0.922691 0.07380855 0.922622 0.07349908 0.9234178 0.07380157 0.9230861 0.07390052 0.9232169 0.07390052 0.9232169 0.07380157 0.9230861 0.07407367 0.9227868 0.07390052 0.9232169 0.07407367 0.9227868 0.0742619 0.9230359 0.0742619 0.9230359 0.07407367 0.9227868 0.07428872 0.9225494 0.0742619 0.9230359 0.07428872 0.9225494 0.07454776 0.9228922 0.1061527 0.9347177 0.1061527 0.9343623 0.1065579 0.9344453 0.1061527 0.9347177 0.1065579 0.9344453 0.1065579 0.934863 0.07349908 0.9234178 0.07366222 0.9229994 0.07380157 0.9230861 0.07380157 0.9230861 0.07366222 0.9229994 0.07380855 0.922622 0.07380157 0.9230861 0.07380855 0.922622 0.07407367 0.9227868 0.07407367 0.9227868 0.07380855 0.922622 0.07392382 0.9223225 0.07407367 0.9227868 0.07392382 0.9223225 0.07428872 0.9225494 0.1061527 0.9343623 0.1061527 0.933944 0.1065579 0.9339535 0.1061527 0.9343623 0.1065579 0.9339535 0.1065579 0.9344453 0.1065579 0.9334532 0.1065579 0.9339535 0.1062803 0.9334922 0.1062803 0.9334922 0.1065579 0.9339535 0.1061527 0.933944 0.1062803 0.9334922 0.1061527 0.933944 0.1061527 0.9335184 0.1061527 0.9335184 0.1061527 0.933944 0.105831 0.9339291 0.1061527 0.9335184 0.105831 0.9339291 0.105831 0.9336199 0.07350194 0.9225634 0.07380855 0.922622 0.0735017 0.922691 0.1065579 0.9334532 0.1070071 0.9334307 0.1065579 0.9339535 0.1065579 0.9339535 0.1070071 0.9334307 0.1070071 0.9339568 0.1065579 0.9339535 0.1070071 0.9339568 0.1065579 0.9344453 0.1065579 0.9344453 0.1070071 0.9339568 0.1070071 0.9344739 0.1065579 0.9344453 0.1070071 0.9344739 0.1065579 0.934863 0.1065579 0.934863 0.1070071 0.9344739 0.1070071 0.934913 0.0908463 0.9441837 0.0908463 0.9456374 0.09046941 0.9441837 0.09046941 0.9441837 0.0908463 0.9456374 0.09046941 0.9456374 0.07130151 0.946072 0.07130151 0.9446182 0.07174032 0.946072 0.07174032 0.946072 0.07130151 0.9446182 0.07174032 0.9446182 0.07174032 0.946072 0.07174032 0.9446182 0.07217353 0.946072 0.07217353 0.946072 0.07174032 0.9446182 0.07217353 0.9446182 0.07217353 0.946072 0.07217353 0.9446182 0.07248497 0.946072 0.07248497 0.946072 0.07217353 0.9446182 0.07248497 0.9446182 0.0619893 0.9446218 0.0619893 0.9460752 0.06156879 0.9446249 0.06156879 0.9446249 0.0619893 0.9460752 0.06156879 0.9460784 0.06156879 0.9446249 0.06156879 0.9460784 0.06112241 0.9446236 0.06112241 0.9446236 0.06156879 0.9460784 0.06112241 0.9460771 0.06112241 0.9446236 0.06112241 0.9460771 0.06076979 0.9446182 0.06076979 0.9446182 0.06112241 0.9460771 0.06076979 0.9460717 0.05899059 0.94128 0.05899059 0.9427337 0.05859655 0.94128 0.05859655 0.94128 0.05899059 0.9427337 0.05859655 0.9427337 0.05859655 0.94128 0.05859655 0.9427337 0.05814516 0.94128 0.05814516 0.94128 0.05859655 0.9427337 0.05814516 0.9427337 0.05814516 0.94128 0.05814516 0.9427337 0.05775719 0.94128 0.05775719 0.94128 0.05814516 0.9427337 0.05775719 0.9427337 0.09170073 0.9441837 0.09170073 0.9456374 0.09129703 0.9441837 0.09129703 0.9441837 0.09170073 0.9456374 0.09129703 0.9456374 0.09129703 0.9441837 0.09129703 0.9456374 0.0908463 0.9441837 0.0908463 0.9441837 0.09129703 0.9456374 0.0908463 0.9456374 0.08852469 0.9441837 0.08852469 0.9456374 0.08814775 0.9441837 0.08814775 0.9441837 0.08852469 0.9456374 0.08814775 0.9456374 0.07248497 0.9460719 0.07248497 0.9446182 0.07292377 0.9460719 0.07292377 0.9460719 0.07248497 0.9446182 0.07292377 0.9446182 0.07292377 0.9460719 0.07292377 0.9446182 0.07335692 0.9460719 0.07335692 0.9460719 0.07292377 0.9446182 0.07335692 0.9446182 0.07335692 0.9460719 0.07335692 0.9446182 0.07366836 0.9460719 0.07366836 0.9460719 0.07335692 0.9446182 0.07366836 0.9446182 0.06076979 0.9446218 0.06076979 0.9460752 0.06034928 0.9446249 0.06034928 0.9446249 0.06076979 0.9460752 0.06034928 0.9460784 0.06034928 0.9446249 0.06034928 0.9460784 0.0599029 0.9446236 0.0599029 0.9446236 0.06034928 0.9460784 0.0599029 0.9460771 0.0599029 0.9446236 0.0599029 0.9460771 0.05955028 0.9446182 0.05955028 0.9446182 0.0599029 0.9460771 0.05955028 0.9460716 0.08596724 0.9441837 0.08596724 0.9456374 0.08557319 0.9441837 0.08557319 0.9441837 0.08596724 0.9456374 0.08557319 0.9456374 0.08557319 0.9441837 0.08557319 0.9456374 0.08512175 0.9441837 0.08512175 0.9441837 0.08557319 0.9456374 0.08512175 0.9456374 0.08512175 0.9441837 0.08512175 0.9456374 0.08473378 0.9441837 0.08473378 0.9441837 0.08512175 0.9456374 0.08473378 0.9456374 0.08937913 0.9441837 0.08937913 0.9456374 0.08897536 0.9441837 0.08897536 0.9441837 0.08937913 0.9456374 0.08897536 0.9456374 0.08897536 0.9441837 0.08897536 0.9456374 0.08852469 0.9441837 0.08852469 0.9441837 0.08897536 0.9456374 0.08852469 0.9456374 0.06948441 0.9460868 0.06948441 0.9453244 0.07021123 0.9453244 0.07021123 0.9453244 0.06948441 0.9453244 0.06948441 0.9451357 0.07021123 0.9453244 0.06948441 0.9451357 0.07021123 0.9446182 0.07021123 0.9446182 0.06948441 0.9451357 0.06948441 0.9446182 0.06875753 0.9467112 0.06803065 0.9467112 0.06875753 0.9460998 0.06875753 0.9460998 0.06803065 0.9467112 0.06803065 0.9460998 0.06875753 0.9460998 0.06803065 0.9460998 0.06875753 0.9453445 0.06875753 0.9453445 0.06803065 0.9460998 0.06803065 0.9453445 0.06875753 0.9453445 0.06803065 0.9453445 0.06875753 0.9446182 0.06875753 0.9446182 0.06803065 0.9453445 0.06803065 0.9446182 0.09171921 0.9441837 0.09244608 0.9441837 0.09171921 0.9448403 0.09171921 0.9448403 0.09244608 0.9441837 0.09244608 0.9448403 0.09171921 0.9448403 0.09244608 0.9448403 0.09171921 0.9456045 0.09171921 0.9456045 0.09244608 0.9448403 0.09244608 0.9456045 0.09171921 0.9456045 0.09244608 0.9456045 0.09171921 0.9463011 0.09171921 0.9463011 0.09244608 0.9456045 0.09244608 0.9463011 0.08399379 0.9441837 0.08472055 0.9441847 0.08400356 0.9447193 0.08400356 0.9447193 0.08472055 0.9441847 0.08473026 0.9447203 0.08400356 0.9447193 0.08473026 0.9447203 0.08400708 0.9454477 0.08400708 0.9454477 0.08473026 0.9447203 0.08473378 0.9454486 0.08400708 0.9454477 0.08473378 0.9454486 0.08400356 0.9462019 0.08400356 0.9462019 0.08473378 0.9454486 0.08473026 0.9462029 0.08400356 0.9462019 0.08473026 0.9462029 0.08399379 0.9468092 0.08399379 0.9468092 0.08473026 0.9462029 0.08472055 0.9468101 0.07021123 0.9467309 0.06948441 0.9467309 0.07021123 0.9460868 0.07021123 0.9460868 0.06948441 0.9467309 0.06948441 0.9460868 0.07021123 0.9460868 0.06948441 0.9460868 0.07021123 0.9453244 0.06875753 0.9460868 0.06875753 0.9453244 0.06948441 0.9453244 0.06948441 0.9453244 0.06875753 0.9453244 0.06875753 0.9451357 0.06948441 0.9453244 0.06875753 0.9451357 0.06948441 0.9446182 0.06948441 0.9446182 0.06875753 0.9451357 0.06875753 0.9446182 0.06803065 0.9467112 0.06730383 0.9467112 0.06803065 0.9460998 0.06803065 0.9460998 0.06730383 0.9467112 0.06730383 0.9460998 0.06803065 0.9460998 0.06730383 0.9460998 0.06803065 0.9453445 0.06803065 0.9453445 0.06730383 0.9460998 0.06730383 0.9453445 0.06803065 0.9453445 0.06730383 0.9453445 0.06803065 0.9446182 0.06803065 0.9446182 0.06730383 0.9453445 0.06730383 0.9446182 0.06416988 0.9446182 0.0648967 0.9446182 0.06416988 0.9452748 0.06416988 0.9452748 0.0648967 0.9446182 0.0648967 0.9452748 0.06416988 0.9452748 0.0648967 0.9452748 0.06416988 0.946039 0.06416988 0.946039 0.0648967 0.9452748 0.0648967 0.946039 0.06416988 0.946039 0.0648967 0.946039 0.06416988 0.9467356 0.06416988 0.9467356 0.0648967 0.946039 0.0648967 0.9467356 0.0832538 0.9441837 0.08398056 0.9441847 0.08326357 0.9447193 0.08326357 0.9447193 0.08398056 0.9441847 0.08399027 0.9447203 0.08326357 0.9447193 0.08399027 0.9447203 0.08326709 0.9454477 0.08326709 0.9454477 0.08399027 0.9447203 0.08399379 0.9454486 0.08326709 0.9454477 0.08399379 0.9454486 0.08326357 0.9462019 0.08326357 0.9462019 0.08399379 0.9454486 0.08399027 0.9462029 0.08326357 0.9462019 0.08399027 0.9462029 0.0832538 0.9468092 0.0832538 0.9468092 0.08399027 0.9462029 0.08398056 0.9468101 0.06948441 0.9467309 0.06875753 0.9467309 0.06948441 0.9460868 0.06948441 0.9460868 0.06875753 0.9467309 0.06875753 0.9460868 0.06948441 0.9460868 0.06875753 0.9460868 0.06948441 0.9453244 0.08596718 0.944701 0.08705747 0.944701 0.08596718 0.9453029 0.08596718 0.9453029 0.08705747 0.944701 0.08705747 0.9453029 0.08596718 0.9453029 0.08705747 0.9453029 0.08596718 0.9458282 0.08596718 0.9458282 0.08705747 0.9453029 0.08705747 0.9458282 0.07585436 0.9462442 0.07476425 0.9462474 0.0758602 0.9457741 0.0758602 0.9457741 0.07476425 0.9462474 0.07477009 0.9457772 0.0758602 0.9457741 0.07477009 0.9457772 0.0758602 0.9451789 0.0758602 0.9451789 0.07477009 0.9457772 0.07477009 0.9451821 0.0758602 0.9451789 0.07477009 0.9451821 0.07585436 0.9446182 0.07585436 0.9446182 0.07477009 0.9451821 0.07476425 0.9446215 0.06307959 0.9461961 0.0619893 0.9461961 0.06307959 0.9457809 0.06307959 0.9457809 0.0619893 0.9461961 0.0619893 0.9457809 0.06307959 0.9457809 0.0619893 0.9457809 0.06307959 0.9452033 0.06307959 0.9452033 0.0619893 0.9457809 0.0619893 0.9452033 0.06307959 0.9452033 0.0619893 0.9452033 0.06307959 0.9446182 0.06307959 0.9446182 0.0619893 0.9452033 0.0619893 0.9446182 0.08937913 0.9441837 0.09046941 0.9441837 0.08937913 0.9446862 0.08937913 0.9446862 0.09046941 0.9441837 0.09046941 0.9446862 0.08937913 0.9446862 0.09046941 0.9446862 0.08937913 0.9452872 0.08937913 0.9452872 0.09046941 0.9446862 0.09046941 0.9452872 0.08937913 0.9452872 0.09046941 0.9452872 0.08937913 0.9458255 0.08937913 0.9458255 0.09046941 0.9452872 0.09046941 0.9458255 0.08596718 0.9441837 0.08705747 0.9441837 0.08596718 0.944701 0.08596718 0.944701 0.08705747 0.9441837 0.08705747 0.944701 0.08705747 0.944701 0.08814775 0.944701 0.08705747 0.9453029 0.08705747 0.9453029 0.08814775 0.944701 0.08814775 0.9453029 0.08705747 0.9453029 0.08814775 0.9453029 0.08705747 0.9458282 0.08705747 0.9458282 0.08814775 0.9453029 0.08814775 0.9458282 0.07475847 0.9462442 0.07366836 0.9462474 0.07476425 0.9457741 0.07476425 0.9457741 0.07366836 0.9462474 0.0736742 0.9457772 0.07476425 0.9457741 0.0736742 0.9457772 0.07476425 0.9451789 0.07476425 0.9451789 0.0736742 0.9457772 0.0736742 0.9451821 0.07476425 0.9451789 0.0736742 0.9451821 0.07475847 0.9446182 0.07475847 0.9446182 0.0736742 0.9451821 0.07366836 0.9446214 0.07130151 0.9461961 0.07021123 0.9461961 0.07130151 0.9457809 0.07130151 0.9457809 0.07021123 0.9461961 0.07021123 0.9457809 0.07130151 0.9457809 0.07021123 0.9457809 0.07130151 0.9452033 0.07130151 0.9452033 0.07021123 0.9457809 0.07021123 0.9452033 0.07130151 0.9452033 0.07021123 0.9452033 0.07130151 0.9446182 0.07130151 0.9446182 0.07021123 0.9452033 0.07021123 0.9446182 0.09244608 0.9441837 0.09353637 0.9441837 0.09244608 0.9446862 0.09244608 0.9446862 0.09353637 0.9441837 0.09353637 0.9446862 0.09244608 0.9446862 0.09353637 0.9446862 0.09244608 0.9452871 0.09244608 0.9452871 0.09353637 0.9446862 0.09353637 0.9452871 0.09244608 0.9452871 0.09353637 0.9452871 0.09244608 0.9458255 0.09244608 0.9458255 0.09353637 0.9452871 0.09353637 0.9458255 0.08705747 0.9441837 0.08814775 0.9441837 0.08705747 0.944701 0.08705747 0.944701 0.08814775 0.9441837 0.08814775 0.944701 0.07823157 0.9453657 0.07901185 0.9453884 0.07833081 0.9458062 0.07833081 0.9458062 0.07901185 0.9453884 0.07901185 0.9461538 0.07833081 0.9458062 0.07901185 0.9461538 0.07819646 0.9462372 0.07819646 0.9462372 0.07901185 0.9461538 0.07865619 0.9468315 0.07819646 0.9462372 0.07865619 0.9468315 0.07786458 0.9465434 0.07865619 0.9468315 0.07820242 0.947187 0.07786458 0.9465434 0.07786458 0.9465434 0.07820242 0.947187 0.07802629 0.9472662 0.07786458 0.9465434 0.07802629 0.9472662 0.07742416 0.9466426 0.07742416 0.9466426 0.07802629 0.9472662 0.07726651 0.9473585 0.07742416 0.9466426 0.07726651 0.9473585 0.0769931 0.9465083 0.0769931 0.9465083 0.07726651 0.9473585 0.0765509 0.9470871 0.0769931 0.9465083 0.0765509 0.9470871 0.07668697 0.9461764 0.07668697 0.9461764 0.0765509 0.9470871 0.07604336 0.9465143 0.07668697 0.9461764 0.07604336 0.9465143 0.07658773 0.9457359 0.07658773 0.9457359 0.07604336 0.9465143 0.0758602 0.9457711 0.07658773 0.9457359 0.0758602 0.9457711 0.07672208 0.9453049 0.07672208 0.9453049 0.0758602 0.9457711 0.07604336 0.945028 0.07672208 0.9453049 0.07604336 0.945028 0.0770539 0.9449988 0.0770539 0.9449988 0.07604336 0.945028 0.0765509 0.9444551 0.0770539 0.9449988 0.0765509 0.9444551 0.07749438 0.9448996 0.07749438 0.9448996 0.0765509 0.9444551 0.07726651 0.9441837 0.07749438 0.9448996 0.07726651 0.9441837 0.07792544 0.9450339 0.07792544 0.9450339 0.07726651 0.9441837 0.07802629 0.9442759 0.07792544 0.9450339 0.07802629 0.9442759 0.07823157 0.9453657 0.07823157 0.9453657 0.07802629 0.9442759 0.07865619 0.9447107 0.07823157 0.9453657 0.07865619 0.9447107 0.07901185 0.9453884 0.080069 0.9450532 0.07999742 0.9442759 0.08049428 0.9449017 0.08049428 0.9449017 0.07999742 0.9442759 0.08075726 0.9441837 0.08049428 0.9449017 0.08075726 0.9441837 0.08093839 0.9449831 0.08093839 0.9449831 0.08075726 0.9441837 0.08147287 0.9444551 0.08093839 0.9449831 0.08147287 0.9444551 0.08128231 0.9452756 0.08147287 0.9444551 0.0818805 0.9448627 0.08128231 0.9452756 0.08128231 0.9452756 0.0818805 0.9448627 0.0819804 0.945028 0.08128231 0.9452756 0.0819804 0.945028 0.08143389 0.9457009 0.08143389 0.9457009 0.0819804 0.945028 0.08216357 0.9457711 0.08143389 0.9457009 0.08216357 0.9457711 0.08135247 0.946145 0.08135247 0.946145 0.08216357 0.9457711 0.0819804 0.9465143 0.08135247 0.946145 0.0819804 0.9465143 0.08105999 0.9464889 0.08105999 0.9464889 0.0819804 0.9465143 0.08147287 0.9470871 0.08105999 0.9464889 0.08147287 0.9470871 0.08063465 0.9466405 0.08063465 0.9466405 0.08147287 0.9470871 0.08075726 0.9473585 0.08063465 0.9466405 0.08075726 0.9473585 0.08019059 0.9465591 0.08019059 0.9465591 0.08075726 0.9473585 0.07999742 0.9472662 0.08019059 0.9465591 0.07999742 0.9472662 0.07984668 0.9462665 0.07984668 0.9462665 0.07999742 0.9472662 0.07936757 0.9468315 0.07984668 0.9462665 0.07936757 0.9468315 0.0796951 0.9458413 0.0796951 0.9458413 0.07936757 0.9468315 0.07901185 0.9461538 0.0796951 0.9458413 0.07901185 0.9461538 0.07977646 0.9453971 0.07977646 0.9453971 0.07901185 0.9461538 0.07901185 0.9453884 0.07977646 0.9453971 0.07901185 0.9453884 0.080069 0.9450532 0.080069 0.9450532 0.07901185 0.9453884 0.07936757 0.9447107 0.080069 0.9450532 0.07936757 0.9447107 0.07999742 0.9442759</float_array>
          <technique_common>
            <accessor source="#lpf1-mesh-map-0-array" count="2940" stride="2">
              <param name="S" type="float"/>
              <param name="T" type="float"/>
            </accessor>
          </technique_common>
        </source>
        <vertices id="lpf1-mesh-vertices">
          <input semantic="POSITION" source="#lpf1-mesh-positions"/>
        </vertices>
        <triangles material="lpf1material-material" count="980">
          <input semantic="VERTEX" source="#lpf1-mesh-vertices" offset="0"/>
          <input semantic="NORMAL" source="#lpf1-mesh-normals" offset="1"/>
          <input semantic="TEXCOORD" source="#lpf1-mesh-map-0" offset="2" set="0"/>
          <p>0 0 0 1 0 1 2 0 2 2 1 3 1 1 4 3 1 5 2 2 6 3 2 7 4 2 8 4 3 9 3 3 10 5 3 11 6 4 12 7 4 13 8 4 14 8 5 15 7 5 16 9 5 17 8 6 18 9 6 19 10 6 20 10 7 21 11 7 22 8 7 23 8 8 24 11 8 25 12 8 26 8 9 27 12 9 28 13 9 29 14 10 30 15 10 31 16 10 32 17 11 33 18 11 34 19 11 35 19 12 36 18 12 37 20 12 38 16 13 39 15 13 40 21 13 41 22 14 42 23 14 43 24 14 44 24 15 45 23 15 46 25 15 47 15 16 48 26 16 49 21 16 50 21 17 51 26 17 52 27 17 53 21 18 54 27 18 55 28 18 56 28 19 57 27 19 58 29 19 59 20 20 60 30 20 61 19 20 62 19 21 63 30 21 64 31 21 65 19 22 66 31 22 67 32 22 68 20 23 69 33 23 70 34 23 71 34 24 72 33 24 73 35 24 74 34 25 75 35 25 76 29 25 77 29 26 78 35 26 79 36 26 80 29 27 81 36 27 82 28 27 83 37 28 84 38 28 85 34 28 86 34 29 87 38 29 88 39 29 89 34 30 90 39 30 91 20 30 92 20 31 93 39 31 94 40 31 95 20 32 96 40 32 97 30 32 98 19 33 99 41 33 100 42 33 101 42 34 102 41 34 103 43 34 104 42 35 105 43 35 106 44 35 107 25 36 108 45 36 109 24 36 110 24 37 111 45 37 112 46 37 113 24 38 114 46 38 115 47 38 116 47 39 117 46 39 118 48 39 119 34 40 120 49 40 121 37 40 122 37 41 123 49 41 124 50 41 125 37 42 126 50 42 127 51 42 128 51 43 129 50 43 130 23 43 131 51 44 132 23 44 133 52 44 134 52 45 135 23 45 136 22 45 137 53 46 138 54 46 139 55 46 140 55 47 141 54 47 142 56 47 143 14 48 144 16 48 145 57 48 146 57 49 147 16 49 148 58 49 149 57 50 150 58 50 151 45 50 152 48 51 153 59 51 154 47 51 155 47 52 156 59 52 157 60 52 158 47 53 159 60 53 160 32 53 161 32 54 162 60 54 163 61 54 164 32 55 165 61 55 166 19 55 167 19 56 168 61 56 169 62 56 170 19 57 171 62 57 172 41 57 173 63 58 174 64 58 175 43 58 176 43 59 177 64 59 178 65 59 179 54 60 180 66 60 181 56 60 182 56 61 183 66 61 184 67 61 185 56 62 186 67 62 187 68 62 188 68 63 189 67 63 190 69 63 191 68 64 192 69 64 193 70 64 194 70 65 195 69 65 196 71 65 197 70 66 198 71 66 199 72 66 200 72 67 201 71 67 202 63 67 203 72 68 204 63 68 205 73 68 206 73 69 207 63 69 208 43 69 209 65 70 210 74 70 211 43 70 212 43 71 213 74 71 214 75 71 215 43 72 216 75 72 217 44 72 218 53 73 219 55 73 220 76 73 221 76 74 222 55 74 223 46 74 224 76 75 225 46 75 226 77 75 227 58 76 228 78 76 229 45 76 230 45 77 231 78 77 232 79 77 233 45 78 234 79 78 235 46 78 236 46 79 237 79 79 238 80 79 239 46 80 240 80 80 241 77 80 242 81 81 243 82 81 244 83 81 245 84 82 246 85 82 247 86 82 248 87 83 249 88 83 250 89 83 251 89 84 252 88 84 253 90 84 254 83 85 255 82 85 256 91 85 257 91 86 258 82 86 259 92 86 260 91 87 261 92 87 262 93 87 263 94 88 264 95 88 265 96 88 266 96 89 267 95 89 268 97 89 269 96 90 270 97 90 271 98 90 272 98 91 273 97 91 274 99 91 275 98 92 276 99 92 277 100 92 278 100 93 279 99 93 280 101 93 281 100 94 282 101 94 283 102 94 284 91 95 285 103 95 286 104 95 287 104 96 288 103 96 289 95 96 290 104 97 291 95 97 292 105 97 293 105 98 294 95 98 295 94 98 296 106 99 297 107 99 298 108 99 299 86 100 300 85 100 301 83 100 302 83 101 303 85 101 304 109 101 305 83 102 306 109 102 307 81 102 308 90 103 309 110 103 310 89 103 311 89 104 312 110 104 313 111 104 314 89 105 315 111 105 316 93 105 317 93 106 318 111 106 319 112 106 320 93 107 321 112 107 322 91 107 323 91 108 324 112 108 325 113 108 326 91 109 327 113 109 328 103 109 329 114 110 330 115 110 331 87 110 332 87 111 333 115 111 334 116 111 335 102 112 336 88 112 337 100 112 338 100 113 339 88 113 340 87 113 341 100 114 342 87 114 343 117 114 344 117 115 345 87 115 346 116 115 347 118 116 348 119 116 349 120 116 350 120 117 351 119 117 352 121 117 353 118 118 354 120 118 355 122 118 356 122 119 357 120 119 358 123 119 359 122 120 360 123 120 361 124 120 362 125 121 363 126 121 364 127 121 365 84 122 366 86 122 367 108 122 368 108 123 369 86 123 370 128 123 371 108 124 372 128 124 373 106 124 374 107 125 375 125 125 376 108 125 377 108 126 378 125 126 379 127 126 380 108 127 381 127 127 382 129 127 383 129 128 384 127 128 385 130 128 386 123 129 387 131 129 388 124 129 389 124 130 390 131 130 391 132 130 392 124 131 393 132 131 394 133 131 395 133 132 396 132 132 397 126 132 398 133 133 399 126 133 400 134 133 401 134 134 402 126 134 403 125 134 404 130 135 405 135 135 406 129 135 407 129 136 408 135 136 409 136 136 410 129 137 411 136 137 412 114 137 413 114 138 414 136 138 415 137 138 416 114 139 417 137 139 418 115 139 419 115 140 420 137 140 421 138 140 422 115 141 423 138 141 424 139 141 425 139 142 426 138 142 427 140 142 428 139 143 429 140 143 430 141 143 431 119 144 432 142 144 433 121 144 434 121 145 435 142 145 436 143 145 437 121 146 438 143 146 439 144 146 440 144 147 441 143 147 442 145 147 443 144 148 444 145 148 445 140 148 446 140 149 447 145 149 448 146 149 449 140 150 450 146 150 451 141 150 452 146 151 453 76 151 454 141 151 455 141 152 456 76 152 457 77 152 458 141 153 459 77 153 460 139 153 461 139 154 462 77 154 463 80 154 464 139 155 465 80 155 466 115 155 467 115 156 468 80 156 469 79 156 470 115 157 471 79 157 472 116 157 473 116 158 474 79 158 475 78 158 476 116 159 477 78 159 478 117 159 479 117 160 480 78 160 481 58 160 482 146 161 483 145 161 484 76 161 485 76 162 486 145 162 487 53 162 488 122 163 489 71 163 490 69 163 491 122 164 492 69 164 493 118 164 494 118 165 495 69 165 496 67 165 497 118 166 498 67 166 499 119 166 500 119 167 501 67 167 502 66 167 503 119 168 504 66 168 505 142 168 506 142 169 507 66 169 508 54 169 509 142 170 510 54 170 511 143 170 512 143 171 513 54 171 514 53 171 515 143 172 516 53 172 517 145 172 518 122 173 519 124 173 520 71 173 521 71 174 522 124 174 523 63 174 524 128 175 525 42 175 526 44 175 527 128 176 528 44 176 529 106 176 530 106 177 531 44 177 532 75 177 533 106 178 534 75 178 535 107 178 536 107 179 537 75 179 538 74 179 539 107 180 540 74 180 541 125 180 542 125 181 543 74 181 544 65 181 545 125 182 546 65 182 547 134 182 548 134 183 549 65 183 550 64 183 551 134 184 552 64 184 553 133 184 554 133 185 555 64 185 556 63 185 557 133 186 558 63 186 559 124 186 560 128 187 561 86 187 562 42 187 563 42 188 564 86 188 565 19 188 566 19 189 567 86 189 568 17 189 569 17 190 570 86 190 571 83 190 572 17 191 573 83 191 574 147 191 575 147 192 576 148 192 577 17 192 578 17 193 579 148 193 580 149 193 581 17 194 582 149 194 583 150 194 584 151 195 585 152 195 586 153 195 587 153 196 588 152 196 589 154 196 590 153 197 591 154 197 592 155 197 593 155 198 594 154 198 595 156 198 596 155 199 597 156 199 598 157 199 599 158 200 600 159 200 601 160 200 602 160 201 603 159 201 604 161 201 605 160 202 606 161 202 607 162 202 608 156 203 609 163 203 610 157 203 611 157 204 612 163 204 613 164 204 614 157 205 615 164 205 616 165 205 617 165 206 618 164 206 619 166 206 620 165 207 621 166 207 622 167 207 623 167 208 624 166 208 625 168 208 626 167 209 627 168 209 628 169 209 629 169 210 630 168 210 631 162 210 632 169 211 633 162 211 634 170 211 635 170 212 636 162 212 637 161 212 638 170 213 639 161 213 640 171 213 641 172 214 642 173 214 643 174 214 644 174 215 645 173 215 646 175 215 647 100 216 648 117 216 649 58 216 650 176 217 651 177 217 652 3 217 653 3 218 654 177 218 655 178 218 656 178 219 657 177 219 658 179 219 659 178 220 660 179 220 661 180 220 662 58 221 663 16 221 664 100 221 665 100 222 666 16 222 667 181 222 668 100 223 669 181 223 670 182 223 671 182 224 672 181 224 673 183 224 674 3 225 675 1 225 676 176 225 677 176 226 678 1 226 679 184 226 680 176 227 681 184 227 682 185 227 683 185 228 684 184 228 685 173 228 686 185 229 687 173 229 688 186 229 689 186 230 690 173 230 691 172 230 692 186 231 693 172 231 694 183 231 695 183 232 696 172 232 697 187 232 698 183 233 699 187 233 700 182 233 701 123 234 702 70 234 703 131 234 704 131 235 705 70 235 706 72 235 707 131 236 708 72 236 709 132 236 710 132 237 711 72 237 712 73 237 713 132 238 714 73 238 715 126 238 716 126 239 717 73 239 718 43 239 719 126 240 720 43 240 721 127 240 722 127 241 723 43 241 724 41 241 725 127 242 726 41 242 727 130 242 728 130 243 729 41 243 730 62 243 731 130 244 732 62 244 733 135 244 734 135 245 735 62 245 736 61 245 737 135 246 738 61 246 739 136 246 740 136 247 741 61 247 742 60 247 743 136 248 744 60 248 745 137 248 746 137 249 747 60 249 748 59 249 749 137 250 750 59 250 751 138 250 752 138 251 753 59 251 754 48 251 755 138 252 756 48 252 757 140 252 758 140 253 759 48 253 760 46 253 761 140 254 762 46 254 763 144 254 764 144 255 765 46 255 766 55 255 767 144 256 768 55 256 769 121 256 770 121 257 771 55 257 772 56 257 773 121 258 774 56 258 775 120 258 776 120 259 777 56 259 778 68 259 779 120 260 780 68 260 781 123 260 782 123 261 783 68 261 784 70 261 785 188 262 786 20 262 787 18 262 788 188 263 789 18 263 790 189 263 791 190 264 792 191 264 793 6 264 794 6 265 795 191 265 796 192 265 797 6 266 798 192 266 799 7 266 800 7 267 801 192 267 802 193 267 803 7 268 804 193 268 805 194 268 806 194 269 807 193 269 808 195 269 809 194 270 810 195 270 811 196 270 812 196 271 813 195 271 814 197 271 815 189 272 816 18 272 817 198 272 818 198 273 819 18 273 820 152 273 821 198 274 822 152 274 823 197 274 824 197 275 825 152 275 826 151 275 827 197 276 828 151 276 829 196 276 830 199 277 831 200 277 832 197 277 833 197 278 834 200 278 835 198 278 836 200 279 837 199 279 838 201 279 839 201 280 840 199 280 841 202 280 842 201 281 843 202 281 844 203 281 845 203 282 846 202 282 847 204 282 848 203 283 849 204 283 850 205 283 851 205 284 852 204 284 853 206 284 854 205 285 855 206 285 856 207 285 857 207 286 858 206 286 859 208 286 860 207 287 861 208 287 862 209 287 863 209 288 864 208 288 865 210 288 866 209 289 867 210 289 868 211 289 869 211 290 870 210 290 871 212 290 872 186 291 873 213 291 874 185 291 875 185 292 876 213 292 877 214 292 878 180 293 879 179 293 880 215 293 881 215 294 882 179 294 883 216 294 884 192 295 885 217 295 886 218 295 887 219 296 888 215 296 889 220 296 890 220 297 891 215 297 892 216 297 893 220 298 894 216 298 895 221 298 896 222 299 897 223 299 898 224 299 899 224 300 900 223 300 901 225 300 902 217 301 903 192 301 904 226 301 905 226 302 906 192 302 907 191 302 908 226 303 909 191 303 910 227 303 911 219 304 912 228 304 913 215 304 914 215 305 915 228 305 916 229 305 917 215 306 918 229 306 919 223 306 920 216 307 921 230 307 922 221 307 923 221 308 924 230 308 925 231 308 926 221 309 927 231 309 928 232 309 929 232 310 930 231 310 931 233 310 932 232 311 933 233 311 934 234 311 935 234 312 936 233 312 937 235 312 938 234 313 939 235 313 940 236 313 941 236 314 942 235 314 943 192 314 944 236 315 945 192 315 946 237 315 947 222 316 948 238 316 949 223 316 950 223 317 951 238 317 952 239 317 953 223 318 954 239 318 955 215 318 956 215 319 957 239 319 958 240 319 959 215 320 960 240 320 961 191 320 962 191 321 963 240 321 964 241 321 965 191 322 966 241 322 967 227 322 968 225 323 969 242 323 970 224 323 971 224 324 972 242 324 973 243 324 974 224 325 975 243 325 976 244 325 977 244 326 978 243 326 979 237 326 980 244 327 981 237 327 982 245 327 983 245 328 984 237 328 985 192 328 986 245 329 987 192 329 988 246 329 989 246 330 990 192 330 991 218 330 992 178 331 993 180 331 994 247 331 995 247 332 996 180 332 997 215 332 998 3 333 999 178 333 1000 5 333 1001 5 334 1002 178 334 1003 247 334 1004 6 335 1005 248 335 1006 190 335 1007 190 336 1008 248 336 1009 249 336 1010 190 337 1011 249 337 1012 250 337 1013 251 338 1014 252 338 1015 8 338 1016 8 339 1017 252 339 1018 253 339 1019 8 340 1020 253 340 1021 6 340 1022 6 341 1023 253 341 1024 254 341 1025 6 342 1026 254 342 1027 248 342 1028 8 343 1029 255 343 1030 256 343 1031 256 344 1032 255 344 1033 257 344 1034 256 345 1035 258 345 1036 8 345 1037 8 346 1038 258 346 1039 259 346 1040 8 347 1041 259 347 1042 251 347 1043 250 348 1044 260 348 1045 190 348 1046 190 349 1047 260 349 1048 261 349 1049 190 350 1050 261 350 1051 262 350 1052 262 351 1053 263 351 1054 190 351 1055 190 352 1056 263 352 1057 264 352 1058 190 353 1059 264 353 1060 247 353 1061 259 354 1062 265 354 1063 251 354 1064 251 355 1065 265 355 1066 266 355 1067 251 356 1068 266 356 1069 267 356 1070 267 357 1071 266 357 1072 268 357 1073 267 358 1074 268 358 1075 269 358 1076 269 359 1077 268 359 1078 262 359 1079 269 360 1080 262 360 1081 270 360 1082 270 361 1083 262 361 1084 261 361 1085 257 362 1086 271 362 1087 256 362 1088 256 363 1089 271 363 1090 272 363 1091 256 364 1092 272 364 1093 273 364 1094 273 365 1095 272 365 1096 5 365 1097 273 366 1098 5 366 1099 274 366 1100 274 367 1101 5 367 1102 247 367 1103 274 368 1104 247 368 1105 275 368 1106 275 369 1107 247 369 1108 264 369 1109 190 370 1110 247 370 1111 191 370 1112 191 371 1113 247 371 1114 215 371 1115 276 372 1116 181 372 1117 277 372 1118 277 373 1119 181 373 1120 16 373 1121 277 374 1122 16 374 1123 21 374 1124 276 375 1125 278 375 1126 181 375 1127 181 376 1128 278 376 1129 279 376 1130 181 377 1131 279 377 1132 183 377 1133 213 378 1134 186 378 1135 280 378 1136 280 379 1137 186 379 1138 183 379 1139 280 380 1140 183 380 1141 281 380 1142 281 381 1143 183 381 1144 279 381 1145 209 382 1146 211 382 1147 282 382 1148 207 383 1149 209 383 1150 283 383 1151 203 384 1152 205 384 1153 284 384 1154 285 385 1155 200 385 1156 286 385 1157 286 386 1158 200 386 1159 201 386 1160 286 387 1161 201 387 1162 203 387 1163 207 388 1164 283 388 1165 205 388 1166 285 389 1167 286 389 1168 287 389 1169 287 390 1170 286 390 1171 288 390 1172 287 391 1173 288 391 1174 289 391 1175 289 392 1176 288 392 1177 290 392 1178 289 393 1179 290 393 1180 291 393 1181 291 394 1182 290 394 1183 292 394 1184 292 395 1185 290 395 1186 293 395 1187 292 396 1188 293 396 1189 294 396 1190 294 397 1191 293 397 1192 35 397 1193 294 398 1194 35 398 1195 33 398 1196 203 399 1197 284 399 1198 286 399 1199 286 400 1200 284 400 1201 295 400 1202 286 401 1203 295 401 1204 288 401 1205 288 402 1206 295 402 1207 296 402 1208 288 403 1209 296 403 1210 290 403 1211 290 404 1212 296 404 1213 297 404 1214 290 405 1215 297 405 1216 293 405 1217 293 406 1218 297 406 1219 36 406 1220 293 407 1221 36 407 1222 35 407 1223 205 408 1224 283 408 1225 284 408 1226 284 409 1227 283 409 1228 298 409 1229 284 410 1230 298 410 1231 295 410 1232 295 411 1233 298 411 1234 299 411 1235 295 412 1236 299 412 1237 296 412 1238 296 413 1239 299 413 1240 300 413 1241 296 414 1242 300 414 1243 297 414 1244 297 415 1245 300 415 1246 28 415 1247 297 416 1248 28 416 1249 36 416 1250 209 417 1251 282 417 1252 283 417 1253 283 418 1254 282 418 1255 301 418 1256 283 419 1257 301 419 1258 298 419 1259 298 420 1260 301 420 1261 302 420 1262 298 421 1263 302 421 1264 299 421 1265 299 422 1266 302 422 1267 303 422 1268 299 423 1269 303 423 1270 300 423 1271 300 424 1272 303 424 1273 21 424 1274 300 425 1275 21 425 1276 28 425 1277 33 426 1278 20 426 1279 294 426 1280 294 427 1281 20 427 1282 188 427 1283 287 428 1284 289 428 1285 189 428 1286 189 429 1287 289 429 1288 291 429 1289 189 430 1290 291 430 1291 188 430 1292 188 431 1293 291 431 1294 292 431 1295 188 432 1296 292 432 1297 294 432 1298 287 433 1299 189 433 1300 285 433 1301 285 434 1302 189 434 1303 198 434 1304 285 435 1305 198 435 1306 200 435 1307 216 436 1308 179 436 1309 304 436 1310 304 437 1311 179 437 1312 177 437 1313 305 438 1314 306 438 1315 176 438 1316 176 439 1317 306 439 1318 307 439 1319 176 440 1320 307 440 1321 177 440 1322 177 441 1323 307 441 1324 308 441 1325 177 442 1326 308 442 1327 304 442 1328 305 443 1329 176 443 1330 309 443 1331 309 444 1332 176 444 1333 185 444 1334 309 445 1335 185 445 1336 214 445 1337 204 446 1338 202 446 1339 310 446 1340 230 447 1341 216 447 1342 311 447 1343 231 448 1344 230 448 1345 312 448 1346 233 449 1347 231 449 1348 313 449 1349 233 450 1350 314 450 1351 235 450 1352 235 451 1353 314 451 1354 315 451 1355 315 452 1356 314 452 1357 316 452 1358 316 453 1359 314 453 1360 317 453 1361 316 454 1362 317 454 1363 318 454 1364 318 455 1365 317 455 1366 319 455 1367 318 456 1368 319 456 1369 320 456 1370 320 457 1371 319 457 1372 321 457 1373 321 458 1374 319 458 1375 310 458 1376 321 459 1377 310 459 1378 322 459 1379 322 460 1380 310 460 1381 202 460 1382 322 461 1383 202 461 1384 199 461 1385 233 462 1386 313 462 1387 314 462 1388 314 463 1389 313 463 1390 323 463 1391 314 464 1392 323 464 1393 317 464 1394 317 465 1395 323 465 1396 324 465 1397 317 466 1398 324 466 1399 319 466 1400 319 467 1401 324 467 1402 325 467 1403 319 468 1404 325 468 1405 310 468 1406 310 469 1407 325 469 1408 206 469 1409 310 470 1410 206 470 1411 204 470 1412 326 471 1413 210 471 1414 208 471 1415 231 472 1416 312 472 1417 313 472 1418 313 473 1419 312 473 1420 327 473 1421 313 474 1422 327 474 1423 323 474 1424 323 475 1425 327 475 1426 328 475 1427 323 476 1428 328 476 1429 324 476 1430 324 477 1431 328 477 1432 326 477 1433 324 478 1434 326 478 1435 325 478 1436 325 479 1437 326 479 1438 208 479 1439 325 480 1440 208 480 1441 206 480 1442 230 481 1443 311 481 1444 312 481 1445 312 482 1446 311 482 1447 329 482 1448 312 483 1449 329 483 1450 327 483 1451 327 484 1452 329 484 1453 330 484 1454 327 485 1455 330 485 1456 328 485 1457 328 486 1458 330 486 1459 331 486 1460 328 487 1461 331 487 1462 326 487 1463 326 488 1464 331 488 1465 212 488 1466 326 489 1467 212 489 1468 210 489 1469 316 490 1470 193 490 1471 315 490 1472 315 491 1473 193 491 1474 192 491 1475 315 492 1476 192 492 1477 235 492 1478 316 493 1479 318 493 1480 193 493 1481 193 494 1482 318 494 1483 320 494 1484 193 495 1485 320 495 1486 195 495 1487 199 496 1488 197 496 1489 322 496 1490 322 497 1491 197 497 1492 195 497 1493 322 498 1494 195 498 1495 321 498 1496 321 499 1497 195 499 1498 320 499 1499 151 500 1500 153 500 1501 332 500 1502 151 501 1503 332 501 1504 196 501 1505 196 502 1506 332 502 1507 333 502 1508 196 503 1509 333 503 1510 194 503 1511 194 504 1512 333 504 1513 9 504 1514 194 505 1515 9 505 1516 7 505 1517 334 506 1518 271 506 1519 257 506 1520 334 507 1521 257 507 1522 335 507 1523 8 508 1524 13 508 1525 255 508 1526 255 509 1527 13 509 1528 336 509 1529 255 510 1530 336 510 1531 257 510 1532 257 511 1533 336 511 1534 337 511 1535 257 512 1536 337 512 1537 335 512 1538 271 513 1539 334 513 1540 272 513 1541 272 514 1542 334 514 1543 4 514 1544 272 515 1545 4 515 1546 5 515 1547 170 516 1548 171 516 1549 338 516 1550 332 517 1551 153 517 1552 155 517 1553 9 518 1554 333 518 1555 339 518 1556 333 519 1557 332 519 1558 340 519 1559 340 520 1560 332 520 1561 155 520 1562 340 521 1563 155 521 1564 341 521 1565 341 522 1566 155 522 1567 157 522 1568 333 523 1569 340 523 1570 339 523 1571 339 524 1572 340 524 1573 341 524 1574 339 525 1575 341 525 1576 342 525 1577 342 526 1578 341 526 1579 343 526 1580 342 527 1581 343 527 1582 344 527 1583 157 528 1584 165 528 1585 341 528 1586 341 529 1587 165 529 1588 167 529 1589 341 530 1590 167 530 1591 343 530 1592 343 531 1593 167 531 1594 169 531 1595 343 532 1596 169 532 1597 170 532 1598 170 533 1599 338 533 1600 343 533 1601 343 534 1602 338 534 1603 345 534 1604 343 535 1605 345 535 1606 344 535 1607 344 536 1608 345 536 1609 346 536 1610 344 537 1611 346 537 1612 347 537 1613 9 538 1614 339 538 1615 10 538 1616 10 539 1617 339 539 1618 342 539 1619 10 540 1620 342 540 1621 11 540 1622 11 541 1623 342 541 1624 344 541 1625 11 542 1626 344 542 1627 12 542 1628 12 543 1629 344 543 1630 347 543 1631 12 544 1632 347 544 1633 13 544 1634 171 545 1635 348 545 1636 338 545 1637 347 546 1638 349 546 1639 13 546 1640 13 547 1641 349 547 1642 336 547 1643 350 548 1644 351 548 1645 337 548 1646 337 549 1647 351 549 1648 335 549 1649 335 550 1650 351 550 1651 334 550 1652 334 551 1653 351 551 1654 352 551 1655 334 552 1656 352 552 1657 4 552 1658 353 553 1659 354 553 1660 355 553 1661 355 554 1662 354 554 1663 356 554 1664 355 555 1665 356 555 1666 357 555 1667 357 556 1668 356 556 1669 4 556 1670 171 557 1671 354 557 1672 348 557 1673 348 558 1674 354 558 1675 353 558 1676 348 559 1677 353 559 1678 338 559 1679 338 560 1680 353 560 1681 345 560 1682 347 561 1683 346 561 1684 349 561 1685 349 562 1686 346 562 1687 350 562 1688 349 563 1689 350 563 1690 336 563 1691 336 564 1692 350 564 1693 337 564 1694 4 565 1695 352 565 1696 357 565 1697 357 566 1698 352 566 1699 351 566 1700 357 567 1701 351 567 1702 355 567 1703 355 568 1704 351 568 1705 350 568 1706 355 569 1707 350 569 1708 353 569 1709 353 570 1710 350 570 1711 346 570 1712 353 571 1713 346 571 1714 345 571 1715 175 572 1716 173 572 1717 184 572 1718 175 573 1719 184 573 1720 358 573 1721 358 574 1722 184 574 1723 1 574 1724 358 575 1725 1 575 1726 0 575 1727 2 576 1728 4 576 1729 359 576 1730 359 577 1731 4 577 1732 356 577 1733 359 578 1734 356 578 1735 360 578 1736 360 579 1737 356 579 1738 354 579 1739 360 580 1740 354 580 1741 161 580 1742 161 581 1743 354 581 1744 171 581 1745 0 582 1746 2 582 1747 361 582 1748 361 583 1749 2 583 1750 359 583 1751 361 584 1752 359 584 1753 362 584 1754 362 585 1755 359 585 1756 360 585 1757 362 586 1758 360 586 1759 159 586 1760 159 587 1761 360 587 1762 161 587 1763 362 588 1764 363 588 1765 361 588 1766 364 589 1767 363 589 1768 365 589 1769 365 590 1770 363 590 1771 362 590 1772 365 591 1773 362 591 1774 366 591 1775 366 592 1776 362 592 1777 159 592 1778 364 593 1779 175 593 1780 363 593 1781 363 594 1782 175 594 1783 358 594 1784 363 595 1785 358 595 1786 361 595 1787 361 596 1788 358 596 1789 0 596 1790 367 597 1791 187 597 1792 368 597 1793 368 598 1794 187 598 1795 172 598 1796 368 599 1797 172 599 1798 174 599 1799 367 600 1800 369 600 1801 187 600 1802 187 601 1803 369 601 1804 370 601 1805 187 602 1806 370 602 1807 182 602 1808 98 603 1809 100 603 1810 371 603 1811 371 604 1812 100 604 1813 182 604 1814 371 605 1815 182 605 1816 372 605 1817 372 606 1818 182 606 1819 370 606 1820 174 607 1821 175 607 1822 373 607 1823 373 608 1824 175 608 1825 364 608 1826 373 609 1827 364 609 1828 374 609 1829 374 610 1830 364 610 1831 365 610 1832 374 611 1833 365 611 1834 375 611 1835 375 612 1836 365 612 1837 366 612 1838 375 613 1839 366 613 1840 158 613 1841 158 614 1842 366 614 1843 159 614 1844 18 615 1845 17 615 1846 150 615 1847 83 616 1848 91 616 1849 147 616 1850 147 617 1851 91 617 1852 376 617 1853 147 618 1854 376 618 1855 148 618 1856 148 619 1857 376 619 1858 377 619 1859 148 620 1860 377 620 1861 149 620 1862 149 621 1863 377 621 1864 378 621 1865 149 622 1866 378 622 1867 150 622 1868 154 623 1869 152 623 1870 379 623 1871 379 624 1872 152 624 1873 18 624 1874 379 625 1875 18 625 1876 380 625 1877 380 626 1878 18 626 1879 150 626 1880 380 627 1881 150 627 1882 381 627 1883 381 628 1884 150 628 1885 378 628 1886 374 629 1887 375 629 1888 382 629 1889 98 630 1890 371 630 1891 383 630 1892 383 631 1893 371 631 1894 372 631 1895 383 632 1896 372 632 1897 384 632 1898 384 633 1899 372 633 1900 370 633 1901 384 634 1902 370 634 1903 385 634 1904 375 635 1905 158 635 1906 382 635 1907 382 636 1908 158 636 1909 386 636 1910 382 637 1911 386 637 1912 387 637 1913 387 638 1914 386 638 1915 388 638 1916 387 639 1917 388 639 1918 389 639 1919 389 640 1920 388 640 1921 390 640 1922 389 641 1923 390 641 1924 391 641 1925 391 642 1926 390 642 1927 392 642 1928 391 643 1929 392 643 1930 98 643 1931 373 644 1932 374 644 1933 393 644 1934 393 645 1935 374 645 1936 382 645 1937 393 646 1938 382 646 1939 385 646 1940 385 647 1941 382 647 1942 387 647 1943 385 648 1944 387 648 1945 384 648 1946 384 649 1947 387 649 1948 389 649 1949 384 650 1950 389 650 1951 383 650 1952 383 651 1953 389 651 1954 391 651 1955 383 652 1956 391 652 1957 98 652 1958 370 653 1959 369 653 1960 385 653 1961 385 654 1962 369 654 1963 367 654 1964 385 655 1965 367 655 1966 393 655 1967 393 656 1968 367 656 1969 368 656 1970 393 657 1971 368 657 1972 373 657 1973 373 658 1974 368 658 1975 174 658 1976 91 659 1977 104 659 1978 376 659 1979 376 660 1980 104 660 1981 394 660 1982 376 661 1983 394 661 1984 377 661 1985 377 662 1986 394 662 1987 395 662 1988 396 663 1989 380 663 1990 397 663 1991 397 664 1992 380 664 1993 381 664 1994 397 665 1995 381 665 1996 395 665 1997 395 666 1998 381 666 1999 378 666 2000 395 667 2001 378 667 2002 377 667 2003 104 668 2004 105 668 2005 394 668 2006 394 669 2007 105 669 2008 398 669 2009 394 670 2010 398 670 2011 395 670 2012 395 671 2013 398 671 2014 399 671 2015 395 672 2016 399 672 2017 397 672 2018 397 673 2019 399 673 2020 400 673 2021 397 674 2022 400 674 2023 396 674 2024 396 675 2025 400 675 2026 401 675 2027 156 676 2028 154 676 2029 396 676 2030 396 677 2031 154 677 2032 379 677 2033 396 678 2034 379 678 2035 380 678 2036 162 679 2037 168 679 2038 402 679 2039 402 680 2040 168 680 2041 401 680 2042 402 681 2043 401 681 2044 403 681 2045 403 682 2046 401 682 2047 400 682 2048 403 683 2049 400 683 2050 404 683 2051 404 684 2052 400 684 2053 399 684 2054 404 685 2055 399 685 2056 405 685 2057 405 686 2058 399 686 2059 398 686 2060 405 687 2061 398 687 2062 94 687 2063 94 688 2064 398 688 2065 105 688 2066 168 689 2067 166 689 2068 401 689 2069 401 690 2070 166 690 2071 164 690 2072 401 691 2073 164 691 2074 396 691 2075 396 692 2076 164 692 2077 163 692 2078 396 693 2079 163 693 2080 156 693 2081 160 694 2082 162 694 2083 406 694 2084 406 695 2085 162 695 2086 402 695 2087 406 696 2088 402 696 2089 407 696 2090 407 697 2091 402 697 2092 403 697 2093 407 698 2094 403 698 2095 408 698 2096 408 699 2097 403 699 2098 404 699 2099 408 700 2100 404 700 2101 409 700 2102 409 701 2103 404 701 2104 405 701 2105 409 702 2106 405 702 2107 96 702 2108 96 703 2109 405 703 2110 94 703 2111 96 704 2112 98 704 2113 409 704 2114 409 705 2115 98 705 2116 392 705 2117 409 706 2118 392 706 2119 408 706 2120 408 707 2121 392 707 2122 390 707 2123 408 708 2124 390 708 2125 407 708 2126 407 709 2127 390 709 2128 388 709 2129 407 710 2130 388 710 2131 406 710 2132 406 711 2133 388 711 2134 386 711 2135 406 712 2136 386 712 2137 160 712 2138 160 713 2139 386 713 2140 158 713 2141 410 714 2142 213 714 2143 280 714 2144 410 715 2145 280 715 2146 411 715 2147 411 716 2148 280 716 2149 281 716 2150 411 717 2151 281 717 2152 412 717 2153 21 718 2154 303 718 2155 413 718 2156 413 719 2157 303 719 2158 302 719 2159 413 720 2160 302 720 2161 414 720 2162 414 721 2163 302 721 2164 301 721 2165 414 722 2166 301 722 2167 415 722 2168 415 723 2169 301 723 2170 282 723 2171 415 724 2172 282 724 2173 416 724 2174 416 725 2175 282 725 2176 211 725 2177 416 726 2178 211 726 2179 417 726 2180 21 727 2181 413 727 2182 418 727 2183 418 728 2184 413 728 2185 414 728 2186 418 729 2187 414 729 2188 419 729 2189 419 730 2190 414 730 2191 415 730 2192 419 731 2193 415 731 2194 412 731 2195 412 732 2196 415 732 2197 416 732 2198 412 733 2199 416 733 2200 411 733 2201 411 734 2202 416 734 2203 417 734 2204 411 735 2205 417 735 2206 410 735 2207 281 736 2208 279 736 2209 412 736 2210 412 737 2211 279 737 2212 278 737 2213 412 738 2214 278 738 2215 419 738 2216 419 739 2217 278 739 2218 276 739 2219 419 740 2220 276 740 2221 418 740 2222 418 741 2223 276 741 2224 277 741 2225 418 742 2226 277 742 2227 21 742 2228 214 743 2229 213 743 2230 420 743 2231 420 744 2232 213 744 2233 410 744 2234 420 745 2235 410 745 2236 421 745 2237 421 746 2238 410 746 2239 417 746 2240 421 747 2241 417 747 2242 212 747 2243 212 748 2244 417 748 2245 211 748 2246 216 749 2247 304 749 2248 422 749 2249 422 750 2250 304 750 2251 308 750 2252 422 751 2253 308 751 2254 423 751 2255 216 752 2256 424 752 2257 311 752 2258 311 753 2259 424 753 2260 425 753 2261 311 754 2262 425 754 2263 329 754 2264 329 755 2265 425 755 2266 426 755 2267 329 756 2268 426 756 2269 330 756 2270 330 757 2271 426 757 2272 427 757 2273 330 758 2274 427 758 2275 331 758 2276 216 759 2277 422 759 2278 424 759 2279 424 760 2280 422 760 2281 423 760 2282 424 761 2283 423 761 2284 425 761 2285 425 762 2286 423 762 2287 428 762 2288 425 763 2289 428 763 2290 426 763 2291 426 764 2292 428 764 2293 429 764 2294 426 765 2295 429 765 2296 427 765 2297 309 766 2298 429 766 2299 305 766 2300 305 767 2301 429 767 2302 428 767 2303 305 768 2304 428 768 2305 306 768 2306 306 769 2307 428 769 2308 423 769 2309 306 770 2310 423 770 2311 307 770 2312 307 771 2313 423 771 2314 308 771 2315 309 772 2316 214 772 2317 429 772 2318 429 773 2319 214 773 2320 420 773 2321 429 774 2322 420 774 2323 427 774 2324 427 775 2325 420 775 2326 421 775 2327 427 776 2328 421 776 2329 331 776 2330 331 777 2331 421 777 2332 212 777 2333 430 778 2334 273 778 2335 431 778 2336 431 779 2337 273 779 2338 274 779 2339 431 780 2340 274 780 2341 432 780 2342 432 781 2343 274 781 2344 275 781 2345 432 782 2346 275 782 2347 433 782 2348 433 783 2349 275 783 2350 264 783 2351 433 784 2352 264 784 2353 434 784 2354 434 785 2355 264 785 2356 263 785 2357 434 786 2358 263 786 2359 435 786 2360 435 787 2361 263 787 2362 262 787 2363 435 788 2364 262 788 2365 436 788 2366 436 789 2367 262 789 2368 268 789 2369 436 790 2370 268 790 2371 437 790 2372 437 791 2373 268 791 2374 266 791 2375 437 792 2376 266 792 2377 438 792 2378 438 793 2379 266 793 2380 265 793 2381 438 794 2382 265 794 2383 439 794 2384 439 795 2385 265 795 2386 259 795 2387 439 796 2388 259 796 2389 440 796 2390 440 797 2391 259 797 2392 258 797 2393 440 798 2394 258 798 2395 441 798 2396 441 799 2397 258 799 2398 256 799 2399 441 800 2400 256 800 2401 430 800 2402 430 801 2403 256 801 2404 273 801 2405 442 802 2406 267 802 2407 443 802 2408 443 803 2409 267 803 2410 269 803 2411 443 804 2412 269 804 2413 444 804 2414 444 805 2415 269 805 2416 270 805 2417 444 806 2418 270 806 2419 445 806 2420 445 807 2421 270 807 2422 261 807 2423 445 808 2424 261 808 2425 446 808 2426 446 809 2427 261 809 2428 260 809 2429 446 810 2430 260 810 2431 447 810 2432 447 811 2433 260 811 2434 250 811 2435 447 812 2436 250 812 2437 448 812 2438 448 813 2439 250 813 2440 249 813 2441 448 814 2442 249 814 2443 449 814 2444 449 815 2445 249 815 2446 248 815 2447 449 816 2448 248 816 2449 450 816 2450 450 817 2451 248 817 2452 254 817 2453 450 818 2454 254 818 2455 451 818 2456 451 819 2457 254 819 2458 253 819 2459 451 820 2460 253 820 2461 452 820 2462 452 821 2463 253 821 2464 252 821 2465 452 822 2466 252 822 2467 453 822 2468 453 823 2469 252 823 2470 251 823 2471 453 824 2472 251 824 2473 442 824 2474 442 825 2475 251 825 2476 267 825 2477 454 826 2478 455 826 2479 246 826 2480 246 827 2481 455 827 2482 456 827 2483 246 828 2484 456 828 2485 245 828 2486 245 829 2487 456 829 2488 457 829 2489 245 830 2490 457 830 2491 244 830 2492 244 831 2493 457 831 2494 458 831 2495 244 832 2496 458 832 2497 224 832 2498 224 833 2499 458 833 2500 459 833 2501 224 834 2502 459 834 2503 222 834 2504 222 835 2505 459 835 2506 460 835 2507 222 836 2508 460 836 2509 238 836 2510 238 837 2511 460 837 2512 461 837 2513 238 838 2514 461 838 2515 239 838 2516 239 839 2517 461 839 2518 462 839 2519 239 840 2520 462 840 2521 240 840 2522 240 841 2523 462 841 2524 463 841 2525 240 842 2526 463 842 2527 241 842 2528 241 843 2529 463 843 2530 464 843 2531 241 844 2532 464 844 2533 227 844 2534 227 845 2535 464 845 2536 465 845 2537 227 846 2538 465 846 2539 226 846 2540 226 847 2541 465 847 2542 466 847 2543 226 848 2544 466 848 2545 217 848 2546 217 849 2547 466 849 2548 467 849 2549 217 850 2550 467 850 2551 218 850 2552 218 851 2553 467 851 2554 454 851 2555 218 852 2556 454 852 2557 246 852 2558 468 853 2559 469 853 2560 234 853 2561 234 854 2562 469 854 2563 470 854 2564 234 855 2565 470 855 2566 232 855 2567 232 856 2568 470 856 2569 471 856 2570 232 857 2571 471 857 2572 221 857 2573 221 858 2574 471 858 2575 472 858 2576 221 859 2577 472 859 2578 220 859 2579 220 860 2580 472 860 2581 473 860 2582 220 861 2583 473 861 2584 219 861 2585 219 862 2586 473 862 2587 474 862 2588 219 863 2589 474 863 2590 228 863 2591 228 864 2592 474 864 2593 475 864 2594 228 865 2595 475 865 2596 229 865 2597 229 866 2598 475 866 2599 476 866 2600 229 867 2601 476 867 2602 223 867 2603 223 868 2604 476 868 2605 477 868 2606 223 869 2607 477 869 2608 225 869 2609 225 870 2610 477 870 2611 478 870 2612 225 871 2613 478 871 2614 242 871 2615 242 872 2616 478 872 2617 479 872 2618 242 873 2619 479 873 2620 243 873 2621 243 874 2622 479 874 2623 480 874 2624 243 875 2625 480 875 2626 237 875 2627 237 876 2628 480 876 2629 481 876 2630 237 877 2631 481 877 2632 236 877 2633 236 878 2634 481 878 2635 468 878 2636 236 879 2637 468 879 2638 234 879 2639 39 880 2640 82 880 2641 40 880 2642 40 881 2643 82 881 2644 81 881 2645 40 882 2646 81 882 2647 30 882 2648 30 883 2649 81 883 2650 109 883 2651 30 884 2652 109 884 2653 31 884 2654 31 885 2655 109 885 2656 85 885 2657 31 886 2658 85 886 2659 32 886 2660 32 887 2661 85 887 2662 84 887 2663 32 888 2664 84 888 2665 47 888 2666 47 889 2667 84 889 2668 108 889 2669 47 890 2670 108 890 2671 24 890 2672 24 891 2673 108 891 2674 129 891 2675 24 892 2676 129 892 2677 22 892 2678 22 893 2679 129 893 2680 114 893 2681 22 894 2682 114 894 2683 52 894 2684 52 895 2685 114 895 2686 87 895 2687 52 896 2688 87 896 2689 51 896 2690 51 897 2691 87 897 2692 89 897 2693 51 898 2694 89 898 2695 37 898 2696 37 899 2697 89 899 2698 93 899 2699 37 900 2700 93 900 2701 38 900 2702 38 901 2703 93 901 2704 92 901 2705 38 902 2706 92 902 2707 39 902 2708 39 903 2709 92 903 2710 82 903 2711 34 904 2712 103 904 2713 49 904 2714 49 905 2715 103 905 2716 113 905 2717 49 906 2718 113 906 2719 50 906 2720 50 907 2721 113 907 2722 112 907 2723 50 908 2724 112 908 2725 23 908 2726 23 909 2727 112 909 2728 111 909 2729 23 910 2730 111 910 2731 25 910 2732 25 911 2733 111 911 2734 110 911 2735 25 912 2736 110 912 2737 45 912 2738 45 913 2739 110 913 2740 90 913 2741 45 914 2742 90 914 2743 57 914 2744 57 915 2745 90 915 2746 88 915 2747 57 916 2748 88 916 2749 14 916 2750 14 917 2751 88 917 2752 102 917 2753 14 918 2754 102 918 2755 15 918 2756 15 919 2757 102 919 2758 101 919 2759 15 920 2760 101 920 2761 26 920 2762 26 921 2763 101 921 2764 99 921 2765 26 922 2766 99 922 2767 27 922 2768 27 923 2769 99 923 2770 97 923 2771 27 924 2772 97 924 2773 29 924 2774 29 925 2775 97 925 2776 95 925 2777 29 926 2778 95 926 2779 34 926 2780 34 927 2781 95 927 2782 103 927 2783 430 928 2784 473 928 2785 441 928 2786 441 929 2787 473 929 2788 472 929 2789 441 930 2790 472 930 2791 440 930 2792 440 931 2793 472 931 2794 471 931 2795 440 932 2796 471 932 2797 439 932 2798 471 933 2799 470 933 2800 439 933 2801 439 934 2802 470 934 2803 469 934 2804 439 935 2805 469 935 2806 438 935 2807 438 936 2808 469 936 2809 468 936 2810 438 937 2811 468 937 2812 437 937 2813 437 938 2814 468 938 2815 481 938 2816 437 939 2817 481 939 2818 436 939 2819 436 940 2820 481 940 2821 480 940 2822 436 941 2823 480 941 2824 435 941 2825 435 942 2826 480 942 2827 479 942 2828 435 943 2829 479 943 2830 434 943 2831 434 944 2832 479 944 2833 478 944 2834 434 945 2835 478 945 2836 433 945 2837 433 946 2838 478 946 2839 477 946 2840 433 947 2841 477 947 2842 432 947 2843 432 948 2844 477 948 2845 476 948 2846 432 949 2847 476 949 2848 431 949 2849 431 950 2850 476 950 2851 475 950 2852 431 951 2853 475 951 2854 430 951 2855 430 952 2856 475 952 2857 474 952 2858 430 953 2859 474 953 2860 473 953 2861 442 954 2862 459 954 2863 453 954 2864 453 955 2865 459 955 2866 458 955 2867 453 956 2868 458 956 2869 452 956 2870 452 957 2871 458 957 2872 457 957 2873 452 958 2874 457 958 2875 451 958 2876 457 959 2877 456 959 2878 451 959 2879 451 960 2880 456 960 2881 455 960 2882 451 961 2883 455 961 2884 450 961 2885 450 962 2886 455 962 2887 454 962 2888 450 963 2889 454 963 2890 449 963 2891 449 964 2892 454 964 2893 467 964 2894 449 965 2895 467 965 2896 448 965 2897 448 966 2898 467 966 2899 466 966 2900 448 967 2901 466 967 2902 447 967 2903 447 968 2904 466 968 2905 465 968 2906 447 969 2907 465 969 2908 446 969 2909 446 970 2910 465 970 2911 464 970 2912 446 971 2913 464 971 2914 445 971 2915 445 972 2916 464 972 2917 463 972 2918 445 973 2919 463 973 2920 444 973 2921 444 974 2922 463 974 2923 462 974 2924 444 975 2925 462 975 2926 443 975 2927 443 976 2928 462 976 2929 461 976 2930 443 977 2931 461 977 2932 442 977 2933 442 978 2934 461 978 2935 460 978 2936 442 979 2937 460 979 2938 459 979 2939</p>
        </triangles>
      </mesh>
    </geometry>
  </library_geometries>
  <library_visual_scenes>
    <visual_scene id="Scene" name="Scene">
      <node id="lpf1" name="lpf1" type="NODE">
        <matrix sid="transform">1 0 0 0 0 1 0 0 0 0 1 0 0 0 0 1</matrix>
        <instance_geometry url="#lpf1-mesh" name="lpf1">
          <bind_material>
            <technique_common>
              <instance_material symbol="lpf1material-material" target="#lpf1material-material">
                <bind_vertex_input semantic="UVMap" input_semantic="TEXCOORD" input_set="0"/>
              </instance_material>
            </technique_common>
          </bind_material>
        </instance_geometry>
      </node>
    </visual_scene>
  </library_visual_scenes>
  <scene>
    <instance_visual_scene url="#Scene"/>
  </scene>
</COLLADA>