<?xml version="1.0" encoding="utf-8"?>
<COLLADA xmlns="http://www.collada.org/2005/11/COLLADASchema" version="1.4.1" xmlns:xsi="http://www.w3.org/2001/XMLSchema-instance">
  <asset>
    <contributor>
      <author>Blender User</author>
      <authoring_tool>Blender 4.3.2 commit date:2024-12-16, commit time:21:10, hash:32f5fdce0a0a</authoring_tool>
    </contributor>
    <created>2026-01-02T13:24:56</created>
    <modified>2026-01-02T13:24:56</modified>
    <unit name="meter" meter="1"/>
    <up_axis>Z_UP</up_axis>
  </asset>
  <library_effects>
    <effect id="rb1material-effect">
      <profile_COMMON>
        <newparam sid="minipupper_textures_png-surface">
          <surface type="2D">
            <init_from>minipupper_textures_png</init_from>
          </surface>
        </newparam>
        <newparam sid="minipupper_textures_png-sampler">
          <sampler2D>
            <source>minipupper_textures_png-surface</source>
          </sampler2D>
        </newparam>
        <technique sid="common">
          <lambert>
            <emission>
              <color sid="emission">0 0 0 1</color>
            </emission>
            <diffuse>
              <texture texture="minipupper_textures_png-sampler" texcoord="UVMap"/>
            </diffuse>
            <index_of_refraction>
              <float sid="ior">1.5</float>
            </index_of_refraction>
          </lambert>
        </technique>
      </profile_COMMON>
    </effect>
  </library_effects>
  <library_images>
    <image id="minipupper_textures_png" name="minipupper_textures_png">
      <init_from>minipupper_textures.png</init_from>
    </image>
  </library_images>
  <library_materials>
    <material id="rb1material-material" name="rb1material">
      <instance_effect url="#rb1material-effect"/>
    </material>
  </library_materials>
  <library_geometries>
    <geometry id="rb1-mesh" name="rb1">
      <mesh>
        <source id="rb1-mesh-positions">
          <float_array id="rb1-mesh-positions-array" count="4341">0.006419003 -0.01049995 0.002455592 0.007327556 -0.01049995 0.002086162 0.01695996 -0.01049995 0.005999982 0.008024096 -0.01049995 -0.001395642 0.007327556 -0.01049995 -0.002086162 0.01695996 -0.01049995 -0.005999982 0.006419003 -0.01049995 -0.002455592 0.008024096 -0.01049995 0.001395642 0.008401393 -0.01049995 4.90391e-4 0.008401393 -0.01049995 -4.90391e-4 0.002147197 -0.01049995 0.0055871 6.4217e-4 -0.01049995 0.00596106 -4.00001e-5 -0.01049995 0.005999982 0.005438268 -0.01049995 0.002447068 0.004628121 -0.01049995 0.003769397 0.003506064 -0.01049995 0.004839897 0.005438268 -0.01049995 -0.002447068 0.004628121 -0.01049995 -0.003769397 0.003506064 -0.01049995 -0.004839897 0.002147197 -0.01049995 -0.0055871 6.4217e-4 -0.01049995 -0.00596106 -4.00001e-5 -0.01049995 -0.005999982 -0.01083999 -0.005899965 -0.005499958 -0.01083999 -0.007499992 -0.005499958 -0.01083999 -0.005899965 -7.57728e-4 -0.01083999 -0.007499992 -7.57728e-4 0.02155995 -0.005899965 0.005499958 0.02155995 -0.007499992 0.005499958 0.02155995 -0.005899965 5.54159e-4 0.02155995 -0.007499992 5.54159e-4 0.01695996 -0.007499992 0.005499958 0.01695996 -0.005899965 0.005499958 0.01695996 -0.007499992 -0.005499958 0.01695996 -0.005899965 -0.005499958 0.01695996 0.01099997 -0.005999982 0.01695996 0.01099997 0.005999982 -0.00623995 -0.01049995 -0.005999982 -0.00623995 -0.007499992 -0.005499958 -0.00623995 -0.005899965 -0.005499958 -0.00623995 -0.007499992 0.005499958 -0.00623995 -0.01049995 0.005999982 -0.00623995 -0.005899965 0.005499958 -0.00623995 0.01099997 0.005999982 -0.00623995 0.01099997 -0.005999982 -0.004823803 -0.01049995 0.003621399 -0.00373584 -0.01049995 0.004726529 -0.002400994 -0.01049995 0.005515933 -9.08433e-4 -0.01049995 0.005936801 -0.002400994 -0.01049995 -0.005515933 -9.08433e-4 -0.01049995 -0.005936801 -0.00373584 -0.01049995 -0.004726529 -0.004823803 -0.01049995 -0.003621399 -0.005592167 -0.01049995 -0.002274334 -0.00598967 -0.01049995 -7.75397e-4 -0.00598967 -0.01049995 7.75397e-4 -0.005592167 -0.01049995 0.002274334 0.02155995 -0.007499992 -0.005499958 0.02155995 -0.007499992 -7.57728e-4 0.02071851 -0.007499992 -7.57728e-4 0.01788252 -0.007499992 4.86641e-4 0.0178278 -0.007499992 -2.68767e-4 0.01813632 -0.007499992 -9.60461e-4 0.01828742 -0.007499992 0.001126646 0.01894664 -0.007499992 0.001499593 0.02019965 -0.007499992 -0.001309454 0.01948171 -0.007499992 -0.001550734 0.01873493 -0.007499992 -0.001424431 0.02081346 -0.007499992 5.54159e-4 0.02037948 -0.007499992 0.001174867 0.0197038 -0.007499992 0.001517057 0.02155995 -0.005899965 -0.005499958 0.02071851 -0.005899965 -7.57728e-4 0.02155995 -0.005899965 -7.57728e-4 0.02019965 -0.005899965 -0.001309454 0.02081346 -0.005899965 5.54159e-4 0.02037948 -0.005899965 0.001174867 0.0197038 -0.005899965 0.001517057 0.01894664 -0.005899965 0.001499593 0.01828742 -0.005899965 0.001126646 0.01788252 -0.005899965 4.86641e-4 0.0178278 -0.005899965 -2.68767e-4 0.01813632 -0.005899965 -9.60461e-4 0.01873493 -0.005899965 -0.001424431 0.01948171 -0.005899965 -0.001550734 -0.01083999 -0.007499992 0.005499958 -0.01083999 -0.007499992 5.54159e-4 -0.01009345 -0.007499992 5.54159e-4 -0.009659469 -0.007499992 0.001174867 -0.00898379 -0.007499992 0.001517057 -0.008226633 -0.007499992 0.001499593 -0.007567405 -0.007499992 0.001126646 -0.0099985 -0.007499992 -7.57728e-4 -0.009479641 -0.007499992 -0.001309454 -0.007162511 -0.007499992 4.86641e-4 -0.007107794 -0.007499992 -2.68767e-4 -0.007416367 -0.007499992 -9.60461e-4 -0.008014976 -0.007499992 -0.001424431 -0.008761703 -0.007499992 -0.001550734 -0.01083999 -0.005899965 0.005499958 -0.0099985 -0.005899965 -7.57728e-4 -0.007162511 -0.005899965 4.86641e-4 -0.007567405 -0.005899965 0.001126646 -0.008226633 -0.005899965 0.001499593 -0.007107794 -0.005899965 -2.68767e-4 -0.007416367 -0.005899965 -9.60461e-4 -0.01009345 -0.005899965 5.54159e-4 -0.01083999 -0.005899965 5.54159e-4 -0.009659469 -0.005899965 0.001174867 -0.00898379 -0.005899965 0.001517057 -0.009479641 -0.005899965 -0.001309454 -0.008761703 -0.005899965 -0.001550734 -0.008014976 -0.005899965 -0.001424431 0.005438268 -0.01449996 -0.002447068 0.006419003 -0.01449996 -0.002455592 0.007327556 -0.01449996 -0.002086162 0.008024096 -0.01449996 -0.001395642 0.008401393 -0.01449996 -4.90391e-4 0.008401393 -0.01449996 4.90391e-4 0.008024096 -0.01449996 0.001395642 0.007327556 -0.01449996 0.002086162 0.006419003 -0.01449996 0.002455592 0.005438268 -0.01449996 0.002447068 0.004628121 -0.01449996 0.003769397 0.003506064 -0.01449996 0.004839897 0.002147197 -0.01449996 0.0055871 6.4217e-4 -0.01449996 0.00596106 -9.08433e-4 -0.01449996 0.005936801 -0.002400994 -0.01449996 0.005515933 -0.00373584 -0.01449996 0.004726529 -0.004823803 -0.01449996 0.003621399 -0.005592167 -0.01449996 0.002274334 -0.00598967 -0.01449996 7.75397e-4 -0.00598967 -0.01449996 -7.75397e-4 -0.005592167 -0.01449996 -0.002274334 -0.004823803 -0.01449996 -0.003621399 -0.00373584 -0.01449996 -0.004726529 -0.002400994 -0.01449996 -0.005515933 -9.08433e-4 -0.01449996 -0.005936801 6.4217e-4 -0.01449996 -0.00596106 0.002147197 -0.01449996 -0.0055871 0.003506064 -0.01449996 -0.004839897 0.004628121 -0.01449996 -0.003769397 0.005409955 -0.01449996 -9.35307e-4 0.005949974 -0.01449996 -0.001079976 0.006489992 -0.01449996 -9.35307e-4 0.00688529 -0.01449996 -5.4e-4 0.002329945 -0.01449996 0 0.002278208 -0.01449996 -4.92751e-4 0.001877367 -0.01449996 -0.00139302 0.001144945 -0.01449996 -0.002052426 2.07733e-4 -0.01449996 -0.002357006 -0.002205073 -0.01449996 -9.63966e-4 -0.001625835 -0.01449996 -0.001761198 -7.7237e-4 -0.01449996 -0.002253949 -0.002409994 -0.01449996 0 0.00702995 -0.01449996 0 0.00688529 -0.01449996 5.4e-4 0.006489992 -0.01449996 9.35307e-4 0.005949974 -0.01449996 0.001079976 0.005409955 -0.01449996 9.35307e-4 0.005014657 -0.01449996 -5.4e-4 0.004869997 -0.01449996 0 0.002278208 -0.01449996 4.92751e-4 0.005014657 -0.01449996 5.4e-4 0.001877367 -0.01449996 0.00139302 0.001144945 -0.01449996 0.002052426 -0.001625835 -0.01449996 0.001761198 -0.002205073 -0.01449996 9.63966e-4 2.07733e-4 -0.01449996 0.002357006 -7.7237e-4 -0.01449996 0.002253949 0.001789093 -0.01769995 -3.88795e-4 9.6e-4 -0.01769995 0 8.26026e-4 -0.01769995 -5e-4 -5.4e-4 -0.01769995 -8.66025e-4 -6.17862e-4 -0.01769995 -0.001778423 -4.00001e-5 -0.01769995 -0.000999987 1.55468e-4 -0.01769995 -0.001859724 4.6e-4 -0.01769995 -8.66025e-4 8.95e-4 -0.01769995 -0.001619458 0.00147283 -0.01769995 -0.001099109 -5.4e-4 -0.01769995 8.66025e-4 -0.001291215 -0.01769995 0.001389622 -9.06025e-4 -0.01769995 5e-4 -0.001748323 -0.01769995 7.60597e-4 -0.001039981 -0.01769995 0 -0.001909971 -0.01769995 0 -9.06025e-4 -0.01769995 -5e-4 -0.001748323 -0.01769995 -7.60597e-4 -0.001291215 -0.01769995 -0.001389622 0.001829981 -0.01769995 0 0.001789093 -0.01769995 3.88795e-4 8.26026e-4 -0.01769995 5e-4 0.00147283 -0.01769995 0.001099109 4.6e-4 -0.01769995 8.66025e-4 8.95e-4 -0.01769995 0.001619458 -4.00001e-5 -0.01769995 0.000999987 1.55468e-4 -0.01769995 0.001859724 -6.17862e-4 -0.01769995 0.001778423 0.002278208 -0.01719999 4.92751e-4 0.002329945 -0.01719999 0 0.002278208 -0.01719999 -4.92751e-4 0.001877367 -0.01719999 -0.00139302 0.001144945 -0.01719999 -0.002052426 2.07733e-4 -0.01719999 -0.002357006 -7.7237e-4 -0.01719999 -0.002253949 -0.001625835 -0.01719999 -0.001761198 -0.002205073 -0.01719999 -9.63966e-4 -0.002409994 -0.01719999 0 -0.002205073 -0.01719999 9.63966e-4 -0.001625835 -0.01719999 0.001761198 -7.7237e-4 -0.01719999 0.002253949 2.07733e-4 -0.01719999 0.002357006 0.001144945 -0.01719999 0.002052426 0.001877367 -0.01719999 0.00139302 0.005014657 -0.01469999 5.4e-4 0.005409955 -0.01469999 9.35307e-4 0.005949974 -0.01469999 0.001079976 0.006489992 -0.01469999 9.35307e-4 0.00688529 -0.01469999 5.4e-4 0.00702995 -0.01469999 0 0.00688529 -0.01469999 -5.4e-4 0.006489992 -0.01469999 -9.35307e-4 0.005949974 -0.01469999 -0.001079976 0.005409955 -0.01469999 -9.35307e-4 0.005014657 -0.01469999 -5.4e-4 0.004869997 -0.01469999 0 0.005949974 -0.01469999 0 0.002329945 -0.01719999 0 9.6e-4 -0.01269996 0 8.26026e-4 -0.01269996 5e-4 4.6e-4 -0.01269996 8.66025e-4 -4.00001e-5 -0.01269996 0.000999987 -5.4e-4 -0.01269996 8.66025e-4 -9.06025e-4 -0.01269996 5e-4 -0.001039981 -0.01269996 0 -9.06025e-4 -0.01269996 -5e-4 -5.4e-4 -0.01269996 -8.66025e-4 -4.00001e-5 -0.01269996 -0.000999987 4.6e-4 -0.01269996 -8.66025e-4 8.26026e-4 -0.01269996 -5e-4 -4.00001e-5 -0.01269996 0 0.004300892 -0.01049995 0.01054435 0.003392338 -0.01049995 0.01091378 -0.00623995 -0.01049995 0.006999969 0.002695858 -0.01049995 0.01439565 0.003392338 -0.01049995 0.01508617 -0.00623995 -0.01049995 0.01899999 0.004300892 -0.01049995 0.0154556 0.002695858 -0.01049995 0.01160424 0.002318561 -0.01049995 0.01250958 0.002318561 -0.01049995 0.01349037 0.008572757 -0.01049995 0.00741285 0.01007783 -0.01049995 0.007038891 0.01075994 -0.01049995 0.006999969 0.005281686 -0.01049995 0.01055288 0.006091833 -0.01049995 0.009230554 0.00721383 -0.01049995 0.008160054 0.005281686 -0.01049995 0.01544702 0.006091833 -0.01049995 0.0167694 0.00721383 -0.01049995 0.0178399 0.008572757 -0.01049995 0.01858711 0.01007783 -0.01049995 0.01896107 0.01075994 -0.01049995 0.01899999 0.02155995 -0.005899965 0.01849997 0.02155995 -0.007499992 0.01849997 0.02155995 -0.005899965 0.0137577 0.02155995 -0.007499992 0.0137577 -0.01083999 -0.005899965 0.007499992 -0.01083999 -0.007499992 0.007499992 -0.01083999 -0.005899965 0.0124458 -0.01083999 -0.007499992 0.0124458 -0.00623995 -0.007499992 0.007499992 -0.00623995 -0.005899965 0.007499992 -0.00623995 -0.007499992 0.01849997 -0.00623995 -0.005899965 0.01849997 -0.00623995 0.01099997 0.01899999 -0.00623995 0.01099997 0.006999969 0.01695996 -0.01049995 0.01899999 0.01695996 -0.007499992 0.01849997 0.01695996 -0.005899965 0.01849997 0.01695996 -0.007499992 0.007499992 0.01695996 -0.01049995 0.006999969 0.01695996 -0.005899965 0.007499992 0.01695996 0.01099997 0.006999969 0.01695996 0.01099997 0.01899999 0.01554381 -0.01049995 0.009378552 0.01445585 -0.01049995 0.008273422 0.013121 -0.01049995 0.007484018 0.01162838 -0.01049995 0.00706315 0.013121 -0.01049995 0.01851594 0.01162838 -0.01049995 0.01893681 0.01445585 -0.01049995 0.01772654 0.01554381 -0.01049995 0.01662141 0.01631218 -0.01049995 0.01527434 0.01670968 -0.01049995 0.01377534 0.01670968 -0.01049995 0.01222455 0.01631218 -0.01049995 0.01072555 -0.01083999 -0.007499992 0.01849997 -0.01083999 -0.007499992 0.0137577 -0.0099985 -0.007499992 0.0137577 -0.007162511 -0.007499992 0.01251333 -0.007107794 -0.007499992 0.01326876 -0.007416367 -0.007499992 0.01396042 -0.007567405 -0.007499992 0.0118733 -0.008226633 -0.007499992 0.01150035 -0.009479641 -0.007499992 0.01430946 -0.008761703 -0.007499992 0.01455074 -0.008014976 -0.007499992 0.01442444 -0.01009345 -0.007499992 0.0124458 -0.009659469 -0.007499992 0.01182508 -0.00898379 -0.007499992 0.01148289 -0.01083999 -0.005899965 0.01849997 -0.0099985 -0.005899965 0.0137577 -0.01083999 -0.005899965 0.0137577 -0.009479641 -0.005899965 0.01430946 -0.01009345 -0.005899965 0.0124458 -0.009659469 -0.005899965 0.01182508 -0.00898379 -0.005899965 0.01148289 -0.008226633 -0.005899965 0.01150035 -0.007567405 -0.005899965 0.0118733 -0.007162511 -0.005899965 0.01251333 -0.007107794 -0.005899965 0.01326876 -0.007416367 -0.005899965 0.01396042 -0.008014976 -0.005899965 0.01442444 -0.008761703 -0.005899965 0.01455074 0.02155995 -0.007499992 0.007499992 0.02155995 -0.007499992 0.0124458 0.02081346 -0.007499992 0.0124458 0.02037948 -0.007499992 0.01182508 0.0197038 -0.007499992 0.01148289 0.01894664 -0.007499992 0.01150035 0.01828742 -0.007499992 0.0118733 0.02071851 -0.007499992 0.0137577 0.02019965 -0.007499992 0.01430946 0.01788252 -0.007499992 0.01251333 0.0178278 -0.007499992 0.01326876 0.01813632 -0.007499992 0.01396042 0.01873493 -0.007499992 0.01442444 0.01948171 -0.007499992 0.01455074 0.02155995 -0.005899965 0.007499992 0.02071851 -0.005899965 0.0137577 0.01788252 -0.005899965 0.01251333 0.01828742 -0.005899965 0.0118733 0.01894664 -0.005899965 0.01150035 0.0178278 -0.005899965 0.01326876 0.01813632 -0.005899965 0.01396042 0.02081346 -0.005899965 0.0124458 0.02155995 -0.005899965 0.0124458 0.02037948 -0.005899965 0.01182508 0.0197038 -0.005899965 0.01148289 0.02019965 -0.005899965 0.01430946 0.01948171 -0.005899965 0.01455074 0.01873493 -0.005899965 0.01442444 0.005281686 -0.01449996 0.01544702 0.004300892 -0.01449996 0.0154556 0.003392338 -0.01449996 0.01508617 0.002695858 -0.01449996 0.01439565 0.002318561 -0.01449996 0.01349037 0.002318561 -0.01449996 0.01250958 0.002695858 -0.01449996 0.01160424 0.003392338 -0.01449996 0.01091378 0.004300892 -0.01449996 0.01054435 0.005281686 -0.01449996 0.01055288 0.006091833 -0.01449996 0.009230554 0.00721383 -0.01449996 0.008160054 0.008572757 -0.01449996 0.00741285 0.01007783 -0.01449996 0.007038891 0.01162838 -0.01449996 0.00706315 0.013121 -0.01449996 0.007484018 0.01445585 -0.01449996 0.008273422 0.01554381 -0.01449996 0.009378552 0.01631218 -0.01449996 0.01072555 0.01670968 -0.01449996 0.01222455 0.01670968 -0.01449996 0.01377534 0.01631218 -0.01449996 0.01527434 0.01554381 -0.01449996 0.01662141 0.01445585 -0.01449996 0.01772654 0.013121 -0.01449996 0.01851594 0.01162838 -0.01449996 0.01893681 0.01007783 -0.01449996 0.01896107 0.008572757 -0.01449996 0.01858711 0.00721383 -0.01449996 0.0178399 0.006091833 -0.01449996 0.0167694 0.005309998 -0.01449996 0.01393526 0.00476998 -0.01449996 0.01407998 0.004229962 -0.01449996 0.01393526 0.003834664 -0.01449996 0.01353996 0.008389949 -0.01449996 0.01299995 0.008441746 -0.01449996 0.0134927 0.008842587 -0.01449996 0.01439303 0.009574949 -0.01449996 0.01505243 0.01051223 -0.01449996 0.01535701 0.01292508 -0.01449996 0.01396393 0.01234579 -0.01449996 0.0147612 0.01149237 -0.01449996 0.01525396 0.01312994 -0.01449996 0.01299995 0.003689944 -0.01449996 0.01299995 0.003834664 -0.01449996 0.01245999 0.004229962 -0.01449996 0.01206469 0.00476998 -0.01449996 0.01191997 0.005309998 -0.01449996 0.01206469 0.005705296 -0.01449996 0.01353996 0.005849957 -0.01449996 0.01299995 0.008441746 -0.01449996 0.0125072 0.005705296 -0.01449996 0.01245999 0.008842587 -0.01449996 0.01160693 0.009574949 -0.01449996 0.01094746 0.01234579 -0.01449996 0.01123869 0.01292508 -0.01449996 0.01203602 0.01051223 -0.01449996 0.01064294 0.01149237 -0.01449996 0.01074594 0.008930861 -0.01769995 0.01338875 0.009759962 -0.01769995 0.01299995 0.009893953 -0.01769995 0.01349997 0.01125997 -0.01769995 0.013866 0.01133781 -0.01769995 0.01477843 0.01075994 -0.01769995 0.01399999 0.0105645 -0.01769995 0.01485973 0.01025998 -0.01769995 0.013866 0.009824991 -0.01769995 0.01461946 0.009247124 -0.01769995 0.01409912 0.01125997 -0.01769995 0.01213395 0.01201122 -0.01769995 0.01161026 0.011626 -0.01769995 0.01249998 0.01246827 -0.01769995 0.01223939 0.01175999 -0.01769995 0.01299995 0.01262998 -0.01769995 0.01299995 0.011626 -0.01769995 0.01349997 0.01246827 -0.01769995 0.01376056 0.01201122 -0.01769995 0.01438963 0.008889973 -0.01769995 0.01299995 0.008930861 -0.01769995 0.01261115 0.009893953 -0.01769995 0.01249998 0.009247124 -0.01769995 0.01190084 0.01025998 -0.01769995 0.01213395 0.009824991 -0.01769995 0.01138049 0.01075994 -0.01769995 0.01199996 0.0105645 -0.01769995 0.01114022 0.01133781 -0.01769995 0.01122152 0.008441746 -0.01719999 0.0125072 0.008389949 -0.01719999 0.01299995 0.008441746 -0.01719999 0.0134927 0.008842587 -0.01719999 0.01439303 0.009574949 -0.01719999 0.01505243 0.01051223 -0.01719999 0.01535701 0.01149237 -0.01719999 0.01525396 0.01234579 -0.01719999 0.0147612 0.01292508 -0.01719999 0.01396393 0.01312994 -0.01719999 0.01299995 0.01292508 -0.01719999 0.01203602 0.01234579 -0.01719999 0.01123869 0.01149237 -0.01719999 0.01074594 0.01051223 -0.01719999 0.01064294 0.009574949 -0.01719999 0.01094746 0.008842587 -0.01719999 0.01160693 0.005705296 -0.01469999 0.01245999 0.005309998 -0.01469999 0.01206469 0.00476998 -0.01469999 0.01191997 0.004229962 -0.01469999 0.01206469 0.003834664 -0.01469999 0.01245999 0.003689944 -0.01469999 0.01299995 0.003834664 -0.01469999 0.01353996 0.004229962 -0.01469999 0.01393526 0.00476998 -0.01469999 0.01407998 0.005309998 -0.01469999 0.01393526 0.005705296 -0.01469999 0.01353996 0.005849957 -0.01469999 0.01299995 0.00476998 -0.01469999 0.01299995 0.009759962 -0.01269996 0.01299995 0.009893953 -0.01269996 0.01249998 0.01025998 -0.01269996 0.01213395 0.01075994 -0.01269996 0.01199996 0.01125997 -0.01269996 0.01213395 0.011626 -0.01269996 0.01249998 0.01175999 -0.01269996 0.01299995 0.011626 -0.01269996 0.01349997 0.01125997 -0.01269996 0.013866 0.01075994 -0.01269996 0.01399999 0.01025998 -0.01269996 0.013866 0.009893953 -0.01269996 0.01349997 0.01075994 -0.01269996 0.01299995 -0.01113998 0.001392543 0.001571834 -0.01113998 5.02562e-4 0.002038955 -0.01313996 5.02562e-4 0.002038955 -0.01113998 0 0.00209999 -0.01313996 -5.02564e-4 0.002038955 -0.01113998 -5.02564e-4 0.002038955 -0.01313996 -0.001392543 0.001571834 -0.01113998 -0.001392543 0.001571834 -0.01313996 -0.001963496 7.44671e-4 -0.01113998 -0.001963496 7.44671e-4 -0.01313996 -0.002084672 -2.53127e-4 -0.01113998 -0.002084672 -2.53127e-4 -0.01313996 -0.001728236 -0.001192927 -0.01113998 -0.001728236 -0.001192927 -0.01313996 -9.7592e-4 -0.001859426 -0.01113998 -9.7592e-4 -0.001859426 -0.01313996 0 -0.00209999 -0.01113998 0 -0.00209999 -0.01313996 9.75918e-4 -0.001859426 -0.01113998 9.75918e-4 -0.001859426 -0.01313996 0.001728236 -0.001192927 -0.01113998 0.001728236 -0.001192927 -0.01313996 0.002084672 -2.53127e-4 -0.01113998 0.002084672 -2.53127e-4 -0.01313996 0.001963496 7.44671e-4 -0.01113998 0.001963496 7.44671e-4 -0.01313996 0.001392543 0.001571834 -0.01023995 -0.01049995 0 -0.01023995 -0.01449996 0 -0.01002562 -0.01049995 -8e-4 -0.01002562 -0.01449996 -8e-4 -0.009439945 -0.01049995 -0.001385629 -0.009439945 -0.01449996 -0.001385629 -0.008639991 -0.01049995 -0.001599967 -0.008639991 -0.01449996 -0.001599967 -0.007839977 -0.01049995 -0.001385629 -0.007839977 -0.01449996 -0.001385629 -0.007254302 -0.01049995 -8e-4 -0.007254302 -0.01449996 -8e-4 -0.007039964 -0.01049995 0 -0.007039964 -0.01449996 0 -0.007254302 -0.01049995 8e-4 -0.007254302 -0.01449996 8e-4 -0.007839977 -0.01049995 0.001385629 -0.007839977 -0.01449996 0.001385629 -0.008639991 -0.01049995 0.001599967 -0.008639991 -0.01449996 0.001599967 -0.009439945 -0.01049995 0.001385629 -0.009439945 -0.01449996 0.001385629 -0.01002562 -0.01049995 8e-4 -0.01002562 -0.01449996 8e-4 -0.01023995 -0.01049995 0.01299995 -0.01023995 -0.01449996 0.01299995 -0.01002562 -0.01049995 0.01219999 -0.01002562 -0.01449996 0.01219999 -0.009439945 -0.01049995 0.01161432 -0.009439945 -0.01449996 0.01161432 -0.008639991 -0.01049995 0.01139998 -0.008639991 -0.01449996 0.01139998 -0.007839977 -0.01049995 0.01161432 -0.007839977 -0.01449996 0.01161432 -0.007254302 -0.01049995 0.01219999 -0.007254302 -0.01449996 0.01219999 -0.007039964 -0.01049995 0.01299995 -0.007039964 -0.01449996 0.01299995 -0.007254302 -0.01049995 0.01379996 -0.007254302 -0.01449996 0.01379996 -0.007839977 -0.01049995 0.01438564 -0.007839977 -0.01449996 0.01438564 -0.008639991 -0.01049995 0.01459997 -0.008639991 -0.01449996 0.01459997 -0.009439945 -0.01049995 0.01438564 -0.009439945 -0.01449996 0.01438564 -0.01002562 -0.01049995 0.01379996 -0.01002562 -0.01449996 0.01379996 0.01775997 -0.01049995 0.01299995 0.01775997 -0.01449996 0.01299995 0.01797431 -0.01049995 0.01219999 0.01797431 -0.01449996 0.01219999 0.01855999 -0.01049995 0.01161432 0.01855999 -0.01449996 0.01161432 0.01936 -0.01049995 0.01139998 0.01936 -0.01449996 0.01139998 0.02015995 -0.01049995 0.01161432 0.02015995 -0.01449996 0.01161432 0.02074563 -0.01049995 0.01219999 0.02074563 -0.01449996 0.01219999 0.02095997 -0.01049995 0.01299995 0.02095997 -0.01449996 0.01299995 0.02074563 -0.01049995 0.01379996 0.02074563 -0.01449996 0.01379996 0.02015995 -0.01049995 0.01438564 0.02015995 -0.01449996 0.01438564 0.01936 -0.01049995 0.01459997 0.01936 -0.01449996 0.01459997 0.01855999 -0.01049995 0.01438564 0.01855999 -0.01449996 0.01438564 0.01797431 -0.01049995 0.01379996 0.01797431 -0.01449996 0.01379996 0.01775997 -0.01049995 0 0.01775997 -0.01449996 0 0.01797431 -0.01049995 -8e-4 0.01797431 -0.01449996 -8e-4 0.01855999 -0.01049995 -0.001385629 0.01855999 -0.01449996 -0.001385629 0.01936 -0.01049995 -0.001599967 0.01936 -0.01449996 -0.001599967 0.02015995 -0.01049995 -0.001385629 0.02015995 -0.01449996 -0.001385629 0.02074563 -0.01049995 -8e-4 0.02074563 -0.01449996 -8e-4 0.02095997 -0.01049995 0 0.02095997 -0.01449996 0 0.02074563 -0.01049995 8e-4 0.02074563 -0.01449996 8e-4 0.02015995 -0.01049995 0.001385629 0.02015995 -0.01449996 0.001385629 0.01936 -0.01049995 0.001599967 0.01936 -0.01449996 0.001599967 0.01855999 -0.01049995 0.001385629 0.01855999 -0.01449996 0.001385629 0.01797431 -0.01049995 8e-4 0.01797431 -0.01449996 8e-4 0.02366 0 0.00119996 0.02366 -6.00001e-4 0.001039206 0.02263253 -4.25527e-4 0.001121997 0.02366 -0.001039206 6e-4 0.02263253 -8.98214e-4 7.95747e-4 0.02263253 -6.00001e-4 0.001039206 0.02366 -0.00119996 0 0.02263253 -0.001165091 2.87179e-4 0.02263253 -0.001039206 6e-4 0.02366 -0.001039206 -6e-4 0.02263253 -0.001165091 -2.87179e-4 0.02263253 -0.00119996 0 0.02366 -6.00001e-4 -0.001039206 0.02263253 -8.98214e-4 -7.95747e-4 0.02263253 -0.001039206 -6e-4 0.02366 0 -0.00119996 0.02263253 -4.25527e-4 -0.001121997 0.02263253 -6.00001e-4 -0.001039206 0.02366 5.99999e-4 -0.001039206 0.02263253 1.44644e-4 -0.001191198 0.02263253 0 -0.00119996 0.02366 0.001039206 -6e-4 0.02263253 6.81678e-4 -9.87581e-4 0.02263253 5.99999e-4 -0.001039206 0.02366 0.00119996 0 0.02263253 0.001062512 -5.57668e-4 0.02263253 0.001039206 -6e-4 0.02366 0.001039206 6e-4 0.02263253 0.001062512 5.57668e-4 0.02263253 0.00119996 0 0.02366 5.99999e-4 0.001039206 0.02263253 6.81678e-4 9.87581e-4 0.02263253 0.001039206 6e-4 0.02263253 0 0.00119996 0.02263253 1.44644e-4 0.001191198 0.02263253 5.99999e-4 0.001039206 -0.01253998 -0.01449996 0.02214998 0.001240849 -0.01449996 0.02214998 -0.01253998 0.006499946 0.02214998 0.001240849 -0.01399999 0.02214998 0.02325999 0.006499946 0.02214998 0.002135634 -0.01399999 0.02214998 0.02019912 -0.01449996 0.02214998 0.02325999 -0.01449996 0.02214998 0.02019912 -0.01399999 0.02214998 0.01930427 -0.01399999 0.02214998 0.01930427 -0.01449996 0.02214998 0.002135634 -0.01449996 0.02214998 0.01426756 -0.01449996 0.0180847 0.01481205 -0.01449996 0.01765775 0.006627857 -0.01449996 0.01765775 0.007803082 -0.01449996 0.018471 0.009396791 -0.01449996 0.01905715 0.0110898 -0.01449996 0.01918894 0.01275497 -0.01449996 0.01885646 0.02031737 -0.01449996 0.02203172 -0.01253998 -0.01449996 -0.009149968 -0.009479105 -0.01449996 -0.009149968 -0.009597361 -0.01449996 -0.009031713 -0.01303994 -0.01449996 0.02201598 0.001122534 -0.01449996 0.02203172 0.01537775 -0.01449996 0.01709204 -0.01353996 -0.01449996 0.02114999 0.02425998 -0.01449996 0.02114999 0.02412599 -0.01449996 0.02164995 0.02375996 -0.01449996 0.02201598 -0.01340597 -0.01449996 0.02164995 0.01551401 -0.01449996 0.01693153 0.01640087 -0.01449996 0.01548343 0.01686155 -0.01449996 0.01384902 0.01686155 -0.01449996 0.01215094 0.002105653 -0.01449996 0.01122754 0.001631021 -0.01449996 0.01237779 0.005375206 -0.01449996 0.01614218 0.006062209 -0.01449996 0.01709204 0.004130899 -0.01449996 0.01613551 -0.005680859 -0.01449996 -0.002483427 -0.006141543 -0.01449996 -8.49044e-4 0.02425998 -0.01449996 -0.008149981 0.01551401 -0.01449996 0.009068429 0.01426756 -0.01449996 0.007915258 -0.01353996 -0.01449996 -0.008149981 -0.004657745 -0.01449996 -0.004092037 -0.01340597 -0.01449996 -0.008649945 -0.01303994 -0.01449996 -0.009015977 0.002983212 -0.01449996 0.01034528 0.007803082 -0.01449996 0.00752896 0.004130899 -0.01449996 0.009864449 0.006428182 -0.01449996 0.00852555 0.005375206 -0.01449996 0.009857714 0.02412599 -0.01449996 -0.008649945 0.02375996 -0.01449996 -0.009015977 0.009597361 -0.01449996 -0.009031713 0.02325999 -0.01449996 -0.009149968 0.009479105 -0.01449996 -0.009149968 0.004291772 -0.01449996 0.004474401 0.005344748 -0.01449996 0.003142237 0.006589055 -0.01449996 0.003135502 -0.006141543 -0.01449996 8.49043e-4 -0.005680859 -0.01449996 0.002483427 -0.004794001 -0.01449996 0.003931522 -0.003547549 -0.01449996 0.005084693 -0.004794001 -0.01449996 -0.003931522 0.001631021 -0.01449996 0.01362216 0.002105653 -0.01449996 0.01477241 0.002983212 -0.01449996 0.01565468 0.002916872 -0.01449996 0.005470991 0.008614242 -0.01449996 -0.001772403 0.01640087 -0.01449996 0.01051652 -0.002035021 -0.01449996 0.005856454 -3.698e-4 -0.01449996 0.006188929 0.01275497 -0.01449996 0.007143437 0.0110898 -0.01449996 0.006811022 0.007736742 -0.01449996 0.002654671 0.008614242 -0.01449996 0.001772403 0.009088933 -0.01449996 6.22175e-4 0.009088933 -0.01449996 -6.22175e-4 0.005344748 -0.01449996 -0.003142237 0.004657745 -0.01449996 -0.004092037 0.006589055 -0.01449996 -0.003135502 0.007736742 -0.01449996 -0.002654671 0.001323163 -0.01449996 0.006057143 0.009396791 -0.01449996 0.006942808 -0.003547549 -0.01449996 -0.005084693 -0.004092037 -0.01449996 -0.004657745 -0.00858426 -0.01449996 -0.009149968 0.00858426 -0.01449996 -0.009149968 0.004092037 -0.01449996 -0.004657745 0.002916872 -0.01449996 -0.005470991 0.001323163 -0.01449996 -0.006057143 -3.698e-4 -0.01449996 -0.006188929 -0.002035021 -0.01449996 -0.005856454 0.01481205 -0.01399999 0.01765775 0.01537775 -0.01399999 0.01709204 0.01551401 -0.01349997 0.01693153 0.01426756 -0.01349997 0.0180847 0.006062209 -0.01399999 0.01709204 0.005375206 -0.01349997 0.01614218 0.006428182 -0.01399999 0.01747441 0.006428182 -0.01349997 0.01747441 0.006627857 -0.01399999 0.01765775 0.007803082 -0.01349997 0.018471 0.01275497 -0.01349997 0.01885646 0.0110898 -0.01349997 0.01918894 0.009396791 -0.01349997 0.01905715 0.005375206 -0.01349997 0.009857714 0.006428182 -0.01349997 0.00852555 0.007803082 -0.01349997 0.00752896 0.009396791 -0.01349997 0.006942808 0.0110898 -0.01349997 0.006811022 0.01275497 -0.01349997 0.007143437 0.01426756 -0.01349997 0.007915258 0.01551401 -0.01349997 0.009068429 0.01640087 -0.01349997 0.01051652 0.01686155 -0.01349997 0.01215094 0.01686155 -0.01349997 0.01384902 0.01640087 -0.01349997 0.01548343 0.00858426 -0.01399999 -0.009149968 -0.01253998 0.006499946 -0.009149968 0.009479105 -0.01399999 -0.009149968 0.02325999 0.006499946 -0.009149968 -0.009479105 -0.01399999 -0.009149968 -0.00858426 -0.01399999 -0.009149968 -0.004092037 -0.01399999 -0.004657745 0.004657745 -0.01399999 -0.004092037 0.005344748 -0.01349997 -0.003142237 0.004291772 -0.01399999 -0.004474401 0.004291772 -0.01349997 -0.004474401 0.004092037 -0.01399999 -0.004657745 0.002916872 -0.01349997 -0.005470991 -0.004657745 -0.01399999 -0.004092037 -0.004794001 -0.01349997 -0.003931522 -0.003547549 -0.01349997 -0.005084693 -0.002035021 -0.01349997 -0.005856454 -3.698e-4 -0.01349997 -0.006188929 0.001323163 -0.01349997 -0.006057143 0.005344748 -0.01349997 0.003142237 0.004291772 -0.01349997 0.004474401 0.002916872 -0.01349997 0.005470991 0.001323163 -0.01349997 0.006057143 -3.698e-4 -0.01349997 0.006188929 -0.002035021 -0.01349997 0.005856454 -0.003547549 -0.01349997 0.005084693 -0.004794001 -0.01349997 0.003931522 -0.005680859 -0.01349997 0.002483427 -0.006141543 -0.01349997 8.49043e-4 -0.006141543 -0.01349997 -8.49044e-4 -0.005680859 -0.01349997 -0.002483427 -0.006439983 -0.005499958 0.01974999 -0.006439983 -0.005499958 0.01887917 -0.01014 -0.005499958 0.01974999 -0.01113158 -0.005499958 0.01887917 -0.01063996 -0.005499958 0.019616 -0.01100599 -0.005499958 0.01924997 -0.01063996 -0.005499958 -0.006615996 -0.01100599 -0.005499958 -0.006249964 -0.01014 -0.005499958 -0.006749987 -0.01113158 -0.005499958 -0.005879223 -0.006439983 -0.005499958 -0.006749987 -0.006439983 -0.005499958 -0.005879223 0.01715999 -0.005499958 0.01974999 0.01715999 -0.005499958 0.01887917 0.01715999 -0.007499992 0.01887917 0.01715999 -0.007499992 0.007120728 0.01715999 -0.01349997 -0.006749987 0.01715999 -0.01349997 0.01974999 0.01715999 -0.005499958 -0.005879223 0.01715999 -0.005499958 -0.006749987 0.01715999 -0.007499992 -0.005879223 0.01715999 -0.007499992 0.005879223 0.01715999 -0.005499958 0.005879223 0.01715999 -0.005499958 0.007120728 0.02186 -0.005499958 0.005879223 0.02186 -0.005499958 0.007120728 0.02135998 -0.005499958 0.019616 0.02172601 -0.005499958 0.01924997 0.02085995 -0.005499958 0.01974999 0.02185159 -0.005499958 0.01887917 0.02085995 -0.005499958 -0.006749987 0.02185159 -0.005499958 -0.005879223 0.02135998 -0.005499958 -0.006615996 0.02172601 -0.005499958 -0.006249964 0.02186 -0.007499992 0.007120728 0.02186 -0.007499992 0.01874995 0.02186 -0.007499992 -0.00574994 0.02186 -0.007499992 0.005879223 0.02186 0.001999974 0.01499998 0.02186 0.001770853 0.0159294 0.02186 0.006499946 0.01874995 0.02186 -7.09209e-4 0.01687002 0.02186 2.41073e-4 0.01698541 0.02186 0.001136124 0.01664596 0.02186 -7.09209e-4 0.001869976 0.02186 -0.00149697 0.001326203 0.02186 -0.001941859 4.78631e-4 0.02186 -0.001941859 -4.78631e-4 0.02186 0.001136124 -0.001645922 0.02186 0.001770853 -9.29446e-4 0.02186 0.006499946 -0.00574994 0.02186 0.001999974 0 0.02186 0.001770853 9.29446e-4 0.02186 -0.00149697 0.01632624 0.02186 -0.001941859 0.01547861 0.02186 2.41073e-4 0.01301455 0.02186 2.41073e-4 0.001985371 0.02186 -7.09209e-4 0.01312994 0.02186 -0.00149697 0.01367372 0.02186 -0.001941859 0.01452136 0.02186 0.001770853 0.01407051 0.02186 0.001136124 0.013354 0.02186 0.001136124 0.001645922 0.02186 -0.00149697 -0.001326203 0.02186 -7.09209e-4 -0.001869976 0.02186 2.41073e-4 -0.001985371 -0.01014 0.006499946 -0.006749987 0.02085995 0.006499946 -0.006749987 -0.006439983 -0.01349997 -0.006749987 0.02085995 0.006499946 0.01974999 -0.01014 0.006499946 0.01974999 -0.006439983 -0.01349997 0.01974999 -0.01113998 -9.29447e-4 0.01322907 -0.01113998 -0.001645922 0.01386386 -0.01113998 -0.005499958 0.007120728 -0.01113998 -0.005499958 0.005879223 -0.01113998 -0.001326203 0.01649701 -0.01113998 -4.78631e-4 0.01694184 -0.01113998 -0.007499992 0.01874995 -0.01113998 0 0.01699995 -0.01113998 0.006499946 0.01874995 -0.01113998 -0.007499992 0.007120728 -0.01113998 -0.001985371 0.01475888 -0.01113998 -0.001869976 0.01570916 -0.01113998 4.78631e-4 0.01694184 -0.01113998 0.001326203 0.01649701 -0.01113998 0.001869976 0.01570916 -0.01113998 0.001985371 0.01475888 -0.01113998 0.001645922 0.01386386 -0.01113998 9.29447e-4 0.01322907 -0.01113998 0.006499946 -0.00574994 -0.01113998 -0.007499992 -0.00574994 -0.01113998 -0.007499992 0.005879223 -0.01113998 0 0.01299995 -0.01353996 0.005457758 0.002492487 -0.01353996 9.29447e-4 0.01322907 -0.01353996 0.001645922 0.01386386 -0.01353996 0.001326203 0.01649701 -0.01353996 0.006499946 0.02114999 -0.01353996 0.001869976 0.01570916 -0.01353996 0.001985371 0.01475888 -0.01353996 0.003243803 -0.0050475 -0.01353996 0.004534482 -0.003929138 -0.01353996 0.006499946 -0.008149981 -0.01353996 0.005457758 -0.002492487 -0.01353996 -0.001326203 0.01649701 -0.01353996 -0.001869976 0.01570916 -0.01353996 -0.001985371 0.01475888 -0.01353996 -0.001645922 0.01386386 -0.01353996 -9.29447e-4 0.01322907 -0.01353996 0 0.01299995 -0.01353996 0.004534482 0.003929138 -0.01353996 0.003243803 0.0050475 -0.01353996 -0.003243803 0.0050475 -0.01353996 -0.004534482 0.003929138 -0.01353996 -0.005457758 0.002492487 -0.01353996 -0.005938887 8.53889e-4 -0.01353996 -0.005938887 -8.53889e-4 -0.01353996 -0.005457758 -0.002492487 -0.01353996 -0.004534482 -0.003929138 -0.01353996 -0.003243803 -0.0050475 -0.01353996 -0.001690387 -0.005756914 -0.01353996 0 -0.005999982 -0.01353996 0.001690387 -0.005756914 -0.01353996 0.005938887 -8.53889e-4 -0.01353996 0.005938887 8.53889e-4 -0.01353996 4.78631e-4 0.01694184 -0.01353996 0 0.01699995 -0.01353996 -4.78631e-4 0.01694184 -0.01353996 0.001690387 0.005756914 -0.01353996 0 0.005999982 -0.01353996 -0.001690387 0.005756914 0.02425998 5.75001e-4 0.01599591 0.02425998 9.95929e-4 0.01557499 0.02425998 0.006499946 0.02114999 0.02425998 0.001149952 0.01499998 0.02425998 0.006499946 -0.008149981 0.02425998 -0.001149952 0.01499998 0.02425998 -9.9593e-4 0.01557499 0.02425998 -5.75e-4 0.01599591 0.02425998 0 0.01614999 0.02425998 0.001224577 0.00295639 0.02425998 0.002262711 0.002262711 0.02425998 5.75001e-4 0.01400405 0.02425998 0.00295639 0.001224577 0.02425998 9.95929e-4 0.01442497 0.02425998 0.003199994 0 0.02425998 0.00295639 -0.001224577 0.02425998 0.002262711 -0.002262711 0.02425998 -0.002262711 -0.002262711 0.02425998 -0.00295639 -0.001224577 0.02425998 -0.003199994 0 0.02425998 -0.00295639 0.001224577 0.02425998 0 0.003199994 0.02425998 0 0.01384997 0.02425998 -0.001224577 0.00295639 0.02425998 -5.75e-4 0.01400405 0.02425998 -0.002262711 0.002262711 0.02425998 -9.9593e-4 0.01442497 0.02425998 0.001224577 -0.00295639 0.02425998 0 -0.003199994 0.02425998 -0.001224577 -0.00295639 -0.006439983 -0.005499958 0.007120728 -0.006439983 -0.005499958 0.005879223 -0.006439983 -0.007499992 -0.005879223 -0.006439983 -0.007499992 0.005879223 -0.006439983 -0.007499992 0.01887917 -0.006439983 -0.007499992 0.007120728 0.02050995 -0.007499992 0 0.02035588 -0.007499992 5.75e-4 0.01993495 -0.007499992 9.95929e-4 0.01936 -0.007499992 0.001149952 0.01878499 -0.007499992 9.95929e-4 0.01836407 -0.007499992 5.75e-4 0.01820999 -0.007499992 0 0.01836407 -0.007499992 -5.75e-4 0.01878499 -0.007499992 -9.95929e-4 0.02185159 -0.007499992 -0.005879223 0.01936 -0.007499992 -0.001149952 0.01993495 -0.007499992 -9.95929e-4 0.02035588 -0.007499992 -5.75e-4 0.02035588 -0.007499992 0.01357495 0.02050995 -0.007499992 0.01299995 0.02035588 -0.007499992 0.01242494 0.02185159 -0.007499992 0.01887917 0.01878499 -0.007499992 0.01399588 0.01936 -0.007499992 0.01414996 0.01993495 -0.007499992 0.01399588 0.01836407 -0.007499992 0.01357495 0.01820999 -0.007499992 0.01299995 0.01836407 -0.007499992 0.01242494 0.01878499 -0.007499992 0.01200401 0.01936 -0.007499992 0.01184999 0.01993495 -0.007499992 0.01200401 -0.01113158 -0.007499992 -0.005879223 -0.009214997 -0.007499992 9.95929e-4 -0.008639991 -0.007499992 0.001149952 -0.008064985 -0.007499992 9.95929e-4 -0.009635925 -0.007499992 5.75e-4 -0.009789943 -0.007499992 0 -0.009635925 -0.007499992 -5.75e-4 -0.008064985 -0.007499992 -9.95929e-4 -0.008639991 -0.007499992 -0.001149952 -0.009214997 -0.007499992 -9.95929e-4 -0.007644057 -0.007499992 -5.75e-4 -0.007489979 -0.007499992 0 -0.007644057 -0.007499992 5.75e-4 -0.01113158 -0.007499992 0.01887917 -0.007489979 -0.007499992 0.01299995 -0.007644057 -0.007499992 0.01357495 -0.008064985 -0.007499992 0.01399588 -0.008639991 -0.007499992 0.01414996 -0.009214997 -0.007499992 0.01200401 -0.008639991 -0.007499992 0.01184999 -0.008064985 -0.007499992 0.01200401 -0.007644057 -0.007499992 0.01242494 -0.009214997 -0.007499992 0.01399588 -0.009635925 -0.007499992 0.01357495 -0.009789943 -0.007499992 0.01299995 -0.009635925 -0.007499992 0.01242494 0.004130899 -0.01349997 0.01613551 0.004130899 -0.01349997 0.009864449 0.008614242 -0.01349997 0.001772403 0.009088933 -0.01349997 6.22175e-4 0.002983212 -0.01349997 0.01565468 0.002105653 -0.01349997 0.01477241 0.007736742 -0.01349997 0.002654671 0.006589055 -0.01349997 0.003135502 0.007736742 -0.01349997 -0.002654671 0.008614242 -0.01349997 -0.001772403 0.009088933 -0.01349997 -6.22175e-4 0.006589055 -0.01349997 -0.003135502 0.002983212 -0.01349997 0.01034528 0.002105653 -0.01349997 0.01122754 0.001631021 -0.01349997 0.01237779 0.001631021 -0.01349997 0.01362216 0.001122534 -0.01399999 0.02203172 0.009597361 -0.01399999 -0.009031713 -0.009597361 -0.01399999 -0.009031713 0.02031737 -0.01399999 0.02203172 -0.01100599 0.006499946 0.01924997 -0.01063996 0.006499946 0.019616 -0.01063996 0.006499946 -0.006615996 -0.01100599 0.006499946 -0.006249964 0.02172601 0.006499946 -0.006249964 0.02135998 0.006499946 -0.006615996 0.02135998 0.006499946 0.019616 0.02172601 0.006499946 0.01924997 -0.01303994 0.006499946 -0.009015977 -0.01340597 0.006499946 -0.008649945 -0.01340597 0.006499946 0.02164995 -0.01303994 0.006499946 0.02201598 0.02412599 0.006499946 -0.008649945 0.02375996 0.006499946 -0.009015977 0.02375996 0.006499946 0.02201598 0.02412599 0.006499946 0.02164995 0.02268081 -4.07796e-4 0.01607525 0.02268081 -8.60788e-4 0.01576256 0.02268081 -5.75e-4 0.01599591 0.02268081 -0.001116573 0.01527518 0.02268081 -9.9593e-4 0.01557499 0.02268081 -0.001116573 0.01472479 0.02268081 -0.001149952 0.01499998 0.02268081 -8.60788e-4 0.0142374 0.02268081 -9.9593e-4 0.01442497 0.02268081 -4.07796e-4 0.01392471 0.02268081 -5.75e-4 0.01400405 0.02268081 1.38617e-4 0.01385837 0.02268081 0 0.01384997 0.02268081 6.53275e-4 0.01405352 0.02268081 5.75001e-4 0.01400405 0.02268081 0.001018226 0.01446557 0.02268081 9.95929e-4 0.01442497 0.02268081 0.001018226 0.0155344 0.02268081 0.001149952 0.01499998 0.02268081 6.53275e-4 0.01594638 0.02268081 9.95929e-4 0.01557499 0.02268081 0 0.01614999 0.02268081 1.38617e-4 0.01614159 0.02268081 5.75001e-4 0.01599591 -0.01513999 0.001239597 -0.004221737 -0.01513999 0.002378761 -0.003701508 -0.01513999 0.003325283 -0.002881348 -0.01513999 0.004002332 -0.001827776 -0.01513999 0.004355192 -6.26185e-4 -0.01513999 0.004355192 6.26185e-4 -0.01513999 0.004002332 0.001827776 -0.01513999 0.003325283 0.002881348 -0.01513999 0.002378761 0.003701508 -0.01513999 0.001239597 0.004221737 -0.01513999 0 0.004399955 -0.01513999 -0.001239597 0.004221737 -0.01513999 -0.002378761 0.003701508 -0.01513999 -0.003325283 0.002881348 -0.01513999 -0.004002332 0.001827776 -0.01513999 -0.004355192 6.26185e-4 -0.01513999 -0.004355192 -6.26185e-4 -0.01513999 -0.004002332 -0.001827776 -0.01513999 -0.003325283 -0.002881348 -0.01513999 -0.002378761 -0.003701508 -0.01513999 -0.001239597 -0.004221737 -0.01513999 0 -0.004399955 -0.01513999 0 -0.001599967 -0.01513999 8.00001e-4 -0.001385629 -0.01513999 0.001385629 -8e-4 -0.01513999 -8e-4 -0.001385629 -0.01513999 8.00001e-4 0.001385629 -0.01513999 0.001385629 8e-4 -0.01513999 0.001599967 0 -0.01513999 0 0.001599967 -0.01513999 -0.001385629 -8e-4 -0.01513999 -0.001599967 0 -0.01513999 -8e-4 0.001385629 -0.01513999 -0.001385629 8e-4 0.02366 0 0.003199994 0.02366 -0.001224577 0.00295639 0.02366 -0.002262711 0.002262711 0.02366 -0.00295639 0.001224577 0.02366 -0.003199994 0 0.02366 -0.00295639 -0.001224577 0.02366 -0.002262711 -0.002262711 0.02366 -0.001224577 -0.00295639 0.02366 0 -0.003199994 0.02366 0.001224577 -0.00295639 0.02366 0.002262711 -0.002262711 0.02366 0.00295639 -0.001224577 0.02366 0.003199994 0 0.02366 0.00295639 0.001224577 0.02366 0.002262711 0.002262711 0.02366 0.001224577 0.00295639 0.01993495 -0.01049995 -9.95929e-4 0.02035588 -0.01049995 -5.75e-4 0.02050995 -0.01049995 0 0.02035588 -0.01049995 5.75e-4 0.01993495 -0.01049995 9.95929e-4 0.01936 -0.01049995 0.001149952 0.01878499 -0.01049995 9.95929e-4 0.01836407 -0.01049995 5.75e-4 0.01820999 -0.01049995 0 0.01836407 -0.01049995 -5.75e-4 0.01878499 -0.01049995 -9.95929e-4 0.01936 -0.01049995 -0.001149952 0.01878499 -0.01049995 0.01399588 0.01836407 -0.01049995 0.01357495 0.01820999 -0.01049995 0.01299995 0.01836407 -0.01049995 0.01242494 0.01878499 -0.01049995 0.01200401 0.01936 -0.01049995 0.01184999 0.01993495 -0.01049995 0.01200401 0.02035588 -0.01049995 0.01242494 0.02050995 -0.01049995 0.01299995 0.02035588 -0.01049995 0.01357495 0.01993495 -0.01049995 0.01399588 0.01936 -0.01049995 0.01414996 -0.009214997 -0.01049995 0.01399588 -0.009635925 -0.01049995 0.01357495 -0.009789943 -0.01049995 0.01299995 -0.009635925 -0.01049995 0.01242494 -0.009214997 -0.01049995 0.01200401 -0.008639991 -0.01049995 0.01184999 -0.008064985 -0.01049995 0.01200401 -0.007644057 -0.01049995 0.01242494 -0.007489979 -0.01049995 0.01299995 -0.007644057 -0.01049995 0.01357495 -0.008064985 -0.01049995 0.01399588 -0.008639991 -0.01049995 0.01414996 -0.008064985 -0.01049995 -9.95929e-4 -0.007644057 -0.01049995 -5.75e-4 -0.007489979 -0.01049995 0 -0.007644057 -0.01049995 5.75e-4 -0.008064985 -0.01049995 9.95929e-4 -0.008639991 -0.01049995 0.001149952 -0.009214997 -0.01049995 9.95929e-4 -0.009635925 -0.01049995 5.75e-4 -0.009789943 -0.01049995 0 -0.009635925 -0.01049995 -5.75e-4 -0.009214997 -0.01049995 -9.95929e-4 -0.008639991 -0.01049995 -0.001149952 -0.01313996 0 0.001599967 -0.01313996 -8e-4 0.001385629 -0.01313996 -0.001385629 8e-4 -0.01313996 -0.001599967 0 -0.01313996 -0.001385629 -8e-4 -0.01313996 -8e-4 -0.001385629 -0.01313996 0 -0.001599967 -0.01313996 8.00001e-4 -0.001385629 -0.01313996 0.001385629 -8e-4 -0.01313996 0.001599967 0 -0.01313996 0.001385629 8e-4 -0.01313996 8.00001e-4 0.001385629 0.02485996 0 0.000999987 0.02460998 0 0.000999987 0.02485996 4.33884e-4 9.00969e-4 0.02460998 4.33884e-4 9.00969e-4 0.02485996 7.81831e-4 6.2349e-4 0.02460998 7.81831e-4 6.2349e-4 0.02485996 9.74928e-4 2.22521e-4 0.02460998 9.74928e-4 2.22521e-4 0.02485996 9.74928e-4 -2.22521e-4 0.02460998 9.74928e-4 -2.22521e-4 0.02485996 7.81831e-4 -6.2349e-4 0.02460998 7.81831e-4 -6.2349e-4 0.02485996 4.33884e-4 -9.00969e-4 0.02460998 4.33884e-4 -9.00969e-4 0.02485996 0 -0.000999987 0.02460998 0 -0.000999987 0.02485996 -4.33884e-4 -9.00969e-4 0.02460998 -4.33884e-4 -9.00969e-4 0.02485996 -7.81831e-4 -6.2349e-4 0.02460998 -7.81831e-4 -6.2349e-4 0.02485996 -9.74928e-4 -2.22521e-4 0.02460998 -9.74928e-4 -2.22521e-4 0.02485996 -9.74928e-4 2.22521e-4 0.02460998 -9.74928e-4 2.22521e-4 0.02485996 -7.81831e-4 6.2349e-4 0.02460998 -7.81831e-4 6.2349e-4 0.02485996 -4.33884e-4 9.00969e-4 0.02460998 -4.33884e-4 9.00969e-4 0.02765995 -0.001618027 -0.001175522 0.02765995 -0.002121269 -0.002121269 0.02765995 -0.001175522 -0.001618027 0.02765995 -0.00149995 -0.002598047 0.02765995 -6.18034e-4 -0.001902103 0.02765995 -7.76457e-4 -0.002897739 0.02765995 0 -0.001999974 0.02765995 0 -0.002999961 0.02765995 6.18034e-4 -0.001902103 0.02765995 7.76457e-4 -0.002897739 0.02765995 0.001175522 -0.001618027 0.02765995 0.00149995 -0.002598047 0.02765995 0.002121269 -0.002121269 0.02765995 0.001618027 -0.001175522 0.02765995 0.002598047 -0.00149995 0.02765995 0.001902103 -6.18034e-4 0.02765995 0.002897739 -7.76457e-4 0.02765995 0.001999974 0 0.02765995 0.002999961 0 0.02765995 0.001902103 6.18034e-4 0.02765995 0.002897739 7.76457e-4 0.02765995 0.001618027 0.001175522 0.02765995 -0.001175522 0.001618027 0.02765995 -0.002121269 0.002121269 0.02765995 -0.001618027 0.001175522 0.02765995 -0.002598047 0.00149995 0.02765995 -0.001902103 6.18034e-4 0.02765995 -0.002897739 7.76457e-4 0.02765995 -0.001999974 0 0.02765995 -0.002999961 0 0.02765995 -0.001902103 -6.18034e-4 0.02765995 -0.002897739 -7.76457e-4 0.02765995 -0.002598047 -0.00149995 0.02765995 0.002598047 0.00149995 0.02765995 0.002121269 0.002121269 0.02765995 0.001175522 0.001618027 0.02765995 0.00149995 0.002598047 0.02765995 6.18034e-4 0.001902103 0.02765995 7.76457e-4 0.002897739 0.02765995 0 0.001999974 0.02765995 0 0.002999961 0.02765995 -6.18034e-4 0.001902103 0.02765995 -7.76457e-4 0.002897739 0.02765995 -0.00149995 0.002598047 0.02366 -0.002897739 7.76457e-4 0.02366 -0.002999961 0 0.02425998 -0.002985954 2.89644e-4 0.02575999 0.002999961 0 0.02575999 0.002985954 2.89644e-4 0.02575999 0.002897739 7.76457e-4 0.02575999 0.002598047 0.00149995 0.02575999 0.002121269 0.002121269 0.02575999 0.00149995 0.002598047 0.02575999 7.76457e-4 0.002897739 0.02575999 0 0.002999961 0.02575999 -7.76457e-4 0.002897739 0.02575999 -0.00149995 0.002598047 0.02575999 -0.002121269 0.002121269 0.02575999 -0.002598047 0.00149995 0.02575999 -0.002897739 7.76457e-4 0.02575999 -0.002985954 2.89644e-4 0.02575999 -0.002999961 0 0.02425998 -0.002999961 0 0.02366 -0.002897739 -7.76457e-4 0.02425998 -0.002897739 7.76457e-4 0.02425998 -0.002598047 0.00149995 0.02366 -0.002598047 0.00149995 0.02425998 -0.002121269 0.002121269 0.02366 -0.002121269 0.002121269 0.02425998 -0.00149995 0.002598047 0.02366 -0.00149995 0.002598047 0.02425998 -7.76457e-4 0.002897739 0.02366 -7.76457e-4 0.002897739 0.02425998 0 0.002999961 0.02366 0 0.002999961 0.02425998 7.76457e-4 0.002897739 0.02366 7.76457e-4 0.002897739 0.02425998 0.00149995 0.002598047 0.02366 0.00149995 0.002598047 0.02425998 0.002121269 0.002121269 0.02366 0.002121269 0.002121269 0.02425998 0.002598047 0.00149995 0.02366 0.002598047 0.00149995 0.02425998 0.002897739 7.76457e-4 0.02366 0.002897739 7.76457e-4 0.02425998 0.002985954 2.89644e-4 0.02366 0.002999961 0 0.02425998 0.002999961 0 0.02366 0.002897739 -7.76457e-4 0.02366 -0.002598047 -0.00149995 0.02366 -0.002121269 -0.002121269 0.02366 -0.00149995 -0.002598047 0.02366 -7.76457e-4 -0.002897739 0.02366 0 -0.002999961 0.02366 7.76457e-4 -0.002897739 0.02366 0.00149995 -0.002598047 0.02366 0.002121269 -0.002121269 0.02366 0.002598047 -0.00149995 0.02765995 0 0.001999974 0.02485996 0 0.001999974 0.02485996 6.18034e-4 0.001902103 0.02485996 0.001175522 0.001618027 0.02485996 0.001618027 0.001175522 0.02485996 0.001902103 6.18034e-4 0.02485996 0.001999974 0 0.02485996 0.001902103 -6.18034e-4 0.02485996 0.001618027 -0.001175522 0.02485996 0.001175522 -0.001618027 0.02485996 6.18034e-4 -0.001902103 0.02485996 0 -0.001999974 0.02485996 -6.18034e-4 -0.001902103 0.02485996 -0.001175522 -0.001618027 0.02485996 -0.001618027 -0.001175522 0.02485996 -0.001902103 -6.18034e-4 0.02485996 -0.001999974 0 0.02485996 -0.001902103 6.18034e-4 0.02485996 -0.001618027 0.001175522 0.02485996 -0.001175522 0.001618027 0.02485996 -6.18034e-4 0.001902103 0.02425998 0 0.01399999 0.02575999 0 0.01399999 0.02425998 4.33884e-4 0.014099 0.02575999 4.33884e-4 0.014099 0.02425998 7.81831e-4 0.01437646 0.02575999 7.81831e-4 0.01437646 0.02425998 9.74928e-4 0.01477748 0.02575999 9.74928e-4 0.01477748 0.02425998 9.74928e-4 0.01522248 0.02575999 9.74928e-4 0.01522248 0.02425998 7.81831e-4 0.01562345 0.02575999 7.81831e-4 0.01562345 0.02425998 4.33884e-4 0.01590096 0.02575999 4.33884e-4 0.01590096 0.02425998 0 0.01599997 0.02575999 0 0.01599997 0.02425998 -4.33884e-4 0.01590096 0.02575999 -4.33884e-4 0.01590096 0.02425998 -7.81831e-4 0.01562345 0.02575999 -7.81831e-4 0.01562345 0.02425998 -9.74928e-4 0.01522248 0.02575999 -9.74928e-4 0.01522248 0.02425998 -9.74928e-4 0.01477748 0.02575999 -9.74928e-4 0.01477748 0.02425998 -7.81831e-4 0.01437646 0.02575999 -7.81831e-4 0.01437646 0.02425998 -4.33884e-4 0.014099 0.02575999 -4.33884e-4 0.014099 0.02425998 0 0.005999982 0.02575999 0 0.005999982 0.02425998 4.33884e-4 0.006098985 0.02575999 4.33884e-4 0.006098985 0.02425998 7.81831e-4 0.006376504 0.02575999 7.81831e-4 0.006376504 0.02425998 9.74928e-4 0.006777465 0.02575999 9.74928e-4 0.006777465 0.02425998 9.74928e-4 0.007222473 0.02575999 9.74928e-4 0.007222473 0.02425998 7.81831e-4 0.007623434 0.02575999 7.81831e-4 0.007623434 0.02425998 4.33884e-4 0.007900953 0.02575999 4.33884e-4 0.007900953 0.02425998 0 0.007999956 0.02575999 0 0.007999956 0.02425998 -4.33884e-4 0.007900953 0.02575999 -4.33884e-4 0.007900953 0.02425998 -7.81831e-4 0.007623434 0.02575999 -7.81831e-4 0.007623434 0.02425998 -9.74928e-4 0.007222473 0.02575999 -9.74928e-4 0.007222473 0.02425998 -9.74928e-4 0.006777465 0.02575999 -9.74928e-4 0.006777465 0.02425998 -7.81831e-4 0.006376504 0.02575999 -7.81831e-4 0.006376504 0.02425998 -4.33884e-4 0.006098985 0.02575999 -4.33884e-4 0.006098985 0.02575999 0.002249956 0.01549994 0.02425998 0.002249956 0.01549994 0.02425998 -0.002249956 0.01549994 0.02575999 -0.002249956 0.01549994 0.02575999 -0.00215882 0.0161339 0.02425998 -0.00215882 0.0161339 0.02575999 -0.001892805 0.01671642 0.02425998 -0.001892805 0.01671642 0.02575999 -0.001473426 0.01720041 0.02425998 -0.001473426 0.01720041 0.02575999 -9.34684e-4 0.01754665 0.02425998 -9.34684e-4 0.01754665 0.02575999 -3.20208e-4 0.01772707 0.02425998 -3.20208e-4 0.01772707 0.02575999 3.20208e-4 0.01772707 0.02425998 3.20208e-4 0.01772707 0.02575999 9.34684e-4 0.01754665 0.02425998 9.34684e-4 0.01754665 0.02575999 0.001473426 0.01720041 0.02425998 0.001473426 0.01720041 0.02575999 0.001892805 0.01671642 0.02425998 0.001892805 0.01671642 0.02575999 0.00215882 0.0161339 0.02425998 0.00215882 0.0161339 0.02366 -0.001136243 0.001459896 0.02366 -6.00694e-4 0.001749753 0.02366 0 0.001849949 0.02366 6.00694e-4 0.001749753 0.02366 0.001843631 -1.52772e-4 0.02366 0.001694142 -7.43136e-4 0.02366 0.001361072 -0.001252949 0.02366 8.80503e-4 -0.001626968 0.02366 3.045e-4 -0.001824736 0.02366 -0.001694142 -7.43136e-4 0.02366 -0.001843631 -1.52772e-4 0.02366 -0.001793384 4.54148e-4 0.02366 -0.001548707 0.001011848 0.02366 -3.045e-4 -0.001824736 0.02366 -8.80503e-4 -0.001626968 0.02366 -0.001361072 -0.001252949 0.02366 0.001136243 0.001459896 0.02366 0.001548707 0.001011848 0.02366 0.001793384 4.54148e-4 0.02460998 0 0.001849949 0.02460998 6.00694e-4 0.001749753 0.02460998 0.001136243 0.001459896 0.02460998 0.001548707 0.001011848 0.02460998 0.001793384 4.54148e-4 0.02460998 0.001843631 -1.52772e-4 0.02460998 0.001694142 -7.43136e-4 0.02460998 0.001361072 -0.001252949 0.02460998 8.80503e-4 -0.001626968 0.02460998 3.045e-4 -0.001824736 0.02460998 -3.045e-4 -0.001824736 0.02460998 -8.80503e-4 -0.001626968 0.02460998 -0.001361072 -0.001252949 0.02460998 -0.001694142 -7.43136e-4 0.02460998 -0.001843631 -1.52772e-4 0.02460998 -0.001793384 4.54148e-4 0.02460998 -0.001548707 0.001011848 0.02460998 -0.001136243 0.001459896 0.02460998 -6.00694e-4 0.001749753</float_array>
          <technique_common>
            <accessor source="#rb1-mesh-positions-array" count="1447" stride="3">
              <param name="X" type="float"/>
              <param name="Y" type="float"/>
              <param name="Z" type="float"/>
            </accessor>
          </technique_common>
        </source>
        <source id="rb1-mesh-normals">
          <float_array id="rb1-mesh-normals-array" count="8778">0 -1 0 0 -1 0 0 -1 0 0 -1 0 0 -1 0 0 -1 0 0 -1 0 0 -1 0 0 -1 0 0 -1 0 0 -1 0 0 -1 0 0 -1 0 0 -1 0 0 -1 0 0 -1 0 0 -1 0 0 -1 0 0 -1 0 0 -1 0 -1 0 0 -1 0 0 1 0 0 1 0 0 1 0 0 1 0 0 1 0 0 1 0 0 1 0 0 1 0 0 1 0 0 1 0 0 -1 0 0 -1 0 0 -1 0 0 -1 0 0 -1 0 0 -1 0 0 -1 0 0 -1 0 0 0 0 1 0 0 1 0 0 1 0 0 -1 0 0 -1 0 0 -1 0 1 0 0 1 0 0 -1 0 0 -1 0 0 -1 0 0 -1 0 0 -1 0 0 -1 0 0 -1 0 0 -1 0 0 -1 0 0 -1 0 0 -1 0 0 -1 0 0 -1 0 0 -1 0 0 -1 0 0 -1 0 0 -1 0 0 -1 0 0 -1 0 0 -1 0 0 -1 0 0 -1 0 0 -1 0 0 -1 0 0 -1 0 0 -1 0 0 -1 0 0 -1 0 0 -1 0 0 -1 0 0 0 -1 0 0 -1 0 1 0 0 1 0 0 1 0 0 1 0 0 1 0 0 1 0 0 1 0 0 1 0 0 1 0 0 1 0 0 1 0 0 1 0 0 1 0 0 1 0 0 1 0 0 1 0 0 0 1 0 0 1 1 0 0 1 0 0 0 -1 0 0 -1 0 0 -1 0 0 -1 0 0 -1 0 0 -1 0 0 -1 0 0 -1 0 0 -1 0 0 -1 0 0 -1 0 0 -1 0 0 -1 0 0 -1 0 0 -1 0 0 -1 0 0 0 1 0 0 1 0 1 0 0 1 0 0 1 0 0 1 0 0 1 0 0 1 0 0 1 0 0 1 0 0 1 0 0 1 0 0 1 0 0 1 0 0 1 0 0 1 0 0 1 0 0 1 0 0 0 -1 0 0 -1 -1 0 0 -1 0 0 -0.8195542 0 -0.5730017 -0.8195542 0 -0.5730017 -0.4518172 0 -0.8921106 -0.4518172 0 -0.8921106 0.02302986 0 -0.9997348 0.02302986 0 -0.9997348 0.4924179 0 -0.8703588 0.4924179 0 -0.8703588 0.8450699 0 -0.5346559 0.8450699 0 -0.5346559 0.99739 0 -0.07220286 0.99739 0 -0.07220286 0.9132655 0 0.407365 0.9132655 0 0.407365 0.6126397 0 0.7903624 0.6126397 0 0.7903624 0.166781 0 0.9859939 0.166781 0 0.9859939 -0.3186162 0 0.9478837 -0.3186162 0 0.9478837 -0.7284799 0 0.6850672 -0.7284799 0 0.6850672 0 0 -1 0 0 -1 0 0 1 0 0 1 0 0 1 0 0 1 0 0 -1 0 0 -1 0.7284805 0 0.6850665 0.7284805 0 0.6850665 0.3186158 0 0.9478839 0.3186158 0 0.9478839 -0.166781 0 0.9859939 -0.166781 0 0.9859939 -0.6126402 0 0.790362 -0.6126402 0 0.790362 -0.9132655 0 0.407365 -0.9132655 0 0.407365 -0.99739 0 -0.07220286 -0.99739 0 -0.07220286 -0.8450704 0 -0.534655 -0.8450704 0 -0.534655 -0.4924174 0 -0.8703591 -0.4924174 0 -0.8703591 -0.02302986 0 -0.9997348 -0.02302986 0 -0.9997348 0.4518166 0 -0.8921108 0.4518166 0 -0.8921108 0.8195547 0 -0.5730009 0.8195547 0 -0.5730009 -0.008697569 0 -0.9999622 -0.008697569 0 -0.9999622 0.3766487 0 -0.9263562 0.3766487 0 -0.9263562 0.7040249 0 -0.7101753 0.7040249 0 -0.7101753 0.9230453 0 -0.3846911 0.9230453 0 -0.3846911 1 0 0 1 0 0 0.9230453 0 0.3846911 0.9230453 0 0.3846911 0.7040249 0 0.7101753 0.7040249 0 0.7101753 0.3766487 0 0.9263562 0.3766487 0 0.9263562 -0.008697569 0 0.9999622 -0.008697569 0 0.9999622 0.8526874 0 0.5224216 0.8526874 0 0.5224216 0.6903101 0 0.7235136 0.6903101 0 0.7235136 0.4818168 0 0.876272 0.4818168 0 0.876272 0.2411363 0 0.9704912 0.2411363 0 0.9704912 0.05694013 0 0.9983777 -0.0156517 -0.01239383 0.9998007 -0.07256048 0 0.9973641 -0.2713972 0 0.9624674 -0.2713972 0 0.9624674 -0.5090102 0 0.8607605 -0.5090102 0 0.8607605 -0.7126196 0 0.7015507 -0.7126196 0 0.7015507 -0.8686226 0 0.4954744 -0.8686226 0 0.4954744 -0.9665978 0 0.256298 -0.9665978 0 0.256298 -1 0 0 -1 0 0 -0.9665978 0 -0.256298 -0.9665978 0 -0.256298 -0.8686226 0 -0.4954744 -0.8686226 0 -0.4954744 -0.7126196 0 -0.7015507 -0.7126196 0 -0.7015507 -0.5090102 0 -0.8607605 -0.5090102 0 -0.8607605 -0.2713972 0 -0.9624674 -0.2713972 0 -0.9624674 -0.07256048 0 -0.9973641 -0.0156517 -0.01239383 -0.9998007 0.05694013 0 -0.9983777 0.2411363 0 -0.9704912 0.2411363 0 -0.9704912 0.4818168 0 -0.876272 0.4818168 0 -0.876272 0.6903101 0 -0.7235136 0.6903101 0 -0.7235136 0.8526874 0 -0.5224216 0.8526874 0 -0.5224216 0 -1 0 0 -1 0 0 -1 0 0 -1 0 0 -1 0 0 -1 0 0 -1 0 0 -1 0 0 -1 0 0 -1 0 0 -1 0 0 -1 0 0 -1 0 0 -1 0 0 -1 0 0 -1 0 0 -1 0 0 -1 0 0 -1 0 0 -1 0 0 -1 0 0 -1 0 0 -1 0 0 -1 0 0 -1 0 0 -1 0 0 -1 0 0 -1 0 0 -1 0 0 -1 0 0 -1 0 0 -1 0 0 -1 0 0 -1 0 0 -1 0 0 -1 0 0 -1 0 0 -1 0 0 -1 0 0 -1 0 0 -1 0 0 -1 0 0 -1 0 0 -1 0 0 -1 0 0 -1 0 0 -1 0 0 -1 0 0 -1 0 0 -1 0 0 -1 0 0 -1 0 0 -1 0 0 -1 0 0 -1 0 0 -1 0 0 -1 0 0 -1 0 0 -1 0 0 -1 0 0 -1 0 0 -1 0 0 -1 0 0 -1 0 0 -1 0 0 -1 0 0 -1 0 0 -1 0 0 -1 0 0 -1 0 0 -1 0 0 -1 0 0 -1 0 0 -1 0 0 -1 0 0 -1 0 0 -1 0 0 -1 0 0 -1 0 0 -1 0 0 -1 0 0 -1 0 0 -1 0 0 -1 0 0 -1 0 0 -1 0 0 -1 0 0 -1 0 0.9945219 0 0.1045284 0.9945219 0 -0.1045284 0.9945219 0 -0.1045284 0.9135454 0 -0.4067369 0.9135454 0 -0.4067369 0.6691305 0 -0.7431449 0.6691305 0 -0.7431449 0.3090171 0 -0.9510565 0.3090171 0 -0.9510565 -0.1045284 0 -0.9945219 -0.1045284 0 -0.9945219 -0.5 0 -0.8660255 -0.5 0 -0.8660255 -0.8090171 0 -0.5877851 -0.8090171 0 -0.5877851 -0.9781476 0 -0.2079119 -0.9781476 0 -0.2079119 -0.9781476 0 0.2079119 -0.9781476 0 0.2079119 -0.8090171 0 0.5877851 -0.8090171 0 0.5877851 -0.5 0 0.8660255 -0.5 0 0.8660255 -0.1045284 0 0.9945219 -0.1045284 0 0.9945219 0.3090171 0 0.9510565 0.3090171 0 0.9510565 0.6691305 0 0.7431449 0.6691305 0 0.7431449 0.9135454 0 0.4067369 0.9135454 0 0.4067369 0.9945219 0 0.1045284 -0.9659258 0 0.2588191 -0.7071065 0 0.7071071 -0.7071065 0 0.7071071 -0.2588191 0 0.9659259 -0.2588191 0 0.9659259 0.2588191 0 0.9659259 0.2588191 0 0.9659259 0.7071069 0 0.7071067 0.7071069 0 0.7071067 0.9659258 0 0.2588191 0.9659258 0 0.2588191 0.9659258 0 -0.2588191 0.9659258 0 -0.2588191 0.7071069 0 -0.7071067 0.7071069 0 -0.7071067 0.2588191 0 -0.9659259 0.2588191 0 -0.9659259 -0.2588191 0 -0.9659259 -0.2588191 0 -0.9659259 -0.7071065 0 -0.7071071 -0.7071065 0 -0.7071071 -0.9659258 0 -0.2588191 -0.9659258 0 -0.2588191 -0.9659258 0 0.2588191 0 -1 0 0 -1 0 0 -1 0 0 -1 0 0 -1 0 0 -1 0 0 -1 0 0 -1 0 0 -1 0 0 -1 0 0 -1 0 0 -1 0 0.7051613 -0.7051628 0.07411521 0.7051613 -0.7051628 -0.07411539 0.7051613 -0.7051627 -0.07411521 0.6530697 -0.6992534 -0.2907655 0.6530697 -0.6992534 -0.2907655 0.4783442 -0.6992534 -0.5312547 0.4783441 -0.6992532 -0.5312551 0.2209082 -0.6992533 -0.6798857 0.2209082 -0.6992533 -0.6798855 -0.07472467 -0.6992532 -0.7109578 -0.07472461 -0.6992534 -0.7109578 -0.3574368 -0.6992535 -0.619099 -0.357437 -0.6992533 -0.619099 -0.5783454 -0.6992532 -0.4201922 -0.5783452 -0.6992533 -0.4201923 -0.6992522 -0.6992533 -0.1486307 -0.6992521 -0.6992533 -0.1486307 -0.6992522 -0.6992533 0.1486307 -0.6992522 -0.6992533 0.1486308 -0.5783453 -0.6992533 0.4201921 -0.5783453 -0.6992532 0.4201923 -0.3574368 -0.6992533 0.6190991 -0.357437 -0.6992534 0.6190989 -0.07472467 -0.6992533 0.7109578 -0.07472461 -0.6992533 0.7109579 0.2209081 -0.6992533 0.6798855 0.2209083 -0.6992533 0.6798856 0.4783444 -0.699253 0.5312549 0.4783439 -0.6992534 0.5312549 0.6530697 -0.6992534 0.2907655 0.6530697 -0.6992534 0.2907655 0.7051614 -0.7051627 0.07411533 -0.9659259 0 -0.2588188 -0.9659259 0 -0.2588188 -0.7071066 0 -0.707107 -0.7071066 0 -0.707107 -0.2588191 0 -0.9659258 -0.2588191 0 -0.9659258 0.2588191 0 -0.9659258 0.2588191 0 -0.9659258 0.707107 0 -0.7071065 0.707107 0 -0.7071065 0.9659258 0 -0.2588189 0.9659258 0 -0.2588189 0.9659258 0 0.2588189 0.9659258 0 0.2588189 0.707107 0 0.7071065 0.707107 0 0.7071065 0.2588191 0 0.9659258 0.2588191 0 0.9659258 -0.2588191 0 0.9659258 -0.2588191 0 0.9659258 -0.7071066 0 0.707107 -0.7071066 0 0.707107 -0.9659259 0 0.2588188 -0.9659259 0 0.2588188 0 -1 0 0 -1 0 0 -1 0 0 -1 0 0 -1 0 0 -1 0 0 -1 0 0 -1 0 0 -1 0 0 -1 0 0 -1 0 0 -1 0 0 -1 0 0 -1 0 0 -1 0 0 -1 0 0 -1 0 0 -1 0 0 -1 0 0 -1 0 0 -1 0 0 -1 0 0 -1 0 0 -1 0 0 -1 0 0 -1 0 0 -1 0 0 -1 0 0 -1 0 0 -1 0 0 -1 0 0 -1 0 1 0 0 1 0 0 -1 0 0 -1 0 0 -1 0 0 -1 0 0 -1 0 0 -1 0 0 -1 0 0 -1 0 0 -1 0 0 -1 0 0 1 0 0 1 0 0 1 0 0 1 0 0 1 0 0 1 0 0 1 0 0 1 0 0 0 0 -1 0 0 -1 0 0 -1 0 0 1 0 0 1 0 0 1 0 1 0 0 1 0 0 -1 0 0 -1 0 0 -1 0 0 -1 0 0 -1 0 0 -1 0 0 -1 0 0 -1 0 0 -1 0 0 -1 0 0 -1 0 0 -1 0 0 -1 0 0 -1 0 0 -1 0 0 -1 0 0 -1 0 0 -1 0 0 -1 0 0 -1 0 0 -1 0 0 -1 0 0 -1 0 0 -1 0 0 -1 0 0 -1 0 0 -1 0 0 -1 0 0 -1 0 0 -1 0 0 0 1 0 0 1 0 1 0 0 1 0 0 1 0 0 1 0 0 1 0 0 1 0 0 1 0 0 1 0 0 1 0 0 1 0 0 1 0 0 1 0 0 1 0 0 1 0 0 1 0 0 1 0 0 0 -1 0 0 -1 -1 0 0 -1 0 0 0 -1 0 0 -1 0 0 -1 0 0 -1 0 0 -1 0 0 -1 0 0 -1 0 0 -1 0 0 -1 0 0 -1 0 0 -1 0 0 -1 0 0 -1 0 0 -1 0 0 -1 0 0 -1 0 0 0 -1 0 0 -1 0 1 0 0 1 0 0 1 0 0 1 0 0 1 0 0 1 0 0 1 0 0 1 0 0 1 0 0 1 0 0 1 0 0 1 0 0 1 0 0 1 0 0 1 0 0 1 0 0 0 1 0 0 1 1 0 0 1 0 0 0.819555 0 0.5730006 0.819555 0 0.5730006 0.4518169 0 0.8921107 0.4518169 0 0.8921107 -0.02303016 0 0.9997348 -0.02303016 0 0.9997348 -0.492418 0 0.8703588 -0.492418 0 0.8703588 -0.8450704 0 0.5346551 -0.8450704 0 0.5346551 -0.99739 0 0.07220292 -0.99739 0 0.07220292 -0.9132655 0 -0.4073648 -0.9132655 0 -0.4073648 -0.61264 0 -0.7903621 -0.61264 0 -0.7903621 -0.1667805 0 -0.9859941 -0.1667805 0 -0.9859941 0.318615 0 -0.9478842 0.318615 0 -0.9478842 0.7284806 0 -0.6850665 0.7284806 0 -0.6850665 0 0 1 0 0 1 0 0 -1 0 0 -1 0 0 -1 0 0 -1 0 0 1 0 0 1 -0.72848 0 -0.685067 -0.72848 0 -0.685067 -0.3186154 0 -0.9478841 -0.3186154 0 -0.9478841 0.1667805 0 -0.9859941 0.1667805 0 -0.9859941 0.6126394 0 -0.7903626 0.6126394 0 -0.7903626 0.9132655 0 -0.4073648 0.9132655 0 -0.4073648 0.99739 0 0.07220292 0.99739 0 0.07220292 0.8450698 0 0.534656 0.8450698 0 0.534656 0.4924185 0 0.8703586 0.4924185 0 0.8703586 0.02303016 0 0.9997348 0.02303016 0 0.9997348 -0.4518174 0 0.8921105 -0.4518174 0 0.8921105 -0.8195545 0 0.5730015 -0.8195545 0 0.5730015 0.008697092 0 0.9999622 0.008697092 0 0.9999622 -0.3766483 0 0.9263563 -0.3766483 0 0.9263563 -0.7040251 0 0.7101752 -0.7040251 0 0.7101752 -0.9230453 0 0.3846914 -0.9230453 0 0.3846914 -1 0 0 -1 0 0 -0.9230453 0 -0.3846914 -0.9230453 0 -0.3846914 -0.7040251 0 -0.7101752 -0.7040251 0 -0.7101752 -0.3766483 0 -0.9263563 -0.3766483 0 -0.9263563 0.008697092 0 -0.9999622 0.008697092 0 -0.9999622 -0.8526873 0 -0.5224217 -0.8526873 0 -0.5224217 -0.6903102 0 -0.7235135 -0.6903102 0 -0.7235135 -0.4818167 0 -0.876272 -0.4818167 0 -0.876272 -0.2411364 0 -0.9704912 -0.2411364 0 -0.9704912 -0.05694013 0 -0.9983777 0.0156517 -0.01239383 -0.9998007 0.07256042 0 -0.9973641 0.2713972 0 -0.9624674 0.2713972 0 -0.9624674 0.5090106 0 -0.8607603 0.5090106 0 -0.8607603 0.7126194 0 -0.7015509 0.7126194 0 -0.7015509 0.8686223 0 -0.4954749 0.8686223 0 -0.4954749 0.966598 0 -0.2562974 0.966598 0 -0.2562974 1 0 0 1 0 0 0.966598 0 0.2562974 0.966598 0 0.2562974 0.8686224 0 0.4954746 0.8686224 0 0.4954746 0.7126191 0 0.7015511 0.7126191 0 0.7015511 0.5090107 0 0.8607602 0.5090107 0 0.8607602 0.2713975 0 0.9624674 0.2713975 0 0.9624674 0.07255887 0 0.9973641 0.0156514 -0.01239353 0.9998007 -0.05693876 0 0.9983777 -0.2411361 0 0.9704913 -0.2411361 0 0.9704913 -0.4818167 0 0.876272 -0.4818167 0 0.876272 -0.6903105 0 0.7235133 -0.6903105 0 0.7235133 -0.8526873 0 0.5224217 -0.8526873 0 0.5224217 0 -1 0 0 -1 0 0 -1 0 0 -1 0 0 -1 0 0 -1 0 0 -1 0 0 -1 0 0 -1 0 0 -1 0 0 -1 0 0 -1 0 0 -1 0 0 -1 0 0 -1 0 0 -1 0 0 -1 0 0 -1 0 0 -1 0 0 -1 0 0 -1 0 0 -1 0 0 -1 0 0 -1 0 0 -1 0 0 -1 0 0 -1 0 0 -1 0 0 -1 0 0 -1 0 0 -1 0 0 -1 0 0 -1 0 0 -1 0 0 -1 0 0 -1 0 0 -1 0 0 -1 0 0 -1 0 0 -1 0 0 -1 0 0 -1 0 0 -1 0 0 -1 0 0 -1 0 0 -1 0 0 -1 0 0 -1 0 0 -1 0 0 -1 0 0 -1 0 0 -1 0 0 -1 0 0 -1 0 0 -1 0 0 -1 0 0 -1 0 0 -1 0 0 -1 0 0 -1 0 0 -1 0 0 -1 0 0 -1 0 0 -1 0 0 -1 0 0 -1 0 0 -1 0 0 -1 0 0 -1 0 0 -1 0 0 -1 0 0 -1 0 0 -1 0 0 -1 0 0 -1 0 0 -1 0 0 -1 0 0 -1 0 0 -1 0 0 -1 0 0 -1 0 0 -1 0 0 -1 0 0 -1 0 0 -1 0 0 -1 0 0 -1 0 0 -1 0 -0.994522 0 -0.1045279 -0.994522 0 0.1045279 -0.994522 0 0.1045279 -0.9135455 0 0.4067365 -0.9135455 0 0.4067365 -0.66913 0 0.7431453 -0.66913 0 0.7431453 -0.3090173 0 0.9510564 -0.3090173 0 0.9510564 0.1045281 0 0.9945219 0.1045281 0 0.9945219 0.5000002 0 0.8660253 0.5000002 0 0.8660253 0.8090171 0 0.5877851 0.8090171 0 0.5877851 0.9781475 0 0.207912 0.9781475 0 0.207912 0.9781475 0 -0.2079117 0.9781475 0 -0.2079117 0.8090171 0 -0.5877851 0.8090171 0 -0.5877851 0.5000002 0 -0.8660253 0.5000002 0 -0.8660253 0.1045281 0 -0.9945219 0.1045281 0 -0.9945219 -0.3090173 0 -0.9510564 -0.3090173 0 -0.9510564 -0.6691306 0 -0.7431449 -0.6691306 0 -0.7431449 -0.9135455 0 -0.4067365 -0.9135455 0 -0.4067365 -0.994522 0 -0.1045279 0.9659258 0 -0.2588189 0.7071068 0 -0.7071068 0.7071068 0 -0.7071068 0.2588183 0 -0.965926 0.2588183 0 -0.965926 -0.2588183 0 -0.965926 -0.2588183 0 -0.965926 -0.7071066 0 -0.707107 -0.7071066 0 -0.707107 -0.9659258 0 -0.2588189 -0.9659258 0 -0.2588189 -0.9659257 0 0.2588194 -0.9659257 0 0.2588194 -0.7071066 0 0.707107 -0.7071066 0 0.707107 -0.2588199 0 0.9659256 -0.2588199 0 0.9659256 0.2588199 0 0.9659256 0.2588199 0 0.9659256 0.7071068 0 0.7071068 0.7071068 0 0.7071068 0.9659257 0 0.2588194 0.9659257 0 0.2588194 0.9659258 0 -0.2588189 0 -1 0 0 -1 0 0 -1 0 0 -1 0 0 -1 0 0 -1 0 0 -1 0 0 -1 0 0 -1 0 0 -1 0 0 -1 0 0 -1 0 -0.7051614 -0.7051627 -0.07411468 -0.7051614 -0.7051627 0.07411509 -0.7051615 -0.7051627 0.07411485 -0.6530697 -0.6992535 0.2907655 -0.6530697 -0.6992536 0.2907653 -0.4783442 -0.6992537 0.5312544 -0.478344 -0.6992528 0.5312556 -0.2209076 -0.6992527 0.6798864 -0.2209083 -0.6992536 0.6798852 0.07472467 -0.6992534 0.7109577 0.07472437 -0.6992537 0.7109575 0.3574361 -0.699254 0.6190988 0.3574371 -0.6992533 0.619099 0.5783458 -0.699253 0.4201921 0.5783452 -0.6992534 0.4201923 0.6992521 -0.6992534 0.1486308 0.6992521 -0.6992534 0.1486309 0.6992522 -0.6992535 -0.1486306 0.6992522 -0.6992533 -0.1486307 0.5783455 -0.6992534 -0.4201918 0.5783455 -0.699253 -0.4201924 0.3574365 -0.6992532 -0.6190995 0.3574369 -0.6992539 -0.6190985 0.07472467 -0.6992537 -0.7109574 0.07472437 -0.6992535 -0.7109578 -0.2209081 -0.6992536 -0.6798853 -0.2209084 -0.6992534 -0.6798854 -0.478344 -0.6992533 -0.5312551 -0.4783442 -0.6992532 -0.531255 -0.6530698 -0.6992534 -0.2907655 -0.65307 -0.6992532 -0.2907654 -0.7051615 -0.7051625 -0.07411503 0.9659259 0 0.2588188 0.9659259 0 0.2588188 0.7071068 0 0.7071068 0.7071068 0 0.7071068 0.2588188 0 0.9659259 0.2588188 0 0.9659259 -0.2588188 0 0.9659259 -0.2588188 0 0.9659259 -0.7071068 0 0.7071068 -0.7071068 0 0.7071068 -0.9659259 0 0.2588188 -0.9659259 0 0.2588188 -0.9659259 0 -0.2588188 -0.9659259 0 -0.2588188 -0.7071059 0 -0.7071077 -0.7071059 0 -0.7071077 -0.2588205 0 -0.9659255 -0.2588205 0 -0.9659255 0.2588205 0 -0.9659255 0.2588205 0 -0.9659255 0.7071059 0 -0.7071077 0.7071059 0 -0.7071077 0.9659259 0 -0.2588188 0.9659259 0 -0.2588188 0 -1 0 0 -1 0 0 -1 0 0 -1 0 0 -1 0 0 -1 0 0 -1 0 0 -1 0 0 -1 0 0 -1 0 0 -1 0 0 -1 0 0 -0.4647233 -0.8854559 0 -0.1205367 -0.9927089 0.03049683 0 -0.9995349 0 0.1205363 -0.992709 0 0.4647234 -0.8854559 0 0.4647234 -0.8854559 0 0.8229835 -0.5680653 0 0.8229835 -0.5680653 0 0.9927089 -0.120536 0 0.9927089 -0.120536 0 0.9350162 0.3546052 0 0.9350162 0.3546052 0 0.663123 0.7485104 0 0.663123 0.7485104 0 0.239316 0.9709419 0 0.239316 0.9709419 0 -0.2393164 0.9709417 0 -0.2393164 0.9709417 0 -0.6631221 0.7485113 0 -0.6631221 0.7485113 0 -0.9350162 0.354605 0 -0.9350162 0.354605 0 -0.9927088 -0.1205378 0 -0.9927088 -0.1205378 0 -0.8229835 -0.5680651 0 -0.8229835 -0.5680651 0 -0.4647233 -0.8854559 0.965926 0 0.2588184 0.965926 0 0.2588184 0.7071065 0 0.7071071 0.7071065 0 0.7071071 0.2588196 0 0.9659257 0.2588196 0 0.9659257 -0.2588193 0 0.9659258 -0.2588193 0 0.9659258 -0.7071065 0 0.7071071 -0.7071065 0 0.7071071 -0.965926 0 0.2588184 -0.965926 0 0.2588184 -0.965926 0 -0.2588184 -0.965926 0 -0.2588184 -0.7071068 0 -0.7071068 -0.7071068 0 -0.7071068 -0.2588188 0 -0.9659259 -0.2588188 0 -0.9659259 0.2588191 0 -0.9659258 0.2588191 0 -0.9659258 0.7071068 0 -0.7071068 0.7071068 0 -0.7071068 0.965926 0 -0.2588184 0.965926 0 -0.2588184 0.9659261 0 0.2588183 0.9659261 0 0.2588183 0.7071068 0 0.7071068 0.7071068 0 0.7071068 0.2588185 0 0.9659259 0.2588185 0 0.9659259 -0.2588183 0 0.9659261 -0.2588183 0 0.9659261 -0.7071068 0 0.7071068 -0.7071068 0 0.7071068 -0.9659261 0 0.2588183 -0.9659261 0 0.2588183 -0.9659259 0 -0.2588185 -0.9659259 0 -0.2588185 -0.7071068 0 -0.7071068 -0.7071068 0 -0.7071068 -0.2588193 0 -0.9659258 -0.2588193 0 -0.9659258 0.2588196 0 -0.9659257 0.2588196 0 -0.9659257 0.7071068 0 -0.7071068 0.7071068 0 -0.7071068 0.9659259 0 -0.2588185 0.9659259 0 -0.2588185 0.9659261 0 0.2588183 0.9659261 0 0.2588183 0.7071073 0 0.7071062 0.7071073 0 0.7071062 0.2588183 0 0.9659261 0.2588183 0 0.9659261 -0.2588183 0 0.9659261 -0.2588183 0 0.9659261 -0.7071073 0 0.7071062 -0.7071073 0 0.7071062 -0.9659261 0 0.2588183 -0.9659261 0 0.2588183 -0.9659259 0 -0.2588185 -0.9659259 0 -0.2588185 -0.7071073 0 -0.7071062 -0.7071073 0 -0.7071062 -0.2588193 0 -0.9659258 -0.2588193 0 -0.9659258 0.2588193 0 -0.9659258 0.2588193 0 -0.9659258 0.7071073 0 -0.7071062 0.7071073 0 -0.7071062 0.9659259 0 -0.2588185 0.9659259 0 -0.2588185 0.965926 0 0.2588184 0.965926 0 0.2588184 0.707107 0 0.7071065 0.707107 0 0.7071065 0.2588193 0 0.9659258 0.2588193 0 0.9659258 -0.2588193 0 0.9659258 -0.2588193 0 0.9659258 -0.707107 0 0.7071065 -0.707107 0 0.7071065 -0.965926 0 0.2588184 -0.965926 0 0.2588184 -0.965926 0 -0.2588184 -0.965926 0 -0.2588184 -0.7071073 0 -0.7071062 -0.7071073 0 -0.7071062 -0.2588188 0 -0.9659259 -0.2588188 0 -0.9659259 0.2588188 0 -0.9659259 0.2588188 0 -0.9659259 0.7071073 0 -0.7071062 0.7071073 0 -0.7071062 0.965926 0 -0.2588184 0.965926 0 -0.2588184 -0.03386139 0.2586703 -0.965372 -0.03763926 0.7066062 -0.7066053 0 0.6324455 -0.7746049 0 0.4286927 -0.9034503 -0.0395295 0.9651712 -0.2586154 0 0.9276857 -0.3733622 0 0.8113789 -0.5845205 -0.03952938 0.9651712 0.2586155 0 0.9927093 0.1205331 0 0.9927094 -0.1205329 -0.03763937 0.7066058 0.7066057 0 0.8113789 0.5845205 0 0.9276859 0.3733618 -0.03386139 0.2586703 0.965372 0 0.4286927 0.9034503 0 0.6324447 0.7746055 -0.02819979 -0.2587166 0.9655416 0 -0.06037831 0.9981756 0 0.1802547 0.98362 -0.02066206 -0.7069558 0.7069559 0 -0.5344598 0.8451939 0 -0.3166686 0.9485362 -0.01125764 -0.9658643 0.2588042 0 -0.875904 0.4824852 0 -0.7350068 0.6780598 -0.01125776 -0.9658643 -0.2588042 0 -0.9709421 -0.2393143 0 -0.9709421 0.2393145 -0.02066206 -0.7069562 -0.7069555 0 -0.7350071 -0.6780593 0 -0.8759019 -0.4824894 0 0.1802547 -0.98362 0 -0.06037831 -0.9981756 -0.02819979 -0.2587166 -0.9655416 0 -0.3166686 -0.9485362 0 -0.5344598 -0.8451939 0 0 1 0 0 1 0 0 1 0 0 1 0 0 1 0 0 1 0 0 1 0 0 1 0 0 1 0 0 1 0 -1 0 0 -1 0 0 -1 0 0 -1 0 0 -1 0 0 -1 0 0 -1 0 0 -1 0 0 -1 0 0 -1 0 0 -1 0 0 -1 0 0 -1 0 0 -1 0 0 -1 0 0 -1 0 0 -1 0 0 -1 0 0 -1 0 0 -1 0 0 -1 0 0 -1 0 0 -1 0 0 -1 0 0 -1 0 0 -1 0 0 -1 0 0 -1 0 0 -1 0 0 -1 0 0 -1 0 0 -1 0 0 -1 0 0 -1 0 0 -1 0 0 -1 0 0 -1 0 0 -1 0 0 -1 0 0 -1 0 0 -1 0 0 -1 0 0 -1 0 0 -1 0 0 -1 0 0 -1 0 0 -1 0 0 -1 0 0 -1 0 0 -1 0 0 -1 0 0 -1 0 0 -1 0 0 -1 0 0 -1 0 0 -1 0 0 -1 0 0 -1 0 0 -1 0 0 -1 0 0 -1 0 0 -1 0 0 -1 0 0 -1 0 0 -1 0 0 -1 0 0 -1 0 0 -1 0 0 -1 0 0 -1 0 0 -1 0 0 -1 0 0 -1 0 0 -1 0 0 -1 0 0 -1 0 0 -1 0 0 -1 0 0 -1 0 0 -1 0 0 -1 0 0 -1 0 0 -1 0 0 -1 0 0 -1 0 0 -1 0 0 -1 0 0 -1 0 0 -1 0 0 -1 0 0 -1 0 0 -1 0 0 -1 0 0 -1 0 0 -1 0 0 -1 0 0 -1 0 0 -1 0 0 -1 0 0 -1 0 0 -1 0 0 -1 0 0 -1 0 0 -1 0 0 -1 0 0 -1 0 0 -1 0 0 -1 0 0 -1 0 0 -1 0 0 -1 0 0 -1 0 0 -1 0 0 -1 0 0 -1 0 0 -1 0 0 -1 0 0 -1 0 0 -1 0 0 -1 0 0 -1 0 0 -1 0 0 -1 0 0 -1 0 0 -1 0 0 -1 0 0 -1 0 0 -1 0 0 -1 0 0 -1 0 0 -1 0 0 -1 0 0 -1 0 0 -1 0 0 -1 0 0 -1 0 0 -1 0 0 -1 0 0 -1 0 0 -1 0 -0.6170643 0 -0.7869127 -0.762353 0 -0.6471615 -0.6782439 -0.05051684 -0.7330983 0.8102837 0 -0.5860378 0.8102837 0 -0.5860378 0.6878156 -0.3056908 -0.6583789 0.7845305 0 -0.6200903 0.6762805 0 -0.7366442 0.5857297 -0.0623663 -0.8081035 0.5690307 0 -0.8223164 -0.6975382 -0.163954 -0.6975382 -0.6170643 0 -0.7869127 -0.4544929 0 -0.8907504 -0.4544929 0 -0.8907504 -0.1957817 0 -0.9806475 -0.1957817 0 -0.9806475 0.07761496 0 -0.9969834 0.07761496 0 -0.9969834 0.3451905 0 -0.9385326 0.3451905 0 -0.9385326 0.5690307 0 -0.8223164 0.7845305 0 0.6200903 0.7845305 0 0.6200903 0.5868722 0 0.8096797 0.5868722 0 0.8096797 0.3451907 0 0.9385325 0.3451907 0 0.9385325 0.07761555 0 0.9969833 0.07761555 0 0.9969833 -0.1957819 0 0.9806475 -0.1957819 0 0.9806475 -0.4544929 0 0.8907504 -0.4544929 0 0.8907504 -0.6791114 0 0.7340352 -0.6791114 0 0.7340352 -0.8527876 0 0.5222579 -0.8527876 0 0.5222579 -0.9624935 0 0.2713049 -0.9624935 0 0.2713049 -1 0 0 -1 0 0 -0.9624935 0 -0.2713049 -0.9624935 0 -0.2713049 -0.8527878 0 -0.5222576 -0.8527878 0 -0.5222576 -0.762353 0 -0.6471615 0 0 -1 0 0 -1 0 0 -1 0 0 -1 0 0 -1 0 0 -1 0 0 -1 0 0 -1 0 0 -1 0 0 -1 0.6170642 0 0.7869129 -0.8102837 0 0.5860379 -0.8102837 0 0.5860379 -0.6878158 -0.3056904 0.6583791 -0.7845305 0 0.6200904 -0.6762797 0 0.7366449 -0.5857297 -0.06236571 0.8081035 -0.5690308 0 0.8223162 0.762353 0 0.6471615 0.6782439 -0.0505169 0.7330983 0.6975382 -0.1639543 0.6975382 0.6170642 0 0.7869129 0.4544929 0 0.8907504 0.4544929 0 0.8907504 0.1957821 0 0.9806475 0.1957821 0 0.9806475 -0.07761555 0 0.9969834 -0.07761555 0 0.9969834 -0.3451904 0 0.9385327 -0.3451904 0 0.9385327 -0.5690308 0 0.8223162 -0.7845305 0 -0.6200903 -0.7845305 0 -0.6200903 -0.5868722 0 -0.8096797 -0.5868722 0 -0.8096797 -0.3451907 0 -0.9385326 -0.3451907 0 -0.9385326 -0.07761526 0 -0.9969834 -0.07761526 0 -0.9969834 0.1957818 0 -0.9806475 0.1957818 0 -0.9806475 0.4544932 0 -0.8907502 0.4544932 0 -0.8907502 0.679111 0 -0.7340356 0.679111 0 -0.7340356 0.8527877 0 -0.5222577 0.8527877 0 -0.5222577 0.9624935 0 -0.2713049 0.9624935 0 -0.2713049 1 0 0 1 0 0 0.9624934 0 0.2713049 0.9624934 0 0.2713049 0.8527877 0 0.5222577 0.8527877 0 0.5222577 0.762353 0 0.6471615 0 1 0 0 1 0 0 1 0 0 1 0 0 1 0 0 1 0 0 1 0 0 1 0 -1 0 0 -1 0 0 -1 0 0 -1 0 0 -1 0 0 -1 0 0 -1 0 0 -1 0 0 -1 0 0 -1 0 0 0 1 0 0 1 0 0 1 0 0 1 0 0 1 0 0 1 0 0 1 0 0 1 0 0 1 0 0 1 0 -1 0 0 -1 0 0 -1 0 0 -1 0 0 -1 0 0 -1 0 0 -1 0 0 -1 0 0 -1 0 0 -1 0 0 -1 0 0 -1 0 0 -1 0 0 -1 0 0 -1 0 0 -1 0 0 -1 0 0 -1 0 0 -1 0 0 -1 0 0 -1 0 0 -1 0 0 -1 0 0 -1 0 0 -1 0 0 -1 0 0 -1 0 0 -1 0 0 -1 0 0 -1 0 0 -1 0 0 -1 0 0 -1 0 0 -1 0 0 -1 0 0 -1 0 0 0 0 1 0 0 1 0 0 1 0 0 1 0 0 1 0 0 1 0 0 -1 0 0 -1 0 0 -1 0 0 -1 0 0 -1 0 0 -1 1 0 0 1 0 0 1 0 0 1 0 0 1 0 0 1 0 0 1 0 0 1 0 0 1 0 0 1 0 0 1 0 0 1 0 0 1 0 0 1 0 0 1 0 0 1 0 0 1 0 0 1 0 0 1 0 0 1 0 0 1 0 0 1 0 0 1 0 0 1 0 0 1 0 0 1 0 0 1 0 0 1 0 0 1 0 0 1 0 0 1 0 0 1 0 0 1 0 0 1 0 0 1 0 0 1 0 0 1 0 0 1 0 0 -1 0 0 -1 0 0 -1 0 0 -1 0 0 -1 0 0 -1 0 0 -1 0 0 -1 0 0 -1 0 0 -1 0 0 -1 0 0 -1 0 0 -1 0 0 -1 0 0 -1 0 0 -1 0 0 -1 0 0 -1 0 0 -1 0 0 -1 0 0 -1 0 0 -1 0 0 -1 0 0 -1 0 0 -1 0 0 -1 0 0 -1 0 0 -1 0 0 -1 0 0 -1 0 0 -1 0 0 -1 0 0 -1 0 0 -1 0 0 -1 0 0 -1 0 0 -1 0 0 -1 0 0 -1 0 0 -1 0 0 -1 0 0 -1 0 0 1 0 0 1 0 0 1 0 0 1 0 0 1 0 0 1 0 0 1 0 0 1 0 0 1 0 0 1 0 0 1 0 0 1 0 0 1 0 0 1 0 0 1 0 0 1 0 0 1 0 0 1 0 0 1 0 0 1 0 0 1 0 0 1 0 0 1 0 0 1 0 0 1 0 0 1 0 0 1 0 0 1 0 0 1 0 0 1 0 0 1 0 0 1 0 0 1 0 0 1 0 0 0 1 0 0 1 0 1 0 0 1 0 0 1 0 0 1 0 0 1 0 0 1 0 0 1 0 0 1 0 0 1 0 0 1 0 0 0 1 0 0 1 0 0 1 0 0 1 0 0 1 0 0 1 0 0 1 0 0 1 0 0 1 0 0 1 0 0 1 0 0 1 0 0 1 0 0 1 0 0 1 0 0 1 0 0 1 0 0 0 -1 0 0 -1 0 0 1 0 0 1 0 1 0 0 1 0 0 1 0 0 1 0 0 1 0 0 1 0 0 1 0 0 1 0 0 1 0 0 1 0 0 1 0 0 1 0 0 1 0 0 1 0 0 1 0 0 1 0 0 1 0 0 0 1 0 0 1 0 0 -1 0 0 -1 0 0 1 0 0 1 0 0 -1 0 0 -1 0 1 0 0 1 0 0 1 0 0 1 0 0 1 0 0 1 0 0 1 0 0 1 0 0 1 0 0 1 0 0 1 0 0 1 0 0 1 0 0 1 0 0 1 0 0 1 0 0 1 0 0 0 -1 0 0 -1 0 0 1 0 0 1 0 1 0 0 1 0 0 1 0 0 1 0 0 1 0 0 1 0 0 1 0 0 1 0 0 1 0 0 1 0 0 1 0 0 1 0 0 1 0 0 1 0 0 1 0 0 1 0 0 1 0 0 1 0 0 1 0 0 1 0 0 1 0 0 1 0 0 1 0 0 1 0 0 1 0 0 1 0 0 1 0 0 1 0 0 1 0 0 1 0 0 1 0 0 1 0 0 1 0 0 1 0 0 1 0 0 1 0 0 1 0 0 1 0 0 1 0 0 1 0 0 1 0 0 1 0 0 1 0 0 1 0 0 1 0 0 1 0 0 1 0 0 1 0 0 1 0 0 1 0 0 1 0 0 1 0 0 1 0 0 1 0 0 1 0 0 1 0 0 1 0 0 1 0 0 1 0 0 1 0 0 1 0 0 1 0 0 1 0 0 1 0 0 1 0 0 1 0 0 1 0 0 1 0 0 1 0 0 1 0 0 1 0 0 1 0 0 1 0 0 1 0 0 1 0 0 1 0 0 1 0 0 1 0 0 1 0 0.005388021 0 0.9999855 0.005388021 0 0.9999855 0.3864141 0 0.9223254 0.3864141 0 0.9223254 0.7090094 0 0.7051991 0.7090094 0 0.7051991 0.9243941 0 0.3814388 0.9243941 0 0.3814388 1 0 0 1 0 0 0.9243942 0 -0.3814386 0.9243942 0 -0.3814386 0.709009 0 -0.7051994 0.709009 0 -0.7051994 0.3864141 0 -0.9223254 0.3864141 0 -0.9223254 0.005388736 0 -0.9999855 0.005388736 0 -0.9999855 -0.005388379 0 -0.9999855 -0.005388379 0 -0.9999855 -0.386414 0 -0.9223254 -0.386414 0 -0.9223254 -0.7090094 0 -0.7051991 -0.7090094 0 -0.7051991 -0.9243941 0 -0.3814386 -0.9243941 0 -0.3814386 -1 0 0 -1 0 0 -0.9243943 0 0.3814385 -0.9243943 0 0.3814385 -0.7090095 0 0.7051991 -0.7090095 0 0.7051991 -0.3864135 0 0.9223256 -0.3864135 0 0.9223256 -0.005388736 0 0.9999855 -0.005388736 0 0.9999855 0.7071096 0 -0.707104 0.7071096 0 -0.707104 0.7071067 0 0.7071068 0.7071067 0 0.7071068 -0.7071068 0 -0.7071068 -0.7071068 0 -0.7071068 0 -1 0 0 -1 0 0 -1 0 0 -1 0 -0.7071068 0 0.7071068 -0.7071068 0 0.7071068 -0.7071068 0 -0.7071068 -0.7071068 0 -0.7071068 0.7071068 0 0.7071068 0.7071068 0 0.7071068 0 -1 0 0 -1 0 0 -1 0 0 -1 0 0.7071068 0 0.7071068 0.7071068 0 0.7071068 0.7071068 0 -0.7071068 0.7071068 0 -0.7071068 -0.7071068 0 0.7071068 -0.7071068 0 0.7071068 0 -1 0 0 -1 0 0 -1 0 -0.7071068 0 -0.7071068 -0.7071068 0 -0.7071068 0.7071068 0 -0.7071068 0.7071068 0 -0.7071068 -0.7071067 0 0.7071069 -0.7071067 0 0.7071069 0 -1 0 0 -1 0 0 -1 0 0.9979022 0 -0.06474035 0.9979022 0 -0.06474035 0.9471364 -0.002793133 -0.3208191 0.9659261 0 -0.2588183 0.7071068 0 -0.7071068 0.7071068 0 -0.7071068 0.2588183 0 -0.9659261 0.2588183 0 -0.9659261 0.9979022 0 0.06474083 0.2588183 0 0.9659261 0.2588183 0 0.9659261 0.7071077 0 0.7071059 0.7071077 0 0.7071059 0.9471401 0 0.3208204 0.9659237 -0.002112269 0.2588182 0.9979021 0 0.06474083 -0.9979022 0 0.06474083 -0.9979021 0 0.06474083 -0.9471364 -0.002793073 0.3208191 -0.9659259 0 0.2588188 -0.7071077 0 0.7071059 -0.7071077 0 0.7071059 -0.2588183 0 0.9659261 -0.2588183 0 0.9659261 -0.9979022 0 -0.06474035 -0.2588183 0 -0.9659261 -0.2588183 0 -0.9659261 -0.7071068 0 -0.7071068 -0.7071068 0 -0.7071068 -0.9471401 0 -0.3208204 -0.9659239 -0.002112329 -0.2588177 -0.9979022 0 -0.06474035 -0.25882 0 -0.9659256 -0.25882 0 -0.9659256 -0.7071068 0 -0.7071068 -0.7071068 0 -0.7071068 -0.9659259 0 -0.2588188 -0.9659259 0 -0.2588188 -0.9659258 0 0.2588192 -0.9659258 0 0.2588192 -0.7071068 0 0.7071068 -0.7071068 0 0.7071068 -0.2588217 0 0.9659252 -0.2588217 0 0.9659252 0.9659259 0 -0.2588188 0.9659259 0 -0.2588188 0.7071068 0 -0.7071068 0.7071068 0 -0.7071068 0.25882 0 -0.9659256 0.25882 0 -0.9659256 0.2588217 0 0.9659252 0.2588217 0 0.9659252 0.7071068 0 0.7071068 0.7071068 0 0.7071068 0.9659258 0 0.2588192 0.9659258 0 0.2588192 -0.02112066 0.2587608 -0.9657105 -0.0234782 0.7069112 -0.7069126 0 0.6324468 -0.7746038 0 0.4286927 -0.9034503 -0.02465814 0.9656322 -0.2587402 0 0.9276871 -0.3733585 0 0.811375 -0.5845259 -0.0246582 0.9656323 0.2587398 0 0.9927086 0.1205394 0 0.9927086 -0.1205398 -0.02347892 0.7069119 0.7069118 0 0.8113778 0.5845221 0 0.9276871 0.3733585 -0.02112066 0.2587608 0.9657105 0 0.4286927 0.9034503 0 0.6324453 0.774605 -0.01758724 -0.2587785 0.9657766 0 -0.06037819 0.9981756 0 0.1802544 0.9836201 -0.01288414 -0.7070496 0.7070466 0 -0.5344697 0.8451877 0 -0.3166669 0.9485368 -0.007019281 -0.9659022 0.2588121 0 -0.8759101 0.4824744 0 -0.7350067 0.6780599 -0.007019221 -0.965902 -0.2588125 0 -0.9709422 -0.2393139 0 -0.9709423 0.2393135 -0.01288408 -0.7070488 -0.7070474 0 -0.7350059 -0.6780608 0 -0.8759101 -0.4824744 0 0.1802544 -0.9836201 0 -0.06038486 -0.9981752 -0.01758664 -0.2587785 -0.9657766 0 -0.316665 -0.9485374 0 -0.5344697 -0.8451877 -0.7046338 -0.5311222 -0.4705321 -0.7106947 -0.5170771 -0.4770162 -0.7190582 -0.3714296 -0.587363 -0.7009724 -0.2529001 -0.6668428 -0.7122144 -0.2222868 -0.6658374 -0.7187063 -0.04198646 -0.694045 -0.6980797 0.08630675 -0.7107995 -0.713581 0.1262813 -0.6890974 -0.7182112 0.2982951 -0.6286435 -0.6959882 0.4079014 -0.5909458 -0.714799 0.442289 -0.5417037 -0.7175744 0.5651081 -0.4071117 -0.6947232 0.636888 -0.3342655 -0.7158699 0.6477424 -0.2606915 -0.7167946 0.6922002 -0.08405053 -0.6943003 0.7196855 0 -0.7167946 0.6922002 0.08405023 -0.709022 0.6244113 0.3277168 -0.6722406 0.6867973 0.2764096 -0.717574 0.5651103 0.4071093 -0.7090216 0.4005919 0.5803573 -0.6803359 0.4635195 0.5677084 -0.7182109 0.2982953 0.6286438 -0.7090218 0.08500087 0.7000449 -0.6880451 0.1308048 0.7137815 -0.7187053 -0.04198187 0.6940462 -0.7090219 -0.2500625 0.6593607 -0.6953846 -0.2275687 0.6816545 -0.7190579 -0.3714298 0.5873634 -0.7090219 -0.5278398 0.4676249 -0.7023727 -0.5231847 0.4826494 -0.7192689 -0.6085225 0.3351903 -0.7090218 -0.6846951 0.1687625 -0.7090226 -0.6846947 0.1687604 -0.7090224 -0.6846944 -0.1687626 -0.7090215 -0.6846958 -0.168761 -0.7192687 -0.6085228 -0.3351904 -0.7041527 -0.5314792 -0.4708491 -0.7106946 -0.5170781 -0.4770152 -0.7190582 -0.3714228 -0.5873675 -0.7000812 -0.2532099 -0.6676609 -0.7122134 -0.2222896 -0.6658374 -0.7187055 -0.04198193 -0.694046 -0.6968596 0.0864498 -0.7119783 -0.713581 0.1262816 -0.6890974 -0.7182112 0.2982952 -0.6286435 -0.6945285 0.408703 -0.5921082 -0.7147989 0.4422881 -0.5417045 -0.7175741 0.5651109 -0.4071081 -0.6931179 0.6382579 -0.3349843 -0.7158697 0.6477416 -0.2606941 -0.709022 0.7051863 0 -0.6600468 0.7457476 -0.09054726 -0.7167943 0.692201 0.08404582 -0.7090221 0.6244112 0.327717 -0.6692525 0.689303 0.2774208 -0.7175741 0.5651109 0.4071081 -0.7090219 0.4005917 0.580357 -0.6780174 0.4648759 0.5693706 -0.7182114 0.2982951 0.6286433 -0.7090224 0.08500093 0.7000445 -0.6863583 0.1310927 0.715351 -0.7187058 -0.04198187 0.6940457 -0.7090224 -0.2500625 0.6593603 -0.694294 -0.2279037 0.6826534 -0.7190582 -0.3714228 0.5873675 -0.7090223 -0.5278394 0.4676248 -0.7018433 -0.5235684 0.4830033 -0.7192691 -0.6085183 0.3351978 -0.709022 -0.6846948 0.1687625 -0.7090227 -0.6846946 0.1687612 -0.7090225 -0.6846944 -0.1687623 -0.7090218 -0.6846954 -0.1687613 -0.7192689 -0.6085168 -0.3352007 -0.7034803 0.1011454 -0.7034808 -0.7034803 0.2952412 -0.646489 -0.7034801 0.2952417 -0.646489 -0.7034802 0.4654191 -0.5371226 -0.7034803 0.4654189 -0.5371226 -0.7034803 0.5978913 -0.3842414 -0.7034804 0.5978913 -0.3842415 -0.7034804 0.6819258 -0.2002314 -0.7034803 0.681926 -0.2002312 -0.7034803 0.7107148 0 -0.7034803 0.7107149 0 -0.7034803 0.681926 0.2002314 -0.7034803 0.6819259 0.2002313 -0.7034803 0.5978912 0.3842417 -0.7034804 0.5978913 0.3842414 -0.7034803 0.4654191 0.5371224 -0.7034804 0.4654191 0.5371225 -0.7034803 0.2952414 0.646489 -0.7034805 0.2952416 0.6464888 -0.7034804 0.1011453 0.7034807 -0.7034803 0.1011452 0.7034807 -0.7034803 -0.1011452 0.7034807 -0.7034803 -0.1011452 0.7034808 -0.7034802 -0.2952417 0.6464889 -0.7034803 -0.2952416 0.646489 -0.7034803 -0.4654192 0.5371224 -0.7034803 -0.4654192 0.5371224 -0.7034803 -0.5978913 0.3842414 -0.70348 -0.5978919 0.3842411 -0.7034799 -0.6819262 0.2002315 -0.7034806 -0.6819252 0.2002326 -0.7034806 -0.7107144 0 -0.7034807 -0.7107144 0 -0.7034807 -0.6819255 -0.2002313 -0.7034801 -0.6819258 -0.2002327 -0.7034801 -0.5978916 -0.3842414 -0.7034802 -0.5978918 -0.3842411 -0.7034802 -0.4654191 -0.5371226 -0.7034803 -0.4654191 -0.5371226 -0.7034801 -0.2952417 -0.646489 -0.7034802 -0.2952417 -0.646489 -0.7034801 -0.1011452 -0.7034808 -0.7034803 -0.1011455 -0.7034807 -0.7034803 0.1011453 -0.7034807 -1 0 0 -1 0 0 -1 0 0 -1 0 0 -1 0 0 -1 0 0 -1 0 0 -1 0 0 -1 0 0 -1 0 0 -1 0 0 -1 0 0 -1 0 0 -1 0 0 -1 0 0 -1 0 0 -1 0 0 -1 0 0 -1 0 0 -1 0 0 -1 0 0 -1 0 0 -1 0 0 -1 0 0 -1 0 0 -1 0 0 -1 0 0 -1 0 0 -1 0 0 -1 0 0 -1 0 0 -1 0 0 -1 0 0 -1 0 0 0 0.1950904 -0.9807853 0 0.1950904 -0.9807853 0 0.5555703 -0.8314697 0 0.5555703 -0.8314697 0 0.8314694 -0.5555706 0 0.8314694 -0.5555706 0 0.9807853 -0.1950903 0 0.9807853 -0.1950903 0 0.9807853 0.1950904 0 0.9807853 0.1950904 0 0.8314694 0.5555705 0 0.8314694 0.5555705 0 0.5555705 0.8314694 0 0.5555705 0.8314694 0 0.1950904 0.9807853 0 0.1950904 0.9807853 0 -0.1950904 0.9807853 0 -0.1950904 0.9807853 0 -0.5555706 0.8314694 0 -0.5555706 0.8314694 0 -0.8314694 0.5555705 0 -0.8314694 0.5555705 0 -0.9807853 0.1950904 0 -0.9807853 0.1950904 0 -0.9807853 -0.1950903 0 -0.9807853 -0.1950903 0 -0.8314694 -0.5555706 0 -0.8314694 -0.5555706 0 -0.5555704 -0.8314696 0 -0.5555704 -0.8314696 0 -0.1950904 -0.9807853 0 -0.1950904 -0.9807853 1 0 0 1 0 0 1 0 0 1 0 0 1 0 0 1 0 0 1 0 0 1 0 0 1 0 0 1 0 0 1 0 0 1 0 0 1 0 0 1 0 0 1 0 0 1 0 0 1 0 0 1 0 0 1 0 0 1 0 0 1 0 0 1 0 0 1 0 0 1 0 0 1 0 0 1 0 0 1 0 0 1 0 0 0 0.2393152 0.9709419 0 0.2393152 0.9709419 0 0.6631228 0.7485105 0 0.6631228 0.7485105 0 0.9350161 0.354605 0 0.9350161 0.354605 0 0.9927089 -0.1205368 0 0.9927089 -0.1205368 0 0.8229842 -0.5680643 0 0.8229842 -0.5680643 0 0.4647218 -0.8854568 0 0.4647218 -0.8854568 0 0.1205368 -0.9927089 0 0.1205368 -0.9927089 0 -0.1205368 -0.9927089 0 -0.1205368 -0.9927089 0 -0.4647226 -0.8854564 0 -0.4647226 -0.8854564 0 -0.8229833 -0.5680657 0 -0.8229833 -0.5680657 0 -0.9927089 -0.1205365 0 -0.9927089 -0.1205365 0 -0.9350163 0.3546048 0 -0.9350163 0.3546048 0 -0.6631228 0.7485106 0 -0.6631228 0.7485106 0 -0.2393152 0.9709419 0 -0.2393152 0.9709419 0 1 0 0 1 0 0 1 0 0 1 0 0 1 0 0 1 0 0 1 0 0 1 0 0 1 0 0 1 0 0 1 0 0 1 0 0 1 0 0 1 0 0 1 0 0 1 0 0 1 0 0 1 0 0 1 0 0 1 0 0 1 0 0 1 0 0 1 0 0 1 0 0 1 0 0 1 0 0 1 0 0 1 0 0 1 0 0 1 0 0 1 0 0 1 0 0 -1 0 0 -1 0 0 -1 0 0 -1 0 0 -1 0 0 -1 0 0 -1 0 0 -1 0 0 -1 0 0 -1 0 0 -1 0 0 -1 0 0 -1 0 0 -1 0 0 -1 0 0 -1 0 0 -1 0 0 -1 0 0 -1 0 0 -1 0 0 -1 0 0 -1 0 0 -1 0 0 -1 0 -0.9659252 0 0.2588216 -0.9659252 0 0.2588216 -0.7071076 0 0.7071059 -0.7071076 0 0.7071059 -0.2588192 0 0.9659258 -0.2588192 0 0.9659258 0.2588192 0 0.9659258 0.2588192 0 0.9659258 0.7071076 0 0.7071059 0.7071076 0 0.7071059 0.9659252 0 0.2588216 0.9659252 0 0.2588216 0.9659252 0 -0.2588216 0.9659252 0 -0.2588216 0.707108 0 -0.7071056 0.707108 0 -0.7071056 0.2588185 0 -0.965926 0.2588185 0 -0.965926 -0.2588185 0 -0.965926 -0.2588185 0 -0.965926 -0.707108 0 -0.7071056 -0.707108 0 -0.7071056 -0.9659252 0 -0.2588216 -0.9659252 0 -0.2588216 0 -1 0 0 -1 0 0 -1 0 0 -1 0 0 -1 0 0 -1 0 0 -1 0 0 -1 0 0 -1 0 0 -1 0 0 -1 0 0 -1 0 0 -1 0 0 -1 0 0 -1 0 0 -1 0 0 -1 0 0 -1 0 0 -1 0 0 -1 0 0 -1 0 0 -1 0 0 -1 0 0 -1 0 -0.9659252 0 0.2588214 -0.9659252 0 0.2588214 -0.7071076 0 0.7071059 -0.7071076 0 0.7071059 -0.2588185 0 0.965926 -0.2588185 0 0.965926 0.2588185 0 0.965926 0.2588185 0 0.965926 0.7071076 0 0.7071059 0.7071076 0 0.7071059 0.9659252 0 0.2588214 0.9659252 0 0.2588214 0.9659251 0 -0.2588218 0.9659251 0 -0.2588218 0.7071076 0 -0.7071059 0.7071076 0 -0.7071059 0.2588199 0 -0.9659256 0.2588199 0 -0.9659256 -0.2588199 0 -0.9659256 -0.2588199 0 -0.9659256 -0.7071076 0 -0.7071059 -0.7071076 0 -0.7071059 -0.9659251 0 -0.2588218 -0.9659251 0 -0.2588218 0 -1 0 0 -1 0 0 -1 0 0 -1 0 0 -1 0 0 -1 0 0 -1 0 0 -1 0 0 -1 0 0 -1 0 0 -1 0 0 -1 0 0 -1 0 0 -1 0 0 -1 0 0 -1 0 0 -1 0 0 -1 0 0 -1 0 0 -1 0 0 -1 0 0 -1 0 0 -1 0 0 -1 0 -0.9659256 0 0.2588199 -0.9659256 0 0.2588199 -0.7071068 0 0.7071068 -0.7071068 0 0.7071068 -0.2588185 0 0.965926 -0.2588185 0 0.965926 0.2588189 0 0.9659259 0.2588189 0 0.9659259 0.7071068 0 0.7071068 0.7071068 0 0.7071068 0.9659256 0 0.2588199 0.9659256 0 0.2588199 0.9659255 0 -0.2588204 0.9659255 0 -0.2588204 0.7071068 0 -0.7071068 0.7071068 0 -0.7071068 0.2588204 0 -0.9659255 0.2588204 0 -0.9659255 -0.2588199 0 -0.9659256 -0.2588199 0 -0.9659256 -0.7071068 0 -0.7071068 -0.7071068 0 -0.7071068 -0.9659255 0 -0.2588204 -0.9659255 0 -0.2588204 0 -1 0 0 -1 0 0 -1 0 0 -1 0 0 -1 0 0 -1 0 0 -1 0 0 -1 0 0 -1 0 0 -1 0 0 -1 0 0 -1 0 0 -1 0 0 -1 0 0 -1 0 0 -1 0 0 -1 0 0 -1 0 0 -1 0 0 -1 0 0 -1 0 0 -1 0 0 -1 0 0 -1 0 -0.9659256 0 0.2588202 -0.9659256 0 0.2588202 -0.7071068 0 0.7071068 -0.7071068 0 0.7071068 -0.2588192 0 0.9659258 -0.2588192 0 0.9659258 0.2588196 0 0.9659256 0.2588196 0 0.9659256 0.7071068 0 0.7071068 0.7071068 0 0.7071068 0.9659256 0 0.2588202 0.9659256 0 0.2588202 0.9659256 0 -0.2588202 0.9659256 0 -0.2588202 0.7071071 0 -0.7071064 0.7071071 0 -0.7071064 0.2588189 0 -0.9659259 0.2588189 0 -0.9659259 -0.2588185 0 -0.965926 -0.2588185 0 -0.965926 -0.7071071 0 -0.7071064 -0.7071071 0 -0.7071064 -0.9659256 0 -0.2588202 -0.9659256 0 -0.2588202 1 0 0 1 0 0 1 0 0 1 0 0 1 0 0 1 0 0 1 0 0 1 0 0 1 0 0 1 0 0 1 0 0 1 0 0 1 0 0 1 0 0 1 0 0 1 0 0 1 0 0 1 0 0 1 0 0 1 0 0 1 0 0 1 0 0 1 0 0 1 0 0 1 0 0 0 0.2588193 0.9659258 0 0.2588193 0.9659258 0 0.7071071 0.7071065 0 0.7071071 0.7071065 0 0.9659255 0.2588205 0 0.9659255 0.2588205 0 0.9659255 -0.2588205 0 0.9659255 -0.2588205 0 0.7071074 -0.7071062 0 0.7071074 -0.7071062 0 0.2588188 -0.9659259 0 0.2588188 -0.9659259 0 -0.2588188 -0.9659259 0 -0.2588188 -0.9659259 0 -0.7071073 -0.7071062 0 -0.7071073 -0.7071062 0 -0.965926 -0.2588184 0 -0.965926 -0.2588184 0 -0.965926 0.2588184 0 -0.965926 0.2588184 0 -0.707107 0.7071065 0 -0.707107 0.7071065 0 -0.2588193 0.9659258 0 -0.2588193 0.9659258 0 -0.222521 -0.9749279 0 -0.222521 -0.9749279 0 -0.6234898 -0.7818315 0 -0.6234898 -0.7818315 0 -0.9009689 -0.4338837 0 -0.9009689 -0.4338837 0 -1 0 0 -1 0 0 -0.9009689 0.4338837 0 -0.9009689 0.4338837 0 -0.6234898 0.7818315 0 -0.6234898 0.7818315 0 -0.222521 0.9749279 0 -0.222521 0.9749279 0 0.222521 0.9749279 0 0.222521 0.9749279 0 0.6234898 0.7818315 0 0.6234898 0.7818315 0 0.9009689 0.4338837 0 0.9009689 0.4338837 0 1 0 0 1 0 0 0.9009689 -0.4338837 0 0.9009689 -0.4338837 0 0.6234898 -0.7818315 0 0.6234898 -0.7818315 0 0.222521 -0.9749279 0 0.222521 -0.9749279 1 0 0 1 0 0 1 0 0 1 0 0 1 0 0 1 0 0 1 0 0 1 0 0 1 0 0 1 0 0 1 0 0 1 0 0 1 0 0 1 0 0 1 0 0 1 0 0 1 0 0 1 0 0 1 0 0 1 0 0 1 0 0 1 0 0 1 0 0 1 0 0 1 0 0 1 0 0 1 0 0 1 0 0 1 0 0 1 0 0 1 0 0 1 0 0 1 0 0 1 0 0 1 0 0 1 0 0 1 0 0 1 0 0 1 0 0 1 0 0 1 0 0 1 0 0 1 0 0 1 0 0 -0.03982019 -0.9906585 0.1304225 0 0.9914448 -0.1305261 0 0.9988314 0.04833036 0.01258373 0.9913663 0.1305157 0 0.9839779 0.1782906 0 0.9238795 0.3826836 0 0.9238795 0.3826836 0 0.7933533 0.6087616 0 0.7933533 0.6087616 0 0.6087616 0.7933533 0 0.6087616 0.7933533 0 0.3826836 0.9238795 0 0.3826836 0.9238795 0 0.1305261 0.9914448 0 0.1305261 0.9914448 0 -0.1305261 0.9914448 0 -0.1305261 0.9914448 0 -0.3826836 0.9238795 0 -0.3826836 0.9238795 0 -0.6087616 0.7933533 0 -0.6087616 0.7933533 0 -0.7933533 0.6087616 0 -0.7933533 0.6087616 0 -0.9238795 0.3826836 0 -0.9238795 0.3826836 0 -0.9839779 0.1782906 0.01258373 -0.9913663 0.1305157 0 -0.9988314 0.04833036 0 -0.9914448 -0.1305261 0 -0.9988315 0.04833036 0 -0.9914449 -0.1305261 0 -0.9914449 -0.1305261 0 -0.9839779 0.1782906 0 -0.9238795 0.3826836 0 -0.9238795 0.3826836 0 -0.7933533 0.6087616 0 -0.7933533 0.6087616 0 -0.6087616 0.7933533 0 -0.6087616 0.7933533 0 -0.3826836 0.9238795 0 -0.3826836 0.9238795 0 -0.1305261 0.9914449 0 -0.1305261 0.9914449 0 0.1305261 0.9914449 0 0.1305261 0.9914449 0 0.3826836 0.9238795 0 0.3826836 0.9238795 0 0.6087616 0.7933533 0 0.6087616 0.7933533 0 0.7933533 0.6087616 0 0.7933533 0.6087616 0 0.9238795 0.3826836 0 0.9238795 0.3826836 0 0.9839779 0.1782906 -0.03982019 0.9906585 0.1304225 0 0.9988315 0.04833036 0 0.9914449 -0.1305261 0 -0.9914449 -0.1305261 0 -0.9238795 -0.3826836 0 -0.9238795 -0.3826836 0 -0.7933533 -0.6087616 0 -0.7933533 -0.6087616 0 -0.6087616 -0.7933533 0 -0.6087616 -0.7933533 0 -0.3826836 -0.9238795 0 -0.3826836 -0.9238795 0 -0.1305261 -0.9914449 0 -0.1305261 -0.9914449 0 0.1305261 -0.9914449 0 0.1305261 -0.9914449 0 0.3826836 -0.9238795 0 0.3826836 -0.9238795 0 0.6087616 -0.7933533 0 0.6087616 -0.7933533 0 0.7933533 -0.6087616 0 0.7933533 -0.6087616 0 0.9238795 -0.3826836 0 0.9238795 -0.3826836 0 0.9914449 -0.1305261 0 0.9914449 -0.1305261 0 -0.1564345 -0.9876884 0 -0.1564345 -0.9876884 0 -0.4539906 -0.8910065 0 -0.4539906 -0.8910065 0 -0.7071068 -0.7071068 0 -0.7071068 -0.7071068 0 -0.8910065 -0.4539906 0 -0.8910065 -0.4539906 0 -0.9876884 -0.1564345 0 -0.9876884 -0.1564345 0 -0.9876884 0.1564345 0 -0.9876884 0.1564345 0 -0.8910065 0.4539906 0 -0.8910065 0.4539906 0 -0.7071068 0.7071068 0 -0.7071068 0.7071068 0 -0.4539906 0.8910065 0 -0.4539906 0.8910065 0 -0.1564345 0.9876884 0 -0.1564345 0.9876884 0 0.1564345 0.9876884 0 0.1564345 0.9876884 0 0.4539906 0.8910065 0 0.4539906 0.8910065 0 0.7071068 0.7071068 0 0.7071068 0.7071068 0 0.8910065 0.4539906 0 0.8910065 0.4539906 0 0.9876884 0.1564345 0 0.9876884 0.1564345 0 0.9876884 -0.1564345 0 0.9876884 -0.1564345 0 0.8910065 -0.4539906 0 0.8910065 -0.4539906 0 0.7071068 -0.7071068 0 0.7071068 -0.7071068 0 0.4539906 -0.8910065 0 0.4539906 -0.8910065 0 0.1564345 -0.9876884 0 0.1564345 -0.9876884 0 -0.2225192 0.9749283 0 -0.2225192 0.9749283 0 -0.6234899 0.7818313 0 -0.6234899 0.7818313 0 -0.9009689 0.4338837 0 -0.9009689 0.4338837 0 -1 0 0 -1 0 0 -0.9009689 -0.4338837 0 -0.9009689 -0.4338837 0 -0.6234912 -0.7818304 0 -0.6234912 -0.7818304 0 -0.2225212 -0.9749279 0 -0.2225212 -0.9749279 0 0.2225212 -0.9749279 0 0.2225212 -0.9749279 0 0.6234912 -0.7818304 0 0.6234912 -0.7818304 0 0.9009689 -0.4338837 0 0.9009689 -0.4338837 0 1 0 0 1 0 0 0.9009689 0.4338837 0 0.9009689 0.4338837 0 0.6234899 0.7818313 0 0.6234899 0.7818313 0 0.2225192 0.9749283 0 0.2225192 0.9749283 0 -0.2225212 0.9749279 0 -0.2225212 0.9749279 0 -0.6234893 0.7818319 0 -0.6234893 0.7818319 0 -0.9009689 0.4338837 0 -0.9009689 0.4338837 0 -1 0 0 -1 0 0 -0.9009689 -0.4338837 0 -0.9009689 -0.4338837 0 -0.6234899 -0.7818313 0 -0.6234899 -0.7818313 0 -0.2225212 -0.9749279 0 -0.2225212 -0.9749279 0 0.2225212 -0.9749279 0 0.2225212 -0.9749279 0 0.6234899 -0.7818313 0 0.6234899 -0.7818313 0 0.9009689 -0.4338837 0 0.9009689 -0.4338837 0 1 0 0 1 0 0 0.9009689 0.4338837 0 0.9009689 0.4338837 0 0.6234893 0.7818319 0 0.6234893 0.7818319 0 0.2225212 0.9749279 0 0.2225212 0.9749279 0 0.9988314 0.04833036 0 0.9988314 0.04833036 0 0.9988314 0.04833054 0 0.9988314 0.04833054 0 -0.9898215 0.1423143 0 -0.9898215 0.1423143 0 -0.9096317 0.4154159 0 -0.9096317 0.4154159 0 -0.75575 0.6548604 0 -0.75575 0.6548604 0 -0.5406414 0.8412532 0 -0.5406414 0.8412532 0 -0.2817309 0.9594934 0 -0.2817309 0.9594934 0 0 1 0 0 1 0 0.2817309 0.9594934 0 0.2817309 0.9594934 0 0.5406414 0.8412532 0 0.5406414 0.8412532 0 0.75575 0.6548604 0 0.75575 0.6548604 0 0.9096317 0.4154159 0 0.9096317 0.4154159 0 0.9898215 0.1423143 0 0.9898215 0.1423143 0 -0.9988314 0.04833054 0 -0.9988314 0.04833054 0 -0.9988314 0.04833036 0 -0.9988314 0.04833036 1 0 0 1 0 0 1 0 0 1 0 0 1 0 0 1 0 0 1 0 0 1 0 0 1 0 0 1 0 0 1 0 0 1 0 0 1 0 0 1 0 0 1 0 0 1 0 0 1 0 0 1 0 0 1 0 0 1 0 0 1 0 0 1 0 0 1 0 0 1 0 0 1 0 0 1 0 0 1 0 0 1 0 0 1 0 0 1 0 0 1 0 0 1 0 0 1 0 0 1 0 0 1 0 0 1 0 0 1 0 0 1 0 0 1 0 0 1 0 0 1 0 0 1 0 0 1 0 0 1 0 0 1 0 0 1 0 0 1 0 0 1 0 0 1 0 0 1 0 0 1 0 0 1 0 0 1 0 0 1 0 0 1 0 0 -1 0 0 -1 0 0 -1 0 0 -1 0 0 -1 0 0 -1 0 0 -1 0 0 -1 0 0 -1 0 0 -1 0 0 -1 0 0 -1 0 0 -1 0 0 -1 0 0 -1 0 0 -1 0 0 -1 0 0 -1 0 0 -1 0 0 -1 0 0 -1 0 0 -1 0 0 -1 0 0 -1 0 0 -1 0 0 -1 0 0 -1 0 0 -1 0 0 -1 0 0 -1 0 0 -1 0 0 -1 0 0 -1 0 0 -1 0 0 -1 0 0 -1 0 0 -1 0 0 -1 0 0 -1 0 0 -1 0 0 -1 0 0 -1 0 0 -1 0 0 -1 0 0 -1 0 0 -1 0 0 -1 0 0 -1 0 0 -1 0 0 -1 0 0 -1 0 0 -1 0 0 -1 0 0 -1 0 0 -1 0 0 -1 0 0 -1 0 0 -1 0 0 -1 0 0 -1 0 0 -1 0 0 -1 0 0 -1 0 0 -1 0 0 -1 0 0 -1 0 0 -1 0 0 -1 0 0 -1 0 0 -1 0 0 -1 0 0 -1 0 0 -1 0 0 -1 0 0 -1 0 0 -1 0 0 -1 0 0 -1 0 0 -1 0 0 -1 0 0 -1 0 0 -1 0 0 -1 0 0 -1 0 0 -1 0 0 -1 0 0 -1 0 0 -1 0 0 -1 0 0 -1 0 0 -1 0 0 -1 0 0 -1 0 0 -1 0 0 -1 0 0 -1 0 0 -1 0 0 -1 0 0 0 -0.1645946 -0.9863613 0 -0.1645946 -0.9863613 0 -0.4759474 -0.8794738 0 -0.4759474 -0.8794738 0 -0.7357239 -0.6772815 0 -0.7357239 -0.6772815 0 -0.9157733 -0.4016954 0 -0.9157733 -0.4016954 0 -0.9965845 -0.08257937 0 -0.9965845 -0.08257937 0 -0.9694002 0.2454855 0 -0.9694002 0.2454855 0 -0.8371666 0.5469481 0 -0.8371666 0.5469481 0 -0.6142127 0.7891405 0 -0.6142127 0.7891405 0 -0.3246994 0.9458173 0 -0.3246994 0.9458173 0 0 1 0 0 1 0 0.3246994 0.9458173 0 0.3246994 0.9458173 0 0.6142127 0.7891405 0 0.6142127 0.7891405 0 0.8371666 0.5469481 0 0.8371666 0.5469481 0 0.9694002 0.2454855 0 0.9694002 0.2454855 0 0.9965845 -0.08257937 0 0.9965845 -0.08257937 0 0.9157733 -0.4016954 0 0.9157733 -0.4016954 0 0.7357239 -0.6772815 0 0.7357239 -0.6772815 0 0.4759474 -0.8794738 0 0.4759474 -0.8794738 0 0.1645946 -0.9863613 0 0.1645946 -0.9863613 -1 0 0 -1 0 0 -1 0 0 -1 0 0 -1 0 0 -1 0 0 -1 0 0 -1 0 0 -1 0 0 -1 0 0 -1 0 0 -1 0 0 -1 0 0 -1 0 0 -1 0 0 -1 0 0 -1 0 0 -1 0 0 -1 0 0 -1 0 0 -1 0 0 -1 0 0 -1 0 0 -1 0 0 -1 0 0 -1 0 0 -1 0 0 -1 0 0 -1 0 0 -1 0 0 -1 0 0 -1 0 0 -1 0 0 1 0 0 1 0 0 1 0 0 1 0 0 1 0 0 1 0 0 1 0 0 1 0 0 1 0 0 1 0 0 1 0 0 1 0 0 1 0 0 1 0 0 1 0 0 1 0 0 1 0 0 1 0 0 1 0 0 1 0 0 1 0 0 1 0 0 1 0 0 1 0 0 1 0 0 1 0 0 1 0 0 1 0 0 1 0 0 1 0 0 1 0 0 1 0 0 1 0 0 1 0 0</float_array>
          <technique_common>
            <accessor source="#rb1-mesh-normals-array" count="2926" stride="3">
              <param name="X" type="float"/>
              <param name="Y" type="float"/>
              <param name="Z" type="float"/>
            </accessor>
          </technique_common>
        </source>
        <source id="rb1-mesh-map-0">
          <float_array id="rb1-mesh-map-0-array" count="17556">0.8483466 0.9375113 0.8482055 0.9371642 0.8497007 0.9334843 0.8468753 0.9368981 0.8466115 0.9371642 0.8451163 0.9334843 0.8451163 0.9334843 0.8466115 0.9371642 0.8464704 0.9375113 0.8482055 0.9371642 0.8479417 0.9368981 0.8497007 0.9334843 0.8497007 0.9334843 0.8479417 0.9368981 0.8475958 0.936754 0.8497007 0.9334843 0.8475958 0.936754 0.8451163 0.9334843 0.8451163 0.9334843 0.8475958 0.936754 0.8472211 0.936754 0.8451163 0.9334843 0.8472211 0.936754 0.8468753 0.9368981 0.849543 0.9391433 0.8497007 0.9334843 0.8496859 0.9397183 0.8496859 0.9397183 0.8497007 0.9334843 0.8497007 0.9399788 0.8483434 0.937886 0.8483466 0.9375113 0.8488486 0.9381955 0.8488486 0.9381955 0.8483466 0.9375113 0.8497007 0.9334843 0.8488486 0.9381955 0.8497007 0.9334843 0.8492575 0.9386242 0.8492575 0.9386242 0.8497007 0.9334843 0.849543 0.9391433 0.8464704 0.9375113 0.8464736 0.937886 0.8451163 0.9334843 0.8451163 0.9334843 0.8464736 0.937886 0.8459685 0.9381955 0.8451163 0.9334843 0.8459685 0.9381955 0.8455595 0.9386242 0.8455595 0.9386242 0.845274 0.9391433 0.8451163 0.9334843 0.8451163 0.9334843 0.845274 0.9391433 0.8451312 0.9397183 0.8451163 0.9334843 0.8451312 0.9397183 0.8451163 0.9399788 0.8368766 0.9407916 0.8362654 0.9407916 0.8368766 0.93898 0.8368766 0.93898 0.8362654 0.9407916 0.8362654 0.93898 0.8362653 0.9352009 0.8368766 0.9352009 0.8362653 0.9370904 0.8362653 0.9370904 0.8368766 0.9352009 0.8368766 0.9370904 0.8369025 0.932326 0.8370936 0.933472 0.8370936 0.9340834 0.8370936 0.933472 0.8369025 0.932326 0.841296 0.933472 0.841296 0.933472 0.8369025 0.932326 0.8414869 0.932326 0.841296 0.933472 0.8414869 0.932326 0.841296 0.9340834 0.841296 0.9340834 0.8414869 0.932326 0.8414869 0.9405397 0.841296 0.9340834 0.8414869 0.9405397 0.8370936 0.9340834 0.8370936 0.9340834 0.8414869 0.9405397 0.8369025 0.9405397 0.8370936 0.9340834 0.8369025 0.9405397 0.8369025 0.932326 0.8611623 0.9409087 0.8609712 0.9397626 0.8609712 0.9391514 0.8609712 0.9397626 0.8611623 0.9409087 0.8567689 0.9397626 0.8567689 0.9397626 0.8611623 0.9409087 0.8565779 0.9409087 0.8567689 0.9397626 0.8565779 0.9409087 0.8567689 0.9391514 0.8567689 0.9391514 0.8565779 0.9409087 0.8565779 0.9326949 0.8567689 0.9391514 0.8565779 0.9326949 0.8609712 0.9391514 0.8609712 0.9391514 0.8565779 0.9326949 0.8611623 0.9326949 0.8609712 0.9391514 0.8611623 0.9326949 0.8611623 0.9409087 0.8369025 0.9234626 0.8451163 0.9234626 0.8369025 0.9299573 0.8369025 0.9299573 0.8451163 0.9234626 0.8451163 0.932326 0.8369025 0.9299573 0.8451163 0.932326 0.8369025 0.932326 0.8688035 0.9092639 0.8770173 0.9092639 0.8688035 0.9116325 0.8688035 0.9116325 0.8770173 0.9092639 0.8770173 0.9181271 0.8688035 0.9116325 0.8770173 0.9181271 0.8688035 0.9181271 0.8701784 0.9304922 0.8747627 0.9304922 0.8701784 0.9393554 0.8701784 0.9393554 0.8747627 0.9304922 0.8747627 0.9393554 0.8747562 0.9054735 0.8743405 0.9050513 0.8752972 0.9045649 0.8743405 0.9050513 0.8738306 0.9047498 0.8752972 0.9045649 0.8752972 0.9045649 0.8738306 0.9047498 0.8732604 0.9045889 0.8752972 0.9045649 0.8732604 0.9045889 0.8729286 0.9045648 0.8738306 0.9089643 0.8752972 0.9091492 0.8732604 0.9091251 0.8732604 0.9091251 0.8752972 0.9091492 0.8729286 0.9091492 0.8738306 0.9089643 0.8743405 0.9086627 0.8752972 0.9091492 0.8752972 0.9091492 0.8743405 0.9086627 0.8747562 0.9082405 0.8752972 0.9091492 0.8747562 0.9082405 0.8750497 0.9077259 0.8750497 0.9077259 0.8752016 0.9071533 0.8752972 0.9091492 0.8752972 0.9091492 0.8752016 0.9071533 0.8752016 0.9065608 0.8752972 0.9091492 0.8752016 0.9065608 0.8752972 0.9045649 0.8752972 0.9045649 0.8752016 0.9065608 0.8750497 0.9059881 0.8752972 0.9045649 0.8750497 0.9059881 0.8747562 0.9054735 0.8783921 0.9258313 0.8783921 0.9240196 0.8787136 0.9240196 0.8797971 0.9235442 0.8801495 0.9216289 0.879818 0.9238328 0.879818 0.9238328 0.8801495 0.9216289 0.8801495 0.9258313 0.879818 0.9238328 0.8801495 0.9258313 0.8797001 0.9240971 0.8797971 0.9235442 0.8796424 0.9232997 0.8801495 0.9216289 0.8801495 0.9216289 0.8796424 0.9232997 0.8793905 0.9231572 0.8801495 0.9216289 0.8793905 0.9231572 0.8783921 0.9216289 0.8787136 0.9240196 0.8789119 0.9242303 0.8783921 0.9258313 0.8783921 0.9258313 0.8789119 0.9242303 0.879186 0.9243226 0.8783921 0.9258313 0.879186 0.9243226 0.8801495 0.9258313 0.8801495 0.9258313 0.879186 0.9243226 0.8794714 0.9242743 0.8801495 0.9258313 0.8794714 0.9242743 0.8797001 0.9240971 0.8786774 0.9235184 0.8783921 0.9235184 0.8788431 0.9232813 0.8788431 0.9232813 0.8783921 0.9235184 0.8783921 0.9216289 0.8788431 0.9232813 0.8783921 0.9216289 0.8791013 0.9231505 0.8791013 0.9231505 0.8783921 0.9216289 0.8793905 0.9231572 0.8674278 0.9423732 0.8668166 0.9423732 0.8674278 0.9406158 0.8674278 0.9406158 0.8668166 0.9423732 0.8668166 0.9406158 0.8790256 0.9410966 0.8793471 0.9410966 0.8788273 0.9413073 0.8788273 0.9413073 0.8793471 0.9410966 0.8793471 0.9429082 0.8793471 0.9387059 0.8793471 0.9405954 0.8790619 0.9405954 0.8790619 0.9405954 0.8788961 0.9403583 0.8793471 0.9387059 0.8793471 0.9387059 0.8788961 0.9403583 0.8786379 0.9402275 0.8793471 0.9387059 0.8786379 0.9402275 0.8775897 0.9387059 0.8775897 0.9387059 0.8786379 0.9402275 0.8783487 0.9402342 0.8775897 0.9387059 0.8783487 0.9402342 0.8780968 0.9403766 0.8780968 0.9403766 0.8779422 0.9406211 0.8775897 0.9387059 0.8775897 0.9387059 0.8779422 0.9406211 0.8779212 0.9409098 0.8775897 0.9387059 0.8779212 0.9409098 0.8775897 0.9429082 0.8779212 0.9409098 0.8780391 0.941174 0.8775897 0.9429082 0.8775897 0.9429082 0.8780391 0.941174 0.8782678 0.9413513 0.8775897 0.9429082 0.8782678 0.9413513 0.8793471 0.9429082 0.8793471 0.9429082 0.8782678 0.9413513 0.8785532 0.9413995 0.8793471 0.9429082 0.8785532 0.9413995 0.8788273 0.9413073 0.8385726 0.9405397 0.8391839 0.9405397 0.8385726 0.9422971 0.8385726 0.9422971 0.8391839 0.9405397 0.8391839 0.9422971 0.8806839 0.9018844 0.8800727 0.9018844 0.8806839 0.9000728 0.8806839 0.9000728 0.8800727 0.9018844 0.8800727 0.9000728 0.8800345 0.8948228 0.8800345 0.8967123 0.8797493 0.8967123 0.8797493 0.8967123 0.8795835 0.8964752 0.8800345 0.8948228 0.8800345 0.8948228 0.8795835 0.8964752 0.8793254 0.8963445 0.8800345 0.8948228 0.8793254 0.8963445 0.8782771 0.8948228 0.8782771 0.8948228 0.8793254 0.8963445 0.8790361 0.8963511 0.8782771 0.8948228 0.8790361 0.8963511 0.8787842 0.8964936 0.8797129 0.8972135 0.8800345 0.8972135 0.8795148 0.8974243 0.8795148 0.8974243 0.8800345 0.8972135 0.8800345 0.8990252 0.8787842 0.8964936 0.8786296 0.8967382 0.8782771 0.8948228 0.8782771 0.8948228 0.8786296 0.8967382 0.8786086 0.8970267 0.8782771 0.8948228 0.8786086 0.8970267 0.8782771 0.8990252 0.8786086 0.8970267 0.8787265 0.897291 0.8782771 0.8990252 0.8782771 0.8990252 0.8787265 0.897291 0.8789553 0.8974682 0.8782771 0.8990252 0.8789553 0.8974682 0.8800345 0.8990252 0.8800345 0.8990252 0.8789553 0.8974682 0.8792405 0.8975165 0.8800345 0.8990252 0.8792405 0.8975165 0.8795148 0.8974243 0.8626905 0.9423012 0.8620793 0.9423012 0.8626905 0.9405438 0.8626905 0.9405438 0.8620793 0.9423012 0.8620793 0.9405438 0.8793471 0.9346944 0.8793471 0.9328828 0.8796686 0.9328828 0.880752 0.9324074 0.8805974 0.9321629 0.8811045 0.9304922 0.8811045 0.9304922 0.8805974 0.9321629 0.8803455 0.9320204 0.8811045 0.9304922 0.8803455 0.9320204 0.8793471 0.9304922 0.880752 0.9324074 0.8811045 0.9304922 0.880773 0.932696 0.880773 0.932696 0.8811045 0.9304922 0.8811045 0.9346944 0.880773 0.932696 0.8811045 0.9346944 0.8806551 0.9329602 0.8796322 0.9323816 0.8793471 0.9323816 0.8797981 0.9321444 0.8797981 0.9321444 0.8793471 0.9323816 0.8793471 0.9304922 0.8797981 0.9321444 0.8793471 0.9304922 0.8800562 0.9320138 0.8800562 0.9320138 0.8793471 0.9304922 0.8803455 0.9320204 0.8796686 0.9328828 0.8798667 0.9330936 0.8793471 0.9346944 0.8793471 0.9346944 0.8798667 0.9330936 0.880141 0.9331857 0.8793471 0.9346944 0.880141 0.9331857 0.8811045 0.9346944 0.8811045 0.9346944 0.880141 0.9331857 0.8804263 0.9331374 0.8811045 0.9346944 0.8804263 0.9331374 0.8806551 0.9329602 0.8662053 0.9406158 0.8668166 0.9406158 0.8662053 0.9423732 0.8662053 0.9423732 0.8668166 0.9406158 0.8668166 0.9423732 0.8362654 0.9370904 0.8368766 0.9370904 0.8362654 0.93898 0.8362654 0.93898 0.8368766 0.9370904 0.8368766 0.93898 0.8340314 0.9417323 0.8340314 0.9423435 0.8337942 0.9417323 0.8337942 0.9417323 0.8340314 0.9423435 0.8337942 0.9423435 0.8491315 0.941959 0.8485202 0.941959 0.8491311 0.9417008 0.8491311 0.9417008 0.8485202 0.941959 0.8485199 0.9417008 0.8491311 0.9417008 0.8485199 0.9417008 0.8491311 0.9414115 0.8491311 0.9414115 0.8485199 0.9417008 0.8485199 0.9414116 0.8491311 0.9414115 0.8485199 0.9414116 0.8491315 0.9411597 0.8491315 0.9411597 0.8485199 0.9414116 0.8485202 0.9411599 0.8414869 0.9413099 0.8420982 0.9413099 0.8414869 0.9415544 0.8414869 0.9415544 0.8420982 0.9413099 0.8420982 0.9415544 0.8414869 0.9415544 0.8420982 0.9415544 0.8414869 0.941843 0.8414869 0.941843 0.8420982 0.9415544 0.8420982 0.941843 0.8414869 0.941843 0.8420982 0.941843 0.8414869 0.9421073 0.8414869 0.9421073 0.8420982 0.941843 0.8420982 0.9421073 0.8598034 0.9424943 0.8591923 0.942494 0.8598032 0.9422656 0.8598032 0.9422656 0.8591923 0.942494 0.8591919 0.9422654 0.8598032 0.9422656 0.8591919 0.9422654 0.8598032 0.9419804 0.8598032 0.9419804 0.8591919 0.9422654 0.8591919 0.9419801 0.8598032 0.9419804 0.8591919 0.9419801 0.8598034 0.9417061 0.8598034 0.9417061 0.8591919 0.9419801 0.8591923 0.9417058 0.8336443 0.9417323 0.8336443 0.9423435 0.8334335 0.9417323 0.8334335 0.9417323 0.8336443 0.9423435 0.8334335 0.9423435 0.8806213 0.9209766 0.8806213 0.9215878 0.8803361 0.9209766 0.8803361 0.9209766 0.8806213 0.9215878 0.8803361 0.9215878 0.8779808 0.9066854 0.8779808 0.9060742 0.8783022 0.9066854 0.8783022 0.9066854 0.8779808 0.9060742 0.8783022 0.9060742 0.8776593 0.9066854 0.8773378 0.9066854 0.8776593 0.9060742 0.8776593 0.9060742 0.8773378 0.9066854 0.8773378 0.9060742 0.8726171 0.9085648 0.8729024 0.9085648 0.8726171 0.9091761 0.8726171 0.9091761 0.8729024 0.9085648 0.8729024 0.9091761 0.8558138 0.9423559 0.8558138 0.9417446 0.8560245 0.9423559 0.8560245 0.9423559 0.8558138 0.9417446 0.8560245 0.9417446 0.8806843 0.9028072 0.880073 0.9028075 0.8806839 0.9025329 0.8806839 0.9025329 0.880073 0.9028075 0.8800727 0.9025332 0.8806839 0.9025329 0.8800727 0.9025332 0.8806839 0.9022477 0.8806839 0.9022477 0.8800727 0.9025332 0.8800727 0.9022479 0.8806839 0.9022477 0.8800727 0.9022479 0.8806843 0.9020189 0.8806843 0.9020189 0.8800727 0.9022479 0.880073 0.9020192 0.8760616 0.9420642 0.8754503 0.9420642 0.8760616 0.9418 0.8760616 0.9418 0.8754503 0.9420642 0.8754503 0.9418 0.8760616 0.9418 0.8754503 0.9418 0.8760616 0.9415114 0.8760616 0.9415114 0.8754503 0.9418 0.8754503 0.9415114 0.8760616 0.9415114 0.8754503 0.9415114 0.8760616 0.9412669 0.8760616 0.9412669 0.8754503 0.9415114 0.8754503 0.9412669 0.8545233 0.941708 0.853912 0.941708 0.8545229 0.9414561 0.8545229 0.9414561 0.853912 0.941708 0.8539116 0.9414561 0.8545229 0.9414561 0.8539116 0.9414561 0.8545229 0.9411669 0.8545229 0.9411669 0.8539116 0.9414561 0.8539116 0.9411668 0.8545229 0.9411669 0.8539116 0.9411668 0.8545233 0.9409088 0.8545233 0.9409088 0.8539116 0.9411668 0.853912 0.9409087 0.8331963 0.9423435 0.8331963 0.9417323 0.8334335 0.9423435 0.8334335 0.9423435 0.8331963 0.9417323 0.8334335 0.9417323 0.8723892 0.9393565 0.8723892 0.9408846 0.8720145 0.9408846 0.8723892 0.9393565 0.8720145 0.9408846 0.8720145 0.9393565 0.8720145 0.9393565 0.8720145 0.9408846 0.8716674 0.9408842 0.8720145 0.9393565 0.8716674 0.9408842 0.8716674 0.9393561 0.8716674 0.9393561 0.8716674 0.9408842 0.8714014 0.9408835 0.8716674 0.9393561 0.8714014 0.9408835 0.8714014 0.9393554 0.8530595 0.9301244 0.8530595 0.9316526 0.8527137 0.9316526 0.8530595 0.9301244 0.8527137 0.9316526 0.8527137 0.9301244 0.8527137 0.9301244 0.8527137 0.9316526 0.852339 0.9316526 0.8527137 0.9301244 0.852339 0.9316526 0.852339 0.9301244 0.852339 0.9301244 0.852339 0.9316526 0.8519931 0.9316526 0.852339 0.9301244 0.8519931 0.9316526 0.8519931 0.9301244 0.8723892 0.9408846 0.8723892 0.9393565 0.8726552 0.9393557 0.8723892 0.9408846 0.8726552 0.9393557 0.8726552 0.9408839 0.8726552 0.9408839 0.8726552 0.9393557 0.8730022 0.9393554 0.8726552 0.9408839 0.8730022 0.9393554 0.8730022 0.9408835 0.8730022 0.9408835 0.8730022 0.9393554 0.8733769 0.9393554 0.8730022 0.9408835 0.8733769 0.9393554 0.8733769 0.9408835 0.8805397 0.8984463 0.8805397 0.8999745 0.8800345 0.8999745 0.8805397 0.8984463 0.8800345 0.8999745 0.8800345 0.8984463 0.8435866 0.938885 0.8451147 0.9388853 0.8451156 0.9393139 0.8435866 0.938885 0.8451156 0.9393139 0.8435874 0.9393134 0.8435874 0.9393134 0.8451156 0.9393139 0.8451161 0.9398329 0.8435874 0.9393134 0.8451161 0.9398329 0.843588 0.9398325 0.843588 0.9398325 0.8451161 0.9398329 0.8451163 0.9404079 0.843588 0.9398325 0.8451163 0.9404079 0.8435881 0.9404074 0.8435881 0.9404074 0.8451163 0.9404079 0.8451163 0.9406685 0.8435881 0.9404074 0.8451163 0.9406685 0.843588 0.9409999 0.8451163 0.9406685 0.8451161 0.9410002 0.843588 0.9409999 0.843588 0.9409999 0.8451161 0.9410002 0.8451156 0.9415705 0.843588 0.9409999 0.8451156 0.9415705 0.8435874 0.9415701 0.8435874 0.9415701 0.8451156 0.9415705 0.8451147 0.9420806 0.8435874 0.9415701 0.8451147 0.9420806 0.8435866 0.9420801 0.8752972 0.9045648 0.8768253 0.9045648 0.8768253 0.904987 0.8752972 0.9045648 0.8768253 0.904987 0.8752972 0.904987 0.8752972 0.904987 0.8768253 0.904987 0.8768253 0.9055016 0.8752972 0.904987 0.8768253 0.9055016 0.8752972 0.9055016 0.8752972 0.9055016 0.8768253 0.9055016 0.8768253 0.9060743 0.8752972 0.9055016 0.8768253 0.9060743 0.8752972 0.9060743 0.8752972 0.9060743 0.8768253 0.9060743 0.8768253 0.9066668 0.8752972 0.9060743 0.8768253 0.9066668 0.8752972 0.9066668 0.8752972 0.9066668 0.8768253 0.9066668 0.8768253 0.9072394 0.8752972 0.9066668 0.8768253 0.9072394 0.8752972 0.9072394 0.8752972 0.9072394 0.8768253 0.9072394 0.8768253 0.9077541 0.8752972 0.9072394 0.8768253 0.9077541 0.8752972 0.9077541 0.8752972 0.9077541 0.8768253 0.9077541 0.8768253 0.9081763 0.8752972 0.9077541 0.8768253 0.9081763 0.8752972 0.9081763 0.8788062 0.918308 0.8803344 0.9183076 0.8803353 0.9188176 0.8788062 0.918308 0.8803353 0.9188176 0.8788072 0.9188181 0.8788072 0.9188181 0.8803353 0.9188176 0.8803359 0.9193879 0.8788072 0.9188181 0.8803359 0.9193879 0.8788078 0.9193883 0.8788078 0.9193883 0.8803359 0.9193879 0.8803361 0.9197197 0.8788078 0.9193883 0.8803361 0.9197197 0.8788079 0.9199807 0.8803361 0.9197197 0.8803361 0.9199803 0.8788079 0.9199807 0.8788079 0.9199807 0.8803361 0.9199803 0.8803359 0.9205552 0.8788079 0.9199807 0.8803359 0.9205552 0.8788078 0.9205557 0.8788078 0.9205557 0.8803359 0.9205552 0.8803353 0.9210743 0.8788078 0.9205557 0.8803353 0.9210743 0.8788072 0.9210748 0.8788072 0.9210748 0.8803353 0.9210743 0.8803344 0.9215028 0.8788072 0.9210748 0.8803344 0.9215028 0.8788062 0.9215033 0.8706404 0.9406937 0.8706404 0.9422219 0.8701353 0.9422219 0.8706404 0.9406937 0.8701353 0.9422219 0.8701353 0.9406937 0.8655429 0.9050223 0.8651251 0.9054213 0.8653584 0.9049147 0.8653584 0.9049147 0.8651251 0.9054213 0.864859 0.9051575 0.8653584 0.9049147 0.864859 0.9051575 0.8652524 0.9047293 0.8652524 0.9047293 0.864859 0.9051575 0.8647149 0.9048116 0.8652524 0.9047293 0.8647149 0.9048116 0.8652533 0.9045158 0.8655429 0.9050223 0.866625 0.9056064 0.8651251 0.9054213 0.8651251 0.9054213 0.866625 0.9056064 0.8665053 0.905753 0.8651251 0.9054213 0.8665053 0.905753 0.8649842 0.9059967 0.8649842 0.9059967 0.8665053 0.905753 0.8663688 0.9061039 0.8649842 0.9059967 0.8663688 0.9061039 0.8649955 0.906589 0.8649955 0.906589 0.8663688 0.9061039 0.8663869 0.90648 0.8649955 0.906589 0.8663869 0.90648 0.8651583 0.9071587 0.8651583 0.9071587 0.8663869 0.90648 0.8665563 0.9068161 0.8675833 0.9070962 0.8675666 0.9085214 0.8672111 0.9071534 0.8672111 0.9071534 0.8675666 0.9085214 0.8669741 0.9085234 0.8672111 0.9071534 0.8669741 0.9085234 0.8668479 0.9070544 0.8678999 0.9068924 0.8686524 0.9080722 0.8675833 0.9070962 0.8675833 0.9070962 0.8686524 0.9080722 0.8681387 0.9083675 0.8675833 0.9070962 0.8681387 0.9083675 0.8675666 0.9085214 0.8647149 0.9048116 0.8647149 0.904437 0.8652533 0.9045158 0.8652533 0.9045158 0.8647149 0.904437 0.864859 0.904091 0.8652533 0.9045158 0.864859 0.904091 0.8653609 0.9043312 0.8653609 0.9043312 0.864859 0.904091 0.8651251 0.9038273 0.8653609 0.9043312 0.8651251 0.9038273 0.8655464 0.9042252 0.8655464 0.9042252 0.8651251 0.9038273 0.8654722 0.9036861 0.8655464 0.9042252 0.8654722 0.9036861 0.8657599 0.9042262 0.8657599 0.9042262 0.8654722 0.9036861 0.8658469 0.9036894 0.8657599 0.9042262 0.8658469 0.9036894 0.8659444 0.9043338 0.8659444 0.9043338 0.8658469 0.9036894 0.8661914 0.9038365 0.8659444 0.9043338 0.8661914 0.9038365 0.8660504 0.9045192 0.8660504 0.9045192 0.8661914 0.9038365 0.8664529 0.904105 0.8669741 0.9085234 0.866401 0.9083736 0.8668479 0.9070544 0.8668479 0.9070544 0.866401 0.9083736 0.8658853 0.9080818 0.8668479 0.9070544 0.8658853 0.9080818 0.8665563 0.9068161 0.8665563 0.9068161 0.8658853 0.9080818 0.8654616 0.9076676 0.8665563 0.9068161 0.8654616 0.9076676 0.8651583 0.9071587 0.8655429 0.9050223 0.8657564 0.9050232 0.866625 0.9056064 0.866625 0.9056064 0.8657564 0.9050232 0.8659419 0.9049172 0.866625 0.9056064 0.8659419 0.9049172 0.8667727 0.9054879 0.8667727 0.9054879 0.8659419 0.9049172 0.8660494 0.9047328 0.8667727 0.9054879 0.8660494 0.9047328 0.8671247 0.9053545 0.8671247 0.9053545 0.8660494 0.9047328 0.8675006 0.9053758 0.8681668 0.906206 0.8695316 0.9065733 0.8681063 0.9065776 0.8681063 0.9065776 0.8695316 0.9065733 0.8693729 0.9071441 0.8681063 0.9065776 0.8693729 0.9071441 0.8678999 0.9068924 0.8678999 0.9068924 0.8693729 0.9071441 0.869073 0.9076551 0.8678999 0.9068924 0.869073 0.9076551 0.8686524 0.9080722 0.8678353 0.9055482 0.8691068 0.9048883 0.868071 0.9058419 0.868071 0.9058419 0.8691068 0.9048883 0.869394 0.9054064 0.868071 0.9058419 0.869394 0.9054064 0.8681668 0.906206 0.8681668 0.906206 0.869394 0.9054064 0.8695389 0.905981 0.8681668 0.906206 0.8695389 0.905981 0.8695316 0.9065733 0.8660494 0.9047328 0.8660504 0.9045192 0.8675006 0.9053758 0.8675006 0.9053758 0.8660504 0.9045192 0.8664529 0.904105 0.8675006 0.9053758 0.8664529 0.904105 0.8678353 0.9055482 0.8678353 0.9055482 0.8664529 0.904105 0.8670296 0.9039691 0.8678353 0.9055482 0.8670296 0.9039691 0.8676218 0.9039856 0.8676218 0.9039856 0.8681901 0.9041532 0.8678353 0.9055482 0.8678353 0.9055482 0.8681901 0.9041532 0.8686962 0.904461 0.8678353 0.9055482 0.8686962 0.904461 0.8691068 0.9048883 0.8572645 0.9083642 0.8576052 0.9082847 0.8576156 0.9084822 0.858097 0.9087275 0.8580536 0.9090747 0.8578994 0.9087378 0.8578994 0.9087378 0.8580536 0.9090747 0.8577582 0.9090436 0.8578994 0.9087378 0.8577582 0.9090436 0.8577232 0.9086481 0.8577232 0.9086481 0.8577582 0.9090436 0.8575009 0.9088951 0.8577232 0.9086481 0.8575009 0.9088951 0.8576156 0.9084822 0.8576156 0.9084822 0.8575009 0.9088951 0.8573263 0.9086547 0.8576156 0.9084822 0.8573263 0.9086547 0.8572645 0.9083642 0.8582345 0.9080802 0.8585569 0.9079443 0.8583422 0.9082461 0.8583422 0.9082461 0.8585569 0.9079443 0.8586776 0.9082157 0.8583422 0.9082461 0.8586776 0.9082157 0.8583526 0.9084436 0.8583526 0.9084436 0.8586776 0.9082157 0.8586776 0.9085127 0.8583526 0.9084436 0.8586776 0.9085127 0.8582628 0.9086198 0.8582628 0.9086198 0.8586776 0.9085127 0.8585569 0.9087841 0.8582628 0.9086198 0.8585569 0.9087841 0.858097 0.9087275 0.858097 0.9087275 0.8585569 0.9087841 0.8583361 0.9089829 0.858097 0.9087275 0.8583361 0.9089829 0.8580536 0.9090747 0.8572645 0.9083642 0.8572801 0.9082157 0.8576052 0.9082847 0.8576052 0.9082847 0.8572801 0.9082157 0.8573263 0.9080736 0.8576052 0.9082847 0.8573263 0.9080736 0.857695 0.9081085 0.857695 0.9081085 0.8573263 0.9080736 0.8575009 0.9078332 0.857695 0.9081085 0.8575009 0.9078332 0.8578608 0.9080008 0.8578608 0.9080008 0.8575009 0.9078332 0.8577582 0.9076847 0.8578608 0.9080008 0.8577582 0.9076847 0.8580583 0.9079905 0.8580583 0.9079905 0.8577582 0.9076847 0.8580536 0.9076537 0.8580583 0.9079905 0.8580536 0.9076537 0.8582345 0.9080802 0.8582345 0.9080802 0.8580536 0.9076537 0.8583361 0.9077455 0.8582345 0.9080802 0.8583361 0.9077455 0.8585569 0.9079443 0.8719715 0.9184765 0.8719715 0.9186648 0.87094 0.9186648 0.87094 0.9186648 0.8719715 0.9186648 0.87094 0.918853 0.8719715 0.9186648 0.8719715 0.918853 0.87094 0.918853 0.87094 0.918853 0.8719715 0.918853 0.8719715 0.919197 0.87094 0.918853 0.8719715 0.919197 0.87094 0.919197 0.8747617 0.9406937 0.8737302 0.9406937 0.8737309 0.9404141 0.8747617 0.9406937 0.8737309 0.9404141 0.8747623 0.9404141 0.8747623 0.9404141 0.8737309 0.9404141 0.8737311 0.940056 0.8747623 0.9404141 0.8737311 0.940056 0.8747627 0.940056 0.8747627 0.940056 0.8737311 0.940056 0.873731 0.9396815 0.8747627 0.940056 0.873731 0.9396815 0.8747625 0.9396815 0.8747625 0.9396815 0.873731 0.9396815 0.8737305 0.9393554 0.8747625 0.9396815 0.8737305 0.9393554 0.8747621 0.9393554 0.8344194 0.938865 0.8333879 0.938865 0.8333879 0.9385604 0.8344194 0.938865 0.8333879 0.9385604 0.8344194 0.9385604 0.8344194 0.9385604 0.8333879 0.9385604 0.8333879 0.9381921 0.8344194 0.9385604 0.8333879 0.9381921 0.8344194 0.9381921 0.8344194 0.9381921 0.8333879 0.9381921 0.8333879 0.9378239 0.8344194 0.9381921 0.8333879 0.9378239 0.8344194 0.9378239 0.8344194 0.9378239 0.8333879 0.9378239 0.8333879 0.9375192 0.8344194 0.9378239 0.8333879 0.9375192 0.8344194 0.9375192 0.8714008 0.9406937 0.8703693 0.9406937 0.8703698 0.9403676 0.8714008 0.9406937 0.8703698 0.9403676 0.8714013 0.9403676 0.8714013 0.9403676 0.8703698 0.9403676 0.8703699 0.9399932 0.8714013 0.9403676 0.8703699 0.9399932 0.8714014 0.9399932 0.8714014 0.9399932 0.8703699 0.9399932 0.8703697 0.9396352 0.8714014 0.9399932 0.8703697 0.9396352 0.8714011 0.9396352 0.8714011 0.9396352 0.8703697 0.9396352 0.870369 0.9393554 0.8714011 0.9396352 0.870369 0.9393554 0.8714005 0.9393554 0.87094 0.9181326 0.8719715 0.9181326 0.8719715 0.9184765 0.87094 0.9181326 0.8719715 0.9184765 0.87094 0.9184765 0.87094 0.9184765 0.8719715 0.9184765 0.87094 0.9186648 0.8362914 0.9153018 0.836215 0.9150956 0.8362913 0.9150956 0.8362913 0.9150955 0.836215 0.9150956 0.8362153 0.9149444 0.8362913 0.9150955 0.8362153 0.9149444 0.8362917 0.9149444 0.8362917 0.9149444 0.8362153 0.9149444 0.8362153 0.9147381 0.8362917 0.9149444 0.8362153 0.9147381 0.8362917 0.9147381 0.8362917 0.9147381 0.8362153 0.9147381 0.836215 0.9145318 0.8362917 0.9147381 0.836215 0.9145318 0.8362914 0.9145318 0.8362341 0.9104586 0.8363105 0.9104586 0.8363105 0.9106096 0.8362341 0.9104586 0.8363105 0.9106096 0.8362341 0.9106096 0.8362341 0.9106096 0.8363105 0.9106096 0.8363105 0.910816 0.8362341 0.9106096 0.8363105 0.910816 0.8362341 0.910816 0.8362341 0.910816 0.8363105 0.910816 0.8363105 0.9110222 0.8362341 0.910816 0.8363105 0.9110222 0.8362341 0.9110222 0.8362341 0.9110222 0.8363105 0.9110222 0.8363105 0.9111732 0.8362341 0.9110222 0.8363105 0.9111732 0.8362341 0.9111732 0.8362914 0.9134044 0.836215 0.9134044 0.8362153 0.913198 0.8362914 0.9134044 0.8362153 0.913198 0.8362917 0.9131981 0.8362917 0.9131981 0.8362153 0.913198 0.8362153 0.9129917 0.8362917 0.9131981 0.8362153 0.9129917 0.8362917 0.9129918 0.8362917 0.9129918 0.8362153 0.9129917 0.836215 0.9128406 0.8362917 0.9129918 0.836215 0.9128406 0.8362914 0.9128407 0.8362913 0.9155082 0.836215 0.9155082 0.836215 0.9153018 0.8362913 0.9155082 0.836215 0.9153018 0.8362914 0.9153018 0.8362914 0.9153018 0.836215 0.9153018 0.836215 0.9150956 0.8590688 0.941599 0.8588837 0.9417058 0.8587771 0.9413073 0.8587771 0.9413073 0.8588837 0.9417058 0.8586702 0.9417058 0.8587771 0.9413073 0.8586702 0.9417058 0.8584852 0.941599 0.8590688 0.9410155 0.8591756 0.9412005 0.8587771 0.9413073 0.8587771 0.9413073 0.8591756 0.9412005 0.8591756 0.941414 0.8587771 0.9413073 0.8591756 0.941414 0.8590688 0.941599 0.8584852 0.9410155 0.8586702 0.9409087 0.8587771 0.9413073 0.8587771 0.9413073 0.8586702 0.9409087 0.8588837 0.9409087 0.8587771 0.9413073 0.8588837 0.9409087 0.8590688 0.9410155 0.8584852 0.941599 0.8583784 0.941414 0.8587771 0.9413073 0.8587771 0.9413073 0.8583784 0.941414 0.8583784 0.9412005 0.8587771 0.9413073 0.8583784 0.9412005 0.8584852 0.9410155 0.8573263 0.9080736 0.8572801 0.9082157 0.8570935 0.9081752 0.8572619 0.9071879 0.8572619 0.9073789 0.8570737 0.9071879 0.8572619 0.9073789 0.8571134 0.9073789 0.8570737 0.9071879 0.8570737 0.9083635 0.8572645 0.9083642 0.8573263 0.9086547 0.8570737 0.9083635 0.8573263 0.9086547 0.8571519 0.9087317 0.8571519 0.9087317 0.8573263 0.9086547 0.8575009 0.9088951 0.8571519 0.9087317 0.8575009 0.9088951 0.8573732 0.9090363 0.8573732 0.9090363 0.8575009 0.9088951 0.8577582 0.9090436 0.8573732 0.9090363 0.8577582 0.9090436 0.8576993 0.9092245 0.8737311 0.940056 0.8735397 0.9400359 0.8735396 0.9397405 0.8737311 0.940056 0.8735396 0.9397405 0.873731 0.9396815 0.8580737 0.9092639 0.8580536 0.9090747 0.8583361 0.9089829 0.8580737 0.9092639 0.8583361 0.9089829 0.8584318 0.9091475 0.8584318 0.9091475 0.8583361 0.9089829 0.8585569 0.9087841 0.8584318 0.9091475 0.8585569 0.9087841 0.8587116 0.9088956 0.8333879 0.9385604 0.8331969 0.9384827 0.8331969 0.9381921 0.8333879 0.9385604 0.8331969 0.9381921 0.8333879 0.9381921 0.8588647 0.9085517 0.8586776 0.9085127 0.8586776 0.9082157 0.8588647 0.9085517 0.8586776 0.9082157 0.8588647 0.9081752 0.8588647 0.9081752 0.8586776 0.9082157 0.8585569 0.9079443 0.8588647 0.9081752 0.8585569 0.9079443 0.8587116 0.9078312 0.8587116 0.9078312 0.8585569 0.9079443 0.8583361 0.9077455 0.8587116 0.9078312 0.8583361 0.9077455 0.8584318 0.9075793 0.8703698 0.9403676 0.8701784 0.9403087 0.8701785 0.9400132 0.8703698 0.9403676 0.8701785 0.9400132 0.8703699 0.9399932 0.8580737 0.907463 0.8580536 0.9076537 0.8577582 0.9076847 0.8580737 0.907463 0.8577582 0.9076847 0.8576993 0.9075023 0.8576993 0.9075023 0.8577582 0.9076847 0.8575009 0.9078332 0.8576993 0.9075023 0.8575009 0.9078332 0.8573732 0.9076905 0.8573732 0.9076905 0.8575009 0.9078332 0.8573263 0.9080736 0.8573732 0.9076905 0.8573263 0.9080736 0.8571519 0.9079952 0.8571519 0.9079952 0.8573263 0.9080736 0.8570935 0.9081752 0.8808148 0.9240357 0.8808148 0.9259459 0.8806238 0.9240357 0.8806238 0.9240357 0.8808148 0.9259459 0.8806238 0.9259459 0.8801495 0.9301111 0.8801495 0.928201 0.8802893 0.9301107 0.8802893 0.9301107 0.8801495 0.928201 0.8802893 0.9282006 0.8802893 0.9301107 0.8802893 0.9282006 0.8804804 0.9301106 0.8804804 0.9301106 0.8802893 0.9282006 0.8804804 0.9282005 0.8804804 0.9301106 0.8804804 0.9282005 0.8806714 0.9301107 0.8806714 0.9301107 0.8804804 0.9282005 0.8806714 0.9282006 0.8362149 0.931422 0.8362149 0.9295118 0.8363547 0.931422 0.8363547 0.931422 0.8362149 0.9295118 0.8363547 0.9295118 0.8363547 0.931422 0.8363547 0.9295118 0.8365458 0.931422 0.8365458 0.931422 0.8363547 0.9295118 0.8365458 0.9295118 0.8365458 0.931422 0.8365458 0.9295118 0.8367368 0.931422 0.8367368 0.931422 0.8365458 0.9295118 0.8367368 0.9295118 0.8367368 0.931422 0.8367368 0.9295118 0.8368766 0.931422 0.8368766 0.931422 0.8367368 0.9295118 0.8368766 0.9295118 0.8502227 0.93898 0.8502227 0.9408902 0.8500317 0.9389801 0.8500317 0.9389801 0.8502227 0.9408902 0.8500317 0.9408903 0.8500317 0.9389801 0.8500317 0.9408903 0.8498407 0.93898 0.8498407 0.93898 0.8500317 0.9408903 0.8498407 0.9408902 0.8498407 0.93898 0.8498407 0.9408902 0.8497008 0.9389796 0.8497008 0.9389796 0.8498407 0.9408902 0.8497008 0.9408898 0.8810059 0.9240357 0.8810059 0.9259459 0.8808148 0.9240357 0.8808148 0.9240357 0.8810059 0.9259459 0.8808148 0.9259459 0.8652674 0.908796 0.8653662 0.9086248 0.8656364 0.9088949 0.8656364 0.9088949 0.8653662 0.9086248 0.8655375 0.9085258 0.8656364 0.9088949 0.8655375 0.9085258 0.8657353 0.9085258 0.8655375 0.9092639 0.8653662 0.909165 0.8656364 0.9088949 0.8656364 0.9088949 0.8653662 0.909165 0.8652674 0.9089937 0.8656364 0.9088949 0.8652674 0.9089937 0.8652674 0.908796 0.8660054 0.9089937 0.8659065 0.909165 0.8656364 0.9088949 0.8656364 0.9088949 0.8659065 0.909165 0.8657353 0.9092639 0.8656364 0.9088949 0.8657353 0.9092639 0.8655375 0.9092639 0.8657353 0.9085258 0.8659065 0.9086248 0.8656364 0.9088949 0.8656364 0.9088949 0.8659065 0.9086248 0.8660054 0.908796 0.8656364 0.9088949 0.8660054 0.908796 0.8660054 0.9089937 0.8783714 0.9141001 0.8785124 0.9144472 0.8770173 0.9181271 0.8798426 0.9147133 0.8801065 0.9144472 0.8816016 0.9181271 0.8816016 0.9181271 0.8801065 0.9144472 0.8802476 0.9141001 0.8785124 0.9144472 0.8787762 0.9147133 0.8770173 0.9181271 0.8770173 0.9181271 0.8787762 0.9147133 0.8791221 0.9148574 0.8770173 0.9181271 0.8791221 0.9148574 0.8816016 0.9181271 0.8816016 0.9181271 0.8791221 0.9148574 0.8794968 0.9148574 0.8816016 0.9181271 0.8794968 0.9148574 0.8798426 0.9147133 0.877175 0.9124681 0.8770173 0.9181271 0.8770321 0.9118931 0.8770321 0.9118931 0.8770173 0.9181271 0.8770173 0.9116325 0.8783746 0.9137254 0.8783714 0.9141001 0.8778694 0.9134159 0.8778694 0.9134159 0.8783714 0.9141001 0.8770173 0.9181271 0.8778694 0.9134159 0.8770173 0.9181271 0.8774604 0.9129872 0.8774604 0.9129872 0.8770173 0.9181271 0.877175 0.9124681 0.8802476 0.9141001 0.8802443 0.9137254 0.8816016 0.9181271 0.8816016 0.9181271 0.8802443 0.9137254 0.8807495 0.9134159 0.8816016 0.9181271 0.8807495 0.9134159 0.8811585 0.9129872 0.8811585 0.9129872 0.8814439 0.9124681 0.8816016 0.9181271 0.8816016 0.9181271 0.8814439 0.9124681 0.8815868 0.9118931 0.8816016 0.9181271 0.8815868 0.9118931 0.8816016 0.9116325 0.8800345 0.8948228 0.8806458 0.8948228 0.8800345 0.8966346 0.8800345 0.8966346 0.8806458 0.8948228 0.8806458 0.8966346 0.8368766 0.9333115 0.8362654 0.9333115 0.8368766 0.931422 0.8368766 0.931422 0.8362654 0.9333115 0.8362654 0.931422 0.8565779 0.9409087 0.8563868 0.9397626 0.8563868 0.9391514 0.8563868 0.9397626 0.8565779 0.9409087 0.8521844 0.9397626 0.8521844 0.9397626 0.8565779 0.9409087 0.8519935 0.9409087 0.8521844 0.9397626 0.8519935 0.9409087 0.8521844 0.9391514 0.8521844 0.9391514 0.8519935 0.9409087 0.8519935 0.9326949 0.8521844 0.9391514 0.8519935 0.9326949 0.8563868 0.9391514 0.8563868 0.9391514 0.8519935 0.9326949 0.8565779 0.9326949 0.8563868 0.9391514 0.8565779 0.9326949 0.8565779 0.9409087 0.8747627 0.9304922 0.8749536 0.9316383 0.8749536 0.9322496 0.8749536 0.9316383 0.8747627 0.9304922 0.8791561 0.9316383 0.8791561 0.9316383 0.8747627 0.9304922 0.8793471 0.9304922 0.8791561 0.9316383 0.8793471 0.9304922 0.8791561 0.9322496 0.8791561 0.9322496 0.8793471 0.9304922 0.8793471 0.9387059 0.8791561 0.9322496 0.8793471 0.9387059 0.8749536 0.9322496 0.8749536 0.9322496 0.8793471 0.9387059 0.8747627 0.9387059 0.8749536 0.9322496 0.8747627 0.9387059 0.8747627 0.9304922 0.8701784 0.9216289 0.8783921 0.9216289 0.8701784 0.9281235 0.8701784 0.9281235 0.8783921 0.9216289 0.8783921 0.9304922 0.8701784 0.9281235 0.8783921 0.9304922 0.8701784 0.9304922 0.8647149 0.8948228 0.8729286 0.8948228 0.8647149 0.8971915 0.8647149 0.8971915 0.8729286 0.8948228 0.8729286 0.9036861 0.8647149 0.8971915 0.8729286 0.9036861 0.8647149 0.9036861 0.8701784 0.9406158 0.865594 0.9406158 0.8701784 0.9317526 0.8701784 0.9317526 0.865594 0.9406158 0.865594 0.9317526 0.8700799 0.9076147 0.8704956 0.908037 0.8695389 0.9085234 0.8704956 0.908037 0.8710055 0.9083385 0.8695389 0.9085234 0.8695389 0.9085234 0.8710055 0.9083385 0.8715757 0.9084993 0.8695389 0.9085234 0.8715757 0.9084993 0.8719075 0.9085234 0.8710055 0.9041239 0.8695389 0.903939 0.8715757 0.9039632 0.8715757 0.9039632 0.8695389 0.903939 0.8719075 0.903939 0.8710055 0.9041239 0.8704956 0.9044255 0.8695389 0.903939 0.8695389 0.903939 0.8704956 0.9044255 0.8700799 0.9048478 0.8695389 0.903939 0.8700799 0.9048478 0.8697864 0.9053623 0.8697864 0.9053623 0.8696345 0.9059351 0.8695389 0.903939 0.8695389 0.903939 0.8696345 0.9059351 0.8696345 0.9065274 0.8695389 0.903939 0.8696345 0.9065274 0.8695389 0.9085234 0.8695389 0.9085234 0.8696345 0.9065274 0.8697864 0.9071001 0.8695389 0.9085234 0.8697864 0.9071001 0.8700799 0.9076147 0.8519931 0.9375079 0.8519931 0.9393195 0.8516716 0.9393195 0.8505882 0.9397949 0.8502358 0.9417102 0.8505673 0.9395063 0.8505673 0.9395063 0.8502358 0.9417102 0.8502358 0.9375079 0.8505673 0.9395063 0.8502358 0.9375079 0.8506852 0.9392421 0.8505882 0.9397949 0.8507429 0.9400394 0.8502358 0.9417102 0.8502358 0.9417102 0.8507429 0.9400394 0.8509947 0.940182 0.8502358 0.9417102 0.8509947 0.940182 0.8519931 0.9417102 0.8516716 0.9393195 0.8514735 0.9391087 0.8519931 0.9375079 0.8519931 0.9375079 0.8514735 0.9391087 0.8511992 0.9390166 0.8519931 0.9375079 0.8511992 0.9390166 0.8502358 0.9375079 0.8502358 0.9375079 0.8511992 0.9390166 0.8509139 0.9390649 0.8502358 0.9375079 0.8509139 0.9390649 0.8506852 0.9392421 0.8517079 0.9398208 0.8519931 0.9398208 0.8515421 0.9400579 0.8515421 0.9400579 0.8519931 0.9398208 0.8519931 0.9417102 0.8515421 0.9400579 0.8519931 0.9417102 0.851284 0.9401885 0.851284 0.9401885 0.8519931 0.9417102 0.8509947 0.940182 0.8399259 0.9422971 0.8393147 0.9422971 0.8399259 0.9405397 0.8399259 0.9405397 0.8393147 0.9422971 0.8393147 0.9405397 0.8641582 0.9401233 0.8638367 0.9401233 0.8643564 0.9399124 0.8643564 0.9399124 0.8638367 0.9401233 0.8638367 0.9383116 0.8638367 0.9425138 0.8638367 0.9406245 0.8641219 0.9406245 0.8641219 0.9406245 0.8642877 0.9408616 0.8638367 0.9425138 0.8638367 0.9425138 0.8642877 0.9408616 0.8645458 0.9409924 0.8638367 0.9425138 0.8645458 0.9409924 0.865594 0.9425138 0.865594 0.9425138 0.8645458 0.9409924 0.8648352 0.9409857 0.865594 0.9425138 0.8648352 0.9409857 0.8650869 0.9408431 0.8650869 0.9408431 0.8652417 0.9405986 0.865594 0.9425138 0.865594 0.9425138 0.8652417 0.9405986 0.8652625 0.9403101 0.865594 0.9425138 0.8652625 0.9403101 0.865594 0.9383116 0.8652625 0.9403101 0.8651446 0.9400458 0.865594 0.9383116 0.865594 0.9383116 0.8651446 0.9400458 0.864916 0.9398686 0.865594 0.9383116 0.864916 0.9398686 0.8638367 0.9383116 0.8638367 0.9383116 0.864916 0.9398686 0.8646307 0.9398203 0.8638367 0.9383116 0.8646307 0.9398203 0.8643564 0.9399124 0.8612865 0.9405438 0.8618978 0.9405438 0.8612865 0.9423012 0.8612865 0.9423012 0.8618978 0.9405438 0.8618978 0.9423012 0.8800345 0.8966346 0.8806458 0.8966346 0.8800345 0.8984463 0.8800345 0.8984463 0.8806458 0.8966346 0.8806458 0.8984463 0.8783921 0.9304922 0.8783921 0.9286027 0.8786774 0.9286027 0.8786774 0.9286027 0.8788431 0.9288398 0.8783921 0.9304922 0.8783921 0.9304922 0.8788431 0.9288398 0.8791013 0.9289706 0.8783921 0.9304922 0.8791013 0.9289706 0.8801495 0.9304922 0.8801495 0.9304922 0.8791013 0.9289706 0.8793905 0.9289639 0.8801495 0.9304922 0.8793905 0.9289639 0.8796424 0.9288215 0.8787136 0.9281015 0.8783921 0.9281015 0.8789119 0.9278907 0.8789119 0.9278907 0.8783921 0.9281015 0.8783921 0.9262898 0.8796424 0.9288215 0.8797971 0.9285768 0.8801495 0.9304922 0.8801495 0.9304922 0.8797971 0.9285768 0.879818 0.9282884 0.8801495 0.9304922 0.879818 0.9282884 0.8801495 0.9262898 0.879818 0.9282884 0.8797001 0.9280241 0.8801495 0.9262898 0.8801495 0.9262898 0.8797001 0.9280241 0.8794714 0.9278468 0.8801495 0.9262898 0.8794714 0.9278468 0.8783921 0.9262898 0.8783921 0.9262898 0.8794714 0.9278468 0.879186 0.9277985 0.8783921 0.9262898 0.879186 0.9277985 0.8789119 0.9278907 0.8662053 0.9423732 0.865594 0.9423732 0.8662053 0.9406158 0.8662053 0.9406158 0.865594 0.9423732 0.865594 0.9406158 0.8811045 0.9346944 0.8811045 0.936506 0.880783 0.936506 0.8796995 0.9369814 0.8798542 0.9372259 0.8793471 0.9388967 0.8793471 0.9388967 0.8798542 0.9372259 0.8801061 0.9373684 0.8793471 0.9388967 0.8801061 0.9373684 0.8811045 0.9388967 0.8796995 0.9369814 0.8793471 0.9388967 0.8796786 0.9366928 0.8796786 0.9366928 0.8793471 0.9388967 0.8793471 0.9346944 0.8796786 0.9366928 0.8793471 0.9346944 0.8797965 0.9364287 0.8808192 0.9370073 0.8811045 0.9370073 0.8806535 0.9372444 0.8806535 0.9372444 0.8811045 0.9370073 0.8811045 0.9388967 0.8806535 0.9372444 0.8811045 0.9388967 0.8803953 0.9373751 0.8803953 0.9373751 0.8811045 0.9388967 0.8801061 0.9373684 0.880783 0.936506 0.8805847 0.9362953 0.8811045 0.9346944 0.8811045 0.9346944 0.8805847 0.9362953 0.8803105 0.9362031 0.8811045 0.9346944 0.8803105 0.9362031 0.8793471 0.9346944 0.8793471 0.9346944 0.8803105 0.9362031 0.8800252 0.9362514 0.8793471 0.9346944 0.8800252 0.9362514 0.8797965 0.9364287 0.8800727 0.9028075 0.8806839 0.9028074 0.8800727 0.9045648 0.8800727 0.9045648 0.8806839 0.9028074 0.8806839 0.9045648 0.8368766 0.9352009 0.8362653 0.9352009 0.8368766 0.9333115 0.8368766 0.9333115 0.8362653 0.9352009 0.8362653 0.9333115 0.8555766 0.9423287 0.8555766 0.9417174 0.8558138 0.9423287 0.8558138 0.9423287 0.8555766 0.9417174 0.8558138 0.9417174 0.8469088 0.941959 0.8462975 0.941959 0.8469085 0.9417009 0.8469085 0.9417009 0.8462975 0.941959 0.8462972 0.9417009 0.8469085 0.9417009 0.8462972 0.9417009 0.8469085 0.9414116 0.8469085 0.9414116 0.8462972 0.9417009 0.8462972 0.9414117 0.8469085 0.9414116 0.8462972 0.9414117 0.8469088 0.9411597 0.8469088 0.9411597 0.8462972 0.9414117 0.8462975 0.9411597 0.8754503 0.9420642 0.8748391 0.9420642 0.8754503 0.9418197 0.8754503 0.9418197 0.8748391 0.9420642 0.8748391 0.9418197 0.8754503 0.9418197 0.8748391 0.9418197 0.8754503 0.9415311 0.8754503 0.9415311 0.8748391 0.9418197 0.8748391 0.9415311 0.8754503 0.9415311 0.8748391 0.9415311 0.8754503 0.9412669 0.8754503 0.9412669 0.8748391 0.9415311 0.8748391 0.9412669 0.8480896 0.9422963 0.8474784 0.942296 0.8480892 0.9420676 0.8480892 0.9420676 0.8474784 0.942296 0.847478 0.9420673 0.8480892 0.9420676 0.847478 0.9420673 0.8480892 0.9417822 0.8480892 0.9417822 0.847478 0.9420673 0.847478 0.941782 0.8480892 0.9417822 0.847478 0.941782 0.8480896 0.9415081 0.8480896 0.9415081 0.847478 0.941782 0.8474784 0.9415078 0.8747864 0.9406556 0.8747864 0.9400443 0.8749971 0.9406556 0.8749971 0.9406556 0.8747864 0.9400443 0.8749971 0.9400443 0.8801495 0.9222401 0.8801495 0.9216288 0.8804346 0.9222401 0.8804346 0.9222401 0.8801495 0.9216288 0.8804346 0.9216288 0.8773378 0.9060742 0.8773378 0.9066854 0.8770164 0.9060742 0.8770164 0.9060742 0.8773378 0.9066854 0.8770164 0.9066854 0.8776593 0.9060742 0.8779808 0.9060742 0.8776593 0.9066854 0.8776593 0.9066854 0.8779808 0.9060742 0.8779808 0.9066854 0.8554111 0.9423287 0.8551259 0.9423287 0.8554111 0.9417174 0.8554111 0.9417174 0.8551259 0.9423287 0.8551259 0.9417174 0.8531208 0.9316526 0.8531208 0.9322639 0.8529101 0.9316526 0.8529101 0.9316526 0.8531208 0.9322639 0.8529101 0.9322639 0.8807938 0.9423537 0.8801825 0.942354 0.8807935 0.9420794 0.8807935 0.9420794 0.8801825 0.942354 0.8801822 0.9420797 0.8807935 0.9420794 0.8801822 0.9420797 0.8807935 0.9417942 0.8807935 0.9417942 0.8801822 0.9420797 0.8801822 0.9417944 0.8807935 0.9417942 0.8801822 0.9417944 0.8807938 0.9415655 0.8807938 0.9415655 0.8801822 0.9417944 0.8801825 0.9415658 0.8426713 0.9413099 0.8432826 0.9413099 0.8426713 0.9415742 0.8426713 0.9415742 0.8432826 0.9413099 0.8432826 0.9415742 0.8426713 0.9415742 0.8432826 0.9415742 0.8426713 0.9418628 0.8426713 0.9418628 0.8432826 0.9415742 0.8432826 0.9418628 0.8426713 0.9418628 0.8432826 0.9418628 0.8426713 0.9421073 0.8426713 0.9421073 0.8432826 0.9418628 0.8432826 0.9421073 0.8462972 0.941959 0.8456859 0.941959 0.8462968 0.9417073 0.8462968 0.9417073 0.8456859 0.941959 0.8456856 0.9417073 0.8462968 0.9417073 0.8456856 0.9417073 0.8462968 0.9414179 0.8462968 0.9414179 0.8456856 0.9417073 0.8456856 0.9414179 0.8462968 0.9414179 0.8456856 0.9414179 0.8462972 0.9411599 0.8462972 0.9411599 0.8456856 0.9414179 0.8456859 0.9411597 0.8757049 0.9185859 0.8757049 0.9191971 0.8754678 0.9185859 0.8754678 0.9185859 0.8757049 0.9191971 0.8754678 0.9191971 0.8719075 0.9054672 0.8719075 0.903939 0.8722822 0.903939 0.8719075 0.9054672 0.8722822 0.903939 0.8722822 0.9054672 0.8722822 0.9054672 0.8722822 0.903939 0.8726293 0.9039394 0.8722822 0.9054672 0.8726293 0.9039394 0.8726293 0.9054675 0.8726293 0.9054675 0.8726293 0.9039394 0.8728955 0.90394 0.8726293 0.9054675 0.8728955 0.90394 0.8728955 0.9054681 0.8626905 0.9332807 0.8626905 0.9317526 0.8630363 0.9317526 0.8626905 0.9332807 0.8630363 0.9317526 0.8630363 0.9332807 0.8630363 0.9332807 0.8630363 0.9317526 0.8634111 0.9317526 0.8630363 0.9332807 0.8634111 0.9317526 0.8634111 0.9332807 0.8634111 0.9332807 0.8634111 0.9317526 0.8637569 0.9317526 0.8634111 0.9332807 0.8637569 0.9317526 0.8637569 0.9332807 0.8728955 0.9069942 0.8728955 0.9085224 0.8726293 0.9085231 0.8728955 0.9069942 0.8726293 0.9085231 0.8726293 0.9069949 0.8726293 0.9069949 0.8726293 0.9085231 0.8722822 0.9085234 0.8726293 0.9069949 0.8722822 0.9085234 0.8722822 0.9069953 0.8722822 0.9069953 0.8722822 0.9085234 0.8719075 0.9085234 0.8722822 0.9069953 0.8719075 0.9085234 0.8719075 0.9069953 0.8363714 0.9423198 0.8363714 0.9407916 0.8368766 0.9407916 0.8363714 0.9423198 0.8368766 0.9407916 0.8368766 0.9423199 0.8757467 0.9183076 0.8772749 0.918308 0.8772758 0.9187368 0.8757467 0.9183076 0.8772758 0.9187368 0.8757477 0.9187363 0.8757477 0.9187363 0.8772758 0.9187368 0.8772763 0.919256 0.8757477 0.9187363 0.8772763 0.919256 0.8757482 0.9192556 0.8757482 0.9192556 0.8772763 0.919256 0.8772765 0.919831 0.8757482 0.9192556 0.8772765 0.919831 0.8757484 0.9198306 0.8757484 0.9198306 0.8772765 0.919831 0.8772765 0.9200916 0.8757484 0.9198306 0.8772765 0.9200916 0.8757482 0.920423 0.8772765 0.9200916 0.8772763 0.9204234 0.8757482 0.920423 0.8757482 0.920423 0.8772763 0.9204234 0.8772758 0.9209936 0.8757482 0.920423 0.8772758 0.9209936 0.8757477 0.9209932 0.8757477 0.9209932 0.8772758 0.9209936 0.8772749 0.9215034 0.8757477 0.9209932 0.8772749 0.9215034 0.8757467 0.921503 0.8775897 0.9423174 0.8760616 0.9423174 0.8760616 0.9418951 0.8775897 0.9423174 0.8760616 0.9418951 0.8775897 0.9418951 0.8775897 0.9418951 0.8760616 0.9418951 0.8760616 0.9413805 0.8775897 0.9418951 0.8760616 0.9413805 0.8775897 0.9413805 0.8775897 0.9413805 0.8760616 0.9413805 0.8760616 0.9408079 0.8775897 0.9413805 0.8760616 0.9408079 0.8775897 0.9408079 0.8775897 0.9408079 0.8760616 0.9408079 0.8760616 0.9402155 0.8775897 0.9408079 0.8760616 0.9402155 0.8775897 0.9402155 0.8775897 0.9402155 0.8760616 0.9402155 0.8760616 0.9396428 0.8775897 0.9402155 0.8760616 0.9396428 0.8775897 0.9396428 0.8775897 0.9396428 0.8760616 0.9396428 0.8760616 0.9391282 0.8775897 0.9396428 0.8760616 0.9391282 0.8775897 0.9391282 0.8775897 0.9391282 0.8760616 0.9391282 0.8760616 0.9387059 0.8775897 0.9391282 0.8760616 0.9387059 0.8775897 0.9387059 0.8772765 0.918308 0.8788047 0.9183076 0.8788055 0.9188174 0.8772765 0.918308 0.8788055 0.9188174 0.8772774 0.9188178 0.8772774 0.9188178 0.8788055 0.9188174 0.8788061 0.9193876 0.8772774 0.9188178 0.8788061 0.9193876 0.877278 0.919388 0.877278 0.919388 0.8788061 0.9193876 0.8788062 0.9197193 0.877278 0.919388 0.8788062 0.9197193 0.8772782 0.9199804 0.8788062 0.9197193 0.8788062 0.9199799 0.8772782 0.9199804 0.8772782 0.9199804 0.8788062 0.9199799 0.8788061 0.920555 0.8772782 0.9199804 0.8788061 0.920555 0.877278 0.9205554 0.877278 0.9205554 0.8788061 0.920555 0.8788055 0.9210743 0.877278 0.9205554 0.8788055 0.9210743 0.8772774 0.9210746 0.8772774 0.9210746 0.8788055 0.9210743 0.8788047 0.9215031 0.8772774 0.9210746 0.8788047 0.9215031 0.8772765 0.9215035 0.8743037 0.9422219 0.8743037 0.9406937 0.8748089 0.9406937 0.8743037 0.9422219 0.8748089 0.9406937 0.8748089 0.9422219 0.8805057 0.9076283 0.8801032 0.907214 0.8806117 0.9074428 0.8806117 0.9074428 0.8801032 0.907214 0.8803647 0.9069456 0.8806117 0.9074428 0.8803647 0.9069456 0.8807962 0.9073353 0.8807962 0.9073353 0.8803647 0.9069456 0.8807093 0.9067985 0.8807962 0.9073353 0.8807093 0.9067985 0.8810098 0.9073343 0.8805057 0.9076283 0.8799311 0.9087155 0.8801032 0.907214 0.8801032 0.907214 0.8799311 0.9087155 0.8797835 0.908597 0.8801032 0.907214 0.8797835 0.908597 0.8795265 0.9070782 0.8795265 0.9070782 0.8797835 0.908597 0.8794314 0.9084636 0.8795265 0.9070782 0.8794314 0.9084636 0.8789343 0.9070946 0.8789343 0.9070946 0.8794314 0.9084636 0.8790555 0.9084849 0.8789343 0.9070946 0.8790555 0.9084849 0.8783661 0.9072623 0.8783661 0.9072623 0.8790555 0.9084849 0.8787208 0.9086573 0.8784498 0.9096866 0.8770244 0.9096824 0.8783892 0.909315 0.8783892 0.909315 0.8770244 0.9096824 0.8770173 0.9090899 0.8783892 0.909315 0.8770173 0.9090899 0.8784851 0.9089509 0.8786563 0.9100015 0.877483 0.9107642 0.8784498 0.9096866 0.8784498 0.9096866 0.877483 0.9107642 0.8771832 0.9102532 0.8784498 0.9096866 0.8771832 0.9102532 0.8770244 0.9096824 0.8807093 0.9067985 0.881084 0.9067952 0.8810098 0.9073343 0.8810098 0.9073343 0.881084 0.9067952 0.881431 0.9069363 0.8810098 0.9073343 0.881431 0.9069363 0.8811952 0.9074403 0.8811952 0.9074403 0.881431 0.9069363 0.8816972 0.9072001 0.8811952 0.9074403 0.8816972 0.9072001 0.8813028 0.9076248 0.8813028 0.9076248 0.8816972 0.9072001 0.8818413 0.9075459 0.8813028 0.9076248 0.8818413 0.9075459 0.8813038 0.9078384 0.8813038 0.9078384 0.8818413 0.9075459 0.8818413 0.9079207 0.8813038 0.9078384 0.8818413 0.9079207 0.8811978 0.9080238 0.8811978 0.9080238 0.8818413 0.9079207 0.8816972 0.9082666 0.8811978 0.9080238 0.8816972 0.9082666 0.8810133 0.9081314 0.8810133 0.9081314 0.8816972 0.9082666 0.881431 0.9085303 0.8770173 0.9090899 0.8771621 0.9085155 0.8784851 0.9089509 0.8784851 0.9089509 0.8771621 0.9085155 0.8774494 0.9079974 0.8784851 0.9089509 0.8774494 0.9079974 0.8787208 0.9086573 0.8787208 0.9086573 0.8774494 0.9079974 0.8778598 0.9075701 0.8787208 0.9086573 0.8778598 0.9075701 0.8783661 0.9072623 0.8805057 0.9076283 0.8805066 0.9078418 0.8799311 0.9087155 0.8799311 0.9087155 0.8805066 0.9078418 0.8806143 0.9080263 0.8799311 0.9087155 0.8806143 0.9080263 0.8800509 0.9088621 0.8800509 0.9088621 0.8806143 0.9080263 0.8807997 0.9081323 0.8800509 0.9088621 0.8807997 0.9081323 0.8801873 0.909213 0.8801873 0.909213 0.8807997 0.9081323 0.8801693 0.909589 0.8793449 0.9102625 0.8789895 0.9116304 0.8789729 0.9102051 0.8789729 0.9102051 0.8789895 0.9116304 0.8784174 0.9114766 0.8789729 0.9102051 0.8784174 0.9114766 0.8786563 0.9100015 0.8786563 0.9100015 0.8784174 0.9114766 0.8779038 0.9111813 0.8786563 0.9100015 0.8779038 0.9111813 0.877483 0.9107642 0.8799998 0.9099252 0.8806708 0.9111909 0.8797082 0.9101634 0.8797082 0.9101634 0.8806708 0.9111909 0.8801552 0.9114826 0.8797082 0.9101634 0.8801552 0.9114826 0.8793449 0.9102625 0.8793449 0.9102625 0.8801552 0.9114826 0.8795819 0.9116325 0.8793449 0.9102625 0.8795819 0.9116325 0.8789895 0.9116304 0.8807997 0.9081323 0.8810133 0.9081314 0.8801693 0.909589 0.8801693 0.909589 0.8810133 0.9081314 0.881431 0.9085303 0.8801693 0.909589 0.881431 0.9085303 0.8799998 0.9099252 0.8799998 0.9099252 0.881431 0.9085303 0.8815719 0.9091058 0.8799998 0.9099252 0.8815719 0.9091058 0.8815606 0.9096981 0.8815606 0.9096981 0.8813977 0.9102678 0.8799998 0.9099252 0.8799998 0.9099252 0.8813977 0.9102678 0.8810945 0.9107767 0.8799998 0.9099252 0.8810945 0.9107767 0.8806708 0.9111909 0.8601266 0.9089823 0.8598875 0.908727 0.8600533 0.9086193 0.8600251 0.9080798 0.8603474 0.9079437 0.8601327 0.9082456 0.8601327 0.9082456 0.8603474 0.9079437 0.8604682 0.9082151 0.8601327 0.9082456 0.8604682 0.9082151 0.8601431 0.9084431 0.8601431 0.9084431 0.8604682 0.9082151 0.8604682 0.9085122 0.8601431 0.9084431 0.8604682 0.9085122 0.8600533 0.9086193 0.8600533 0.9086193 0.8604682 0.9085122 0.8603474 0.9087836 0.8600533 0.9086193 0.8603474 0.9087836 0.8601266 0.9089823 0.8593958 0.9082842 0.8591168 0.9080731 0.8594855 0.908108 0.8594855 0.908108 0.8591168 0.9080731 0.8592913 0.9078328 0.8594855 0.908108 0.8592913 0.9078328 0.8596513 0.9080004 0.8596513 0.9080004 0.8592913 0.9078328 0.8595487 0.9076842 0.8596513 0.9080004 0.8595487 0.9076842 0.8598489 0.90799 0.8598489 0.90799 0.8595487 0.9076842 0.8598441 0.9076532 0.8598489 0.90799 0.8598441 0.9076532 0.8600251 0.9080798 0.8600251 0.9080798 0.8598441 0.9076532 0.8601266 0.907745 0.8600251 0.9080798 0.8601266 0.907745 0.8603474 0.9079437 0.8601266 0.9089823 0.8599901 0.9090431 0.8598875 0.908727 0.8598875 0.908727 0.8599901 0.9090431 0.8598441 0.9090742 0.8598875 0.908727 0.8598441 0.9090742 0.85969 0.9087373 0.85969 0.9087373 0.8598441 0.9090742 0.8595487 0.9090431 0.85969 0.9087373 0.8595487 0.9090431 0.8595138 0.9086475 0.8595138 0.9086475 0.8595487 0.9090431 0.8592913 0.9088945 0.8595138 0.9086475 0.8592913 0.9088945 0.8594061 0.9084817 0.8594061 0.9084817 0.8592913 0.9088945 0.8591168 0.9086542 0.8594061 0.9084817 0.8591168 0.9086542 0.8593958 0.9082842 0.8593958 0.9082842 0.8591168 0.9086542 0.8590551 0.9083636 0.8593958 0.9082842 0.8590551 0.9083636 0.8591168 0.9080731 0.8757176 0.9410758 0.8755294 0.9410758 0.8755294 0.9400443 0.8755294 0.9400443 0.8755294 0.9410758 0.8753411 0.9400443 0.8755294 0.9410758 0.8753411 0.9410758 0.8753411 0.9400443 0.8753411 0.9400443 0.8753411 0.9410758 0.8749971 0.9410758 0.8753411 0.9400443 0.8749971 0.9410758 0.8749971 0.9400443 0.834419 0.9402034 0.8333875 0.9402034 0.8333881 0.9399235 0.834419 0.9402034 0.8333881 0.9399235 0.8344196 0.9399235 0.8344196 0.9399235 0.8333881 0.9399235 0.8333884 0.9395654 0.8344196 0.9399235 0.8333884 0.9395654 0.8344199 0.9395654 0.8344199 0.9395654 0.8333884 0.9395654 0.8333883 0.939191 0.8344199 0.9395654 0.8333883 0.939191 0.8344199 0.939191 0.8344199 0.939191 0.8333883 0.939191 0.8333879 0.938865 0.8344199 0.939191 0.8333879 0.938865 0.8344194 0.938865 0.8331969 0.9361736 0.8342283 0.9361736 0.8342283 0.9364781 0.8331969 0.9361736 0.8342283 0.9364781 0.8331969 0.9364781 0.8331969 0.9364781 0.8342283 0.9364781 0.8342283 0.9368464 0.8331969 0.9364781 0.8342283 0.9368464 0.8331969 0.9368464 0.8331969 0.9368464 0.8342283 0.9368464 0.8342283 0.9372146 0.8331969 0.9368464 0.8342283 0.9372146 0.8331969 0.9372146 0.8331969 0.9372146 0.8342283 0.9372146 0.8342283 0.9375192 0.8331969 0.9372146 0.8342283 0.9375192 0.8331969 0.9375192 0.876061 0.9400443 0.8750295 0.9400443 0.8750299 0.9397184 0.876061 0.9400443 0.8750299 0.9397184 0.8760614 0.9397184 0.8760614 0.9397184 0.8750299 0.9397184 0.8750301 0.9393439 0.8760614 0.9397184 0.8750301 0.9393439 0.8760616 0.9393439 0.8760616 0.9393439 0.8750301 0.9393439 0.8750298 0.9389858 0.8760616 0.9393439 0.8750298 0.9389858 0.8760612 0.9389858 0.8760612 0.9389858 0.8750298 0.9389858 0.8750291 0.9387059 0.8760612 0.9389858 0.8750291 0.9387059 0.8760606 0.9387059 0.8760616 0.9400443 0.8760616 0.9410758 0.8757176 0.9410758 0.8760616 0.9400443 0.8757176 0.9410758 0.8757176 0.9400443 0.8757176 0.9400443 0.8757176 0.9410758 0.8755294 0.9400443 0.8362341 0.9115306 0.8363105 0.9117369 0.8362341 0.9117369 0.8362341 0.9117369 0.8363105 0.9117369 0.8363105 0.9118879 0.8362341 0.9117369 0.8363105 0.9118879 0.8362341 0.9118879 0.8362914 0.9139681 0.836215 0.913968 0.8362153 0.9137617 0.8362914 0.9139681 0.8362153 0.9137617 0.8362917 0.9137618 0.8362917 0.9137618 0.8362153 0.9137617 0.8362153 0.9135554 0.8362917 0.9137618 0.8362153 0.9135554 0.8362917 0.9135555 0.8362917 0.9135555 0.8362153 0.9135554 0.836215 0.9134044 0.8362917 0.9135555 0.836215 0.9134044 0.8362914 0.9134044 0.8362917 0.9159207 0.8362153 0.9159207 0.8362153 0.9157145 0.8362917 0.9159207 0.8362153 0.9157145 0.8362917 0.9157145 0.8362917 0.9157145 0.8362153 0.9157145 0.8362153 0.9155082 0.8362917 0.9157145 0.8362153 0.9155082 0.8362917 0.9155082 0.8362913 0.9145318 0.836215 0.9145318 0.8362153 0.9143807 0.8362913 0.9145318 0.8362153 0.9143807 0.8362917 0.9143807 0.8362917 0.9143807 0.8362153 0.9143807 0.8362153 0.9141744 0.8362917 0.9143807 0.8362153 0.9141744 0.8362917 0.9141743 0.8362917 0.9141743 0.8362153 0.9141744 0.836215 0.9139681 0.8362917 0.9141743 0.836215 0.9139681 0.8362913 0.9139681 0.8362341 0.9111732 0.8363105 0.9111732 0.8363105 0.9113243 0.8362341 0.9111732 0.8363105 0.9113243 0.8362341 0.9113243 0.8362341 0.9113243 0.8363105 0.9113243 0.8363105 0.9115306 0.8362341 0.9113243 0.8363105 0.9115306 0.8362341 0.9115306 0.8362341 0.9115306 0.8363105 0.9115306 0.8363105 0.9117369 0.8599889 0.941414 0.8598821 0.941599 0.8595904 0.9413073 0.8595904 0.9413073 0.8598821 0.941599 0.8596972 0.9417058 0.8595904 0.9413073 0.8596972 0.9417058 0.8594836 0.9417058 0.8596972 0.9409087 0.8598821 0.9410155 0.8595904 0.9413073 0.8595904 0.9413073 0.8598821 0.9410155 0.8599889 0.9412005 0.8595904 0.9413073 0.8599889 0.9412005 0.8599889 0.941414 0.8591919 0.9412005 0.8592987 0.9410155 0.8595904 0.9413073 0.8595904 0.9413073 0.8592987 0.9410155 0.8594836 0.9409087 0.8595904 0.9413073 0.8594836 0.9409087 0.8596972 0.9409087 0.8594836 0.9417058 0.8592987 0.941599 0.8595904 0.9413073 0.8595904 0.9413073 0.8592987 0.941599 0.8591919 0.941414 0.8595904 0.9413073 0.8591919 0.941414 0.8591919 0.9412005 0.875678 0.9412669 0.8755294 0.9412669 0.8755294 0.9410758 0.86005 0.9092245 0.8599901 0.9090431 0.8602228 0.9091476 0.8599901 0.9090431 0.8601266 0.9089823 0.8602228 0.9091476 0.8602228 0.9091476 0.8601266 0.9089823 0.8603474 0.9087836 0.8602228 0.9091476 0.8603474 0.9087836 0.8605026 0.9088956 0.8605026 0.9088956 0.8603474 0.9087836 0.8604682 0.9085122 0.8605026 0.9088956 0.8604682 0.9085122 0.8606558 0.9085517 0.8606558 0.9085517 0.8604682 0.9085122 0.8604682 0.9082151 0.8606558 0.9085517 0.8604682 0.9082151 0.8606558 0.9081752 0.8333884 0.9395654 0.8331969 0.9395455 0.8331969 0.9392501 0.8333884 0.9395654 0.8331969 0.9392501 0.8333883 0.939191 0.8605026 0.9078312 0.8603474 0.9079437 0.8601266 0.907745 0.8605026 0.9078312 0.8601266 0.907745 0.8602228 0.9075793 0.8602228 0.9075793 0.8601266 0.907745 0.8598441 0.9076532 0.8602228 0.9075793 0.8598441 0.9076532 0.8598647 0.907463 0.8598647 0.907463 0.8598441 0.9076532 0.8595487 0.9076842 0.8598647 0.907463 0.8595487 0.9076842 0.8594903 0.9075023 0.8342283 0.9368464 0.8344194 0.9368464 0.8344194 0.937137 0.8342283 0.9368464 0.8344194 0.937137 0.8342283 0.9372146 0.8591642 0.9076905 0.8592913 0.9078328 0.8591168 0.9080731 0.8591642 0.9076905 0.8591168 0.9080731 0.858943 0.9079952 0.858943 0.9079952 0.8591168 0.9080731 0.8590551 0.9083636 0.858943 0.9079952 0.8590551 0.9083636 0.8588647 0.9083635 0.8750299 0.9397184 0.8748385 0.9396592 0.8748386 0.9393638 0.8750299 0.9397184 0.8748386 0.9393638 0.8750301 0.9393439 0.858943 0.9087317 0.8591168 0.9086542 0.8592913 0.9088945 0.858943 0.9087317 0.8592913 0.9088945 0.8591642 0.9090363 0.8591642 0.9090363 0.8592913 0.9088945 0.8595487 0.9090431 0.8591642 0.9090363 0.8595487 0.9090431 0.8594903 0.9092245 0.8594903 0.9092245 0.8595487 0.9090431 0.8598441 0.9090742 0.8594903 0.9092245 0.8598441 0.9090742 0.8598647 0.9092639 0.8757176 0.9410758 0.875678 0.9412669 0.8755294 0.9410758 0.8365458 0.9295118 0.8365458 0.9276016 0.8367368 0.9295118 0.8367368 0.9295118 0.8365458 0.9276016 0.8367368 0.9276016 0.8367368 0.9295118 0.8367368 0.9276016 0.8368766 0.9295118 0.8368766 0.9295118 0.8367368 0.9276016 0.8368766 0.9276016 0.8502227 0.9370693 0.8502227 0.9389795 0.8500317 0.9370694 0.8500317 0.9370694 0.8502227 0.9389795 0.8500317 0.9389796 0.8500317 0.9370694 0.8500317 0.9389796 0.8498407 0.9370693 0.8498407 0.9370693 0.8500317 0.9389796 0.8498407 0.9389795 0.8498407 0.9370693 0.8498407 0.9389795 0.8497008 0.9370691 0.8497008 0.9370691 0.8498407 0.9389795 0.8497008 0.9389792 0.8810238 0.9183078 0.8810238 0.920218 0.8808328 0.9183078 0.8808328 0.9183078 0.8810238 0.920218 0.8808328 0.920218 0.8808328 0.9183078 0.8808328 0.920218 0.8806417 0.9183078 0.8806417 0.9183078 0.8808328 0.920218 0.8806417 0.920218 0.8801495 0.9282005 0.8801495 0.9262903 0.8802893 0.9282001 0.8802893 0.9282001 0.8801495 0.9262903 0.8802893 0.9262899 0.8802893 0.9282001 0.8802893 0.9262899 0.8804804 0.9282 0.8804804 0.9282 0.8802893 0.9262899 0.8804804 0.9262898 0.8804804 0.9282 0.8804804 0.9262898 0.8806714 0.9282001 0.8806714 0.9282001 0.8804804 0.9262898 0.8806714 0.9262899 0.8362149 0.9295118 0.8362149 0.9276016 0.8363547 0.9295118 0.8363547 0.9295118 0.8362149 0.9276016 0.8363547 0.9276016 0.8363547 0.9295118 0.8363547 0.9276016 0.8365458 0.9295118 0.8365458 0.9295118 0.8363547 0.9276016 0.8365458 0.9276016 0.8652674 0.9089937 0.8651685 0.909165 0.8648983 0.9088949 0.8648983 0.9088949 0.8651685 0.909165 0.8649972 0.9092639 0.8648983 0.9088949 0.8649972 0.9092639 0.8647995 0.9092639 0.8649972 0.9085258 0.8651685 0.9086247 0.8648983 0.9088949 0.8648983 0.9088949 0.8651685 0.9086247 0.8652674 0.908796 0.8648983 0.9088949 0.8652674 0.908796 0.8652674 0.9089937 0.8645293 0.908796 0.8646282 0.9086247 0.8648983 0.9088949 0.8648983 0.9088949 0.8646282 0.9086247 0.8647995 0.9085258 0.8648983 0.9088949 0.8647995 0.9085258 0.8649972 0.9085258 0.8647995 0.9092639 0.8646282 0.909165 0.8648983 0.9088949 0.8648983 0.9088949 0.8646282 0.909165 0.8645293 0.9089937 0.8648983 0.9088949 0.8645293 0.9089937 0.8645293 0.908796 0.8747037 0.9191971 0.8747037 0.9188566 0.8754678 0.9188566 0.8754678 0.9188566 0.8747037 0.9188566 0.8747037 0.9186646 0.8754678 0.9188566 0.8747037 0.9186646 0.8754678 0.9184727 0.8754678 0.9184727 0.8747037 0.9186646 0.8747037 0.9184727 0.8754678 0.9184727 0.8747037 0.9184727 0.8754677 0.9181331 0.8754677 0.9181331 0.8747037 0.9184727 0.8747037 0.9181331 0.8735397 0.9406937 0.8743037 0.9406937 0.8735396 0.941008 0.8735396 0.941008 0.8743037 0.9406937 0.8743037 0.941008 0.8735396 0.941008 0.8743037 0.941008 0.8735396 0.9413889 0.8735396 0.9413889 0.8743037 0.941008 0.8743037 0.9413887 0.8735396 0.9413889 0.8743037 0.9413887 0.8735397 0.941749 0.8735397 0.941749 0.8743037 0.9413887 0.8743037 0.9417489 0.868192 0.9419364 0.8674278 0.9419364 0.868192 0.9416496 0.868192 0.9416496 0.8674278 0.9419364 0.867428 0.9416496 0.868192 0.9416496 0.867428 0.9416496 0.8681921 0.9412769 0.8681921 0.9412769 0.867428 0.9416496 0.867428 0.9412769 0.8681921 0.9412769 0.867428 0.9412769 0.868192 0.9409039 0.868192 0.9409039 0.867428 0.9412769 0.867428 0.9409039 0.868192 0.9409039 0.867428 0.9409039 0.868192 0.9406158 0.868192 0.9406158 0.867428 0.9409039 0.8674278 0.9406158 0.8768255 0.909232 0.8760613 0.909232 0.8768255 0.9088724 0.8768255 0.9088724 0.8760613 0.909232 0.8760614 0.9088724 0.8768255 0.9088724 0.8760614 0.9088724 0.8768255 0.9084914 0.8768255 0.9084914 0.8760614 0.9088724 0.8760614 0.9084914 0.8768255 0.9084914 0.8760614 0.9084914 0.8768255 0.9081763 0.8768255 0.9081763 0.8760614 0.9084914 0.8760613 0.9081763 0.8754677 0.9191971 0.8747037 0.9191971 0.8754678 0.9188566 0.8632199 0.9378651 0.8632199 0.936337 0.8635255 0.9378651 0.8635255 0.9378651 0.8632199 0.936337 0.8635255 0.936337 0.8635255 0.9378651 0.8635255 0.936337 0.8637492 0.9378651 0.8637492 0.9378651 0.8635255 0.936337 0.8637492 0.936337 0.8483131 0.9399794 0.8483131 0.9415076 0.8480075 0.9399797 0.8480075 0.9399797 0.8483131 0.9415076 0.8480075 0.9415078 0.8480075 0.9399797 0.8480075 0.9415078 0.8477018 0.9399794 0.8477018 0.9399794 0.8480075 0.9415078 0.8477018 0.9415076 0.8477018 0.9399794 0.8477018 0.9415076 0.847478 0.9399788 0.847478 0.9399788 0.8477018 0.9415076 0.847478 0.941507 0.8688033 0.9406158 0.8688033 0.9421439 0.8684977 0.9406158 0.8684977 0.9406158 0.8688033 0.9421439 0.8684977 0.9421439 0.8684977 0.9406158 0.8684977 0.9421439 0.8681921 0.9406158 0.8681921 0.9406158 0.8684977 0.9421439 0.8681921 0.9421439 0.8795155 0.9064221 0.8795155 0.904894 0.8797394 0.9064216 0.8797394 0.9064216 0.8795155 0.904894 0.8797394 0.9048935 0.8797394 0.9064216 0.8797394 0.9048935 0.8800451 0.9064214 0.8800451 0.9064214 0.8797394 0.9048935 0.8800451 0.9048933 0.8800451 0.9064214 0.8800451 0.9048933 0.8803506 0.9064216 0.8803506 0.9064216 0.8800451 0.9048933 0.8803506 0.9048935 0.8626905 0.9378651 0.8626905 0.936337 0.8629142 0.9378651 0.8629142 0.9378651 0.8626905 0.936337 0.8629142 0.936337 0.8629142 0.9378651 0.8629142 0.936337 0.8632199 0.9378651 0.8632199 0.9378651 0.8629142 0.936337 0.8632199 0.936337 0.8632199 0.9348089 0.8632199 0.9332807 0.8635255 0.9348089 0.8635255 0.9348089 0.8632199 0.9332807 0.8635255 0.9332807 0.8635255 0.9348089 0.8635255 0.9332807 0.8637492 0.9348089 0.8637492 0.9348089 0.8635255 0.9332807 0.8637492 0.9332807 0.8801822 0.9404261 0.8801822 0.9419543 0.8798766 0.9404264 0.8798766 0.9404264 0.8801822 0.9419543 0.8798766 0.9419545 0.8798766 0.9404264 0.8798766 0.9419545 0.8795709 0.9404261 0.8795709 0.9404261 0.8798766 0.9419545 0.8795709 0.9419543 0.8795709 0.9404261 0.8795709 0.9419543 0.8793471 0.9404255 0.8793471 0.9404255 0.8795709 0.9419543 0.8793471 0.9419537 0.8700259 0.9406158 0.8700259 0.942144 0.8697202 0.9406159 0.8697202 0.9406159 0.8700259 0.942144 0.8697202 0.942144 0.8697202 0.9406159 0.8697202 0.942144 0.8694146 0.9406158 0.8694146 0.9406158 0.8697202 0.942144 0.8694146 0.942144 0.8369025 0.9420686 0.8369025 0.9405404 0.8371264 0.9420681 0.8371264 0.9420681 0.8369025 0.9405404 0.8371264 0.94054 0.8371264 0.9420681 0.8371264 0.94054 0.837432 0.9420679 0.837432 0.9420679 0.8371264 0.94054 0.837432 0.9405397 0.837432 0.9420679 0.837432 0.9405397 0.8377376 0.9420681 0.8377376 0.9420681 0.837432 0.9405397 0.8377376 0.94054 0.8626905 0.9348089 0.8626905 0.9332807 0.8629142 0.9348089 0.8629142 0.9348089 0.8626905 0.9332807 0.8629142 0.9332807 0.8629142 0.9348089 0.8629142 0.9332807 0.8632199 0.9348089 0.8632199 0.9348089 0.8629142 0.9332807 0.8632199 0.9332807 0.8632199 0.936337 0.8632199 0.9348089 0.8635255 0.936337 0.8635255 0.936337 0.8632199 0.9348089 0.8635255 0.9348089 0.8635255 0.936337 0.8635255 0.9348089 0.8637492 0.936337 0.8637492 0.936337 0.8635255 0.9348089 0.8637492 0.9348089 0.8340314 0.9402039 0.8340314 0.9417321 0.8337258 0.9402042 0.8337258 0.9402042 0.8340314 0.9417321 0.8337258 0.9417323 0.8337258 0.9402042 0.8337258 0.9417323 0.8334202 0.9402039 0.8334202 0.9402039 0.8337258 0.9417323 0.8334202 0.9417321 0.8334202 0.9402039 0.8334202 0.9417321 0.8331963 0.9402034 0.8331963 0.9402034 0.8334202 0.9417321 0.8331963 0.9417316 0.8637602 0.9406296 0.8637602 0.9421578 0.8634546 0.9406296 0.8634546 0.9406296 0.8637602 0.9421578 0.8634546 0.9421578 0.8634546 0.9406296 0.8634546 0.9421578 0.8631491 0.9406296 0.8631491 0.9406296 0.8634546 0.9421578 0.8631491 0.9421578 0.8377376 0.9420686 0.8377376 0.9405404 0.8379614 0.9420681 0.8379614 0.9420681 0.8377376 0.9405404 0.8379614 0.94054 0.8379614 0.9420681 0.8379614 0.94054 0.8382671 0.9420679 0.8382671 0.9420679 0.8379614 0.94054 0.8382671 0.9405397 0.8382671 0.9420679 0.8382671 0.9405397 0.8385726 0.9420681 0.8385726 0.9420681 0.8382671 0.9405397 0.8385726 0.94054 0.8626905 0.936337 0.8626905 0.9348089 0.8629142 0.936337 0.8629142 0.936337 0.8626905 0.9348089 0.8629142 0.9348089 0.8629142 0.936337 0.8629142 0.9348089 0.8632199 0.936337 0.8632199 0.936337 0.8629142 0.9348089 0.8632199 0.9348089 0.8632199 0.9393933 0.8632199 0.9378651 0.8635255 0.9393933 0.8635255 0.9393933 0.8632199 0.9378651 0.8635255 0.9378651 0.8635255 0.9393933 0.8635255 0.9378651 0.8637492 0.9393933 0.8637492 0.9393933 0.8635255 0.9378651 0.8637492 0.9378651 0.8801822 0.9388973 0.8801822 0.9404254 0.8798766 0.9388974 0.8798766 0.9388974 0.8801822 0.9404254 0.8798766 0.9404255 0.8798766 0.9388974 0.8798766 0.9404255 0.8795709 0.9388973 0.8795709 0.9388973 0.8798766 0.9404255 0.8795709 0.9404254 0.8795709 0.9388973 0.8795709 0.9404254 0.8793471 0.9388967 0.8793471 0.9388967 0.8795709 0.9404254 0.8793471 0.9404248 0.8694146 0.9406158 0.8694146 0.9421439 0.8691089 0.9406158 0.8691089 0.9406158 0.8694146 0.9421439 0.8691089 0.9421439 0.8691089 0.9406158 0.8691089 0.9421439 0.8688033 0.9406158 0.8688033 0.9406158 0.8691089 0.9421439 0.8688033 0.9421439 0.8406519 0.9420686 0.8406519 0.9405404 0.8408758 0.9420681 0.8408758 0.9420681 0.8406519 0.9405404 0.8408758 0.94054 0.8408758 0.9420681 0.8408758 0.94054 0.8411814 0.9420679 0.8411814 0.9420679 0.8408758 0.94054 0.8411814 0.9405397 0.8411814 0.9420679 0.8411814 0.9405397 0.8414869 0.9420681 0.8414869 0.9420681 0.8411814 0.9405397 0.8414869 0.94054 0.8626905 0.9393933 0.8626905 0.9378651 0.8629142 0.9393933 0.8629142 0.9393933 0.8626905 0.9378651 0.8629142 0.9378651 0.8629142 0.9393933 0.8629142 0.9378651 0.8632199 0.9393933 0.8632199 0.9393933 0.8629142 0.9378651 0.8632199 0.9378651 0.8505988 0.9421066 0.8505988 0.9418776 0.8509913 0.9419441 0.8505987 0.9417102 0.8509913 0.9417639 0.8505988 0.9418776 0.8505988 0.9418776 0.8509913 0.9417639 0.8509913 0.9418776 0.8505988 0.9418776 0.8509913 0.9418776 0.8509913 0.9419441 0.8558137 0.9412118 0.8554212 0.9411022 0.8558138 0.9409831 0.8558138 0.9409831 0.8554212 0.9411022 0.8554212 0.9409831 0.8558138 0.9409831 0.8554212 0.9409831 0.8554213 0.9409087 0.8558137 0.9414415 0.8554212 0.9413216 0.8558137 0.9412118 0.8558137 0.9412118 0.8554212 0.9413216 0.8554212 0.9412118 0.8558137 0.9412118 0.8554212 0.9412118 0.8554212 0.9411022 0.8558138 0.9416107 0.8554212 0.9415168 0.8558137 0.9414415 0.8558137 0.9414415 0.8554212 0.9415168 0.8554212 0.9414415 0.8558137 0.9414415 0.8554212 0.9414415 0.8554212 0.9413216 0.8662254 0.9086287 0.8661785 0.909051 0.8660054 0.9086924 0.8660054 0.9086924 0.8661785 0.909051 0.8661146 0.9090694 0.8660054 0.9086924 0.8661146 0.9090694 0.8660054 0.909101 0.8664457 0.9085648 0.8663877 0.9089903 0.8662254 0.9086287 0.8662254 0.9086287 0.8663877 0.9089903 0.8663347 0.9090057 0.8662254 0.9086287 0.8663347 0.9090057 0.8661785 0.909051 0.8509973 0.9423162 0.8513898 0.9424648 0.8509973 0.9424846 0.8664457 0.9085648 0.8665849 0.9089332 0.866555 0.9089419 0.8664457 0.9085648 0.866555 0.9089419 0.8663877 0.9089903 0.8509973 0.9420867 0.8513898 0.9423 0.8509973 0.9423162 0.8509973 0.9423162 0.8513898 0.9423 0.8513898 0.9423162 0.8509973 0.9423162 0.8513898 0.9423162 0.8513898 0.9424648 0.8509973 0.9418577 0.8513898 0.9418739 0.8509973 0.9420867 0.8509973 0.9420867 0.8513898 0.9418739 0.8513898 0.9420867 0.8509973 0.9420867 0.8513898 0.9420867 0.8513898 0.9423 0.8505988 0.942336 0.8509913 0.9423673 0.8505987 0.9425043 0.8509973 0.9418577 0.8513898 0.9417102 0.8513898 0.9418577 0.8509973 0.9418577 0.8513898 0.9418577 0.8513898 0.9418739 0.8509913 0.9419441 0.8509913 0.9421066 0.8505988 0.9421066 0.8505988 0.9421066 0.8509913 0.9421066 0.8509913 0.9421619 0.8505988 0.9421066 0.8509913 0.9421619 0.8505988 0.942336 0.8505988 0.942336 0.8509913 0.9421619 0.8509913 0.942336 0.8505988 0.942336 0.8509913 0.942336 0.8509913 0.9423673 0.8370936 0.9231317 0.8370936 0.917867 0.8451163 0.9231317 0.8451163 0.9231317 0.8370936 0.917867 0.8372846 0.917867 0.8451163 0.9231317 0.8372846 0.917867 0.8451163 0.9094548 0.8451163 0.9094548 0.8372846 0.917867 0.8372846 0.9175251 0.8370935 0.9106242 0.8370935 0.9094548 0.8372846 0.9106242 0.8372846 0.9106242 0.8370935 0.9094548 0.8451163 0.9094548 0.8372846 0.9106242 0.8451163 0.9094548 0.8372846 0.910966 0.8372846 0.910966 0.8451163 0.9094548 0.8372846 0.9175251 0.8372846 0.910966 0.8372846 0.9175251 0.8370935 0.910966 0.8370935 0.910966 0.8372846 0.9175251 0.8370936 0.9175251 0.8435632 0.9342501 0.8434001 0.9340421 0.8451163 0.932326 0.8451163 0.938885 0.8434001 0.9371687 0.8437108 0.9367198 0.8437108 0.9367198 0.8439348 0.936111 0.8451163 0.938885 0.8451163 0.938885 0.8439348 0.936111 0.8439851 0.9354642 0.8451163 0.938885 0.8439851 0.9354642 0.8451163 0.932326 0.8451163 0.932326 0.8439851 0.9354642 0.8438581 0.9348281 0.8451163 0.932326 0.8438581 0.9348281 0.8435632 0.9342501 0.8451163 0.8952049 0.8451163 0.8963742 0.8450711 0.8963291 0.8331586 0.9088818 0.8331586 0.9077125 0.8332038 0.9077576 0.8450651 0.9090728 0.8450711 0.9036622 0.8451163 0.9088818 0.8451163 0.9088818 0.8450711 0.9036622 0.8451163 0.903617 0.842232 0.8966948 0.8450711 0.8963291 0.8421501 0.8970004 0.8421501 0.8970004 0.8450711 0.8963291 0.843184 0.8982162 0.8419263 0.9079212 0.8421501 0.9076975 0.8447343 0.9092639 0.8421501 0.8963893 0.8447343 0.8948228 0.842232 0.8966948 0.842232 0.8966948 0.8447343 0.8948228 0.8449253 0.894874 0.842232 0.8966948 0.8449253 0.894874 0.8450711 0.8963291 0.8450711 0.8963291 0.8449253 0.894874 0.8450651 0.8950139 0.8450711 0.8963291 0.8450651 0.8950139 0.8451163 0.8952049 0.8447343 0.9092639 0.8421501 0.9076975 0.8449253 0.9092127 0.8449253 0.9092127 0.8421501 0.9076975 0.842232 0.9073919 0.8449253 0.9092127 0.842232 0.9073919 0.8450651 0.9090728 0.8450651 0.9090728 0.842232 0.9073919 0.8450711 0.9036622 0.8450711 0.9036622 0.842232 0.9073919 0.8421501 0.9070863 0.8450711 0.9036622 0.8421501 0.9070863 0.8419263 0.9068625 0.843184 0.8982162 0.8431227 0.8981642 0.8421501 0.8970004 0.8421501 0.8970004 0.8431227 0.8981642 0.8425695 0.8978254 0.8421501 0.8970004 0.8425695 0.8978254 0.8419263 0.8972242 0.8419263 0.8972242 0.8425695 0.8978254 0.8419451 0.8976493 0.8419263 0.8972242 0.8419451 0.8976493 0.8416207 0.8973061 0.8416207 0.8973061 0.8419451 0.8976493 0.8412963 0.8976493 0.8416207 0.8973061 0.8412963 0.8976493 0.841315 0.8972242 0.8409436 0.9032866 0.841383 0.903468 0.8416207 0.9067806 0.8428211 0.9020375 0.843184 0.9017751 0.8428185 0.9025129 0.8428185 0.9025129 0.843184 0.9017751 0.8450711 0.9036622 0.8357055 0.9062614 0.8363299 0.9064374 0.8366542 0.9067806 0.8421501 0.8963893 0.8419263 0.8961655 0.8447343 0.8948228 0.8447343 0.8948228 0.8419263 0.8961655 0.8416207 0.8960836 0.8447343 0.8948228 0.8416207 0.8960836 0.8335407 0.8948228 0.8401187 0.8981642 0.8396782 0.8986403 0.8410913 0.8970004 0.8419263 0.9079212 0.8447343 0.9092639 0.8416207 0.9080031 0.8416207 0.9080031 0.8447343 0.9092639 0.8335407 0.9092639 0.8416207 0.9080031 0.8335407 0.9092639 0.841315 0.9079212 0.8416207 0.9067806 0.841383 0.903468 0.8419263 0.9068625 0.8372655 0.8966948 0.8371836 0.8963893 0.8410913 0.8963893 0.8410913 0.8963893 0.8371836 0.8963893 0.8369598 0.8961655 0.8366542 0.9067806 0.8363299 0.9064374 0.8369598 0.9068625 0.836043 0.9073919 0.8332038 0.9077576 0.8361249 0.9070863 0.8361249 0.9070863 0.8332038 0.9077576 0.8350909 0.9058705 0.8361249 0.9076975 0.8335407 0.9092639 0.836043 0.9073919 0.836043 0.9073919 0.8335407 0.9092639 0.8333497 0.9092127 0.836043 0.9073919 0.8333497 0.9092127 0.8332038 0.9077576 0.8332038 0.9077576 0.8333497 0.9092127 0.8332099 0.9090728 0.8332038 0.9077576 0.8332099 0.9090728 0.8331586 0.9088818 0.8406065 0.9029514 0.8395306 0.90111 0.8404228 0.9025129 0.8404228 0.9025129 0.8395306 0.90111 0.8399114 0.9016353 0.8404228 0.9025129 0.8399114 0.9016353 0.8404203 0.9020375 0.8416207 0.8960836 0.841315 0.8961655 0.8335407 0.8948228 0.8335407 0.8948228 0.841315 0.8961655 0.8410913 0.8963893 0.8335407 0.8948228 0.8410913 0.8963893 0.8366543 0.8960836 0.8366543 0.8960836 0.8410913 0.8963893 0.8369598 0.8961655 0.841315 0.9068625 0.8395306 0.90111 0.8416207 0.9067806 0.8416207 0.9067806 0.8395306 0.90111 0.8406065 0.9029514 0.8416207 0.9067806 0.8406065 0.9029514 0.8409436 0.9032866 0.8366543 0.8960836 0.8363487 0.8961655 0.8335407 0.8948228 0.8335407 0.8948228 0.8363487 0.8961655 0.8361249 0.8963893 0.8335407 0.8948228 0.8361249 0.8963893 0.8333497 0.894874 0.8333497 0.894874 0.8361249 0.8963893 0.836043 0.8966948 0.8333497 0.894874 0.836043 0.8966948 0.8332099 0.8950139 0.8332099 0.8950139 0.836043 0.8966948 0.8332038 0.9004245 0.8332099 0.8950139 0.8332038 0.9004245 0.8331586 0.8952049 0.8331586 0.8952049 0.8332038 0.9004245 0.8331586 0.9004697 0.8383637 0.9024515 0.8378547 0.9020492 0.8378521 0.9015738 0.8363299 0.9064374 0.8369786 0.9064374 0.8369598 0.9068625 0.8369598 0.9068625 0.8369786 0.9064374 0.837603 0.9062614 0.8369598 0.9068625 0.837603 0.9062614 0.8371836 0.9070863 0.8371836 0.9070863 0.837603 0.9062614 0.8381562 0.9059225 0.8371836 0.9070863 0.8381562 0.9059225 0.8385968 0.9054464 0.8350909 0.9058705 0.8351523 0.9059225 0.8361249 0.9070863 0.8361249 0.9070863 0.8351523 0.9059225 0.8357055 0.9062614 0.8361249 0.9070863 0.8357055 0.9062614 0.8363487 0.9068625 0.8363487 0.9068625 0.8357055 0.9062614 0.8366542 0.9067806 0.841383 0.903468 0.8418584 0.9034679 0.8419263 0.9068625 0.8419263 0.9068625 0.8418584 0.9034679 0.8422978 0.9032866 0.8419263 0.9068625 0.8422978 0.9032866 0.8450711 0.9036622 0.8450711 0.9036622 0.8422978 0.9032866 0.8426349 0.9029514 0.8450711 0.9036622 0.8426349 0.9029514 0.8428185 0.9025129 0.8387444 0.9029768 0.8366543 0.8973061 0.8369598 0.8972242 0.836043 0.8966948 0.8361249 0.8970004 0.8332038 0.9004245 0.8332038 0.9004245 0.8361249 0.8970004 0.8363487 0.8972242 0.8332038 0.9004245 0.8363487 0.8972242 0.8359771 0.9008001 0.8361249 0.9076975 0.8363487 0.9079212 0.8335407 0.9092639 0.8335407 0.9092639 0.8363487 0.9079212 0.8366542 0.9080031 0.8335407 0.9092639 0.8366542 0.9080031 0.841315 0.9079212 0.841315 0.9079212 0.8366542 0.9080031 0.8369598 0.9079212 0.841315 0.9079212 0.8369598 0.9079212 0.8410913 0.9076975 0.8410913 0.9076975 0.8369598 0.9079212 0.8371836 0.9076975 0.8410913 0.9076975 0.8371836 0.9076975 0.8410094 0.9073919 0.841315 0.8972242 0.8412963 0.8976493 0.8410913 0.8970004 0.8410913 0.8970004 0.8412963 0.8976493 0.8406719 0.8978254 0.8410913 0.8970004 0.8406719 0.8978254 0.8401187 0.8981642 0.8371836 0.9076975 0.8372655 0.9073919 0.8410094 0.9073919 0.8410094 0.9073919 0.8372655 0.9073919 0.8371836 0.9070863 0.8410094 0.9073919 0.8371836 0.9070863 0.8410913 0.9070863 0.8410913 0.9070863 0.8371836 0.9070863 0.8385968 0.9054464 0.8410913 0.9070863 0.8385968 0.9054464 0.841315 0.9068625 0.841315 0.9068625 0.8385968 0.9054464 0.8388916 0.9048685 0.841315 0.9068625 0.8388916 0.9048685 0.8390187 0.9042324 0.8410913 0.8963893 0.8410094 0.8966948 0.8372655 0.8966948 0.8372655 0.8966948 0.8410094 0.8966948 0.8410913 0.8970004 0.8372655 0.8966948 0.8410913 0.8970004 0.8371836 0.8970004 0.8371836 0.8970004 0.8410913 0.8970004 0.8396782 0.8986403 0.8371836 0.8970004 0.8396782 0.8986403 0.8369598 0.8972242 0.8369598 0.8972242 0.8396782 0.8986403 0.8393834 0.8992182 0.8369598 0.8972242 0.8393834 0.8992182 0.8392563 0.8998544 0.8383637 0.9024515 0.8378521 0.9015738 0.8387444 0.9029768 0.8387444 0.9029768 0.8378521 0.9015738 0.8376684 0.9011353 0.8387444 0.9029768 0.8376684 0.9011353 0.8366543 0.8973061 0.8376684 0.9011353 0.8373314 0.9008001 0.8366543 0.8973061 0.8366543 0.8973061 0.8373314 0.9008001 0.836892 0.9006188 0.8366543 0.8973061 0.836892 0.9006188 0.8363487 0.8972242 0.8363487 0.8972242 0.836892 0.9006188 0.8364166 0.9006188 0.8363487 0.8972242 0.8364166 0.9006188 0.8359771 0.9008001 0.8354538 0.9020492 0.8350909 0.9023116 0.8354564 0.9015738 0.8354564 0.9015738 0.8350909 0.9023116 0.8332038 0.9004245 0.8354564 0.9015738 0.8332038 0.9004245 0.8356401 0.9011353 0.8356401 0.9011353 0.8332038 0.9004245 0.8359771 0.9008001 0.8390187 0.9042324 0.8389683 0.9035856 0.841315 0.9068625 0.841315 0.9068625 0.8389683 0.9035856 0.8387444 0.9029768 0.841315 0.9068625 0.8387444 0.9029768 0.8395306 0.90111 0.8395306 0.90111 0.8387444 0.9029768 0.8369598 0.8972242 0.8395306 0.90111 0.8369598 0.8972242 0.8393067 0.9005011 0.8393067 0.9005011 0.8369598 0.8972242 0.8392563 0.8998544 0.865431 0.9363874 0.865594 0.9365954 0.8638779 0.9383116 0.8638779 0.9317526 0.865594 0.9334688 0.8652834 0.9339178 0.8652834 0.9339178 0.8650595 0.9345266 0.8638779 0.9317526 0.8638779 0.9317526 0.8650595 0.9345266 0.8650091 0.9351734 0.8638779 0.9317526 0.8650091 0.9351734 0.8638779 0.9383116 0.8638779 0.9383116 0.8650091 0.9351734 0.8651362 0.9358095 0.8638779 0.9383116 0.8651362 0.9358095 0.865431 0.9363874 0.8368994 0.9141073 0.8367084 0.9141072 0.8367081 0.9138991 0.8527464 0.9234626 0.8529374 0.9234626 0.8531284 0.923524 0.8370909 0.9143757 0.8368998 0.9143235 0.8370901 0.9138994 0.8531284 0.9284602 0.8531284 0.9288231 0.8529374 0.9284602 0.8529374 0.9284602 0.8531284 0.9288231 0.8527464 0.9288231 0.8529374 0.9284602 0.8527464 0.9288231 0.8529374 0.9283142 0.8529374 0.9283142 0.8527464 0.9288231 0.8527464 0.9283142 0.8369021 0.9109044 0.8370931 0.9109045 0.8369019 0.9109807 0.8369019 0.9109807 0.8370931 0.9109045 0.8370917 0.9114297 0.8369019 0.9109807 0.8370917 0.9114297 0.8367108 0.9109805 0.8368998 0.9143235 0.8368994 0.9141073 0.8370901 0.9138994 0.8370901 0.9138994 0.8368994 0.9141073 0.8367081 0.9138991 0.8370901 0.9138994 0.8367081 0.9138991 0.8370899 0.9133215 0.8370899 0.9133215 0.8367081 0.9138991 0.8367078 0.9133211 0.8370899 0.9133215 0.8367078 0.9133211 0.83709 0.9126853 0.83709 0.9126853 0.8367078 0.9133211 0.836708 0.9126849 0.83709 0.9126853 0.836708 0.9126849 0.8370907 0.9120385 0.8370907 0.9120385 0.836708 0.9126849 0.8367087 0.9120382 0.8370907 0.9120385 0.8367087 0.9120382 0.8370917 0.9114297 0.8370917 0.9114297 0.8367087 0.9120382 0.8367097 0.9114294 0.8370917 0.9114297 0.8367097 0.9114294 0.8367108 0.9109805 0.8790664 0.9061765 0.8794484 0.9061765 0.8790664 0.9066854 0.8790664 0.9066854 0.8794484 0.9061765 0.8794484 0.9066854 0.8367059 0.9262439 0.8363239 0.926244 0.836705 0.9257188 0.836705 0.9257188 0.8363239 0.926244 0.8363229 0.9257189 0.836705 0.9257188 0.8363229 0.9257189 0.8367044 0.9251101 0.8367044 0.9251101 0.8363229 0.9257189 0.8363223 0.9251101 0.8367044 0.9251101 0.8363223 0.9251101 0.8367041 0.9244633 0.8367041 0.9244633 0.8363223 0.9251101 0.8363221 0.9244634 0.8367041 0.9244633 0.8363221 0.9244634 0.8367043 0.9238271 0.8367043 0.9238271 0.8363221 0.9244634 0.8363223 0.9238272 0.8367043 0.9238271 0.8363223 0.9238272 0.836705 0.9232491 0.836705 0.9232491 0.8363223 0.9238272 0.8363229 0.9232492 0.836705 0.9232491 0.8363229 0.9232492 0.8367059 0.9227728 0.8367059 0.9227728 0.8363229 0.9232492 0.8363239 0.9227728 0.8531284 0.926528 0.8527464 0.926528 0.8531284 0.9259747 0.8531284 0.9259747 0.8527464 0.926528 0.8527464 0.9259747 0.8531284 0.9259747 0.8527464 0.9259747 0.8531284 0.9253503 0.8531284 0.9253503 0.8527464 0.9259747 0.8527463 0.9253503 0.8531284 0.9253503 0.8527463 0.9253503 0.8531284 0.9247016 0.8531284 0.9247016 0.8527463 0.9253503 0.8527463 0.9247016 0.8531284 0.9247016 0.8527463 0.9247016 0.8531284 0.9240772 0.8531284 0.9240772 0.8527463 0.9247016 0.8527464 0.9240772 0.8531284 0.9240772 0.8527464 0.9240772 0.8531284 0.923524 0.8531284 0.923524 0.8527464 0.9240772 0.8527464 0.923524 0.8531284 0.923524 0.8527464 0.923524 0.8527464 0.9234626 0.8453078 0.917665 0.8531395 0.9095948 0.8453078 0.9180069 0.8453078 0.9180069 0.8531395 0.9095948 0.8531395 0.9232717 0.8453078 0.9180069 0.8531395 0.9232717 0.8451167 0.9180069 0.8451167 0.9180069 0.8531395 0.9232717 0.8451167 0.9232717 0.8451167 0.9107641 0.8451167 0.9095948 0.8453078 0.9107641 0.8453078 0.9107641 0.8451167 0.9095948 0.8531395 0.9095948 0.8453078 0.9107641 0.8531395 0.9095948 0.8453078 0.911106 0.8453078 0.911106 0.8531395 0.9095948 0.8453078 0.917665 0.8453078 0.911106 0.8453078 0.917665 0.8451167 0.911106 0.8451167 0.911106 0.8453078 0.917665 0.8451167 0.917665 0.8365197 0.9174646 0.8363286 0.9174647 0.8363281 0.9172568 0.8783022 0.9065393 0.8783022 0.9061765 0.8784933 0.9065393 0.8784933 0.9065393 0.8783022 0.9061765 0.8786843 0.9061765 0.8784933 0.9065393 0.8786843 0.9061765 0.8784933 0.9066854 0.8784933 0.9066854 0.8786843 0.9061765 0.8786843 0.9066854 0.8365175 0.9142616 0.8367084 0.9142615 0.8365173 0.9143379 0.8365173 0.9143379 0.8367084 0.9142615 0.836708 0.9147869 0.8365173 0.9143379 0.836708 0.9147869 0.8363263 0.9143381 0.8367078 0.9123292 0.8365168 0.9123292 0.8363258 0.9122678 0.8367115 0.9177325 0.8365204 0.9176806 0.8367101 0.9172565 0.8365204 0.9176806 0.8365197 0.9174646 0.8367101 0.9172565 0.8367101 0.9172565 0.8365197 0.9174646 0.8363281 0.9172568 0.8367101 0.9172565 0.8363281 0.9172568 0.836709 0.9166788 0.836709 0.9166788 0.8363281 0.9172568 0.836327 0.916679 0.836709 0.9166788 0.836327 0.916679 0.8367082 0.9160426 0.8367082 0.9160426 0.836327 0.916679 0.8363261 0.9160429 0.8367082 0.9160426 0.8363261 0.9160429 0.8367078 0.9153959 0.8367078 0.9153959 0.8363261 0.9160429 0.8363258 0.9153961 0.8367078 0.9153959 0.8363258 0.9153961 0.836708 0.9147869 0.836708 0.9147869 0.8363258 0.9153961 0.8363259 0.9147872 0.836708 0.9147869 0.8363259 0.9147872 0.8363263 0.9143381 0.8790664 0.9066854 0.8786843 0.9066854 0.8790664 0.9061765 0.8790664 0.9061765 0.8786843 0.9066854 0.8786843 0.9061765 0.8370918 0.9178468 0.8367097 0.9178469 0.8370907 0.9173215 0.8370907 0.9173215 0.8367097 0.9178469 0.8367087 0.9173215 0.8370907 0.9173215 0.8367087 0.9173215 0.8370901 0.9167125 0.8370901 0.9167125 0.8367087 0.9173215 0.8367081 0.9167125 0.8370901 0.9167125 0.8367081 0.9167125 0.8370899 0.9160657 0.8370899 0.9160657 0.8367081 0.9167125 0.8367078 0.9160658 0.8370899 0.9160657 0.8367078 0.9160658 0.8370901 0.9154296 0.8370901 0.9154296 0.8367078 0.9160658 0.8367081 0.9154296 0.8370901 0.9154296 0.8367081 0.9154296 0.8370907 0.9148518 0.8370907 0.9148518 0.8367081 0.9154296 0.8367087 0.9148519 0.8370907 0.9148518 0.8367087 0.9148519 0.8370918 0.9143757 0.8370918 0.9143757 0.8367087 0.9148519 0.8367097 0.9143758 0.8363258 0.9092639 0.8367078 0.9092639 0.8363258 0.9098171 0.8363258 0.9098171 0.8367078 0.9092639 0.8367078 0.9098171 0.8363258 0.9098171 0.8367078 0.9098171 0.8363258 0.9104415 0.8363258 0.9104415 0.8367078 0.9098171 0.8367078 0.9104415 0.8363258 0.9104415 0.8367078 0.9104415 0.8363258 0.9110902 0.8363258 0.9110902 0.8367078 0.9104415 0.8367078 0.9110902 0.8363258 0.9110902 0.8367078 0.9110902 0.8363258 0.9117146 0.8363258 0.9117146 0.8367078 0.9110902 0.8367078 0.9117146 0.8363258 0.9117146 0.8367078 0.9117146 0.8363258 0.9122678 0.8363258 0.9122678 0.8367078 0.9117146 0.8367078 0.9122678 0.8363258 0.9122678 0.8367078 0.9122678 0.8367078 0.9123292 0.8806458 0.8966153 0.8809784 0.8966153 0.8806458 0.8980287 0.8806458 0.8980287 0.8809784 0.8966153 0.8809784 0.8984076 0.8806458 0.8980287 0.8809784 0.8984076 0.8806969 0.8982198 0.8806969 0.8982198 0.8809784 0.8984076 0.8808367 0.8983597 0.8809272 0.8964274 0.8807874 0.8965672 0.8809784 0.8962364 0.8809784 0.8962364 0.8807874 0.8965672 0.8806458 0.8966153 0.8809784 0.8962364 0.8806458 0.8966153 0.8809784 0.8948228 0.8809784 0.8948228 0.8806458 0.8966153 0.8806458 0.8948228 0.8362149 0.9193878 0.8362149 0.9197205 0.8354509 0.9197205 0.8354509 0.9242126 0.8331586 0.9295118 0.8354509 0.9197205 0.8354509 0.9197205 0.8331586 0.9295118 0.8331586 0.9193878 0.8354509 0.9197205 0.8331586 0.9193878 0.8362149 0.9193878 0.8362149 0.9291791 0.8362149 0.9295118 0.8354509 0.9291791 0.8354509 0.9291791 0.8362149 0.9295118 0.8331586 0.9295118 0.8354509 0.9291791 0.8331586 0.9295118 0.8354509 0.924687 0.8354509 0.924687 0.8331586 0.9295118 0.8354509 0.9242126 0.8354509 0.924687 0.8354509 0.9242126 0.8362149 0.924687 0.8362149 0.924687 0.8354509 0.9242126 0.8362149 0.9242126 0.8806238 0.9240357 0.8806238 0.9258313 0.8801495 0.9240357 0.8801495 0.9240357 0.8806238 0.9258313 0.8801495 0.9258313 0.8807227 0.9285065 0.8808624 0.9283667 0.8806714 0.9286976 0.8806714 0.9286976 0.8808624 0.9283667 0.8810041 0.9283187 0.8806714 0.9286976 0.8810041 0.9283187 0.8806714 0.9301111 0.8806714 0.9301111 0.8810041 0.9283187 0.8810041 0.9301111 0.8806833 0.9066856 0.8803506 0.9066856 0.8806833 0.9052721 0.8806833 0.9052721 0.8803506 0.9066856 0.8803506 0.9048933 0.8806833 0.9052721 0.8803506 0.9048933 0.8806321 0.905081 0.8806321 0.905081 0.8803506 0.9048933 0.8804922 0.9049412 0.8736926 0.8994567 0.8729286 0.8994567 0.8729286 0.8950139 0.8729286 0.9043738 0.8729286 0.899931 0.8736926 0.899931 0.876558 0.8964465 0.8764705 0.8960915 0.8782771 0.8950139 0.8755229 0.8957321 0.8729286 0.8950139 0.875886 0.8956881 0.875886 0.8956881 0.8729286 0.8950139 0.8782771 0.8950139 0.875886 0.8956881 0.8782771 0.8950139 0.8762279 0.8958177 0.8762279 0.8958177 0.8782771 0.8950139 0.8764705 0.8960915 0.8755229 0.9014627 0.875222 0.9016703 0.8736926 0.899931 0.8736926 0.899931 0.875222 0.9016703 0.875052 0.9019942 0.8736926 0.899931 0.875052 0.9019942 0.8729286 0.9043738 0.8729286 0.9043738 0.875052 0.9019942 0.875052 0.90236 0.8762279 0.9028059 0.8764705 0.9025321 0.8782771 0.9043738 0.8782771 0.9043738 0.8764705 0.9025321 0.876558 0.9021771 0.8782771 0.9043738 0.876558 0.9021771 0.8764705 0.901822 0.8755229 0.8957321 0.875222 0.8959398 0.8729286 0.8950139 0.8729286 0.8950139 0.875222 0.8959398 0.875052 0.8962637 0.8729286 0.8950139 0.875052 0.8962637 0.8736926 0.8994567 0.8736926 0.8994567 0.875052 0.8962637 0.8736926 0.899931 0.875886 0.897205 0.875886 0.9014186 0.8755229 0.897161 0.8755229 0.897161 0.875886 0.9014186 0.8755229 0.9014627 0.8755229 0.897161 0.8755229 0.9014627 0.875222 0.8969532 0.875222 0.8969532 0.8755229 0.9014627 0.8736926 0.899931 0.875222 0.8969532 0.8736926 0.899931 0.875052 0.8966293 0.875052 0.8966293 0.8736926 0.899931 0.875052 0.8962637 0.876558 0.8964465 0.8782771 0.8950139 0.8764705 0.8968016 0.8764705 0.8968016 0.8782771 0.8950139 0.8782771 0.9043738 0.8764705 0.8968016 0.8782771 0.9043738 0.8762279 0.8970753 0.8762279 0.8970753 0.8782771 0.9043738 0.8764705 0.901822 0.8762279 0.8970753 0.8764705 0.901822 0.875886 0.897205 0.875886 0.897205 0.8764705 0.901822 0.8762279 0.9015483 0.875886 0.897205 0.8762279 0.9015483 0.875886 0.9014186 0.875052 0.90236 0.875222 0.9026837 0.8729286 0.9043738 0.8729286 0.9043738 0.875222 0.9026837 0.8755229 0.9028915 0.8729286 0.9043738 0.8755229 0.9028915 0.8782771 0.9043738 0.8782771 0.9043738 0.8755229 0.9028915 0.875886 0.9029356 0.8782771 0.9043738 0.875886 0.9029356 0.8762279 0.9028059 0.868803 0.9214379 0.8642186 0.9214379 0.868803 0.9095948 0.868803 0.9095948 0.8642186 0.9214379 0.8642186 0.9200244 0.8642186 0.9095948 0.868803 0.9095948 0.8642186 0.9110083 0.8642186 0.9110083 0.868803 0.9095948 0.8642186 0.9200244 0.8642186 0.9110083 0.8642186 0.9200244 0.8611623 0.9110083 0.8611623 0.9110083 0.8642186 0.9200244 0.8611623 0.9200244 0.8647144 0.906857 0.86013 0.906857 0.8647144 0.8950139 0.8647144 0.8950139 0.86013 0.906857 0.86013 0.9054434 0.86013 0.8950139 0.8647144 0.8950139 0.86013 0.8964274 0.86013 0.8964274 0.8647144 0.8950139 0.86013 0.9054434 0.86013 0.8964274 0.86013 0.9054434 0.8570737 0.8964274 0.8570737 0.8964274 0.86013 0.9054434 0.8570737 0.9054434 0.8479546 0.9259027 0.8482283 0.9256603 0.8497008 0.9282363 0.8497008 0.9287106 0.8482598 0.9314125 0.8497008 0.9282363 0.8497008 0.9282363 0.8482598 0.9314125 0.848396 0.9310534 0.8481062 0.9246543 0.8477824 0.9244843 0.8504648 0.9237936 0.8504648 0.9237936 0.8477824 0.9244843 0.8475995 0.9244621 0.8504648 0.9237936 0.8475995 0.9244621 0.8451163 0.9237936 0.8497008 0.9282363 0.8482283 0.9256603 0.8504648 0.9282363 0.8504648 0.9282363 0.8482283 0.9256603 0.848358 0.9253183 0.8504648 0.9282363 0.848358 0.9253183 0.8504648 0.9237936 0.8504648 0.9237936 0.848358 0.9253183 0.8483139 0.9249553 0.8504648 0.9237936 0.8483139 0.9249553 0.8481062 0.9246543 0.8475995 0.9244621 0.8474166 0.9244843 0.8451163 0.9237936 0.8451163 0.9237936 0.8474166 0.9244843 0.8470929 0.9246543 0.8451163 0.9237936 0.8470929 0.9246543 0.8468851 0.9249553 0.846841 0.9253183 0.8469707 0.9256603 0.8468495 0.9306722 0.8468495 0.9306722 0.8469707 0.9256603 0.8472445 0.9259027 0.8468495 0.9306722 0.8472445 0.9259027 0.8470675 0.9303562 0.8469393 0.9314125 0.8472267 0.9316671 0.8451163 0.9331534 0.8451163 0.9331534 0.8472267 0.9316671 0.8475995 0.931759 0.8451163 0.9331534 0.8475995 0.931759 0.8504648 0.9331534 0.8468851 0.9249553 0.846841 0.9253183 0.8451163 0.9237936 0.8451163 0.9237936 0.846841 0.9253183 0.8468495 0.9306722 0.8451163 0.9237936 0.8468495 0.9306722 0.8451163 0.9331534 0.8451163 0.9331534 0.8468495 0.9306722 0.8468031 0.9310534 0.8451163 0.9331534 0.8468031 0.9310534 0.8469393 0.9314125 0.8497008 0.9287106 0.8504648 0.9287106 0.8482598 0.9314125 0.8482598 0.9314125 0.8504648 0.9287106 0.8504648 0.9331534 0.8482598 0.9314125 0.8504648 0.9331534 0.8479724 0.9316671 0.8479724 0.9316671 0.8504648 0.9331534 0.8475995 0.931759 0.848396 0.9310534 0.8483497 0.9306722 0.8497008 0.9282363 0.8497008 0.9282363 0.8483497 0.9306722 0.8481315 0.9303562 0.8497008 0.9282363 0.8481315 0.9303562 0.8479546 0.9259027 0.8479546 0.9259027 0.8481315 0.9303562 0.8477916 0.9301777 0.8479546 0.9259027 0.8477916 0.9301777 0.8475995 0.9259902 0.8475995 0.9259902 0.8477916 0.9301777 0.8475995 0.9301545 0.8475995 0.9259902 0.8475995 0.9301545 0.8472445 0.9259027 0.8472445 0.9259027 0.8475995 0.9301545 0.8474076 0.9301777 0.8472445 0.9259027 0.8474076 0.9301777 0.8470675 0.9303562 0.8607642 0.9284381 0.8590342 0.9243363 0.8593079 0.9240939 0.8591857 0.9230878 0.8611623 0.9213103 0.8593935 0.9233888 0.8593935 0.9233888 0.8611623 0.9213103 0.8594376 0.9237518 0.8599184 0.9313187 0.8604114 0.9308914 0.8611623 0.9325039 0.8611623 0.9325039 0.8604114 0.9308914 0.8607642 0.9303426 0.8581724 0.9230878 0.8579646 0.9233888 0.8531395 0.9213103 0.8531395 0.9213103 0.8579646 0.9233888 0.8579205 0.9237518 0.8531395 0.9213103 0.8579205 0.9237518 0.8531395 0.9325039 0.8531395 0.9325039 0.8579205 0.9237518 0.8580502 0.9240939 0.8531395 0.9325039 0.8580502 0.9240939 0.8583239 0.9243363 0.8590342 0.9243363 0.8607642 0.9284381 0.8586791 0.9244238 0.8586791 0.9244238 0.8607642 0.9284381 0.8604114 0.9278892 0.8586791 0.9244238 0.8604114 0.9278892 0.8599184 0.927462 0.8574398 0.927462 0.8569467 0.9278892 0.8583239 0.9243363 0.8583239 0.9243363 0.8569467 0.9278892 0.856594 0.9284381 0.8583239 0.9243363 0.856594 0.9284381 0.8531395 0.9325039 0.8531395 0.9325039 0.856594 0.9284381 0.8564102 0.929064 0.8531395 0.9325039 0.8564102 0.929064 0.8564102 0.9297166 0.8564102 0.9297166 0.856594 0.9303426 0.8531395 0.9325039 0.8531395 0.9325039 0.856594 0.9303426 0.8569467 0.9308914 0.8531395 0.9325039 0.8569467 0.9308914 0.8574398 0.9313187 0.8574398 0.9313187 0.8580333 0.9315897 0.8531395 0.9325039 0.8531395 0.9325039 0.8580333 0.9315897 0.8586791 0.9316826 0.8531395 0.9325039 0.8586791 0.9316826 0.8611623 0.9325039 0.8611623 0.9325039 0.8586791 0.9316826 0.8593248 0.9315897 0.8611623 0.9325039 0.8593248 0.9315897 0.8599184 0.9313187 0.8607642 0.9303426 0.860948 0.9297166 0.8611623 0.9325039 0.8611623 0.9325039 0.860948 0.9297166 0.860948 0.929064 0.8611623 0.9325039 0.860948 0.929064 0.8611623 0.9213103 0.8611623 0.9213103 0.860948 0.929064 0.8607642 0.9284381 0.8611623 0.9213103 0.8607642 0.9284381 0.8594376 0.9237518 0.8594376 0.9237518 0.8607642 0.9284381 0.8593079 0.9240939 0.8591857 0.9230878 0.8588619 0.9229179 0.8611623 0.9213103 0.8611623 0.9213103 0.8588619 0.9229179 0.8586791 0.9228957 0.8611623 0.9213103 0.8586791 0.9228957 0.8531395 0.9213103 0.8531395 0.9213103 0.8586791 0.9228957 0.8584962 0.9229179 0.8531395 0.9213103 0.8584962 0.9229179 0.8581724 0.9230878 0.8599184 0.927462 0.8593248 0.9271909 0.8586791 0.9244238 0.8586791 0.9244238 0.8593248 0.9271909 0.8586791 0.927098 0.8586791 0.9244238 0.8586791 0.927098 0.8583239 0.9243363 0.8583239 0.9243363 0.8586791 0.927098 0.8580333 0.9271909 0.8583239 0.9243363 0.8580333 0.9271909 0.8574398 0.927462 0.8554031 0.9115638 0.8552423 0.9117246 0.8531395 0.9095947 0.8531395 0.9095947 0.8552423 0.9117246 0.8551834 0.9119442 0.8531395 0.9095947 0.8551834 0.9119442 0.8531395 0.9207884 0.8560621 0.9119442 0.8560033 0.9117246 0.8611623 0.9095947 0.8611623 0.9095947 0.8560033 0.9117246 0.8558425 0.9115638 0.8611623 0.9095947 0.8558425 0.9115638 0.8531395 0.9095947 0.8531395 0.9095947 0.8558425 0.9115638 0.8556228 0.9115049 0.8531395 0.9095947 0.8556228 0.9115049 0.8554031 0.9115638 0.8551549 0.9165453 0.8547583 0.9168103 0.8554031 0.9123247 0.8547583 0.9168103 0.8544933 0.917207 0.8554031 0.9123247 0.8554031 0.9123247 0.8544933 0.917207 0.8531395 0.9207884 0.8554031 0.9123247 0.8531395 0.9207884 0.8552423 0.9121639 0.8552423 0.9121639 0.8531395 0.9207884 0.8551834 0.9119442 0.8544933 0.917207 0.8544003 0.9176748 0.8531395 0.9207884 0.8531395 0.9207884 0.8544003 0.9176748 0.8544933 0.9181426 0.8531395 0.9207884 0.8544933 0.9181426 0.8547583 0.9185392 0.8564872 0.9185392 0.8567522 0.9181426 0.8611623 0.9207884 0.8611623 0.9207884 0.8567522 0.9181426 0.8568453 0.9176748 0.8611623 0.9207884 0.8568453 0.9176748 0.8567522 0.917207 0.8551549 0.9165453 0.8554031 0.9123247 0.8556228 0.9164523 0.8556228 0.9164523 0.8554031 0.9123247 0.8556228 0.9123836 0.8556228 0.9164523 0.8556228 0.9123836 0.8560906 0.9165453 0.8560906 0.9165453 0.8556228 0.9123836 0.8558425 0.9123247 0.8560906 0.9165453 0.8558425 0.9123247 0.8564872 0.9168103 0.8560621 0.9119442 0.8611623 0.9095947 0.8560033 0.9121639 0.8560033 0.9121639 0.8611623 0.9095947 0.8611623 0.9207884 0.8560033 0.9121639 0.8611623 0.9207884 0.8558425 0.9123247 0.8558425 0.9123247 0.8611623 0.9207884 0.8567522 0.917207 0.8558425 0.9123247 0.8567522 0.917207 0.8564872 0.9168103 0.8547583 0.9185392 0.8551549 0.9188042 0.8531395 0.9207884 0.8531395 0.9207884 0.8551549 0.9188042 0.8556228 0.9188973 0.8531395 0.9207884 0.8556228 0.9188973 0.8611623 0.9207884 0.8611623 0.9207884 0.8556228 0.9188973 0.8560906 0.9188042 0.8611623 0.9207884 0.8560906 0.9188042 0.8564872 0.9185392 0.8801495 0.9222401 0.8806238 0.9222401 0.8801495 0.9240357 0.8801495 0.9240357 0.8806238 0.9222401 0.8806238 0.9240357 0.8331586 0.9193878 0.8331586 0.9190551 0.8339228 0.9190551 0.8339228 0.914563 0.8362149 0.9092639 0.8339228 0.9190551 0.8339228 0.9190551 0.8362149 0.9092639 0.8362149 0.9193878 0.8339228 0.9190551 0.8362149 0.9193878 0.8331586 0.9193878 0.8331586 0.9095965 0.8331586 0.9092639 0.8339228 0.9095965 0.8339228 0.9095965 0.8331586 0.9092639 0.8362149 0.9092639 0.8339228 0.9095965 0.8362149 0.9092639 0.8339228 0.9140887 0.8339228 0.9140887 0.8362149 0.9092639 0.8339228 0.914563 0.8339228 0.9140887 0.8339228 0.914563 0.8331586 0.9140887 0.8331586 0.9140887 0.8339228 0.914563 0.8331586 0.914563 0.8432826 0.932326 0.8432826 0.9367685 0.8427668 0.934572 0.8427668 0.934572 0.8427079 0.9343523 0.8432826 0.932326 0.8432826 0.932326 0.8427079 0.9343523 0.8425471 0.9341915 0.8432826 0.932326 0.8425471 0.9341915 0.8414869 0.932326 0.8414869 0.932326 0.8425471 0.9341915 0.8423275 0.9341326 0.8414869 0.932326 0.8423275 0.9341326 0.8421078 0.9341915 0.8421078 0.9341915 0.841947 0.9343523 0.8414869 0.932326 0.8414869 0.932326 0.841947 0.9343523 0.8418881 0.934572 0.8414869 0.932326 0.8418881 0.934572 0.8414869 0.9368179 0.8414869 0.9368179 0.8418881 0.934572 0.841947 0.9347916 0.8414869 0.9368179 0.841947 0.9347916 0.8421078 0.9349524 0.8432826 0.9367685 0.8432794 0.9368179 0.8414869 0.9368179 0.8421078 0.9349524 0.8423275 0.9350113 0.8414869 0.9368179 0.8414869 0.9368179 0.8423275 0.9350113 0.8425471 0.9349524 0.8414869 0.9368179 0.8425471 0.9349524 0.8432826 0.9367685 0.8432826 0.9367685 0.8425471 0.9349524 0.8427079 0.9347916 0.8432826 0.9367685 0.8427079 0.9347916 0.8427668 0.934572 0.8331586 0.9313073 0.8331586 0.9295118 0.8339228 0.9313073 0.8339228 0.9313073 0.8331586 0.9295118 0.8339228 0.9295118 0.8339228 0.9313073 0.8339228 0.9330998 0.8331586 0.9313073 0.8331586 0.9313073 0.8339228 0.9330998 0.8331586 0.9330998 0.8356403 0.9381999 0.8362149 0.9362229 0.8356992 0.9384196 0.8356992 0.9384196 0.8362149 0.9362229 0.8362149 0.9406655 0.8356992 0.9384196 0.8362149 0.9406655 0.8356403 0.9386392 0.8344194 0.9361736 0.8362118 0.9361736 0.8362149 0.9362229 0.8350402 0.9380391 0.8344194 0.9361736 0.8352599 0.9379802 0.8352599 0.9379802 0.8344194 0.9361736 0.8362149 0.9362229 0.8352599 0.9379802 0.8362149 0.9362229 0.8354795 0.9380391 0.8354795 0.9380391 0.8362149 0.9362229 0.8356403 0.9381999 0.8350402 0.9380391 0.8348794 0.9381999 0.8344194 0.9361736 0.8344194 0.9361736 0.8348794 0.9381999 0.8348205 0.9384196 0.8344194 0.9361736 0.8348205 0.9384196 0.8344194 0.9406655 0.8344194 0.9406655 0.8348205 0.9384196 0.8348794 0.9386392 0.8348794 0.9386392 0.8350402 0.9388 0.8344194 0.9406655 0.8344194 0.9406655 0.8350402 0.9388 0.8352599 0.9388589 0.8344194 0.9406655 0.8352599 0.9388589 0.8362149 0.9406655 0.8362149 0.9406655 0.8352599 0.9388589 0.8354795 0.9388 0.8362149 0.9406655 0.8354795 0.9388 0.8356403 0.9386392 0.8370862 0.9191816 0.8370862 0.9209772 0.8363221 0.9191816 0.8363221 0.9191816 0.8370862 0.9209772 0.8363221 0.9209772 0.8331586 0.9348921 0.8331586 0.9330998 0.8339228 0.9348921 0.8339228 0.9348921 0.8331586 0.9330998 0.8339228 0.9330998 0.8497008 0.9352766 0.8497008 0.9334843 0.8504648 0.9352766 0.8504648 0.9352766 0.8497008 0.9334843 0.8504648 0.9334843 0.8370861 0.9209772 0.8370862 0.9227728 0.8363221 0.9209772 0.8363221 0.9209772 0.8370862 0.9227728 0.8363221 0.9227728 0.8422224 0.9386835 0.8414869 0.9368179 0.842442 0.9386246 0.842442 0.9386246 0.8414869 0.9368179 0.8432826 0.9368179 0.842442 0.9386246 0.8432826 0.9368179 0.8426617 0.9386835 0.8422224 0.9386835 0.8420616 0.9388443 0.8414869 0.9368179 0.8414869 0.9368179 0.8420616 0.9388443 0.8420028 0.9390639 0.8414869 0.9368179 0.8420028 0.9390639 0.8414869 0.9412606 0.8414869 0.9412606 0.8420028 0.9390639 0.8420616 0.9392836 0.8432826 0.9413099 0.8414902 0.9413099 0.8414869 0.9412606 0.8426617 0.9394444 0.8432826 0.9413099 0.842442 0.9395033 0.842442 0.9395033 0.8432826 0.9413099 0.8414869 0.9412606 0.842442 0.9395033 0.8414869 0.9412606 0.8422224 0.9394444 0.8422224 0.9394444 0.8414869 0.9412606 0.8420616 0.9392836 0.8426617 0.9394444 0.8428226 0.9392836 0.8432826 0.9413099 0.8432826 0.9413099 0.8428226 0.9392836 0.8428815 0.9390639 0.8432826 0.9413099 0.8428815 0.9390639 0.8432826 0.9368179 0.8432826 0.9368179 0.8428815 0.9390639 0.8428226 0.9388443 0.8432826 0.9368179 0.8428226 0.9388443 0.8426617 0.9386835 0.8504648 0.9352766 0.8504648 0.9370691 0.8497008 0.9352766 0.8497008 0.9352766 0.8504648 0.9370691 0.8497008 0.9370691 0.8637652 0.9092639 0.8637652 0.9074683 0.8645293 0.9092639 0.8645293 0.9092639 0.8637652 0.9074683 0.8645293 0.9074683 0.8796716 0.9023188 0.8800727 0.9000728 0.8800727 0.9045647 0.8796716 0.9023188 0.8796127 0.9020991 0.8800727 0.9000728 0.8800727 0.9000728 0.8796127 0.9020991 0.8794519 0.9019383 0.8800727 0.9000728 0.8794519 0.9019383 0.8792322 0.9018794 0.8782771 0.9045648 0.8790125 0.9026992 0.8800727 0.9045647 0.8800727 0.9045647 0.8790125 0.9026992 0.8792322 0.9027581 0.8792322 0.9027581 0.8794519 0.9026992 0.8800727 0.9045647 0.8800727 0.9045647 0.8794519 0.9026992 0.8796127 0.9025384 0.8800727 0.9045647 0.8796127 0.9025384 0.8796716 0.9023188 0.8792322 0.9018794 0.8790125 0.9019383 0.8800727 0.9000728 0.8800727 0.9000728 0.8790125 0.9019383 0.8782771 0.9001222 0.8800727 0.9000728 0.8782771 0.9001222 0.8782803 0.9000728 0.8790125 0.9019383 0.8788517 0.9020991 0.8782771 0.9001222 0.8782771 0.9001222 0.8788517 0.9020991 0.8787929 0.9023188 0.8782771 0.9001222 0.8787929 0.9023188 0.8782771 0.9045648 0.8782771 0.9045648 0.8787929 0.9023188 0.8788517 0.9025384 0.8782771 0.9045648 0.8788517 0.9025384 0.8790125 0.9026992 0.8660784 0.9224982 0.8656762 0.9230071 0.8652008 0.9230098 0.8700644 0.9238832 0.8701784 0.9216289 0.8700644 0.9245319 0.8700644 0.9245319 0.8701784 0.9216289 0.8701784 0.9317526 0.8652008 0.9254054 0.8656762 0.925408 0.8669136 0.9284967 0.8669136 0.9284967 0.8656762 0.925408 0.8660784 0.9259169 0.8666037 0.9221175 0.8660784 0.9224982 0.8611623 0.921629 0.8660784 0.9259169 0.8666037 0.9262977 0.8669136 0.9284967 0.8669136 0.9284967 0.8666037 0.9262977 0.8672125 0.9265215 0.8669136 0.9284967 0.8672125 0.9265215 0.8670949 0.9289363 0.8700644 0.9238832 0.8698883 0.9232589 0.8701784 0.9216289 0.8701784 0.9216289 0.8698883 0.9232589 0.8695495 0.9227057 0.8701784 0.9216289 0.8695495 0.9227057 0.8690734 0.9222651 0.8660784 0.9224982 0.8652008 0.9230098 0.8611623 0.921629 0.8611623 0.921629 0.8652008 0.9230098 0.8647623 0.9231935 0.8611623 0.921629 0.8647623 0.9231935 0.8644271 0.9235305 0.8669136 0.9284967 0.8665784 0.9281597 0.8652008 0.9254054 0.8652008 0.9254054 0.8665784 0.9281597 0.8661399 0.927976 0.8652008 0.9254054 0.8661399 0.927976 0.8656645 0.9279735 0.8690734 0.9222651 0.8684955 0.9219703 0.8701784 0.9216289 0.8701784 0.9216289 0.8684955 0.9219703 0.8678594 0.9218432 0.8701784 0.9216289 0.8678594 0.9218432 0.8611623 0.921629 0.8611623 0.921629 0.8678594 0.9218432 0.8672125 0.9218936 0.8611623 0.921629 0.8672125 0.9218936 0.8666037 0.9221175 0.8647369 0.9312639 0.8652623 0.9308833 0.8701784 0.9317526 0.8665784 0.9301881 0.8669136 0.9298511 0.8701784 0.9317526 0.8701784 0.9317526 0.8669136 0.9298511 0.8670949 0.9294115 0.8665784 0.9301881 0.8701784 0.9317526 0.8661399 0.9303718 0.8661399 0.9303718 0.8701784 0.9317526 0.8652623 0.9308833 0.8661399 0.9303718 0.8652623 0.9308833 0.8656645 0.9303743 0.8614524 0.9301226 0.8617911 0.9306759 0.8611623 0.9317526 0.8611623 0.9317526 0.8617911 0.9306759 0.8622673 0.9311164 0.8647623 0.9252218 0.8634813 0.9268096 0.8644271 0.9248847 0.8644271 0.9248847 0.8634813 0.9268096 0.8628452 0.9269366 0.8656645 0.9279735 0.8652623 0.9274646 0.8652008 0.9254054 0.8652008 0.9254054 0.8652623 0.9274646 0.8647369 0.9270839 0.8652008 0.9254054 0.8647369 0.9270839 0.8647623 0.9252218 0.8647623 0.9252218 0.8647369 0.9270839 0.8641281 0.92686 0.8647623 0.9252218 0.8641281 0.92686 0.8634813 0.9268096 0.8628452 0.9269366 0.8622673 0.9272314 0.8644271 0.9248847 0.8644271 0.9248847 0.8622673 0.9272314 0.8617911 0.9276719 0.8644271 0.9248847 0.8617911 0.9276719 0.8642458 0.9244453 0.8642458 0.9244453 0.8617911 0.9276719 0.8611623 0.921629 0.8642458 0.9244453 0.8611623 0.921629 0.8642458 0.9239699 0.8642458 0.9239699 0.8611623 0.921629 0.8644271 0.9235305 0.8617911 0.9276719 0.8614524 0.9282252 0.8611623 0.921629 0.8611623 0.921629 0.8614524 0.9282252 0.8612763 0.9288496 0.8611623 0.921629 0.8612763 0.9288496 0.8611623 0.9317526 0.8611623 0.9317526 0.8612763 0.9288496 0.8612763 0.9294983 0.8611623 0.9317526 0.8612763 0.9294983 0.8614524 0.9301226 0.8690734 0.9261501 0.8695495 0.9257095 0.8701784 0.9317526 0.8701784 0.9317526 0.8695495 0.9257095 0.8698883 0.9251564 0.8701784 0.9317526 0.8698883 0.9251564 0.8700644 0.9245319 0.8622673 0.9311164 0.8628452 0.9314113 0.8611623 0.9317526 0.8611623 0.9317526 0.8628452 0.9314113 0.8634813 0.9315382 0.8611623 0.9317526 0.8634813 0.9315382 0.8701784 0.9317526 0.8701784 0.9317526 0.8634813 0.9315382 0.8641281 0.9314879 0.8701784 0.9317526 0.8641281 0.9314879 0.8647369 0.9312639 0.8670949 0.9289363 0.8672125 0.9265215 0.8670949 0.9294115 0.8670949 0.9294115 0.8672125 0.9265215 0.8678594 0.9265719 0.8670949 0.9294115 0.8678594 0.9265719 0.8701784 0.9317526 0.8701784 0.9317526 0.8678594 0.9265719 0.8684955 0.9264449 0.8701784 0.9317526 0.8684955 0.9264449 0.8690734 0.9261501 0.8480898 0.9415078 0.8484719 0.9415079 0.8480896 0.9419831 0.8480896 0.9419831 0.8484719 0.9415079 0.8484717 0.9419834 0.8480896 0.9419831 0.8484717 0.9419834 0.8480898 0.9424216 0.8480898 0.9424216 0.8484717 0.9419834 0.8484719 0.9424217 0.8630725 0.942658 0.8626905 0.942658 0.8630725 0.942321 0.8630725 0.942321 0.8626905 0.942658 0.8626905 0.942321 0.8630725 0.942321 0.8626905 0.942321 0.8630725 0.9418815 0.8630725 0.9418815 0.8626905 0.942321 0.8626905 0.9418815 0.8630725 0.9418815 0.8626905 0.9418815 0.8630725 0.9414061 0.8630725 0.9414061 0.8626905 0.9418815 0.8626905 0.9414061 0.8630725 0.9414061 0.8626905 0.9414061 0.8630725 0.9409666 0.8630725 0.9409666 0.8626905 0.9414061 0.8626905 0.9409666 0.8630725 0.9409666 0.8626905 0.9409666 0.8630725 0.9406296 0.8630725 0.9406296 0.8626905 0.9409666 0.8626905 0.9406296 0.8422892 0.9413102 0.8426713 0.9413099 0.842289 0.9417485 0.842289 0.9417485 0.8426713 0.9413099 0.842671 0.9417484 0.842289 0.9417485 0.842671 0.9417484 0.8422892 0.9422239 0.8422892 0.9422239 0.842671 0.9417484 0.8426713 0.9422238 0.8453035 0.9411597 0.8456856 0.94116 0.8453033 0.9416351 0.8453033 0.9416351 0.8456856 0.94116 0.8456854 0.9416354 0.8453033 0.9416351 0.8456854 0.9416354 0.8453035 0.9420737 0.8453035 0.9420737 0.8456854 0.9416354 0.8456856 0.9420738 0.8340314 0.9402034 0.8344134 0.9402034 0.8340314 0.9405404 0.8340314 0.9405404 0.8344134 0.9402034 0.8344134 0.9405404 0.8340314 0.9405404 0.8344134 0.9405404 0.8340314 0.9409798 0.8340314 0.9409798 0.8344134 0.9405404 0.8344134 0.9409798 0.8340314 0.9409798 0.8344134 0.9409798 0.8340314 0.9414553 0.8340314 0.9414553 0.8344134 0.9409798 0.8344134 0.9414553 0.8340314 0.9414553 0.8344134 0.9414553 0.8340314 0.9418948 0.8340314 0.9418948 0.8344134 0.9414553 0.8344134 0.9418948 0.8340314 0.9418948 0.8344134 0.9418948 0.8340314 0.9422318 0.8340314 0.9422318 0.8344134 0.9418948 0.8344134 0.9422318 0.8469089 0.94116 0.847291 0.9411597 0.8469088 0.9415985 0.8469088 0.9415985 0.847291 0.9411597 0.8472908 0.9415983 0.8469088 0.9415985 0.8472908 0.9415983 0.8469089 0.9420738 0.8469089 0.9420738 0.8472908 0.9415983 0.847291 0.9420737 0.8531284 0.9265732 0.8529374 0.9265732 0.8531284 0.926528 0.8531284 0.926528 0.8529374 0.9265732 0.8529374 0.926528 0.8529374 0.9265732 0.8531284 0.9265732 0.8529374 0.9284602 0.8529374 0.9284602 0.8531284 0.9265732 0.8531284 0.9284602 0.8369019 0.9109807 0.8367108 0.9109805 0.8368989 0.909264 0.8368989 0.909264 0.8367108 0.9109805 0.8367078 0.9092639 0.8805913 0.9415611 0.8804878 0.9415655 0.8804878 0.9391384 0.8805913 0.9415611 0.8804878 0.9391384 0.8807935 0.9415655 0.8807935 0.9415655 0.8804878 0.9391384 0.8807296 0.9388967 0.8807935 0.9415655 0.8807296 0.9388967 0.8807935 0.9388967 0.8362153 0.9161117 0.8362153 0.9159207 0.8362604 0.9161118 0.8362604 0.9161118 0.8362153 0.9159207 0.8362604 0.9159209 0.8770164 0.9079623 0.8768253 0.9079618 0.8770164 0.9060747 0.8770164 0.9060747 0.8768253 0.9079618 0.8768253 0.9060742 0.8806839 0.9028486 0.880875 0.9028486 0.8806839 0.9045648 0.8806839 0.9045648 0.880875 0.9028486 0.880875 0.9045647 0.8803843 0.9389011 0.8804878 0.9388967 0.8804878 0.9413238 0.8803843 0.9389011 0.8804878 0.9413238 0.8801822 0.9388967 0.8801822 0.9388967 0.8804878 0.9413238 0.8802461 0.9415655 0.8801822 0.9388967 0.8802461 0.9415655 0.8801822 0.9415655 0.8365169 0.9142163 0.8367078 0.9142163 0.8365169 0.9142615 0.8365169 0.9142615 0.8367078 0.9142163 0.8367078 0.9142615 0.8367078 0.9142163 0.8365169 0.9142163 0.8367078 0.9123292 0.8367078 0.9123292 0.8365169 0.9142163 0.8365168 0.9123292 0.8363286 0.9174647 0.8365197 0.9174646 0.8363258 0.9191816 0.8363258 0.9191816 0.8365197 0.9174646 0.8365168 0.9191815 0.8806238 0.923794 0.8806238 0.9213669 0.8808656 0.9240357 0.8808656 0.9240357 0.8806238 0.9213669 0.8809295 0.9213669 0.8808656 0.9240357 0.8809295 0.9213669 0.8809295 0.9240357 0.8362604 0.9161118 0.8362604 0.9159209 0.8363056 0.9161118 0.8363056 0.9161118 0.8362604 0.9159209 0.8363056 0.9159207 0.8808743 0.9066095 0.8806833 0.9066094 0.8808743 0.9048933 0.8808743 0.9048933 0.8806833 0.9066094 0.8806833 0.9048933 0.8367059 0.9227733 0.836897 0.9227728 0.8367059 0.924661 0.8367059 0.924661 0.836897 0.9227728 0.836897 0.9246606 0.8803361 0.9183078 0.8804 0.9183078 0.8803361 0.9209766 0.8803361 0.9209766 0.8804 0.9183078 0.8806417 0.9185495 0.8803361 0.9209766 0.8806417 0.9185495 0.8806417 0.9209766 0.8504648 0.9237442 0.8504648 0.9237936 0.8497008 0.9237442 0.8497008 0.9237442 0.8504648 0.9237936 0.8451163 0.9237936 0.8497008 0.9237442 0.8451163 0.9237936 0.8497008 0.9236025 0.8497008 0.9236025 0.8451163 0.9237936 0.8451163 0.9236025 0.8497008 0.9236025 0.8451163 0.9236025 0.8497008 0.9234626 0.8497008 0.9234626 0.8451163 0.9236025 0.8451163 0.9234626 0.8601301 0.8948228 0.8647145 0.8948228 0.86013 0.8950139 0.86013 0.8950139 0.8647145 0.8948228 0.8647144 0.8950139 0.8504648 0.9331534 0.8504648 0.9332028 0.8497008 0.9332028 0.8642186 0.9214379 0.868803 0.9214379 0.8642187 0.9216289 0.8642187 0.9216289 0.868803 0.9214379 0.8688032 0.9216289 0.8497008 0.9334843 0.8451163 0.9334843 0.8497008 0.9333445 0.8497008 0.9333445 0.8451163 0.9334843 0.8451163 0.9333445 0.8497008 0.9333445 0.8451163 0.9333445 0.8497008 0.9332028 0.8497008 0.9332028 0.8451163 0.9333445 0.8451163 0.9331534 0.8497008 0.9332028 0.8451163 0.9331534 0.8504648 0.9331534 0.8729286 0.9044231 0.8729286 0.9043738 0.8736926 0.9044231 0.8736926 0.9044231 0.8729286 0.9043738 0.8782771 0.9043738 0.8736926 0.9044231 0.8782771 0.9043738 0.8736926 0.9045648 0.8736926 0.9045648 0.8782771 0.9043738 0.8782771 0.9045648 0.8642191 0.9092639 0.8688035 0.9092639 0.8642187 0.9094038 0.8642187 0.9094038 0.8688035 0.9092639 0.8688032 0.9094038 0.8642187 0.9094038 0.8688032 0.9094038 0.8642186 0.9095948 0.8642186 0.9095948 0.8688032 0.9094038 0.868803 0.9095948 0.8729286 0.8950139 0.8729286 0.8949645 0.8736926 0.8949645 0.86013 0.906857 0.8647144 0.906857 0.8601301 0.907048 0.8601301 0.907048 0.8647144 0.906857 0.8647145 0.907048 0.8601301 0.907048 0.8647145 0.907048 0.8601304 0.9071879 0.8601304 0.9071879 0.8647145 0.907048 0.8647149 0.9071879 0.8736926 0.8948228 0.8782771 0.8948228 0.8736926 0.8949645 0.8736926 0.8949645 0.8782771 0.8948228 0.8782771 0.8950139 0.8736926 0.8949645 0.8782771 0.8950139 0.8729286 0.8950139 0.8531395 0.9095948 0.8451167 0.9095948 0.8451166 0.9094037 0.8531395 0.9095948 0.8451166 0.9094037 0.8531394 0.9094037 0.8531394 0.9094037 0.8451166 0.9094037 0.8451163 0.9092639 0.8531394 0.9094037 0.8451163 0.9092639 0.8531391 0.9092639 0.8611623 0.9326949 0.8531395 0.9326949 0.8531395 0.9325039 0.8611623 0.9326949 0.8531395 0.9325039 0.8611623 0.9325039 0.8611623 0.9213103 0.8531395 0.9213103 0.8531395 0.9211192 0.8611623 0.9213103 0.8531395 0.9211192 0.8611623 0.9211192 0.8451159 0.9234627 0.8370931 0.9234627 0.8370935 0.9233228 0.8451159 0.9234627 0.8370935 0.9233228 0.8451161 0.9233228 0.8451161 0.9233228 0.8370935 0.9233228 0.8370936 0.9231317 0.8451161 0.9233228 0.8370936 0.9231317 0.8451163 0.9231317 0.8531395 0.9207884 0.8611623 0.9207884 0.8611623 0.9209794 0.8531395 0.9207884 0.8611623 0.9209794 0.8531395 0.9209794 0.8531395 0.9209794 0.8611623 0.9209794 0.8611623 0.9211192 0.8531395 0.9209794 0.8611623 0.9211192 0.8531395 0.9211192 0.8531394 0.9234626 0.8451166 0.9234626 0.8451167 0.9232717 0.8531394 0.9234626 0.8451167 0.9232717 0.8531395 0.9232717 0.8451163 0.9094548 0.8370935 0.9094548 0.8370934 0.9092639 0.8451163 0.9094548 0.8370934 0.9092639 0.8451161 0.9092639 0.8531395 0.9092639 0.8611623 0.9092639 0.8611623 0.9094037 0.8531395 0.9092639 0.8611623 0.9094037 0.8531395 0.9094037 0.8531395 0.9094037 0.8611623 0.9094037 0.8611623 0.9095947 0.8531395 0.9094037 0.8611623 0.9095947 0.8531395 0.9095947 0.8539199 0.9420879 0.8539199 0.9418684 0.8545232 0.9419322 0.8539199 0.941708 0.8545232 0.9417595 0.8539199 0.9418684 0.8539199 0.9418684 0.8545232 0.9417595 0.8545232 0.9418684 0.8539199 0.9418684 0.8545232 0.9418684 0.8545232 0.9419322 0.8785676 0.8991557 0.8784624 0.8997591 0.8783484 0.8991557 0.8783484 0.8991557 0.8784624 0.8997591 0.8783484 0.899759 0.8783484 0.8991557 0.8783484 0.899759 0.8782771 0.8997589 0.8787878 0.8991557 0.8786727 0.8997591 0.8785676 0.8991557 0.8785676 0.8991557 0.8786727 0.8997591 0.8785675 0.8997591 0.8785676 0.8991557 0.8785675 0.8997591 0.8784624 0.8997591 0.8789499 0.8991557 0.8788598 0.8997591 0.8787878 0.8991557 0.8787878 0.8991557 0.8788598 0.8997591 0.8787876 0.8997591 0.8787878 0.8991557 0.8787876 0.8997591 0.8786727 0.8997591 0.8547729 0.9409478 0.8547269 0.9415692 0.8545568 0.9409868 0.8545568 0.9409868 0.8547269 0.9415692 0.8546641 0.9415805 0.8545568 0.9409868 0.8546641 0.9415805 0.8545568 0.9415999 0.8549892 0.9409087 0.8549322 0.9415321 0.8547729 0.9409478 0.8547729 0.9409478 0.8549322 0.9415321 0.8548801 0.9415416 0.8547729 0.9409478 0.8548801 0.9415416 0.8547269 0.9415692 0.8513898 0.9422909 0.8519931 0.9424334 0.8513898 0.9424523 0.8549892 0.9409087 0.8551259 0.9414971 0.8550964 0.9415025 0.8549892 0.9409087 0.8550964 0.9415025 0.8549322 0.9415321 0.8513898 0.942071 0.8519931 0.9422754 0.8513898 0.9422909 0.8513898 0.9422909 0.8519931 0.9422754 0.8519931 0.9422909 0.8513898 0.9422909 0.8519931 0.9422909 0.8519931 0.9424334 0.8513898 0.9418516 0.8519931 0.941867 0.8513898 0.942071 0.8513898 0.942071 0.8519931 0.941867 0.8519931 0.942071 0.8513898 0.942071 0.8519931 0.942071 0.8519931 0.9422754 0.8539199 0.9423077 0.8545232 0.9423378 0.8539199 0.942469 0.8513898 0.9418516 0.8519931 0.9417102 0.8519931 0.9418516 0.8513898 0.9418516 0.8519931 0.9418516 0.8519931 0.941867 0.8545232 0.9419322 0.8545233 0.9420879 0.8539199 0.9420879 0.8539199 0.9420879 0.8545233 0.9420879 0.8545233 0.9421409 0.8539199 0.9420879 0.8545233 0.9421409 0.8539199 0.9423077 0.8539199 0.9423077 0.8545233 0.9421409 0.8545232 0.9423077 0.8539199 0.9423077 0.8545232 0.9423077 0.8545232 0.9423378 0.8762279 0.8958177 0.8764705 0.8960915 0.8761743 0.8962269 0.8761743 0.8962269 0.8760434 0.8960849 0.8762279 0.8958177 0.8762279 0.8958177 0.8760434 0.8960849 0.8760135 0.8960661 0.8762279 0.8958177 0.8760135 0.8960661 0.875886 0.8956881 0.8760135 0.8960661 0.8758469 0.8960104 0.875886 0.8956881 0.875886 0.8956881 0.8758469 0.8960104 0.8757938 0.8960072 0.8612832 0.9076682 0.8609696 0.9075769 0.8612832 0.9073054 0.8757938 0.8960072 0.875638 0.8960357 0.8755229 0.8957321 0.8755229 0.8957321 0.875638 0.8960357 0.8755742 0.8960661 0.8755229 0.8957321 0.8755742 0.8960661 0.875222 0.8959398 0.8755742 0.8960661 0.875465 0.8961551 0.875222 0.8959398 0.875222 0.8959398 0.875465 0.8961551 0.8754134 0.8962269 0.875222 0.8959398 0.8754134 0.8962269 0.875052 0.8962637 0.8754134 0.8962269 0.8753673 0.8963414 0.875052 0.8962637 0.875052 0.8962637 0.8753673 0.8963414 0.8753545 0.8964465 0.8606558 0.9073054 0.8609696 0.9074907 0.8606558 0.907671 0.875052 0.8966293 0.8753545 0.8964465 0.8753673 0.8965517 0.875052 0.8966293 0.8753673 0.8965517 0.875222 0.8969532 0.8786727 0.8997591 0.8787876 0.8997591 0.879073 0.9000728 0.875222 0.8969532 0.8754134 0.8966662 0.875465 0.8967378 0.875222 0.8969532 0.875465 0.8967378 0.8755229 0.897161 0.875465 0.8967378 0.8755742 0.896827 0.8755229 0.897161 0.8755229 0.897161 0.8755742 0.896827 0.875638 0.8968573 0.8755229 0.897161 0.875638 0.8968573 0.875886 0.897205 0.8547269 0.9415692 0.8548801 0.9415416 0.8550257 0.941834 0.875886 0.897205 0.8757938 0.8968859 0.8758469 0.8968827 0.875886 0.897205 0.8758469 0.8968827 0.8762279 0.8970753 0.8758469 0.8968827 0.8760135 0.896827 0.8762279 0.8970753 0.8762279 0.8970753 0.8760135 0.896827 0.8760434 0.8968081 0.8762279 0.8970753 0.8760434 0.8968081 0.8764705 0.8968016 0.8760434 0.8968081 0.8761743 0.8966662 0.8764705 0.8968016 0.8764705 0.8968016 0.8761743 0.8966662 0.8761829 0.8966507 0.8764705 0.8968016 0.8761829 0.8966507 0.876558 0.8964465 0.876558 0.8964465 0.8761829 0.8966507 0.8762332 0.8964465 0.876558 0.8964465 0.8762332 0.8964465 0.8764705 0.8960915 0.8764705 0.8960915 0.8762332 0.8964465 0.8761829 0.8962424 0.8764705 0.8960915 0.8761829 0.8962424 0.8761743 0.8962269 0.8762279 0.9015483 0.8764705 0.901822 0.8761909 0.9019479 0.8761909 0.9019479 0.8760543 0.9017998 0.8762279 0.9015483 0.8762279 0.9015483 0.8760543 0.9017998 0.8760231 0.90178 0.8762279 0.9015483 0.8760231 0.90178 0.875886 0.9014186 0.8760231 0.90178 0.8758491 0.901722 0.875886 0.9014186 0.875886 0.9014186 0.8758491 0.901722 0.8757938 0.9017186 0.8615922 0.9076548 0.8612832 0.9076548 0.8614849 0.9073081 0.8757938 0.9017186 0.8756313 0.9017484 0.8755229 0.9014627 0.8755229 0.9014627 0.8756313 0.9017484 0.8755646 0.90178 0.8755229 0.9014627 0.8755646 0.90178 0.875222 0.9016703 0.8755646 0.90178 0.8754507 0.901873 0.875222 0.9016703 0.875222 0.9016703 0.8754507 0.901873 0.8753969 0.9019479 0.875222 0.9016703 0.8753969 0.9019479 0.875052 0.9019942 0.875052 0.9019942 0.8753969 0.9019479 0.8753487 0.9020674 0.875052 0.9019942 0.8753487 0.9020674 0.875052 0.90236 0.8554212 0.9411022 0.8554212 0.9412118 0.8551259 0.9413922 0.875052 0.90236 0.8753355 0.9021771 0.8753487 0.9022868 0.875052 0.90236 0.8753487 0.9022868 0.875222 0.9026837 0.8554212 0.9413216 0.8554212 0.9414415 0.8551259 0.9417174 0.875222 0.9026837 0.8753969 0.9024063 0.8754507 0.9024811 0.875222 0.9026837 0.8754507 0.9024811 0.8755229 0.9028915 0.8754507 0.9024811 0.8755646 0.9025741 0.8755229 0.9028915 0.8755229 0.9028915 0.8755646 0.9025741 0.8756313 0.9026058 0.8755229 0.9028915 0.8756313 0.9026058 0.875886 0.9029356 0.8661785 0.909051 0.8663347 0.9090057 0.8665046 0.9092639 0.875886 0.9029356 0.8757938 0.9026355 0.8758491 0.9026322 0.875886 0.9029356 0.8758491 0.9026322 0.8762279 0.9028059 0.8758491 0.9026322 0.8760231 0.9025741 0.8762279 0.9028059 0.8762279 0.9028059 0.8760231 0.9025741 0.8760543 0.9025544 0.8762279 0.9028059 0.8760543 0.9025544 0.8764705 0.9025321 0.8760543 0.9025544 0.8761909 0.9024063 0.8764705 0.9025321 0.8764705 0.9025321 0.8761909 0.9024063 0.8761999 0.9023901 0.8764705 0.9025321 0.8761999 0.9023901 0.876558 0.9021771 0.876558 0.9021771 0.8761999 0.9023901 0.8762523 0.9021771 0.876558 0.9021771 0.8762523 0.9021771 0.8764705 0.901822 0.8764705 0.901822 0.8762523 0.9021771 0.8761999 0.901964 0.8764705 0.901822 0.8761999 0.901964 0.8761909 0.9019479 0.8586791 0.9316826 0.8591527 0.9310032 0.8593248 0.9315897 0.8593248 0.9315897 0.8591527 0.9310032 0.8595879 0.9308044 0.8593248 0.9315897 0.8595879 0.9308044 0.8599184 0.9313187 0.8599184 0.9313187 0.8595879 0.9308044 0.8599495 0.9304911 0.8599184 0.9313187 0.8599495 0.9304911 0.8604114 0.9308914 0.8604114 0.9308914 0.8599495 0.9304911 0.8602082 0.9300886 0.8604114 0.9308914 0.8602082 0.9300886 0.8607642 0.9303426 0.8607642 0.9303426 0.8602082 0.9300886 0.8603429 0.9296296 0.8607642 0.9303426 0.8603429 0.9296296 0.860948 0.9297166 0.8671965 0.9092172 0.8665849 0.9091253 0.8665849 0.9086468 0.8671965 0.9092172 0.8665849 0.9086468 0.8671965 0.9085648 0.860948 0.929064 0.8603429 0.9291511 0.8602082 0.928692 0.860948 0.929064 0.8602082 0.928692 0.8607642 0.9284381 0.8607642 0.9284381 0.8602082 0.928692 0.8599495 0.9282895 0.8607642 0.9284381 0.8599495 0.9282895 0.8604114 0.9278892 0.8604114 0.9278892 0.8599495 0.9282895 0.8595879 0.9279763 0.8604114 0.9278892 0.8595879 0.9279763 0.8599184 0.927462 0.8599184 0.927462 0.8595879 0.9279763 0.8591527 0.9277774 0.8599184 0.927462 0.8591527 0.9277774 0.8593248 0.9271909 0.8362652 0.9263101 0.8368766 0.9264836 0.8368766 0.926957 0.8362652 0.9263101 0.8368766 0.926957 0.8362651 0.9269556 0.8362651 0.9269556 0.8368766 0.926957 0.8368766 0.9274308 0.8362651 0.9269556 0.8368766 0.9274308 0.8362652 0.9276016 0.8580333 0.9271909 0.8582054 0.9277774 0.8577702 0.9279763 0.8580333 0.9271909 0.8577702 0.9279763 0.8574398 0.927462 0.8574398 0.927462 0.8577702 0.9279763 0.8574087 0.9282895 0.8574398 0.927462 0.8574087 0.9282895 0.8569467 0.9278892 0.8569467 0.9278892 0.8574087 0.9282895 0.85715 0.928692 0.8569467 0.9278892 0.85715 0.928692 0.856594 0.9284381 0.856594 0.9284381 0.85715 0.928692 0.8570153 0.9291511 0.856594 0.9284381 0.8570153 0.9291511 0.8564102 0.929064 0.8671965 0.9085648 0.8678079 0.9086495 0.8678079 0.9091278 0.8671965 0.9085648 0.8678079 0.9091278 0.8671965 0.9092172 0.8564102 0.9297166 0.8570153 0.9296296 0.85715 0.9300886 0.8564102 0.9297166 0.85715 0.9300886 0.856594 0.9303426 0.856594 0.9303426 0.85715 0.9300886 0.8574087 0.9304911 0.856594 0.9303426 0.8574087 0.9304911 0.8569467 0.9308914 0.8569467 0.9308914 0.8574087 0.9304911 0.8577702 0.9308044 0.8569467 0.9308914 0.8577702 0.9308044 0.8574398 0.9313187 0.8574398 0.9313187 0.8577702 0.9308044 0.8582054 0.9310032 0.8574398 0.9313187 0.8582054 0.9310032 0.8580333 0.9315897 0.8678079 0.9085648 0.8684193 0.9087355 0.8684193 0.9092093 0.8678079 0.9085648 0.8684193 0.9092093 0.8678079 0.9092109 0.8586791 0.9316826 0.8586791 0.9310713 0.8591527 0.9310032 0.8586791 0.9300016 0.8589847 0.9299197 0.8591527 0.9310032 0.8592085 0.929696 0.8599495 0.9304911 0.8589847 0.9299197 0.8589847 0.9299197 0.8599495 0.9304911 0.8595879 0.9308044 0.8589847 0.9299197 0.8595879 0.9308044 0.8591527 0.9310032 0.8591527 0.9310032 0.8586791 0.9310713 0.8586791 0.9300016 0.8586791 0.9300016 0.8586791 0.9310713 0.8582054 0.9310032 0.8586791 0.9300016 0.8582054 0.9310032 0.8583734 0.9299197 0.8589847 0.9288609 0.8599495 0.9282895 0.8592085 0.9290847 0.8592085 0.9290847 0.8599495 0.9282895 0.8602082 0.928692 0.8592085 0.9290847 0.8602082 0.928692 0.8592904 0.9293903 0.8602082 0.928692 0.8603429 0.9291511 0.8592904 0.9293903 0.8592904 0.9293903 0.8603429 0.9291511 0.8603429 0.9296296 0.8592904 0.9293903 0.8603429 0.9296296 0.8592085 0.929696 0.8592085 0.929696 0.8603429 0.9296296 0.8602082 0.9300886 0.8592085 0.929696 0.8602082 0.9300886 0.8599495 0.9304911 0.8586791 0.928779 0.8591527 0.9277774 0.8589847 0.9288609 0.8589847 0.9288609 0.8591527 0.9277774 0.8595879 0.9279763 0.8589847 0.9288609 0.8595879 0.9279763 0.8599495 0.9282895 0.8582054 0.9310032 0.8577702 0.9308044 0.8583734 0.9299197 0.8583734 0.9299197 0.8577702 0.9308044 0.8574087 0.9304911 0.8583734 0.9299197 0.8574087 0.9304911 0.8581497 0.929696 0.8581497 0.929696 0.8574087 0.9304911 0.85715 0.9300886 0.8581497 0.929696 0.85715 0.9300886 0.8580678 0.9293903 0.8583734 0.9288609 0.8582054 0.9277774 0.8586791 0.928779 0.8586791 0.928779 0.8582054 0.9277774 0.8586791 0.9277094 0.8586791 0.928779 0.8586791 0.9277094 0.8591527 0.9277774 0.8581497 0.9290847 0.8574087 0.9282895 0.8583734 0.9288609 0.8583734 0.9288609 0.8574087 0.9282895 0.8577702 0.9279763 0.8583734 0.9288609 0.8577702 0.9279763 0.8582054 0.9277774 0.85715 0.9300886 0.8570153 0.9296296 0.8580678 0.9293903 0.8580678 0.9293903 0.8570153 0.9296296 0.8570153 0.9291511 0.8580678 0.9293903 0.8570153 0.9291511 0.8581497 0.9290847 0.8581497 0.9290847 0.8570153 0.9291511 0.85715 0.928692 0.8581497 0.9290847 0.85715 0.928692 0.8574087 0.9282895 0.834693 0.941529 0.8344638 0.941529 0.834693 0.9410615 0.834693 0.9410615 0.8344638 0.941529 0.8344638 0.9410615 0.834693 0.9410615 0.8344638 0.9410615 0.834693 0.9406655 0.834693 0.9406655 0.8344638 0.9410615 0.8344637 0.9406655 0.8433573 0.938885 0.8435866 0.938885 0.8433572 0.9392794 0.8433572 0.9392794 0.8435866 0.938885 0.8435865 0.9392793 0.8433572 0.9392794 0.8435865 0.9392793 0.8433572 0.9397464 0.8433572 0.9397464 0.8435865 0.9392793 0.8435865 0.9397464 0.8433572 0.9397464 0.8435865 0.9397464 0.8433572 0.940215 0.8433572 0.940215 0.8435865 0.9397464 0.8435865 0.940215 0.8433572 0.940215 0.8435865 0.940215 0.8433573 0.9406138 0.8433573 0.9406138 0.8435865 0.940215 0.8435866 0.9406138 0.8435864 0.9423426 0.8433572 0.9423426 0.8435865 0.9419468 0.8435865 0.9419468 0.8433572 0.9423426 0.8433572 0.9419468 0.8435865 0.9419468 0.8433572 0.9419468 0.8435866 0.9414791 0.8435866 0.9414791 0.8433572 0.9419468 0.8433573 0.9414791 0.8435866 0.9414791 0.8433573 0.9414791 0.8435865 0.9410111 0.8435865 0.9410111 0.8433573 0.9414791 0.8433573 0.9410111 0.8435865 0.9410111 0.8433573 0.9410111 0.8435864 0.9406138 0.8435864 0.9406138 0.8433573 0.9410111 0.8433571 0.9406138 0.8809006 0.9283187 0.8806714 0.9283187 0.8809006 0.9279211 0.8809006 0.9279211 0.8806714 0.9283187 0.8806714 0.9279211 0.8809006 0.9279211 0.8806714 0.9279211 0.8809006 0.9274529 0.8809006 0.9274529 0.8806714 0.9279211 0.8806714 0.9274529 0.8809006 0.9274529 0.8806714 0.9274529 0.8809006 0.9269854 0.8809006 0.9269854 0.8806714 0.9274529 0.8806714 0.9269854 0.8809006 0.9269854 0.8806714 0.9269854 0.8809006 0.9265899 0.8809006 0.9265899 0.8806714 0.9269854 0.8806714 0.9265899 0.834693 0.9423944 0.8344637 0.9423944 0.834693 0.9419972 0.834693 0.9419972 0.8344637 0.9423944 0.8344638 0.9419972 0.834693 0.9419972 0.8344638 0.9419972 0.834693 0.941529 0.834693 0.941529 0.8344638 0.9419972 0.8344638 0.941529 0.8699725 0.9199724 0.8702411 0.9192308 0.8702053 0.9200187 0.8702053 0.9200187 0.8702411 0.9192308 0.8706817 0.9194134 0.8702053 0.9200187 0.8706817 0.9194134 0.8703836 0.9201752 0.8703836 0.9201752 0.8706817 0.9194134 0.871019 0.9197507 0.8703836 0.9201752 0.871019 0.9197507 0.8704599 0.9203999 0.869545 0.9204599 0.8688035 0.9201914 0.8695914 0.9202271 0.8695914 0.9202271 0.8688035 0.9201914 0.868986 0.9197507 0.8695914 0.9202271 0.868986 0.9197507 0.8697478 0.9200487 0.8697478 0.9200487 0.868986 0.9197507 0.8693233 0.9194134 0.8697478 0.9200487 0.8693233 0.9194134 0.8699725 0.9199724 0.8699725 0.9199724 0.8693233 0.9194134 0.869764 0.9192308 0.8699725 0.9199724 0.869764 0.9192308 0.8702411 0.9192308 0.8700324 0.9208874 0.869764 0.9216289 0.8697997 0.920841 0.8697997 0.920841 0.869764 0.9216289 0.8693233 0.9214463 0.8697997 0.920841 0.8693233 0.9214463 0.8696213 0.9206846 0.8696213 0.9206846 0.8693233 0.9214463 0.868986 0.9211091 0.8696213 0.9206846 0.868986 0.9211091 0.869545 0.9204599 0.869545 0.9204599 0.868986 0.9211091 0.8688035 0.9206684 0.869545 0.9204599 0.8688035 0.9206684 0.8688035 0.9201914 0.871019 0.9197507 0.8712015 0.9201914 0.8704599 0.9203999 0.8704599 0.9203999 0.8712015 0.9201914 0.8712015 0.9206684 0.8704599 0.9203999 0.8712015 0.9206684 0.8704137 0.9206326 0.8704137 0.9206326 0.8712015 0.9206684 0.871019 0.9211091 0.8704137 0.9206326 0.871019 0.9211091 0.8702571 0.9208111 0.8702571 0.9208111 0.871019 0.9211091 0.8706817 0.9214463 0.8702571 0.9208111 0.8706817 0.9214463 0.8700324 0.9208874 0.8700324 0.9208874 0.8706817 0.9214463 0.8702411 0.9216289 0.8700324 0.9208874 0.8702411 0.9216289 0.869764 0.9216289 0.8719076 0.9063662 0.8728246 0.9063662 0.8719076 0.9067211 0.8719076 0.9067211 0.8728246 0.9063662 0.8728244 0.9067211 0.8719076 0.9067211 0.8728244 0.9067211 0.8719075 0.9069942 0.8719075 0.9069942 0.8728244 0.9067211 0.8728244 0.9069942 0.8747035 0.9191375 0.8737867 0.9191375 0.8747035 0.9187945 0.8747035 0.9187945 0.8737867 0.9191375 0.8737867 0.9187945 0.8747035 0.9187945 0.8737867 0.9187945 0.8747035 0.9184318 0.8747035 0.9184318 0.8737867 0.9187945 0.8737867 0.9184318 0.8747035 0.9184318 0.8737867 0.9184318 0.8747037 0.9181326 0.8747037 0.9181326 0.8737867 0.9184318 0.8737868 0.9181326 0.8519931 0.9316526 0.8529101 0.9316526 0.8519932 0.931976 0.8519932 0.931976 0.8529101 0.9316526 0.8529101 0.931976 0.8519932 0.931976 0.8529101 0.931976 0.8519932 0.9321587 0.8519932 0.9321587 0.8529101 0.931976 0.8529101 0.9321587 0.8519932 0.9321587 0.8529101 0.9321587 0.8519932 0.9323417 0.8519932 0.9323417 0.8529101 0.9321587 0.8529101 0.9323417 0.8519932 0.9323417 0.8529101 0.9323417 0.8519931 0.932666 0.8519931 0.932666 0.8529101 0.9323417 0.8529101 0.932666 0.8728697 0.9181326 0.8737866 0.9181326 0.8728697 0.9184327 0.8728697 0.9184327 0.8737866 0.9181326 0.8737867 0.9184327 0.8728697 0.9184327 0.8737867 0.9184327 0.8728697 0.9187956 0.8728697 0.9187956 0.8737867 0.9184327 0.8737867 0.9187956 0.8728697 0.9187956 0.8737867 0.9187956 0.8728697 0.919138 0.8728697 0.919138 0.8737867 0.9187956 0.8737866 0.919138 0.8719075 0.9057366 0.8728244 0.9057366 0.8719076 0.906011 0.8719076 0.906011 0.8728244 0.9057366 0.8728244 0.906011 0.8719076 0.906011 0.8728244 0.906011 0.8719076 0.9063662 0.8719076 0.9063662 0.8728244 0.906011 0.8728246 0.9063662 0.8451675 0.8950139 0.8453074 0.894874 0.8454983 0.8948228 0.8570225 0.9090729 0.8568826 0.9092127 0.8566916 0.9092639 0.8454983 0.8948228 0.8566916 0.8948229 0.8557748 0.8957398 0.8566916 0.9092639 0.8454983 0.9092639 0.8464152 0.908347 0.8451163 0.8952049 0.8451675 0.8950139 0.8462242 0.8957909 0.8462242 0.8957909 0.8451675 0.8950139 0.8454983 0.8948228 0.8462242 0.8957909 0.8454983 0.8948228 0.8464152 0.8957398 0.8464152 0.8957398 0.8454983 0.8948228 0.8557748 0.8957398 0.8451675 0.9090728 0.8451163 0.9088818 0.8453074 0.9092127 0.8453074 0.9092127 0.8451163 0.9088818 0.8460844 0.9081559 0.8453074 0.9092127 0.8460844 0.9081559 0.8454983 0.9092639 0.8454983 0.9092639 0.8460844 0.9081559 0.8462242 0.9082958 0.8454983 0.9092639 0.8462242 0.9082958 0.8464152 0.908347 0.8570737 0.9088819 0.8570225 0.9090729 0.8559657 0.9082958 0.8559657 0.9082958 0.8570225 0.9090729 0.8566916 0.9092639 0.8559657 0.9082958 0.8566916 0.9092639 0.8557748 0.908347 0.8557748 0.908347 0.8566916 0.9092639 0.8464152 0.908347 0.8462242 0.8957909 0.8460844 0.8959308 0.8451163 0.8952049 0.8451163 0.8952049 0.8460844 0.8959308 0.8460332 0.8961217 0.8451163 0.8952049 0.8460332 0.8961217 0.8451163 0.9088818 0.8451163 0.9088818 0.8460332 0.8961217 0.8460332 0.907965 0.8451163 0.9088818 0.8460332 0.907965 0.8460844 0.9081559 0.8559657 0.9082958 0.8561056 0.908156 0.8570737 0.9088819 0.8570737 0.9088819 0.8561056 0.908156 0.8561568 0.907965 0.8570737 0.9088819 0.8561568 0.907965 0.8570737 0.8952049 0.8570737 0.8952049 0.8561568 0.907965 0.8561568 0.8961219 0.8570737 0.8952049 0.8561568 0.8961219 0.8561056 0.8959308 0.8570225 0.8950139 0.8570737 0.8952049 0.8568826 0.8948741 0.8568826 0.8948741 0.8570737 0.8952049 0.8561056 0.8959308 0.8568826 0.8948741 0.8561056 0.8959308 0.8566916 0.8948229 0.8566916 0.8948229 0.8561056 0.8959308 0.8559657 0.8957909 0.8566916 0.8948229 0.8559657 0.8957909 0.8557748 0.8957398 0.8486859 0.9404556 0.8485199 0.9404111 0.8487996 0.9402586 0.8487996 0.9402586 0.8485199 0.9404111 0.8486781 0.9401372 0.8487996 0.9402586 0.8486781 0.9401372 0.8489966 0.9401449 0.8489966 0.9401449 0.8486781 0.9401372 0.8489521 0.9399788 0.8489966 0.9401449 0.8489521 0.9399788 0.849224 0.9401449 0.849224 0.9401449 0.8489521 0.9399788 0.8492684 0.9399788 0.849224 0.9401449 0.8492684 0.9399788 0.8494209 0.9402586 0.8494209 0.9402586 0.8492684 0.9399788 0.8495425 0.9401372 0.8494209 0.9402586 0.8495425 0.9401372 0.8495346 0.9404556 0.8495346 0.9404556 0.8495425 0.9401372 0.8497007 0.9404111 0.8495346 0.9404556 0.8497007 0.9404111 0.8495346 0.940683 0.8495346 0.940683 0.8497007 0.9404111 0.8497007 0.9407275 0.8495346 0.940683 0.8497007 0.9407275 0.8494209 0.94088 0.8494209 0.94088 0.8497007 0.9407275 0.8495425 0.9410015 0.8494209 0.94088 0.8495425 0.9410015 0.849224 0.9409937 0.849224 0.9409937 0.8495425 0.9410015 0.8492684 0.9411597 0.849224 0.9409937 0.8492684 0.9411597 0.8489966 0.9409937 0.8489966 0.9409937 0.8492684 0.9411597 0.8489521 0.9411597 0.8489966 0.9409937 0.8489521 0.9411597 0.8487996 0.94088 0.8487996 0.94088 0.8489521 0.9411597 0.8486781 0.9410015 0.8487996 0.94088 0.8486781 0.9410015 0.8486859 0.940683 0.8486859 0.940683 0.8486781 0.9410015 0.8485199 0.9407275 0.8486859 0.940683 0.8485199 0.9407275 0.8486859 0.9404556 0.8486859 0.9404556 0.8485199 0.9407275 0.8485199 0.9404111 0.8499204 0.9420364 0.8499204 0.9408903 0.8501401 0.9420364 0.8501401 0.9420364 0.8499204 0.9408903 0.8501401 0.9408903 0.8721765 0.9420307 0.8721765 0.9408846 0.8723374 0.942031 0.8723374 0.942031 0.8721765 0.9408846 0.8723374 0.940885 0.8723374 0.942031 0.8723374 0.940885 0.8725571 0.9420312 0.8725571 0.9420312 0.8723374 0.940885 0.8725571 0.9408851 0.8725571 0.9420312 0.8725571 0.9408851 0.8727768 0.942031 0.8727768 0.942031 0.8725571 0.9408851 0.8727768 0.940885 0.8339197 0.9348921 0.8339197 0.9360383 0.8337588 0.9348921 0.8337588 0.9348921 0.8339197 0.9360383 0.8337588 0.9360383 0.8337588 0.9348921 0.8337588 0.9360383 0.8335391 0.9348921 0.8335391 0.9348921 0.8337588 0.9360383 0.8335391 0.9360383 0.8335391 0.9348921 0.8335391 0.9360383 0.8333194 0.9348921 0.8333194 0.9348921 0.8335391 0.9360383 0.8333194 0.9360383 0.8333194 0.9348921 0.8333194 0.9360383 0.8331586 0.9348921 0.8331586 0.9348921 0.8333194 0.9360383 0.8331586 0.9360383 0.8583784 0.9409089 0.8583784 0.942055 0.8581588 0.9409087 0.8581588 0.9409087 0.8583784 0.942055 0.8581588 0.9420549 0.8581588 0.9409087 0.8581588 0.9420549 0.8579391 0.9409089 0.8579391 0.9409089 0.8581588 0.9420549 0.8579391 0.942055 0.8579391 0.9409089 0.8579391 0.942055 0.8577783 0.9409093 0.8577783 0.9409093 0.8579391 0.942055 0.8577783 0.9420554 0.8497008 0.9420364 0.8497008 0.9408903 0.8499204 0.9420364 0.8499204 0.9420364 0.8497008 0.9408903 0.8499204 0.9408903 0.847312 0.940683 0.847478 0.9407275 0.8471983 0.94088 0.8471983 0.94088 0.847478 0.9407275 0.8473199 0.9410015 0.8471983 0.94088 0.8473199 0.9410015 0.8470013 0.9409937 0.8470013 0.9409937 0.8473199 0.9410015 0.8470458 0.9411597 0.8470013 0.9409937 0.8470458 0.9411597 0.8467739 0.9409937 0.8467739 0.9409937 0.8470458 0.9411597 0.8467294 0.9411597 0.8467739 0.9409937 0.8467294 0.9411597 0.8465769 0.94088 0.8465769 0.94088 0.8467294 0.9411597 0.8464553 0.9410015 0.8465769 0.94088 0.8464553 0.9410015 0.8464632 0.940683 0.8464632 0.940683 0.8464553 0.9410015 0.8462972 0.9407275 0.8464632 0.940683 0.8462972 0.9407275 0.8464632 0.9404556 0.8464632 0.9404556 0.8462972 0.9407275 0.8462972 0.9404111 0.8464632 0.9404556 0.8462972 0.9404111 0.8465769 0.9402586 0.8465769 0.9402586 0.8462972 0.9404111 0.8464553 0.9401372 0.8465769 0.9402586 0.8464553 0.9401372 0.8467739 0.9401449 0.8467739 0.9401449 0.8464553 0.9401372 0.8467294 0.9399788 0.8467739 0.9401449 0.8467294 0.9399788 0.8470013 0.9401449 0.8470013 0.9401449 0.8467294 0.9399788 0.8470458 0.9399788 0.8470013 0.9401449 0.8470458 0.9399788 0.8471983 0.9402586 0.8471983 0.9402586 0.8470458 0.9399788 0.8473199 0.9401372 0.8471983 0.9402586 0.8473199 0.9401372 0.847312 0.9404556 0.847312 0.9404556 0.8473199 0.9401372 0.847478 0.9404111 0.847312 0.9404556 0.847478 0.9404111 0.847312 0.940683 0.847312 0.940683 0.847478 0.9404111 0.847478 0.9407275 0.8532527 0.9420549 0.8532527 0.9409087 0.8534723 0.9420549 0.8534723 0.9420549 0.8532527 0.9409087 0.8534723 0.9409087 0.8565779 0.9420549 0.8565779 0.9409087 0.8567387 0.9420552 0.8567387 0.9420552 0.8565779 0.9409087 0.8567387 0.9409092 0.8567387 0.9420552 0.8567387 0.9409092 0.8569584 0.9420554 0.8569584 0.9420554 0.8567387 0.9409092 0.8569584 0.9409093 0.8569584 0.9420554 0.8569584 0.9409093 0.8571781 0.9420552 0.8571781 0.9420552 0.8569584 0.9409093 0.8571781 0.9409092 0.835454 0.9406655 0.835454 0.9418117 0.8352932 0.9406655 0.8352932 0.9406655 0.835454 0.9418117 0.8352932 0.9418117 0.8352932 0.9406655 0.8352932 0.9418117 0.8350735 0.9406655 0.8350735 0.9406655 0.8352932 0.9418117 0.8350735 0.9418117 0.8350735 0.9406655 0.8350735 0.9418117 0.8348538 0.9406655 0.8348538 0.9406655 0.8350735 0.9418117 0.8348538 0.9418117 0.8348538 0.9406655 0.8348538 0.9418117 0.834693 0.9406655 0.834693 0.9406655 0.8348538 0.9418117 0.834693 0.9418117 0.8611623 0.9409089 0.8611623 0.942055 0.8609426 0.9409087 0.8609426 0.9409087 0.8611623 0.942055 0.8609426 0.9420549 0.8609426 0.9409087 0.8609426 0.9420549 0.8607229 0.9409089 0.8607229 0.9409089 0.8609426 0.9420549 0.8607229 0.942055 0.8607229 0.9409089 0.8607229 0.942055 0.8605621 0.9409093 0.8605621 0.9409093 0.8607229 0.942055 0.8605621 0.9420554 0.853033 0.9420549 0.853033 0.9409087 0.8532527 0.9420549 0.8532527 0.9420549 0.853033 0.9409087 0.8532527 0.9409087 0.8453961 0.9402586 0.8452745 0.9401372 0.845593 0.9401449 0.845593 0.9401449 0.8452745 0.9401372 0.8455485 0.9399788 0.845593 0.9401449 0.8455485 0.9399788 0.8458204 0.9401449 0.8458204 0.9401449 0.8455485 0.9399788 0.8458649 0.9399788 0.8458204 0.9401449 0.8458649 0.9399788 0.8460174 0.9402586 0.8460174 0.9402586 0.8458649 0.9399788 0.846139 0.9401372 0.8460174 0.9402586 0.846139 0.9401372 0.8461311 0.9404556 0.8461311 0.9404556 0.846139 0.9401372 0.8462972 0.9404111 0.8461311 0.9404556 0.8462972 0.9404111 0.8461311 0.940683 0.8461311 0.940683 0.8462972 0.9404111 0.8462972 0.9407275 0.8461311 0.940683 0.8462972 0.9407275 0.8460174 0.94088 0.8460174 0.94088 0.8462972 0.9407275 0.846139 0.9410015 0.8460174 0.94088 0.846139 0.9410015 0.8458204 0.9409937 0.8458204 0.9409937 0.846139 0.9410015 0.8458649 0.9411597 0.8458204 0.9409937 0.8458649 0.9411597 0.845593 0.9409937 0.845593 0.9409937 0.8458649 0.9411597 0.8455485 0.9411597 0.845593 0.9409937 0.8455485 0.9411597 0.8453961 0.94088 0.8453961 0.94088 0.8455485 0.9411597 0.8452745 0.9410015 0.8453961 0.94088 0.8452745 0.9410015 0.8452823 0.940683 0.8452823 0.940683 0.8452745 0.9410015 0.8451163 0.9407275 0.8452823 0.940683 0.8451163 0.9407275 0.8452823 0.9404556 0.8452823 0.9404556 0.8451163 0.9407275 0.8451163 0.9404111 0.8452823 0.9404556 0.8451163 0.9404111 0.8453961 0.9402586 0.8453961 0.9402586 0.8451163 0.9404111 0.8452745 0.9401372 0.8536919 0.9420549 0.8536919 0.9409087 0.8539116 0.9420549 0.8539116 0.9420549 0.8536919 0.9409087 0.8539116 0.9409087 0.8727766 0.9420307 0.8727766 0.9408846 0.8729376 0.942031 0.8729376 0.942031 0.8727766 0.9408846 0.8729376 0.940885 0.8729376 0.942031 0.8729376 0.940885 0.8731573 0.9420312 0.8731573 0.9420312 0.8729376 0.940885 0.8731573 0.9408851 0.8731573 0.9420312 0.8731573 0.9408851 0.8733769 0.942031 0.8733769 0.942031 0.8731573 0.9408851 0.8733769 0.940885 0.8714014 0.9406937 0.8714014 0.9418398 0.8712406 0.9406937 0.8712406 0.9406937 0.8714014 0.9418398 0.8712406 0.9418398 0.8712406 0.9406937 0.8712406 0.9418398 0.8710209 0.9406937 0.8710209 0.9406937 0.8712406 0.9418398 0.8710209 0.9418398 0.8710209 0.9406937 0.8710209 0.9418398 0.8708012 0.9406937 0.8708012 0.9406937 0.8710209 0.9418398 0.8708012 0.9418398 0.8708012 0.9406937 0.8708012 0.9418398 0.8706404 0.9406937 0.8706404 0.9406937 0.8708012 0.9418398 0.8706404 0.9418398 0.8525936 0.9409089 0.8525936 0.942055 0.852374 0.9409087 0.852374 0.9409087 0.8525936 0.942055 0.852374 0.9420549 0.852374 0.9409087 0.852374 0.9420549 0.8521543 0.9409089 0.8521543 0.9409089 0.852374 0.9420549 0.8521543 0.942055 0.8521543 0.9409089 0.8521543 0.942055 0.8519935 0.9409093 0.8519935 0.9409093 0.8521543 0.942055 0.8519935 0.9420554 0.8534723 0.9420549 0.8534723 0.9409087 0.8536919 0.9420549 0.8536919 0.9420549 0.8534723 0.9409087 0.8536919 0.9409087 0.8785007 0.90537 0.8783347 0.9053255 0.8786144 0.9051731 0.8786144 0.9051731 0.8783347 0.9053255 0.878493 0.9050515 0.8786144 0.9051731 0.878493 0.9050515 0.8788114 0.9050593 0.8788114 0.9050593 0.878493 0.9050515 0.8787669 0.9048933 0.8788114 0.9050593 0.8787669 0.9048933 0.8790388 0.9050593 0.8790388 0.9050593 0.8787669 0.9048933 0.8790833 0.9048933 0.8790388 0.9050593 0.8790833 0.9048933 0.8792358 0.9051731 0.8792358 0.9051731 0.8790833 0.9048933 0.8793573 0.9050515 0.8792358 0.9051731 0.8793573 0.9050515 0.8793495 0.90537 0.8793495 0.90537 0.8793573 0.9050515 0.8795155 0.9053254 0.8793495 0.90537 0.8795155 0.9053254 0.8793495 0.9055975 0.8793495 0.9055975 0.8795155 0.9053254 0.8795155 0.9056419 0.8793495 0.9055975 0.8795155 0.9056419 0.8792358 0.9057944 0.8792358 0.9057944 0.8795155 0.9056419 0.8793573 0.905916 0.8792358 0.9057944 0.8793573 0.905916 0.8790388 0.9059081 0.8790388 0.9059081 0.8793573 0.905916 0.8790833 0.9060742 0.8790388 0.9059081 0.8790833 0.9060742 0.8788114 0.9059081 0.8788114 0.9059081 0.8790833 0.9060742 0.8787669 0.9060741 0.8788114 0.9059081 0.8787669 0.9060741 0.8786144 0.9057944 0.8786144 0.9057944 0.8787669 0.9060741 0.878493 0.905916 0.8786144 0.9057944 0.878493 0.905916 0.8785007 0.9055975 0.8785007 0.9055975 0.878493 0.905916 0.8783347 0.9056419 0.8785007 0.9055975 0.8783347 0.9056419 0.8785007 0.90537 0.8785007 0.90537 0.8783347 0.9056419 0.8783347 0.9053255 0.8528133 0.9420549 0.8528133 0.9409087 0.853033 0.9420549 0.853033 0.9420549 0.8528133 0.9409087 0.853033 0.9409087 0.8715763 0.9420307 0.8715763 0.9408846 0.8717371 0.942031 0.8717371 0.942031 0.8715763 0.9408846 0.8717371 0.940885 0.8717371 0.942031 0.8717371 0.940885 0.8719568 0.9420312 0.8719568 0.9420312 0.8717371 0.940885 0.8719568 0.9408851 0.8719568 0.9420312 0.8719568 0.9408851 0.8721765 0.942031 0.8721765 0.942031 0.8719568 0.9408851 0.8721765 0.940885 0.8362149 0.9406655 0.8362149 0.9418117 0.8360541 0.9406655 0.8360541 0.9406655 0.8362149 0.9418117 0.8360541 0.9418117 0.8360541 0.9406655 0.8360541 0.9418117 0.8358345 0.9406655 0.8358345 0.9406655 0.8360541 0.9418117 0.8358345 0.9418117 0.8358345 0.9406655 0.8358345 0.9418117 0.8356148 0.9406655 0.8356148 0.9406655 0.8358345 0.9418117 0.8356148 0.9418117 0.8356148 0.9406655 0.8356148 0.9418117 0.835454 0.9406655 0.835454 0.9406655 0.8356148 0.9418117 0.835454 0.9418117 0.8577783 0.9409089 0.8577783 0.942055 0.8575586 0.9409087 0.8575586 0.9409087 0.8577783 0.942055 0.8575586 0.9420549 0.8575586 0.9409087 0.8575586 0.9420549 0.8573389 0.9409089 0.8573389 0.9409089 0.8575586 0.9420549 0.8573389 0.942055 0.8573389 0.9409089 0.8573389 0.942055 0.8571781 0.9409093 0.8571781 0.9409093 0.8573389 0.942055 0.8571781 0.9420554 0.8525936 0.9420549 0.8525936 0.9409087 0.8528133 0.9420549 0.8528133 0.9420549 0.8525936 0.9409087 0.8528133 0.9409087 0.8607477 0.9080947 0.8610023 0.9078072 0.8612412 0.9078959 0.8612412 0.9078959 0.8610023 0.9078072 0.8613614 0.907671 0.8612412 0.9078959 0.8613614 0.907671 0.8615561 0.9078641 0.8615561 0.9078641 0.8613614 0.907671 0.8617425 0.9077174 0.8615561 0.9078641 0.8617425 0.9077174 0.8618447 0.907994 0.8618447 0.907994 0.8617425 0.9077174 0.8620585 0.9079355 0.8618447 0.907994 0.8620585 0.9079355 0.8620296 0.9082507 0.8620296 0.9082507 0.8620585 0.9079355 0.862237 0.9082755 0.8620296 0.9082507 0.862237 0.9082755 0.8620614 0.9085655 0.8620614 0.9085655 0.862237 0.9082755 0.862237 0.9086595 0.8620614 0.9085655 0.862237 0.9086595 0.8619316 0.908854 0.8619316 0.908854 0.862237 0.9086595 0.8620585 0.9089995 0.8619316 0.908854 0.8620585 0.9089995 0.8616748 0.909039 0.8616748 0.909039 0.8620585 0.9089995 0.8617425 0.9092176 0.8616748 0.909039 0.8617425 0.9092176 0.86136 0.9090708 0.86136 0.9090708 0.8617425 0.9092176 0.8613614 0.9092639 0.86136 0.9090708 0.8613614 0.9092639 0.8610715 0.9089409 0.8610715 0.9089409 0.8613614 0.9092639 0.8610023 0.9091277 0.8610715 0.9089409 0.8610023 0.9091277 0.8608865 0.9086843 0.8608865 0.9086843 0.8610023 0.9091277 0.8607477 0.9088403 0.8608865 0.9086843 0.8607477 0.9088403 0.8608548 0.9083694 0.8608548 0.9083694 0.8607477 0.9088403 0.8606558 0.9084675 0.8608548 0.9083694 0.8606558 0.9084675 0.8609846 0.9080809 0.8609846 0.9080809 0.8606558 0.9084675 0.8607477 0.9080947 0.8609846 0.9080809 0.8607477 0.9080947 0.8612412 0.9078959 0.858886 0.9417058 0.858886 0.94247 0.8585806 0.9417058 0.8585806 0.9417058 0.858886 0.94247 0.8585806 0.9424698 0.8798373 0.8999925 0.8790732 0.8999925 0.8798372 0.8997669 0.8798372 0.8997669 0.8790732 0.8999925 0.879073 0.8997669 0.8798372 0.8997669 0.879073 0.8997669 0.8798372 0.8994607 0.8798372 0.8994607 0.879073 0.8997669 0.879073 0.8994607 0.8798372 0.8994607 0.879073 0.8994607 0.8798372 0.8991557 0.8798372 0.8991557 0.879073 0.8994607 0.879073 0.8991557 0.8752972 0.9081763 0.8760613 0.9081763 0.8752973 0.9083994 0.8752973 0.9083994 0.8760613 0.9081763 0.8760613 0.9083994 0.8752973 0.9083994 0.8760613 0.9083994 0.8752973 0.9087048 0.8752973 0.9087048 0.8760613 0.9083994 0.8760613 0.9087048 0.8752973 0.9087048 0.8760613 0.9087048 0.8752973 0.9090107 0.8752973 0.9090107 0.8760613 0.9087048 0.8760613 0.9090107 0.8752973 0.9090107 0.8760613 0.9090107 0.8752972 0.909235 0.8752972 0.909235 0.8760613 0.9090107 0.8760613 0.909235 0.8558138 0.9409087 0.8565779 0.9409087 0.8558138 0.941214 0.8558138 0.941214 0.8565779 0.9409087 0.8565779 0.941214 0.8558138 0.941214 0.8565779 0.941214 0.8558138 0.94152 0.8558138 0.94152 0.8565779 0.941214 0.8565779 0.94152 0.8558138 0.94152 0.8565779 0.94152 0.8558138 0.9417446 0.8558138 0.9417446 0.8565779 0.94152 0.8565778 0.9417446 0.8591919 0.9417058 0.8591919 0.9424698 0.858886 0.9417058 0.858886 0.9417058 0.8591919 0.9424698 0.858886 0.94247 0.836215 0.9101596 0.8363105 0.9101596 0.836215 0.9103254 0.836215 0.9103254 0.8363105 0.9101596 0.8363105 0.9103254 0.836215 0.9103254 0.8363105 0.9103254 0.8362149 0.9104586 0.8362149 0.9104586 0.8363105 0.9103254 0.8363105 0.9104586 0.8362149 0.9123643 0.8363105 0.9123643 0.836215 0.9125171 0.836215 0.9125171 0.8363105 0.9123643 0.8363105 0.9125171 0.836215 0.9125171 0.8363105 0.9125171 0.836215 0.9126872 0.836215 0.9126872 0.8363105 0.9125171 0.8363105 0.9126872 0.836215 0.9126872 0.8363105 0.9126872 0.836215 0.9128406 0.836215 0.9128406 0.8363105 0.9126872 0.8363105 0.9128406 0.8362149 0.9092639 0.8363105 0.9092639 0.836215 0.909397 0.836215 0.909397 0.8363105 0.9092639 0.8363105 0.909397 0.836215 0.909397 0.8363105 0.909397 0.836215 0.9095629 0.836215 0.9095629 0.8363105 0.909397 0.8363105 0.9095629 0.836215 0.9095629 0.8363105 0.9095629 0.836215 0.9097285 0.836215 0.9097285 0.8363105 0.9095629 0.8363105 0.9097285 0.836215 0.9097285 0.8363105 0.9097285 0.8362149 0.9098612 0.8362149 0.9098612 0.8363105 0.9097285 0.8363105 0.9098612 0.8363105 0.9123643 0.836215 0.9123643 0.8363105 0.9122105 0.8363105 0.9122105 0.836215 0.9123643 0.836215 0.9122105 0.8363105 0.9122105 0.836215 0.9122105 0.8363105 0.9120405 0.8363105 0.9120405 0.836215 0.9122105 0.836215 0.9120405 0.8363105 0.9120405 0.836215 0.9120405 0.8363105 0.9118879 0.8363105 0.9118879 0.836215 0.9120405 0.836215 0.9118879 0.8362149 0.9098612 0.8363105 0.9098612 0.836215 0.9099939 0.836215 0.9099939 0.8363105 0.9098612 0.8363105 0.9099939 0.836215 0.9099939 0.8363105 0.9099939 0.836215 0.9101596 0.836215 0.9101596 0.8363105 0.9099939 0.8363105 0.9101596 0.8748274 0.9210998 0.87476 0.9215034 0.8745904 0.921131 0.8745904 0.921131 0.87476 0.9215034 0.8744608 0.9215034 0.8745904 0.921131 0.8744608 0.9215034 0.8743554 0.9210874 0.8743554 0.9210874 0.8744608 0.9215034 0.8741719 0.9214261 0.8743554 0.9210874 0.8741719 0.9214261 0.8741453 0.9209733 0.8741453 0.9209733 0.8741719 0.9214261 0.8739127 0.9212765 0.8741453 0.9209733 0.8739127 0.9212765 0.8739808 0.9208 0.8739808 0.9208 0.8739127 0.9212765 0.8737012 0.9210649 0.8739808 0.9208 0.8737012 0.9210649 0.8738779 0.9205842 0.8737012 0.9210649 0.8735516 0.9208058 0.8738779 0.9205842 0.8738779 0.9205842 0.8735516 0.9208058 0.8734741 0.9205167 0.8738779 0.9205842 0.8734741 0.9205167 0.8738467 0.9203472 0.8738467 0.9203472 0.8734741 0.9205167 0.8734741 0.9202175 0.8738467 0.9203472 0.8734741 0.9202175 0.8738902 0.9201121 0.8738902 0.9201121 0.8734741 0.9202175 0.8735516 0.9199286 0.8738902 0.9201121 0.8735516 0.9199286 0.8740043 0.919902 0.8740043 0.919902 0.8735516 0.9199286 0.8737012 0.9196695 0.8740043 0.919902 0.8737012 0.9196695 0.8741777 0.9197375 0.8741777 0.9197375 0.8737012 0.9196695 0.8739127 0.9194579 0.8741777 0.9197375 0.8739127 0.9194579 0.8743935 0.9196346 0.8753431 0.9201502 0.8757467 0.9202175 0.8753742 0.9203872 0.8753742 0.9203872 0.8757467 0.9202175 0.8757467 0.9205167 0.8753742 0.9203872 0.8757467 0.9205167 0.8753307 0.9206222 0.8753307 0.9206222 0.8757467 0.9205167 0.8756693 0.9208058 0.8753307 0.9206222 0.8756693 0.9208058 0.8752166 0.9208323 0.8752166 0.9208323 0.8756693 0.9208058 0.8755198 0.9210649 0.8752166 0.9208323 0.8755198 0.9210649 0.8750432 0.9209969 0.8750432 0.9209969 0.8755198 0.9210649 0.8753082 0.9212765 0.8750432 0.9209969 0.8753082 0.9212765 0.8748274 0.9210998 0.8748274 0.9210998 0.8753082 0.9212765 0.875049 0.9214261 0.8748274 0.9210998 0.875049 0.9214261 0.87476 0.9215034 0.8739127 0.9194579 0.8741719 0.9193083 0.8743935 0.9196346 0.8743935 0.9196346 0.8741719 0.9193083 0.8744608 0.9192308 0.8743935 0.9196346 0.8744608 0.9192308 0.8746305 0.9196034 0.8746305 0.9196034 0.8744608 0.9192308 0.87476 0.9192308 0.8746305 0.9196034 0.87476 0.9192308 0.8748655 0.9196469 0.8748655 0.9196469 0.87476 0.9192308 0.875049 0.9193083 0.8748655 0.9196469 0.875049 0.9193083 0.8750756 0.919761 0.8750756 0.919761 0.875049 0.9193083 0.8753082 0.9194579 0.8750756 0.919761 0.8753082 0.9194579 0.8752401 0.9199344 0.8752401 0.9199344 0.8753082 0.9194579 0.8755198 0.9196695 0.8752401 0.9199344 0.8755198 0.9196695 0.8753431 0.9201502 0.8753431 0.9201502 0.8755198 0.9196695 0.8756693 0.9199286 0.8753431 0.9201502 0.8756693 0.9199286 0.8757467 0.9202175 0.8626905 0.9380293 0.8626905 0.938326 0.8624612 0.9382154 0.8519931 0.9369965 0.8512672 0.9367002 0.8519931 0.9367002 0.8519931 0.9367002 0.8512672 0.9367002 0.8512672 0.9365895 0.8519931 0.9367002 0.8512672 0.9365895 0.8519931 0.9364033 0.8512672 0.9365895 0.8512672 0.9364033 0.8519931 0.9364033 0.8519931 0.9364033 0.8512672 0.9364033 0.8512672 0.9361259 0.8519931 0.9364033 0.8512672 0.9361259 0.8519931 0.9361259 0.8519931 0.9361259 0.8512672 0.9361259 0.8512671 0.935887 0.8519931 0.9361259 0.8512671 0.935887 0.851993 0.935887 0.8399261 0.9405397 0.8406519 0.9405397 0.8406519 0.9407766 0.8399261 0.9405397 0.8406519 0.9407766 0.839926 0.9407766 0.839926 0.9407766 0.8406519 0.9407766 0.8406518 0.9410528 0.839926 0.9407766 0.8406518 0.9410528 0.8399259 0.9410528 0.8399259 0.9410528 0.8406518 0.9410528 0.8406518 0.9413493 0.8399259 0.9410528 0.8406518 0.9413493 0.8399259 0.9413493 0.8399259 0.9413493 0.8406518 0.9413493 0.8406518 0.9416461 0.8399259 0.9413493 0.8406518 0.9416461 0.8399259 0.9416461 0.8399259 0.9416461 0.8406518 0.9416461 0.8406519 0.9419228 0.8399259 0.9416461 0.8406519 0.9419228 0.839926 0.9419228 0.839926 0.9419228 0.8406519 0.9419228 0.8406519 0.9421606 0.839926 0.9419228 0.8406519 0.9421606 0.8399261 0.9421606 0.8611623 0.9375143 0.8618882 0.9375143 0.8618882 0.9377524 0.8611623 0.9375143 0.8618882 0.9377524 0.8611623 0.9377524 0.8611623 0.9377524 0.8618882 0.9377524 0.8618882 0.9380293 0.8611623 0.9377524 0.8618882 0.9380293 0.8611623 0.9380293 0.8611623 0.9380293 0.8618882 0.9380293 0.8618882 0.9382154 0.8611623 0.9380293 0.8618882 0.9382154 0.8611623 0.938326 0.8611623 0.938326 0.8618882 0.9382154 0.8618882 0.938326 0.8611623 0.938326 0.8618882 0.938326 0.8611623 0.9386225 0.8624612 0.9382154 0.8626905 0.938326 0.8624612 0.938326 0.8624612 0.938326 0.8626905 0.938326 0.8626905 0.9386225 0.8624612 0.938326 0.8626905 0.9386225 0.8618882 0.938326 0.8624612 0.9382154 0.8624612 0.9380293 0.8626905 0.9380293 0.8626905 0.9380293 0.8624612 0.9380293 0.8624612 0.9377524 0.8626905 0.9380293 0.8624612 0.9377524 0.8626905 0.9377524 0.8626905 0.9377524 0.8624612 0.9377524 0.8624612 0.9375143 0.8626905 0.9377524 0.8624612 0.9375143 0.8626905 0.9375143 0.880769 0.9000672 0.8805398 0.9000672 0.8805397 0.8998293 0.880769 0.9000672 0.8805397 0.8998293 0.8807689 0.8998293 0.8807689 0.8998293 0.8805397 0.8998293 0.8805397 0.8995526 0.8807689 0.8998293 0.8805397 0.8995526 0.8807689 0.8995527 0.8807689 0.8995527 0.8805397 0.8995526 0.8805397 0.8992559 0.8807689 0.8995527 0.8805397 0.8992559 0.8807689 0.8992559 0.8807689 0.8992559 0.8805397 0.8992559 0.8805397 0.8989594 0.8807689 0.8992559 0.8805397 0.8989594 0.8807689 0.8989594 0.8807689 0.8989594 0.8805397 0.8989594 0.8805397 0.8986832 0.8807689 0.8989594 0.8805397 0.8986832 0.8807689 0.8986832 0.8807689 0.8986832 0.8805397 0.8986832 0.8805398 0.8984463 0.8807689 0.8986832 0.8805398 0.8984463 0.880769 0.8984463 0.8504648 0.935887 0.8506941 0.935887 0.8506941 0.9361259 0.8504648 0.935887 0.8506941 0.9361259 0.8504649 0.9361259 0.8504649 0.9361259 0.8506941 0.9361259 0.8506942 0.9364033 0.8504649 0.9361259 0.8506942 0.9364033 0.8504649 0.9364033 0.8504649 0.9364033 0.8506942 0.9364033 0.8506942 0.9365895 0.8504649 0.9364033 0.8506942 0.9365895 0.8504649 0.9367002 0.8504649 0.9367002 0.8506942 0.9365895 0.8506942 0.9367002 0.8504649 0.9367002 0.8506942 0.9367002 0.8504649 0.9369965 0.8618882 0.938326 0.8626905 0.9386225 0.8611623 0.9386225 0.8611623 0.9386225 0.8626905 0.9386225 0.8626905 0.9388985 0.8611623 0.9386225 0.8626905 0.9388985 0.8611623 0.9388985 0.8611623 0.9388985 0.8626905 0.9388985 0.8626905 0.9391351 0.8611623 0.9388985 0.8626905 0.9391351 0.8611623 0.9391351 0.8622371 0.9076431 0.8637652 0.9076431 0.8637652 0.9078809 0.8622371 0.9076431 0.8637652 0.9078809 0.8622371 0.9078809 0.8622371 0.9078809 0.8637652 0.9078809 0.8637651 0.9081576 0.8622371 0.9078809 0.8637651 0.9081576 0.862237 0.9081576 0.862237 0.9081576 0.8637651 0.9081576 0.8637651 0.9084543 0.862237 0.9081576 0.8637651 0.9084543 0.862237 0.9084543 0.862237 0.9084543 0.8637651 0.9084543 0.8637651 0.9087508 0.862237 0.9084543 0.8637651 0.9087508 0.862237 0.9087508 0.862237 0.9087508 0.8637651 0.9087508 0.8637652 0.909027 0.862237 0.9087508 0.8637652 0.909027 0.8622371 0.909027 0.8622371 0.909027 0.8637652 0.909027 0.8637652 0.9092639 0.8622371 0.909027 0.8637652 0.9092639 0.8622371 0.9092639 0.851993 0.9375079 0.8504648 0.9375079 0.8504649 0.937272 0.851993 0.9375079 0.8504649 0.937272 0.8519931 0.937272 0.8519931 0.937272 0.8504649 0.937272 0.8504649 0.9369965 0.8519931 0.937272 0.8504649 0.9369965 0.8519931 0.9369965 0.8519931 0.9369965 0.8504649 0.9369965 0.8506942 0.9367002 0.8519931 0.9369965 0.8506942 0.9367002 0.8512672 0.9367002 0.8626906 0.9400107 0.8637602 0.9400107 0.8626906 0.9402468 0.8626906 0.9402468 0.8637602 0.9400107 0.8637602 0.9402468 0.8626906 0.9402468 0.8637602 0.9402468 0.8626906 0.9404601 0.8626906 0.9404601 0.8637602 0.9402468 0.8637602 0.9404601 0.8626906 0.9404601 0.8637602 0.9404601 0.8626905 0.9406296 0.8626905 0.9406296 0.8637602 0.9404601 0.8637602 0.9406296 0.87094 0.9181271 0.87094 0.9191969 0.8707274 0.9181271 0.8707274 0.9181271 0.87094 0.9191969 0.8707274 0.9191969 0.8707274 0.9181271 0.8707274 0.9191969 0.8704915 0.9181271 0.8704915 0.9181271 0.8707274 0.9191969 0.8704915 0.9191969 0.8704915 0.9181271 0.8704915 0.9191969 0.8702552 0.9181271 0.8702552 0.9181271 0.8704915 0.9191969 0.8702552 0.9191969 0.8702552 0.9181271 0.8702552 0.9191969 0.8700419 0.9181271 0.8700419 0.9181271 0.8702552 0.9191969 0.8700419 0.9191969 0.8700419 0.9181271 0.8700419 0.9191969 0.8698721 0.9181271 0.8698721 0.9181271 0.8700419 0.9191969 0.8698721 0.9191969 0.8728697 0.9181326 0.8728697 0.9192023 0.8726565 0.9181326 0.8726565 0.9181326 0.8728697 0.9192023 0.8726565 0.9192023 0.8726565 0.9181326 0.8726565 0.9192023 0.8724203 0.9181326 0.8724203 0.9181326 0.8726565 0.9192023 0.8724203 0.9192023 0.8724203 0.9181326 0.8724203 0.9192023 0.8721843 0.9181326 0.8721843 0.9181326 0.8724203 0.9192023 0.8721843 0.9192023 0.8721843 0.9181326 0.8721843 0.9192023 0.8719715 0.9181326 0.8719715 0.9181326 0.8721843 0.9192023 0.8719715 0.9192023 0.8698721 0.9181271 0.8698721 0.9191969 0.8697016 0.9181272 0.8697016 0.9181272 0.8698721 0.9191969 0.8697016 0.9191969 0.8697016 0.9181272 0.8697016 0.9191969 0.8694878 0.9181272 0.8694878 0.9181272 0.8697016 0.9191969 0.8694878 0.919197 0.8694878 0.9181272 0.8694878 0.919197 0.8692514 0.9181272 0.8692514 0.9181272 0.8694878 0.919197 0.8692514 0.919197 0.8692514 0.9181272 0.8692514 0.919197 0.8690156 0.9181272 0.8690156 0.9181272 0.8692514 0.919197 0.8690156 0.919197 0.8690156 0.9181272 0.8690156 0.919197 0.8688035 0.9181272 0.8688035 0.9181272 0.8690156 0.919197 0.8688035 0.9191969 0.8626905 0.9393933 0.8637601 0.9393933 0.8626906 0.939562 0.8626906 0.939562 0.8637601 0.9393933 0.8637602 0.939562 0.8626906 0.939562 0.8637602 0.939562 0.8626906 0.9397746 0.8626906 0.9397746 0.8637602 0.939562 0.8637602 0.9397746 0.8626906 0.9397746 0.8637602 0.9397746 0.8626906 0.9400107 0.8626906 0.9400107 0.8637602 0.9397746 0.8637602 0.9400107 0.8695655 0.9088639 0.8689925 0.9088639 0.8695655 0.908698 0.8695655 0.908698 0.8689925 0.9088639 0.8689925 0.908698 0.8695655 0.908698 0.8689925 0.908698 0.8695654 0.9085648 0.8695654 0.9085648 0.8689925 0.908698 0.8689923 0.9085648 0.8721408 0.9091379 0.8721408 0.9085648 0.8722943 0.9091379 0.8722943 0.9091379 0.8721408 0.9085648 0.8722943 0.9085648 0.8722943 0.9091379 0.8722943 0.9085648 0.8724643 0.9091379 0.8724643 0.9091379 0.8722943 0.9085648 0.8724643 0.9085648 0.8724643 0.9091379 0.8724643 0.9085648 0.8726171 0.9091379 0.8726171 0.9091379 0.8724643 0.9085648 0.8726171 0.9085648 0.8707116 0.9091622 0.8701385 0.9091622 0.8707117 0.909029 0.8707117 0.909029 0.8701385 0.9091622 0.8701387 0.909029 0.8707117 0.909029 0.8701387 0.909029 0.8707117 0.9088632 0.8707117 0.9088632 0.8701387 0.909029 0.8701387 0.9088632 0.8707117 0.9088632 0.8701387 0.9088632 0.8707117 0.9086975 0.8707117 0.9086975 0.8701387 0.9088632 0.8701387 0.9086975 0.8707117 0.9086975 0.8701387 0.9086975 0.8707116 0.9085648 0.8707116 0.9085648 0.8701387 0.9086975 0.8701385 0.9085648 0.8707117 0.9091379 0.8707117 0.9085648 0.8708643 0.909138 0.8708643 0.909138 0.8707117 0.9085648 0.8708643 0.9085649 0.8708643 0.909138 0.8708643 0.9085649 0.8710343 0.909138 0.8710343 0.909138 0.8708643 0.9085649 0.8710343 0.9085649 0.8710343 0.909138 0.8710343 0.9085649 0.8711881 0.9091379 0.8711881 0.9091379 0.8710343 0.9085649 0.8711881 0.9085648 0.8695654 0.9091622 0.8689923 0.9091622 0.8695655 0.9090296 0.8695655 0.9090296 0.8689923 0.9091622 0.8689925 0.9090296 0.8695655 0.9090296 0.8689925 0.9090296 0.8695655 0.9088639 0.8695655 0.9088639 0.8689925 0.9090296 0.8689925 0.9088639 0.8689923 0.9088639 0.8684193 0.9088639 0.8689923 0.908698 0.8689923 0.908698 0.8684193 0.9088639 0.8684193 0.908698 0.8689923 0.908698 0.8684193 0.908698 0.8689923 0.9085648 0.8689923 0.9085648 0.8684193 0.908698 0.8684193 0.9085648 0.8716644 0.9091379 0.8716644 0.9085648 0.8718178 0.9091379 0.8718178 0.9091379 0.8716644 0.9085648 0.8718178 0.9085648 0.8718178 0.9091379 0.8718178 0.9085648 0.8719879 0.9091379 0.8719879 0.9091379 0.8718178 0.9085648 0.8719879 0.9085648 0.8719879 0.9091379 0.8719879 0.9085648 0.8721408 0.9091379 0.8721408 0.9091379 0.8719879 0.9085648 0.8721408 0.9085648 0.8701385 0.9091622 0.8695655 0.9091622 0.8701385 0.909029 0.8701385 0.909029 0.8695655 0.9091622 0.8695655 0.909029 0.8701385 0.909029 0.8695655 0.909029 0.8701385 0.9088632 0.8701385 0.9088632 0.8695655 0.909029 0.8695655 0.9088632 0.8701385 0.9088632 0.8695655 0.9088632 0.8701385 0.9086975 0.8701385 0.9086975 0.8695655 0.9088632 0.8695655 0.9086975 0.8701385 0.9086975 0.8695655 0.9086975 0.8701385 0.9085648 0.8701385 0.9085648 0.8695655 0.9086975 0.8695655 0.9085648 0.8711881 0.9091379 0.8711881 0.9085648 0.8713406 0.909138 0.8713406 0.909138 0.8711881 0.9085648 0.8713406 0.9085649 0.8713406 0.909138 0.8713406 0.9085649 0.8715106 0.909138 0.8715106 0.909138 0.8713406 0.9085649 0.8715106 0.9085649 0.8715106 0.909138 0.8715106 0.9085649 0.8716644 0.9091379 0.8716644 0.9091379 0.8715106 0.9085649 0.8716644 0.9085648 0.8689923 0.9091622 0.8684193 0.9091622 0.8689923 0.9090296 0.8689923 0.9090296 0.8684193 0.9091622 0.8684193 0.9090296 0.8689923 0.9090296 0.8684193 0.9090296 0.8689923 0.9088639 0.8689923 0.9088639 0.8684193 0.9090296 0.8684193 0.9088639 0.8512672 0.9367002 0.8506942 0.9367002 0.8512672 0.9365895 0.8512672 0.9365895 0.8506942 0.9367002 0.8506942 0.9365895 0.8512672 0.9365895 0.8506942 0.9365895 0.8512671 0.9307765 0.8512671 0.9307765 0.8506942 0.9365895 0.8506941 0.9307765 0.8624612 0.9324033 0.8618882 0.9324033 0.8618882 0.9321611 0.8624612 0.9324033 0.8618882 0.9321611 0.8624612 0.9321611 0.8624612 0.9321611 0.8618882 0.9321611 0.8618882 0.9319381 0.8624612 0.9321611 0.8618882 0.9319381 0.8624612 0.9319381 0.8624612 0.9319381 0.8618882 0.9319381 0.8618882 0.9317526 0.8624612 0.9319381 0.8618882 0.9317526 0.8624613 0.9317526 0.8605621 0.9420345 0.8599891 0.9420345 0.8599889 0.9418284 0.8605621 0.9420345 0.8599889 0.9418284 0.8605621 0.9418284 0.8605621 0.9418284 0.8599889 0.9418284 0.8599889 0.9415934 0.8605621 0.9418284 0.8599889 0.9415934 0.860562 0.9415934 0.860562 0.9415934 0.8599889 0.9415934 0.8599889 0.9413488 0.860562 0.9415934 0.8599889 0.9413488 0.860562 0.9413488 0.860562 0.9413488 0.8599889 0.9413488 0.8599889 0.9411142 0.860562 0.9413488 0.8599889 0.9411142 0.8605621 0.9411142 0.8605621 0.9411142 0.8599889 0.9411142 0.8599891 0.9409087 0.8605621 0.9411142 0.8599891 0.9409087 0.8605621 0.9409087 0.850694 0.9301244 0.851267 0.9301244 0.851267 0.9303106 0.850694 0.9301244 0.851267 0.9303106 0.850694 0.9303106 0.850694 0.9303106 0.851267 0.9303106 0.8512671 0.930534 0.850694 0.9303106 0.8512671 0.930534 0.8506941 0.930534 0.8506941 0.930534 0.8512671 0.930534 0.8512671 0.9307765 0.8506941 0.930534 0.8512671 0.9307765 0.8506941 0.9307765 0.8618882 0.9324033 0.8624612 0.9324033 0.8618882 0.9382154 0.8618882 0.9382154 0.8624612 0.9324033 0.8624612 0.9382154 0.8618882 0.9382154 0.8624612 0.9382154 0.8618882 0.938326 0.8618882 0.938326 0.8624612 0.9382154 0.8624612 0.938326 0.8514398 0.9241603 0.8514832 0.9234626 0.8516055 0.9241225 0.8516055 0.9241225 0.8514832 0.9234626 0.8517279 0.9234626 0.8516055 0.9241225 0.8517279 0.9234626 0.8517714 0.9241603 0.8513069 0.9242663 0.8510426 0.9236639 0.8514398 0.9241603 0.8514398 0.9241603 0.8510426 0.9236639 0.8512485 0.9235316 0.8514398 0.9241603 0.8512485 0.9235316 0.8514832 0.9234626 0.8521786 0.9292425 0.8519023 0.9291281 0.8517714 0.927905 0.8519043 0.9247427 0.8527464 0.9301244 0.8527126 0.9299384 0.8527464 0.9301244 0.8519043 0.9247427 0.8524652 0.9243135 0.8516055 0.9248866 0.8514398 0.9272167 0.8514398 0.9248487 0.8514398 0.9248487 0.8514398 0.9272167 0.8513069 0.9273226 0.8512331 0.9274758 0.8512331 0.9276458 0.8504985 0.9299384 0.8504985 0.9299384 0.8512331 0.9276458 0.8513069 0.927799 0.8504985 0.9299384 0.8513069 0.927799 0.850613 0.929662 0.850613 0.929662 0.8513069 0.927799 0.8514398 0.927905 0.850613 0.929662 0.8514398 0.927905 0.8507952 0.9294247 0.8507952 0.9294247 0.8514398 0.927905 0.8510325 0.9292425 0.8519781 0.9276458 0.8519781 0.9274758 0.8527126 0.9299384 0.8527126 0.9299384 0.8519781 0.9274758 0.8517714 0.9248487 0.8527126 0.9299384 0.8517714 0.9248487 0.8519043 0.9247427 0.8517279 0.9234626 0.8519627 0.9235316 0.8517714 0.9241603 0.8517714 0.9241603 0.8519627 0.9235316 0.8521685 0.9236639 0.8517714 0.9241603 0.8521685 0.9236639 0.8519043 0.9242663 0.8517714 0.927905 0.8519023 0.9291281 0.8516055 0.9279429 0.8516055 0.9279429 0.8519023 0.9291281 0.8516055 0.929089 0.8516055 0.9279429 0.8516055 0.929089 0.8514398 0.927905 0.8514398 0.927905 0.8516055 0.929089 0.851309 0.9291281 0.8514398 0.927905 0.851309 0.9291281 0.8510325 0.9292425 0.8519781 0.9276458 0.8527126 0.9299384 0.8519043 0.927799 0.8519043 0.927799 0.8527126 0.9299384 0.8525981 0.929662 0.8519043 0.927799 0.8525981 0.929662 0.8517714 0.927905 0.8517714 0.927905 0.8525981 0.929662 0.852416 0.9294247 0.8517714 0.927905 0.852416 0.9294247 0.8521786 0.9292425 0.8519781 0.9274758 0.8519043 0.9273226 0.8517714 0.9248487 0.8517714 0.9248487 0.8519043 0.9273226 0.8517714 0.9272167 0.8517714 0.9248487 0.8517714 0.9272167 0.8516055 0.9248866 0.8516055 0.9248866 0.8517714 0.9272167 0.8516055 0.9271788 0.8516055 0.9248866 0.8516055 0.9271788 0.8514398 0.9272167 0.8519043 0.9247427 0.8519781 0.9245895 0.8524652 0.9243135 0.8524652 0.9243135 0.8519781 0.9245895 0.8519781 0.9244195 0.8524652 0.9243135 0.8519781 0.9244195 0.8524304 0.9240713 0.8524304 0.9240713 0.8519781 0.9244195 0.8519043 0.9242663 0.8524304 0.9240713 0.8519043 0.9242663 0.8523287 0.9238488 0.8523287 0.9238488 0.8519043 0.9242663 0.8521685 0.9236639 0.8513069 0.9273226 0.8512331 0.9274758 0.8514398 0.9248487 0.8514398 0.9248487 0.8512331 0.9274758 0.8504985 0.9299384 0.8514398 0.9248487 0.8504985 0.9299384 0.8513069 0.9247427 0.8513069 0.9247427 0.8504985 0.9299384 0.8504648 0.9301244 0.8513069 0.9247427 0.8504648 0.9301244 0.8512331 0.9245895 0.8512331 0.9245895 0.8504648 0.9301244 0.850746 0.9243135 0.8512331 0.9245895 0.850746 0.9243135 0.8512331 0.9244195 0.8512331 0.9244195 0.850746 0.9243135 0.8507809 0.9240713 0.8512331 0.9244195 0.8507809 0.9240713 0.8513069 0.9242663 0.8513069 0.9242663 0.8507809 0.9240713 0.8508824 0.9238488 0.8513069 0.9242663 0.8508824 0.9238488 0.8510426 0.9236639 0.8352399 0.9302094 0.8350742 0.9301716 0.8351965 0.9295118 0.8354466 0.933525 0.8353729 0.9333718 0.8349085 0.9308978 0.8349085 0.9308978 0.8353729 0.9333718 0.8352399 0.9332657 0.8349085 0.9308978 0.8352399 0.9332657 0.8347755 0.9307919 0.8347755 0.9307919 0.8352399 0.9332657 0.8350742 0.9332279 0.8347755 0.9307919 0.8350742 0.9332279 0.8347017 0.9306387 0.8347755 0.9303155 0.8345113 0.929713 0.8349085 0.9302094 0.8349085 0.9302094 0.8345113 0.929713 0.8347171 0.9295807 0.8349085 0.9302094 0.8347171 0.9295807 0.8350742 0.9301716 0.8350742 0.9301716 0.8347171 0.9295807 0.8349519 0.9295118 0.8350742 0.9301716 0.8349519 0.9295118 0.8351965 0.9295118 0.8339671 0.9359876 0.8339335 0.9361736 0.8342146 0.9303626 0.8350742 0.9332279 0.8349085 0.9332657 0.8347017 0.9306387 0.8347017 0.9306387 0.8349085 0.9332657 0.8342146 0.9303626 0.8347017 0.9306387 0.8342146 0.9303626 0.8347017 0.9304687 0.8347017 0.9304687 0.8342146 0.9303626 0.8342494 0.9301205 0.8347017 0.9304687 0.8342494 0.9301205 0.8347755 0.9303155 0.8347755 0.9303155 0.8342494 0.9301205 0.8343511 0.9298979 0.8347755 0.9303155 0.8343511 0.9298979 0.8345113 0.929713 0.8353729 0.9307919 0.8354466 0.9306387 0.8359338 0.9303626 0.8359338 0.9303626 0.8354466 0.9306387 0.8354466 0.9304687 0.8359338 0.9303626 0.8354466 0.9304687 0.8358989 0.9301205 0.8358989 0.9301205 0.8354466 0.9304687 0.8353729 0.9303155 0.8351965 0.9295118 0.8354313 0.9295807 0.8352399 0.9302094 0.8352399 0.9302094 0.8354313 0.9295807 0.8356371 0.929713 0.8352399 0.9302094 0.8356371 0.929713 0.8353729 0.9303155 0.8353729 0.9303155 0.8356371 0.929713 0.8357973 0.9298979 0.8353729 0.9303155 0.8357973 0.9298979 0.8358989 0.9301205 0.8349085 0.9332657 0.8347755 0.9333718 0.8342146 0.9303626 0.8342146 0.9303626 0.8347755 0.9333718 0.8347017 0.933525 0.8342146 0.9303626 0.8347017 0.933525 0.8339671 0.9359876 0.8347017 0.933525 0.8347017 0.933695 0.8339671 0.9359876 0.8339671 0.9359876 0.8347017 0.933695 0.8347755 0.9338482 0.8339671 0.9359876 0.8347755 0.9338482 0.8340817 0.9357112 0.8340817 0.9357112 0.8347755 0.9338482 0.8349085 0.9339541 0.8340817 0.9357112 0.8349085 0.9339541 0.8342638 0.9354738 0.8342638 0.9354738 0.8349085 0.9339541 0.8345012 0.9352917 0.8358846 0.9354738 0.8356472 0.9352917 0.8352399 0.9339541 0.8352399 0.9339541 0.8356472 0.9352917 0.8353708 0.9351771 0.8352399 0.9339541 0.8353708 0.9351771 0.8350742 0.9339919 0.8350742 0.9339919 0.8353708 0.9351771 0.8350742 0.9351381 0.8350742 0.9339919 0.8350742 0.9351381 0.8349085 0.9339541 0.8349085 0.9339541 0.8350742 0.9351381 0.8347776 0.9351771 0.8349085 0.9339541 0.8347776 0.9351771 0.8345012 0.9352917 0.8358846 0.9354738 0.8352399 0.9339541 0.8360667 0.9357112 0.8360667 0.9357112 0.8352399 0.9339541 0.8353729 0.9338482 0.8360667 0.9357112 0.8353729 0.9338482 0.8361813 0.9359876 0.8361813 0.9359876 0.8353729 0.9338482 0.8354466 0.933695 0.8361813 0.9359876 0.8354466 0.933695 0.8354466 0.933525 0.8359338 0.9303626 0.8362149 0.9361736 0.8353729 0.9307919 0.8353729 0.9307919 0.8362149 0.9361736 0.8361813 0.9359876 0.8353729 0.9307919 0.8361813 0.9359876 0.8352399 0.9308978 0.8352399 0.9308978 0.8361813 0.9359876 0.8354466 0.933525 0.8352399 0.9308978 0.8354466 0.933525 0.8350742 0.9309356 0.8350742 0.9309356 0.8354466 0.933525 0.8349085 0.9308978 0.8728341 0.9198639 0.8732472 0.9196695 0.8729706 0.9200524 0.8729706 0.9200524 0.8732472 0.9196695 0.8733966 0.9199286 0.8729706 0.9200524 0.8733966 0.9199286 0.8730385 0.9202749 0.8730385 0.9202749 0.8733966 0.9199286 0.8734741 0.9202175 0.8730385 0.9202749 0.8734741 0.9202175 0.8730306 0.9205074 0.8723719 0.9210731 0.8721882 0.9215034 0.8721409 0.9210459 0.8721409 0.9210459 0.8721882 0.9215034 0.8718993 0.9214261 0.8721409 0.9210459 0.8718993 0.9214261 0.8719311 0.9209452 0.8719311 0.9209452 0.8718993 0.9214261 0.8716401 0.9212765 0.8719311 0.9209452 0.8716401 0.9212765 0.8717655 0.9207818 0.8717655 0.9207818 0.8716401 0.9212765 0.8714286 0.9210649 0.8717655 0.9207818 0.8714286 0.9210649 0.8716618 0.9205735 0.8719719 0.9197625 0.8718993 0.9193083 0.872188 0.9196764 0.872188 0.9196764 0.8718993 0.9193083 0.8721882 0.9192308 0.872188 0.9196764 0.8721882 0.9192308 0.8724204 0.9196652 0.8724204 0.9196652 0.8721882 0.9192308 0.8724874 0.9192308 0.8724204 0.9196652 0.8724874 0.9192308 0.8726438 0.9197301 0.8726438 0.9197301 0.8724874 0.9192308 0.8727764 0.9193083 0.8726438 0.9197301 0.8727764 0.9193083 0.8728341 0.9198639 0.8728341 0.9198639 0.8727764 0.9193083 0.8730356 0.9194579 0.8728341 0.9198639 0.8730356 0.9194579 0.8732472 0.9196695 0.8714286 0.9210649 0.871279 0.9208058 0.8716618 0.9205735 0.8716618 0.9205735 0.871279 0.9208058 0.8712015 0.9205167 0.8716618 0.9205735 0.8712015 0.9205167 0.8716315 0.9203428 0.8716315 0.9203428 0.8712015 0.9205167 0.8712015 0.9202175 0.8716315 0.9203428 0.8712015 0.9202175 0.8716776 0.9201148 0.8716776 0.9201148 0.8712015 0.9202175 0.871279 0.9199286 0.8716776 0.9201148 0.871279 0.9199286 0.8717954 0.9199141 0.8717954 0.9199141 0.871279 0.9199286 0.8714286 0.9196695 0.8717954 0.9199141 0.8714286 0.9196695 0.8719719 0.9197625 0.8719719 0.9197625 0.8714286 0.9196695 0.8716401 0.9194579 0.8719719 0.9197625 0.8716401 0.9194579 0.8718993 0.9193083 0.8734741 0.9202175 0.8734741 0.9205167 0.8730306 0.9205074 0.8730306 0.9205074 0.8734741 0.9205167 0.8733966 0.9208058 0.8730306 0.9205074 0.8733966 0.9208058 0.8729475 0.9207248 0.8729475 0.9207248 0.8733966 0.9208058 0.8732472 0.9210649 0.8729475 0.9207248 0.8732472 0.9210649 0.8727983 0.9209033 0.8727983 0.9209033 0.8732472 0.9210649 0.8730356 0.9212765 0.8727983 0.9209033 0.8730356 0.9212765 0.8725993 0.9210238 0.8725993 0.9210238 0.8730356 0.9212765 0.8727764 0.9214261 0.8725993 0.9210238 0.8727764 0.9214261 0.8723719 0.9210731 0.8723719 0.9210731 0.8727764 0.9214261 0.8724874 0.9215034 0.8723719 0.9210731 0.8724874 0.9215034 0.8721882 0.9215034 0.8502358 0.9421439 0.8505987 0.9421439 0.8502358 0.9423735 0.8502358 0.9423735 0.8505987 0.9421439 0.8505987 0.9423735 0.8502358 0.9423735 0.8505987 0.9423735 0.8502358 0.9425784 0.8502358 0.9425784 0.8505987 0.9423735 0.8505987 0.9425784 0.8527464 0.9288231 0.8531093 0.9288232 0.8527464 0.9289937 0.8527464 0.9289937 0.8531093 0.9288232 0.8531093 0.9289937 0.8527464 0.9289937 0.8531093 0.9289937 0.8527464 0.9292064 0.8527464 0.9292064 0.8531093 0.9289937 0.8531093 0.9292064 0.8527464 0.9292064 0.8531093 0.9292064 0.8527464 0.9294382 0.8527464 0.9294382 0.8531093 0.9292064 0.8531093 0.9294382 0.8527464 0.9294382 0.8531093 0.9294382 0.8527464 0.929664 0.8527464 0.929664 0.8531093 0.9294382 0.8531093 0.929664 0.8527464 0.929664 0.8531093 0.929664 0.8527464 0.9298593 0.8527464 0.9298593 0.8531093 0.929664 0.8531093 0.9298593 0.8367301 0.9178469 0.837093 0.9178469 0.8367301 0.9180308 0.8367301 0.9180308 0.837093 0.9178469 0.8370931 0.9180308 0.8367301 0.9180308 0.8370931 0.9180308 0.8367301 0.918251 0.8367301 0.918251 0.8370931 0.9180308 0.8370931 0.918251 0.8367301 0.918251 0.8370931 0.918251 0.8367301 0.9184837 0.8367301 0.9184837 0.8370931 0.918251 0.8370931 0.9184837 0.8367301 0.9184837 0.8370931 0.9184837 0.8367301 0.9187036 0.8367301 0.9187036 0.8370931 0.9184837 0.8370931 0.9187036 0.8367301 0.9187036 0.8370931 0.9187036 0.8367301 0.9188868 0.8367301 0.9188868 0.8370931 0.9187036 0.837093 0.9188868 0.8494945 0.9421954 0.8491316 0.9421954 0.8494945 0.9419996 0.8494945 0.9419996 0.8491316 0.9421954 0.8491315 0.9419997 0.8494945 0.9419996 0.8491315 0.9419997 0.8494944 0.9417737 0.8494944 0.9417737 0.8491315 0.9419997 0.8491315 0.9417737 0.8494944 0.9417737 0.8491315 0.9417737 0.8494944 0.9415419 0.8494944 0.9415419 0.8491315 0.9417737 0.8491315 0.9415419 0.8494944 0.9415419 0.8491315 0.9415419 0.8494945 0.9413296 0.8494945 0.9413296 0.8491315 0.9415419 0.8491315 0.9413296 0.8494945 0.9413296 0.8491315 0.9413296 0.8494945 0.9411597 0.8494945 0.9411597 0.8491315 0.9413296 0.8491316 0.9411597 0.8502358 0.9417102 0.8505987 0.9417102 0.8502358 0.9419146 0.8502358 0.9419146 0.8505987 0.9417102 0.8505987 0.9419146 0.8502358 0.9419146 0.8505987 0.9419146 0.8502358 0.9421439 0.8502358 0.9421439 0.8505987 0.9419146 0.8505987 0.9421439 0.861613 0.9398035 0.8613249 0.93961 0.8616663 0.939642 0.8616663 0.939642 0.8613249 0.93961 0.8614357 0.9394053 0.8616663 0.939642 0.8614357 0.9394053 0.8617843 0.9395197 0.8617843 0.9395197 0.8614357 0.9394053 0.8616068 0.9392477 0.8617843 0.9395197 0.8616068 0.9392477 0.8619439 0.9394606 0.8618736 0.9402022 0.8616068 0.9404311 0.8617281 0.9401144 0.8617281 0.9401144 0.8616068 0.9404311 0.8614357 0.9402735 0.8617281 0.9401144 0.8614357 0.9402735 0.8616351 0.9399721 0.8616351 0.9399721 0.8614357 0.9402735 0.8613249 0.940069 0.8616351 0.9399721 0.8613249 0.940069 0.861613 0.9398035 0.861613 0.9398035 0.8613249 0.940069 0.8612865 0.9398395 0.861613 0.9398035 0.8612865 0.9398395 0.8613249 0.93961 0.8623204 0.940037 0.8624721 0.9403595 0.8622023 0.9401593 0.8622023 0.9401593 0.8624721 0.9403595 0.8622773 0.9404867 0.8622023 0.9401593 0.8622773 0.9404867 0.8620428 0.9402183 0.8620428 0.9402183 0.8622773 0.9404867 0.8620517 0.9405438 0.8620428 0.9402183 0.8620517 0.9405438 0.8618736 0.9402022 0.8618736 0.9402022 0.8620517 0.9405438 0.8618199 0.9405246 0.8618736 0.9402022 0.8618199 0.9405246 0.8616068 0.9404311 0.8623517 0.9397069 0.8626905 0.9397231 0.8623737 0.9398755 0.8623737 0.9398755 0.8626905 0.9397231 0.8626905 0.9399558 0.8623737 0.9398755 0.8626905 0.9399558 0.8623204 0.940037 0.8623204 0.940037 0.8626905 0.9399558 0.8626149 0.9401759 0.8623204 0.940037 0.8626149 0.9401759 0.8624721 0.9403595 0.8616068 0.9392477 0.8618199 0.9391543 0.8619439 0.9394606 0.8619439 0.9394606 0.8618199 0.9391543 0.8620517 0.9391351 0.8619439 0.9394606 0.8620517 0.9391351 0.8621131 0.9394767 0.8621131 0.9394767 0.8620517 0.9391351 0.8622773 0.9391922 0.8621131 0.9394767 0.8622773 0.9391922 0.8622587 0.9395646 0.8622587 0.9395646 0.8622773 0.9391922 0.8624721 0.9393195 0.8622587 0.9395646 0.8624721 0.9393195 0.8623517 0.9397069 0.8623517 0.9397069 0.8624721 0.9393195 0.8626149 0.9395031 0.8623517 0.9397069 0.8626149 0.9395031 0.8626905 0.9397231 0.8778249 0.9056127 0.877927 0.9060003 0.8776734 0.90569 0.8776734 0.90569 0.877927 0.9060003 0.8776996 0.9060741 0.8776734 0.90569 0.8776996 0.9060741 0.8775034 0.9056938 0.8776996 0.9060741 0.8774605 0.9060741 0.8775034 0.9056938 0.8775034 0.9056938 0.8774605 0.9060741 0.8772332 0.9060003 0.8775034 0.9056938 0.8772332 0.9060003 0.8773486 0.9056234 0.8773486 0.9056234 0.8772332 0.9060003 0.8770398 0.9058597 0.8773486 0.9056234 0.8770398 0.9058597 0.8772396 0.9054929 0.8772396 0.9054929 0.8770398 0.9058597 0.8768993 0.9056664 0.8772396 0.9054929 0.8768993 0.9056664 0.8771981 0.905328 0.877962 0.9053109 0.8783347 0.905439 0.8779279 0.9054774 0.8779279 0.9054774 0.8783347 0.905439 0.8782609 0.9056664 0.8779279 0.9054774 0.8782609 0.9056664 0.8778249 0.9056127 0.8778249 0.9056127 0.8782609 0.9056664 0.8781203 0.9058597 0.8778249 0.9056127 0.8781203 0.9058597 0.877927 0.9060003 0.8776567 0.9049452 0.877927 0.9046387 0.8778114 0.9050155 0.8778114 0.9050155 0.877927 0.9046387 0.8781203 0.9047792 0.8778114 0.9050155 0.8781203 0.9047792 0.8779204 0.905146 0.8779204 0.905146 0.8781203 0.9047792 0.8782609 0.9049726 0.8779204 0.905146 0.8782609 0.9049726 0.877962 0.9053109 0.877962 0.9053109 0.8782609 0.9049726 0.8783347 0.9051999 0.877962 0.9053109 0.8783347 0.9051999 0.8783347 0.905439 0.8773352 0.9050262 0.8772332 0.9046387 0.8774867 0.9049491 0.8774867 0.9049491 0.8772332 0.9046387 0.8774605 0.9045648 0.8774867 0.9049491 0.8774605 0.9045648 0.8776567 0.9049452 0.8776567 0.9049452 0.8774605 0.9045648 0.8776996 0.9045648 0.8776567 0.9049452 0.8776996 0.9045648 0.877927 0.9046387 0.8768993 0.9056664 0.8768253 0.905439 0.8771981 0.905328 0.8771981 0.905328 0.8768253 0.905439 0.8768253 0.9051999 0.8771981 0.905328 0.8768253 0.9051999 0.8772322 0.9051615 0.8772322 0.9051615 0.8768253 0.9051999 0.8768993 0.9049726 0.8772322 0.9051615 0.8768993 0.9049726 0.8773352 0.9050262 0.8773352 0.9050262 0.8768993 0.9049726 0.8770398 0.9047792 0.8773352 0.9050262 0.8770398 0.9047792 0.8772332 0.9046387</float_array>
          <technique_common>
            <accessor source="#rb1-mesh-map-0-array" count="8778" stride="2">
              <param name="S" type="float"/>
              <param name="T" type="float"/>
            </accessor>
          </technique_common>
        </source>
        <vertices id="rb1-mesh-vertices">
          <input semantic="POSITION" source="#rb1-mesh-positions"/>
        </vertices>
        <triangles material="rb1material-material" count="2926">
          <input semantic="VERTEX" source="#rb1-mesh-vertices" offset="0"/>
          <input semantic="NORMAL" source="#rb1-mesh-normals" offset="1"/>
          <input semantic="TEXCOORD" source="#rb1-mesh-map-0" offset="2" set="0"/>
          <p>0 0 0 1 0 1 2 0 2 3 1 3 4 1 4 5 1 5 5 2 6 4 2 7 6 2 8 1 3 9 7 3 10 2 3 11 2 4 12 7 4 13 8 4 14 2 5 15 8 5 16 5 5 17 5 6 18 8 6 19 9 6 20 5 7 21 9 7 22 3 7 23 10 8 24 2 8 25 11 8 26 11 9 27 2 9 28 12 9 29 13 10 30 0 10 31 14 10 32 14 11 33 0 11 34 2 11 35 14 12 36 2 12 37 15 12 38 15 13 39 2 13 40 10 13 41 6 14 42 16 14 43 5 14 44 5 15 45 16 15 46 17 15 47 5 16 48 17 16 49 18 16 50 18 17 51 19 17 52 5 17 53 5 18 54 19 18 55 20 18 56 5 19 57 20 19 58 21 19 59 22 20 60 23 20 61 24 20 62 24 21 63 23 21 64 25 21 65 26 22 66 27 22 67 28 22 68 28 23 69 27 23 70 29 23 71 2 24 72 30 24 73 31 24 74 30 25 75 2 25 76 32 25 77 32 26 78 2 26 79 5 26 80 32 27 81 5 27 82 33 27 83 33 28 84 5 28 85 34 28 86 33 29 87 34 29 88 31 29 89 31 30 90 34 30 91 35 30 92 31 31 93 35 31 94 2 31 95 36 32 96 37 32 97 38 32 98 37 33 99 36 33 100 39 33 101 39 34 102 36 34 103 40 34 104 39 35 105 40 35 106 41 35 107 41 36 108 40 36 109 42 36 110 41 37 111 42 37 112 38 37 113 38 38 114 42 38 115 43 38 116 38 39 117 43 39 118 36 39 119 2 40 120 35 40 121 12 40 122 12 41 123 35 41 124 42 41 125 12 42 126 42 42 127 40 42 128 36 43 129 43 43 130 21 43 131 21 44 132 43 44 133 34 44 134 21 45 135 34 45 136 5 45 137 35 46 138 34 46 139 42 46 140 42 47 141 34 47 142 43 47 143 44 48 144 45 48 145 40 48 146 45 49 147 46 49 148 40 49 149 40 50 150 46 50 151 47 50 152 40 51 153 47 51 154 12 51 155 48 52 156 36 52 157 49 52 158 49 53 159 36 53 160 21 53 161 48 54 162 50 54 163 36 54 164 36 55 165 50 55 166 51 55 167 36 56 168 51 56 169 52 56 170 52 57 171 53 57 172 36 57 173 36 58 174 53 58 175 54 58 176 36 59 177 54 59 178 40 59 179 40 60 180 54 60 181 55 60 182 40 61 183 55 61 184 44 61 185 56 62 186 57 62 187 58 62 188 59 63 189 30 63 190 60 63 191 60 64 192 30 64 193 32 64 194 60 65 195 32 65 196 61 65 197 59 66 198 62 66 199 30 66 200 30 67 201 62 67 202 63 67 203 30 68 204 63 68 205 27 68 206 58 69 207 64 69 208 56 69 209 56 70 210 64 70 211 65 70 212 56 71 213 65 71 214 32 71 215 32 72 216 65 72 217 66 72 218 32 73 219 66 73 220 61 73 221 67 74 222 29 74 223 68 74 224 68 75 225 29 75 226 27 75 227 68 76 228 27 76 229 69 76 230 69 77 231 27 77 232 63 77 233 70 78 234 56 78 235 33 78 236 33 79 237 56 79 238 32 79 239 71 80 240 72 80 241 73 80 242 73 81 243 72 81 244 70 81 245 26 82 246 28 82 247 74 82 248 74 83 249 75 83 250 26 83 251 26 84 252 75 84 253 76 84 254 26 85 255 76 85 256 31 85 257 31 86 258 76 86 259 77 86 260 31 87 261 77 87 262 78 87 263 78 88 264 79 88 265 31 88 266 31 89 267 79 89 268 80 89 269 31 90 270 80 90 271 33 90 272 80 91 273 81 91 274 33 91 275 33 92 276 81 92 277 82 92 278 33 93 279 82 93 280 70 93 281 70 94 282 82 94 283 83 94 284 70 95 285 83 95 286 73 95 287 27 96 288 26 96 289 30 96 290 30 97 291 26 97 292 31 97 293 56 98 294 70 98 295 57 98 296 57 99 297 70 99 298 72 99 299 84 100 300 85 100 301 86 100 302 86 101 303 87 101 304 84 101 305 84 102 306 87 102 307 88 102 308 84 103 309 88 103 310 39 103 311 39 104 312 88 104 313 89 104 314 39 105 315 89 105 316 90 105 317 91 106 318 25 106 319 92 106 320 92 107 321 25 107 322 23 107 323 90 108 324 93 108 325 39 108 326 39 109 327 93 109 328 94 109 329 39 110 330 94 110 331 37 110 332 94 111 333 95 111 334 37 111 335 37 112 336 95 112 337 96 112 338 37 113 339 96 113 340 23 113 341 23 114 342 96 114 343 97 114 344 23 115 345 97 115 346 92 115 347 98 116 348 84 116 349 41 116 350 41 117 351 84 117 352 39 117 353 22 118 354 24 118 355 99 118 356 100 119 357 101 119 358 41 119 359 41 120 360 101 120 361 102 120 362 41 121 363 102 121 364 98 121 365 100 122 366 41 122 367 103 122 368 103 123 369 41 123 370 38 123 371 103 124 372 38 124 373 104 124 374 105 125 375 106 125 376 107 125 377 107 126 378 106 126 379 98 126 380 107 127 381 98 127 382 108 127 383 108 128 384 98 128 385 102 128 386 99 129 387 109 129 388 22 129 389 22 130 390 109 130 391 110 130 392 22 131 393 110 131 394 38 131 395 38 132 396 110 132 397 111 132 398 38 133 399 111 133 400 104 133 401 23 134 402 22 134 403 37 134 404 37 135 405 22 135 406 38 135 407 84 136 408 98 136 409 85 136 410 85 137 411 98 137 412 106 137 413 74 138 414 67 138 415 75 138 416 75 139 417 67 139 418 68 139 419 75 140 420 68 140 421 76 140 422 76 141 423 68 141 424 69 141 425 76 142 426 69 142 427 77 142 428 77 143 429 69 143 430 63 143 431 77 144 432 63 144 433 78 144 434 78 145 435 63 145 436 62 145 437 78 146 438 62 146 439 79 146 440 79 147 441 62 147 442 59 147 443 79 148 444 59 148 445 80 148 446 80 149 447 59 149 448 60 149 449 80 150 450 60 150 451 81 150 452 81 151 453 60 151 454 61 151 455 81 152 456 61 152 457 82 152 458 82 153 459 61 153 460 66 153 461 82 154 462 66 154 463 83 154 464 83 155 465 66 155 466 65 155 467 83 156 468 65 156 469 73 156 470 73 157 471 65 157 472 64 157 473 73 158 474 64 158 475 71 158 476 71 159 477 64 159 478 58 159 479 67 160 480 74 160 481 29 160 482 29 161 483 74 161 484 28 161 485 57 162 486 72 162 487 58 162 488 58 163 489 72 163 490 71 163 491 25 164 492 91 164 493 24 164 494 24 165 495 91 165 496 99 165 497 86 166 498 85 166 499 105 166 500 105 167 501 85 167 502 106 167 503 99 168 504 91 168 505 109 168 506 109 169 507 91 169 508 92 169 509 109 170 510 92 170 511 110 170 512 110 171 513 92 171 514 97 171 515 110 172 516 97 172 517 111 172 518 111 173 519 97 173 520 96 173 521 111 174 522 96 174 523 104 174 524 104 175 525 96 175 526 95 175 527 104 176 528 95 176 529 103 176 530 103 177 531 95 177 532 94 177 533 103 178 534 94 178 535 100 178 536 100 179 537 94 179 538 93 179 539 100 180 540 93 180 541 101 180 542 101 181 543 93 181 544 90 181 545 101 182 546 90 182 547 102 182 548 102 183 549 90 183 550 89 183 551 102 184 552 89 184 553 108 184 554 108 185 555 89 185 556 88 185 557 108 186 558 88 186 559 107 186 560 107 187 561 88 187 562 87 187 563 107 188 564 87 188 565 105 188 566 105 189 567 87 189 568 86 189 569 112 190 570 16 190 571 6 190 572 112 191 573 6 191 574 113 191 575 113 192 576 6 192 577 4 192 578 113 193 579 4 193 580 114 193 581 114 194 582 4 194 583 3 194 584 114 195 585 3 195 586 115 195 587 115 196 588 3 196 589 9 196 590 115 197 591 9 197 592 116 197 593 116 198 594 9 198 595 8 198 596 116 199 597 8 199 598 117 199 599 117 200 600 8 200 601 7 200 602 117 201 603 7 201 604 118 201 605 118 202 606 7 202 607 1 202 608 118 203 609 1 203 610 119 203 611 119 204 612 1 204 613 0 204 614 119 205 615 0 205 616 120 205 617 120 206 618 0 206 619 13 206 620 120 207 621 13 207 622 121 207 623 121 208 624 13 208 625 14 208 626 121 209 627 14 209 628 122 209 629 122 210 630 14 210 631 15 210 632 122 211 633 15 211 634 123 211 635 123 212 636 15 212 637 10 212 638 123 213 639 10 213 640 124 213 641 124 214 642 10 214 643 11 214 644 124 215 645 11 215 646 125 215 647 125 216 648 11 216 649 12 216 650 125 217 651 12 217 652 126 217 653 12 218 654 47 218 655 126 218 656 126 219 657 47 219 658 46 219 659 126 220 660 46 220 661 127 220 662 127 221 663 46 221 664 45 221 665 127 222 666 45 222 667 128 222 668 128 223 669 45 223 670 44 223 671 128 224 672 44 224 673 129 224 674 129 225 675 44 225 676 55 225 677 129 226 678 55 226 679 130 226 680 130 227 681 55 227 682 54 227 683 130 228 684 54 228 685 131 228 686 131 229 687 54 229 688 53 229 689 131 230 690 53 230 691 132 230 692 132 231 693 53 231 694 52 231 695 132 232 696 52 232 697 133 232 698 133 233 699 52 233 700 51 233 701 133 234 702 51 234 703 134 234 704 134 235 705 51 235 706 50 235 707 134 236 708 50 236 709 135 236 710 135 237 711 50 237 712 48 237 713 135 238 714 48 238 715 136 238 716 136 239 717 48 239 718 49 239 719 136 240 720 49 240 721 137 240 722 137 241 723 49 241 724 21 241 725 137 242 726 21 242 727 138 242 728 21 243 729 20 243 730 138 243 731 138 244 732 20 244 733 19 244 734 138 245 735 19 245 736 139 245 737 139 246 738 19 246 739 18 246 740 139 247 741 18 247 742 140 247 743 140 248 744 18 248 745 17 248 746 140 249 747 17 249 748 141 249 749 141 250 750 17 250 751 16 250 752 141 251 753 16 251 754 112 251 755 142 252 756 112 252 757 143 252 758 143 253 759 112 253 760 113 253 761 143 254 762 113 254 763 144 254 764 144 255 765 113 255 766 114 255 767 144 256 768 114 256 769 145 256 770 142 257 771 146 257 772 112 257 773 112 258 774 146 258 775 147 258 776 112 259 777 147 259 778 141 259 779 141 260 780 147 260 781 148 260 782 141 261 783 148 261 784 140 261 785 140 262 786 148 262 787 149 262 788 140 263 789 149 263 790 139 263 791 139 264 792 149 264 793 150 264 794 151 265 795 134 265 796 152 265 797 152 266 798 134 266 799 135 266 800 152 267 801 135 267 802 153 267 803 154 268 804 132 268 805 151 268 806 151 269 807 132 269 808 133 269 809 151 270 810 133 270 811 134 270 812 114 271 813 115 271 814 145 271 815 145 272 816 115 272 817 116 272 818 145 273 819 116 273 820 155 273 821 155 274 822 116 274 823 117 274 824 155 275 825 117 275 826 156 275 827 156 276 828 117 276 829 118 276 830 156 277 831 118 277 832 157 277 833 157 278 834 118 278 835 119 278 836 157 279 837 119 279 838 158 279 839 158 280 840 119 280 841 120 280 842 158 281 843 120 281 844 159 281 845 159 282 846 120 282 847 121 282 848 135 283 849 136 283 850 153 283 851 153 284 852 136 284 853 137 284 854 153 285 855 137 285 856 150 285 857 150 286 858 137 286 859 138 286 860 150 287 861 138 287 862 139 287 863 142 288 864 160 288 865 146 288 866 146 289 867 160 289 868 161 289 869 146 290 870 161 290 871 162 290 872 162 291 873 161 291 874 163 291 875 162 292 876 163 292 877 164 292 878 164 293 879 163 293 880 165 293 881 166 294 882 129 294 883 167 294 884 167 295 885 129 295 886 130 295 887 167 296 888 130 296 889 154 296 890 154 297 891 130 297 892 131 297 893 154 298 894 131 298 895 132 298 896 168 299 897 126 299 898 169 299 899 169 300 900 126 300 901 127 300 902 169 301 903 127 301 904 166 301 905 166 302 906 127 302 907 128 302 908 166 303 909 128 303 910 129 303 911 163 304 912 159 304 913 165 304 914 165 305 915 159 305 916 121 305 917 165 306 918 121 306 919 168 306 920 168 307 921 121 307 922 122 307 923 168 308 924 122 308 925 123 308 926 123 309 927 124 309 928 168 309 929 168 310 930 124 310 931 125 310 932 168 311 933 125 311 934 126 311 935 170 312 936 171 312 937 172 312 938 173 313 939 174 313 940 175 313 941 175 314 942 174 314 943 176 314 944 175 315 945 176 315 946 177 315 947 177 316 948 176 316 949 178 316 950 177 317 951 178 317 952 172 317 953 172 318 954 178 318 955 179 318 956 172 319 957 179 319 958 170 319 959 180 320 960 181 320 961 182 320 962 182 321 963 181 321 964 183 321 965 182 322 966 183 322 967 184 322 968 184 323 969 183 323 970 185 323 971 184 324 972 185 324 973 186 324 974 186 325 975 185 325 976 187 325 977 186 326 978 187 326 979 173 326 980 173 327 981 187 327 982 188 327 983 173 328 984 188 328 985 174 328 986 170 329 987 189 329 988 171 329 989 171 330 990 189 330 991 190 330 992 171 331 993 190 331 994 191 331 995 191 332 996 190 332 997 192 332 998 191 333 999 192 333 1000 193 333 1001 193 334 1002 192 334 1003 194 334 1004 193 335 1005 194 335 1006 195 335 1007 195 336 1008 194 336 1009 196 336 1010 195 337 1011 196 337 1012 180 337 1013 180 338 1014 196 338 1015 197 338 1016 180 339 1017 197 339 1018 181 339 1019 198 340 1020 199 340 1021 146 340 1022 146 341 1023 199 341 1024 147 341 1025 199 342 1026 200 342 1027 147 342 1028 147 343 1029 200 343 1030 201 343 1031 147 344 1032 201 344 1033 148 344 1034 148 345 1035 201 345 1036 202 345 1037 148 346 1038 202 346 1039 149 346 1040 149 347 1041 202 347 1042 203 347 1043 149 348 1044 203 348 1045 150 348 1046 150 349 1047 203 349 1048 204 349 1049 150 350 1050 204 350 1051 153 350 1052 153 351 1053 204 351 1054 205 351 1055 153 352 1056 205 352 1057 152 352 1058 152 353 1059 205 353 1060 206 353 1061 152 354 1062 206 354 1063 151 354 1064 151 355 1065 206 355 1066 207 355 1067 151 356 1068 207 356 1069 154 356 1070 154 357 1071 207 357 1072 208 357 1073 154 358 1074 208 358 1075 167 358 1076 167 359 1077 208 359 1078 209 359 1079 167 360 1080 209 360 1081 166 360 1082 166 361 1083 209 361 1084 210 361 1085 166 362 1086 210 362 1087 169 362 1088 169 363 1089 210 363 1090 211 363 1091 169 364 1092 211 364 1093 168 364 1094 168 365 1095 211 365 1096 212 365 1097 168 366 1098 212 366 1099 165 366 1100 165 367 1101 212 367 1102 213 367 1103 165 368 1104 213 368 1105 164 368 1106 164 369 1107 213 369 1108 198 369 1109 164 370 1110 198 370 1111 162 370 1112 162 371 1113 198 371 1114 146 371 1115 161 372 1116 214 372 1117 163 372 1118 163 373 1119 214 373 1120 215 373 1121 163 374 1122 215 374 1123 159 374 1124 159 375 1125 215 375 1126 216 375 1127 159 376 1128 216 376 1129 158 376 1130 158 377 1131 216 377 1132 217 377 1133 158 378 1134 217 378 1135 157 378 1136 157 379 1137 217 379 1138 218 379 1139 157 380 1140 218 380 1141 156 380 1142 156 381 1143 218 381 1144 219 381 1145 156 382 1146 219 382 1147 155 382 1148 155 383 1149 219 383 1150 220 383 1151 155 384 1152 220 384 1153 145 384 1154 145 385 1155 220 385 1156 221 385 1157 145 386 1158 221 386 1159 144 386 1160 144 387 1161 221 387 1162 222 387 1163 144 388 1164 222 388 1165 143 388 1166 143 389 1167 222 389 1168 223 389 1169 143 390 1170 223 390 1171 142 390 1172 142 391 1173 223 391 1174 224 391 1175 142 392 1176 224 392 1177 160 392 1178 160 393 1179 224 393 1180 225 393 1181 160 394 1182 225 394 1183 161 394 1184 161 395 1185 225 395 1186 214 395 1187 221 396 1188 220 396 1189 226 396 1190 226 397 1191 220 397 1192 219 397 1193 226 398 1194 219 398 1195 218 398 1196 224 399 1197 223 399 1198 226 399 1199 226 400 1200 223 400 1201 222 400 1202 226 401 1203 222 401 1204 221 401 1205 215 402 1206 214 402 1207 226 402 1208 226 403 1209 214 403 1210 225 403 1211 226 404 1212 225 404 1213 224 404 1214 218 405 1215 217 405 1216 226 405 1217 226 406 1218 217 406 1219 216 406 1220 226 407 1221 216 407 1222 215 407 1223 190 408 1224 189 408 1225 227 408 1226 227 409 1227 189 409 1228 200 409 1229 189 410 1230 170 410 1231 200 410 1232 200 411 1233 170 411 1234 179 411 1235 200 412 1236 179 412 1237 201 412 1238 201 413 1239 179 413 1240 178 413 1241 201 414 1242 178 414 1243 202 414 1244 202 415 1245 178 415 1246 176 415 1247 202 416 1248 176 416 1249 203 416 1250 203 417 1251 176 417 1252 174 417 1253 203 418 1254 174 418 1255 204 418 1256 204 419 1257 174 419 1258 188 419 1259 204 420 1260 188 420 1261 205 420 1262 205 421 1263 188 421 1264 187 421 1265 205 422 1266 187 422 1267 206 422 1268 206 423 1269 187 423 1270 185 423 1271 206 424 1272 185 424 1273 207 424 1274 207 425 1275 185 425 1276 183 425 1277 207 426 1278 183 426 1279 208 426 1280 208 427 1281 183 427 1282 181 427 1283 208 428 1284 181 428 1285 209 428 1286 209 429 1287 181 429 1288 197 429 1289 209 430 1290 197 430 1291 210 430 1292 210 431 1293 197 431 1294 196 431 1295 210 432 1296 196 432 1297 211 432 1298 211 433 1299 196 433 1300 194 433 1301 211 434 1302 194 434 1303 212 434 1304 212 435 1305 194 435 1306 192 435 1307 212 436 1308 192 436 1309 213 436 1310 213 437 1311 192 437 1312 190 437 1313 213 438 1314 190 438 1315 198 438 1316 198 439 1317 190 439 1318 227 439 1319 228 440 1320 171 440 1321 229 440 1322 229 441 1323 171 441 1324 191 441 1325 229 442 1326 191 442 1327 230 442 1328 230 443 1329 191 443 1330 193 443 1331 230 444 1332 193 444 1333 231 444 1334 231 445 1335 193 445 1336 195 445 1337 231 446 1338 195 446 1339 232 446 1340 232 447 1341 195 447 1342 180 447 1343 232 448 1344 180 448 1345 233 448 1346 233 449 1347 180 449 1348 182 449 1349 233 450 1350 182 450 1351 234 450 1352 234 451 1353 182 451 1354 184 451 1355 234 452 1356 184 452 1357 235 452 1358 235 453 1359 184 453 1360 186 453 1361 235 454 1362 186 454 1363 236 454 1364 236 455 1365 186 455 1366 173 455 1367 236 456 1368 173 456 1369 237 456 1370 237 457 1371 173 457 1372 175 457 1373 237 458 1374 175 458 1375 238 458 1376 238 459 1377 175 459 1378 177 459 1379 238 460 1380 177 460 1381 239 460 1382 239 461 1383 177 461 1384 172 461 1385 239 462 1386 172 462 1387 228 462 1388 228 463 1389 172 463 1390 171 463 1391 238 464 1392 239 464 1393 240 464 1394 240 465 1395 239 465 1396 228 465 1397 240 466 1398 228 466 1399 229 466 1400 235 467 1401 236 467 1402 240 467 1403 240 468 1404 236 468 1405 237 468 1406 240 469 1407 237 469 1408 238 469 1409 232 470 1410 233 470 1411 240 470 1412 240 471 1413 233 471 1414 234 471 1415 240 472 1416 234 472 1417 235 472 1418 229 473 1419 230 473 1420 240 473 1421 240 474 1422 230 474 1423 231 474 1424 240 475 1425 231 475 1426 232 475 1427 241 476 1428 242 476 1429 243 476 1430 244 477 1431 245 477 1432 246 477 1433 246 478 1434 245 478 1435 247 478 1436 242 479 1437 248 479 1438 243 479 1439 243 480 1440 248 480 1441 249 480 1442 243 481 1443 249 481 1444 246 481 1445 246 482 1446 249 482 1447 250 482 1448 246 483 1449 250 483 1450 244 483 1451 251 484 1452 243 484 1453 252 484 1454 252 485 1455 243 485 1456 253 485 1457 254 486 1458 241 486 1459 255 486 1460 255 487 1461 241 487 1462 243 487 1463 255 488 1464 243 488 1465 256 488 1466 256 489 1467 243 489 1468 251 489 1469 247 490 1470 257 490 1471 246 490 1472 246 491 1473 257 491 1474 258 491 1475 246 492 1476 258 492 1477 259 492 1478 259 493 1479 260 493 1480 246 493 1481 246 494 1482 260 494 1483 261 494 1484 246 495 1485 261 495 1486 262 495 1487 263 496 1488 264 496 1489 265 496 1490 265 497 1491 264 497 1492 266 497 1493 267 498 1494 268 498 1495 269 498 1496 269 499 1497 268 499 1498 270 499 1499 243 500 1500 271 500 1501 272 500 1502 271 501 1503 243 501 1504 273 501 1505 273 502 1506 243 502 1507 246 502 1508 273 503 1509 246 503 1510 274 503 1511 274 504 1512 246 504 1513 275 504 1514 274 505 1515 275 505 1516 272 505 1517 272 506 1518 275 506 1519 276 506 1520 272 507 1521 276 507 1522 243 507 1523 277 508 1524 278 508 1525 279 508 1526 278 509 1527 277 509 1528 280 509 1529 280 510 1530 277 510 1531 281 510 1532 280 511 1533 281 511 1534 282 511 1535 282 512 1536 281 512 1537 283 512 1538 282 513 1539 283 513 1540 279 513 1541 279 514 1542 283 514 1543 284 514 1544 279 515 1545 284 515 1546 277 515 1547 243 516 1548 276 516 1549 253 516 1550 253 517 1551 276 517 1552 283 517 1553 253 518 1554 283 518 1555 281 518 1556 277 519 1557 284 519 1558 262 519 1559 262 520 1560 284 520 1561 275 520 1562 262 521 1563 275 521 1564 246 521 1565 276 522 1566 275 522 1567 283 522 1568 283 523 1569 275 523 1570 284 523 1571 285 524 1572 286 524 1573 281 524 1574 286 525 1575 287 525 1576 281 525 1577 281 526 1578 287 526 1579 288 526 1580 281 527 1581 288 527 1582 253 527 1583 289 528 1584 277 528 1585 290 528 1586 290 529 1587 277 529 1588 262 529 1589 289 530 1590 291 530 1591 277 530 1592 277 531 1593 291 531 1594 292 531 1595 277 532 1596 292 532 1597 293 532 1598 293 533 1599 294 533 1600 277 533 1601 277 534 1602 294 534 1603 295 534 1604 277 535 1605 295 535 1606 281 535 1607 281 536 1608 295 536 1609 296 536 1610 281 537 1611 296 537 1612 285 537 1613 297 538 1614 298 538 1615 299 538 1616 300 539 1617 271 539 1618 301 539 1619 301 540 1620 271 540 1621 273 540 1622 301 541 1623 273 541 1624 302 541 1625 300 542 1626 303 542 1627 271 542 1628 271 543 1629 303 543 1630 304 543 1631 271 544 1632 304 544 1633 268 544 1634 299 545 1635 305 545 1636 297 545 1637 297 546 1638 305 546 1639 306 546 1640 297 547 1641 306 547 1642 273 547 1643 273 548 1644 306 548 1645 307 548 1646 273 549 1647 307 549 1648 302 549 1649 308 550 1650 270 550 1651 309 550 1652 309 551 1653 270 551 1654 268 551 1655 309 552 1656 268 552 1657 310 552 1658 310 553 1659 268 553 1660 304 553 1661 311 554 1662 297 554 1663 274 554 1664 274 555 1665 297 555 1666 273 555 1667 312 556 1668 313 556 1669 314 556 1670 314 557 1671 313 557 1672 311 557 1673 267 558 1674 269 558 1675 315 558 1676 315 559 1677 316 559 1678 267 559 1679 267 560 1680 316 560 1681 317 560 1682 267 561 1683 317 561 1684 272 561 1685 272 562 1686 317 562 1687 318 562 1688 272 563 1689 318 563 1690 319 563 1691 319 564 1692 320 564 1693 272 564 1694 272 565 1695 320 565 1696 321 565 1697 272 566 1698 321 566 1699 274 566 1700 321 567 1701 322 567 1702 274 567 1703 274 568 1704 322 568 1705 323 568 1706 274 569 1707 323 569 1708 311 569 1709 311 570 1710 323 570 1711 324 570 1712 311 571 1713 324 571 1714 314 571 1715 268 572 1716 267 572 1717 271 572 1718 271 573 1719 267 573 1720 272 573 1721 297 574 1722 311 574 1723 298 574 1724 298 575 1725 311 575 1726 313 575 1727 325 576 1728 326 576 1729 327 576 1730 327 577 1731 328 577 1732 325 577 1733 325 578 1734 328 578 1735 329 578 1736 325 579 1737 329 579 1738 280 579 1739 280 580 1740 329 580 1741 330 580 1742 280 581 1743 330 581 1744 331 581 1745 332 582 1746 266 582 1747 333 582 1748 333 583 1749 266 583 1750 264 583 1751 331 584 1752 334 584 1753 280 584 1754 280 585 1755 334 585 1756 335 585 1757 280 586 1758 335 586 1759 278 586 1760 335 587 1761 336 587 1762 278 587 1763 278 588 1764 336 588 1765 337 588 1766 278 589 1767 337 589 1768 264 589 1769 264 590 1770 337 590 1771 338 590 1772 264 591 1773 338 591 1774 333 591 1775 339 592 1776 325 592 1777 282 592 1778 282 593 1779 325 593 1780 280 593 1781 263 594 1782 265 594 1783 340 594 1784 341 595 1785 342 595 1786 282 595 1787 282 596 1788 342 596 1789 343 596 1790 282 597 1791 343 597 1792 339 597 1793 341 598 1794 282 598 1795 344 598 1796 344 599 1797 282 599 1798 279 599 1799 344 600 1800 279 600 1801 345 600 1802 346 601 1803 347 601 1804 348 601 1805 348 602 1806 347 602 1807 339 602 1808 348 603 1809 339 603 1810 349 603 1811 349 604 1812 339 604 1813 343 604 1814 340 605 1815 350 605 1816 263 605 1817 263 606 1818 350 606 1819 351 606 1820 263 607 1821 351 607 1822 279 607 1823 279 608 1824 351 608 1825 352 608 1826 279 609 1827 352 609 1828 345 609 1829 264 610 1830 263 610 1831 278 610 1832 278 611 1833 263 611 1834 279 611 1835 325 612 1836 339 612 1837 326 612 1838 326 613 1839 339 613 1840 347 613 1841 315 614 1842 308 614 1843 316 614 1844 316 615 1845 308 615 1846 309 615 1847 316 616 1848 309 616 1849 317 616 1850 317 617 1851 309 617 1852 310 617 1853 317 618 1854 310 618 1855 318 618 1856 318 619 1857 310 619 1858 304 619 1859 318 620 1860 304 620 1861 319 620 1862 319 621 1863 304 621 1864 303 621 1865 319 622 1866 303 622 1867 320 622 1868 320 623 1869 303 623 1870 300 623 1871 320 624 1872 300 624 1873 321 624 1874 321 625 1875 300 625 1876 301 625 1877 321 626 1878 301 626 1879 322 626 1880 322 627 1881 301 627 1882 302 627 1883 322 628 1884 302 628 1885 323 628 1886 323 629 1887 302 629 1888 307 629 1889 323 630 1890 307 630 1891 324 630 1892 324 631 1893 307 631 1894 306 631 1895 324 632 1896 306 632 1897 314 632 1898 314 633 1899 306 633 1900 305 633 1901 314 634 1902 305 634 1903 312 634 1904 312 635 1905 305 635 1906 299 635 1907 308 636 1908 315 636 1909 270 636 1910 270 637 1911 315 637 1912 269 637 1913 298 638 1914 313 638 1915 299 638 1916 299 639 1917 313 639 1918 312 639 1919 266 640 1920 332 640 1921 265 640 1922 265 641 1923 332 641 1924 340 641 1925 327 642 1926 326 642 1927 346 642 1928 346 643 1929 326 643 1930 347 643 1931 340 644 1932 332 644 1933 350 644 1934 350 645 1935 332 645 1936 333 645 1937 350 646 1938 333 646 1939 351 646 1940 351 647 1941 333 647 1942 338 647 1943 351 648 1944 338 648 1945 352 648 1946 352 649 1947 338 649 1948 337 649 1949 352 650 1950 337 650 1951 345 650 1952 345 651 1953 337 651 1954 336 651 1955 345 652 1956 336 652 1957 344 652 1958 344 653 1959 336 653 1960 335 653 1961 344 654 1962 335 654 1963 341 654 1964 341 655 1965 335 655 1966 334 655 1967 341 656 1968 334 656 1969 342 656 1970 342 657 1971 334 657 1972 331 657 1973 342 658 1974 331 658 1975 343 658 1976 343 659 1977 331 659 1978 330 659 1979 343 660 1980 330 660 1981 349 660 1982 349 661 1983 330 661 1984 329 661 1985 349 662 1986 329 662 1987 348 662 1988 348 663 1989 329 663 1990 328 663 1991 348 664 1992 328 664 1993 346 664 1994 346 665 1995 328 665 1996 327 665 1997 353 666 1998 257 666 1999 247 666 2000 353 667 2001 247 667 2002 354 667 2003 354 668 2004 247 668 2005 245 668 2006 354 669 2007 245 669 2008 355 669 2009 355 670 2010 245 670 2011 244 670 2012 355 671 2013 244 671 2014 356 671 2015 356 672 2016 244 672 2017 250 672 2018 356 673 2019 250 673 2020 357 673 2021 357 674 2022 250 674 2023 249 674 2024 357 675 2025 249 675 2026 358 675 2027 358 676 2028 249 676 2029 248 676 2030 358 677 2031 248 677 2032 359 677 2033 359 678 2034 248 678 2035 242 678 2036 359 679 2037 242 679 2038 360 679 2039 360 680 2040 242 680 2041 241 680 2042 360 681 2043 241 681 2044 361 681 2045 361 682 2046 241 682 2047 254 682 2048 361 683 2049 254 683 2050 362 683 2051 362 684 2052 254 684 2053 255 684 2054 362 685 2055 255 685 2056 363 685 2057 363 686 2058 255 686 2059 256 686 2060 363 687 2061 256 687 2062 364 687 2063 364 688 2064 256 688 2065 251 688 2066 364 689 2067 251 689 2068 365 689 2069 365 690 2070 251 690 2071 252 690 2072 365 691 2073 252 691 2074 366 691 2075 366 692 2076 252 692 2077 253 692 2078 366 693 2079 253 693 2080 367 693 2081 253 694 2082 288 694 2083 367 694 2084 367 695 2085 288 695 2086 287 695 2087 367 696 2088 287 696 2089 368 696 2090 368 697 2091 287 697 2092 286 697 2093 368 698 2094 286 698 2095 369 698 2096 369 699 2097 286 699 2098 285 699 2099 369 700 2100 285 700 2101 370 700 2102 370 701 2103 285 701 2104 296 701 2105 370 702 2106 296 702 2107 371 702 2108 371 703 2109 296 703 2110 295 703 2111 371 704 2112 295 704 2113 372 704 2114 372 705 2115 295 705 2116 294 705 2117 372 706 2118 294 706 2119 373 706 2120 373 707 2121 294 707 2122 293 707 2123 373 708 2124 293 708 2125 374 708 2126 374 709 2127 293 709 2128 292 709 2129 374 710 2130 292 710 2131 375 710 2132 375 711 2133 292 711 2134 291 711 2135 375 712 2136 291 712 2137 376 712 2138 376 713 2139 291 713 2140 289 713 2141 376 714 2142 289 714 2143 377 714 2144 377 715 2145 289 715 2146 290 715 2147 377 716 2148 290 716 2149 378 716 2150 378 717 2151 290 717 2152 262 717 2153 378 718 2154 262 718 2155 379 718 2156 262 719 2157 261 719 2158 379 719 2159 379 720 2160 261 720 2161 260 720 2162 379 721 2163 260 721 2164 380 721 2165 380 722 2166 260 722 2167 259 722 2168 380 723 2169 259 723 2170 381 723 2171 381 724 2172 259 724 2173 258 724 2174 381 725 2175 258 725 2176 382 725 2177 382 726 2178 258 726 2179 257 726 2180 382 727 2181 257 727 2182 353 727 2183 383 728 2184 353 728 2185 384 728 2186 384 729 2187 353 729 2188 354 729 2189 384 730 2190 354 730 2191 385 730 2192 385 731 2193 354 731 2194 355 731 2195 385 732 2196 355 732 2197 386 732 2198 383 733 2199 387 733 2200 353 733 2201 353 734 2202 387 734 2203 388 734 2204 353 735 2205 388 735 2206 382 735 2207 382 736 2208 388 736 2209 389 736 2210 382 737 2211 389 737 2212 381 737 2213 381 738 2214 389 738 2215 390 738 2216 381 739 2217 390 739 2218 380 739 2219 380 740 2220 390 740 2221 391 740 2222 392 741 2223 375 741 2224 393 741 2225 393 742 2226 375 742 2227 376 742 2228 393 743 2229 376 743 2230 394 743 2231 395 744 2232 373 744 2233 392 744 2234 392 745 2235 373 745 2236 374 745 2237 392 746 2238 374 746 2239 375 746 2240 355 747 2241 356 747 2242 386 747 2243 386 748 2244 356 748 2245 357 748 2246 386 749 2247 357 749 2248 396 749 2249 396 750 2250 357 750 2251 358 750 2252 396 751 2253 358 751 2254 397 751 2255 397 752 2256 358 752 2257 359 752 2258 397 753 2259 359 753 2260 398 753 2261 398 754 2262 359 754 2263 360 754 2264 398 755 2265 360 755 2266 399 755 2267 399 756 2268 360 756 2269 361 756 2270 399 757 2271 361 757 2272 400 757 2273 400 758 2274 361 758 2275 362 758 2276 376 759 2277 377 759 2278 394 759 2279 394 760 2280 377 760 2281 378 760 2282 394 761 2283 378 761 2284 391 761 2285 391 762 2286 378 762 2287 379 762 2288 391 763 2289 379 763 2290 380 763 2291 383 764 2292 401 764 2293 387 764 2294 387 765 2295 401 765 2296 402 765 2297 387 766 2298 402 766 2299 403 766 2300 403 767 2301 402 767 2302 404 767 2303 403 768 2304 404 768 2305 405 768 2306 405 769 2307 404 769 2308 406 769 2309 407 770 2310 370 770 2311 408 770 2312 408 771 2313 370 771 2314 371 771 2315 408 772 2316 371 772 2317 395 772 2318 395 773 2319 371 773 2320 372 773 2321 395 774 2322 372 774 2323 373 774 2324 409 775 2325 367 775 2326 410 775 2327 410 776 2328 367 776 2329 368 776 2330 410 777 2331 368 777 2332 407 777 2333 407 778 2334 368 778 2335 369 778 2336 407 779 2337 369 779 2338 370 779 2339 404 780 2340 400 780 2341 406 780 2342 406 781 2343 400 781 2344 362 781 2345 406 782 2346 362 782 2347 409 782 2348 409 783 2349 362 783 2350 363 783 2351 409 784 2352 363 784 2353 364 784 2354 364 785 2355 365 785 2356 409 785 2357 409 786 2358 365 786 2359 366 786 2360 409 787 2361 366 787 2362 367 787 2363 411 788 2364 412 788 2365 413 788 2366 414 789 2367 415 789 2368 416 789 2369 416 790 2370 415 790 2371 417 790 2372 416 791 2373 417 791 2374 418 791 2375 418 792 2376 417 792 2377 419 792 2378 418 793 2379 419 793 2380 413 793 2381 413 794 2382 419 794 2383 420 794 2384 413 795 2385 420 795 2386 411 795 2387 421 796 2388 422 796 2389 423 796 2390 423 797 2391 422 797 2392 424 797 2393 423 798 2394 424 798 2395 425 798 2396 425 799 2397 424 799 2398 426 799 2399 425 800 2400 426 800 2401 427 800 2402 427 801 2403 426 801 2404 428 801 2405 427 802 2406 428 802 2407 414 802 2408 414 803 2409 428 803 2410 429 803 2411 414 804 2412 429 804 2413 415 804 2414 411 805 2415 430 805 2416 412 805 2417 412 806 2418 430 806 2419 431 806 2420 412 807 2421 431 807 2422 432 807 2423 432 808 2424 431 808 2425 433 808 2426 432 809 2427 433 809 2428 434 809 2429 434 810 2430 433 810 2431 435 810 2432 434 811 2433 435 811 2434 436 811 2435 436 812 2436 435 812 2437 437 812 2438 436 813 2439 437 813 2440 421 813 2441 421 814 2442 437 814 2443 438 814 2444 421 815 2445 438 815 2446 422 815 2447 439 816 2448 440 816 2449 387 816 2450 387 817 2451 440 817 2452 388 817 2453 440 818 2454 441 818 2455 388 818 2456 388 819 2457 441 819 2458 442 819 2459 388 820 2460 442 820 2461 389 820 2462 389 821 2463 442 821 2464 443 821 2465 389 822 2466 443 822 2467 390 822 2468 390 823 2469 443 823 2470 444 823 2471 390 824 2472 444 824 2473 391 824 2474 391 825 2475 444 825 2476 445 825 2477 391 826 2478 445 826 2479 394 826 2480 394 827 2481 445 827 2482 446 827 2483 394 828 2484 446 828 2485 393 828 2486 393 829 2487 446 829 2488 447 829 2489 393 830 2490 447 830 2491 392 830 2492 392 831 2493 447 831 2494 448 831 2495 392 832 2496 448 832 2497 395 832 2498 395 833 2499 448 833 2500 449 833 2501 395 834 2502 449 834 2503 408 834 2504 408 835 2505 449 835 2506 450 835 2507 408 836 2508 450 836 2509 407 836 2510 407 837 2511 450 837 2512 451 837 2513 407 838 2514 451 838 2515 410 838 2516 410 839 2517 451 839 2518 452 839 2519 410 840 2520 452 840 2521 409 840 2522 409 841 2523 452 841 2524 453 841 2525 409 842 2526 453 842 2527 406 842 2528 406 843 2529 453 843 2530 454 843 2531 406 844 2532 454 844 2533 405 844 2534 405 845 2535 454 845 2536 439 845 2537 405 846 2538 439 846 2539 403 846 2540 403 847 2541 439 847 2542 387 847 2543 402 848 2544 455 848 2545 404 848 2546 404 849 2547 455 849 2548 456 849 2549 404 850 2550 456 850 2551 400 850 2552 400 851 2553 456 851 2554 457 851 2555 400 852 2556 457 852 2557 399 852 2558 399 853 2559 457 853 2560 458 853 2561 399 854 2562 458 854 2563 398 854 2564 398 855 2565 458 855 2566 459 855 2567 398 856 2568 459 856 2569 397 856 2570 397 857 2571 459 857 2572 460 857 2573 397 858 2574 460 858 2575 396 858 2576 396 859 2577 460 859 2578 461 859 2579 396 860 2580 461 860 2581 386 860 2582 386 861 2583 461 861 2584 462 861 2585 386 862 2586 462 862 2587 385 862 2588 385 863 2589 462 863 2590 463 863 2591 385 864 2592 463 864 2593 384 864 2594 384 865 2595 463 865 2596 464 865 2597 384 866 2598 464 866 2599 383 866 2600 383 867 2601 464 867 2602 465 867 2603 383 868 2604 465 868 2605 401 868 2606 401 869 2607 465 869 2608 466 869 2609 401 870 2610 466 870 2611 402 870 2612 402 871 2613 466 871 2614 455 871 2615 462 872 2616 461 872 2617 467 872 2618 467 873 2619 461 873 2620 460 873 2621 467 874 2622 460 874 2623 459 874 2624 465 875 2625 464 875 2626 467 875 2627 467 876 2628 464 876 2629 463 876 2630 467 877 2631 463 877 2632 462 877 2633 456 878 2634 455 878 2635 467 878 2636 467 879 2637 455 879 2638 466 879 2639 467 880 2640 466 880 2641 465 880 2642 459 881 2643 458 881 2644 467 881 2645 467 882 2646 458 882 2647 457 882 2648 467 883 2649 457 883 2650 456 883 2651 431 884 2652 430 884 2653 440 884 2654 440 885 2655 430 885 2656 441 885 2657 430 886 2658 411 886 2659 441 886 2660 441 887 2661 411 887 2662 420 887 2663 441 888 2664 420 888 2665 442 888 2666 442 889 2667 420 889 2668 419 889 2669 442 890 2670 419 890 2671 443 890 2672 443 891 2673 419 891 2674 417 891 2675 443 892 2676 417 892 2677 444 892 2678 444 893 2679 417 893 2680 415 893 2681 444 894 2682 415 894 2683 445 894 2684 445 895 2685 415 895 2686 429 895 2687 445 896 2688 429 896 2689 446 896 2690 446 897 2691 429 897 2692 428 897 2693 446 898 2694 428 898 2695 447 898 2696 447 899 2697 428 899 2698 426 899 2699 447 900 2700 426 900 2701 448 900 2702 448 901 2703 426 901 2704 424 901 2705 448 902 2706 424 902 2707 449 902 2708 449 903 2709 424 903 2710 422 903 2711 449 904 2712 422 904 2713 450 904 2714 450 905 2715 422 905 2716 438 905 2717 450 906 2718 438 906 2719 451 906 2720 451 907 2721 438 907 2722 437 907 2723 451 908 2724 437 908 2725 452 908 2726 452 909 2727 437 909 2728 435 909 2729 452 910 2730 435 910 2731 453 910 2732 453 911 2733 435 911 2734 433 911 2735 453 912 2736 433 912 2737 454 912 2738 454 913 2739 433 913 2740 431 913 2741 454 914 2742 431 914 2743 439 914 2744 439 915 2745 431 915 2746 440 915 2747 468 916 2748 412 916 2749 469 916 2750 469 917 2751 412 917 2752 432 917 2753 469 918 2754 432 918 2755 470 918 2756 470 919 2757 432 919 2758 434 919 2759 470 920 2760 434 920 2761 471 920 2762 471 921 2763 434 921 2764 436 921 2765 471 922 2766 436 922 2767 472 922 2768 472 923 2769 436 923 2770 421 923 2771 472 924 2772 421 924 2773 473 924 2774 473 925 2775 421 925 2776 423 925 2777 473 926 2778 423 926 2779 474 926 2780 474 927 2781 423 927 2782 425 927 2783 474 928 2784 425 928 2785 475 928 2786 475 929 2787 425 929 2788 427 929 2789 475 930 2790 427 930 2791 476 930 2792 476 931 2793 427 931 2794 414 931 2795 476 932 2796 414 932 2797 477 932 2798 477 933 2799 414 933 2800 416 933 2801 477 934 2802 416 934 2803 478 934 2804 478 935 2805 416 935 2806 418 935 2807 478 936 2808 418 936 2809 479 936 2810 479 937 2811 418 937 2812 413 937 2813 479 938 2814 413 938 2815 468 938 2816 468 939 2817 413 939 2818 412 939 2819 478 940 2820 479 940 2821 480 940 2822 480 941 2823 479 941 2824 468 941 2825 480 942 2826 468 942 2827 469 942 2828 475 943 2829 476 943 2830 480 943 2831 480 944 2832 476 944 2833 477 944 2834 480 945 2835 477 945 2836 478 945 2837 472 946 2838 473 946 2839 480 946 2840 480 947 2841 473 947 2842 474 947 2843 480 948 2844 474 948 2845 475 948 2846 469 949 2847 470 949 2848 480 949 2849 480 950 2850 470 950 2851 471 950 2852 480 951 2853 471 951 2854 472 951 2855 481 952 2856 482 952 2857 483 952 2858 483 953 2859 482 953 2860 484 953 2861 483 954 2862 484 954 2863 485 954 2864 485 955 2865 484 955 2866 486 955 2867 485 956 2868 486 956 2869 487 956 2870 487 957 2871 486 957 2872 488 957 2873 487 958 2874 488 958 2875 489 958 2876 489 959 2877 488 959 2878 490 959 2879 489 960 2880 490 960 2881 491 960 2882 491 961 2883 490 961 2884 492 961 2885 491 962 2886 492 962 2887 493 962 2888 493 963 2889 492 963 2890 494 963 2891 493 964 2892 494 964 2893 495 964 2894 495 965 2895 494 965 2896 496 965 2897 495 966 2898 496 966 2899 497 966 2900 497 967 2901 496 967 2902 498 967 2903 497 968 2904 498 968 2905 499 968 2906 499 969 2907 498 969 2908 500 969 2909 499 970 2910 500 970 2911 501 970 2912 501 971 2913 500 971 2914 502 971 2915 501 972 2916 502 972 2917 503 972 2918 503 973 2919 502 973 2920 504 973 2921 503 974 2922 504 974 2923 505 974 2924 505 975 2925 504 975 2926 506 975 2927 505 976 2928 506 976 2929 507 976 2930 507 977 2931 506 977 2932 481 977 2933 507 978 2934 481 978 2935 483 978 2936 508 979 2937 509 979 2938 510 979 2939 510 980 2940 509 980 2941 511 980 2942 510 981 2943 511 981 2944 512 981 2945 512 982 2946 511 982 2947 513 982 2948 512 983 2949 513 983 2950 514 983 2951 514 984 2952 513 984 2953 515 984 2954 514 985 2955 515 985 2956 516 985 2957 516 986 2958 515 986 2959 517 986 2960 516 987 2961 517 987 2962 518 987 2963 518 988 2964 517 988 2965 519 988 2966 518 989 2967 519 989 2968 520 989 2969 520 990 2970 519 990 2971 521 990 2972 520 991 2973 521 991 2974 522 991 2975 522 992 2976 521 992 2977 523 992 2978 522 993 2979 523 993 2980 524 993 2981 524 994 2982 523 994 2983 525 994 2984 524 995 2985 525 995 2986 526 995 2987 526 996 2988 525 996 2989 527 996 2990 526 997 2991 527 997 2992 528 997 2993 528 998 2994 527 998 2995 529 998 2996 528 999 2997 529 999 2998 530 999 2999 530 1000 3000 529 1000 3001 531 1000 3002 530 1001 3003 531 1001 3004 508 1001 3005 508 1002 3006 531 1002 3007 509 1002 3008 532 1003 3009 533 1003 3010 534 1003 3011 534 1004 3012 533 1004 3013 535 1004 3014 534 1005 3015 535 1005 3016 536 1005 3017 536 1006 3018 535 1006 3019 537 1006 3020 536 1007 3021 537 1007 3022 538 1007 3023 538 1008 3024 537 1008 3025 539 1008 3026 538 1009 3027 539 1009 3028 540 1009 3029 540 1010 3030 539 1010 3031 541 1010 3032 540 1011 3033 541 1011 3034 542 1011 3035 542 1012 3036 541 1012 3037 543 1012 3038 542 1013 3039 543 1013 3040 544 1013 3041 544 1014 3042 543 1014 3043 545 1014 3044 544 1015 3045 545 1015 3046 546 1015 3047 546 1016 3048 545 1016 3049 547 1016 3050 546 1017 3051 547 1017 3052 548 1017 3053 548 1018 3054 547 1018 3055 549 1018 3056 548 1019 3057 549 1019 3058 550 1019 3059 550 1020 3060 549 1020 3061 551 1020 3062 550 1021 3063 551 1021 3064 552 1021 3065 552 1022 3066 551 1022 3067 553 1022 3068 552 1023 3069 553 1023 3070 554 1023 3071 554 1024 3072 553 1024 3073 555 1024 3074 554 1025 3075 555 1025 3076 532 1025 3077 532 1026 3078 555 1026 3079 533 1026 3080 556 1027 3081 557 1027 3082 558 1027 3083 558 1028 3084 557 1028 3085 559 1028 3086 558 1029 3087 559 1029 3088 560 1029 3089 560 1030 3090 559 1030 3091 561 1030 3092 560 1031 3093 561 1031 3094 562 1031 3095 562 1032 3096 561 1032 3097 563 1032 3098 562 1033 3099 563 1033 3100 564 1033 3101 564 1034 3102 563 1034 3103 565 1034 3104 564 1035 3105 565 1035 3106 566 1035 3107 566 1036 3108 565 1036 3109 567 1036 3110 566 1037 3111 567 1037 3112 568 1037 3113 568 1038 3114 567 1038 3115 569 1038 3116 568 1039 3117 569 1039 3118 570 1039 3119 570 1040 3120 569 1040 3121 571 1040 3122 570 1041 3123 571 1041 3124 572 1041 3125 572 1042 3126 571 1042 3127 573 1042 3128 572 1043 3129 573 1043 3130 574 1043 3131 574 1044 3132 573 1044 3133 575 1044 3134 574 1045 3135 575 1045 3136 576 1045 3137 576 1046 3138 575 1046 3139 577 1046 3140 576 1047 3141 577 1047 3142 578 1047 3143 578 1048 3144 577 1048 3145 579 1048 3146 578 1049 3147 579 1049 3148 556 1049 3149 556 1050 3150 579 1050 3151 557 1050 3152 580 1051 3153 581 1051 3154 582 1051 3155 582 1052 3156 581 1052 3157 583 1052 3158 582 1053 3159 583 1053 3160 584 1053 3161 584 1054 3162 583 1054 3163 585 1054 3164 584 1055 3165 585 1055 3166 586 1055 3167 586 1056 3168 585 1056 3169 587 1056 3170 586 1057 3171 587 1057 3172 588 1057 3173 588 1058 3174 587 1058 3175 589 1058 3176 588 1059 3177 589 1059 3178 590 1059 3179 590 1060 3180 589 1060 3181 591 1060 3182 590 1061 3183 591 1061 3184 592 1061 3185 592 1062 3186 591 1062 3187 593 1062 3188 592 1063 3189 593 1063 3190 594 1063 3191 594 1064 3192 593 1064 3193 595 1064 3194 594 1065 3195 595 1065 3196 596 1065 3197 596 1066 3198 595 1066 3199 597 1066 3200 596 1067 3201 597 1067 3202 598 1067 3203 598 1068 3204 597 1068 3205 599 1068 3206 598 1069 3207 599 1069 3208 600 1069 3209 600 1070 3210 599 1070 3211 601 1070 3212 600 1071 3213 601 1071 3214 602 1071 3215 602 1072 3216 601 1072 3217 603 1072 3218 602 1073 3219 603 1073 3220 580 1073 3221 580 1074 3222 603 1074 3223 581 1074 3224 604 1075 3225 605 1075 3226 606 1075 3227 607 1076 3228 608 1076 3229 605 1076 3230 605 1077 3231 608 1077 3232 609 1077 3233 605 1078 3234 609 1078 3235 606 1078 3236 610 1079 3237 611 1079 3238 607 1079 3239 607 1080 3240 611 1080 3241 612 1080 3242 607 1081 3243 612 1081 3244 608 1081 3245 613 1082 3246 614 1082 3247 610 1082 3248 610 1083 3249 614 1083 3250 615 1083 3251 610 1084 3252 615 1084 3253 611 1084 3254 616 1085 3255 617 1085 3256 613 1085 3257 613 1086 3258 617 1086 3259 618 1086 3260 613 1087 3261 618 1087 3262 614 1087 3263 619 1088 3264 620 1088 3265 616 1088 3266 616 1089 3267 620 1089 3268 621 1089 3269 616 1090 3270 621 1090 3271 617 1090 3272 622 1091 3273 623 1091 3274 619 1091 3275 619 1092 3276 623 1092 3277 624 1092 3278 619 1093 3279 624 1093 3280 620 1093 3281 625 1094 3282 626 1094 3283 622 1094 3284 622 1095 3285 626 1095 3286 627 1095 3287 622 1096 3288 627 1096 3289 623 1096 3290 628 1097 3291 629 1097 3292 625 1097 3293 625 1098 3294 629 1098 3295 630 1098 3296 625 1099 3297 630 1099 3298 626 1099 3299 631 1100 3300 632 1100 3301 628 1100 3302 628 1101 3303 632 1101 3304 633 1101 3305 628 1102 3306 633 1102 3307 629 1102 3308 634 1103 3309 635 1103 3310 631 1103 3311 631 1104 3312 635 1104 3313 636 1104 3314 631 1105 3315 636 1105 3316 632 1105 3317 606 1106 3318 637 1106 3319 604 1106 3320 604 1107 3321 637 1107 3322 638 1107 3323 604 1108 3324 638 1108 3325 634 1108 3326 634 1109 3327 638 1109 3328 639 1109 3329 634 1110 3330 639 1110 3331 635 1110 3332 640 1111 3333 641 1111 3334 642 1111 3335 642 1112 3336 641 1112 3337 643 1112 3338 642 1113 3339 643 1113 3340 644 1113 3341 644 1114 3342 643 1114 3343 645 1114 3344 646 1115 3345 647 1115 3346 648 1115 3347 648 1116 3348 647 1116 3349 644 1116 3350 648 1117 3351 644 1117 3352 649 1117 3353 649 1118 3354 644 1118 3355 645 1118 3356 649 1119 3357 645 1119 3358 650 1119 3359 650 1120 3360 645 1120 3361 651 1120 3362 652 1121 3363 653 1121 3364 650 1121 3365 651 1122 3366 654 1122 3367 655 1122 3368 655 1123 3369 656 1123 3370 651 1123 3371 651 1124 3372 656 1124 3373 657 1124 3374 651 1125 3375 657 1125 3376 650 1125 3377 650 1126 3378 657 1126 3379 658 1126 3380 650 1127 3381 658 1127 3382 652 1127 3383 647 1128 3384 646 1128 3385 659 1128 3386 660 1129 3387 661 1129 3388 662 1129 3389 663 1130 3390 664 1130 3391 640 1130 3392 640 1131 3393 664 1131 3394 641 1131 3395 575 1132 3396 659 1132 3397 577 1132 3398 577 1133 3399 659 1133 3400 665 1133 3401 555 1134 3402 553 1134 3403 666 1134 3404 573 1135 3405 667 1135 3406 575 1135 3407 575 1136 3408 667 1136 3409 668 1136 3410 575 1137 3411 668 1137 3412 659 1137 3413 659 1138 3414 668 1138 3415 669 1138 3416 659 1139 3417 669 1139 3418 647 1139 3419 666 1140 3420 553 1140 3421 670 1140 3422 670 1141 3423 553 1141 3424 551 1141 3425 670 1142 3426 551 1142 3427 663 1142 3428 663 1143 3429 551 1143 3430 664 1143 3431 664 1144 3432 551 1144 3433 549 1144 3434 664 1145 3435 549 1145 3436 547 1145 3437 665 1146 3438 671 1146 3439 577 1146 3440 577 1147 3441 671 1147 3442 672 1147 3443 577 1148 3444 672 1148 3445 579 1148 3446 579 1149 3447 672 1149 3448 673 1149 3449 579 1150 3450 673 1150 3451 557 1150 3452 557 1151 3453 673 1151 3454 674 1151 3455 557 1152 3456 674 1152 3457 559 1152 3458 675 1153 3459 676 1153 3460 545 1153 3461 677 1154 3462 678 1154 3463 679 1154 3464 679 1155 3465 678 1155 3466 664 1155 3467 680 1156 3468 681 1156 3469 521 1156 3470 573 1157 3471 571 1157 3472 667 1157 3473 667 1158 3474 571 1158 3475 569 1158 3476 667 1159 3477 569 1159 3478 682 1159 3479 683 1160 3480 684 1160 3481 561 1160 3482 555 1161 3483 666 1161 3484 533 1161 3485 533 1162 3486 666 1162 3487 685 1162 3488 533 1163 3489 685 1163 3490 535 1163 3491 545 1164 3492 676 1164 3493 547 1164 3494 599 1165 3495 597 1165 3496 565 1165 3497 565 1166 3498 597 1166 3499 595 1166 3500 521 1167 3501 681 1167 3502 523 1167 3503 515 1168 3504 662 1168 3505 517 1168 3506 517 1169 3507 662 1169 3508 686 1169 3509 513 1170 3510 685 1170 3511 515 1170 3512 515 1171 3513 685 1171 3514 687 1171 3515 515 1172 3516 687 1172 3517 662 1172 3518 662 1173 3519 687 1173 3520 688 1173 3521 662 1174 3522 688 1174 3523 660 1174 3524 689 1175 3525 690 1175 3526 691 1175 3527 691 1176 3528 690 1176 3529 692 1176 3530 691 1177 3531 692 1177 3532 693 1177 3533 569 1178 3534 567 1178 3535 682 1178 3536 682 1179 3537 567 1179 3538 565 1179 3539 682 1180 3540 565 1180 3541 593 1180 3542 593 1181 3543 565 1181 3544 595 1181 3545 543 1182 3546 690 1182 3547 545 1182 3548 545 1183 3549 690 1183 3550 689 1183 3551 545 1184 3552 689 1184 3553 675 1184 3554 593 1185 3555 591 1185 3556 682 1185 3557 682 1186 3558 591 1186 3559 589 1186 3560 682 1187 3561 589 1187 3562 694 1187 3563 694 1188 3564 589 1188 3565 587 1188 3566 694 1189 3567 587 1189 3568 695 1189 3569 695 1190 3570 587 1190 3571 696 1190 3572 695 1191 3573 696 1191 3574 697 1191 3575 697 1192 3576 696 1192 3577 698 1192 3578 699 1193 3579 700 1193 3580 701 1193 3581 681 1194 3582 702 1194 3583 523 1194 3584 523 1195 3585 702 1195 3586 703 1195 3587 523 1196 3588 703 1196 3589 525 1196 3590 525 1197 3591 703 1197 3592 704 1197 3593 525 1198 3594 704 1198 3595 705 1198 3596 686 1199 3597 706 1199 3598 517 1199 3599 517 1200 3600 706 1200 3601 680 1200 3602 517 1201 3603 680 1201 3604 519 1201 3605 519 1202 3606 680 1202 3607 521 1202 3608 676 1203 3609 707 1203 3610 547 1203 3611 547 1204 3612 707 1204 3613 708 1204 3614 547 1205 3615 708 1205 3616 664 1205 3617 664 1206 3618 708 1206 3619 709 1206 3620 664 1207 3621 709 1207 3622 679 1207 3623 710 1208 3624 581 1208 3625 603 1208 3626 587 1209 3627 585 1209 3628 696 1209 3629 696 1210 3630 585 1210 3631 583 1210 3632 696 1211 3633 583 1211 3634 711 1211 3635 513 1212 3636 511 1212 3637 685 1212 3638 685 1213 3639 511 1213 3640 509 1213 3641 685 1214 3642 509 1214 3643 535 1214 3644 535 1215 3645 509 1215 3646 531 1215 3647 535 1216 3648 531 1216 3649 537 1216 3650 537 1217 3651 531 1217 3652 529 1217 3653 537 1218 3654 529 1218 3655 539 1218 3656 559 1219 3657 674 1219 3658 561 1219 3659 561 1220 3660 674 1220 3661 712 1220 3662 561 1221 3663 712 1221 3664 683 1221 3665 529 1222 3666 527 1222 3667 539 1222 3668 539 1223 3669 527 1223 3670 525 1223 3671 539 1224 3672 525 1224 3673 541 1224 3674 541 1225 3675 525 1225 3676 705 1225 3677 541 1226 3678 705 1226 3679 543 1226 3680 543 1227 3681 705 1227 3682 713 1227 3683 543 1228 3684 713 1228 3685 714 1228 3686 565 1229 3687 563 1229 3688 599 1229 3689 599 1230 3690 563 1230 3691 561 1230 3692 599 1231 3693 561 1231 3694 601 1231 3695 601 1232 3696 561 1232 3697 684 1232 3698 601 1233 3699 684 1233 3700 603 1233 3701 603 1234 3702 684 1234 3703 715 1234 3704 603 1235 3705 715 1235 3706 716 1235 3707 699 1236 3708 701 1236 3709 710 1236 3710 710 1237 3711 701 1237 3712 717 1237 3713 710 1238 3714 717 1238 3715 581 1238 3716 717 1239 3717 718 1239 3718 581 1239 3719 581 1240 3720 718 1240 3721 719 1240 3722 581 1241 3723 719 1241 3724 583 1241 3725 583 1242 3726 719 1242 3727 720 1242 3728 583 1243 3729 720 1243 3730 711 1243 3731 721 1244 3732 722 1244 3733 723 1244 3734 723 1245 3735 722 1245 3736 696 1245 3737 723 1246 3738 696 1246 3739 724 1246 3740 724 1247 3741 696 1247 3742 711 1247 3743 714 1248 3744 725 1248 3745 543 1248 3746 543 1249 3747 725 1249 3748 710 1249 3749 543 1250 3750 710 1250 3751 690 1250 3752 690 1251 3753 710 1251 3754 603 1251 3755 690 1252 3756 603 1252 3757 726 1252 3758 726 1253 3759 603 1253 3760 716 1253 3761 727 1254 3762 728 1254 3763 729 1254 3764 730 1255 3765 731 1255 3766 732 1255 3767 732 1256 3768 733 1256 3769 730 1256 3770 730 1257 3771 733 1257 3772 734 1257 3773 730 1258 3774 734 1258 3775 729 1258 3776 729 1259 3777 734 1259 3778 735 1259 3779 729 1260 3780 735 1260 3781 727 1260 3782 736 1261 3783 653 1261 3784 652 1261 3785 665 1262 3786 737 1262 3787 738 1262 3788 738 1263 3789 737 1263 3790 739 1263 3791 678 1264 3792 677 1264 3793 740 1264 3794 740 1265 3795 677 1265 3796 741 1265 3797 740 1266 3798 741 1266 3799 742 1266 3800 742 1267 3801 741 1267 3802 743 1267 3803 742 1268 3804 743 1268 3805 744 1268 3806 744 1269 3807 743 1269 3808 745 1269 3809 744 1270 3810 745 1270 3811 654 1270 3812 737 1271 3813 736 1271 3814 739 1271 3815 739 1272 3816 736 1272 3817 652 1272 3818 739 1273 3819 652 1273 3820 746 1273 3821 746 1274 3822 652 1274 3823 658 1274 3824 746 1275 3825 658 1275 3826 747 1275 3827 747 1276 3828 658 1276 3829 657 1276 3830 747 1277 3831 657 1277 3832 748 1277 3833 748 1278 3834 657 1278 3835 656 1278 3836 748 1279 3837 656 1279 3838 745 1279 3839 745 1280 3840 656 1280 3841 655 1280 3842 745 1281 3843 655 1281 3844 654 1281 3845 749 1282 3846 693 1282 3847 750 1282 3848 750 1283 3849 693 1283 3850 692 1283 3851 750 1284 3852 692 1284 3853 751 1284 3854 751 1285 3855 692 1285 3856 690 1285 3857 751 1286 3858 690 1286 3859 752 1286 3860 752 1287 3861 690 1287 3862 726 1287 3863 752 1288 3864 726 1288 3865 753 1288 3866 753 1289 3867 726 1289 3868 716 1289 3869 753 1290 3870 716 1290 3871 754 1290 3872 754 1291 3873 716 1291 3874 715 1291 3875 754 1292 3876 715 1292 3877 755 1292 3878 755 1293 3879 715 1293 3880 684 1293 3881 755 1294 3882 684 1294 3883 756 1294 3884 756 1295 3885 684 1295 3886 683 1295 3887 756 1296 3888 683 1296 3889 757 1296 3890 757 1297 3891 683 1297 3892 712 1297 3893 757 1298 3894 712 1298 3895 758 1298 3896 758 1299 3897 712 1299 3898 674 1299 3899 758 1300 3900 674 1300 3901 759 1300 3902 759 1301 3903 674 1301 3904 673 1301 3905 759 1302 3906 673 1302 3907 760 1302 3908 760 1303 3909 673 1303 3910 672 1303 3911 760 1304 3912 672 1304 3913 738 1304 3914 738 1305 3915 672 1305 3916 671 1305 3917 738 1306 3918 671 1306 3919 665 1306 3920 761 1307 3921 762 1307 3922 763 1307 3923 763 1308 3924 762 1308 3925 764 1308 3926 763 1309 3927 764 1309 3928 698 1309 3929 698 1310 3930 764 1310 3931 697 1310 3932 661 1311 3933 660 1311 3934 765 1311 3935 765 1312 3936 660 1312 3937 762 1312 3938 765 1313 3939 762 1313 3940 766 1313 3941 766 1314 3942 762 1314 3943 761 1314 3944 766 1315 3945 761 1315 3946 729 1315 3947 729 1316 3948 761 1316 3949 730 1316 3950 767 1317 3951 728 1317 3952 727 1317 3953 722 1318 3954 721 1318 3955 768 1318 3956 768 1319 3957 721 1319 3958 769 1319 3959 768 1320 3960 769 1320 3961 770 1320 3962 770 1321 3963 769 1321 3964 771 1321 3965 770 1322 3966 771 1322 3967 772 1322 3968 772 1323 3969 771 1323 3970 773 1323 3971 772 1324 3972 773 1324 3973 731 1324 3974 686 1325 3975 774 1325 3976 775 1325 3977 775 1326 3978 774 1326 3979 776 1326 3980 774 1327 3981 767 1327 3982 776 1327 3983 776 1328 3984 767 1328 3985 727 1328 3986 776 1329 3987 727 1329 3988 777 1329 3989 777 1330 3990 727 1330 3991 735 1330 3992 777 1331 3993 735 1331 3994 778 1331 3995 778 1332 3996 735 1332 3997 734 1332 3998 778 1333 3999 734 1333 4000 779 1333 4001 779 1334 4002 734 1334 4003 733 1334 4004 779 1335 4005 733 1335 4006 773 1335 4007 773 1336 4008 733 1336 4009 732 1336 4010 773 1337 4011 732 1337 4012 731 1337 4013 780 1338 4014 700 1338 4015 781 1338 4016 781 1339 4017 700 1339 4018 699 1339 4019 781 1340 4020 699 1340 4021 782 1340 4022 782 1341 4023 699 1341 4024 710 1341 4025 782 1342 4026 710 1342 4027 783 1342 4028 783 1343 4029 710 1343 4030 725 1343 4031 783 1344 4032 725 1344 4033 784 1344 4034 784 1345 4035 725 1345 4036 714 1345 4037 784 1346 4038 714 1346 4039 785 1346 4040 785 1347 4041 714 1347 4042 713 1347 4043 785 1348 4044 713 1348 4045 786 1348 4046 786 1349 4047 713 1349 4048 705 1349 4049 786 1350 4050 705 1350 4051 787 1350 4052 787 1351 4053 705 1351 4054 704 1351 4055 787 1352 4056 704 1352 4057 788 1352 4058 788 1353 4059 704 1353 4060 703 1353 4061 788 1354 4062 703 1354 4063 789 1354 4064 789 1355 4065 703 1355 4066 702 1355 4067 789 1356 4068 702 1356 4069 790 1356 4070 790 1357 4071 702 1357 4072 681 1357 4073 790 1358 4074 681 1358 4075 791 1358 4076 791 1359 4077 681 1359 4078 680 1359 4079 791 1360 4080 680 1360 4081 775 1360 4082 775 1361 4083 680 1361 4084 706 1361 4085 775 1362 4086 706 1362 4087 686 1362 4088 792 1363 4089 793 1363 4090 794 1363 4091 794 1364 4092 793 1364 4093 795 1364 4094 794 1365 4095 795 1365 4096 796 1365 4097 796 1366 4098 795 1366 4099 797 1366 4100 798 1367 4101 799 1367 4102 800 1367 4103 800 1368 4104 799 1368 4105 801 1368 4106 800 1369 4107 801 1369 4108 802 1369 4109 802 1370 4110 801 1370 4111 803 1370 4112 804 1371 4113 805 1371 4114 806 1371 4115 807 1372 4116 808 1372 4117 806 1372 4118 806 1373 4119 808 1373 4120 809 1373 4121 806 1374 4122 809 1374 4123 804 1374 4124 810 1375 4125 811 1375 4126 812 1375 4127 812 1376 4128 811 1376 4129 808 1376 4130 812 1377 4131 808 1377 4132 813 1377 4133 813 1378 4134 808 1378 4135 807 1378 4136 813 1379 4137 807 1379 4138 814 1379 4139 814 1380 4140 807 1380 4141 815 1380 4142 816 1381 4143 814 1381 4144 817 1381 4145 817 1382 4146 814 1382 4147 815 1382 4148 818 1383 4149 819 1383 4150 820 1383 4151 820 1384 4152 819 1384 4153 821 1384 4154 820 1385 4155 821 1385 4156 804 1385 4157 804 1386 4158 821 1386 4159 805 1386 4160 811 1387 4161 810 1387 4162 822 1387 4163 822 1388 4164 810 1388 4165 823 1388 4166 822 1389 4167 823 1389 4168 824 1389 4169 824 1390 4170 823 1390 4171 825 1390 4172 817 1391 4173 826 1391 4174 827 1391 4175 828 1392 4176 829 1392 4177 816 1392 4178 830 1393 4179 831 1393 4180 832 1393 4181 833 1394 4182 827 1394 4183 834 1394 4184 834 1395 4185 827 1395 4186 832 1395 4187 834 1396 4188 832 1396 4189 835 1396 4190 835 1397 4191 832 1397 4192 831 1397 4193 836 1398 4194 837 1398 4195 816 1398 4196 816 1399 4197 837 1399 4198 838 1399 4199 816 1400 4200 838 1400 4201 828 1400 4202 828 1401 4203 838 1401 4204 839 1401 4205 840 1402 4206 841 1402 4207 842 1402 4208 842 1403 4209 841 1403 4210 843 1403 4211 842 1404 4212 843 1404 4213 844 1404 4214 833 1405 4215 845 1405 4216 827 1405 4217 827 1406 4218 845 1406 4219 846 1406 4220 827 1407 4221 846 1407 4222 817 1407 4223 817 1408 4224 846 1408 4225 816 1408 4226 847 1409 4227 848 1409 4228 849 1409 4229 849 1410 4230 848 1410 4231 836 1410 4232 849 1411 4233 836 1411 4234 850 1411 4235 850 1412 4236 836 1412 4237 816 1412 4238 850 1413 4239 816 1413 4240 851 1413 4241 851 1414 4242 816 1414 4243 846 1414 4244 830 1415 4245 832 1415 4246 852 1415 4247 852 1416 4248 832 1416 4249 842 1416 4250 852 1417 4251 842 1417 4252 853 1417 4253 853 1418 4254 842 1418 4255 844 1418 4256 853 1419 4257 844 1419 4258 847 1419 4259 847 1420 4260 844 1420 4261 854 1420 4262 847 1421 4263 854 1421 4264 848 1421 4265 839 1422 4266 855 1422 4267 828 1422 4268 828 1423 4269 855 1423 4270 856 1423 4271 828 1424 4272 856 1424 4273 842 1424 4274 842 1425 4275 856 1425 4276 857 1425 4277 842 1426 4278 857 1426 4279 840 1426 4280 858 1427 4281 800 1427 4282 859 1427 4283 859 1428 4284 800 1428 4285 802 1428 4286 822 1429 4287 859 1429 4288 811 1429 4289 811 1430 4290 859 1430 4291 802 1430 4292 811 1431 4293 802 1431 4294 808 1431 4295 808 1432 4296 802 1432 4297 860 1432 4298 861 1433 4299 820 1433 4300 862 1433 4301 862 1434 4302 820 1434 4303 804 1434 4304 794 1435 4305 862 1435 4306 792 1435 4307 792 1436 4308 862 1436 4309 804 1436 4310 792 1437 4311 804 1437 4312 863 1437 4313 863 1438 4314 804 1438 4315 809 1438 4316 864 1439 4317 865 1439 4318 866 1439 4319 867 1440 4320 494 1440 4321 866 1440 4322 866 1441 4323 494 1441 4324 492 1441 4325 868 1442 4326 869 1442 4327 870 1442 4328 870 1443 4329 869 1443 4330 871 1443 4331 870 1444 4332 871 1444 4333 872 1444 4334 866 1445 4335 865 1445 4336 873 1445 4337 873 1446 4338 865 1446 4339 874 1446 4340 873 1447 4341 874 1447 4342 870 1447 4343 870 1448 4344 874 1448 4345 875 1448 4346 870 1449 4347 875 1449 4348 868 1449 4349 871 1450 4350 876 1450 4351 872 1450 4352 872 1451 4353 876 1451 4354 877 1451 4355 872 1452 4356 877 1452 4357 878 1452 4358 879 1453 4359 880 1453 4360 506 1453 4361 506 1454 4362 880 1454 4363 881 1454 4364 506 1455 4365 881 1455 4366 481 1455 4367 502 1456 4368 500 1456 4369 882 1456 4370 882 1457 4371 500 1457 4372 498 1457 4373 882 1458 4374 498 1458 4375 883 1458 4376 878 1459 4377 879 1459 4378 872 1459 4379 872 1460 4380 879 1460 4381 506 1460 4382 872 1461 4383 506 1461 4384 882 1461 4385 882 1462 4386 506 1462 4387 504 1462 4388 882 1463 4389 504 1463 4390 502 1463 4391 867 1464 4392 884 1464 4393 494 1464 4394 494 1465 4395 884 1465 4396 883 1465 4397 494 1466 4398 883 1466 4399 496 1466 4400 496 1467 4401 883 1467 4402 498 1467 4403 492 1468 4404 490 1468 4405 866 1468 4406 866 1469 4407 490 1469 4408 488 1469 4409 866 1470 4410 488 1470 4411 864 1470 4412 864 1471 4413 488 1471 4414 486 1471 4415 864 1472 4416 486 1472 4417 885 1472 4418 885 1473 4419 486 1473 4420 484 1473 4421 885 1474 4422 484 1474 4423 881 1474 4424 881 1475 4425 484 1475 4426 482 1475 4427 881 1476 4428 482 1476 4429 481 1476 4430 886 1477 4431 887 1477 4432 888 1477 4433 889 1478 4434 890 1478 4435 891 1478 4436 891 1479 4437 890 1479 4438 892 1479 4439 893 1480 4440 894 1480 4441 895 1480 4442 895 1481 4443 894 1481 4444 896 1481 4445 897 1482 4446 898 1482 4447 666 1482 4448 666 1483 4449 898 1483 4450 899 1483 4451 666 1484 4452 899 1484 4453 685 1484 4454 685 1485 4455 899 1485 4456 900 1485 4457 685 1486 4458 900 1486 4459 901 1486 4460 887 1487 4461 886 1487 4462 902 1487 4463 902 1488 4464 886 1488 4465 903 1488 4466 902 1489 4467 903 1489 4468 904 1489 4469 905 1490 4470 906 1490 4471 901 1490 4472 901 1491 4473 906 1491 4474 907 1491 4475 901 1492 4476 907 1492 4477 685 1492 4478 685 1493 4479 907 1493 4480 908 1493 4481 685 1494 4482 908 1494 4483 909 1494 4484 909 1495 4485 910 1495 4486 685 1495 4487 685 1496 4488 910 1496 4489 911 1496 4490 685 1497 4491 911 1497 4492 912 1497 4493 912 1498 4494 913 1498 4495 685 1498 4496 685 1499 4497 913 1499 4498 914 1499 4499 685 1500 4500 914 1500 4501 895 1500 4502 895 1501 4503 914 1501 4504 915 1501 4505 895 1502 4506 915 1502 4507 893 1502 4508 896 1503 4509 916 1503 4510 895 1503 4511 895 1504 4512 916 1504 4513 917 1504 4514 895 1505 4515 917 1505 4516 890 1505 4517 890 1506 4518 917 1506 4519 886 1506 4520 890 1507 4521 886 1507 4522 892 1507 4523 892 1508 4524 886 1508 4525 888 1508 4526 889 1509 4527 918 1509 4528 890 1509 4529 890 1510 4530 918 1510 4531 919 1510 4532 890 1511 4533 919 1511 4534 666 1511 4535 666 1512 4536 919 1512 4537 920 1512 4538 666 1513 4539 920 1513 4540 897 1513 4541 904 1514 4542 921 1514 4543 902 1514 4544 902 1515 4545 921 1515 4546 922 1515 4547 902 1516 4548 922 1516 4549 901 1516 4550 901 1517 4551 922 1517 4552 923 1517 4553 901 1518 4554 923 1518 4555 905 1518 4556 924 1519 4557 925 1519 4558 926 1519 4559 926 1520 4560 925 1520 4561 927 1520 4562 926 1521 4563 927 1521 4564 928 1521 4565 929 1522 4566 930 1522 4567 667 1522 4568 667 1523 4569 930 1523 4570 931 1523 4571 667 1524 4572 931 1524 4573 926 1524 4574 926 1525 4575 931 1525 4576 932 1525 4577 926 1526 4578 932 1526 4579 924 1526 4580 933 1527 4581 934 1527 4582 935 1527 4583 934 1528 4584 936 1528 4585 935 1528 4586 935 1529 4587 936 1529 4588 928 1529 4589 935 1530 4590 928 1530 4591 937 1530 4592 937 1531 4593 928 1531 4594 927 1531 4595 936 1532 4596 938 1532 4597 928 1532 4598 928 1533 4599 938 1533 4600 939 1533 4601 928 1534 4602 939 1534 4603 940 1534 4604 941 1535 4605 942 1535 4606 682 1535 4607 682 1536 4608 942 1536 4609 943 1536 4610 682 1537 4611 943 1537 4612 944 1537 4613 933 1538 4614 935 1538 4615 945 1538 4616 945 1539 4617 935 1539 4618 946 1539 4619 945 1540 4620 946 1540 4621 947 1540 4622 947 1541 4623 946 1541 4624 948 1541 4625 947 1542 4626 948 1542 4627 949 1542 4628 929 1543 4629 667 1543 4630 950 1543 4631 950 1544 4632 667 1544 4633 682 1544 4634 950 1545 4635 682 1545 4636 948 1545 4637 948 1546 4638 682 1546 4639 944 1546 4640 948 1547 4641 944 1547 4642 949 1547 4643 940 1548 4644 951 1548 4645 928 1548 4646 928 1549 4647 951 1549 4648 952 1549 4649 928 1550 4650 952 1550 4651 682 1550 4652 682 1551 4653 952 1551 4654 953 1551 4655 682 1552 4656 953 1552 4657 941 1552 4658 954 1553 4659 955 1553 4660 866 1553 4661 866 1554 4662 955 1554 4663 867 1554 4664 802 1555 4665 803 1555 4666 956 1555 4667 957 1556 4668 863 1556 4669 956 1556 4670 956 1557 4671 863 1557 4672 860 1557 4673 956 1558 4674 860 1558 4675 802 1558 4676 793 1559 4677 792 1559 4678 958 1559 4679 958 1560 4680 792 1560 4681 863 1560 4682 958 1561 4683 863 1561 4684 959 1561 4685 959 1562 4686 863 1562 4687 957 1562 4688 959 1563 4689 957 1563 4690 954 1563 4691 954 1564 4692 957 1564 4693 955 1564 4694 829 1565 4695 828 1565 4696 960 1565 4697 960 1566 4698 961 1566 4699 829 1566 4700 829 1567 4701 961 1567 4702 962 1567 4703 829 1568 4704 962 1568 4705 813 1568 4706 813 1569 4707 962 1569 4708 963 1569 4709 813 1570 4710 963 1570 4711 964 1570 4712 964 1571 4713 965 1571 4714 813 1571 4715 813 1572 4716 965 1572 4717 966 1572 4718 813 1573 4719 966 1573 4720 812 1573 4721 812 1574 4722 966 1574 4723 967 1574 4724 812 1575 4725 967 1575 4726 968 1575 4727 828 1576 4728 969 1576 4729 812 1576 4730 968 1577 4731 970 1577 4732 812 1577 4733 812 1578 4734 970 1578 4735 971 1578 4736 812 1579 4737 971 1579 4738 828 1579 4739 828 1580 4740 971 1580 4741 972 1580 4742 828 1581 4743 972 1581 4744 960 1581 4745 829 1582 4746 813 1582 4747 816 1582 4748 816 1583 4749 813 1583 4750 814 1583 4751 823 1584 4752 810 1584 4753 969 1584 4754 969 1585 4755 810 1585 4756 812 1585 4757 973 1586 4758 827 1586 4759 974 1586 4760 974 1587 4761 827 1587 4762 826 1587 4763 974 1588 4764 826 1588 4765 975 1588 4766 806 1589 4767 976 1589 4768 827 1589 4769 977 1590 4770 806 1590 4771 978 1590 4772 978 1591 4773 806 1591 4774 827 1591 4775 978 1592 4776 827 1592 4777 979 1592 4778 979 1593 4779 827 1593 4780 973 1593 4781 977 1594 4782 980 1594 4783 806 1594 4784 806 1595 4785 980 1595 4786 981 1595 4787 806 1596 4788 981 1596 4789 807 1596 4790 807 1597 4791 981 1597 4792 982 1597 4793 982 1598 4794 983 1598 4795 807 1598 4796 807 1599 4797 983 1599 4798 984 1599 4799 807 1600 4800 984 1600 4801 826 1600 4802 826 1601 4803 984 1601 4804 985 1601 4805 826 1602 4806 985 1602 4807 975 1602 4808 817 1603 4809 815 1603 4810 826 1603 4811 826 1604 4812 815 1604 4813 807 1604 4814 976 1605 4815 806 1605 4816 821 1605 4817 821 1606 4818 806 1606 4819 805 1606 4820 986 1607 4821 956 1607 4822 801 1607 4823 801 1608 4824 956 1608 4825 803 1608 4826 867 1609 4827 955 1609 4828 884 1609 4829 884 1610 4830 955 1610 4831 957 1610 4832 987 1611 4833 884 1611 4834 988 1611 4835 988 1612 4836 884 1612 4837 957 1612 4838 988 1613 4839 957 1613 4840 989 1613 4841 987 1614 4842 990 1614 4843 884 1614 4844 884 1615 4845 990 1615 4846 991 1615 4847 884 1616 4848 991 1616 4849 883 1616 4850 883 1617 4851 991 1617 4852 992 1617 4853 956 1618 4854 986 1618 4855 883 1618 4856 993 1619 4857 956 1619 4858 994 1619 4859 994 1620 4860 956 1620 4861 883 1620 4862 994 1621 4863 883 1621 4864 995 1621 4865 995 1622 4866 883 1622 4867 992 1622 4868 993 1623 4869 996 1623 4870 956 1623 4871 956 1624 4872 996 1624 4873 997 1624 4874 956 1625 4875 997 1625 4876 957 1625 4877 957 1626 4878 997 1626 4879 998 1626 4880 957 1627 4881 998 1627 4882 989 1627 4883 795 1628 4884 793 1628 4885 999 1628 4886 999 1629 4887 793 1629 4888 958 1629 4889 873 1630 4890 959 1630 4891 866 1630 4892 866 1631 4893 959 1631 4894 954 1631 4895 1000 1632 4896 958 1632 4897 959 1632 4898 1000 1633 4899 1001 1633 4900 958 1633 4901 958 1634 4902 1001 1634 4903 1002 1634 4904 958 1635 4905 1002 1635 4906 1003 1635 4907 873 1636 4908 1004 1636 4909 959 1636 4910 959 1637 4911 1004 1637 4912 1005 1637 4913 1005 1638 4914 1006 1638 4915 959 1638 4916 959 1639 4917 1006 1639 4918 1007 1639 4919 959 1640 4920 1007 1640 4921 1000 1640 4922 1003 1641 4923 1008 1641 4924 958 1641 4925 958 1642 4926 1008 1642 4927 870 1642 4928 958 1643 4929 870 1643 4930 999 1643 4931 1008 1644 4932 1009 1644 4933 870 1644 4934 870 1645 4935 1009 1645 4936 1010 1645 4937 870 1646 4938 1010 1646 4939 873 1646 4940 873 1647 4941 1010 1647 4942 1011 1647 4943 873 1648 4944 1011 1648 4945 1004 1648 4946 743 1649 4947 741 1649 4948 1012 1649 4949 759 1650 4950 809 1650 4951 758 1650 4952 758 1651 4953 809 1651 4954 808 1651 4955 1013 1652 4956 749 1652 4957 1014 1652 4958 1014 1653 4959 749 1653 4960 750 1653 4961 745 1654 4962 743 1654 4963 863 1654 4964 750 1655 4965 751 1655 4966 1014 1655 4967 1014 1656 4968 751 1656 4969 752 1656 4970 1014 1657 4971 752 1657 4972 1015 1657 4973 759 1658 4974 760 1658 4975 809 1658 4976 809 1659 4977 760 1659 4978 738 1659 4979 809 1660 4980 738 1660 4981 739 1660 4982 743 1661 4983 1012 1661 4984 863 1661 4985 863 1662 4986 1012 1662 4987 1016 1662 4988 863 1663 4989 1016 1663 4990 1017 1663 4991 1014 1664 4992 1018 1664 4993 1013 1664 4994 1013 1665 4995 1018 1665 4996 1019 1665 4997 1013 1666 4998 1019 1666 4999 780 1666 5000 739 1667 5001 746 1667 5002 809 1667 5003 809 1668 5004 746 1668 5005 747 1668 5006 809 1669 5007 747 1669 5008 863 1669 5009 863 1670 5010 747 1670 5011 748 1670 5012 863 1671 5013 748 1671 5014 745 1671 5015 773 1672 5016 771 1672 5017 808 1672 5018 1020 1673 5019 1021 1673 5020 808 1673 5021 808 1674 5022 1021 1674 5023 1022 1674 5024 1020 1675 5025 808 1675 5026 1023 1675 5027 1023 1676 5028 808 1676 5029 771 1676 5030 1023 1677 5031 771 1677 5032 769 1677 5033 791 1678 5034 775 1678 5035 860 1678 5036 860 1679 5037 775 1679 5038 776 1679 5039 1024 1680 5040 784 1680 5041 1025 1680 5042 1025 1681 5043 784 1681 5044 785 1681 5045 780 1682 5046 781 1682 5047 1013 1682 5048 1013 1683 5049 781 1683 5050 782 1683 5051 1013 1684 5052 782 1684 5053 1024 1684 5054 1024 1685 5055 782 1685 5056 783 1685 5057 1024 1686 5058 783 1686 5059 784 1686 5060 785 1687 5061 786 1687 5062 1025 1687 5063 1025 1688 5064 786 1688 5065 787 1688 5066 1025 1689 5067 787 1689 5068 1026 1689 5069 1026 1690 5070 787 1690 5071 863 1690 5072 1026 1691 5073 863 1691 5074 1027 1691 5075 1027 1692 5076 863 1692 5077 1017 1692 5078 787 1693 5079 788 1693 5080 863 1693 5081 863 1694 5082 788 1694 5083 789 1694 5084 863 1695 5085 789 1695 5086 860 1695 5087 860 1696 5088 789 1696 5089 790 1696 5090 860 1697 5091 790 1697 5092 791 1697 5093 755 1698 5094 756 1698 5095 808 1698 5096 808 1699 5097 756 1699 5098 757 1699 5099 808 1700 5100 757 1700 5101 758 1700 5102 776 1701 5103 777 1701 5104 860 1701 5105 860 1702 5106 777 1702 5107 778 1702 5108 860 1703 5109 778 1703 5110 808 1703 5111 808 1704 5112 778 1704 5113 779 1704 5114 808 1705 5115 779 1705 5116 773 1705 5117 1015 1706 5118 752 1706 5119 1022 1706 5120 1022 1707 5121 752 1707 5122 753 1707 5123 1022 1708 5124 753 1708 5125 808 1708 5126 808 1709 5127 753 1709 5128 754 1709 5129 808 1710 5130 754 1710 5131 755 1710 5132 693 1711 5133 749 1711 5134 691 1711 5135 691 1712 5136 749 1712 5137 1013 1712 5138 691 1713 5139 1013 1713 5140 689 1713 5141 689 1714 5142 1013 1714 5143 1024 1714 5144 689 1715 5145 1024 1715 5146 675 1715 5147 675 1716 5148 1024 1716 5149 1025 1716 5150 675 1717 5151 1025 1717 5152 676 1717 5153 676 1718 5154 1025 1718 5155 1026 1718 5156 676 1719 5157 1026 1719 5158 707 1719 5159 707 1720 5160 1026 1720 5161 1027 1720 5162 707 1721 5163 1027 1721 5164 708 1721 5165 708 1722 5166 1027 1722 5167 1017 1722 5168 708 1723 5169 1017 1723 5170 709 1723 5171 709 1724 5172 1017 1724 5173 1016 1724 5174 709 1725 5175 1016 1725 5176 679 1725 5177 679 1726 5178 1016 1726 5179 1012 1726 5180 679 1727 5181 1012 1727 5182 677 1727 5183 677 1728 5184 1012 1728 5185 741 1728 5186 700 1729 5187 780 1729 5188 701 1729 5189 701 1730 5190 780 1730 5191 1019 1730 5192 701 1731 5193 1019 1731 5194 717 1731 5195 717 1732 5196 1019 1732 5197 1018 1732 5198 717 1733 5199 1018 1733 5200 718 1733 5201 718 1734 5202 1018 1734 5203 1014 1734 5204 718 1735 5205 1014 1735 5206 719 1735 5207 719 1736 5208 1014 1736 5209 1015 1736 5210 719 1737 5211 1015 1737 5212 720 1737 5213 720 1738 5214 1015 1738 5215 1022 1738 5216 720 1739 5217 1022 1739 5218 711 1739 5219 711 1740 5220 1022 1740 5221 1021 1740 5222 711 1741 5223 1021 1741 5224 724 1741 5225 724 1742 5226 1021 1742 5227 1020 1742 5228 724 1743 5229 1020 1743 5230 723 1743 5231 723 1744 5232 1020 1744 5233 1023 1744 5234 723 1745 5235 1023 1745 5236 721 1745 5237 721 1746 5238 1023 1746 5239 769 1746 5240 664 1747 5241 1028 1747 5242 641 1747 5243 641 1748 5244 1028 1748 5245 643 1748 5246 1028 1749 5247 664 1749 5248 740 1749 5249 740 1750 5250 664 1750 5251 678 1750 5252 744 1751 5253 654 1751 5254 645 1751 5255 645 1752 5256 654 1752 5257 651 1752 5258 742 1753 5259 744 1753 5260 645 1753 5261 742 1754 5262 645 1754 5263 740 1754 5264 740 1755 5265 645 1755 5266 643 1755 5267 740 1756 5268 643 1756 5269 1028 1756 5270 696 1757 5271 1029 1757 5272 698 1757 5273 698 1758 5274 1029 1758 5275 763 1758 5276 1029 1759 5277 696 1759 5278 768 1759 5279 768 1760 5280 696 1760 5281 722 1760 5282 772 1761 5283 731 1761 5284 761 1761 5285 761 1762 5286 731 1762 5287 730 1762 5288 770 1763 5289 772 1763 5290 761 1763 5291 770 1764 5292 761 1764 5293 768 1764 5294 768 1765 5295 761 1765 5296 763 1765 5297 768 1766 5298 763 1766 5299 1029 1766 5300 1030 1767 5301 662 1767 5302 765 1767 5303 765 1768 5304 662 1768 5305 661 1768 5306 662 1769 5307 1030 1769 5308 686 1769 5309 686 1770 5310 1030 1770 5311 774 1770 5312 728 1771 5313 767 1771 5314 729 1771 5315 729 1772 5316 767 1772 5317 766 1772 5318 766 1773 5319 767 1773 5320 765 1773 5321 765 1774 5322 767 1774 5323 774 1774 5324 765 1775 5325 774 1775 5326 1030 1775 5327 1031 1776 5328 659 1776 5329 648 1776 5330 648 1777 5331 659 1777 5332 646 1777 5333 653 1778 5334 736 1778 5335 650 1778 5336 650 1779 5337 736 1779 5338 649 1779 5339 659 1780 5340 1031 1780 5341 665 1780 5342 665 1781 5343 1031 1781 5344 737 1781 5345 1031 1782 5346 648 1782 5347 737 1782 5348 737 1783 5349 648 1783 5350 649 1783 5351 737 1784 5352 649 1784 5353 736 1784 5354 999 1785 5355 870 1785 5356 795 1785 5357 795 1786 5358 870 1786 5359 872 1786 5360 795 1787 5361 872 1787 5362 797 1787 5363 797 1788 5364 872 1788 5365 1032 1788 5366 797 1789 5367 1032 1789 5368 796 1789 5369 796 1790 5370 1032 1790 5371 1033 1790 5372 796 1791 5373 1033 1791 5374 794 1791 5375 794 1792 5376 1033 1792 5377 862 1792 5378 883 1793 5379 986 1793 5380 801 1793 5381 800 1794 5382 858 1794 5383 798 1794 5384 798 1795 5385 858 1795 5386 1034 1795 5387 798 1796 5388 1034 1796 5389 799 1796 5390 799 1797 5391 1034 1797 5392 1035 1797 5393 799 1798 5394 1035 1798 5395 801 1798 5396 801 1799 5397 1035 1799 5398 882 1799 5399 801 1800 5400 882 1800 5401 883 1800 5402 969 1801 5403 828 1801 5404 823 1801 5405 823 1802 5406 828 1802 5407 842 1802 5408 823 1803 5409 842 1803 5410 825 1803 5411 825 1804 5412 842 1804 5413 1036 1804 5414 825 1805 5415 1036 1805 5416 824 1805 5417 824 1806 5418 1036 1806 5419 1037 1806 5420 824 1807 5421 1037 1807 5422 822 1807 5423 822 1808 5424 1037 1808 5425 859 1808 5426 827 1809 5427 976 1809 5428 821 1809 5429 820 1810 5430 861 1810 5431 818 1810 5432 818 1811 5433 861 1811 5434 1038 1811 5435 818 1812 5436 1038 1812 5437 819 1812 5438 819 1813 5439 1038 1813 5440 1039 1813 5441 819 1814 5442 1039 1814 5443 821 1814 5444 821 1815 5445 1039 1815 5446 832 1815 5447 821 1816 5448 832 1816 5449 827 1816 5450 762 1817 5451 660 1817 5452 688 1817 5453 762 1818 5454 688 1818 5455 1040 1818 5456 1040 1819 5457 688 1819 5458 687 1819 5459 1040 1820 5460 687 1820 5461 1041 1820 5462 1041 1821 5463 687 1821 5464 685 1821 5465 1041 1822 5466 685 1822 5467 895 1822 5468 890 1823 5469 666 1823 5470 670 1823 5471 890 1824 5472 670 1824 5473 1042 1824 5474 1042 1825 5475 670 1825 5476 663 1825 5477 1042 1826 5478 663 1826 5479 1043 1826 5480 1043 1827 5481 663 1827 5482 640 1827 5483 1043 1828 5484 640 1828 5485 642 1828 5486 928 1829 5487 682 1829 5488 694 1829 5489 928 1830 5490 694 1830 5491 1044 1830 5492 1044 1831 5493 694 1831 5494 695 1831 5495 1044 1832 5496 695 1832 5497 1045 1832 5498 1045 1833 5499 695 1833 5500 697 1833 5501 1045 1834 5502 697 1834 5503 764 1834 5504 644 1835 5505 647 1835 5506 669 1835 5507 644 1836 5508 669 1836 5509 1046 1836 5510 1046 1837 5511 669 1837 5512 668 1837 5513 1046 1838 5514 668 1838 5515 1047 1838 5516 1047 1839 5517 668 1839 5518 667 1839 5519 1047 1840 5520 667 1840 5521 926 1840 5522 932 1841 5523 931 1841 5524 1048 1841 5525 930 1842 5526 1049 1842 5527 931 1842 5528 931 1843 5529 1049 1843 5530 1050 1843 5531 931 1844 5532 1050 1844 5533 1048 1844 5534 929 1845 5535 1051 1845 5536 930 1845 5537 930 1846 5538 1051 1846 5539 1052 1846 5540 930 1847 5541 1052 1847 5542 1049 1847 5543 950 1848 5544 1053 1848 5545 929 1848 5546 929 1849 5547 1053 1849 5548 1054 1849 5549 929 1850 5550 1054 1850 5551 1051 1850 5552 948 1851 5553 1055 1851 5554 950 1851 5555 950 1852 5556 1055 1852 5557 1056 1852 5558 950 1853 5559 1056 1853 5560 1053 1853 5561 946 1854 5562 1057 1854 5563 948 1854 5564 948 1855 5565 1057 1855 5566 1058 1855 5567 948 1856 5568 1058 1856 5569 1055 1856 5570 935 1857 5571 1059 1857 5572 946 1857 5573 946 1858 5574 1059 1858 5575 1060 1858 5576 946 1859 5577 1060 1859 5578 1057 1859 5579 937 1860 5580 1061 1860 5581 935 1860 5582 935 1861 5583 1061 1861 5584 1062 1861 5585 935 1862 5586 1062 1862 5587 1059 1862 5588 927 1863 5589 1063 1863 5590 937 1863 5591 937 1864 5592 1063 1864 5593 1064 1864 5594 937 1865 5595 1064 1865 5596 1061 1865 5597 925 1866 5598 1065 1866 5599 927 1866 5600 927 1867 5601 1065 1867 5602 1066 1867 5603 927 1868 5604 1066 1868 5605 1063 1868 5606 924 1869 5607 1067 1869 5608 925 1869 5609 925 1870 5610 1067 1870 5611 1068 1870 5612 925 1871 5613 1068 1871 5614 1065 1871 5615 1048 1872 5616 1069 1872 5617 932 1872 5618 932 1873 5619 1069 1873 5620 1070 1873 5621 932 1874 5622 1070 1874 5623 924 1874 5624 924 1875 5625 1070 1875 5626 1071 1875 5627 924 1876 5628 1071 1876 5629 1067 1876 5630 835 1877 5631 831 1877 5632 1068 1877 5633 1068 1878 5634 1067 1878 5635 835 1878 5636 835 1879 5637 1067 1879 5638 1071 1879 5639 835 1880 5640 1071 1880 5641 834 1880 5642 1071 1881 5643 1070 1881 5644 834 1881 5645 834 1882 5646 1070 1882 5647 1069 1882 5648 834 1883 5649 1069 1883 5650 833 1883 5651 1069 1884 5652 1048 1884 5653 833 1884 5654 833 1885 5655 1048 1885 5656 1050 1885 5657 833 1886 5658 1050 1886 5659 845 1886 5660 1050 1887 5661 1049 1887 5662 845 1887 5663 845 1888 5664 1049 1888 5665 1052 1888 5666 845 1889 5667 1052 1889 5668 846 1889 5669 1052 1890 5670 1051 1890 5671 846 1890 5672 846 1891 5673 1051 1891 5674 1054 1891 5675 846 1892 5676 1054 1892 5677 851 1892 5678 851 1893 5679 1054 1893 5680 1053 1893 5681 851 1894 5682 1053 1894 5683 850 1894 5684 1053 1895 5685 1056 1895 5686 850 1895 5687 850 1896 5688 1056 1896 5689 1055 1896 5690 850 1897 5691 1055 1897 5692 849 1897 5693 1055 1898 5694 1058 1898 5695 849 1898 5696 849 1899 5697 1058 1899 5698 1057 1899 5699 849 1900 5700 1057 1900 5701 847 1900 5702 1057 1901 5703 1060 1901 5704 847 1901 5705 847 1902 5706 1060 1902 5707 1059 1902 5708 847 1903 5709 1059 1903 5710 853 1903 5711 1059 1904 5712 1062 1904 5713 853 1904 5714 853 1905 5715 1062 1905 5716 1061 1905 5717 853 1906 5718 1061 1906 5719 852 1906 5720 1061 1907 5721 1064 1907 5722 852 1907 5723 852 1908 5724 1064 1908 5725 1063 1908 5726 852 1909 5727 1063 1909 5728 830 1909 5729 830 1910 5730 1063 1910 5731 1066 1910 5732 830 1911 5733 1066 1911 5734 831 1911 5735 831 1912 5736 1066 1912 5737 1065 1912 5738 831 1913 5739 1065 1913 5740 1068 1913 5741 854 1914 5742 844 1914 5743 636 1914 5744 636 1915 5745 635 1915 5746 854 1915 5747 854 1916 5748 635 1916 5749 639 1916 5750 854 1917 5751 639 1917 5752 848 1917 5753 639 1918 5754 638 1918 5755 848 1918 5756 848 1919 5757 638 1919 5758 637 1919 5759 848 1920 5760 637 1920 5761 836 1920 5762 637 1921 5763 606 1921 5764 836 1921 5765 836 1922 5766 606 1922 5767 609 1922 5768 836 1923 5769 609 1923 5770 837 1923 5771 609 1924 5772 608 1924 5773 837 1924 5774 837 1925 5775 608 1925 5776 612 1925 5777 837 1926 5778 612 1926 5779 838 1926 5780 838 1927 5781 612 1927 5782 611 1927 5783 838 1928 5784 611 1928 5785 839 1928 5786 611 1929 5787 615 1929 5788 839 1929 5789 839 1930 5790 615 1930 5791 614 1930 5792 839 1931 5793 614 1931 5794 855 1931 5795 614 1932 5796 618 1932 5797 855 1932 5798 855 1933 5799 618 1933 5800 617 1933 5801 855 1934 5802 617 1934 5803 856 1934 5804 617 1935 5805 621 1935 5806 856 1935 5807 856 1936 5808 621 1936 5809 620 1936 5810 856 1937 5811 620 1937 5812 857 1937 5813 620 1938 5814 624 1938 5815 857 1938 5816 857 1939 5817 624 1939 5818 623 1939 5819 857 1940 5820 623 1940 5821 840 1940 5822 623 1941 5823 627 1941 5824 840 1941 5825 840 1942 5826 627 1942 5827 626 1942 5828 840 1943 5829 626 1943 5830 841 1943 5831 626 1944 5832 630 1944 5833 841 1944 5834 841 1945 5835 630 1945 5836 629 1945 5837 841 1946 5838 629 1946 5839 843 1946 5840 843 1947 5841 629 1947 5842 633 1947 5843 843 1948 5844 633 1948 5845 844 1948 5846 844 1949 5847 633 1949 5848 632 1949 5849 844 1950 5850 632 1950 5851 636 1950 5852 914 1951 5853 1072 1951 5854 915 1951 5855 915 1952 5856 1072 1952 5857 1073 1952 5858 915 1953 5859 1073 1953 5860 893 1953 5861 893 1954 5862 1073 1954 5863 1074 1954 5864 893 1955 5865 1074 1955 5866 894 1955 5867 894 1956 5868 1074 1956 5869 1075 1956 5870 894 1957 5871 1075 1957 5872 896 1957 5873 896 1958 5874 1075 1958 5875 1076 1958 5876 896 1959 5877 1076 1959 5878 916 1959 5879 916 1960 5880 1076 1960 5881 1077 1960 5882 916 1961 5883 1077 1961 5884 917 1961 5885 917 1962 5886 1077 1962 5887 1078 1962 5888 917 1963 5889 1078 1963 5890 886 1963 5891 886 1964 5892 1078 1964 5893 1079 1964 5894 886 1965 5895 1079 1965 5896 903 1965 5897 903 1966 5898 1079 1966 5899 1080 1966 5900 903 1967 5901 1080 1967 5902 904 1967 5903 904 1968 5904 1080 1968 5905 1081 1968 5906 904 1969 5907 1081 1969 5908 921 1969 5909 921 1970 5910 1081 1970 5911 1082 1970 5912 921 1971 5913 1082 1971 5914 922 1971 5915 922 1972 5916 1082 1972 5917 1083 1972 5918 922 1973 5919 1083 1973 5920 923 1973 5921 923 1974 5922 1083 1974 5923 1084 1974 5924 923 1975 5925 1084 1975 5926 905 1975 5927 905 1976 5928 1084 1976 5929 1085 1976 5930 905 1977 5931 1085 1977 5932 906 1977 5933 906 1978 5934 1085 1978 5935 1086 1978 5936 906 1979 5937 1086 1979 5938 907 1979 5939 907 1980 5940 1086 1980 5941 1087 1980 5942 907 1981 5943 1087 1981 5944 908 1981 5945 908 1982 5946 1087 1982 5947 1088 1982 5948 908 1983 5949 1088 1983 5950 909 1983 5951 909 1984 5952 1088 1984 5953 1089 1984 5954 909 1985 5955 1089 1985 5956 910 1985 5957 910 1986 5958 1089 1986 5959 1090 1986 5960 910 1987 5961 1090 1987 5962 911 1987 5963 911 1988 5964 1090 1988 5965 1091 1988 5966 911 1989 5967 1091 1989 5968 912 1989 5969 912 1990 5970 1091 1990 5971 1092 1990 5972 912 1991 5973 1092 1991 5974 913 1991 5975 913 1992 5976 1092 1992 5977 1093 1992 5978 913 1993 5979 1093 1993 5980 914 1993 5981 914 1994 5982 1093 1994 5983 1072 1994 5984 1094 1995 5985 1095 1995 5986 1072 1995 5987 1096 1996 5988 1074 1996 5989 1095 1996 5990 1095 1997 5991 1074 1997 5992 1073 1997 5993 1095 1998 5994 1073 1998 5995 1072 1998 5996 1072 1999 5997 1093 1999 5998 1094 1999 5999 1094 2000 6000 1093 2000 6001 1092 2000 6002 1094 2001 6003 1092 2001 6004 1097 2001 6005 1098 2002 6006 1079 2002 6007 1099 2002 6008 1099 2003 6009 1079 2003 6010 1078 2003 6011 1099 2004 6012 1078 2004 6013 1100 2004 6014 1078 2005 6015 1077 2005 6016 1100 2005 6017 1100 2006 6018 1077 2006 6019 1076 2006 6020 1100 2007 6021 1076 2007 6022 1096 2007 6023 1096 2008 6024 1076 2008 6025 1075 2008 6026 1096 2009 6027 1075 2009 6028 1074 2009 6029 1101 2010 6030 1081 2010 6031 1098 2010 6032 1098 2011 6033 1081 2011 6034 1080 2011 6035 1098 2012 6036 1080 2012 6037 1079 2012 6038 1092 2013 6039 1091 2013 6040 1097 2013 6041 1097 2014 6042 1091 2014 6043 1090 2014 6044 1097 2015 6045 1090 2015 6046 1102 2015 6047 1102 2016 6048 1090 2016 6049 1089 2016 6050 1102 2017 6051 1089 2017 6052 1103 2017 6053 1104 2018 6054 1083 2018 6055 1101 2018 6056 1101 2019 6057 1083 2019 6058 1082 2019 6059 1101 2020 6060 1082 2020 6061 1081 2020 6062 1105 2021 6063 1085 2021 6064 1104 2021 6065 1104 2022 6066 1085 2022 6067 1084 2022 6068 1104 2023 6069 1084 2023 6070 1083 2023 6071 1089 2024 6072 1088 2024 6073 1103 2024 6074 1103 2025 6075 1088 2025 6076 1087 2025 6077 1103 2026 6078 1087 2026 6079 1105 2026 6080 1105 2027 6081 1087 2027 6082 1086 2027 6083 1105 2028 6084 1086 2028 6085 1085 2028 6086 1106 2029 6087 945 2029 6088 1107 2029 6089 1107 2030 6090 945 2030 6091 947 2030 6092 1107 2031 6093 947 2031 6094 1108 2031 6095 1108 2032 6096 947 2032 6097 949 2032 6098 1108 2033 6099 949 2033 6100 1109 2033 6101 1109 2034 6102 949 2034 6103 944 2034 6104 1109 2035 6105 944 2035 6106 1110 2035 6107 1110 2036 6108 944 2036 6109 943 2036 6110 1110 2037 6111 943 2037 6112 1111 2037 6113 1111 2038 6114 943 2038 6115 942 2038 6116 1111 2039 6117 942 2039 6118 1112 2039 6119 1112 2040 6120 942 2040 6121 941 2040 6122 1112 2041 6123 941 2041 6124 1113 2041 6125 1113 2042 6126 941 2042 6127 953 2042 6128 1113 2043 6129 953 2043 6130 1114 2043 6131 1114 2044 6132 953 2044 6133 952 2044 6134 1114 2045 6135 952 2045 6136 1115 2045 6137 1115 2046 6138 952 2046 6139 951 2046 6140 1115 2047 6141 951 2047 6142 1116 2047 6143 1116 2048 6144 951 2048 6145 940 2048 6146 1116 2049 6147 940 2049 6148 1117 2049 6149 1117 2050 6150 940 2050 6151 939 2050 6152 1117 2051 6153 939 2051 6154 1118 2051 6155 1118 2052 6156 939 2052 6157 938 2052 6158 1118 2053 6159 938 2053 6160 1119 2053 6161 1119 2054 6162 938 2054 6163 936 2054 6164 1119 2055 6165 936 2055 6166 1120 2055 6167 1120 2056 6168 936 2056 6169 934 2056 6170 1120 2057 6171 934 2057 6172 1121 2057 6173 1121 2058 6174 934 2058 6175 933 2058 6176 1121 2059 6177 933 2059 6178 1106 2059 6179 1106 2060 6180 933 2060 6181 945 2060 6182 631 2061 6183 1120 2061 6184 634 2061 6185 634 2062 6186 1120 2062 6187 1121 2062 6188 634 2063 6189 1121 2063 6190 604 2063 6191 604 2064 6192 1121 2064 6193 1106 2064 6194 604 2065 6195 1106 2065 6196 605 2065 6197 622 2066 6198 1116 2066 6199 625 2066 6200 625 2067 6201 1116 2067 6202 1117 2067 6203 625 2068 6204 1117 2068 6205 628 2068 6206 628 2069 6207 1117 2069 6208 1118 2069 6209 628 2070 6210 1118 2070 6211 631 2070 6212 631 2071 6213 1118 2071 6214 1119 2071 6215 631 2072 6216 1119 2072 6217 1120 2072 6218 613 2073 6219 1112 2073 6220 616 2073 6221 616 2074 6222 1112 2074 6223 1113 2074 6224 616 2075 6225 1113 2075 6226 619 2075 6227 619 2076 6228 1113 2076 6229 1114 2076 6230 619 2077 6231 1114 2077 6232 622 2077 6233 622 2078 6234 1114 2078 6235 1115 2078 6236 622 2079 6237 1115 2079 6238 1116 2079 6239 1106 2080 6240 1107 2080 6241 605 2080 6242 605 2081 6243 1107 2081 6244 1108 2081 6245 605 2082 6246 1108 2082 6247 607 2082 6248 607 2083 6249 1108 2083 6250 1109 2083 6251 607 2084 6252 1109 2084 6253 610 2084 6254 610 2085 6255 1109 2085 6256 1110 2085 6257 610 2086 6258 1110 2086 6259 613 2086 6260 613 2087 6261 1110 2087 6262 1111 2087 6263 613 2088 6264 1111 2088 6265 1112 2088 6266 885 2089 6267 902 2089 6268 864 2089 6269 864 2090 6270 902 2090 6271 901 2090 6272 864 2091 6273 901 2091 6274 865 2091 6275 865 2092 6276 901 2092 6277 900 2092 6278 865 2093 6279 900 2093 6280 874 2093 6281 874 2094 6282 900 2094 6283 899 2094 6284 874 2095 6285 899 2095 6286 875 2095 6287 875 2096 6288 899 2096 6289 898 2096 6290 875 2097 6291 898 2097 6292 868 2097 6293 868 2098 6294 898 2098 6295 897 2098 6296 868 2099 6297 897 2099 6298 869 2099 6299 869 2100 6300 897 2100 6301 920 2100 6302 869 2101 6303 920 2101 6304 871 2101 6305 871 2102 6306 920 2102 6307 919 2102 6308 871 2103 6309 919 2103 6310 876 2103 6311 876 2104 6312 919 2104 6313 918 2104 6314 876 2105 6315 918 2105 6316 877 2105 6317 877 2106 6318 918 2106 6319 889 2106 6320 877 2107 6321 889 2107 6322 878 2107 6323 878 2108 6324 889 2108 6325 891 2108 6326 878 2109 6327 891 2109 6328 879 2109 6329 879 2110 6330 891 2110 6331 892 2110 6332 879 2111 6333 892 2111 6334 880 2111 6335 880 2112 6336 892 2112 6337 888 2112 6338 880 2113 6339 888 2113 6340 881 2113 6341 881 2114 6342 888 2114 6343 887 2114 6344 881 2115 6345 887 2115 6346 885 2115 6347 885 2116 6348 887 2116 6349 902 2116 6350 1046 2117 6351 1047 2117 6352 926 2117 6353 1040 2118 6354 1041 2118 6355 895 2118 6356 926 2119 6357 928 2119 6358 842 2119 6359 895 2120 6360 890 2120 6361 872 2120 6362 644 2121 6363 1046 2121 6364 1039 2121 6365 1039 2122 6366 1046 2122 6367 926 2122 6368 1039 2123 6369 926 2123 6370 832 2123 6371 832 2124 6372 926 2124 6373 842 2124 6374 1043 2125 6375 642 2125 6376 1042 2125 6377 1042 2126 6378 642 2126 6379 1033 2126 6380 1042 2127 6381 1033 2127 6382 890 2127 6383 890 2128 6384 1033 2128 6385 1032 2128 6386 890 2129 6387 1032 2129 6388 872 2129 6389 762 2130 6390 1040 2130 6391 1035 2130 6392 1035 2131 6393 1040 2131 6394 895 2131 6395 1035 2132 6396 895 2132 6397 882 2132 6398 882 2133 6399 895 2133 6400 872 2133 6401 1039 2134 6402 1038 2134 6403 644 2134 6404 644 2135 6405 1038 2135 6406 861 2135 6407 644 2136 6408 861 2136 6409 642 2136 6410 642 2137 6411 861 2137 6412 862 2137 6413 642 2138 6414 862 2138 6415 1033 2138 6416 1035 2139 6417 1034 2139 6418 762 2139 6419 762 2140 6420 1034 2140 6421 858 2140 6422 762 2141 6423 858 2141 6424 764 2141 6425 764 2142 6426 858 2142 6427 859 2142 6428 764 2143 6429 859 2143 6430 1037 2143 6431 1045 2144 6432 764 2144 6433 1044 2144 6434 1044 2145 6435 764 2145 6436 1037 2145 6437 1044 2146 6438 1037 2146 6439 928 2146 6440 928 2147 6441 1037 2147 6442 1036 2147 6443 928 2148 6444 1036 2148 6445 842 2148 6446 1122 2149 6447 588 2149 6448 1123 2149 6449 1123 2150 6450 588 2150 6451 590 2150 6452 1123 2151 6453 590 2151 6454 1124 2151 6455 1124 2152 6456 590 2152 6457 592 2152 6458 1124 2153 6459 592 2153 6460 1125 2153 6461 1125 2154 6462 592 2154 6463 594 2154 6464 1125 2155 6465 594 2155 6466 1126 2155 6467 1126 2156 6468 594 2156 6469 596 2156 6470 1126 2157 6471 596 2157 6472 1127 2157 6473 1127 2158 6474 596 2158 6475 598 2158 6476 1127 2159 6477 598 2159 6478 1128 2159 6479 1128 2160 6480 598 2160 6481 600 2160 6482 1128 2161 6483 600 2161 6484 1129 2161 6485 1129 2162 6486 600 2162 6487 602 2162 6488 1129 2163 6489 602 2163 6490 1130 2163 6491 1130 2164 6492 602 2164 6493 580 2164 6494 1130 2165 6495 580 2165 6496 1131 2165 6497 1131 2166 6498 580 2166 6499 582 2166 6500 1131 2167 6501 582 2167 6502 1132 2167 6503 1132 2168 6504 582 2168 6505 584 2168 6506 1132 2169 6507 584 2169 6508 1133 2169 6509 1133 2170 6510 584 2170 6511 586 2170 6512 1133 2171 6513 586 2171 6514 1122 2171 6515 1122 2172 6516 586 2172 6517 588 2172 6518 1124 2173 6519 960 2173 6520 1123 2173 6521 1123 2174 6522 960 2174 6523 972 2174 6524 1123 2175 6525 972 2175 6526 1122 2175 6527 1122 2176 6528 972 2176 6529 971 2176 6530 1122 2177 6531 971 2177 6532 1133 2177 6533 1133 2178 6534 971 2178 6535 970 2178 6536 1133 2179 6537 970 2179 6538 1132 2179 6539 1132 2180 6540 970 2180 6541 968 2180 6542 1132 2181 6543 968 2181 6544 1131 2181 6545 1131 2182 6546 968 2182 6547 967 2182 6548 1131 2183 6549 967 2183 6550 1130 2183 6551 1130 2184 6552 967 2184 6553 966 2184 6554 1130 2185 6555 966 2185 6556 1129 2185 6557 1129 2186 6558 966 2186 6559 965 2186 6560 1129 2187 6561 965 2187 6562 1128 2187 6563 1128 2188 6564 965 2188 6565 964 2188 6566 1128 2189 6567 964 2189 6568 1127 2189 6569 1127 2190 6570 964 2190 6571 963 2190 6572 1127 2191 6573 963 2191 6574 1126 2191 6575 1126 2192 6576 963 2192 6577 962 2192 6578 1126 2193 6579 962 2193 6580 1125 2193 6581 1125 2194 6582 962 2194 6583 961 2194 6584 1125 2195 6585 961 2195 6586 1124 2195 6587 1124 2196 6588 961 2196 6589 960 2196 6590 1134 2197 6591 576 2197 6592 1135 2197 6593 1135 2198 6594 576 2198 6595 578 2198 6596 1135 2199 6597 578 2199 6598 1136 2199 6599 1136 2200 6600 578 2200 6601 556 2200 6602 1136 2201 6603 556 2201 6604 1137 2201 6605 1137 2202 6606 556 2202 6607 558 2202 6608 1137 2203 6609 558 2203 6610 1138 2203 6611 1138 2204 6612 558 2204 6613 560 2204 6614 1138 2205 6615 560 2205 6616 1139 2205 6617 1139 2206 6618 560 2206 6619 562 2206 6620 1139 2207 6621 562 2207 6622 1140 2207 6623 1140 2208 6624 562 2208 6625 564 2208 6626 1140 2209 6627 564 2209 6628 1141 2209 6629 1141 2210 6630 564 2210 6631 566 2210 6632 1141 2211 6633 566 2211 6634 1142 2211 6635 1142 2212 6636 566 2212 6637 568 2212 6638 1142 2213 6639 568 2213 6640 1143 2213 6641 1143 2214 6642 568 2214 6643 570 2214 6644 1143 2215 6645 570 2215 6646 1144 2215 6647 1144 2216 6648 570 2216 6649 572 2216 6650 1144 2217 6651 572 2217 6652 1145 2217 6653 1145 2218 6654 572 2218 6655 574 2218 6656 1145 2219 6657 574 2219 6658 1134 2219 6659 1134 2220 6660 574 2220 6661 576 2220 6662 1142 2221 6663 974 2221 6664 1141 2221 6665 1141 2222 6666 974 2222 6667 975 2222 6668 1141 2223 6669 975 2223 6670 1140 2223 6671 1140 2224 6672 975 2224 6673 985 2224 6674 1140 2225 6675 985 2225 6676 1139 2225 6677 1139 2226 6678 985 2226 6679 984 2226 6680 1139 2227 6681 984 2227 6682 1138 2227 6683 1138 2228 6684 984 2228 6685 983 2228 6686 1138 2229 6687 983 2229 6688 1137 2229 6689 1137 2230 6690 983 2230 6691 982 2230 6692 1137 2231 6693 982 2231 6694 1136 2231 6695 1136 2232 6696 982 2232 6697 981 2232 6698 1136 2233 6699 981 2233 6700 1135 2233 6701 1135 2234 6702 981 2234 6703 980 2234 6704 1135 2235 6705 980 2235 6706 1134 2235 6707 1134 2236 6708 980 2236 6709 977 2236 6710 1134 2237 6711 977 2237 6712 1145 2237 6713 1145 2238 6714 977 2238 6715 978 2238 6716 1145 2239 6717 978 2239 6718 1144 2239 6719 1144 2240 6720 978 2240 6721 979 2240 6722 1144 2241 6723 979 2241 6724 1143 2241 6725 1143 2242 6726 979 2242 6727 973 2242 6728 1143 2243 6729 973 2243 6730 1142 2243 6731 1142 2244 6732 973 2244 6733 974 2244 6734 1146 2245 6735 552 2245 6736 1147 2245 6737 1147 2246 6738 552 2246 6739 554 2246 6740 1147 2247 6741 554 2247 6742 1148 2247 6743 1148 2248 6744 554 2248 6745 532 2248 6746 1148 2249 6747 532 2249 6748 1149 2249 6749 1149 2250 6750 532 2250 6751 534 2250 6752 1149 2251 6753 534 2251 6754 1150 2251 6755 1150 2252 6756 534 2252 6757 536 2252 6758 1150 2253 6759 536 2253 6760 1151 2253 6761 1151 2254 6762 536 2254 6763 538 2254 6764 1151 2255 6765 538 2255 6766 1152 2255 6767 1152 2256 6768 538 2256 6769 540 2256 6770 1152 2257 6771 540 2257 6772 1153 2257 6773 1153 2258 6774 540 2258 6775 542 2258 6776 1153 2259 6777 542 2259 6778 1154 2259 6779 1154 2260 6780 542 2260 6781 544 2260 6782 1154 2261 6783 544 2261 6784 1155 2261 6785 1155 2262 6786 544 2262 6787 546 2262 6788 1155 2263 6789 546 2263 6790 1156 2263 6791 1156 2264 6792 546 2264 6793 548 2264 6794 1156 2265 6795 548 2265 6796 1157 2265 6797 1157 2266 6798 548 2266 6799 550 2266 6800 1157 2267 6801 550 2267 6802 1146 2267 6803 1146 2268 6804 550 2268 6805 552 2268 6806 1154 2269 6807 1000 2269 6808 1153 2269 6809 1153 2270 6810 1000 2270 6811 1007 2270 6812 1153 2271 6813 1007 2271 6814 1152 2271 6815 1152 2272 6816 1007 2272 6817 1006 2272 6818 1152 2273 6819 1006 2273 6820 1151 2273 6821 1151 2274 6822 1006 2274 6823 1005 2274 6824 1151 2275 6825 1005 2275 6826 1150 2275 6827 1150 2276 6828 1005 2276 6829 1004 2276 6830 1150 2277 6831 1004 2277 6832 1149 2277 6833 1149 2278 6834 1004 2278 6835 1011 2278 6836 1149 2279 6837 1011 2279 6838 1148 2279 6839 1148 2280 6840 1011 2280 6841 1010 2280 6842 1148 2281 6843 1010 2281 6844 1147 2281 6845 1147 2282 6846 1010 2282 6847 1009 2282 6848 1147 2283 6849 1009 2283 6850 1146 2283 6851 1146 2284 6852 1009 2284 6853 1008 2284 6854 1146 2285 6855 1008 2285 6856 1157 2285 6857 1157 2286 6858 1008 2286 6859 1003 2286 6860 1157 2287 6861 1003 2287 6862 1156 2287 6863 1156 2288 6864 1003 2288 6865 1002 2288 6866 1156 2289 6867 1002 2289 6868 1155 2289 6869 1155 2290 6870 1002 2290 6871 1001 2290 6872 1155 2291 6873 1001 2291 6874 1154 2291 6875 1154 2292 6876 1001 2292 6877 1000 2292 6878 1158 2293 6879 516 2293 6880 1159 2293 6881 1159 2294 6882 516 2294 6883 518 2294 6884 1159 2295 6885 518 2295 6886 1160 2295 6887 1160 2296 6888 518 2296 6889 520 2296 6890 1160 2297 6891 520 2297 6892 1161 2297 6893 1161 2298 6894 520 2298 6895 522 2298 6896 1161 2299 6897 522 2299 6898 1162 2299 6899 1162 2300 6900 522 2300 6901 524 2300 6902 1162 2301 6903 524 2301 6904 1163 2301 6905 1163 2302 6906 524 2302 6907 526 2302 6908 1163 2303 6909 526 2303 6910 1164 2303 6911 1164 2304 6912 526 2304 6913 528 2304 6914 1164 2305 6915 528 2305 6916 1165 2305 6917 1165 2306 6918 528 2306 6919 530 2306 6920 1165 2307 6921 530 2307 6922 1166 2307 6923 1166 2308 6924 530 2308 6925 508 2308 6926 1166 2309 6927 508 2309 6928 1167 2309 6929 1167 2310 6930 508 2310 6931 510 2310 6932 1167 2311 6933 510 2311 6934 1168 2311 6935 1168 2312 6936 510 2312 6937 512 2312 6938 1168 2313 6939 512 2313 6940 1169 2313 6941 1169 2314 6942 512 2314 6943 514 2314 6944 1169 2315 6945 514 2315 6946 1158 2315 6947 1158 2316 6948 514 2316 6949 516 2316 6950 1160 2317 6951 997 2317 6952 1159 2317 6953 1159 2318 6954 997 2318 6955 996 2318 6956 1159 2319 6957 996 2319 6958 1158 2319 6959 1158 2320 6960 996 2320 6961 993 2320 6962 1158 2321 6963 993 2321 6964 1169 2321 6965 1169 2322 6966 993 2322 6967 994 2322 6968 1169 2323 6969 994 2323 6970 1168 2323 6971 1168 2324 6972 994 2324 6973 995 2324 6974 1168 2325 6975 995 2325 6976 1167 2325 6977 1167 2326 6978 995 2326 6979 992 2326 6980 1167 2327 6981 992 2327 6982 1166 2327 6983 1166 2328 6984 992 2328 6985 991 2328 6986 1166 2329 6987 991 2329 6988 1165 2329 6989 1165 2330 6990 991 2330 6991 990 2330 6992 1165 2331 6993 990 2331 6994 1164 2331 6995 1164 2332 6996 990 2332 6997 987 2332 6998 1164 2333 6999 987 2333 7000 1163 2333 7001 1163 2334 7002 987 2334 7003 988 2334 7004 1163 2335 7005 988 2335 7006 1162 2335 7007 1162 2336 7008 988 2336 7009 989 2336 7010 1162 2337 7011 989 2337 7012 1161 2337 7013 1161 2338 7014 989 2338 7015 998 2338 7016 1161 2339 7017 998 2339 7018 1160 2339 7019 1160 2340 7020 998 2340 7021 997 2340 7022 507 2341 7023 483 2341 7024 1170 2341 7025 1170 2342 7026 483 2342 7027 485 2342 7028 1170 2343 7029 485 2343 7030 1171 2343 7031 1171 2344 7032 485 2344 7033 487 2344 7034 1171 2345 7035 487 2345 7036 1172 2345 7037 1172 2346 7038 487 2346 7039 489 2346 7040 1172 2347 7041 489 2347 7042 1173 2347 7043 1173 2348 7044 489 2348 7045 491 2348 7046 1173 2349 7047 491 2349 7048 1174 2349 7049 1174 2350 7050 491 2350 7051 493 2350 7052 1174 2351 7053 493 2351 7054 1175 2351 7055 1175 2352 7056 493 2352 7057 495 2352 7058 1175 2353 7059 495 2353 7060 1176 2353 7061 1176 2354 7062 495 2354 7063 497 2354 7064 1176 2355 7065 497 2355 7066 1177 2355 7067 1177 2356 7068 497 2356 7069 499 2356 7070 1177 2357 7071 499 2357 7072 1178 2357 7073 1178 2358 7074 499 2358 7075 501 2358 7076 1178 2359 7077 501 2359 7078 1179 2359 7079 1179 2360 7080 501 2360 7081 503 2360 7082 1179 2361 7083 503 2361 7084 1180 2361 7085 1180 2362 7086 503 2362 7087 505 2362 7088 1180 2363 7089 505 2363 7090 1181 2363 7091 1181 2364 7092 505 2364 7093 507 2364 7094 1181 2365 7095 507 2365 7096 1170 2365 7097 1176 2366 7098 1094 2366 7099 1175 2366 7100 1175 2367 7101 1094 2367 7102 1097 2367 7103 1175 2368 7104 1097 2368 7105 1174 2368 7106 1174 2369 7107 1097 2369 7108 1102 2369 7109 1174 2370 7110 1102 2370 7111 1173 2370 7112 1173 2371 7113 1102 2371 7114 1103 2371 7115 1173 2372 7116 1103 2372 7117 1172 2372 7118 1172 2373 7119 1103 2373 7120 1105 2373 7121 1172 2374 7122 1105 2374 7123 1171 2374 7124 1171 2375 7125 1105 2375 7126 1104 2375 7127 1171 2376 7128 1104 2376 7129 1170 2376 7130 1170 2377 7131 1104 2377 7132 1101 2377 7133 1170 2378 7134 1101 2378 7135 1181 2378 7136 1181 2379 7137 1101 2379 7138 1098 2379 7139 1181 2380 7140 1098 2380 7141 1180 2380 7142 1180 2381 7143 1098 2381 7144 1099 2381 7145 1180 2382 7146 1099 2382 7147 1179 2382 7148 1179 2383 7149 1099 2383 7150 1100 2383 7151 1179 2384 7152 1100 2384 7153 1178 2384 7154 1178 2385 7155 1100 2385 7156 1096 2385 7157 1178 2386 7158 1096 2386 7159 1177 2386 7160 1177 2387 7161 1096 2387 7162 1095 2387 7163 1177 2388 7164 1095 2388 7165 1176 2388 7166 1176 2389 7167 1095 2389 7168 1094 2389 7169 1182 2390 7170 1183 2390 7171 1184 2390 7172 1184 2391 7173 1183 2391 7174 1185 2391 7175 1184 2392 7176 1185 2392 7177 1186 2392 7178 1186 2393 7179 1185 2393 7180 1187 2393 7181 1186 2394 7182 1187 2394 7183 1188 2394 7184 1188 2395 7185 1187 2395 7186 1189 2395 7187 1188 2396 7188 1189 2396 7189 1190 2396 7190 1190 2397 7191 1189 2397 7192 1191 2397 7193 1190 2398 7194 1191 2398 7195 1192 2398 7196 1192 2399 7197 1191 2399 7198 1193 2399 7199 1192 2400 7200 1193 2400 7201 1194 2400 7202 1194 2401 7203 1193 2401 7204 1195 2401 7205 1194 2402 7206 1195 2402 7207 1196 2402 7208 1196 2403 7209 1195 2403 7210 1197 2403 7211 1196 2404 7212 1197 2404 7213 1198 2404 7214 1198 2405 7215 1197 2405 7216 1199 2405 7217 1198 2406 7218 1199 2406 7219 1200 2406 7220 1200 2407 7221 1199 2407 7222 1201 2407 7223 1200 2408 7224 1201 2408 7225 1202 2408 7226 1202 2409 7227 1201 2409 7228 1203 2409 7229 1202 2410 7230 1203 2410 7231 1204 2410 7232 1204 2411 7233 1203 2411 7234 1205 2411 7235 1204 2412 7236 1205 2412 7237 1206 2412 7238 1206 2413 7239 1205 2413 7240 1207 2413 7241 1206 2414 7242 1207 2414 7243 1208 2414 7244 1208 2415 7245 1207 2415 7246 1209 2415 7247 1208 2416 7248 1209 2416 7249 1182 2416 7250 1182 2417 7251 1209 2417 7252 1183 2417 7253 1210 2418 7254 1211 2418 7255 1212 2418 7256 1212 2419 7257 1211 2419 7258 1213 2419 7259 1212 2420 7260 1213 2420 7261 1214 2420 7262 1214 2421 7263 1213 2421 7264 1215 2421 7265 1214 2422 7266 1215 2422 7267 1216 2422 7268 1216 2423 7269 1215 2423 7270 1217 2423 7271 1216 2424 7272 1217 2424 7273 1218 2424 7274 1218 2425 7275 1217 2425 7276 1219 2425 7277 1218 2426 7278 1219 2426 7279 1220 2426 7280 1219 2427 7281 1221 2427 7282 1220 2427 7283 1220 2428 7284 1221 2428 7285 1222 2428 7286 1220 2429 7287 1222 2429 7288 1223 2429 7289 1223 2430 7290 1222 2430 7291 1224 2430 7292 1223 2431 7293 1224 2431 7294 1225 2431 7295 1225 2432 7296 1224 2432 7297 1226 2432 7298 1225 2433 7299 1226 2433 7300 1227 2433 7301 1227 2434 7302 1226 2434 7303 1228 2434 7304 1227 2435 7305 1228 2435 7306 1229 2435 7307 1229 2436 7308 1228 2436 7309 1230 2436 7310 1229 2437 7311 1230 2437 7312 1231 2437 7313 1232 2438 7314 1233 2438 7315 1234 2438 7316 1234 2439 7317 1233 2439 7318 1235 2439 7319 1234 2440 7320 1235 2440 7321 1236 2440 7322 1236 2441 7323 1235 2441 7324 1237 2441 7325 1236 2442 7326 1237 2442 7327 1238 2442 7328 1238 2443 7329 1237 2443 7330 1239 2443 7331 1238 2444 7332 1239 2444 7333 1240 2444 7334 1240 2445 7335 1239 2445 7336 1241 2445 7337 1240 2446 7338 1241 2446 7339 1210 2446 7340 1210 2447 7341 1241 2447 7342 1242 2447 7343 1210 2448 7344 1242 2448 7345 1211 2448 7346 1230 2449 7347 1243 2449 7348 1231 2449 7349 1231 2450 7350 1243 2450 7351 1244 2450 7352 1231 2451 7353 1244 2451 7354 1245 2451 7355 1245 2452 7356 1244 2452 7357 1246 2452 7358 1245 2453 7359 1246 2453 7360 1247 2453 7361 1247 2454 7362 1246 2454 7363 1248 2454 7364 1247 2455 7365 1248 2455 7366 1249 2455 7367 1249 2456 7368 1248 2456 7369 1250 2456 7370 1249 2457 7371 1250 2457 7372 1251 2457 7373 1251 2458 7374 1250 2458 7375 1252 2458 7376 1251 2459 7377 1252 2459 7378 1232 2459 7379 1232 2460 7380 1252 2460 7381 1253 2460 7382 1232 2461 7383 1253 2461 7384 1233 2461 7385 1254 2462 7386 1255 2462 7387 1256 2462 7388 1226 2463 7389 1257 2463 7390 1228 2463 7391 1228 2464 7392 1257 2464 7393 1258 2464 7394 1228 2465 7395 1258 2465 7396 1230 2465 7397 1258 2466 7398 1259 2466 7399 1230 2466 7400 1230 2467 7401 1259 2467 7402 1260 2467 7403 1230 2468 7404 1260 2468 7405 1243 2468 7406 1243 2469 7407 1260 2469 7408 1261 2469 7409 1243 2470 7410 1261 2470 7411 1244 2470 7412 1244 2471 7413 1261 2471 7414 1262 2471 7415 1244 2472 7416 1262 2472 7417 1246 2472 7418 1246 2473 7419 1262 2473 7420 1263 2473 7421 1246 2474 7422 1263 2474 7423 1248 2474 7424 1248 2475 7425 1263 2475 7426 1264 2475 7427 1248 2476 7428 1264 2476 7429 1250 2476 7430 1250 2477 7431 1264 2477 7432 1265 2477 7433 1250 2478 7434 1265 2478 7435 1252 2478 7436 1252 2479 7437 1265 2479 7438 1266 2479 7439 1252 2480 7440 1266 2480 7441 1253 2480 7442 1253 2481 7443 1266 2481 7444 1267 2481 7445 1253 2482 7446 1267 2482 7447 1233 2482 7448 1233 2483 7449 1267 2483 7450 1268 2483 7451 1233 2484 7452 1268 2484 7453 1235 2484 7454 1235 2485 7455 1268 2485 7456 1269 2485 7457 1235 2486 7458 1269 2486 7459 1237 2486 7460 1237 2487 7461 1269 2487 7462 1270 2487 7463 1237 2488 7464 1270 2488 7465 1239 2488 7466 1239 2489 7467 1270 2489 7468 1271 2489 7469 1239 2490 7470 1271 2490 7471 1241 2490 7472 1256 2491 7473 1255 2491 7474 1272 2491 7475 1272 2492 7476 1255 2492 7477 1273 2492 7478 1272 2493 7479 1273 2493 7480 1271 2493 7481 1256 2494 7482 1274 2494 7483 1254 2494 7484 1254 2495 7485 1274 2495 7486 1275 2495 7487 1254 2496 7488 1275 2496 7489 1276 2496 7490 1276 2497 7491 1275 2497 7492 1277 2497 7493 1276 2498 7494 1277 2498 7495 1278 2498 7496 1278 2499 7497 1277 2499 7498 1279 2499 7499 1278 2500 7500 1279 2500 7501 1280 2500 7502 1280 2501 7503 1279 2501 7504 1281 2501 7505 1280 2502 7506 1281 2502 7507 1282 2502 7508 1282 2503 7509 1281 2503 7510 1283 2503 7511 1282 2504 7512 1283 2504 7513 1284 2504 7514 1284 2505 7515 1283 2505 7516 1285 2505 7517 1284 2506 7518 1285 2506 7519 1286 2506 7520 1286 2507 7521 1285 2507 7522 1287 2507 7523 1286 2508 7524 1287 2508 7525 1288 2508 7526 1288 2509 7527 1287 2509 7528 1289 2509 7529 1288 2510 7530 1289 2510 7531 1290 2510 7532 1290 2511 7533 1289 2511 7534 1291 2511 7535 1290 2512 7536 1291 2512 7537 1292 2512 7538 1292 2513 7539 1291 2513 7540 1293 2513 7541 1292 2514 7542 1293 2514 7543 1294 2514 7544 1294 2515 7545 1293 2515 7546 1295 2515 7547 1294 2516 7548 1295 2516 7549 1296 2516 7550 1296 2517 7551 1295 2517 7552 1297 2517 7553 1296 2518 7554 1297 2518 7555 1298 2518 7556 1271 2519 7557 1273 2519 7558 1241 2519 7559 1241 2520 7560 1273 2520 7561 1299 2520 7562 1241 2521 7563 1299 2521 7564 1242 2521 7565 1242 2522 7566 1299 2522 7567 1300 2522 7568 1242 2523 7569 1300 2523 7570 1211 2523 7571 1211 2524 7572 1300 2524 7573 1301 2524 7574 1211 2525 7575 1301 2525 7576 1213 2525 7577 1213 2526 7578 1301 2526 7579 1302 2526 7580 1213 2527 7581 1302 2527 7582 1215 2527 7583 1215 2528 7584 1302 2528 7585 1303 2528 7586 1215 2529 7587 1303 2529 7588 1217 2529 7589 1217 2530 7590 1303 2530 7591 1304 2530 7592 1217 2531 7593 1304 2531 7594 1219 2531 7595 1219 2532 7596 1304 2532 7597 1305 2532 7598 1219 2533 7599 1305 2533 7600 1221 2533 7601 1221 2534 7602 1305 2534 7603 1306 2534 7604 1221 2535 7605 1306 2535 7606 1222 2535 7607 1222 2536 7608 1306 2536 7609 1307 2536 7610 1222 2537 7611 1307 2537 7612 1224 2537 7613 1224 2538 7614 1307 2538 7615 1298 2538 7616 1224 2539 7617 1298 2539 7618 1226 2539 7619 1226 2540 7620 1298 2540 7621 1297 2540 7622 1226 2541 7623 1297 2541 7624 1257 2541 7625 1308 2542 7626 1309 2542 7627 1247 2542 7628 1247 2543 7629 1309 2543 7630 1310 2543 7631 1247 2544 7632 1310 2544 7633 1245 2544 7634 1245 2545 7635 1310 2545 7636 1311 2545 7637 1245 2546 7638 1311 2546 7639 1231 2546 7640 1231 2547 7641 1311 2547 7642 1312 2547 7643 1231 2548 7644 1312 2548 7645 1229 2548 7646 1229 2549 7647 1312 2549 7648 1313 2549 7649 1229 2550 7650 1313 2550 7651 1227 2550 7652 1227 2551 7653 1313 2551 7654 1314 2551 7655 1227 2552 7656 1314 2552 7657 1225 2552 7658 1225 2553 7659 1314 2553 7660 1315 2553 7661 1225 2554 7662 1315 2554 7663 1223 2554 7664 1223 2555 7665 1315 2555 7666 1316 2555 7667 1223 2556 7668 1316 2556 7669 1220 2556 7670 1220 2557 7671 1316 2557 7672 1317 2557 7673 1220 2558 7674 1317 2558 7675 1218 2558 7676 1218 2559 7677 1317 2559 7678 1318 2559 7679 1218 2560 7680 1318 2560 7681 1216 2560 7682 1216 2561 7683 1318 2561 7684 1319 2561 7685 1216 2562 7686 1319 2562 7687 1214 2562 7688 1214 2563 7689 1319 2563 7690 1320 2563 7691 1214 2564 7692 1320 2564 7693 1212 2564 7694 1212 2565 7695 1320 2565 7696 1321 2565 7697 1212 2566 7698 1321 2566 7699 1210 2566 7700 1210 2567 7701 1321 2567 7702 1322 2567 7703 1210 2568 7704 1322 2568 7705 1240 2568 7706 1240 2569 7707 1322 2569 7708 1323 2569 7709 1240 2570 7710 1323 2570 7711 1238 2570 7712 1238 2571 7713 1323 2571 7714 1324 2571 7715 1238 2572 7716 1324 2572 7717 1236 2572 7718 1236 2573 7719 1324 2573 7720 1325 2573 7721 1236 2574 7722 1325 2574 7723 1234 2574 7724 1234 2575 7725 1325 2575 7726 1326 2575 7727 1234 2576 7728 1326 2576 7729 1232 2576 7730 1232 2577 7731 1326 2577 7732 1327 2577 7733 1232 2578 7734 1327 2578 7735 1251 2578 7736 1251 2579 7737 1327 2579 7738 1328 2579 7739 1251 2580 7740 1328 2580 7741 1308 2580 7742 1308 2581 7743 1328 2581 7744 1309 2581 7745 1329 2582 7746 1330 2582 7747 1331 2582 7748 1331 2583 7749 1330 2583 7750 1332 2583 7751 1331 2584 7752 1332 2584 7753 1333 2584 7754 1333 2585 7755 1332 2585 7756 1334 2585 7757 1333 2586 7758 1334 2586 7759 1335 2586 7760 1335 2587 7761 1334 2587 7762 1336 2587 7763 1335 2588 7764 1336 2588 7765 1337 2588 7766 1337 2589 7767 1336 2589 7768 1338 2589 7769 1337 2590 7770 1338 2590 7771 1339 2590 7772 1339 2591 7773 1338 2591 7774 1340 2591 7775 1339 2592 7776 1340 2592 7777 1341 2592 7778 1341 2593 7779 1340 2593 7780 1342 2593 7781 1341 2594 7782 1342 2594 7783 1343 2594 7784 1343 2595 7785 1342 2595 7786 1344 2595 7787 1343 2596 7788 1344 2596 7789 1345 2596 7790 1345 2597 7791 1344 2597 7792 1346 2597 7793 1345 2598 7794 1346 2598 7795 1347 2598 7796 1347 2599 7797 1346 2599 7798 1348 2599 7799 1347 2600 7800 1348 2600 7801 1349 2600 7802 1349 2601 7803 1348 2601 7804 1350 2601 7805 1349 2602 7806 1350 2602 7807 1351 2602 7808 1351 2603 7809 1350 2603 7810 1352 2603 7811 1351 2604 7812 1352 2604 7813 1353 2604 7814 1353 2605 7815 1352 2605 7816 1354 2605 7817 1353 2606 7818 1354 2606 7819 1355 2606 7820 1355 2607 7821 1354 2607 7822 1356 2607 7823 1355 2608 7824 1356 2608 7825 1329 2608 7826 1329 2609 7827 1356 2609 7828 1330 2609 7829 1357 2610 7830 1358 2610 7831 1359 2610 7832 1359 2611 7833 1358 2611 7834 1360 2611 7835 1359 2612 7836 1360 2612 7837 1361 2612 7838 1361 2613 7839 1360 2613 7840 1362 2613 7841 1361 2614 7842 1362 2614 7843 1363 2614 7844 1363 2615 7845 1362 2615 7846 1364 2615 7847 1363 2616 7848 1364 2616 7849 1365 2616 7850 1365 2617 7851 1364 2617 7852 1366 2617 7853 1365 2618 7854 1366 2618 7855 1367 2618 7856 1367 2619 7857 1366 2619 7858 1368 2619 7859 1367 2620 7860 1368 2620 7861 1369 2620 7862 1369 2621 7863 1368 2621 7864 1370 2621 7865 1369 2622 7866 1370 2622 7867 1371 2622 7868 1371 2623 7869 1370 2623 7870 1372 2623 7871 1371 2624 7872 1372 2624 7873 1373 2624 7874 1373 2625 7875 1372 2625 7876 1374 2625 7877 1373 2626 7878 1374 2626 7879 1375 2626 7880 1375 2627 7881 1374 2627 7882 1376 2627 7883 1375 2628 7884 1376 2628 7885 1377 2628 7886 1377 2629 7887 1376 2629 7888 1378 2629 7889 1377 2630 7890 1378 2630 7891 1379 2630 7892 1379 2631 7893 1378 2631 7894 1380 2631 7895 1379 2632 7896 1380 2632 7897 1381 2632 7898 1381 2633 7899 1380 2633 7900 1382 2633 7901 1381 2634 7902 1382 2634 7903 1383 2634 7904 1383 2635 7905 1382 2635 7906 1384 2635 7907 1383 2636 7908 1384 2636 7909 1357 2636 7910 1357 2637 7911 1384 2637 7912 1358 2637 7913 1257 2638 7914 1297 2638 7915 1258 2638 7916 1258 2639 7917 1297 2639 7918 1295 2639 7919 1258 2640 7920 1295 2640 7921 1385 2640 7922 1385 2641 7923 1295 2641 7924 1386 2641 7925 1387 2642 7926 1388 2642 7927 1389 2642 7928 1387 2643 7929 1389 2643 7930 1390 2643 7931 1390 2644 7932 1389 2644 7933 1391 2644 7934 1390 2645 7935 1391 2645 7936 1392 2645 7937 1392 2646 7938 1391 2646 7939 1393 2646 7940 1392 2647 7941 1393 2647 7942 1394 2647 7943 1394 2648 7944 1393 2648 7945 1395 2648 7946 1394 2649 7947 1395 2649 7948 1396 2649 7949 1396 2650 7950 1395 2650 7951 1397 2650 7952 1396 2651 7953 1397 2651 7954 1398 2651 7955 1398 2652 7956 1397 2652 7957 1399 2652 7958 1398 2653 7959 1399 2653 7960 1400 2653 7961 1400 2654 7962 1399 2654 7963 1401 2654 7964 1400 2655 7965 1401 2655 7966 1402 2655 7967 1402 2656 7968 1401 2656 7969 1403 2656 7970 1402 2657 7971 1403 2657 7972 1404 2657 7973 1404 2658 7974 1403 2658 7975 1405 2658 7976 1404 2659 7977 1405 2659 7978 1406 2659 7979 1406 2660 7980 1405 2660 7981 1407 2660 7982 1406 2661 7983 1407 2661 7984 1408 2661 7985 1408 2662 7986 1407 2662 7987 1385 2662 7988 1408 2663 7989 1385 2663 7990 1386 2663 7991 1388 2664 7992 1387 2664 7993 1270 2664 7994 1270 2665 7995 1387 2665 7996 1256 2665 7997 1270 2666 7998 1256 2666 7999 1271 2666 8000 1271 2667 8001 1256 2667 8002 1272 2667 8003 1342 2668 8004 1399 2668 8005 1344 2668 8006 1344 2669 8007 1399 2669 8008 1397 2669 8009 1344 2670 8010 1397 2670 8011 1346 2670 8012 1340 2671 8013 1403 2671 8014 1342 2671 8015 1342 2672 8016 1403 2672 8017 1401 2672 8018 1342 2673 8019 1401 2673 8020 1399 2673 8021 1266 2674 8022 1265 2674 8023 1384 2674 8024 1354 2675 8025 1270 2675 8026 1269 2675 8027 1270 2676 8028 1354 2676 8029 1388 2676 8030 1330 2677 8031 1370 2677 8032 1332 2677 8033 1332 2678 8034 1370 2678 8035 1368 2678 8036 1366 2679 8037 1364 2679 8038 1259 2679 8039 1259 2680 8040 1364 2680 8041 1362 2680 8042 1259 2681 8043 1362 2681 8044 1260 2681 8045 1260 2682 8046 1362 2682 8047 1360 2682 8048 1260 2683 8049 1360 2683 8050 1261 2683 8051 1261 2684 8052 1360 2684 8053 1262 2684 8054 1380 2685 8055 1378 2685 8056 1269 2685 8057 1269 2686 8058 1378 2686 8059 1356 2686 8060 1269 2687 8061 1356 2687 8062 1354 2687 8063 1397 2688 8064 1395 2688 8065 1346 2688 8066 1346 2689 8067 1395 2689 8068 1393 2689 8069 1346 2690 8070 1393 2690 8071 1348 2690 8072 1384 2691 8073 1265 2691 8074 1358 2691 8075 1358 2692 8076 1265 2692 8077 1264 2692 8078 1358 2693 8079 1264 2693 8080 1360 2693 8081 1360 2694 8082 1264 2694 8083 1263 2694 8084 1360 2695 8085 1263 2695 8086 1262 2695 8087 1380 2696 8088 1269 2696 8089 1382 2696 8090 1382 2697 8091 1269 2697 8092 1268 2697 8093 1382 2698 8094 1268 2698 8095 1384 2698 8096 1384 2699 8097 1268 2699 8098 1267 2699 8099 1384 2700 8100 1267 2700 8101 1266 2700 8102 1378 2701 8103 1376 2701 8104 1356 2701 8105 1356 2702 8106 1376 2702 8107 1374 2702 8108 1356 2703 8109 1374 2703 8110 1330 2703 8111 1330 2704 8112 1374 2704 8113 1372 2704 8114 1330 2705 8115 1372 2705 8116 1370 2705 8117 1354 2706 8118 1352 2706 8119 1388 2706 8120 1388 2707 8121 1352 2707 8122 1350 2707 8123 1388 2708 8124 1350 2708 8125 1389 2708 8126 1389 2709 8127 1350 2709 8128 1348 2709 8129 1389 2710 8130 1348 2710 8131 1391 2710 8132 1391 2711 8133 1348 2711 8134 1393 2711 8135 1368 2712 8136 1366 2712 8137 1332 2712 8138 1332 2713 8139 1366 2713 8140 1259 2713 8141 1332 2714 8142 1259 2714 8143 1334 2714 8144 1334 2715 8145 1259 2715 8146 1258 2715 8147 1334 2716 8148 1258 2716 8149 1336 2716 8150 1336 2717 8151 1258 2717 8152 1385 2717 8153 1336 2718 8154 1385 2718 8155 1338 2718 8156 1338 2719 8157 1385 2719 8158 1407 2719 8159 1338 2720 8160 1407 2720 8161 1340 2720 8162 1340 2721 8163 1407 2721 8164 1405 2721 8165 1340 2722 8166 1405 2722 8167 1403 2722 8168 1341 2723 8169 1343 2723 8170 1400 2723 8171 1365 2724 8172 1367 2724 8173 1355 2724 8174 1355 2725 8175 1367 2725 8176 1369 2725 8177 1355 2726 8178 1369 2726 8179 1353 2726 8180 1353 2727 8181 1369 2727 8182 1371 2727 8183 1353 2728 8184 1371 2728 8185 1351 2728 8186 1347 2729 8187 1394 2729 8188 1345 2729 8189 1345 2730 8190 1394 2730 8191 1396 2730 8192 1345 2731 8193 1396 2731 8194 1343 2731 8195 1343 2732 8196 1396 2732 8197 1398 2732 8198 1343 2733 8199 1398 2733 8200 1400 2733 8201 1274 2734 8202 1256 2734 8203 1387 2734 8204 1371 2735 8205 1373 2735 8206 1351 2735 8207 1351 2736 8208 1373 2736 8209 1387 2736 8210 1351 2737 8211 1387 2737 8212 1349 2737 8213 1349 2738 8214 1387 2738 8215 1390 2738 8216 1349 2739 8217 1390 2739 8218 1347 2739 8219 1347 2740 8220 1390 2740 8221 1392 2740 8222 1347 2741 8223 1392 2741 8224 1394 2741 8225 1333 2742 8226 1335 2742 8227 1386 2742 8228 1386 2743 8229 1335 2743 8230 1337 2743 8231 1386 2744 8232 1337 2744 8233 1408 2744 8234 1408 2745 8235 1337 2745 8236 1339 2745 8237 1400 2746 8238 1402 2746 8239 1341 2746 8240 1341 2747 8241 1402 2747 8242 1404 2747 8243 1341 2748 8244 1404 2748 8245 1339 2748 8246 1339 2749 8247 1404 2749 8248 1406 2749 8249 1339 2750 8250 1406 2750 8251 1408 2750 8252 1373 2751 8253 1375 2751 8254 1387 2751 8255 1387 2752 8256 1375 2752 8257 1377 2752 8258 1387 2753 8259 1377 2753 8260 1274 2753 8261 1377 2754 8262 1379 2754 8263 1274 2754 8264 1274 2755 8265 1379 2755 8266 1381 2755 8267 1274 2756 8268 1381 2756 8269 1275 2756 8270 1275 2757 8271 1381 2757 8272 1383 2757 8273 1275 2758 8274 1383 2758 8275 1277 2758 8276 1277 2759 8277 1383 2759 8278 1279 2759 8279 1289 2760 8280 1287 2760 8281 1359 2760 8282 1359 2761 8283 1287 2761 8284 1285 2761 8285 1359 2762 8286 1285 2762 8287 1357 2762 8288 1357 2763 8289 1285 2763 8290 1283 2763 8291 1357 2764 8292 1283 2764 8293 1383 2764 8294 1383 2765 8295 1283 2765 8296 1281 2765 8297 1383 2766 8298 1281 2766 8299 1279 2766 8300 1289 2767 8301 1359 2767 8302 1291 2767 8303 1291 2768 8304 1359 2768 8305 1361 2768 8306 1291 2769 8307 1361 2769 8308 1293 2769 8309 1293 2770 8310 1361 2770 8311 1363 2770 8312 1293 2771 8313 1363 2771 8314 1365 2771 8315 1386 2772 8316 1295 2772 8317 1333 2772 8318 1333 2773 8319 1295 2773 8320 1293 2773 8321 1333 2774 8322 1293 2774 8323 1331 2774 8324 1331 2775 8325 1293 2775 8326 1365 2775 8327 1331 2776 8328 1365 2776 8329 1329 2776 8330 1329 2777 8331 1365 2777 8332 1355 2777 8333 1409 2778 8334 1280 2778 8335 1410 2778 8336 1410 2779 8337 1280 2779 8338 1282 2779 8339 1410 2780 8340 1282 2780 8341 1411 2780 8342 1411 2781 8343 1282 2781 8344 1284 2781 8345 1411 2782 8346 1284 2782 8347 1412 2782 8348 1413 2783 8349 1298 2783 8350 1414 2783 8351 1414 2784 8352 1298 2784 8353 1307 2784 8354 1414 2785 8355 1307 2785 8356 1415 2785 8357 1415 2786 8358 1307 2786 8359 1306 2786 8360 1415 2787 8361 1306 2787 8362 1416 2787 8363 1416 2788 8364 1306 2788 8365 1305 2788 8366 1416 2789 8367 1305 2789 8368 1417 2789 8369 1418 2790 8370 1273 2790 8371 1419 2790 8372 1419 2791 8373 1273 2791 8374 1255 2791 8375 1419 2792 8376 1255 2792 8377 1420 2792 8378 1420 2793 8379 1255 2793 8380 1254 2793 8381 1420 2794 8382 1254 2794 8383 1421 2794 8384 1421 2795 8385 1254 2795 8386 1276 2795 8387 1421 2796 8388 1276 2796 8389 1409 2796 8390 1409 2797 8391 1276 2797 8392 1278 2797 8393 1409 2798 8394 1278 2798 8395 1280 2798 8396 1305 2799 8397 1304 2799 8398 1417 2799 8399 1417 2800 8400 1304 2800 8401 1303 2800 8402 1417 2801 8403 1303 2801 8404 1422 2801 8405 1422 2802 8406 1303 2802 8407 1302 2802 8408 1422 2803 8409 1302 2803 8410 1423 2803 8411 1423 2804 8412 1302 2804 8413 1301 2804 8414 1423 2805 8415 1301 2805 8416 1424 2805 8417 1424 2806 8418 1301 2806 8419 1300 2806 8420 1424 2807 8421 1300 2807 8422 1418 2807 8423 1418 2808 8424 1300 2808 8425 1299 2808 8426 1418 2809 8427 1299 2809 8428 1273 2809 8429 1284 2810 8430 1286 2810 8431 1412 2810 8432 1412 2811 8433 1286 2811 8434 1288 2811 8435 1412 2812 8436 1288 2812 8437 1425 2812 8438 1425 2813 8439 1288 2813 8440 1290 2813 8441 1425 2814 8442 1290 2814 8443 1426 2814 8444 1426 2815 8445 1290 2815 8446 1292 2815 8447 1426 2816 8448 1292 2816 8449 1427 2816 8450 1427 2817 8451 1292 2817 8452 1294 2817 8453 1427 2818 8454 1294 2818 8455 1413 2818 8456 1413 2819 8457 1294 2819 8458 1296 2819 8459 1413 2820 8460 1296 2820 8461 1298 2820 8462 1428 2821 8463 1411 2821 8464 1429 2821 8465 1429 2822 8466 1411 2822 8467 1412 2822 8468 1429 2823 8469 1412 2823 8470 1430 2823 8471 1430 2824 8472 1412 2824 8473 1425 2824 8474 1430 2825 8475 1425 2825 8476 1431 2825 8477 1431 2826 8478 1425 2826 8479 1426 2826 8480 1431 2827 8481 1426 2827 8482 1432 2827 8483 1432 2828 8484 1426 2828 8485 1427 2828 8486 1432 2829 8487 1427 2829 8488 1433 2829 8489 1433 2830 8490 1427 2830 8491 1413 2830 8492 1433 2831 8493 1413 2831 8494 1434 2831 8495 1434 2832 8496 1413 2832 8497 1414 2832 8498 1434 2833 8499 1414 2833 8500 1435 2833 8501 1435 2834 8502 1414 2834 8503 1415 2834 8504 1435 2835 8505 1415 2835 8506 1436 2835 8507 1436 2836 8508 1415 2836 8509 1416 2836 8510 1436 2837 8511 1416 2837 8512 1437 2837 8513 1437 2838 8514 1416 2838 8515 1417 2838 8516 1437 2839 8517 1417 2839 8518 1438 2839 8519 1438 2840 8520 1417 2840 8521 1422 2840 8522 1438 2841 8523 1422 2841 8524 1439 2841 8525 1439 2842 8526 1422 2842 8527 1423 2842 8528 1439 2843 8529 1423 2843 8530 1440 2843 8531 1440 2844 8532 1423 2844 8533 1424 2844 8534 1440 2845 8535 1424 2845 8536 1441 2845 8537 1441 2846 8538 1424 2846 8539 1418 2846 8540 1441 2847 8541 1418 2847 8542 1442 2847 8543 1442 2848 8544 1418 2848 8545 1419 2848 8546 1442 2849 8547 1419 2849 8548 1443 2849 8549 1443 2850 8550 1419 2850 8551 1420 2850 8552 1443 2851 8553 1420 2851 8554 1444 2851 8555 1444 2852 8556 1420 2852 8557 1421 2852 8558 1444 2853 8559 1421 2853 8560 1445 2853 8561 1445 2854 8562 1421 2854 8563 1409 2854 8564 1445 2855 8565 1409 2855 8566 1446 2855 8567 1446 2856 8568 1409 2856 8569 1410 2856 8570 1446 2857 8571 1410 2857 8572 1428 2857 8573 1428 2858 8574 1410 2858 8575 1411 2858 8576 1207 2859 8577 1445 2859 8578 1209 2859 8579 1209 2860 8580 1445 2860 8581 1446 2860 8582 1209 2861 8583 1446 2861 8584 1183 2861 8585 1183 2862 8586 1446 2862 8587 1428 2862 8588 1183 2863 8589 1428 2863 8590 1185 2863 8591 1201 2864 8592 1441 2864 8593 1203 2864 8594 1203 2865 8595 1441 2865 8596 1442 2865 8597 1203 2866 8598 1442 2866 8599 1205 2866 8600 1205 2867 8601 1442 2867 8602 1443 2867 8603 1205 2868 8604 1443 2868 8605 1207 2868 8606 1207 2869 8607 1443 2869 8608 1444 2869 8609 1207 2870 8610 1444 2870 8611 1445 2870 8612 1195 2871 8613 1437 2871 8614 1197 2871 8615 1197 2872 8616 1437 2872 8617 1438 2872 8618 1197 2873 8619 1438 2873 8620 1199 2873 8621 1199 2874 8622 1438 2874 8623 1439 2874 8624 1199 2875 8625 1439 2875 8626 1201 2875 8627 1201 2876 8628 1439 2876 8629 1440 2876 8630 1201 2877 8631 1440 2877 8632 1441 2877 8633 1191 2878 8634 1434 2878 8635 1193 2878 8636 1193 2879 8637 1434 2879 8638 1435 2879 8639 1193 2880 8640 1435 2880 8641 1195 2880 8642 1195 2881 8643 1435 2881 8644 1436 2881 8645 1195 2882 8646 1436 2882 8647 1437 2882 8648 1428 2883 8649 1429 2883 8650 1185 2883 8651 1185 2884 8652 1429 2884 8653 1430 2884 8654 1185 2885 8655 1430 2885 8656 1187 2885 8657 1187 2886 8658 1430 2886 8659 1431 2886 8660 1187 2887 8661 1431 2887 8662 1189 2887 8663 1189 2888 8664 1431 2888 8665 1432 2888 8666 1189 2889 8667 1432 2889 8668 1191 2889 8669 1191 2890 8670 1432 2890 8671 1433 2890 8672 1191 2891 8673 1433 2891 8674 1434 2891 8675 1204 2892 8676 1324 2892 8677 1202 2892 8678 1202 2893 8679 1324 2893 8680 1323 2893 8681 1202 2894 8682 1323 2894 8683 1200 2894 8684 1323 2895 8685 1322 2895 8686 1200 2895 8687 1200 2896 8688 1322 2896 8689 1321 2896 8690 1200 2897 8691 1321 2897 8692 1198 2897 8693 1198 2898 8694 1321 2898 8695 1320 2898 8696 1198 2899 8697 1320 2899 8698 1196 2899 8699 1196 2900 8700 1320 2900 8701 1319 2900 8702 1196 2901 8703 1319 2901 8704 1194 2901 8705 1208 2902 8706 1327 2902 8707 1206 2902 8708 1206 2903 8709 1327 2903 8710 1326 2903 8711 1206 2904 8712 1326 2904 8713 1204 2904 8714 1204 2905 8715 1326 2905 8716 1325 2905 8717 1204 2906 8718 1325 2906 8719 1324 2906 8720 1186 2907 8721 1311 2907 8722 1184 2907 8723 1184 2908 8724 1311 2908 8725 1310 2908 8726 1184 2909 8727 1310 2909 8728 1182 2909 8729 1182 2910 8730 1310 2910 8731 1309 2910 8732 1182 2911 8733 1309 2911 8734 1208 2911 8735 1208 2912 8736 1309 2912 8737 1328 2912 8738 1208 2913 8739 1328 2913 8740 1327 2913 8741 1190 2914 8742 1314 2914 8743 1188 2914 8744 1188 2915 8745 1314 2915 8746 1313 2915 8747 1188 2916 8748 1313 2916 8749 1186 2916 8750 1186 2917 8751 1313 2917 8752 1312 2917 8753 1186 2918 8754 1312 2918 8755 1311 2918 8756 1319 2919 8757 1318 2919 8758 1194 2919 8759 1194 2920 8760 1318 2920 8761 1317 2920 8762 1194 2921 8763 1317 2921 8764 1192 2921 8765 1192 2922 8766 1317 2922 8767 1316 2922 8768 1192 2923 8769 1316 2923 8770 1190 2923 8771 1190 2924 8772 1316 2924 8773 1315 2924 8774 1190 2925 8775 1315 2925 8776 1314 2925 8777</p>
        </triangles>
      </mesh>
    </geometry>
  </library_geometries>
  <library_visual_scenes>
    <visual_scene id="Scene" name="Scene">
      <node id="rb1" name="rb1" type="NODE">
        <matrix sid="transform">1 0 0 0 0 1 0 0 0 0 1 0 0 0 0 1</matrix>
        <instance_geometry url="#rb1-mesh" name="rb1">
          <bind_material>
            <technique_common>
              <instance_material symbol="rb1material-material" target="#rb1material-material">
                <bind_vertex_input semantic="UVMap" input_semantic="TEXCOORD" input_set="0"/>
              </instance_material>
            </technique_common>
          </bind_material>
        </instance_geometry>
      </node>
    </visual_scene>
  </library_visual_scenes>
  <scene>
    <instance_visual_scene url="#Scene"/>
  </scene>
</COLLADA>