<?xml version="1.0" encoding="utf-8"?>
<COLLADA xmlns="http://www.collada.org/2005/11/COLLADASchema" version="1.4.1" xmlns:xsi="http://www.w3.org/2001/XMLSchema-instance">
  <asset>
    <contributor>
      <author>Blender User</author>
      <authoring_tool>Blender 4.3.2 commit date:2024-12-16, commit time:21:10, hash:32f5fdce0a0a</authoring_tool>
    </contributor>
    <created>2026-01-02T13:14:37</created>
    <modified>2026-01-02T13:14:37</modified>
    <unit name="meter" meter="1"/>
    <up_axis>Z_UP</up_axis>
  </asset>
  <library_effects>
    <effect id="rf1Material-effect">
      <profile_COMMON>
        <newparam sid="minipupper_textures_png-surface">
          <surface type="2D">
            <init_from>minipupper_textures_png</init_from>
          </surface>
        </newparam>
        <newparam sid="minipupper_textures_png-sampler">
          <sampler2D>
            <source>minipupper_textures_png-surface</source>
          </sampler2D>
        </newparam>
        <technique sid="common">
          <lambert>
            <emission>
              <color sid="emission">0 0 0 1</color>
            </emission>
            <diffuse>
              <texture texture="minipupper_textures_png-sampler" texcoord="UVMap"/>
            </diffuse>
            <index_of_refraction>
              <float sid="ior">1.5</float>
            </index_of_refraction>
          </lambert>
        </technique>
      </profile_COMMON>
    </effect>
  </library_effects>
  <library_images>
    <image id="minipupper_textures_png" name="minipupper_textures_png">
      <init_from>minipupper_textures.png</init_from>
    </image>
  </library_images>
  <library_materials>
    <material id="rf1Material-material" name="rf1Material">
      <instance_effect url="#rf1Material-effect"/>
    </material>
  </library_materials>
  <library_geometries>
    <geometry id="rf1-mesh" name="rf1">
      <mesh>
        <source id="rf1-mesh-positions">
          <float_array id="rf1-mesh-positions-array" count="4512">0.02186 -0.001392543 0.001571834 0.02186 -5.02563e-4 0.002038955 0.02385997 -5.02563e-4 0.002038955 0.02186 0 0.00209999 0.02385997 5.02562e-4 0.002038955 0.02186 5.02562e-4 0.002038955 0.02385997 0.001392543 0.001571834 0.02186 0.001392543 0.001571834 0.02385997 0.001963496 7.44671e-4 0.02186 0.001963496 7.44671e-4 0.02385997 0.002084672 -2.53127e-4 0.02186 0.002084672 -2.53127e-4 0.02385997 0.001728236 -0.001192927 0.02186 0.001728236 -0.001192927 0.02385997 9.75918e-4 -0.001859426 0.02186 9.75918e-4 -0.001859426 0.02385997 0 -0.00209999 0.02186 0 -0.00209999 0.02385997 -9.75919e-4 -0.001859426 0.02186 -9.75919e-4 -0.001859426 0.02385997 -0.001728236 -0.001192927 0.02186 -0.001728236 -0.001192927 0.02385997 -0.002084672 -2.53127e-4 0.02186 -0.002084672 -2.53127e-4 0.02385997 -0.001963496 7.44671e-4 0.02186 -0.001963496 7.44671e-4 0.02385997 -0.001392543 0.001571834 0.01775997 -0.01049995 0.01299995 0.01775997 -0.01449996 0.01299995 0.01797431 -0.01049995 0.01219999 0.01797431 -0.01449996 0.01219999 0.01855999 -0.01049995 0.01161432 0.01855999 -0.01449996 0.01161432 0.01936 -0.01049995 0.01139998 0.01936 -0.01449996 0.01139998 0.02015995 -0.01049995 0.01161432 0.02015995 -0.01449996 0.01161432 0.02074563 -0.01049995 0.01219999 0.02074563 -0.01449996 0.01219999 0.02095997 -0.01049995 0.01299995 0.02095997 -0.01449996 0.01299995 0.02074563 -0.01049995 0.01379996 0.02074563 -0.01449996 0.01379996 0.02015995 -0.01049995 0.01438564 0.02015995 -0.01449996 0.01438564 0.01936 -0.01049995 0.01459997 0.01936 -0.01449996 0.01459997 0.01855999 -0.01049995 0.01438564 0.01855999 -0.01449996 0.01438564 0.01797431 -0.01049995 0.01379996 0.01797431 -0.01449996 0.01379996 0.01775997 -0.01049995 0 0.01775997 -0.01449996 0 0.01797431 -0.01049995 -8e-4 0.01797431 -0.01449996 -8e-4 0.01855999 -0.01049995 -0.001385629 0.01855999 -0.01449996 -0.001385629 0.01936 -0.01049995 -0.001599967 0.01936 -0.01449996 -0.001599967 0.02015995 -0.01049995 -0.001385629 0.02015995 -0.01449996 -0.001385629 0.02074563 -0.01049995 -8e-4 0.02074563 -0.01449996 -8e-4 0.02095997 -0.01049995 0 0.02095997 -0.01449996 0 0.02074563 -0.01049995 8e-4 0.02074563 -0.01449996 8e-4 0.02015995 -0.01049995 0.001385629 0.02015995 -0.01449996 0.001385629 0.01936 -0.01049995 0.001599967 0.01936 -0.01449996 0.001599967 0.01855999 -0.01049995 0.001385629 0.01855999 -0.01449996 0.001385629 0.01797431 -0.01049995 8e-4 0.01797431 -0.01449996 8e-4 -0.01023995 -0.01049995 0 -0.01023995 -0.01449996 0 -0.01002562 -0.01049995 -8e-4 -0.01002562 -0.01449996 -8e-4 -0.009439945 -0.01049995 -0.001385629 -0.009439945 -0.01449996 -0.001385629 -0.008639991 -0.01049995 -0.001599967 -0.008639991 -0.01449996 -0.001599967 -0.007839977 -0.01049995 -0.001385629 -0.007839977 -0.01449996 -0.001385629 -0.007254302 -0.01049995 -8e-4 -0.007254302 -0.01449996 -8e-4 -0.007039964 -0.01049995 0 -0.007039964 -0.01449996 0 -0.007254302 -0.01049995 8e-4 -0.007254302 -0.01449996 8e-4 -0.007839977 -0.01049995 0.001385629 -0.007839977 -0.01449996 0.001385629 -0.008639991 -0.01049995 0.001599967 -0.008639991 -0.01449996 0.001599967 -0.009439945 -0.01049995 0.001385629 -0.009439945 -0.01449996 0.001385629 -0.01002562 -0.01049995 8e-4 -0.01002562 -0.01449996 8e-4 -0.01023995 -0.01049995 0.01299995 -0.01023995 -0.01449996 0.01299995 -0.01002562 -0.01049995 0.01219999 -0.01002562 -0.01449996 0.01219999 -0.009439945 -0.01049995 0.01161432 -0.009439945 -0.01449996 0.01161432 -0.008639991 -0.01049995 0.01139998 -0.008639991 -0.01449996 0.01139998 -0.007839977 -0.01049995 0.01161432 -0.007839977 -0.01449996 0.01161432 -0.007254302 -0.01049995 0.01219999 -0.007254302 -0.01449996 0.01219999 -0.007039964 -0.01049995 0.01299995 -0.007039964 -0.01449996 0.01299995 -0.007254302 -0.01049995 0.01379996 -0.007254302 -0.01449996 0.01379996 -0.007839977 -0.01049995 0.01438564 -0.007839977 -0.01449996 0.01438564 -0.008639991 -0.01049995 0.01459997 -0.008639991 -0.01449996 0.01459997 -0.009439945 -0.01049995 0.01438564 -0.009439945 -0.01449996 0.01438564 -0.01002562 -0.01049995 0.01379996 -0.01002562 -0.01449996 0.01379996 -0.01293998 0 0.00119996 -0.01293998 6e-4 0.001039206 -0.01191252 4.25526e-4 0.001121997 -0.01293998 0.001039206 6e-4 -0.01191252 8.98213e-4 7.95747e-4 -0.01191252 6e-4 0.001039206 -0.01293998 0.00119996 0 -0.01191252 0.001165091 2.87179e-4 -0.01191252 0.001039206 6e-4 -0.01293998 0.001039206 -6e-4 -0.01191252 0.001165091 -2.87179e-4 -0.01191252 0.00119996 0 -0.01293998 6e-4 -0.001039206 -0.01191252 8.98213e-4 -7.95747e-4 -0.01191252 0.001039206 -6e-4 -0.01293998 0 -0.00119996 -0.01191252 4.25526e-4 -0.001121997 -0.01191252 6e-4 -0.001039206 -0.01293998 -6e-4 -0.001039206 -0.01191252 -1.44644e-4 -0.001191198 -0.01191252 0 -0.00119996 -0.01293998 -0.001039206 -6e-4 -0.01191252 -6.81677e-4 -9.87581e-4 -0.01191252 -6e-4 -0.001039206 -0.01293998 -0.00119996 0 -0.01191252 -0.001062512 -5.57668e-4 -0.01191252 -0.001039206 -6e-4 -0.01293998 -0.001039206 6e-4 -0.01191252 -0.001062512 5.57668e-4 -0.01191252 -0.00119996 0 -0.01293998 -6e-4 0.001039206 -0.01191252 -6.81677e-4 9.87581e-4 -0.01191252 -0.001039206 6e-4 -0.01191252 0 0.00119996 -0.01191252 -1.44644e-4 0.001191198 -0.01191252 -6e-4 0.001039206 -0.01014 0.006499946 -0.006749987 -0.01014 -0.005499958 -0.006749987 0.02085995 0.006499946 -0.006749987 -0.006439983 -0.005499958 -0.006749987 0.02085995 -0.005499958 -0.006749987 0.01715999 -0.005499958 -0.006749987 0.01715999 -0.01349997 -0.006749987 -0.006439983 -0.01349997 -0.006749987 -0.01113998 -0.005499958 0.007120728 -0.01113998 -0.005499958 0.005879223 -0.01113998 -0.001770853 9.29446e-4 -0.01113998 -0.001999974 0 -0.01113998 -0.007499992 -0.00574994 -0.01113998 -0.001770853 -9.29446e-4 -0.01113998 -0.001136124 -0.001645922 -0.01113998 -0.007499992 0.005879223 -0.01113998 -2.41073e-4 0.01301455 -0.01113998 -0.001136124 0.013354 -0.01113998 -0.007499992 0.007120728 -0.01113998 -0.001770853 0.01407051 -0.01113998 -0.007499992 0.01874995 -0.01113998 -0.001999974 0.01499998 -0.01113998 -0.001770853 0.0159294 -0.01113998 -0.001136124 0.01664596 -0.01113998 -2.41073e-4 0.01698541 -0.01113998 0.006499946 0.01874995 -0.01113998 7.0921e-4 0.01687002 -0.01113998 0.00149697 0.01632624 -0.01113998 -0.001136124 0.001645922 -0.01113998 -2.41073e-4 0.001985371 -0.01113998 7.0921e-4 0.01312994 -0.01113998 7.0921e-4 0.001869976 -0.01113998 0.00149697 0.001326203 -0.01113998 0.001941859 -4.78631e-4 -0.01113998 0.006499946 -0.00574994 -0.01113998 0.001941859 4.78631e-4 -0.01113998 0.001941859 0.01547861 -0.01113998 0.001941859 0.01452136 -0.01113998 0.00149697 0.01367372 -0.01113998 0.00149697 -0.001326203 -0.01113998 7.0921e-4 -0.001869976 -0.01113998 -2.41073e-4 -0.001985371 -0.01014 -0.005499958 0.01974999 -0.01014 0.006499946 0.01974999 -0.006439983 -0.005499958 0.01974999 0.01715999 -0.005499958 0.01974999 -0.006439983 -0.01349997 0.01974999 0.01715999 -0.01349997 0.01974999 0.02085995 -0.002635061 0.01974999 0.02085995 -0.005499958 0.01974999 0.02080142 -0.00260055 0.01974999 0.02055615 -0.002376317 0.01974999 0.02036571 -0.002033293 0.01974999 0.01826 0.006499946 0.01974999 0.01902532 0.006347715 0.01974999 0.01967418 0.005914211 0.01974999 0.02030223 -0.001814901 0.01974999 0.02025997 -0.001395523 0.01974999 0.02025997 0.004499971 0.01974999 0.02010774 0.005265355 0.01974999 0.02186 4.78631e-4 0.01694184 0.02186 0 0.01699995 0.02186 5.35963e-4 0.01799201 0.02186 -0.005499958 0.005879223 0.02186 -0.005499958 0.007120728 0.02186 0 0.01299995 0.02186 0.006499946 -0.00574994 0.02186 0.006499946 0.01535415 0.02186 -0.007499992 0.005879223 0.02186 -0.007499992 -0.00574994 0.02186 -0.007499992 0.01874995 0.02186 -0.001985371 0.01475888 0.02186 -0.007499992 0.007120728 0.02186 -0.001645922 0.01386386 0.02186 -9.29446e-4 0.01322907 0.02186 9.29446e-4 0.01322907 0.02186 0.001645922 0.01386386 0.02186 0.001985371 0.01475888 0.02186 0.006319105 0.01618528 0.02186 0.001869976 0.01570916 0.02186 0.005809187 0.01686608 0.02186 -7.19511e-4 0.01822549 0.02186 -4.78631e-4 0.01694184 0.02186 -0.001736819 0.01874995 0.02186 -0.001326203 0.01649701 0.02186 -0.001869976 0.01570916 0.02186 0.001326203 0.01649701 0.02186 0.00282216 0.01777738 0.02186 0.00506246 0.01727342 0.02425998 -0.001690387 -0.005756914 0.02425998 -0.01449996 -0.008149981 0.02425998 0 -0.005999982 0.02425998 0.006499946 -0.008149981 0.02425998 -0.003243803 -0.0050475 0.02425998 -0.004534482 -0.003929138 0.02425998 -0.005457758 -0.002492487 0.02425998 -0.005938887 -8.53889e-4 0.02425998 -0.005938887 8.53889e-4 0.02425998 -0.005457758 0.002492487 0.02425998 -0.001985371 0.01475888 0.02425998 -0.001869976 0.01570916 0.02425998 -0.01449996 0.02114999 0.02425998 -0.001326203 0.01649701 0.02425998 -0.001645922 0.01386386 0.02425998 -9.29446e-4 0.01322907 0.02425998 0 0.01299995 0.02425998 -0.004534482 0.003929138 0.02425998 -0.003243803 0.0050475 0.02425998 -0.003377974 0.02114999 0.02425998 -0.003303945 0.02088809 0.02425998 -0.002734422 0.01974517 0.02425998 -0.001844942 0.0188288 0.02425998 -0.001690387 0.005756914 0.02425998 0 0.005999982 0.02425998 9.29446e-4 0.01322907 0.02425998 0.001690387 0.005756914 0.02425998 0.003243803 0.0050475 0.02425998 0.001869976 0.01570916 0.02425998 0.00506246 0.01727342 0.02425998 0.001326203 0.01649701 0.02425998 0.00282216 0.01777738 0.02425998 4.78631e-4 0.01694184 0.02425998 5.35963e-4 0.01799201 0.02425998 0.005938887 -8.53889e-4 0.02425998 0.005457758 -0.002492487 0.02425998 0.004534482 -0.003929138 0.02425998 -7.19511e-4 0.01822549 0.02425998 -4.78631e-4 0.01694184 0.02425998 0 0.01699995 0.02425998 0.005938887 8.53889e-4 0.02425998 0.006499946 0.01535415 0.02425998 0.005457758 0.002492487 0.02425998 0.003243803 -0.0050475 0.02425998 0.001690387 -0.005756914 0.02425998 0.004534482 0.003929138 0.02425998 0.001645922 0.01386386 0.02425998 0.001985371 0.01475888 0.02425998 0.006319105 0.01618528 0.02425998 0.005809187 0.01686608 0.02325999 -0.01449996 -0.009149968 0.009479105 -0.01449996 -0.009149968 0.02325999 0.006499946 -0.009149968 0.009479105 -0.01399999 -0.009149968 -0.01253998 0.006499946 -0.009149968 0.00858426 -0.01399999 -0.009149968 -0.009479105 -0.01449996 -0.009149968 -0.01253998 -0.01449996 -0.009149968 -0.009479105 -0.01399999 -0.009149968 -0.00858426 -0.01399999 -0.009149968 -0.00858426 -0.01449996 -0.009149968 0.00858426 -0.01449996 -0.009149968 -0.01353996 5.75e-4 0.01400405 -0.01353996 9.95929e-4 0.01442497 -0.01353996 0.006499946 -0.008149981 -0.01353996 -0.01449996 0.02114999 -0.01353996 -9.95929e-4 0.01557499 -0.01353996 -0.001149952 0.01499998 -0.01353996 -0.01449996 -0.008149981 -0.01353996 9.95929e-4 0.01557499 -0.01353996 5.75e-4 0.01599591 -0.01353996 0.006499946 0.02114999 -0.01353996 0 0.01614999 -0.01353996 -5.75e-4 0.01599591 -0.01353996 0.001149952 0.01499998 -0.01353996 -0.00295639 0.001224577 -0.01353996 -0.003199994 0 -0.01353996 -0.00295639 -0.001224577 -0.01353996 -9.95929e-4 0.01442497 -0.01353996 -5.75e-4 0.01400405 -0.01353996 -0.002262711 0.002262711 -0.01353996 0.001224577 0.00295639 -0.01353996 0 0.01384997 -0.01353996 0 0.003199994 -0.01353996 -0.001224577 0.00295639 -0.01353996 0.00295639 -0.001224577 -0.01353996 0.002262711 -0.002262711 -0.01353996 0.001224577 -0.00295639 -0.01353996 0.003199994 0 -0.01353996 0.00295639 0.001224577 -0.01353996 0.002262711 0.002262711 -0.01353996 -0.002262711 -0.002262711 -0.01353996 -0.001224577 -0.00295639 -0.01353996 0 -0.003199994 0.02019912 -0.01399999 0.02214998 0.02019912 -0.01449996 0.02214998 0.02325999 -0.01449996 0.02214998 0.01967418 0.005914211 0.02214998 0.01902532 0.006347715 0.02214998 0.01826 0.006499946 0.02214998 0.002135634 -0.01449996 0.02214998 0.01930427 -0.01449996 0.02214998 0.002135634 -0.01399999 0.02214998 0.01930427 -0.01399999 0.02214998 0.02010774 0.005265355 0.02214998 0.001240849 -0.01399999 0.02214998 -0.01253998 0.006499946 0.02214998 0.001240849 -0.01449996 0.02214998 -0.01253998 -0.01449996 0.02214998 0.02033609 -0.002882659 0.02214998 0.02025997 -0.002499997 0.02214998 0.02025997 0.004499971 0.02214998 0.02325999 -0.003499984 0.02214998 0.02125996 -0.003499984 0.02214998 0.0208773 -0.003423869 0.02214998 0.02055287 -0.003207087 0.02214998 0.02105993 -0.0026986 0.01972979 0.02135998 -0.005499958 0.019616 0.02125996 -0.002677261 0.01966649 0.02135998 -0.002639114 0.019616 0.02172601 -0.005499958 0.01924997 0.02185159 -0.005499958 0.01887917 0.02185159 -0.007499992 0.01887917 0.0215767 -0.002502381 0.01944732 0.02172601 -0.002322435 0.01924997 0.02181899 -0.002095162 0.01903325 0.02185159 -0.007499992 -0.005879223 0.02185159 -0.005499958 -0.005879223 0.02172601 -0.005499958 -0.006249964 0.02172601 0.006499946 -0.006249964 0.02135998 -0.005499958 -0.006615996 0.02135998 0.006499946 -0.006615996 -0.01113158 -0.007499992 -0.005879223 -0.01113158 -0.005499958 -0.005879223 -0.01063996 -0.005499958 -0.006615996 -0.01063996 0.006499946 -0.006615996 -0.01100599 -0.005499958 -0.006249964 -0.01100599 0.006499946 -0.006249964 -0.01113158 -0.007499992 0.01887917 -0.01113158 -0.005499958 0.01887917 -0.01100599 -0.005499958 0.01924997 -0.01100599 0.006499946 0.01924997 -0.01063996 -0.005499958 0.019616 -0.01063996 0.006499946 0.019616 0.02412599 -0.01449996 -0.008649945 0.02412599 0.006499946 -0.008649945 0.02375996 -0.01449996 -0.009015977 0.02375996 0.006499946 -0.009015977 0.02351856 -0.003499805 0.02211594 0.02375996 -0.01449996 0.02201598 0.02375996 -0.003497838 0.02201598 0.02396744 -0.003489613 0.02185672 0.02412599 -0.01449996 0.02164995 0.02412599 -0.003469824 0.02164995 0.02422606 -0.003433287 0.02140808 -0.01303994 -0.01449996 -0.009015977 -0.01303994 0.006499946 -0.009015977 -0.01340597 -0.01449996 -0.008649945 -0.01340597 0.006499946 -0.008649945 -0.01340597 -0.01449996 0.02164995 -0.01340597 0.006499946 0.02164995 -0.01303994 -0.01449996 0.02201598 -0.01303994 0.006499946 0.02201598 0.01426756 -0.01449996 0.0180847 0.01481205 -0.01449996 0.01765775 0.006627857 -0.01449996 0.01765775 0.007803082 -0.01449996 0.018471 0.009396791 -0.01449996 0.01905715 0.0110898 -0.01449996 0.01918894 0.01275497 -0.01449996 0.01885646 -0.003547549 -0.01449996 -0.005084693 -0.004092037 -0.01449996 -0.004657745 0.004092037 -0.01449996 -0.004657745 0.002916872 -0.01449996 -0.005470991 0.001323163 -0.01449996 -0.006057143 -3.698e-4 -0.01449996 -0.006188929 -0.002035021 -0.01449996 -0.005856454 0.01715999 -0.005499958 0.01887917 0.01715999 -0.007499992 0.01887917 0.01715999 -0.007499992 0.007120728 0.01715999 -0.005499958 -0.005879223 0.01715999 -0.007499992 -0.005879223 0.01715999 -0.007499992 0.005879223 0.01715999 -0.005499958 0.005879223 0.01715999 -0.005499958 0.007120728 -0.006439983 -0.005499958 0.01887917 -0.006439983 -0.005499958 -0.005879223 -0.006439983 -0.005499958 0.007120728 -0.006439983 -0.005499958 0.005879223 -0.006439983 -0.007499992 -0.005879223 -0.006439983 -0.007499992 0.005879223 -0.006439983 -0.007499992 0.01887917 -0.006439983 -0.007499992 0.007120728 -0.009214997 -0.007499992 9.95929e-4 -0.008639991 -0.007499992 0.001149952 -0.008064985 -0.007499992 9.95929e-4 -0.009635925 -0.007499992 5.75e-4 -0.009789943 -0.007499992 0 -0.009635925 -0.007499992 -5.75e-4 -0.008064985 -0.007499992 -9.95929e-4 -0.008639991 -0.007499992 -0.001149952 -0.009214997 -0.007499992 -9.95929e-4 -0.007644057 -0.007499992 -5.75e-4 -0.007489979 -0.007499992 0 -0.007644057 -0.007499992 5.75e-4 -0.007489979 -0.007499992 0.01299995 -0.007644057 -0.007499992 0.01357495 -0.008064985 -0.007499992 0.01399588 -0.008639991 -0.007499992 0.01414996 -0.009214997 -0.007499992 0.01200401 -0.008639991 -0.007499992 0.01184999 -0.008064985 -0.007499992 0.01200401 -0.007644057 -0.007499992 0.01242494 -0.009214997 -0.007499992 0.01399588 -0.009635925 -0.007499992 0.01357495 -0.009789943 -0.007499992 0.01299995 -0.009635925 -0.007499992 0.01242494 0.02050995 -0.007499992 0 0.02035588 -0.007499992 5.75e-4 0.01993495 -0.007499992 9.95929e-4 0.01936 -0.007499992 0.001149952 0.01878499 -0.007499992 9.95929e-4 0.01836407 -0.007499992 5.75e-4 0.01820999 -0.007499992 0 0.01836407 -0.007499992 -5.75e-4 0.01878499 -0.007499992 -9.95929e-4 0.01936 -0.007499992 -0.001149952 0.01993495 -0.007499992 -9.95929e-4 0.02035588 -0.007499992 -5.75e-4 0.02035588 -0.007499992 0.01357495 0.02050995 -0.007499992 0.01299995 0.02035588 -0.007499992 0.01242494 0.01878499 -0.007499992 0.01399588 0.01936 -0.007499992 0.01414996 0.01993495 -0.007499992 0.01399588 0.01836407 -0.007499992 0.01357495 0.01820999 -0.007499992 0.01299995 0.01836407 -0.007499992 0.01242494 0.01878499 -0.007499992 0.01200401 0.01936 -0.007499992 0.01184999 0.01993495 -0.007499992 0.01200401 0.02031737 -0.01449996 0.02203172 -0.009597361 -0.01449996 -0.009031713 0.001122534 -0.01449996 0.02203172 0.01537775 -0.01449996 0.01709204 0.01551401 -0.01449996 0.01693153 0.01640087 -0.01449996 0.01548343 0.01686155 -0.01449996 0.01384902 0.01686155 -0.01449996 0.01215094 0.002105653 -0.01449996 0.01122754 0.001631021 -0.01449996 0.01237779 0.005375206 -0.01449996 0.01614218 0.006062209 -0.01449996 0.01709204 0.004130899 -0.01449996 0.01613551 0.001631021 -0.01449996 0.01362216 0.002105653 -0.01449996 0.01477241 0.002983212 -0.01449996 0.01565468 0.01551401 -0.01449996 0.009068429 0.01426756 -0.01449996 0.007915258 -0.004657745 -0.01449996 -0.004092037 0.002983212 -0.01449996 0.01034528 0.007803082 -0.01449996 0.00752896 0.004130899 -0.01449996 0.009864449 0.006428182 -0.01449996 0.00852555 0.005375206 -0.01449996 0.009857714 0.009597361 -0.01449996 -0.009031713 0.002916872 -0.01449996 0.005470991 -0.004794001 -0.01449996 -0.003931522 -0.005680859 -0.01449996 -0.002483427 -0.006141543 -0.01449996 -8.49044e-4 -0.006141543 -0.01449996 8.49043e-4 -0.005680859 -0.01449996 0.002483427 -0.004794001 -0.01449996 0.003931522 -0.003547549 -0.01449996 0.005084693 0.004291772 -0.01449996 0.004474401 0.005344748 -0.01449996 0.003142237 0.006589055 -0.01449996 0.003135502 0.01640087 -0.01449996 0.01051652 0.008614242 -0.01449996 -0.001772403 -0.002035021 -0.01449996 0.005856454 -3.698e-4 -0.01449996 0.006188929 0.001323163 -0.01449996 0.006057143 0.009396791 -0.01449996 0.006942808 0.0110898 -0.01449996 0.006811022 0.007736742 -0.01449996 0.002654671 0.005344748 -0.01449996 -0.003142237 0.004657745 -0.01449996 -0.004092037 0.006589055 -0.01449996 -0.003135502 0.007736742 -0.01449996 -0.002654671 0.01275497 -0.01449996 0.007143437 0.008614242 -0.01449996 0.001772403 0.009088933 -0.01449996 6.22175e-4 0.009088933 -0.01449996 -6.22175e-4 0.004291772 -0.01349997 -0.004474401 0.005344748 -0.01349997 -0.003142237 0.006589055 -0.01349997 -0.003135502 0.002983212 -0.01349997 0.01565468 0.002105653 -0.01349997 0.01477241 0.01686155 -0.01349997 0.01384902 0.01686155 -0.01349997 0.01215094 0.007736742 -0.01349997 -0.002654671 0.008614242 -0.01349997 -0.001772403 0.009088933 -0.01349997 -6.22175e-4 0.01640087 -0.01349997 0.01548343 0.01551401 -0.01349997 0.01693153 0.01426756 -0.01349997 0.0180847 0.007803082 -0.01349997 0.018471 0.006428182 -0.01349997 0.01747441 0.006589055 -0.01349997 0.003135502 0.007803082 -0.01349997 0.00752896 0.007736742 -0.01349997 0.002654671 0.009396791 -0.01349997 0.006942808 0.008614242 -0.01349997 0.001772403 0.009088933 -0.01349997 6.22175e-4 0.002983212 -0.01349997 0.01034528 0.004130899 -0.01349997 0.009864449 0.002916872 -0.01349997 0.005470991 0.004130899 -0.01349997 0.01613551 0.005375206 -0.01349997 0.01614218 0.01426756 -0.01349997 0.007915258 0.01551401 -0.01349997 0.009068429 0.01640087 -0.01349997 0.01051652 0.001323163 -0.01349997 0.006057143 -3.698e-4 -0.01349997 0.006188929 0.002105653 -0.01349997 0.01122754 -0.002035021 -0.01349997 0.005856454 0.005375206 -0.01349997 0.009857714 0.006428182 -0.01349997 0.00852555 0.004291772 -0.01349997 0.004474401 0.005344748 -0.01349997 0.003142237 0.01275497 -0.01349997 0.01885646 0.0110898 -0.01349997 0.01918894 0.009396791 -0.01349997 0.01905715 -0.003547549 -0.01349997 0.005084693 -0.004794001 -0.01349997 0.003931522 0.001631021 -0.01349997 0.01237779 0.001631021 -0.01349997 0.01362216 0.002916872 -0.01349997 -0.005470991 0.0110898 -0.01349997 0.006811022 0.01275497 -0.01349997 0.007143437 -0.003547549 -0.01349997 -0.005084693 -0.004794001 -0.01349997 -0.003931522 -0.005680859 -0.01349997 -0.002483427 -0.002035021 -0.01349997 -0.005856454 -3.698e-4 -0.01349997 -0.006188929 0.001323163 -0.01349997 -0.006057143 -0.005680859 -0.01349997 0.002483427 -0.006141543 -0.01349997 8.49043e-4 -0.006141543 -0.01349997 -8.49044e-4 -0.004092037 -0.01399999 -0.004657745 0.004657745 -0.01399999 -0.004092037 0.004291772 -0.01399999 -0.004474401 0.004092037 -0.01399999 -0.004657745 -0.004657745 -0.01399999 -0.004092037 0.01481205 -0.01399999 0.01765775 0.01537775 -0.01399999 0.01709204 0.006062209 -0.01399999 0.01709204 0.006428182 -0.01399999 0.01747441 0.006627857 -0.01399999 0.01765775 0.02031737 -0.01399999 0.02203172 0.001122534 -0.01399999 0.02203172 0.009597361 -0.01399999 -0.009031713 -0.009597361 -0.01399999 -0.009031713 -0.0119608 4.07796e-4 0.01607525 -0.0119608 8.60787e-4 0.01576256 -0.0119608 5.75e-4 0.01599591 -0.0119608 0.001116573 0.01527518 -0.0119608 9.95929e-4 0.01557499 -0.0119608 0.001116573 0.01472479 -0.0119608 0.001149952 0.01499998 -0.0119608 8.60787e-4 0.0142374 -0.0119608 9.95929e-4 0.01442497 -0.0119608 4.07796e-4 0.01392471 -0.0119608 5.75e-4 0.01400405 -0.0119608 -1.38617e-4 0.01385837 -0.0119608 0 0.01384997 -0.0119608 -6.53274e-4 0.01405352 -0.0119608 -5.75e-4 0.01400405 -0.0119608 -0.001018226 0.01446557 -0.0119608 -9.95929e-4 0.01442497 -0.0119608 -0.001018226 0.0155344 -0.0119608 -0.001149952 0.01499998 -0.0119608 -6.53274e-4 0.01594638 -0.0119608 -9.95929e-4 0.01557499 -0.0119608 0 0.01614999 -0.0119608 -1.38617e-4 0.01614159 -0.0119608 -5.75e-4 0.01599591 0.02585995 -0.001239597 -0.004221737 0.02585995 -0.002378761 -0.003701508 0.02585995 -0.003325283 -0.002881348 0.02585995 -0.004002332 -0.001827776 0.02585995 -0.004355192 -6.26185e-4 0.02585995 -0.004355192 6.26185e-4 0.02585995 -0.004002332 0.001827776 0.02585995 -0.003325283 0.002881348 0.02585995 -0.002378761 0.003701508 0.02585995 -0.001239597 0.004221737 0.02585995 0 0.004399955 0.02585995 0.001239597 0.004221737 0.02585995 0.002378761 0.003701508 0.02585995 0.003325283 0.002881348 0.02585995 0.004002332 0.001827776 0.02585995 0.004355192 6.26185e-4 0.02585995 0.004355192 -6.26185e-4 0.02585995 0.004002332 -0.001827776 0.02585995 0.003325283 -0.002881348 0.02585995 0.002378761 -0.003701508 0.02585995 0.001239597 -0.004221737 0.02585995 0 -0.004399955 0.02585995 -0.001385629 -8e-4 0.02585995 -0.001599967 0 0.02585995 0 -0.001599967 0.02585995 -8e-4 -0.001385629 0.02585995 -8e-4 0.001385629 0.02585995 -0.001385629 8e-4 0.02585995 0 0.001599967 0.02585995 8e-4 0.001385629 0.02585995 0.001385629 8e-4 0.02585995 0.001599967 0 0.02585995 8e-4 -0.001385629 0.02585995 0.001385629 -8e-4 -0.01293998 -0.002262711 0.002262711 -0.01293998 -0.001224577 0.00295639 -0.01293998 0 0.003199994 -0.01293998 0.001224577 0.00295639 -0.01293998 0.002262711 0.002262711 -0.01293998 0.00295639 0.001224577 -0.01293998 0.003199994 0 -0.01293998 -0.002262711 -0.002262711 -0.01293998 -0.00295639 -0.001224577 -0.01293998 -0.003199994 0 -0.01293998 -0.00295639 0.001224577 -0.01293998 0.00295639 -0.001224577 -0.01293998 0.002262711 -0.002262711 -0.01293998 0.001224577 -0.00295639 -0.01293998 0 -0.003199994 -0.01293998 -0.001224577 -0.00295639 0.02125996 -0.003402471 0.02125459 0.02375996 -0.003469347 0.02164626 0.02125996 -0.003114521 0.02040117 0.02125996 -0.003303945 0.02088809 0.02025997 -0.002425909 0.02146983 0.02025997 -0.001854062 0.02023559 0.02025997 -0.002207159 0.02082157 0.02033609 -0.00279963 0.02138745 0.02055287 -0.00241661 0.01980721 0.0208773 -0.003045439 0.02043318 0.02055287 -0.002848744 0.02052432 0.02033609 -0.002158522 0.02000373 0.02033609 -0.002554416 0.02066069 0.0208773 -0.003328144 0.02127099 0.02055287 -0.003116428 0.02131766 -0.009214997 -0.01049995 0.01399588 -0.009635925 -0.01049995 0.01357495 -0.009789943 -0.01049995 0.01299995 -0.009635925 -0.01049995 0.01242494 -0.009214997 -0.01049995 0.01200401 -0.008639991 -0.01049995 0.01184999 -0.008064985 -0.01049995 0.01200401 -0.007644057 -0.01049995 0.01242494 -0.007489979 -0.01049995 0.01299995 -0.007644057 -0.01049995 0.01357495 -0.008064985 -0.01049995 0.01399588 -0.008639991 -0.01049995 0.01414996 -0.008064985 -0.01049995 -9.95929e-4 -0.007644057 -0.01049995 -5.75e-4 -0.007489979 -0.01049995 0 -0.007644057 -0.01049995 5.75e-4 -0.008064985 -0.01049995 9.95929e-4 -0.008639991 -0.01049995 0.001149952 -0.009214997 -0.01049995 9.95929e-4 -0.009635925 -0.01049995 5.75e-4 -0.009789943 -0.01049995 0 -0.009635925 -0.01049995 -5.75e-4 -0.009214997 -0.01049995 -9.95929e-4 -0.008639991 -0.01049995 -0.001149952 0.01993495 -0.01049995 -9.95929e-4 0.02035588 -0.01049995 -5.75e-4 0.02050995 -0.01049995 0 0.02035588 -0.01049995 5.75e-4 0.01993495 -0.01049995 9.95929e-4 0.01936 -0.01049995 0.001149952 0.01878499 -0.01049995 9.95929e-4 0.01836407 -0.01049995 5.75e-4 0.01820999 -0.01049995 0 0.01836407 -0.01049995 -5.75e-4 0.01878499 -0.01049995 -9.95929e-4 0.01936 -0.01049995 -0.001149952 0.01878499 -0.01049995 0.01399588 0.01836407 -0.01049995 0.01357495 0.01820999 -0.01049995 0.01299995 0.01836407 -0.01049995 0.01242494 0.01878499 -0.01049995 0.01200401 0.01936 -0.01049995 0.01184999 0.01993495 -0.01049995 0.01200401 0.02035588 -0.01049995 0.01242494 0.02050995 -0.01049995 0.01299995 0.02035588 -0.01049995 0.01357495 0.01993495 -0.01049995 0.01399588 0.01936 -0.01049995 0.01414996 0.02385997 0 0.001599967 0.02385997 8e-4 0.001385629 0.02385997 0.001385629 8e-4 0.02385997 0.001599967 0 0.02385997 0.001385629 -8e-4 0.02385997 8e-4 -0.001385629 0.02385997 0 -0.001599967 0.02385997 -8e-4 -0.001385629 0.02385997 -0.001385629 -8e-4 0.02385997 -0.001599967 0 0.02385997 -0.001385629 8e-4 0.02385997 -8e-4 0.001385629 0.004300892 -0.01049995 0.01054435 0.003392338 -0.01049995 0.01091378 -0.00623995 -0.01049995 0.006999969 0.002695858 -0.01049995 0.01439565 0.003392338 -0.01049995 0.01508617 -0.00623995 -0.01049995 0.01899999 0.004300892 -0.01049995 0.0154556 0.002695858 -0.01049995 0.01160424 0.002318561 -0.01049995 0.01250958 0.002318561 -0.01049995 0.01349037 0.008572757 -0.01049995 0.00741285 0.01007783 -0.01049995 0.007038891 0.01075994 -0.01049995 0.006999969 0.005281686 -0.01049995 0.01055288 0.006091833 -0.01049995 0.009230554 0.00721383 -0.01049995 0.008160054 0.005281686 -0.01049995 0.01544702 0.006091833 -0.01049995 0.0167694 0.00721383 -0.01049995 0.0178399 0.008572757 -0.01049995 0.01858711 0.01007783 -0.01049995 0.01896107 0.01075994 -0.01049995 0.01899999 0.02155995 -0.005899965 0.01849997 0.02155995 -0.007499992 0.01849997 0.02155995 -0.005899965 0.0137577 0.02155995 -0.007499992 0.0137577 -0.01083999 -0.005899965 0.007499992 -0.01083999 -0.007499992 0.007499992 -0.01083999 -0.005899965 0.0124458 -0.01083999 -0.007499992 0.0124458 -0.00623995 -0.007499992 0.007499992 -0.00623995 -0.005899965 0.007499992 -0.00623995 -0.007499992 0.01849997 -0.00623995 -0.005899965 0.01849997 -0.00623995 0.01099997 0.01899999 -0.00623995 0.01099997 0.006999969 0.01695996 -0.01049995 0.01899999 0.01695996 -0.007499992 0.01849997 0.01695996 -0.005899965 0.01849997 0.01695996 -0.007499992 0.007499992 0.01695996 -0.01049995 0.006999969 0.01695996 -0.005899965 0.007499992 0.01695996 0.01099997 0.006999969 0.01695996 0.01099997 0.01899999 0.01554381 -0.01049995 0.009378552 0.01445585 -0.01049995 0.008273422 0.013121 -0.01049995 0.007484018 0.01162838 -0.01049995 0.00706315 0.013121 -0.01049995 0.01851594 0.01162838 -0.01049995 0.01893681 0.01445585 -0.01049995 0.01772654 0.01554381 -0.01049995 0.01662141 0.01631218 -0.01049995 0.01527434 0.01670968 -0.01049995 0.01377534 0.01670968 -0.01049995 0.01222455 0.01631218 -0.01049995 0.01072555 -0.01083999 -0.007499992 0.01849997 -0.01083999 -0.007499992 0.0137577 -0.0099985 -0.007499992 0.0137577 -0.007162511 -0.007499992 0.01251333 -0.007107794 -0.007499992 0.01326876 -0.007416367 -0.007499992 0.01396042 -0.007567405 -0.007499992 0.0118733 -0.008226633 -0.007499992 0.01150035 -0.009479641 -0.007499992 0.01430946 -0.008761703 -0.007499992 0.01455074 -0.008014976 -0.007499992 0.01442444 -0.01009345 -0.007499992 0.0124458 -0.009659469 -0.007499992 0.01182508 -0.00898379 -0.007499992 0.01148289 -0.01083999 -0.005899965 0.01849997 -0.0099985 -0.005899965 0.0137577 -0.01083999 -0.005899965 0.0137577 -0.009479641 -0.005899965 0.01430946 -0.01009345 -0.005899965 0.0124458 -0.009659469 -0.005899965 0.01182508 -0.00898379 -0.005899965 0.01148289 -0.008226633 -0.005899965 0.01150035 -0.007567405 -0.005899965 0.0118733 -0.007162511 -0.005899965 0.01251333 -0.007107794 -0.005899965 0.01326876 -0.007416367 -0.005899965 0.01396042 -0.008014976 -0.005899965 0.01442444 -0.008761703 -0.005899965 0.01455074 0.02155995 -0.007499992 0.007499992 0.02155995 -0.007499992 0.0124458 0.02081346 -0.007499992 0.0124458 0.02037948 -0.007499992 0.01182508 0.0197038 -0.007499992 0.01148289 0.01894664 -0.007499992 0.01150035 0.01828742 -0.007499992 0.0118733 0.02071851 -0.007499992 0.0137577 0.02019965 -0.007499992 0.01430946 0.01788252 -0.007499992 0.01251333 0.0178278 -0.007499992 0.01326876 0.01813632 -0.007499992 0.01396042 0.01873493 -0.007499992 0.01442444 0.01948171 -0.007499992 0.01455074 0.02155995 -0.005899965 0.007499992 0.02071851 -0.005899965 0.0137577 0.01788252 -0.005899965 0.01251333 0.01828742 -0.005899965 0.0118733 0.01894664 -0.005899965 0.01150035 0.0178278 -0.005899965 0.01326876 0.01813632 -0.005899965 0.01396042 0.02081346 -0.005899965 0.0124458 0.02155995 -0.005899965 0.0124458 0.02037948 -0.005899965 0.01182508 0.0197038 -0.005899965 0.01148289 0.02019965 -0.005899965 0.01430946 0.01948171 -0.005899965 0.01455074 0.01873493 -0.005899965 0.01442444 0.005281686 -0.01449996 0.01544702 0.004300892 -0.01449996 0.0154556 0.003392338 -0.01449996 0.01508617 0.002695858 -0.01449996 0.01439565 0.002318561 -0.01449996 0.01349037 0.002318561 -0.01449996 0.01250958 0.002695858 -0.01449996 0.01160424 0.003392338 -0.01449996 0.01091378 0.004300892 -0.01449996 0.01054435 0.005281686 -0.01449996 0.01055288 0.006091833 -0.01449996 0.009230554 0.00721383 -0.01449996 0.008160054 0.008572757 -0.01449996 0.00741285 0.01007783 -0.01449996 0.007038891 0.01162838 -0.01449996 0.00706315 0.013121 -0.01449996 0.007484018 0.01445585 -0.01449996 0.008273422 0.01554381 -0.01449996 0.009378552 0.01631218 -0.01449996 0.01072555 0.01670968 -0.01449996 0.01222455 0.01670968 -0.01449996 0.01377534 0.01631218 -0.01449996 0.01527434 0.01554381 -0.01449996 0.01662141 0.01445585 -0.01449996 0.01772654 0.013121 -0.01449996 0.01851594 0.01162838 -0.01449996 0.01893681 0.01007783 -0.01449996 0.01896107 0.008572757 -0.01449996 0.01858711 0.00721383 -0.01449996 0.0178399 0.006091833 -0.01449996 0.0167694 0.005309998 -0.01449996 0.01393526 0.00476998 -0.01449996 0.01407998 0.004229962 -0.01449996 0.01393526 0.003834664 -0.01449996 0.01353996 0.008389949 -0.01449996 0.01299995 0.008441746 -0.01449996 0.0134927 0.008842587 -0.01449996 0.01439303 0.009574949 -0.01449996 0.01505243 0.01051223 -0.01449996 0.01535701 0.01292508 -0.01449996 0.01396393 0.01234579 -0.01449996 0.0147612 0.01149237 -0.01449996 0.01525396 0.01312994 -0.01449996 0.01299995 0.003689944 -0.01449996 0.01299995 0.003834664 -0.01449996 0.01245999 0.004229962 -0.01449996 0.01206469 0.00476998 -0.01449996 0.01191997 0.005309998 -0.01449996 0.01206469 0.005705296 -0.01449996 0.01353996 0.005849957 -0.01449996 0.01299995 0.008441746 -0.01449996 0.0125072 0.005705296 -0.01449996 0.01245999 0.008842587 -0.01449996 0.01160693 0.009574949 -0.01449996 0.01094746 0.01234579 -0.01449996 0.01123869 0.01292508 -0.01449996 0.01203602 0.01051223 -0.01449996 0.01064294 0.01149237 -0.01449996 0.01074594 0.008930861 -0.01769995 0.01338875 0.009759962 -0.01769995 0.01299995 0.009893953 -0.01769995 0.01349997 0.01125997 -0.01769995 0.013866 0.01133781 -0.01769995 0.01477843 0.01075994 -0.01769995 0.01399999 0.0105645 -0.01769995 0.01485973 0.01025998 -0.01769995 0.013866 0.009824991 -0.01769995 0.01461946 0.009247124 -0.01769995 0.01409912 0.01125997 -0.01769995 0.01213395 0.01201122 -0.01769995 0.01161026 0.011626 -0.01769995 0.01249998 0.01246827 -0.01769995 0.01223939 0.01175999 -0.01769995 0.01299995 0.01262998 -0.01769995 0.01299995 0.011626 -0.01769995 0.01349997 0.01246827 -0.01769995 0.01376056 0.01201122 -0.01769995 0.01438963 0.008889973 -0.01769995 0.01299995 0.008930861 -0.01769995 0.01261115 0.009893953 -0.01769995 0.01249998 0.009247124 -0.01769995 0.01190084 0.01025998 -0.01769995 0.01213395 0.009824991 -0.01769995 0.01138049 0.01075994 -0.01769995 0.01199996 0.0105645 -0.01769995 0.01114022 0.01133781 -0.01769995 0.01122152 0.008441746 -0.01719999 0.0125072 0.008389949 -0.01719999 0.01299995 0.008441746 -0.01719999 0.0134927 0.008842587 -0.01719999 0.01439303 0.009574949 -0.01719999 0.01505243 0.01051223 -0.01719999 0.01535701 0.01149237 -0.01719999 0.01525396 0.01234579 -0.01719999 0.0147612 0.01292508 -0.01719999 0.01396393 0.01312994 -0.01719999 0.01299995 0.01292508 -0.01719999 0.01203602 0.01234579 -0.01719999 0.01123869 0.01149237 -0.01719999 0.01074594 0.01051223 -0.01719999 0.01064294 0.009574949 -0.01719999 0.01094746 0.008842587 -0.01719999 0.01160693 0.005705296 -0.01469999 0.01245999 0.005309998 -0.01469999 0.01206469 0.00476998 -0.01469999 0.01191997 0.004229962 -0.01469999 0.01206469 0.003834664 -0.01469999 0.01245999 0.003689944 -0.01469999 0.01299995 0.003834664 -0.01469999 0.01353996 0.004229962 -0.01469999 0.01393526 0.00476998 -0.01469999 0.01407998 0.005309998 -0.01469999 0.01393526 0.005705296 -0.01469999 0.01353996 0.005849957 -0.01469999 0.01299995 0.00476998 -0.01469999 0.01299995 0.009759962 -0.01269996 0.01299995 0.009893953 -0.01269996 0.01249998 0.01025998 -0.01269996 0.01213395 0.01075994 -0.01269996 0.01199996 0.01125997 -0.01269996 0.01213395 0.011626 -0.01269996 0.01249998 0.01175999 -0.01269996 0.01299995 0.011626 -0.01269996 0.01349997 0.01125997 -0.01269996 0.013866 0.01075994 -0.01269996 0.01399999 0.01025998 -0.01269996 0.013866 0.009893953 -0.01269996 0.01349997 0.01075994 -0.01269996 0.01299995 -0.01413995 0 0.000999987 -0.01388996 0 0.000999987 -0.01413995 -4.33884e-4 9.00969e-4 -0.01388996 -4.33884e-4 9.00969e-4 -0.01413995 -7.81831e-4 6.2349e-4 -0.01388996 -7.81831e-4 6.2349e-4 -0.01413995 -9.74928e-4 2.22521e-4 -0.01388996 -9.74928e-4 2.22521e-4 -0.01413995 -9.74928e-4 -2.22521e-4 -0.01388996 -9.74928e-4 -2.22521e-4 -0.01413995 -7.81831e-4 -6.2349e-4 -0.01388996 -7.81831e-4 -6.2349e-4 -0.01413995 -4.33884e-4 -9.00969e-4 -0.01388996 -4.33884e-4 -9.00969e-4 -0.01413995 0 -0.000999987 -0.01388996 0 -0.000999987 -0.01413995 4.33884e-4 -9.00969e-4 -0.01388996 4.33884e-4 -9.00969e-4 -0.01413995 7.81831e-4 -6.2349e-4 -0.01388996 7.81831e-4 -6.2349e-4 -0.01413995 9.74928e-4 -2.22521e-4 -0.01388996 9.74928e-4 -2.22521e-4 -0.01413995 9.74928e-4 2.22521e-4 -0.01388996 9.74928e-4 2.22521e-4 -0.01413995 7.81831e-4 6.2349e-4 -0.01388996 7.81831e-4 6.2349e-4 -0.01413995 4.33884e-4 9.00969e-4 -0.01388996 4.33884e-4 9.00969e-4 -0.01693999 0.001618027 -0.001175522 -0.01693999 0.002121269 -0.002121269 -0.01693999 0.001175522 -0.001618027 -0.01693999 0.00149995 -0.002598047 -0.01693999 6.18034e-4 -0.001902103 -0.01693999 7.76457e-4 -0.002897739 -0.01693999 0 -0.001999974 -0.01693999 0 -0.002999961 -0.01693999 -6.18034e-4 -0.001902103 -0.01693999 -7.76457e-4 -0.002897739 -0.01693999 -0.001175522 -0.001618027 -0.01693999 -0.00149995 -0.002598047 -0.01693999 -0.002121269 -0.002121269 -0.01693999 -0.001618027 -0.001175522 -0.01693999 -0.002598047 -0.00149995 -0.01693999 -0.001902103 -6.18034e-4 -0.01693999 -0.002897739 -7.76457e-4 -0.01693999 -0.001999974 0 -0.01693999 -0.002999961 0 -0.01693999 -0.001902103 6.18034e-4 -0.01693999 -0.002897739 7.76457e-4 -0.01693999 -0.001618027 0.001175522 -0.01693999 0.001175522 0.001618027 -0.01693999 0.002121269 0.002121269 -0.01693999 0.001618027 0.001175522 -0.01693999 0.002598047 0.00149995 -0.01693999 0.001902103 6.18034e-4 -0.01693999 0.002897739 7.76457e-4 -0.01693999 0.001999974 0 -0.01693999 0.002999961 0 -0.01693999 0.001902103 -6.18034e-4 -0.01693999 0.002897739 -7.76457e-4 -0.01693999 0.002598047 -0.00149995 -0.01693999 -0.002598047 0.00149995 -0.01693999 -0.002121269 0.002121269 -0.01693999 -0.001175522 0.001618027 -0.01693999 -0.00149995 0.002598047 -0.01693999 -6.18034e-4 0.001902103 -0.01693999 -7.76457e-4 0.002897739 -0.01693999 0 0.001999974 -0.01693999 0 0.002999961 -0.01693999 6.18034e-4 0.001902103 -0.01693999 7.76457e-4 0.002897739 -0.01693999 0.00149995 0.002598047 -0.01293998 0.002897739 7.76457e-4 -0.01293998 0.002999961 0 -0.01353996 0.002985954 2.89644e-4 -0.01503998 -0.002999961 0 -0.01503998 -0.002985954 2.89644e-4 -0.01503998 -0.002897739 7.76457e-4 -0.01503998 -0.002598047 0.00149995 -0.01503998 -0.002121269 0.002121269 -0.01503998 -0.00149995 0.002598047 -0.01503998 -7.76457e-4 0.002897739 -0.01503998 0 0.002999961 -0.01503998 7.76457e-4 0.002897739 -0.01503998 0.00149995 0.002598047 -0.01503998 0.002121269 0.002121269 -0.01503998 0.002598047 0.00149995 -0.01503998 0.002897739 7.76457e-4 -0.01503998 0.002985954 2.89644e-4 -0.01503998 0.002999961 0 -0.01353996 0.002999961 0 -0.01293998 0.002897739 -7.76457e-4 -0.01353996 0.002897739 7.76457e-4 -0.01353996 0.002598047 0.00149995 -0.01293998 0.002598047 0.00149995 -0.01353996 0.002121269 0.002121269 -0.01293998 0.002121269 0.002121269 -0.01353996 0.00149995 0.002598047 -0.01293998 0.00149995 0.002598047 -0.01353996 7.76457e-4 0.002897739 -0.01293998 7.76457e-4 0.002897739 -0.01353996 0 0.002999961 -0.01293998 0 0.002999961 -0.01353996 -7.76457e-4 0.002897739 -0.01293998 -7.76457e-4 0.002897739 -0.01353996 -0.00149995 0.002598047 -0.01293998 -0.00149995 0.002598047 -0.01353996 -0.002121269 0.002121269 -0.01293998 -0.002121269 0.002121269 -0.01353996 -0.002598047 0.00149995 -0.01293998 -0.002598047 0.00149995 -0.01353996 -0.002897739 7.76457e-4 -0.01293998 -0.002897739 7.76457e-4 -0.01353996 -0.002985954 2.89644e-4 -0.01293998 -0.002999961 0 -0.01353996 -0.002999961 0 -0.01293998 -0.002897739 -7.76457e-4 -0.01293998 0.002598047 -0.00149995 -0.01293998 0.002121269 -0.002121269 -0.01293998 0.00149995 -0.002598047 -0.01293998 7.76457e-4 -0.002897739 -0.01293998 0 -0.002999961 -0.01293998 -7.76457e-4 -0.002897739 -0.01293998 -0.00149995 -0.002598047 -0.01293998 -0.002121269 -0.002121269 -0.01293998 -0.002598047 -0.00149995 -0.01413995 0 0.001999974 -0.01413995 -6.18034e-4 0.001902103 -0.01413995 -0.001175522 0.001618027 -0.01413995 -0.001618027 0.001175522 -0.01413995 -0.001902103 6.18034e-4 -0.01413995 -0.001999974 0 -0.01413995 -0.001902103 -6.18034e-4 -0.01413995 -0.001618027 -0.001175522 -0.01413995 -0.001175522 -0.001618027 -0.01413995 -6.18034e-4 -0.001902103 -0.01413995 0 -0.001999974 -0.01413995 6.18034e-4 -0.001902103 -0.01413995 0.001175522 -0.001618027 -0.01413995 0.001618027 -0.001175522 -0.01413995 0.001902103 -6.18034e-4 -0.01413995 0.001999974 0 -0.01413995 0.001902103 6.18034e-4 -0.01413995 0.001618027 0.001175522 -0.01413995 0.001175522 0.001618027 -0.01413995 6.18034e-4 0.001902103 -0.01353996 0 0.01399999 -0.01503998 0 0.01399999 -0.01353996 -4.33884e-4 0.014099 -0.01503998 -4.33884e-4 0.014099 -0.01353996 -7.81831e-4 0.01437646 -0.01503998 -7.81831e-4 0.01437646 -0.01353996 -9.74928e-4 0.01477748 -0.01503998 -9.74928e-4 0.01477748 -0.01353996 -9.74928e-4 0.01522248 -0.01503998 -9.74928e-4 0.01522248 -0.01353996 -7.81831e-4 0.01562345 -0.01503998 -7.81831e-4 0.01562345 -0.01353996 -4.33884e-4 0.01590096 -0.01503998 -4.33884e-4 0.01590096 -0.01353996 0 0.01599997 -0.01503998 0 0.01599997 -0.01353996 4.33884e-4 0.01590096 -0.01503998 4.33884e-4 0.01590096 -0.01353996 7.81831e-4 0.01562345 -0.01503998 7.81831e-4 0.01562345 -0.01353996 9.74928e-4 0.01522248 -0.01503998 9.74928e-4 0.01522248 -0.01353996 9.74928e-4 0.01477748 -0.01503998 9.74928e-4 0.01477748 -0.01353996 7.81831e-4 0.01437646 -0.01503998 7.81831e-4 0.01437646 -0.01353996 4.33884e-4 0.014099 -0.01503998 4.33884e-4 0.014099 -0.01353996 0 0.005999982 -0.01503998 0 0.005999982 -0.01353996 -4.33884e-4 0.006098985 -0.01503998 -4.33884e-4 0.006098985 -0.01353996 -7.81831e-4 0.006376504 -0.01503998 -7.81831e-4 0.006376504 -0.01353996 -9.74928e-4 0.006777465 -0.01503998 -9.74928e-4 0.006777465 -0.01353996 -9.74928e-4 0.007222473 -0.01503998 -9.74928e-4 0.007222473 -0.01353996 -7.81831e-4 0.007623434 -0.01503998 -7.81831e-4 0.007623434 -0.01353996 -4.33884e-4 0.007900953 -0.01503998 -4.33884e-4 0.007900953 -0.01353996 0 0.007999956 -0.01503998 0 0.007999956 -0.01353996 4.33884e-4 0.007900953 -0.01503998 4.33884e-4 0.007900953 -0.01353996 7.81831e-4 0.007623434 -0.01503998 7.81831e-4 0.007623434 -0.01353996 9.74928e-4 0.007222473 -0.01503998 9.74928e-4 0.007222473 -0.01353996 9.74928e-4 0.006777465 -0.01503998 9.74928e-4 0.006777465 -0.01353996 7.81831e-4 0.006376504 -0.01503998 7.81831e-4 0.006376504 -0.01353996 4.33884e-4 0.006098985 -0.01503998 4.33884e-4 0.006098985 -0.01503998 -0.002249956 0.01549994 -0.01353996 -0.002249956 0.01549994 -0.01353996 0.002249956 0.01549994 -0.01503998 0.002249956 0.01549994 -0.01503998 0.00215882 0.0161339 -0.01353996 0.00215882 0.0161339 -0.01503998 0.001892805 0.01671642 -0.01353996 0.001892805 0.01671642 -0.01503998 0.001473426 0.01720041 -0.01353996 0.001473426 0.01720041 -0.01503998 9.34684e-4 0.01754665 -0.01353996 9.34684e-4 0.01754665 -0.01503998 3.20208e-4 0.01772707 -0.01353996 3.20208e-4 0.01772707 -0.01503998 -3.20208e-4 0.01772707 -0.01353996 -3.20208e-4 0.01772707 -0.01503998 -9.34684e-4 0.01754665 -0.01353996 -9.34684e-4 0.01754665 -0.01503998 -0.001473426 0.01720041 -0.01353996 -0.001473426 0.01720041 -0.01503998 -0.001892805 0.01671642 -0.01353996 -0.001892805 0.01671642 -0.01503998 -0.00215882 0.0161339 -0.01353996 -0.00215882 0.0161339 -0.01293998 0.001136243 0.001459896 -0.01293998 6.00694e-4 0.001749753 -0.01293998 0 0.001849949 -0.01293998 -6.00694e-4 0.001749753 -0.01293998 -0.001843631 -1.52772e-4 -0.01293998 -0.001694142 -7.43136e-4 -0.01293998 -0.001361072 -0.001252949 -0.01293998 -8.80503e-4 -0.001626968 -0.01293998 -3.045e-4 -0.001824736 -0.01293998 0.001694142 -7.43136e-4 -0.01293998 0.001843631 -1.52772e-4 -0.01293998 0.001793384 4.54148e-4 -0.01293998 0.001548707 0.001011848 -0.01293998 3.045e-4 -0.001824736 -0.01293998 8.80503e-4 -0.001626968 -0.01293998 0.001361072 -0.001252949 -0.01293998 -0.001136243 0.001459896 -0.01293998 -0.001548707 0.001011848 -0.01293998 -0.001793384 4.54148e-4 -0.01388996 0 0.001849949 -0.01388996 -6.00694e-4 0.001749753 -0.01388996 -0.001136243 0.001459896 -0.01388996 -0.001548707 0.001011848 -0.01388996 -0.001793384 4.54148e-4 -0.01388996 -0.001843631 -1.52772e-4 -0.01388996 -0.001694142 -7.43136e-4 -0.01388996 -0.001361072 -0.001252949 -0.01388996 -8.80503e-4 -0.001626968 -0.01388996 -3.045e-4 -0.001824736 -0.01388996 3.045e-4 -0.001824736 -0.01388996 8.80503e-4 -0.001626968 -0.01388996 0.001361072 -0.001252949 -0.01388996 0.001694142 -7.43136e-4 -0.01388996 0.001843631 -1.52772e-4 -0.01388996 0.001793384 4.54148e-4 -0.01388996 0.001548707 0.001011848 -0.01388996 0.001136243 0.001459896 -0.01388996 6.00694e-4 0.001749753 0.006419003 -0.01049995 0.002455592 0.007327556 -0.01049995 0.002086162 0.01695996 -0.01049995 0.005999982 0.008024096 -0.01049995 -0.001395642 0.007327556 -0.01049995 -0.002086162 0.01695996 -0.01049995 -0.005999982 0.006419003 -0.01049995 -0.002455592 0.008024096 -0.01049995 0.001395642 0.008401393 -0.01049995 4.90391e-4 0.008401393 -0.01049995 -4.90391e-4 0.002147197 -0.01049995 0.0055871 6.4217e-4 -0.01049995 0.00596106 -4.00001e-5 -0.01049995 0.005999982 0.005438268 -0.01049995 0.002447068 0.004628121 -0.01049995 0.003769397 0.003506064 -0.01049995 0.004839897 0.005438268 -0.01049995 -0.002447068 0.004628121 -0.01049995 -0.003769397 0.003506064 -0.01049995 -0.004839897 0.002147197 -0.01049995 -0.0055871 6.4217e-4 -0.01049995 -0.00596106 -4.00001e-5 -0.01049995 -0.005999982 -0.01083999 -0.005899965 -0.005499958 -0.01083999 -0.007499992 -0.005499958 -0.01083999 -0.005899965 -7.57728e-4 -0.01083999 -0.007499992 -7.57728e-4 0.02155995 -0.005899965 0.005499958 0.02155995 -0.007499992 0.005499958 0.02155995 -0.005899965 5.54159e-4 0.02155995 -0.007499992 5.54159e-4 0.01695996 -0.007499992 0.005499958 0.01695996 -0.005899965 0.005499958 0.01695996 -0.007499992 -0.005499958 0.01695996 -0.005899965 -0.005499958 0.01695996 0.01099997 -0.005999982 0.01695996 0.01099997 0.005999982 -0.00623995 -0.01049995 -0.005999982 -0.00623995 -0.007499992 -0.005499958 -0.00623995 -0.005899965 -0.005499958 -0.00623995 -0.007499992 0.005499958 -0.00623995 -0.01049995 0.005999982 -0.00623995 -0.005899965 0.005499958 -0.00623995 0.01099997 0.005999982 -0.00623995 0.01099997 -0.005999982 -0.004823803 -0.01049995 0.003621399 -0.00373584 -0.01049995 0.004726529 -0.002400994 -0.01049995 0.005515933 -9.08433e-4 -0.01049995 0.005936801 -0.002400994 -0.01049995 -0.005515933 -9.08433e-4 -0.01049995 -0.005936801 -0.00373584 -0.01049995 -0.004726529 -0.004823803 -0.01049995 -0.003621399 -0.005592167 -0.01049995 -0.002274334 -0.00598967 -0.01049995 -7.75397e-4 -0.00598967 -0.01049995 7.75397e-4 -0.005592167 -0.01049995 0.002274334 0.02155995 -0.007499992 -0.005499958 0.02155995 -0.007499992 -7.57728e-4 0.02071851 -0.007499992 -7.57728e-4 0.01788252 -0.007499992 4.86641e-4 0.0178278 -0.007499992 -2.68767e-4 0.01813632 -0.007499992 -9.60461e-4 0.01828742 -0.007499992 0.001126646 0.01894664 -0.007499992 0.001499593 0.02019965 -0.007499992 -0.001309454 0.01948171 -0.007499992 -0.001550734 0.01873493 -0.007499992 -0.001424431 0.02081346 -0.007499992 5.54159e-4 0.02037948 -0.007499992 0.001174867 0.0197038 -0.007499992 0.001517057 0.02155995 -0.005899965 -0.005499958 0.02071851 -0.005899965 -7.57728e-4 0.02155995 -0.005899965 -7.57728e-4 0.02019965 -0.005899965 -0.001309454 0.02081346 -0.005899965 5.54159e-4 0.02037948 -0.005899965 0.001174867 0.0197038 -0.005899965 0.001517057 0.01894664 -0.005899965 0.001499593 0.01828742 -0.005899965 0.001126646 0.01788252 -0.005899965 4.86641e-4 0.0178278 -0.005899965 -2.68767e-4 0.01813632 -0.005899965 -9.60461e-4 0.01873493 -0.005899965 -0.001424431 0.01948171 -0.005899965 -0.001550734 -0.01083999 -0.007499992 0.005499958 -0.01083999 -0.007499992 5.54159e-4 -0.01009345 -0.007499992 5.54159e-4 -0.009659469 -0.007499992 0.001174867 -0.00898379 -0.007499992 0.001517057 -0.008226633 -0.007499992 0.001499593 -0.007567405 -0.007499992 0.001126646 -0.0099985 -0.007499992 -7.57728e-4 -0.009479641 -0.007499992 -0.001309454 -0.007162511 -0.007499992 4.86641e-4 -0.007107794 -0.007499992 -2.68767e-4 -0.007416367 -0.007499992 -9.60461e-4 -0.008014976 -0.007499992 -0.001424431 -0.008761703 -0.007499992 -0.001550734 -0.01083999 -0.005899965 0.005499958 -0.0099985 -0.005899965 -7.57728e-4 -0.007162511 -0.005899965 4.86641e-4 -0.007567405 -0.005899965 0.001126646 -0.008226633 -0.005899965 0.001499593 -0.007107794 -0.005899965 -2.68767e-4 -0.007416367 -0.005899965 -9.60461e-4 -0.01009345 -0.005899965 5.54159e-4 -0.01083999 -0.005899965 5.54159e-4 -0.009659469 -0.005899965 0.001174867 -0.00898379 -0.005899965 0.001517057 -0.009479641 -0.005899965 -0.001309454 -0.008761703 -0.005899965 -0.001550734 -0.008014976 -0.005899965 -0.001424431 0.005438268 -0.01449996 -0.002447068 0.006419003 -0.01449996 -0.002455592 0.007327556 -0.01449996 -0.002086162 0.008024096 -0.01449996 -0.001395642 0.008401393 -0.01449996 -4.90391e-4 0.008401393 -0.01449996 4.90391e-4 0.008024096 -0.01449996 0.001395642 0.007327556 -0.01449996 0.002086162 0.006419003 -0.01449996 0.002455592 0.005438268 -0.01449996 0.002447068 0.004628121 -0.01449996 0.003769397 0.003506064 -0.01449996 0.004839897 0.002147197 -0.01449996 0.0055871 6.4217e-4 -0.01449996 0.00596106 -9.08433e-4 -0.01449996 0.005936801 -0.002400994 -0.01449996 0.005515933 -0.00373584 -0.01449996 0.004726529 -0.004823803 -0.01449996 0.003621399 -0.005592167 -0.01449996 0.002274334 -0.00598967 -0.01449996 7.75397e-4 -0.00598967 -0.01449996 -7.75397e-4 -0.005592167 -0.01449996 -0.002274334 -0.004823803 -0.01449996 -0.003621399 -0.00373584 -0.01449996 -0.004726529 -0.002400994 -0.01449996 -0.005515933 -9.08433e-4 -0.01449996 -0.005936801 6.4217e-4 -0.01449996 -0.00596106 0.002147197 -0.01449996 -0.0055871 0.003506064 -0.01449996 -0.004839897 0.004628121 -0.01449996 -0.003769397 0.005409955 -0.01449996 -9.35307e-4 0.005949974 -0.01449996 -0.001079976 0.006489992 -0.01449996 -9.35307e-4 0.00688529 -0.01449996 -5.4e-4 0.002329945 -0.01449996 0 0.002278208 -0.01449996 -4.92751e-4 0.001877367 -0.01449996 -0.00139302 0.001144945 -0.01449996 -0.002052426 2.07733e-4 -0.01449996 -0.002357006 -0.002205073 -0.01449996 -9.63966e-4 -0.001625835 -0.01449996 -0.001761198 -7.7237e-4 -0.01449996 -0.002253949 -0.002409994 -0.01449996 0 0.00702995 -0.01449996 0 0.00688529 -0.01449996 5.4e-4 0.006489992 -0.01449996 9.35307e-4 0.005949974 -0.01449996 0.001079976 0.005409955 -0.01449996 9.35307e-4 0.005014657 -0.01449996 -5.4e-4 0.004869997 -0.01449996 0 0.002278208 -0.01449996 4.92751e-4 0.005014657 -0.01449996 5.4e-4 0.001877367 -0.01449996 0.00139302 0.001144945 -0.01449996 0.002052426 -0.001625835 -0.01449996 0.001761198 -0.002205073 -0.01449996 9.63966e-4 2.07733e-4 -0.01449996 0.002357006 -7.7237e-4 -0.01449996 0.002253949 0.001789093 -0.01769995 -3.88795e-4 9.6e-4 -0.01769995 0 8.26026e-4 -0.01769995 -5e-4 -5.4e-4 -0.01769995 -8.66025e-4 -6.17862e-4 -0.01769995 -0.001778423 -4.00001e-5 -0.01769995 -0.000999987 1.55468e-4 -0.01769995 -0.001859724 4.6e-4 -0.01769995 -8.66025e-4 8.95e-4 -0.01769995 -0.001619458 0.00147283 -0.01769995 -0.001099109 -5.4e-4 -0.01769995 8.66025e-4 -0.001291215 -0.01769995 0.001389622 -9.06025e-4 -0.01769995 5e-4 -0.001748323 -0.01769995 7.60597e-4 -0.001039981 -0.01769995 0 -0.001909971 -0.01769995 0 -9.06025e-4 -0.01769995 -5e-4 -0.001748323 -0.01769995 -7.60597e-4 -0.001291215 -0.01769995 -0.001389622 0.001829981 -0.01769995 0 0.001789093 -0.01769995 3.88795e-4 8.26026e-4 -0.01769995 5e-4 0.00147283 -0.01769995 0.001099109 4.6e-4 -0.01769995 8.66025e-4 8.95e-4 -0.01769995 0.001619458 -4.00001e-5 -0.01769995 0.000999987 1.55468e-4 -0.01769995 0.001859724 -6.17862e-4 -0.01769995 0.001778423 0.002278208 -0.01719999 4.92751e-4 0.002329945 -0.01719999 0 0.002278208 -0.01719999 -4.92751e-4 0.001877367 -0.01719999 -0.00139302 0.001144945 -0.01719999 -0.002052426 2.07733e-4 -0.01719999 -0.002357006 -7.7237e-4 -0.01719999 -0.002253949 -0.001625835 -0.01719999 -0.001761198 -0.002205073 -0.01719999 -9.63966e-4 -0.002409994 -0.01719999 0 -0.002205073 -0.01719999 9.63966e-4 -0.001625835 -0.01719999 0.001761198 -7.7237e-4 -0.01719999 0.002253949 2.07733e-4 -0.01719999 0.002357006 0.001144945 -0.01719999 0.002052426 0.001877367 -0.01719999 0.00139302 0.005014657 -0.01469999 5.4e-4 0.005409955 -0.01469999 9.35307e-4 0.005949974 -0.01469999 0.001079976 0.006489992 -0.01469999 9.35307e-4 0.00688529 -0.01469999 5.4e-4 0.00702995 -0.01469999 0 0.00688529 -0.01469999 -5.4e-4 0.006489992 -0.01469999 -9.35307e-4 0.005949974 -0.01469999 -0.001079976 0.005409955 -0.01469999 -9.35307e-4 0.005014657 -0.01469999 -5.4e-4 0.004869997 -0.01469999 0 0.005949974 -0.01469999 0 9.6e-4 -0.01269996 0 8.26026e-4 -0.01269996 5e-4 4.6e-4 -0.01269996 8.66025e-4 -4.00001e-5 -0.01269996 0.000999987 -5.4e-4 -0.01269996 8.66025e-4 -9.06025e-4 -0.01269996 5e-4 -0.001039981 -0.01269996 0 -9.06025e-4 -0.01269996 -5e-4 -5.4e-4 -0.01269996 -8.66025e-4 -4.00001e-5 -0.01269996 -0.000999987 4.6e-4 -0.01269996 -8.66025e-4 8.26026e-4 -0.01269996 -5e-4 -4.00001e-5 -0.01269996 0</float_array>
          <technique_common>
            <accessor source="#rf1-mesh-positions-array" count="1504" stride="3">
              <param name="X" type="float"/>
              <param name="Y" type="float"/>
              <param name="Z" type="float"/>
            </accessor>
          </technique_common>
        </source>
        <source id="rf1-mesh-normals">
          <float_array id="rf1-mesh-normals-array" count="9132">0 0.4647229 -0.8854562 0 0.1205365 -0.9927089 -0.03049683 0 -0.9995349 0 -0.1205367 -0.9927089 0 -0.4647229 -0.8854562 0 -0.4647229 -0.8854562 0 -0.8229839 -0.5680647 0 -0.8229839 -0.5680647 0 -0.9927089 -0.1205369 0 -0.9927089 -0.1205369 0 -0.9350162 0.3546052 0 -0.9350162 0.3546052 0 -0.6631225 0.7485108 0 -0.6631225 0.7485108 0 -0.2393164 0.9709417 0 -0.2393164 0.9709417 0 0.2393162 0.9709417 0 0.2393162 0.9709417 0 0.6631225 0.7485108 0 0.6631225 0.7485108 0 0.9350162 0.354605 0 0.9350162 0.354605 0 0.9927089 -0.1205369 0 0.9927089 -0.1205369 0 0.822984 -0.5680645 0 0.822984 -0.5680645 0 0.4647229 -0.8854562 0.9659261 0 0.2588183 0.9659261 0 0.2588183 0.7071074 0 0.7071062 0.7071074 0 0.7071062 0.2588183 0 0.9659261 0.2588183 0 0.9659261 -0.2588183 0 0.9659261 -0.2588183 0 0.9659261 -0.7071074 0 0.7071062 -0.7071074 0 0.7071062 -0.9659261 0 0.2588183 -0.9659261 0 0.2588183 -0.9659259 0 -0.2588185 -0.9659259 0 -0.2588185 -0.7071074 0 -0.7071062 -0.7071074 0 -0.7071062 -0.2588193 0 -0.9659258 -0.2588193 0 -0.9659258 0.2588193 0 -0.9659258 0.2588193 0 -0.9659258 0.7071074 0 -0.7071062 0.7071074 0 -0.7071062 0.9659259 0 -0.2588185 0.9659259 0 -0.2588185 0.9659261 0 0.2588184 0.9659261 0 0.2588184 0.7071071 0 0.7071065 0.7071071 0 0.7071065 0.2588193 0 0.9659258 0.2588193 0 0.9659258 -0.2588193 0 0.9659258 -0.2588193 0 0.9659258 -0.7071071 0 0.7071065 -0.7071071 0 0.7071065 -0.9659261 0 0.2588184 -0.9659261 0 0.2588184 -0.9659261 0 -0.2588184 -0.9659261 0 -0.2588184 -0.7071074 0 -0.7071062 -0.7071074 0 -0.7071062 -0.2588188 0 -0.9659259 -0.2588188 0 -0.9659259 0.2588188 0 -0.9659259 0.2588188 0 -0.9659259 0.7071074 0 -0.7071062 0.7071074 0 -0.7071062 0.9659261 0 -0.2588184 0.9659261 0 -0.2588184 0.9659261 0 0.2588184 0.9659261 0 0.2588184 0.7071065 0 0.7071071 0.7071065 0 0.7071071 0.2588196 0 0.9659257 0.2588196 0 0.9659257 -0.2588193 0 0.9659258 -0.2588193 0 0.9659258 -0.7071065 0 0.7071071 -0.7071065 0 0.7071071 -0.9659261 0 0.2588184 -0.9659261 0 0.2588184 -0.9659261 0 -0.2588184 -0.9659261 0 -0.2588184 -0.7071068 0 -0.7071068 -0.7071068 0 -0.7071068 -0.2588188 0 -0.9659259 -0.2588188 0 -0.9659259 0.2588191 0 -0.9659258 0.2588191 0 -0.9659258 0.7071068 0 -0.7071068 0.7071068 0 -0.7071068 0.9659261 0 -0.2588184 0.9659261 0 -0.2588184 0.9659261 0 0.2588183 0.9659261 0 0.2588183 0.7071068 0 0.7071068 0.7071068 0 0.7071068 0.2588185 0 0.9659259 0.2588185 0 0.9659259 -0.2588183 0 0.9659261 -0.2588183 0 0.9659261 -0.7071068 0 0.7071068 -0.7071068 0 0.7071068 -0.9659261 0 0.2588183 -0.9659261 0 0.2588183 -0.9659259 0 -0.2588185 -0.9659259 0 -0.2588185 -0.7071068 0 -0.7071068 -0.7071068 0 -0.7071068 -0.2588193 0 -0.9659258 -0.2588193 0 -0.9659258 0.2588196 0 -0.9659257 0.2588196 0 -0.9659257 0.7071068 0 -0.7071068 0.7071068 0 -0.7071068 0.9659259 0 -0.2588185 0.9659259 0 -0.2588185 0.03386133 -0.2586707 -0.9653719 0.0376386 -0.7066062 -0.7066054 0 -0.6324467 -0.774604 0 -0.4286928 -0.9034503 0.03952902 -0.9651709 -0.2586168 0 -0.9276857 -0.3733622 0 -0.811377 -0.5845233 0.0395289 -0.9651709 0.2586169 0 -0.9927089 0.1205362 0 -0.992709 -0.120536 0.03763872 -0.7066057 0.7066057 0 -0.811377 0.5845233 0 -0.9276859 0.3733618 0.03386133 -0.2586707 0.9653719 0 -0.4286928 0.9034503 0 -0.6324459 0.7746045 0.02819997 0.2587162 0.9655417 0 0.06037795 0.9981756 0 -0.1802551 0.9836199 0.02066129 0.7069551 0.7069566 0 0.5344641 0.8451912 0 0.3166686 0.9485362 0.01125591 0.9658646 0.2588027 0 0.8759204 0.4824557 0 0.7350051 0.6780616 0.01125603 0.9658646 -0.2588027 0 0.9709418 -0.2393159 0 0.9709418 0.2393161 0.02066135 0.7069555 -0.7069563 0 0.7350054 -0.6780611 0 0.8759181 -0.4824597 0 -0.1802551 -0.9836199 0 0.06037795 -0.9981756 0.02819997 0.2587162 -0.9655417 0 0.3166686 -0.9485362 0 0.5344641 -0.8451912 0 0 1 0 0 1 0 0 1 0 0 1 0 0 1 0 0 1 1 0 0 1 0 0 1 0 0 1 0 0 1 0 0 1 0 0 1 0 0 1 0 0 1 0 0 1 0 0 1 0 0 1 0 0 1 0 0 1 0 0 1 0 0 1 0 0 1 0 0 1 0 0 1 0 0 1 0 0 1 0 0 1 0 0 1 0 0 1 0 0 1 0 0 1 0 0 1 0 0 1 0 0 1 0 0 1 0 0 1 0 0 1 0 0 1 0 0 1 0 0 1 0 0 1 0 0 0 0 -1 0 0 -1 0 0 -1 0 0 -1 0 0 -1 0 0 -1 0 0 -1 0 0 -1 0 0 -1 0 0 -1 0 0 -1 0 0 -1 0 0 -1 0 0 -1 0 0 -1 0 0 -1 -1 0 0 -1 0 0 -1 0 0 -1 0 0 -1 0 0 -1 0 0 -1 0 0 -1 0 0 -1 0 0 -1 0 0 -1 0 0 -1 0 0 -1 0 0 -1 0 0 -1 0 0 -1 0 0 -1 0 0 -1 0 0 -1 0 0 -1 0 0 -1 0 0 -1 0 0 -1 0 0 -1 0 0 -1 0 0 -1 0 0 -1 0 0 -1 0 0 -1 0 0 -1 0 0 -1 0 0 -1 0 0 -1 0 0 -1 0 0 -1 0 0 -1 0 0 -1 0 0 -1 0 0 -1 0 0 -1 0 0 -1 0 0 -1 0 0 -1 0 0 -1 0 0 -1 0 0 1 0 0 1 0 0 1 0 0 1 0 0 1 0 0 1 0 0 1 0 0 1 0 0 1 0 0 1 0 0 1 0 0 1 0 0 1 0 0 1 0 0 1 0 0 1 0 0 1 0 0 1 0 0 1 0 0 1 0 0 1 0 0 1 0 0 1 0 0 1 0 0 1 0 0 1 0 0 1 0 0 1 0 0 1 0 0 1 0 0 1 0 0 1 0 0 1 0 0 1 0 0 1 0 0 1 0 0 1 0 0 1 0 0 1 0 0 1 0 0 1 0 0 1 0 0 1 0 0 1 0 0 1 0 0 1 0 0 1 0 0 1 0 0 1 0 0 1 0 0 1 0 0 1 0 0 0 0 -1 0 0 -1 0 0 -1 0 0 -1 0 0 -1 0 0 -1 0 0 -1 0 0 -1 0 0 -1 0 0 -1 -1 0 0 -1 0 0 -1 0 0 -1 0 0 -1 0 0 -1 0 0 -1 0 0 -1 0 0 -1 0 0 -1 0 0 -1 0 0 -1 0 0 -1 0 0 -1 0 0 -1 0 0 -1 0 0 -1 0 0 -1 0 0 -1 0 0 -1 0 0 -1 0 0 -1 0 0 -1 0 0 -1 0 0 -1 0 0 -1 0 0 -1 0 0 -1 0 0 -1 0 0 -1 0 0 -1 0 0 -1 0 0 -1 0 0 -1 0 0 0 0 1 0 0 1 0 0 1 0 0 1 0 0 1 0 0 1 0 0 1 0 0 1 0 0 1 0 0 1 0 0 1 0 0 1 0 0 1 0 0 1 0 0 1 0 0 1 0 0 1 0 0 1 0 0 1 0 0 1 -0.10047 0 -0.9949401 -0.2588012 0.01150935 -0.9658621 -0.3022347 0.006343185 -0.9532124 -0.4507152 0 -0.8926678 -0.7071068 0 -0.7071068 -0.9979022 0 -0.06474035 -0.9979022 0 -0.06474035 -0.6220967 0.02054411 -0.7826708 -0.7975074 0 -0.6033093 -0.9471401 0 -0.3208204 -0.9221743 0.008671402 -0.3866775 -0.9891904 -0.002830743 -0.1466091 -0.9979022 0 0.06474083 -0.9979021 0 0.06474083 -0.9471364 -0.002793073 0.3208191 -0.9659259 0 0.2588188 -0.7071077 0 0.7071059 -0.7071077 0 0.7071059 -0.2588183 0 0.965926 -0.2588183 0 0.965926 0.9979022 0 0.06474083 0.2588183 0 0.965926 0.2588183 0 0.965926 0.7071077 0 0.7071059 0.7071077 0 0.7071059 0.94714 0 0.3208204 0.9659237 -0.002112269 0.2588182 0.9979021 0 0.06474083 0.9979022 0 -0.06474035 0.9979022 0 -0.06474035 0.9471364 -0.002793133 -0.3208191 0.965926 0 -0.2588183 0.7071068 0 -0.7071068 0.7071068 0 -0.7071068 0.2588183 0 -0.965926 0.2588183 0 -0.965926 0.9659259 0 -0.2588188 0.9659259 0 -0.2588188 0.7071068 0 -0.7071068 0.7071068 0 -0.7071068 0.25882 0 -0.9659256 0.25882 0 -0.9659256 0.1304007 0 0.9914613 0.2588204 -0.003097593 0.9659205 0.3825671 0 0.9239277 0.6089519 0 0.7932072 0.7071034 -0.003094732 0.7071034 0.7935014 0 0.6085684 0.9240177 0 0.3823497 0.9659212 -0.003078937 0.258818 0.991492 0 0.1301674 -0.25882 0 -0.9659256 -0.25882 0 -0.9659256 -0.7071068 0 -0.7071068 -0.7071068 0 -0.7071068 -0.9659259 0 -0.2588188 -0.9659259 0 -0.2588188 -0.9659258 0 0.2588192 -0.9659258 0 0.2588192 -0.7071068 0 0.7071068 -0.7071068 0 0.7071068 -0.2588217 0 0.9659251 -0.2588217 0 0.9659251 0 -1 0 0 -1 0 0 -1 0 0 -1 0 0 -1 0 0 -1 0 0 -1 0 0 -1 0 0 -1 0 0 -1 0 0 -1 0 0 -1 0 0 -1 0 0 -1 0 -1 0 0 -1 0 0 -1 0 0 -1 0 0 -1 0 0 -1 0 0 -1 0 0 -1 0 0 -1 0 0 -1 0 0 0 1 0 0 1 0 0 1 0 0 1 0 0 1 0 0 1 0 0 1 0 0 1 0 0 1 0 0 1 0 0 1 0 0 1 0 0 1 0 0 1 0 0 1 0 0 1 0 0 1 0 0 1 0 0 1 0 0 1 0 1 0 0 1 0 0 1 0 0 1 0 0 1 0 0 1 0 0 1 0 0 1 0 0 1 0 0 1 0 0 0 0 1 0 0 1 0 0 -1 0 0 -1 0 1 0 0 1 0 0 1 0 0 1 0 0 1 0 0 1 0 0 1 0 0 1 0 0 1 0 0 1 0 0 1 0 0 1 0 0 1 0 0 1 0 0 1 0 0 1 0 0 1 0 0 0 -1 0 0 -1 0 0 1 0 0 1 0 1 0 0 1 0 0 1 0 0 1 0 0 1 0 0 1 0 0 1 0 0 1 0 0 1 0 0 1 0 0 1 0 0 1 0 0 1 0 0 1 0 0 1 0 0 1 0 0 1 0 0 1 0 0 1 0 0 1 0 0 1 0 0 1 0 0 1 0 0 1 0 0 1 0 0 1 0 0 1 0 0 1 0 0 1 0 0 1 0 0 1 0 0 1 0 0 1 0 0 1 0 0 0 -1 0 0 -1 0 0 1 0 0 1 0 1 0 0 1 0 0 1 0 0 1 0 0 1 0 0 1 0 0 1 0 0 1 0 0 1 0 0 1 0 0 1 0 0 1 0 0 1 0 0 1 0 0 1 0 0 1 0 0 1 0 0 0 1 0 0 1 0 0 -1 0 0 -1 0 -1 0 0 -1 0 0 -1 0 0 -1 0 0 -1 0 0 -1 0 0 -1 0 0 -1 0 0 -1 0 0 -1 0 0 -1 0 0 -1 0 0 -1 0 0 -1 0 0 -1 0 0 -1 0 0 -1 0 0 -1 0 0 -1 0 0 -1 0 0 -1 0 0 -1 0 0 -1 0 0 -1 0 0 -1 0 0 -1 0 0 -1 0 0 -1 0 0 -1 0 0 -1 0 0 -1 0 0 -1 0 0 -1 0 0 -1 0 0 -1 0 0 -1 0 0 -1 0 0 -1 0 0 -1 0 0 -1 0 0 -1 0 0 -1 0 0 -1 0 0 -1 0 0 -1 0 0 -1 0 0 -1 0 0 -1 0 0 -1 0 0 -1 0 0 -1 0 0 -1 0 0 -1 0 0 -1 0 0 -1 0 0 -1 0 0 -1 0 0 -1 0 0 -1 0 0 -1 0 0 -1 0 0 -1 0 0 -1 0 0 -1 0 0 -1 0 0 -1 0 0 -1 0 0 -1 0 0 -1 0 0 -1 0 0 -1 0 0 -1 0 0 -1 0 0 -1 0 0 -1 0 0 -1 0 0 -1 0 0 -1 0 0 -1 0 0 -1 0 0 -1 0 0 -1 0 0 -1 0 0 -1 0 0 -1 0 0 -1 0 0 -1 0 0 -1 0 0 -1 0 0 -1 0 0 -1 0 0 -1 0 0 -1 0 0 -1 0 0 -1 0 0 -1 0 0 -1 0 0 -1 0 0 -1 0 0 -1 0 0 -1 0 0 -1 0 0 -1 0 0 -1 0 0 -1 0 0 -1 0 0 -1 0 0 -1 0 0 -1 0 0 -1 0 0 -1 0 0 -1 0 0 -1 0 0 -1 0 0 -1 0 0 -1 0 0 -1 0 0 -1 0 0 -1 0 0 -1 0 0 -1 0 0 -1 0 0 -1 0 0 -1 0 0 -1 0 0 -1 0 0 1 0 0 1 0 0 1 0 0 1 0 0 1 0 0 1 0 0 1 0 0 1 0 0 1 0 0 1 0 0 1 0 0 1 0 0 1 0 0 1 0 0 1 0 0 1 0 0 1 0 0 1 0 0 1 0 0 1 0 0 1 0 0 1 0 0 1 0 0 1 0 0 1 0 0 1 0 0 1 0 0 1 0 0 1 0 0 1 0 0 1 0 0 1 0 0 1 0 0 1 0 0 1 0 0 1 0 0 1 0 0 1 0 0 1 0 0 1 0 0 1 0 0 1 0 0 1 0 0 1 0 0 1 0 0 1 0 0 1 0 0 1 0 0 1 0 0 1 0 0 1 0 0 1 0 0 1 0 0 1 0 0 1 0 0 1 0 0 1 0 0 1 0 0 1 0 0 1 0 0 1 0 0 1 0 -0.005388379 0 -0.9999855 -0.005388379 0 -0.9999855 -0.3864141 0 -0.9223254 -0.3864141 0 -0.9223254 -0.7090094 0 -0.7051991 -0.7090094 0 -0.7051991 -0.9243942 0 -0.3814386 -0.9243942 0 -0.3814386 -1 0 0 -1 0 0 -0.9243943 0 0.3814384 -0.9243943 0 0.3814384 -0.7090094 0 0.705199 -0.7090094 0 0.705199 -0.3864135 0 0.9223256 -0.3864135 0 0.9223256 -0.005388736 0 0.9999855 -0.005388736 0 0.9999855 0.6170642 0 0.7869129 -0.8102837 0 0.5860379 -0.8102837 0 0.5860379 -0.6878156 -0.3056909 0.658379 -0.7845305 0 0.6200904 -0.6762797 0 0.736645 -0.5857297 -0.06236582 0.8081035 -0.5690308 0 0.8223162 0.762353 0 0.6471615 0.6782439 -0.05051696 0.7330984 0.6975381 -0.1639546 0.6975381 0.6170642 0 0.7869128 0.4544929 0 0.8907503 0.4544929 0 0.8907503 0.1957821 0 0.9806475 0.1957821 0 0.9806475 -0.07761555 0 0.9969834 -0.07761555 0 0.9969834 -0.3451904 0 0.9385327 -0.3451904 0 0.9385327 -0.5690308 0 0.8223162 -0.7845305 0 -0.6200903 -0.7845305 0 -0.6200903 -0.5868721 0 -0.8096796 -0.5868721 0 -0.8096796 -0.3451907 0 -0.9385326 -0.3451907 0 -0.9385326 -0.07761526 0 -0.9969834 -0.07761526 0 -0.9969834 0.1957818 0 -0.9806475 0.1957818 0 -0.9806475 0.4544932 0 -0.8907502 0.4544932 0 -0.8907502 0.6791111 0 -0.7340356 0.6791111 0 -0.7340356 0.8527877 0 -0.5222577 0.8527877 0 -0.5222577 0.9624935 0 -0.2713049 0.9624935 0 -0.2713049 1 0 0 1 0 0 0.9624935 0 0.2713049 0.9624935 0 0.2713049 0.8527877 0 0.5222577 0.8527877 0 0.5222577 0.762353 0 0.6471615 -0.6170644 0 -0.7869127 -0.762353 0 -0.6471615 -0.678244 -0.05051696 -0.7330983 0.8102837 0 -0.5860378 0.8102838 0 -0.5860378 0.6878154 -0.3056913 -0.6583788 0.7845304 0 -0.6200903 0.6762806 0 -0.7366442 0.5857297 -0.06236636 -0.8081035 0.5690307 0 -0.8223163 -0.6975381 -0.1639543 -0.6975381 -0.6170644 0 -0.7869127 -0.4544929 0 -0.8907503 -0.4544929 0 -0.8907503 -0.1957817 0 -0.9806475 -0.1957817 0 -0.9806475 0.07761496 0 -0.9969834 0.07761496 0 -0.9969834 0.3451905 0 -0.9385327 0.3451905 0 -0.9385327 0.5690306 0 -0.8223163 0.7845305 0 0.6200903 0.7845305 0 0.6200903 0.5868721 0 0.8096796 0.5868721 0 0.8096796 0.3451907 0 0.9385326 0.3451907 0 0.9385326 0.07761555 0 0.9969834 0.07761555 0 0.9969834 -0.1957819 0 0.9806475 -0.1957819 0 0.9806475 -0.4544929 0 0.8907503 -0.4544929 0 0.8907503 -0.6791114 0 0.7340353 -0.6791114 0 0.7340353 -0.8527876 0 0.5222579 -0.8527876 0 0.5222579 -0.9624935 0 0.2713049 -0.9624935 0 0.2713049 -1 0 0 -1 0 0 -0.9624935 0 -0.2713049 -0.9624935 0 -0.2713049 -0.8527878 0 -0.5222576 -0.8527878 0 -0.5222576 -0.762353 0 -0.6471615 0.005388021 0 0.9999855 0.005388021 0 0.9999855 0.3864142 0 0.9223254 0.3864142 0 0.9223254 0.7090094 0 0.7051991 0.7090094 0 0.7051991 0.9243941 0 0.3814388 0.9243941 0 0.3814388 1 0 0 1 0 0 0.9243941 0 -0.3814385 0.9243941 0 -0.3814385 0.709009 0 -0.7051994 0.709009 0 -0.7051994 0.3864142 0 -0.9223254 0.3864142 0 -0.9223254 0.005388736 0 -0.9999855 0.005388736 0 -0.9999855 -0.7071068 0 -0.7071068 -0.7071068 0 -0.7071068 0.7071068 0 -0.7071068 0.7071068 0 -0.7071068 0 -1 0 0 -1 0 0 -1 0 -0.7071067 0 0.7071069 -0.7071067 0 0.7071069 0.7071096 0 -0.707104 0.7071096 0 -0.707104 -0.7071068 0 -0.7071068 -0.7071068 0 -0.7071068 0 -1 0 0 -1 0 0 -1 0 0 -1 0 0.7071067 0 0.7071068 0.7071067 0 0.7071068 -0.7071068 0 0.7071068 -0.7071068 0 0.7071068 0.7071068 0 0.7071068 0.7071068 0 0.7071068 0 -1 0 0 -1 0 0 -1 0 0 -1 0 -0.7071068 0 -0.7071068 -0.7071068 0 -0.7071068 0.7071068 0 0.7071068 0.7071068 0 0.7071068 -0.7071068 0 0.7071068 -0.7071068 0 0.7071068 0 -1 0 0 -1 0 0 -1 0 0.7071068 0 -0.7071068 0.7071068 0 -0.7071068 0.0211206 -0.2587612 -0.9657104 0.02347844 -0.7069119 -0.7069119 0 -0.6324468 -0.7746038 0 -0.4286928 -0.9034504 0.02465897 -0.9656317 -0.2587416 0 -0.9276852 -0.3733635 0 -0.8113768 -0.5845234 0.02465903 -0.9656319 0.2587413 0 -0.9927089 0.1205361 0 -0.9927089 -0.1205365 0.02347916 -0.7069127 0.706911 0 -0.8113796 0.5845196 0 -0.9276852 0.3733635 0.0211206 -0.2587612 0.9657104 0 -0.4286928 0.9034504 0 -0.6324453 0.774605 0.01758736 0.2587785 0.9657766 0 0.06037777 0.9981756 0 -0.1802548 0.9836199 0.01288408 0.7070488 0.7070474 0 0.5344697 0.8451877 0 0.3166674 0.9485366 0.007018685 0.9659022 0.2588121 0 0.8759186 0.482459 0 0.7350059 0.6780608 0.007018685 0.965902 -0.2588125 0 0.9709419 -0.2393155 0 0.970942 0.2393151 0.01288402 0.7070481 -0.7070481 0 0.735005 -0.6780617 0 0.8759186 -0.482459 0 -0.1802548 -0.9836199 0 0.06038445 -0.9981752 0.01758682 0.2587785 -0.9657766 0 0.3166656 -0.9485372 0 0.5344697 -0.8451877 0.7046337 0.5311219 -0.4705326 0.7106947 0.5170764 -0.4770167 0.7190582 0.3714296 -0.5873631 0.7009724 0.2529003 -0.6668426 0.7122143 0.2222872 -0.6658372 0.7187063 0.04198616 -0.694045 0.6980797 -0.08630663 -0.7107995 0.7135812 -0.1262816 -0.6890972 0.7182114 -0.2982951 -0.6286433 0.6959884 -0.4079012 -0.5909457 0.7147992 -0.4422888 -0.5417034 0.7175746 -0.5651091 -0.4071098 0.6947238 -0.6368879 -0.3342646 0.7158693 -0.6477416 -0.2606952 0.716794 -0.692201 -0.08404827 0.6943003 -0.7196855 0 0.716794 -0.692201 0.08404803 0.7090217 -0.6244118 0.3277164 0.6722428 -0.686794 0.2764125 0.7175742 -0.5651113 0.4071074 0.7090219 -0.4005917 0.580357 0.6803362 -0.4635193 0.5677082 0.7182111 -0.2982953 0.6286436 0.7090219 -0.08500081 0.7000449 0.688045 -0.1308051 0.7137816 0.7187053 0.04198157 0.6940462 0.7090219 0.2500628 0.6593607 0.6953848 0.2275691 0.6816542 0.7190579 0.3714298 0.5873634 0.7090219 0.5278394 0.4676252 0.7023725 0.5231842 0.4826502 0.7192694 0.608528 0.3351793 0.7090221 0.6846949 0.1687617 0.7090221 0.684695 0.1687617 0.7090221 0.6846949 -0.168762 0.709022 0.6846949 -0.168762 0.7192692 0.6085282 -0.3351795 0.7041522 0.5314792 -0.4708498 0.7106948 0.5170767 -0.4770163 0.7190582 0.3714258 -0.5873656 0.7000811 0.2532102 -0.6676608 0.7122134 0.2222896 -0.6658374 0.7187055 0.04198163 -0.6940461 0.6968595 -0.08644968 -0.7119783 0.713581 -0.1262818 -0.6890972 0.7182113 -0.2982952 -0.6286433 0.6945287 -0.4087029 -0.592108 0.7147995 -0.4422885 -0.5417034 0.7175748 -0.5651089 -0.4071095 0.6931181 -0.638258 -0.3349836 0.7158697 -0.6477416 -0.2606941 0.709022 -0.7051863 0 0.6600452 -0.7457486 -0.09054976 0.7167945 -0.6922007 0.08404803 0.7090222 -0.6244114 0.3277164 0.6692529 -0.6893027 0.2774207 0.7175748 -0.5651089 0.4071095 0.7090224 -0.4005914 0.5803566 0.6780174 -0.4648767 0.5693699 0.7182115 -0.2982951 0.6286432 0.7090224 -0.08500081 0.7000443 0.6863581 -0.131093 0.7153511 0.7187058 0.04198163 0.6940458 0.7090224 0.2500627 0.6593603 0.6942939 0.2279037 0.6826536 0.7190582 0.3714258 0.5873656 0.7090224 0.5278391 0.4676251 0.7018427 0.5235676 0.4830049 0.7192697 0.608529 0.3351769 0.7090224 0.6846947 0.1687617 0.709022 0.6846948 0.1687624 0.7090222 0.6846949 -0.1687618 0.7090224 0.6846945 -0.1687622 0.7192695 0.6085276 -0.3351798 0 1 0 0 1 0 0 1 0 0 1 0 0 1 0 0 1 0 0 1 0 0 1 0 0 1 0 0 1 0 0 1 0 0 1 0 0 1 0 0 1 0 0 1 0 0 1 0 0 1 0 0 1 0 0 1 0 0 1 0 0 1 0 0 1 0 0 1 0 0 1 0 0 1 0 0 1 0 0.7034803 -0.1011454 -0.7034808 0.7034802 -0.2952417 -0.6464889 0.7034801 -0.2952418 -0.646489 0.7034802 -0.4654191 -0.5371226 0.7034803 -0.465419 -0.5371226 0.7034803 -0.5978914 -0.3842414 0.7034804 -0.5978913 -0.3842415 0.7034804 -0.6819258 -0.2002314 0.7034804 -0.6819258 -0.2002313 0.7034803 -0.7107148 0 0.7034803 -0.7107148 0 0.7034803 -0.6819258 0.2002314 0.7034804 -0.6819258 0.2002314 0.7034803 -0.5978913 0.3842415 0.7034804 -0.5978913 0.3842415 0.7034803 -0.4654192 0.5371224 0.7034803 -0.4654191 0.5371224 0.7034803 -0.2952418 0.6464889 0.7034803 -0.2952417 0.6464889 0.7034803 -0.1011452 0.7034807 0.7034803 -0.1011452 0.7034807 0.7034803 0.1011453 0.7034807 0.7034804 0.1011452 0.7034807 0.7034803 0.2952417 0.6464889 0.7034804 0.2952417 0.6464889 0.7034803 0.4654192 0.5371224 0.7034804 0.4654191 0.5371224 0.7034803 0.5978912 0.3842415 0.7034803 0.5978914 0.3842415 0.7034803 0.6819258 0.2002314 0.7034803 0.6819259 0.2002313 0.7034803 0.7107148 0 0.7034803 0.7107149 0 0.7034803 0.681926 -0.2002314 0.7034804 0.681926 -0.2002312 0.7034804 0.5978913 -0.3842413 0.7034803 0.5978913 -0.3842415 0.7034802 0.4654191 -0.5371226 0.7034803 0.4654191 -0.5371227 0.7034801 0.2952417 -0.646489 0.7034802 0.2952418 -0.6464889 0.7034803 0.1011453 -0.7034808 0.7034803 0.1011455 -0.7034807 0.7034803 -0.1011452 -0.7034807 1 0 0 1 0 0 1 0 0 1 0 0 1 0 0 1 0 0 1 0 0 1 0 0 1 0 0 1 0 0 1 0 0 1 0 0 1 0 0 1 0 0 1 0 0 1 0 0 1 0 0 1 0 0 1 0 0 1 0 0 1 0 0 1 0 0 1 0 0 1 0 0 1 0 0 1 0 0 1 0 0 1 0 0 1 0 0 1 0 0 1 0 0 1 0 0 1 0 0 1 0 0 -1 0 0 -1 0 0 -1 0 0 -1 0 0 -1 0 0 -1 0 0 -1 0 0 -1 0 0 -1 0 0 -1 0 0 -1 0 0 -1 0 0 -1 0 0 -1 0 0 -1 0 0 -1 0 0 -1 0 0 -1 0 0 -1 0 0 -1 0 0 -1 0 0 -1 0 0 -1 0 0 -1 0 0 -1 0 0 -1 0 0 -1 0 0 -1 0 0 0 -0.1950904 -0.9807853 0 -0.1950904 -0.9807853 0 -0.5555698 -0.8314698 0 -0.5555698 -0.8314698 0 -0.83147 -0.5555695 0 -0.83147 -0.5555695 0 -0.9807853 -0.1950903 0 -0.9807853 -0.1950903 0 -0.9807853 0.1950904 0 -0.9807853 0.1950904 0 -0.8314701 0.5555695 0 -0.8314701 0.5555695 0 -0.5555701 0.8314697 0 -0.5555701 0.8314697 0 -0.1950904 0.9807853 0 -0.1950904 0.9807853 0 0.1950902 0.9807853 0 0.1950902 0.9807853 0 0.5555706 0.8314694 0 0.5555706 0.8314694 0 0.8314698 0.55557 0 0.8314698 0.55557 0 0.9807853 0.1950904 0 0.9807853 0.1950904 0 0.9807853 -0.1950903 0 0.9807853 -0.1950903 0 0.8314697 -0.5555701 0 0.8314697 -0.5555701 0 0.5555704 -0.8314696 0 0.5555704 -0.8314696 0 0.1950902 -0.9807853 0 0.1950902 -0.9807853 0 -0.2393155 0.9709419 0 -0.2393155 0.9709419 0 -0.6631224 0.7485111 0 -0.6631224 0.7485111 0 -0.9350161 0.354605 0 -0.9350161 0.354605 0 -0.9927089 -0.1205368 0 -0.9927089 -0.1205368 0 -0.8229838 -0.5680649 0 -0.8229838 -0.5680649 0 -0.4647222 -0.8854566 0 -0.4647222 -0.8854566 0 -0.1205368 -0.9927089 0 -0.1205368 -0.9927089 0 0.1205366 -0.9927089 0 0.1205366 -0.9927089 0 0.4647226 -0.8854564 0 0.4647226 -0.8854564 0 0.8229838 -0.5680649 0 0.8229838 -0.5680649 0 0.9927089 -0.1205365 0 0.9927089 -0.1205365 0 0.9350166 0.354604 0 0.9350166 0.354604 0 0.6631224 0.7485111 0 0.6631224 0.7485111 0 0.2393152 0.9709419 0 0.2393152 0.9709419 0 0.09347182 0.9956219 0 0.09347182 0.9956219 0 0.2194671 0.9756199 0 0.2194671 0.9756199 0 0.1828479 0.9831412 0 0.1828479 0.9831412 0 0.4582259 0.8888358 0 0.9941228 0.1082589 0.03355491 0.9763514 0.21357 -2.93351e-4 0.9888048 0.1492143 0.02342861 0.9967785 0.07670497 0.01953148 0.996862 0.07671141 2.58051e-4 0.9954227 0.09556949 -0.06403207 0.6233791 0.7792936 0.00944364 0.717525 0.6964687 -0.007671415 0.4724505 0.8813238 -0.02718818 0.6956538 0.7178626 -0.01010024 0.7426955 0.6695532 -0.00238049 0.7783735 0.627797 -5.94543e-4 0.7982329 0.6023487 0.002953112 0.8593294 0.511414 -0.01586973 0.8949143 0.4459557 0 0.931949 0.3625894 0 0.9622928 0.2720157 0.001171171 0.9657241 0.2595683 -0.001773595 0.9837844 0.1793462 0.01487386 0.9970459 0.07535386 0.008550465 0.9975725 0.06910902 1 0 0 1 0 0 1 0 0 1 0 0 1 0 0 0.9807853 0.1950905 0 0.9807853 0.1950905 0 0.8314697 0.5555702 0 0.8314697 0.5555702 0 0.5555702 0.8314697 0 0.5555702 0.8314697 0 0.1950887 0.9807856 0 0.1950887 0.9807856 0 0 0.4788804 0.8778802 0 0.4788804 0.8778802 0 0.8003901 0.5994796 0 0.8003901 0.5994796 0 0.9771293 0.2126458 0 0.9771293 0.2126458 0.9805639 0.195047 0.02124053 0.9805639 0.185903 0.06272572 0.5891849 0.6445004 0.4873197 0.814103 0.4519591 0.3646496 0.07015901 0.8572156 0.510156 0.1946249 0.8587403 0.4740107 0.8299511 0.4777827 0.2879321 0.9805638 0.1680443 0.1012706 0.9805641 0.1680436 0.1012694 0.3089056 0.8187545 0.4839612 0.4533651 0.7691088 0.4504795 0.5543004 0.72428 0.4100849 0.6013895 0.6843004 0.4123878 0.8299516 0.4777823 0.2879315 0.8313084 0.4538258 0.320887 0.9786198 0.114633 0.1707704 0.9548799 0.2776523 0.1054208 0.9905435 0.09975665 0.09419214 0.1948955 0.947206 0.2545909 0.980564 0.1859025 0.06272524 0.8299522 0.5285584 0.1783404 0.8299513 0.5285595 0.1783417 0.5533074 0.7892608 0.2663052 0.5533075 0.7892607 0.2663051 0.2516514 0.9170249 0.3094141 0.19472 0.9141104 0.355649 0.9805639 0.1950468 0.02124041 0.8299521 0.5545561 0.06039059 0.8299522 0.554556 0.06039041 0.5533077 0.8280813 0.09017699 0.5533075 0.8280814 0.09017717 0.1939872 0.9752384 0.1062024 0.1939871 0.9752384 0.1062024 0 -1 0 0 -1 0 0 -1 0 0 -1 0 0 -1 0 0 -1 0 0 -1 0 0 -1 0 0 -1 0 0 -1 0 0 -1 0 0 -1 0 0 -1 0 0 -1 0 0 -1 0 0 -1 0 0 -1 0 0 -1 0 0 -1 0 0 -1 0 0 -1 0 0 -1 0 0 -1 0 0 -1 0 -0.9659256 0 0.2588199 -0.9659256 0 0.2588199 -0.7071068 0 0.7071068 -0.7071068 0 0.7071068 -0.2588185 0 0.9659259 -0.2588185 0 0.9659259 0.2588189 0 0.9659258 0.2588189 0 0.9659258 0.7071068 0 0.7071068 0.7071068 0 0.7071068 0.9659256 0 0.2588199 0.9659256 0 0.2588199 0.9659255 0 -0.2588204 0.9659255 0 -0.2588204 0.7071068 0 -0.7071068 0.7071068 0 -0.7071068 0.2588204 0 -0.9659255 0.2588204 0 -0.9659255 -0.2588199 0 -0.9659256 -0.2588199 0 -0.9659256 -0.7071068 0 -0.7071068 -0.7071068 0 -0.7071068 -0.9659255 0 -0.2588204 -0.9659255 0 -0.2588204 0 -1 0 0 -1 0 0 -1 0 0 -1 0 0 -1 0 0 -1 0 0 -1 0 0 -1 0 0 -1 0 0 -1 0 0 -1 0 0 -1 0 0 -1 0 0 -1 0 0 -1 0 0 -1 0 0 -1 0 0 -1 0 0 -1 0 0 -1 0 0 -1 0 0 -1 0 0 -1 0 0 -1 0 -0.9659255 0 0.2588202 -0.9659255 0 0.2588202 -0.7071068 0 0.7071068 -0.7071068 0 0.7071068 -0.2588192 0 0.9659258 -0.2588192 0 0.9659258 0.2588196 0 0.9659256 0.2588196 0 0.9659256 0.7071068 0 0.7071068 0.7071068 0 0.7071068 0.9659255 0 0.2588202 0.9659255 0 0.2588202 0.9659255 0 -0.2588202 0.9659255 0 -0.2588202 0.7071072 0 -0.7071064 0.7071072 0 -0.7071064 0.2588189 0 -0.9659258 0.2588189 0 -0.9659258 -0.2588185 0 -0.9659259 -0.2588185 0 -0.9659259 -0.7071072 0 -0.7071064 -0.7071072 0 -0.7071064 -0.9659255 0 -0.2588202 -0.9659255 0 -0.2588202 0 -1 0 0 -1 0 0 -1 0 0 -1 0 0 -1 0 0 -1 0 0 -1 0 0 -1 0 0 -1 0 0 -1 0 0 -1 0 0 -1 0 0 -1 0 0 -1 0 0 -1 0 0 -1 0 0 -1 0 0 -1 0 0 -1 0 0 -1 0 0 -1 0 0 -1 0 0 -1 0 0 -1 0 -0.9659251 0 0.2588216 -0.9659251 0 0.2588216 -0.7071076 0 0.7071061 -0.7071076 0 0.7071061 -0.2588192 0 0.9659258 -0.2588192 0 0.9659258 0.2588192 0 0.9659258 0.2588192 0 0.9659258 0.7071076 0 0.7071061 0.7071076 0 0.7071061 0.9659251 0 0.2588216 0.9659251 0 0.2588216 0.9659251 0 -0.2588216 0.9659251 0 -0.2588216 0.707108 0 -0.7071056 0.707108 0 -0.7071056 0.2588185 0 -0.9659259 0.2588185 0 -0.9659259 -0.2588185 0 -0.9659259 -0.2588185 0 -0.9659259 -0.707108 0 -0.7071056 -0.707108 0 -0.7071056 -0.9659251 0 -0.2588216 -0.9659251 0 -0.2588216 0 -1 0 0 -1 0 0 -1 0 0 -1 0 0 -1 0 0 -1 0 0 -1 0 0 -1 0 0 -1 0 0 -1 0 0 -1 0 0 -1 0 0 -1 0 0 -1 0 0 -1 0 0 -1 0 0 -1 0 0 -1 0 0 -1 0 0 -1 0 0 -1 0 0 -1 0 0 -1 0 0 -1 0 -0.9659252 0 0.2588214 -0.9659252 0 0.2588214 -0.7071076 0 0.7071061 -0.7071076 0 0.7071061 -0.2588185 0 0.9659259 -0.2588185 0 0.9659259 0.2588185 0 0.9659259 0.2588185 0 0.9659259 0.7071076 0 0.7071061 0.7071076 0 0.7071061 0.9659252 0 0.2588214 0.9659252 0 0.2588214 0.965925 0 -0.2588218 0.965925 0 -0.2588218 0.7071076 0 -0.7071061 0.7071076 0 -0.7071061 0.2588199 0 -0.9659256 0.2588199 0 -0.9659256 -0.2588199 0 -0.9659256 -0.2588199 0 -0.9659256 -0.7071076 0 -0.7071061 -0.7071076 0 -0.7071061 -0.965925 0 -0.2588218 -0.965925 0 -0.2588218 -1 0 0 -1 0 0 -1 0 0 -1 0 0 -1 0 0 -1 0 0 -1 0 0 -1 0 0 -1 0 0 -1 0 0 -1 0 0 -1 0 0 -1 0 0 -1 0 0 -1 0 0 -1 0 0 -1 0 0 -1 0 0 -1 0 0 -1 0 0 -1 0 0 -1 0 0 -1 0 0 -1 0 0 -1 0 0 0 -0.2588196 0.9659257 0 -0.2588196 0.9659257 0 -0.7071065 0.7071071 0 -0.7071065 0.7071071 0 -0.9659257 0.2588194 0 -0.9659257 0.2588194 0 -0.9659257 -0.2588194 0 -0.9659257 -0.2588194 0 -0.7071068 -0.7071068 0 -0.7071068 -0.7071068 0 -0.2588191 -0.9659258 0 -0.2588191 -0.9659258 0 0.2588188 -0.9659259 0 0.2588188 -0.9659259 0 0.7071068 -0.7071068 0 0.7071068 -0.7071068 0 0.965926 -0.2588184 0 0.965926 -0.2588184 0 0.965926 0.2588184 0 0.965926 0.2588184 0 0.7071065 0.7071071 0 0.7071065 0.7071071 0 0.2588193 0.9659258 0 0.2588193 0.9659258 0 -1 0 0 -1 0 0 -1 0 0 -1 0 0 -1 0 0 -1 0 0 -1 0 0 -1 0 0 -1 0 0 -1 0 0 -1 0 0 -1 0 0 -1 0 0 -1 0 0 -1 0 0 -1 0 0 -1 0 0 -1 0 0 -1 0 0 -1 0 1 0 0 1 0 0 -1 0 0 -1 0 0 -1 0 0 -1 0 0 -1 0 0 -1 0 0 -1 0 0 -1 0 0 -1 0 0 -1 0 0 1 0 0 1 0 0 1 0 0 1 0 0 1 0 0 1 0 0 1 0 0 1 0 0 0 0 -1 0 0 -1 0 0 -1 0 0 1 0 0 1 0 0 1 0 1 0 0 1 0 0 -1 0 0 -1 0 0 -1 0 0 -1 0 0 -1 0 0 -1 0 0 -1 0 0 -1 0 0 -1 0 0 -1 0 0 -1 0 0 -1 0 0 -1 0 0 -1 0 0 -1 0 0 -1 0 0 -1 0 0 -1 0 0 -1 0 0 -1 0 0 -1 0 0 -1 0 0 -1 0 0 -1 0 0 -1 0 0 -1 0 0 -1 0 0 -1 0 0 -1 0 0 -1 0 0 0 1 0 0 1 0 1 0 0 1 0 0 1 0 0 1 0 0 1 0 0 1 0 0 1 0 0 1 0 0 1 0 0 1 0 0 1 0 0 1 0 0 1 0 0 1 0 0 1 0 0 1 0 0 0 -1 0 0 -1 -1 0 0 -1 0 0 0 -1 0 0 -1 0 0 -1 0 0 -1 0 0 -1 0 0 -1 0 0 -1 0 0 -1 0 0 -1 0 0 -1 0 0 -1 0 0 -1 0 0 -1 0 0 -1 0 0 -1 0 0 -1 0 0 0 -1 0 0 -1 0 1 0 0 1 0 0 1 0 0 1 0 0 1 0 0 1 0 0 1 0 0 1 0 0 1 0 0 1 0 0 1 0 0 1 0 0 1 0 0 1 0 0 1 0 0 1 0 0 0 1 0 0 1 1 0 0 1 0 0 0.819555 0 0.5730006 0.819555 0 0.5730006 0.4518169 0 0.8921107 0.4518169 0 0.8921107 -0.02303016 0 0.9997348 -0.02303016 0 0.9997348 -0.492418 0 0.8703588 -0.492418 0 0.8703588 -0.8450704 0 0.5346551 -0.8450704 0 0.5346551 -0.99739 0 0.07220292 -0.99739 0 0.07220292 -0.9132655 0 -0.4073648 -0.9132655 0 -0.4073648 -0.61264 0 -0.7903621 -0.61264 0 -0.7903621 -0.1667805 0 -0.9859941 -0.1667805 0 -0.9859941 0.318615 0 -0.9478842 0.318615 0 -0.9478842 0.7284806 0 -0.6850665 0.7284806 0 -0.6850665 0 0 1 0 0 1 0 0 -1 0 0 -1 0 0 -1 0 0 -1 0 0 1 0 0 1 -0.72848 0 -0.685067 -0.72848 0 -0.685067 -0.3186154 0 -0.9478841 -0.3186154 0 -0.9478841 0.1667805 0 -0.9859941 0.1667805 0 -0.9859941 0.6126394 0 -0.7903626 0.6126394 0 -0.7903626 0.9132655 0 -0.4073648 0.9132655 0 -0.4073648 0.99739 0 0.07220292 0.99739 0 0.07220292 0.8450698 0 0.534656 0.8450698 0 0.534656 0.4924185 0 0.8703586 0.4924185 0 0.8703586 0.02303016 0 0.9997348 0.02303016 0 0.9997348 -0.4518174 0 0.8921105 -0.4518174 0 0.8921105 -0.8195545 0 0.5730015 -0.8195545 0 0.5730015 0.008697092 0 0.9999622 0.008697092 0 0.9999622 -0.3766483 0 0.9263563 -0.3766483 0 0.9263563 -0.7040251 0 0.7101752 -0.7040251 0 0.7101752 -0.9230453 0 0.3846914 -0.9230453 0 0.3846914 -1 0 0 -1 0 0 -0.9230453 0 -0.3846914 -0.9230453 0 -0.3846914 -0.7040251 0 -0.7101752 -0.7040251 0 -0.7101752 -0.3766483 0 -0.9263563 -0.3766483 0 -0.9263563 0.008697092 0 -0.9999622 0.008697092 0 -0.9999622 -0.8526873 0 -0.5224217 -0.8526873 0 -0.5224217 -0.6903102 0 -0.7235135 -0.6903102 0 -0.7235135 -0.4818167 0 -0.876272 -0.4818167 0 -0.876272 -0.2411364 0 -0.9704912 -0.2411364 0 -0.9704912 -0.05694013 0 -0.9983777 0.0156517 -0.01239383 -0.9998007 0.07256042 0 -0.9973641 0.2713972 0 -0.9624674 0.2713972 0 -0.9624674 0.5090106 0 -0.8607603 0.5090106 0 -0.8607603 0.7126194 0 -0.7015509 0.7126194 0 -0.7015509 0.8686223 0 -0.4954749 0.8686223 0 -0.4954749 0.966598 0 -0.2562974 0.966598 0 -0.2562974 1 0 0 1 0 0 0.966598 0 0.2562974 0.966598 0 0.2562974 0.8686224 0 0.4954746 0.8686224 0 0.4954746 0.7126191 0 0.7015511 0.7126191 0 0.7015511 0.5090107 0 0.8607602 0.5090107 0 0.8607602 0.2713975 0 0.9624674 0.2713975 0 0.9624674 0.07255887 0 0.9973641 0.0156514 -0.01239353 0.9998007 -0.05693876 0 0.9983777 -0.2411361 0 0.9704913 -0.2411361 0 0.9704913 -0.4818167 0 0.876272 -0.4818167 0 0.876272 -0.6903105 0 0.7235133 -0.6903105 0 0.7235133 -0.8526873 0 0.5224217 -0.8526873 0 0.5224217 0 -1 0 0 -1 0 0 -1 0 0 -1 0 0 -1 0 0 -1 0 0 -1 0 0 -1 0 0 -1 0 0 -1 0 0 -1 0 0 -1 0 0 -1 0 0 -1 0 0 -1 0 0 -1 0 0 -1 0 0 -1 0 0 -1 0 0 -1 0 0 -1 0 0 -1 0 0 -1 0 0 -1 0 0 -1 0 0 -1 0 0 -1 0 0 -1 0 0 -1 0 0 -1 0 0 -1 0 0 -1 0 0 -1 0 0 -1 0 0 -1 0 0 -1 0 0 -1 0 0 -1 0 0 -1 0 0 -1 0 0 -1 0 0 -1 0 0 -1 0 0 -1 0 0 -1 0 0 -1 0 0 -1 0 0 -1 0 0 -1 0 0 -1 0 0 -1 0 0 -1 0 0 -1 0 0 -1 0 0 -1 0 0 -1 0 0 -1 0 0 -1 0 0 -1 0 0 -1 0 0 -1 0 0 -1 0 0 -1 0 0 -1 0 0 -1 0 0 -1 0 0 -1 0 0 -1 0 0 -1 0 0 -1 0 0 -1 0 0 -1 0 0 -1 0 0 -1 0 0 -1 0 0 -1 0 0 -1 0 0 -1 0 0 -1 0 0 -1 0 0 -1 0 0 -1 0 0 -1 0 0 -1 0 0 -1 0 0 -1 0 0 -1 0 0 -1 0 -0.994522 0 -0.1045279 -0.994522 0 0.1045279 -0.994522 0 0.1045279 -0.9135455 0 0.4067365 -0.9135455 0 0.4067365 -0.66913 0 0.7431453 -0.66913 0 0.7431453 -0.3090173 0 0.9510564 -0.3090173 0 0.9510564 0.1045281 0 0.9945219 0.1045281 0 0.9945219 0.5000002 0 0.8660253 0.5000002 0 0.8660253 0.8090171 0 0.5877851 0.8090171 0 0.5877851 0.9781475 0 0.207912 0.9781475 0 0.207912 0.9781475 0 -0.2079117 0.9781475 0 -0.2079117 0.8090171 0 -0.5877851 0.8090171 0 -0.5877851 0.5000002 0 -0.8660253 0.5000002 0 -0.8660253 0.1045281 0 -0.9945219 0.1045281 0 -0.9945219 -0.3090173 0 -0.9510564 -0.3090173 0 -0.9510564 -0.6691306 0 -0.7431449 -0.6691306 0 -0.7431449 -0.9135455 0 -0.4067365 -0.9135455 0 -0.4067365 -0.994522 0 -0.1045279 0.9659258 0 -0.2588189 0.7071068 0 -0.7071068 0.7071068 0 -0.7071068 0.2588183 0 -0.965926 0.2588183 0 -0.965926 -0.2588183 0 -0.965926 -0.2588183 0 -0.965926 -0.7071066 0 -0.707107 -0.7071066 0 -0.707107 -0.9659258 0 -0.2588189 -0.9659258 0 -0.2588189 -0.9659257 0 0.2588194 -0.9659257 0 0.2588194 -0.7071066 0 0.707107 -0.7071066 0 0.707107 -0.2588199 0 0.9659256 -0.2588199 0 0.9659256 0.2588199 0 0.9659256 0.2588199 0 0.9659256 0.7071068 0 0.7071068 0.7071068 0 0.7071068 0.9659257 0 0.2588194 0.9659257 0 0.2588194 0.9659258 0 -0.2588189 0 -1 0 0 -1 0 0 -1 0 0 -1 0 0 -1 0 0 -1 0 0 -1 0 0 -1 0 0 -1 0 0 -1 0 0 -1 0 0 -1 0 -0.7051614 -0.7051627 -0.07411468 -0.7051614 -0.7051627 0.07411509 -0.7051615 -0.7051627 0.07411485 -0.6530697 -0.6992535 0.2907655 -0.6530697 -0.6992536 0.2907653 -0.4783442 -0.6992537 0.5312544 -0.478344 -0.6992528 0.5312556 -0.2209076 -0.6992527 0.6798864 -0.2209083 -0.6992536 0.6798852 0.07472467 -0.6992534 0.7109577 0.07472437 -0.6992537 0.7109575 0.3574361 -0.699254 0.6190988 0.3574371 -0.6992533 0.619099 0.5783458 -0.699253 0.4201921 0.5783452 -0.6992534 0.4201923 0.6992521 -0.6992534 0.1486308 0.6992521 -0.6992534 0.1486309 0.6992522 -0.6992535 -0.1486306 0.6992522 -0.6992533 -0.1486307 0.5783455 -0.6992534 -0.4201918 0.5783455 -0.699253 -0.4201924 0.3574365 -0.6992532 -0.6190995 0.3574369 -0.6992539 -0.6190985 0.07472467 -0.6992537 -0.7109574 0.07472437 -0.6992535 -0.7109578 -0.2209081 -0.6992536 -0.6798853 -0.2209084 -0.6992534 -0.6798854 -0.478344 -0.6992533 -0.5312551 -0.4783442 -0.6992532 -0.531255 -0.6530698 -0.6992534 -0.2907655 -0.65307 -0.6992532 -0.2907654 -0.7051615 -0.7051625 -0.07411503 0.9659259 0 0.2588188 0.9659259 0 0.2588188 0.7071068 0 0.7071068 0.7071068 0 0.7071068 0.2588188 0 0.9659259 0.2588188 0 0.9659259 -0.2588188 0 0.9659259 -0.2588188 0 0.9659259 -0.7071068 0 0.7071068 -0.7071068 0 0.7071068 -0.9659259 0 0.2588188 -0.9659259 0 0.2588188 -0.9659259 0 -0.2588188 -0.9659259 0 -0.2588188 -0.7071059 0 -0.7071077 -0.7071059 0 -0.7071077 -0.2588205 0 -0.9659255 -0.2588205 0 -0.9659255 0.2588205 0 -0.9659255 0.2588205 0 -0.9659255 0.7071059 0 -0.7071077 0.7071059 0 -0.7071077 0.9659259 0 -0.2588188 0.9659259 0 -0.2588188 0 -1 0 0 -1 0 0 -1 0 0 -1 0 0 -1 0 0 -1 0 0 -1 0 0 -1 0 0 -1 0 0 -1 0 0 -1 0 0 -1 0 0 0.2225211 -0.9749279 0 0.2225211 -0.9749279 0 0.6234897 -0.7818315 0 0.6234897 -0.7818315 0 0.9009689 -0.4338837 0 0.9009689 -0.4338837 0 1 0 0 1 0 0 0.9009689 0.4338837 0 0.9009689 0.4338837 0 0.6234897 0.7818315 0 0.6234897 0.7818315 0 0.2225211 0.9749279 0 0.2225211 0.9749279 0 -0.2225211 0.9749279 0 -0.2225211 0.9749279 0 -0.6234897 0.7818315 0 -0.6234897 0.7818315 0 -0.9009689 0.4338837 0 -0.9009689 0.4338837 0 -1 0 0 -1 0 0 -0.9009689 -0.4338837 0 -0.9009689 -0.4338837 0 -0.6234897 -0.7818315 0 -0.6234897 -0.7818315 0 -0.2225211 -0.9749279 0 -0.2225211 -0.9749279 -1 0 0 -1 0 0 -1 0 0 -1 0 0 -1 0 0 -1 0 0 -1 0 0 -1 0 0 -1 0 0 -1 0 0 -1 0 0 -1 0 0 -1 0 0 -1 0 0 -1 0 0 -1 0 0 -1 0 0 -1 0 0 -1 0 0 -1 0 0 -1 0 0 -1 0 0 -1 0 0 -1 0 0 -1 0 0 -1 0 0 -1 0 0 -1 0 0 -1 0 0 -1 0 0 -1 0 0 -1 0 0 -1 0 0 -1 0 0 -1 0 0 -1 0 0 -1 0 0 -1 0 0 -1 0 0 -1 0 0 -1 0 0 -1 0 0 -1 0 0 -1 0 0 0.03982013 0.9906585 0.1304225 0 -0.9914449 -0.1305261 0 -0.9988314 0.04833036 -0.01258373 -0.9913663 0.1305157 0 -0.9839779 0.1782906 0 -0.9238794 0.3826836 0 -0.9238794 0.3826836 0 -0.7933533 0.6087616 0 -0.7933533 0.6087616 0 -0.6087616 0.7933533 0 -0.6087616 0.7933533 0 -0.3826836 0.9238794 0 -0.3826836 0.9238794 0 -0.1305261 0.9914449 0 -0.1305261 0.9914449 0 0.1305261 0.9914449 0 0.1305261 0.9914449 0 0.3826836 0.9238794 0 0.3826836 0.9238794 0 0.6087616 0.7933533 0 0.6087616 0.7933533 0 0.7933533 0.6087616 0 0.7933533 0.6087616 0 0.9238794 0.3826836 0 0.9238794 0.3826836 0 0.9839779 0.1782906 -0.01258373 0.9913663 0.1305157 0 0.9988314 0.04833036 0 0.9914449 -0.1305261 0 0.9988315 0.04833036 0 0.9914449 -0.1305261 0 0.9914449 -0.1305261 0 0.9839779 0.1782906 0 0.9238795 0.3826836 0 0.9238795 0.3826836 0 0.7933533 0.6087616 0 0.7933533 0.6087616 0 0.6087616 0.7933533 0 0.6087616 0.7933533 0 0.3826836 0.9238795 0 0.3826836 0.9238795 0 0.1305261 0.9914449 0 0.1305261 0.9914449 0 -0.1305261 0.9914449 0 -0.1305261 0.9914449 0 -0.3826836 0.9238795 0 -0.3826836 0.9238795 0 -0.6087616 0.7933533 0 -0.6087616 0.7933533 0 -0.7933533 0.6087616 0 -0.7933533 0.6087616 0 -0.9238795 0.3826836 0 -0.9238795 0.3826836 0 -0.9839779 0.1782906 0.03982013 -0.9906585 0.1304225 0 -0.9988315 0.04833036 0 -0.9914449 -0.1305261 0 0.9914449 -0.1305261 0 0.9238795 -0.3826836 0 0.9238795 -0.3826836 0 0.7933533 -0.6087616 0 0.7933533 -0.6087616 0 0.6087616 -0.7933533 0 0.6087616 -0.7933533 0 0.3826836 -0.9238795 0 0.3826836 -0.9238795 0 0.1305261 -0.9914449 0 0.1305261 -0.9914449 0 -0.1305261 -0.9914449 0 -0.1305261 -0.9914449 0 -0.3826836 -0.9238795 0 -0.3826836 -0.9238795 0 -0.6087616 -0.7933533 0 -0.6087616 -0.7933533 0 -0.7933533 -0.6087616 0 -0.7933533 -0.6087616 0 -0.9238795 -0.3826836 0 -0.9238795 -0.3826836 0 -0.9914449 -0.1305261 0 -0.9914449 -0.1305261 0 0.1564345 -0.9876884 0 0.1564345 -0.9876884 0 0.4539906 -0.8910065 0 0.4539906 -0.8910065 0 0.7071068 -0.7071068 0 0.7071068 -0.7071068 0 0.8910065 -0.4539906 0 0.8910065 -0.4539906 0 0.9876884 -0.1564345 0 0.9876884 -0.1564345 0 0.9876884 0.1564345 0 0.9876884 0.1564345 0 0.8910065 0.4539906 0 0.8910065 0.4539906 0 0.7071068 0.7071068 0 0.7071068 0.7071068 0 0.4539906 0.8910065 0 0.4539906 0.8910065 0 0.1564345 0.9876884 0 0.1564345 0.9876884 0 -0.1564345 0.9876884 0 -0.1564345 0.9876884 0 -0.4539906 0.8910065 0 -0.4539906 0.8910065 0 -0.7071068 0.7071068 0 -0.7071068 0.7071068 0 -0.8910065 0.4539906 0 -0.8910065 0.4539906 0 -0.9876884 0.1564345 0 -0.9876884 0.1564345 0 -0.9876884 -0.1564345 0 -0.9876884 -0.1564345 0 -0.8910065 -0.4539906 0 -0.8910065 -0.4539906 0 -0.7071068 -0.7071068 0 -0.7071068 -0.7071068 0 -0.4539906 -0.8910065 0 -0.4539906 -0.8910065 0 -0.1564345 -0.9876884 0 -0.1564345 -0.9876884 0 0.2225192 0.9749283 0 0.2225192 0.9749283 0 0.6234899 0.7818314 0 0.6234899 0.7818314 0 0.9009689 0.4338837 0 0.9009689 0.4338837 0 1 0 0 1 0 0 0.9009689 -0.4338837 0 0.9009689 -0.4338837 0 0.6234913 -0.7818304 0 0.6234913 -0.7818304 0 0.2225212 -0.9749279 0 0.2225212 -0.9749279 0 -0.2225212 -0.9749279 0 -0.2225212 -0.9749279 0 -0.6234913 -0.7818304 0 -0.6234913 -0.7818304 0 -0.9009689 -0.4338837 0 -0.9009689 -0.4338837 0 -1 0 0 -1 0 0 -0.9009689 0.4338837 0 -0.9009689 0.4338837 0 -0.6234899 0.7818314 0 -0.6234899 0.7818314 0 -0.2225192 0.9749283 0 -0.2225192 0.9749283 0 0.2225212 0.9749279 0 0.2225212 0.9749279 0 0.6234893 0.7818319 0 0.6234893 0.7818319 0 0.9009689 0.4338837 0 0.9009689 0.4338837 0 1 0 0 1 0 0 0.9009689 -0.4338837 0 0.9009689 -0.4338837 0 0.6234899 -0.7818314 0 0.6234899 -0.7818314 0 0.2225212 -0.9749279 0 0.2225212 -0.9749279 0 -0.2225212 -0.9749279 0 -0.2225212 -0.9749279 0 -0.6234899 -0.7818314 0 -0.6234899 -0.7818314 0 -0.9009689 -0.4338837 0 -0.9009689 -0.4338837 0 -1 0 0 -1 0 0 -0.9009689 0.4338837 0 -0.9009689 0.4338837 0 -0.6234893 0.7818319 0 -0.6234893 0.7818319 0 -0.2225212 0.9749279 0 -0.2225212 0.9749279 0 -0.9988315 0.04833036 0 -0.9988315 0.04833036 0 -0.9988314 0.04833054 0 -0.9988314 0.04833054 0 0.9898215 0.1423143 0 0.9898215 0.1423143 0 0.9096317 0.4154159 0 0.9096317 0.4154159 0 0.75575 0.6548603 0 0.75575 0.6548603 0 0.5406414 0.8412531 0 0.5406414 0.8412531 0 0.2817309 0.9594934 0 0.2817309 0.9594934 0 0 1 0 0 1 0 -0.2817309 0.9594934 0 -0.2817309 0.9594934 0 -0.5406414 0.8412531 0 -0.5406414 0.8412531 0 -0.75575 0.6548603 0 -0.75575 0.6548603 0 -0.9096317 0.4154159 0 -0.9096317 0.4154159 0 -0.9898215 0.1423143 0 -0.9898215 0.1423143 0 0.9988314 0.04833054 0 0.9988314 0.04833054 0 0.9988315 0.04833036 0 0.9988315 0.04833036 -1 0 0 -1 0 0 -1 0 0 -1 0 0 -1 0 0 -1 0 0 -1 0 0 -1 0 0 -1 0 0 -1 0 0 -1 0 0 -1 0 0 -1 0 0 -1 0 0 -1 0 0 -1 0 0 -1 0 0 -1 0 0 -1 0 0 -1 0 0 -1 0 0 -1 0 0 -1 0 0 -1 0 0 -1 0 0 -1 0 0 -1 0 0 -1 0 0 -1 0 0 -1 0 0 -1 0 0 -1 0 0 -1 0 0 -1 0 0 -1 0 0 -1 0 0 -1 0 0 -1 0 0 -1 0 0 -1 0 0 -1 0 0 -1 0 0 -1 0 0 -1 0 0 -1 0 0 -1 0 0 -1 0 0 -1 0 0 -1 0 0 -1 0 0 -1 0 0 -1 0 0 -1 0 0 -1 0 0 -1 0 0 1 0 0 1 0 0 1 0 0 1 0 0 1 0 0 1 0 0 1 0 0 1 0 0 1 0 0 1 0 0 1 0 0 1 0 0 1 0 0 1 0 0 1 0 0 1 0 0 1 0 0 1 0 0 1 0 0 1 0 0 1 0 0 1 0 0 1 0 0 1 0 0 1 0 0 1 0 0 1 0 0 1 0 0 1 0 0 1 0 0 1 0 0 1 0 0 1 0 0 1 0 0 1 0 0 1 0 0 1 0 0 1 0 0 1 0 0 1 0 0 1 0 0 1 0 0 1 0 0 1 0 0 1 0 0 1 0 0 1 0 0 1 0 0 1 0 0 1 0 0 1 0 0 1 0 0 1 0 0 1 0 0 1 0 0 1 0 0 1 0 0 1 0 0 1 0 0 1 0 0 1 0 0 1 0 0 1 0 0 1 0 0 1 0 0 1 0 0 1 0 0 1 0 0 1 0 0 1 0 0 1 0 0 1 0 0 1 0 0 1 0 0 1 0 0 1 0 0 1 0 0 1 0 0 1 0 0 1 0 0 1 0 0 1 0 0 1 0 0 1 0 0 1 0 0 1 0 0 1 0 0 1 0 0 1 0 0 1 0 0 1 0 0 1 0 0 1 0 0 1 0 0 1 0 0 1 0 0 1 0 0 1 0 0 0 0.1645946 -0.9863613 0 0.1645946 -0.9863613 0 0.4759473 -0.8794738 0 0.4759473 -0.8794738 0 0.7357239 -0.6772816 0 0.7357239 -0.6772816 0 0.9157733 -0.4016954 0 0.9157733 -0.4016954 0 0.9965845 -0.08257937 0 0.9965845 -0.08257937 0 0.9694003 0.2454854 0 0.9694003 0.2454854 0 0.8371665 0.5469481 0 0.8371665 0.5469481 0 0.6142128 0.7891405 0 0.6142128 0.7891405 0 0.3246994 0.9458172 0 0.3246994 0.9458172 0 0 1 0 0 1 0 -0.3246994 0.9458172 0 -0.3246994 0.9458172 0 -0.6142128 0.7891405 0 -0.6142128 0.7891405 0 -0.8371665 0.5469481 0 -0.8371665 0.5469481 0 -0.9694003 0.2454854 0 -0.9694003 0.2454854 0 -0.9965845 -0.08257937 0 -0.9965845 -0.08257937 0 -0.9157733 -0.4016954 0 -0.9157733 -0.4016954 0 -0.7357239 -0.6772816 0 -0.7357239 -0.6772816 0 -0.4759473 -0.8794738 0 -0.4759473 -0.8794738 0 -0.1645946 -0.9863613 0 -0.1645946 -0.9863613 1 0 0 1 0 0 1 0 0 1 0 0 1 0 0 1 0 0 1 0 0 1 0 0 1 0 0 1 0 0 1 0 0 1 0 0 1 0 0 1 0 0 1 0 0 1 0 0 1 0 0 1 0 0 1 0 0 1 0 0 1 0 0 1 0 0 1 0 0 1 0 0 1 0 0 1 0 0 1 0 0 1 0 0 1 0 0 1 0 0 1 0 0 1 0 0 1 0 0 -1 0 0 -1 0 0 -1 0 0 -1 0 0 -1 0 0 -1 0 0 -1 0 0 -1 0 0 -1 0 0 -1 0 0 -1 0 0 -1 0 0 -1 0 0 -1 0 0 -1 0 0 -1 0 0 -1 0 0 -1 0 0 -1 0 0 -1 0 0 -1 0 0 -1 0 0 -1 0 0 -1 0 0 -1 0 0 -1 0 0 -1 0 0 -1 0 0 -1 0 0 -1 0 0 -1 0 0 -1 0 0 -1 0 0 -1 0 0 0 -1 0 0 -1 0 0 -1 0 0 -1 0 0 -1 0 0 -1 0 0 -1 0 0 -1 0 0 -1 0 0 -1 0 0 -1 0 0 -1 0 0 -1 0 0 -1 0 0 -1 0 0 -1 0 0 -1 0 0 -1 0 0 -1 0 0 -1 0 -1 0 0 -1 0 0 1 0 0 1 0 0 1 0 0 1 0 0 1 0 0 1 0 0 1 0 0 1 0 0 1 0 0 1 0 0 -1 0 0 -1 0 0 -1 0 0 -1 0 0 -1 0 0 -1 0 0 -1 0 0 -1 0 0 0 0 1 0 0 1 0 0 1 0 0 -1 0 0 -1 0 0 -1 0 1 0 0 1 0 0 -1 0 0 -1 0 0 -1 0 0 -1 0 0 -1 0 0 -1 0 0 -1 0 0 -1 0 0 -1 0 0 -1 0 0 -1 0 0 -1 0 0 -1 0 0 -1 0 0 -1 0 0 -1 0 0 -1 0 0 -1 0 0 -1 0 0 -1 0 0 -1 0 0 -1 0 0 -1 0 0 -1 0 0 -1 0 0 -1 0 0 -1 0 0 -1 0 0 -1 0 0 -1 0 0 0 -1 0 0 -1 0 1 0 0 1 0 0 1 0 0 1 0 0 1 0 0 1 0 0 1 0 0 1 0 0 1 0 0 1 0 0 1 0 0 1 0 0 1 0 0 1 0 0 1 0 0 1 0 0 0 1 0 0 1 1 0 0 1 0 0 0 -1 0 0 -1 0 0 -1 0 0 -1 0 0 -1 0 0 -1 0 0 -1 0 0 -1 0 0 -1 0 0 -1 0 0 -1 0 0 -1 0 0 -1 0 0 -1 0 0 -1 0 0 -1 0 0 0 1 0 0 1 0 1 0 0 1 0 0 1 0 0 1 0 0 1 0 0 1 0 0 1 0 0 1 0 0 1 0 0 1 0 0 1 0 0 1 0 0 1 0 0 1 0 0 1 0 0 1 0 0 0 -1 0 0 -1 -1 0 0 -1 0 0 -0.8195542 0 -0.5730017 -0.8195542 0 -0.5730017 -0.4518172 0 -0.8921106 -0.4518172 0 -0.8921106 0.02302986 0 -0.9997348 0.02302986 0 -0.9997348 0.4924179 0 -0.8703588 0.4924179 0 -0.8703588 0.8450699 0 -0.5346559 0.8450699 0 -0.5346559 0.99739 0 -0.07220286 0.99739 0 -0.07220286 0.9132655 0 0.407365 0.9132655 0 0.407365 0.6126397 0 0.7903624 0.6126397 0 0.7903624 0.166781 0 0.9859939 0.166781 0 0.9859939 -0.3186162 0 0.9478837 -0.3186162 0 0.9478837 -0.7284799 0 0.6850672 -0.7284799 0 0.6850672 0 0 -1 0 0 -1 0 0 1 0 0 1 0 0 1 0 0 1 0 0 -1 0 0 -1 0.7284805 0 0.6850665 0.7284805 0 0.6850665 0.3186158 0 0.9478839 0.3186158 0 0.9478839 -0.166781 0 0.9859939 -0.166781 0 0.9859939 -0.6126402 0 0.790362 -0.6126402 0 0.790362 -0.9132655 0 0.407365 -0.9132655 0 0.407365 -0.99739 0 -0.07220286 -0.99739 0 -0.07220286 -0.8450704 0 -0.534655 -0.8450704 0 -0.534655 -0.4924174 0 -0.8703591 -0.4924174 0 -0.8703591 -0.02302986 0 -0.9997348 -0.02302986 0 -0.9997348 0.4518166 0 -0.8921108 0.4518166 0 -0.8921108 0.8195547 0 -0.5730009 0.8195547 0 -0.5730009 -0.008697569 0 -0.9999622 -0.008697569 0 -0.9999622 0.3766487 0 -0.9263562 0.3766487 0 -0.9263562 0.7040249 0 -0.7101753 0.7040249 0 -0.7101753 0.9230453 0 -0.3846911 0.9230453 0 -0.3846911 1 0 0 1 0 0 0.9230453 0 0.3846911 0.9230453 0 0.3846911 0.7040249 0 0.7101753 0.7040249 0 0.7101753 0.3766487 0 0.9263562 0.3766487 0 0.9263562 -0.008697569 0 0.9999622 -0.008697569 0 0.9999622 0.8526874 0 0.5224216 0.8526874 0 0.5224216 0.6903101 0 0.7235136 0.6903101 0 0.7235136 0.4818168 0 0.876272 0.4818168 0 0.876272 0.2411363 0 0.9704912 0.2411363 0 0.9704912 0.05694013 0 0.9983777 -0.0156517 -0.01239383 0.9998007 -0.07256048 0 0.9973641 -0.2713972 0 0.9624674 -0.2713972 0 0.9624674 -0.5090102 0 0.8607605 -0.5090102 0 0.8607605 -0.7126196 0 0.7015507 -0.7126196 0 0.7015507 -0.8686226 0 0.4954744 -0.8686226 0 0.4954744 -0.9665978 0 0.256298 -0.9665978 0 0.256298 -1 0 0 -1 0 0 -0.9665978 0 -0.256298 -0.9665978 0 -0.256298 -0.8686226 0 -0.4954744 -0.8686226 0 -0.4954744 -0.7126196 0 -0.7015507 -0.7126196 0 -0.7015507 -0.5090102 0 -0.8607605 -0.5090102 0 -0.8607605 -0.2713972 0 -0.9624674 -0.2713972 0 -0.9624674 -0.07256048 0 -0.9973641 -0.0156517 -0.01239383 -0.9998007 0.05694013 0 -0.9983777 0.2411363 0 -0.9704912 0.2411363 0 -0.9704912 0.4818168 0 -0.876272 0.4818168 0 -0.876272 0.6903101 0 -0.7235136 0.6903101 0 -0.7235136 0.8526874 0 -0.5224216 0.8526874 0 -0.5224216 0 -1 0 0 -1 0 0 -1 0 0 -1 0 0 -1 0 0 -1 0 0 -1 0 0 -1 0 0 -1 0 0 -1 0 0 -1 0 0 -1 0 0 -1 0 0 -1 0 0 -1 0 0 -1 0 0 -1 0 0 -1 0 0 -1 0 0 -1 0 0 -1 0 0 -1 0 0 -1 0 0 -1 0 0 -1 0 0 -1 0 0 -1 0 0 -1 0 0 -1 0 0 -1 0 0 -1 0 0 -1 0 0 -1 0 0 -1 0 0 -1 0 0 -1 0 0 -1 0 0 -1 0 0 -1 0 0 -1 0 0 -1 0 0 -1 0 0 -1 0 0 -1 0 0 -1 0 0 -1 0 0 -1 0 0 -1 0 0 -1 0 0 -1 0 0 -1 0 0 -1 0 0 -1 0 0 -1 0 0 -1 0 0 -1 0 0 -1 0 0 -1 0 0 -1 0 0 -1 0 0 -1 0 0 -1 0 0 -1 0 0 -1 0 0 -1 0 0 -1 0 0 -1 0 0 -1 0 0 -1 0 0 -1 0 0 -1 0 0 -1 0 0 -1 0 0 -1 0 0 -1 0 0 -1 0 0 -1 0 0 -1 0 0 -1 0 0 -1 0 0 -1 0 0 -1 0 0 -1 0 0 -1 0 0 -1 0 0 -1 0 0 -1 0 0 -1 0 0.9945219 0 0.1045284 0.9945219 0 -0.1045284 0.9945219 0 -0.1045284 0.9135454 0 -0.4067369 0.9135454 0 -0.4067369 0.6691305 0 -0.7431449 0.6691305 0 -0.7431449 0.3090171 0 -0.9510565 0.3090171 0 -0.9510565 -0.1045284 0 -0.9945219 -0.1045284 0 -0.9945219 -0.5 0 -0.8660255 -0.5 0 -0.8660255 -0.8090171 0 -0.5877851 -0.8090171 0 -0.5877851 -0.9781476 0 -0.2079119 -0.9781476 0 -0.2079119 -0.9781476 0 0.2079119 -0.9781476 0 0.2079119 -0.8090171 0 0.5877851 -0.8090171 0 0.5877851 -0.5 0 0.8660255 -0.5 0 0.8660255 -0.1045284 0 0.9945219 -0.1045284 0 0.9945219 0.3090171 0 0.9510565 0.3090171 0 0.9510565 0.6691305 0 0.7431449 0.6691305 0 0.7431449 0.9135454 0 0.4067369 0.9135454 0 0.4067369 0.9945219 0 0.1045284 -0.9659258 0 0.2588191 -0.7071065 0 0.7071071 -0.7071065 0 0.7071071 -0.2588191 0 0.9659259 -0.2588191 0 0.9659259 0.2588191 0 0.9659259 0.2588191 0 0.9659259 0.7071069 0 0.7071067 0.7071069 0 0.7071067 0.9659258 0 0.2588191 0.9659258 0 0.2588191 0.9659258 0 -0.2588191 0.9659258 0 -0.2588191 0.7071069 0 -0.7071067 0.7071069 0 -0.7071067 0.2588191 0 -0.9659259 0.2588191 0 -0.9659259 -0.2588191 0 -0.9659259 -0.2588191 0 -0.9659259 -0.7071065 0 -0.7071071 -0.7071065 0 -0.7071071 -0.9659258 0 -0.2588191 -0.9659258 0 -0.2588191 -0.9659258 0 0.2588191 0 -1 0 0 -1 0 0 -1 0 0 -1 0 0 -1 0 0 -1 0 0 -1 0 0 -1 0 0 -1 0 0 -1 0 0 -1 0 0 -1 0 0.7051613 -0.7051628 0.07411521 0.7051613 -0.7051628 -0.07411539 0.7051613 -0.7051627 -0.07411521 0.6530697 -0.6992534 -0.2907655 0.6530697 -0.6992534 -0.2907655 0.4783442 -0.6992534 -0.5312547 0.4783441 -0.6992532 -0.5312551 0.2209082 -0.6992533 -0.6798857 0.2209082 -0.6992533 -0.6798855 -0.07472467 -0.6992532 -0.7109578 -0.07472461 -0.6992534 -0.7109578 -0.3574368 -0.6992535 -0.619099 -0.357437 -0.6992533 -0.619099 -0.5783454 -0.6992532 -0.4201922 -0.5783452 -0.6992533 -0.4201923 -0.6992522 -0.6992533 -0.1486307 -0.6992521 -0.6992533 -0.1486307 -0.6992522 -0.6992533 0.1486307 -0.6992522 -0.6992533 0.1486308 -0.5783453 -0.6992533 0.4201921 -0.5783453 -0.6992532 0.4201923 -0.3574368 -0.6992533 0.6190991 -0.357437 -0.6992534 0.6190989 -0.07472467 -0.6992533 0.7109578 -0.07472461 -0.6992533 0.7109579 0.2209081 -0.6992533 0.6798855 0.2209083 -0.6992533 0.6798856 0.4783444 -0.699253 0.5312549 0.4783439 -0.6992534 0.5312549 0.6530697 -0.6992534 0.2907655 0.6530697 -0.6992534 0.2907655 0.7051614 -0.7051627 0.07411533 -0.9659259 0 -0.2588188 -0.9659259 0 -0.2588188 -0.7071066 0 -0.707107 -0.7071066 0 -0.707107 -0.2588191 0 -0.9659258 -0.2588191 0 -0.9659258 0.2588191 0 -0.9659258 0.2588191 0 -0.9659258 0.707107 0 -0.7071065 0.707107 0 -0.7071065 0.9659258 0 -0.2588189 0.9659258 0 -0.2588189 0.9659258 0 0.2588189 0.9659258 0 0.2588189 0.707107 0 0.7071065 0.707107 0 0.7071065 0.2588191 0 0.9659258 0.2588191 0 0.9659258 -0.2588191 0 0.9659258 -0.2588191 0 0.9659258 -0.7071066 0 0.707107 -0.7071066 0 0.707107 -0.9659259 0 0.2588188 -0.9659259 0 0.2588188 0 -1 0 0 -1 0 0 -1 0 0 -1 0 0 -1 0 0 -1 0 0 -1 0 0 -1 0 0 -1 0 0 -1 0 0 -1 0 0 -1 0</float_array>
          <technique_common>
            <accessor source="#rf1-mesh-normals-array" count="3044" stride="3">
              <param name="X" type="float"/>
              <param name="Y" type="float"/>
              <param name="Z" type="float"/>
            </accessor>
          </technique_common>
        </source>
        <source id="rf1-mesh-map-0">
          <float_array id="rf1-mesh-map-0-array" count="18264">0.9069616 0.9615941 0.9069613 0.9608829 0.9085577 0.9608836 0.9085577 0.9608836 0.9069613 0.9608829 0.9069613 0.9604816 0.9085577 0.9608836 0.9069613 0.9604816 0.9085581 0.9600813 0.9085581 0.9600813 0.9069613 0.9604816 0.9069616 0.9600806 0.9085581 0.9600813 0.9069616 0.9600806 0.9085592 0.9593718 0.9085592 0.9593718 0.9069616 0.9600806 0.9069628 0.959371 0.9240332 0.8735172 0.9251429 0.8734204 0.9237652 0.8742032 0.9237652 0.8742032 0.9251429 0.8734204 0.9248749 0.8741063 0.9237652 0.8742032 0.9248749 0.8741063 0.9237652 0.8750026 0.9237652 0.8750026 0.9248749 0.8741063 0.9248749 0.8749058 0.9237652 0.8750026 0.9248749 0.8749058 0.9240332 0.8757324 0.9240332 0.8757324 0.9248749 0.8749058 0.9251429 0.8756355 0.8427886 0.9619118 0.8411921 0.9619118 0.8427892 0.9613178 0.8427892 0.9613178 0.8411921 0.9619118 0.8411928 0.9613179 0.8427892 0.9613178 0.8411928 0.9613179 0.8427895 0.9605413 0.8427895 0.9605413 0.8411928 0.9613179 0.841193 0.9605413 0.8427895 0.9605413 0.841193 0.9605413 0.8427892 0.95976 0.8427892 0.95976 0.841193 0.9605413 0.8411928 0.95976 0.8427892 0.95976 0.8411928 0.95976 0.8427886 0.9591529 0.8427886 0.9591529 0.8411928 0.95976 0.8411921 0.9591529 0.9257904 0.9360462 0.9247283 0.9360462 0.9259254 0.9352645 0.9259254 0.9352645 0.9247283 0.9360462 0.9248633 0.9352645 0.9259254 0.9352645 0.9248633 0.9352645 0.9257737 0.9344883 0.9257737 0.9344883 0.9248633 0.9352645 0.9247117 0.9344883 0.9085592 0.9620522 0.9069628 0.9620514 0.9085581 0.9615949 0.9085581 0.9615949 0.9069628 0.9620514 0.9069616 0.9615941 0.9085581 0.9615949 0.9069616 0.9615941 0.9085577 0.9608836 0.9063068 0.9624786 0.9063068 0.9600777 0.9069613 0.9624168 0.9069613 0.9624168 0.9063068 0.9600777 0.9069613 0.9600158 0.9114916 0.9593631 0.9114916 0.9561704 0.9119597 0.9593689 0.9119597 0.9593689 0.9114916 0.9561704 0.9119597 0.9561762 0.9119597 0.9593689 0.9119597 0.9561762 0.9125984 0.959371 0.9125984 0.959371 0.9119597 0.9561762 0.9125984 0.9561783 0.9125984 0.959371 0.9125984 0.9561783 0.9132368 0.9593688 0.9132368 0.9593688 0.9125984 0.9561783 0.9132368 0.9561762 0.8533422 0.9563558 0.8533422 0.9595487 0.852875 0.9563558 0.852875 0.9563558 0.8533422 0.9595487 0.852875 0.9595487 0.852875 0.9563558 0.852875 0.9595487 0.8522365 0.9563558 0.8522365 0.9563558 0.852875 0.9595487 0.8522365 0.9595487 0.8522365 0.9563558 0.8522365 0.9595487 0.8515979 0.9563558 0.8515979 0.9563558 0.8522365 0.9595487 0.8515979 0.9595487 0.9130432 0.8951702 0.9130432 0.8983631 0.9125748 0.8951691 0.9125748 0.8951691 0.9130432 0.8983631 0.9125748 0.8983621 0.9125748 0.8951691 0.9125748 0.8983621 0.9119359 0.8951688 0.9119359 0.8951688 0.9125748 0.8983621 0.9119359 0.8983617 0.9119359 0.8951688 0.9119359 0.8983617 0.9112976 0.8951691 0.9112976 0.8951691 0.9119359 0.8983617 0.9112976 0.8983621 0.9112976 0.8951691 0.9112976 0.8983621 0.9108311 0.8951702 0.9108311 0.8951702 0.9112976 0.8983621 0.9108311 0.8983631 0.9056932 0.9623164 0.9056932 0.9599155 0.9063068 0.9624786 0.9063068 0.9624786 0.9056932 0.9599155 0.9063068 0.9600777 0.8509434 0.9629147 0.8509434 0.9605137 0.8515979 0.9628528 0.8515979 0.9628528 0.8509434 0.9605137 0.8515979 0.9604519 0.9069612 0.9593631 0.9069612 0.9561704 0.9074293 0.9593689 0.9074293 0.9593689 0.9069612 0.9561704 0.9074293 0.9561762 0.9074293 0.9593689 0.9074293 0.9561762 0.9080681 0.959371 0.9080681 0.959371 0.9074293 0.9561762 0.9080681 0.9561783 0.9080681 0.959371 0.9080681 0.9561783 0.9087064 0.9593689 0.9087064 0.9593689 0.9080681 0.9561783 0.9087064 0.9561762 0.8503381 0.9563558 0.8503381 0.9595487 0.8498709 0.9563558 0.8498709 0.9563558 0.8503381 0.9595487 0.8498709 0.9595487 0.8498709 0.9563558 0.8498709 0.9595487 0.8492325 0.9563558 0.8492325 0.9563558 0.8498709 0.9595487 0.8492325 0.9595487 0.8492325 0.9563558 0.8492325 0.9595487 0.8485938 0.9563558 0.8485938 0.9563558 0.8492325 0.9595487 0.8485938 0.9595487 0.9152553 0.8951702 0.9152553 0.8983631 0.9147869 0.8951691 0.9147869 0.8951691 0.9152553 0.8983631 0.9147869 0.8983621 0.9147869 0.8951691 0.9147869 0.8983621 0.914148 0.8951688 0.914148 0.8951688 0.9147869 0.8983621 0.914148 0.8983617 0.914148 0.8951688 0.914148 0.8983617 0.9135097 0.8951691 0.9135097 0.8951691 0.914148 0.8983617 0.9135097 0.8983621 0.9135097 0.8951691 0.9135097 0.8983621 0.9130432 0.8951702 0.9130432 0.8951702 0.9135097 0.8983621 0.9130432 0.8983631 0.8503298 0.9627525 0.8503298 0.9603515 0.8509434 0.9629147 0.8509434 0.9629147 0.8503298 0.9603515 0.8509434 0.9605137 0.8937219 0.9630709 0.8937219 0.9606699 0.8943763 0.9630091 0.8943763 0.9630091 0.8937219 0.9606699 0.8943763 0.9606081 0.9097464 0.9593631 0.9097464 0.9561704 0.9102144 0.9593689 0.9102144 0.9593689 0.9097464 0.9561704 0.9102144 0.9561762 0.9102144 0.9593689 0.9102144 0.9561762 0.9108532 0.959371 0.9108532 0.959371 0.9102144 0.9561762 0.9108532 0.9561783 0.9108532 0.959371 0.9108532 0.9561783 0.9114916 0.9593688 0.9114916 0.9593688 0.9108532 0.9561783 0.9114916 0.9561762 0.8771701 0.959653 0.8771701 0.9564601 0.8776373 0.959653 0.8776373 0.959653 0.8771701 0.9564601 0.8776373 0.9564601 0.8776373 0.959653 0.8776373 0.9564601 0.8782758 0.959653 0.8782758 0.959653 0.8776373 0.9564601 0.8782758 0.9564601 0.8782758 0.959653 0.8782758 0.9564601 0.8789145 0.959653 0.8789145 0.959653 0.8782758 0.9564601 0.8789145 0.9564601 0.9144622 0.92443 0.9144622 0.9276229 0.9139937 0.9244289 0.9139937 0.9244289 0.9144622 0.9276229 0.9139937 0.9276219 0.9139937 0.9244289 0.9139937 0.9276219 0.9133548 0.9244286 0.9133548 0.9244286 0.9139937 0.9276219 0.9133548 0.9276214 0.9133548 0.9244286 0.9133548 0.9276214 0.9127166 0.9244289 0.9127166 0.9244289 0.9133548 0.9276214 0.9127166 0.9276219 0.9127166 0.9244289 0.9127166 0.9276219 0.9122501 0.92443 0.9122501 0.92443 0.9127166 0.9276219 0.9122501 0.9276229 0.8931083 0.9629087 0.8931083 0.9605078 0.8937219 0.9630709 0.8937219 0.9630709 0.8931083 0.9605078 0.8937219 0.9606699 0.8919229 0.9630709 0.8919229 0.9606699 0.8925774 0.9630091 0.8925774 0.9630091 0.8919229 0.9606699 0.8925774 0.9606081 0.889231 0.9593816 0.889231 0.956189 0.8896991 0.9593874 0.8896991 0.9593874 0.889231 0.956189 0.8896991 0.9561948 0.8896991 0.9593874 0.8896991 0.9561948 0.8903379 0.9593895 0.8903379 0.9593895 0.8896991 0.9561948 0.8903379 0.9561969 0.8903379 0.9593895 0.8903379 0.9561969 0.8909763 0.9593874 0.8909763 0.9593874 0.8903379 0.9561969 0.8909763 0.9561947 0.8771701 0.9564601 0.8771701 0.959653 0.876703 0.9564601 0.876703 0.9564601 0.8771701 0.959653 0.876703 0.959653 0.876703 0.9564601 0.876703 0.959653 0.8760645 0.9564601 0.8760645 0.9564601 0.876703 0.959653 0.8760645 0.959653 0.8760645 0.9564601 0.8760645 0.959653 0.8754258 0.9564601 0.8754258 0.9564601 0.8760645 0.959653 0.8754258 0.959653 0.9133537 0.8734135 0.9133537 0.8766064 0.9128853 0.8734125 0.9128853 0.8734125 0.9133537 0.8766064 0.9128853 0.8766053 0.9128853 0.8734125 0.9128853 0.8766053 0.9122464 0.8734121 0.9122464 0.8734121 0.9128853 0.8766053 0.9122464 0.876605 0.9122464 0.8734121 0.9122464 0.876605 0.9116082 0.8734125 0.9116082 0.8734125 0.9122464 0.876605 0.9116082 0.8766053 0.9116082 0.8734125 0.9116082 0.8766053 0.9111416 0.8734136 0.9111416 0.8734136 0.9116082 0.8766053 0.9111416 0.8766064 0.8913093 0.9629087 0.8913093 0.9605078 0.8919229 0.9630709 0.8919229 0.9630709 0.8913093 0.9605078 0.8919229 0.9606699 0.87173 0.9616613 0.8717302 0.9611827 0.8725503 0.9613218 0.8717309 0.9608329 0.8725508 0.9609451 0.8717302 0.9611827 0.8717302 0.9611827 0.8725508 0.9609451 0.8725504 0.9611827 0.8717302 0.9611827 0.8725504 0.9611827 0.8725503 0.9613218 0.8470649 0.959703 0.8465114 0.9599294 0.8467928 0.9592983 0.8467928 0.9592983 0.8465114 0.9599294 0.8463867 0.9597015 0.8717309 0.9608329 0.8725511 0.9608329 0.8725508 0.9609451 0.8474674 0.9599783 0.8468343 0.9602549 0.8470649 0.959703 0.8470649 0.959703 0.8468343 0.9602549 0.8466587 0.9601062 0.8470649 0.959703 0.8466587 0.9601062 0.8465114 0.9599294 0.8700557 0.9623067 0.8708755 0.9625424 0.8700552 0.962653 0.8700552 0.962653 0.8708755 0.9625424 0.8708754 0.962653 0.8474674 0.9599783 0.8470613 0.9603815 0.8468343 0.9602549 0.8700558 0.9618294 0.8708758 0.9621683 0.8700557 0.9623067 0.8700557 0.9623067 0.8708758 0.9621683 0.8708758 0.9623067 0.8700557 0.9623067 0.8708758 0.9623067 0.8708755 0.9625424 0.8700557 0.961349 0.870876 0.9617139 0.8700558 0.9618294 0.8700558 0.9618294 0.870876 0.9617139 0.870876 0.9618294 0.8700558 0.9618294 0.870876 0.9618294 0.8708758 0.9621683 0.8700552 0.960994 0.8708757 0.9612832 0.8700557 0.961349 0.8700557 0.961349 0.8708757 0.9612832 0.8708758 0.9613489 0.8700557 0.961349 0.8708758 0.9613489 0.870876 0.9617139 0.8451317 0.8790382 0.8446469 0.8795199 0.8446434 0.8789628 0.8446434 0.8789628 0.8446469 0.8795199 0.8446116 0.8795076 0.8700552 0.960994 0.8708754 0.960994 0.8708757 0.9612832 0.8455966 0.878922 0.8455328 0.879482 0.8451317 0.8790382 0.8451317 0.8790382 0.8455328 0.879482 0.8450999 0.8795829 0.8451317 0.8790382 0.8450999 0.8795829 0.8446469 0.8795199 0.8717302 0.9621406 0.8725505 0.9622058 0.8717309 0.9624919 0.8717309 0.9624919 0.8725505 0.9622058 0.8725511 0.9624919 0.8455966 0.878922 0.8455647 0.8794667 0.8455328 0.879482 0.8725503 0.9613218 0.8725501 0.9616613 0.87173 0.9616613 0.87173 0.9616613 0.8725501 0.9616613 0.8725501 0.9617768 0.87173 0.9616613 0.8725501 0.9617768 0.8717302 0.9621406 0.8717302 0.9621406 0.8725501 0.9617768 0.8725504 0.9621406 0.8717302 0.9621406 0.8725504 0.9621406 0.8725505 0.9622058 0.8956772 0.8990942 0.9052552 0.8990944 0.8956772 0.9238392 0.8956772 0.9238392 0.9052552 0.8990944 0.9052552 0.9020478 0.9052552 0.9238393 0.8956772 0.9238392 0.9052552 0.9208859 0.9052552 0.9208859 0.8956772 0.9238392 0.9052552 0.9020478 0.9052552 0.9208859 0.9052552 0.9020478 0.9116405 0.920886 0.9116405 0.920886 0.9052552 0.9020478 0.9116405 0.9020479 0.8510456 0.8823117 0.8500595 0.882354 0.8458558 0.8803009 0.8451343 0.8804691 0.8409685 0.8839418 0.8443794 0.8803642 0.8443794 0.8803642 0.8409685 0.8839418 0.843764 0.8800104 0.8458558 0.8803009 0.8500595 0.882354 0.8451343 0.8804691 0.8451343 0.8804691 0.8500595 0.882354 0.8502054 0.8835456 0.8451343 0.8804691 0.8502054 0.8835456 0.8409685 0.8839418 0.8458558 0.8803009 0.8553432 0.8789778 0.8510456 0.8823117 0.8510456 0.8823117 0.8553432 0.8789778 0.8556782 0.8794994 0.8510456 0.8823117 0.8556782 0.8794994 0.8511915 0.8835033 0.8511915 0.8835033 0.8556782 0.8794994 0.8562936 0.8798533 0.8511915 0.8835033 0.8562936 0.8798533 0.8604284 0.8831071 0.8604284 0.8831071 0.8562936 0.8798533 0.8570485 0.879958 0.8604284 0.8831071 0.8570485 0.879958 0.8577701 0.87979 0.8577701 0.87979 0.8582929 0.8793873 0.8604284 0.8831071 0.8604284 0.8831071 0.8582929 0.8793873 0.8584972 0.8788425 0.8604284 0.8831071 0.8584972 0.8788425 0.859407 0.8747661 0.859407 0.8747661 0.8584972 0.8788425 0.8583362 0.8782803 0.859407 0.8747661 0.8583362 0.8782803 0.8578469 0.8778294 0.8458558 0.8803009 0.8463787 0.8798983 0.8553432 0.8789778 0.8553432 0.8789778 0.8463787 0.8798983 0.846583 0.8793535 0.8553432 0.8789778 0.846583 0.8793535 0.8553656 0.8784077 0.8553656 0.8784077 0.846583 0.8793535 0.846422 0.8787912 0.8553656 0.8784077 0.846422 0.8787912 0.8459326 0.8783404 0.8444666 0.8781369 0.8399471 0.8756008 0.8452269 0.8781042 0.8452269 0.8781042 0.8399471 0.8756008 0.859407 0.8747661 0.8452269 0.8781042 0.859407 0.8747661 0.8459326 0.8783404 0.8578469 0.8778294 0.8571411 0.8775933 0.859407 0.8747661 0.859407 0.8747661 0.8571411 0.8775933 0.8563808 0.8776258 0.859407 0.8747661 0.8563808 0.8776258 0.8459326 0.8783404 0.8459326 0.8783404 0.8563808 0.8776258 0.85574 0.8779197 0.8459326 0.8783404 0.85574 0.8779197 0.8553656 0.8784077 0.8444666 0.8781369 0.8438258 0.8784308 0.8399471 0.8756008 0.8399471 0.8756008 0.8438258 0.8784308 0.8434514 0.8789187 0.8399471 0.8756008 0.8434514 0.8789187 0.8409685 0.8839418 0.8409685 0.8839418 0.8434514 0.8789187 0.843429 0.8794888 0.8409685 0.8839418 0.843429 0.8794888 0.843764 0.8800104 0.8425675 0.9076513 0.8521461 0.9076513 0.8425675 0.9106047 0.8425675 0.9106047 0.8521461 0.9076513 0.8425675 0.9294428 0.8425675 0.9106047 0.8425675 0.9294428 0.8361817 0.9106047 0.8361817 0.9106047 0.8425675 0.9294428 0.8361817 0.9294428 0.8448542 0.9323962 0.8425675 0.9323962 0.8448818 0.9323495 0.8448818 0.9323495 0.8425675 0.9323962 0.8425675 0.9294428 0.8448818 0.9323495 0.8425675 0.9294428 0.8450608 0.9321537 0.8450608 0.9321537 0.8425675 0.9294428 0.8453346 0.9320017 0.8521461 0.9303209 0.8520246 0.9309318 0.8516785 0.9314497 0.8453346 0.9320017 0.8425675 0.9294428 0.8455089 0.931951 0.8455089 0.931951 0.8425675 0.9294428 0.8521461 0.9076513 0.8455089 0.931951 0.8521461 0.9076513 0.8458437 0.9319173 0.8458437 0.9319173 0.8521461 0.9076513 0.8521461 0.9303209 0.8458437 0.9319173 0.8521461 0.9303209 0.8505497 0.9319173 0.8505497 0.9319173 0.8521461 0.9303209 0.8516785 0.9314497 0.8505497 0.9319173 0.8516785 0.9314497 0.8511606 0.9317958 0.9063352 0.8754121 0.9059531 0.8753657 0.906381 0.8745739 0.9015629 0.8842426 0.9015629 0.8832516 0.9059531 0.8785586 0.9073327 0.8898878 0.9076172 0.8891376 0.9111416 0.8935254 0.9111416 0.8935254 0.9076172 0.8891376 0.9111416 0.8766795 0.9015629 0.8842426 0.9048416 0.8876808 0.8999664 0.8842426 0.8999664 0.8842426 0.9048416 0.8876808 0.9043858 0.8883412 0.8999664 0.8842426 0.9043858 0.8883412 0.8999664 0.8935254 0.8999664 0.8935254 0.9043858 0.8883412 0.9042891 0.8891376 0.8999664 0.8935254 0.9042891 0.8891376 0.9045736 0.8898878 0.8999664 0.8739688 0.9043684 0.8771546 0.8999664 0.8832516 0.8999664 0.8832516 0.9043684 0.8771546 0.9046393 0.8778691 0.8999664 0.8832516 0.9046393 0.8778691 0.9015629 0.8832516 0.9015629 0.8832516 0.9046393 0.8778691 0.9052112 0.8783758 0.9015629 0.8832516 0.9052112 0.8783758 0.9059531 0.8785586 0.9045736 0.8898878 0.9051741 0.8904199 0.8999664 0.8935254 0.8999664 0.8935254 0.9051741 0.8904199 0.9059531 0.8906119 0.8999664 0.8935254 0.9059531 0.8906119 0.9111416 0.8935254 0.9111416 0.8935254 0.9059531 0.8906119 0.9067322 0.8904199 0.9111416 0.8935254 0.9067322 0.8904199 0.9073327 0.8898878 0.9076172 0.8891376 0.9075205 0.8883412 0.9111416 0.8766795 0.9111416 0.8766795 0.9075205 0.8883412 0.9070647 0.8876808 0.9111416 0.8766795 0.9070647 0.8876808 0.906695 0.8783758 0.906695 0.8783758 0.9070647 0.8876808 0.9063543 0.887308 0.906695 0.8783758 0.9063543 0.887308 0.9059531 0.8785586 0.9059531 0.8785586 0.9063543 0.887308 0.9059531 0.8872593 0.9059531 0.8785586 0.9059531 0.8872593 0.9015629 0.8842426 0.9015629 0.8842426 0.9059531 0.8872593 0.905552 0.887308 0.9015629 0.8842426 0.905552 0.887308 0.9048416 0.8876808 0.906695 0.8783758 0.907267 0.8778691 0.9111416 0.8766795 0.9111416 0.8766795 0.907267 0.8778691 0.9075379 0.8771546 0.9111416 0.8766795 0.9075379 0.8771546 0.9109972 0.8760161 0.9109972 0.8760161 0.9075379 0.8771546 0.9074459 0.8763961 0.9109972 0.8760161 0.9074459 0.8763961 0.9105902 0.8754727 0.906381 0.8745739 0.9059531 0.8753657 0.9053788 0.8743875 0.9053788 0.8743875 0.9059531 0.8753657 0.9055711 0.8754121 0.9053788 0.8743875 0.9055711 0.8754121 0.9045667 0.8739688 0.9045667 0.8739688 0.9055711 0.8754121 0.9048945 0.8757672 0.9045667 0.8739688 0.9048945 0.8757672 0.8999664 0.8739688 0.8999664 0.8739688 0.9048945 0.8757672 0.9044604 0.8763961 0.8999664 0.8739688 0.9044604 0.8763961 0.9043684 0.8771546 0.9063352 0.8754121 0.906381 0.8745739 0.9070118 0.8757672 0.9070118 0.8757672 0.906381 0.8745739 0.9082059 0.8747453 0.9070118 0.8757672 0.9082059 0.8747453 0.9074459 0.8763961 0.9074459 0.8763961 0.9082059 0.8747453 0.9099941 0.8751475 0.9074459 0.8763961 0.9099941 0.8751475 0.9105902 0.8754727 0.8394433 0.8992475 0.8384771 0.9069608 0.839127 0.8982487 0.839127 0.8982487 0.8384771 0.9069608 0.8369449 0.8944493 0.8394433 0.8992475 0.8401201 0.9001489 0.8384771 0.9069608 0.8384771 0.9069608 0.8401201 0.9001489 0.8411026 0.9008797 0.8384771 0.9069608 0.8411026 0.9008797 0.842311 0.9013808 0.842311 0.9013808 0.8436477 0.9016117 0.8384771 0.9069608 0.8384771 0.9069608 0.8436477 0.9016117 0.8450041 0.9015535 0.8384771 0.9069608 0.8450041 0.9015535 0.8462706 0.901211 0.8557602 0.8987244 0.8565066 0.8986232 0.8617495 0.9059627 0.8617495 0.9059627 0.8565066 0.8986232 0.8570926 0.8982724 0.8557602 0.8987244 0.8617495 0.9059627 0.8550245 0.8985527 0.8550245 0.8985527 0.8617495 0.9059627 0.8384771 0.9069608 0.8550245 0.8985527 0.8384771 0.9069608 0.854468 0.8981474 0.854468 0.8981474 0.8384771 0.9069608 0.8462706 0.901211 0.854468 0.8981474 0.8462706 0.901211 0.8542183 0.8976014 0.8542183 0.8976014 0.8462706 0.901211 0.8473443 0.900612 0.8542183 0.8976014 0.8473443 0.900612 0.8481385 0.899805 0.8609381 0.8993363 0.8617495 0.9059627 0.8607247 0.8993012 0.8607247 0.8993012 0.8617495 0.9059627 0.8570926 0.8982724 0.8607247 0.8993012 0.8570926 0.8982724 0.8597753 0.8990008 0.8597753 0.8990008 0.8570926 0.8982724 0.8589826 0.8985021 0.8481385 0.899805 0.8485885 0.8988553 0.8542183 0.8976014 0.8542183 0.8976014 0.8485885 0.8988553 0.8486583 0.8978399 0.8542183 0.8976014 0.8486583 0.8978399 0.8543324 0.8970399 0.8543324 0.8970399 0.8486583 0.8978399 0.8483419 0.8968411 0.8543324 0.8970399 0.8483419 0.8968411 0.8476651 0.8959397 0.8562337 0.896395 0.8572432 0.8944397 0.8568992 0.8966922 0.8568992 0.8966922 0.8572432 0.8944397 0.8578069 0.8957572 0.8568992 0.8966922 0.8578069 0.8957572 0.8573143 0.897182 0.8573143 0.897182 0.8578069 0.8957572 0.8581442 0.897112 0.8427811 0.894535 0.8415147 0.8948775 0.8369449 0.8944493 0.8369449 0.8944493 0.8415147 0.8948775 0.8404409 0.8954765 0.8589826 0.8985021 0.8570926 0.8982724 0.8584213 0.8978521 0.8584213 0.8978521 0.8570926 0.8982724 0.8573842 0.8977523 0.8584213 0.8978521 0.8573842 0.8977523 0.8581442 0.897112 0.8581442 0.897112 0.8573842 0.8977523 0.8573954 0.8974651 0.8581442 0.897112 0.8573954 0.8974651 0.8573143 0.897182 0.8427811 0.894535 0.8369449 0.8944493 0.8441375 0.8944768 0.8441375 0.8944768 0.8369449 0.8944493 0.8556138 0.8936486 0.8441375 0.8944768 0.8556138 0.8936486 0.8454741 0.8947077 0.8404409 0.8954765 0.8396468 0.8962836 0.8369449 0.8944493 0.8369449 0.8944493 0.8396468 0.8962836 0.8391966 0.8972333 0.8369449 0.8944493 0.8391966 0.8972333 0.839127 0.8982487 0.8476651 0.8959397 0.8466826 0.8952088 0.8543324 0.8970399 0.8543324 0.8970399 0.8466826 0.8952088 0.8454741 0.8947077 0.8543324 0.8970399 0.8454741 0.8947077 0.8547843 0.8965913 0.8547843 0.8965913 0.8454741 0.8947077 0.8556138 0.8936486 0.8547843 0.8965913 0.8556138 0.8936486 0.8554705 0.8963586 0.8554705 0.8963586 0.8556138 0.8936486 0.8562872 0.893728 0.8554705 0.8963586 0.8562872 0.893728 0.8562337 0.896395 0.8562337 0.896395 0.8562872 0.893728 0.8568652 0.8940086 0.8562337 0.896395 0.8568652 0.8940086 0.8572432 0.8944397 0.8621509 0.9276709 0.8621509 0.9166707 0.8789135 0.927671 0.8789135 0.927671 0.8621509 0.9166707 0.86255 0.9166707 0.8789135 0.927671 0.86255 0.9166707 0.8789135 0.8990946 0.8789135 0.8990946 0.86255 0.9166707 0.86255 0.9159564 0.8621509 0.9015377 0.8621509 0.8990945 0.86255 0.9015377 0.86255 0.9015377 0.8621509 0.8990945 0.8789135 0.8990946 0.86255 0.9015377 0.8789135 0.8990946 0.86255 0.902252 0.86255 0.902252 0.8789135 0.8990946 0.86255 0.9159564 0.86255 0.902252 0.86255 0.9159564 0.8621509 0.902252 0.8621509 0.902252 0.86255 0.9159564 0.8621509 0.9159564 0.895237 0.8798071 0.895573 0.8794712 0.8999664 0.8974911 0.8832037 0.8741031 0.893983 0.8785532 0.89386 0.8790122 0.8832037 0.8741031 0.89386 0.8790122 0.8832037 0.8974911 0.895573 0.8785532 0.895237 0.8782172 0.8999664 0.8741031 0.8999664 0.8741031 0.895237 0.8782172 0.894778 0.8780942 0.8999664 0.8741031 0.894778 0.8780942 0.8832037 0.8741031 0.8832037 0.8741031 0.894778 0.8780942 0.894319 0.8782172 0.8832037 0.8741031 0.894319 0.8782172 0.893983 0.8785532 0.8999664 0.8974911 0.895573 0.8794712 0.8999664 0.8741031 0.8999664 0.8741031 0.895573 0.8794712 0.8956959 0.8790122 0.8999664 0.8741031 0.8956959 0.8790122 0.895573 0.8785532 0.8924181 0.890008 0.8922237 0.8909856 0.8832037 0.8974911 0.8832037 0.8974911 0.8922237 0.8909856 0.8924181 0.891963 0.89386 0.8790122 0.893983 0.8794712 0.8832037 0.8974911 0.8832037 0.8974911 0.893983 0.8794712 0.894319 0.8798071 0.8832037 0.8974911 0.894319 0.8798071 0.8924181 0.890008 0.8924181 0.890008 0.894319 0.8798071 0.8929718 0.8891794 0.895237 0.8798071 0.8957555 0.8886257 0.894778 0.8799301 0.894778 0.8799301 0.8957555 0.8886257 0.894778 0.8884312 0.894778 0.8799301 0.894778 0.8884312 0.894319 0.8798071 0.894319 0.8798071 0.894778 0.8884312 0.8938005 0.8886257 0.894319 0.8798071 0.8938005 0.8886257 0.8929718 0.8891794 0.8971379 0.891963 0.8999664 0.8974911 0.8965842 0.8927918 0.8965842 0.8927918 0.8999664 0.8974911 0.8957555 0.8933455 0.8971379 0.891963 0.8973323 0.8909856 0.8999664 0.8974911 0.8999664 0.8974911 0.8973323 0.8909856 0.8971379 0.890008 0.8999664 0.8974911 0.8971379 0.890008 0.895237 0.8798071 0.895237 0.8798071 0.8971379 0.890008 0.8965842 0.8891794 0.895237 0.8798071 0.8965842 0.8891794 0.8957555 0.8886257 0.8924181 0.891963 0.8929718 0.8927918 0.8832037 0.8974911 0.8832037 0.8974911 0.8929718 0.8927918 0.8938005 0.8933455 0.8832037 0.8974911 0.8938005 0.8933455 0.8999664 0.8974911 0.8999664 0.8974911 0.8938005 0.8933455 0.894778 0.8935399 0.8999664 0.8974911 0.894778 0.8935399 0.8957555 0.8933455 0.8952782 0.9249348 0.8956772 0.9249349 0.8956772 0.9273781 0.8793833 0.9245156 0.8790373 0.9239977 0.8789158 0.9233867 0.8956772 0.9105162 0.8956772 0.9242206 0.8952782 0.9105162 0.8952782 0.9105162 0.8956772 0.9242206 0.8952782 0.9242206 0.8799012 0.9248617 0.8793833 0.9245156 0.8952782 0.9105162 0.8952782 0.9105162 0.8793833 0.9245156 0.8789158 0.9233867 0.8952782 0.9105162 0.8789158 0.9233867 0.8952782 0.9098019 0.8952782 0.9098019 0.8789158 0.9233867 0.8789158 0.8988014 0.8952782 0.9098019 0.8789158 0.8988014 0.8956772 0.9098019 0.8956772 0.9098019 0.8789158 0.8988014 0.8956772 0.8988016 0.8864047 0.9250441 0.8860993 0.9249833 0.8952782 0.9105162 0.8952782 0.9105162 0.8860993 0.9249833 0.8805121 0.9249832 0.8952782 0.9105162 0.8805121 0.9249832 0.8799012 0.9248617 0.8956772 0.9273781 0.8868974 0.9273779 0.8952782 0.9249348 0.8952782 0.9249348 0.8868974 0.9273779 0.8868975 0.9257815 0.8952782 0.9249348 0.8868975 0.9257815 0.8952782 0.9242206 0.8952782 0.9242206 0.8868975 0.9257815 0.8868367 0.925476 0.8952782 0.9242206 0.8868367 0.925476 0.8952782 0.9105162 0.8952782 0.9105162 0.8868367 0.925476 0.8866636 0.9252171 0.8952782 0.9105162 0.8866636 0.9252171 0.8864047 0.9250441 0.8425675 0.9323962 0.8448542 0.9323962 0.8448036 0.9325559 0.8425675 0.9323962 0.8448036 0.9325559 0.8425672 0.9327955 0.8448036 0.9325559 0.8448204 0.9327157 0.8425672 0.9327955 0.8425672 0.9327955 0.8448204 0.9327157 0.8448508 0.9327955 0.8425672 0.9327955 0.8448508 0.9327955 0.8425665 0.9330883 0.9045667 0.8739688 0.8999664 0.8739688 0.9015629 0.8738657 0.9015629 0.8738657 0.8999664 0.8739688 0.8999664 0.8738657 0.8448508 0.9327955 0.8449596 0.9329688 0.8425665 0.9330883 0.9015629 0.8735697 0.9039556 0.8734121 0.9040993 0.8735697 0.9015629 0.8735697 0.9040993 0.8735697 0.9015629 0.8738657 0.9015629 0.8738657 0.9040993 0.8735697 0.9042807 0.8737427 0.9015629 0.8738657 0.9042807 0.8737427 0.9045667 0.8739688 0.8999664 0.8936285 0.8999664 0.8935254 0.9015629 0.8936285 0.9015629 0.8936285 0.8999664 0.8935254 0.9111416 0.8935254 0.9015629 0.8936285 0.9111416 0.8935254 0.9015629 0.8939244 0.9015629 0.8939244 0.9111416 0.8935254 0.9111416 0.8939244 0.9015629 0.8939244 0.9111416 0.8939244 0.9015629 0.8942164 0.9015629 0.8942164 0.9111416 0.8939244 0.9111416 0.8942164 0.9052565 0.9242383 0.8956785 0.9242382 0.9052552 0.9238393 0.9052552 0.9238393 0.8956785 0.9242382 0.8956772 0.9238392 0.8409685 0.8839418 0.8408656 0.8839506 0.8407197 0.882759 0.9052552 0.8990944 0.8956772 0.8990942 0.9052565 0.8986951 0.9052565 0.8986951 0.8956772 0.8990942 0.8956785 0.8986949 0.9052565 0.8986951 0.8956785 0.8986949 0.9052602 0.8984026 0.9052602 0.8984026 0.8956785 0.8986949 0.8956822 0.8984024 0.8404213 0.8828383 0.8395458 0.8756888 0.8407197 0.882759 0.8407197 0.882759 0.8395458 0.8756888 0.8399471 0.8756008 0.8407197 0.882759 0.8399471 0.8756008 0.8409685 0.8839418 0.8605307 0.8831072 0.8604284 0.8831071 0.8603848 0.8819156 0.8603848 0.8819156 0.8604284 0.8831071 0.859407 0.8747661 0.8621509 0.9069608 0.8621509 0.9138186 0.8618539 0.9070264 0.8606755 0.8819696 0.859407 0.8747661 0.8598 0.8748201 0.8425665 0.9069608 0.8521452 0.9069609 0.8425672 0.9072524 0.8425672 0.9072524 0.8521452 0.9069609 0.8521459 0.9072524 0.8425672 0.9072524 0.8521459 0.9072524 0.8425675 0.9076513 0.8425675 0.9076513 0.8521459 0.9072524 0.8521461 0.9076513 0.8369449 0.8944493 0.8384771 0.9069608 0.8380841 0.9069068 0.8369449 0.8944493 0.8380841 0.9069068 0.836552 0.8943953 0.8789145 0.9283615 0.8621518 0.9283614 0.8621511 0.9280698 0.8789145 0.9283615 0.8621511 0.9280698 0.8789138 0.9280699 0.8789138 0.9280699 0.8621511 0.9280698 0.8621509 0.9276709 0.8789138 0.9280699 0.8621509 0.9276709 0.8789135 0.927671 0.8868974 0.9273779 0.8956772 0.9273781 0.886897 0.9275844 0.886897 0.9275844 0.8956772 0.9273781 0.8956759 0.9277774 0.886897 0.9275844 0.8956759 0.9277774 0.8868944 0.9277772 0.8868944 0.9277772 0.8956759 0.9277774 0.8868862 0.9279429 0.8868862 0.9279429 0.8956759 0.9277774 0.8956723 0.9280699 0.8615167 0.8992237 0.8621509 0.9058746 0.8613461 0.899303 0.8613461 0.899303 0.8621509 0.9058746 0.8611482 0.8993425 0.8611482 0.8993425 0.8621509 0.9058746 0.8617495 0.9059627 0.8611482 0.8993425 0.8617495 0.9059627 0.8609381 0.8993363 0.8789135 0.8990946 0.8621509 0.8990945 0.8621511 0.8986952 0.8789135 0.8990946 0.8621511 0.8986952 0.8789138 0.8986952 0.8789138 0.8986952 0.8621511 0.8986952 0.8621518 0.8984024 0.8789138 0.8986952 0.8621518 0.8984024 0.8789145 0.8984025 0.8999664 0.8978903 0.8832037 0.8978903 0.8832037 0.8974911 0.8999664 0.8978903 0.8832037 0.8974911 0.8999664 0.8974911 0.8999664 0.8741031 0.8832037 0.8741031 0.8832037 0.8737041 0.8999664 0.8741031 0.8832037 0.8737041 0.8999664 0.8737041 0.8999664 0.8737041 0.8832037 0.8737041 0.8832037 0.8734121 0.8999664 0.8737041 0.8832037 0.8734121 0.8999664 0.8734121 0.8789145 0.8984024 0.8956759 0.8984027 0.8956772 0.8988016 0.8789145 0.8984024 0.8956772 0.8988016 0.8789158 0.8988014 0.9034278 0.9533469 0.9037685 0.9536502 0.9001828 0.9561511 0.9001828 0.9465889 0.9037685 0.949092 0.9031195 0.9497463 0.9031195 0.9497463 0.9026516 0.9506338 0.9001828 0.9465889 0.9001828 0.9465889 0.9026516 0.9506338 0.9025464 0.9515767 0.9001828 0.9465889 0.9025464 0.9515767 0.9001828 0.9561511 0.9001828 0.9561511 0.9025464 0.9515767 0.9028117 0.9525042 0.9001828 0.9561511 0.9028117 0.9525042 0.9034278 0.9533469 0.8969377 0.9493932 0.896597 0.9490898 0.9001828 0.9465889 0.9001828 0.9561511 0.896597 0.953648 0.8972461 0.9529937 0.8972461 0.9529937 0.897714 0.9521062 0.9001828 0.9561511 0.9001828 0.9561511 0.897714 0.9521062 0.8978192 0.9511634 0.9001828 0.9561511 0.8978192 0.9511634 0.9001828 0.9465889 0.9001828 0.9465889 0.8978192 0.9511634 0.8975538 0.9502359 0.9001828 0.9465889 0.8975538 0.9502359 0.8969377 0.9493932 0.8617249 0.9241226 0.8617249 0.9248177 0.8601284 0.9248177 0.8601284 0.9342036 0.855339 0.9452756 0.8601284 0.9248177 0.8601284 0.9248177 0.855339 0.9452756 0.855339 0.9241226 0.8601284 0.9248177 0.855339 0.9241226 0.8617249 0.9241226 0.8617249 0.9445806 0.8617249 0.9452756 0.8601284 0.9445806 0.8601284 0.9445806 0.8617249 0.9452756 0.855339 0.9452756 0.8601284 0.9445806 0.855339 0.9452756 0.8601284 0.9351947 0.8601284 0.9351947 0.855339 0.9452756 0.8601284 0.9342036 0.8601284 0.9351947 0.8601284 0.9342036 0.8617249 0.9351947 0.8617249 0.9351947 0.8601284 0.9342036 0.8617249 0.9342036 0.9247117 0.9417743 0.9247117 0.9392784 0.9256936 0.9416746 0.9256936 0.9416746 0.9247117 0.9392784 0.9256936 0.9391787 0.8752816 0.9583122 0.874992 0.9585359 0.8753876 0.9580359 0.8753876 0.9580359 0.874992 0.9585359 0.8746988 0.9586324 0.8753876 0.9580359 0.8746988 0.9586324 0.8753876 0.956071 0.8753876 0.956071 0.8746988 0.9586324 0.8746988 0.9561409 0.8997905 0.9599727 0.9004793 0.9599028 0.8997905 0.9619376 0.8997905 0.9619376 0.9004793 0.9599028 0.9004793 0.9623942 0.8997905 0.9619376 0.9004793 0.9623942 0.8998965 0.9621923 0.8998965 0.9621923 0.9004793 0.9623942 0.900186 0.9623573 0.8609313 0.8843731 0.8602396 0.8844028 0.8610458 0.8824116 0.8610458 0.8824116 0.8602396 0.8844028 0.8603848 0.8819156 0.8610458 0.8824116 0.8603848 0.8819156 0.8609549 0.8821511 0.8609549 0.8821511 0.8603848 0.8819156 0.8606755 0.8819696 0.8401193 0.8830447 0.8404213 0.8828383 0.8399974 0.8833144 0.8399974 0.8833144 0.8404213 0.8828383 0.8407197 0.882759 0.8399974 0.8833144 0.8407197 0.882759 0.8398828 0.8852759 0.8398828 0.8852759 0.8407197 0.882759 0.8405745 0.8852462 0.8509001 0.8848034 0.849914 0.8848457 0.8510456 0.8823117 0.8510456 0.8823117 0.849914 0.8848457 0.8500595 0.882354 0.8398828 0.8852759 0.8405745 0.8852462 0.8407204 0.8864378 0.8500599 0.8860372 0.8615149 0.8891394 0.8407204 0.8864378 0.8407204 0.8864378 0.8615149 0.8891394 0.8404665 0.8900422 0.8407204 0.8864378 0.8404665 0.8900422 0.8398828 0.8852759 0.8602396 0.8844028 0.8609313 0.8843731 0.8603855 0.8855944 0.8603855 0.8855944 0.8609313 0.8843731 0.8615149 0.8891394 0.8603855 0.8855944 0.8615149 0.8891394 0.851046 0.8859949 0.851046 0.8859949 0.8615149 0.8891394 0.8500599 0.8860372 0.851046 0.8859949 0.8500599 0.8860372 0.8509001 0.8848034 0.8509001 0.8848034 0.8500599 0.8860372 0.849914 0.8848457 0.9069613 0.9561705 0.9069613 0.9599155 0.9053649 0.9561704 0.9053649 0.9561704 0.9069613 0.9599155 0.9053649 0.9599154 0.9189175 0.8946115 0.9189175 0.8983631 0.917321 0.8946115 0.917321 0.8946115 0.9189175 0.8983631 0.917321 0.8983631 0.8462671 0.8847325 0.8502054 0.8835456 0.8463717 0.8850321 0.8463717 0.8850321 0.8502054 0.8835456 0.8500599 0.8860372 0.8463717 0.8850321 0.8500599 0.8860372 0.8462315 0.8853421 0.8462671 0.8847325 0.8459458 0.8845236 0.8502054 0.8835456 0.8502054 0.8835456 0.8459458 0.8845236 0.8454938 0.8844616 0.8502054 0.8835456 0.8454938 0.8844616 0.8409685 0.8839418 0.8409685 0.8839418 0.8454938 0.8844616 0.8450323 0.8845629 0.8407204 0.8864378 0.8408656 0.8839506 0.8409685 0.8839418 0.8446494 0.88541 0.8407204 0.8864378 0.8445448 0.8851104 0.8445448 0.8851104 0.8407204 0.8864378 0.8409685 0.8839418 0.8445448 0.8851104 0.8409685 0.8839418 0.844685 0.8848003 0.844685 0.8848003 0.8409685 0.8839418 0.8450323 0.8845629 0.8446494 0.88541 0.8449707 0.8856188 0.8407204 0.8864378 0.8407204 0.8864378 0.8449707 0.8856188 0.8454226 0.8856809 0.8407204 0.8864378 0.8454226 0.8856809 0.8500599 0.8860372 0.8500599 0.8860372 0.8454226 0.8856809 0.8458841 0.8855796 0.8500599 0.8860372 0.8458841 0.8855796 0.8462315 0.8853421 0.9033755 0.9561511 0.9033755 0.959896 0.9017791 0.9561511 0.9017791 0.9561511 0.9033755 0.959896 0.9017791 0.959896 0.8981933 0.9561511 0.8981933 0.9599028 0.896597 0.9561511 0.896597 0.9561511 0.8981933 0.9599028 0.896597 0.9599028 0.8557483 0.8852381 0.8603855 0.8855944 0.851046 0.8859949 0.8557483 0.8852381 0.8562098 0.8851367 0.8603855 0.8855944 0.8603855 0.8855944 0.8562098 0.8851367 0.8565571 0.8848993 0.8603855 0.8855944 0.8565571 0.8848993 0.8566973 0.8845892 0.8511915 0.8835033 0.8550106 0.8843575 0.851046 0.8859949 0.851046 0.8859949 0.8550106 0.8843575 0.8548704 0.8846675 0.8548704 0.8846675 0.8549751 0.8849672 0.851046 0.8859949 0.851046 0.8859949 0.8549751 0.8849672 0.8552964 0.885176 0.851046 0.8859949 0.8552964 0.885176 0.8557483 0.8852381 0.8566973 0.8845892 0.8565927 0.8842896 0.8603855 0.8855944 0.8603855 0.8855944 0.8565927 0.8842896 0.8604284 0.8831071 0.8603855 0.8855944 0.8604284 0.8831071 0.8605307 0.8831072 0.8565927 0.8842896 0.8562714 0.8840808 0.8604284 0.8831071 0.8604284 0.8831071 0.8562714 0.8840808 0.8558195 0.8840187 0.8604284 0.8831071 0.8558195 0.8840187 0.8511915 0.8835033 0.8511915 0.8835033 0.8558195 0.8840187 0.855358 0.88412 0.8511915 0.8835033 0.855358 0.88412 0.8550106 0.8843575 0.9232034 0.8848688 0.9232034 0.8941141 0.9224902 0.8894704 0.9224902 0.8894704 0.9224088 0.889005 0.9232034 0.8848688 0.9232034 0.8848688 0.9224088 0.889005 0.9221864 0.8886478 0.9232034 0.8848688 0.9221864 0.8886478 0.9207203 0.8846166 0.9207203 0.8846166 0.9221864 0.8886478 0.9218826 0.8884944 0.9207203 0.8846166 0.9218826 0.8884944 0.9215788 0.8885861 0.9215788 0.8885861 0.9213564 0.8888981 0.9207203 0.8846166 0.9207203 0.8846166 0.9213564 0.8888981 0.921275 0.889347 0.9207203 0.8846166 0.921275 0.889347 0.9207203 0.8939647 0.9207203 0.8939647 0.921275 0.889347 0.9213564 0.8898124 0.9207203 0.8939647 0.9213564 0.8898124 0.9215788 0.8901696 0.9232034 0.8941141 0.923199 0.8942164 0.9207203 0.8939647 0.9215788 0.8901696 0.9218826 0.8903229 0.9207203 0.8939647 0.9207203 0.8939647 0.9218826 0.8903229 0.9221864 0.8902313 0.9207203 0.8939647 0.9221864 0.8902313 0.9232034 0.8941141 0.9232034 0.8941141 0.9221864 0.8902313 0.9224088 0.8899193 0.9232034 0.8941141 0.9224088 0.8899193 0.9224902 0.8894704 0.9189175 0.8983631 0.9189175 0.8946115 0.9205139 0.8983631 0.9205139 0.8983631 0.9189175 0.8946115 0.9205139 0.8946115 0.9037686 0.9599154 0.9037686 0.9561704 0.9053649 0.9599155 0.9053649 0.9599155 0.9037686 0.9561704 0.9053649 0.9561705 0.8901817 0.9509771 0.8909763 0.9469436 0.890263 0.9514425 0.890263 0.9514425 0.8909763 0.9469436 0.8909763 0.956189 0.890263 0.9514425 0.8909763 0.956189 0.8901817 0.9518914 0.8884932 0.9465888 0.8909718 0.9468404 0.8909763 0.9469436 0.8893517 0.9505582 0.8884932 0.9465888 0.8896555 0.9504666 0.8896555 0.9504666 0.8884932 0.9465888 0.8909763 0.9469436 0.8896555 0.9504666 0.8909763 0.9469436 0.8899593 0.9506199 0.8899593 0.9506199 0.8909763 0.9469436 0.8901817 0.9509771 0.8893517 0.9505582 0.8891293 0.9508703 0.8884932 0.9465888 0.8884932 0.9465888 0.8891293 0.9508703 0.8890479 0.9513191 0.8884932 0.9465888 0.8890479 0.9513191 0.8884932 0.9559369 0.8884932 0.9559369 0.8890479 0.9513191 0.8891293 0.9517845 0.8891293 0.9517845 0.8893517 0.9521418 0.8884932 0.9559369 0.8884932 0.9559369 0.8893517 0.9521418 0.8896555 0.9522951 0.8884932 0.9559369 0.8896555 0.9522951 0.8909763 0.956189 0.8909763 0.956189 0.8896555 0.9522951 0.8899593 0.9522035 0.8909763 0.956189 0.8899593 0.9522035 0.8901817 0.9518914 0.9001828 0.9599028 0.9001828 0.9561511 0.9017791 0.9599028 0.9017791 0.9599028 0.9001828 0.9561511 0.9017791 0.9561511 0.8981933 0.959896 0.8981933 0.9561511 0.8997898 0.959896 0.8997898 0.959896 0.8981933 0.9561511 0.8997898 0.9561511 0.8627078 0.873418 0.8644126 0.8734174 0.8643467 0.8735119 0.8826467 0.8983965 0.880942 0.898397 0.8810079 0.8983026 0.8829252 0.873519 0.8750373 0.8735087 0.8826467 0.8734121 0.8826467 0.8734121 0.8750373 0.8735087 0.8749715 0.8734143 0.8648799 0.8794439 0.8643467 0.8735119 0.8653255 0.8796149 0.8653255 0.8796149 0.8643467 0.8735119 0.8670979 0.8774541 0.8812464 0.8800777 0.8809202 0.8796103 0.8832037 0.8742101 0.8644344 0.8796151 0.8621509 0.8742163 0.8648799 0.8794439 0.8648799 0.8794439 0.8621509 0.8742163 0.8622255 0.8738172 0.8648799 0.8794439 0.8622255 0.8738172 0.8643467 0.8735119 0.8643467 0.8735119 0.8622255 0.8738172 0.8624293 0.873525 0.8643467 0.8735119 0.8624293 0.873525 0.8627078 0.873418 0.8832037 0.8742101 0.8809202 0.8796103 0.8831291 0.873811 0.8831291 0.873811 0.8809202 0.8796103 0.8804746 0.8794393 0.8831291 0.873811 0.8804746 0.8794393 0.8829252 0.873519 0.8670979 0.8774541 0.8670219 0.8775821 0.8653255 0.8796149 0.8653255 0.8796149 0.8670219 0.8775821 0.866528 0.8787382 0.8653255 0.8796149 0.866528 0.8787382 0.8656517 0.8800823 0.8656517 0.8800823 0.866528 0.8787382 0.8662714 0.8800429 0.8656517 0.8800823 0.8662714 0.8800429 0.8657711 0.8807208 0.8657711 0.8807208 0.8662714 0.8800429 0.8662714 0.8813984 0.8657711 0.8807208 0.8662714 0.8813984 0.8656517 0.8813595 0.8829252 0.873519 0.8804746 0.8794393 0.8750373 0.8735087 0.8750373 0.8735087 0.8804746 0.8794393 0.8800291 0.8796105 0.8750373 0.8735087 0.8800291 0.8796105 0.8797029 0.8800781 0.8744898 0.882133 0.8747541 0.8812148 0.8795835 0.8807168 0.8795835 0.8807168 0.8747541 0.8812148 0.8797029 0.8800781 0.8726688 0.8782106 0.8722862 0.8774525 0.8733618 0.8782157 0.8733618 0.8782157 0.8722862 0.8774525 0.8750373 0.8735087 0.8747541 0.8812148 0.8747541 0.8802215 0.8797029 0.8800781 0.8797029 0.8800781 0.8747541 0.8802215 0.8744898 0.8793034 0.8797029 0.8800781 0.8744898 0.8793034 0.8750373 0.8735087 0.8750373 0.8735087 0.8744898 0.8793034 0.874001 0.8785993 0.8750373 0.8735087 0.874001 0.8785993 0.8733618 0.8782157 0.8644344 0.8796151 0.8641082 0.8800827 0.8621509 0.8742163 0.8621509 0.8742163 0.8641082 0.8800827 0.8639888 0.8807213 0.8621509 0.8742163 0.8639888 0.8807213 0.8621509 0.8976044 0.8621509 0.8976044 0.8639888 0.8807213 0.8641082 0.8813599 0.8621509 0.8976044 0.8641082 0.8813599 0.8644344 0.8818272 0.8670219 0.8838587 0.8677162 0.884779 0.8653255 0.881827 0.8812464 0.8800777 0.8832037 0.8742101 0.8813658 0.8807162 0.8813658 0.8807162 0.8832037 0.8742101 0.8832037 0.8975982 0.8813658 0.8807162 0.8832037 0.8975982 0.8812464 0.8813548 0.8804746 0.8923706 0.8810079 0.8983026 0.8800291 0.8921996 0.8800291 0.8921996 0.8810079 0.8983026 0.8782567 0.8943604 0.874001 0.8828374 0.8713166 0.8850863 0.8733618 0.8832214 0.8733618 0.8832214 0.8713166 0.8850863 0.8720824 0.8842906 0.8733618 0.8832214 0.8720824 0.8842906 0.8726688 0.883227 0.8648799 0.8898209 0.8644344 0.8899921 0.8644344 0.8818272 0.8621509 0.8976044 0.8644344 0.8922042 0.8622255 0.8980035 0.8622255 0.8980035 0.8644344 0.8922042 0.8648799 0.8923752 0.8622255 0.8980035 0.8648799 0.8923752 0.8624293 0.8982955 0.8624293 0.8982955 0.8648799 0.8923752 0.8703172 0.8983058 0.8624293 0.8982955 0.8703172 0.8983058 0.8627078 0.8984024 0.8627078 0.8984024 0.8703172 0.8983058 0.8703831 0.8984001 0.8809202 0.8921993 0.8832037 0.8975982 0.8804746 0.8923706 0.8804746 0.8923706 0.8832037 0.8975982 0.8831291 0.8979973 0.8804746 0.8923706 0.8831291 0.8979973 0.8810079 0.8983026 0.8810079 0.8983026 0.8831291 0.8979973 0.8829252 0.8982895 0.8810079 0.8983026 0.8829252 0.8982895 0.8826467 0.8983965 0.8644344 0.8899921 0.8641082 0.8904597 0.8644344 0.8818272 0.8644344 0.8818272 0.8641082 0.8904597 0.8639888 0.8910983 0.8644344 0.8818272 0.8639888 0.8910983 0.8621509 0.8976044 0.8621509 0.8976044 0.8639888 0.8910983 0.8641082 0.8917368 0.8621509 0.8976044 0.8641082 0.8917368 0.8644344 0.8922042 0.874038 0.8867282 0.8657711 0.8910977 0.8656517 0.8904592 0.8782567 0.8943604 0.8783326 0.8942323 0.8800291 0.8921996 0.8800291 0.8921996 0.8783326 0.8942323 0.8788265 0.8930763 0.8800291 0.8921996 0.8788265 0.8930763 0.8797029 0.8917322 0.8797029 0.8917322 0.8788265 0.8930763 0.8790832 0.8917716 0.8797029 0.8917322 0.8790832 0.8917716 0.8795835 0.8910937 0.8795835 0.8910937 0.8790832 0.8917716 0.8790832 0.8904161 0.8795835 0.8910937 0.8790832 0.8904161 0.8797029 0.890455 0.8797029 0.890455 0.8790832 0.8904161 0.8788265 0.8891115 0.8797029 0.890455 0.8788265 0.8891115 0.8800291 0.8899875 0.8800291 0.8899875 0.8788265 0.8891115 0.8783326 0.8879558 0.8800291 0.8899875 0.8783326 0.8879558 0.8776384 0.8870355 0.8797029 0.8813553 0.8713166 0.8850863 0.8795835 0.8807168 0.8795835 0.8807168 0.8713166 0.8850863 0.874001 0.8828374 0.8795835 0.8807168 0.874001 0.8828374 0.8744898 0.882133 0.8732722 0.8875239 0.8726858 0.8885875 0.8719927 0.8885931 0.8809202 0.8921993 0.8812464 0.8917317 0.8832037 0.8975982 0.8832037 0.8975982 0.8812464 0.8917317 0.8813658 0.8910931 0.8832037 0.8975982 0.8813658 0.8910931 0.8812464 0.8813548 0.8812464 0.8813548 0.8813658 0.8910931 0.8812464 0.8904546 0.8812464 0.8813548 0.8812464 0.8904546 0.8809202 0.8818224 0.8809202 0.8818224 0.8812464 0.8904546 0.8809202 0.8899872 0.8809202 0.8818224 0.8809202 0.8899872 0.8804746 0.8819937 0.8656517 0.8813595 0.8662714 0.8813984 0.8653255 0.881827 0.8653255 0.881827 0.8662714 0.8813984 0.866528 0.882703 0.8653255 0.881827 0.866528 0.882703 0.8670219 0.8838587 0.8648799 0.8923752 0.8653255 0.8922039 0.8703172 0.8983058 0.8703172 0.8983058 0.8653255 0.8922039 0.8656517 0.8917364 0.8703172 0.8983058 0.8656517 0.8917364 0.8708648 0.892511 0.8809202 0.8899872 0.8804746 0.8898162 0.8804746 0.8819937 0.8804746 0.8819937 0.8804746 0.8898162 0.8800291 0.8899875 0.8804746 0.8819937 0.8800291 0.8899875 0.8800291 0.8818227 0.8800291 0.8818227 0.8800291 0.8899875 0.8776384 0.8870355 0.8800291 0.8818227 0.8776384 0.8870355 0.8797029 0.8813553 0.8797029 0.8813553 0.8776384 0.8870355 0.876796 0.8864197 0.8797029 0.8813553 0.876796 0.8864197 0.8758685 0.8861546 0.8758685 0.8861546 0.8749256 0.88626 0.8797029 0.8813553 0.8797029 0.8813553 0.8749256 0.88626 0.874038 0.8867282 0.8797029 0.8813553 0.874038 0.8867282 0.8713166 0.8850863 0.8713166 0.8850863 0.874038 0.8867282 0.8656517 0.8904592 0.8713166 0.8850863 0.8656517 0.8904592 0.8704289 0.8855544 0.8704289 0.8855544 0.8656517 0.8904592 0.869486 0.8856599 0.8732722 0.8875239 0.8719927 0.8885931 0.874038 0.8867282 0.874038 0.8867282 0.8719927 0.8885931 0.8713535 0.8889771 0.874038 0.8867282 0.8713535 0.8889771 0.8657711 0.8910977 0.8726858 0.8936039 0.8730684 0.894362 0.8719927 0.8935988 0.8719927 0.8935988 0.8730684 0.894362 0.8703172 0.8983058 0.8719927 0.8935988 0.8703172 0.8983058 0.8713535 0.8932152 0.8713535 0.8932152 0.8703172 0.8983058 0.8708648 0.892511 0.8644344 0.8818272 0.8648799 0.8819983 0.8648799 0.8898209 0.8648799 0.8898209 0.8648799 0.8819983 0.8653255 0.881827 0.8648799 0.8898209 0.8653255 0.881827 0.8653255 0.8899918 0.8653255 0.8899918 0.8653255 0.881827 0.8677162 0.884779 0.8653255 0.8899918 0.8677162 0.884779 0.8656517 0.8904592 0.8656517 0.8904592 0.8677162 0.884779 0.8685586 0.8853948 0.8656517 0.8904592 0.8685586 0.8853948 0.869486 0.8856599 0.8713535 0.8889771 0.8708648 0.8896815 0.8657711 0.8910977 0.8657711 0.8910977 0.8708648 0.8896815 0.8706005 0.8905997 0.8657711 0.8910977 0.8706005 0.8905997 0.8656517 0.8917364 0.8656517 0.8917364 0.8706005 0.8905997 0.8706005 0.891593 0.8656517 0.8917364 0.8706005 0.891593 0.8708648 0.892511 0.8419417 0.895654 0.8429673 0.8961668 0.8429341 0.8968262 0.8579704 0.8942745 0.8572968 0.8938394 0.8615149 0.8891394 0.8561066 0.9016935 0.8607844 0.9016506 0.8547579 0.9017513 0.8547579 0.9017513 0.8607844 0.9016506 0.8397359 0.9025533 0.8432804 0.8974183 0.8439541 0.8978534 0.8397359 0.9025533 0.8397359 0.9025533 0.8439541 0.8978534 0.844853 0.8980658 0.8561066 0.9016935 0.857419 0.9013935 0.8607844 0.9016506 0.8607844 0.9016506 0.857419 0.9013935 0.8585967 0.900874 0.8607844 0.9016506 0.8585967 0.900874 0.8595513 0.900174 0.8600582 0.8967338 0.8593092 0.8960388 0.8615149 0.8891394 0.8479151 0.8966126 0.8513671 0.8971065 0.8474977 0.8972374 0.8474977 0.8972374 0.8513671 0.8971065 0.8508523 0.8979714 0.8474977 0.8972374 0.8508523 0.8979714 0.8467697 0.8977326 0.8467697 0.8977326 0.8508523 0.8979714 0.8458414 0.8980235 0.8537533 0.8944554 0.8533358 0.8950802 0.8498837 0.8945863 0.8579704 0.8942745 0.8615149 0.8891394 0.8583168 0.8948666 0.8583168 0.8948666 0.8615149 0.8891394 0.8593092 0.8960388 0.8583168 0.8948666 0.8593092 0.8960388 0.8582836 0.895526 0.8514738 0.9005205 0.8523512 0.9011419 0.8397359 0.9025533 0.8397359 0.9025533 0.8523512 0.9011419 0.8534739 0.9015627 0.8397359 0.9025533 0.8534739 0.9015627 0.8547579 0.9017513 0.8498837 0.8945863 0.8503987 0.8937214 0.8537533 0.8944554 0.8537533 0.8944554 0.8503987 0.8937214 0.8505558 0.8928194 0.8537533 0.8944554 0.8505558 0.8928194 0.8544812 0.8939601 0.8544812 0.8939601 0.8505558 0.8928194 0.8503432 0.891948 0.8533358 0.8950802 0.8532919 0.8957401 0.8498837 0.8945863 0.8498837 0.8945863 0.8532919 0.8957401 0.8522012 0.8963437 0.8498837 0.8945863 0.8522012 0.8963437 0.8490496 0.8953491 0.8490496 0.8953491 0.8522012 0.8963437 0.8513671 0.8971065 0.8490496 0.8953491 0.8513671 0.8971065 0.8479589 0.8959527 0.8479589 0.8959527 0.8513671 0.8971065 0.8479151 0.8966126 0.8595513 0.900174 0.8602111 0.8993458 0.8607844 0.9016506 0.8607844 0.9016506 0.8602111 0.8993458 0.8605267 0.8984517 0.8607844 0.9016506 0.8605267 0.8984517 0.8615149 0.8891394 0.8615149 0.8891394 0.8605267 0.8984517 0.8604744 0.8975587 0.8615149 0.8891394 0.8604744 0.8975587 0.8600582 0.8967338 0.8503432 0.891948 0.8497771 0.8911724 0.8544812 0.8939601 0.8544812 0.8939601 0.8497771 0.8911724 0.8488997 0.8905509 0.8544812 0.8939601 0.8488997 0.8905509 0.8554095 0.8936693 0.8554095 0.8936693 0.8488997 0.8905509 0.8615149 0.8891394 0.8554095 0.8936693 0.8615149 0.8891394 0.8563979 0.8936269 0.8563979 0.8936269 0.8615149 0.8891394 0.8572968 0.8938394 0.8432804 0.8974183 0.8397359 0.9025533 0.8429341 0.8968262 0.8429341 0.8968262 0.8397359 0.9025533 0.8411927 0.894959 0.8429341 0.8968262 0.8411927 0.894959 0.8419417 0.895654 0.8458414 0.8980235 0.8508523 0.8979714 0.844853 0.8980658 0.844853 0.8980658 0.8508523 0.8979714 0.8506951 0.8988733 0.844853 0.8980658 0.8506951 0.8988733 0.8397359 0.9025533 0.8397359 0.9025533 0.8506951 0.8988733 0.8509076 0.8997449 0.8397359 0.9025533 0.8509076 0.8997449 0.8514738 0.9005205 0.8416996 0.8915188 0.8404665 0.8900422 0.8426542 0.8908187 0.8426542 0.8908187 0.8404665 0.8900422 0.8438318 0.8902993 0.8416996 0.8915188 0.8410398 0.892347 0.8404665 0.8900422 0.8404665 0.8900422 0.8410398 0.892347 0.8407242 0.8932411 0.8404665 0.8900422 0.8407242 0.8932411 0.8397359 0.9025533 0.8397359 0.9025533 0.8407242 0.8932411 0.8407765 0.8941341 0.8397359 0.9025533 0.8407765 0.8941341 0.8411927 0.894959 0.8488997 0.8905509 0.847777 0.8901301 0.8615149 0.8891394 0.8615149 0.8891394 0.847777 0.8901301 0.846493 0.8899415 0.8615149 0.8891394 0.846493 0.8899415 0.8404665 0.8900422 0.8404665 0.8900422 0.846493 0.8899415 0.8451443 0.8899993 0.8404665 0.8900422 0.8451443 0.8899993 0.8438318 0.8902993 0.9248764 0.9052735 0.9256746 0.9052731 0.9248768 0.9062668 0.9248768 0.9062668 0.9256746 0.9052731 0.925675 0.9062664 0.9248768 0.9062668 0.925675 0.9062664 0.9248764 0.9071837 0.9248764 0.9071837 0.925675 0.9062664 0.9256746 0.9071833 0.8363516 0.9566178 0.8371499 0.9566178 0.8363516 0.9573225 0.8363516 0.9573225 0.8371499 0.9566178 0.8371499 0.9573225 0.8363516 0.9573225 0.8371499 0.9573225 0.8363516 0.958241 0.8363516 0.958241 0.8371499 0.9573225 0.8371499 0.958241 0.8363516 0.958241 0.8371499 0.958241 0.8363516 0.9592342 0.8363516 0.9592342 0.8371499 0.958241 0.8371499 0.9592342 0.8363516 0.9592342 0.8371499 0.9592342 0.8363516 0.9601522 0.8363516 0.9601522 0.8371499 0.9592342 0.8371499 0.9601522 0.8363516 0.9601522 0.8371499 0.9601522 0.8363516 0.960856 0.8363516 0.960856 0.8371499 0.9601522 0.8371499 0.960856 0.8371522 0.9627669 0.836354 0.9627649 0.8371497 0.9618512 0.8371497 0.9618512 0.836354 0.9627649 0.8363516 0.9618492 0.8371497 0.9618512 0.8363516 0.9618492 0.8371522 0.960858 0.8371522 0.960858 0.8363516 0.9618492 0.836354 0.960856 0.8549334 0.9322298 0.8553324 0.9322294 0.8553287 0.9326645 0.9195598 0.9277393 0.9195598 0.9269815 0.9199589 0.9277393 0.9199589 0.9277393 0.9195598 0.9269815 0.920358 0.9269815 0.9199589 0.9277393 0.920358 0.9269815 0.9199589 0.9280443 0.9199589 0.9280443 0.920358 0.9269815 0.920358 0.9280443 0.8549419 0.9389219 0.8545428 0.9389222 0.8549399 0.9387626 0.8549399 0.9387626 0.8545428 0.9389222 0.8545319 0.9378257 0.8549399 0.9387626 0.8545319 0.9378257 0.8553391 0.9387623 0.8553376 0.9317773 0.8549385 0.9317777 0.8545408 0.9316692 0.8545408 0.9316692 0.8549385 0.9317777 0.8545305 0.9326653 0.8549385 0.9317777 0.8549334 0.9322298 0.8545305 0.9326653 0.8545305 0.9326653 0.8549334 0.9322298 0.8553287 0.9326645 0.8545305 0.9326653 0.8553287 0.9326645 0.8545241 0.9338734 0.8545241 0.9338734 0.8553287 0.9326645 0.8553223 0.9338726 0.8545241 0.9338734 0.8553223 0.9338726 0.8545222 0.935203 0.8545222 0.935203 0.8553223 0.9338726 0.8553203 0.9352022 0.8545222 0.935203 0.8553203 0.9352022 0.8545249 0.9365542 0.8545249 0.9365542 0.8553203 0.9352022 0.855323 0.9365534 0.8545249 0.9365542 0.855323 0.9365534 0.8545319 0.9378257 0.8545319 0.9378257 0.855323 0.9365534 0.8553301 0.937825 0.8545319 0.9378257 0.8553301 0.937825 0.8553391 0.9387623 0.9195598 0.9280454 0.9187616 0.9280454 0.9195598 0.9269815 0.9195598 0.9269815 0.9187616 0.9280454 0.9187616 0.9269815 0.9240806 0.8830872 0.9232823 0.883087 0.9240825 0.8819881 0.9240825 0.8819881 0.9232823 0.883087 0.9232842 0.881988 0.9240825 0.8819881 0.9232842 0.881988 0.9240837 0.880715 0.9240837 0.880715 0.9232842 0.881988 0.9232855 0.8807149 0.9240837 0.880715 0.9232855 0.8807149 0.9240841 0.8793634 0.9240841 0.8793634 0.9232855 0.8807149 0.9232859 0.8793634 0.9240841 0.8793634 0.9232859 0.8793634 0.9240837 0.8780347 0.9240837 0.8780347 0.9232859 0.8793634 0.9232855 0.8780347 0.9240837 0.8780347 0.9232855 0.8780347 0.9240825 0.8768286 0.9240825 0.8768286 0.9232855 0.8780347 0.9232842 0.8768285 0.9240825 0.8768286 0.9232842 0.8768285 0.9240806 0.8758355 0.9240806 0.8758355 0.9232842 0.8768285 0.9232823 0.8758354 0.8777608 0.8879556 0.8783326 0.8879558 0.8782548 0.8891114 0.8782548 0.8891114 0.8783326 0.8879558 0.8788265 0.8891115 0.847777 0.8901301 0.8478499 0.8907259 0.846493 0.8899415 0.846493 0.8899415 0.8478499 0.8907259 0.846566 0.8905373 0.846493 0.8899415 0.846566 0.8905373 0.8451443 0.8899993 0.8451443 0.8899993 0.846566 0.8905373 0.8452172 0.8905951 0.8451443 0.8899993 0.8452172 0.8905951 0.8438318 0.8902993 0.8438318 0.8902993 0.8452172 0.8905951 0.8439048 0.890895 0.8438318 0.8902993 0.8439048 0.890895 0.8426542 0.8908187 0.8426542 0.8908187 0.8439048 0.890895 0.8427271 0.8914145 0.8545408 0.9316692 0.8553391 0.9316684 0.8553376 0.9317773 0.9243097 0.9381957 0.9239106 0.9381957 0.9239114 0.9377603 0.853724 0.9356087 0.8541231 0.9356087 0.8545222 0.935737 0.9247075 0.9387571 0.9243087 0.9386481 0.9247096 0.9377603 0.8446892 0.9623066 0.844688 0.9617598 0.8450883 0.962307 0.8450883 0.962307 0.844688 0.9617598 0.8454862 0.9617605 0.9092028 0.9610071 0.9096596 0.9616196 0.9088752 0.9608415 0.9243094 0.9315037 0.9247061 0.9306653 0.9247086 0.9315037 0.9243094 0.9315037 0.9247086 0.9315037 0.9243097 0.9316629 0.9243097 0.9316629 0.9247086 0.9315037 0.9247103 0.9325996 0.9243097 0.9316629 0.9247103 0.9325996 0.9239106 0.9316628 0.9243087 0.9386481 0.9243097 0.9381957 0.9247096 0.9377603 0.9247096 0.9377603 0.9243097 0.9381957 0.9239114 0.9377603 0.9247096 0.9377603 0.9239114 0.9377603 0.9247111 0.9365518 0.9247111 0.9365518 0.9239114 0.9377603 0.9239128 0.9365518 0.9247111 0.9365518 0.9239128 0.9365518 0.9247117 0.935222 0.9247117 0.935222 0.9239128 0.9365518 0.9239134 0.935222 0.9247117 0.935222 0.9239134 0.935222 0.9247114 0.9338708 0.9247114 0.9338708 0.9239134 0.935222 0.9239132 0.9338708 0.9247114 0.9338708 0.9239132 0.9338708 0.9247103 0.9325996 0.9247103 0.9325996 0.9239132 0.9338708 0.9239121 0.9325996 0.9247103 0.9325996 0.9239121 0.9325996 0.9239106 0.9316628 0.8532919 0.8957401 0.853365 0.8963358 0.8522012 0.8963437 0.8522012 0.8963437 0.853365 0.8963358 0.8522742 0.8969395 0.8476236 0.9516074 0.8484218 0.951608 0.847613 0.9527059 0.847613 0.9527059 0.8484218 0.951608 0.8484112 0.9527065 0.847613 0.9527059 0.8484112 0.9527065 0.8476063 0.9539785 0.8476063 0.9539785 0.8484112 0.9527065 0.8484045 0.9539791 0.8476063 0.9539785 0.8484045 0.9539791 0.847604 0.9553301 0.847604 0.9553301 0.8484045 0.9539791 0.8484022 0.9553307 0.847604 0.9553301 0.8484022 0.9553307 0.8476063 0.956659 0.8476063 0.956659 0.8484022 0.9553307 0.8484045 0.9566596 0.8476063 0.956659 0.8484045 0.9566596 0.847613 0.9578655 0.847613 0.9578655 0.8484045 0.9566596 0.8484112 0.9578661 0.847613 0.9578655 0.8484112 0.9578661 0.8476237 0.9588594 0.8476237 0.9588594 0.8484112 0.9578661 0.8484218 0.95886 0.8545222 0.9420135 0.853724 0.9420135 0.8545222 0.940858 0.8545222 0.940858 0.853724 0.9420135 0.853724 0.940858 0.8545222 0.940858 0.853724 0.940858 0.8545222 0.9395536 0.8545222 0.9395536 0.853724 0.940858 0.853724 0.9395536 0.8545222 0.9395536 0.853724 0.9395536 0.8545222 0.9381982 0.8545222 0.9381982 0.853724 0.9395536 0.853724 0.9381982 0.8545222 0.9381982 0.853724 0.9381982 0.8545222 0.9368933 0.8545222 0.9368933 0.853724 0.9381982 0.853724 0.9368933 0.8545222 0.9368933 0.853724 0.9368933 0.8545222 0.935737 0.8545222 0.935737 0.853724 0.9368933 0.853724 0.935737 0.8545222 0.935737 0.853724 0.935737 0.853724 0.9356087 0.8755802 0.9622642 0.874782 0.9622683 0.8755751 0.9612709 0.8755751 0.9612709 0.874782 0.9622683 0.874777 0.9612751 0.8755751 0.9612709 0.874777 0.9612751 0.8755751 0.9603543 0.8755751 0.9603543 0.874777 0.9612751 0.874777 0.9603585 0.8755751 0.9603543 0.874777 0.9603585 0.8755802 0.959653 0.8755802 0.959653 0.874777 0.9603585 0.874782 0.9596571 0.8545541 0.8945559 0.8544812 0.8939601 0.8554825 0.8942651 0.8554825 0.8942651 0.8544812 0.8939601 0.8554095 0.8936693 0.8554825 0.8942651 0.8554095 0.8936693 0.8564708 0.8942227 0.8564708 0.8942227 0.8554095 0.8936693 0.8563979 0.8936269 0.8747541 0.8802215 0.8741824 0.8802214 0.8744898 0.8793034 0.8744898 0.8793034 0.8741824 0.8802214 0.8739179 0.8793033 0.8446879 0.9591521 0.8454862 0.9591529 0.8446889 0.9598512 0.8446889 0.9598512 0.8454862 0.9591529 0.8454871 0.9598519 0.8446889 0.9598512 0.8454871 0.9598519 0.8446889 0.9607665 0.8446889 0.9607665 0.8454871 0.9598519 0.8454871 0.9607673 0.8446889 0.9607665 0.8454871 0.9607673 0.844688 0.9617598 0.844688 0.9617598 0.8454871 0.9607673 0.8454862 0.9617605 0.8618194 0.9077604 0.8617249 0.9077602 0.8618194 0.9073613 0.8618194 0.9073613 0.8617249 0.9077602 0.8617249 0.907361 0.9243097 0.9381957 0.9243179 0.9417743 0.9239106 0.9381957 0.9239106 0.9381957 0.9243179 0.9417743 0.9239188 0.9417743 0.896597 0.9468741 0.896597 0.9512459 0.8961881 0.9465889 0.8961881 0.9465889 0.896597 0.9512459 0.8960801 0.9514359 0.8961881 0.9465889 0.8960801 0.9514359 0.8960801 0.9466287 0.853724 0.9316684 0.8541231 0.9316684 0.853724 0.9356087 0.853724 0.9356087 0.8541231 0.9316684 0.8541231 0.9356087 0.8617251 0.9081597 0.8618193 0.9081595 0.8617251 0.9085588 0.8617251 0.9085588 0.8618193 0.9081595 0.8618193 0.9085586 0.9239106 0.9316628 0.9239188 0.9280699 0.9243097 0.9316629 0.9243097 0.9316629 0.9239188 0.9280699 0.9243179 0.9280699 0.9088752 0.9608415 0.9087064 0.9607688 0.9091219 0.9564156 0.9088752 0.9608415 0.9091219 0.9564156 0.9092028 0.9610071 0.9092028 0.9610071 0.9091219 0.9564156 0.9095559 0.9561704 0.9092028 0.9610071 0.9095559 0.9561704 0.9096596 0.9562203 0.8617518 0.9138235 0.8621509 0.9138186 0.8617518 0.9177716 0.8617518 0.9177716 0.8621509 0.9138186 0.8621509 0.9177667 0.8617249 0.9077604 0.8618192 0.9077604 0.8617249 0.9081595 0.8617249 0.9081595 0.8618192 0.9077604 0.8618192 0.9081595 0.8553391 0.9387623 0.8552984 0.9423525 0.8549399 0.9387626 0.8549399 0.9387626 0.8552984 0.9423525 0.8548993 0.942353 0.8964219 0.9515696 0.8965968 0.9516259 0.8965968 0.9559989 0.8964219 0.9515696 0.8965968 0.9559989 0.8960801 0.9514359 0.8960801 0.9514359 0.8965968 0.9559989 0.8961881 0.9562842 0.8960801 0.9514359 0.8961881 0.9562842 0.8960801 0.9562445 0.8621509 0.9217225 0.8617518 0.9217234 0.8621509 0.9177716 0.8621509 0.9177716 0.8617518 0.9217234 0.8617518 0.9177725 0.8617249 0.9069608 0.8618193 0.9069619 0.8617249 0.9073598 0.8617249 0.9073598 0.8618193 0.9069619 0.8618193 0.907361 0.8964794 0.9562842 0.8964794 0.9598676 0.8960803 0.9562842 0.8960803 0.9562842 0.8964794 0.9598676 0.8960803 0.9598676 0.8718492 0.9516876 0.8717412 0.9517273 0.8718492 0.9468804 0.8718492 0.9468804 0.8717412 0.9517273 0.8713324 0.9514422 0.8718492 0.9468804 0.8713324 0.9514422 0.8713324 0.9470704 0.8617517 0.9217234 0.8621509 0.9217243 0.8617517 0.9256585 0.8617517 0.9256585 0.8621509 0.9217243 0.8621509 0.9256594 0.8952823 0.9605078 0.8957411 0.960508 0.8956077 0.9617684 0.8960763 0.9605087 0.8959687 0.9617689 0.8957411 0.960508 0.8957411 0.960508 0.8959687 0.9617689 0.8957411 0.9617685 0.8957411 0.960508 0.8957411 0.9617685 0.8956077 0.9617684 0.9215443 0.8738022 0.9207894 0.8742696 0.9212749 0.8734203 0.9212749 0.8734203 0.9207894 0.8742696 0.9206649 0.874054 0.8960763 0.9605087 0.8960763 0.9617692 0.8959687 0.9617689 0.921936 0.8740572 0.9211058 0.8745744 0.9215443 0.8738022 0.9215443 0.8738022 0.9211058 0.8745744 0.9209343 0.8744358 0.9215443 0.8738022 0.9209343 0.8744358 0.9207894 0.8742696 0.9217706 0.960596 0.9215449 0.9618563 0.9214388 0.9605956 0.9214388 0.9605956 0.9215449 0.9618563 0.9214388 0.9618561 0.921936 0.8740572 0.921326 0.8746908 0.9211058 0.8745744 0.922228 0.9605962 0.9219033 0.9618566 0.9217706 0.960596 0.9217706 0.960596 0.9219033 0.9618566 0.9217706 0.9618565 0.9217706 0.960596 0.9217706 0.9618565 0.9215449 0.9618563 0.9226886 0.960596 0.9223388 0.9618567 0.922228 0.9605962 0.922228 0.9605962 0.9223388 0.9618567 0.922228 0.9618567 0.922228 0.9605962 0.922228 0.9618567 0.9219033 0.9618566 0.9230287 0.9605956 0.9227515 0.9618565 0.9226886 0.960596 0.9226886 0.960596 0.9227515 0.9618565 0.9226886 0.9618566 0.9226886 0.960596 0.9226886 0.9618566 0.9223388 0.9618567 0.8570608 0.8781793 0.8565779 0.8789562 0.8565929 0.8781071 0.8565929 0.8781071 0.8565779 0.8789562 0.856544 0.8789443 0.9230287 0.9605956 0.9230287 0.9618561 0.9227515 0.9618565 0.8575063 0.878068 0.8574268 0.8789198 0.8570608 0.8781793 0.8570608 0.8781793 0.8574268 0.8789198 0.8570119 0.8790165 0.8570608 0.8781793 0.8570119 0.8790165 0.8565779 0.8789562 0.8948231 0.960508 0.8947605 0.9617686 0.8944863 0.9605087 0.8944863 0.9605087 0.8947605 0.9617686 0.8944863 0.9617692 0.8575063 0.878068 0.8574574 0.8789051 0.8574268 0.8789198 0.8956077 0.9617684 0.8952823 0.9617683 0.8952823 0.9605078 0.8952823 0.9605078 0.8952823 0.9617683 0.8951717 0.9617683 0.8952823 0.9605078 0.8951717 0.9617683 0.8948231 0.960508 0.8948231 0.960508 0.8951717 0.9617683 0.8948231 0.9617685 0.8948231 0.960508 0.8948231 0.9617685 0.8947605 0.9617686 0.8582929 0.8793873 0.8577701 0.87979 0.8574574 0.8789051 0.8574574 0.8789051 0.8577274 0.8786883 0.8582929 0.8793873 0.8582929 0.8793873 0.8577274 0.8786883 0.857761 0.87864 0.8943763 0.9624227 0.8948231 0.9617685 0.8950914 0.9624222 0.8948231 0.9617685 0.8951717 0.9617683 0.8950914 0.9624222 0.8950914 0.9624222 0.8951717 0.9617683 0.8952823 0.9617683 0.8950914 0.9624222 0.8952823 0.9617683 0.8958497 0.9624224 0.8952823 0.9617683 0.8956077 0.9617684 0.8958497 0.9624224 0.9197171 0.873548 0.9206107 0.8735347 0.9205899 0.8736475 0.9197171 0.873548 0.9205899 0.8736475 0.9197171 0.8741735 0.9205899 0.8736475 0.9206107 0.8738944 0.9197171 0.8741735 0.9197171 0.8741735 0.9206107 0.8738944 0.9206649 0.874054 0.9197171 0.8741735 0.9206649 0.874054 0.9200279 0.8748261 0.9206649 0.874054 0.9207894 0.8742696 0.9200279 0.8748261 0.9200279 0.8748261 0.9207894 0.8742696 0.9209343 0.8744358 0.9200279 0.8748261 0.9209343 0.8744358 0.9205781 0.8753562 0.9205781 0.8753562 0.9209343 0.8744358 0.9211058 0.8745744 0.9205781 0.8753562 0.9211058 0.8745744 0.9212419 0.8756424 0.9211058 0.8745744 0.921326 0.8746908 0.9212419 0.8756424 0.9212419 0.8756424 0.921326 0.8746908 0.9214875 0.8747391 0.9212419 0.8756424 0.9214875 0.8747391 0.9218672 0.8756192 0.9214875 0.8747391 0.921735 0.8747506 0.9218672 0.8756192 0.9218672 0.8756192 0.921735 0.8747506 0.921847 0.8747257 0.9216549 0.9625126 0.9219033 0.9618566 0.9224123 0.9625127 0.9219033 0.9618566 0.922228 0.9618567 0.9224123 0.9625127 0.9224123 0.9625127 0.922228 0.9618567 0.9223388 0.9618567 0.8553432 0.8789778 0.8560314 0.8784528 0.8556782 0.8794994 0.8560314 0.8784528 0.8561789 0.8787079 0.8556782 0.8794994 0.8556782 0.8794994 0.8561789 0.8787079 0.856224 0.8787528 0.8556782 0.8794994 0.856224 0.8787528 0.8562936 0.8798533 0.856224 0.8787528 0.856544 0.8789443 0.8562936 0.8798533 0.8562936 0.8798533 0.856544 0.8789443 0.8565779 0.8789562 0.8562936 0.8798533 0.8565779 0.8789562 0.8570485 0.879958 0.8570485 0.879958 0.8565779 0.8789562 0.8570119 0.8790165 0.8570485 0.879958 0.8570119 0.8790165 0.8577701 0.87979 0.8577701 0.87979 0.8570119 0.8790165 0.8574268 0.8789198 0.8577701 0.87979 0.8574268 0.8789198 0.8574574 0.8789051 0.8463787 0.8798983 0.8458558 0.8803009 0.8455647 0.8794667 0.8455647 0.8794667 0.8458465 0.8792404 0.8463787 0.8798983 0.8463787 0.8798983 0.8458465 0.8792404 0.8458816 0.87919 0.8731661 0.9625674 0.8725504 0.9621406 0.8731656 0.9618523 0.8725504 0.9621406 0.8725501 0.9617768 0.8731656 0.9618523 0.8731656 0.9618523 0.8725501 0.9617768 0.8725501 0.9616613 0.8731656 0.9618523 0.8725501 0.9616613 0.8731657 0.961094 0.8725501 0.9616613 0.8725503 0.9613218 0.8731657 0.961094 0.8455013 0.9591521 0.8463423 0.9591586 0.8463181 0.9592757 0.8455013 0.9591521 0.8463181 0.9592757 0.8454871 0.9597774 0.8463181 0.9592757 0.8463339 0.9595338 0.8454871 0.9597774 0.8454871 0.9597774 0.8463339 0.9595338 0.8463867 0.9597015 0.8454871 0.9597774 0.8463867 0.9597015 0.8457831 0.9604368 0.8457831 0.9604368 0.8463867 0.9597015 0.8465114 0.9599294 0.8457831 0.9604368 0.8465114 0.9599294 0.8463212 0.9609792 0.8465114 0.9599294 0.8466587 0.9601062 0.8463212 0.9609792 0.8463212 0.9609792 0.8466587 0.9601062 0.8468343 0.9602549 0.8463212 0.9609792 0.8468343 0.9602549 0.8469784 0.9612804 0.8468343 0.9602549 0.8470613 0.9603815 0.8469784 0.9612804 0.8469784 0.9612804 0.8470613 0.9603815 0.8472287 0.9604356 0.8469784 0.9612804 0.8472287 0.9604356 0.847604 0.9612714 0.8472287 0.9604356 0.8474866 0.9604535 0.847604 0.9612714 0.847604 0.9612714 0.8474866 0.9604535 0.847604 0.9604302 0.8714933 0.9624021 0.8708758 0.9621683 0.8714933 0.9616447 0.8708758 0.9621683 0.870876 0.9618294 0.8714933 0.9616447 0.8714933 0.9616447 0.870876 0.9618294 0.870876 0.9617139 0.843429 0.8794888 0.8440767 0.8789947 0.843764 0.8800104 0.8440767 0.8789947 0.8442307 0.8792608 0.843764 0.8800104 0.843764 0.8800104 0.8442307 0.8792608 0.8442776 0.8793077 0.843764 0.8800104 0.8442776 0.8793077 0.8443794 0.8803642 0.8442776 0.8793077 0.8446116 0.8795076 0.8443794 0.8803642 0.8443794 0.8803642 0.8446116 0.8795076 0.8446469 0.8795199 0.8443794 0.8803642 0.8446469 0.8795199 0.8451343 0.8804691 0.8451343 0.8804691 0.8446469 0.8795199 0.8450999 0.8795829 0.8451343 0.8804691 0.8450999 0.8795829 0.8458558 0.8803009 0.8458558 0.8803009 0.8450999 0.8795829 0.8455328 0.879482 0.8458558 0.8803009 0.8455328 0.879482 0.8455647 0.8794667 0.8617805 0.873466 0.86206 0.8736476 0.8621509 0.8739082 0.8621509 0.8739082 0.8611974 0.8902363 0.8592911 0.890318 0.8374118 0.8747047 0.8377138 0.8744983 0.8381151 0.8744102 0.8613875 0.8734121 0.8617805 0.873466 0.8600794 0.8750017 0.8600794 0.8750017 0.8617805 0.873466 0.8621509 0.8739082 0.8600794 0.8750017 0.8621509 0.8739082 0.8601703 0.8752622 0.8601703 0.8752622 0.8621509 0.8739082 0.8592911 0.890318 0.8600794 0.8750017 0.8598 0.8748201 0.8613875 0.8734121 0.8613875 0.8734121 0.8598 0.8748201 0.859407 0.8747661 0.8613875 0.8734121 0.859407 0.8747661 0.8381151 0.8744102 0.8372898 0.8749744 0.8374118 0.8747047 0.8395458 0.8756888 0.8395458 0.8756888 0.8374118 0.8747047 0.8381151 0.8744102 0.8395458 0.8756888 0.8381151 0.8744102 0.8399471 0.8756008 0.8399471 0.8756008 0.8381151 0.8744102 0.859407 0.8747661 0.836552 0.8943953 0.8362726 0.8942137 0.8361817 0.8939532 0.8395458 0.8756888 0.8392437 0.8758953 0.8372898 0.8749744 0.8372898 0.8749744 0.8392437 0.8758953 0.8391218 0.8761649 0.8372898 0.8749744 0.8391218 0.8761649 0.8361817 0.8939532 0.8369449 0.8944493 0.836552 0.8943953 0.8382532 0.8928596 0.8382532 0.8928596 0.836552 0.8943953 0.8361817 0.8939532 0.8382532 0.8928596 0.8361817 0.8939532 0.8381622 0.8925991 0.8381622 0.8925991 0.8361817 0.8939532 0.8391218 0.8761649 0.8556882 0.8923763 0.8556138 0.8936486 0.8389256 0.8930952 0.8389256 0.8930952 0.8556138 0.8936486 0.8369449 0.8944493 0.8389256 0.8930952 0.8369449 0.8944493 0.8385326 0.8930413 0.8385326 0.8930413 0.8369449 0.8944493 0.8382532 0.8928596 0.9005045 0.9612525 0.9017788 0.9622388 0.9005041 0.9626014 0.873032 0.956071 0.8718831 0.9548458 0.8725345 0.9544307 0.873032 0.956071 0.8725345 0.9544307 0.8739203 0.955505 0.8739203 0.955505 0.8725345 0.9544307 0.8730757 0.9537762 0.8739203 0.955505 0.8730757 0.9537762 0.8746582 0.9546125 0.8746582 0.9546125 0.8730757 0.9537762 0.8734629 0.9529353 0.8746582 0.9546125 0.8734629 0.9529353 0.8751862 0.9534659 0.8751862 0.9534659 0.8734629 0.9529353 0.8736646 0.9519762 0.8751862 0.9534659 0.8736646 0.9519762 0.8754613 0.952158 0.8754613 0.952158 0.8736646 0.9519762 0.8736646 0.9509766 0.8754613 0.952158 0.8736646 0.9509766 0.8754613 0.9507948 0.8754613 0.9507948 0.8736646 0.9509766 0.8734629 0.9500173 0.8754613 0.9507948 0.8734629 0.9500173 0.8751862 0.9494867 0.8751862 0.9494867 0.8734629 0.9500173 0.8730757 0.9491762 0.8751862 0.9494867 0.8730757 0.9491762 0.8746582 0.9483398 0.8746582 0.9483398 0.8730757 0.9491762 0.8725345 0.9485214 0.8746582 0.9483398 0.8725345 0.9485214 0.8739203 0.9474469 0.8739203 0.9474469 0.8725345 0.9485214 0.8718831 0.9481059 0.8739203 0.9474469 0.8718831 0.9481059 0.873032 0.9468804 0.8965972 0.9599028 0.8978759 0.9602777 0.8978757 0.9612653 0.8965972 0.9599028 0.8978757 0.9612653 0.896597 0.9612496 0.896597 0.9612496 0.8978757 0.9612653 0.8978759 0.9622566 0.896597 0.9612496 0.8978759 0.9622566 0.8965972 0.9626012 0.8483419 0.8968411 0.8471059 0.8980101 0.8466096 0.8973491 0.8483419 0.8968411 0.8466096 0.8973491 0.8476651 0.8959397 0.8476651 0.8959397 0.8466096 0.8973491 0.8458891 0.8968132 0.8476651 0.8959397 0.8458891 0.8968132 0.8466826 0.8952088 0.8466826 0.8952088 0.8458891 0.8968132 0.8450029 0.8964456 0.8466826 0.8952088 0.8450029 0.8964456 0.8454741 0.8947077 0.8454741 0.8947077 0.8450029 0.8964456 0.8440227 0.8962764 0.8454741 0.8947077 0.8440227 0.8962764 0.8441375 0.8944768 0.8441375 0.8944768 0.8440227 0.8962764 0.843028 0.896319 0.8441375 0.8944768 0.843028 0.896319 0.8427811 0.894535 0.8427811 0.894535 0.843028 0.896319 0.8420993 0.8965702 0.8427811 0.894535 0.8420993 0.8965702 0.8415147 0.8948775 0.8415147 0.8948775 0.8420993 0.8965702 0.8413118 0.8970095 0.8415147 0.8948775 0.8413118 0.8970095 0.8404409 0.8954765 0.8404409 0.8954765 0.8413118 0.8970095 0.8407295 0.8976013 0.8404409 0.8954765 0.8407295 0.8976013 0.8396468 0.8962836 0.8396468 0.8962836 0.8407295 0.8976013 0.8403994 0.8982978 0.8396468 0.8962836 0.8403994 0.8982978 0.8391966 0.8972333 0.9005041 0.9599028 0.9017788 0.9602598 0.9017791 0.9612496 0.9005041 0.9599028 0.9017791 0.9612496 0.9005045 0.9612525 0.9005045 0.9612525 0.9017791 0.9612496 0.9017788 0.9622388 0.8433088 0.8997453 0.8439598 0.8998457 0.8436635 0.9015086 0.8425722 0.898947 0.8428009 0.8994163 0.8405802 0.8997749 0.8436635 0.9015086 0.8426833 0.9013393 0.8433088 0.8997453 0.8433088 0.8997453 0.8426833 0.9013393 0.8417971 0.9009718 0.8433088 0.8997453 0.8417971 0.9009718 0.8428009 0.8994163 0.8428009 0.8994163 0.8417971 0.9009718 0.8410766 0.9004358 0.8428009 0.8994163 0.8410766 0.9004358 0.8405802 0.8997749 0.8450021 0.8993219 0.8463743 0.9007755 0.8445796 0.8996908 0.8445796 0.8996908 0.8463743 0.9007755 0.8455869 0.9012148 0.8445796 0.8996908 0.8455869 0.9012148 0.8439598 0.8998457 0.8439598 0.8998457 0.8455869 0.9012148 0.8446582 0.9014659 0.8439598 0.8998457 0.8446582 0.9014659 0.8436635 0.9015086 0.8451139 0.898838 0.8472868 0.8994872 0.8450021 0.8993219 0.8450021 0.8993219 0.8472868 0.8994872 0.8469567 0.9001837 0.8450021 0.8993219 0.8469567 0.9001837 0.8463743 0.9007755 0.8448853 0.8983687 0.8471059 0.8980101 0.8451139 0.898838 0.8451139 0.898838 0.8471059 0.8980101 0.8473379 0.8987426 0.8451139 0.898838 0.8473379 0.8987426 0.8472868 0.8994872 0.8443774 0.8980397 0.8458891 0.8968132 0.8448853 0.8983687 0.8448853 0.8983687 0.8458891 0.8968132 0.8466096 0.8973491 0.8448853 0.8983687 0.8466096 0.8973491 0.8471059 0.8980101 0.8437263 0.8979392 0.8440227 0.8962764 0.8443774 0.8980397 0.8443774 0.8980397 0.8440227 0.8962764 0.8450029 0.8964456 0.8443774 0.8980397 0.8450029 0.8964456 0.8458891 0.8968132 0.8426842 0.898463 0.8413118 0.8970095 0.8431066 0.8980942 0.8431066 0.8980942 0.8413118 0.8970095 0.8420993 0.8965702 0.8431066 0.8980942 0.8420993 0.8965702 0.8437263 0.8979392 0.8437263 0.8979392 0.8420993 0.8965702 0.843028 0.896319 0.8437263 0.8979392 0.843028 0.896319 0.8440227 0.8962764 0.8405802 0.8997749 0.8403483 0.8990424 0.8425722 0.898947 0.8425722 0.898947 0.8403483 0.8990424 0.8403994 0.8982978 0.8425722 0.898947 0.8403994 0.8982978 0.8426842 0.898463 0.8426842 0.898463 0.8403994 0.8982978 0.8407295 0.8976013 0.8426842 0.898463 0.8407295 0.8976013 0.8413118 0.8970095 0.8389948 0.9532056 0.840106 0.9519888 0.8394071 0.9534811 0.8394071 0.9534811 0.840106 0.9519888 0.8408107 0.9526935 0.8394071 0.9534811 0.8408107 0.9526935 0.8396263 0.9539257 0.8396263 0.9539257 0.8408107 0.9526935 0.8411921 0.9536143 0.8396263 0.9539257 0.8411921 0.9536143 0.839594 0.9544205 0.8411921 0.9536143 0.8411921 0.954611 0.839594 0.9544205 0.839594 0.9544205 0.8411921 0.954611 0.8408107 0.9555317 0.839594 0.9544205 0.8408107 0.9555317 0.8393185 0.9548328 0.8393185 0.9548328 0.8408107 0.9555317 0.840106 0.9562365 0.8393185 0.9548328 0.840106 0.9562365 0.8388738 0.9550521 0.8388738 0.9550521 0.840106 0.9562365 0.8391852 0.9566179 0.8388738 0.9550521 0.8391852 0.9566179 0.838379 0.9550197 0.8377799 0.9538047 0.8365631 0.9526935 0.8380553 0.9533925 0.8380553 0.9533925 0.8365631 0.9526935 0.8372678 0.9519888 0.8380553 0.9533925 0.8372678 0.9519888 0.8385 0.9531732 0.8385 0.9531732 0.8372678 0.9519888 0.8381885 0.9516074 0.8385 0.9531732 0.8381885 0.9516074 0.8389948 0.9532056 0.8389948 0.9532056 0.8381885 0.9516074 0.8391852 0.9516074 0.8389948 0.9532056 0.8391852 0.9516074 0.840106 0.9519888 0.8391852 0.9566179 0.8381885 0.9566179 0.838379 0.9550197 0.838379 0.9550197 0.8381885 0.9566179 0.8372678 0.9562365 0.838379 0.9550197 0.8372678 0.9562365 0.8379667 0.9547442 0.8379667 0.9547442 0.8372678 0.9562365 0.8365631 0.9555317 0.8379667 0.9547442 0.8365631 0.9555317 0.8377475 0.9542995 0.8377475 0.9542995 0.8365631 0.9555317 0.8361817 0.954611 0.8377475 0.9542995 0.8361817 0.954611 0.8377799 0.9538047 0.8377799 0.9538047 0.8361817 0.954611 0.8361817 0.9536143 0.8377799 0.9538047 0.8361817 0.9536143 0.8365631 0.9526935 0.871847 0.9535319 0.8713681 0.9535318 0.8718478 0.9525549 0.8718478 0.9525549 0.8713681 0.9535318 0.8713688 0.9525547 0.8718478 0.9525549 0.8713688 0.9525547 0.8718492 0.9517275 0.8718492 0.9517275 0.8713688 0.9525547 0.8713703 0.9517273 0.8481399 0.9588601 0.8484741 0.95886 0.8477433 0.9596887 0.8477433 0.9596887 0.8484741 0.95886 0.8480774 0.9596886 0.8477433 0.9596887 0.8480774 0.9596886 0.847604 0.9606661 0.847604 0.9606661 0.8480774 0.9596886 0.8479382 0.960666 0.847604 0.9606661 0.8479382 0.960666 0.8477433 0.9616436 0.8477433 0.9616436 0.8479382 0.960666 0.8480774 0.9616435 0.8477433 0.9616436 0.8480774 0.9616435 0.8481399 0.9624724 0.8481399 0.9624724 0.8480774 0.9616435 0.8484741 0.9624723 0.8889721 0.959801 0.8884932 0.9598011 0.8889728 0.9589793 0.8889728 0.9589793 0.8884932 0.9598011 0.8884938 0.9589793 0.8889728 0.9589793 0.8884938 0.9589793 0.888973 0.9580042 0.888973 0.9580042 0.8884938 0.9589793 0.8884941 0.9580042 0.888973 0.9580042 0.8884941 0.9580042 0.8889728 0.9570244 0.8889728 0.9570244 0.8884941 0.9580042 0.8884938 0.9570244 0.8889728 0.9570244 0.8884938 0.9570244 0.8889721 0.956189 0.8889721 0.956189 0.8884938 0.9570244 0.8884932 0.956189 0.8888115 0.9626369 0.8884932 0.9626515 0.8890964 0.9617272 0.8890964 0.9617272 0.8884932 0.9626515 0.8887782 0.9617418 0.8890964 0.9617272 0.8887782 0.9617418 0.8890964 0.9607314 0.8890964 0.9607314 0.8887782 0.9617418 0.8887782 0.9607459 0.8890964 0.9607314 0.8887782 0.9607459 0.8888115 0.9598011 0.8888115 0.9598011 0.8887782 0.9607459 0.8884932 0.9598156 0.8718492 0.9558954 0.8713703 0.9558953 0.8718478 0.9553399 0.8718478 0.9553399 0.8713703 0.9558953 0.8713688 0.9553396 0.8718478 0.9553399 0.8713688 0.9553396 0.871847 0.9545099 0.871847 0.9545099 0.8713688 0.9553396 0.8713681 0.9545097 0.871847 0.9545099 0.8713681 0.9545097 0.871847 0.9535319 0.871847 0.9535319 0.8713681 0.9545097 0.8713681 0.9535318 0.8534233 0.9436752 0.8553391 0.9436752 0.8534231 0.9444148 0.8534231 0.9444148 0.8553391 0.9436752 0.8553388 0.9444148 0.8534231 0.9444148 0.8553388 0.9444148 0.8534224 0.9449805 0.8534224 0.9449805 0.8553388 0.9444148 0.8553382 0.9449805 0.9033756 0.9620058 0.9020439 0.962122 0.9031203 0.9613108 0.9031203 0.9613108 0.9020439 0.962122 0.9017887 0.961427 0.9031203 0.9613108 0.9017887 0.961427 0.9031203 0.9605494 0.9031203 0.9605494 0.9017887 0.961427 0.9017887 0.9606657 0.9031203 0.9605494 0.9017887 0.9606657 0.9033756 0.959896 0.9033756 0.959896 0.9017887 0.9606657 0.9020439 0.9600123 0.8617537 0.9573222 0.8636695 0.9573227 0.8617529 0.957998 0.8617529 0.957998 0.8636695 0.9573227 0.8636686 0.9579984 0.8617529 0.957998 0.8636686 0.9579984 0.8617526 0.9583799 0.8617526 0.9583799 0.8636686 0.9579984 0.8636684 0.9583804 0.8617526 0.9583799 0.8636684 0.9583804 0.8617526 0.9587621 0.8617526 0.9587621 0.8636684 0.9583804 0.8636684 0.9587625 0.8617526 0.9587621 0.8636684 0.9587625 0.8617532 0.9594395 0.8617532 0.9594395 0.8636684 0.9587625 0.8636689 0.9594399 0.8617532 0.9594395 0.8636689 0.9594399 0.8617543 0.9598749 0.8617543 0.9598749 0.8636689 0.9594399 0.8636701 0.9598754 0.8565809 0.8973509 0.8565066 0.8986232 0.8558345 0.8974521 0.8558345 0.8974521 0.8565066 0.8986232 0.8557602 0.8987244 0.8558345 0.8974521 0.8557602 0.8987244 0.8550988 0.8972803 0.8550988 0.8972803 0.8557602 0.8987244 0.8550245 0.8985527 0.8534225 0.942353 0.8553382 0.942353 0.8534231 0.9429311 0.8534231 0.9429311 0.8553382 0.942353 0.8553388 0.9429311 0.8534231 0.9429311 0.8553388 0.9429311 0.8534233 0.9436752 0.8534233 0.9436752 0.8553388 0.9429311 0.8553391 0.9436752 0.9227449 0.9097737 0.9246603 0.9098108 0.924625 0.9116373 0.9227449 0.9097737 0.924625 0.9116373 0.9227097 0.9116002 0.9227097 0.9116002 0.924625 0.9116373 0.9245908 0.9134301 0.9227097 0.9116002 0.9245908 0.9134301 0.9226754 0.913393 0.9246603 0.9098108 0.9227449 0.9097737 0.9246795 0.9088066 0.9246795 0.9088066 0.9227449 0.9097737 0.9227641 0.9087695 0.9246795 0.9088066 0.9227641 0.9087695 0.9227795 0.9079524 0.8611158 0.8977569 0.8618342 0.8977846 0.8617722 0.8988448 0.8611482 0.8993425 0.8609381 0.8993363 0.8613545 0.8991088 0.8611482 0.8993425 0.8613545 0.8991088 0.8613461 0.899303 0.8617373 0.898983 0.8616502 0.8991132 0.8613545 0.8991088 0.8613545 0.8991088 0.8616502 0.8991132 0.8615167 0.8992237 0.8613545 0.8991088 0.8615167 0.8992237 0.8613461 0.899303 0.922752 0.9076631 0.9247094 0.9071837 0.9227795 0.9079524 0.9227795 0.9079524 0.9247094 0.9071837 0.9246964 0.9079025 0.9227795 0.9079524 0.9246964 0.9079025 0.9246795 0.9088066 0.922752 0.9076631 0.9226812 0.9074781 0.9247094 0.9071837 0.9247094 0.9071837 0.9226812 0.9074781 0.9225646 0.9073303 0.9247094 0.9071837 0.9225646 0.9073303 0.9223936 0.9072161 0.9223936 0.9072161 0.9223144 0.9071837 0.9247094 0.9071837 0.8597753 0.8990008 0.8598015 0.8973791 0.860417 0.8976145 0.8597753 0.8990008 0.860417 0.8976145 0.8607247 0.8993012 0.8607247 0.8993012 0.860417 0.8976145 0.8608176 0.8977108 0.8607247 0.8993012 0.8608176 0.8977108 0.8609381 0.8993363 0.8609381 0.8993363 0.8608176 0.8977108 0.8611158 0.8977569 0.8609381 0.8993363 0.8611158 0.8977569 0.8613545 0.8991088 0.8613545 0.8991088 0.8611158 0.8977569 0.8617722 0.8988448 0.8613545 0.8991088 0.8617722 0.8988448 0.8617373 0.898983 0.8612814 0.8924881 0.8617922 0.8966587 0.8612465 0.8966377 0.8598053 0.8960824 0.8593751 0.8925699 0.8602245 0.896339 0.8602245 0.896339 0.8593751 0.8925699 0.8612814 0.8924881 0.8602245 0.896339 0.8612814 0.8924881 0.8607156 0.8965294 0.8607156 0.8965294 0.8612814 0.8924881 0.8612465 0.8966377 0.8612814 0.8924881 0.8593751 0.8925699 0.859324 0.8920332 0.8612814 0.8924881 0.859324 0.8920332 0.8612303 0.8919515 0.8612303 0.8919515 0.859324 0.8920332 0.8592901 0.8914168 0.8612303 0.8919515 0.8592901 0.8914168 0.8611964 0.891335 0.8611964 0.891335 0.8592901 0.8914168 0.8592786 0.8908145 0.8611964 0.891335 0.8592786 0.8908145 0.8611848 0.8907328 0.8611848 0.8907328 0.8592786 0.8908145 0.8592911 0.890318 0.8611848 0.8907328 0.8592911 0.890318 0.8611974 0.8902363 0.9226754 0.913393 0.9245908 0.9134301 0.9245796 0.91403 0.9226754 0.913393 0.9245796 0.91403 0.9226642 0.9139929 0.9226642 0.9139929 0.9245796 0.91403 0.9245722 0.9144436 0.9226642 0.9139929 0.9245722 0.9144436 0.9226569 0.9144065 0.8563615 0.8924558 0.8562872 0.893728 0.8556138 0.8936486 0.8563615 0.8924558 0.8556138 0.8936486 0.8556882 0.8923763 0.8612465 0.8966377 0.8617922 0.8966587 0.8618177 0.896927 0.8607156 0.8965294 0.8612465 0.8966377 0.861206 0.8969035 0.8598765 0.8970874 0.8598677 0.8968238 0.8599162 0.896844 0.8599162 0.896844 0.8598677 0.8968238 0.8598486 0.8965184 0.860417 0.8976145 0.8598015 0.8973791 0.8598596 0.8972834 0.860417 0.8976145 0.8598596 0.8972834 0.8604492 0.8973694 0.8605173 0.8970771 0.8600602 0.8965687 0.8606109 0.8967822 0.8606109 0.8967822 0.8600602 0.8965687 0.8602245 0.896339 0.8606109 0.8967822 0.8602245 0.896339 0.8607156 0.8965294 0.8598596 0.8972834 0.8598771 0.897139 0.8604492 0.8973694 0.8604492 0.8973694 0.8598771 0.897139 0.8598765 0.8970874 0.8604492 0.8973694 0.8598765 0.8970874 0.8605173 0.8970771 0.8605173 0.8970771 0.8598765 0.8970874 0.8599162 0.896844 0.8605173 0.8970771 0.8599162 0.896844 0.8600602 0.8965687 0.8600602 0.8965687 0.8599162 0.896844 0.8598486 0.8965184 0.8600602 0.8965687 0.8598486 0.8965184 0.8602245 0.896339 0.8602245 0.896339 0.8598486 0.8965184 0.8598346 0.8963547 0.8602245 0.896339 0.8598346 0.8963547 0.8598053 0.8960824 0.8611353 0.8975092 0.8611158 0.8977569 0.8608176 0.8977108 0.8607156 0.8965294 0.861206 0.8969035 0.8606109 0.8967822 0.8606109 0.8967822 0.861206 0.8969035 0.861167 0.8972095 0.8606109 0.8967822 0.861167 0.8972095 0.8605173 0.8970771 0.8605173 0.8970771 0.861167 0.8972095 0.8611353 0.8975092 0.8605173 0.8970771 0.8611353 0.8975092 0.8604492 0.8973694 0.8604492 0.8973694 0.8611353 0.8975092 0.8608176 0.8977108 0.8604492 0.8973694 0.8608176 0.8977108 0.860417 0.8976145 0.8612465 0.8966377 0.8618177 0.896927 0.861206 0.8969035 0.861206 0.8969035 0.8618177 0.896927 0.8618347 0.8972352 0.861206 0.8969035 0.8618347 0.8972352 0.861167 0.8972095 0.861167 0.8972095 0.8618347 0.8972352 0.8618404 0.8975363 0.861167 0.8972095 0.8618404 0.8975363 0.8611353 0.8975092 0.8611353 0.8975092 0.8618404 0.8975363 0.8618342 0.8977846 0.8611353 0.8975092 0.8618342 0.8977846 0.8611158 0.8977569 0.8438341 0.9595679 0.8439001 0.9592391 0.8441262 0.959855 0.8441262 0.959855 0.8439001 0.9592391 0.8443066 0.9596385 0.8441262 0.959855 0.8443066 0.9596385 0.8442949 0.9602904 0.8442949 0.9602904 0.8443066 0.9596385 0.8445413 0.9602443 0.8442949 0.9602904 0.8445413 0.9602443 0.8442949 0.9607574 0.8442949 0.9607574 0.8445413 0.9602443 0.8445413 0.960894 0.8442949 0.9607574 0.8445413 0.960894 0.8441262 0.9611308 0.8441262 0.9611308 0.8445413 0.960894 0.8443066 0.9614135 0.8441262 0.9611308 0.8443066 0.9614135 0.8438341 0.9613106 0.8438341 0.9613106 0.8443066 0.9614135 0.8439001 0.9616637 0.8438341 0.9613106 0.8439001 0.9616637 0.8434967 0.9612487 0.8434967 0.9612487 0.8439001 0.9616637 0.8434307 0.9615775 0.8434967 0.9612487 0.8434307 0.9615775 0.8432045 0.9609616 0.8432045 0.9609616 0.8434307 0.9615775 0.8430241 0.9611781 0.8432045 0.9609616 0.8430241 0.9611781 0.8430358 0.9605262 0.8430358 0.9605262 0.8430241 0.9611781 0.8427895 0.9605723 0.8430358 0.9605262 0.8427895 0.9605723 0.8430358 0.9600592 0.8430358 0.9600592 0.8427895 0.9605723 0.8427895 0.9599226 0.8430358 0.9600592 0.8427895 0.9599226 0.8432045 0.9596858 0.8432045 0.9596858 0.8427895 0.9599226 0.8430242 0.9594031 0.8432045 0.9596858 0.8430242 0.9594031 0.8434967 0.959506 0.8434967 0.959506 0.8430242 0.9594031 0.8434306 0.9591529 0.8434967 0.959506 0.8434306 0.9591529 0.8438341 0.9595679 0.8438341 0.9595679 0.8434306 0.9591529 0.8439001 0.9592391 0.9251685 0.9144436 0.9251685 0.9120489 0.9256274 0.9144436 0.9256274 0.9144436 0.9251685 0.9120489 0.9256274 0.9120489 0.9256274 0.9144436 0.9256274 0.9120489 0.9259632 0.9144436 0.9259632 0.9144436 0.9256274 0.9120489 0.9259632 0.9120489 0.9214388 0.9605997 0.9214388 0.9629942 0.92098 0.9606012 0.92098 0.9606012 0.9214388 0.9629942 0.92098 0.9629957 0.92098 0.9606012 0.92098 0.9629957 0.9205209 0.9605997 0.9205209 0.9605997 0.92098 0.9629957 0.9205209 0.9629942 0.9205209 0.9605997 0.9205209 0.9629942 0.9201844 0.9605956 0.9201844 0.9605956 0.9205209 0.9629942 0.9201844 0.9629901 0.8555769 0.8859073 0.855358 0.88412 0.8560383 0.885806 0.8560383 0.885806 0.855358 0.88412 0.8558195 0.8840187 0.8560383 0.885806 0.8558195 0.8840187 0.8564903 0.8858681 0.8564903 0.8858681 0.8558195 0.8840187 0.8562714 0.8840808 0.8485938 0.9619444 0.8485938 0.9595497 0.8489292 0.9619436 0.8489292 0.9619436 0.8485938 0.9595497 0.8489292 0.959549 0.8489292 0.9619436 0.8489292 0.959549 0.8493879 0.9619433 0.8493879 0.9619433 0.8489292 0.959549 0.8493879 0.9595487 0.8493879 0.9619433 0.8493879 0.9595487 0.8498471 0.9619436 0.8498471 0.9619436 0.8493879 0.9595487 0.8498471 0.959549 0.8498471 0.9619436 0.8498471 0.959549 0.8501838 0.9619444 0.8501838 0.9619444 0.8498471 0.959549 0.8501838 0.9595497 0.9247094 0.9144436 0.9247094 0.9120489 0.9251685 0.9144436 0.9251685 0.9144436 0.9247094 0.9120489 0.9251685 0.9120489 0.9121988 0.9614667 0.9121328 0.9617956 0.9119066 0.9611796 0.9119066 0.9611796 0.9121328 0.9617956 0.9117263 0.9613961 0.9119066 0.9611796 0.9117263 0.9613961 0.9117379 0.9607443 0.9117379 0.9607443 0.9117263 0.9613961 0.9114916 0.9607904 0.9117379 0.9607443 0.9114916 0.9607904 0.9117379 0.9602773 0.9117379 0.9602773 0.9114916 0.9607904 0.9114916 0.9601407 0.9117379 0.9602773 0.9114916 0.9601407 0.9119066 0.9599039 0.9119066 0.9599039 0.9114916 0.9601407 0.9117263 0.9596212 0.9119066 0.9599039 0.9117263 0.9596212 0.9121988 0.9597241 0.9121988 0.9597241 0.9117263 0.9596212 0.9121328 0.959371 0.9121988 0.9597241 0.9121328 0.959371 0.9125362 0.959786 0.9125362 0.959786 0.9121328 0.959371 0.9126022 0.9594572 0.9125362 0.959786 0.9126022 0.9594572 0.9128283 0.9600731 0.9128283 0.9600731 0.9126022 0.9594572 0.9130087 0.9598566 0.9128283 0.9600731 0.9130087 0.9598566 0.912997 0.9605085 0.912997 0.9605085 0.9130087 0.9598566 0.9132434 0.9604624 0.912997 0.9605085 0.9132434 0.9604624 0.912997 0.9609755 0.912997 0.9609755 0.9132434 0.9604624 0.9132434 0.961112 0.912997 0.9609755 0.9132434 0.961112 0.9128283 0.9613489 0.9128283 0.9613489 0.9132434 0.961112 0.9130087 0.9616316 0.9128283 0.9613489 0.9130087 0.9616316 0.9125362 0.9615287 0.9125362 0.9615287 0.9130087 0.9616316 0.9126022 0.9618818 0.9125362 0.9615287 0.9126022 0.9618818 0.9121988 0.9614667 0.9121988 0.9614667 0.9126022 0.9618818 0.9121328 0.9617956 0.838886 0.9630046 0.838886 0.9606099 0.8393449 0.9630046 0.8393449 0.9630046 0.838886 0.9606099 0.839345 0.9606099 0.8393449 0.9630046 0.839345 0.9606099 0.8396807 0.9630046 0.8396807 0.9630046 0.839345 0.9606099 0.8396807 0.9606099 0.924283 0.9605997 0.924283 0.9629942 0.9238242 0.9606012 0.9238242 0.9606012 0.924283 0.9629942 0.9238242 0.9629957 0.9238242 0.9606012 0.9238242 0.9629957 0.9233651 0.9605997 0.9233651 0.9605997 0.9238242 0.9629957 0.9233651 0.9629942 0.9233651 0.9605997 0.9233651 0.9629942 0.9230287 0.9605956 0.9230287 0.9605956 0.9233651 0.9629942 0.9230287 0.9629901 0.8452512 0.8863502 0.8450323 0.8845629 0.8457127 0.8862489 0.8457127 0.8862489 0.8450323 0.8845629 0.8454938 0.8844616 0.8457127 0.8862489 0.8454938 0.8844616 0.8461647 0.886311 0.8461647 0.886311 0.8454938 0.8844616 0.8459458 0.8845236 0.8773245 0.9620487 0.8773245 0.959654 0.8776598 0.9620479 0.8776598 0.9620479 0.8773245 0.959654 0.8776598 0.9596533 0.8776598 0.9620479 0.8776598 0.9596533 0.8781186 0.9620476 0.8781186 0.9620476 0.8776598 0.9596533 0.8781186 0.959653 0.8781186 0.9620476 0.8781186 0.959653 0.8785778 0.9620479 0.8785778 0.9620479 0.8781186 0.959653 0.8785778 0.9596533 0.8785778 0.9620479 0.8785778 0.9596533 0.8789145 0.9620487 0.8789145 0.9620487 0.8785778 0.9596533 0.8789145 0.959654 0.838427 0.9630046 0.838427 0.9606099 0.838886 0.9630046 0.838886 0.9630046 0.838427 0.9606099 0.838886 0.9606099 0.910447 0.9614667 0.910381 0.9617956 0.9101548 0.9611796 0.9101548 0.9611796 0.910381 0.9617956 0.9099745 0.9613961 0.9101548 0.9611796 0.9099745 0.9613961 0.9099861 0.9607443 0.9099861 0.9607443 0.9099745 0.9613961 0.9097398 0.9607904 0.9099861 0.9607443 0.9097398 0.9607904 0.9099861 0.9602773 0.9099861 0.9602773 0.9097398 0.9607904 0.9097398 0.9601407 0.9099861 0.9602773 0.9097398 0.9601407 0.9101548 0.9599039 0.9101548 0.9599039 0.9097398 0.9601407 0.9099745 0.9596211 0.9101548 0.9599039 0.9099745 0.9596211 0.910447 0.9597241 0.910447 0.9597241 0.9099745 0.9596211 0.910381 0.959371 0.910447 0.9597241 0.910381 0.959371 0.9107844 0.959786 0.9107844 0.959786 0.910381 0.959371 0.9108504 0.9594572 0.9107844 0.959786 0.9108504 0.9594572 0.9110766 0.9600731 0.9110766 0.9600731 0.9108504 0.9594572 0.9112569 0.9598566 0.9110766 0.9600731 0.9112569 0.9598566 0.9112452 0.9605085 0.9112452 0.9605085 0.9112569 0.9598566 0.9114916 0.9604623 0.9112452 0.9605085 0.9114916 0.9604623 0.9112452 0.9609755 0.9112452 0.9609755 0.9114916 0.9604623 0.9114916 0.961112 0.9112452 0.9609755 0.9114916 0.961112 0.9110766 0.9613489 0.9110766 0.9613489 0.9114916 0.961112 0.9112569 0.9616316 0.9110766 0.9613489 0.9112569 0.9616316 0.9107844 0.9615287 0.9107844 0.9615287 0.9112569 0.9616316 0.9108504 0.9618818 0.9107844 0.9615287 0.9108504 0.9618818 0.910447 0.9614667 0.910447 0.9614667 0.9108504 0.9618818 0.910381 0.9617956 0.8402686 0.9630046 0.8402686 0.9606099 0.8407275 0.9630046 0.8407275 0.9630046 0.8402686 0.9606099 0.8407275 0.9606099 0.8407275 0.9630046 0.8407275 0.9606099 0.8410633 0.9630046 0.8410633 0.9630046 0.8407275 0.9606099 0.8410633 0.9606099 0.8384042 0.9605699 0.8384042 0.9629644 0.8379454 0.9605714 0.8379454 0.9605714 0.8384042 0.9629644 0.8379454 0.9629659 0.8379454 0.9605714 0.8379454 0.9629659 0.8374863 0.9605699 0.8374863 0.9605699 0.8379454 0.9629659 0.8374863 0.9629644 0.8374863 0.9605699 0.8374863 0.9629644 0.8371499 0.9605658 0.8371499 0.9605658 0.8374863 0.9629644 0.8371499 0.9629603 0.9231516 0.8896703 0.9213564 0.8898124 0.9230701 0.8892049 0.9230701 0.8892049 0.9213564 0.8898124 0.921275 0.889347 0.9230701 0.8892049 0.921275 0.889347 0.9231516 0.888756 0.9231516 0.888756 0.921275 0.889347 0.9213564 0.8888981 0.8755802 0.9620487 0.8755802 0.959654 0.8759155 0.9620479 0.8759155 0.9620479 0.8755802 0.959654 0.8759155 0.9596533 0.8759155 0.9620479 0.8759155 0.9596533 0.8763743 0.9620476 0.8763743 0.9620476 0.8759155 0.9596533 0.8763743 0.959653 0.8763743 0.9620476 0.8763743 0.959653 0.8768334 0.9620479 0.8768334 0.9620479 0.8763743 0.959653 0.8768334 0.9596533 0.8768334 0.9620479 0.8768334 0.9596533 0.8771701 0.9620487 0.8771701 0.9620487 0.8768334 0.9596533 0.8771701 0.959654 0.8398095 0.9630046 0.8398095 0.9606099 0.8402686 0.9630046 0.8402686 0.9630046 0.8398095 0.9606099 0.8402686 0.9606099 0.8902757 0.9598045 0.8903416 0.9594757 0.8905678 0.9600917 0.8905678 0.9600917 0.8903416 0.9594757 0.8907482 0.9598752 0.8905678 0.9600917 0.8907482 0.9598752 0.8907365 0.960527 0.8907365 0.960527 0.8907482 0.9598752 0.8909829 0.9604809 0.8907365 0.960527 0.8909829 0.9604809 0.8907365 0.960994 0.8907365 0.960994 0.8909829 0.9604809 0.8909829 0.9611306 0.8907365 0.960994 0.8909829 0.9611306 0.8905678 0.9613674 0.8905678 0.9613674 0.8909829 0.9611306 0.8907482 0.9616501 0.8905678 0.9613674 0.8907482 0.9616501 0.8902757 0.9615472 0.8902757 0.9615472 0.8907482 0.9616501 0.8903416 0.9619003 0.8902757 0.9615472 0.8903416 0.9619003 0.8899383 0.9614853 0.8899383 0.9614853 0.8903416 0.9619003 0.8898723 0.9618141 0.8899383 0.9614853 0.8898723 0.9618141 0.8896461 0.9611982 0.8896461 0.9611982 0.8898723 0.9618141 0.8894658 0.9614146 0.8896461 0.9611982 0.8894658 0.9614146 0.8894774 0.9607628 0.8894774 0.9607628 0.8894658 0.9614146 0.889231 0.9608089 0.8894774 0.9607628 0.889231 0.9608089 0.8894774 0.9602959 0.8894774 0.9602959 0.889231 0.9608089 0.889231 0.9601593 0.8894774 0.9602959 0.889231 0.9601593 0.8896461 0.9599224 0.8896461 0.9599224 0.889231 0.9601593 0.8894658 0.9596397 0.8896461 0.9599224 0.8894658 0.9596397 0.8899383 0.9597426 0.8899383 0.9597426 0.8894658 0.9596397 0.8898723 0.9593895 0.8899383 0.9597426 0.8898723 0.9593895 0.8902757 0.9598045 0.8902757 0.9598045 0.8898723 0.9593895 0.8903416 0.9594757 0.9251685 0.9095783 0.9251685 0.9071837 0.9256274 0.9095783 0.9256274 0.9095783 0.9251685 0.9071837 0.9256274 0.9071837 0.9256274 0.9095783 0.9256274 0.9071837 0.9259632 0.9095783 0.9259632 0.9095783 0.9256274 0.9071837 0.9259632 0.9071837 0.9201844 0.9605997 0.9201844 0.9629942 0.9197256 0.9606012 0.9197256 0.9606012 0.9201844 0.9629942 0.9197256 0.9629957 0.9197256 0.9606012 0.9197256 0.9629957 0.9192665 0.9605997 0.9192665 0.9605997 0.9197256 0.9629957 0.9192665 0.9629942 0.9192665 0.9605997 0.9192665 0.9629942 0.9189301 0.9605956 0.9189301 0.9605956 0.9192665 0.9629942 0.9189301 0.9629901 0.8909244 0.9516425 0.8891293 0.9517845 0.890843 0.951177 0.890843 0.951177 0.8891293 0.9517845 0.8890479 0.9513191 0.890843 0.951177 0.8890479 0.9513191 0.8909244 0.9507282 0.8909244 0.9507282 0.8890479 0.9513191 0.8891293 0.9508703 0.8544656 0.9622225 0.8544656 0.9598278 0.8548009 0.9622217 0.8548009 0.9622217 0.8544656 0.9598278 0.8548009 0.959827 0.8548009 0.9622217 0.8548009 0.959827 0.8552596 0.9622215 0.8552596 0.9622215 0.8548009 0.959827 0.8552597 0.9598268 0.8552596 0.9622215 0.8552597 0.9598268 0.8557189 0.9622217 0.8557189 0.9622217 0.8552597 0.9598268 0.8557189 0.959827 0.8557189 0.9622217 0.8557189 0.959827 0.8560555 0.9622225 0.8560555 0.9622225 0.8557189 0.959827 0.8560555 0.9598278 0.9247094 0.9095783 0.9247094 0.9071837 0.9251685 0.9095783 0.9251685 0.9095783 0.9247094 0.9071837 0.9251685 0.9071837 0.8958693 0.9251233 0.8964013 0.9245228 0.8969006 0.9247082 0.8969006 0.9247082 0.8964013 0.9245228 0.8971515 0.9242383 0.8969006 0.9247082 0.8971515 0.9242383 0.8975584 0.9246417 0.8975584 0.9246417 0.8971515 0.9242383 0.8979479 0.924335 0.8975584 0.9246417 0.8979479 0.924335 0.8981612 0.9249131 0.8981612 0.9249131 0.8979479 0.924335 0.8986082 0.9247907 0.8981612 0.9249131 0.8986082 0.9247907 0.8985477 0.9254494 0.8985477 0.9254494 0.8986082 0.9247907 0.898981 0.9255012 0.8985477 0.9254494 0.898981 0.9255012 0.8986141 0.9261072 0.8986141 0.9261072 0.898981 0.9255012 0.898981 0.9263035 0.8986141 0.9261072 0.898981 0.9263035 0.8983428 0.9267101 0.8983428 0.9267101 0.898981 0.9263035 0.8986082 0.9270139 0.8983428 0.9267101 0.8986082 0.9270139 0.8978064 0.9270965 0.8978064 0.9270965 0.8986082 0.9270139 0.8979479 0.9274697 0.8978064 0.9270965 0.8979479 0.9274697 0.8971486 0.927163 0.8971486 0.927163 0.8979479 0.9274697 0.8971515 0.9275664 0.8971486 0.927163 0.8971515 0.9275664 0.8965458 0.9268916 0.8965458 0.9268916 0.8971515 0.9275664 0.8964013 0.9272819 0.8965458 0.9268916 0.8964013 0.9272819 0.8961594 0.9263553 0.8961594 0.9263553 0.8964013 0.9272819 0.8958693 0.9266813 0.8961594 0.9263553 0.8958693 0.9266813 0.8960929 0.9256975 0.8960929 0.9256975 0.8958693 0.9266813 0.8956772 0.9259023 0.8960929 0.9256975 0.8956772 0.9259023 0.8963642 0.9250946 0.8963642 0.9250946 0.8956772 0.9259023 0.8958693 0.9251233 0.8963642 0.9250946 0.8958693 0.9251233 0.8969006 0.9247082 0.8981941 0.9610167 0.8997905 0.9610166 0.8981938 0.9616531 0.8981938 0.9616531 0.8997905 0.9610166 0.8997903 0.9616531 0.8981938 0.9616531 0.8997903 0.9616531 0.8981933 0.9621148 0.8981933 0.9621148 0.8997903 0.9616531 0.8997898 0.9621147 0.8533824 0.9329456 0.8522685 0.9329456 0.85326 0.9323069 0.85326 0.9323069 0.8522685 0.9329456 0.8521462 0.9323069 0.85326 0.9323069 0.8521462 0.9323069 0.8533828 0.9316684 0.8533828 0.9316684 0.8521462 0.9323069 0.8522689 0.9316684 0.861754 0.9598754 0.8633504 0.9598754 0.861753 0.9603418 0.861753 0.9603418 0.8633504 0.9598754 0.8633494 0.9603418 0.861753 0.9603418 0.8633494 0.9603418 0.8617526 0.96098 0.8617526 0.96098 0.8633494 0.9603418 0.8633491 0.96098 0.8617526 0.96098 0.8633491 0.96098 0.861753 0.961619 0.861753 0.961619 0.8633491 0.96098 0.8633494 0.961619 0.861753 0.961619 0.8633494 0.961619 0.861754 0.9620875 0.861754 0.9620875 0.8633494 0.961619 0.8633504 0.9620875 0.8446415 0.8986305 0.8445796 0.8996908 0.8440217 0.8987855 0.8440217 0.8987855 0.8445796 0.8996908 0.8439598 0.8998457 0.8440217 0.8987855 0.8439598 0.8998457 0.8433707 0.898685 0.8433707 0.898685 0.8439598 0.8998457 0.8433088 0.8997453 0.8981933 0.9599028 0.8997898 0.9599028 0.8981938 0.960376 0.8981938 0.960376 0.8997898 0.9599028 0.8997903 0.960376 0.8981938 0.960376 0.8997903 0.960376 0.8981941 0.9610167 0.8981941 0.9610167 0.8997903 0.960376 0.8997905 0.9610166 0.907366 0.9533402 0.907872 0.9530451 0.9132368 0.9561676 0.9082599 0.9502657 0.907872 0.9497147 0.9132368 0.9465889 0.9132368 0.9465889 0.907872 0.9497147 0.907366 0.9494199 0.907872 0.9530451 0.9082599 0.9524939 0.9132368 0.9561676 0.9132368 0.9561676 0.9082599 0.9524939 0.90847 0.9517711 0.9132368 0.9561676 0.90847 0.9517711 0.9132368 0.9465889 0.9132368 0.9465889 0.90847 0.9517711 0.90847 0.9509883 0.9132368 0.9465889 0.90847 0.9509883 0.9082599 0.9502657 0.9049867 0.9558405 0.9132368 0.9561676 0.9041485 0.9561393 0.9041485 0.9561393 0.9132368 0.9561676 0.9037686 0.9561704 0.9068198 0.9533335 0.907366 0.9533402 0.9063685 0.9543892 0.9063685 0.9543892 0.907366 0.9533402 0.9132368 0.9561676 0.9063685 0.9543892 0.9132368 0.9561676 0.9057436 0.9552439 0.9057436 0.9552439 0.9132368 0.9561676 0.9049867 0.9558405 0.907366 0.9494199 0.9068198 0.9494269 0.9132368 0.9465889 0.9132368 0.9465889 0.9068198 0.9494269 0.9063685 0.9483715 0.9132368 0.9465889 0.9063685 0.9483715 0.9057436 0.9475172 0.9057436 0.9475172 0.9049867 0.9469209 0.9132368 0.9465889 0.9132368 0.9465889 0.9049867 0.9469209 0.9041485 0.9466227 0.9132368 0.9465889 0.9041485 0.9466227 0.9037686 0.9465917 0.9230456 0.9528784 0.92313 0.953835 0.9192757 0.9529123 0.9192757 0.9529123 0.92313 0.953835 0.9193601 0.953869 0.838427 0.9605658 0.8371499 0.9605658 0.838427 0.9566179 0.838427 0.9566179 0.8371499 0.9605658 0.8371499 0.9566179 0.9207203 0.8942164 0.9203212 0.8918218 0.9203212 0.8905445 0.9203212 0.8918218 0.9207203 0.8942164 0.9115407 0.8918218 0.9115407 0.8918218 0.9207203 0.8942164 0.9111416 0.8942164 0.9115407 0.8918218 0.9111416 0.8942164 0.9115407 0.8905445 0.9115407 0.8905445 0.9111416 0.8942164 0.9111416 0.8770546 0.9115407 0.8905445 0.9111416 0.8770546 0.9203212 0.8905445 0.9203212 0.8905445 0.9111416 0.8770546 0.9207203 0.8770546 0.9203212 0.8905445 0.9207203 0.8770546 0.9207203 0.8942164 0.9239106 0.9531928 0.9233549 0.9514026 0.9232705 0.950446 0.9233549 0.9514026 0.9239106 0.9531928 0.9146102 0.9514814 0.9146102 0.9514814 0.9239106 0.9531928 0.9143709 0.9532787 0.9146102 0.9514814 0.9143709 0.9532787 0.9145258 0.9505247 0.9145258 0.9505247 0.9143709 0.9532787 0.9132368 0.9404236 0.9145258 0.9505247 0.9132368 0.9404236 0.9232705 0.950446 0.9232705 0.950446 0.9132368 0.9404236 0.9227765 0.9403377 0.9232705 0.950446 0.9227765 0.9403377 0.9239106 0.9531928 0.8789145 0.9280699 0.8960763 0.92807 0.8789145 0.9416397 0.8789145 0.9416397 0.8960763 0.92807 0.8960763 0.9465888 0.8789145 0.9416397 0.8960763 0.9465888 0.8789145 0.9465887 0.9132368 0.9465889 0.8960763 0.9465887 0.9132368 0.94164 0.9132368 0.94164 0.8960763 0.9465887 0.8960763 0.9280699 0.9132368 0.94164 0.8960763 0.9280699 0.9132368 0.9280701 0.9143709 0.9281558 0.9239106 0.9280699 0.9132368 0.9404236 0.9132368 0.9404236 0.9239106 0.9280699 0.9227765 0.9403377 0.8636515 0.9476691 0.8627696 0.948275 0.8617526 0.9468804 0.8627696 0.948275 0.8621397 0.9490185 0.8617526 0.9468804 0.8617526 0.9468804 0.8621397 0.9490185 0.861804 0.9498498 0.8617526 0.9468804 0.861804 0.9498498 0.8617537 0.9503334 0.8709456 0.9490185 0.8713313 0.9468804 0.8712818 0.9498498 0.8712818 0.9498498 0.8713313 0.9468804 0.8713324 0.9503334 0.8709456 0.9490185 0.8703153 0.948275 0.8713313 0.9468804 0.8713313 0.9468804 0.8703153 0.948275 0.8694329 0.9476691 0.8713313 0.9468804 0.8694329 0.9476691 0.8683575 0.9472411 0.8683575 0.9472411 0.867161 0.9470198 0.8713313 0.9468804 0.8713313 0.9468804 0.867161 0.9470198 0.8659231 0.9470198 0.8713313 0.9468804 0.8659231 0.9470198 0.8617526 0.9468804 0.8617526 0.9468804 0.8659231 0.9470198 0.8647267 0.9472411 0.8617526 0.9468804 0.8647267 0.9472411 0.8636515 0.9476691 0.9232823 0.8758354 0.9232823 0.8796208 0.9228137 0.8796209 0.9212341 0.8806146 0.9207203 0.8846166 0.9212037 0.8800117 0.9212037 0.8800117 0.9207203 0.8846166 0.9207203 0.8758361 0.9212037 0.8800117 0.9207203 0.8758361 0.9213755 0.8794595 0.9212341 0.8806146 0.9214596 0.8811255 0.9207203 0.8846166 0.9207203 0.8846166 0.9214596 0.8811255 0.9218268 0.8814231 0.9207203 0.8846166 0.9218268 0.8814231 0.9232823 0.8846159 0.9228137 0.8796209 0.9225246 0.8791806 0.9232823 0.8758354 0.9232823 0.8758354 0.9225246 0.8791806 0.9221248 0.8789881 0.9232823 0.8758354 0.9221248 0.8789881 0.9207203 0.8758361 0.9207203 0.8758361 0.9221248 0.8789881 0.9217089 0.879089 0.9207203 0.8758361 0.9217089 0.879089 0.9213755 0.8794595 0.9228665 0.8806681 0.9232823 0.8806679 0.9226248 0.8811636 0.9226248 0.8811636 0.9232823 0.8806679 0.9232823 0.8846159 0.9226248 0.8811636 0.9232823 0.8846159 0.9222485 0.8814369 0.9222485 0.8814369 0.9232823 0.8846159 0.9218268 0.8814231 0.9235156 0.894692 0.9247927 0.894692 0.9235156 0.8983638 0.9235156 0.8983638 0.9247927 0.894692 0.9247927 0.8983638 0.923648 0.8890398 0.9232034 0.8889947 0.9239221 0.888629 0.9239221 0.888629 0.9232034 0.8889947 0.9232034 0.8852245 0.9232034 0.8939697 0.9232034 0.8900376 0.9235978 0.8900777 0.9235978 0.8900777 0.9238271 0.8905944 0.9232034 0.8939697 0.9232034 0.8939697 0.9238271 0.8905944 0.9241841 0.8909027 0.9232034 0.8939697 0.9241841 0.8909027 0.9256337 0.8942164 0.9256337 0.8942164 0.9241841 0.8909027 0.9245841 0.8909295 0.9256337 0.8942164 0.9245841 0.8909295 0.9249324 0.8906683 0.9249324 0.8906683 0.9251464 0.8901812 0.9256337 0.8942164 0.9256337 0.8942164 0.9251464 0.8901812 0.9251752 0.8895836 0.9256337 0.8942164 0.9251752 0.8895836 0.9256337 0.8854712 0.9251752 0.8895836 0.9250122 0.8890171 0.9256337 0.8854712 0.9256337 0.8854712 0.9250122 0.8890171 0.924696 0.8886162 0.9256337 0.8854712 0.924696 0.8886162 0.9232034 0.8852245 0.9232034 0.8852245 0.924696 0.8886162 0.9243014 0.8884757 0.9232034 0.8852245 0.9243014 0.8884757 0.9239221 0.888629 0.8649472 0.9573222 0.8662244 0.9573222 0.8649472 0.960994 0.8649472 0.960994 0.8662244 0.9573222 0.8662244 0.960994 0.9223144 0.9242463 0.9235916 0.9242463 0.9223144 0.9280317 0.9223144 0.9280317 0.9235916 0.9242463 0.9235916 0.9280317 0.9223144 0.9242463 0.9223144 0.9202984 0.9227302 0.9202983 0.9227302 0.9202983 0.9229719 0.9207937 0.9223144 0.9242463 0.9223144 0.9242463 0.9229719 0.9207937 0.9233482 0.9210667 0.9223144 0.9242463 0.9233482 0.9210667 0.9248763 0.9242455 0.9248763 0.9242455 0.9233482 0.9210667 0.9237699 0.9210527 0.9248763 0.9242455 0.9237699 0.9210527 0.924137 0.9207549 0.922783 0.9192511 0.9223144 0.9192512 0.923072 0.9188106 0.923072 0.9188106 0.9223144 0.9192512 0.9223144 0.9154658 0.924137 0.9207549 0.9243625 0.9202439 0.9248763 0.9242455 0.9248763 0.9242455 0.9243625 0.9202439 0.924393 0.9196409 0.9248763 0.9242455 0.924393 0.9196409 0.9248763 0.9154651 0.924393 0.9196409 0.9242212 0.9190889 0.9248763 0.9154651 0.9248763 0.9154651 0.9242212 0.9190889 0.9238878 0.9187186 0.9248763 0.9154651 0.9238878 0.9187186 0.9223144 0.9154658 0.9223144 0.9154658 0.9238878 0.9187186 0.9234719 0.9186179 0.9223144 0.9154658 0.9234719 0.9186179 0.923072 0.9188106 0.8713324 0.960994 0.8700552 0.960994 0.8713324 0.9573222 0.8713324 0.9573222 0.8700552 0.960994 0.8700552 0.9573222 0.9230456 0.9528784 0.9192757 0.9529123 0.9193168 0.9524674 0.9184662 0.9509766 0.9179375 0.9511954 0.9145258 0.9505247 0.9145258 0.9505247 0.9179375 0.9511954 0.9176089 0.9515466 0.9145258 0.9505247 0.9176089 0.9515466 0.9143009 0.9529571 0.9184662 0.9509766 0.9145258 0.9505247 0.9190694 0.9509423 0.9190694 0.9509423 0.9145258 0.9505247 0.9232705 0.950446 0.9190694 0.9509423 0.9232705 0.950446 0.9196042 0.9511005 0.9182692 0.952527 0.9182327 0.9529217 0.917797 0.9523019 0.917797 0.9523019 0.9182327 0.9529217 0.9143009 0.9529571 0.917797 0.9523019 0.9143009 0.9529571 0.917558 0.9519471 0.917558 0.9519471 0.9143009 0.9529571 0.9176089 0.9515466 0.9193168 0.9524674 0.9197807 0.952189 0.9230456 0.9528784 0.9230456 0.9528784 0.9197807 0.952189 0.9200077 0.9518077 0.9230456 0.9528784 0.9200077 0.9518077 0.9232705 0.950446 0.9232705 0.950446 0.9200077 0.9518077 0.9199438 0.9514137 0.9232705 0.950446 0.9199438 0.9514137 0.9196042 0.9511005 0.9248686 0.9280317 0.9235916 0.9280317 0.9248686 0.9243599 0.9248686 0.9243599 0.9235916 0.9280317 0.9235916 0.9243599 0.9143853 0.9539138 0.9143009 0.9529571 0.9183171 0.9538784 0.9183171 0.9538784 0.9143009 0.9529571 0.9182327 0.9529217 0.9235978 0.8900777 0.9245552 0.8900019 0.9238271 0.8905944 0.9238271 0.8905944 0.9245552 0.8900019 0.9247845 0.8905187 0.8687781 0.960994 0.8700552 0.9609944 0.8687747 0.9615337 0.8687747 0.9615337 0.8700552 0.9609944 0.8700517 0.9615341 0.8687747 0.9615337 0.8700517 0.9615341 0.8687747 0.9621381 0.8687747 0.9621381 0.8700517 0.9615341 0.8700517 0.9621385 0.8687747 0.9621381 0.8700517 0.9621385 0.8687781 0.9626639 0.8687781 0.9626639 0.8700517 0.9621385 0.8700552 0.9626643 0.9259888 0.9328383 0.9247117 0.9328383 0.9259888 0.9323276 0.9259888 0.9323276 0.9247117 0.9328383 0.9247117 0.9323276 0.9259888 0.9323276 0.9247117 0.9323276 0.9259888 0.9317247 0.9259888 0.9317247 0.9247117 0.9323276 0.9247117 0.9317247 0.9259888 0.9317247 0.9247117 0.9317247 0.9259888 0.9311724 0.9259888 0.9311724 0.9247117 0.9317247 0.9247117 0.9311724 0.9253613 0.8785681 0.9240841 0.8785679 0.9253622 0.8780896 0.9253622 0.8780896 0.9240841 0.8785679 0.9240851 0.8780893 0.9253622 0.8780896 0.9240851 0.8780893 0.9253626 0.8774933 0.9253626 0.8774933 0.9240851 0.8780893 0.9240854 0.877493 0.9253626 0.8774933 0.9240854 0.877493 0.9253622 0.8769206 0.9253622 0.8769206 0.9240854 0.877493 0.9240851 0.8769204 0.9253622 0.8769206 0.9240851 0.8769204 0.9253613 0.8765073 0.9253613 0.8765073 0.9240851 0.8769204 0.9240841 0.8765071 0.8473609 0.9612804 0.8473609 0.9625575 0.846765 0.9612804 0.846765 0.9612804 0.8473609 0.9625575 0.846765 0.9625575 0.9240843 0.8758354 0.9253615 0.8758356 0.9240841 0.8765071 0.9240841 0.8765071 0.9253615 0.8758356 0.9253613 0.8765073 0.9203888 0.8769196 0.9197171 0.8769196 0.9203888 0.8756424 0.9203888 0.8756424 0.9197171 0.8769196 0.9197171 0.8756424 0.9248764 0.9021539 0.9254723 0.9021538 0.9248764 0.9034309 0.9248764 0.9034309 0.9254723 0.9021538 0.9254723 0.9034309 0.896576 0.9611448 0.896576 0.962422 0.8961353 0.9611448 0.8961353 0.9611448 0.896576 0.962422 0.8961353 0.962422 0.9260698 0.8963388 0.9247927 0.8963384 0.9260705 0.8957654 0.9260705 0.8957654 0.9247927 0.8963384 0.9247933 0.895765 0.9260705 0.8957654 0.9247933 0.895765 0.9260705 0.8951695 0.9260705 0.8951695 0.9247933 0.895765 0.9247933 0.895169 0.9260705 0.8951695 0.9247933 0.895169 0.9260698 0.8946924 0.9260698 0.8946924 0.9247933 0.895169 0.9247927 0.894692 0.9233063 0.9190886 0.9242212 0.9190889 0.9234781 0.9196407 0.9234781 0.9196407 0.9242212 0.9190889 0.924393 0.9196409 0.9190694 0.9509423 0.9191538 0.951899 0.9184662 0.9509766 0.9184662 0.9509766 0.9191538 0.951899 0.9185506 0.9519333 0.9184662 0.9509766 0.9185506 0.9519333 0.9179375 0.9511954 0.9179375 0.9511954 0.9185506 0.9519333 0.9180219 0.952152 0.8636736 0.9609944 0.8649507 0.960994 0.8636701 0.9615209 0.8636701 0.9615209 0.8649507 0.960994 0.8649471 0.9615206 0.8636701 0.9615209 0.8649471 0.9615206 0.8636701 0.9621253 0.8636701 0.9621253 0.8649471 0.9615206 0.8649471 0.962125 0.8636701 0.9621253 0.8649471 0.962125 0.8636736 0.9626643 0.8636736 0.9626643 0.8649471 0.962125 0.8649507 0.962664 0.8930726 0.9605078 0.8930726 0.9617849 0.8925774 0.9605078 0.8925774 0.9605078 0.8930726 0.9617849 0.8925774 0.9617849 0.9165252 0.9244272 0.9165252 0.9276199 0.9157423 0.9276198 0.9165252 0.9244272 0.9157423 0.9276198 0.9157423 0.9244271 0.9157423 0.9244271 0.9157423 0.9276198 0.9150175 0.9276235 0.9157423 0.9244271 0.9150175 0.9276235 0.9150175 0.9244308 0.9150175 0.9244308 0.9150175 0.9276235 0.9144622 0.9276303 0.9150175 0.9244308 0.9144622 0.9276303 0.9144622 0.9244376 0.9100219 0.9276215 0.9100219 0.9244286 0.9107443 0.9244286 0.9100219 0.9276215 0.9107443 0.9244286 0.9107443 0.9276215 0.9107443 0.9276215 0.9107443 0.9244286 0.9115272 0.9244286 0.9107443 0.9276215 0.9115272 0.9244286 0.9115272 0.9276215 0.9115272 0.9276215 0.9115272 0.9244286 0.9122501 0.9244286 0.9115272 0.9276215 0.9122501 0.9244286 0.9122501 0.9276215 0.9152553 0.8983617 0.9152553 0.8951688 0.9158124 0.89517 0.9152553 0.8983617 0.9158124 0.89517 0.9158124 0.8983629 0.9158124 0.8983629 0.9158124 0.89517 0.9165382 0.8951707 0.9158124 0.8983629 0.9165382 0.8951707 0.9165382 0.8983636 0.9165382 0.8983636 0.9165382 0.8951707 0.917321 0.8951707 0.9165382 0.8983636 0.917321 0.8951707 0.917321 0.8983636 0.9246349 0.9571067 0.9246349 0.9539138 0.9256908 0.9539138 0.9246349 0.9571067 0.9256908 0.9539138 0.9256908 0.9571067 0.8444111 0.9516074 0.847604 0.9516075 0.847602 0.9525048 0.8444111 0.9516074 0.847602 0.9525048 0.8444091 0.9525047 0.8444091 0.9525047 0.847602 0.9525048 0.8476006 0.9535908 0.8444091 0.9525047 0.8476006 0.9535908 0.8444077 0.9535906 0.8444077 0.9535906 0.8476006 0.9535908 0.8475999 0.9547927 0.8444077 0.9535906 0.8475999 0.9547927 0.844407 0.9547926 0.844407 0.9547926 0.8475999 0.9547927 0.8475998 0.9553373 0.844407 0.9547926 0.8475998 0.9553373 0.844407 0.9560303 0.8475998 0.9553373 0.8475999 0.9560304 0.844407 0.9560303 0.844407 0.9560303 0.8475999 0.9560304 0.8476006 0.9572212 0.844407 0.9560303 0.8476006 0.9572212 0.8444077 0.957221 0.8444077 0.957221 0.8476006 0.9572212 0.847602 0.9582854 0.8444077 0.957221 0.847602 0.9582854 0.8444091 0.9582853 0.8444091 0.9582853 0.847602 0.9582854 0.847604 0.9591521 0.8444091 0.9582853 0.847604 0.9591521 0.8444111 0.9591519 0.8636509 0.9499563 0.8636515 0.9476691 0.8647267 0.9472411 0.8636509 0.9499563 0.8647267 0.9472411 0.864726 0.9495283 0.874284 0.9608329 0.8718831 0.9608169 0.8721925 0.9596688 0.874284 0.9608329 0.8721925 0.9596688 0.8745933 0.9596847 0.8745933 0.9596847 0.8721925 0.9596688 0.8722979 0.9584404 0.8745933 0.9596847 0.8722979 0.9584404 0.8746988 0.9584563 0.8746988 0.9584563 0.8722979 0.9584404 0.8721925 0.9572138 0.8746988 0.9584563 0.8721925 0.9572138 0.8745933 0.9572298 0.8745933 0.9572298 0.8721925 0.9572138 0.8718831 0.956071 0.8745933 0.9572298 0.8718831 0.956071 0.874284 0.956087 0.8443848 0.9591524 0.8411921 0.9591529 0.8412029 0.9582834 0.8443848 0.9591524 0.8412029 0.9582834 0.8443955 0.9582828 0.8443955 0.9582828 0.8412029 0.9582834 0.8412104 0.957217 0.8443955 0.9582828 0.8412104 0.957217 0.844403 0.9572165 0.844403 0.9572165 0.8412104 0.957217 0.8412143 0.9560253 0.844403 0.9572165 0.8412143 0.9560253 0.844407 0.9560247 0.844407 0.9560247 0.8412143 0.9560253 0.8412148 0.955332 0.844407 0.9560247 0.8412148 0.955332 0.844407 0.9547869 0.8412148 0.955332 0.8412143 0.9547875 0.844407 0.9547869 0.844407 0.9547869 0.8412143 0.9547875 0.8412104 0.9535865 0.844407 0.9547869 0.8412104 0.9535865 0.844403 0.9535859 0.844403 0.9535859 0.8412104 0.9535865 0.8412029 0.9525025 0.844403 0.9535859 0.8412029 0.9525025 0.8443955 0.952502 0.8443955 0.952502 0.8412029 0.9525025 0.8411921 0.951608 0.8443955 0.952502 0.8411921 0.951608 0.8443848 0.9516074 0.9256899 0.9571067 0.9256899 0.9602996 0.9246349 0.9602996 0.9256899 0.9571067 0.9246349 0.9602996 0.9246349 0.9571067 0.8672899 0.9556561 0.8684966 0.9556719 0.8674054 0.9559568 0.8674054 0.9559568 0.8684966 0.9556719 0.8685036 0.9562181 0.8674054 0.9559568 0.8685036 0.9562181 0.86729 0.9562576 0.86729 0.9562576 0.8685036 0.9562181 0.8682088 0.9567241 0.86729 0.9562576 0.8682088 0.9567241 0.8669746 0.9564778 0.8672899 0.9556561 0.8665428 0.9539407 0.8684966 0.9556719 0.8684966 0.9556719 0.8665428 0.9539407 0.8669361 0.9539119 0.8684966 0.9556719 0.8669361 0.9539119 0.869552 0.9552206 0.869552 0.9552206 0.8669361 0.9539119 0.8676547 0.9536886 0.869552 0.9552206 0.8676547 0.9536886 0.8704063 0.9545957 0.8704063 0.9545957 0.8676547 0.9536886 0.8681809 0.9532807 0.8704063 0.9545957 0.8681809 0.9532807 0.8710026 0.9538389 0.8710026 0.9538389 0.8681809 0.9532807 0.8684238 0.9527587 0.8673115 0.9514148 0.8694323 0.9499563 0.867948 0.9517375 0.867948 0.9517375 0.8694323 0.9499563 0.8703146 0.9505622 0.867948 0.9517375 0.8703146 0.9505622 0.8683415 0.9522128 0.866542 0.9513007 0.8671603 0.949307 0.8673115 0.9514148 0.8673115 0.9514148 0.8671603 0.949307 0.868357 0.9495283 0.8673115 0.9514148 0.868357 0.9495283 0.8694323 0.9499563 0.8682088 0.9567241 0.8676578 0.957112 0.8669746 0.9564778 0.8669746 0.9564778 0.8676578 0.957112 0.8669352 0.9573222 0.8669746 0.9564778 0.8669352 0.9573222 0.8665435 0.9565584 0.8665435 0.9565584 0.8669352 0.9573222 0.8661523 0.9573222 0.8665435 0.9565584 0.8661523 0.9573222 0.8661125 0.9564778 0.8661125 0.9564778 0.8661523 0.9573222 0.8654296 0.957112 0.8661125 0.9564778 0.8654296 0.957112 0.8657969 0.9562576 0.8657969 0.9562576 0.8654296 0.957112 0.8648783 0.9567241 0.8657969 0.9562576 0.8648783 0.9567241 0.8656813 0.9559568 0.8656813 0.9559568 0.8648783 0.9567241 0.8645833 0.9562181 0.8656813 0.9559568 0.8645833 0.9562181 0.8657967 0.9556561 0.8657967 0.9556561 0.8645833 0.9562181 0.8645899 0.9556719 0.8703146 0.9505622 0.870945 0.9513057 0.8683415 0.9522128 0.8683415 0.9522128 0.870945 0.9513057 0.8712812 0.952137 0.8683415 0.9522128 0.8712812 0.952137 0.8684238 0.9527587 0.8684238 0.9527587 0.8712812 0.952137 0.8713008 0.9530006 0.8684238 0.9527587 0.8713008 0.9530006 0.8710026 0.9538389 0.8672899 0.9556561 0.8669742 0.9554359 0.8665428 0.9539407 0.8665428 0.9539407 0.8669742 0.9554359 0.8665432 0.9553554 0.8665428 0.9539407 0.8665432 0.9553554 0.8661494 0.9539119 0.8661494 0.9539119 0.8665432 0.9553554 0.8661122 0.9554359 0.8661494 0.9539119 0.8661122 0.9554359 0.8654307 0.9536886 0.8654307 0.9536886 0.8661122 0.9554359 0.8649042 0.9532807 0.8651363 0.9517375 0.8636509 0.9499563 0.8657726 0.9514148 0.8657726 0.9514148 0.8636509 0.9499563 0.864726 0.9495283 0.8657726 0.9514148 0.864726 0.9495283 0.866542 0.9513007 0.866542 0.9513007 0.864726 0.9495283 0.8659225 0.949307 0.866542 0.9513007 0.8659225 0.949307 0.8671603 0.949307 0.864661 0.9527587 0.8618033 0.952137 0.8647431 0.9522128 0.8647431 0.9522128 0.8618033 0.952137 0.862139 0.9513057 0.8647431 0.9522128 0.862139 0.9513057 0.8651363 0.9517375 0.8651363 0.9517375 0.862139 0.9513057 0.8627689 0.9505622 0.8651363 0.9517375 0.8627689 0.9505622 0.8636509 0.9499563 0.8661122 0.9554359 0.8657967 0.9556561 0.8649042 0.9532807 0.8649042 0.9532807 0.8657967 0.9556561 0.8645899 0.9556719 0.8649042 0.9532807 0.8645899 0.9556719 0.864661 0.9527587 0.864661 0.9527587 0.8645899 0.9556719 0.8635343 0.9552206 0.864661 0.9527587 0.8635343 0.9552206 0.8626796 0.9545957 0.8626796 0.9545957 0.862083 0.9538389 0.864661 0.9527587 0.864661 0.9527587 0.862083 0.9538389 0.8617842 0.9530006 0.864661 0.9527587 0.8617842 0.9530006 0.8618033 0.952137 0.9046394 0.9251737 0.9043228 0.9256313 0.9041076 0.925287 0.9032927 0.9252928 0.9029865 0.9246305 0.903513 0.9250915 0.903513 0.9250915 0.9029865 0.9246305 0.9033638 0.9244128 0.903513 0.9250915 0.9033638 0.9244128 0.9038112 0.9250894 0.9038112 0.9250894 0.9033638 0.9244128 0.9038172 0.9244409 0.9038112 0.9250894 0.9038172 0.9244409 0.9041076 0.925287 0.9041076 0.925287 0.9038172 0.9244409 0.9042685 0.9247101 0.9041076 0.925287 0.9042685 0.9247101 0.9046394 0.9251737 0.9037973 0.92658 0.9035603 0.9271219 0.9035009 0.9263824 0.9035009 0.9263824 0.9035603 0.9271219 0.9031401 0.9267475 0.9035009 0.9263824 0.9031401 0.9267475 0.9032858 0.9260381 0.9032858 0.9260381 0.9031401 0.9267475 0.9028347 0.9262151 0.9032858 0.9260381 0.9028347 0.9262151 0.9032096 0.9256392 0.9032096 0.9256392 0.9028347 0.9262151 0.902697 0.9256169 0.9032096 0.9256392 0.902697 0.9256169 0.9032927 0.9252928 0.9032927 0.9252928 0.902697 0.9256169 0.9027507 0.9250564 0.9032927 0.9252928 0.9027507 0.9250564 0.9029865 0.9246305 0.9046394 0.9251737 0.9047738 0.9254543 0.9043228 0.9256313 0.9043228 0.9256313 0.9047738 0.9254543 0.9048659 0.9257516 0.9043228 0.9256313 0.9048659 0.9257516 0.9043989 0.9260301 0.9043989 0.9260301 0.9048659 0.9257516 0.9049088 0.9263438 0.9043989 0.9260301 0.9049088 0.9263438 0.9043158 0.9263766 0.9043158 0.9263766 0.9049088 0.9263438 0.9047608 0.9268481 0.9043158 0.9263766 0.9047608 0.9268481 0.9040955 0.9265779 0.9040955 0.9265779 0.9047608 0.9268481 0.9044474 0.927177 0.9040955 0.9265779 0.9044474 0.927177 0.9037973 0.92658 0.9037973 0.92658 0.9044474 0.927177 0.9040227 0.9272739 0.9037973 0.92658 0.9040227 0.9272739 0.9035603 0.9271219 0.9202666 0.9265823 0.9198733 0.9265823 0.9198733 0.9244271 0.9198733 0.9244271 0.9198733 0.9265823 0.91948 0.9244271 0.9198733 0.9265823 0.91948 0.9265823 0.91948 0.9244271 0.91948 0.9244271 0.91948 0.9265823 0.9187616 0.9265823 0.91948 0.9244271 0.9187616 0.9265823 0.9187616 0.9244271 0.9074631 0.9244286 0.9096182 0.9244286 0.9096247 0.9250125 0.9074631 0.9244286 0.9096247 0.9250125 0.9074696 0.9250125 0.9074696 0.9250125 0.9096247 0.9250125 0.9096277 0.9257604 0.9074696 0.9250125 0.9096277 0.9257604 0.9074727 0.9257604 0.9074727 0.9257604 0.9096277 0.9257604 0.9096267 0.9265428 0.9074727 0.9257604 0.9096267 0.9265428 0.9074717 0.9265428 0.9074717 0.9265428 0.9096267 0.9265428 0.9096218 0.9272246 0.9074717 0.9265428 0.9096218 0.9272246 0.9074668 0.9272246 0.921936 0.8734204 0.9235538 0.8735165 0.9237652 0.8742173 0.921936 0.8734204 0.9237652 0.8742173 0.9221474 0.8741211 0.9221474 0.8741211 0.9237652 0.8742173 0.9237652 0.8750022 0.9221474 0.8741211 0.9237652 0.8750022 0.9221474 0.874906 0.9221474 0.874906 0.9237652 0.8750022 0.9235538 0.8757354 0.9221474 0.874906 0.9235538 0.8757354 0.921936 0.8756392 0.9057173 0.8983641 0.903562 0.8983636 0.9035607 0.8979024 0.9057173 0.8983641 0.9035607 0.8979024 0.9057159 0.897903 0.9057159 0.897903 0.9035607 0.8979024 0.9035599 0.897222 0.9057159 0.897903 0.9035599 0.897222 0.9057152 0.8972225 0.9057152 0.8972225 0.9035599 0.897222 0.9035599 0.8964398 0.9057152 0.8972225 0.9035599 0.8964398 0.9057152 0.8964403 0.9057152 0.8964403 0.9035599 0.8964398 0.9035607 0.8956912 0.9057152 0.8964403 0.9035607 0.8956912 0.9057159 0.8956917 0.9057159 0.8956917 0.9035607 0.8956912 0.903562 0.8951055 0.9057159 0.8956917 0.903562 0.8951055 0.9057173 0.8951061 0.9209855 0.9244271 0.9209855 0.9265823 0.9202666 0.9265823 0.9209855 0.9244271 0.9202666 0.9265823 0.9202666 0.9244271 0.9202666 0.9244271 0.9202666 0.9265823 0.9198733 0.9244271 0.8534238 0.935781 0.853467 0.936193 0.8533473 0.9362025 0.8535434 0.934157 0.8533838 0.934157 0.8533831 0.9338421 0.8535434 0.934157 0.8533831 0.9338421 0.8535427 0.9338421 0.8535427 0.9338421 0.8533831 0.9338421 0.8533828 0.9334113 0.8535427 0.9338421 0.8533828 0.9334113 0.8535424 0.9334113 0.8535424 0.9334113 0.8533828 0.9334113 0.8533831 0.93298 0.8535424 0.9334113 0.8533831 0.93298 0.8535427 0.93298 0.8535427 0.93298 0.8533831 0.93298 0.8533838 0.9326638 0.8535427 0.93298 0.8533838 0.9326638 0.8535434 0.9326638 0.8535424 0.9353344 0.8533828 0.9353344 0.8533828 0.9349033 0.8535424 0.9353344 0.8533828 0.9349033 0.8535425 0.9349033 0.8535425 0.9349033 0.8533828 0.9349033 0.8533828 0.9344723 0.8535425 0.9349033 0.8533828 0.9344723 0.8535425 0.9344723 0.8535425 0.9344723 0.8533828 0.9344723 0.8533828 0.934157 0.8535425 0.9344723 0.8533828 0.934157 0.8535424 0.934157 0.8535434 0.9326643 0.853703 0.9326638 0.8537059 0.9330947 0.8535434 0.9326643 0.8537059 0.9330947 0.8535463 0.9330952 0.8535463 0.9330952 0.8537059 0.9330947 0.8537059 0.9335259 0.8535463 0.9330952 0.8537059 0.9335259 0.8535463 0.9335264 0.8535463 0.9335264 0.8537059 0.9335259 0.853703 0.9338418 0.8535463 0.9335264 0.853703 0.9338418 0.8535434 0.9338424 0.8533473 0.9353439 0.853467 0.9353344 0.8535434 0.9357715 0.8533473 0.9353439 0.8535434 0.9357715 0.8534238 0.935781 0.8534238 0.935781 0.8535434 0.9357715 0.853467 0.936193 0.8682511 0.9613761 0.8685255 0.9616457 0.8680927 0.9621653 0.8680927 0.9621653 0.8685255 0.9616457 0.8686839 0.9620546 0.8680927 0.9621653 0.8686839 0.9620546 0.8686839 0.9624931 0.8675014 0.9618375 0.8676599 0.9614868 0.8680927 0.9621653 0.8680927 0.9621653 0.8676599 0.9614868 0.8679342 0.9613179 0.8680927 0.9621653 0.8679342 0.9613179 0.8682511 0.9613761 0.8679342 0.9629545 0.8676599 0.9626849 0.8680927 0.9621653 0.8680927 0.9621653 0.8676599 0.9626849 0.8675014 0.9622761 0.8680927 0.9621653 0.8675014 0.9622761 0.8675014 0.9618375 0.8686839 0.9624931 0.8685255 0.9628438 0.8680927 0.9621653 0.8680927 0.9621653 0.8685255 0.9628438 0.8682511 0.9630127 0.8680927 0.9621653 0.8682511 0.9630127 0.8679342 0.9629545 0.9201839 0.9269815 0.9198735 0.9269815 0.9198733 0.9265823 0.9198733 0.9265823 0.9198735 0.9269815 0.91948 0.9265823 0.9198735 0.9269815 0.9195632 0.9269815 0.91948 0.9265823 0.91948 0.9265823 0.9195632 0.9269815 0.9189963 0.9269815 0.91948 0.9265823 0.9189963 0.9269815 0.9187616 0.9265823 0.9096182 0.9244286 0.9100144 0.9247518 0.9100195 0.9252125 0.9096182 0.9244286 0.9100195 0.9252125 0.9096247 0.9250125 0.9096247 0.9250125 0.9100195 0.9252125 0.9100219 0.9258026 0.9096247 0.9250125 0.9100219 0.9258026 0.9096277 0.9257604 0.9096277 0.9257604 0.9100219 0.9258026 0.9100211 0.9264199 0.9096277 0.9257604 0.9100211 0.9264199 0.9096267 0.9265428 0.9025017 0.9244128 0.9029865 0.9246305 0.9027507 0.9250564 0.9025017 0.9244128 0.9027507 0.9250564 0.9022027 0.9249526 0.9022027 0.9249526 0.9027507 0.9250564 0.902697 0.9256169 0.9022027 0.9249526 0.902697 0.9256169 0.9021347 0.9256629 0.9021347 0.9256629 0.902697 0.9256169 0.9028347 0.9262151 0.9021347 0.9256629 0.9028347 0.9262151 0.9023092 0.926421 0.9023092 0.926421 0.9028347 0.9262151 0.9031401 0.9267475 0.9023092 0.926421 0.9031401 0.9267475 0.9026963 0.9270957 0.9026963 0.9270957 0.9031401 0.9267475 0.9035603 0.9271219 0.9026963 0.9270957 0.9035603 0.9271219 0.9032289 0.9275704 0.9032289 0.9275704 0.9035603 0.9271219 0.9040227 0.9272739 0.9032289 0.9275704 0.9040227 0.9272739 0.9038149 0.9277631 0.9035599 0.897222 0.9031617 0.8970978 0.9031617 0.8964806 0.9035599 0.897222 0.9031617 0.8964806 0.9035599 0.8964398 0.9035599 0.8964398 0.9031617 0.8964806 0.9031623 0.8958899 0.9035599 0.8964398 0.9031623 0.8958899 0.9035607 0.8956912 0.9035607 0.8956912 0.9031623 0.8958899 0.9031634 0.8954278 0.9035607 0.8956912 0.9031634 0.8954278 0.903562 0.8951055 0.9209855 0.9265823 0.9207511 0.9269815 0.9201839 0.9269815 0.9209855 0.9265823 0.9201839 0.9269815 0.9202666 0.9265823 0.9202666 0.9265823 0.9201839 0.9269815 0.9198733 0.9265823 0.9250952 0.9391787 0.9250952 0.9361775 0.9255042 0.9391401 0.9255042 0.9391401 0.9250952 0.9361775 0.9255042 0.9361389 0.8505071 0.9603466 0.8505071 0.9563558 0.8507996 0.9603502 0.8507996 0.9603502 0.8505071 0.9563558 0.8507996 0.9563593 0.8507996 0.9603502 0.8507996 0.9563593 0.8511989 0.9603515 0.8511989 0.9603515 0.8507996 0.9563593 0.8511989 0.9563607 0.8511989 0.9603515 0.8511989 0.9563607 0.8515979 0.9603502 0.8515979 0.9603502 0.8511989 0.9563607 0.8515979 0.9563593 0.9250009 0.9494373 0.9250009 0.9534284 0.9247089 0.9494373 0.9247089 0.9494373 0.9250009 0.9534284 0.9247089 0.9534284 0.9247089 0.9494373 0.9247089 0.9534284 0.9243099 0.9494373 0.9243099 0.9494373 0.9247089 0.9534284 0.9243099 0.9534284 0.9243099 0.9494373 0.9243099 0.9534284 0.9239106 0.9494373 0.9239106 0.9494373 0.9243099 0.9534284 0.9239106 0.9534284 0.8398095 0.9566188 0.8398095 0.9606099 0.8395168 0.9566181 0.8395168 0.9566181 0.8398095 0.9606099 0.8395168 0.9606093 0.8395168 0.9566181 0.8395168 0.9606093 0.8391175 0.9566179 0.8391175 0.9566179 0.8395168 0.9606093 0.8391175 0.960609 0.8391175 0.9566179 0.8391175 0.960609 0.8387185 0.9566181 0.8387185 0.9566181 0.8391175 0.960609 0.8387185 0.9606093 0.8387185 0.9566181 0.8387185 0.9606093 0.838427 0.9566188 0.838427 0.9566188 0.8387185 0.9606093 0.838427 0.9606099 0.9247117 0.9390773 0.9247117 0.9360762 0.9250952 0.9391787 0.9250952 0.9391787 0.9247117 0.9360762 0.9250952 0.9361775 0.9092589 0.9616734 0.9095129 0.9619231 0.9091122 0.9624042 0.9091122 0.9624042 0.9095129 0.9619231 0.9096596 0.9623017 0.9091122 0.9624042 0.9096596 0.9623017 0.9096596 0.9627078 0.9085648 0.9621007 0.9087114 0.961776 0.9091122 0.9624042 0.9091122 0.9624042 0.9087114 0.961776 0.9089655 0.9616196 0.9091122 0.9624042 0.9089655 0.9616196 0.9092589 0.9616734 0.9089655 0.963135 0.9087114 0.9628853 0.9091122 0.9624042 0.9091122 0.9624042 0.9087114 0.9628853 0.9085648 0.9625067 0.9091122 0.9624042 0.9085648 0.9625067 0.9085648 0.9621007 0.9096596 0.9627078 0.9095129 0.9630325 0.9091122 0.9624042 0.9091122 0.9624042 0.9095129 0.9630325 0.9092589 0.9631888 0.9091122 0.9624042 0.9092589 0.9631888 0.9089655 0.963135 0.8617517 0.9262828 0.8619513 0.9262828 0.8617519 0.9266293 0.8617519 0.9266293 0.8619513 0.9262828 0.8619515 0.9266293 0.8617519 0.9266293 0.8619515 0.9266293 0.8617523 0.9269075 0.8617523 0.9269075 0.8619515 0.9266293 0.8619519 0.9269075 0.8597285 0.9587581 0.8598612 0.9587585 0.8598738 0.959055 0.8598738 0.959055 0.8598612 0.9587585 0.8600065 0.9590554 0.8598738 0.959055 0.8600065 0.9590554 0.8599084 0.9594071 0.8599084 0.9594071 0.8600065 0.9590554 0.8600412 0.9594075 0.8599084 0.9594071 0.8600412 0.9594075 0.8598255 0.9597448 0.8598255 0.9597448 0.8600412 0.9594075 0.8599582 0.9597452 0.8617517 0.9269075 0.8619513 0.9269075 0.861752 0.927188 0.861752 0.927188 0.8619513 0.9269075 0.8619516 0.927188 0.861752 0.927188 0.8619516 0.927188 0.8617521 0.9275352 0.8617521 0.9275352 0.8619516 0.927188 0.8619517 0.9275352 0.8617521 0.9275352 0.8619517 0.9275352 0.861752 0.9278806 0.861752 0.9278806 0.8619517 0.9275352 0.8619516 0.9278806 0.861752 0.9278806 0.8619516 0.9278806 0.8617517 0.9281556 0.8617517 0.9281556 0.8619516 0.9278806 0.8619513 0.9281556 0.8536324 0.9326637 0.8534932 0.9326638 0.853522 0.9323437 0.853522 0.9323437 0.8534932 0.9326638 0.8533828 0.9323437 0.853522 0.9323437 0.8533828 0.9323437 0.853522 0.9319884 0.853522 0.9319884 0.8533828 0.9323437 0.8533828 0.9319885 0.853522 0.9319884 0.8533828 0.9319885 0.8536324 0.9316684 0.8536324 0.9316684 0.8533828 0.9319885 0.8534932 0.9316684 0.8617523 0.9256594 0.8619519 0.9256594 0.8617519 0.9259366 0.8617519 0.9259366 0.8619519 0.9256594 0.8619515 0.9259366 0.8617519 0.9259366 0.8619515 0.9259366 0.8617517 0.9262828 0.8617517 0.9262828 0.8619515 0.9259366 0.8619513 0.9262828 0.8510098 0.9555774 0.8506554 0.9563558 0.8505145 0.9555123 0.8505145 0.9555123 0.8506554 0.9563558 0.8500516 0.956194 0.8505145 0.9555123 0.8500516 0.956194 0.8500638 0.9552972 0.8500638 0.9552972 0.8500516 0.956194 0.8495102 0.9558814 0.8500638 0.9552972 0.8495102 0.9558814 0.8497014 0.9549534 0.8497014 0.9549534 0.8495102 0.9558814 0.8490682 0.9554393 0.8497014 0.9549534 0.8490682 0.9554393 0.8494631 0.9545145 0.8494631 0.9545145 0.8490682 0.9554393 0.8487556 0.9548979 0.8494631 0.9545145 0.8487556 0.9548979 0.8493721 0.9540234 0.8487556 0.9548979 0.8485938 0.9542942 0.8493721 0.9540234 0.8493721 0.9540234 0.8485938 0.9542942 0.8485938 0.953669 0.8493721 0.9540234 0.8485938 0.953669 0.8494372 0.9535282 0.8494372 0.9535282 0.8485938 0.953669 0.8487556 0.9530652 0.8494372 0.9535282 0.8487556 0.9530652 0.8496523 0.9530773 0.8496523 0.9530773 0.8487556 0.9530652 0.8490682 0.9525238 0.8496523 0.9530773 0.8490682 0.9525238 0.8499961 0.952715 0.8499961 0.952715 0.8490682 0.9525238 0.8495102 0.9520817 0.8499961 0.952715 0.8495102 0.9520817 0.8504351 0.9524767 0.8504351 0.9524767 0.8495102 0.9520817 0.8500516 0.9517692 0.8504351 0.9524767 0.8500516 0.9517692 0.8509262 0.9523857 0.8525639 0.9539398 0.8533422 0.9542942 0.8524987 0.954435 0.8524987 0.954435 0.8533422 0.9542942 0.8531804 0.9548979 0.8524987 0.954435 0.8531804 0.9548979 0.8522837 0.9548858 0.8522837 0.9548858 0.8531804 0.9548979 0.8528679 0.9554393 0.8522837 0.9548858 0.8528679 0.9554393 0.8519399 0.9552481 0.8519399 0.9552481 0.8528679 0.9554393 0.8524258 0.9558814 0.8519399 0.9552481 0.8524258 0.9558814 0.8515009 0.9554864 0.8515009 0.9554864 0.8524258 0.9558814 0.8518844 0.956194 0.8515009 0.9554864 0.8518844 0.956194 0.8510098 0.9555774 0.8510098 0.9555774 0.8518844 0.956194 0.8512806 0.9563558 0.8510098 0.9555774 0.8512806 0.9563558 0.8506554 0.9563558 0.8500516 0.9517692 0.8506554 0.9516074 0.8509262 0.9523857 0.8509262 0.9523857 0.8506554 0.9516074 0.8512806 0.9516074 0.8509262 0.9523857 0.8512806 0.9516074 0.8514214 0.9524509 0.8514214 0.9524509 0.8512806 0.9516074 0.8518844 0.9517692 0.8514214 0.9524509 0.8518844 0.9517692 0.8518723 0.9526659 0.8518723 0.9526659 0.8518844 0.9517692 0.8524258 0.9520817 0.8518723 0.9526659 0.8524258 0.9520817 0.8522346 0.9530097 0.8522346 0.9530097 0.8524258 0.9520817 0.8528679 0.9525238 0.8522346 0.9530097 0.8528679 0.9525238 0.8524729 0.9534487 0.8524729 0.9534487 0.8528679 0.9525238 0.8531804 0.9530652 0.8524729 0.9534487 0.8531804 0.9530652 0.8525639 0.9539398 0.8525639 0.9539398 0.8531804 0.9530652 0.8533422 0.953669 0.8525639 0.9539398 0.8533422 0.953669 0.8533422 0.9542942 0.8581797 0.959028 0.8581797 0.9596531 0.8578468 0.9594215 0.8559942 0.95925 0.8549973 0.9586259 0.8560556 0.9586306 0.8560556 0.9586306 0.8549973 0.9586259 0.8549904 0.9583947 0.8560556 0.9586306 0.8549904 0.9583947 0.856 0.9580105 0.8549904 0.9583947 0.8549419 0.9580058 0.856 0.9580105 0.856 0.9580105 0.8549419 0.9580058 0.8547732 0.9574274 0.856 0.9580105 0.8547732 0.9574274 0.8558314 0.9574321 0.9207218 0.8942164 0.9222384 0.8942164 0.9222378 0.8945908 0.9207218 0.8942164 0.9222378 0.8945908 0.9207212 0.8945909 0.9207212 0.8945909 0.9222378 0.8945908 0.9222373 0.895082 0.9207212 0.8945909 0.9222373 0.895082 0.9207207 0.8950821 0.9207207 0.8950821 0.9222373 0.895082 0.922237 0.8956566 0.9207207 0.8950821 0.922237 0.8956566 0.9207204 0.8956566 0.9207204 0.8956566 0.922237 0.8956566 0.9222369 0.8962753 0.9207204 0.8956566 0.9222369 0.8962753 0.9207203 0.8962754 0.9207203 0.8962754 0.9222369 0.8962753 0.922237 0.8968961 0.9207203 0.8962754 0.922237 0.8968961 0.9207204 0.8968961 0.9207204 0.8968961 0.922237 0.8968961 0.9222373 0.8974766 0.9207204 0.8968961 0.9222373 0.8974766 0.9207207 0.8974766 0.9207207 0.8974766 0.9222373 0.8974766 0.9222378 0.8979771 0.9207207 0.8974766 0.9222378 0.8979771 0.9207212 0.8979771 0.9207212 0.8979771 0.9222378 0.8979771 0.9222384 0.8983638 0.9207212 0.8979771 0.9222384 0.8983638 0.9207218 0.8983638 0.8561763 0.9584171 0.8571853 0.9584203 0.8570645 0.9590244 0.8561763 0.9584171 0.8570645 0.9590244 0.8560555 0.9590212 0.8560555 0.9590212 0.8570645 0.9590244 0.8570502 0.959419 0.8560555 0.9590212 0.8570502 0.959419 0.8560555 0.9596464 0.8560555 0.9596464 0.8570502 0.959419 0.8570645 0.9596496 0.8560555 0.9596464 0.8570645 0.9596496 0.8561763 0.9602499 0.8578468 0.9594215 0.8581797 0.9596531 0.8578611 0.9596521 0.8578611 0.9596521 0.8581797 0.9596531 0.8583005 0.9602566 0.8578611 0.9596521 0.8583005 0.9602566 0.8570645 0.9596496 0.8578468 0.9594215 0.8578611 0.959027 0.8581797 0.959028 0.8581797 0.959028 0.8578611 0.959027 0.8579818 0.9584228 0.8581797 0.959028 0.8579818 0.9584228 0.8583005 0.9584239 0.8718485 0.9600428 0.8713696 0.9600428 0.871369 0.9596562 0.8718485 0.9600428 0.871369 0.9596562 0.8718479 0.9596562 0.8718479 0.9596562 0.871369 0.9596562 0.8713685 0.9591556 0.8718479 0.9596562 0.8713685 0.9591556 0.8718474 0.9591556 0.8718474 0.9591556 0.8713685 0.9591556 0.8713682 0.9585751 0.8718474 0.9591556 0.8713682 0.9585751 0.8718471 0.9585751 0.8718471 0.9585751 0.8713682 0.9585751 0.8713681 0.9579544 0.8718471 0.9585751 0.8713681 0.9579544 0.871847 0.9579544 0.871847 0.9579544 0.8713681 0.9579544 0.8713682 0.9573356 0.871847 0.9579544 0.8713682 0.9573356 0.8718471 0.9573356 0.8718471 0.9573356 0.8713682 0.9573356 0.8713685 0.9567611 0.8718471 0.9573356 0.8713685 0.9567611 0.8718474 0.9567611 0.8718474 0.9567611 0.8713685 0.9567611 0.871369 0.9562699 0.8718474 0.9567611 0.871369 0.9562699 0.8718479 0.9562698 0.8718479 0.9562698 0.871369 0.9562699 0.8713696 0.9558954 0.8718479 0.9562698 0.8713696 0.9558954 0.8718485 0.9558954 0.8536036 0.9574222 0.8539378 0.9574236 0.8541064 0.958002 0.8536036 0.9574222 0.8541064 0.958002 0.8537722 0.9580006 0.8537722 0.9580006 0.8541064 0.958002 0.854155 0.9583909 0.8537722 0.9580006 0.854155 0.9583909 0.8538277 0.9586207 0.8538277 0.9586207 0.854155 0.9583909 0.8541619 0.9586222 0.8538277 0.9586207 0.8541619 0.9586222 0.8537663 0.9592401 0.8570645 0.9596496 0.8583005 0.9602566 0.8561763 0.9602499 0.8561763 0.9602499 0.8583005 0.9602566 0.8585339 0.9607974 0.8561763 0.9602499 0.8585339 0.9607974 0.8564097 0.9607907 0.8999665 0.8942164 0.9031594 0.8942164 0.9031603 0.8945981 0.8999665 0.8942164 0.9031603 0.8945981 0.8999674 0.8945981 0.8999674 0.8945981 0.9031603 0.8945981 0.9031611 0.8950949 0.8999674 0.8945981 0.9031611 0.8950949 0.8999682 0.8950949 0.8999682 0.8950949 0.9031611 0.8950949 0.9031616 0.895673 0.8999682 0.8950949 0.9031616 0.895673 0.8999687 0.895673 0.8999687 0.895673 0.9031616 0.895673 0.9031618 0.8962929 0.8999687 0.895673 0.9031618 0.8962929 0.8999689 0.8962929 0.8999689 0.8962929 0.9031618 0.8962929 0.9031616 0.8969126 0.8999689 0.8962929 0.9031616 0.8969126 0.8999687 0.8969126 0.8999687 0.8969126 0.9031616 0.8969126 0.9031611 0.8974896 0.8999687 0.8969126 0.9031611 0.8974896 0.8999682 0.8974896 0.8999682 0.8974896 0.9031611 0.8974896 0.9031603 0.8979846 0.8999682 0.8974896 0.9031603 0.8979846 0.8999674 0.8979846 0.8999674 0.8979846 0.9031603 0.8979846 0.9031593 0.8983641 0.8999674 0.8979846 0.9031593 0.8983641 0.8999664 0.8983641 0.85582 0.9598268 0.8535922 0.9598168 0.8537663 0.9592401 0.85582 0.9598268 0.8537663 0.9592401 0.8559942 0.95925 0.8559942 0.95925 0.8537663 0.9592401 0.8541619 0.9586222 0.8559942 0.95925 0.8541619 0.9586222 0.8549973 0.9586259 0.9165252 0.9257172 0.9187602 0.9257172 0.9165254 0.9262107 0.9165254 0.9262107 0.9187602 0.9257172 0.9187604 0.9262107 0.9165254 0.9262107 0.9187604 0.9262107 0.9165258 0.9266563 0.9165258 0.9266563 0.9187604 0.9262107 0.9187608 0.9266563 0.9165258 0.9266563 0.9187608 0.9266563 0.9165265 0.9270102 0.9165265 0.9270102 0.9187608 0.9266563 0.9187615 0.9270102 0.903558 0.9599155 0.905045 0.9599155 0.9037706 0.9603259 0.9037706 0.9603259 0.905045 0.9599155 0.9052575 0.9603259 0.9037706 0.9603259 0.9052575 0.9603259 0.903878 0.9608042 0.903878 0.9608042 0.9052575 0.9603259 0.9053649 0.9608042 0.903878 0.9608042 0.9053649 0.9608042 0.9038699 0.9613035 0.9038699 0.9613035 0.9053649 0.9608042 0.9053568 0.9613035 0.9038699 0.9613035 0.9053568 0.9613035 0.9037469 0.9617751 0.9037469 0.9617751 0.9053568 0.9613035 0.9052338 0.9617751 0.9174813 0.8734204 0.9197163 0.8734204 0.9174817 0.8737779 0.9174817 0.8737779 0.9197163 0.8734204 0.9197167 0.8737779 0.9174817 0.8737779 0.9197167 0.8737779 0.917482 0.8742256 0.917482 0.8742256 0.9197167 0.8737779 0.919717 0.8742256 0.917482 0.8742256 0.919717 0.8742256 0.9174821 0.8747199 0.9174821 0.8747199 0.919717 0.8742256 0.9197171 0.8747199 0.9174821 0.8747199 0.9197171 0.8747199 0.917482 0.8752123 0.917482 0.8752123 0.9197171 0.8747199 0.919717 0.8752122 0.917482 0.8752123 0.919717 0.8752122 0.9174817 0.8756545 0.9174817 0.8756545 0.919717 0.8752122 0.9197167 0.8756545 0.9174817 0.8756545 0.9197167 0.8756545 0.9174812 0.8760033 0.9174812 0.8760033 0.9197167 0.8756545 0.9197162 0.8760033 0.9250599 0.8849639 0.9235004 0.8849639 0.9248976 0.8845188 0.9248976 0.8845188 0.9235004 0.8849639 0.9233381 0.8845188 0.9248976 0.8845188 0.9233381 0.8845188 0.9248418 0.8840254 0.9248418 0.8840254 0.9233381 0.8845188 0.9232823 0.8840254 0.9248418 0.8840254 0.9232823 0.8840254 0.9248979 0.8835321 0.9248979 0.8835321 0.9232823 0.8840254 0.9233384 0.8835321 0.9248979 0.8835321 0.9233384 0.8835321 0.9250605 0.8830872 0.9250605 0.8830872 0.9233384 0.8835321 0.923501 0.8830872 0.9165265 0.9244271 0.9187616 0.9244271 0.9165258 0.9247795 0.9165258 0.9247795 0.9187616 0.9244271 0.9187608 0.9247795 0.9165258 0.9247795 0.9187608 0.9247795 0.9165254 0.925224 0.9165254 0.925224 0.9187608 0.9247795 0.9187604 0.925224 0.9165254 0.925224 0.9187604 0.925224 0.9165252 0.9257172 0.9165252 0.9257172 0.9187604 0.925224 0.9187602 0.9257172 0.9105086 0.8949471 0.9093112 0.8949471 0.9105085 0.8945998 0.9105085 0.8945998 0.9093112 0.8949471 0.9093111 0.8945998 0.9105085 0.8945998 0.9093111 0.8945998 0.9105082 0.8943193 0.9105082 0.8943193 0.9093111 0.8945998 0.9093109 0.8943193 0.8589773 0.9478778 0.8581807 0.9478753 0.8590602 0.9475402 0.8590602 0.9475402 0.8581807 0.9478753 0.8582636 0.9475376 0.8590602 0.9475402 0.8582636 0.9475376 0.8590255 0.947188 0.8590255 0.947188 0.8582636 0.9475376 0.858229 0.9471855 0.8590255 0.947188 0.858229 0.9471855 0.8588803 0.9468912 0.8588803 0.9468912 0.858229 0.9471855 0.8580837 0.9468886 0.9081131 0.8955674 0.9069158 0.8955674 0.9081127 0.8952891 0.9081127 0.8952891 0.9069158 0.8955674 0.9069153 0.8952891 0.9081127 0.8952891 0.9069153 0.8952891 0.9081125 0.8949427 0.9081125 0.8949427 0.9069153 0.8952891 0.9069152 0.8949427 0.9081125 0.8949427 0.9069152 0.8949427 0.9081127 0.8945965 0.9081127 0.8945965 0.9069152 0.8949427 0.9069153 0.8945965 0.9081127 0.8945965 0.9069153 0.8945965 0.9081131 0.8943192 0.9081131 0.8943192 0.9069153 0.8945965 0.9069158 0.8943192 0.9175819 0.9270102 0.9184173 0.9270102 0.9174714 0.9273302 0.9174714 0.9273302 0.9184173 0.9270102 0.9183068 0.9273302 0.9174714 0.9273302 0.9183068 0.9273302 0.9174712 0.9276854 0.9174712 0.9276854 0.9183068 0.9273302 0.9183067 0.9276854 0.9174712 0.9276854 0.9183067 0.9276854 0.9175816 0.9280056 0.9175816 0.9280056 0.9183067 0.9276854 0.918417 0.9280056 0.9105082 0.8955674 0.9093108 0.8955674 0.9105085 0.8952924 0.9105085 0.8952924 0.9093108 0.8955674 0.9093111 0.8952924 0.9105085 0.8952924 0.9093111 0.8952924 0.9105086 0.8949471 0.9105086 0.8949471 0.9093111 0.8952924 0.9093112 0.8949471 0.9093108 0.8949469 0.9081135 0.8949469 0.9093108 0.8945997 0.9093108 0.8945997 0.9081135 0.8949469 0.9081134 0.8945997 0.9093108 0.8945997 0.9081134 0.8945997 0.9093105 0.8943192 0.9093105 0.8943192 0.9081134 0.8945997 0.9081131 0.8943192 0.8595996 0.9542074 0.858803 0.9542048 0.8596825 0.9538697 0.8596825 0.9538697 0.858803 0.9542048 0.8588859 0.9538672 0.8596825 0.9538697 0.8588859 0.9538672 0.8596479 0.9535176 0.8596479 0.9535176 0.8588859 0.9538672 0.8588513 0.9535151 0.8596479 0.9535176 0.8588513 0.9535151 0.8595026 0.9532208 0.8595026 0.9532208 0.8588513 0.9535151 0.858706 0.9532182 0.9069152 0.8955674 0.9057179 0.8955674 0.9069147 0.8952891 0.9069147 0.8952891 0.9057179 0.8955674 0.9057174 0.8952891 0.9069147 0.8952891 0.9057174 0.8952891 0.9069146 0.8949427 0.9069146 0.8949427 0.9057174 0.8952891 0.9057173 0.8949427 0.9069146 0.8949427 0.9057173 0.8949427 0.9069147 0.8945965 0.9069147 0.8945965 0.9057173 0.8949427 0.9057174 0.8945965 0.9069147 0.8945965 0.9057174 0.8945965 0.9069152 0.8943192 0.9069152 0.8943192 0.9057174 0.8945965 0.9057179 0.8943192 0.9166358 0.9270102 0.9174712 0.9270102 0.9165253 0.9273302 0.9165253 0.9273302 0.9174712 0.9270102 0.9173607 0.9273302 0.9165253 0.9273302 0.9173607 0.9273302 0.9165252 0.9276854 0.9165252 0.9276854 0.9173607 0.9273302 0.9173606 0.9276854 0.9165252 0.9276854 0.9173606 0.9276854 0.9166355 0.9280056 0.9166355 0.9280056 0.9173606 0.9276854 0.9174709 0.9280056 0.9093105 0.8955673 0.9081131 0.8955673 0.9093107 0.8952923 0.9093107 0.8952923 0.9081131 0.8955673 0.9081134 0.8952923 0.9093107 0.8952923 0.9081134 0.8952923 0.9093108 0.8949469 0.9093108 0.8949469 0.9081134 0.8952923 0.9081135 0.8949469 0.8549973 0.9586259 0.8541619 0.9586222 0.8549904 0.9583947 0.8549904 0.9583947 0.8541619 0.9586222 0.854155 0.9583909 0.8549904 0.9583947 0.854155 0.9583909 0.8546273 0.9462513 0.8546273 0.9462513 0.854155 0.9583909 0.8537918 0.9462476 0.8570985 0.9473093 0.8563019 0.9473068 0.8563064 0.9467956 0.8570985 0.9473093 0.8563064 0.9467956 0.857103 0.9467982 0.857103 0.9467982 0.8563064 0.9467956 0.8564184 0.9463066 0.857103 0.9467982 0.8564184 0.9463066 0.8572149 0.9463091 0.9252825 0.8830872 0.9240851 0.8830872 0.9240847 0.8827477 0.9252825 0.8830872 0.9240847 0.8827477 0.925282 0.8827477 0.925282 0.8827477 0.9240847 0.8827477 0.9240843 0.8823143 0.925282 0.8827477 0.9240843 0.8823143 0.9252817 0.8823142 0.9252817 0.8823142 0.9240843 0.8823143 0.9240841 0.881822 0.9252817 0.8823142 0.9240841 0.881822 0.9252815 0.881822 0.9252815 0.881822 0.9240841 0.881822 0.9240841 0.8813108 0.9252815 0.881822 0.9240841 0.8813108 0.9252815 0.8813108 0.9252815 0.8813108 0.9240841 0.8813108 0.9240843 0.8808222 0.9252815 0.8813108 0.9240843 0.8808222 0.9252817 0.8808222 0.9252817 0.8808222 0.9240843 0.8808222 0.9240847 0.8803955 0.9252817 0.8808222 0.9240847 0.8803955 0.925282 0.8803955 0.925282 0.8803955 0.9240847 0.8803955 0.9240851 0.8800656 0.925282 0.8803955 0.9240851 0.8800656 0.9252825 0.8800656 0.8535922 0.9452756 0.8544276 0.9452794 0.8545776 0.9457451 0.8535922 0.9452756 0.8545776 0.9457451 0.8537421 0.9457414 0.8537421 0.9457414 0.8545776 0.9457451 0.8546273 0.9462513 0.8537421 0.9457414 0.8546273 0.9462513 0.8537918 0.9462476 0.8563019 0.9473068 0.8570985 0.9473093 0.8570502 0.959419 0.8570502 0.959419 0.8570985 0.9473093 0.8578468 0.9594215 0.8570502 0.959419 0.8578468 0.9594215 0.8570645 0.9596496 0.8570645 0.9596496 0.8578468 0.9594215 0.8578611 0.9596521 0.8933464 0.9480464 0.8934372 0.9465888 0.8936927 0.9479674 0.8936927 0.9479674 0.8934372 0.9465888 0.8939484 0.9465888 0.8936927 0.9479674 0.8939484 0.9465888 0.8940391 0.9480464 0.8930687 0.9482679 0.8925166 0.9470092 0.8933464 0.9480464 0.8933464 0.9480464 0.8925166 0.9470092 0.8929467 0.9467328 0.8933464 0.9480464 0.8929467 0.9467328 0.8934372 0.9465888 0.8948901 0.9586651 0.8943126 0.9584259 0.8940391 0.9558706 0.8943169 0.9492633 0.8960763 0.9605078 0.8960058 0.9601192 0.8960763 0.9605078 0.8943169 0.9492633 0.8954887 0.9483665 0.8936927 0.9495638 0.8933464 0.9544322 0.8933464 0.9494848 0.8933464 0.9494848 0.8933464 0.9544322 0.8930687 0.9546537 0.8929145 0.9549738 0.8929145 0.955329 0.8913797 0.9601192 0.8913797 0.9601192 0.8929145 0.955329 0.8930687 0.9556491 0.8913797 0.9601192 0.8930687 0.9556491 0.8916189 0.9595416 0.8916189 0.9595416 0.8930687 0.9556491 0.8933464 0.9558706 0.8916189 0.9595416 0.8933464 0.9558706 0.8919995 0.9590457 0.8919995 0.9590457 0.8933464 0.9558706 0.8924954 0.9586651 0.894471 0.955329 0.894471 0.9549738 0.8960058 0.9601192 0.8960058 0.9601192 0.894471 0.9549738 0.8940391 0.9494848 0.8960058 0.9601192 0.8940391 0.9494848 0.8943169 0.9492633 0.8939484 0.9465888 0.8944389 0.9467328 0.8940391 0.9480464 0.8940391 0.9480464 0.8944389 0.9467328 0.8948689 0.9470092 0.8940391 0.9480464 0.8948689 0.9470092 0.8943169 0.9482679 0.8940391 0.9558706 0.8943126 0.9584259 0.8936927 0.9559496 0.8936927 0.9559496 0.8943126 0.9584259 0.8936927 0.9583443 0.8936927 0.9559496 0.8936927 0.9583443 0.8933464 0.9558706 0.8933464 0.9558706 0.8936927 0.9583443 0.893073 0.9584259 0.8933464 0.9558706 0.893073 0.9584259 0.8924954 0.9586651 0.894471 0.955329 0.8960058 0.9601192 0.8943169 0.9556491 0.8943169 0.9556491 0.8960058 0.9601192 0.8957666 0.9595416 0.8943169 0.9556491 0.8957666 0.9595416 0.8940391 0.9558706 0.8940391 0.9558706 0.8957666 0.9595416 0.895386 0.9590457 0.8940391 0.9558706 0.895386 0.9590457 0.8948901 0.9586651 0.894471 0.9549738 0.8943169 0.9546537 0.8940391 0.9494848 0.8940391 0.9494848 0.8943169 0.9546537 0.8940391 0.9544322 0.8940391 0.9494848 0.8940391 0.9544322 0.8936927 0.9495638 0.8936927 0.9495638 0.8940391 0.9544322 0.8936927 0.9543532 0.8936927 0.9495638 0.8936927 0.9543532 0.8933464 0.9544322 0.8943169 0.9492633 0.894471 0.9489432 0.8954887 0.9483665 0.8954887 0.9483665 0.894471 0.9489432 0.894471 0.948588 0.8954887 0.9483665 0.894471 0.948588 0.895416 0.9478605 0.895416 0.9478605 0.894471 0.948588 0.8943169 0.9482679 0.895416 0.9478605 0.8943169 0.9482679 0.8952037 0.9473955 0.8952037 0.9473955 0.8943169 0.9482679 0.8948689 0.9470092 0.8930687 0.9546537 0.8929145 0.9549738 0.8933464 0.9494848 0.8933464 0.9494848 0.8929145 0.9549738 0.8913797 0.9601192 0.8933464 0.9494848 0.8913797 0.9601192 0.8930687 0.9492633 0.8930687 0.9492633 0.8913797 0.9601192 0.8913093 0.9605078 0.8930687 0.9492633 0.8913093 0.9605078 0.8929145 0.9489432 0.8929145 0.9489432 0.8913093 0.9605078 0.8918967 0.9483665 0.8929145 0.9489432 0.8918967 0.9483665 0.8929145 0.948588 0.8929145 0.948588 0.8918967 0.9483665 0.8919695 0.9478605 0.8929145 0.948588 0.8919695 0.9478605 0.8930687 0.9482679 0.8930687 0.9482679 0.8919695 0.9478605 0.8921819 0.9473955 0.8930687 0.9482679 0.8921819 0.9473955 0.8925166 0.9470092 0.8586531 0.9467085 0.858389 0.9466759 0.8584439 0.9452756 0.8596479 0.9535176 0.8595026 0.9532208 0.8582805 0.9482258 0.8582805 0.9482258 0.8595026 0.9532208 0.8592754 0.953038 0.8582805 0.9482258 0.8592754 0.953038 0.8580533 0.9480431 0.8580533 0.9480431 0.8592754 0.953038 0.8590113 0.9530055 0.8580533 0.9480431 0.8590113 0.9530055 0.8579081 0.9477462 0.8579564 0.9470564 0.857425 0.9458819 0.8581404 0.9468001 0.8581404 0.9468001 0.857425 0.9458819 0.8577165 0.945551 0.8581404 0.9468001 0.8577165 0.945551 0.858389 0.9466759 0.858389 0.9466759 0.8577165 0.945551 0.8580655 0.9453433 0.858389 0.9466759 0.8580655 0.9453433 0.8584439 0.9452756 0.8578611 0.959027 0.8578468 0.9594215 0.8570985 0.9473093 0.8590113 0.9530055 0.8587626 0.9531297 0.8579081 0.9477462 0.8579081 0.9477462 0.8587626 0.9531297 0.8570985 0.9473093 0.8579081 0.9477462 0.8570985 0.9473093 0.8578734 0.9473941 0.8578734 0.9473941 0.8570985 0.9473093 0.857103 0.9467982 0.8578734 0.9473941 0.857103 0.9467982 0.8579564 0.9470564 0.8579564 0.9470564 0.857103 0.9467982 0.8572149 0.9463091 0.8579564 0.9470564 0.8572149 0.9463091 0.857425 0.9458819 0.8589773 0.9478778 0.8590602 0.9475402 0.8597573 0.9468337 0.8597573 0.9468337 0.8590602 0.9475402 0.8590255 0.947188 0.8597573 0.9468337 0.8590255 0.947188 0.8596542 0.9463418 0.8596542 0.9463418 0.8590255 0.947188 0.8588803 0.9468912 0.8584439 0.9452756 0.858821 0.9453534 0.8586531 0.9467085 0.8586531 0.9467085 0.858821 0.9453534 0.8591663 0.9455704 0.8586531 0.9467085 0.8591663 0.9455704 0.8588803 0.9468912 0.8588803 0.9468912 0.8591663 0.9455704 0.8594517 0.945909 0.8588803 0.9468912 0.8594517 0.945909 0.8596542 0.9463418 0.8587626 0.9531297 0.8585787 0.953386 0.8570985 0.9473093 0.8570985 0.9473093 0.8585787 0.953386 0.8584957 0.9537237 0.8570985 0.9473093 0.8584957 0.9537237 0.8578611 0.959027 0.8584957 0.9537237 0.8585304 0.9540758 0.8578611 0.959027 0.8578611 0.959027 0.8585304 0.9540758 0.8586757 0.9543727 0.8578611 0.959027 0.8586757 0.9543727 0.8579818 0.9584228 0.8579818 0.9584228 0.8586757 0.9543727 0.8589028 0.9545554 0.8579818 0.9584228 0.8589028 0.9545554 0.8582152 0.9578809 0.8582152 0.9578809 0.8589028 0.9545554 0.8585453 0.957438 0.860722 0.9574325 0.8603178 0.957121 0.8594155 0.9544637 0.8594155 0.9544637 0.8603178 0.957121 0.859867 0.9569603 0.8594155 0.9544637 0.859867 0.9569603 0.8591669 0.9545879 0.8591669 0.9545879 0.859867 0.9569603 0.8594003 0.9569615 0.8591669 0.9545879 0.8594003 0.9569615 0.8589028 0.9545554 0.8589028 0.9545554 0.8594003 0.9569615 0.8589494 0.9571244 0.8589028 0.9545554 0.8589494 0.9571244 0.8585453 0.957438 0.860722 0.9574325 0.8594155 0.9544637 0.861052 0.9578737 0.861052 0.9578737 0.8594155 0.9544637 0.8595996 0.9542074 0.861052 0.9578737 0.8595996 0.9542074 0.8612854 0.9584145 0.8612854 0.9584145 0.8595996 0.9542074 0.8596825 0.9538697 0.8612854 0.9584145 0.8596825 0.9538697 0.8596479 0.9535176 0.8597573 0.9468337 0.8613754 0.9587903 0.8589773 0.9478778 0.8589773 0.9478778 0.8613754 0.9587903 0.8612854 0.9584145 0.8589773 0.9478778 0.8612854 0.9584145 0.8587933 0.9481341 0.8587933 0.9481341 0.8612854 0.9584145 0.8596479 0.9535176 0.8587933 0.9481341 0.8596479 0.9535176 0.8585446 0.9482583 0.8585446 0.9482583 0.8596479 0.9535176 0.8582805 0.9482258 0.8591673 0.9583011 0.8588638 0.957439 0.8594612 0.9580152 0.8594612 0.9580152 0.8588638 0.957439 0.8592681 0.9571254 0.8594612 0.9580152 0.8592681 0.9571254 0.8598083 0.9578724 0.8598083 0.9578724 0.8592681 0.9571254 0.8597189 0.9569625 0.8598083 0.9578724 0.8597189 0.9569625 0.8601711 0.9578882 0.8610535 0.9592621 0.8617249 0.9596441 0.861011 0.959745 0.861011 0.959745 0.8617249 0.9596441 0.861604 0.9602483 0.861011 0.959745 0.861604 0.9602483 0.8608539 0.9601836 0.8608539 0.9601836 0.861604 0.9602483 0.8613707 0.9607903 0.8608539 0.9601836 0.8613707 0.9607903 0.8605991 0.9605304 0.8605991 0.9605304 0.8613707 0.9607903 0.8610406 0.9612331 0.8605991 0.9605304 0.8610406 0.9612331 0.8602741 0.9607477 0.859009 0.9601031 0.8583005 0.9602566 0.8588748 0.9596518 0.8588748 0.9596518 0.8583005 0.9602566 0.8581797 0.9596531 0.8588748 0.9596518 0.8581797 0.9596531 0.8588573 0.9591663 0.8588573 0.9591663 0.8581797 0.9596531 0.8581797 0.959028 0.8588573 0.9591663 0.8581797 0.959028 0.8589584 0.9586992 0.8589584 0.9586992 0.8581797 0.959028 0.8583005 0.9584239 0.8589584 0.9586992 0.8583005 0.9584239 0.8591673 0.9583011 0.8591673 0.9583011 0.8583005 0.9584239 0.8585339 0.9578819 0.8591673 0.9583011 0.8585339 0.9578819 0.8588638 0.957439 0.8610406 0.9612331 0.8606364 0.9615467 0.8602741 0.9607477 0.8602741 0.9607477 0.8606364 0.9615467 0.8601856 0.9617097 0.8602741 0.9607477 0.8601856 0.9617097 0.8599143 0.960812 0.8599143 0.960812 0.8601856 0.9617097 0.8597189 0.9617109 0.8599143 0.960812 0.8597189 0.9617109 0.8595586 0.9607164 0.8595586 0.9607164 0.8597189 0.9617109 0.8592681 0.9615502 0.8595586 0.9607164 0.8592681 0.9615502 0.8592455 0.9604713 0.8592455 0.9604713 0.8592681 0.9615502 0.8588638 0.9612386 0.8592455 0.9604713 0.8588638 0.9612386 0.859009 0.9601031 0.859009 0.9601031 0.8588638 0.9612386 0.8585339 0.9607974 0.859009 0.9601031 0.8585339 0.9607974 0.8583005 0.9602566 0.8597189 0.9569625 0.8601856 0.9569613 0.8601711 0.9578882 0.8601711 0.9578882 0.8601856 0.9569613 0.8606364 0.957122 0.8601711 0.9578882 0.8606364 0.957122 0.8605101 0.9580609 0.8605101 0.9580609 0.8606364 0.957122 0.8610406 0.9574335 0.8605101 0.9580609 0.8610406 0.9574335 0.8607886 0.9583718 0.8607886 0.9583718 0.8610406 0.9574335 0.8613707 0.9578747 0.8607886 0.9583718 0.8613707 0.9578747 0.8609766 0.9587872 0.8609766 0.9587872 0.8613707 0.9578747 0.861604 0.9584155 0.8609766 0.9587872 0.861604 0.9584155 0.8610535 0.9592621 0.8610535 0.9592621 0.861604 0.9584155 0.8617249 0.959019 0.8610535 0.9592621 0.8617249 0.959019 0.8617249 0.9596441 0.9248686 0.9255946 0.9256269 0.9255946 0.9248688 0.9260743 0.9248688 0.9260743 0.9256269 0.9255946 0.9256271 0.9260743 0.9248688 0.9260743 0.9256271 0.9260743 0.9248692 0.9265024 0.9248692 0.9265024 0.9256271 0.9260743 0.9256275 0.9265024 0.9248692 0.9265024 0.9256275 0.9265024 0.92487 0.9268324 0.92487 0.9268324 0.9256275 0.9265024 0.9256283 0.9268324 0.8602842 0.9583702 0.8607886 0.9583718 0.8604721 0.9587856 0.8604721 0.9587856 0.8607886 0.9583718 0.8609766 0.9587872 0.8604721 0.9587856 0.8609766 0.9587872 0.860549 0.9592605 0.860549 0.9592605 0.8609766 0.9587872 0.8610535 0.9592621 0.860549 0.9592605 0.8610535 0.9592621 0.8605066 0.9597434 0.8605066 0.9597434 0.8610535 0.9592621 0.861011 0.959745 0.8605066 0.9597434 0.861011 0.959745 0.8603494 0.960182 0.8603494 0.960182 0.861011 0.959745 0.8608539 0.9601836 0.9248764 0.8984025 0.9256347 0.8984024 0.9248768 0.8987897 0.9248768 0.8987897 0.9256347 0.8984024 0.925635 0.8987897 0.9248768 0.8987897 0.925635 0.8987897 0.9248769 0.8992514 0.9248769 0.8992514 0.925635 0.8987897 0.9256353 0.8992514 0.9248769 0.8992514 0.9256353 0.8992514 0.9248769 0.8997375 0.9248769 0.8997375 0.9256353 0.8992514 0.9256353 0.8997375 0.9248769 0.8997375 0.9256353 0.8997375 0.9248768 0.9001953 0.9248768 0.9001953 0.9256353 0.8997375 0.925635 0.9001953 0.9248768 0.9001953 0.925635 0.9001953 0.9248764 0.9005752 0.9248764 0.9005752 0.925635 0.9001953 0.9256347 0.9005752 0.925628 0.9052731 0.9250998 0.9052419 0.925462 0.9048555 0.925462 0.9048555 0.9250998 0.9052419 0.9249338 0.9048244 0.925462 0.9048555 0.9249338 0.9048244 0.9254046 0.90438 0.9254046 0.90438 0.9249338 0.9048244 0.9248764 0.9043489 0.9254046 0.90438 0.9248764 0.9043489 0.925462 0.9038981 0.925462 0.9038981 0.9248764 0.9043489 0.9249338 0.903867 0.925462 0.9038981 0.9249338 0.903867 0.925628 0.9034621 0.925628 0.9034621 0.9249338 0.903867 0.9250998 0.9034309 0.92487 0.9243599 0.9256283 0.9243599 0.9248692 0.9246883 0.9248692 0.9246883 0.9256283 0.9243599 0.9256275 0.9246883 0.9248692 0.9246883 0.9256275 0.9246883 0.9248688 0.9251153 0.9248688 0.9251153 0.9256275 0.9246883 0.9256271 0.9251153 0.9248688 0.9251153 0.9256271 0.9251153 0.9248686 0.9255946 0.9248686 0.9255946 0.9256271 0.9251153 0.9256269 0.9255946 0.8589373 0.9589238 0.8586628 0.9582995 0.8591213 0.9586675 0.8591213 0.9586675 0.8586628 0.9582995 0.8589567 0.9580135 0.8591213 0.9586675 0.8589567 0.9580135 0.85937 0.9585433 0.85937 0.9585433 0.8589567 0.9580135 0.8593038 0.9578708 0.85937 0.9585433 0.8593038 0.9578708 0.8596341 0.9585758 0.8590343 0.9599104 0.8585045 0.9601015 0.858889 0.9596136 0.858889 0.9596136 0.8585045 0.9601015 0.8583703 0.9596502 0.858889 0.9596136 0.8583703 0.9596502 0.8588544 0.9592615 0.8588544 0.9592615 0.8583703 0.9596502 0.8583528 0.9591647 0.8588544 0.9592615 0.8583528 0.9591647 0.8589373 0.9589238 0.8589373 0.9589238 0.8583528 0.9591647 0.858454 0.9586976 0.8589373 0.9589238 0.858454 0.9586976 0.8586628 0.9582995 0.8597742 0.9600015 0.8597696 0.9607461 0.8595256 0.9601257 0.8595256 0.9601257 0.8597696 0.9607461 0.8594098 0.9608104 0.8595256 0.9601257 0.8594098 0.9608104 0.8592615 0.9600932 0.8592615 0.9600932 0.8594098 0.9608104 0.8590541 0.9607148 0.8592615 0.9600932 0.8590541 0.9607148 0.8590343 0.9599104 0.8590343 0.9599104 0.8590541 0.9607148 0.8587411 0.9604697 0.8590343 0.9599104 0.8587411 0.9604697 0.8585045 0.9601015 0.8600412 0.9594075 0.8605066 0.9597434 0.8599582 0.9597452 0.8599582 0.9597452 0.8605066 0.9597434 0.8603494 0.960182 0.8599582 0.9597452 0.8603494 0.960182 0.8597742 0.9600015 0.8597742 0.9600015 0.8603494 0.960182 0.8600946 0.9605287 0.8597742 0.9600015 0.8600946 0.9605287 0.8597696 0.9607461 0.8593038 0.9578708 0.8596666 0.9578866 0.8596341 0.9585758 0.8596341 0.9585758 0.8596666 0.9578866 0.8600056 0.9580593 0.8596341 0.9585758 0.8600056 0.9580593 0.8598612 0.9587585 0.8598612 0.9587585 0.8600056 0.9580593 0.8602842 0.9583702 0.8598612 0.9587585 0.8602842 0.9583702 0.8600065 0.9590554 0.8600065 0.9590554 0.8602842 0.9583702 0.8604721 0.9587856 0.8600065 0.9590554 0.8604721 0.9587856 0.8600412 0.9594075 0.8600412 0.9594075 0.8604721 0.9587856 0.860549 0.9592605 0.8600412 0.9594075 0.860549 0.9592605 0.8605066 0.9597434 0.9005042 0.9251932 0.9008076 0.9244128 0.9008551 0.9252488 0.9008551 0.9252488 0.9008076 0.9244128 0.9012826 0.9245672 0.9008551 0.9252488 0.9012826 0.9245672 0.9011471 0.925451 0.9012826 0.9245672 0.9016867 0.9248607 0.9011471 0.925451 0.9011471 0.925451 0.9016867 0.9248607 0.9019803 0.9252648 0.9011471 0.925451 0.9019803 0.9252648 0.9013224 0.92576 0.9013224 0.92576 0.9019803 0.9252648 0.9021347 0.9257398 0.9013224 0.92576 0.9021347 0.9257398 0.9013463 0.9261144 0.9013463 0.9261144 0.9021347 0.9257398 0.9021347 0.9262393 0.9013463 0.9261144 0.9021347 0.9262393 0.901214 0.9264442 0.8999018 0.925535 0.899429 0.9248607 0.900164 0.9252954 0.900164 0.9252954 0.899429 0.9248607 0.8998331 0.9245672 0.900164 0.9252954 0.8998331 0.9245672 0.9005042 0.9251932 0.9005042 0.9251932 0.8998331 0.9245672 0.9003081 0.9244128 0.9005042 0.9251932 0.9003081 0.9244128 0.9008076 0.9244128 0.8999687 0.9265282 0.8991354 0.9267144 0.8997934 0.9262192 0.8997934 0.9262192 0.8991354 0.9267144 0.8989811 0.9262393 0.8997934 0.9262192 0.8989811 0.9262393 0.8997695 0.9258647 0.8997695 0.9258647 0.8989811 0.9262393 0.8989811 0.9257398 0.8997695 0.9258647 0.8989811 0.9257398 0.8999018 0.925535 0.8999018 0.925535 0.8989811 0.9257398 0.8991354 0.9252648 0.8999018 0.925535 0.8991354 0.9252648 0.899429 0.9248607 0.9006116 0.926786 0.9003081 0.9275664 0.9002607 0.9267305 0.9002607 0.9267305 0.9003081 0.9275664 0.8998331 0.927412 0.9002607 0.9267305 0.8998331 0.927412 0.8999687 0.9265282 0.8999687 0.9265282 0.8998331 0.927412 0.899429 0.9271185 0.8999687 0.9265282 0.899429 0.9271185 0.8991354 0.9267144 0.9021347 0.9262393 0.9019803 0.9267144 0.901214 0.9264442 0.901214 0.9264442 0.9019803 0.9267144 0.9016867 0.9271185 0.901214 0.9264442 0.9016867 0.9271185 0.9009518 0.9266839 0.9009518 0.9266839 0.9016867 0.9271185 0.9012826 0.927412 0.9009518 0.9266839 0.9012826 0.927412 0.9006116 0.926786 0.9006116 0.926786 0.9012826 0.927412 0.9008076 0.9275664 0.9006116 0.926786 0.9008076 0.9275664 0.9003081 0.9275664 0.8817437 0.9557867 0.8820385 0.9562928 0.8789145 0.9616567 0.8848179 0.9566816 0.8853691 0.9562938 0.8884932 0.9616595 0.8884932 0.9616595 0.8853691 0.9562938 0.8856639 0.9557878 0.8820385 0.9562928 0.8825897 0.9566809 0.8789145 0.9616567 0.8789145 0.9616567 0.8825897 0.9566809 0.8833124 0.9568912 0.8789145 0.9616567 0.8833124 0.9568912 0.8884932 0.9616595 0.8884932 0.9616595 0.8833124 0.9568912 0.8840953 0.9568915 0.8884932 0.9616595 0.8840953 0.9568915 0.8848179 0.9566816 0.879244 0.9534068 0.8789145 0.9616567 0.8789455 0.9525684 0.8789455 0.9525684 0.8789145 0.9616567 0.8789145 0.9521884 0.8817505 0.9552404 0.8817437 0.9557867 0.880695 0.9547889 0.880695 0.9547889 0.8817437 0.9557867 0.8789145 0.9616567 0.880695 0.9547889 0.8789145 0.9616567 0.8798404 0.9541637 0.8798404 0.9541637 0.8789145 0.9616567 0.879244 0.9534068 0.8856639 0.9557878 0.8856571 0.9552416 0.8884932 0.9616595 0.8884932 0.9616595 0.8856571 0.9552416 0.8867127 0.9547907 0.8884932 0.9616595 0.8867127 0.9547907 0.8875672 0.9541661 0.8875672 0.9541661 0.8881636 0.9534094 0.8884932 0.9616595 0.8884932 0.9616595 0.8881636 0.9534094 0.8884621 0.9525712 0.8884932 0.9616595 0.8884621 0.9525712 0.8884932 0.9521913 0.9223144 0.9280317 0.9210372 0.9280317 0.9223144 0.9242463 0.9223144 0.9242463 0.9210372 0.9280317 0.9210372 0.9242463 0.9214494 0.9232109 0.9215338 0.9241676 0.9175176 0.9232463 0.9175176 0.9232463 0.9215338 0.9241676 0.917602 0.924203 0.9223144 0.9235253 0.9217587 0.9217352 0.9216743 0.9207785 0.9217587 0.9217352 0.9223144 0.9235253 0.9130139 0.9218139 0.9130139 0.9218139 0.9223144 0.9235253 0.9127746 0.9236112 0.9130139 0.9218139 0.9127746 0.9236112 0.9129295 0.9208573 0.9129295 0.9208573 0.9127746 0.9236112 0.9116405 0.9107561 0.9129295 0.9208573 0.9116405 0.9107561 0.9216743 0.9207785 0.9216743 0.9207785 0.9116405 0.9107561 0.9211803 0.9106702 0.9216743 0.9207785 0.9211803 0.9106702 0.9223144 0.9235253 0.8617249 0.9241226 0.8613258 0.921728 0.8613258 0.9204508 0.8613258 0.921728 0.8617249 0.9241226 0.8525453 0.921728 0.8525453 0.921728 0.8617249 0.9241226 0.8521462 0.9241226 0.8525453 0.921728 0.8521462 0.9241226 0.8525453 0.9204508 0.8525453 0.9204508 0.8521462 0.9241226 0.8521462 0.9069608 0.8525453 0.9204508 0.8521462 0.9069608 0.8613258 0.9204508 0.8613258 0.9204508 0.8521462 0.9069608 0.8617249 0.9069608 0.8613258 0.9204508 0.8617249 0.9069608 0.8617249 0.9241226 0.8533422 0.9516074 0.8361817 0.9516071 0.8533422 0.9380376 0.8533422 0.9380376 0.8361817 0.9516071 0.8361817 0.9330883 0.8533422 0.9380376 0.8361817 0.9330883 0.8533422 0.9330886 0.8617526 0.9283615 0.8789145 0.9283615 0.8617526 0.9333105 0.8617526 0.9333105 0.8789145 0.9283615 0.8789145 0.9468804 0.8617526 0.9333105 0.8789145 0.9468804 0.8617526 0.9468803 0.9211803 0.9106702 0.9116405 0.9107561 0.9223144 0.8984024 0.9223144 0.8984024 0.9116405 0.9107561 0.9127746 0.8984883 0.8781257 0.9487792 0.8775197 0.9478973 0.8789145 0.9468804 0.8775197 0.9478973 0.8767763 0.9472674 0.8789145 0.9468804 0.8789145 0.9468804 0.8767763 0.9472674 0.875945 0.9469317 0.8789145 0.9468804 0.875945 0.9469317 0.8754613 0.9468814 0.8767763 0.9560733 0.8789145 0.9564591 0.875945 0.9564095 0.875945 0.9564095 0.8789145 0.9564591 0.8754613 0.9564601 0.8767763 0.9560733 0.8775197 0.955443 0.8789145 0.9564591 0.8789145 0.9564591 0.8775197 0.955443 0.8781257 0.9545606 0.8789145 0.9564591 0.8781257 0.9545606 0.8785536 0.9534853 0.8785536 0.9534853 0.878775 0.9522887 0.8789145 0.9564591 0.8789145 0.9564591 0.878775 0.9522887 0.878775 0.9510508 0.8789145 0.9564591 0.878775 0.9510508 0.8789145 0.9468804 0.8789145 0.9468804 0.878775 0.9510508 0.8785536 0.9498543 0.8789145 0.9468804 0.8785536 0.9498543 0.8781257 0.9487792 0.9132368 0.962695 0.9132368 0.9589096 0.9137055 0.9589095 0.915285 0.9579157 0.9157988 0.9539138 0.9153155 0.9585187 0.9153155 0.9585187 0.9157988 0.9539138 0.9157988 0.9626942 0.9153155 0.9585187 0.9157988 0.9626942 0.9151436 0.9590709 0.915285 0.9579157 0.9150595 0.9574049 0.9157988 0.9539138 0.9157988 0.9539138 0.9150595 0.9574049 0.9146923 0.9571073 0.9157988 0.9539138 0.9146923 0.9571073 0.9132368 0.9539145 0.9137055 0.9589095 0.9139944 0.9593498 0.9132368 0.962695 0.9132368 0.962695 0.9139944 0.9593498 0.9143943 0.9595423 0.9132368 0.962695 0.9143943 0.9595423 0.9157988 0.9626942 0.9157988 0.9626942 0.9143943 0.9595423 0.9148102 0.9594414 0.9157988 0.9626942 0.9148102 0.9594414 0.9151436 0.9590709 0.9136525 0.9578623 0.9132368 0.9578624 0.9138942 0.9573668 0.9138942 0.9573668 0.9132368 0.9578624 0.9132368 0.9539145 0.9138942 0.9573668 0.9132368 0.9539145 0.9142706 0.9570935 0.9142706 0.9570935 0.9132368 0.9539145 0.9146923 0.9571073 0.8649472 0.960994 0.8636701 0.960994 0.8649472 0.9573222 0.8649472 0.9573222 0.8636701 0.960994 0.8636701 0.9573222 0.9165158 0.9228107 0.9164746 0.9232557 0.9161025 0.9225403 0.9161025 0.9225403 0.9164746 0.9232557 0.9127046 0.9232897 0.9214494 0.9232109 0.9175176 0.9232463 0.917554 0.9228516 0.917554 0.9228516 0.9180687 0.9226176 0.9214494 0.9232109 0.9214494 0.9232109 0.9180687 0.9226176 0.9183738 0.9222579 0.9214494 0.9232109 0.9183738 0.9222579 0.9216743 0.9207785 0.9216743 0.9207785 0.9183738 0.9222579 0.918397 0.9218577 0.9216743 0.9207785 0.918397 0.9218577 0.9181327 0.9215118 0.9181327 0.9215118 0.9176437 0.9213022 0.9216743 0.9207785 0.9216743 0.9207785 0.9176437 0.9213022 0.9170458 0.9212787 0.9216743 0.9207785 0.9170458 0.9212787 0.9129295 0.9208573 0.9170458 0.9212787 0.9164808 0.9214468 0.9129295 0.9208573 0.9129295 0.9208573 0.9164808 0.9214468 0.9160827 0.9217666 0.9129295 0.9208573 0.9160827 0.9217666 0.9127046 0.9232897 0.9127046 0.9232897 0.9160827 0.9217666 0.9159458 0.9221624 0.9127046 0.9232897 0.9159458 0.9221624 0.9161025 0.9225403 0.9251877 0.9454461 0.9239107 0.9454461 0.9251877 0.9417743 0.9251877 0.9417743 0.9239107 0.9454461 0.9239107 0.9417743 0.912789 0.9242463 0.9127046 0.9232897 0.9165591 0.9242123 0.9165591 0.9242123 0.9127046 0.9232897 0.9164746 0.9232557 0.9248764 0.8984024 0.9248764 0.9023503 0.9244606 0.9023504 0.9244606 0.9023504 0.9242189 0.901855 0.9248764 0.8984024 0.9248764 0.8984024 0.9242189 0.901855 0.9238426 0.901582 0.9248764 0.8984024 0.9238426 0.901582 0.9223144 0.8984032 0.9223144 0.8984032 0.9238426 0.901582 0.9234209 0.901596 0.9223144 0.8984032 0.9234209 0.901596 0.9230538 0.9018939 0.9244077 0.9033976 0.9248764 0.9033975 0.9241187 0.9038382 0.9241187 0.9038382 0.9248764 0.9033975 0.9248764 0.9071829 0.9230538 0.9018939 0.9228282 0.9024048 0.9223144 0.8984032 0.9223144 0.8984032 0.9228282 0.9024048 0.9227977 0.9030078 0.9223144 0.8984032 0.9227977 0.9030078 0.9223144 0.9071837 0.9227977 0.9030078 0.9229696 0.9035599 0.9223144 0.9071837 0.9223144 0.9071837 0.9229696 0.9035599 0.923303 0.9039302 0.9223144 0.9071837 0.923303 0.9039302 0.9248764 0.9071829 0.9248764 0.9071829 0.923303 0.9039302 0.9237189 0.9040309 0.9248764 0.9071829 0.9237189 0.9040309 0.9241187 0.9038382 0.8662244 0.9573222 0.8675014 0.9573222 0.8662244 0.960994 0.8662244 0.960994 0.8675014 0.9573222 0.8675014 0.9609941 0.9157988 0.9626589 0.9157988 0.9588887 0.9162433 0.9589339 0.9177417 0.9580968 0.9175277 0.9575662 0.9182291 0.9541605 0.9182291 0.9541605 0.9175277 0.9575662 0.9171795 0.9572343 0.9182291 0.9541605 0.9171795 0.9572343 0.9157988 0.9539138 0.9177417 0.9580968 0.9182291 0.9541605 0.9177706 0.9587002 0.9177706 0.9587002 0.9182291 0.9541605 0.9182291 0.9629057 0.9177706 0.9587002 0.9182291 0.9629057 0.9176076 0.9592336 0.9161932 0.9578858 0.9157988 0.9578458 0.9164225 0.9574156 0.9164225 0.9574156 0.9157988 0.9578458 0.9157988 0.9539138 0.9164225 0.9574156 0.9157988 0.9539138 0.9167794 0.9571799 0.9167794 0.9571799 0.9157988 0.9539138 0.9171795 0.9572343 0.9162433 0.9589339 0.9165175 0.9594004 0.9157988 0.9626589 0.9157988 0.9626589 0.9165175 0.9594004 0.9168968 0.9596307 0.9157988 0.9626589 0.9168968 0.9596307 0.9182291 0.9629057 0.9182291 0.9629057 0.9168968 0.9596307 0.9172913 0.9595704 0.9182291 0.9629057 0.9172913 0.9595704 0.9176076 0.9592336 0.8687781 0.9573222 0.8700552 0.9573222 0.8687781 0.960994 0.8687781 0.960994 0.8700552 0.9573222 0.8700552 0.960994 0.9222384 0.8944159 0.9235156 0.8944159 0.9222384 0.8983638 0.9222384 0.8983638 0.9235156 0.8944159 0.9235156 0.8983638 0.896576 0.9598676 0.896576 0.9611448 0.8960803 0.9598676 0.8960803 0.9598676 0.896576 0.9611448 0.8960803 0.9611448 0.8467643 0.9629504 0.8454871 0.9629503 0.8467649 0.9624105 0.8467649 0.9624105 0.8454871 0.9629503 0.8454878 0.9624104 0.8467649 0.9624105 0.8454878 0.9624104 0.8467649 0.9618061 0.8467649 0.9618061 0.8454878 0.9624104 0.8454878 0.961806 0.8467649 0.9618061 0.8454878 0.961806 0.8467643 0.9612805 0.8467643 0.9612805 0.8454878 0.961806 0.8454871 0.9612804 0.9141445 0.9574046 0.9150595 0.9574049 0.9143701 0.9579154 0.9143701 0.9579154 0.9150595 0.9574049 0.915285 0.9579157 0.9176437 0.9213022 0.9177281 0.9222589 0.9170458 0.9212787 0.9170458 0.9212787 0.9177281 0.9222589 0.9171302 0.9222354 0.9170458 0.9212787 0.9171302 0.9222354 0.9164808 0.9214468 0.9164808 0.9214468 0.9171302 0.9222354 0.9165652 0.9224035 0.9247152 0.932841 0.9259923 0.9328383 0.9247117 0.9333193 0.9247117 0.9333193 0.9259923 0.9328383 0.9259887 0.9333167 0.9247117 0.9333193 0.9259887 0.9333167 0.9247117 0.9339155 0.9247117 0.9339155 0.9259887 0.9333167 0.9259887 0.9339129 0.9247117 0.9339155 0.9259887 0.9339129 0.9247152 0.9344883 0.9247152 0.9344883 0.9259887 0.9339129 0.9259923 0.9344857 0.9248764 0.9242463 0.9248764 0.9229692 0.9253165 0.9242463 0.9253165 0.9242463 0.9248764 0.9229692 0.9253165 0.9229692 0.92468 0.8800656 0.92468 0.8787884 0.9252759 0.8800656 0.9252759 0.8800656 0.92468 0.8787884 0.9252759 0.8787884 0.9189007 0.9605956 0.9189007 0.9618726 0.9182291 0.9605956 0.9182291 0.9605956 0.9189007 0.9618726 0.9182291 0.9618726 0.8544649 0.9598268 0.8544656 0.9604985 0.8531879 0.959828 0.8531879 0.959828 0.8544656 0.9604985 0.8531885 0.9604997 0.92468 0.8800656 0.9240841 0.8800656 0.92468 0.8787884 0.92468 0.8787884 0.9240841 0.8800656 0.9240841 0.8787884 0.8531885 0.9604997 0.8544656 0.9604985 0.8531835 0.9609144 0.8531835 0.9609144 0.8544656 0.9604985 0.8544605 0.9609131 0.8531835 0.9609144 0.8544605 0.9609131 0.8531817 0.9614877 0.8531817 0.9614877 0.8544605 0.9609131 0.8544587 0.9614865 0.8531817 0.9614877 0.8544587 0.9614865 0.8531835 0.9620836 0.8531835 0.9620836 0.8544587 0.9614865 0.8544605 0.9620825 0.8531835 0.9620836 0.8544605 0.9620825 0.8531885 0.962561 0.8531885 0.962561 0.8544605 0.9620825 0.8544656 0.9625598 0.9259866 0.9120489 0.9247094 0.9120489 0.9259866 0.911497 0.9259866 0.911497 0.9247094 0.9120489 0.9247094 0.911497 0.9259866 0.911497 0.9247094 0.911497 0.9259866 0.910894 0.9259866 0.910894 0.9247094 0.911497 0.9247094 0.910894 0.9259866 0.910894 0.9247094 0.910894 0.9259866 0.9103829 0.9259866 0.9103829 0.9247094 0.910894 0.9247094 0.9103829 0.8675016 0.962664 0.8662244 0.9626641 0.8675022 0.9621372 0.8675022 0.9621372 0.8662244 0.9626641 0.866225 0.9621373 0.8675022 0.9621372 0.866225 0.9621373 0.8675022 0.9615328 0.8675022 0.9615328 0.866225 0.9621373 0.866225 0.9615329 0.8675022 0.9615328 0.866225 0.9615329 0.8675016 0.960994 0.8675016 0.960994 0.866225 0.9615329 0.8662244 0.9609941 0.923304 0.9018548 0.9242189 0.901855 0.9235457 0.9023502 0.9235457 0.9023502 0.9242189 0.901855 0.9244606 0.9023504 0.9154188 0.8766152 0.9154188 0.8734223 0.9162017 0.8734223 0.9154188 0.8766152 0.9162017 0.8734223 0.9162017 0.8766152 0.9162017 0.8766152 0.9162017 0.8734223 0.9169263 0.8734216 0.9162017 0.8766152 0.9169263 0.8734216 0.9169263 0.8766145 0.9169263 0.8766145 0.9169263 0.8734216 0.9174813 0.8734204 0.9169263 0.8766145 0.9174813 0.8734204 0.9174813 0.8766132 0.8848192 0.9543943 0.8848179 0.9566816 0.8840953 0.9568915 0.8848192 0.9543943 0.8840953 0.9568915 0.8840966 0.9546042 0.8531286 0.9596102 0.8531286 0.9620112 0.8523513 0.9619496 0.8531286 0.9596102 0.8523513 0.9619496 0.8523513 0.9595487 0.8523513 0.9595487 0.8523513 0.9619496 0.8515979 0.96209 0.8523513 0.9595487 0.8515979 0.96209 0.8515979 0.959689 0.9154188 0.8734225 0.9154188 0.8766152 0.9148622 0.8766084 0.9154188 0.8734225 0.9148622 0.8766084 0.9148622 0.8734157 0.9148622 0.8734157 0.9148622 0.8766084 0.9141365 0.8766047 0.9148622 0.8734157 0.9141365 0.8766047 0.9141365 0.8734121 0.9141365 0.8734121 0.9141365 0.8766047 0.9133537 0.8766048 0.9141365 0.8734121 0.9133537 0.8766048 0.9133537 0.8734121 0.92576 0.9602996 0.92576 0.9627006 0.9246349 0.9630408 0.92576 0.9602996 0.9246349 0.9630408 0.9246349 0.9606399 0.9214217 0.9605911 0.9182291 0.9605956 0.9182384 0.9596989 0.9214217 0.9605911 0.9182384 0.9596989 0.921431 0.9596944 0.921431 0.9596944 0.9182384 0.9596989 0.9182442 0.9586134 0.921431 0.9596944 0.9182442 0.9586134 0.9214369 0.9586089 0.9214369 0.9586089 0.9182442 0.9586134 0.9182462 0.9574117 0.9214369 0.9586089 0.9182462 0.9574117 0.9214388 0.9574072 0.9214388 0.9574072 0.9182462 0.9574117 0.9182458 0.9568671 0.9214388 0.9574072 0.9182458 0.9568671 0.9214369 0.9561695 0.9182458 0.9568671 0.9182442 0.956174 0.9214369 0.9561695 0.9214369 0.9561695 0.9182442 0.956174 0.9182384 0.9549829 0.9214369 0.9561695 0.9182384 0.9549829 0.921431 0.9549785 0.921431 0.9549785 0.9182384 0.9549829 0.9182291 0.9539182 0.921431 0.9549785 0.9182291 0.9539182 0.9214217 0.9539138 0.8521462 0.9241226 0.8553391 0.9241226 0.8553391 0.9250042 0.8521462 0.9241226 0.8553391 0.9250042 0.8521462 0.9250042 0.8521462 0.9250042 0.8553391 0.9250042 0.855339 0.926079 0.8521462 0.9250042 0.855339 0.926079 0.8521462 0.926079 0.8521462 0.926079 0.855339 0.926079 0.8553391 0.9272754 0.8521462 0.926079 0.8553391 0.9272754 0.8521461 0.9272754 0.8521461 0.9272754 0.8553391 0.9272754 0.8553391 0.9285132 0.8521461 0.9272754 0.8553391 0.9285132 0.8521461 0.9285132 0.8521461 0.9285132 0.8553391 0.9285132 0.855339 0.92971 0.8521461 0.9285132 0.855339 0.92971 0.8521462 0.92971 0.8521462 0.92971 0.855339 0.92971 0.8553391 0.9307857 0.8521462 0.92971 0.8553391 0.9307857 0.8521462 0.9307857 0.8521462 0.9307857 0.8553391 0.9307857 0.8553391 0.9316684 0.8521462 0.9307857 0.8553391 0.9316684 0.8521462 0.9316684 0.921442 0.9539138 0.9246349 0.9539146 0.9246332 0.9549814 0.921442 0.9539138 0.9246332 0.9549814 0.9214403 0.9549806 0.9214403 0.9549806 0.9246332 0.9549814 0.9246321 0.9561735 0.9214403 0.9549806 0.9246321 0.9561735 0.9214392 0.9561727 0.9214392 0.9561727 0.9246321 0.9561735 0.9246318 0.9568668 0.9214392 0.9561727 0.9246318 0.9568668 0.9214388 0.9574104 0.9246318 0.9568668 0.9246317 0.9574112 0.9214388 0.9574104 0.9214388 0.9574104 0.9246317 0.9574112 0.9246321 0.958612 0.9214388 0.9574104 0.9246321 0.958612 0.9214392 0.9586111 0.9214392 0.9586111 0.9246321 0.958612 0.9246332 0.9596955 0.9214392 0.9586111 0.9246332 0.9596955 0.9214403 0.9596947 0.9214403 0.9596947 0.9246332 0.9596955 0.9246349 0.9605895 0.9214403 0.9596947 0.9246349 0.9605895 0.921442 0.9605886 0.886714 0.9525035 0.8867127 0.9547907 0.8856571 0.9552416 0.886714 0.9525035 0.8856571 0.9552416 0.8856585 0.9529544 0.8844517 0.9529383 0.8856585 0.9529544 0.8845672 0.953239 0.8845672 0.953239 0.8856585 0.9529544 0.8856652 0.9535006 0.8845672 0.953239 0.8856652 0.9535006 0.8844517 0.9535397 0.8844517 0.9535397 0.8856652 0.9535006 0.8853704 0.9540066 0.8844517 0.9535397 0.8853704 0.9540066 0.8841361 0.9537599 0.8844517 0.9529383 0.8837051 0.9512226 0.8856585 0.9529544 0.8856585 0.9529544 0.8837051 0.9512226 0.8840985 0.9511939 0.8856585 0.9529544 0.8840985 0.9511939 0.886714 0.9525035 0.886714 0.9525035 0.8840985 0.9511939 0.8848171 0.9509708 0.886714 0.9525035 0.8848171 0.9509708 0.8875685 0.9518788 0.8875685 0.9518788 0.8848171 0.9509708 0.8853434 0.9505631 0.8875685 0.9518788 0.8853434 0.9505631 0.8881649 0.9511221 0.8881649 0.9511221 0.8853434 0.9505631 0.8855866 0.9500412 0.8844746 0.948697 0.8865959 0.9472391 0.885111 0.9490198 0.885111 0.9490198 0.8865959 0.9472391 0.887478 0.9478453 0.885111 0.9490198 0.887478 0.9478453 0.8855043 0.9494953 0.8837051 0.9485827 0.8843241 0.9465891 0.8844746 0.948697 0.8844746 0.948697 0.8843241 0.9465891 0.8855206 0.9468109 0.8844746 0.948697 0.8855206 0.9468109 0.8865959 0.9472391 0.8853704 0.9540066 0.8848192 0.9543943 0.8841361 0.9537599 0.8841361 0.9537599 0.8848192 0.9543943 0.8840966 0.9546042 0.8841361 0.9537599 0.8840966 0.9546042 0.8837051 0.9538403 0.8837051 0.9538403 0.8840966 0.9546042 0.8833137 0.954604 0.8837051 0.9538403 0.8833137 0.954604 0.8832741 0.9537596 0.8832741 0.9537596 0.8833137 0.954604 0.882591 0.9543936 0.8832741 0.9537596 0.882591 0.9543936 0.8829585 0.9535393 0.8829585 0.9535393 0.882591 0.9543936 0.8820399 0.9540055 0.8829585 0.9535393 0.8820399 0.9540055 0.882843 0.9532386 0.882843 0.9532386 0.8820399 0.9540055 0.881745 0.9534994 0.882843 0.9532386 0.881745 0.9534994 0.8829585 0.9529378 0.8829585 0.9529378 0.881745 0.9534994 0.8817518 0.9529532 0.887478 0.9478453 0.8881081 0.948589 0.8855043 0.9494953 0.8855043 0.9494953 0.8881081 0.948589 0.8884441 0.9494203 0.8855043 0.9494953 0.8884441 0.9494203 0.8855866 0.9500412 0.8855866 0.9500412 0.8884441 0.9494203 0.8884634 0.950284 0.8855866 0.9500412 0.8884634 0.950284 0.8881649 0.9511221 0.8844517 0.9529383 0.8841361 0.952718 0.8837051 0.9512226 0.8837051 0.9512226 0.8841361 0.952718 0.8837051 0.9526373 0.8837051 0.9512226 0.8837051 0.9526373 0.8833118 0.9511936 0.8833118 0.9511936 0.8837051 0.9526373 0.8832741 0.9527177 0.8833118 0.9511936 0.8832741 0.9527177 0.8825932 0.9509702 0.8825932 0.9509702 0.8832741 0.9527177 0.8820668 0.9505621 0.8822993 0.949019 0.8808144 0.9472374 0.8829357 0.9486966 0.8829357 0.9486966 0.8808144 0.9472374 0.8818897 0.9468098 0.8829357 0.9486966 0.8818897 0.9468098 0.8837051 0.9485827 0.8837051 0.9485827 0.8818897 0.9468098 0.8830862 0.9465888 0.8837051 0.9485827 0.8830862 0.9465888 0.8843241 0.9465891 0.8818237 0.9500401 0.8789662 0.9494175 0.8819059 0.9494942 0.8819059 0.9494942 0.8789662 0.9494175 0.8793022 0.9485864 0.8819059 0.9494942 0.8793022 0.9485864 0.8822993 0.949019 0.8822993 0.949019 0.8793022 0.9485864 0.8799323 0.9478431 0.8822993 0.949019 0.8799323 0.9478431 0.8808144 0.9472374 0.8832741 0.9527177 0.8829585 0.9529378 0.8820668 0.9505621 0.8820668 0.9505621 0.8829585 0.9529378 0.8817518 0.9529532 0.8820668 0.9505621 0.8817518 0.9529532 0.8818237 0.9500401 0.8818237 0.9500401 0.8817518 0.9529532 0.8806963 0.9525017 0.8818237 0.9500401 0.8806963 0.9525017 0.8798418 0.9518765 0.8798418 0.9518765 0.8792453 0.9511195 0.8818237 0.9500401 0.8818237 0.9500401 0.8792453 0.9511195 0.8789468 0.9502812 0.8818237 0.9500401 0.8789468 0.9502812 0.8789662 0.9494175 0.8840165 0.9490917 0.8837062 0.9486298 0.8841053 0.9485553 0.8843975 0.9477946 0.8851258 0.9477514 0.8845044 0.9480731 0.8845044 0.9480731 0.8851258 0.9477514 0.8851907 0.9481822 0.8845044 0.9480731 0.8851907 0.9481822 0.8843975 0.9483515 0.8843975 0.9483515 0.8851907 0.9481822 0.8849989 0.948594 0.8843975 0.9483515 0.8849989 0.948594 0.8841053 0.9485553 0.8841053 0.9485553 0.8849989 0.948594 0.8845835 0.9489157 0.8841053 0.9485553 0.8845835 0.9489157 0.8840165 0.9490917 0.8830149 0.9477941 0.8825969 0.9473756 0.883307 0.9475904 0.883307 0.9475904 0.8825969 0.9473756 0.883099 0.9471212 0.883307 0.9475904 0.883099 0.9471212 0.8837062 0.9475159 0.8837062 0.9475159 0.883099 0.9471212 0.8837062 0.9470313 0.8837062 0.9475159 0.8837062 0.9470313 0.8841053 0.9475907 0.8841053 0.9475907 0.8837062 0.9470313 0.8843133 0.9471216 0.8841053 0.9475907 0.8843133 0.9471216 0.8843975 0.9477946 0.8843975 0.9477946 0.8843133 0.9471216 0.8848155 0.9473763 0.8843975 0.9477946 0.8848155 0.9473763 0.8851258 0.9477514 0.8840165 0.9490917 0.8837062 0.9491143 0.8837062 0.9486298 0.8837062 0.9486298 0.8837062 0.9491143 0.8833958 0.9490915 0.8837062 0.9486298 0.8833958 0.9490915 0.883307 0.9485551 0.883307 0.9485551 0.8833958 0.9490915 0.8828288 0.9489152 0.883307 0.9485551 0.8828288 0.9489152 0.8830149 0.9483511 0.8830149 0.9483511 0.8828288 0.9489152 0.8824135 0.9485932 0.8830149 0.9483511 0.8824135 0.9485932 0.8829079 0.9480726 0.8829079 0.9480726 0.8824135 0.9485932 0.8822216 0.9481813 0.8829079 0.9480726 0.8822216 0.9481813 0.8830149 0.9477941 0.8830149 0.9477941 0.8822216 0.9481813 0.8822866 0.9477506 0.8830149 0.9477941 0.8822866 0.9477506 0.8825969 0.9473756 0.8739178 0.9608329 0.8743132 0.9608367 0.8743132 0.9624574 0.8743132 0.9624574 0.8743132 0.9608367 0.8746988 0.9625154 0.8743132 0.9608367 0.8746988 0.9608947 0.8746988 0.9625154 0.8840985 0.9511939 0.8840993 0.94965 0.884818 0.949427 0.8840985 0.9511939 0.884818 0.949427 0.8848171 0.9509708 0.9108311 0.8983631 0.9086759 0.8983631 0.9086747 0.8977796 0.9108311 0.8983631 0.9086747 0.8977796 0.9108299 0.8977796 0.9108299 0.8977796 0.9086747 0.8977796 0.9086741 0.8970319 0.9108299 0.8977796 0.9086741 0.8970319 0.9108294 0.8970319 0.9108294 0.8970319 0.9086741 0.8970319 0.9086744 0.8962494 0.9108294 0.8970319 0.9086744 0.8962494 0.9108296 0.8962494 0.9108296 0.8962494 0.9086744 0.8962494 0.9086752 0.8955674 0.9108296 0.8962494 0.9086752 0.8955674 0.9108304 0.8955674 0.9074631 0.9272245 0.905308 0.9272245 0.905308 0.9265878 0.9074631 0.9272245 0.905308 0.9265878 0.9074631 0.9265878 0.9074631 0.9265878 0.905308 0.9265878 0.905308 0.9258183 0.9074631 0.9265878 0.905308 0.9258183 0.9074631 0.9258183 0.9074631 0.9258183 0.905308 0.9258183 0.905308 0.9250489 0.9074631 0.9258183 0.905308 0.9250489 0.9074631 0.9250489 0.9074631 0.9250489 0.905308 0.9250489 0.905308 0.9244128 0.9074631 0.9250489 0.905308 0.9244128 0.9074631 0.9244128 0.9057208 0.8955674 0.9078758 0.8955674 0.9078807 0.8962481 0.9057208 0.8955674 0.9078807 0.8962481 0.9057257 0.8962481 0.9057257 0.8962481 0.9078807 0.8962481 0.9078817 0.8970304 0.9057257 0.8962481 0.9078817 0.8970304 0.9057267 0.8970304 0.9057267 0.8970304 0.9078817 0.8970304 0.9078788 0.8977789 0.9057267 0.8970304 0.9078788 0.8977789 0.9057238 0.8977789 0.9057238 0.8977789 0.9078788 0.8977789 0.9078723 0.8983641 0.9057238 0.8977789 0.9078723 0.8983641 0.9057173 0.8983641 0.8731661 0.9626064 0.8731661 0.9609858 0.8739178 0.9608329 0.8731661 0.9626064 0.8739178 0.9608329 0.8739178 0.9624536 0.8739178 0.9624536 0.8739178 0.9608329 0.8743132 0.9624574 0.8537031 0.9345886 0.8535434 0.9341577 0.8537031 0.9341577 0.8537031 0.9341577 0.8535434 0.9341577 0.8535434 0.9338424 0.8537031 0.9341577 0.8535434 0.9338424 0.853703 0.9338424 0.8619902 0.9271531 0.8621498 0.9271525 0.8621527 0.9275834 0.8619902 0.9271531 0.8621527 0.9275834 0.8619931 0.9275839 0.8619931 0.9275839 0.8621527 0.9275834 0.8621527 0.9280146 0.8619931 0.9275839 0.8621527 0.9280146 0.8619931 0.9280151 0.8619931 0.9280151 0.8621527 0.9280146 0.8621498 0.9283306 0.8619931 0.9280151 0.8621498 0.9283306 0.8619902 0.9283311 0.8533473 0.936212 0.853467 0.9362025 0.8535434 0.9366396 0.8533473 0.936212 0.8535434 0.9366396 0.8534237 0.936649 0.8534237 0.936649 0.8535434 0.9366396 0.853467 0.9370611 0.8534237 0.936649 0.853467 0.9370611 0.8533473 0.9370706 0.8621509 0.9271525 0.8619912 0.9271525 0.8619905 0.9268376 0.8621509 0.9271525 0.8619905 0.9268376 0.8621501 0.9268376 0.8621501 0.9268376 0.8619905 0.9268376 0.8619902 0.9264068 0.8621501 0.9268376 0.8619902 0.9264068 0.8621498 0.9264068 0.8621498 0.9264068 0.8619902 0.9264068 0.8619905 0.9259756 0.8621498 0.9264068 0.8619905 0.9259756 0.8621501 0.9259756 0.8621501 0.9259756 0.8619905 0.9259756 0.8619912 0.9256594 0.8621501 0.9259756 0.8619912 0.9256594 0.8621509 0.9256594 0.853703 0.9350197 0.8535434 0.9350197 0.8535434 0.9345886 0.853703 0.9350197 0.8535434 0.9345886 0.8537031 0.9345886 0.8537031 0.9345886 0.8535434 0.9345886 0.8535434 0.9341577 0.8654747 0.9626306 0.8652004 0.962361 0.8656331 0.9618414 0.8656331 0.9618414 0.8652004 0.962361 0.8650419 0.9619522 0.8656331 0.9618414 0.8650419 0.9619522 0.8650419 0.9615136 0.8662244 0.9621692 0.866066 0.96252 0.8656331 0.9618414 0.8656331 0.9618414 0.866066 0.96252 0.8657916 0.9626888 0.8656331 0.9618414 0.8657916 0.9626888 0.8654747 0.9626306 0.8657916 0.9610522 0.866066 0.9613218 0.8656331 0.9618414 0.8656331 0.9618414 0.866066 0.9613218 0.8662244 0.9617307 0.8656331 0.9618414 0.8662244 0.9617307 0.8662244 0.9621692 0.8650419 0.9615136 0.8652004 0.9611629 0.8656331 0.9618414 0.8656331 0.9618414 0.8652004 0.9611629 0.8654747 0.960994 0.8656331 0.9618414 0.8654747 0.960994 0.8657916 0.9610522 0.8833958 0.9490915 0.8837062 0.9491143 0.883706 0.9496787 0.883706 0.9496787 0.8837062 0.9491143 0.8840993 0.94965 0.8837062 0.9491143 0.8840165 0.9490917 0.8840993 0.94965 0.8840993 0.94965 0.8840165 0.9490917 0.8845835 0.9489157 0.8840993 0.94965 0.8845835 0.9489157 0.884818 0.949427 0.884818 0.949427 0.8845835 0.9489157 0.8849989 0.948594 0.884818 0.949427 0.8849989 0.948594 0.8853443 0.9490192 0.9086747 0.8977796 0.9082764 0.8975793 0.908276 0.8969894 0.9086747 0.8977796 0.908276 0.8969894 0.9086741 0.8970319 0.9086741 0.8970319 0.908276 0.8969894 0.9082761 0.896372 0.9086741 0.8970319 0.9082761 0.896372 0.9086744 0.8962494 0.9086744 0.8962494 0.9082761 0.896372 0.9082768 0.8958339 0.9086744 0.8962494 0.9082768 0.8958339 0.9086752 0.8955674 0.905308 0.9272245 0.9049088 0.9269281 0.9049088 0.9264258 0.905308 0.9272245 0.9049088 0.9264258 0.905308 0.9265878 0.905308 0.9265878 0.9049088 0.9264258 0.9049088 0.9258185 0.905308 0.9265878 0.9049088 0.9258185 0.905308 0.9258183 0.905308 0.9258183 0.9049088 0.9258185 0.9049088 0.9252115 0.905308 0.9258183 0.9049088 0.9252115 0.905308 0.9250489 0.905308 0.9250489 0.9049088 0.9252115 0.9049088 0.9247096 0.905308 0.9250489 0.9049088 0.9247096 0.905308 0.9244128 0.9078758 0.8955674 0.9082713 0.8958348 0.9082751 0.896372 0.9078758 0.8955674 0.9082751 0.896372 0.9078807 0.8962481 0.9078807 0.8962481 0.9082751 0.896372 0.908276 0.8969892 0.9078807 0.8962481 0.908276 0.8969892 0.9078817 0.8970304 0.9078817 0.8970304 0.908276 0.8969892 0.9082736 0.8975797 0.9078817 0.8970304 0.9082736 0.8975797 0.9078788 0.8977789 0.8820677 0.9490182 0.8824135 0.9485932 0.8828288 0.9489152 0.8820677 0.9490182 0.8828288 0.9489152 0.8825941 0.9494263 0.8825941 0.9494263 0.8828288 0.9489152 0.8833958 0.9490915 0.8825941 0.9494263 0.8833958 0.9490915 0.8833127 0.9496498 0.8833127 0.9496498 0.8833958 0.9490915 0.883706 0.9496787 0.9246017 0.9494373 0.9246017 0.9454461 0.9250009 0.9494373 0.9250009 0.9494373 0.9246017 0.9454461 0.9250009 0.9454461 0.8411921 0.9566188 0.8411921 0.9606099 0.8408994 0.9566181 0.8408994 0.9566181 0.8411921 0.9606099 0.8408994 0.9606092 0.8408994 0.9566181 0.8408994 0.9606092 0.8405001 0.9566179 0.8405001 0.9566179 0.8408994 0.9606092 0.8405001 0.960609 0.8405001 0.9566179 0.8405001 0.960609 0.8401011 0.9566181 0.8401011 0.9566181 0.8405001 0.960609 0.8401011 0.9606092 0.8401011 0.9566181 0.8401011 0.9606092 0.8398095 0.9566188 0.8398095 0.9566188 0.8401011 0.9606092 0.8398095 0.9606099 0.9247117 0.9310711 0.9247117 0.9280699 0.9250952 0.9311724 0.9250952 0.9311724 0.9247117 0.9280699 0.9250952 0.9281712 0.9250952 0.9311724 0.9250952 0.9281712 0.9255042 0.9311338 0.9255042 0.9311338 0.9250952 0.9281712 0.9255042 0.9281326 0.8675014 0.961313 0.8675014 0.9573222 0.867794 0.9613166 0.867794 0.9613166 0.8675014 0.9573222 0.867794 0.9573258 0.867794 0.9613166 0.867794 0.9573258 0.8681933 0.9613179 0.8681933 0.9613179 0.867794 0.9573258 0.8681933 0.9573271 0.8681933 0.9613179 0.8681933 0.9573271 0.8685922 0.9613166 0.8685922 0.9613166 0.8681933 0.9573271 0.8685922 0.9573258 0.9239107 0.9494373 0.9239106 0.9454461 0.9242026 0.9494373 0.9242026 0.9494373 0.9239106 0.9454461 0.9242026 0.9454461 0.9242026 0.9494373 0.9242026 0.9454461 0.9246017 0.9494373 0.9246017 0.9494373 0.9242026 0.9454461 0.9246017 0.9454461 0.9251934 0.89831 0.9249393 0.8980603 0.9253401 0.8975792 0.9253401 0.8975792 0.9249393 0.8980603 0.9247927 0.8976817 0.9253401 0.8975792 0.9247927 0.8976817 0.9247927 0.8972756 0.9258875 0.8978827 0.9257408 0.8982074 0.9253401 0.8975792 0.9253401 0.8975792 0.9257408 0.8982074 0.9254868 0.8983638 0.9253401 0.8975792 0.9254868 0.8983638 0.9251934 0.89831 0.9254868 0.8968484 0.9257408 0.8970981 0.9253401 0.8975792 0.9253401 0.8975792 0.9257408 0.8970981 0.9258875 0.8974767 0.9253401 0.8975792 0.9258875 0.8974767 0.9258875 0.8978827 0.9247927 0.8972756 0.9249393 0.8969509 0.9253401 0.8975792 0.9253401 0.8975792 0.9249393 0.8969509 0.9251934 0.8967946 0.9253401 0.8975792 0.9251934 0.8967946 0.9254868 0.8968484</float_array>
          <technique_common>
            <accessor source="#rf1-mesh-map-0-array" count="9132" stride="2">
              <param name="S" type="float"/>
              <param name="T" type="float"/>
            </accessor>
          </technique_common>
        </source>
        <vertices id="rf1-mesh-vertices">
          <input semantic="POSITION" source="#rf1-mesh-positions"/>
        </vertices>
        <triangles material="rf1Material-material" count="3044">
          <input semantic="VERTEX" source="#rf1-mesh-vertices" offset="0"/>
          <input semantic="NORMAL" source="#rf1-mesh-normals" offset="1"/>
          <input semantic="TEXCOORD" source="#rf1-mesh-map-0" offset="2" set="0"/>
          <p>0 0 0 1 0 1 2 0 2 2 1 3 1 1 4 3 1 5 2 2 6 3 2 7 4 2 8 4 3 9 3 3 10 5 3 11 4 4 12 5 4 13 6 4 14 6 5 15 5 5 16 7 5 17 6 6 18 7 6 19 8 6 20 8 7 21 7 7 22 9 7 23 8 8 24 9 8 25 10 8 26 10 9 27 9 9 28 11 9 29 10 10 30 11 10 31 12 10 32 12 11 33 11 11 34 13 11 35 12 12 36 13 12 37 14 12 38 14 13 39 13 13 40 15 13 41 14 14 42 15 14 43 16 14 44 16 15 45 15 15 46 17 15 47 16 16 48 17 16 49 18 16 50 18 17 51 17 17 52 19 17 53 18 18 54 19 18 55 20 18 56 20 19 57 19 19 58 21 19 59 20 20 60 21 20 61 22 20 62 22 21 63 21 21 64 23 21 65 22 22 66 23 22 67 24 22 68 24 23 69 23 23 70 25 23 71 24 24 72 25 24 73 26 24 74 26 25 75 25 25 76 0 25 77 26 26 78 0 26 79 2 26 80 27 27 81 28 27 82 29 27 83 29 28 84 28 28 85 30 28 86 29 29 87 30 29 88 31 29 89 31 30 90 30 30 91 32 30 92 31 31 93 32 31 94 33 31 95 33 32 96 32 32 97 34 32 98 33 33 99 34 33 100 35 33 101 35 34 102 34 34 103 36 34 104 35 35 105 36 35 106 37 35 107 37 36 108 36 36 109 38 36 110 37 37 111 38 37 112 39 37 113 39 38 114 38 38 115 40 38 116 39 39 117 40 39 118 41 39 119 41 40 120 40 40 121 42 40 122 41 41 123 42 41 124 43 41 125 43 42 126 42 42 127 44 42 128 43 43 129 44 43 130 45 43 131 45 44 132 44 44 133 46 44 134 45 45 135 46 45 136 47 45 137 47 46 138 46 46 139 48 46 140 47 47 141 48 47 142 49 47 143 49 48 144 48 48 145 50 48 146 49 49 147 50 49 148 27 49 149 27 50 150 50 50 151 28 50 152 51 51 153 52 51 154 53 51 155 53 52 156 52 52 157 54 52 158 53 53 159 54 53 160 55 53 161 55 54 162 54 54 163 56 54 164 55 55 165 56 55 166 57 55 167 57 56 168 56 56 169 58 56 170 57 57 171 58 57 172 59 57 173 59 58 174 58 58 175 60 58 176 59 59 177 60 59 178 61 59 179 61 60 180 60 60 181 62 60 182 61 61 183 62 61 184 63 61 185 63 62 186 62 62 187 64 62 188 63 63 189 64 63 190 65 63 191 65 64 192 64 64 193 66 64 194 65 65 195 66 65 196 67 65 197 67 66 198 66 66 199 68 66 200 67 67 201 68 67 202 69 67 203 69 68 204 68 68 205 70 68 206 69 69 207 70 69 208 71 69 209 71 70 210 70 70 211 72 70 212 71 71 213 72 71 214 73 71 215 73 72 216 72 72 217 74 72 218 73 73 219 74 73 220 51 73 221 51 74 222 74 74 223 52 74 224 75 75 225 76 75 226 77 75 227 77 76 228 76 76 229 78 76 230 77 77 231 78 77 232 79 77 233 79 78 234 78 78 235 80 78 236 79 79 237 80 79 238 81 79 239 81 80 240 80 80 241 82 80 242 81 81 243 82 81 244 83 81 245 83 82 246 82 82 247 84 82 248 83 83 249 84 83 250 85 83 251 85 84 252 84 84 253 86 84 254 85 85 255 86 85 256 87 85 257 87 86 258 86 86 259 88 86 260 87 87 261 88 87 262 89 87 263 89 88 264 88 88 265 90 88 266 89 89 267 90 89 268 91 89 269 91 90 270 90 90 271 92 90 272 91 91 273 92 91 274 93 91 275 93 92 276 92 92 277 94 92 278 93 93 279 94 93 280 95 93 281 95 94 282 94 94 283 96 94 284 95 95 285 96 95 286 97 95 287 97 96 288 96 96 289 98 96 290 97 97 291 98 97 292 75 97 293 75 98 294 98 98 295 76 98 296 99 99 297 100 99 298 101 99 299 101 100 300 100 100 301 102 100 302 101 101 303 102 101 304 103 101 305 103 102 306 102 102 307 104 102 308 103 103 309 104 103 310 105 103 311 105 104 312 104 104 313 106 104 314 105 105 315 106 105 316 107 105 317 107 106 318 106 106 319 108 106 320 107 107 321 108 107 322 109 107 323 109 108 324 108 108 325 110 108 326 109 109 327 110 109 328 111 109 329 111 110 330 110 110 331 112 110 332 111 111 333 112 111 334 113 111 335 113 112 336 112 112 337 114 112 338 113 113 339 114 113 340 115 113 341 115 114 342 114 114 343 116 114 344 115 115 345 116 115 346 117 115 347 117 116 348 116 116 349 118 116 350 117 117 351 118 117 352 119 117 353 119 118 354 118 118 355 120 118 356 119 119 357 120 119 358 121 119 359 121 120 360 120 120 361 122 120 362 121 121 363 122 121 364 99 121 365 99 122 366 122 122 367 100 122 368 123 123 369 124 123 370 125 123 371 126 124 372 127 124 373 124 124 374 124 125 375 127 125 376 128 125 377 124 126 378 128 126 379 125 126 380 129 127 381 130 127 382 126 127 383 126 128 384 130 128 385 131 128 386 126 129 387 131 129 388 127 129 389 132 130 390 133 130 391 129 130 392 129 131 393 133 131 394 134 131 395 129 132 396 134 132 397 130 132 398 135 133 399 136 133 400 132 133 401 132 134 402 136 134 403 137 134 404 132 135 405 137 135 406 133 135 407 138 136 408 139 136 409 135 136 410 135 137 411 139 137 412 140 137 413 135 138 414 140 138 415 136 138 416 141 139 417 142 139 418 138 139 419 138 140 420 142 140 421 143 140 422 138 141 423 143 141 424 139 141 425 144 142 426 145 142 427 141 142 428 141 143 429 145 143 430 146 143 431 141 144 432 146 144 433 142 144 434 147 145 435 148 145 436 144 145 437 144 146 438 148 146 439 149 146 440 144 147 441 149 147 442 145 147 443 150 148 444 151 148 445 147 148 446 147 149 447 151 149 448 152 149 449 147 150 450 152 150 451 148 150 452 153 151 453 154 151 454 150 151 455 150 152 456 154 152 457 155 152 458 150 153 459 155 153 460 151 153 461 125 154 462 156 154 463 123 154 464 123 155 465 156 155 466 157 155 467 123 156 468 157 156 469 153 156 470 153 157 471 157 157 472 158 157 473 153 158 474 158 158 475 154 158 476 159 159 477 160 159 478 161 159 479 161 160 480 160 160 481 162 160 482 163 161 483 161 161 484 164 161 485 164 162 486 161 162 487 162 162 488 164 163 489 162 163 490 165 163 491 165 164 492 162 164 493 166 164 494 167 165 495 168 165 496 169 165 497 170 166 498 171 166 499 172 166 500 172 167 501 171 167 502 173 167 503 169 168 504 168 168 505 170 168 506 170 169 507 168 169 508 174 169 509 170 170 510 174 170 511 171 170 512 169 171 513 175 171 514 167 171 515 167 172 516 175 172 517 176 172 518 167 173 519 176 173 520 177 173 521 177 174 522 176 174 523 178 174 524 177 175 525 178 175 526 179 175 527 179 176 528 178 176 529 180 176 530 179 177 531 180 177 532 181 177 533 181 178 534 182 178 535 179 178 536 179 179 537 182 179 538 183 179 539 179 180 540 183 180 541 184 180 542 184 181 543 183 181 544 185 181 545 184 182 546 185 182 547 186 182 548 169 183 549 187 183 550 175 183 551 175 184 552 187 184 553 188 184 554 175 185 555 188 185 556 189 185 557 189 186 558 188 186 559 190 186 560 189 187 561 190 187 562 191 187 563 192 188 564 193 188 565 194 188 566 194 189 567 193 189 568 184 189 569 194 190 570 184 190 571 191 190 572 186 191 573 195 191 574 184 191 575 184 192 576 195 192 577 196 192 578 184 193 579 196 193 580 191 193 581 191 194 582 196 194 583 197 194 584 191 195 585 197 195 586 189 195 587 192 196 588 198 196 589 193 196 590 193 197 591 198 197 592 199 197 593 193 198 594 199 198 595 171 198 596 171 199 597 199 199 598 200 199 599 171 200 600 200 200 601 173 200 602 201 201 603 202 201 604 203 201 605 203 202 606 202 202 607 204 202 608 203 203 609 204 203 610 205 203 611 205 204 612 204 204 613 206 204 614 207 205 615 208 205 616 209 205 617 209 206 618 208 206 619 204 206 620 209 207 621 204 207 622 210 207 623 210 208 624 204 208 625 211 208 626 212 209 627 213 209 628 214 209 629 211 210 630 204 210 631 215 210 632 215 211 633 204 211 634 202 211 635 215 212 636 202 212 637 216 212 638 216 213 639 202 213 640 212 213 641 216 214 642 212 214 643 217 214 644 217 215 645 212 215 646 214 215 647 217 216 648 214 216 649 218 216 650 219 217 651 220 217 652 221 217 653 222 218 654 223 218 655 224 218 656 13 219 657 11 219 658 225 219 659 225 220 660 11 220 661 226 220 662 222 221 663 0 221 664 227 221 665 227 222 666 0 222 667 25 222 668 227 223 669 25 223 670 228 223 671 228 224 672 25 224 673 23 224 674 228 225 675 23 225 676 21 225 677 229 226 678 230 226 679 231 226 680 231 227 681 230 227 682 232 227 683 231 228 684 232 228 685 223 228 686 223 229 687 232 229 688 233 229 689 223 230 690 233 230 691 224 230 692 21 231 693 19 231 694 228 231 695 228 232 696 19 232 697 17 232 698 228 233 699 17 233 700 225 233 701 225 234 702 17 234 703 15 234 704 225 235 705 15 235 706 13 235 707 11 236 708 9 236 709 226 236 710 226 237 711 9 237 712 7 237 713 226 238 714 7 238 715 234 238 716 234 239 717 7 239 718 5 239 719 234 240 720 5 240 721 224 240 722 224 241 723 5 241 724 3 241 725 224 242 726 3 242 727 222 242 728 222 243 729 3 243 730 1 243 731 222 244 732 1 244 733 0 244 734 234 245 735 235 245 736 226 245 737 226 246 738 235 246 739 236 246 740 226 247 741 236 247 742 237 247 743 237 248 744 236 248 745 238 248 746 237 249 747 238 249 748 239 249 749 221 250 750 220 250 751 240 250 752 240 251 753 220 251 754 241 251 755 240 252 756 241 252 757 242 252 758 242 253 759 241 253 760 243 253 761 242 254 762 243 254 763 229 254 764 229 255 765 243 255 766 244 255 767 229 256 768 244 256 769 230 256 770 219 257 771 221 257 772 245 257 773 245 258 774 221 258 775 246 258 776 245 259 777 246 259 778 238 259 779 238 260 780 246 260 781 247 260 782 238 261 783 247 261 784 239 261 785 248 262 786 249 262 787 250 262 788 250 263 789 249 263 790 251 263 791 248 264 792 252 264 793 249 264 794 249 265 795 252 265 796 253 265 797 249 266 798 253 266 799 254 266 800 254 267 801 255 267 802 249 267 803 249 268 804 255 268 805 256 268 806 249 269 807 256 269 808 257 269 809 258 270 810 259 270 811 260 270 812 260 271 813 259 271 814 261 271 815 258 272 816 260 272 817 262 272 818 262 273 819 260 273 820 249 273 821 262 274 822 249 274 823 263 274 824 263 275 825 249 275 826 257 275 827 263 276 828 257 276 829 264 276 830 264 277 831 257 277 832 265 277 833 264 278 834 265 278 835 266 278 836 267 279 837 260 279 838 268 279 839 268 280 840 260 280 841 261 280 842 268 281 843 261 281 844 269 281 845 269 282 846 261 282 847 270 282 848 266 283 849 271 283 850 264 283 851 264 284 852 271 284 853 272 284 854 264 285 855 272 285 856 273 285 857 273 286 858 272 286 859 274 286 860 273 287 861 274 287 862 275 287 863 276 288 864 277 288 865 278 288 866 278 289 867 277 289 868 279 289 869 278 290 870 279 290 871 280 290 872 280 291 873 279 291 874 281 291 875 282 292 876 283 292 877 251 292 878 251 293 879 283 293 880 284 293 881 270 294 882 261 294 883 285 294 884 285 295 885 261 295 886 286 295 887 285 296 888 286 296 889 281 296 890 281 297 891 286 297 892 287 297 893 281 298 894 287 298 895 280 298 896 282 299 897 251 299 898 288 299 899 288 300 900 251 300 901 289 300 902 288 301 903 289 301 904 290 301 905 284 302 906 291 302 907 251 302 908 251 303 909 291 303 910 292 303 911 251 304 912 292 304 913 250 304 914 275 305 915 293 305 916 273 305 917 273 306 918 293 306 919 290 306 920 273 307 921 290 307 922 294 307 923 294 308 924 290 308 925 289 308 926 294 309 927 289 309 928 295 309 929 295 310 930 289 310 931 296 310 932 295 311 933 296 311 934 276 311 935 276 312 936 296 312 937 297 312 938 276 313 939 297 313 940 277 313 941 298 314 942 299 314 943 300 314 944 300 315 945 299 315 946 301 315 947 300 316 948 301 316 949 302 316 950 302 317 951 301 317 952 303 317 953 304 318 954 305 318 955 306 318 956 306 319 957 305 319 958 302 319 959 306 320 960 302 320 961 307 320 962 307 321 963 302 321 964 303 321 965 307 322 966 303 322 967 308 322 968 308 323 969 303 323 970 309 323 971 310 324 972 311 324 973 312 324 974 313 325 975 314 325 976 315 325 977 313 326 978 315 326 979 316 326 980 317 327 981 318 327 982 319 327 983 319 328 984 318 328 985 320 328 986 319 329 987 320 329 988 313 329 989 313 330 990 320 330 991 321 330 992 313 331 993 321 331 994 314 331 995 312 332 996 311 332 997 319 332 998 319 333 999 311 333 1000 322 333 1001 319 334 1002 322 334 1003 317 334 1004 323 335 1005 324 335 1006 316 335 1007 316 336 1008 324 336 1009 325 336 1010 315 337 1011 326 337 1012 316 337 1013 316 338 1014 326 338 1015 327 338 1016 316 339 1017 327 339 1018 323 339 1019 323 340 1020 327 340 1021 328 340 1022 310 341 1023 329 341 1024 330 341 1025 330 342 1026 329 342 1027 331 342 1028 330 343 1029 331 343 1030 327 343 1031 327 344 1032 331 344 1033 332 344 1034 327 345 1035 332 345 1036 328 345 1037 333 346 1038 312 346 1039 334 346 1040 334 347 1041 312 347 1042 335 347 1043 333 348 1044 336 348 1045 312 348 1046 312 349 1047 336 349 1048 337 349 1049 312 350 1050 337 350 1051 310 350 1052 310 351 1053 337 351 1054 338 351 1055 310 352 1056 338 352 1057 329 352 1058 325 353 1059 339 353 1060 316 353 1061 316 354 1062 339 354 1063 340 354 1064 316 355 1065 340 355 1066 312 355 1067 312 356 1068 340 356 1069 341 356 1070 312 357 1071 341 357 1072 335 357 1073 342 358 1074 343 358 1075 344 358 1076 345 359 1077 346 359 1078 347 359 1079 348 360 1080 349 360 1081 350 360 1082 350 361 1083 349 361 1084 351 361 1085 352 362 1086 345 362 1087 350 362 1088 350 363 1089 345 363 1090 347 363 1091 350 364 1092 347 364 1093 353 364 1094 353 365 1095 347 365 1096 354 365 1097 353 366 1098 354 366 1099 355 366 1100 355 367 1101 354 367 1102 356 367 1103 357 368 1104 358 368 1105 350 368 1106 350 369 1107 358 369 1108 359 369 1109 350 370 1110 359 370 1111 352 370 1112 344 371 1113 360 371 1114 342 371 1115 342 372 1116 360 372 1117 361 372 1118 342 373 1119 361 373 1120 351 373 1121 351 374 1122 361 374 1123 362 374 1124 351 375 1125 362 375 1126 350 375 1127 350 376 1128 362 376 1129 363 376 1130 350 377 1131 363 377 1132 357 377 1133 208 378 1134 207 378 1135 364 378 1136 208 379 1137 364 379 1138 365 379 1139 364 380 1140 366 380 1141 365 380 1142 365 381 1143 366 381 1144 367 381 1145 365 382 1146 367 382 1147 368 382 1148 242 383 1149 229 383 1150 369 383 1151 369 384 1152 229 384 1153 370 384 1154 367 385 1155 371 385 1156 368 385 1157 368 386 1158 371 386 1159 372 386 1160 368 387 1161 372 387 1162 369 387 1163 369 388 1164 372 388 1165 373 388 1166 369 389 1167 373 389 1168 242 389 1169 374 390 1170 228 390 1171 375 390 1172 375 391 1173 228 391 1174 225 391 1175 375 392 1176 225 392 1177 376 392 1178 376 393 1179 225 393 1180 377 393 1181 376 394 1182 377 394 1183 378 394 1184 378 395 1185 377 395 1186 379 395 1187 378 396 1188 379 396 1189 163 396 1190 163 397 1191 379 397 1192 161 397 1193 171 398 1194 380 398 1195 381 398 1196 160 399 1197 159 399 1198 382 399 1199 382 400 1200 159 400 1201 383 400 1202 382 401 1203 383 401 1204 384 401 1205 384 402 1206 383 402 1207 385 402 1208 384 403 1209 385 403 1210 381 403 1211 381 404 1212 385 404 1213 193 404 1214 381 405 1215 193 405 1216 171 405 1217 386 406 1218 179 406 1219 387 406 1220 387 407 1221 179 407 1222 184 407 1223 387 408 1224 184 408 1225 388 408 1226 388 409 1227 184 409 1228 389 409 1229 388 410 1230 389 410 1231 390 410 1232 390 411 1233 389 411 1234 391 411 1235 390 412 1236 391 412 1237 201 412 1238 201 413 1239 391 413 1240 202 413 1241 251 414 1242 249 414 1243 392 414 1244 251 415 1245 392 415 1246 393 415 1247 393 416 1248 392 416 1249 394 416 1250 393 417 1251 394 417 1252 395 417 1253 395 418 1254 394 418 1255 298 418 1256 395 419 1257 298 419 1258 300 419 1259 360 420 1260 344 420 1261 396 420 1262 396 421 1263 344 421 1264 397 421 1265 396 422 1266 397 422 1267 398 422 1268 398 423 1269 397 423 1270 399 423 1271 399 424 1272 397 424 1273 400 424 1274 399 425 1275 400 425 1276 401 425 1277 401 426 1278 400 426 1279 402 426 1280 402 427 1281 400 427 1282 260 427 1283 402 428 1284 260 428 1285 267 428 1286 302 429 1287 305 429 1288 403 429 1289 302 430 1290 403 430 1291 404 430 1292 404 431 1293 403 431 1294 405 431 1295 404 432 1296 405 432 1297 406 432 1298 406 433 1299 405 433 1300 316 433 1301 406 434 1302 316 434 1303 312 434 1304 319 435 1305 313 435 1306 407 435 1307 319 436 1308 407 436 1309 408 436 1310 408 437 1311 407 437 1312 409 437 1313 408 438 1314 409 438 1315 410 438 1316 410 439 1317 409 439 1318 356 439 1319 410 440 1320 356 440 1321 354 440 1322 411 441 1323 412 441 1324 349 441 1325 348 442 1326 413 442 1327 414 442 1328 414 443 1329 415 443 1330 348 443 1331 348 444 1332 415 444 1333 416 444 1334 348 445 1335 416 445 1336 349 445 1337 349 446 1338 416 446 1339 417 446 1340 349 447 1341 417 447 1342 411 447 1343 418 448 1344 419 448 1345 308 448 1346 309 449 1347 420 449 1348 421 449 1349 421 450 1350 422 450 1351 309 450 1352 309 451 1353 422 451 1354 423 451 1355 309 452 1356 423 452 1357 308 452 1358 308 453 1359 423 453 1360 424 453 1361 308 454 1362 424 454 1363 418 454 1364 204 455 1365 425 455 1366 426 455 1367 427 456 1368 165 456 1369 426 456 1370 426 457 1371 165 457 1372 206 457 1373 426 458 1374 206 458 1375 204 458 1376 428 459 1377 164 459 1378 429 459 1379 429 460 1380 164 460 1381 165 460 1382 429 461 1383 165 461 1384 430 461 1385 430 462 1386 165 462 1387 427 462 1388 430 463 1389 427 463 1390 431 463 1391 431 464 1392 427 464 1393 432 464 1394 222 465 1395 431 465 1396 223 465 1397 223 466 1398 431 466 1399 432 466 1400 365 467 1401 368 467 1402 208 467 1403 208 468 1404 368 468 1405 369 468 1406 208 469 1407 369 469 1408 204 469 1409 204 470 1410 369 470 1411 425 470 1412 164 471 1413 428 471 1414 163 471 1415 163 472 1416 428 472 1417 375 472 1418 163 473 1419 375 473 1420 378 473 1421 378 474 1422 375 474 1423 376 474 1424 203 475 1425 433 475 1426 201 475 1427 201 476 1428 433 476 1429 387 476 1430 201 477 1431 387 477 1432 390 477 1433 390 478 1434 387 478 1435 388 478 1436 382 479 1437 384 479 1438 160 479 1439 160 480 1440 384 480 1441 381 480 1442 160 481 1443 381 481 1444 162 481 1445 162 482 1446 381 482 1447 434 482 1448 435 483 1449 436 483 1450 167 483 1451 167 484 1452 436 484 1453 168 484 1454 162 485 1455 434 485 1456 437 485 1457 438 486 1458 205 486 1459 437 486 1460 437 487 1461 205 487 1462 166 487 1463 437 488 1464 166 488 1465 162 488 1466 433 489 1467 203 489 1468 439 489 1469 439 490 1470 203 490 1471 205 490 1472 439 491 1473 205 491 1474 440 491 1475 440 492 1476 205 492 1477 438 492 1478 440 493 1479 438 493 1480 435 493 1481 435 494 1482 438 494 1483 436 494 1484 380 495 1485 437 495 1486 381 495 1487 381 496 1488 437 496 1489 434 496 1490 168 497 1491 436 497 1492 174 497 1493 174 498 1494 436 498 1495 438 498 1496 441 499 1497 174 499 1498 442 499 1499 442 500 1500 174 500 1501 438 500 1502 442 501 1503 438 501 1504 443 501 1505 441 502 1506 444 502 1507 174 502 1508 174 503 1509 444 503 1510 445 503 1511 174 504 1512 445 504 1513 171 504 1514 171 505 1515 445 505 1516 446 505 1517 437 506 1518 380 506 1519 171 506 1520 447 507 1521 437 507 1522 448 507 1523 448 508 1524 437 508 1525 171 508 1526 448 509 1527 171 509 1528 449 509 1529 449 510 1530 171 510 1531 446 510 1532 447 511 1533 450 511 1534 437 511 1535 437 512 1536 450 512 1537 451 512 1538 437 513 1539 451 513 1540 438 513 1541 438 514 1542 451 514 1543 452 514 1544 438 515 1545 452 515 1546 443 515 1547 387 516 1548 433 516 1549 386 516 1550 386 517 1551 433 517 1552 439 517 1553 177 518 1554 440 518 1555 167 518 1556 167 519 1557 440 519 1558 435 519 1559 453 520 1560 439 520 1561 440 520 1562 453 521 1563 454 521 1564 439 521 1565 439 522 1566 454 522 1567 455 522 1568 439 523 1569 455 523 1570 456 523 1571 177 524 1572 457 524 1573 440 524 1574 440 525 1575 457 525 1576 458 525 1577 458 526 1578 459 526 1579 440 526 1580 440 527 1581 459 527 1582 460 527 1583 440 528 1584 460 528 1585 453 528 1586 456 529 1587 461 529 1588 439 529 1589 439 530 1590 461 530 1591 179 530 1592 439 531 1593 179 531 1594 386 531 1595 461 532 1596 462 532 1597 179 532 1598 179 533 1599 462 533 1600 463 533 1601 179 534 1602 463 534 1603 177 534 1604 177 535 1605 463 535 1606 464 535 1607 177 536 1608 464 536 1609 457 536 1610 227 537 1611 228 537 1612 465 537 1613 465 538 1614 466 538 1615 227 538 1616 227 539 1617 466 539 1618 467 539 1619 227 540 1620 467 540 1621 430 540 1622 430 541 1623 467 541 1624 468 541 1625 430 542 1626 468 542 1627 469 542 1628 469 543 1629 470 543 1630 430 543 1631 430 544 1632 470 544 1633 471 544 1634 430 545 1635 471 545 1636 429 545 1637 429 546 1638 471 546 1639 472 546 1640 429 547 1641 472 547 1642 473 547 1643 228 548 1644 374 548 1645 429 548 1646 473 549 1647 474 549 1648 429 549 1649 429 550 1650 474 550 1651 475 550 1652 429 551 1653 475 551 1654 228 551 1655 228 552 1656 475 552 1657 476 552 1658 228 553 1659 476 553 1660 465 553 1661 227 554 1662 430 554 1663 222 554 1664 222 555 1665 430 555 1666 431 555 1667 375 556 1668 428 556 1669 374 556 1670 374 557 1671 428 557 1672 429 557 1673 477 558 1674 229 558 1675 478 558 1676 478 559 1677 229 559 1678 231 559 1679 478 560 1680 231 560 1681 479 560 1682 426 561 1683 370 561 1684 229 561 1685 480 562 1686 426 562 1687 481 562 1688 481 563 1689 426 563 1690 229 563 1691 481 564 1692 229 564 1693 482 564 1694 482 565 1695 229 565 1696 477 565 1697 480 566 1698 483 566 1699 426 566 1700 426 567 1701 483 567 1702 484 567 1703 426 568 1704 484 568 1705 427 568 1706 427 569 1707 484 569 1708 485 569 1709 485 570 1710 486 570 1711 427 570 1712 427 571 1713 486 571 1714 487 571 1715 427 572 1716 487 572 1717 231 572 1718 231 573 1719 487 573 1720 488 573 1721 231 574 1722 488 574 1723 479 574 1724 223 575 1725 432 575 1726 231 575 1727 231 576 1728 432 576 1729 427 576 1730 370 577 1731 426 577 1732 369 577 1733 369 578 1734 426 578 1735 425 578 1736 344 579 1737 343 579 1738 489 579 1739 305 580 1740 304 580 1741 490 580 1742 409 581 1743 491 581 1744 356 581 1745 356 582 1746 491 582 1747 355 582 1748 46 583 1749 489 583 1750 48 583 1751 48 584 1752 489 584 1753 492 584 1754 122 585 1755 120 585 1756 313 585 1757 44 586 1758 260 586 1759 46 586 1760 46 587 1761 260 587 1762 400 587 1763 46 588 1764 400 588 1765 489 588 1766 489 589 1767 400 589 1768 397 589 1769 489 590 1770 397 590 1771 344 590 1772 313 591 1773 120 591 1774 407 591 1775 407 592 1776 120 592 1777 118 592 1778 407 593 1779 118 593 1780 409 593 1781 492 594 1782 493 594 1783 48 594 1784 48 595 1785 493 595 1786 494 595 1787 48 596 1788 494 596 1789 50 596 1790 50 597 1791 494 597 1792 495 597 1793 50 598 1794 495 598 1795 28 598 1796 28 599 1797 495 599 1798 496 599 1799 28 600 1800 496 600 1801 30 600 1802 409 601 1803 118 601 1804 491 601 1805 491 602 1806 118 602 1807 116 602 1808 491 603 1809 116 603 1810 114 603 1811 497 604 1812 498 604 1813 112 604 1814 112 605 1815 498 605 1816 114 605 1817 499 606 1818 500 606 1819 501 606 1820 501 607 1821 500 607 1822 491 607 1823 498 608 1824 502 608 1825 114 608 1826 114 609 1827 502 609 1828 503 609 1829 114 610 1830 503 610 1831 491 610 1832 491 611 1833 503 611 1834 504 611 1835 491 612 1836 504 612 1837 501 612 1838 44 613 1839 42 613 1840 260 613 1841 260 614 1842 42 614 1843 40 614 1844 260 615 1845 40 615 1846 249 615 1847 249 616 1848 40 616 1849 38 616 1850 249 617 1851 38 617 1852 36 617 1853 505 618 1854 506 618 1855 32 618 1856 122 619 1857 313 619 1858 100 619 1859 100 620 1860 313 620 1861 316 620 1862 100 621 1863 316 621 1864 102 621 1865 82 622 1866 490 622 1867 84 622 1868 84 623 1869 490 623 1870 507 623 1871 508 624 1872 509 624 1873 510 624 1874 510 625 1875 509 625 1876 511 625 1877 510 626 1878 511 626 1879 512 626 1880 70 627 1881 68 627 1882 36 627 1883 249 628 1884 60 628 1885 392 628 1886 392 629 1887 60 629 1888 58 629 1889 392 630 1890 58 630 1891 394 630 1892 394 631 1893 58 631 1894 513 631 1895 394 632 1896 513 632 1897 298 632 1898 298 633 1899 513 633 1900 299 633 1901 80 634 1902 316 634 1903 82 634 1904 82 635 1905 316 635 1906 405 635 1907 82 636 1908 405 636 1909 490 636 1910 490 637 1911 405 637 1912 403 637 1913 490 638 1914 403 638 1915 305 638 1916 68 639 1917 66 639 1918 36 639 1919 36 640 1920 66 640 1921 64 640 1922 36 641 1923 64 641 1924 249 641 1925 249 642 1926 64 642 1927 62 642 1928 249 643 1929 62 643 1930 60 643 1931 514 644 1932 52 644 1933 74 644 1934 507 645 1935 515 645 1936 84 645 1937 84 646 1938 515 646 1939 516 646 1940 84 647 1941 516 647 1942 86 647 1943 86 648 1944 516 648 1945 517 648 1946 86 649 1947 517 649 1948 88 649 1949 88 650 1950 517 650 1951 518 650 1952 88 651 1953 518 651 1954 90 651 1955 90 652 1956 518 652 1957 519 652 1958 90 653 1959 519 653 1960 92 653 1961 92 654 1962 519 654 1963 520 654 1964 92 655 1965 520 655 1966 521 655 1967 110 656 1968 509 656 1969 112 656 1970 112 657 1971 509 657 1972 508 657 1973 112 658 1974 508 658 1975 497 658 1976 522 659 1977 523 659 1978 524 659 1979 80 660 1980 78 660 1981 316 660 1982 316 661 1983 78 661 1984 76 661 1985 316 662 1986 76 662 1987 102 662 1988 102 663 1989 76 663 1990 98 663 1991 102 664 1992 98 664 1993 104 664 1994 104 665 1995 98 665 1996 96 665 1997 104 666 1998 96 666 1999 106 666 2000 30 667 2001 496 667 2002 32 667 2003 32 668 2004 496 668 2005 525 668 2006 32 669 2007 525 669 2008 505 669 2009 58 670 2010 56 670 2011 513 670 2012 513 671 2013 56 671 2014 54 671 2015 513 672 2016 54 672 2017 526 672 2018 96 673 2019 94 673 2020 106 673 2021 106 674 2022 94 674 2023 92 674 2024 106 675 2025 92 675 2026 108 675 2027 108 676 2028 92 676 2029 521 676 2030 108 677 2031 521 677 2032 110 677 2033 110 678 2034 521 678 2035 527 678 2036 110 679 2037 527 679 2038 528 679 2039 528 680 2040 529 680 2041 110 680 2042 110 681 2043 529 681 2044 514 681 2045 110 682 2046 514 682 2047 509 682 2048 509 683 2049 514 683 2050 74 683 2051 509 684 2052 74 684 2053 530 684 2054 530 685 2055 74 685 2056 531 685 2057 522 686 2058 524 686 2059 514 686 2060 514 687 2061 524 687 2062 532 687 2063 514 688 2064 532 688 2065 52 688 2066 533 689 2067 534 689 2068 535 689 2069 535 690 2070 534 690 2071 513 690 2072 535 691 2073 513 691 2074 536 691 2075 536 692 2076 513 692 2077 526 692 2078 36 693 2079 34 693 2080 70 693 2081 70 694 2082 34 694 2083 32 694 2084 70 695 2085 32 695 2086 72 695 2087 72 696 2088 32 696 2089 506 696 2090 72 697 2091 506 697 2092 74 697 2093 74 698 2094 506 698 2095 537 698 2096 74 699 2097 537 699 2098 531 699 2099 532 700 2100 538 700 2101 52 700 2102 52 701 2103 538 701 2104 539 701 2105 52 702 2106 539 702 2107 54 702 2108 54 703 2109 539 703 2110 540 703 2111 54 704 2112 540 704 2113 526 704 2114 541 705 2115 542 705 2116 543 705 2117 544 706 2118 545 706 2119 205 706 2120 546 707 2121 206 707 2122 547 707 2123 547 708 2124 206 708 2125 165 708 2126 548 709 2127 549 709 2128 165 709 2129 165 710 2130 549 710 2131 550 710 2132 546 711 2133 551 711 2134 206 711 2135 206 712 2136 551 712 2137 552 712 2138 206 713 2139 552 713 2140 553 713 2141 554 714 2142 555 714 2143 205 714 2144 556 715 2145 557 715 2146 558 715 2147 558 716 2148 557 716 2149 559 716 2150 558 717 2151 559 717 2152 560 717 2153 560 718 2154 559 718 2155 561 718 2156 562 719 2157 563 719 2158 564 719 2159 544 720 2160 205 720 2161 565 720 2162 565 721 2163 205 721 2164 555 721 2165 565 722 2166 555 722 2167 566 722 2168 567 723 2169 568 723 2170 165 723 2171 165 724 2172 568 724 2173 569 724 2174 165 725 2175 569 725 2176 547 725 2177 564 726 2178 570 726 2179 562 726 2180 562 727 2181 570 727 2182 571 727 2183 562 728 2184 571 728 2185 572 728 2186 572 729 2187 571 729 2188 573 729 2189 563 730 2190 574 730 2191 564 730 2192 564 731 2193 574 731 2194 575 731 2195 564 732 2196 575 732 2197 576 732 2198 576 733 2199 575 733 2200 557 733 2201 576 734 2202 557 734 2203 577 734 2204 577 735 2205 557 735 2206 556 735 2207 553 736 2208 578 736 2209 206 736 2210 206 737 2211 578 737 2212 579 737 2213 206 738 2214 579 738 2215 205 738 2216 205 739 2217 579 739 2218 580 739 2219 205 740 2220 580 740 2221 554 740 2222 573 741 2223 581 741 2224 572 741 2225 572 742 2226 581 742 2227 582 742 2228 572 743 2229 582 743 2230 583 743 2231 583 744 2232 582 744 2233 205 744 2234 583 745 2235 205 745 2236 584 745 2237 584 746 2238 205 746 2239 545 746 2240 548 747 2241 165 747 2242 543 747 2243 543 748 2244 165 748 2245 585 748 2246 543 749 2247 585 749 2248 541 749 2249 561 750 2250 559 750 2251 550 750 2252 550 751 2253 559 751 2254 586 751 2255 550 752 2256 586 752 2257 165 752 2258 165 753 2259 586 753 2260 587 753 2261 165 754 2262 587 754 2263 567 754 2264 588 755 2265 166 755 2266 589 755 2267 589 756 2268 166 756 2269 590 756 2270 588 757 2271 591 757 2272 166 757 2273 166 758 2274 591 758 2275 592 758 2276 166 759 2277 592 759 2278 165 759 2279 165 760 2280 592 760 2281 593 760 2282 165 761 2283 593 761 2284 585 761 2285 582 762 2286 594 762 2287 205 762 2288 205 763 2289 594 763 2290 595 763 2291 205 764 2292 595 764 2293 166 764 2294 166 765 2295 595 765 2296 596 765 2297 166 766 2298 596 766 2299 590 766 2300 523 767 2301 577 767 2302 524 767 2303 524 768 2304 577 768 2305 556 768 2306 524 769 2307 556 769 2308 532 769 2309 532 770 2310 556 770 2311 558 770 2312 532 771 2313 558 771 2314 538 771 2315 538 772 2316 558 772 2317 560 772 2318 538 773 2319 560 773 2320 539 773 2321 539 774 2322 560 774 2323 561 774 2324 539 775 2325 561 775 2326 540 775 2327 540 776 2328 561 776 2329 550 776 2330 540 777 2331 550 777 2332 526 777 2333 526 778 2334 550 778 2335 549 778 2336 526 779 2337 549 779 2338 536 779 2339 536 780 2340 549 780 2341 548 780 2342 536 781 2343 548 781 2344 535 781 2345 535 782 2346 548 782 2347 543 782 2348 535 783 2349 543 783 2350 533 783 2351 533 784 2352 543 784 2353 542 784 2354 597 785 2355 419 785 2356 418 785 2357 534 786 2358 533 786 2359 598 786 2360 598 787 2361 533 787 2362 542 787 2363 598 788 2364 542 788 2365 599 788 2366 599 789 2367 542 789 2368 541 789 2369 599 790 2370 541 790 2371 600 790 2372 600 791 2373 541 791 2374 585 791 2375 600 792 2376 585 792 2377 420 792 2378 507 793 2379 601 793 2380 589 793 2381 589 794 2382 601 794 2383 588 794 2384 601 795 2385 597 795 2386 588 795 2387 588 796 2388 597 796 2389 418 796 2390 588 797 2391 418 797 2392 591 797 2393 591 798 2394 418 798 2395 424 798 2396 591 799 2397 424 799 2398 592 799 2399 592 800 2400 424 800 2401 423 800 2402 592 801 2403 423 801 2404 593 801 2405 593 802 2406 423 802 2407 422 802 2408 593 803 2409 422 803 2410 585 803 2411 585 804 2412 422 804 2413 421 804 2414 585 805 2415 421 805 2416 420 805 2417 577 806 2418 523 806 2419 576 806 2420 576 807 2421 523 807 2422 522 807 2423 576 808 2424 522 808 2425 564 808 2426 564 809 2427 522 809 2428 514 809 2429 564 810 2430 514 810 2431 570 810 2432 570 811 2433 514 811 2434 529 811 2435 570 812 2436 529 812 2437 571 812 2438 571 813 2439 529 813 2440 528 813 2441 571 814 2442 528 814 2443 573 814 2444 573 815 2445 528 815 2446 527 815 2447 573 816 2448 527 816 2449 581 816 2450 581 817 2451 527 817 2452 521 817 2453 581 818 2454 521 818 2455 582 818 2456 582 819 2457 521 819 2458 520 819 2459 582 820 2460 520 820 2461 594 820 2462 594 821 2463 520 821 2464 519 821 2465 594 822 2466 519 822 2467 595 822 2468 595 823 2469 519 823 2470 518 823 2471 595 824 2472 518 824 2473 596 824 2474 596 825 2475 518 825 2476 517 825 2477 596 826 2478 517 826 2479 590 826 2480 590 827 2481 517 827 2482 516 827 2483 590 828 2484 516 828 2485 589 828 2486 589 829 2487 516 829 2488 515 829 2489 589 830 2490 515 830 2491 507 830 2492 602 831 2493 412 831 2494 411 831 2495 492 832 2496 603 832 2497 552 832 2498 552 833 2499 603 833 2500 553 833 2501 500 834 2502 499 834 2503 604 834 2504 604 835 2505 499 835 2506 566 835 2507 604 836 2508 566 836 2509 605 836 2510 605 837 2511 566 837 2512 555 837 2513 605 838 2514 555 838 2515 606 838 2516 606 839 2517 555 839 2518 554 839 2519 606 840 2520 554 840 2521 413 840 2522 603 841 2523 602 841 2524 553 841 2525 553 842 2526 602 842 2527 411 842 2528 553 843 2529 411 843 2530 578 843 2531 578 844 2532 411 844 2533 417 844 2534 578 845 2535 417 845 2536 579 845 2537 579 846 2538 417 846 2539 416 846 2540 579 847 2541 416 847 2542 580 847 2543 580 848 2544 416 848 2545 415 848 2546 580 849 2547 415 849 2548 554 849 2549 554 850 2550 415 850 2551 414 850 2552 554 851 2553 414 851 2554 413 851 2555 574 852 2556 512 852 2557 575 852 2558 575 853 2559 512 853 2560 511 853 2561 575 854 2562 511 854 2563 557 854 2564 557 855 2565 511 855 2566 509 855 2567 557 856 2568 509 856 2569 559 856 2570 559 857 2571 509 857 2572 530 857 2573 559 858 2574 530 858 2575 586 858 2576 586 859 2577 530 859 2578 531 859 2579 586 860 2580 531 860 2581 587 860 2582 587 861 2583 531 861 2584 537 861 2585 587 862 2586 537 862 2587 567 862 2588 567 863 2589 537 863 2590 506 863 2591 567 864 2592 506 864 2593 568 864 2594 568 865 2595 506 865 2596 505 865 2597 568 866 2598 505 866 2599 569 866 2600 569 867 2601 505 867 2602 525 867 2603 569 868 2604 525 868 2605 547 868 2606 547 869 2607 525 869 2608 496 869 2609 547 870 2610 496 870 2611 546 870 2612 546 871 2613 496 871 2614 495 871 2615 546 872 2616 495 872 2617 551 872 2618 551 873 2619 495 873 2620 494 873 2621 551 874 2622 494 874 2623 552 874 2624 552 875 2625 494 875 2626 493 875 2627 552 876 2628 493 876 2629 492 876 2630 512 877 2631 574 877 2632 510 877 2633 510 878 2634 574 878 2635 563 878 2636 510 879 2637 563 879 2638 508 879 2639 508 880 2640 563 880 2641 562 880 2642 508 881 2643 562 881 2644 497 881 2645 497 882 2646 562 882 2647 572 882 2648 497 883 2649 572 883 2650 498 883 2651 498 884 2652 572 884 2653 583 884 2654 498 885 2655 583 885 2656 502 885 2657 502 886 2658 583 886 2659 584 886 2660 502 887 2661 584 887 2662 503 887 2663 503 888 2664 584 888 2665 545 888 2666 503 889 2667 545 889 2668 504 889 2669 504 890 2670 545 890 2671 544 890 2672 504 891 2673 544 891 2674 501 891 2675 501 892 2676 544 892 2677 565 892 2678 501 893 2679 565 893 2680 499 893 2681 499 894 2682 565 894 2683 566 894 2684 489 895 2685 343 895 2686 607 895 2687 607 896 2688 343 896 2689 342 896 2690 602 897 2691 351 897 2692 412 897 2693 412 898 2694 351 898 2695 349 898 2696 351 899 2697 602 899 2698 342 899 2699 342 900 2700 602 900 2701 603 900 2702 342 901 2703 603 901 2704 607 901 2705 489 902 2706 607 902 2707 492 902 2708 492 903 2709 607 903 2710 603 903 2711 608 904 2712 353 904 2713 491 904 2714 491 905 2715 353 905 2716 355 905 2717 413 906 2718 348 906 2719 606 906 2720 606 907 2721 348 907 2722 350 907 2723 605 908 2724 606 908 2725 350 908 2726 605 909 2727 350 909 2728 604 909 2729 604 910 2730 350 910 2731 353 910 2732 604 911 2733 353 911 2734 608 911 2735 608 912 2736 491 912 2737 604 912 2738 604 913 2739 491 913 2740 500 913 2741 609 914 2742 301 914 2743 513 914 2744 513 915 2745 301 915 2746 299 915 2747 420 916 2748 309 916 2749 600 916 2750 600 917 2751 309 917 2752 303 917 2753 599 918 2754 600 918 2755 303 918 2756 599 919 2757 303 919 2758 598 919 2759 598 920 2760 303 920 2761 301 920 2762 598 921 2763 301 921 2764 609 921 2765 609 922 2766 513 922 2767 598 922 2768 598 923 2769 513 923 2770 534 923 2771 490 924 2772 304 924 2773 610 924 2774 610 925 2775 304 925 2776 306 925 2777 597 926 2778 307 926 2779 419 926 2780 419 927 2781 307 927 2782 308 927 2783 610 928 2784 306 928 2785 601 928 2786 601 929 2787 306 929 2788 307 929 2789 601 930 2790 307 930 2791 597 930 2792 490 931 2793 610 931 2794 507 931 2795 507 932 2796 610 932 2797 601 932 2798 320 933 2799 318 933 2800 611 933 2801 317 934 2802 612 934 2803 318 934 2804 318 935 2805 612 935 2806 613 935 2807 318 936 2808 613 936 2809 611 936 2810 322 937 2811 614 937 2812 317 937 2813 317 938 2814 614 938 2815 615 938 2816 317 939 2817 615 939 2818 612 939 2819 311 940 2820 616 940 2821 322 940 2822 322 941 2823 616 941 2824 617 941 2825 322 942 2826 617 942 2827 614 942 2828 310 943 2829 618 943 2830 311 943 2831 311 944 2832 618 944 2833 619 944 2834 311 945 2835 619 945 2836 616 945 2837 330 946 2838 620 946 2839 310 946 2840 310 947 2841 620 947 2842 621 947 2843 310 948 2844 621 948 2845 618 948 2846 327 949 2847 622 949 2848 330 949 2849 330 950 2850 622 950 2851 623 950 2852 330 951 2853 623 951 2854 620 951 2855 326 952 2856 624 952 2857 327 952 2858 327 953 2859 624 953 2860 625 953 2861 327 954 2862 625 954 2863 622 954 2864 315 955 2865 626 955 2866 326 955 2867 326 956 2868 626 956 2869 627 956 2870 326 957 2871 627 957 2872 624 957 2873 314 958 2874 628 958 2875 315 958 2876 315 959 2877 628 959 2878 629 959 2879 315 960 2880 629 960 2881 626 960 2882 321 961 2883 630 961 2884 314 961 2885 314 962 2886 630 962 2887 631 962 2888 314 963 2889 631 963 2890 628 963 2891 611 964 2892 632 964 2893 320 964 2894 320 965 2895 632 965 2896 633 965 2897 320 966 2898 633 966 2899 321 966 2900 321 967 2901 633 967 2902 634 967 2903 321 968 2904 634 968 2905 630 968 2906 182 969 2907 181 969 2908 631 969 2909 631 970 2910 630 970 2911 182 970 2912 182 971 2913 630 971 2914 634 971 2915 182 972 2916 634 972 2917 183 972 2918 634 973 2919 633 973 2920 183 973 2921 183 974 2922 633 974 2923 632 974 2924 183 975 2925 632 975 2926 185 975 2927 632 976 2928 611 976 2929 185 976 2930 185 977 2931 611 977 2932 613 977 2933 185 978 2934 613 978 2935 186 978 2936 613 979 2937 612 979 2938 186 979 2939 186 980 2940 612 980 2941 615 980 2942 186 981 2943 615 981 2944 195 981 2945 615 982 2946 614 982 2947 195 982 2948 195 983 2949 614 983 2950 617 983 2951 195 984 2952 617 984 2953 196 984 2954 196 985 2955 617 985 2956 616 985 2957 196 986 2958 616 986 2959 197 986 2960 616 987 2961 619 987 2962 197 987 2963 197 988 2964 619 988 2965 618 988 2966 197 989 2967 618 989 2968 189 989 2969 618 990 2970 621 990 2971 189 990 2972 189 991 2973 621 991 2974 620 991 2975 189 992 2976 620 992 2977 175 992 2978 620 993 2979 623 993 2980 175 993 2981 175 994 2982 623 994 2983 622 994 2984 175 995 2985 622 995 2986 176 995 2987 622 996 2988 625 996 2989 176 996 2990 176 997 2991 625 997 2992 624 997 2993 176 998 2994 624 998 2995 178 998 2996 624 999 2997 627 999 2998 178 999 2999 178 1000 3000 627 1000 3001 626 1000 3002 178 1001 3003 626 1001 3004 180 1001 3005 180 1002 3006 626 1002 3007 629 1002 3008 180 1003 3009 629 1003 3010 181 1003 3011 181 1004 3012 629 1004 3013 628 1004 3014 181 1005 3015 628 1005 3016 631 1005 3017 187 1006 3018 169 1006 3019 155 1006 3020 155 1007 3021 154 1007 3022 187 1007 3023 187 1008 3024 154 1008 3025 158 1008 3026 187 1009 3027 158 1009 3028 188 1009 3029 158 1010 3030 157 1010 3031 188 1010 3032 188 1011 3033 157 1011 3034 156 1011 3035 188 1012 3036 156 1012 3037 190 1012 3038 156 1013 3039 125 1013 3040 190 1013 3041 190 1014 3042 125 1014 3043 128 1014 3044 190 1015 3045 128 1015 3046 191 1015 3047 128 1016 3048 127 1016 3049 191 1016 3050 191 1017 3051 127 1017 3052 131 1017 3053 191 1018 3054 131 1018 3055 194 1018 3056 194 1019 3057 131 1019 3058 130 1019 3059 194 1020 3060 130 1020 3061 192 1020 3062 130 1021 3063 134 1021 3064 192 1021 3065 192 1022 3066 134 1022 3067 133 1022 3068 192 1023 3069 133 1023 3070 198 1023 3071 133 1024 3072 137 1024 3073 198 1024 3074 198 1025 3075 137 1025 3076 136 1025 3077 198 1026 3078 136 1026 3079 199 1026 3080 136 1027 3081 140 1027 3082 199 1027 3083 199 1028 3084 140 1028 3085 139 1028 3086 199 1029 3087 139 1029 3088 200 1029 3089 139 1030 3090 143 1030 3091 200 1030 3092 200 1031 3093 143 1031 3094 142 1031 3095 200 1032 3096 142 1032 3097 173 1032 3098 142 1033 3099 146 1033 3100 173 1033 3101 173 1034 3102 146 1034 3103 145 1034 3104 173 1035 3105 145 1035 3106 172 1035 3107 145 1036 3108 149 1036 3109 172 1036 3110 172 1037 3111 149 1037 3112 148 1037 3113 172 1038 3114 148 1038 3115 170 1038 3116 170 1039 3117 148 1039 3118 152 1039 3119 170 1040 3120 152 1040 3121 169 1040 3122 169 1041 3123 152 1041 3124 151 1041 3125 169 1042 3126 151 1042 3127 155 1042 3128 408 1043 3129 410 1043 3130 354 1043 3131 354 1044 3132 347 1044 3133 212 1044 3134 404 1045 3135 406 1045 3136 312 1045 3137 319 1046 3138 408 1046 3139 391 1046 3140 391 1047 3141 408 1047 3142 354 1047 3143 391 1048 3144 354 1048 3145 202 1048 3146 202 1049 3147 354 1049 3148 212 1049 3149 391 1050 3150 389 1050 3151 319 1050 3152 319 1051 3153 389 1051 3154 184 1051 3155 319 1052 3156 184 1052 3157 312 1052 3158 302 1053 3159 404 1053 3160 385 1053 3161 385 1054 3162 404 1054 3163 312 1054 3164 385 1055 3165 312 1055 3166 193 1055 3167 193 1056 3168 312 1056 3169 184 1056 3170 393 1057 3171 395 1057 3172 300 1057 3173 385 1058 3174 383 1058 3175 302 1058 3176 302 1059 3177 383 1059 3178 159 1059 3179 302 1060 3180 159 1060 3181 300 1060 3182 251 1061 3183 393 1061 3184 379 1061 3185 379 1062 3186 393 1062 3187 300 1062 3188 379 1063 3189 300 1063 3190 161 1063 3191 161 1064 3192 300 1064 3193 159 1064 3194 226 1065 3195 289 1065 3196 225 1065 3197 225 1066 3198 289 1066 3199 251 1066 3200 225 1067 3201 251 1067 3202 377 1067 3203 377 1068 3204 251 1068 3205 379 1068 3206 250 1069 3207 635 1069 3208 248 1069 3209 248 1070 3210 635 1070 3211 636 1070 3212 248 1071 3213 636 1071 3214 252 1071 3215 252 1072 3216 636 1072 3217 637 1072 3218 252 1073 3219 637 1073 3220 253 1073 3221 253 1074 3222 637 1074 3223 638 1074 3224 253 1075 3225 638 1075 3226 254 1075 3227 254 1076 3228 638 1076 3229 639 1076 3230 254 1077 3231 639 1077 3232 255 1077 3233 255 1078 3234 639 1078 3235 640 1078 3236 255 1079 3237 640 1079 3238 256 1079 3239 256 1080 3240 640 1080 3241 641 1080 3242 256 1081 3243 641 1081 3244 257 1081 3245 257 1082 3246 641 1082 3247 642 1082 3248 257 1083 3249 642 1083 3250 265 1083 3251 265 1084 3252 642 1084 3253 643 1084 3254 265 1085 3255 643 1085 3256 266 1085 3257 266 1086 3258 643 1086 3259 644 1086 3260 266 1087 3261 644 1087 3262 271 1087 3263 271 1088 3264 644 1088 3265 645 1088 3266 271 1089 3267 645 1089 3268 272 1089 3269 272 1090 3270 645 1090 3271 646 1090 3272 272 1091 3273 646 1091 3274 274 1091 3275 274 1092 3276 646 1092 3277 647 1092 3278 274 1093 3279 647 1093 3280 275 1093 3281 275 1094 3282 647 1094 3283 648 1094 3284 275 1095 3285 648 1095 3286 293 1095 3287 293 1096 3288 648 1096 3289 649 1096 3290 293 1097 3291 649 1097 3292 290 1097 3293 290 1098 3294 649 1098 3295 650 1098 3296 290 1099 3297 650 1099 3298 288 1099 3299 288 1100 3300 650 1100 3301 651 1100 3302 288 1101 3303 651 1101 3304 282 1101 3305 282 1102 3306 651 1102 3307 652 1102 3308 282 1103 3309 652 1103 3310 283 1103 3311 283 1104 3312 652 1104 3313 653 1104 3314 283 1105 3315 653 1105 3316 284 1105 3317 284 1106 3318 653 1106 3319 654 1106 3320 284 1107 3321 654 1107 3322 291 1107 3323 291 1108 3324 654 1108 3325 655 1108 3326 291 1109 3327 655 1109 3328 292 1109 3329 292 1110 3330 655 1110 3331 656 1110 3332 292 1111 3333 656 1111 3334 250 1111 3335 250 1112 3336 656 1112 3337 635 1112 3338 657 1113 3339 658 1113 3340 639 1113 3341 659 1114 3342 660 1114 3343 635 1114 3344 639 1115 3345 638 1115 3346 657 1115 3347 657 1116 3348 638 1116 3349 637 1116 3350 657 1117 3351 637 1117 3352 660 1117 3353 660 1118 3354 637 1118 3355 636 1118 3356 660 1119 3357 636 1119 3358 635 1119 3359 661 1120 3360 642 1120 3361 662 1120 3362 662 1121 3363 642 1121 3364 641 1121 3365 662 1122 3366 641 1122 3367 658 1122 3368 658 1123 3369 641 1123 3370 640 1123 3371 658 1124 3372 640 1124 3373 639 1124 3374 663 1125 3375 644 1125 3376 661 1125 3377 661 1126 3378 644 1126 3379 643 1126 3380 661 1127 3381 643 1127 3382 642 1127 3383 664 1128 3384 646 1128 3385 663 1128 3386 663 1129 3387 646 1129 3388 645 1129 3389 663 1130 3390 645 1130 3391 644 1130 3392 665 1131 3393 648 1131 3394 664 1131 3395 664 1132 3396 648 1132 3397 647 1132 3398 664 1133 3399 647 1133 3400 646 1133 3401 666 1134 3402 650 1134 3403 665 1134 3404 665 1135 3405 650 1135 3406 649 1135 3407 665 1136 3408 649 1136 3409 648 1136 3410 667 1137 3411 653 1137 3412 668 1137 3413 668 1138 3414 653 1138 3415 652 1138 3416 668 1139 3417 652 1139 3418 666 1139 3419 666 1140 3420 652 1140 3421 651 1140 3422 666 1141 3423 651 1141 3424 650 1141 3425 635 1142 3426 656 1142 3427 659 1142 3428 659 1143 3429 656 1143 3430 655 1143 3431 659 1144 3432 655 1144 3433 667 1144 3434 667 1145 3435 655 1145 3436 654 1145 3437 667 1146 3438 654 1146 3439 653 1146 3440 150 1147 3441 669 1147 3442 153 1147 3443 153 1148 3444 669 1148 3445 670 1148 3446 153 1149 3447 670 1149 3448 123 1149 3449 123 1150 3450 670 1150 3451 671 1150 3452 123 1151 3453 671 1151 3454 124 1151 3455 671 1152 3456 672 1152 3457 124 1152 3458 124 1153 3459 672 1153 3460 673 1153 3461 124 1154 3462 673 1154 3463 126 1154 3464 126 1155 3465 673 1155 3466 674 1155 3467 126 1156 3468 674 1156 3469 129 1156 3470 129 1157 3471 674 1157 3472 675 1157 3473 129 1158 3474 675 1158 3475 132 1158 3476 141 1159 3477 676 1159 3478 144 1159 3479 144 1160 3480 676 1160 3481 677 1160 3482 144 1161 3483 677 1161 3484 147 1161 3485 147 1162 3486 677 1162 3487 678 1162 3488 147 1163 3489 678 1163 3490 150 1163 3491 150 1164 3492 678 1164 3493 679 1164 3494 150 1165 3495 679 1165 3496 669 1165 3497 675 1166 3498 680 1166 3499 132 1166 3500 132 1167 3501 680 1167 3502 681 1167 3503 132 1168 3504 681 1168 3505 135 1168 3506 135 1169 3507 681 1169 3508 682 1169 3509 135 1170 3510 682 1170 3511 138 1170 3512 138 1171 3513 682 1171 3514 683 1171 3515 138 1172 3516 683 1172 3517 141 1172 3518 141 1173 3519 683 1173 3520 684 1173 3521 141 1174 3522 684 1174 3523 676 1174 3524 671 1175 3525 331 1175 3526 672 1175 3527 672 1176 3528 331 1176 3529 329 1176 3530 672 1177 3531 329 1177 3532 673 1177 3533 673 1178 3534 329 1178 3535 338 1178 3536 673 1179 3537 338 1179 3538 674 1179 3539 674 1180 3540 338 1180 3541 337 1180 3542 674 1181 3543 337 1181 3544 675 1181 3545 675 1182 3546 337 1182 3547 336 1182 3548 675 1183 3549 336 1183 3550 680 1183 3551 680 1184 3552 336 1184 3553 333 1184 3554 680 1185 3555 333 1185 3556 681 1185 3557 681 1186 3558 333 1186 3559 334 1186 3560 681 1187 3561 334 1187 3562 682 1187 3563 682 1188 3564 334 1188 3565 335 1188 3566 682 1189 3567 335 1189 3568 683 1189 3569 683 1190 3570 335 1190 3571 341 1190 3572 683 1191 3573 341 1191 3574 684 1191 3575 684 1192 3576 341 1192 3577 340 1192 3578 684 1193 3579 340 1193 3580 676 1193 3581 676 1194 3582 340 1194 3583 339 1194 3584 676 1195 3585 339 1195 3586 677 1195 3587 677 1196 3588 339 1196 3589 325 1196 3590 677 1197 3591 325 1197 3592 678 1197 3593 678 1198 3594 325 1198 3595 324 1198 3596 678 1199 3597 324 1199 3598 679 1199 3599 679 1200 3600 324 1200 3601 323 1200 3602 679 1201 3603 323 1201 3604 669 1201 3605 669 1202 3606 323 1202 3607 328 1202 3608 669 1203 3609 328 1203 3610 670 1203 3611 670 1204 3612 328 1204 3613 332 1204 3614 670 1205 3615 332 1205 3616 671 1205 3617 671 1206 3618 332 1206 3619 331 1206 3620 224 1207 3621 264 1207 3622 234 1207 3623 234 1208 3624 264 1208 3625 273 1208 3626 234 1209 3627 273 1209 3628 235 1209 3629 235 1210 3630 273 1210 3631 294 1210 3632 235 1211 3633 294 1211 3634 236 1211 3635 236 1212 3636 294 1212 3637 295 1212 3638 236 1213 3639 295 1213 3640 238 1213 3641 238 1214 3642 295 1214 3643 276 1214 3644 238 1215 3645 276 1215 3646 245 1215 3647 245 1216 3648 276 1216 3649 278 1216 3650 245 1217 3651 278 1217 3652 219 1217 3653 219 1218 3654 278 1218 3655 280 1218 3656 219 1219 3657 280 1219 3658 220 1219 3659 220 1220 3660 280 1220 3661 287 1220 3662 220 1221 3663 287 1221 3664 241 1221 3665 241 1222 3666 287 1222 3667 286 1222 3668 241 1223 3669 286 1223 3670 243 1223 3671 243 1224 3672 286 1224 3673 261 1224 3674 243 1225 3675 261 1225 3676 244 1225 3677 244 1226 3678 261 1226 3679 259 1226 3680 244 1227 3681 259 1227 3682 230 1227 3683 230 1228 3684 259 1228 3685 258 1228 3686 230 1229 3687 258 1229 3688 232 1229 3689 232 1230 3690 258 1230 3691 262 1230 3692 232 1231 3693 262 1231 3694 233 1231 3695 233 1232 3696 262 1232 3697 263 1232 3698 233 1233 3699 263 1233 3700 224 1233 3701 224 1234 3702 263 1234 3703 264 1234 3704 221 1235 3705 281 1235 3706 279 1235 3707 221 1236 3708 279 1236 3709 246 1236 3710 246 1237 3711 279 1237 3712 277 1237 3713 246 1238 3714 277 1238 3715 247 1238 3716 281 1239 3717 221 1239 3718 285 1239 3719 285 1240 3720 221 1240 3721 240 1240 3722 285 1241 3723 240 1241 3724 242 1241 3725 685 1242 3726 361 1242 3727 360 1242 3728 402 1243 3729 267 1243 3730 686 1243 3731 402 1244 3732 686 1244 3733 401 1244 3734 396 1245 3735 398 1245 3736 686 1245 3737 686 1246 3738 398 1246 3739 399 1246 3740 686 1247 3741 399 1247 3742 401 1247 3743 373 1248 3744 269 1248 3745 242 1248 3746 242 1249 3747 269 1249 3748 270 1249 3749 242 1250 3750 270 1250 3751 285 1250 3752 373 1251 3753 372 1251 3754 269 1251 3755 269 1252 3756 372 1252 3757 371 1252 3758 269 1253 3759 371 1253 3760 367 1253 3761 367 1254 3762 366 1254 3763 269 1254 3764 269 1255 3765 366 1255 3766 687 1255 3767 269 1256 3768 687 1256 3769 268 1256 3770 268 1257 3771 687 1257 3772 688 1257 3773 268 1258 3774 688 1258 3775 267 1258 3776 267 1259 3777 688 1259 3778 685 1259 3779 267 1260 3780 685 1260 3781 686 1260 3782 686 1261 3783 685 1261 3784 360 1261 3785 686 1262 3786 360 1262 3787 396 1262 3788 359 1263 3789 358 1263 3790 689 1263 3791 216 1264 3792 217 1264 3793 690 1264 3794 690 1265 3795 217 1265 3796 359 1265 3797 690 1266 3798 359 1266 3799 691 1266 3800 691 1267 3801 359 1267 3802 689 1267 3803 359 1268 3804 217 1268 3805 218 1268 3806 359 1269 3807 218 1269 3808 352 1269 3809 352 1270 3810 218 1270 3811 214 1270 3812 352 1271 3813 214 1271 3814 345 1271 3815 345 1272 3816 214 1272 3817 213 1272 3818 345 1273 3819 213 1273 3820 346 1273 3821 346 1274 3822 213 1274 3823 212 1274 3824 346 1275 3825 212 1275 3826 347 1275 3827 247 1276 3828 277 1276 3829 297 1276 3830 247 1277 3831 297 1277 3832 239 1277 3833 239 1278 3834 297 1278 3835 296 1278 3836 239 1279 3837 296 1279 3838 237 1279 3839 237 1280 3840 296 1280 3841 289 1280 3842 237 1281 3843 289 1281 3844 226 1281 3845 689 1282 3846 358 1282 3847 357 1282 3848 691 1283 3849 689 1283 3850 692 1283 3851 209 1284 3852 210 1284 3853 693 1284 3854 693 1285 3855 210 1285 3856 211 1285 3857 687 1286 3858 366 1286 3859 364 1286 3860 687 1287 3861 364 1287 3862 694 1287 3863 695 1288 3864 696 1288 3865 697 1288 3866 697 1289 3867 696 1289 3868 690 1289 3869 697 1290 3870 690 1290 3871 691 1290 3872 364 1291 3873 207 1291 3874 694 1291 3875 694 1292 3876 207 1292 3877 209 1292 3878 694 1293 3879 209 1293 3880 695 1293 3881 695 1294 3882 209 1294 3883 693 1294 3884 695 1295 3885 693 1295 3886 696 1295 3887 696 1296 3888 693 1296 3889 211 1296 3890 696 1297 3891 211 1297 3892 690 1297 3893 690 1298 3894 211 1298 3895 215 1298 3896 690 1299 3897 215 1299 3898 216 1299 3899 698 1300 3900 685 1300 3901 688 1300 3902 691 1301 3903 692 1301 3904 697 1301 3905 697 1302 3906 692 1302 3907 699 1302 3908 697 1303 3909 699 1303 3910 695 1303 3911 695 1304 3912 699 1304 3913 698 1304 3914 695 1305 3915 698 1305 3916 694 1305 3917 694 1306 3918 698 1306 3919 688 1306 3920 694 1307 3921 688 1307 3922 687 1307 3923 689 1308 3924 357 1308 3925 692 1308 3926 692 1309 3927 357 1309 3928 363 1309 3929 692 1310 3930 363 1310 3931 699 1310 3932 699 1311 3933 363 1311 3934 362 1311 3935 699 1312 3936 362 1312 3937 698 1312 3938 698 1313 3939 362 1313 3940 361 1313 3941 698 1314 3942 361 1314 3943 685 1314 3944 700 1315 3945 119 1315 3946 701 1315 3947 701 1316 3948 119 1316 3949 121 1316 3950 701 1317 3951 121 1317 3952 702 1317 3953 702 1318 3954 121 1318 3955 99 1318 3956 702 1319 3957 99 1319 3958 703 1319 3959 703 1320 3960 99 1320 3961 101 1320 3962 703 1321 3963 101 1321 3964 704 1321 3965 704 1322 3966 101 1322 3967 103 1322 3968 704 1323 3969 103 1323 3970 705 1323 3971 705 1324 3972 103 1324 3973 105 1324 3974 705 1325 3975 105 1325 3976 706 1325 3977 706 1326 3978 105 1326 3979 107 1326 3980 706 1327 3981 107 1327 3982 707 1327 3983 707 1328 3984 107 1328 3985 109 1328 3986 707 1329 3987 109 1329 3988 708 1329 3989 708 1330 3990 109 1330 3991 111 1330 3992 708 1331 3993 111 1331 3994 709 1331 3995 709 1332 3996 111 1332 3997 113 1332 3998 709 1333 3999 113 1333 4000 710 1333 4001 710 1334 4002 113 1334 4003 115 1334 4004 710 1335 4005 115 1335 4006 711 1335 4007 711 1336 4008 115 1336 4009 117 1336 4010 711 1337 4011 117 1337 4012 700 1337 4013 700 1338 4014 117 1338 4015 119 1338 4016 708 1339 4017 453 1339 4018 707 1339 4019 707 1340 4020 453 1340 4021 460 1340 4022 707 1341 4023 460 1341 4024 706 1341 4025 706 1342 4026 460 1342 4027 459 1342 4028 706 1343 4029 459 1343 4030 705 1343 4031 705 1344 4032 459 1344 4033 458 1344 4034 705 1345 4035 458 1345 4036 704 1345 4037 704 1346 4038 458 1346 4039 457 1346 4040 704 1347 4041 457 1347 4042 703 1347 4043 703 1348 4044 457 1348 4045 464 1348 4046 703 1349 4047 464 1349 4048 702 1349 4049 702 1350 4050 464 1350 4051 463 1350 4052 702 1351 4053 463 1351 4054 701 1351 4055 701 1352 4056 463 1352 4057 462 1352 4058 701 1353 4059 462 1353 4060 700 1353 4061 700 1354 4062 462 1354 4063 461 1354 4064 700 1355 4065 461 1355 4066 711 1355 4067 711 1356 4068 461 1356 4069 456 1356 4070 711 1357 4071 456 1357 4072 710 1357 4073 710 1358 4074 456 1358 4075 455 1358 4076 710 1359 4077 455 1359 4078 709 1359 4079 709 1360 4080 455 1360 4081 454 1360 4082 709 1361 4083 454 1361 4084 708 1361 4085 708 1362 4086 454 1362 4087 453 1362 4088 712 1363 4089 83 1363 4090 713 1363 4091 713 1364 4092 83 1364 4093 85 1364 4094 713 1365 4095 85 1365 4096 714 1365 4097 714 1366 4098 85 1366 4099 87 1366 4100 714 1367 4101 87 1367 4102 715 1367 4103 715 1368 4104 87 1368 4105 89 1368 4106 715 1369 4107 89 1369 4108 716 1369 4109 716 1370 4110 89 1370 4111 91 1370 4112 716 1371 4113 91 1371 4114 717 1371 4115 717 1372 4116 91 1372 4117 93 1372 4118 717 1373 4119 93 1373 4120 718 1373 4121 718 1374 4122 93 1374 4123 95 1374 4124 718 1375 4125 95 1375 4126 719 1375 4127 719 1376 4128 95 1376 4129 97 1376 4130 719 1377 4131 97 1377 4132 720 1377 4133 720 1378 4134 97 1378 4135 75 1378 4136 720 1379 4137 75 1379 4138 721 1379 4139 721 1380 4140 75 1380 4141 77 1380 4142 721 1381 4143 77 1381 4144 722 1381 4145 722 1382 4146 77 1382 4147 79 1382 4148 722 1383 4149 79 1383 4150 723 1383 4151 723 1384 4152 79 1384 4153 81 1384 4154 723 1385 4155 81 1385 4156 712 1385 4157 712 1386 4158 81 1386 4159 83 1386 4160 714 1387 4161 451 1387 4162 713 1387 4163 713 1388 4164 451 1388 4165 450 1388 4166 713 1389 4167 450 1389 4168 712 1389 4169 712 1390 4170 450 1390 4171 447 1390 4172 712 1391 4173 447 1391 4174 723 1391 4175 723 1392 4176 447 1392 4177 448 1392 4178 723 1393 4179 448 1393 4180 722 1393 4181 722 1394 4182 448 1394 4183 449 1394 4184 722 1395 4185 449 1395 4186 721 1395 4187 721 1396 4188 449 1396 4189 446 1396 4190 721 1397 4191 446 1397 4192 720 1397 4193 720 1398 4194 446 1398 4195 445 1398 4196 720 1399 4197 445 1399 4198 719 1399 4199 719 1400 4200 445 1400 4201 444 1400 4202 719 1401 4203 444 1401 4204 718 1401 4205 718 1402 4206 444 1402 4207 441 1402 4208 718 1403 4209 441 1403 4210 717 1403 4211 717 1404 4212 441 1404 4213 442 1404 4214 717 1405 4215 442 1405 4216 716 1405 4217 716 1406 4218 442 1406 4219 443 1406 4220 716 1407 4221 443 1407 4222 715 1407 4223 715 1408 4224 443 1408 4225 452 1408 4226 715 1409 4227 452 1409 4228 714 1409 4229 714 1410 4230 452 1410 4231 451 1410 4232 724 1411 4233 59 1411 4234 725 1411 4235 725 1412 4236 59 1412 4237 61 1412 4238 725 1413 4239 61 1413 4240 726 1413 4241 726 1414 4242 61 1414 4243 63 1414 4244 726 1415 4245 63 1415 4246 727 1415 4247 727 1416 4248 63 1416 4249 65 1416 4250 727 1417 4251 65 1417 4252 728 1417 4253 728 1418 4254 65 1418 4255 67 1418 4256 728 1419 4257 67 1419 4258 729 1419 4259 729 1420 4260 67 1420 4261 69 1420 4262 729 1421 4263 69 1421 4264 730 1421 4265 730 1422 4266 69 1422 4267 71 1422 4268 730 1423 4269 71 1423 4270 731 1423 4271 731 1424 4272 71 1424 4273 73 1424 4274 731 1425 4275 73 1425 4276 732 1425 4277 732 1426 4278 73 1426 4279 51 1426 4280 732 1427 4281 51 1427 4282 733 1427 4283 733 1428 4284 51 1428 4285 53 1428 4286 733 1429 4287 53 1429 4288 734 1429 4289 734 1430 4290 53 1430 4291 55 1430 4292 734 1431 4293 55 1431 4294 735 1431 4295 735 1432 4296 55 1432 4297 57 1432 4298 735 1433 4299 57 1433 4300 724 1433 4301 724 1434 4302 57 1434 4303 59 1434 4304 726 1435 4305 465 1435 4306 725 1435 4307 725 1436 4308 465 1436 4309 476 1436 4310 725 1437 4311 476 1437 4312 724 1437 4313 724 1438 4314 476 1438 4315 475 1438 4316 724 1439 4317 475 1439 4318 735 1439 4319 735 1440 4320 475 1440 4321 474 1440 4322 735 1441 4323 474 1441 4324 734 1441 4325 734 1442 4326 474 1442 4327 473 1442 4328 734 1443 4329 473 1443 4330 733 1443 4331 733 1444 4332 473 1444 4333 472 1444 4334 733 1445 4335 472 1445 4336 732 1445 4337 732 1446 4338 472 1446 4339 471 1446 4340 732 1447 4341 471 1447 4342 731 1447 4343 731 1448 4344 471 1448 4345 470 1448 4346 731 1449 4347 470 1449 4348 730 1449 4349 730 1450 4350 470 1450 4351 469 1450 4352 730 1451 4353 469 1451 4354 729 1451 4355 729 1452 4356 469 1452 4357 468 1452 4358 729 1453 4359 468 1453 4360 728 1453 4361 728 1454 4362 468 1454 4363 467 1454 4364 728 1455 4365 467 1455 4366 727 1455 4367 727 1456 4368 467 1456 4369 466 1456 4370 727 1457 4371 466 1457 4372 726 1457 4373 726 1458 4374 466 1458 4375 465 1458 4376 736 1459 4377 47 1459 4378 737 1459 4379 737 1460 4380 47 1460 4381 49 1460 4382 737 1461 4383 49 1461 4384 738 1461 4385 738 1462 4386 49 1462 4387 27 1462 4388 738 1463 4389 27 1463 4390 739 1463 4391 739 1464 4392 27 1464 4393 29 1464 4394 739 1465 4395 29 1465 4396 740 1465 4397 740 1466 4398 29 1466 4399 31 1466 4400 740 1467 4401 31 1467 4402 741 1467 4403 741 1468 4404 31 1468 4405 33 1468 4406 741 1469 4407 33 1469 4408 742 1469 4409 742 1470 4410 33 1470 4411 35 1470 4412 742 1471 4413 35 1471 4414 743 1471 4415 743 1472 4416 35 1472 4417 37 1472 4418 743 1473 4419 37 1473 4420 744 1473 4421 744 1474 4422 37 1474 4423 39 1474 4424 744 1475 4425 39 1475 4426 745 1475 4427 745 1476 4428 39 1476 4429 41 1476 4430 745 1477 4431 41 1477 4432 746 1477 4433 746 1478 4434 41 1478 4435 43 1478 4436 746 1479 4437 43 1479 4438 747 1479 4439 747 1480 4440 43 1480 4441 45 1480 4442 747 1481 4443 45 1481 4444 736 1481 4445 736 1482 4446 45 1482 4447 47 1482 4448 744 1483 4449 478 1483 4450 743 1483 4451 743 1484 4452 478 1484 4453 479 1484 4454 743 1485 4455 479 1485 4456 742 1485 4457 742 1486 4458 479 1486 4459 488 1486 4460 742 1487 4461 488 1487 4462 741 1487 4463 741 1488 4464 488 1488 4465 487 1488 4466 741 1489 4467 487 1489 4468 740 1489 4469 740 1490 4470 487 1490 4471 486 1490 4472 740 1491 4473 486 1491 4474 739 1491 4475 739 1492 4476 486 1492 4477 485 1492 4478 739 1493 4479 485 1493 4480 738 1493 4481 738 1494 4482 485 1494 4483 484 1494 4484 738 1495 4485 484 1495 4486 737 1495 4487 737 1496 4488 484 1496 4489 483 1496 4490 737 1497 4491 483 1497 4492 736 1497 4493 736 1498 4494 483 1498 4495 480 1498 4496 736 1499 4497 480 1499 4498 747 1499 4499 747 1500 4500 480 1500 4501 481 1500 4502 747 1501 4503 481 1501 4504 746 1501 4505 746 1502 4506 481 1502 4507 482 1502 4508 746 1503 4509 482 1503 4510 745 1503 4511 745 1504 4512 482 1504 4513 477 1504 4514 745 1505 4515 477 1505 4516 744 1505 4517 744 1506 4518 477 1506 4519 478 1506 4520 26 1507 4521 2 1507 4522 748 1507 4523 748 1508 4524 2 1508 4525 4 1508 4526 748 1509 4527 4 1509 4528 749 1509 4529 749 1510 4530 4 1510 4531 6 1510 4532 749 1511 4533 6 1511 4534 750 1511 4535 750 1512 4536 6 1512 4537 8 1512 4538 750 1513 4539 8 1513 4540 751 1513 4541 751 1514 4542 8 1514 4543 10 1514 4544 751 1515 4545 10 1515 4546 752 1515 4547 752 1516 4548 10 1516 4549 12 1516 4550 752 1517 4551 12 1517 4552 753 1517 4553 753 1518 4554 12 1518 4555 14 1518 4556 753 1519 4557 14 1519 4558 754 1519 4559 754 1520 4560 14 1520 4561 16 1520 4562 754 1521 4563 16 1521 4564 755 1521 4565 755 1522 4566 16 1522 4567 18 1522 4568 755 1523 4569 18 1523 4570 756 1523 4571 756 1524 4572 18 1524 4573 20 1524 4574 756 1525 4575 20 1525 4576 757 1525 4577 757 1526 4578 20 1526 4579 22 1526 4580 757 1527 4581 22 1527 4582 758 1527 4583 758 1528 4584 22 1528 4585 24 1528 4586 758 1529 4587 24 1529 4588 759 1529 4589 759 1530 4590 24 1530 4591 26 1530 4592 759 1531 4593 26 1531 4594 748 1531 4595 754 1532 4596 659 1532 4597 753 1532 4598 753 1533 4599 659 1533 4600 667 1533 4601 753 1534 4602 667 1534 4603 752 1534 4604 752 1535 4605 667 1535 4606 668 1535 4607 752 1536 4608 668 1536 4609 751 1536 4610 751 1537 4611 668 1537 4612 666 1537 4613 751 1538 4614 666 1538 4615 750 1538 4616 750 1539 4617 666 1539 4618 665 1539 4619 750 1540 4620 665 1540 4621 749 1540 4622 749 1541 4623 665 1541 4624 664 1541 4625 749 1542 4626 664 1542 4627 748 1542 4628 748 1543 4629 664 1543 4630 663 1543 4631 748 1544 4632 663 1544 4633 759 1544 4634 759 1545 4635 663 1545 4636 661 1545 4637 759 1546 4638 661 1546 4639 758 1546 4640 758 1547 4641 661 1547 4642 662 1547 4643 758 1548 4644 662 1548 4645 757 1548 4646 757 1549 4647 662 1549 4648 658 1549 4649 757 1550 4650 658 1550 4651 756 1550 4652 756 1551 4653 658 1551 4654 657 1551 4655 756 1552 4656 657 1552 4657 755 1552 4658 755 1553 4659 657 1553 4660 660 1553 4661 755 1554 4662 660 1554 4663 754 1554 4664 754 1555 4665 660 1555 4666 659 1555 4667 760 1556 4668 761 1556 4669 762 1556 4670 763 1557 4671 764 1557 4672 765 1557 4673 765 1558 4674 764 1558 4675 766 1558 4676 761 1559 4677 767 1559 4678 762 1559 4679 762 1560 4680 767 1560 4681 768 1560 4682 762 1561 4683 768 1561 4684 765 1561 4685 765 1562 4686 768 1562 4687 769 1562 4688 765 1563 4689 769 1563 4690 763 1563 4691 770 1564 4692 762 1564 4693 771 1564 4694 771 1565 4695 762 1565 4696 772 1565 4697 773 1566 4698 760 1566 4699 774 1566 4700 774 1567 4701 760 1567 4702 762 1567 4703 774 1568 4704 762 1568 4705 775 1568 4706 775 1569 4707 762 1569 4708 770 1569 4709 766 1570 4710 776 1570 4711 765 1570 4712 765 1571 4713 776 1571 4714 777 1571 4715 765 1572 4716 777 1572 4717 778 1572 4718 778 1573 4719 779 1573 4720 765 1573 4721 765 1574 4722 779 1574 4723 780 1574 4724 765 1575 4725 780 1575 4726 781 1575 4727 782 1576 4728 783 1576 4729 784 1576 4730 784 1577 4731 783 1577 4732 785 1577 4733 786 1578 4734 787 1578 4735 788 1578 4736 788 1579 4737 787 1579 4738 789 1579 4739 762 1580 4740 790 1580 4741 791 1580 4742 790 1581 4743 762 1581 4744 792 1581 4745 792 1582 4746 762 1582 4747 765 1582 4748 792 1583 4749 765 1583 4750 793 1583 4751 793 1584 4752 765 1584 4753 794 1584 4754 793 1585 4755 794 1585 4756 791 1585 4757 791 1586 4758 794 1586 4759 795 1586 4760 791 1587 4761 795 1587 4762 762 1587 4763 796 1588 4764 797 1588 4765 798 1588 4766 797 1589 4767 796 1589 4768 799 1589 4769 799 1590 4770 796 1590 4771 800 1590 4772 799 1591 4773 800 1591 4774 801 1591 4775 801 1592 4776 800 1592 4777 802 1592 4778 801 1593 4779 802 1593 4780 798 1593 4781 798 1594 4782 802 1594 4783 803 1594 4784 798 1595 4785 803 1595 4786 796 1595 4787 762 1596 4788 795 1596 4789 772 1596 4790 772 1597 4791 795 1597 4792 802 1597 4793 772 1598 4794 802 1598 4795 800 1598 4796 796 1599 4797 803 1599 4798 781 1599 4799 781 1600 4800 803 1600 4801 794 1600 4802 781 1601 4803 794 1601 4804 765 1601 4805 795 1602 4806 794 1602 4807 802 1602 4808 802 1603 4809 794 1603 4810 803 1603 4811 804 1604 4812 805 1604 4813 800 1604 4814 805 1605 4815 806 1605 4816 800 1605 4817 800 1606 4818 806 1606 4819 807 1606 4820 800 1607 4821 807 1607 4822 772 1607 4823 808 1608 4824 796 1608 4825 809 1608 4826 809 1609 4827 796 1609 4828 781 1609 4829 808 1610 4830 810 1610 4831 796 1610 4832 796 1611 4833 810 1611 4834 811 1611 4835 796 1612 4836 811 1612 4837 812 1612 4838 812 1613 4839 813 1613 4840 796 1613 4841 796 1614 4842 813 1614 4843 814 1614 4844 796 1615 4845 814 1615 4846 800 1615 4847 800 1616 4848 814 1616 4849 815 1616 4850 800 1617 4851 815 1617 4852 804 1617 4853 816 1618 4854 817 1618 4855 818 1618 4856 819 1619 4857 790 1619 4858 820 1619 4859 820 1620 4860 790 1620 4861 792 1620 4862 820 1621 4863 792 1621 4864 821 1621 4865 819 1622 4866 822 1622 4867 790 1622 4868 790 1623 4869 822 1623 4870 823 1623 4871 790 1624 4872 823 1624 4873 787 1624 4874 818 1625 4875 824 1625 4876 816 1625 4877 816 1626 4878 824 1626 4879 825 1626 4880 816 1627 4881 825 1627 4882 792 1627 4883 792 1628 4884 825 1628 4885 826 1628 4886 792 1629 4887 826 1629 4888 821 1629 4889 827 1630 4890 789 1630 4891 828 1630 4892 828 1631 4893 789 1631 4894 787 1631 4895 828 1632 4896 787 1632 4897 829 1632 4898 829 1633 4899 787 1633 4900 823 1633 4901 830 1634 4902 816 1634 4903 793 1634 4904 793 1635 4905 816 1635 4906 792 1635 4907 831 1636 4908 832 1636 4909 833 1636 4910 833 1637 4911 832 1637 4912 830 1637 4913 786 1638 4914 788 1638 4915 834 1638 4916 834 1639 4917 835 1639 4918 786 1639 4919 786 1640 4920 835 1640 4921 836 1640 4922 786 1641 4923 836 1641 4924 791 1641 4925 791 1642 4926 836 1642 4927 837 1642 4928 791 1643 4929 837 1643 4930 838 1643 4931 838 1644 4932 839 1644 4933 791 1644 4934 791 1645 4935 839 1645 4936 840 1645 4937 791 1646 4938 840 1646 4939 793 1646 4940 840 1647 4941 841 1647 4942 793 1647 4943 793 1648 4944 841 1648 4945 842 1648 4946 793 1649 4947 842 1649 4948 830 1649 4949 830 1650 4950 842 1650 4951 843 1650 4952 830 1651 4953 843 1651 4954 833 1651 4955 787 1652 4956 786 1652 4957 790 1652 4958 790 1653 4959 786 1653 4960 791 1653 4961 816 1654 4962 830 1654 4963 817 1654 4964 817 1655 4965 830 1655 4966 832 1655 4967 844 1656 4968 845 1656 4969 846 1656 4970 846 1657 4971 847 1657 4972 844 1657 4973 844 1658 4974 847 1658 4975 848 1658 4976 844 1659 4977 848 1659 4978 799 1659 4979 799 1660 4980 848 1660 4981 849 1660 4982 799 1661 4983 849 1661 4984 850 1661 4985 851 1662 4986 785 1662 4987 852 1662 4988 852 1663 4989 785 1663 4990 783 1663 4991 850 1664 4992 853 1664 4993 799 1664 4994 799 1665 4995 853 1665 4996 854 1665 4997 799 1666 4998 854 1666 4999 797 1666 5000 854 1667 5001 855 1667 5002 797 1667 5003 797 1668 5004 855 1668 5005 856 1668 5006 797 1669 5007 856 1669 5008 783 1669 5009 783 1670 5010 856 1670 5011 857 1670 5012 783 1671 5013 857 1671 5014 852 1671 5015 858 1672 5016 844 1672 5017 801 1672 5018 801 1673 5019 844 1673 5020 799 1673 5021 782 1674 5022 784 1674 5023 859 1674 5024 860 1675 5025 861 1675 5026 801 1675 5027 801 1676 5028 861 1676 5029 862 1676 5030 801 1677 5031 862 1677 5032 858 1677 5033 860 1678 5034 801 1678 5035 863 1678 5036 863 1679 5037 801 1679 5038 798 1679 5039 863 1680 5040 798 1680 5041 864 1680 5042 865 1681 5043 866 1681 5044 867 1681 5045 867 1682 5046 866 1682 5047 858 1682 5048 867 1683 5049 858 1683 5050 868 1683 5051 868 1684 5052 858 1684 5053 862 1684 5054 859 1685 5055 869 1685 5056 782 1685 5057 782 1686 5058 869 1686 5059 870 1686 5060 782 1687 5061 870 1687 5062 798 1687 5063 798 1688 5064 870 1688 5065 871 1688 5066 798 1689 5067 871 1689 5068 864 1689 5069 783 1690 5070 782 1690 5071 797 1690 5072 797 1691 5073 782 1691 5074 798 1691 5075 844 1692 5076 858 1692 5077 845 1692 5078 845 1693 5079 858 1693 5080 866 1693 5081 834 1694 5082 827 1694 5083 835 1694 5084 835 1695 5085 827 1695 5086 828 1695 5087 835 1696 5088 828 1696 5089 836 1696 5090 836 1697 5091 828 1697 5092 829 1697 5093 836 1698 5094 829 1698 5095 837 1698 5096 837 1699 5097 829 1699 5098 823 1699 5099 837 1700 5100 823 1700 5101 838 1700 5102 838 1701 5103 823 1701 5104 822 1701 5105 838 1702 5106 822 1702 5107 839 1702 5108 839 1703 5109 822 1703 5110 819 1703 5111 839 1704 5112 819 1704 5113 840 1704 5114 840 1705 5115 819 1705 5116 820 1705 5117 840 1706 5118 820 1706 5119 841 1706 5120 841 1707 5121 820 1707 5122 821 1707 5123 841 1708 5124 821 1708 5125 842 1708 5126 842 1709 5127 821 1709 5128 826 1709 5129 842 1710 5130 826 1710 5131 843 1710 5132 843 1711 5133 826 1711 5134 825 1711 5135 843 1712 5136 825 1712 5137 833 1712 5138 833 1713 5139 825 1713 5140 824 1713 5141 833 1714 5142 824 1714 5143 831 1714 5144 831 1715 5145 824 1715 5146 818 1715 5147 827 1716 5148 834 1716 5149 789 1716 5150 789 1717 5151 834 1717 5152 788 1717 5153 817 1718 5154 832 1718 5155 818 1718 5156 818 1719 5157 832 1719 5158 831 1719 5159 785 1720 5160 851 1720 5161 784 1720 5162 784 1721 5163 851 1721 5164 859 1721 5165 846 1722 5166 845 1722 5167 865 1722 5168 865 1723 5169 845 1723 5170 866 1723 5171 859 1724 5172 851 1724 5173 869 1724 5174 869 1725 5175 851 1725 5176 852 1725 5177 869 1726 5178 852 1726 5179 870 1726 5180 870 1727 5181 852 1727 5182 857 1727 5183 870 1728 5184 857 1728 5185 871 1728 5186 871 1729 5187 857 1729 5188 856 1729 5189 871 1730 5190 856 1730 5191 864 1730 5192 864 1731 5193 856 1731 5194 855 1731 5195 864 1732 5196 855 1732 5197 863 1732 5198 863 1733 5199 855 1733 5200 854 1733 5201 863 1734 5202 854 1734 5203 860 1734 5204 860 1735 5205 854 1735 5206 853 1735 5207 860 1736 5208 853 1736 5209 861 1736 5210 861 1737 5211 853 1737 5212 850 1737 5213 861 1738 5214 850 1738 5215 862 1738 5216 862 1739 5217 850 1739 5218 849 1739 5219 862 1740 5220 849 1740 5221 868 1740 5222 868 1741 5223 849 1741 5224 848 1741 5225 868 1742 5226 848 1742 5227 867 1742 5228 867 1743 5229 848 1743 5230 847 1743 5231 867 1744 5232 847 1744 5233 865 1744 5234 865 1745 5235 847 1745 5236 846 1745 5237 872 1746 5238 776 1746 5239 766 1746 5240 872 1747 5241 766 1747 5242 873 1747 5243 873 1748 5244 766 1748 5245 764 1748 5246 873 1749 5247 764 1749 5248 874 1749 5249 874 1750 5250 764 1750 5251 763 1750 5252 874 1751 5253 763 1751 5254 875 1751 5255 875 1752 5256 763 1752 5257 769 1752 5258 875 1753 5259 769 1753 5260 876 1753 5261 876 1754 5262 769 1754 5263 768 1754 5264 876 1755 5265 768 1755 5266 877 1755 5267 877 1756 5268 768 1756 5269 767 1756 5270 877 1757 5271 767 1757 5272 878 1757 5273 878 1758 5274 767 1758 5275 761 1758 5276 878 1759 5277 761 1759 5278 879 1759 5279 879 1760 5280 761 1760 5281 760 1760 5282 879 1761 5283 760 1761 5284 880 1761 5285 880 1762 5286 760 1762 5287 773 1762 5288 880 1763 5289 773 1763 5290 881 1763 5291 881 1764 5292 773 1764 5293 774 1764 5294 881 1765 5295 774 1765 5296 882 1765 5297 882 1766 5298 774 1766 5299 775 1766 5300 882 1767 5301 775 1767 5302 883 1767 5303 883 1768 5304 775 1768 5305 770 1768 5306 883 1769 5307 770 1769 5308 884 1769 5309 884 1770 5310 770 1770 5311 771 1770 5312 884 1771 5313 771 1771 5314 885 1771 5315 885 1772 5316 771 1772 5317 772 1772 5318 885 1773 5319 772 1773 5320 886 1773 5321 772 1774 5322 807 1774 5323 886 1774 5324 886 1775 5325 807 1775 5326 806 1775 5327 886 1776 5328 806 1776 5329 887 1776 5330 887 1777 5331 806 1777 5332 805 1777 5333 887 1778 5334 805 1778 5335 888 1778 5336 888 1779 5337 805 1779 5338 804 1779 5339 888 1780 5340 804 1780 5341 889 1780 5342 889 1781 5343 804 1781 5344 815 1781 5345 889 1782 5346 815 1782 5347 890 1782 5348 890 1783 5349 815 1783 5350 814 1783 5351 890 1784 5352 814 1784 5353 891 1784 5354 891 1785 5355 814 1785 5356 813 1785 5357 891 1786 5358 813 1786 5359 892 1786 5360 892 1787 5361 813 1787 5362 812 1787 5363 892 1788 5364 812 1788 5365 893 1788 5366 893 1789 5367 812 1789 5368 811 1789 5369 893 1790 5370 811 1790 5371 894 1790 5372 894 1791 5373 811 1791 5374 810 1791 5375 894 1792 5376 810 1792 5377 895 1792 5378 895 1793 5379 810 1793 5380 808 1793 5381 895 1794 5382 808 1794 5383 896 1794 5384 896 1795 5385 808 1795 5386 809 1795 5387 896 1796 5388 809 1796 5389 897 1796 5390 897 1797 5391 809 1797 5392 781 1797 5393 897 1798 5394 781 1798 5395 898 1798 5396 781 1799 5397 780 1799 5398 898 1799 5399 898 1800 5400 780 1800 5401 779 1800 5402 898 1801 5403 779 1801 5404 899 1801 5405 899 1802 5406 779 1802 5407 778 1802 5408 899 1803 5409 778 1803 5410 900 1803 5411 900 1804 5412 778 1804 5413 777 1804 5414 900 1805 5415 777 1805 5416 901 1805 5417 901 1806 5418 777 1806 5419 776 1806 5420 901 1807 5421 776 1807 5422 872 1807 5423 902 1808 5424 872 1808 5425 903 1808 5426 903 1809 5427 872 1809 5428 873 1809 5429 903 1810 5430 873 1810 5431 904 1810 5432 904 1811 5433 873 1811 5434 874 1811 5435 904 1812 5436 874 1812 5437 905 1812 5438 902 1813 5439 906 1813 5440 872 1813 5441 872 1814 5442 906 1814 5443 907 1814 5444 872 1815 5445 907 1815 5446 901 1815 5447 901 1816 5448 907 1816 5449 908 1816 5450 901 1817 5451 908 1817 5452 900 1817 5453 900 1818 5454 908 1818 5455 909 1818 5456 900 1819 5457 909 1819 5458 899 1819 5459 899 1820 5460 909 1820 5461 910 1820 5462 911 1821 5463 894 1821 5464 912 1821 5465 912 1822 5466 894 1822 5467 895 1822 5468 912 1823 5469 895 1823 5470 913 1823 5471 914 1824 5472 892 1824 5473 911 1824 5474 911 1825 5475 892 1825 5476 893 1825 5477 911 1826 5478 893 1826 5479 894 1826 5480 874 1827 5481 875 1827 5482 905 1827 5483 905 1828 5484 875 1828 5485 876 1828 5486 905 1829 5487 876 1829 5488 915 1829 5489 915 1830 5490 876 1830 5491 877 1830 5492 915 1831 5493 877 1831 5494 916 1831 5495 916 1832 5496 877 1832 5497 878 1832 5498 916 1833 5499 878 1833 5500 917 1833 5501 917 1834 5502 878 1834 5503 879 1834 5504 917 1835 5505 879 1835 5506 918 1835 5507 918 1836 5508 879 1836 5509 880 1836 5510 918 1837 5511 880 1837 5512 919 1837 5513 919 1838 5514 880 1838 5515 881 1838 5516 895 1839 5517 896 1839 5518 913 1839 5519 913 1840 5520 896 1840 5521 897 1840 5522 913 1841 5523 897 1841 5524 910 1841 5525 910 1842 5526 897 1842 5527 898 1842 5528 910 1843 5529 898 1843 5530 899 1843 5531 902 1844 5532 920 1844 5533 906 1844 5534 906 1845 5535 920 1845 5536 921 1845 5537 906 1846 5538 921 1846 5539 922 1846 5540 922 1847 5541 921 1847 5542 923 1847 5543 922 1848 5544 923 1848 5545 924 1848 5546 924 1849 5547 923 1849 5548 925 1849 5549 926 1850 5550 889 1850 5551 927 1850 5552 927 1851 5553 889 1851 5554 890 1851 5555 927 1852 5556 890 1852 5557 914 1852 5558 914 1853 5559 890 1853 5560 891 1853 5561 914 1854 5562 891 1854 5563 892 1854 5564 928 1855 5565 886 1855 5566 929 1855 5567 929 1856 5568 886 1856 5569 887 1856 5570 929 1857 5571 887 1857 5572 926 1857 5573 926 1858 5574 887 1858 5575 888 1858 5576 926 1859 5577 888 1859 5578 889 1859 5579 923 1860 5580 919 1860 5581 925 1860 5582 925 1861 5583 919 1861 5584 881 1861 5585 925 1862 5586 881 1862 5587 928 1862 5588 928 1863 5589 881 1863 5590 882 1863 5591 928 1864 5592 882 1864 5593 883 1864 5594 883 1865 5595 884 1865 5596 928 1865 5597 928 1866 5598 884 1866 5599 885 1866 5600 928 1867 5601 885 1867 5602 886 1867 5603 930 1868 5604 931 1868 5605 932 1868 5606 933 1869 5607 934 1869 5608 935 1869 5609 935 1870 5610 934 1870 5611 936 1870 5612 935 1871 5613 936 1871 5614 937 1871 5615 937 1872 5616 936 1872 5617 938 1872 5618 937 1873 5619 938 1873 5620 932 1873 5621 932 1874 5622 938 1874 5623 939 1874 5624 932 1875 5625 939 1875 5626 930 1875 5627 940 1876 5628 941 1876 5629 942 1876 5630 942 1877 5631 941 1877 5632 943 1877 5633 942 1878 5634 943 1878 5635 944 1878 5636 944 1879 5637 943 1879 5638 945 1879 5639 944 1880 5640 945 1880 5641 946 1880 5642 946 1881 5643 945 1881 5644 947 1881 5645 946 1882 5646 947 1882 5647 933 1882 5648 933 1883 5649 947 1883 5650 948 1883 5651 933 1884 5652 948 1884 5653 934 1884 5654 930 1885 5655 949 1885 5656 931 1885 5657 931 1886 5658 949 1886 5659 950 1886 5660 931 1887 5661 950 1887 5662 951 1887 5663 951 1888 5664 950 1888 5665 952 1888 5666 951 1889 5667 952 1889 5668 953 1889 5669 953 1890 5670 952 1890 5671 954 1890 5672 953 1891 5673 954 1891 5674 955 1891 5675 955 1892 5676 954 1892 5677 956 1892 5678 955 1893 5679 956 1893 5680 940 1893 5681 940 1894 5682 956 1894 5683 957 1894 5684 940 1895 5685 957 1895 5686 941 1895 5687 958 1896 5688 959 1896 5689 906 1896 5690 906 1897 5691 959 1897 5692 907 1897 5693 959 1898 5694 960 1898 5695 907 1898 5696 907 1899 5697 960 1899 5698 961 1899 5699 907 1900 5700 961 1900 5701 908 1900 5702 908 1901 5703 961 1901 5704 962 1901 5705 908 1902 5706 962 1902 5707 909 1902 5708 909 1903 5709 962 1903 5710 963 1903 5711 909 1904 5712 963 1904 5713 910 1904 5714 910 1905 5715 963 1905 5716 964 1905 5717 910 1906 5718 964 1906 5719 913 1906 5720 913 1907 5721 964 1907 5722 965 1907 5723 913 1908 5724 965 1908 5725 912 1908 5726 912 1909 5727 965 1909 5728 966 1909 5729 912 1910 5730 966 1910 5731 911 1910 5732 911 1911 5733 966 1911 5734 967 1911 5735 911 1912 5736 967 1912 5737 914 1912 5738 914 1913 5739 967 1913 5740 968 1913 5741 914 1914 5742 968 1914 5743 927 1914 5744 927 1915 5745 968 1915 5746 969 1915 5747 927 1916 5748 969 1916 5749 926 1916 5750 926 1917 5751 969 1917 5752 970 1917 5753 926 1918 5754 970 1918 5755 929 1918 5756 929 1919 5757 970 1919 5758 971 1919 5759 929 1920 5760 971 1920 5761 928 1920 5762 928 1921 5763 971 1921 5764 972 1921 5765 928 1922 5766 972 1922 5767 925 1922 5768 925 1923 5769 972 1923 5770 973 1923 5771 925 1924 5772 973 1924 5773 924 1924 5774 924 1925 5775 973 1925 5776 958 1925 5777 924 1926 5778 958 1926 5779 922 1926 5780 922 1927 5781 958 1927 5782 906 1927 5783 921 1928 5784 974 1928 5785 923 1928 5786 923 1929 5787 974 1929 5788 975 1929 5789 923 1930 5790 975 1930 5791 919 1930 5792 919 1931 5793 975 1931 5794 976 1931 5795 919 1932 5796 976 1932 5797 918 1932 5798 918 1933 5799 976 1933 5800 977 1933 5801 918 1934 5802 977 1934 5803 917 1934 5804 917 1935 5805 977 1935 5806 978 1935 5807 917 1936 5808 978 1936 5809 916 1936 5810 916 1937 5811 978 1937 5812 979 1937 5813 916 1938 5814 979 1938 5815 915 1938 5816 915 1939 5817 979 1939 5818 980 1939 5819 915 1940 5820 980 1940 5821 905 1940 5822 905 1941 5823 980 1941 5824 981 1941 5825 905 1942 5826 981 1942 5827 904 1942 5828 904 1943 5829 981 1943 5830 982 1943 5831 904 1944 5832 982 1944 5833 903 1944 5834 903 1945 5835 982 1945 5836 983 1945 5837 903 1946 5838 983 1946 5839 902 1946 5840 902 1947 5841 983 1947 5842 984 1947 5843 902 1948 5844 984 1948 5845 920 1948 5846 920 1949 5847 984 1949 5848 985 1949 5849 920 1950 5850 985 1950 5851 921 1950 5852 921 1951 5853 985 1951 5854 974 1951 5855 981 1952 5856 980 1952 5857 986 1952 5858 986 1953 5859 980 1953 5860 979 1953 5861 986 1954 5862 979 1954 5863 978 1954 5864 984 1955 5865 983 1955 5866 986 1955 5867 986 1956 5868 983 1956 5869 982 1956 5870 986 1957 5871 982 1957 5872 981 1957 5873 975 1958 5874 974 1958 5875 986 1958 5876 986 1959 5877 974 1959 5878 985 1959 5879 986 1960 5880 985 1960 5881 984 1960 5882 978 1961 5883 977 1961 5884 986 1961 5885 986 1962 5886 977 1962 5887 976 1962 5888 986 1963 5889 976 1963 5890 975 1963 5891 950 1964 5892 949 1964 5893 959 1964 5894 959 1965 5895 949 1965 5896 960 1965 5897 949 1966 5898 930 1966 5899 960 1966 5900 960 1967 5901 930 1967 5902 939 1967 5903 960 1968 5904 939 1968 5905 961 1968 5906 961 1969 5907 939 1969 5908 938 1969 5909 961 1970 5910 938 1970 5911 962 1970 5912 962 1971 5913 938 1971 5914 936 1971 5915 962 1972 5916 936 1972 5917 963 1972 5918 963 1973 5919 936 1973 5920 934 1973 5921 963 1974 5922 934 1974 5923 964 1974 5924 964 1975 5925 934 1975 5926 948 1975 5927 964 1976 5928 948 1976 5929 965 1976 5930 965 1977 5931 948 1977 5932 947 1977 5933 965 1978 5934 947 1978 5935 966 1978 5936 966 1979 5937 947 1979 5938 945 1979 5939 966 1980 5940 945 1980 5941 967 1980 5942 967 1981 5943 945 1981 5944 943 1981 5945 967 1982 5946 943 1982 5947 968 1982 5948 968 1983 5949 943 1983 5950 941 1983 5951 968 1984 5952 941 1984 5953 969 1984 5954 969 1985 5955 941 1985 5956 957 1985 5957 969 1986 5958 957 1986 5959 970 1986 5960 970 1987 5961 957 1987 5962 956 1987 5963 970 1988 5964 956 1988 5965 971 1988 5966 971 1989 5967 956 1989 5968 954 1989 5969 971 1990 5970 954 1990 5971 972 1990 5972 972 1991 5973 954 1991 5974 952 1991 5975 972 1992 5976 952 1992 5977 973 1992 5978 973 1993 5979 952 1993 5980 950 1993 5981 973 1994 5982 950 1994 5983 958 1994 5984 958 1995 5985 950 1995 5986 959 1995 5987 987 1996 5988 931 1996 5989 988 1996 5990 988 1997 5991 931 1997 5992 951 1997 5993 988 1998 5994 951 1998 5995 989 1998 5996 989 1999 5997 951 1999 5998 953 1999 5999 989 2000 6000 953 2000 6001 990 2000 6002 990 2001 6003 953 2001 6004 955 2001 6005 990 2002 6006 955 2002 6007 991 2002 6008 991 2003 6009 955 2003 6010 940 2003 6011 991 2004 6012 940 2004 6013 992 2004 6014 992 2005 6015 940 2005 6016 942 2005 6017 992 2006 6018 942 2006 6019 993 2006 6020 993 2007 6021 942 2007 6022 944 2007 6023 993 2008 6024 944 2008 6025 994 2008 6026 994 2009 6027 944 2009 6028 946 2009 6029 994 2010 6030 946 2010 6031 995 2010 6032 995 2011 6033 946 2011 6034 933 2011 6035 995 2012 6036 933 2012 6037 996 2012 6038 996 2013 6039 933 2013 6040 935 2013 6041 996 2014 6042 935 2014 6043 997 2014 6044 997 2015 6045 935 2015 6046 937 2015 6047 997 2016 6048 937 2016 6049 998 2016 6050 998 2017 6051 937 2017 6052 932 2017 6053 998 2018 6054 932 2018 6055 987 2018 6056 987 2019 6057 932 2019 6058 931 2019 6059 997 2020 6060 998 2020 6061 999 2020 6062 999 2021 6063 998 2021 6064 987 2021 6065 999 2022 6066 987 2022 6067 988 2022 6068 994 2023 6069 995 2023 6070 999 2023 6071 999 2024 6072 995 2024 6073 996 2024 6074 999 2025 6075 996 2025 6076 997 2025 6077 991 2026 6078 992 2026 6079 999 2026 6080 999 2027 6081 992 2027 6082 993 2027 6083 999 2028 6084 993 2028 6085 994 2028 6086 988 2029 6087 989 2029 6088 999 2029 6089 999 2030 6090 989 2030 6091 990 2030 6092 999 2031 6093 990 2031 6094 991 2031 6095 1000 2032 6096 1001 2032 6097 1002 2032 6098 1002 2033 6099 1001 2033 6100 1003 2033 6101 1002 2034 6102 1003 2034 6103 1004 2034 6104 1004 2035 6105 1003 2035 6106 1005 2035 6107 1004 2036 6108 1005 2036 6109 1006 2036 6110 1006 2037 6111 1005 2037 6112 1007 2037 6113 1006 2038 6114 1007 2038 6115 1008 2038 6116 1008 2039 6117 1007 2039 6118 1009 2039 6119 1008 2040 6120 1009 2040 6121 1010 2040 6122 1010 2041 6123 1009 2041 6124 1011 2041 6125 1010 2042 6126 1011 2042 6127 1012 2042 6128 1012 2043 6129 1011 2043 6130 1013 2043 6131 1012 2044 6132 1013 2044 6133 1014 2044 6134 1014 2045 6135 1013 2045 6136 1015 2045 6137 1014 2046 6138 1015 2046 6139 1016 2046 6140 1016 2047 6141 1015 2047 6142 1017 2047 6143 1016 2048 6144 1017 2048 6145 1018 2048 6146 1018 2049 6147 1017 2049 6148 1019 2049 6149 1018 2050 6150 1019 2050 6151 1020 2050 6152 1020 2051 6153 1019 2051 6154 1021 2051 6155 1020 2052 6156 1021 2052 6157 1022 2052 6158 1022 2053 6159 1021 2053 6160 1023 2053 6161 1022 2054 6162 1023 2054 6163 1024 2054 6164 1024 2055 6165 1023 2055 6166 1025 2055 6167 1024 2056 6168 1025 2056 6169 1026 2056 6170 1026 2057 6171 1025 2057 6172 1027 2057 6173 1026 2058 6174 1027 2058 6175 1000 2058 6176 1000 2059 6177 1027 2059 6178 1001 2059 6179 1028 2060 6180 1029 2060 6181 1030 2060 6182 1030 2061 6183 1029 2061 6184 1031 2061 6185 1030 2062 6186 1031 2062 6187 1032 2062 6188 1032 2063 6189 1031 2063 6190 1033 2063 6191 1032 2064 6192 1033 2064 6193 1034 2064 6194 1034 2065 6195 1033 2065 6196 1035 2065 6197 1034 2066 6198 1035 2066 6199 1036 2066 6200 1036 2067 6201 1035 2067 6202 1037 2067 6203 1036 2068 6204 1037 2068 6205 1038 2068 6206 1037 2069 6207 1039 2069 6208 1038 2069 6209 1038 2070 6210 1039 2070 6211 1040 2070 6212 1038 2071 6213 1040 2071 6214 1041 2071 6215 1041 2072 6216 1040 2072 6217 1042 2072 6218 1041 2073 6219 1042 2073 6220 1043 2073 6221 1043 2074 6222 1042 2074 6223 1044 2074 6224 1043 2075 6225 1044 2075 6226 1045 2075 6227 1045 2076 6228 1044 2076 6229 1046 2076 6230 1045 2077 6231 1046 2077 6232 1047 2077 6233 1047 2078 6234 1046 2078 6235 1048 2078 6236 1047 2079 6237 1048 2079 6238 1049 2079 6239 1050 2080 6240 1051 2080 6241 1052 2080 6242 1052 2081 6243 1051 2081 6244 1053 2081 6245 1052 2082 6246 1053 2082 6247 1054 2082 6248 1054 2083 6249 1053 2083 6250 1055 2083 6251 1054 2084 6252 1055 2084 6253 1056 2084 6254 1056 2085 6255 1055 2085 6256 1057 2085 6257 1056 2086 6258 1057 2086 6259 1058 2086 6260 1058 2087 6261 1057 2087 6262 1059 2087 6263 1058 2088 6264 1059 2088 6265 1028 2088 6266 1028 2089 6267 1059 2089 6268 1060 2089 6269 1028 2090 6270 1060 2090 6271 1029 2090 6272 1048 2091 6273 1061 2091 6274 1049 2091 6275 1049 2092 6276 1061 2092 6277 1062 2092 6278 1049 2093 6279 1062 2093 6280 1063 2093 6281 1063 2094 6282 1062 2094 6283 1064 2094 6284 1063 2095 6285 1064 2095 6286 1065 2095 6287 1065 2096 6288 1064 2096 6289 1066 2096 6290 1065 2097 6291 1066 2097 6292 1067 2097 6293 1067 2098 6294 1066 2098 6295 1068 2098 6296 1067 2099 6297 1068 2099 6298 1069 2099 6299 1069 2100 6300 1068 2100 6301 1070 2100 6302 1069 2101 6303 1070 2101 6304 1050 2101 6305 1050 2102 6306 1070 2102 6307 1071 2102 6308 1050 2103 6309 1071 2103 6310 1051 2103 6311 1072 2104 6312 1073 2104 6313 1074 2104 6314 1044 2105 6315 1075 2105 6316 1046 2105 6317 1046 2106 6318 1075 2106 6319 1076 2106 6320 1046 2107 6321 1076 2107 6322 1048 2107 6323 1076 2108 6324 1077 2108 6325 1048 2108 6326 1048 2109 6327 1077 2109 6328 1078 2109 6329 1048 2110 6330 1078 2110 6331 1061 2110 6332 1061 2111 6333 1078 2111 6334 1079 2111 6335 1061 2112 6336 1079 2112 6337 1062 2112 6338 1062 2113 6339 1079 2113 6340 1080 2113 6341 1062 2114 6342 1080 2114 6343 1064 2114 6344 1064 2115 6345 1080 2115 6346 1081 2115 6347 1064 2116 6348 1081 2116 6349 1066 2116 6350 1066 2117 6351 1081 2117 6352 1082 2117 6353 1066 2118 6354 1082 2118 6355 1068 2118 6356 1068 2119 6357 1082 2119 6358 1083 2119 6359 1068 2120 6360 1083 2120 6361 1070 2120 6362 1070 2121 6363 1083 2121 6364 1084 2121 6365 1070 2122 6366 1084 2122 6367 1071 2122 6368 1071 2123 6369 1084 2123 6370 1085 2123 6371 1071 2124 6372 1085 2124 6373 1051 2124 6374 1051 2125 6375 1085 2125 6376 1086 2125 6377 1051 2126 6378 1086 2126 6379 1053 2126 6380 1053 2127 6381 1086 2127 6382 1087 2127 6383 1053 2128 6384 1087 2128 6385 1055 2128 6386 1055 2129 6387 1087 2129 6388 1088 2129 6389 1055 2130 6390 1088 2130 6391 1057 2130 6392 1057 2131 6393 1088 2131 6394 1089 2131 6395 1057 2132 6396 1089 2132 6397 1059 2132 6398 1074 2133 6399 1073 2133 6400 1090 2133 6401 1090 2134 6402 1073 2134 6403 1091 2134 6404 1090 2135 6405 1091 2135 6406 1089 2135 6407 1074 2136 6408 1092 2136 6409 1072 2136 6410 1072 2137 6411 1092 2137 6412 1093 2137 6413 1072 2138 6414 1093 2138 6415 1094 2138 6416 1094 2139 6417 1093 2139 6418 1095 2139 6419 1094 2140 6420 1095 2140 6421 1096 2140 6422 1096 2141 6423 1095 2141 6424 1097 2141 6425 1096 2142 6426 1097 2142 6427 1098 2142 6428 1098 2143 6429 1097 2143 6430 1099 2143 6431 1098 2144 6432 1099 2144 6433 1100 2144 6434 1100 2145 6435 1099 2145 6436 1101 2145 6437 1100 2146 6438 1101 2146 6439 1102 2146 6440 1102 2147 6441 1101 2147 6442 1103 2147 6443 1102 2148 6444 1103 2148 6445 1104 2148 6446 1104 2149 6447 1103 2149 6448 1105 2149 6449 1104 2150 6450 1105 2150 6451 1106 2150 6452 1106 2151 6453 1105 2151 6454 1107 2151 6455 1106 2152 6456 1107 2152 6457 1108 2152 6458 1108 2153 6459 1107 2153 6460 1109 2153 6461 1108 2154 6462 1109 2154 6463 1110 2154 6464 1110 2155 6465 1109 2155 6466 1111 2155 6467 1110 2156 6468 1111 2156 6469 1112 2156 6470 1112 2157 6471 1111 2157 6472 1113 2157 6473 1112 2158 6474 1113 2158 6475 1114 2158 6476 1114 2159 6477 1113 2159 6478 1115 2159 6479 1114 2160 6480 1115 2160 6481 1116 2160 6482 1089 2161 6483 1091 2161 6484 1059 2161 6485 1059 2162 6486 1091 2162 6487 1117 2162 6488 1059 2163 6489 1117 2163 6490 1060 2163 6491 1060 2164 6492 1117 2164 6493 1118 2164 6494 1060 2165 6495 1118 2165 6496 1029 2165 6497 1029 2166 6498 1118 2166 6499 1119 2166 6500 1029 2167 6501 1119 2167 6502 1031 2167 6503 1031 2168 6504 1119 2168 6505 1120 2168 6506 1031 2169 6507 1120 2169 6508 1033 2169 6509 1033 2170 6510 1120 2170 6511 1121 2170 6512 1033 2171 6513 1121 2171 6514 1035 2171 6515 1035 2172 6516 1121 2172 6517 1122 2172 6518 1035 2173 6519 1122 2173 6520 1037 2173 6521 1037 2174 6522 1122 2174 6523 1123 2174 6524 1037 2175 6525 1123 2175 6526 1039 2175 6527 1039 2176 6528 1123 2176 6529 1124 2176 6530 1039 2177 6531 1124 2177 6532 1040 2177 6533 1040 2178 6534 1124 2178 6535 1125 2178 6536 1040 2179 6537 1125 2179 6538 1042 2179 6539 1042 2180 6540 1125 2180 6541 1116 2180 6542 1042 2181 6543 1116 2181 6544 1044 2181 6545 1044 2182 6546 1116 2182 6547 1115 2182 6548 1044 2183 6549 1115 2183 6550 1075 2183 6551 1067 2184 6552 1126 2184 6553 1065 2184 6554 1065 2185 6555 1126 2185 6556 1127 2185 6557 1065 2186 6558 1127 2186 6559 1063 2186 6560 1063 2187 6561 1127 2187 6562 1128 2187 6563 1063 2188 6564 1128 2188 6565 1049 2188 6566 1049 2189 6567 1128 2189 6568 1129 2189 6569 1049 2190 6570 1129 2190 6571 1047 2190 6572 1047 2191 6573 1129 2191 6574 1130 2191 6575 1047 2192 6576 1130 2192 6577 1045 2192 6578 1045 2193 6579 1130 2193 6580 1131 2193 6581 1045 2194 6582 1131 2194 6583 1043 2194 6584 1043 2195 6585 1131 2195 6586 1132 2195 6587 1043 2196 6588 1132 2196 6589 1041 2196 6590 1041 2197 6591 1132 2197 6592 1133 2197 6593 1041 2198 6594 1133 2198 6595 1038 2198 6596 1038 2199 6597 1133 2199 6598 1134 2199 6599 1038 2200 6600 1134 2200 6601 1036 2200 6602 1036 2201 6603 1134 2201 6604 1135 2201 6605 1036 2202 6606 1135 2202 6607 1034 2202 6608 1034 2203 6609 1135 2203 6610 1136 2203 6611 1034 2204 6612 1136 2204 6613 1032 2204 6614 1032 2205 6615 1136 2205 6616 1137 2205 6617 1032 2206 6618 1137 2206 6619 1030 2206 6620 1030 2207 6621 1137 2207 6622 1138 2207 6623 1030 2208 6624 1138 2208 6625 1028 2208 6626 1028 2209 6627 1138 2209 6628 1139 2209 6629 1028 2210 6630 1139 2210 6631 1058 2210 6632 1058 2211 6633 1139 2211 6634 1140 2211 6635 1058 2212 6636 1140 2212 6637 1056 2212 6638 1056 2213 6639 1140 2213 6640 1141 2213 6641 1056 2214 6642 1141 2214 6643 1054 2214 6644 1054 2215 6645 1141 2215 6646 1142 2215 6647 1054 2216 6648 1142 2216 6649 1052 2216 6650 1052 2217 6651 1142 2217 6652 1143 2217 6653 1052 2218 6654 1143 2218 6655 1050 2218 6656 1050 2219 6657 1143 2219 6658 1144 2219 6659 1050 2220 6660 1144 2220 6661 1069 2220 6662 1069 2221 6663 1144 2221 6664 1145 2221 6665 1069 2222 6666 1145 2222 6667 1067 2222 6668 1067 2223 6669 1145 2223 6670 1126 2223 6671 1146 2224 6672 1147 2224 6673 1148 2224 6674 1148 2225 6675 1147 2225 6676 1149 2225 6677 1148 2226 6678 1149 2226 6679 1150 2226 6680 1150 2227 6681 1149 2227 6682 1151 2227 6683 1150 2228 6684 1151 2228 6685 1152 2228 6686 1152 2229 6687 1151 2229 6688 1153 2229 6689 1152 2230 6690 1153 2230 6691 1154 2230 6692 1154 2231 6693 1153 2231 6694 1155 2231 6695 1154 2232 6696 1155 2232 6697 1156 2232 6698 1156 2233 6699 1155 2233 6700 1157 2233 6701 1156 2234 6702 1157 2234 6703 1158 2234 6704 1158 2235 6705 1157 2235 6706 1159 2235 6707 1158 2236 6708 1159 2236 6709 1160 2236 6710 1160 2237 6711 1159 2237 6712 1161 2237 6713 1160 2238 6714 1161 2238 6715 1162 2238 6716 1162 2239 6717 1161 2239 6718 1163 2239 6719 1162 2240 6720 1163 2240 6721 1164 2240 6722 1164 2241 6723 1163 2241 6724 1165 2241 6725 1164 2242 6726 1165 2242 6727 1166 2242 6728 1166 2243 6729 1165 2243 6730 1167 2243 6731 1166 2244 6732 1167 2244 6733 1168 2244 6734 1168 2245 6735 1167 2245 6736 1169 2245 6737 1168 2246 6738 1169 2246 6739 1170 2246 6740 1170 2247 6741 1169 2247 6742 1171 2247 6743 1170 2248 6744 1171 2248 6745 1172 2248 6746 1172 2249 6747 1171 2249 6748 1173 2249 6749 1172 2250 6750 1173 2250 6751 1146 2250 6752 1146 2251 6753 1173 2251 6754 1147 2251 6755 1174 2252 6756 1175 2252 6757 1176 2252 6758 1176 2253 6759 1175 2253 6760 1177 2253 6761 1176 2254 6762 1177 2254 6763 1178 2254 6764 1178 2255 6765 1177 2255 6766 1179 2255 6767 1178 2256 6768 1179 2256 6769 1180 2256 6770 1180 2257 6771 1179 2257 6772 1181 2257 6773 1180 2258 6774 1181 2258 6775 1182 2258 6776 1182 2259 6777 1181 2259 6778 1183 2259 6779 1182 2260 6780 1183 2260 6781 1184 2260 6782 1184 2261 6783 1183 2261 6784 1185 2261 6785 1184 2262 6786 1185 2262 6787 1186 2262 6788 1186 2263 6789 1185 2263 6790 1187 2263 6791 1186 2264 6792 1187 2264 6793 1188 2264 6794 1188 2265 6795 1187 2265 6796 1189 2265 6797 1188 2266 6798 1189 2266 6799 1190 2266 6800 1190 2267 6801 1189 2267 6802 1191 2267 6803 1190 2268 6804 1191 2268 6805 1192 2268 6806 1192 2269 6807 1191 2269 6808 1193 2269 6809 1192 2270 6810 1193 2270 6811 1194 2270 6812 1194 2271 6813 1193 2271 6814 1195 2271 6815 1194 2272 6816 1195 2272 6817 1196 2272 6818 1196 2273 6819 1195 2273 6820 1197 2273 6821 1196 2274 6822 1197 2274 6823 1198 2274 6824 1198 2275 6825 1197 2275 6826 1199 2275 6827 1198 2276 6828 1199 2276 6829 1200 2276 6830 1200 2277 6831 1199 2277 6832 1201 2277 6833 1200 2278 6834 1201 2278 6835 1174 2278 6836 1174 2279 6837 1201 2279 6838 1175 2279 6839 1075 2280 6840 1115 2280 6841 1076 2280 6842 1076 2281 6843 1115 2281 6844 1113 2281 6845 1076 2282 6846 1113 2282 6847 1202 2282 6848 1202 2283 6849 1113 2283 6850 1203 2283 6851 1204 2284 6852 1205 2284 6853 1206 2284 6854 1204 2285 6855 1206 2285 6856 1207 2285 6857 1207 2286 6858 1206 2286 6859 1208 2286 6860 1207 2287 6861 1208 2287 6862 1209 2287 6863 1209 2288 6864 1208 2288 6865 1210 2288 6866 1209 2289 6867 1210 2289 6868 1211 2289 6869 1211 2290 6870 1210 2290 6871 1212 2290 6872 1211 2291 6873 1212 2291 6874 1213 2291 6875 1213 2292 6876 1212 2292 6877 1214 2292 6878 1213 2293 6879 1214 2293 6880 1215 2293 6881 1215 2294 6882 1214 2294 6883 1216 2294 6884 1215 2295 6885 1216 2295 6886 1217 2295 6887 1217 2296 6888 1216 2296 6889 1218 2296 6890 1217 2297 6891 1218 2297 6892 1219 2297 6893 1219 2298 6894 1218 2298 6895 1220 2298 6896 1219 2299 6897 1220 2299 6898 1221 2299 6899 1221 2300 6900 1220 2300 6901 1222 2300 6902 1221 2301 6903 1222 2301 6904 1223 2301 6905 1223 2302 6906 1222 2302 6907 1224 2302 6908 1223 2303 6909 1224 2303 6910 1225 2303 6911 1225 2304 6912 1224 2304 6913 1202 2304 6914 1225 2305 6915 1202 2305 6916 1203 2305 6917 1205 2306 6918 1204 2306 6919 1088 2306 6920 1088 2307 6921 1204 2307 6922 1074 2307 6923 1088 2308 6924 1074 2308 6925 1089 2308 6926 1089 2309 6927 1074 2309 6928 1090 2309 6929 1159 2310 6930 1216 2310 6931 1161 2310 6932 1161 2311 6933 1216 2311 6934 1214 2311 6935 1161 2312 6936 1214 2312 6937 1163 2312 6938 1157 2313 6939 1220 2313 6940 1159 2313 6941 1159 2314 6942 1220 2314 6943 1218 2314 6944 1159 2315 6945 1218 2315 6946 1216 2315 6947 1084 2316 6948 1083 2316 6949 1201 2316 6950 1171 2317 6951 1088 2317 6952 1087 2317 6953 1088 2318 6954 1171 2318 6955 1205 2318 6956 1147 2319 6957 1187 2319 6958 1149 2319 6959 1149 2320 6960 1187 2320 6961 1185 2320 6962 1183 2321 6963 1181 2321 6964 1077 2321 6965 1077 2322 6966 1181 2322 6967 1179 2322 6968 1077 2323 6969 1179 2323 6970 1078 2323 6971 1078 2324 6972 1179 2324 6973 1177 2324 6974 1078 2325 6975 1177 2325 6976 1079 2325 6977 1079 2326 6978 1177 2326 6979 1080 2326 6980 1197 2327 6981 1195 2327 6982 1087 2327 6983 1087 2328 6984 1195 2328 6985 1173 2328 6986 1087 2329 6987 1173 2329 6988 1171 2329 6989 1214 2330 6990 1212 2330 6991 1163 2330 6992 1163 2331 6993 1212 2331 6994 1210 2331 6995 1163 2332 6996 1210 2332 6997 1165 2332 6998 1201 2333 6999 1083 2333 7000 1175 2333 7001 1175 2334 7002 1083 2334 7003 1082 2334 7004 1175 2335 7005 1082 2335 7006 1177 2335 7007 1177 2336 7008 1082 2336 7009 1081 2336 7010 1177 2337 7011 1081 2337 7012 1080 2337 7013 1197 2338 7014 1087 2338 7015 1199 2338 7016 1199 2339 7017 1087 2339 7018 1086 2339 7019 1199 2340 7020 1086 2340 7021 1201 2340 7022 1201 2341 7023 1086 2341 7024 1085 2341 7025 1201 2342 7026 1085 2342 7027 1084 2342 7028 1195 2343 7029 1193 2343 7030 1173 2343 7031 1173 2344 7032 1193 2344 7033 1191 2344 7034 1173 2345 7035 1191 2345 7036 1147 2345 7037 1147 2346 7038 1191 2346 7039 1189 2346 7040 1147 2347 7041 1189 2347 7042 1187 2347 7043 1171 2348 7044 1169 2348 7045 1205 2348 7046 1205 2349 7047 1169 2349 7048 1167 2349 7049 1205 2350 7050 1167 2350 7051 1206 2350 7052 1206 2351 7053 1167 2351 7054 1165 2351 7055 1206 2352 7056 1165 2352 7057 1208 2352 7058 1208 2353 7059 1165 2353 7060 1210 2353 7061 1185 2354 7062 1183 2354 7063 1149 2354 7064 1149 2355 7065 1183 2355 7066 1077 2355 7067 1149 2356 7068 1077 2356 7069 1151 2356 7070 1151 2357 7071 1077 2357 7072 1076 2357 7073 1151 2358 7074 1076 2358 7075 1153 2358 7076 1153 2359 7077 1076 2359 7078 1202 2359 7079 1153 2360 7080 1202 2360 7081 1155 2360 7082 1155 2361 7083 1202 2361 7084 1224 2361 7085 1155 2362 7086 1224 2362 7087 1157 2362 7088 1157 2363 7089 1224 2363 7090 1222 2363 7091 1157 2364 7092 1222 2364 7093 1220 2364 7094 1158 2365 7095 1160 2365 7096 1217 2365 7097 1182 2366 7098 1184 2366 7099 1172 2366 7100 1172 2367 7101 1184 2367 7102 1186 2367 7103 1172 2368 7104 1186 2368 7105 1170 2368 7106 1170 2369 7107 1186 2369 7108 1188 2369 7109 1170 2370 7110 1188 2370 7111 1168 2370 7112 1164 2371 7113 1211 2371 7114 1162 2371 7115 1162 2372 7116 1211 2372 7117 1213 2372 7118 1162 2373 7119 1213 2373 7120 1160 2373 7121 1160 2374 7122 1213 2374 7123 1215 2374 7124 1160 2375 7125 1215 2375 7126 1217 2375 7127 1092 2376 7128 1074 2376 7129 1204 2376 7130 1188 2377 7131 1190 2377 7132 1168 2377 7133 1168 2378 7134 1190 2378 7135 1204 2378 7136 1168 2379 7137 1204 2379 7138 1166 2379 7139 1166 2380 7140 1204 2380 7141 1207 2380 7142 1166 2381 7143 1207 2381 7144 1164 2381 7145 1164 2382 7146 1207 2382 7147 1209 2382 7148 1164 2383 7149 1209 2383 7150 1211 2383 7151 1150 2384 7152 1152 2384 7153 1203 2384 7154 1203 2385 7155 1152 2385 7156 1154 2385 7157 1203 2386 7158 1154 2386 7159 1225 2386 7160 1225 2387 7161 1154 2387 7162 1156 2387 7163 1217 2388 7164 1219 2388 7165 1158 2388 7166 1158 2389 7167 1219 2389 7168 1221 2389 7169 1158 2390 7170 1221 2390 7171 1156 2390 7172 1156 2391 7173 1221 2391 7174 1223 2391 7175 1156 2392 7176 1223 2392 7177 1225 2392 7178 1190 2393 7179 1192 2393 7180 1204 2393 7181 1204 2394 7182 1192 2394 7183 1194 2394 7184 1204 2395 7185 1194 2395 7186 1092 2395 7187 1194 2396 7188 1196 2396 7189 1092 2396 7190 1092 2397 7191 1196 2397 7192 1198 2397 7193 1092 2398 7194 1198 2398 7195 1093 2398 7196 1093 2399 7197 1198 2399 7198 1200 2399 7199 1093 2400 7200 1200 2400 7201 1095 2400 7202 1095 2401 7203 1200 2401 7204 1097 2401 7205 1107 2402 7206 1105 2402 7207 1176 2402 7208 1176 2403 7209 1105 2403 7210 1103 2403 7211 1176 2404 7212 1103 2404 7213 1174 2404 7214 1174 2405 7215 1103 2405 7216 1101 2405 7217 1174 2406 7218 1101 2406 7219 1200 2406 7220 1200 2407 7221 1101 2407 7222 1099 2407 7223 1200 2408 7224 1099 2408 7225 1097 2408 7226 1107 2409 7227 1176 2409 7228 1109 2409 7229 1109 2410 7230 1176 2410 7231 1178 2410 7232 1109 2411 7233 1178 2411 7234 1111 2411 7235 1111 2412 7236 1178 2412 7237 1180 2412 7238 1111 2413 7239 1180 2413 7240 1182 2413 7241 1203 2414 7242 1113 2414 7243 1150 2414 7244 1150 2415 7245 1113 2415 7246 1111 2415 7247 1150 2416 7248 1111 2416 7249 1148 2416 7250 1148 2417 7251 1111 2417 7252 1182 2417 7253 1148 2418 7254 1182 2418 7255 1146 2418 7256 1146 2419 7257 1182 2419 7258 1172 2419 7259 1226 2420 7260 1098 2420 7261 1227 2420 7262 1227 2421 7263 1098 2421 7264 1100 2421 7265 1227 2422 7266 1100 2422 7267 1228 2422 7268 1228 2423 7269 1100 2423 7270 1102 2423 7271 1228 2424 7272 1102 2424 7273 1229 2424 7274 1230 2425 7275 1116 2425 7276 1231 2425 7277 1231 2426 7278 1116 2426 7279 1125 2426 7280 1231 2427 7281 1125 2427 7282 1232 2427 7283 1232 2428 7284 1125 2428 7285 1124 2428 7286 1232 2429 7287 1124 2429 7288 1233 2429 7289 1233 2430 7290 1124 2430 7291 1123 2430 7292 1233 2431 7293 1123 2431 7294 1234 2431 7295 1235 2432 7296 1091 2432 7297 1236 2432 7298 1236 2433 7299 1091 2433 7300 1073 2433 7301 1236 2434 7302 1073 2434 7303 1237 2434 7304 1237 2435 7305 1073 2435 7306 1072 2435 7307 1237 2436 7308 1072 2436 7309 1238 2436 7310 1238 2437 7311 1072 2437 7312 1094 2437 7313 1238 2438 7314 1094 2438 7315 1226 2438 7316 1226 2439 7317 1094 2439 7318 1096 2439 7319 1226 2440 7320 1096 2440 7321 1098 2440 7322 1123 2441 7323 1122 2441 7324 1234 2441 7325 1234 2442 7326 1122 2442 7327 1121 2442 7328 1234 2443 7329 1121 2443 7330 1239 2443 7331 1239 2444 7332 1121 2444 7333 1120 2444 7334 1239 2445 7335 1120 2445 7336 1240 2445 7337 1240 2446 7338 1120 2446 7339 1119 2446 7340 1240 2447 7341 1119 2447 7342 1241 2447 7343 1241 2448 7344 1119 2448 7345 1118 2448 7346 1241 2449 7347 1118 2449 7348 1235 2449 7349 1235 2450 7350 1118 2450 7351 1117 2450 7352 1235 2451 7353 1117 2451 7354 1091 2451 7355 1102 2452 7356 1104 2452 7357 1229 2452 7358 1229 2453 7359 1104 2453 7360 1106 2453 7361 1229 2454 7362 1106 2454 7363 1242 2454 7364 1242 2455 7365 1106 2455 7366 1108 2455 7367 1242 2456 7368 1108 2456 7369 1243 2456 7370 1243 2457 7371 1108 2457 7372 1110 2457 7373 1243 2458 7374 1110 2458 7375 1244 2458 7376 1244 2459 7377 1110 2459 7378 1112 2459 7379 1244 2460 7380 1112 2460 7381 1230 2460 7382 1230 2461 7383 1112 2461 7384 1114 2461 7385 1230 2462 7386 1114 2462 7387 1116 2462 7388 1245 2463 7389 1228 2463 7390 1246 2463 7391 1246 2464 7392 1228 2464 7393 1229 2464 7394 1246 2465 7395 1229 2465 7396 1247 2465 7397 1247 2466 7398 1229 2466 7399 1242 2466 7400 1247 2467 7401 1242 2467 7402 1248 2467 7403 1248 2468 7404 1242 2468 7405 1243 2468 7406 1248 2469 7407 1243 2469 7408 1249 2469 7409 1249 2470 7410 1243 2470 7411 1244 2470 7412 1249 2471 7413 1244 2471 7414 1250 2471 7415 1250 2472 7416 1244 2472 7417 1230 2472 7418 1250 2473 7419 1230 2473 7420 1251 2473 7421 1251 2474 7422 1230 2474 7423 1231 2474 7424 1251 2475 7425 1231 2475 7426 1252 2475 7427 1252 2476 7428 1231 2476 7429 1232 2476 7430 1252 2477 7431 1232 2477 7432 1253 2477 7433 1253 2478 7434 1232 2478 7435 1233 2478 7436 1253 2479 7437 1233 2479 7438 1254 2479 7439 1254 2480 7440 1233 2480 7441 1234 2480 7442 1254 2481 7443 1234 2481 7444 1255 2481 7445 1255 2482 7446 1234 2482 7447 1239 2482 7448 1255 2483 7449 1239 2483 7450 1256 2483 7451 1256 2484 7452 1239 2484 7453 1240 2484 7454 1256 2485 7455 1240 2485 7456 1257 2485 7457 1257 2486 7458 1240 2486 7459 1241 2486 7460 1257 2487 7461 1241 2487 7462 1258 2487 7463 1258 2488 7464 1241 2488 7465 1235 2488 7466 1258 2489 7467 1235 2489 7468 1259 2489 7469 1259 2490 7470 1235 2490 7471 1236 2490 7472 1259 2491 7473 1236 2491 7474 1260 2491 7475 1260 2492 7476 1236 2492 7477 1237 2492 7478 1260 2493 7479 1237 2493 7480 1261 2493 7481 1261 2494 7482 1237 2494 7483 1238 2494 7484 1261 2495 7485 1238 2495 7486 1262 2495 7487 1262 2496 7488 1238 2496 7489 1226 2496 7490 1262 2497 7491 1226 2497 7492 1263 2497 7493 1263 2498 7494 1226 2498 7495 1227 2498 7496 1263 2499 7497 1227 2499 7498 1245 2499 7499 1245 2500 7500 1227 2500 7501 1228 2500 7502 1025 2501 7503 1262 2501 7504 1027 2501 7505 1027 2502 7506 1262 2502 7507 1263 2502 7508 1027 2503 7509 1263 2503 7510 1001 2503 7511 1001 2504 7512 1263 2504 7513 1245 2504 7514 1001 2505 7515 1245 2505 7516 1003 2505 7517 1019 2506 7518 1258 2506 7519 1021 2506 7520 1021 2507 7521 1258 2507 7522 1259 2507 7523 1021 2508 7524 1259 2508 7525 1023 2508 7526 1023 2509 7527 1259 2509 7528 1260 2509 7529 1023 2510 7530 1260 2510 7531 1025 2510 7532 1025 2511 7533 1260 2511 7534 1261 2511 7535 1025 2512 7536 1261 2512 7537 1262 2512 7538 1013 2513 7539 1254 2513 7540 1015 2513 7541 1015 2514 7542 1254 2514 7543 1255 2514 7544 1015 2515 7545 1255 2515 7546 1017 2515 7547 1017 2516 7548 1255 2516 7549 1256 2516 7550 1017 2517 7551 1256 2517 7552 1019 2517 7553 1019 2518 7554 1256 2518 7555 1257 2518 7556 1019 2519 7557 1257 2519 7558 1258 2519 7559 1009 2520 7560 1251 2520 7561 1011 2520 7562 1011 2521 7563 1251 2521 7564 1252 2521 7565 1011 2522 7566 1252 2522 7567 1013 2522 7568 1013 2523 7569 1252 2523 7570 1253 2523 7571 1013 2524 7572 1253 2524 7573 1254 2524 7574 1245 2525 7575 1246 2525 7576 1003 2525 7577 1003 2526 7578 1246 2526 7579 1247 2526 7580 1003 2527 7581 1247 2527 7582 1005 2527 7583 1005 2528 7584 1247 2528 7585 1248 2528 7586 1005 2529 7587 1248 2529 7588 1007 2529 7589 1007 2530 7590 1248 2530 7591 1249 2530 7592 1007 2531 7593 1249 2531 7594 1009 2531 7595 1009 2532 7596 1249 2532 7597 1250 2532 7598 1009 2533 7599 1250 2533 7600 1251 2533 7601 1022 2534 7602 1141 2534 7603 1020 2534 7604 1020 2535 7605 1141 2535 7606 1140 2535 7607 1020 2536 7608 1140 2536 7609 1018 2536 7610 1140 2537 7611 1139 2537 7612 1018 2537 7613 1018 2538 7614 1139 2538 7615 1138 2538 7616 1018 2539 7617 1138 2539 7618 1016 2539 7619 1016 2540 7620 1138 2540 7621 1137 2540 7622 1016 2541 7623 1137 2541 7624 1014 2541 7625 1014 2542 7626 1137 2542 7627 1136 2542 7628 1014 2543 7629 1136 2543 7630 1012 2543 7631 1026 2544 7632 1144 2544 7633 1024 2544 7634 1024 2545 7635 1144 2545 7636 1143 2545 7637 1024 2546 7638 1143 2546 7639 1022 2546 7640 1022 2547 7641 1143 2547 7642 1142 2547 7643 1022 2548 7644 1142 2548 7645 1141 2548 7646 1004 2549 7647 1128 2549 7648 1002 2549 7649 1002 2550 7650 1128 2550 7651 1127 2550 7652 1002 2551 7653 1127 2551 7654 1000 2551 7655 1000 2552 7656 1127 2552 7657 1126 2552 7658 1000 2553 7659 1126 2553 7660 1026 2553 7661 1026 2554 7662 1126 2554 7663 1145 2554 7664 1026 2555 7665 1145 2555 7666 1144 2555 7667 1008 2556 7668 1131 2556 7669 1006 2556 7670 1006 2557 7671 1131 2557 7672 1130 2557 7673 1006 2558 7674 1130 2558 7675 1004 2558 7676 1004 2559 7677 1130 2559 7678 1129 2559 7679 1004 2560 7680 1129 2560 7681 1128 2560 7682 1136 2561 7683 1135 2561 7684 1012 2561 7685 1012 2562 7686 1135 2562 7687 1134 2562 7688 1012 2563 7689 1134 2563 7690 1010 2563 7691 1010 2564 7692 1134 2564 7693 1133 2564 7694 1010 2565 7695 1133 2565 7696 1008 2565 7697 1008 2566 7698 1133 2566 7699 1132 2566 7700 1008 2567 7701 1132 2567 7702 1131 2567 7703 1264 2568 7704 1265 2568 7705 1266 2568 7706 1267 2569 7707 1268 2569 7708 1269 2569 7709 1269 2570 7710 1268 2570 7711 1270 2570 7712 1265 2571 7713 1271 2571 7714 1266 2571 7715 1266 2572 7716 1271 2572 7717 1272 2572 7718 1266 2573 7719 1272 2573 7720 1269 2573 7721 1269 2574 7722 1272 2574 7723 1273 2574 7724 1269 2575 7725 1273 2575 7726 1267 2575 7727 1274 2576 7728 1266 2576 7729 1275 2576 7730 1275 2577 7731 1266 2577 7732 1276 2577 7733 1277 2578 7734 1264 2578 7735 1278 2578 7736 1278 2579 7737 1264 2579 7738 1266 2579 7739 1278 2580 7740 1266 2580 7741 1279 2580 7742 1279 2581 7743 1266 2581 7744 1274 2581 7745 1270 2582 7746 1280 2582 7747 1269 2582 7748 1269 2583 7749 1280 2583 7750 1281 2583 7751 1269 2584 7752 1281 2584 7753 1282 2584 7754 1282 2585 7755 1283 2585 7756 1269 2585 7757 1269 2586 7758 1283 2586 7759 1284 2586 7760 1269 2587 7761 1284 2587 7762 1285 2587 7763 1286 2588 7764 1287 2588 7765 1288 2588 7766 1288 2589 7767 1287 2589 7768 1289 2589 7769 1290 2590 7770 1291 2590 7771 1292 2590 7772 1292 2591 7773 1291 2591 7774 1293 2591 7775 1266 2592 7776 1294 2592 7777 1295 2592 7778 1294 2593 7779 1266 2593 7780 1296 2593 7781 1296 2594 7782 1266 2594 7783 1269 2594 7784 1296 2595 7785 1269 2595 7786 1297 2595 7787 1297 2596 7788 1269 2596 7789 1298 2596 7790 1297 2597 7791 1298 2597 7792 1295 2597 7793 1295 2598 7794 1298 2598 7795 1299 2598 7796 1295 2599 7797 1299 2599 7798 1266 2599 7799 1300 2600 7800 1301 2600 7801 1302 2600 7802 1301 2601 7803 1300 2601 7804 1303 2601 7805 1303 2602 7806 1300 2602 7807 1304 2602 7808 1303 2603 7809 1304 2603 7810 1305 2603 7811 1305 2604 7812 1304 2604 7813 1306 2604 7814 1305 2605 7815 1306 2605 7816 1302 2605 7817 1302 2606 7818 1306 2606 7819 1307 2606 7820 1302 2607 7821 1307 2607 7822 1300 2607 7823 1266 2608 7824 1299 2608 7825 1276 2608 7826 1276 2609 7827 1299 2609 7828 1306 2609 7829 1276 2610 7830 1306 2610 7831 1304 2610 7832 1300 2611 7833 1307 2611 7834 1285 2611 7835 1285 2612 7836 1307 2612 7837 1298 2612 7838 1285 2613 7839 1298 2613 7840 1269 2613 7841 1299 2614 7842 1298 2614 7843 1306 2614 7844 1306 2615 7845 1298 2615 7846 1307 2615 7847 1308 2616 7848 1309 2616 7849 1304 2616 7850 1309 2617 7851 1310 2617 7852 1304 2617 7853 1304 2618 7854 1310 2618 7855 1311 2618 7856 1304 2619 7857 1311 2619 7858 1276 2619 7859 1312 2620 7860 1300 2620 7861 1313 2620 7862 1313 2621 7863 1300 2621 7864 1285 2621 7865 1312 2622 7866 1314 2622 7867 1300 2622 7868 1300 2623 7869 1314 2623 7870 1315 2623 7871 1300 2624 7872 1315 2624 7873 1316 2624 7874 1316 2625 7875 1317 2625 7876 1300 2625 7877 1300 2626 7878 1317 2626 7879 1318 2626 7880 1300 2627 7881 1318 2627 7882 1304 2627 7883 1304 2628 7884 1318 2628 7885 1319 2628 7886 1304 2629 7887 1319 2629 7888 1308 2629 7889 1320 2630 7890 1321 2630 7891 1322 2630 7892 1323 2631 7893 1294 2631 7894 1324 2631 7895 1324 2632 7896 1294 2632 7897 1296 2632 7898 1324 2633 7899 1296 2633 7900 1325 2633 7901 1323 2634 7902 1326 2634 7903 1294 2634 7904 1294 2635 7905 1326 2635 7906 1327 2635 7907 1294 2636 7908 1327 2636 7909 1291 2636 7910 1322 2637 7911 1328 2637 7912 1320 2637 7913 1320 2638 7914 1328 2638 7915 1329 2638 7916 1320 2639 7917 1329 2639 7918 1296 2639 7919 1296 2640 7920 1329 2640 7921 1330 2640 7922 1296 2641 7923 1330 2641 7924 1325 2641 7925 1331 2642 7926 1293 2642 7927 1332 2642 7928 1332 2643 7929 1293 2643 7930 1291 2643 7931 1332 2644 7932 1291 2644 7933 1333 2644 7934 1333 2645 7935 1291 2645 7936 1327 2645 7937 1334 2646 7938 1320 2646 7939 1297 2646 7940 1297 2647 7941 1320 2647 7942 1296 2647 7943 1335 2648 7944 1336 2648 7945 1337 2648 7946 1337 2649 7947 1336 2649 7948 1334 2649 7949 1290 2650 7950 1292 2650 7951 1338 2650 7952 1338 2651 7953 1339 2651 7954 1290 2651 7955 1290 2652 7956 1339 2652 7957 1340 2652 7958 1290 2653 7959 1340 2653 7960 1295 2653 7961 1295 2654 7962 1340 2654 7963 1341 2654 7964 1295 2655 7965 1341 2655 7966 1342 2655 7967 1342 2656 7968 1343 2656 7969 1295 2656 7970 1295 2657 7971 1343 2657 7972 1344 2657 7973 1295 2658 7974 1344 2658 7975 1297 2658 7976 1344 2659 7977 1345 2659 7978 1297 2659 7979 1297 2660 7980 1345 2660 7981 1346 2660 7982 1297 2661 7983 1346 2661 7984 1334 2661 7985 1334 2662 7986 1346 2662 7987 1347 2662 7988 1334 2663 7989 1347 2663 7990 1337 2663 7991 1291 2664 7992 1290 2664 7993 1294 2664 7994 1294 2665 7995 1290 2665 7996 1295 2665 7997 1320 2666 7998 1334 2666 7999 1321 2666 8000 1321 2667 8001 1334 2667 8002 1336 2667 8003 1348 2668 8004 1349 2668 8005 1350 2668 8006 1350 2669 8007 1351 2669 8008 1348 2669 8009 1348 2670 8010 1351 2670 8011 1352 2670 8012 1348 2671 8013 1352 2671 8014 1303 2671 8015 1303 2672 8016 1352 2672 8017 1353 2672 8018 1303 2673 8019 1353 2673 8020 1354 2673 8021 1355 2674 8022 1289 2674 8023 1356 2674 8024 1356 2675 8025 1289 2675 8026 1287 2675 8027 1354 2676 8028 1357 2676 8029 1303 2676 8030 1303 2677 8031 1357 2677 8032 1358 2677 8033 1303 2678 8034 1358 2678 8035 1301 2678 8036 1358 2679 8037 1359 2679 8038 1301 2679 8039 1301 2680 8040 1359 2680 8041 1360 2680 8042 1301 2681 8043 1360 2681 8044 1287 2681 8045 1287 2682 8046 1360 2682 8047 1361 2682 8048 1287 2683 8049 1361 2683 8050 1356 2683 8051 1362 2684 8052 1348 2684 8053 1305 2684 8054 1305 2685 8055 1348 2685 8056 1303 2685 8057 1286 2686 8058 1288 2686 8059 1363 2686 8060 1364 2687 8061 1365 2687 8062 1305 2687 8063 1305 2688 8064 1365 2688 8065 1366 2688 8066 1305 2689 8067 1366 2689 8068 1362 2689 8069 1364 2690 8070 1305 2690 8071 1367 2690 8072 1367 2691 8073 1305 2691 8074 1302 2691 8075 1367 2692 8076 1302 2692 8077 1368 2692 8078 1369 2693 8079 1370 2693 8080 1371 2693 8081 1371 2694 8082 1370 2694 8083 1362 2694 8084 1371 2695 8085 1362 2695 8086 1372 2695 8087 1372 2696 8088 1362 2696 8089 1366 2696 8090 1363 2697 8091 1373 2697 8092 1286 2697 8093 1286 2698 8094 1373 2698 8095 1374 2698 8096 1286 2699 8097 1374 2699 8098 1302 2699 8099 1302 2700 8100 1374 2700 8101 1375 2700 8102 1302 2701 8103 1375 2701 8104 1368 2701 8105 1287 2702 8106 1286 2702 8107 1301 2702 8108 1301 2703 8109 1286 2703 8110 1302 2703 8111 1348 2704 8112 1362 2704 8113 1349 2704 8114 1349 2705 8115 1362 2705 8116 1370 2705 8117 1338 2706 8118 1331 2706 8119 1339 2706 8120 1339 2707 8121 1331 2707 8122 1332 2707 8123 1339 2708 8124 1332 2708 8125 1340 2708 8126 1340 2709 8127 1332 2709 8128 1333 2709 8129 1340 2710 8130 1333 2710 8131 1341 2710 8132 1341 2711 8133 1333 2711 8134 1327 2711 8135 1341 2712 8136 1327 2712 8137 1342 2712 8138 1342 2713 8139 1327 2713 8140 1326 2713 8141 1342 2714 8142 1326 2714 8143 1343 2714 8144 1343 2715 8145 1326 2715 8146 1323 2715 8147 1343 2716 8148 1323 2716 8149 1344 2716 8150 1344 2717 8151 1323 2717 8152 1324 2717 8153 1344 2718 8154 1324 2718 8155 1345 2718 8156 1345 2719 8157 1324 2719 8158 1325 2719 8159 1345 2720 8160 1325 2720 8161 1346 2720 8162 1346 2721 8163 1325 2721 8164 1330 2721 8165 1346 2722 8166 1330 2722 8167 1347 2722 8168 1347 2723 8169 1330 2723 8170 1329 2723 8171 1347 2724 8172 1329 2724 8173 1337 2724 8174 1337 2725 8175 1329 2725 8176 1328 2725 8177 1337 2726 8178 1328 2726 8179 1335 2726 8180 1335 2727 8181 1328 2727 8182 1322 2727 8183 1331 2728 8184 1338 2728 8185 1293 2728 8186 1293 2729 8187 1338 2729 8188 1292 2729 8189 1321 2730 8190 1336 2730 8191 1322 2730 8192 1322 2731 8193 1336 2731 8194 1335 2731 8195 1289 2732 8196 1355 2732 8197 1288 2732 8198 1288 2733 8199 1355 2733 8200 1363 2733 8201 1350 2734 8202 1349 2734 8203 1369 2734 8204 1369 2735 8205 1349 2735 8206 1370 2735 8207 1363 2736 8208 1355 2736 8209 1373 2736 8210 1373 2737 8211 1355 2737 8212 1356 2737 8213 1373 2738 8214 1356 2738 8215 1374 2738 8216 1374 2739 8217 1356 2739 8218 1361 2739 8219 1374 2740 8220 1361 2740 8221 1375 2740 8222 1375 2741 8223 1361 2741 8224 1360 2741 8225 1375 2742 8226 1360 2742 8227 1368 2742 8228 1368 2743 8229 1360 2743 8230 1359 2743 8231 1368 2744 8232 1359 2744 8233 1367 2744 8234 1367 2745 8235 1359 2745 8236 1358 2745 8237 1367 2746 8238 1358 2746 8239 1364 2746 8240 1364 2747 8241 1358 2747 8242 1357 2747 8243 1364 2748 8244 1357 2748 8245 1365 2748 8246 1365 2749 8247 1357 2749 8248 1354 2749 8249 1365 2750 8250 1354 2750 8251 1366 2750 8252 1366 2751 8253 1354 2751 8254 1353 2751 8255 1366 2752 8256 1353 2752 8257 1372 2752 8258 1372 2753 8259 1353 2753 8260 1352 2753 8261 1372 2754 8262 1352 2754 8263 1371 2754 8264 1371 2755 8265 1352 2755 8266 1351 2755 8267 1371 2756 8268 1351 2756 8269 1369 2756 8270 1369 2757 8271 1351 2757 8272 1350 2757 8273 1376 2758 8274 1280 2758 8275 1270 2758 8276 1376 2759 8277 1270 2759 8278 1377 2759 8279 1377 2760 8280 1270 2760 8281 1268 2760 8282 1377 2761 8283 1268 2761 8284 1378 2761 8285 1378 2762 8286 1268 2762 8287 1267 2762 8288 1378 2763 8289 1267 2763 8290 1379 2763 8291 1379 2764 8292 1267 2764 8293 1273 2764 8294 1379 2765 8295 1273 2765 8296 1380 2765 8297 1380 2766 8298 1273 2766 8299 1272 2766 8300 1380 2767 8301 1272 2767 8302 1381 2767 8303 1381 2768 8304 1272 2768 8305 1271 2768 8306 1381 2769 8307 1271 2769 8308 1382 2769 8309 1382 2770 8310 1271 2770 8311 1265 2770 8312 1382 2771 8313 1265 2771 8314 1383 2771 8315 1383 2772 8316 1265 2772 8317 1264 2772 8318 1383 2773 8319 1264 2773 8320 1384 2773 8321 1384 2774 8322 1264 2774 8323 1277 2774 8324 1384 2775 8325 1277 2775 8326 1385 2775 8327 1385 2776 8328 1277 2776 8329 1278 2776 8330 1385 2777 8331 1278 2777 8332 1386 2777 8333 1386 2778 8334 1278 2778 8335 1279 2778 8336 1386 2779 8337 1279 2779 8338 1387 2779 8339 1387 2780 8340 1279 2780 8341 1274 2780 8342 1387 2781 8343 1274 2781 8344 1388 2781 8345 1388 2782 8346 1274 2782 8347 1275 2782 8348 1388 2783 8349 1275 2783 8350 1389 2783 8351 1389 2784 8352 1275 2784 8353 1276 2784 8354 1389 2785 8355 1276 2785 8356 1390 2785 8357 1276 2786 8358 1311 2786 8359 1390 2786 8360 1390 2787 8361 1311 2787 8362 1310 2787 8363 1390 2788 8364 1310 2788 8365 1391 2788 8366 1391 2789 8367 1310 2789 8368 1309 2789 8369 1391 2790 8370 1309 2790 8371 1392 2790 8372 1392 2791 8373 1309 2791 8374 1308 2791 8375 1392 2792 8376 1308 2792 8377 1393 2792 8378 1393 2793 8379 1308 2793 8380 1319 2793 8381 1393 2794 8382 1319 2794 8383 1394 2794 8384 1394 2795 8385 1319 2795 8386 1318 2795 8387 1394 2796 8388 1318 2796 8389 1395 2796 8390 1395 2797 8391 1318 2797 8392 1317 2797 8393 1395 2798 8394 1317 2798 8395 1396 2798 8396 1396 2799 8397 1317 2799 8398 1316 2799 8399 1396 2800 8400 1316 2800 8401 1397 2800 8402 1397 2801 8403 1316 2801 8404 1315 2801 8405 1397 2802 8406 1315 2802 8407 1398 2802 8408 1398 2803 8409 1315 2803 8410 1314 2803 8411 1398 2804 8412 1314 2804 8413 1399 2804 8414 1399 2805 8415 1314 2805 8416 1312 2805 8417 1399 2806 8418 1312 2806 8419 1400 2806 8420 1400 2807 8421 1312 2807 8422 1313 2807 8423 1400 2808 8424 1313 2808 8425 1401 2808 8426 1401 2809 8427 1313 2809 8428 1285 2809 8429 1401 2810 8430 1285 2810 8431 1402 2810 8432 1285 2811 8433 1284 2811 8434 1402 2811 8435 1402 2812 8436 1284 2812 8437 1283 2812 8438 1402 2813 8439 1283 2813 8440 1403 2813 8441 1403 2814 8442 1283 2814 8443 1282 2814 8444 1403 2815 8445 1282 2815 8446 1404 2815 8447 1404 2816 8448 1282 2816 8449 1281 2816 8450 1404 2817 8451 1281 2817 8452 1405 2817 8453 1405 2818 8454 1281 2818 8455 1280 2818 8456 1405 2819 8457 1280 2819 8458 1376 2819 8459 1406 2820 8460 1376 2820 8461 1407 2820 8462 1407 2821 8463 1376 2821 8464 1377 2821 8465 1407 2822 8466 1377 2822 8467 1408 2822 8468 1408 2823 8469 1377 2823 8470 1378 2823 8471 1408 2824 8472 1378 2824 8473 1409 2824 8474 1406 2825 8475 1410 2825 8476 1376 2825 8477 1376 2826 8478 1410 2826 8479 1411 2826 8480 1376 2827 8481 1411 2827 8482 1405 2827 8483 1405 2828 8484 1411 2828 8485 1412 2828 8486 1405 2829 8487 1412 2829 8488 1404 2829 8489 1404 2830 8490 1412 2830 8491 1413 2830 8492 1404 2831 8493 1413 2831 8494 1403 2831 8495 1403 2832 8496 1413 2832 8497 1414 2832 8498 1415 2833 8499 1398 2833 8500 1416 2833 8501 1416 2834 8502 1398 2834 8503 1399 2834 8504 1416 2835 8505 1399 2835 8506 1417 2835 8507 1418 2836 8508 1396 2836 8509 1415 2836 8510 1415 2837 8511 1396 2837 8512 1397 2837 8513 1415 2838 8514 1397 2838 8515 1398 2838 8516 1378 2839 8517 1379 2839 8518 1409 2839 8519 1409 2840 8520 1379 2840 8521 1380 2840 8522 1409 2841 8523 1380 2841 8524 1419 2841 8525 1419 2842 8526 1380 2842 8527 1381 2842 8528 1419 2843 8529 1381 2843 8530 1420 2843 8531 1420 2844 8532 1381 2844 8533 1382 2844 8534 1420 2845 8535 1382 2845 8536 1421 2845 8537 1421 2846 8538 1382 2846 8539 1383 2846 8540 1421 2847 8541 1383 2847 8542 1422 2847 8543 1422 2848 8544 1383 2848 8545 1384 2848 8546 1422 2849 8547 1384 2849 8548 1423 2849 8549 1423 2850 8550 1384 2850 8551 1385 2850 8552 1399 2851 8553 1400 2851 8554 1417 2851 8555 1417 2852 8556 1400 2852 8557 1401 2852 8558 1417 2853 8559 1401 2853 8560 1414 2853 8561 1414 2854 8562 1401 2854 8563 1402 2854 8564 1414 2855 8565 1402 2855 8566 1403 2855 8567 1406 2856 8568 1424 2856 8569 1410 2856 8570 1410 2857 8571 1424 2857 8572 1425 2857 8573 1410 2858 8574 1425 2858 8575 1426 2858 8576 1426 2859 8577 1425 2859 8578 1427 2859 8579 1426 2860 8580 1427 2860 8581 1428 2860 8582 1428 2861 8583 1427 2861 8584 1429 2861 8585 1430 2862 8586 1393 2862 8587 1431 2862 8588 1431 2863 8589 1393 2863 8590 1394 2863 8591 1431 2864 8592 1394 2864 8593 1418 2864 8594 1418 2865 8595 1394 2865 8596 1395 2865 8597 1418 2866 8598 1395 2866 8599 1396 2866 8600 1432 2867 8601 1390 2867 8602 1433 2867 8603 1433 2868 8604 1390 2868 8605 1391 2868 8606 1433 2869 8607 1391 2869 8608 1430 2869 8609 1430 2870 8610 1391 2870 8611 1392 2870 8612 1430 2871 8613 1392 2871 8614 1393 2871 8615 1427 2872 8616 1423 2872 8617 1429 2872 8618 1429 2873 8619 1423 2873 8620 1385 2873 8621 1429 2874 8622 1385 2874 8623 1432 2874 8624 1432 2875 8625 1385 2875 8626 1386 2875 8627 1432 2876 8628 1386 2876 8629 1387 2876 8630 1387 2877 8631 1388 2877 8632 1432 2877 8633 1432 2878 8634 1388 2878 8635 1389 2878 8636 1432 2879 8637 1389 2879 8638 1390 2879 8639 1434 2880 8640 1435 2880 8641 1436 2880 8642 1437 2881 8643 1438 2881 8644 1439 2881 8645 1439 2882 8646 1438 2882 8647 1440 2882 8648 1439 2883 8649 1440 2883 8650 1441 2883 8651 1441 2884 8652 1440 2884 8653 1442 2884 8654 1441 2885 8655 1442 2885 8656 1436 2885 8657 1436 2886 8658 1442 2886 8659 1443 2886 8660 1436 2887 8661 1443 2887 8662 1434 2887 8663 1444 2888 8664 1445 2888 8665 1446 2888 8666 1446 2889 8667 1445 2889 8668 1447 2889 8669 1446 2890 8670 1447 2890 8671 1448 2890 8672 1448 2891 8673 1447 2891 8674 1449 2891 8675 1448 2892 8676 1449 2892 8677 1450 2892 8678 1450 2893 8679 1449 2893 8680 1451 2893 8681 1450 2894 8682 1451 2894 8683 1437 2894 8684 1437 2895 8685 1451 2895 8686 1452 2895 8687 1437 2896 8688 1452 2896 8689 1438 2896 8690 1434 2897 8691 1453 2897 8692 1435 2897 8693 1435 2898 8694 1453 2898 8695 1454 2898 8696 1435 2899 8697 1454 2899 8698 1455 2899 8699 1455 2900 8700 1454 2900 8701 1456 2900 8702 1455 2901 8703 1456 2901 8704 1457 2901 8705 1457 2902 8706 1456 2902 8707 1458 2902 8708 1457 2903 8709 1458 2903 8710 1459 2903 8711 1459 2904 8712 1458 2904 8713 1460 2904 8714 1459 2905 8715 1460 2905 8716 1444 2905 8717 1444 2906 8718 1460 2906 8719 1461 2906 8720 1444 2907 8721 1461 2907 8722 1445 2907 8723 1462 2908 8724 1463 2908 8725 1410 2908 8726 1410 2909 8727 1463 2909 8728 1411 2909 8729 1463 2910 8730 1464 2910 8731 1411 2910 8732 1411 2911 8733 1464 2911 8734 1465 2911 8735 1411 2912 8736 1465 2912 8737 1412 2912 8738 1412 2913 8739 1465 2913 8740 1466 2913 8741 1412 2914 8742 1466 2914 8743 1413 2914 8744 1413 2915 8745 1466 2915 8746 1467 2915 8747 1413 2916 8748 1467 2916 8749 1414 2916 8750 1414 2917 8751 1467 2917 8752 1468 2917 8753 1414 2918 8754 1468 2918 8755 1417 2918 8756 1417 2919 8757 1468 2919 8758 1469 2919 8759 1417 2920 8760 1469 2920 8761 1416 2920 8762 1416 2921 8763 1469 2921 8764 1470 2921 8765 1416 2922 8766 1470 2922 8767 1415 2922 8768 1415 2923 8769 1470 2923 8770 1471 2923 8771 1415 2924 8772 1471 2924 8773 1418 2924 8774 1418 2925 8775 1471 2925 8776 1472 2925 8777 1418 2926 8778 1472 2926 8779 1431 2926 8780 1431 2927 8781 1472 2927 8782 1473 2927 8783 1431 2928 8784 1473 2928 8785 1430 2928 8786 1430 2929 8787 1473 2929 8788 1474 2929 8789 1430 2930 8790 1474 2930 8791 1433 2930 8792 1433 2931 8793 1474 2931 8794 1475 2931 8795 1433 2932 8796 1475 2932 8797 1432 2932 8798 1432 2933 8799 1475 2933 8800 1476 2933 8801 1432 2934 8802 1476 2934 8803 1429 2934 8804 1429 2935 8805 1476 2935 8806 1477 2935 8807 1429 2936 8808 1477 2936 8809 1428 2936 8810 1428 2937 8811 1477 2937 8812 1462 2937 8813 1428 2938 8814 1462 2938 8815 1426 2938 8816 1426 2939 8817 1462 2939 8818 1410 2939 8819 1425 2940 8820 1478 2940 8821 1427 2940 8822 1427 2941 8823 1478 2941 8824 1479 2941 8825 1427 2942 8826 1479 2942 8827 1423 2942 8828 1423 2943 8829 1479 2943 8830 1480 2943 8831 1423 2944 8832 1480 2944 8833 1422 2944 8834 1422 2945 8835 1480 2945 8836 1481 2945 8837 1422 2946 8838 1481 2946 8839 1421 2946 8840 1421 2947 8841 1481 2947 8842 1482 2947 8843 1421 2948 8844 1482 2948 8845 1420 2948 8846 1420 2949 8847 1482 2949 8848 1483 2949 8849 1420 2950 8850 1483 2950 8851 1419 2950 8852 1419 2951 8853 1483 2951 8854 1484 2951 8855 1419 2952 8856 1484 2952 8857 1409 2952 8858 1409 2953 8859 1484 2953 8860 1485 2953 8861 1409 2954 8862 1485 2954 8863 1408 2954 8864 1408 2955 8865 1485 2955 8866 1486 2955 8867 1408 2956 8868 1486 2956 8869 1407 2956 8870 1407 2957 8871 1486 2957 8872 1487 2957 8873 1407 2958 8874 1487 2958 8875 1406 2958 8876 1406 2959 8877 1487 2959 8878 1488 2959 8879 1406 2960 8880 1488 2960 8881 1424 2960 8882 1424 2961 8883 1488 2961 8884 1489 2961 8885 1424 2962 8886 1489 2962 8887 1425 2962 8888 1425 2963 8889 1489 2963 8890 1478 2963 8891 1485 2964 8892 1484 2964 8893 1490 2964 8894 1490 2965 8895 1484 2965 8896 1483 2965 8897 1490 2966 8898 1483 2966 8899 1482 2966 8900 1488 2967 8901 1487 2967 8902 1490 2967 8903 1490 2968 8904 1487 2968 8905 1486 2968 8906 1490 2969 8907 1486 2969 8908 1485 2969 8909 1479 2970 8910 1478 2970 8911 1490 2970 8912 1490 2971 8913 1478 2971 8914 1489 2971 8915 1490 2972 8916 1489 2972 8917 1488 2972 8918 1482 2973 8919 1481 2973 8920 1490 2973 8921 1490 2974 8922 1481 2974 8923 1480 2974 8924 1490 2975 8925 1480 2975 8926 1479 2975 8927 1454 2976 8928 1453 2976 8929 1463 2976 8930 1463 2977 8931 1453 2977 8932 1464 2977 8933 1453 2978 8934 1434 2978 8935 1464 2978 8936 1464 2979 8937 1434 2979 8938 1443 2979 8939 1464 2980 8940 1443 2980 8941 1465 2980 8942 1465 2981 8943 1443 2981 8944 1442 2981 8945 1465 2982 8946 1442 2982 8947 1466 2982 8948 1466 2983 8949 1442 2983 8950 1440 2983 8951 1466 2984 8952 1440 2984 8953 1467 2984 8954 1467 2985 8955 1440 2985 8956 1438 2985 8957 1467 2986 8958 1438 2986 8959 1468 2986 8960 1468 2987 8961 1438 2987 8962 1452 2987 8963 1468 2988 8964 1452 2988 8965 1469 2988 8966 1469 2989 8967 1452 2989 8968 1451 2989 8969 1469 2990 8970 1451 2990 8971 1470 2990 8972 1470 2991 8973 1451 2991 8974 1449 2991 8975 1470 2992 8976 1449 2992 8977 1471 2992 8978 1471 2993 8979 1449 2993 8980 1447 2993 8981 1471 2994 8982 1447 2994 8983 1472 2994 8984 1472 2995 8985 1447 2995 8986 1445 2995 8987 1472 2996 8988 1445 2996 8989 1473 2996 8990 1473 2997 8991 1445 2997 8992 1461 2997 8993 1473 2998 8994 1461 2998 8995 1474 2998 8996 1474 2999 8997 1461 2999 8998 1460 2999 8999 1474 3000 9000 1460 3000 9001 1475 3000 9002 1475 3001 9003 1460 3001 9004 1458 3001 9005 1475 3002 9006 1458 3002 9007 1476 3002 9008 1476 3003 9009 1458 3003 9010 1456 3003 9011 1476 3004 9012 1456 3004 9013 1477 3004 9014 1477 3005 9015 1456 3005 9016 1454 3005 9017 1477 3006 9018 1454 3006 9019 1462 3006 9020 1462 3007 9021 1454 3007 9022 1463 3007 9023 1491 3008 9024 1435 3008 9025 1492 3008 9026 1492 3009 9027 1435 3009 9028 1455 3009 9029 1492 3010 9030 1455 3010 9031 1493 3010 9032 1493 3011 9033 1455 3011 9034 1457 3011 9035 1493 3012 9036 1457 3012 9037 1494 3012 9038 1494 3013 9039 1457 3013 9040 1459 3013 9041 1494 3014 9042 1459 3014 9043 1495 3014 9044 1495 3015 9045 1459 3015 9046 1444 3015 9047 1495 3016 9048 1444 3016 9049 1496 3016 9050 1496 3017 9051 1444 3017 9052 1446 3017 9053 1496 3018 9054 1446 3018 9055 1497 3018 9056 1497 3019 9057 1446 3019 9058 1448 3019 9059 1497 3020 9060 1448 3020 9061 1498 3020 9062 1498 3021 9063 1448 3021 9064 1450 3021 9065 1498 3022 9066 1450 3022 9067 1499 3022 9068 1499 3023 9069 1450 3023 9070 1437 3023 9071 1499 3024 9072 1437 3024 9073 1500 3024 9074 1500 3025 9075 1437 3025 9076 1439 3025 9077 1500 3026 9078 1439 3026 9079 1501 3026 9080 1501 3027 9081 1439 3027 9082 1441 3027 9083 1501 3028 9084 1441 3028 9085 1502 3028 9086 1502 3029 9087 1441 3029 9088 1436 3029 9089 1502 3030 9090 1436 3030 9091 1491 3030 9092 1491 3031 9093 1436 3031 9094 1435 3031 9095 1501 3032 9096 1502 3032 9097 1503 3032 9098 1503 3033 9099 1502 3033 9100 1491 3033 9101 1503 3034 9102 1491 3034 9103 1492 3034 9104 1498 3035 9105 1499 3035 9106 1503 3035 9107 1503 3036 9108 1499 3036 9109 1500 3036 9110 1503 3037 9111 1500 3037 9112 1501 3037 9113 1495 3038 9114 1496 3038 9115 1503 3038 9116 1503 3039 9117 1496 3039 9118 1497 3039 9119 1503 3040 9120 1497 3040 9121 1498 3040 9122 1492 3041 9123 1493 3041 9124 1503 3041 9125 1503 3042 9126 1493 3042 9127 1494 3042 9128 1503 3043 9129 1494 3043 9130 1495 3043 9131</p>
        </triangles>
      </mesh>
    </geometry>
  </library_geometries>
  <library_visual_scenes>
    <visual_scene id="Scene" name="Scene">
      <node id="rf1" name="rf1" type="NODE">
        <matrix sid="transform">1 0 0 0 0 1 0 0 0 0 1 0 0 0 0 1</matrix>
        <instance_geometry url="#rf1-mesh" name="rf1">
          <bind_material>
            <technique_common>
              <instance_material symbol="rf1Material-material" target="#rf1Material-material">
                <bind_vertex_input semantic="UVMap" input_semantic="TEXCOORD" input_set="0"/>
              </instance_material>
            </technique_common>
          </bind_material>
        </instance_geometry>
      </node>
    </visual_scene>
  </library_visual_scenes>
  <scene>
    <instance_visual_scene url="#Scene"/>
  </scene>
</COLLADA>