<?xml version="1.0" encoding="utf-8"?>
<COLLADA xmlns="http://www.collada.org/2005/11/COLLADASchema" version="1.4.1" xmlns:xsi="http://www.w3.org/2001/XMLSchema-instance">
  <asset>
    <contributor>
      <author>Blender User</author>
      <authoring_tool>Blender 4.3.2 commit date:2024-12-16, commit time:21:10, hash:32f5fdce0a0a</authoring_tool>
    </contributor>
    <created>2026-01-02T14:08:44</created>
    <modified>2026-01-02T14:08:44</modified>
    <unit name="meter" meter="1"/>
    <up_axis>Z_UP</up_axis>
  </asset>
  <library_effects>
    <effect id="rffootmaterial-effect">
      <profile_COMMON>
        <newparam sid="minipupper_textures_png-surface">
          <surface type="2D">
            <init_from>minipupper_textures_png</init_from>
          </surface>
        </newparam>
        <newparam sid="minipupper_textures_png-sampler">
          <sampler2D>
            <source>minipupper_textures_png-surface</source>
          </sampler2D>
        </newparam>
        <technique sid="common">
          <lambert>
            <emission>
              <color sid="emission">0 0 0 1</color>
            </emission>
            <diffuse>
              <texture texture="minipupper_textures_png-sampler" texcoord="UVMap"/>
            </diffuse>
            <index_of_refraction>
              <float sid="ior">1.5</float>
            </index_of_refraction>
          </lambert>
        </technique>
      </profile_COMMON>
    </effect>
  </library_effects>
  <library_images>
    <image id="minipupper_textures_png" name="minipupper_textures_png">
      <init_from>minipupper_textures.png</init_from>
    </image>
  </library_images>
  <library_materials>
    <material id="rffootmaterial-material" name="rffootmaterial">
      <instance_effect url="#rffootmaterial-effect"/>
    </material>
  </library_materials>
  <library_geometries>
    <geometry id="rffoot-mesh" name="rffoot">
      <mesh>
        <source id="rffoot-mesh-positions">
          <float_array id="rffoot-mesh-positions-array" count="2760">-5.3474e-4 0.001349985 5.25881e-4 -5.3474e-4 0.003049969 5.25881e-4 -2.00156e-4 0.001349985 7.22799e-4 -2.00156e-4 0.003049969 7.22799e-4 1.88058e-4 0.001349985 7.26038e-4 1.88058e-4 0.003049969 7.26038e-4 5.25883e-4 0.001349985 5.3474e-4 5.25883e-4 0.003049969 5.3474e-4 7.22796e-4 0.001349985 2.00157e-4 7.22796e-4 0.003049969 2.00157e-4 7.2604e-4 0.001349985 -1.88058e-4 7.2604e-4 0.003049969 -1.88058e-4 5.34739e-4 0.001349985 -5.25885e-4 5.34739e-4 0.003049969 -5.25885e-4 2.00156e-4 0.001349985 -7.22798e-4 2.00156e-4 0.003049969 -7.22798e-4 -1.88061e-4 0.001349985 -7.2604e-4 -1.88061e-4 0.003049969 -7.2604e-4 -5.25883e-4 0.001349985 -5.34739e-4 -5.25883e-4 0.003049969 -5.34739e-4 -7.22799e-4 0.001349985 -2.00158e-4 -7.22799e-4 0.003049969 -2.00158e-4 -7.26041e-4 0.001349985 1.88059e-4 -7.26041e-4 0.003049969 1.88059e-4 -1.2169e-4 0.001349985 0.006511628 -1.2169e-4 0.003049969 0.006511628 2.12892e-4 0.001349985 0.006708562 2.12892e-4 0.003049969 0.006708562 6.01109e-4 0.001349985 0.006711781 6.01109e-4 0.003049969 0.006711781 9.38931e-4 0.001349985 0.00652045 9.38931e-4 0.003049969 0.00652045 0.001135826 0.001349985 0.006185889 0.001135826 0.003049969 0.006185889 0.001139044 0.001349985 0.005797684 0.001139044 0.003049969 0.005797684 9.47789e-4 0.001349985 0.005459845 9.47789e-4 0.003049969 0.005459845 6.13204e-4 0.001349985 0.005262911 6.13204e-4 0.003049969 0.005262911 2.24991e-4 0.001349985 0.005259692 2.24991e-4 0.003049969 0.005259692 -1.12835e-4 0.001349985 0.005451023 -1.12835e-4 0.003049969 0.005451023 -3.09748e-4 0.001349985 0.005785584 -3.09748e-4 0.003049969 0.005785584 -3.12992e-4 0.001349985 0.006173789 -3.12992e-4 0.003049969 0.006173789 -0.002975344 8.5e-4 0.007723152 -0.002665579 8.5e-4 0.01221245 -0.002975344 -7.5e-4 0.007723152 -0.002665579 -7.5e-4 0.01221245 0.004007995 -7.5e-4 0.007241249 0.00431776 -7.5e-4 0.01173055 0.004007995 8.5e-4 0.007241249 0.00431776 8.5e-4 0.01173055 0.004230499 0.002432644 0.01173657 0.003982067 0.002757072 0.01175373 0.00431776 0.002049982 0.01173055 0.003610253 0.002973854 0.01177936 0.003171682 0.003049969 0.01180964 -0.00236684 0.002757072 0.01219183 -0.002587914 0.002432644 0.01220709 -0.002035975 0.002973854 0.012169 -0.002665579 0.002049982 0.01221245 -0.001645684 0.003049969 0.01214206 -0.004018962 -0.001949965 0.007476329 -0.004018962 0.002049982 0.007476329 -0.004310786 -0.001949965 0.006635189 -0.004310786 0.002049982 0.006635189 -0.004491388 -0.001949965 0.006228148 -0.004491388 0.002049982 0.006228148 -0.004694342 -0.001949965 0.005831718 -0.004694342 0.002049982 0.005831718 -0.005164742 -0.001949965 0.005075871 -0.005164742 0.002049982 0.005075871 -0.005716264 -0.001949965 0.004376947 -0.005716264 0.002049982 0.004376947 -0.006020307 -0.001949965 0.004051625 -0.006020307 0.002049982 0.004051625 -0.006341993 -0.001949965 0.003743648 -0.006341993 0.002049982 0.003743648 -0.007034242 -0.001949965 0.003183782 -0.007034242 0.002049982 0.003183782 -0.007498621 -0.001949965 0.00278294 -0.007498621 0.002049982 0.00278294 -0.007603168 -0.001949965 0.002670466 -0.007603168 0.002049982 0.002670466 -0.007885813 -0.001949965 0.002307116 -0.007885813 0.002049982 0.002307116 -0.008046746 -0.001949965 0.002045631 -0.008046746 0.002049982 0.002045631 -0.008184075 -0.001949965 0.001771032 -0.008184075 0.002049982 0.001771032 -0.008343696 -0.001949965 0.001339197 -0.008343696 0.002049982 0.001339197 -0.008384108 -0.001949965 0.001191079 -0.008384108 0.002049982 0.001191079 -0.008479833 -0.001949965 5.85151e-4 -0.008479833 0.002049982 5.85151e-4 -0.008488535 -0.001949965 -4.41245e-4 -0.008488535 0.002049982 -4.41245e-4 -0.008452594 -0.001949965 -8.96247e-4 -0.008452594 0.002049982 -8.96247e-4 -0.008373439 -0.001949965 -0.001461207 -0.008373439 0.002049982 -0.001461207 -0.008168518 -0.001949965 -0.002350389 -0.008168518 0.002049982 -0.002350389 -0.008136272 -0.001949965 -0.002459824 -0.008136272 0.002049982 -0.002459824 -0.007780432 -0.001949965 -0.003422617 -0.007780432 0.002049982 -0.003422617 -0.007636308 -0.001949965 -0.003733158 -0.007636308 0.002049982 -0.003733158 -0.007311165 -0.001949965 -0.004335522 -0.007311165 0.002049982 -0.004335522 -0.006872057 -0.001949965 -0.005002439 -0.006872057 0.002049982 -0.005002439 -0.006735265 -0.001949965 -0.005185127 -0.006735265 0.002049982 -0.005185127 -0.006061136 -0.001949965 -0.005959212 -0.006061136 0.002049982 -0.005959212 -0.005898952 -0.001949965 -0.006119787 -0.005898952 0.002049982 -0.006119787 -0.005298614 -0.001949965 -0.006646335 -0.005298614 0.002049982 -0.006646335 -0.004746615 -0.001949965 -0.007051169 -0.004746615 0.002049982 -0.007051169 -0.004458844 -0.001949965 -0.00723654 -0.004458844 0.002049982 -0.00723654 -0.003554105 -0.001949965 -0.007721245 -0.003554105 0.002049982 -0.007721245 -0.003450095 -0.001949965 -0.007768273 -0.003450095 0.002049982 -0.007768273 -0.002597451 -0.001949965 -0.008093357 -0.002597451 0.002049982 -0.008093357 -0.00204873 -0.001949965 -0.008249342 -0.00204873 0.002049982 -0.008249342 -0.001603007 -0.001949965 -0.008347451 -0.001603007 0.002049982 -0.008347451 -5.85152e-4 -0.001949965 -0.008479833 -5.85152e-4 0.002049982 -0.008479833 4.41245e-4 -0.001949965 -0.008488535 4.41245e-4 0.002049982 -0.008488535 8.96244e-4 -0.001949965 -0.008452594 8.96244e-4 0.002049982 -0.008452594 0.001461207 -0.001949965 -0.008373439 0.001461207 0.002049982 -0.008373439 0.002350389 -0.001949965 -0.008168518 0.002350389 0.002049982 -0.008168518 0.002459824 -0.001949965 -0.008136272 0.002459824 0.002049982 -0.008136272 0.003422617 -0.001949965 -0.007780432 0.003422617 0.002049982 -0.007780432 0.003733158 -0.001949965 -0.007636308 0.003733158 0.002049982 -0.007636308 0.004335522 -0.001949965 -0.007311165 0.004335522 0.002049982 -0.007311165 0.005002439 -0.001949965 -0.006872057 0.005002439 0.002049982 -0.006872057 0.005185127 -0.001949965 -0.006735265 0.005185127 0.002049982 -0.006735265 0.005959212 -0.001949965 -0.006061136 0.005959212 0.002049982 -0.006061136 0.006119787 -0.001949965 -0.005898952 0.006119787 0.002049982 -0.005898952 0.006646335 -0.001949965 -0.005298614 0.006646335 0.002049982 -0.005298614 0.007051169 -0.001949965 -0.004746615 0.007051169 0.002049982 -0.004746615 0.00723654 -0.001949965 -0.004458844 0.00723654 0.002049982 -0.004458844 0.007721245 -0.001949965 -0.003554105 0.007721245 0.002049982 -0.003554105 0.007768273 -0.001949965 -0.003450095 0.007768273 0.002049982 -0.003450095 0.008093357 -0.001949965 -0.002597451 0.008093357 0.002049982 -0.002597451 0.008249342 -0.001949965 -0.00204873 0.008249342 0.002049982 -0.00204873 0.008347451 -0.001949965 -0.001603007 0.008347451 0.002049982 -0.001603007 0.008479833 -0.001949965 -5.85152e-4 0.008479833 0.002049982 -5.85152e-4 0.00850135 -0.001949965 6.4927e-4 0.00850135 0.002049982 6.4927e-4 0.008486866 -0.001949965 9.57709e-4 0.008486866 0.002049982 9.57709e-4 0.00839591 -0.001949965 0.001879334 0.00839591 0.002049982 0.001879334 0.008295893 -0.001949965 0.002488672 0.008295893 0.002049982 0.002488672 0.008164644 -0.001949965 0.00309211 0.008164644 0.002049982 0.00309211 0.007910013 -0.001949965 0.003982543 0.007910013 0.002049982 0.003982543 0.007809996 -0.001949965 0.004274666 0.007809996 0.002049982 0.004274666 0.007335722 -0.001949965 0.005414545 0.007335722 0.002049982 0.005414545 0.00431776 -0.001949965 0.01173055 -0.002665579 -0.001949965 0.01221245 -0.002587914 -0.002332627 0.01220709 -0.00236684 -0.002657055 0.01219183 0.003982067 -0.002657055 0.01175373 0.004230499 -0.002332627 0.01173657 0.003610253 -0.002873837 0.01177936 0.003171682 -0.002949953 0.01180964 -0.001645684 -0.002949953 0.01214206 -0.002035975 -0.002873837 0.012169 -5.3474e-4 -0.002949953 5.25881e-4 -5.3474e-4 -0.001249969 5.25881e-4 -2.00156e-4 -0.002949953 7.22799e-4 -2.00156e-4 -0.001249969 7.22799e-4 1.88058e-4 -0.002949953 7.26038e-4 1.88058e-4 -0.001249969 7.26038e-4 5.25883e-4 -0.002949953 5.3474e-4 5.25883e-4 -0.001249969 5.3474e-4 7.22796e-4 -0.002949953 2.00157e-4 7.22796e-4 -0.001249969 2.00157e-4 7.2604e-4 -0.002949953 -1.88058e-4 7.2604e-4 -0.001249969 -1.88058e-4 5.34739e-4 -0.002949953 -5.25885e-4 5.34739e-4 -0.001249969 -5.25885e-4 2.00156e-4 -0.002949953 -7.22798e-4 2.00156e-4 -0.001249969 -7.22798e-4 -1.88061e-4 -0.002949953 -7.2604e-4 -1.88061e-4 -0.001249969 -7.2604e-4 -5.25883e-4 -0.002949953 -5.34739e-4 -5.25883e-4 -0.001249969 -5.34739e-4 -7.22799e-4 -0.002949953 -2.00158e-4 -7.22799e-4 -0.001249969 -2.00158e-4 -7.26041e-4 -0.002949953 1.88059e-4 -7.26041e-4 -0.001249969 1.88059e-4 -1.2169e-4 -0.002949953 0.006511628 -1.2169e-4 -0.001249969 0.006511628 2.12892e-4 -0.002949953 0.006708562 2.12892e-4 -0.001249969 0.006708562 6.01109e-4 -0.002949953 0.006711781 6.01109e-4 -0.001249969 0.006711781 9.38931e-4 -0.002949953 0.00652045 9.38931e-4 -0.001249969 0.00652045 0.001135826 -0.002949953 0.006185889 0.001135826 -0.001249969 0.006185889 0.001139044 -0.002949953 0.005797684 0.001139044 -0.001249969 0.005797684 9.47789e-4 -0.002949953 0.005459845 9.47789e-4 -0.001249969 0.005459845 6.13204e-4 -0.002949953 0.005262911 6.13204e-4 -0.001249969 0.005262911 2.24991e-4 -0.002949953 0.005259692 2.24991e-4 -0.001249969 0.005259692 -1.12835e-4 -0.002949953 0.005451023 -1.12835e-4 -0.001249969 0.005451023 -3.09748e-4 -0.002949953 0.005785584 -3.09748e-4 -0.001249969 0.005785584 -3.12992e-4 -0.002949953 0.006173789 -3.12992e-4 -0.001249969 0.006173789 -0.007388293 -0.002949953 -0.001289248 -0.007179021 -0.002949953 -0.002170443 0.003825426 -0.002949953 -0.00645101 0.003019928 -0.002949953 -0.006865084 0.002170443 -0.002949953 -0.007179021 0.001289248 -0.002949953 -0.007388293 -0.006865084 -0.002949953 -0.003019928 -0.00645101 -0.002949953 -0.003825426 -0.005942881 -0.002949953 -0.004575133 -0.005348026 -0.002949953 -0.005258083 -0.005670845 -0.002949953 0.003002345 -0.006449639 -0.002949953 0.002372503 -0.004675269 -0.002949953 -0.005864381 -0.003934323 -0.002949953 -0.006385207 -0.003135979 -0.002949953 -0.00681287 -0.002291917 -0.002949953 -0.007141172 -0.007413804 -0.002949953 9.49136e-4 -0.007482171 -0.002949953 5.16311e-4 -0.00748986 -0.002949953 -3.89335e-4 -0.004346489 -0.002949953 0.004501044 -0.004966914 -0.002949953 0.003714799 0.007365405 -0.002949953 -0.001414418 0.007482171 -0.002949953 -5.16311e-4 0.004575133 -0.002949953 -0.005942881 0.005258083 -0.002949953 -0.005348086 0.005864381 -0.002949953 -0.004675269 0.006385207 -0.002949953 -0.003934323 0.00681287 -0.002949953 -0.003135979 0.007141172 -0.002949953 -0.002291858 -0.001414418 -0.002949953 -0.007365405 -5.16312e-4 -0.002949953 -0.007482171 3.89333e-4 -0.002949953 -0.00748986 -0.006781339 -0.002949953 0.002086162 -0.007057905 -0.002949953 0.001746296 -0.007270932 -0.002949953 0.001363337 -0.00381726 -0.002949953 0.005351424 -0.003385782 -0.002949953 0.006255328 -0.00305742 -0.002949953 0.007201552 0.0075019 -0.002949953 6.15241e-4 0.006433427 -0.002949953 0.004983425 0.006868183 -0.002949953 0.003938496 0.007193267 -0.002949953 0.002854466 0.007405281 -0.002949953 0.00174278 -0.004346489 0.003049969 0.004501044 -0.004966914 0.003049969 0.003714799 -0.006781339 0.003049969 0.002086162 -0.006449639 0.003049969 0.002372503 -0.005670845 0.003049969 0.003002345 0.005864381 0.003049969 -0.004675269 0.005258083 0.003049969 -0.005348086 0.004575133 0.003049969 -0.005942881 0.007405281 0.003049969 0.00174278 0.0075019 0.003049969 6.15241e-4 -0.007179021 0.003049969 -0.002170443 -0.007388293 0.003049969 -0.001289248 -0.00748986 0.003049969 -3.89335e-4 -0.007482171 0.003049969 5.16311e-4 -0.002291917 0.003049969 -0.007141172 -0.003135979 0.003049969 -0.00681287 -0.003934323 0.003049969 -0.006385207 -0.004675269 0.003049969 -0.005864381 -0.005348026 0.003049969 -0.005258083 0.007365405 0.003049969 -0.001414418 0.007141172 0.003049969 -0.002291858 0.00681287 0.003049969 -0.003135979 0.006385207 0.003049969 -0.003934323 -0.005942881 0.003049969 -0.004575133 -0.00645101 0.003049969 -0.003825426 -0.006865084 0.003049969 -0.003019928 0.003825426 0.003049969 -0.00645101 0.003019928 0.003049969 -0.006865084 0.002170443 0.003049969 -0.007179021 0.001289248 0.003049969 -0.007388293 0.007482171 0.003049969 -5.16311e-4 0.007193267 0.003049969 0.002854466 0.006868183 0.003049969 0.003938496 0.006433427 0.003049969 0.004983425 3.89333e-4 0.003049969 -0.00748986 -5.16312e-4 0.003049969 -0.007482171 -0.001414418 0.003049969 -0.007365405 -0.007413804 0.003049969 9.49136e-4 -0.007270932 0.003049969 0.001363337 -0.007057905 0.003049969 0.001746296 -0.00381726 0.003049969 0.005351424 -0.003385782 0.003049969 0.006255328 -0.00305742 0.003049969 0.007201552 -0.003971874 -0.002259016 0.007462859 -0.00383532 -0.002537727 0.007423818 -0.00373733 -0.002657055 0.007395803 -0.003622591 -0.002758979 0.007363021 -0.003354549 -0.002901017 0.007286429 -0.003671646 -0.002901017 0.00637269 -0.004134118 -0.002537727 0.00656265 -0.004265546 -0.002259016 0.006616592 -0.004651427 -0.002259016 0.005808234 -0.005124688 -0.002259016 0.005047738 -0.006309151 -0.002259016 0.003707349 -0.005679547 -0.002259016 0.004344522 -0.007005631 -0.002259016 0.003144085 -0.004526793 -0.002537727 0.005739986 -0.005008459 -0.002537727 0.00496608 -0.005573153 -0.002537727 0.004250526 -0.006213784 -0.002537727 0.003602087 -0.006922543 -0.002537727 0.003028869 -0.003929495 -0.002758979 0.006478607 -0.00433278 -0.002758979 0.005633771 -0.004827439 -0.002758979 0.004838943 -0.005407333 -0.002758979 0.004104018 -0.006065309 -0.002758979 0.003438055 -0.00679326 -0.002758979 0.00284934 -0.004088282 -0.002901017 0.005499839 -0.004599332 -0.002901017 0.004678666 -0.005198478 -0.002901017 0.003919422 -0.005878269 -0.002901017 0.003231406 -0.006630301 -0.002901017 0.0026232 -0.007845342 -0.002259016 0.002279698 -0.008139371 -0.002259016 0.001751065 -0.008336603 -0.002259016 0.001179218 -0.007790446 -0.002901017 5.37583e-4 -0.007713675 -0.002901017 0.001023888 -0.008068561 -0.002758979 5.56777e-4 -0.007984161 -0.002758979 0.001091361 -0.008289277 -0.002537727 5.72005e-4 -0.008198797 -0.002537727 0.001144886 -0.008430957 -0.002259016 5.81783e-4 -0.008009672 -0.002537727 0.001693189 -0.007807672 -0.002758979 0.001602947 -0.0075531 -0.002901017 0.001489341 -0.007727742 -0.002537727 0.002200007 -0.007544577 -0.002758979 0.00207591 -0.007313787 -0.002901017 0.001919567 -0.007463514 -0.002259016 0.002748787 -0.00736159 -0.002537727 0.002649843 -0.007202923 -0.002758979 0.002495706 -0.007002949 -0.002901017 0.002301454 0.006712257 -0.002901017 0.005116641 0.006963789 -0.002758979 0.005236804 0.007071435 -0.002657055 0.005288243 0.007163405 -0.002537727 0.005332231 0.007291555 -0.002259016 0.005393445 -0.008325219 -0.002259016 -0.001452744 -0.008089423 -0.002259016 -0.002445697 -0.007269024 -0.002259016 -0.004310548 -0.005268096 -0.002259016 -0.006608068 -0.00258255 -0.002259016 -0.008046746 0.001452744 -0.002259016 -0.008325219 0.002445697 -0.002259016 -0.008089423 0.004310548 -0.002259016 -0.007269024 0.006608068 -0.002259016 -0.005268156 0.008046746 -0.002259016 -0.00258249 0.007668852 -0.002901017 -0.001472651 0.007435441 -0.002901017 -0.002386331 0.007942616 -0.002758979 -0.001525223 0.00770086 -0.002758979 -0.002471506 0.008159875 -0.002537727 -0.001566946 0.007911503 -0.002537727 -0.002539098 0.00829935 -0.002259016 -0.001593768 0.006648302 -0.002901017 -0.004096388 0.006106019 -0.002901017 -0.004867911 0.006885588 -0.002758979 -0.004242658 0.006323993 -0.002758979 -0.005041658 0.007073938 -0.002537727 -0.004358708 0.006497025 -0.002537727 -0.005179584 0.007194876 -0.002259016 -0.004433214 0.004763662 -0.002901017 -0.006187736 0.00398308 -0.002901017 -0.006716787 0.004933714 -0.002758979 -0.006408631 0.004125237 -0.002758979 -0.006956577 0.005068659 -0.002537727 -0.006583929 0.004238069 -0.002537727 -0.007146894 0.005155265 -0.002259016 -0.006696462 -0.001472651 -0.002901017 -0.007668852 -0.002386331 -0.002901017 -0.007435441 -0.001525223 -0.002758979 -0.007942616 -0.002471506 -0.002758979 -0.00770086 -0.001566946 -0.002537727 -0.008159875 -0.002539098 -0.002537727 -0.007911503 -0.001593768 -0.002259016 -0.00829941 -0.004096388 -0.002901017 -0.006648302 -0.004867911 -0.002901017 -0.006106019 -0.004242658 -0.002758979 -0.006885588 -0.005041658 -0.002758979 -0.006323993 -0.004358708 -0.002537727 -0.007073938 -0.005179584 -0.002537727 -0.006497025 -0.004433214 -0.002259016 -0.007194876 -0.006187736 -0.002901017 -0.004763662 -0.006716787 -0.002901017 -0.00398308 -0.006408631 -0.002758979 -0.004933714 -0.006956577 -0.002758979 -0.004125237 -0.006583929 -0.002537727 -0.005068659 -0.007146894 -0.002537727 -0.004238069 -0.006696462 -0.002259016 -0.005155265 0.007790446 -0.002901017 -5.37582e-4 0.008068561 -0.002758979 -5.56777e-4 0.008289277 -0.002537727 -5.72004e-4 0.008430957 -0.002259016 -5.81782e-4 0.00767678 -0.002259016 -0.003533601 0.007547795 -0.002537727 -0.003474235 0.007346808 -0.002758979 -0.003381729 0.007093548 -0.002901017 -0.003265142 0.00592488 -0.002259016 -0.006026208 0.005825281 -0.002537727 -0.00592494 0.005670189 -0.002758979 -0.005767166 0.005474746 -0.002901017 -0.005568385 0.003402888 -0.002259016 -0.00773561 0.003345727 -0.002537727 -0.007605612 0.003256618 -0.002758979 -0.007403075 0.003144383 -0.002901017 -0.007147908 0.00225985 -0.002901017 -0.007474839 0.002340555 -0.002758979 -0.007741689 0.00240457 -0.002537727 -0.007953464 0.001428365 -0.002537727 -0.008185267 0.001390337 -0.002758979 -0.007967352 0.001342415 -0.002901017 -0.007692754 4.38706e-4 -0.002259016 -0.00843966 4.31331e-4 -0.002537727 -0.008297801 4.19844e-4 -0.002758979 -0.008076846 4.05373e-4 -0.002901017 -0.007798433 -5.37586e-4 -0.002901017 -0.007790446 -5.56775e-4 -0.002758979 -0.008068561 -5.72005e-4 -0.002537727 -0.008289277 -5.81783e-4 -0.002259016 -0.008430957 -0.003533601 -0.002259016 -0.00767678 -0.003474235 -0.002537727 -0.007547795 -0.003381729 -0.002758979 -0.007346808 -0.003265142 -0.002901017 -0.007093548 -0.006026208 -0.002259016 -0.00592488 -0.00592494 -0.002537727 -0.005825281 -0.005767166 -0.002758979 -0.005670189 -0.005568385 -0.002901017 -0.005474746 -0.00773561 -0.002259016 -0.003402888 -0.007605612 -0.002537727 -0.003345727 -0.007403135 -0.002758979 -0.003256618 -0.007147908 -0.002901017 -0.003144383 -0.007474839 -0.002901017 -0.00225985 -0.007741689 -0.002758979 -0.002340555 -0.007953464 -0.002537727 -0.00240457 -0.008185267 -0.002537727 -0.001428365 -0.007967352 -0.002758979 -0.001390337 -0.007692754 -0.002901017 -0.001342415 -0.00843966 -0.002259016 -4.38704e-4 -0.008297801 -0.002537727 -4.3133e-4 -0.008076846 -0.002758979 -4.19847e-4 -0.007798433 -0.002901017 -4.05375e-4 0.007159233 -0.002901017 0.004042387 0.007421791 -0.002758979 0.004136085 0.007630109 -0.002537727 0.004210472 0.007493436 -0.002901017 0.002927899 0.00776422 -0.002758979 0.002994179 0.007979094 -0.002537727 0.003046691 0.007763922 -0.002259016 0.004258215 0.008117079 -0.002259016 0.003080487 0.008347392 -0.002259016 0.001872658 0.008206725 -0.002537727 0.001853287 0.007987558 -0.002758979 0.001823067 0.00771141 -0.002901017 0.00178498 0.008452415 -0.002259016 6.47603e-4 0.008310437 -0.002537727 6.42771e-4 0.008089363 -0.002758979 6.35243e-4 0.007810771 -0.002901017 6.25757e-4 -0.003354549 0.003001034 0.007286429 -0.003622591 0.002858996 0.007363021 -0.00373733 0.002757072 0.007395803 -0.00383532 0.002637743 0.007423818 -0.003971874 0.002358973 0.007462859 -0.005679547 0.002358973 0.004344522 -0.004265546 0.002358973 0.006616592 -0.003671646 0.003001034 0.00637269 -0.003929495 0.002858996 0.006478607 -0.004134118 0.002637743 0.00656265 -0.004651427 0.002358973 0.005808234 -0.004526793 0.002637743 0.005739986 -0.00433278 0.002858996 0.005633771 -0.004088282 0.003001034 0.005499839 -0.004599332 0.003001034 0.004678666 -0.004827439 0.002858996 0.004838943 -0.005008459 0.002637743 0.00496608 -0.005124688 0.002358973 0.005047738 -0.005198478 0.003001034 0.003919422 -0.005407333 0.002858996 0.004104018 -0.005573153 0.002637743 0.004250526 -0.006309151 0.002358973 0.003707349 -0.006213784 0.002637743 0.003602087 -0.006065309 0.002858996 0.003438055 -0.005878269 0.003001034 0.003231406 -0.006630301 0.003001034 0.0026232 -0.00679326 0.002858996 0.00284934 -0.006922543 0.002637743 0.003028869 -0.007005631 0.002358973 0.003144085 -0.007463514 0.002358973 0.002748787 -0.007845342 0.002358973 0.002279698 -0.008430957 0.002358973 5.81783e-4 -0.008336603 0.002358973 0.001179218 -0.008289277 0.002637743 5.72005e-4 -0.008198797 0.002637743 0.001144886 -0.008068561 0.002858996 5.56777e-4 -0.007984161 0.002858996 0.001091361 -0.007790446 0.003001034 5.37583e-4 -0.007713675 0.003001034 0.001023888 -0.008139371 0.002358973 0.001751065 -0.008009672 0.002637743 0.001693189 -0.007807672 0.002858996 0.001602947 -0.0075531 0.003001034 0.001489341 -0.007727742 0.002637743 0.002200007 -0.007544577 0.002858996 0.00207591 -0.007313787 0.003001034 0.001919567 -0.00736159 0.002637743 0.002649843 -0.007202923 0.002858996 0.002495706 -0.007002949 0.003001034 0.002301454 0.007291555 0.002358973 0.005393445 0.007163405 0.002637743 0.005332231 0.007071435 0.002757072 0.005288243 0.006963789 0.002858996 0.005236804 0.006712257 0.003001034 0.005116641 0.007790446 0.003001034 -5.37582e-4 0.007668852 0.003001034 -0.001472651 0.008068561 0.002858996 -5.56777e-4 0.007942616 0.002858996 -0.001525223 0.008289277 0.002637743 -5.72004e-4 0.008159875 0.002637743 -0.001566946 0.008430957 0.002358973 -5.81782e-4 0.00829935 0.002358973 -0.001593768 0.008046746 0.002358973 -0.00258249 0.00767678 0.002358973 -0.003533601 0.007194876 0.002358973 -0.004433214 0.006608068 0.002358973 -0.005268156 0.00592488 0.002358973 -0.006026208 0.005155265 0.002358973 -0.006696462 0.004310548 0.002358973 -0.007269024 0.003402888 0.002358973 -0.00773561 0.002445697 0.002358973 -0.008089423 0.001452744 0.002358973 -0.008325219 4.38706e-4 0.002358973 -0.00843966 -5.81783e-4 0.002358973 -0.008430957 -0.001593768 0.002358973 -0.00829941 -0.00258255 0.002358973 -0.008046746 -0.003533601 0.002358973 -0.00767678 -0.004433214 0.002358973 -0.007194876 -0.005268096 0.002358973 -0.006608068 -0.006026208 0.002358973 -0.00592488 -0.006696462 0.002358973 -0.005155265 -0.007269024 0.002358973 -0.004310548 -0.00773561 0.002358973 -0.003402888 -0.008089423 0.002358973 -0.002445697 -0.008325219 0.002358973 -0.001452744 -0.00843966 0.002358973 -4.38704e-4 0.007911503 0.002637743 -0.002539098 0.007547795 0.002637743 -0.003474235 0.007073938 0.002637743 -0.004358708 0.006497025 0.002637743 -0.005179584 0.005825281 0.002637743 -0.00592494 0.005068659 0.002637743 -0.006583929 0.004238069 0.002637743 -0.007146894 0.003345727 0.002637743 -0.007605612 0.00240457 0.002637743 -0.007953464 0.001428365 0.002637743 -0.008185267 4.31331e-4 0.002637743 -0.008297801 -5.72005e-4 0.002637743 -0.008289277 -0.001566946 0.002637743 -0.008159875 -0.002539098 0.002637743 -0.007911503 -0.003474235 0.002637743 -0.007547795 -0.004358708 0.002637743 -0.007073938 -0.005179584 0.002637743 -0.006497025 -0.00592494 0.002637743 -0.005825281 -0.006583929 0.002637743 -0.005068659 -0.007146894 0.002637743 -0.004238069 -0.007605612 0.002637743 -0.003345727 -0.007953464 0.002637743 -0.00240457 -0.008185267 0.002637743 -0.001428365 -0.008297801 0.002637743 -4.3133e-4 0.00770086 0.002858996 -0.002471506 0.007346808 0.002858996 -0.003381729 0.006885588 0.002858996 -0.004242658 0.006323993 0.002858996 -0.005041658 0.005670189 0.002858996 -0.005767166 0.004933714 0.002858996 -0.006408631 0.004125237 0.002858996 -0.006956577 0.003256618 0.002858996 -0.007403075 0.002340555 0.002858996 -0.007741689 0.001390337 0.002858996 -0.007967352 4.19844e-4 0.002858996 -0.008076846 -5.56775e-4 0.002858996 -0.008068561 -0.001525223 0.002858996 -0.007942616 -0.002471506 0.002858996 -0.00770086 -0.003381729 0.002858996 -0.007346808 -0.004242658 0.002858996 -0.006885588 -0.005041658 0.002858996 -0.006323993 -0.005767166 0.002858996 -0.005670189 -0.006408631 0.002858996 -0.004933714 -0.006956577 0.002858996 -0.004125237 -0.007403135 0.002858996 -0.003256618 -0.007741689 0.002858996 -0.002340555 -0.007967352 0.002858996 -0.001390337 -0.008076846 0.002858996 -4.19847e-4 0.007435441 0.003001034 -0.002386331 0.007093548 0.003001034 -0.003265142 0.006648302 0.003001034 -0.004096388 0.006106019 0.003001034 -0.004867911 0.005474746 0.003001034 -0.005568385 0.004763662 0.003001034 -0.006187736 0.00398308 0.003001034 -0.006716787 0.003144383 0.003001034 -0.007147908 0.00225985 0.003001034 -0.007474839 0.001342415 0.003001034 -0.007692754 4.05373e-4 0.003001034 -0.007798433 -5.37586e-4 0.003001034 -0.007790446 -0.001472651 0.003001034 -0.007668852 -0.002386331 0.003001034 -0.007435441 -0.003265142 0.003001034 -0.007093548 -0.004096388 0.003001034 -0.006648302 -0.004867911 0.003001034 -0.006106019 -0.005568385 0.003001034 -0.005474746 -0.006187736 0.003001034 -0.004763662 -0.006716787 0.003001034 -0.00398308 -0.007147908 0.003001034 -0.003144383 -0.007474839 0.003001034 -0.00225985 -0.007692754 0.003001034 -0.001342415 -0.007798433 0.003001034 -4.05375e-4 0.008452415 0.002358973 6.47603e-4 0.008117079 0.002358973 0.003080487 0.007763922 0.002358973 0.004258215 0.007630109 0.002637743 0.004210472 0.007421791 0.002858996 0.004136085 0.007159233 0.003001034 0.004042387 0.007979094 0.002637743 0.003046691 0.00776422 0.002858996 0.002994179 0.007493436 0.003001034 0.002927899 0.008347392 0.002358973 0.001872658 0.008206725 0.002637743 0.001853287 0.007987558 0.002858996 0.001823067 0.00771141 0.003001034 0.00178498 0.008310437 0.002637743 6.42771e-4 0.008089363 0.002858996 6.35243e-4 0.007810771 0.003001034 6.25757e-4 -0.004068374 -7.5e-4 -8.53689e-4 -0.004068374 8.5e-4 -8.53689e-4 -0.003508567 -7.5e-4 0.007258713 -0.003508567 8.5e-4 0.007258713 0.004472374 -7.5e-4 0.006708025 0.004472374 8.5e-4 0.006708025 0.003945291 -7.5e-4 -9.30124e-4 0.003945291 8.5e-4 -9.30124e-4 0.003411769 8.5e-4 -0.001398682 0.003411769 -7.5e-4 -0.001398682 0.003476738 8.5e-4 -0.001394748 0.003476738 -7.5e-4 -0.001394748 -0.003569602 0.001349985 -8.88111e-4 -0.00123161 0.001349985 -9.86685e-4 0.001108348 0.001349985 -9.89218e-4 0.003446459 0.001349985 -8.957e-4 -0.003009796 0.001349985 0.007224321 0.003973543 0.001349985 0.006742417 0.003446459 -0.001249969 -8.957e-4 0.001108348 -0.001249969 -9.89218e-4 -0.00123161 -0.001249969 -9.86685e-4 -0.003569602 -0.001249969 -8.88111e-4 -0.003009796 -0.001249969 0.007224321 0.003973543 -0.001249969 0.006742417 -0.003706276 8.5e-4 -0.00286895 -0.003706276 -7.5e-4 -0.00286895 -0.003654837 8.5e-4 -0.003261387 -0.003654837 -7.5e-4 -0.003261387 -0.003455162 8.5e-4 -0.0036031 -0.003455162 -7.5e-4 -0.0036031 -0.003138542 8.5e-4 -0.003840625 -0.003138542 -7.5e-4 -0.003840625 -0.002754569 8.5e-4 -0.003936707 -0.002754569 -7.5e-4 -0.003936707 -2.06952e-4 8.5e-4 -0.00399959 -2.06952e-4 -7.5e-4 -0.00399959 0.002341032 8.5e-4 -0.003954291 0.002341032 -7.5e-4 -0.003954291 0.002804636 8.5e-4 -0.003819525 0.002804636 -7.5e-4 -0.003819525 0.003151118 8.5e-4 -0.003483295 0.003151118 -7.5e-4 -0.003483295 0.003299653 8.5e-4 -0.003023862 0.003299653 -7.5e-4 -0.003023862 0.001118063 8.5e-4 -0.001489102 -0.003603994 8.5e-4 -0.00138688 -0.003600895 8.5e-4 -0.001387119 -0.001242458 8.5e-4 -0.001486539 -0.003603994 -7.5e-4 -0.00138688 -0.003600895 -7.5e-4 -0.001387119 0.001118063 -7.5e-4 -0.001489102 -0.001242458 -7.5e-4 -0.001486539 -0.00404334 8.5e-4 -0.001047909 -0.00404334 -7.5e-4 -0.001047909 -0.004018783 8.5e-4 -0.001107692 -0.004018783 -7.5e-4 -0.001107692 -0.003945589 8.5e-4 -0.001217603 -0.003945589 -7.5e-4 -0.001217603 -0.003848791 8.5e-4 -0.001302838 -0.003848791 -7.5e-4 -0.001302838 -0.003790199 8.5e-4 -0.001336812 -0.003790199 -7.5e-4 -0.001336812 -0.003470599 0.001041293 0.00725609 -0.004030406 0.001041293 -8.56309e-4 -0.003362476 0.001203536 0.00724864 -0.003922283 0.001203536 -8.63773e-4 -0.00320065 0.001311898 0.007237493 -0.003760457 0.001311898 -8.7494e-4 -0.003773391 0.001041293 -0.001302659 -0.003654003 0.001311898 -0.00105977 -0.003581583 0.001311898 -0.001079022 -0.003725588 0.001203536 -0.001205384 -0.003591716 0.001203536 -0.001240968 -0.003598511 0.001041293 -0.001349091 -0.003916978 0.001041293 -0.001192569 -0.003713488 0.001311898 -0.001014173 -0.003835499 0.001203536 -0.001121103 -0.004007279 0.001041293 -0.001035749 -0.00375086 0.001311898 -9.49275e-4 -0.003904581 0.001203536 -0.001001119 -0.002996623 0.001311898 0.007415175 0.003986716 0.001311898 0.006933331 -0.00299257 0.001282989 0.007473707 0.003990769 0.001282989 0.006991803 -0.002985417 0.001203536 0.007577002 0.003997921 0.001203536 0.007095158 -0.002979993 0.001099944 0.007656276 0.004003345 0.001099944 0.007174432 -0.002977967 0.001041293 0.007685124 0.004005372 0.001041293 0.00720328 -0.003070652 0.001311898 0.007405698 -0.003135442 0.001311898 0.007368624 -0.00312227 0.001203536 0.007559478 -0.003241956 0.001203536 0.007490932 -0.003156781 0.001041293 0.007662236 -0.003313183 0.001041293 0.00757265 -0.003181099 0.001311898 0.007309556 -0.003326356 0.001203536 0.007381796 -0.003423392 0.001041293 0.007430016 -0.003457427 8.5e-4 0.007447004 -0.003424525 8.5e-4 0.007503509 -0.00316888 8.5e-4 0.007698297 -0.003229379 8.5e-4 0.007673501 -0.003338158 8.5e-4 0.00760138 -0.001235783 0.001311898 -0.001177966 0.001112043 0.001311898 -0.001180469 0.001117289 0.001041293 -0.001451015 0.003458082 0.001311898 -0.001086652 0.001115202 0.001203536 -0.001342654 0.003467857 0.001203536 -0.001248598 0.003474414 0.001041293 -0.00135678 -0.001239299 0.001203536 -0.00134015 -0.001241624 0.001041293 -0.001448512 0.003907322 0.001041293 -9.27502e-4 0.004434406 0.001041293 0.006710588 0.0037992 0.001203536 -9.20041e-4 0.004326283 0.001203536 0.006718099 0.003637373 0.001311898 -9.08874e-4 0.004164457 0.001311898 0.006729245 0.004058778 0.001311898 0.006913721 0.004131019 0.001203536 0.007058978 0.004179298 0.001041293 0.007156014 0.004196226 8.5e-4 0.007190108 0.004321932 0.001041293 0.007045805 0.004350602 8.5e-4 0.007070779 0.004252791 8.5e-4 0.007157206 0.004117846 0.001311898 0.006868064 0.004240155 0.001203536 0.006974637 0.004411518 0.001041293 0.006889402 0.004447579 8.5e-4 0.006901502 0.004422783 8.5e-4 0.006962001 0.00415498 0.001311898 0.006803274 0.00430876 0.001203536 0.006854891 -0.003457427 -7.5e-4 0.007447004 -0.003424525 -7.5e-4 0.007503509 -0.003338158 -7.5e-4 0.00760138 -0.003229379 -7.5e-4 0.007673501 -0.00316888 -7.5e-4 0.007698297 0.003609657 0.001311898 -9.95609e-4 0.003747999 0.001203536 -0.001080274 0.003840446 0.001041293 -0.001136898 0.003872931 8.5e-4 -0.001156747 0.003545045 0.001311898 -0.00105971 0.003628551 0.001203536 -0.001198768 0.003684341 0.001041293 -0.001291632 0.003703951 8.5e-4 -0.001324295 0.004196226 -7.5e-4 0.007190108 0.004252791 -7.5e-4 0.007157206 0.004350602 -7.5e-4 0.007070779 0.004422783 -7.5e-4 0.006962001 0.004447579 -7.5e-4 0.006901502 0.003986716 -0.001211881 0.006933331 -0.002996623 -0.001211881 0.007415175 0.003990769 -0.001182973 0.006991803 -0.00299257 -0.001182973 0.007473707 0.003997921 -0.00110352 0.007095158 -0.002985417 -0.00110352 0.007577002 0.004003345 -10e-4 0.007174432 -0.002979993 -10e-4 0.007656276 0.004005372 -9.41342e-4 0.00720328 -0.002977967 -9.41342e-4 0.007685124 0.003703951 -7.5e-4 -0.001324295 0.003872931 -7.5e-4 -0.001156747 0.004117846 -0.001211881 0.006868064 0.00415498 -0.001211881 0.006803274 0.004222989 -0.001182973 0.006725192 0.004164457 -0.001211881 0.006729245 0.004058778 -0.001211881 0.006913721 0.004405558 -10e-4 0.006712615 0.004326283 -0.00110352 0.006718099 0.00430876 -0.00110352 0.006854891 0.004179298 -9.41342e-4 0.007156014 0.004321932 -9.41342e-4 0.007045805 0.004434406 -9.41342e-4 0.006710588 0.004411518 -9.41342e-4 0.006889402 0.004240155 -0.00110352 0.006974637 0.004131019 -0.00110352 0.007058978 0.003637373 -0.001211881 -9.08874e-4 0.003695905 -0.001182973 -9.12914e-4 0.0037992 -0.00110352 -9.20041e-4 0.003878474 -10e-4 -9.25511e-4 0.003907322 -9.41342e-4 -9.27502e-4 0.003840446 -9.41342e-4 -0.001136898 0.003747999 -0.00110352 -0.001080274 0.003609657 -0.001211881 -9.95609e-4 0.003545045 -0.001211881 -0.00105971 0.003628551 -0.00110352 -0.001198768 0.003684341 -9.41342e-4 -0.001291632 0.003458082 -0.001211881 -0.001086652 0.003467857 -0.00110352 -0.001248598 0.003474414 -9.41342e-4 -0.00135678 -0.003598511 -9.41342e-4 -0.001349091 -0.001241624 -9.41342e-4 -0.001448512 0.001117289 -9.41342e-4 -0.001451015 0.001115202 -0.00110352 -0.001342654 0.001112043 -0.001211881 -0.001180469 -0.001239299 -0.00110352 -0.00134015 -0.001235783 -0.001211881 -0.001177966 -0.003591716 -0.00110352 -0.001240968 -0.003581583 -0.001211881 -0.001079022 -0.003713488 -0.001211881 -0.001014173 -0.00375086 -0.001211881 -9.49275e-4 -0.003654003 -0.001211881 -0.00105977 -0.003818988 -0.001182973 -8.70903e-4 -0.003760457 -0.001211881 -8.7494e-4 -0.004001557 -10e-4 -8.58305e-4 -0.003922283 -0.00110352 -8.63773e-4 -0.003904581 -0.00110352 -0.001001119 -0.003773391 -9.41342e-4 -0.001302659 -0.003916978 -9.41342e-4 -0.001192569 -0.004030406 -9.41342e-4 -8.56309e-4 -0.004007279 -9.41342e-4 -0.001035749 -0.003835499 -0.00110352 -0.001121103 -0.003725588 -0.00110352 -0.001205384 -0.00320065 -0.001211881 0.007237493 -0.003259181 -0.001182973 0.007241547 -0.003362476 -0.00110352 0.00724864 -0.003441751 -10e-4 0.007254123 -0.003470599 -9.41342e-4 0.00725609 -0.003135442 -0.001211881 0.007368624 -0.003070652 -0.001211881 0.007405698 -0.003181099 -0.001211881 0.007309556 -0.00312227 -0.00110352 0.007559478 -0.003423392 -9.41342e-4 0.007430016 -0.003313183 -9.41342e-4 0.00757265 -0.003156781 -9.41342e-4 0.007662236 -0.003241956 -0.00110352 0.007490932 -0.003326356 -0.00110352 0.007381796</float_array>
          <technique_common>
            <accessor source="#rffoot-mesh-positions-array" count="920" stride="3">
              <param name="X" type="float"/>
              <param name="Y" type="float"/>
              <param name="Z" type="float"/>
            </accessor>
          </technique_common>
        </source>
        <source id="rffoot-mesh-normals">
          <float_array id="rffoot-mesh-normals-array" count="5556">0.5072205 0 -0.8618164 0.5072205 0 -0.8618164 0.0083431 0 -0.9999652 0.0083431 0 -0.9999652 -0.4927479 0 -0.8701722 -0.4927479 0 -0.8701722 -0.8618223 0 -0.5072105 -0.8618223 0 -0.5072105 -0.9999651 0 -0.00835669 -0.9999651 0 -0.00835669 -0.8701709 0 0.49275 -0.8701709 0 0.49275 -0.5072104 0 0.8618223 -0.5072104 0 0.8618223 -0.008349895 0 0.9999651 -0.008349895 0 0.9999651 0.4927558 0 0.8701677 0.4927558 0 0.8701677 0.8618177 0 0.5072183 0.8618177 0 0.5072183 0.9999651 0 0.008349895 0.9999651 0 0.008349895 0.8701677 0 -0.4927558 0.8701677 0 -0.4927558 0.5072147 0 -0.8618197 0.5072147 0 -0.8618197 0.008350491 0 -0.9999651 0.008350491 0 -0.9999651 -0.492756 0 -0.8701676 -0.492756 0 -0.8701676 -0.8618171 0 -0.5072193 -0.8618171 0 -0.5072193 -0.9999652 0 -0.008346378 -0.9999652 0 -0.008346378 -0.8701699 0 0.4927517 -0.8701699 0 0.4927517 -0.5072171 0 0.8618183 -0.5072171 0 0.8618183 -0.008345782 0 0.9999652 -0.008345782 0 0.9999652 0.4927489 0 0.8701716 0.4927489 0 0.8701716 0.8618221 0 0.5072106 0.8618221 0 0.5072106 0.9999651 0 0.00835663 0.9999651 0 0.00835663 0.8701685 0 -0.4927543 0.8701685 0 -0.4927543 0.9976276 0 -0.06884163 0.9976276 0 -0.06884163 -0.9976276 0 0.06884169 -0.9976276 0 0.06884169 0 -1 0 0 -1 0 0 1 0 0 1 0 0.06885731 8.71869e-6 0.9976265 0.06884497 2.83323e-6 0.9976274 0.06884008 -9.2807e-7 0.9976277 0.06883811 3.75786e-6 0.9976279 0.0688396 2.22676e-6 0.9976277 0.0688408 1.40561e-6 0.9976277 0.06884217 0 0.9976276 0.06884109 5.05645e-7 0.9976277 0.06884121 1.77174e-7 0.9976276 0.06884086 0 0.9976276 -0.9447365 0 0.3278307 -0.9447365 0 0.3278307 -0.9140986 0 0.4054919 -0.9140986 0 0.4054919 -0.8901195 0 0.4557272 -0.8901195 0 0.4557272 -0.8490043 0 0.5283858 -0.8490043 0 0.5283858 -0.7850359 0 0.6194503 -0.7850359 0 0.6194503 -0.73063 0 0.6827736 -0.73063 0 0.6827736 -0.691505 0 0.7223717 -0.691505 0 0.7223717 -0.6288431 0 0.7775322 -0.6288431 0 0.7775322 -0.6534579 0 0.7569628 -0.6534579 0 0.7569628 -0.7323881 0 0.6808875 -0.7323881 0 0.6808875 -0.789248 0 0.6140747 -0.789248 0 0.6140747 -0.8517262 0 0.5239871 -0.8517262 0 0.5239871 -0.8943704 0 0.4473272 -0.8943704 0 0.4473272 -0.9379636 0 0.3467339 -0.9379636 0 0.3467339 -0.9647433 0 0.2631926 -0.9647433 0 0.2631926 -0.9877555 0 0.1560099 -0.9877555 0 0.1560099 -0.999964 0 0.008479952 -0.999964 0 0.008479952 -0.996898 0 -0.07870429 -0.996898 0 -0.07870429 -0.9903271 0 -0.1387529 -0.9903271 0 -0.1387529 -0.9744653 0 -0.2245378 -0.9744653 0 -0.2245378 -0.9591363 0 -0.2829444 -0.9591363 0 -0.2829444 -0.9379893 0 -0.346664 -0.9379893 0 -0.346664 -0.9070562 0 -0.4210095 -0.9070562 0 -0.4210095 -0.8799766 0 -0.475017 -0.8799766 0 -0.475017 -0.8352298 0 -0.549901 -0.8352298 0 -0.549901 -0.8005034 0 -0.5993283 -0.8005034 0 -0.5993283 -0.7541086 0 -0.6567496 -0.7541086 0 -0.6567496 -0.7035939 0 -0.7106024 -0.7035939 0 -0.7106024 -0.6594155 0 -0.7517787 -0.6594155 0 -0.7517787 -0.5913821 0 -0.8063915 -0.5913821 0 -0.8063915 -0.5416123 0 -0.8406284 -0.5416123 0 -0.8406284 -0.4722144 0 -0.8814837 -0.4722144 0 -0.8814837 -0.4120251 0 -0.9111725 -0.4120251 0 -0.9111725 -0.3562567 0 -0.9343881 -0.3562567 0 -0.9343881 -0.2734667 0 -0.9618815 -0.2734667 0 -0.9618815 -0.214885 0 -0.9766394 -0.214885 0 -0.9766394 -0.1289517 0 -0.9916509 -0.1289517 0 -0.9916509 -0.008483588 0 -0.999964 -0.008483588 0 -0.999964 0.07871079 0 -0.9968975 0.07871079 0 -0.9968975 0.1387541 0 -0.9903269 0.1387541 0 -0.9903269 0.2245336 0 -0.9744663 0.2245336 0 -0.9744663 0.2829778 0 -0.9591265 0.2829778 0 -0.9591265 0.34666 0 -0.9379909 0.34666 0 -0.9379909 0.4210202 0 -0.9070513 0.4210202 0 -0.9070513 0.4750121 0 -0.8799792 0.4750121 0 -0.8799792 0.5499013 0 -0.8352296 0.5499013 0 -0.8352296 0.5993293 0 -0.8005027 0.5993293 0 -0.8005027 0.6567525 0 -0.7541062 0.6567525 0 -0.7541062 0.7105902 0 -0.7036061 0.7105902 0 -0.7036061 0.7517818 0 -0.6594121 0.7517818 0 -0.6594121 0.8063917 0 -0.5913817 0.8063917 0 -0.5913817 0.8406223 0 -0.5416218 0.8406223 0 -0.5416218 0.8814837 0 -0.4722144 0.8814837 0 -0.4722144 0.9111686 0 -0.4120336 0.9111686 0 -0.4120336 0.9343888 0 -0.356255 0.9343888 0 -0.356255 0.961881 0 -0.2734683 0.961881 0 -0.2734683 0.9766387 0 -0.2148876 0.9766387 0 -0.2148876 0.9916509 0 -0.1289517 0.9916509 0 -0.1289517 0.9998481 0 -0.01742839 0.9998481 0 -0.01742839 0.9989007 0 0.04687696 0.9989007 0 0.04687696 0.9951661 0 0.09820592 0.9951661 0 0.09820592 0.9867938 0 0.1619814 0.9867938 0 0.1619814 0.9771558 0 0.2125246 0.9771558 0 0.2125246 0.9614717 0 0.2749038 0.9614717 0 0.2749038 0.9460549 0 0.3240064 0.9460549 0 0.3240064 0.9232702 0 0.3841511 0.9232702 0 0.3841511 0.9022871 0 0.4311358 0.9022871 0 0.4311358 0.9022871 0 0.4311357 0.9022871 0 0.4311358 0.06884068 -2.00934e-6 0.9976277 0.06884115 3.67587e-6 0.9976276 0.06885063 -7.18563e-6 0.997627 0.06884008 9.2807e-7 0.9976277 0.06884086 0 0.9976276 0.06884109 0 0.9976277 0.06884121 -4.46627e-7 0.9976276 0.06884217 0 0.9976276 0.0688408 -1.40561e-6 0.9976277 0.06883871 -2.83813e-6 0.9976278 0.5072205 0 -0.8618164 0.5072205 0 -0.8618164 0.0083431 0 -0.9999652 0.0083431 0 -0.9999652 -0.4927479 0 -0.8701722 -0.4927479 0 -0.8701722 -0.8618223 0 -0.5072104 -0.8618223 0 -0.5072104 -0.9999651 0 -0.00835669 -0.9999651 0 -0.00835669 -0.870171 0 0.49275 -0.870171 0 0.49275 -0.5072104 0 0.8618223 -0.5072104 0 0.8618223 -0.008349895 0 0.9999652 -0.008349895 0 0.9999652 0.4927558 0 0.8701677 0.4927558 0 0.8701677 0.8618177 0 0.5072183 0.8618177 0 0.5072183 0.9999652 0 0.008349895 0.9999652 0 0.008349895 0.8701677 0 -0.4927558 0.8701677 0 -0.4927558 0.5072147 0 -0.8618198 0.5072147 0 -0.8618198 0.008350491 0 -0.9999651 0.008350491 0 -0.9999651 -0.492756 0 -0.8701675 -0.492756 0 -0.8701675 -0.8618171 0 -0.5072193 -0.8618171 0 -0.5072193 -0.9999652 0 -0.008346319 -0.9999652 0 -0.008346319 -0.8701699 0 0.4927517 -0.8701699 0 0.4927517 -0.5072171 0 0.8618184 -0.5072171 0 0.8618184 -0.008345782 0 0.9999652 -0.008345782 0 0.9999652 0.4927489 0 0.8701716 0.4927489 0 0.8701716 0.8618221 0 0.5072106 0.8618221 0 0.5072106 0.9999651 0 0.00835663 0.9999651 0 0.00835663 0.8701685 0 -0.4927543 0.8701685 0 -0.4927543 -0.9615141 0 0.2747557 -0.9615141 0 0.2747557 -0.9615141 0 0.2747557 -0.9615141 0 0.2747557 0 -1 0 0 -1 0 0 -1 0 0 -1 0 0 -1 0 0 -1 0 0 -1 0 0 -1 0 0 -1 0 0 -1 0 0 -1 0 0 -1 0 0 -1 0 0 -1 0 0 -1 0 0 -1 0 0 -1 0 0 -1 0 0 -1 0 0 -1 0 0 -1 0 0 -1 0 0 -1 0 0 -1 0 0 -1 0 0 -1 0 0 -1 0 0 -1 0 0 -1 0 0 -1 0 0 -1 0 0 -1 0 0 -1 0 0 -1 0 0 -1 0 0 -1 0 0 -1 0 0 -1 0 0 -1 0 0 -1 0 0 -1 0 0 -1 0 0 -1 0 0 -1 0 0 -1 0 0 -1 0 0 -1 0 0 -1 0 0 -1 0 0 -1 0 0 -1 0 0 -1 0 0 -1 0 0 -1 0 0 -1 0 0 -1 0 0 -1 0 0 -1 0 0 -1 0 0 -1 0 0 -1 0 0 -1 0 0 -1 0 0 -1 0 0 -1 0 0 -1 0 0 -1 0 0 -1 0 0 -1 0 0 -1 0 0 -1 0 0 1 0 0 1 0 0 1 0 0 1 0 0 1 0 0 1 0 0 1 0 0 1 0 0 1 0 0 1 0 0 1 0 0 1 0 0 1 0 0 1 0 0 1 0 0 1 0 0 1 0 0 1 0 0 1 0 0 1 0 0 1 0 0 1 0 0 1 0 0 1 0 0 1 0 0 1 0 0 1 0 0 1 0 0 1 0 0 1 0 0 1 0 0 1 0 0 1 0 0 1 0 0 1 0 0 1 0 0 1 0 0 1 0 0 1 0 0 1 0 0 1 0 0 1 0 0 1 0 0 1 0 0 1 0 0 1 0 0 1 0 0 1 0 0 1 0 0 1 0 0 1 0 0 1 0 0 1 0 0 1 0 0 1 0 0 1 0 0 1 0 0 1 0 0 1 0 0 1 0 0 1 0 0 1 0 0 1 0 0 1 0 0 1 0 0 1 0 0 1 0 0 1 0 0 1 0 0 1 0 0 1 0 -0.9496761 -0.1564354 0.271373 -0.9423728 -0.1949845 0.2718724 -0.8572255 -0.4539929 0.2430122 -0.7986769 -0.5552046 0.2320839 -0.7311467 -0.6494412 0.2089275 -0.6244504 -0.7604086 0.1784387 -0.5336964 -0.8311012 0.1563298 -0.4370211 -0.8910039 0.122982 -0.1495806 -0.9876839 0.04589349 -0.187582 -0.9807854 0.05360209 -0.1480126 -0.9876509 0.0513615 -0.7188576 -0.6488589 0.2494509 -0.9331404 -0.1561989 0.3238068 -0.8420333 -0.4534349 0.2921931 -0.9331406 -0.1561954 0.3238081 -0.8913816 -0.1561954 0.4254901 -0.911356 -0.0774064 0.4042752 -0.7754 -0.1561995 0.6118469 -0.8385846 -0.1561996 0.5218982 -0.8385841 -0.156193 0.5219007 -0.8791698 -0.1563699 0.4501211 -0.7284374 -0.07741481 0.6807246 -0.702613 -0.1561983 0.6942169 -0.7753999 -0.1561979 0.6118475 -0.6829974 -0.1563804 0.7134843 -0.621124 -0.1562033 0.767988 -0.6211228 -0.1561967 0.7679902 -0.8420341 -0.4534324 0.2921944 -0.8043525 -0.4534325 0.3839478 -0.8043524 -0.4534333 0.3839474 -0.7567103 -0.4534336 0.4709432 -0.7567108 -0.4534311 0.4709447 -0.6996955 -0.4534307 0.5521112 -0.6996957 -0.4534299 0.5521116 -0.6340156 -0.4534295 0.6264392 -0.6340157 -0.4534285 0.6264398 -0.5604814 -0.4534289 0.6930099 -0.5604814 -0.4534318 0.6930081 -0.4294312 -0.8907203 0.1490175 -0.6141035 -0.759911 0.2131009 -0.6732077 -0.7061215 0.2195082 -0.6386314 -0.7065557 0.3048427 -0.6386288 -0.7065595 0.3048394 -0.6008018 -0.7065592 0.3739135 -0.6008027 -0.7065576 0.373915 -0.5555343 -0.7065579 0.4383577 -0.5555338 -0.706559 0.4383566 -0.5033856 -0.7065589 0.4973706 -0.5033858 -0.7065584 0.4973711 -0.4450033 -0.7065583 0.550225 -0.445003 -0.7065595 0.5502237 -0.4294277 -0.8907225 0.1490147 -0.4102108 -0.8907225 0.1958076 -0.4102127 -0.8907212 0.1958096 -0.3859152 -0.890721 0.2401778 -0.3859139 -0.8907222 0.2401762 -0.3568369 -0.890722 0.2815703 -0.3568372 -0.8907217 0.2815709 -0.3233407 -0.8907216 0.3194772 -0.3233407 -0.8907216 0.3194773 -0.2858399 -0.8907217 0.3534266 -0.2858402 -0.8907213 0.3534275 -0.1480132 -0.9876508 0.05136191 -0.1413896 -0.9876508 0.06749039 -0.141389 -0.9876509 0.06748986 -0.1330143 -0.9876509 0.08278238 -0.1330154 -0.9876506 0.08278363 -0.1229933 -0.9876506 0.09705078 -0.1229931 -0.9876508 0.09705042 -0.1114475 -0.9876508 0.110116 -0.1114473 -0.9876508 0.1101156 -0.0985217 -0.9876507 0.1218173 -0.09852164 -0.9876508 0.121817 -0.7795725 -0.1561024 0.6065467 -0.8833801 -0.1562868 0.4418303 -0.9528719 -0.1563939 0.2599539 -0.1551018 -0.9875947 0.02449744 -0.1551013 -0.9875949 0.02449691 -0.4498065 -0.890296 0.07104319 -0.4498046 -0.8902971 0.0710414 -0.6997948 -0.7057419 0.1105244 -0.6997948 -0.705742 0.1105244 -0.8807948 -0.452602 0.1391112 -0.8807949 -0.4526019 0.1391113 -0.9756863 -0.1558526 0.1540983 -0.975687 -0.1558426 0.1541038 -0.9264648 -0.1561031 0.3424832 -0.9286516 -0.1870907 0.3203175 -0.8429751 -0.452602 0.2907653 -0.8429754 -0.4526007 0.2907662 -0.6697473 -0.7057412 0.2310149 -0.6697463 -0.7057427 0.2310134 -0.4304912 -0.8902969 0.1484879 -0.430491 -0.8902972 0.1484876 -0.1484415 -0.9875949 0.05120134 -0.1484416 -0.9875948 0.05120146 -0.8412601 -0.1562853 0.5175483 -0.8566957 -0.197391 0.4765598 -0.7792586 -0.4526016 0.4334833 -0.7792586 -0.452602 0.433483 -0.6191232 -0.7057427 0.3444036 -0.6191236 -0.7057419 0.3444044 -0.397953 -0.8902964 0.2213723 -0.3979527 -0.8902966 0.2213717 -0.1372215 -0.9875948 0.07633304 -0.1372214 -0.9875949 0.07633286 -0.7233753 -0.1563987 0.6725085 -0.7618896 -0.1870954 0.6200964 -0.6915999 -0.4526 0.5628881 -0.6915999 -0.4526013 0.562887 -0.549477 -0.7057438 0.4472144 -0.5494773 -0.7057427 0.4472157 -0.3531877 -0.890296 0.287457 -0.3531874 -0.8902965 0.2874559 -0.1217858 -0.9875947 0.09912031 -0.1217857 -0.9875948 0.09911972 -0.1026083 -0.9875948 0.1188616 -0.1026083 -0.9875947 0.1188614 -0.2975729 -0.8902958 0.3447082 -0.2975727 -0.8902964 0.3447068 -0.4629536 -0.7057437 0.5362833 -0.4629536 -0.7057435 0.5362836 -0.5826972 -0.4526003 0.6749941 -0.5826975 -0.4526022 0.6749926 -0.6454742 -0.1558477 0.7477129 -0.6454736 -0.1558457 0.7477138 0.1411485 -0.9876884 0.06744438 0.1761263 -0.9806037 0.08599936 0.4101745 -0.8910037 0.1946002 0.5010827 -0.8308002 0.242254 0.58599 -0.7604046 0.2800011 0.6860993 -0.6494548 0.3278358 0.7495133 -0.5548894 0.3610092 0.8045079 -0.4539899 0.3829627 0.8902391 -0.1564291 0.4277901 0.8849489 -0.1950962 0.4228511 -0.9781475 -0.1563515 -0.1370464 -0.9473277 -0.1564344 -0.2794609 -0.8691598 -0.156312 -0.469178 -0.6513137 -0.156274 -0.7425422 -0.3518832 -0.1562114 -0.9229173 0.1370479 -0.1563417 -0.9781489 0.2794945 -0.1564193 -0.9473203 0.4691732 -0.1563119 -0.8691623 0.7425464 -0.1562638 -0.6513114 0.9229187 -0.1562061 -0.3518818 0.1518372 -0.9876438 -0.03879392 0.1518359 -0.9876441 -0.03879302 0.4404994 -0.8906706 -0.1125446 0.4404974 -0.8906717 -0.1125432 0.685724 -0.7064622 -0.1751965 0.6857266 -0.7064592 -0.1751985 0.8636017 -0.4533302 -0.2206444 0.8635981 -0.453339 -0.2206404 0.1282123 -0.9876443 -0.09011363 0.1282126 -0.9876441 -0.09011405 0.371968 -0.8906685 -0.2614372 0.3719655 -0.8906707 -0.2614336 0.5790373 -0.7064626 -0.4069725 0.579037 -0.706463 -0.4069721 0.7292398 -0.453333 -0.5125411 0.7292409 -0.4533283 -0.5125439 0.08792704 -0.987644 -0.1297237 0.08792692 -0.987644 -0.1297233 0.2550861 -0.8906726 -0.3763422 0.2550871 -0.8906704 -0.3763464 0.3970962 -0.7064567 -0.5858614 0.3970959 -0.7064581 -0.5858598 0.5000994 -0.4533339 -0.7378272 0.5000994 -0.453337 -0.7378253 -0.03879272 -0.9876441 -0.151836 -0.03879266 -0.9876442 -0.151836 -0.1125428 -0.8906723 -0.4404964 -0.1125472 -0.8906685 -0.4405029 -0.175202 -0.7064552 -0.6857298 -0.1751936 -0.7064677 -0.6857191 -0.2206397 -0.4533387 -0.8635984 -0.2206459 -0.4533254 -0.8636037 -0.09011435 -0.987644 -0.1282136 -0.09011387 -0.9876441 -0.1282132 -0.2614331 -0.8906711 -0.3719647 -0.2614374 -0.8906685 -0.3719677 -0.4069756 -0.7064614 -0.5790364 -0.4069731 -0.7064641 -0.5790349 -0.5125455 -0.4533255 -0.7292415 -0.5125439 -0.4533283 -0.7292409 -0.1297221 -0.9876443 -0.08792603 -0.1297237 -0.987644 -0.08792644 -0.376347 -0.8906702 -0.2550873 -0.3763461 -0.8906707 -0.2550871 -0.5858567 -0.7064622 -0.3970932 -0.5858543 -0.7064645 -0.3970928 -0.7378299 -0.4533266 -0.5001021 -0.7378302 -0.4533263 -0.5001021 0.1554064 -0.9876438 -0.02020859 0.1554062 -0.9876439 -0.02020853 0.4508523 -0.8906711 -0.05862736 0.4508537 -0.8906704 -0.05862808 0.7018454 -0.7064585 -0.09126651 0.7018419 -0.7064621 -0.09126442 0.8838998 -0.4533325 -0.1149384 0.8839009 -0.45333 -0.1149395 0.9794843 -0.1561649 -0.1273688 0.9794847 -0.1561625 -0.1273697 0.9569937 -0.1561468 -0.244502 0.9338228 -0.2397697 -0.2654911 0.9646223 -0.1563856 -0.2122437 0.8999509 -0.1564327 -0.4069609 0.9175643 -0.1751717 -0.3569183 0.8307098 -0.4533278 -0.3231332 0.830706 -0.4533388 -0.3231277 0.659608 -0.706461 -0.256574 0.6596091 -0.7064594 -0.2565753 0.4237205 -0.8906714 -0.1648191 0.4237201 -0.8906717 -0.1648187 0.1460531 -0.9876441 -0.05681174 0.1460531 -0.9876441 -0.05681169 0.1381401 -0.9876441 -0.07400244 0.1381398 -0.9876443 -0.07400208 0.4007648 -0.8906711 -0.2146914 0.4007684 -0.8906686 -0.2146954 0.6238703 -0.7064612 -0.3342132 0.6238693 -0.7064626 -0.334212 0.7857035 -0.4533283 -0.4209079 0.7857023 -0.4533327 -0.4209055 0.8706691 -0.1561573 -0.4664227 0.8706691 -0.1561623 -0.466421 0.8081004 -0.156154 -0.5679699 0.786765 -0.2192845 -0.5769881 0.8302761 -0.1564099 -0.5349556 0.7018437 -0.1564166 -0.6949455 0.7294287 -0.1893023 -0.6573419 0.6621421 -0.453333 -0.5967051 0.6621428 -0.4533286 -0.5967078 0.5257606 -0.7064604 -0.4738033 0.5257594 -0.706463 -0.4738005 0.3377392 -0.8906717 -0.3043618 0.3377402 -0.8906708 -0.3043636 0.1164168 -0.987644 -0.1049121 0.1164162 -0.9876441 -0.1049111 0.1029224 -0.9876439 -0.1181795 0.1029224 -0.987644 -0.1181795 0.2985901 -0.8906716 -0.3428528 0.2985895 -0.8906725 -0.342851 0.464818 -0.7064607 -0.5337204 0.4648192 -0.7064569 -0.5337244 0.5853891 -0.4533324 -0.6721677 0.585389 -0.4533343 -0.6721665 0.6486948 -0.156152 -0.7448568 0.6486955 -0.1561577 -0.7448549 0.5541822 -0.1561579 -0.8176166 0.5389568 -0.1985181 -0.8186063 0.5919517 -0.1564225 -0.7906486 0.4158382 -0.1564126 -0.8958871 0.4480827 -0.1986633 -0.8716391 0.4075174 -0.4533329 -0.7927289 0.4075177 -0.4533375 -0.7927259 0.3235827 -0.7064601 -0.6294508 0.3235828 -0.7064577 -0.6294534 0.2078638 -0.8906705 -0.4043497 0.2078638 -0.8906706 -0.4043495 0.07164925 -0.987644 -0.1393765 0.07164919 -0.987644 -0.1393761 0.05432689 -0.987644 -0.1469967 0.05432689 -0.9876439 -0.1469966 0.1576096 -0.8906704 -0.4264568 0.1576096 -0.8906706 -0.4264566 0.245351 -0.7064599 -0.6638654 0.2453516 -0.7064673 -0.6638574 0.3089979 -0.4533333 -0.8360677 0.3089978 -0.4533327 -0.836068 0.3424128 -0.1561649 -0.9264804 0.342408 -0.1561444 -0.9264857 0.2217773 -0.1562076 -0.962504 0.2274979 -0.1751614 -0.9578952 0.2059629 -0.45333 -0.8672204 0.2059636 -0.4533329 -0.8672187 0.1635419 -0.7064585 -0.6886004 0.1635437 -0.7064676 -0.6885906 0.1050585 -0.8906718 -0.4423422 0.1050582 -0.8906706 -0.4423446 0.03621244 -0.9876443 -0.1524716 0.03621232 -0.9876439 -0.1524732 0.07774239 -0.1563825 -0.9846323 0.109773 -0.2033177 -0.9729397 0.09993267 -0.4533301 -0.885723 0.09993249 -0.4533295 -0.8857233 0.07934898 -0.7064635 -0.7032874 0.07934737 -0.7064585 -0.7032925 0.05097126 -0.890671 -0.4517819 0.05097162 -0.8906719 -0.4517804 0.0175696 -0.987644 -0.1557259 0.01756983 -0.9876443 -0.1557248 -0.001329302 -0.987644 -0.1567083 -0.001329064 -0.9876441 -0.1567077 -0.003855943 -0.8906711 -0.4546319 -0.003855943 -0.8906711 -0.4546319 -0.006002545 -0.7064631 -0.7077244 -0.006002962 -0.7064621 -0.7077255 -0.007560193 -0.4533296 -0.8913109 -0.00755918 -0.4533325 -0.8913094 -0.008376657 -0.1561595 -0.9876963 -0.008379518 -0.1561503 -0.9876977 -0.02020829 -0.9876441 -0.1554048 -0.02020835 -0.9876441 -0.1554049 -0.05862742 -0.8906709 -0.4508526 -0.05862617 -0.8906723 -0.4508501 -0.09126383 -0.7064621 -0.701842 -0.09126746 -0.7064557 -0.701848 -0.1149412 -0.4533324 -0.8838995 -0.1149389 -0.4533379 -0.883897 -0.1273691 -0.1561505 -0.9794867 -0.1273699 -0.1561481 -0.979487 -0.244506 -0.1561533 -0.9569917 -0.2654904 -0.2397573 -0.9338261 -0.2122415 -0.1563715 -0.9646251 -0.4069525 -0.1564326 -0.8999547 -0.3569174 -0.1751683 -0.9175653 -0.3231316 -0.453331 -0.8307087 -0.3231344 -0.4533256 -0.8307107 -0.2565771 -0.7064618 -0.6596059 -0.2565726 -0.7064676 -0.6596014 -0.1648201 -0.8906704 -0.4237225 -0.1648226 -0.8906685 -0.4237254 -0.05681228 -0.9876441 -0.1460528 -0.05681228 -0.9876441 -0.1460528 -0.07400202 -0.9876441 -0.1381403 -0.07400262 -0.987644 -0.1381408 -0.2146922 -0.8906704 -0.4007663 -0.2146911 -0.8906711 -0.4007652 -0.3342097 -0.7064619 -0.6238714 -0.3342104 -0.706461 -0.623872 -0.4209045 -0.4533305 -0.785704 -0.4209067 -0.4533264 -0.7857052 -0.4664224 -0.1561573 -0.8706693 -0.4664211 -0.156161 -0.8706693 -0.567969 -0.1561641 -0.808099 -0.5769869 -0.2192955 -0.7867627 -0.5349464 -0.1564087 -0.8302823 -0.694932 -0.15643 -0.7018542 -0.6573424 -0.1893033 -0.7294279 -0.596706 -0.4533318 -0.662142 -0.5967081 -0.4533286 -0.6621426 -0.4738035 -0.7064604 -0.5257605 -0.4737998 -0.7064641 -0.5257588 -0.304365 -0.8906691 -0.3377431 -0.3043665 -0.8906683 -0.3377439 -0.1049107 -0.9876443 -0.1164154 -0.1049116 -0.9876441 -0.1164159 -0.118178 -0.9876443 -0.1029211 -0.1181781 -0.9876443 -0.1029211 -0.3428567 -0.890669 -0.2985934 -0.3428544 -0.8906701 -0.2985925 -0.5337204 -0.7064607 -0.464818 -0.5337185 -0.7064626 -0.4648174 -0.6721657 -0.4533322 -0.5853915 -0.6721696 -0.4533258 -0.585392 -0.744855 -0.1561652 -0.6486936 -0.7448573 -0.1561579 -0.6486927 -0.8176169 -0.1561579 -0.5541816 -0.8186066 -0.1985172 -0.5389566 -0.7906493 -0.1564227 -0.5919507 -0.8958938 -0.1564 -0.4158284 -0.8716368 -0.1986671 -0.4480856 -0.7927281 -0.4533312 -0.4075207 -0.7927313 -0.4533259 -0.4075202 -0.6294503 -0.7064608 -0.3235822 -0.629446 -0.7064648 -0.323582 -0.4043482 -0.8906709 -0.207865 -0.4043484 -0.8906707 -0.207865 -0.1393749 -0.9876441 -0.07164901 -0.1393761 -0.987644 -0.07164919 -0.1469952 -0.9876442 -0.05432641 -0.1469948 -0.9876443 -0.05432641 -0.4264557 -0.890671 -0.1576097 -0.4264566 -0.8906705 -0.1576097 -0.6638647 -0.7064606 -0.2453508 -0.6638642 -0.7064611 -0.2453508 -0.8360701 -0.4533311 -0.3089947 -0.8360704 -0.4533305 -0.3089946 -0.9264838 -0.1561526 -0.3424096 -0.926482 -0.1561595 -0.3424112 -0.9625015 -0.1562179 -0.221781 -0.9578945 -0.1751637 -0.2274993 -0.8672194 -0.4533314 -0.205964 -0.8672198 -0.4533306 -0.2059638 -0.6886003 -0.7064585 -0.1635419 -0.6885974 -0.7064613 -0.1635424 -0.4423433 -0.8906714 -0.1050569 -0.442345 -0.8906705 -0.1050567 -0.1524719 -0.9876441 -0.03621196 -0.1524715 -0.9876443 -0.03621196 -0.9846332 -0.1563799 -0.07773596 -0.9729383 -0.2033247 -0.1097728 -0.8857221 -0.4533321 -0.09993255 -0.8857223 -0.4533315 -0.09993237 -0.7032908 -0.70646 -0.07934939 -0.7032923 -0.7064586 -0.07934892 -0.4517825 -0.8906707 -0.05097234 -0.4517813 -0.8906713 -0.05097264 -0.1557259 -0.9876441 -0.01756989 -0.155725 -0.9876441 -0.01757007 -0.1567083 -0.987644 0.001329004 -0.1567083 -0.9876441 0.001329004 -0.4546326 -0.8906707 0.003855705 -0.4546343 -0.89067 0.00385636 -0.7077274 -0.7064601 0.006003201 -0.707727 -0.7064605 0.006003022 -0.8913096 -0.4533321 0.007560193 -0.8913094 -0.4533326 0.007560014 -0.9876968 -0.1561566 0.008377552 -0.987696 -0.1561619 0.008375942 0.144618 -0.9876564 0.0601716 0.1446179 -0.9876564 0.0601716 0.4196013 -0.8907608 0.1745847 0.4195973 -0.8907628 0.1745843 0.6000768 -0.7599797 0.2496774 0.6569298 -0.7068661 0.262266 0.150035 -0.9876564 0.04499441 0.1500365 -0.9876561 0.04499447 0.4353147 -0.890763 0.1305466 0.4353154 -0.8907626 0.1305466 0.6777532 -0.7066395 0.2032513 0.6777495 -0.706643 0.2032516 0.8536875 -0.4535137 0.2560139 0.8536908 -0.4535079 0.2560132 0.9119331 -0.1562305 0.3794339 0.9119337 -0.1562279 0.3794335 0.8228645 -0.453513 0.342374 0.8228647 -0.4535127 0.3423739 0.7024474 -0.6489571 0.2922712 0.9829312 -0.1563251 0.09699851 0.9702368 -0.1562365 0.185015 0.8754761 -0.4535095 0.166945 0.8754771 -0.4535077 0.1669446 0.6950482 -0.706641 0.1325387 0.695046 -0.7066431 0.132539 0.4464259 -0.890762 0.08512938 0.4464245 -0.8907626 0.08512955 0.1538642 -0.9876563 0.02934062 0.1538656 -0.9876561 0.0293405 0.9548771 -0.2522723 0.1567423 0.9651323 -0.156389 0.2099096 0.9460925 -0.1562369 0.2837235 0.941049 -0.2050144 0.2690646 0.9344097 -0.1564194 0.3200181 0.9866046 -0.1564215 0.04629993 0.9776071 -0.1930387 0.08378773 0.8879937 -0.4535138 0.07610726 0.8879961 -0.4535093 0.07610619 0.7049922 -0.7066366 0.0604217 0.7049877 -0.706641 0.06042295 0.4528101 -0.8907619 0.03880935 0.4528099 -0.8907622 0.03880941 0.1560633 -0.9876565 0.01337587 0.1560645 -0.9876562 0.01337563 0.1566118 -0.9876565 -0.002729713 0.1566143 -0.9876561 -0.002730488 0.4544013 -0.890762 -0.007922291 0.4543989 -0.890763 -0.007921576 0.7074694 -0.7066364 -0.01233333 0.7074694 -0.7066364 -0.01233339 0.8911136 -0.4535143 -0.01553487 0.8911142 -0.453513 -0.01553523 0.9875704 -0.1562317 -0.0172168 0.9875689 -0.1562412 -0.01721435 -0.1504136 0.9876884 0.04298108 -0.1873921 0.9806839 0.05606597 -0.4370211 0.8910039 0.122982 -0.5336964 0.8311012 0.1563298 -0.6244504 0.7604086 0.1784387 -0.7311467 0.6494412 0.2089275 -0.7986769 0.5552046 0.2320839 -0.8572255 0.4539929 0.2430122 -0.94882 0.1564347 0.2743517 -0.9430395 0.1950865 0.2694765 -0.7216416 0.1563756 0.6743739 -0.9028535 0.1563728 0.4005036 -0.1480126 0.9876508 0.05136168 -0.1480133 0.9876507 0.05136173 -0.4294316 0.8907204 0.149016 -0.4294272 0.8907225 0.1490161 -0.9331409 0.1561955 0.323807 -0.93314 0.156199 0.323808 -0.8420345 0.4534324 0.2921935 -0.842033 0.4534349 0.292194 -0.6685494 0.7065555 0.2319934 -0.7266246 0.649357 0.2243933 -0.6141035 0.759911 0.2131009 -0.8791698 0.1563699 0.4501211 -0.8962375 0.1172121 0.427808 -0.8043522 0.4534332 0.3839477 -0.8043527 0.4534325 0.3839476 -0.638628 0.7065594 0.304841 -0.6386321 0.7065557 0.3048409 -0.4102131 0.8907211 0.1958087 -0.4102104 0.8907224 0.1958085 -0.1413888 0.9876509 0.0674901 -0.1413896 0.9876507 0.06749022 -0.1330141 0.9876509 0.0827828 -0.1330157 0.9876506 0.08278322 -0.3859156 0.8907212 0.2401772 -0.3859135 0.890722 0.2401767 -0.6008014 0.7065592 0.3739141 -0.6008031 0.7065576 0.3739144 -0.7567098 0.4534335 0.4709441 -0.7567114 0.4534311 0.4709439 -0.8385854 0.1561931 0.5218988 -0.8385833 0.1561997 0.5219002 -0.1229934 0.9876506 0.09705066 -0.1229929 0.9876507 0.09705048 -0.3568367 0.890722 0.2815704 -0.3568373 0.8907216 0.2815707 -0.5555347 0.7065579 0.4383573 -0.5555335 0.706559 0.438357 -0.6996953 0.4534307 0.5521115 -0.6996958 0.45343 0.5521115 -0.7753996 0.1561995 0.6118473 -0.7754002 0.1561979 0.6118471 -0.6829974 0.1563805 0.7134842 -0.7064404 0.1172178 0.6979985 -0.6340159 0.4534285 0.6264395 -0.6340153 0.4534294 0.6264394 -0.5033859 0.7065584 0.4973709 -0.5033854 0.7065588 0.4973707 -0.3233407 0.8907216 0.3194773 -0.3233406 0.8907216 0.3194773 -0.1114473 0.9876508 0.1101157 -0.1114476 0.9876507 0.1101158 -0.09852182 0.9876507 0.1218172 -0.09852153 0.9876508 0.1218171 -0.2858397 0.8907217 0.3534268 -0.2858405 0.8907213 0.3534274 -0.4450038 0.7065582 0.5502246 -0.4450025 0.7065595 0.5502241 -0.5604824 0.4534289 0.6930093 -0.5604805 0.4534318 0.6930088 -0.6211221 0.1562033 0.7679894 -0.6211246 0.1561968 0.7679888 -0.7233753 0.1563987 0.6725084 -0.8412601 0.1562854 0.5175483 -0.8688621 0.2371252 0.434569 -0.9756855 0.1558526 0.1541035 -0.9756878 0.1558426 0.1540986 -0.8807947 0.452602 0.1391113 -0.8807948 0.4526018 0.1391112 -0.6997948 0.705742 0.1105244 -0.6997947 0.705742 0.1105244 -0.4498066 0.8902961 0.0710417 -0.4498043 0.8902972 0.07104283 -0.1551018 0.9875947 0.02449703 -0.1551012 0.9875948 0.02449733 -0.9528719 0.1563939 0.2599539 -0.9286516 0.1870908 0.3203175 -0.8429757 0.4526008 0.2907655 -0.8429748 0.452602 0.290766 -0.6697461 0.7057425 0.2310144 -0.6697478 0.7057412 0.2310138 -0.430491 0.8902971 0.1484878 -0.4304913 0.8902969 0.1484878 -0.1484416 0.9875949 0.0512014 -0.1484414 0.9875949 0.05120146 -0.9264648 0.1561032 0.3424832 -0.8632119 0.1558465 0.4801845 -0.7792585 0.4526019 0.4334832 -0.7792587 0.4526017 0.4334831 -0.6191239 0.705742 0.3444039 -0.6191229 0.7057427 0.3444041 -0.3979526 0.8902967 0.221372 -0.3979533 0.8902964 0.221372 -0.1372213 0.9875949 0.07633298 -0.1372216 0.9875949 0.07633298 -0.7795725 0.1561024 0.6065467 -0.7618896 0.1870955 0.6200965 -0.6915994 0.4526013 0.5628877 -0.6916004 0.4525999 0.5628875 -0.5494778 0.7057428 0.4472151 -0.5494765 0.7057439 0.447215 -0.353187 0.8902965 0.2874565 -0.3531882 0.890296 0.2874565 -0.1217854 0.9875948 0.09912002 -0.1217861 0.9875947 0.09912008 -0.6454734 0.1558478 0.7477136 -0.6454744 0.1558458 0.7477131 -0.582698 0.4526003 0.6749933 -0.5826966 0.4526021 0.6749933 -0.4629535 0.7057437 0.5362834 -0.4629538 0.7057434 0.5362835 -0.2975734 0.8902959 0.3447077 -0.2975721 0.8902965 0.3447073 -0.1026084 0.9875947 0.1188615 -0.1026082 0.9875948 0.1188614 0.8911792 0.1564295 0.425828 0.8842283 0.194907 0.4244425 0.8045079 0.4539899 0.3829627 0.7495133 0.5548894 0.3610092 0.6860993 0.6494548 0.3278358 0.58599 0.7604046 0.2800011 0.5010827 0.8308002 0.242254 0.4101745 0.8910037 0.1946002 0.1402495 0.9876862 0.06932502 0.1760274 0.9807853 0.08411043 0.1554064 0.9876439 -0.02020853 0.4508523 0.890671 -0.0586279 0.7018455 0.7064586 -0.0912649 0.8838996 0.4533324 -0.1149393 0.9794843 0.156165 -0.1273695 0.9794847 0.1561625 -0.1273689 0.9646223 0.1563856 -0.2122436 0.9486394 0.2033256 -0.2423676 0.9500531 0.1563395 -0.2701055 0.9229186 0.1562062 -0.3518818 0.9175642 0.1751718 -0.3569182 0.899951 0.1564328 -0.4069609 0.8706699 0.1561573 -0.4664214 0.8706684 0.1561624 -0.4664224 0.8302761 0.15641 -0.5349556 0.8018301 0.1986592 -0.5635629 0.7964798 0.1563087 -0.5841127 0.7337476 0.1561539 -0.661234 0.7368194 0.1985166 -0.6462881 0.7018437 0.1564167 -0.6949456 0.6486961 0.156152 -0.7448556 0.6486942 0.1561578 -0.7448561 0.5919516 0.1564225 -0.7906486 0.5509203 0.1893046 -0.8128042 0.5431456 0.1562678 -0.8249686 0.4515869 0.1561572 -0.8784556 0.4634503 0.2192892 -0.8585605 0.4158381 0.1564126 -0.8958871 0.3424068 0.1561649 -0.9264826 0.3424139 0.1561444 -0.9264835 0.2794945 0.1564194 -0.9473204 0.2274979 0.1751615 -0.9578952 0.2217773 0.1562077 -0.962504 0.1107395 0.1561493 -0.9815061 0.1347072 0.2397541 -0.9614427 0.07774239 0.1563826 -0.9846323 -0.008379518 0.1561596 -0.9876964 -0.008376657 0.1561504 -0.9876978 -0.1273698 0.1561506 -0.9794865 -0.1273692 0.1561481 -0.979487 -0.2122415 0.1563715 -0.964625 -0.2423719 0.2033213 -0.9486392 -0.2701036 0.1563457 -0.9500527 -0.3518832 0.1562115 -0.9229172 -0.3569173 0.1751684 -0.9175652 -0.4069525 0.1564327 -0.8999547 -0.4664214 0.1561573 -0.8706699 -0.4664221 0.1561611 -0.8706687 -0.5349463 0.1564088 -0.8302823 -0.5635616 0.1986699 -0.8018284 -0.584112 0.1563189 -0.7964782 -0.6612336 0.1561641 -0.7337459 -0.6462917 0.1985151 -0.7368167 -0.694932 0.15643 -0.7018541 -0.7448565 0.1561651 -0.648692 -0.7448559 0.1561579 -0.6486944 -0.7906493 0.1564228 -0.5919506 -0.8128046 0.1893039 -0.5509198 -0.8249688 0.1562678 -0.5431454 -0.878454 0.1561573 -0.4515901 -0.8585568 0.2192947 -0.4634544 -0.8958939 0.1564 -0.4158284 -0.926483 0.1561527 -0.3424115 -0.9264827 0.1561596 -0.3424091 -0.9473278 0.1564345 -0.2794609 -0.9578945 0.1751638 -0.2274993 -0.9625014 0.156218 -0.2217811 -0.9815046 0.1561589 -0.1107393 -0.9614415 0.2397595 -0.1347057 -0.9846331 0.1563801 -0.07773596 -0.9876968 0.1561567 0.008375942 -0.9876959 0.1561619 0.008377552 0.883901 0.45333 -0.1149386 0.8636024 0.4533303 -0.2206414 0.8635973 0.453339 -0.2206433 0.8307047 0.4533386 -0.3231312 0.8307112 0.4533277 -0.3231297 0.7857042 0.4533283 -0.4209065 0.7857016 0.4533327 -0.4209069 0.7292389 0.453333 -0.5125424 0.7292419 0.4533283 -0.5125425 0.6621438 0.4533286 -0.5967066 0.6621411 0.4533331 -0.5967062 0.5853896 0.4533323 -0.6721673 0.5853884 0.4533343 -0.672167 0.5001003 0.4533339 -0.7378265 0.5000985 0.453337 -0.7378259 0.4075163 0.4533374 -0.7927267 0.4075188 0.4533328 -0.792728 0.3089977 0.4533333 -0.8360677 0.308998 0.4533326 -0.8360681 0.2059625 0.4533329 -0.867219 0.2059639 0.4533299 -0.8672202 0.09993267 0.4533296 -0.8857233 0.09993249 0.4533302 -0.8857231 -0.00755918 0.4533297 -0.8913108 -0.007560193 0.4533326 -0.8913094 -0.1149393 0.4533324 -0.8838997 -0.1149408 0.453338 -0.8838967 -0.2206442 0.4533386 -0.8635972 -0.2206414 0.4533253 -0.8636049 -0.3231326 0.4533257 -0.8307113 -0.3231334 0.4533311 -0.830708 -0.4209057 0.4533305 -0.7857034 -0.4209054 0.4533265 -0.7857059 -0.5125447 0.4533256 -0.7292421 -0.5125446 0.4533283 -0.7292402 -0.5967071 0.4533286 -0.6621433 -0.5967069 0.4533318 -0.6621414 -0.6721671 0.4533322 -0.5853899 -0.6721682 0.4533257 -0.5853937 -0.7378299 0.4533267 -0.5001019 -0.7378301 0.4533262 -0.5001022 -0.7927304 0.4533259 -0.4075219 -0.7927289 0.4533312 -0.407519 -0.8360701 0.4533311 -0.3089945 -0.8360704 0.4533305 -0.3089948 -0.8672198 0.4533306 -0.2059641 -0.8672195 0.4533314 -0.2059637 -0.8857223 0.4533316 -0.09993255 -0.885722 0.4533321 -0.09993237 -0.8913097 0.4533321 0.007560014 -0.8913094 0.4533326 0.007560193 0.7018417 0.7064622 -0.09126603 0.6857237 0.7064622 -0.1751978 0.685727 0.7064592 -0.1751973 0.6596094 0.7064594 -0.2565746 0.6596078 0.706461 -0.2565747 0.6238707 0.7064612 -0.3342127 0.623869 0.7064626 -0.3342126 0.5790373 0.7064625 -0.4069724 0.5790369 0.706463 -0.4069722 0.5257587 0.706463 -0.4738016 0.5257614 0.7064603 -0.4738025 0.4648166 0.7064607 -0.5337216 0.4648205 0.7064568 -0.5337234 0.3970968 0.7064568 -0.585861 0.3970954 0.7064582 -0.5858602 0.3235837 0.7064578 -0.629453 0.3235817 0.7064601 -0.6294513 0.2453541 0.70646 -0.6638641 0.2453485 0.7064674 -0.6638584 0.1635398 0.7064675 -0.6885917 0.1635458 0.7064584 -0.6885995 0.07934951 0.7064586 -0.7032922 0.07934683 0.7064635 -0.7032876 -0.006002962 0.7064631 -0.7077245 -0.006002545 0.706462 -0.7077255 -0.09126663 0.706462 -0.7018418 -0.09126466 0.7064556 -0.7018484 -0.1751966 0.7064554 -0.6857309 -0.1751989 0.7064678 -0.6857175 -0.256575 0.7064676 -0.6596005 -0.2565747 0.7064616 -0.6596069 -0.33421 0.7064619 -0.6238712 -0.33421 0.706461 -0.6238722 -0.4069746 0.7064615 -0.579037 -0.4069741 0.7064641 -0.5790342 -0.473801 0.7064641 -0.5257577 -0.4738023 0.7064603 -0.5257616 -0.5337198 0.7064608 -0.4648185 -0.533719 0.7064626 -0.4648168 -0.5858561 0.7064623 -0.397094 -0.5858548 0.7064645 -0.3970919 -0.6294468 0.7064648 -0.3235805 -0.6294496 0.7064607 -0.3235839 -0.6638646 0.7064606 -0.245351 -0.6638643 0.7064611 -0.2453506 -0.6885977 0.7064613 -0.1635412 -0.6886001 0.7064585 -0.1635431 -0.7032922 0.7064586 -0.07934957 -0.7032908 0.70646 -0.07934874 -0.7077274 0.7064602 0.006003022 -0.7077269 0.7064605 0.006003201 0.4508538 0.8906704 -0.0586276 0.4404996 0.8906706 -0.1125438 0.4404972 0.8906717 -0.112544 0.4237201 0.8906717 -0.1648189 0.4237207 0.8906714 -0.1648189 0.400764 0.8906711 -0.2146931 0.4007693 0.8906686 -0.2146938 0.3719689 0.8906685 -0.2614359 0.3719646 0.8906707 -0.2614347 0.3377406 0.8906708 -0.304363 0.3377388 0.8906718 -0.3043622 0.2985906 0.8906716 -0.3428523 0.2985889 0.8906726 -0.3428514 0.2550849 0.8906725 -0.3763431 0.2550884 0.8906705 -0.3763456 0.2078637 0.8906706 -0.4043495 0.2078638 0.8906706 -0.4043496 0.1576097 0.8906704 -0.4264568 0.1576095 0.8906705 -0.4264566 0.105059 0.8906706 -0.4423443 0.1050577 0.8906717 -0.4423423 0.05097109 0.8906718 -0.4517805 0.0509718 0.8906711 -0.451782 -0.003855943 0.8906711 -0.454632 -0.003855943 0.8906711 -0.4546319 -0.05862647 0.890671 -0.4508528 -0.05862706 0.8906723 -0.45085 -0.1125454 0.8906722 -0.4404959 -0.1125447 0.8906684 -0.4405037 -0.1648213 0.8906686 -0.4237257 -0.1648213 0.8906703 -0.423722 -0.2146917 0.8906704 -0.4007664 -0.2146915 0.8906711 -0.400765 -0.2614346 0.890671 -0.3719637 -0.2614361 0.8906685 -0.3719689 -0.3043661 0.8906683 -0.3377443 -0.3043655 0.8906692 -0.3377427 -0.3428562 0.8906691 -0.298594 -0.342855 0.8906702 -0.2985919 -0.3763468 0.8906702 -0.2550876 -0.3763462 0.8906707 -0.2550868 -0.4043484 0.8906708 -0.2078651 -0.4043483 0.8906709 -0.2078649 -0.4264558 0.890671 -0.1576093 -0.4264566 0.8906705 -0.1576099 -0.4423449 0.8906706 -0.1050572 -0.4423434 0.8906713 -0.1050562 -0.4517814 0.8906714 -0.05097222 -0.4517825 0.8906707 -0.05097275 -0.4546326 0.8906707 0.00385636 -0.4546343 0.8906698 0.003855764 0.1554062 0.9876438 -0.02020853 0.1518374 0.9876439 -0.03879338 0.1518358 0.9876441 -0.0387935 0.146053 0.9876441 -0.05681174 0.1460531 0.9876441 -0.05681174 0.1381402 0.9876442 -0.07400226 0.1381397 0.9876442 -0.0740022 0.1282123 0.9876443 -0.09011375 0.1282127 0.9876441 -0.09011393 0.116416 0.9876441 -0.1049114 0.116417 0.987644 -0.1049118 0.1029224 0.987644 -0.1181795 0.1029224 0.987644 -0.1181795 0.08792716 0.9876439 -0.1297237 0.0879268 0.987644 -0.1297234 0.07164901 0.987644 -0.1393761 0.07164937 0.9876439 -0.1393765 0.05432689 0.9876439 -0.1469966 0.05432683 0.987644 -0.1469966 0.0362128 0.987644 -0.152473 0.03621196 0.9876442 -0.1524717 0.01756948 0.9876442 -0.1557249 0.01756995 0.9876441 -0.1557258 -0.001329123 0.9876441 -0.1567083 -0.001329302 0.9876441 -0.1567076 -0.02020835 0.9876441 -0.1554048 -0.02020829 0.9876441 -0.1554049 -0.03879272 0.9876442 -0.151836 -0.03879272 0.9876441 -0.151836 -0.05681228 0.9876441 -0.1460528 -0.05681228 0.9876441 -0.1460528 -0.07400226 0.9876442 -0.1381402 -0.07400238 0.9876441 -0.1381409 -0.09011417 0.987644 -0.1282137 -0.09011399 0.9876441 -0.1282131 -0.1049113 0.9876441 -0.1164161 -0.1049109 0.9876443 -0.1164151 -0.118178 0.9876443 -0.1029211 -0.1181781 0.9876443 -0.1029211 -0.1297224 0.9876443 -0.08792561 -0.1297234 0.987644 -0.08792692 -0.1393759 0.987644 -0.07164955 -0.139375 0.9876441 -0.07164865 -0.1469951 0.9876443 -0.05432653 -0.1469949 0.9876442 -0.05432629 -0.1524716 0.9876442 -0.03621184 -0.1524718 0.9876441 -0.03621208 -0.1557251 0.9876441 -0.01756978 -0.1557258 0.987644 -0.01757019 -0.1567083 0.9876441 0.001329004 -0.1567083 0.987644 0.001329004 0.9866046 0.1564216 0.04629993 0.949651 0.1563255 0.271524 0.9740275 0.2050154 0.09611988 0.9119334 0.1562278 0.3794341 0.9119334 0.1562305 0.3794333 0.8228647 0.4535127 0.342374 0.8228646 0.453513 0.3423739 0.7024474 0.6489571 0.2922712 0.6569298 0.7068661 0.2622659 0.1446179 0.9876564 0.0601716 0.144618 0.9876564 0.0601716 0.4195978 0.8907628 0.1745832 0.4196009 0.8907609 0.1745858 0.6000768 0.7599796 0.2496774 0.9344096 0.1564195 0.3200181 0.9398393 0.1930382 0.2818483 0.853688 0.4535136 0.2560123 0.8536902 0.4535079 0.2560147 0.6777528 0.7066395 0.2032525 0.6777499 0.7066431 0.2032503 0.4353148 0.890763 0.1305465 0.4353154 0.8907626 0.1305469 0.1500351 0.9876564 0.04499405 0.1500363 0.9876561 0.04499483 0.9651323 0.1563891 0.2099096 0.9614105 0.2051327 0.1833319 0.8754771 0.4535077 0.1669452 0.8754763 0.4535095 0.1669445 0.6950461 0.7066431 0.1325383 0.6950481 0.706641 0.1325394 0.4464246 0.8907627 0.08512914 0.4464257 0.890762 0.08512979 0.1538655 0.9876561 0.02934086 0.1538642 0.9876564 0.02934026 0.9746519 0.1563882 0.1599884 0.9841117 0.1562367 0.08434522 0.887996 0.4535093 0.07610744 0.8879938 0.4535138 0.07610601 0.7049878 0.706641 0.06042134 0.7049922 0.7066364 0.06042337 0.4528099 0.890762 0.03880935 0.4528101 0.890762 0.03880941 0.1560645 0.9876563 0.01337593 0.1560633 0.9876564 0.01337552 0.9875704 0.1562317 -0.01721435 0.9875689 0.1562412 -0.0172168 0.8911136 0.4535143 -0.01553523 0.8911142 0.453513 -0.01553487 0.7074694 0.7066364 -0.01233339 0.7074694 0.7066363 -0.01233333 0.4544012 0.8907619 -0.007921576 0.4543989 0.8907631 -0.007922232 0.1566118 0.9876565 -0.002730429 0.1566143 0.9876561 -0.002729773 0.9976276 0 -0.06884115 0.9976276 0 -0.06884115 -0.9976276 0 0.06884121 -0.9976276 0 0.06884121 -0.05988043 0 0.9982056 -0.05988043 0 0.9982056 0 -1 0 0 -1 0 0 -1 0 0 -1 0 0 -1 0 0 -1 0 0 -1 0 0 -1 0 0 -1 0 0 -1 0 0 -1 0 0 -1 0 0 -1 0 0 -1 0 0 -1 0 0 -1 0 0 -1 0 0 -1 0 0 -1 0 0 -1 0 0 -1 0 0 -1 0 0 -1 0 0 -1 0 0 -1 0 0 -1 0 0 -1 0 0 -1 0 0 -1 0 0 -1 0 0 -1 0 0 -1 0 0 1 0 0 1 0 0 1 0 0 1 0 0 1 0 0 1 0 0 1 0 0 1 0 0 1 0 0 1 0 0 1 0 0 1 0 0 1 0 0 1 0 0 1 0 0 1 0 0 1 0 0 1 0 0 1 0 0 1 0 0 1 0 0 1 0 0 1 0 0 1 0 0 1 0 0 1 0 0 1 0 0 1 0 0 1 0 0 1 0 0 1 0 0 1 0 0.9915192 0 0.12996 0.9915192 0 0.12996 0.8634307 0 0.5044675 0.8634307 0 0.5044675 0.6000704 0 0.7999472 0.6000704 0 0.7999472 0.2426995 0 0.9701015 0.2426995 0 0.9701015 0.02468401 0 0.9996953 0.02468401 0 0.9996953 -0.01778751 0 0.9998419 -0.01778751 0 0.9998419 -0.2790869 0 0.9602658 -0.2790869 0 0.9602658 -0.6964651 0 0.7175906 -0.6964651 0 0.7175906 -0.9515033 0 0.3076386 -0.9515033 0 0.3076386 0 -1 0 0 -1 0 0 -1 0 0 -1 0 0 -1 0 0 -1 0 0 -1 0 0 -1 0 0 -1 0 0 -1 0 0 -1 0 0 -1 0 0 -1 0 0 1 0 0 1 0 0 1 0 0 1 0 0 1 0 0 1 0 0 1 0 0 1 0 0 1 0 0 1 0 0 1 0 0 1 0 0 1 0 -0.9976277 0 0.06883984 -0.9976277 0 0.06883984 0.9976276 0 -0.06884193 0.9976276 0 -0.06884193 0.9917899 0 0.127878 0.9917899 0 0.127878 0.9249007 0 0.3802087 0.9249007 0 0.3802087 0.8325144 0 0.5540035 0.8325144 0 0.5540035 0.6607773 0 0.750582 0.6607773 0 0.750582 0.5009468 0 0.8654781 0.5009468 0 0.8654781 0.2598883 0 0.9656386 0.2598883 0 0.9656386 0.978456 -0.1951029 -0.06751823 0.9784597 -0.1950837 -0.06751894 0.8295003 -0.5555655 -0.05723994 0.8294941 -0.5555746 -0.05723929 0.5542523 -0.8314695 -0.03824621 0.5542517 -0.8314699 -0.03824615 0.1946275 -0.9807853 -0.01343023 0.1946289 -0.9807851 -0.01343041 0.2550749 -0.1915705 0.947754 0.05106818 -0.980042 0.192119 0.1446534 -0.8263992 0.5441874 0.1446468 -0.8263967 0.5441927 0.2148656 -0.5480596 0.8083709 0.2148754 -0.5480675 0.808363 0.2519932 -0.1944071 0.9480006 0.06401455 -0.1950737 0.9786972 0.6482874 -0.193511 0.7363945 0.1209484 -0.9800419 0.1577637 0.3425911 -0.8264001 0.4468717 0.3425861 -0.8263971 0.446881 0.508892 -0.5480669 0.663816 0.5088856 -0.5480583 0.663828 0.5914972 -0.2340421 0.7715927 0.4913636 -0.194665 0.8489212 0.9072026 -0.1946901 0.3729333 0.1722711 -0.9800416 0.09920245 0.4879589 -0.8264018 0.2809915 0.4879581 -0.8263992 0.2810006 0.7248393 -0.5480639 0.4174135 0.7248398 -0.5480673 0.4174082 0.8427194 -0.2330601 0.4852907 0.8167913 -0.1934313 0.5435405 0.1971615 -0.9800413 0.02542293 0.5584629 -0.826398 0.07201087 0.5584598 -0.8264009 0.07200098 0.8295671 -0.5480686 0.1069542 0.8295689 -0.548065 0.1069598 0.9734453 -0.1914454 0.1255104 0.9734455 -0.1914432 0.1255127 -0.01343035 -0.980785 -0.1946287 -0.01343041 -0.9807849 -0.1946291 -0.03044819 -0.8968699 -0.4412451 -0.0304473 -0.8968753 -0.4412344 -0.04190772 -0.7933552 -0.6073148 -0.04190814 -0.7933515 -0.6073196 -0.05461502 -0.6087715 -0.7914636 -0.05461561 -0.6087634 -0.7914696 -0.06174236 -0.4422838 -0.8947474 -0.06174147 -0.4423043 -0.8947373 -0.06751865 -0.1950877 -0.978459 -0.06751841 -0.1950942 -0.9784578 0.09878969 -0.9800474 -0.1724753 0.2798364 -0.8264375 -0.4885619 0.2798283 -0.8264397 -0.4885626 0.4156951 -0.5481285 -0.7257773 0.4157028 -0.5481236 -0.7257766 0.07832276 -0.7876023 -0.611186 0.1015606 -0.6013284 -0.792521 0.1555985 -0.552006 -0.8191938 0.114431 -0.4354082 -0.8929307 0.1247606 -0.191479 -0.9735351 0.1918115 -0.9800476 -0.05210596 0.5433343 -0.8264398 -0.1475978 0.5433373 -0.8264384 -0.1475941 0.8071497 -0.5481203 -0.2192571 0.8071504 -0.5481196 -0.2192562 0.9471709 -0.1914889 -0.2572918 0.9471699 -0.1914913 -0.2572941 0.1572704 -0.9800476 -0.1215432 0.4454928 -0.8264384 -0.3442901 0.4454957 -0.8264375 -0.3442886 0.6617978 -0.548125 -0.5114515 0.6618005 -0.5481231 -0.5114501 0.7694529 -0.2331068 -0.5946456 0.847752 -0.1946964 -0.4933657 0.2362312 -0.8645052 -0.4436504 0.07156449 -0.8264375 -0.5584617 0.02526408 -0.9800475 -0.1971515 0.124756 -0.1914833 -0.9735348 0.3722362 -0.194689 -0.9074891 0.4833242 -0.2331033 -0.8438369 0.5422577 -0.1934868 -0.8176304 0.7353988 -0.1934888 -0.6494234 0.008219778 -0.9807779 0.1949542 2.1121e-4 -0.9807771 0.1951311 -0.007798254 -0.9807776 0.1949731 -0.03864163 -0.1950439 0.980033 -0.007798135 -0.9807777 0.1949724 -0.02220642 -0.8314121 0.5552124 -0.02220559 -0.831416 0.5552065 -0.0332303 -0.5554923 0.8308575 -0.0332309 -0.5554877 0.8308605 -0.03914463 -0.2014349 0.9787194 -0.05872982 -0.1950901 0.9790254 2.11401e-4 -0.9807776 0.1951289 6.01981e-4 -0.8314198 0.5556443 6.00841e-4 -0.8314121 0.5556559 8.99139e-4 -0.5554922 0.8315213 8.99167e-4 -0.5554924 0.8315211 0.001060545 -0.1950359 0.9807955 0.001061022 -0.1950414 0.9807944 0.008219659 -0.9807771 0.1949582 0.0234062 -0.8314139 0.5551605 0.02340674 -0.8314199 0.5551514 0.0350281 -0.5554945 0.8307821 0.03502792 -0.5554919 0.8307838 0.04131609 -0.1950349 0.9799257 0.04131621 -0.1950361 0.9799255 -0.9784569 -0.1950981 0.06751835 -0.9784598 -0.1950837 0.06751894 -0.8295006 -0.5555648 0.05723994 -0.8294941 -0.5555746 0.05723923 -0.5542519 -0.8314698 0.03824609 -0.5542517 -0.8314699 0.03824609 -0.1946263 -0.9807855 0.01343017 -0.1946291 -0.9807849 0.01343041 -0.05210494 -0.9800472 -0.1918136 -0.1177589 -0.893424 -0.4335047 -0.2283349 -0.8312821 -0.5067872 -0.1615307 -0.7875989 -0.5946393 -0.209456 -0.6013199 -0.771066 -0.266636 -0.552004 -0.7900612 -0.2359955 -0.4354397 -0.8687338 -0.2573025 -0.1914905 -0.9471678 -0.2572941 -0.1914817 -0.9471718 -0.6494246 -0.19348 -0.7354001 -0.1215456 -0.9800472 -0.1572712 -0.3442898 -0.826442 -0.4454863 -0.3442857 -0.8264395 -0.4454941 -0.5114499 -0.5481252 -0.661799 -0.5114488 -0.5481237 -0.6618009 -0.5946455 -0.2330992 -0.7694553 -0.4933874 -0.1946971 -0.8477393 -0.9074993 -0.1946893 -0.3722109 -0.1724789 -0.9800471 -0.09878659 -0.4885655 -0.8264395 -0.279824 -0.4885656 -0.8264398 -0.279823 -0.7257816 -0.5481289 -0.415687 -0.7257808 -0.5481239 -0.415695 -0.8438407 -0.2331095 -0.4833145 -0.8176243 -0.1934782 -0.54227 -0.1971523 -0.9800472 -0.02526843 -0.5584596 -0.826438 -0.07157611 -0.5584584 -0.8264391 -0.07157218 -0.8296102 -0.5481262 -0.1063231 -0.8296098 -0.5481272 -0.1063215 -0.9735354 -0.1914734 -0.1247668 -0.9735348 -0.1914833 -0.1247562 0.9650284 0 -0.2621453 0.9650284 0 -0.2621453 0.8642916 0 -0.5029911 0.8642916 0 -0.5029911 0.7495636 0 -0.6619322 0.7495636 0 -0.6619322 0.5527022 0 -0.8333789 0.5527022 0 -0.8333789 0.3794979 0 -0.9251926 0.3794979 0 -0.9251926 0.127108 0 -0.9918889 0.127108 0 -0.9918889 -0.191118 -0.9796677 0.06103444 -0.5399169 -0.8238685 0.1724251 -0.5399047 -0.8238742 0.1724366 -0.7990606 -0.5444003 0.2552068 -0.7990733 -0.5443874 0.2551947 -0.9353047 -0.1896898 0.2987021 -0.9352989 -0.1897028 0.298712 -0.1412663 -0.9796676 0.1424611 -0.3990735 -0.8238782 0.4024488 -0.3990911 -0.8238721 0.402444 -0.5906578 -0.5443898 0.5956199 -0.5906502 -0.5443956 0.5956222 -0.6913525 -0.189691 0.6971722 -0.691352 -0.1896916 0.6971725 -0.05942928 -0.9796676 0.1916239 -0.1678867 -0.8238757 0.5413345 -0.1678851 -0.8238762 0.5413341 -0.2484728 -0.5443947 0.8011839 -0.2484815 -0.5443882 0.8011856 -0.2908445 -0.1896916 0.9377775 -0.2908385 -0.1896982 0.937778 -0.2621448 0 -0.9650285 -0.2621448 0 -0.9650285 -0.5030133 0 -0.8642786 -0.5030133 0 -0.8642786 -0.6619322 0 -0.7495636 -0.6619322 0 -0.7495636 -0.8333712 0 -0.5527137 -0.8333712 0 -0.5527137 -0.9252032 0 -0.3794721 -0.9252032 0 -0.3794721 -0.9918888 0 -0.1271082 -0.9918888 0 -0.1271082 -0.01343035 0.980785 -0.1946291 -0.01343035 0.9807851 -0.1946287 -0.03044742 0.8968752 -0.4412343 -0.03044807 0.89687 -0.4412451 -0.04190802 0.7933515 -0.6073196 -0.04190784 0.7933552 -0.6073149 -0.05461543 0.6087633 -0.7914698 -0.05461519 0.6087715 -0.7914634 -0.06174165 0.4423046 -0.8947373 -0.06174212 0.442284 -0.8947473 -0.06751859 0.1950944 -0.9784576 -0.06751847 0.1950879 -0.978459 -0.296217 0 0.9551206 -0.296217 0 0.9551206 -0.7041365 0 0.7100647 -0.7041365 0 0.7100647 -0.9525966 0 0.3042365 -0.9525966 0 0.3042365 -0.1724789 0.9800471 -0.09878659 -0.4455879 0.8934147 -0.05710965 -0.1971523 0.9800472 -0.02526843 -0.1215456 0.9800472 -0.1572712 -0.7925263 0.6013199 -0.1015704 -0.2359955 0.4354401 -0.8687337 -0.257303 0.1914815 -0.9471695 -0.2572937 0.1914902 -0.9471702 -0.4933874 0.1946972 -0.8477393 -0.5946456 0.2330993 -0.7694553 -0.9735367 0.1914739 -0.1247564 -0.9735334 0.1914837 -0.1247665 -0.9074993 0.1946894 -0.3722109 -0.8438407 0.2331096 -0.4833145 -0.8176243 0.1934782 -0.54227 -0.6494245 0.19348 -0.7354 -0.8929234 0.4354218 -0.1144357 -0.8191938 0.5520059 -0.1555985 -0.7257784 0.5481284 -0.4156937 -0.7257848 0.5481234 -0.4156888 -0.5114483 0.5481252 -0.6618003 -0.5114505 0.5481237 -0.6617997 -0.2666359 0.5520042 -0.7900612 -0.2949343 0.8645083 -0.4069881 -0.1615306 0.7875989 -0.5946393 -0.209456 0.6013199 -0.7710659 -0.6111801 0.7876061 -0.07832902 -0.5333486 0.8312816 -0.1565578 -0.4885658 0.8264396 -0.2798232 -0.4885651 0.8264399 -0.2798237 -0.3442841 0.8264413 -0.445492 -0.3442928 0.8264388 -0.4454901 -0.147594 0.8264388 -0.5433368 -0.05210494 0.9800472 -0.1918136 -0.1946262 0.9807855 0.01343023 -0.1946291 0.9807849 0.01343035 -0.4412503 0.8968673 0.03044843 -0.4412503 0.8968675 0.03044843 -0.6073101 0.7933589 0.04190742 -0.60731 0.7933588 0.04190737 -0.7914792 0.6087509 0.05461597 -0.7914683 0.6087653 0.05461555 -0.8947408 0.4422973 0.06174188 -0.8947423 0.4422942 0.061742 -0.9784569 0.1950984 0.06751877 -0.9784598 0.1950838 0.06751859 -0.9353011 0.1896904 0.2987127 -0.9353023 0.1897033 0.2987012 -0.859129 0.4319909 0.2743743 -0.7831129 0.5485104 0.2930369 -0.7638064 0.5975699 0.2439471 -0.5905146 0.7846797 0.1886006 -0.5053393 0.8298599 0.2365688 -0.4312657 0.8916509 0.1377268 -0.1412663 0.9796676 0.1424611 -0.3990817 0.8238702 0.4024571 -0.3990867 0.8238763 0.4024395 -0.5906547 0.5443965 0.5956169 -0.5906525 0.5443907 0.5956245 -0.6913524 0.1896917 0.6971722 -0.6913521 0.189691 0.6971726 -0.05942928 0.9796676 0.1916239 -0.1678864 0.8238764 0.5413334 -0.1678853 0.8238758 0.5413346 -0.2484742 0.5443875 0.8011884 -0.2484804 0.544394 0.801182 -0.290844 0.1896986 0.9377763 -0.2908388 0.1896919 0.9377792 -0.191118 0.9796677 0.06103444 0.04131621 0.195035 0.9799256 0.001061022 0.195036 0.9807955 -0.03864163 0.1950439 0.980033 -0.05872982 0.1950902 0.9790253 -0.03914463 0.201435 0.9787194 -0.03323078 0.5554924 0.8308574 -0.03323042 0.5554878 0.8308604 -0.02220582 0.8314121 0.5552124 -0.02220618 0.831416 0.5552065 -0.007798194 0.9807776 0.1949731 -0.007798194 0.9807777 0.1949724 0.001060545 0.1950414 0.9807944 8.99167e-4 0.5554923 0.8315212 8.99139e-4 0.5554926 0.831521 6.00828e-4 0.8314198 0.5556443 6.01994e-4 0.8314121 0.5556559 2.11404e-4 0.9807771 0.1951311 2.11208e-4 0.9807776 0.1951289 0.04131609 0.1950361 0.9799255 0.03502786 0.5554946 0.830782 0.03502815 0.5554921 0.8307837 0.0234071 0.8314138 0.5551605 0.02340579 0.83142 0.5551514 0.00821948 0.9807779 0.1949542 0.008219957 0.9807771 0.1949582 0.1722711 0.9800416 0.09920245 0.05106818 0.980042 0.192119 0.4455805 0.8933963 0.0574553 0.1971615 0.9800413 0.02542293 0.1209484 0.9800419 0.1577637 0.79249 0.6012655 0.102174 0.06401455 0.1950738 0.9786972 0.2519933 0.1944071 0.9480007 0.2550749 0.1915705 0.9477539 0.4913636 0.1946651 0.8489212 0.5914971 0.2340422 0.7715927 0.9734451 0.1914454 0.1255127 0.9734458 0.1914432 0.1255105 0.9072026 0.1946901 0.3729333 0.8427194 0.2330601 0.4852907 0.8167913 0.1934313 0.5435404 0.6482874 0.193511 0.7363945 0.8928656 0.4353598 0.1151209 0.8191493 0.5519493 0.1560335 0.7248414 0.5480645 0.4174091 0.724837 0.5480678 0.4174122 0.5088826 0.5480659 0.6638242 0.5088958 0.5480573 0.663821 0.2148765 0.5480608 0.8083671 0.2148641 0.5480687 0.8083652 0.6111886 0.7875527 0.07879918 0.5333391 0.8312708 0.1566472 0.4879557 0.8264009 0.2809993 0.4879632 0.8263983 0.280994 0.3425843 0.8263992 0.4468785 0.3425946 0.8263962 0.4468762 0.1446462 0.8263984 0.5441904 0.1446546 0.826396 0.5441918 0.1946275 0.9807853 -0.01343029 0.1946289 0.9807851 -0.01343035 0.441237 0.896874 -0.03044754 0.4412358 0.8968746 -0.03044748 0.6073187 0.7933522 -0.04190802 0.6073188 0.7933522 -0.04190802 0.7914695 0.6087636 -0.05461537 0.7914696 0.6087634 -0.05461537 0.8947553 0.4422678 -0.0617426 0.8947401 0.4422987 -0.06174188 0.978456 0.1951027 -0.06751871 0.9784598 0.1950837 -0.06751853 0.09878969 0.9800474 -0.1724753 0.05709928 0.8934189 -0.445581 0.02526408 0.9800475 -0.1971515 0.1572704 0.9800476 -0.1215432 0.1015606 0.6013284 -0.792521 0.8687565 0.4353967 -0.2359911 0.9471705 0.1914915 -0.2572917 0.9471703 0.1914891 -0.2572942 0.847752 0.1946965 -0.4933657 0.7694529 0.2331069 -0.5946456 0.1247561 0.1914793 -0.9735356 0.1247605 0.1914835 -0.9735342 0.3722362 0.194689 -0.9074891 0.4833242 0.2331033 -0.8438369 0.5422577 0.1934868 -0.8176304 0.7353988 0.1934889 -0.6494234 0.1144309 0.4354085 -0.8929305 0.1555983 0.5520061 -0.8191938 0.4157014 0.548128 -0.7257741 0.4156968 0.5481232 -0.7257804 0.6617995 0.5481249 -0.5114494 0.6617988 0.548123 -0.5114523 0.7900623 0.5519998 -0.2666419 0.4069925 0.864506 -0.2949346 0.5946385 0.7875996 -0.1615297 0.7710655 0.6013206 -0.2094551 0.07832276 0.7876022 -0.6111859 0.1565561 0.8312806 -0.5333505 0.2798295 0.8264381 -0.4885646 0.2798342 0.8264404 -0.4885581 0.445495 0.8264381 -0.344288 0.4454942 0.8264372 -0.3442912 0.5433343 0.8264398 -0.1475978 0.1918115 0.9800476 -0.05210596</float_array>
          <technique_common>
            <accessor source="#rffoot-mesh-normals-array" count="1852" stride="3">
              <param name="X" type="float"/>
              <param name="Y" type="float"/>
              <param name="Z" type="float"/>
            </accessor>
          </technique_common>
        </source>
        <source id="rffoot-mesh-map-0">
          <float_array id="rffoot-mesh-map-0-array" count="11112">0.8979131 0.9222475 0.8979131 0.9197677 0.8983383 0.9222509 0.8983383 0.9222509 0.8979131 0.9197677 0.8983383 0.9197711 0.9073954 0.9197625 0.9073954 0.9222424 0.9068513 0.9197625 0.9068513 0.9197625 0.9073954 0.9222424 0.9068513 0.9222424 0.9068513 0.9197625 0.9068513 0.9222424 0.9063015 0.9197625 0.9063015 0.9197625 0.9068513 0.9222424 0.9063015 0.9222424 0.9063015 0.9197625 0.9063015 0.9222424 0.9058935 0.9197626 0.9058935 0.9197626 0.9063015 0.9222424 0.9058935 0.9222424 0.8907138 0.9197686 0.8907138 0.9222484 0.8901876 0.9197703 0.8901876 0.9197703 0.8907138 0.9222484 0.8901876 0.92225 0.8901876 0.9197703 0.8901876 0.92225 0.8896272 0.9197697 0.8896272 0.9197697 0.8901876 0.92225 0.8896272 0.9222494 0.8896272 0.9197697 0.8896272 0.9222494 0.8891828 0.9197668 0.8891828 0.9197668 0.8896272 0.9222494 0.8891828 0.9222465 0.88766 0.9197668 0.88766 0.9222466 0.8871272 0.9197668 0.8871272 0.9197668 0.88766 0.9222466 0.8871272 0.9222466 0.8871272 0.9197668 0.8871272 0.9222466 0.8865699 0.9197668 0.8865699 0.9197668 0.8871272 0.9222466 0.8865699 0.9222466 0.8865699 0.9197668 0.8865699 0.9222466 0.8861373 0.9197668 0.8861373 0.9197668 0.8865699 0.9222466 0.8861373 0.9222466 0.8968213 0.9222481 0.8968213 0.9197683 0.8973578 0.9222465 0.8973578 0.9222465 0.8968213 0.9197683 0.8973578 0.9197668 0.8973578 0.9222465 0.8973578 0.9197668 0.8979131 0.9222475 0.8979131 0.9222475 0.8973578 0.9197668 0.8979131 0.9197677 0.9009471 0.9222432 0.9009471 0.9197635 0.9013723 0.9222466 0.9013723 0.9222466 0.9009471 0.9197635 0.9013723 0.9197669 0.9043915 0.9197626 0.9043913 0.9222424 0.9038473 0.9197625 0.9038473 0.9197625 0.9043913 0.9222424 0.9038472 0.9222424 0.9038473 0.9197625 0.9038472 0.9222424 0.9032977 0.9197625 0.9032977 0.9197625 0.9038472 0.9222424 0.9032974 0.9222423 0.9032977 0.9197625 0.9032974 0.9222423 0.9028896 0.9197625 0.9028896 0.9197625 0.9032974 0.9222423 0.9028894 0.9222423 0.8937757 0.9197686 0.8937757 0.9222484 0.8932495 0.9197703 0.8932495 0.9197703 0.8937757 0.9222484 0.8932495 0.92225 0.8932495 0.9197703 0.8932495 0.92225 0.8926891 0.9197697 0.8926891 0.9197697 0.8932495 0.92225 0.8926891 0.9222494 0.8926891 0.9197697 0.8926891 0.9222494 0.8922448 0.9197668 0.8922448 0.9197668 0.8926891 0.9222494 0.8922448 0.9222465 0.8968213 0.9197668 0.8968213 0.9222466 0.8962885 0.9197668 0.8962885 0.9197668 0.8968213 0.9222466 0.8962885 0.9222466 0.8962885 0.9197668 0.8962885 0.9222466 0.8957311 0.9197668 0.8957311 0.9197668 0.8962885 0.9222466 0.8957311 0.9222466 0.8957311 0.9197668 0.8957311 0.9222466 0.8952985 0.9197668 0.8952985 0.9197668 0.8957311 0.9222466 0.8952985 0.9222466 0.8998554 0.9222438 0.8998554 0.9197642 0.9003919 0.9222422 0.9003919 0.9222422 0.8998554 0.9197642 0.9003919 0.9197625 0.9003919 0.9222422 0.9003919 0.9197625 0.9009471 0.9222432 0.9009471 0.9222432 0.9003919 0.9197625 0.9009471 0.9197635 0.8986098 0.9389886 0.8986098 0.9326258 0.9009436 0.9389938 0.9009436 0.9389938 0.8986098 0.9326258 0.9009436 0.9326311 0.9057769 0.9401728 0.9057769 0.9339041 0.9081107 0.9401788 0.9081107 0.9401788 0.9057769 0.9339041 0.9081107 0.93391 0.8872172 0.9324595 0.8872172 0.92225 0.8937757 0.9324645 0.8937757 0.9324645 0.8872172 0.92225 0.8937757 0.9222549 0.8806585 0.9222552 0.8872172 0.92225 0.8806585 0.9324645 0.8806585 0.9324645 0.8872172 0.92225 0.8872172 0.9324594 0.884736 0.9421868 0.8842627 0.9418366 0.8852942 0.9423099 0.8852942 0.9423099 0.8842627 0.9418366 0.8839465 0.9413124 0.8852942 0.9423099 0.8839465 0.9413124 0.8838354 0.9406941 0.8842627 0.9328855 0.884736 0.9325739 0.8839465 0.9333521 0.8839465 0.9333521 0.884736 0.9325739 0.8852942 0.9324645 0.8839465 0.9333521 0.8852942 0.9324645 0.8838354 0.9339024 0.8838354 0.9339024 0.8852942 0.9324645 0.8870447 0.9324645 0.8838354 0.9339024 0.8870447 0.9324645 0.8838354 0.9406941 0.8838354 0.9406941 0.8870447 0.9324645 0.8870447 0.9423099 0.8838354 0.9406941 0.8870447 0.9423099 0.8852942 0.9423099 0.8623987 0.9268674 0.8682335 0.9268718 0.8623981 0.9281652 0.8623981 0.9281652 0.8682335 0.9268718 0.8682329 0.9281696 0.8623981 0.9281652 0.8682329 0.9281696 0.8623973 0.9288141 0.8623973 0.9288141 0.8682329 0.9281696 0.8682321 0.9288185 0.8623973 0.9288141 0.8682321 0.9288185 0.8623963 0.9294603 0.8623963 0.9294603 0.8682321 0.9288185 0.8682311 0.9294647 0.8623963 0.9294603 0.8682311 0.9294647 0.8623934 0.9307364 0.8623934 0.9307364 0.8682311 0.9294647 0.8682281 0.9307408 0.8623934 0.9307364 0.8682281 0.9307408 0.8623893 0.9319779 0.8623893 0.9319779 0.8682281 0.9307408 0.868224 0.9319823 0.8623893 0.9319779 0.868224 0.9319823 0.8623869 0.9325808 0.8623869 0.9325808 0.868224 0.9319823 0.8682217 0.9325852 0.8623869 0.9325808 0.8682217 0.9325852 0.8623842 0.9331694 0.8623842 0.9331694 0.8682217 0.9325852 0.8682189 0.9331738 0.8623842 0.9331694 0.8682189 0.9331738 0.8623781 0.934296 0.8623781 0.934296 0.8682189 0.9331738 0.8682128 0.9343004 0.8623781 0.934296 0.8682128 0.9343004 0.862374 0.9350861 0.862374 0.9350861 0.8682128 0.9343004 0.8682088 0.9350906 0.862374 0.9350861 0.8682088 0.9350906 0.8623732 0.9352943 0.8623732 0.9352943 0.8682088 0.9350906 0.8682079 0.9352987 0.8623732 0.9352943 0.8682079 0.9352987 0.8623711 0.9359375 0.8623711 0.9359375 0.8682079 0.9352987 0.8682059 0.9359419 0.8623711 0.9359375 0.8682059 0.9359419 0.8623701 0.9363781 0.8623701 0.9363781 0.8682059 0.9359419 0.8682048 0.9363825 0.8623701 0.9363781 0.8682048 0.9363825 0.8623694 0.936824 0.8623694 0.936824 0.8682048 0.9363825 0.8682042 0.9368284 0.8623694 0.936824 0.8682042 0.9368284 0.8623691 0.9374955 0.8623691 0.9374955 0.8682042 0.9368284 0.8682038 0.9374999 0.8623691 0.9374955 0.8682038 0.9374999 0.8623691 0.9377183 0.8623691 0.9377183 0.8682038 0.9374999 0.8682038 0.9377227 0.8623691 0.9377183 0.8682038 0.9377227 0.86237 0.9385928 0.86237 0.9385928 0.8682038 0.9377227 0.8682047 0.9385972 0.86237 0.9385928 0.8682047 0.9385972 0.8623732 0.9399933 0.8623732 0.9399933 0.8682047 0.9385972 0.8682079 0.9399977 0.8623732 0.9399933 0.8682079 0.9399977 0.8623751 0.9405931 0.8623751 0.9405931 0.8682079 0.9399977 0.8682098 0.9405975 0.8623751 0.9405931 0.8682098 0.9405975 0.8623779 0.9413197 0.8623779 0.9413197 0.8682098 0.9405975 0.8682126 0.9413241 0.8623779 0.9413197 0.8682126 0.9413241 0.8623833 0.9424208 0.8623833 0.9424208 0.8682126 0.9413241 0.868218 0.9424253 0.8623833 0.9424208 0.868218 0.9424253 0.862384 0.9425527 0.862384 0.9425527 0.868218 0.9424253 0.8682187 0.9425571 0.862384 0.9425527 0.8682187 0.9425571 0.8623912 0.9436742 0.8623912 0.9436742 0.8682187 0.9425571 0.8682259 0.9436786 0.8623912 0.9436742 0.8682259 0.9436786 0.8623939 0.9440205 0.8623939 0.9440205 0.8682259 0.9436786 0.8682287 0.9440249 0.9093385 0.9173166 0.9151734 0.9173167 0.9093386 0.91801 0.9093386 0.91801 0.9151734 0.9173167 0.9151734 0.9180101 0.9093386 0.91801 0.9151734 0.9180101 0.9093386 0.9188889 0.9093386 0.9188889 0.9151734 0.9180101 0.9151735 0.9188891 0.9093386 0.9188889 0.9151735 0.9188891 0.9093386 0.9191529 0.9093386 0.9191529 0.9151735 0.9188891 0.9151735 0.919153 0.9093386 0.9191529 0.9151735 0.919153 0.9093386 0.920404 0.9093386 0.920404 0.9151735 0.919153 0.9151735 0.9204041 0.9093386 0.920404 0.9151735 0.9204041 0.9093386 0.920695 0.9093386 0.920695 0.9151735 0.9204041 0.9151735 0.9206951 0.9093386 0.920695 0.9151735 0.9206951 0.9093387 0.9217452 0.9093387 0.9217452 0.9151735 0.9206951 0.9151735 0.9217453 0.9093387 0.9217452 0.9151735 0.9217453 0.9093387 0.9226797 0.9093387 0.9226797 0.9151735 0.9217453 0.9151737 0.9226798 0.9093387 0.9226797 0.9151737 0.9226798 0.9093387 0.9231567 0.9093387 0.9231567 0.9151737 0.9226798 0.9151737 0.9231569 0.9093387 0.9231567 0.9151737 0.9231569 0.9093387 0.9246183 0.9093387 0.9246183 0.9151737 0.9231569 0.9151737 0.9246184 0.9093387 0.9246183 0.9151737 0.9246184 0.9093387 0.9247828 0.9093387 0.9247828 0.9151737 0.9246184 0.9151737 0.9247829 0.9093387 0.9247828 0.9151737 0.9247829 0.9093387 0.9261084 0.9093387 0.9261084 0.9151737 0.9247829 0.9151735 0.9261085 0.9093387 0.9261084 0.9151735 0.9261085 0.9093387 0.9269405 0.9093387 0.9269405 0.9151735 0.9261085 0.9151735 0.9269406 0.9093387 0.9269405 0.9151735 0.9269406 0.9093386 0.9276053 0.9093386 0.9276053 0.9151735 0.9269406 0.9151735 0.9276054 0.9093386 0.9276053 0.9151735 0.9276054 0.9093386 0.9290872 0.9093386 0.9290872 0.9151735 0.9276054 0.9151735 0.9290873 0.9093386 0.9290872 0.9151735 0.9290873 0.9093386 0.9305325 0.9093386 0.9305325 0.9151735 0.9290873 0.9151734 0.9305326 0.9093386 0.9305325 0.9151734 0.9305326 0.9093385 0.9311576 0.9093385 0.9311576 0.9151734 0.9305326 0.9151734 0.9311577 0.9093385 0.9311576 0.9151734 0.9311577 0.9093385 0.9319202 0.9093385 0.9319202 0.9151734 0.9311577 0.9151734 0.9319203 0.9093385 0.9319202 0.9151734 0.9319203 0.9093384 0.9330888 0.9093384 0.9330888 0.9151734 0.9319203 0.9151733 0.9330889 0.9093384 0.9330888 0.9151733 0.9330889 0.9093384 0.9332299 0.9093384 0.9332299 0.9151733 0.9330889 0.9151733 0.9332301 0.9093384 0.9332299 0.9151733 0.9332301 0.9093382 0.9344426 0.9093382 0.9344426 0.9151733 0.9332301 0.9151732 0.9344428 0.9093382 0.9344426 0.9151732 0.9344428 0.9093382 0.9348222 0.9093382 0.9348222 0.9151732 0.9344428 0.9151732 0.9348223 0.9154633 0.9167632 0.9096286 0.9167596 0.9154699 0.9160383 0.9154699 0.9160383 0.9096286 0.9167596 0.9096353 0.9160348 0.9154699 0.9160383 0.9096353 0.9160348 0.915477 0.9151262 0.915477 0.9151262 0.9096353 0.9160348 0.9096423 0.9151226 0.915477 0.9151262 0.9096423 0.9151226 0.915479 0.9148535 0.915479 0.9148535 0.9096423 0.9151226 0.9096443 0.9148499 0.915479 0.9148535 0.9096443 0.9148499 0.9154866 0.9135668 0.9154866 0.9135668 0.9096443 0.9148499 0.9096519 0.9135634 0.9154866 0.9135668 0.9096519 0.9135634 0.9154881 0.9132691 0.9154881 0.9132691 0.9096519 0.9135634 0.9096534 0.9132655 0.9154881 0.9132691 0.9096534 0.9132655 0.9154929 0.9121974 0.9154929 0.9121974 0.9096534 0.9132655 0.9096582 0.9121938 0.9154929 0.9121974 0.9096582 0.9121938 0.9154962 0.9112481 0.9154962 0.9112481 0.9096582 0.9121938 0.9096615 0.9112445 0.9154962 0.9112481 0.9096615 0.9112445 0.9154977 0.9107649 0.9154977 0.9107649 0.9096615 0.9112445 0.909663 0.9107614 0.9154977 0.9107649 0.909663 0.9107614 0.9155009 0.9092903 0.9155009 0.9092903 0.909663 0.9107614 0.9096662 0.9092867 0.9155009 0.9092903 0.9096662 0.9092867 0.9155011 0.9091248 0.9155011 0.9091248 0.9096662 0.9092867 0.9096664 0.9091213 0.9155011 0.9091248 0.9096664 0.9091213 0.9155026 0.9077952 0.9155026 0.9077952 0.9096664 0.9091213 0.9096679 0.9077916 0.9155026 0.9077952 0.9096679 0.9077916 0.9155027 0.9069637 0.9155027 0.9069637 0.9096679 0.9077916 0.909668 0.9069601 0.9155027 0.9069637 0.909668 0.9069601 0.9155026 0.9063013 0.9155026 0.9063013 0.909668 0.9069601 0.9096679 0.9062977 0.9155026 0.9063013 0.9096679 0.9062977 0.9155009 0.9048303 0.9155009 0.9048303 0.9096679 0.9062977 0.9096662 0.9048268 0.9155009 0.9048303 0.9096662 0.9048268 0.9154971 0.9031098 0.9154971 0.9031098 0.9096662 0.9048268 0.9096625 0.9031062 0.9154971 0.9031098 0.9096625 0.9031062 0.9154959 0.9026889 0.9154959 0.9026889 0.9096625 0.9031062 0.9096613 0.9026854 0.9154959 0.9026889 0.9096613 0.9026854 0.9154918 0.901453 0.9154918 0.901453 0.9096613 0.9026854 0.9096571 0.9014495 0.9154918 0.901453 0.9096571 0.9014495 0.9154885 0.900654 0.9154885 0.900654 0.9096571 0.9014495 0.9096538 0.9006505 0.9154885 0.900654 0.9096538 0.9006505 0.9154849 0.8998776 0.9154849 0.8998776 0.9096538 0.9006505 0.9096502 0.899874 0.9154849 0.8998776 0.9096502 0.899874 0.9154787 0.8987594 0.9154787 0.8987594 0.9096502 0.899874 0.909644 0.8987558 0.9154787 0.8987594 0.909644 0.8987558 0.9154765 0.8984001 0.9154765 0.8984001 0.909644 0.8987558 0.9096419 0.8983965 0.9154765 0.8984001 0.9096419 0.8983965 0.9154668 0.8970362 0.9154668 0.8970362 0.9096419 0.8983965 0.9096321 0.8970326 0.9154077 0.8896567 0.9154668 0.8970362 0.9136573 0.8896556 0.9136573 0.8896556 0.9154668 0.8970362 0.9096321 0.8970326 0.9136573 0.8896556 0.9096321 0.8970326 0.9113234 0.8896542 0.9113234 0.8896542 0.9096321 0.8970326 0.909573 0.8896531 0.9032848 0.9326257 0.9038431 0.9327351 0.9043163 0.9330467 0.9043163 0.9419978 0.9038431 0.942348 0.9046326 0.9414736 0.9046326 0.9414736 0.9038431 0.942348 0.9032848 0.942471 0.9046326 0.9414736 0.9032848 0.942471 0.9047436 0.9408553 0.9047436 0.9408553 0.9032848 0.942471 0.9015343 0.942471 0.9047436 0.9408553 0.9015343 0.942471 0.9047436 0.9340636 0.9015343 0.942471 0.9015343 0.9326257 0.9047436 0.9340636 0.9047436 0.9340636 0.9015343 0.9326257 0.9032848 0.9326257 0.9047436 0.9340636 0.9032848 0.9326257 0.9046326 0.9335133 0.9046326 0.9335133 0.9032848 0.9326257 0.9043163 0.9330467 0.8994302 0.9222432 0.8994302 0.9197635 0.8998554 0.9222466 0.8998554 0.9222466 0.8994302 0.9197635 0.8998554 0.9197669 0.9099827 0.9355408 0.9099827 0.9380207 0.9094386 0.9355408 0.9094386 0.9355408 0.9099827 0.9380207 0.9094386 0.9380207 0.9094386 0.9355408 0.9094386 0.9380207 0.9088888 0.9355408 0.9088888 0.9355408 0.9094386 0.9380207 0.9088888 0.9380207 0.9088888 0.9355408 0.9088888 0.9380207 0.9084808 0.9355409 0.9084808 0.9355409 0.9088888 0.9380207 0.9084808 0.9380207 0.8922448 0.9197686 0.8922448 0.9222484 0.8917185 0.9197703 0.8917185 0.9197703 0.8922448 0.9222484 0.8917185 0.92225 0.8917185 0.9197703 0.8917185 0.92225 0.8911581 0.9197697 0.8911581 0.9197697 0.8917185 0.92225 0.8911581 0.9222494 0.8911581 0.9197697 0.8911581 0.9222494 0.8907138 0.9197668 0.8907138 0.9197668 0.8911581 0.9222494 0.8907138 0.9222465 0.8891828 0.9197668 0.8891828 0.9222466 0.8886501 0.9197668 0.8886501 0.9197668 0.8891828 0.9222466 0.8886501 0.9222466 0.8886501 0.9197668 0.8886501 0.9222466 0.8880926 0.9197668 0.8880926 0.9197668 0.8886501 0.9222466 0.8880926 0.9222466 0.8880926 0.9197668 0.8880926 0.9222466 0.88766 0.9197668 0.88766 0.9197668 0.8880926 0.9222466 0.88766 0.9222466 0.8983383 0.9222438 0.8983383 0.9197642 0.8988749 0.9222422 0.8988749 0.9222422 0.8983383 0.9197642 0.8988749 0.9197625 0.8988749 0.9222422 0.8988749 0.9197625 0.8994302 0.9222432 0.8994302 0.9222432 0.8988749 0.9197625 0.8994302 0.9197635 0.9024642 0.9222432 0.9024642 0.9197635 0.9028894 0.9222466 0.9028894 0.9222466 0.9024642 0.9197635 0.9028894 0.9197669 0.9058935 0.9197625 0.9058935 0.9222423 0.9053494 0.9197625 0.9053494 0.9197625 0.9058935 0.9222423 0.9053494 0.9222423 0.9053494 0.9197625 0.9053494 0.9222423 0.9047996 0.9197625 0.9047996 0.9197625 0.9053494 0.9222423 0.9047996 0.9222423 0.9047996 0.9197625 0.9047996 0.9222423 0.9043915 0.9197625 0.9043915 0.9197625 0.9047996 0.9222423 0.9043915 0.9222424 0.8849312 0.9195838 0.8849312 0.9220636 0.884405 0.9195855 0.884405 0.9195855 0.8849312 0.9220636 0.884405 0.9220653 0.884405 0.9195855 0.884405 0.9220653 0.8838446 0.9195849 0.8838446 0.9195849 0.884405 0.9220653 0.8838446 0.9220646 0.8838446 0.9195849 0.8838446 0.9220646 0.8834003 0.919582 0.8834003 0.919582 0.8838446 0.9220646 0.8834003 0.9220617 0.8952985 0.9197668 0.8952985 0.9222466 0.8947656 0.9197668 0.8947656 0.9197668 0.8952985 0.9222466 0.8947656 0.9222466 0.8947656 0.9197668 0.8947656 0.9222466 0.8942083 0.9197668 0.8942083 0.9197668 0.8947656 0.9222466 0.8942083 0.9222466 0.8942083 0.9197668 0.8942083 0.9222466 0.8937757 0.9197668 0.8937757 0.9197668 0.8942083 0.9222466 0.8937757 0.9222466 0.9013723 0.9222438 0.9013723 0.9197642 0.9019089 0.9222422 0.9019089 0.9222422 0.9013723 0.9197642 0.9019089 0.9197625 0.9019089 0.9222422 0.9019089 0.9197625 0.9024642 0.9222432 0.9024642 0.9222432 0.9019089 0.9197625 0.9024642 0.9197635 0.8682335 0.9197167 0.8682335 0.9268718 0.866483 0.9197154 0.866483 0.9197154 0.8682335 0.9268718 0.8623987 0.9268674 0.866483 0.9197154 0.8623987 0.9268674 0.8641491 0.9197136 0.8641491 0.9197136 0.8623987 0.9268674 0.8623987 0.9197123 0.8820737 0.91422 0.8811963 0.9152066 0.8742613 0.9082232 0.8641003 0.9131085 0.8724205 0.9077737 0.8648493 0.9141958 0.8648493 0.9141958 0.8724205 0.9077737 0.8727144 0.9082573 0.8648493 0.9141958 0.8727144 0.9082573 0.8657241 0.9151849 0.8657241 0.9151849 0.8727144 0.9082573 0.8667117 0.9160614 0.8811963 0.9152066 0.8802061 0.9160804 0.8742613 0.9082232 0.8742613 0.9082232 0.8802061 0.9160804 0.8791179 0.9168285 0.8742613 0.9082232 0.8791179 0.9168285 0.8737772 0.9085168 0.8737772 0.9085168 0.8791179 0.9168285 0.8779472 0.9174402 0.8737772 0.9085168 0.8779472 0.9174402 0.8767113 0.9179065 0.8745335 0.9077271 0.8828307 0.9075265 0.8833964 0.9088722 0.8767113 0.9179065 0.8754281 0.9182205 0.8737772 0.9085168 0.8737772 0.9085168 0.8754281 0.9182205 0.8741164 0.9183778 0.8737772 0.9085168 0.8741164 0.9183778 0.873211 0.9085293 0.873211 0.9085293 0.8741164 0.9183778 0.8727952 0.918376 0.873211 0.9085293 0.8727952 0.918376 0.8714839 0.918215 0.8836523 0.9113644 0.8834412 0.9119671 0.8742613 0.9082232 0.8742613 0.9082232 0.8834412 0.9119671 0.8828256 0.9131348 0.8742613 0.9082232 0.8828256 0.9131348 0.8820737 0.91422 0.8763174 0.9002893 0.876814 0.9005612 0.8742271 0.906678 0.8742271 0.906678 0.876814 0.9005612 0.874521 0.9071616 0.874521 0.9071616 0.876814 0.9005612 0.882164 0.904689 0.874521 0.9071616 0.882164 0.904689 0.8745335 0.9077271 0.8745335 0.9077271 0.882164 0.904689 0.8824182 0.9061263 0.8745335 0.9077271 0.8824182 0.9061263 0.8828307 0.9075265 0.872408 0.9072081 0.8630301 0.9042015 0.8726803 0.9067121 0.8726803 0.9067121 0.8630301 0.9042015 0.8635003 0.9029681 0.8726803 0.9067121 0.8635003 0.9029681 0.8731643 0.9064185 0.8641003 0.9131085 0.863488 0.911939 0.8724205 0.9077737 0.8724205 0.9077737 0.863488 0.911939 0.8630212 0.9107044 0.8724205 0.9077737 0.8630212 0.9107044 0.8627068 0.9094225 0.8627068 0.9094225 0.8625493 0.9081122 0.8724205 0.9077737 0.8724205 0.9077737 0.8625493 0.9081122 0.8625512 0.9067924 0.8724205 0.9077737 0.8625512 0.9067924 0.872408 0.9072081 0.872408 0.9072081 0.8625512 0.9067924 0.8627122 0.9054824 0.872408 0.9072081 0.8627122 0.9054824 0.8630301 0.9042015 0.8714839 0.918215 0.8702016 0.9178974 0.873211 0.9085293 0.873211 0.9085293 0.8702016 0.9178974 0.8689671 0.9174276 0.873211 0.9085293 0.8689671 0.9174276 0.8727144 0.9082573 0.8727144 0.9082573 0.8689671 0.9174276 0.867798 0.9168127 0.8727144 0.9082573 0.867798 0.9168127 0.8667117 0.9160614 0.8833964 0.9088722 0.8836248 0.9094686 0.8745335 0.9077271 0.8745335 0.9077271 0.8836248 0.9094686 0.8837456 0.9100956 0.8745335 0.9077271 0.8837456 0.9100956 0.8742613 0.9082232 0.8742613 0.9082232 0.8837456 0.9100956 0.8837547 0.9107341 0.8742613 0.9082232 0.8837547 0.9107341 0.8836523 0.9113644 0.876814 0.9005612 0.8773802 0.9005488 0.882164 0.904689 0.882164 0.904689 0.8773802 0.9005488 0.8778643 0.9002552 0.882164 0.904689 0.8778643 0.9002552 0.8820713 0.9032324 0.8820713 0.9032324 0.8778643 0.9002552 0.8821411 0.9017745 0.8775511 0.8901211 0.8839706 0.893018 0.8778302 0.89871 0.8821411 0.9017745 0.8778643 0.9002552 0.8823726 0.9003335 0.8823726 0.9003335 0.8778643 0.9002552 0.8781365 0.8997592 0.8823726 0.9003335 0.8781365 0.8997592 0.8839706 0.893018 0.8839706 0.893018 0.8781365 0.8997592 0.878124 0.8991935 0.8839706 0.893018 0.878124 0.8991935 0.8778302 0.89871 0.8742271 0.906678 0.8737305 0.9064059 0.8763174 0.9002893 0.8763174 0.9002893 0.8737305 0.9064059 0.8731643 0.9064185 0.8763174 0.9002893 0.8731643 0.9064185 0.8760235 0.8998057 0.8760235 0.8998057 0.8731643 0.9064185 0.8635003 0.9029681 0.8760235 0.8998057 0.8635003 0.9029681 0.8642564 0.9015021 0.8778302 0.89871 0.8773335 0.898438 0.8775511 0.8901211 0.8775511 0.8901211 0.8773335 0.898438 0.8767673 0.8984504 0.8775511 0.8901211 0.8767673 0.8984504 0.8686459 0.8966324 0.8686459 0.8966324 0.8767673 0.8984504 0.8762833 0.898744 0.8686459 0.8966324 0.8762833 0.898744 0.8673657 0.8976737 0.8673657 0.8976737 0.8762833 0.898744 0.876011 0.8992401 0.8673657 0.8976737 0.876011 0.8992401 0.8661994 0.8988408 0.8661994 0.8988408 0.876011 0.8992401 0.8760235 0.8998057 0.8661994 0.8988408 0.8760235 0.8998057 0.8651593 0.9001215 0.8651593 0.9001215 0.8760235 0.8998057 0.8642564 0.9015021 0.8876906 0.9046847 0.8953317 0.9071632 0.8874354 0.9061218 0.8874354 0.9061218 0.8953317 0.9071632 0.8953189 0.9077287 0.8862263 0.9094632 0.8864552 0.908867 0.8953189 0.9077287 0.8953189 0.9077287 0.8864552 0.908867 0.8870219 0.9075217 0.8953189 0.9077287 0.8870219 0.9075217 0.8874354 0.9061218 0.9071443 0.9094333 0.906829 0.9107149 0.8974319 0.9077769 0.8974319 0.9077769 0.906829 0.9107149 0.9063614 0.9119492 0.8971729 0.906715 0.9046987 0.9001303 0.9056006 0.9015116 0.8935404 0.9002894 0.8966891 0.9064211 0.8961228 0.9064082 0.8886507 0.9152031 0.887774 0.9142158 0.8955908 0.908225 0.8955908 0.908225 0.887774 0.9142158 0.8870228 0.9131301 0.8955908 0.908225 0.8870228 0.9131301 0.8864081 0.9119619 0.8983607 0.918219 0.8970494 0.9183788 0.8966408 0.9085319 0.8966408 0.9085319 0.8970494 0.9183788 0.8957282 0.9183798 0.8966408 0.9085319 0.8957282 0.9183798 0.8960747 0.908519 0.8960747 0.908519 0.8957282 0.9183798 0.8944166 0.9182215 0.8960747 0.908519 0.8944166 0.9182215 0.8931336 0.9179064 0.9068248 0.9042119 0.9071418 0.9054931 0.8974447 0.9072113 0.8974447 0.9072113 0.9071418 0.9054931 0.9073019 0.9068032 0.8974447 0.9072113 0.9073019 0.9068032 0.8974319 0.9077769 0.8974319 0.9077769 0.9073019 0.9068032 0.9073027 0.908123 0.8974319 0.9077769 0.9073027 0.908123 0.9071443 0.9094333 0.8935404 0.9002894 0.8961228 0.9064082 0.8930436 0.9005611 0.8931336 0.9179064 0.8918981 0.9174392 0.8960747 0.908519 0.8960747 0.908519 0.8918981 0.9174392 0.8907279 0.9168266 0.8960747 0.908519 0.8907279 0.9168266 0.8955908 0.908225 0.8955908 0.908225 0.8907279 0.9168266 0.8896401 0.9160776 0.8955908 0.908225 0.8896401 0.9160776 0.8886507 0.9152031 0.9063614 0.9119492 0.9057481 0.9131182 0.8974319 0.9077769 0.8974319 0.9077769 0.9057481 0.9131182 0.9049983 0.9142048 0.8974319 0.9077769 0.9049983 0.9142048 0.8971377 0.9082602 0.8971377 0.9082602 0.9049983 0.9142048 0.9041228 0.9151932 0.8971377 0.9082602 0.9041228 0.9151932 0.9031345 0.916069 0.8971729 0.906715 0.9056006 0.9015116 0.8974447 0.9072113 0.8974447 0.9072113 0.9056006 0.9015116 0.9063556 0.9029782 0.8974447 0.9072113 0.9063556 0.9029782 0.9068248 0.9042119 0.9046987 0.9001303 0.8971729 0.906715 0.9036595 0.8988488 0.9036595 0.8988488 0.8971729 0.906715 0.8966891 0.9064211 0.9036595 0.8988488 0.8966891 0.9064211 0.9024941 0.8976808 0.8961228 0.9064082 0.8956261 0.9066798 0.8930436 0.9005611 0.8930436 0.9005611 0.8956261 0.9066798 0.8953317 0.9071632 0.8930436 0.9005611 0.8953317 0.9071632 0.8924775 0.9005481 0.8924775 0.9005481 0.8953317 0.9071632 0.8876906 0.9046847 0.8924775 0.9005481 0.8876906 0.9046847 0.8919936 0.9002543 0.9024941 0.8976808 0.8966891 0.9064211 0.9012146 0.8966386 0.9012146 0.8966386 0.8966891 0.9064211 0.8935404 0.9002894 0.9012146 0.8966386 0.8935404 0.9002894 0.8938347 0.899806 0.9031345 0.916069 0.9020478 0.9168195 0.8971377 0.9082602 0.8971377 0.9082602 0.9020478 0.9168195 0.9008783 0.9174335 0.8971377 0.9082602 0.9008783 0.9174335 0.8966408 0.9085319 0.8966408 0.9085319 0.9008783 0.9174335 0.8996433 0.9179024 0.8966408 0.9085319 0.8996433 0.9179024 0.8983607 0.918219 0.8858926 0.8930123 0.8923142 0.8901203 0.8925257 0.8984374 0.8864081 0.9119619 0.8861975 0.911359 0.8955908 0.908225 0.8955908 0.908225 0.8861975 0.911359 0.8860954 0.9107286 0.8955908 0.908225 0.8860954 0.9107286 0.8953189 0.9077287 0.8953189 0.9077287 0.8860954 0.9107286 0.8861052 0.9100901 0.8953189 0.9077287 0.8861052 0.9100901 0.8862263 0.9094632 0.8938347 0.899806 0.8938476 0.8992405 0.9012146 0.8966386 0.9012146 0.8966386 0.8938476 0.8992405 0.8935757 0.8987442 0.9012146 0.8966386 0.8935757 0.8987442 0.8923142 0.8901203 0.8923142 0.8901203 0.8935757 0.8987442 0.8930918 0.8984503 0.8923142 0.8901203 0.8930918 0.8984503 0.8925257 0.8984374 0.8876906 0.9046847 0.8877844 0.9032282 0.8919936 0.9002543 0.8919936 0.9002543 0.8877844 0.9032282 0.8877157 0.9017702 0.8919936 0.9002543 0.8877157 0.9017702 0.8917217 0.8997579 0.8917217 0.8997579 0.8877157 0.9017702 0.8874852 0.900329 0.8917217 0.8997579 0.8874852 0.900329 0.8917346 0.8991923 0.8917346 0.8991923 0.8874852 0.900329 0.8858926 0.8930123 0.8917346 0.8991923 0.8858926 0.8930123 0.8920289 0.8987089 0.8920289 0.8987089 0.8858926 0.8930123 0.8925257 0.8984374 0.8623987 0.9197123 0.8623987 0.9268674 0.8619485 0.9268605 0.8623987 0.9197123 0.8619485 0.9268605 0.8618414 0.9196782 0.8618414 0.9196782 0.8619485 0.9268605 0.8615436 0.9268411 0.8618414 0.9196782 0.8615436 0.9268411 0.8613708 0.919582 0.8615436 0.9268411 0.8613708 0.9268274 0.8613708 0.919582 0.8849312 0.8934711 0.8833801 0.9005725 0.8832101 0.9005288 0.8849312 0.8934711 0.8832101 0.9005288 0.8844906 0.8932578 0.8832101 0.9005288 0.882813 0.9004327 0.8844906 0.8932578 0.8844906 0.8932578 0.882813 0.9004327 0.8823726 0.9003335 0.8844906 0.8932578 0.8823726 0.9003335 0.8839706 0.893018 0.8823726 0.9003335 0.882813 0.9004327 0.8825893 0.9018244 0.8613708 0.9268274 0.8615436 0.9268411 0.8615429 0.9281701 0.8619485 0.9268605 0.8623987 0.9268674 0.8623981 0.9281652 0.8615436 0.9268411 0.8619485 0.9268605 0.8619479 0.9281663 0.8619479 0.9281663 0.8619485 0.9268605 0.8623981 0.9281652 0.8619479 0.9281663 0.8623981 0.9281652 0.8619461 0.9294692 0.8619461 0.9294692 0.8623981 0.9281652 0.8623973 0.9288141 0.8623893 0.9319779 0.8619433 0.9307532 0.8623934 0.9307364 0.8623934 0.9307364 0.8619433 0.9307532 0.8619461 0.9294692 0.8623934 0.9307364 0.8619461 0.9294692 0.8623963 0.9294603 0.8623963 0.9294603 0.8619461 0.9294692 0.8623973 0.9288141 0.8623869 0.9325808 0.861934 0.9332011 0.8623893 0.9319779 0.8623893 0.9319779 0.861934 0.9332011 0.8619391 0.9320023 0.8623893 0.9319779 0.8619391 0.9320023 0.8619433 0.9307532 0.8623869 0.9325808 0.8623842 0.9331694 0.861934 0.9332011 0.861934 0.9332011 0.8623842 0.9331694 0.8623781 0.934296 0.861934 0.9332011 0.8623781 0.934296 0.8619278 0.9343345 0.8615436 0.9268411 0.8619479 0.9281663 0.8615429 0.9281701 0.8615429 0.9281701 0.8619479 0.9281663 0.8619461 0.9294692 0.8615429 0.9281701 0.8619461 0.9294692 0.8615412 0.9294959 0.8615412 0.9294959 0.8619461 0.9294692 0.8619433 0.9307532 0.8615412 0.9294959 0.8619433 0.9307532 0.8615382 0.9308026 0.8615382 0.9308026 0.8619433 0.9307532 0.8619391 0.9320023 0.8615382 0.9308026 0.8619391 0.9320023 0.861534 0.9320737 0.861534 0.9320737 0.8619391 0.9320023 0.861934 0.9332011 0.861534 0.9320737 0.861934 0.9332011 0.8615288 0.9332936 0.8615288 0.9332936 0.861934 0.9332011 0.8619278 0.9343345 0.8615288 0.9332936 0.8619278 0.9343345 0.8615224 0.9344472 0.882813 0.9004327 0.8832101 0.9005288 0.8829937 0.9018757 0.8829937 0.9018757 0.8832101 0.9005288 0.8833801 0.9005725 0.8833801 0.9005725 0.8833144 0.9019237 0.8829937 0.9018757 0.8829937 0.9018757 0.8833144 0.9019237 0.8832508 0.9032505 0.8829937 0.9018757 0.8832508 0.9032505 0.8829284 0.9032384 0.8829284 0.9032384 0.8832508 0.9032505 0.8833352 0.9045762 0.8829284 0.9032384 0.8833352 0.9045762 0.8830151 0.9045999 0.8830151 0.9045999 0.8833352 0.9045762 0.8835666 0.9058843 0.8830151 0.9045999 0.8835666 0.9058843 0.8832527 0.9059433 0.8832527 0.9059433 0.8835666 0.9058843 0.883942 0.9071586 0.8832527 0.9059433 0.883942 0.9071586 0.8836383 0.907252 0.8836383 0.907252 0.883942 0.9071586 0.8844568 0.9083834 0.8836383 0.907252 0.8844568 0.9083834 0.884167 0.9085099 0.882813 0.9004327 0.8829937 0.9018757 0.8825893 0.9018244 0.8825893 0.9018244 0.8829937 0.9018757 0.8829284 0.9032384 0.8825893 0.9018244 0.8829284 0.9032384 0.8825219 0.9032321 0.8825219 0.9032321 0.8829284 0.9032384 0.8830151 0.9045999 0.8825219 0.9032321 0.8830151 0.9045999 0.8826115 0.9046387 0.8826115 0.9046387 0.8830151 0.9045999 0.8832527 0.9059433 0.8826115 0.9046387 0.8832527 0.9059433 0.882857 0.9060267 0.882857 0.9060267 0.8832527 0.9059433 0.8836383 0.907252 0.882857 0.9060267 0.8836383 0.907252 0.8832553 0.9073788 0.8832553 0.9073788 0.8836383 0.907252 0.884167 0.9085099 0.8832553 0.9073788 0.884167 0.9085099 0.8838016 0.9086783 0.8823726 0.9003335 0.8825893 0.9018244 0.8821411 0.9017745 0.8821411 0.9017745 0.8825893 0.9018244 0.8825219 0.9032321 0.8821411 0.9017745 0.8825219 0.9032321 0.8820713 0.9032324 0.8820713 0.9032324 0.8825219 0.9032321 0.8826115 0.9046387 0.8820713 0.9032324 0.8826115 0.9046387 0.882164 0.904689 0.882164 0.904689 0.8826115 0.9046387 0.882857 0.9060267 0.882164 0.904689 0.882857 0.9060267 0.8824182 0.9061263 0.8824182 0.9061263 0.882857 0.9060267 0.8832553 0.9073788 0.8824182 0.9061263 0.8832553 0.9073788 0.8828307 0.9075265 0.8828307 0.9075265 0.8832553 0.9073788 0.8838016 0.9086783 0.8828307 0.9075265 0.8838016 0.9086783 0.8833964 0.9088722 0.8623732 0.9352943 0.8623711 0.9359375 0.861921 0.9359531 0.8623701 0.9363781 0.8623694 0.936824 0.8619193 0.9368272 0.8623691 0.9374955 0.8623691 0.9377183 0.8619189 0.937709 0.8834412 0.9119671 0.8836523 0.9113644 0.883852 0.9121558 0.883852 0.9121558 0.8836523 0.9113644 0.8840891 0.9114785 0.883852 0.9121558 0.8840891 0.9114785 0.8842224 0.9123324 0.8842224 0.9123324 0.8840891 0.9114785 0.8844831 0.911588 0.8842224 0.9123324 0.8844831 0.911588 0.8845162 0.9124798 0.8845162 0.9124798 0.8844831 0.911588 0.8847956 0.911682 0.8615148 0.9385096 0.861514 0.9376826 0.8619198 0.9385713 0.8619198 0.9385713 0.861514 0.9376826 0.8619189 0.937709 0.8619198 0.9385713 0.8619189 0.937709 0.86237 0.9385928 0.86237 0.9385928 0.8619189 0.937709 0.8623691 0.9377183 0.8623694 0.936824 0.8623691 0.9374955 0.8619193 0.9368272 0.8619193 0.9368272 0.8623691 0.9374955 0.8619189 0.937709 0.8619193 0.9368272 0.8619189 0.937709 0.8615143 0.9368372 0.8615143 0.9368372 0.8619189 0.937709 0.861514 0.9376826 0.8849312 0.9108478 0.8847956 0.911682 0.8846096 0.9108095 0.8846096 0.9108095 0.8847956 0.911682 0.8844831 0.911588 0.8846096 0.9108095 0.8844831 0.911588 0.8842043 0.9107703 0.8842043 0.9107703 0.8844831 0.911588 0.8840891 0.9114785 0.8842043 0.9107703 0.8840891 0.9114785 0.8837547 0.9107341 0.8837547 0.9107341 0.8840891 0.9114785 0.8836523 0.9113644 0.8623711 0.9359375 0.8623701 0.9363781 0.861921 0.9359531 0.861921 0.9359531 0.8623701 0.9363781 0.8619193 0.9368272 0.861921 0.9359531 0.8619193 0.9368272 0.8615159 0.9359992 0.8615159 0.9359992 0.8619193 0.9368272 0.8615143 0.9368372 0.884919 0.9100027 0.8849312 0.9108478 0.8845983 0.910021 0.8845983 0.910021 0.8849312 0.9108478 0.8846096 0.9108095 0.8845983 0.910021 0.8846096 0.9108095 0.8841939 0.910053 0.8841939 0.910053 0.8846096 0.9108095 0.8842043 0.9107703 0.8841939 0.910053 0.8842043 0.9107703 0.8837456 0.9100956 0.8837456 0.9100956 0.8842043 0.9107703 0.8837547 0.9107341 0.862374 0.9350861 0.8623732 0.9352943 0.8619238 0.9351137 0.8619238 0.9351137 0.8623732 0.9352943 0.861921 0.9359531 0.8619238 0.9351137 0.861921 0.9359531 0.8615186 0.9351943 0.8615186 0.9351943 0.861921 0.9359531 0.8615159 0.9359992 0.8847592 0.9091727 0.884919 0.9100027 0.8844491 0.9092465 0.8844491 0.9092465 0.884919 0.9100027 0.8845983 0.910021 0.8844491 0.9092465 0.8845983 0.910021 0.8840582 0.9093484 0.8840582 0.9093484 0.8845983 0.910021 0.8841939 0.910053 0.8840582 0.9093484 0.8841939 0.910053 0.8836248 0.9094686 0.8836248 0.9094686 0.8841939 0.910053 0.8837456 0.9100956 0.8836248 0.9094686 0.8833964 0.9088722 0.8840582 0.9093484 0.8840582 0.9093484 0.8833964 0.9088722 0.8838016 0.9086783 0.8840582 0.9093484 0.8838016 0.9086783 0.8844491 0.9092465 0.8844491 0.9092465 0.8838016 0.9086783 0.884167 0.9085099 0.8844491 0.9092465 0.884167 0.9085099 0.8847592 0.9091727 0.8847592 0.9091727 0.884167 0.9085099 0.8844568 0.9083834 0.8615186 0.9351943 0.8615224 0.9344472 0.8619238 0.9351137 0.8619238 0.9351137 0.8615224 0.9344472 0.8619278 0.9343345 0.8619238 0.9351137 0.8619278 0.9343345 0.862374 0.9350861 0.862374 0.9350861 0.8619278 0.9343345 0.8623781 0.934296 0.8775511 0.8901211 0.8686459 0.8966324 0.8683796 0.8962723 0.8775511 0.8901211 0.8683796 0.8962723 0.8769666 0.8898623 0.8769666 0.8898623 0.8683796 0.8962723 0.8681393 0.895954 0.8769666 0.8898623 0.8681393 0.895954 0.8764708 0.8896531 0.8681393 0.895954 0.8680363 0.8958204 0.8764708 0.8896531 0.8764708 0.8896531 0.8680363 0.8958204 0.8679484 0.8957085 0.9164348 0.889778 0.9163222 0.8972293 0.9159647 0.8896884 0.9163222 0.8972293 0.915917 0.8970858 0.9159647 0.8896884 0.9159647 0.8896884 0.915917 0.8970858 0.9154668 0.8970362 0.9159647 0.8896884 0.9154668 0.8970362 0.9154077 0.8896567 0.8623751 0.9405931 0.8623779 0.9413197 0.8619277 0.9412824 0.8623833 0.9424208 0.862384 0.9425527 0.8619337 0.9425083 0.9093385 0.9173166 0.9093386 0.91801 0.9088878 0.9180594 0.9093386 0.920695 0.9093387 0.9217452 0.9088879 0.921773 0.9093387 0.9247828 0.9093387 0.9261084 0.9088879 0.926111 0.9093385 0.9311576 0.9093385 0.9319202 0.9088878 0.9318894 0.9093384 0.9330888 0.9093384 0.9332299 0.9088876 0.9331915 0.9154633 0.9167632 0.9154699 0.9160383 0.9159203 0.9159917 0.9154881 0.9132691 0.9154929 0.9121974 0.915943 0.9121728 0.9155011 0.9091248 0.9155026 0.9077952 0.9159526 0.9077959 0.8630301 0.9042015 0.8627122 0.9054824 0.8625999 0.9040701 0.8625999 0.9040701 0.8627122 0.9054824 0.8622689 0.9054039 0.8625999 0.9040701 0.8622689 0.9054039 0.8622117 0.9039582 0.8622117 0.9039582 0.8622689 0.9054039 0.8618688 0.9053395 0.9166771 0.9063785 0.9166771 0.9078 0.9163574 0.9063373 0.9163574 0.9063373 0.9166771 0.9078 0.9163574 0.9077976 0.9163574 0.9063373 0.9163574 0.9077976 0.9159526 0.9063106 0.9159526 0.9063106 0.9163574 0.9077976 0.9159526 0.9077959 0.8625493 0.9081122 0.8627068 0.9094225 0.8620993 0.908142 0.8620993 0.908142 0.8627068 0.9094225 0.8622632 0.9095063 0.8620993 0.908142 0.8622632 0.9095063 0.8616932 0.9081754 0.8616932 0.9081754 0.8622632 0.9095063 0.861863 0.9095883 0.8616932 0.9081754 0.861863 0.9095883 0.8613708 0.908209 0.8613708 0.908209 0.861863 0.9095883 0.8615452 0.9096607 0.9163526 0.9107006 0.916348 0.9121009 0.9159478 0.9107485 0.9159478 0.9107485 0.916348 0.9121009 0.915943 0.9121728 0.863488 0.911939 0.8641003 0.9131085 0.8630766 0.9121266 0.8630766 0.9121266 0.8641003 0.9131085 0.8637142 0.9133442 0.8630766 0.9121266 0.8637142 0.9133442 0.8627054 0.9123021 0.8627054 0.9123021 0.8637142 0.9133442 0.8633658 0.9135633 0.8627054 0.9123021 0.8633658 0.9135633 0.8624107 0.9124487 0.8624107 0.9124487 0.8633658 0.9135633 0.8630891 0.9137443 0.9163343 0.9146973 0.9163256 0.9158555 0.9159292 0.9148136 0.9159292 0.9148136 0.9163256 0.9158555 0.9159203 0.9159917 0.8702016 0.9178974 0.8714839 0.918215 0.8700669 0.9183303 0.8700669 0.9183303 0.8714839 0.918215 0.871402 0.918661 0.8700669 0.9183303 0.871402 0.918661 0.8699452 0.9187274 0.8699452 0.9187274 0.871402 0.918661 0.871328 0.9190699 0.8699452 0.9187274 0.871328 0.9190699 0.8698485 0.9190497 0.8698485 0.9190497 0.871328 0.9190699 0.8712691 0.9194017 0.9084812 0.9275822 0.9084812 0.9261189 0.9088879 0.9275993 0.9088879 0.9275993 0.9084812 0.9261189 0.9088879 0.926111 0.8741164 0.9183778 0.8754281 0.9182205 0.8741429 0.9188305 0.8741429 0.9188305 0.8754281 0.9182205 0.8755087 0.9186668 0.8741429 0.9188305 0.8755087 0.9186668 0.8741667 0.9192455 0.8741667 0.9192455 0.8755087 0.9186668 0.8755813 0.919076 0.8741667 0.9192455 0.8755813 0.919076 0.8741855 0.919582 0.8741855 0.919582 0.8755813 0.919076 0.8756387 0.9194077 0.9084812 0.9232336 0.9084812 0.9218537 0.9088879 0.9231764 0.9088879 0.9231764 0.9084812 0.9218537 0.9088879 0.921773 0.8779472 0.9174402 0.8791179 0.9168285 0.8781316 0.9178544 0.8781316 0.9178544 0.8791179 0.9168285 0.8793504 0.9172175 0.8781316 0.9178544 0.8793504 0.9172175 0.8782978 0.9182345 0.8782978 0.9182345 0.8793504 0.9172175 0.8795602 0.9175749 0.8782978 0.9182345 0.8795602 0.9175749 0.8784295 0.9185433 0.8784295 0.9185433 0.8795602 0.9175749 0.8797265 0.9178656 0.9084811 0.9193198 0.9084811 0.9182025 0.9088879 0.9191957 0.9088879 0.9191957 0.9084811 0.9182025 0.9088878 0.9180594 0.8635003 0.9029681 0.8630301 0.9042015 0.8630895 0.902786 0.8630895 0.902786 0.8630301 0.9042015 0.8625999 0.9040701 0.8630895 0.902786 0.8625999 0.9040701 0.8627187 0.9026281 0.8627187 0.9026281 0.8625999 0.9040701 0.8622117 0.9039582 0.8627187 0.9026281 0.8622117 0.9039582 0.8624243 0.9025101 0.8624243 0.9025101 0.8622117 0.9039582 0.8619034 0.9038764 0.9163557 0.9048994 0.9163574 0.9063373 0.915951 0.9048482 0.915951 0.9048482 0.9163574 0.9063373 0.9159526 0.9063106 0.915951 0.9048482 0.9159526 0.9063106 0.9155009 0.9048303 0.9155009 0.9048303 0.9159526 0.9063106 0.9155026 0.9063013 0.9159526 0.9077959 0.9155026 0.9077952 0.9159526 0.9063106 0.9159526 0.9063106 0.9155026 0.9077952 0.9155027 0.9069637 0.9159526 0.9063106 0.9155027 0.9069637 0.9155026 0.9063013 0.9155009 0.9092903 0.9155011 0.9091248 0.915951 0.9092825 0.915951 0.9092825 0.9155011 0.9091248 0.9159526 0.9077959 0.915951 0.9092825 0.9159526 0.9077959 0.9163557 0.9092591 0.9163557 0.9092591 0.9159526 0.9077959 0.9163574 0.9077976 0.8613727 0.9067469 0.8615512 0.9052956 0.8616952 0.9067521 0.8616952 0.9067521 0.8615512 0.9052956 0.8618688 0.9053395 0.8616952 0.9067521 0.8618688 0.9053395 0.8621012 0.9067678 0.8621012 0.9067678 0.8618688 0.9053395 0.8622689 0.9054039 0.8621012 0.9067678 0.8622689 0.9054039 0.8625512 0.9067924 0.8625512 0.9067924 0.8622689 0.9054039 0.8627122 0.9054824 0.8625512 0.9067924 0.8625493 0.9081122 0.8621012 0.9067678 0.8621012 0.9067678 0.8625493 0.9081122 0.8620993 0.908142 0.8621012 0.9067678 0.8620993 0.908142 0.8616952 0.9067521 0.8616952 0.9067521 0.8620993 0.908142 0.8616932 0.9081754 0.8616952 0.9067521 0.8616932 0.9081754 0.8613727 0.9067469 0.8613727 0.9067469 0.8616932 0.9081754 0.8613708 0.908209 0.9163557 0.9092591 0.9163526 0.9107006 0.915951 0.9092825 0.915951 0.9092825 0.9163526 0.9107006 0.9159478 0.9107485 0.915951 0.9092825 0.9159478 0.9107485 0.9155009 0.9092903 0.9155009 0.9092903 0.9159478 0.9107485 0.9154977 0.9107649 0.915943 0.9121728 0.9154929 0.9121974 0.9159478 0.9107485 0.9159478 0.9107485 0.9154929 0.9121974 0.9154962 0.9112481 0.9159478 0.9107485 0.9154962 0.9112481 0.9154977 0.9107649 0.9154866 0.9135668 0.9154881 0.9132691 0.9159368 0.9135344 0.9159368 0.9135344 0.9154881 0.9132691 0.915943 0.9121728 0.9159368 0.9135344 0.915943 0.9121728 0.9163418 0.9134396 0.9163418 0.9134396 0.915943 0.9121728 0.916348 0.9121009 0.8618935 0.9110808 0.8615452 0.9096607 0.8622021 0.9109707 0.8622021 0.9109707 0.8615452 0.9096607 0.861863 0.9095883 0.8622021 0.9109707 0.861863 0.9095883 0.8625906 0.910841 0.8625906 0.910841 0.861863 0.9095883 0.8622632 0.9095063 0.8625906 0.910841 0.8622632 0.9095063 0.8630212 0.9107044 0.8630212 0.9107044 0.8622632 0.9095063 0.8627068 0.9094225 0.8630212 0.9107044 0.863488 0.911939 0.8625906 0.910841 0.8625906 0.910841 0.863488 0.911939 0.8630766 0.9121266 0.8625906 0.910841 0.8630766 0.9121266 0.8622021 0.9109707 0.8622021 0.9109707 0.8630766 0.9121266 0.8627054 0.9123021 0.8622021 0.9109707 0.8627054 0.9123021 0.8618935 0.9110808 0.8618935 0.9110808 0.8627054 0.9123021 0.8624107 0.9124487 0.9163418 0.9134396 0.9163343 0.9146973 0.9159368 0.9135344 0.9159368 0.9135344 0.9163343 0.9146973 0.9159292 0.9148136 0.9159368 0.9135344 0.9159292 0.9148136 0.9154866 0.9135668 0.9154866 0.9135668 0.9159292 0.9148136 0.915479 0.9148535 0.9159203 0.9159917 0.9154699 0.9160383 0.9159292 0.9148136 0.9159292 0.9148136 0.9154699 0.9160383 0.915477 0.9151262 0.9159292 0.9148136 0.915477 0.9151262 0.915479 0.9148535 0.9093382 0.9344426 0.9093382 0.9348222 0.9088875 0.9343973 0.9088875 0.9343973 0.9093382 0.9348222 0.9088874 0.9354891 0.9088875 0.9343973 0.9088874 0.9354891 0.9084809 0.934266 0.9084809 0.934266 0.9088874 0.9354891 0.9084808 0.9353393 0.8639189 0.9149488 0.8630891 0.9137443 0.8641734 0.9147357 0.8641734 0.9147357 0.8630891 0.9137443 0.8633658 0.9135633 0.8641734 0.9147357 0.8633658 0.9135633 0.8644941 0.9144762 0.8644941 0.9144762 0.8633658 0.9135633 0.8637142 0.9133442 0.8644941 0.9144762 0.8637142 0.9133442 0.8648493 0.9141958 0.8648493 0.9141958 0.8637142 0.9133442 0.8641003 0.9131085 0.8648493 0.9141958 0.8657241 0.9151849 0.8644941 0.9144762 0.8644941 0.9144762 0.8657241 0.9151849 0.8654049 0.915506 0.8644941 0.9144762 0.8654049 0.915506 0.8641734 0.9147357 0.8641734 0.9147357 0.8654049 0.915506 0.8651167 0.9158023 0.8641734 0.9147357 0.8651167 0.9158023 0.8639189 0.9149488 0.8639189 0.9149488 0.8651167 0.9158023 0.864888 0.9160446 0.9084809 0.934266 0.908481 0.9330804 0.9088875 0.9343973 0.9088875 0.9343973 0.908481 0.9330804 0.9088876 0.9331915 0.9088875 0.9343973 0.9088876 0.9331915 0.9093382 0.9344426 0.9093382 0.9344426 0.9088876 0.9331915 0.9093384 0.9332299 0.9093385 0.9319202 0.9093384 0.9330888 0.9088878 0.9318894 0.9088878 0.9318894 0.9093384 0.9330888 0.9088876 0.9331915 0.9088878 0.9318894 0.9088876 0.9331915 0.908481 0.9318001 0.908481 0.9318001 0.9088876 0.9331915 0.908481 0.9330804 0.8659822 0.9170157 0.864888 0.9160446 0.8661819 0.9167476 0.8661819 0.9167476 0.864888 0.9160446 0.8651167 0.9158023 0.8661819 0.9167476 0.8651167 0.9158023 0.8664333 0.9164187 0.8664333 0.9164187 0.8651167 0.9158023 0.8654049 0.915506 0.8664333 0.9164187 0.8654049 0.915506 0.8667117 0.9160614 0.8667117 0.9160614 0.8654049 0.915506 0.8657241 0.9151849 0.9093386 0.9305325 0.9093385 0.9311576 0.9088878 0.9305097 0.9088878 0.9305097 0.9093385 0.9311576 0.9088878 0.9318894 0.9088878 0.9305097 0.9088878 0.9318894 0.9084811 0.9304437 0.9084811 0.9304437 0.9088878 0.9318894 0.908481 0.9318001 0.8671856 0.917848 0.8659822 0.9170157 0.8673532 0.9175577 0.8673532 0.9175577 0.8659822 0.9170157 0.8661819 0.9167476 0.8673532 0.9175577 0.8661819 0.9167476 0.8675642 0.9172009 0.8675642 0.9172009 0.8661819 0.9167476 0.8664333 0.9164187 0.8675642 0.9172009 0.8664333 0.9164187 0.867798 0.9168127 0.867798 0.9168127 0.8664333 0.9164187 0.8667117 0.9160614 0.867798 0.9168127 0.8689671 0.9174276 0.8675642 0.9172009 0.8675642 0.9172009 0.8689671 0.9174276 0.8687813 0.9178412 0.8675642 0.9172009 0.8687813 0.9178412 0.8673532 0.9175577 0.8673532 0.9175577 0.8687813 0.9178412 0.8686138 0.9182209 0.8673532 0.9175577 0.8686138 0.9182209 0.8671856 0.917848 0.8671856 0.917848 0.8686138 0.9182209 0.8684807 0.9185293 0.9084811 0.9304437 0.9084811 0.9290308 0.9088878 0.9305097 0.9088878 0.9305097 0.9084811 0.9290308 0.9088879 0.9290727 0.9088878 0.9305097 0.9088879 0.9290727 0.9093386 0.9305325 0.9093386 0.9305325 0.9088879 0.9290727 0.9093386 0.9290872 0.8689671 0.9174276 0.8702016 0.9178974 0.8687813 0.9178412 0.8687813 0.9178412 0.8702016 0.9178974 0.8700669 0.9183303 0.8687813 0.9178412 0.8700669 0.9183303 0.8686138 0.9182209 0.8686138 0.9182209 0.8700669 0.9183303 0.8699452 0.9187274 0.8686138 0.9182209 0.8699452 0.9187274 0.8684807 0.9185293 0.8684807 0.9185293 0.8699452 0.9187274 0.8698485 0.9190497 0.9084811 0.9290308 0.9084812 0.9275822 0.9088879 0.9290727 0.9088879 0.9290727 0.9084812 0.9275822 0.9088879 0.9275993 0.9088879 0.9290727 0.9088879 0.9275993 0.9093386 0.9290872 0.9093386 0.9290872 0.9088879 0.9275993 0.9093386 0.9276053 0.9088879 0.926111 0.9093387 0.9261084 0.9088879 0.9275993 0.9088879 0.9275993 0.9093387 0.9261084 0.9093387 0.9269405 0.9088879 0.9275993 0.9093387 0.9269405 0.9093386 0.9276053 0.9093387 0.9246183 0.9093387 0.9247828 0.9088879 0.9246296 0.9088879 0.9246296 0.9093387 0.9247828 0.9088879 0.926111 0.9088879 0.9246296 0.9088879 0.926111 0.9084812 0.9246622 0.9084812 0.9246622 0.9088879 0.926111 0.9084812 0.9261189 0.8727219 0.9195799 0.8712691 0.9194017 0.8727421 0.9192435 0.8727421 0.9192435 0.8712691 0.9194017 0.871328 0.9190699 0.8727421 0.9192435 0.871328 0.9190699 0.8727673 0.9188286 0.8727673 0.9188286 0.871328 0.9190699 0.871402 0.918661 0.8727673 0.9188286 0.871402 0.918661 0.8727952 0.918376 0.8727952 0.918376 0.871402 0.918661 0.8714839 0.918215 0.8727952 0.918376 0.8741164 0.9183778 0.8727673 0.9188286 0.8727673 0.9188286 0.8741164 0.9183778 0.8741429 0.9188305 0.8727673 0.9188286 0.8741429 0.9188305 0.8727421 0.9192435 0.8727421 0.9192435 0.8741429 0.9188305 0.8741667 0.9192455 0.8727421 0.9192435 0.8741667 0.9192455 0.8727219 0.9195799 0.8727219 0.9195799 0.8741667 0.9192455 0.8741855 0.919582 0.9084812 0.9246622 0.9084812 0.9232336 0.9088879 0.9246296 0.9088879 0.9246296 0.9084812 0.9232336 0.9088879 0.9231764 0.9088879 0.9246296 0.9088879 0.9231764 0.9093387 0.9246183 0.9093387 0.9246183 0.9088879 0.9231764 0.9093387 0.9231567 0.9088879 0.921773 0.9093387 0.9217452 0.9088879 0.9231764 0.9088879 0.9231764 0.9093387 0.9217452 0.9093387 0.9226797 0.9088879 0.9231764 0.9093387 0.9226797 0.9093387 0.9231567 0.9093386 0.920404 0.9093386 0.920695 0.9088879 0.9204396 0.9088879 0.9204396 0.9093386 0.920695 0.9088879 0.921773 0.9088879 0.9204396 0.9088879 0.921773 0.9084812 0.9205427 0.9084812 0.9205427 0.9088879 0.921773 0.9084812 0.9218537 0.8770603 0.9190599 0.8756387 0.9194077 0.876965 0.9187373 0.876965 0.9187373 0.8756387 0.9194077 0.8755813 0.919076 0.876965 0.9187373 0.8755813 0.919076 0.8768448 0.9183399 0.8768448 0.9183399 0.8755813 0.919076 0.8755087 0.9186668 0.8768448 0.9183399 0.8755087 0.9186668 0.8767113 0.9179065 0.8767113 0.9179065 0.8755087 0.9186668 0.8754281 0.9182205 0.8767113 0.9179065 0.8779472 0.9174402 0.8768448 0.9183399 0.8768448 0.9183399 0.8779472 0.9174402 0.8781316 0.9178544 0.8768448 0.9183399 0.8781316 0.9178544 0.876965 0.9187373 0.876965 0.9187373 0.8781316 0.9178544 0.8782978 0.9182345 0.876965 0.9187373 0.8782978 0.9182345 0.8770603 0.9190599 0.8770603 0.9190599 0.8782978 0.9182345 0.8784295 0.9185433 0.9084812 0.9205427 0.9084811 0.9193198 0.9088879 0.9204396 0.9088879 0.9204396 0.9084811 0.9193198 0.9088879 0.9191957 0.9088879 0.9204396 0.9088879 0.9191957 0.9093386 0.920404 0.9093386 0.920404 0.9088879 0.9191957 0.9093386 0.9191529 0.9088878 0.9180594 0.9093386 0.91801 0.9088879 0.9191957 0.9088879 0.9191957 0.9093386 0.91801 0.9093386 0.9188889 0.9088879 0.9191957 0.9093386 0.9188889 0.9093386 0.9191529 0.8623912 0.9436742 0.8623939 0.9440205 0.8619409 0.9436234 0.9088878 0.9170473 0.9093385 0.9173166 0.9088878 0.9180594 0.9088878 0.9170473 0.9088878 0.9180594 0.908481 0.9172075 0.908481 0.9172075 0.9088878 0.9180594 0.9084811 0.9182025 0.8809322 0.9170367 0.8797265 0.9178656 0.8807338 0.916768 0.8807338 0.916768 0.8797265 0.9178656 0.8795602 0.9175749 0.8807338 0.916768 0.8795602 0.9175749 0.8804836 0.9164385 0.8804836 0.9164385 0.8795602 0.9175749 0.8793504 0.9172175 0.8804836 0.9164385 0.8793504 0.9172175 0.8802061 0.9160804 0.8802061 0.9160804 0.8793504 0.9172175 0.8791179 0.9168285 0.8802061 0.9160804 0.8811963 0.9152066 0.8804836 0.9164385 0.8804836 0.9164385 0.8811963 0.9152066 0.8815145 0.9155287 0.8804836 0.9164385 0.8815145 0.9155287 0.8807338 0.916768 0.8807338 0.916768 0.8815145 0.9155287 0.8818015 0.9158257 0.8807338 0.916768 0.8818015 0.9158257 0.8809322 0.9170367 0.8809322 0.9170367 0.8818015 0.9158257 0.8820291 0.9160687 0.8615356 0.9434768 0.8615285 0.9423804 0.8619409 0.9436234 0.8619409 0.9436234 0.8615285 0.9423804 0.8619337 0.9425083 0.8619409 0.9436234 0.8619337 0.9425083 0.8623912 0.9436742 0.8623912 0.9436742 0.8619337 0.9425083 0.862384 0.9425527 0.8623779 0.9413197 0.8623833 0.9424208 0.8619277 0.9412824 0.8619277 0.9412824 0.8623833 0.9424208 0.8619337 0.9425083 0.8619277 0.9412824 0.8619337 0.9425083 0.8615226 0.9411751 0.8615226 0.9411751 0.8619337 0.9425083 0.8615285 0.9423804 0.8830012 0.9149757 0.8820291 0.9160687 0.8827477 0.9147618 0.8827477 0.9147618 0.8820291 0.9160687 0.8818015 0.9158257 0.8827477 0.9147618 0.8818015 0.9158257 0.8824281 0.9145014 0.8824281 0.9145014 0.8818015 0.9158257 0.8815145 0.9155287 0.8824281 0.9145014 0.8815145 0.9155287 0.8820737 0.91422 0.8820737 0.91422 0.8815145 0.9155287 0.8811963 0.9152066 0.8623732 0.9399933 0.8623751 0.9405931 0.861923 0.9399637 0.861923 0.9399637 0.8623751 0.9405931 0.8619277 0.9412824 0.861923 0.9399637 0.8619277 0.9412824 0.861518 0.9398785 0.861518 0.9398785 0.8619277 0.9412824 0.8615226 0.9411751 0.8838343 0.9137735 0.8830012 0.9149757 0.8835586 0.9135916 0.8835586 0.9135916 0.8830012 0.9149757 0.8827477 0.9147618 0.8835586 0.9135916 0.8827477 0.9147618 0.883211 0.9133716 0.883211 0.9133716 0.8827477 0.9147618 0.8824281 0.9145014 0.883211 0.9133716 0.8824281 0.9145014 0.8828256 0.9131348 0.8828256 0.9131348 0.8824281 0.9145014 0.8820737 0.91422 0.8828256 0.9131348 0.8834412 0.9119671 0.883211 0.9133716 0.883211 0.9133716 0.8834412 0.9119671 0.883852 0.9121558 0.883211 0.9133716 0.883852 0.9121558 0.8835586 0.9135916 0.8835586 0.9135916 0.883852 0.9121558 0.8842224 0.9123324 0.8835586 0.9135916 0.8842224 0.9123324 0.8838343 0.9137735 0.8838343 0.9137735 0.8842224 0.9123324 0.8845162 0.9124798 0.861518 0.9398785 0.8615148 0.9385096 0.861923 0.9399637 0.861923 0.9399637 0.8615148 0.9385096 0.8619198 0.9385713 0.861923 0.9399637 0.8619198 0.9385713 0.8623732 0.9399933 0.8623732 0.9399933 0.8619198 0.9385713 0.86237 0.9385928 0.8686459 0.8966324 0.8673657 0.8976737 0.8683796 0.8962723 0.8683796 0.8962723 0.8673657 0.8976737 0.8670634 0.8973428 0.8683796 0.8962723 0.8670634 0.8973428 0.8681393 0.895954 0.8681393 0.895954 0.8670634 0.8973428 0.8667907 0.8970507 0.8681393 0.895954 0.8667907 0.8970507 0.8680363 0.8958204 0.8680363 0.8958204 0.8667907 0.8970507 0.866574 0.8968263 0.8673657 0.8976737 0.8661994 0.8988408 0.8670634 0.8973428 0.8670634 0.8973428 0.8661994 0.8988408 0.8658643 0.8985427 0.8670634 0.8973428 0.8658643 0.8985427 0.8667907 0.8970507 0.8667907 0.8970507 0.8658643 0.8985427 0.865562 0.8982803 0.8667907 0.8970507 0.865562 0.8982803 0.866574 0.8968263 0.866574 0.8968263 0.865562 0.8982803 0.8653219 0.8980792 0.9163318 0.8985714 0.91634 0.9000254 0.9159267 0.8984441 0.9159267 0.8984441 0.91634 0.9000254 0.915935 0.8999156 0.9154765 0.8984001 0.9154668 0.8970362 0.9159267 0.8984441 0.9159267 0.8984441 0.9154668 0.8970362 0.915917 0.8970858 0.9159267 0.8984441 0.915917 0.8970858 0.9163318 0.8985714 0.9163318 0.8985714 0.915917 0.8970858 0.9163222 0.8972293 0.866574 0.8968263 0.8679484 0.8957085 0.8680363 0.8958204 0.9154959 0.9026889 0.9154918 0.901453 0.915942 0.9014846 0.915942 0.9014846 0.9154918 0.901453 0.915935 0.8999156 0.915942 0.9014846 0.915935 0.8999156 0.9163468 0.9015758 0.9163468 0.9015758 0.915935 0.8999156 0.91634 0.9000254 0.8642053 0.899454 0.8653219 0.8980792 0.8644663 0.8996294 0.8644663 0.8996294 0.8653219 0.8980792 0.865562 0.8982803 0.8644663 0.8996294 0.865562 0.8982803 0.864795 0.8998593 0.864795 0.8998593 0.865562 0.8982803 0.8658643 0.8985427 0.864795 0.8998593 0.8658643 0.8985427 0.8651593 0.9001215 0.8651593 0.9001215 0.8658643 0.8985427 0.8661994 0.8988408 0.9154918 0.901453 0.9154885 0.900654 0.915935 0.8999156 0.915935 0.8999156 0.9154885 0.900654 0.9154849 0.8998776 0.915935 0.8999156 0.9154849 0.8998776 0.9159267 0.8984441 0.9159267 0.8984441 0.9154849 0.8998776 0.9154787 0.8987594 0.9159267 0.8984441 0.9154787 0.8987594 0.9154765 0.8984001 0.9154971 0.9031098 0.9154959 0.9026889 0.9159472 0.9031347 0.9159472 0.9031347 0.9154959 0.9026889 0.915942 0.9014846 0.9159472 0.9031347 0.915942 0.9014846 0.916352 0.9032062 0.916352 0.9032062 0.915942 0.9014846 0.9163468 0.9015758 0.863236 0.9009363 0.8642053 0.899454 0.8635151 0.9010838 0.8635151 0.9010838 0.8642053 0.899454 0.8644663 0.8996294 0.8635151 0.9010838 0.8644663 0.8996294 0.8638668 0.9012787 0.8638668 0.9012787 0.8644663 0.8996294 0.864795 0.8998593 0.8638668 0.9012787 0.864795 0.8998593 0.8642564 0.9015021 0.8642564 0.9015021 0.864795 0.8998593 0.8651593 0.9001215 0.8642564 0.9015021 0.8635003 0.9029681 0.8638668 0.9012787 0.8638668 0.9012787 0.8635003 0.9029681 0.8630895 0.902786 0.8638668 0.9012787 0.8630895 0.902786 0.8635151 0.9010838 0.8635151 0.9010838 0.8630895 0.902786 0.8627187 0.9026281 0.8635151 0.9010838 0.8627187 0.9026281 0.863236 0.9009363 0.863236 0.9009363 0.8627187 0.9026281 0.8624243 0.9025101 0.916352 0.9032062 0.9163557 0.9048994 0.9159472 0.9031347 0.9159472 0.9031347 0.9163557 0.9048994 0.915951 0.9048482 0.9159472 0.9031347 0.915951 0.9048482 0.9154971 0.9031098 0.9154971 0.9031098 0.915951 0.9048482 0.9155009 0.9048303 0.8858926 0.8930123 0.8874852 0.900329 0.8870447 0.9004279 0.8858926 0.8930123 0.8870447 0.9004279 0.8853723 0.8932517 0.8853723 0.8932517 0.8870447 0.9004279 0.8866473 0.9005237 0.8853723 0.8932517 0.8866473 0.9005237 0.8849312 0.8934646 0.8866473 0.9005237 0.8864772 0.9005673 0.8849312 0.8934646 0.8692684 0.9195879 0.8692684 0.9268334 0.8690931 0.9268469 0.8692684 0.9195879 0.8690931 0.9268469 0.8687925 0.9196835 0.8690931 0.9268469 0.8686848 0.9268656 0.8687925 0.9196835 0.8687925 0.9196835 0.8686848 0.9268656 0.8682335 0.9268718 0.8687925 0.9196835 0.8682335 0.9268718 0.8682335 0.9197167 0.8682217 0.9325852 0.868224 0.9319823 0.8686754 0.9320074 0.8682321 0.9288185 0.8682329 0.9281696 0.8686842 0.9281714 0.8874852 0.900329 0.8877157 0.9017702 0.8870447 0.9004279 0.8870447 0.9004279 0.8877157 0.9017702 0.8872672 0.9018197 0.8870447 0.9004279 0.8872672 0.9018197 0.8866473 0.9005237 0.8866473 0.9005237 0.8872672 0.9018197 0.8868628 0.9018707 0.8682329 0.9281696 0.8682335 0.9268718 0.8686842 0.9281714 0.8686842 0.9281714 0.8682335 0.9268718 0.8686848 0.9268656 0.8686842 0.9281714 0.8686848 0.9268656 0.8690925 0.9281757 0.8690925 0.9281757 0.8686848 0.9268656 0.8690931 0.9268469 0.8690925 0.9281757 0.8690931 0.9268469 0.8694178 0.9281823 0.8694178 0.9281823 0.8690931 0.9268469 0.8692684 0.9268334 0.8868628 0.9018707 0.8864772 0.9005673 0.8866473 0.9005237 0.8682311 0.9294647 0.8682321 0.9288185 0.8686824 0.9294744 0.8686824 0.9294744 0.8682321 0.9288185 0.8686842 0.9281714 0.8686824 0.9294744 0.8686842 0.9281714 0.8690907 0.9295017 0.8690907 0.9295017 0.8686842 0.9281714 0.8690925 0.9281757 0.8690907 0.9295017 0.8690925 0.9281757 0.869416 0.9295441 0.869416 0.9295441 0.8690925 0.9281757 0.8694178 0.9281823 0.886927 0.9032334 0.8868628 0.9018707 0.8873336 0.9032276 0.8873336 0.9032276 0.8868628 0.9018707 0.8872672 0.9018197 0.8873336 0.9032276 0.8872672 0.9018197 0.8877844 0.9032282 0.8877844 0.9032282 0.8872672 0.9018197 0.8877157 0.9017702 0.8877844 0.9032282 0.8876906 0.9046847 0.8873336 0.9032276 0.8873336 0.9032276 0.8876906 0.9046847 0.8872431 0.9046341 0.8873336 0.9032276 0.8872431 0.9046341 0.886927 0.9032334 0.886927 0.9032334 0.8872431 0.9046341 0.8868393 0.9045948 0.886927 0.9032334 0.8868393 0.9045948 0.8866043 0.9032453 0.8866043 0.9032453 0.8868393 0.9045948 0.886519 0.9045709 0.8690907 0.9295017 0.8690877 0.9308083 0.8686824 0.9294744 0.8686824 0.9294744 0.8690877 0.9308083 0.8686794 0.9307582 0.8686824 0.9294744 0.8686794 0.9307582 0.8682311 0.9294647 0.8682311 0.9294647 0.8686794 0.9307582 0.8682281 0.9307408 0.8876906 0.9046847 0.8874354 0.9061218 0.8872431 0.9046341 0.8872431 0.9046341 0.8874354 0.9061218 0.8869966 0.9060218 0.8872431 0.9046341 0.8869966 0.9060218 0.8868393 0.9045948 0.8868393 0.9045948 0.8869966 0.9060218 0.8866007 0.9059381 0.8868393 0.9045948 0.8866007 0.9059381 0.886519 0.9045709 0.886519 0.9045709 0.8866007 0.9059381 0.8862866 0.9058788 0.8690877 0.9308083 0.8690835 0.9320794 0.8686794 0.9307582 0.8686794 0.9307582 0.8690835 0.9320794 0.8686754 0.9320074 0.8686794 0.9307582 0.8686754 0.9320074 0.8682281 0.9307408 0.8682281 0.9307408 0.8686754 0.9320074 0.868224 0.9319823 0.8682189 0.9331738 0.8682217 0.9325852 0.8686702 0.9332061 0.8686702 0.9332061 0.8682217 0.9325852 0.8686754 0.9320074 0.8686702 0.9332061 0.8686754 0.9320074 0.8690783 0.9332993 0.8690783 0.9332993 0.8686754 0.9320074 0.8690835 0.9320794 0.8859103 0.9071529 0.8862866 0.9058788 0.8862143 0.9072465 0.8862143 0.9072465 0.8862866 0.9058788 0.8866007 0.9059381 0.8862143 0.9072465 0.8866007 0.9059381 0.8865973 0.9073736 0.8865973 0.9073736 0.8866007 0.9059381 0.8869966 0.9060218 0.8865973 0.9073736 0.8869966 0.9060218 0.8870219 0.9075217 0.8870219 0.9075217 0.8869966 0.9060218 0.8874354 0.9061218 0.8870219 0.9075217 0.8864552 0.908867 0.8865973 0.9073736 0.8865973 0.9073736 0.8864552 0.908867 0.8860501 0.9086727 0.8865973 0.9073736 0.8860501 0.9086727 0.8862143 0.9072465 0.8862143 0.9072465 0.8860501 0.9086727 0.8856846 0.908504 0.8862143 0.9072465 0.8856846 0.908504 0.8859103 0.9071529 0.8859103 0.9071529 0.8856846 0.908504 0.8853946 0.9083772 0.8690783 0.9332993 0.869072 0.9344529 0.8686702 0.9332061 0.8686702 0.9332061 0.869072 0.9344529 0.868664 0.9343397 0.8686702 0.9332061 0.868664 0.9343397 0.8682189 0.9331738 0.8682189 0.9331738 0.868664 0.9343397 0.8682128 0.9343004 0.8682079 0.9352987 0.8682088 0.9350906 0.86866 0.9351188 0.8682048 0.9363825 0.8682059 0.9359419 0.8686572 0.9359583 0.8682048 0.9363825 0.8686572 0.9359583 0.8682042 0.9368284 0.8682047 0.9385972 0.8682038 0.9377227 0.868656 0.9385764 0.868656 0.9385764 0.8682038 0.9377227 0.8686551 0.9377141 0.868656 0.9385764 0.8686551 0.9377141 0.8690643 0.9385152 0.8690643 0.9385152 0.8686551 0.9377141 0.8690635 0.9376884 0.8853322 0.9124737 0.8850534 0.9116757 0.8856264 0.9123265 0.8856264 0.9123265 0.8850534 0.9116757 0.8853663 0.9115819 0.8856264 0.9123265 0.8853663 0.9115819 0.8859971 0.9121502 0.8859971 0.9121502 0.8853663 0.9115819 0.8857604 0.9114728 0.8859971 0.9121502 0.8857604 0.9114728 0.8864081 0.9119619 0.8864081 0.9119619 0.8857604 0.9114728 0.8861975 0.911359 0.8682038 0.9377227 0.8682038 0.9374999 0.8686551 0.9377141 0.8686551 0.9377141 0.8682038 0.9374999 0.8686556 0.9368323 0.8686551 0.9377141 0.8686556 0.9368323 0.8690635 0.9376884 0.8690635 0.9376884 0.8686556 0.9368323 0.8690639 0.9368429 0.8690635 0.9376884 0.8690639 0.9368429 0.8693888 0.9376482 0.8693888 0.9376482 0.8690639 0.9368429 0.8693892 0.9368593 0.8853663 0.9115819 0.8852402 0.9108033 0.8857604 0.9114728 0.8857604 0.9114728 0.8852402 0.9108033 0.8856459 0.9107645 0.8857604 0.9114728 0.8856459 0.9107645 0.8861975 0.911359 0.8861975 0.911359 0.8856459 0.9107645 0.8860954 0.9107286 0.8682038 0.9374999 0.8682042 0.9368284 0.8686556 0.9368323 0.8686556 0.9368323 0.8682042 0.9368284 0.8686572 0.9359583 0.8686556 0.9368323 0.8686572 0.9359583 0.8690639 0.9368429 0.8690639 0.9368429 0.8686572 0.9359583 0.8690654 0.9360049 0.8690639 0.9368429 0.8690654 0.9360049 0.8693892 0.9368593 0.8693892 0.9368593 0.8690654 0.9360049 0.8693906 0.9360772 0.8852402 0.9108033 0.8852522 0.9100148 0.8856459 0.9107645 0.8856459 0.9107645 0.8852522 0.9100148 0.8856567 0.9100471 0.8856459 0.9107645 0.8856567 0.9100471 0.8860954 0.9107286 0.8860954 0.9107286 0.8856567 0.9100471 0.8861052 0.9100901 0.8682059 0.9359419 0.8682079 0.9352987 0.8686572 0.9359583 0.8686572 0.9359583 0.8682079 0.9352987 0.86866 0.9351188 0.8686572 0.9359583 0.86866 0.9351188 0.8690654 0.9360049 0.8690654 0.9360049 0.86866 0.9351188 0.8690682 0.9352 0.8849312 0.9099962 0.8850916 0.9091663 0.8852522 0.9100148 0.8852522 0.9100148 0.8850916 0.9091663 0.8854019 0.9092404 0.8852522 0.9100148 0.8854019 0.9092404 0.8856567 0.9100471 0.8856567 0.9100471 0.8854019 0.9092404 0.8857929 0.9093427 0.8856567 0.9100471 0.8857929 0.9093427 0.8861052 0.9100901 0.8861052 0.9100901 0.8857929 0.9093427 0.8862263 0.9094632 0.8682088 0.9350906 0.8682128 0.9343004 0.86866 0.9351188 0.86866 0.9351188 0.8682128 0.9343004 0.868664 0.9343397 0.86866 0.9351188 0.868664 0.9343397 0.8690682 0.9352 0.8690682 0.9352 0.868664 0.9343397 0.869072 0.9344529 0.8850916 0.9091663 0.8853946 0.9083772 0.8854019 0.9092404 0.8854019 0.9092404 0.8853946 0.9083772 0.8856846 0.908504 0.8854019 0.9092404 0.8856846 0.908504 0.8857929 0.9093427 0.8857929 0.9093427 0.8856846 0.908504 0.8860501 0.9086727 0.8857929 0.9093427 0.8860501 0.9086727 0.8862263 0.9094632 0.8862263 0.9094632 0.8860501 0.9086727 0.8864552 0.908867 0.909573 0.8896531 0.9096321 0.8970326 0.9091808 0.8970817 0.909573 0.8896531 0.9091808 0.8970817 0.9090136 0.8896842 0.9090136 0.8896842 0.9091808 0.8970817 0.9087727 0.8972247 0.9090136 0.8896842 0.9087727 0.8972247 0.9085373 0.8897732 0.9019123 0.895715 0.9018244 0.8958269 0.8933944 0.8896531 0.8933944 0.8896531 0.9018244 0.8958269 0.9017215 0.8959605 0.8933944 0.8896531 0.9017215 0.8959605 0.8928988 0.889862 0.9017215 0.8959605 0.9014812 0.8962786 0.8928988 0.889862 0.8928988 0.889862 0.9014812 0.8962786 0.9012146 0.8966386 0.8928988 0.889862 0.9012146 0.8966386 0.8923142 0.8901203 0.9063556 0.9029782 0.9067665 0.9027964 0.9072552 0.9040809 0.9067665 0.9027964 0.9071373 0.9026388 0.9076433 0.9039692 0.9084808 0.904974 0.9088063 0.9048948 0.9088079 0.9063326 0.9088063 0.9048948 0.9092147 0.9048441 0.9092164 0.9063065 0.9092147 0.9048441 0.9096662 0.9048268 0.9096679 0.9062977 0.9092147 0.9048441 0.9096679 0.9062977 0.9092164 0.9063065 0.9092164 0.9063065 0.9096679 0.9062977 0.909668 0.9069601 0.9092164 0.9063065 0.909668 0.9069601 0.9092164 0.9077919 0.909668 0.9069601 0.9096679 0.9077916 0.9092164 0.9077919 0.9092164 0.9077919 0.9096679 0.9077916 0.9096664 0.9091213 0.9092164 0.9077919 0.9096664 0.9091213 0.9092147 0.9092784 0.9096664 0.9091213 0.9096662 0.9092867 0.9092147 0.9092784 0.9092147 0.9092784 0.9096662 0.9092867 0.909663 0.9107614 0.9092147 0.9092784 0.909663 0.9107614 0.9092116 0.9107444 0.9092116 0.9107444 0.909663 0.9107614 0.9096615 0.9112445 0.9092116 0.9107444 0.9096615 0.9112445 0.9092069 0.9121687 0.9092069 0.9121687 0.9096615 0.9112445 0.9096582 0.9121938 0.9092069 0.9121687 0.9096582 0.9121938 0.9092006 0.9135304 0.9092006 0.9135304 0.9096582 0.9121938 0.9096534 0.9132655 0.9096534 0.9132655 0.9096519 0.9135634 0.9092006 0.9135304 0.9092006 0.9135304 0.9096519 0.9135634 0.9096443 0.9148499 0.9092006 0.9135304 0.9096443 0.9148499 0.9091929 0.9148095 0.9091929 0.9148095 0.9096443 0.9148499 0.9096423 0.9151226 0.9091929 0.9148095 0.9096423 0.9151226 0.9091841 0.9159876 0.9091841 0.9159876 0.9096423 0.9151226 0.9096353 0.9160348 0.9156239 0.9354892 0.9151731 0.9355408 0.915624 0.9343975 0.909174 0.9170473 0.9096353 0.9160348 0.9096286 0.9167596 0.9151732 0.9348223 0.9151732 0.9344428 0.915624 0.9343975 0.915624 0.9343975 0.9151732 0.9344428 0.9151733 0.9332301 0.915624 0.9343975 0.9151733 0.9332301 0.915624 0.9331917 0.915624 0.9331917 0.9151733 0.9332301 0.9151733 0.9330889 0.915624 0.9331917 0.9151733 0.9330889 0.9156242 0.9318895 0.9156242 0.9318895 0.9151733 0.9330889 0.9151734 0.9319203 0.9156242 0.9318895 0.9151734 0.9319203 0.9156243 0.9305098 0.9156243 0.9305098 0.9151734 0.9319203 0.9151734 0.9311577 0.9151734 0.9311577 0.9151734 0.9305326 0.9156243 0.9305098 0.9156243 0.9305098 0.9151734 0.9305326 0.9151735 0.9290873 0.9156243 0.9305098 0.9151735 0.9290873 0.9156243 0.9290729 0.9156243 0.9290729 0.9151735 0.9290873 0.9151735 0.9276054 0.9156243 0.9290729 0.9151735 0.9276054 0.9156244 0.9275994 0.9156244 0.9275994 0.9151735 0.9276054 0.9151735 0.9269406 0.9156244 0.9275994 0.9151735 0.9269406 0.9156244 0.9261111 0.9151735 0.9269406 0.9151735 0.9261085 0.9156244 0.9261111 0.9156244 0.9261111 0.9151735 0.9261085 0.9151737 0.9247829 0.9156244 0.9261111 0.9151737 0.9247829 0.9156244 0.9246297 0.9151737 0.9247829 0.9151737 0.9246184 0.9156244 0.9246297 0.9156244 0.9246297 0.9151737 0.9246184 0.9151737 0.9231569 0.9156244 0.9246297 0.9151737 0.9231569 0.9156244 0.9231765 0.9156244 0.9231765 0.9151737 0.9231569 0.9151737 0.9226798 0.9156244 0.9231765 0.9151737 0.9226798 0.9156244 0.9217731 0.9156244 0.9217731 0.9151737 0.9226798 0.9151735 0.9217453 0.9156244 0.9217731 0.9151735 0.9217453 0.9156244 0.9204397 0.9156244 0.9204397 0.9151735 0.9217453 0.9151735 0.9206951 0.9151735 0.9206951 0.9151735 0.9204041 0.9156244 0.9204397 0.9156244 0.9204397 0.9151735 0.9204041 0.9151735 0.919153 0.9156244 0.9204397 0.9151735 0.919153 0.9156243 0.9191958 0.9156243 0.9191958 0.9151735 0.919153 0.9151735 0.9188891 0.9156243 0.9191958 0.9151735 0.9188891 0.9156243 0.9180595 0.9156243 0.9180595 0.9151735 0.9188891 0.9151734 0.9180101 0.9156243 0.9180595 0.9151734 0.9180101 0.9156242 0.9170475 0.9156242 0.9170475 0.9151734 0.9180101 0.9151734 0.9173167 0.8682287 0.9440249 0.8682259 0.9436786 0.8686771 0.9436286 0.8686771 0.9436286 0.8682259 0.9436786 0.8682187 0.9425571 0.8686771 0.9436286 0.8682187 0.9425571 0.8686699 0.9425134 0.8686699 0.9425134 0.8682187 0.9425571 0.868218 0.9424253 0.8686699 0.9425134 0.868218 0.9424253 0.8686639 0.9412875 0.8686639 0.9412875 0.868218 0.9424253 0.8682126 0.9413241 0.8686639 0.9412875 0.8682126 0.9413241 0.8686593 0.9399688 0.8686593 0.9399688 0.8682126 0.9413241 0.8682098 0.9405975 0.8682098 0.9405975 0.8682079 0.9399977 0.8686593 0.9399688 0.8686593 0.9399688 0.8682079 0.9399977 0.8682047 0.9385972 0.8686593 0.9399688 0.8682047 0.9385972 0.868656 0.9385764 0.9088063 0.9048948 0.9092164 0.9063065 0.9088079 0.9063326 0.9088079 0.9063326 0.9092164 0.9063065 0.9092164 0.9077919 0.9088079 0.9063326 0.9092164 0.9077919 0.9088079 0.907793 0.9088079 0.907793 0.9092164 0.9077919 0.9092147 0.9092784 0.9088079 0.907793 0.9092147 0.9092784 0.9088063 0.9092546 0.9088063 0.9092546 0.9092147 0.9092784 0.9092116 0.9107444 0.9088063 0.9092546 0.9092116 0.9107444 0.9088031 0.910696 0.9088031 0.910696 0.9092116 0.9107444 0.9092069 0.9121687 0.9088031 0.910696 0.9092069 0.9121687 0.9087985 0.9120963 0.9087985 0.9120963 0.9092069 0.9121687 0.9092006 0.9135304 0.9087985 0.9120963 0.9092006 0.9135304 0.9087924 0.913435 0.9087924 0.913435 0.9092006 0.9135304 0.9091929 0.9148095 0.9087924 0.913435 0.9091929 0.9148095 0.9087849 0.9146927 0.9087849 0.9146927 0.9091929 0.9148095 0.9091841 0.9159876 0.9087849 0.9146927 0.9091841 0.9159876 0.9087761 0.915851 0.9160305 0.9353395 0.9156239 0.9354892 0.915624 0.9343975 0.9160305 0.9353395 0.915624 0.9343975 0.9160307 0.9342661 0.9160307 0.9342661 0.915624 0.9343975 0.915624 0.9331917 0.9160307 0.9342661 0.915624 0.9331917 0.9160307 0.9330806 0.9160307 0.9330806 0.915624 0.9331917 0.9156242 0.9318895 0.9160307 0.9330806 0.9156242 0.9318895 0.9160308 0.9318003 0.9160308 0.9318003 0.9156242 0.9318895 0.9156243 0.9305098 0.9160308 0.9318003 0.9156243 0.9305098 0.9160309 0.9304438 0.9160309 0.9304438 0.9156243 0.9305098 0.9156243 0.9290729 0.9160309 0.9304438 0.9156243 0.9290729 0.9160309 0.9290309 0.9160309 0.9290309 0.9156243 0.9290729 0.9156244 0.9275994 0.9160309 0.9290309 0.9156244 0.9275994 0.916031 0.9275823 0.916031 0.9275823 0.9156244 0.9275994 0.9156244 0.9261111 0.916031 0.9275823 0.9156244 0.9261111 0.916031 0.926119 0.916031 0.926119 0.9156244 0.9261111 0.9156244 0.9246297 0.916031 0.926119 0.9156244 0.9246297 0.916031 0.9246624 0.916031 0.9246624 0.9156244 0.9246297 0.9156244 0.9231765 0.916031 0.9246624 0.9156244 0.9231765 0.916031 0.9232338 0.916031 0.9232338 0.9156244 0.9231765 0.9156244 0.9217731 0.916031 0.9232338 0.9156244 0.9217731 0.916031 0.9218539 0.916031 0.9218539 0.9156244 0.9217731 0.9156244 0.9204397 0.916031 0.9218539 0.9156244 0.9204397 0.916031 0.9205428 0.916031 0.9205428 0.9156244 0.9204397 0.9156243 0.9191958 0.916031 0.9205428 0.9156243 0.9191958 0.9160309 0.9193199 0.9160309 0.9193199 0.9156243 0.9191958 0.9156243 0.9180595 0.9160309 0.9193199 0.9156243 0.9180595 0.9160309 0.9182026 0.9160309 0.9182026 0.9156243 0.9180595 0.9156242 0.9170475 0.9160309 0.9182026 0.9156242 0.9170475 0.9160308 0.9172076 0.8690851 0.9434825 0.8686771 0.9436286 0.8686699 0.9425134 0.8690851 0.9434825 0.8686699 0.9425134 0.8690779 0.942386 0.8690779 0.942386 0.8686699 0.9425134 0.8686639 0.9412875 0.8690779 0.942386 0.8686639 0.9412875 0.8690721 0.9411808 0.8690721 0.9411808 0.8686639 0.9412875 0.8686593 0.9399688 0.8690721 0.9411808 0.8686593 0.9399688 0.8690676 0.9398842 0.8690676 0.9398842 0.8686593 0.9399688 0.868656 0.9385764 0.8690676 0.9398842 0.868656 0.9385764 0.8690643 0.9385152 0.9084808 0.904974 0.9088079 0.9063326 0.9084823 0.9063735 0.9084823 0.9063735 0.9088079 0.9063326 0.9088079 0.907793 0.9084823 0.9063735 0.9088079 0.907793 0.9084823 0.907795 0.9084823 0.907795 0.9088079 0.907793 0.9088063 0.9092546 0.9084823 0.907795 0.9088063 0.9092546 0.9084808 0.9092176 0.9081577 0.9067636 0.9084798 0.9067586 0.9084808 0.9082207 0.9081577 0.9067636 0.9084808 0.9082207 0.9081587 0.9081868 0.9081587 0.9081868 0.9084808 0.9082207 0.9083053 0.9096723 0.9081587 0.9081868 0.9083053 0.9096723 0.9079878 0.9095997 0.9079878 0.9095997 0.9083053 0.9096723 0.9079559 0.9110922 0.9079878 0.9095997 0.9079559 0.9110922 0.9076477 0.9109818 0.9076477 0.9109818 0.9079559 0.9110922 0.9074378 0.9124596 0.9076477 0.9109818 0.9074378 0.9124596 0.9071434 0.9123129 0.9071434 0.9123129 0.9074378 0.9124596 0.9067584 0.9137547 0.9071434 0.9123129 0.9067584 0.9137547 0.9064821 0.9135735 0.9064821 0.9135735 0.9067584 0.9137547 0.9059277 0.9149585 0.9064821 0.9135735 0.9059277 0.9149585 0.9056735 0.9147453 0.9056735 0.9147453 0.9059277 0.9149585 0.9049578 0.9160536 0.9056735 0.9147453 0.9049578 0.9160536 0.9047295 0.9158112 0.9047295 0.9158112 0.9049578 0.9160536 0.9038628 0.9170239 0.9047295 0.9158112 0.9038628 0.9170239 0.9036638 0.9167556 0.9036638 0.9167556 0.9038628 0.9170239 0.9026588 0.9178553 0.9036638 0.9167556 0.9026588 0.9178553 0.9024917 0.9175649 0.9024917 0.9175649 0.9026588 0.9178553 0.9013633 0.9185356 0.9024917 0.9175649 0.9013633 0.9185356 0.9012307 0.918227 0.9012307 0.918227 0.9013633 0.9185356 0.8999951 0.9190549 0.9012307 0.918227 0.8999951 0.9190549 0.8998989 0.9187325 0.8998989 0.9187325 0.8999951 0.9190549 0.8985742 0.9194057 0.8998989 0.9187325 0.8985742 0.9194057 0.8985158 0.9190741 0.8985158 0.9190741 0.8985742 0.9194057 0.8971213 0.9195829 0.8985158 0.9190741 0.8971213 0.9195829 0.8971017 0.9192464 0.8971017 0.9192464 0.8971213 0.9195829 0.8956577 0.9195838 0.8971017 0.9192464 0.8956577 0.9195838 0.895677 0.9192474 0.895677 0.9192474 0.8956577 0.9195838 0.8942046 0.9194085 0.895677 0.9192474 0.8942046 0.9194085 0.8942626 0.9190767 0.8942626 0.9190767 0.8942046 0.9194085 0.8927833 0.9190595 0.8942626 0.9190767 0.8927833 0.9190595 0.8928791 0.9187369 0.8928791 0.9187369 0.8927833 0.9190595 0.8914144 0.9185419 0.8928791 0.9187369 0.8914144 0.9185419 0.8915467 0.9182332 0.8915467 0.9182332 0.8914144 0.9185419 0.890118 0.9178631 0.8915467 0.9182332 0.890118 0.9178631 0.8902848 0.9175726 0.8902848 0.9175726 0.890118 0.9178631 0.8889129 0.9170334 0.8902848 0.9175726 0.8889129 0.9170334 0.8891118 0.9167649 0.8891118 0.9167649 0.8889129 0.9170334 0.8878167 0.9160645 0.8891118 0.9167649 0.8878167 0.9160645 0.8880448 0.9158217 0.8880448 0.9158217 0.8878167 0.9160645 0.8868454 0.9149706 0.8880448 0.9158217 0.8868454 0.9149706 0.8870994 0.914757 0.8870994 0.914757 0.8868454 0.9149706 0.8860132 0.9137679 0.8870994 0.914757 0.8860132 0.9137679 0.8862893 0.9135863 0.8862893 0.9135863 0.8860132 0.9137679 0.8853322 0.9124737 0.8862893 0.9135863 0.8853322 0.9124737 0.8856264 0.9123265 0.9067665 0.9027964 0.9076433 0.9039692 0.9072552 0.9040809 0.9072552 0.9040809 0.9076433 0.9039692 0.9079851 0.9053508 0.9072552 0.9040809 0.9079851 0.9053508 0.9075852 0.9054149 0.9075852 0.9054149 0.9079851 0.9053508 0.9081577 0.9067636 0.9075852 0.9054149 0.9081577 0.9067636 0.9077518 0.9067789 0.9077518 0.9067789 0.9081577 0.9067636 0.9081587 0.9081868 0.9077518 0.9067789 0.9081587 0.9081868 0.9077528 0.9081531 0.9077528 0.9081531 0.9081587 0.9081868 0.9079878 0.9095997 0.9077528 0.9081531 0.9079878 0.9095997 0.9075878 0.9095174 0.9075878 0.9095174 0.9079878 0.9095997 0.9076477 0.9109818 0.9075878 0.9095174 0.9076477 0.9109818 0.9072595 0.9108518 0.9072595 0.9108518 0.9076477 0.9109818 0.9071434 0.9123129 0.9072595 0.9108518 0.9071434 0.9123129 0.9067725 0.912137 0.9067725 0.912137 0.9071434 0.9123129 0.9064821 0.9135735 0.9067725 0.912137 0.9064821 0.9135735 0.906134 0.9133542 0.906134 0.9133542 0.9064821 0.9135735 0.9056735 0.9147453 0.906134 0.9133542 0.9056735 0.9147453 0.9053533 0.9144856 0.9053533 0.9144856 0.9056735 0.9147453 0.9047295 0.9158112 0.9053533 0.9144856 0.9047295 0.9158112 0.9044418 0.9155147 0.9044418 0.9155147 0.9047295 0.9158112 0.9036638 0.9167556 0.9044418 0.9155147 0.9036638 0.9167556 0.9034127 0.9164265 0.9034127 0.9164265 0.9036638 0.9167556 0.9024917 0.9175649 0.9034127 0.9164265 0.9024917 0.9175649 0.9022812 0.917208 0.9022812 0.917208 0.9024917 0.9175649 0.9012307 0.918227 0.9022812 0.917208 0.9012307 0.918227 0.9010636 0.9178473 0.9010636 0.9178473 0.9012307 0.918227 0.8998989 0.9187325 0.9010636 0.9178473 0.8998989 0.9187325 0.8997777 0.9183354 0.8997777 0.9183354 0.8998989 0.9187325 0.8985158 0.9190741 0.8997777 0.9183354 0.8985158 0.9190741 0.8984423 0.9186651 0.8984423 0.9186651 0.8985158 0.9190741 0.8971017 0.9192464 0.8984423 0.9186651 0.8971017 0.9192464 0.8970769 0.9188316 0.8970769 0.9188316 0.8971017 0.9192464 0.895677 0.9192474 0.8970769 0.9188316 0.895677 0.9192474 0.8957013 0.9188324 0.8957013 0.9188324 0.895677 0.9192474 0.8942626 0.9190767 0.8957013 0.9188324 0.8942626 0.9190767 0.8943356 0.9186677 0.8943356 0.9186677 0.8942626 0.9190767 0.8928791 0.9187369 0.8943356 0.9186677 0.8928791 0.9187369 0.8929999 0.9183397 0.8929999 0.9183397 0.8928791 0.9187369 0.8915467 0.9182332 0.8929999 0.9183397 0.8915467 0.9182332 0.8917134 0.9178532 0.8917134 0.9178532 0.8915467 0.9182332 0.8902848 0.9175726 0.8917134 0.9178532 0.8902848 0.9175726 0.890495 0.9172154 0.890495 0.9172154 0.8902848 0.9175726 0.8891118 0.9167649 0.890495 0.9172154 0.8891118 0.9167649 0.8893623 0.9164355 0.8893623 0.9164355 0.8891118 0.9167649 0.8880448 0.9158217 0.8893623 0.9164355 0.8880448 0.9158217 0.8883321 0.915525 0.8883321 0.915525 0.8880448 0.9158217 0.8870994 0.914757 0.8883321 0.915525 0.8870994 0.914757 0.8874194 0.9144969 0.8874194 0.9144969 0.8870994 0.914757 0.8862893 0.9135863 0.8874194 0.9144969 0.8862893 0.9135863 0.8866372 0.9133665 0.8866372 0.9133665 0.8862893 0.9135863 0.8856264 0.9123265 0.8866372 0.9133665 0.8856264 0.9123265 0.8859971 0.9121502 0.9063556 0.9029782 0.9072552 0.9040809 0.9068248 0.9042119 0.9068248 0.9042119 0.9072552 0.9040809 0.9075852 0.9054149 0.9068248 0.9042119 0.9075852 0.9054149 0.9071418 0.9054931 0.9071418 0.9054931 0.9075852 0.9054149 0.9077518 0.9067789 0.9071418 0.9054931 0.9077518 0.9067789 0.9073019 0.9068032 0.9073019 0.9068032 0.9077518 0.9067789 0.9077528 0.9081531 0.9073019 0.9068032 0.9077528 0.9081531 0.9073027 0.908123 0.9073027 0.908123 0.9077528 0.9081531 0.9075878 0.9095174 0.9073027 0.908123 0.9075878 0.9095174 0.9071443 0.9094333 0.9071443 0.9094333 0.9075878 0.9095174 0.9072595 0.9108518 0.9071443 0.9094333 0.9072595 0.9108518 0.906829 0.9107149 0.906829 0.9107149 0.9072595 0.9108518 0.9067725 0.912137 0.906829 0.9107149 0.9067725 0.912137 0.9063614 0.9119492 0.9063614 0.9119492 0.9067725 0.912137 0.906134 0.9133542 0.9063614 0.9119492 0.906134 0.9133542 0.9057481 0.9131182 0.9057481 0.9131182 0.906134 0.9133542 0.9053533 0.9144856 0.9057481 0.9131182 0.9053533 0.9144856 0.9049983 0.9142048 0.9049983 0.9142048 0.9053533 0.9144856 0.9044418 0.9155147 0.9049983 0.9142048 0.9044418 0.9155147 0.9041228 0.9151932 0.9041228 0.9151932 0.9044418 0.9155147 0.9034127 0.9164265 0.9041228 0.9151932 0.9034127 0.9164265 0.9031345 0.916069 0.9031345 0.916069 0.9034127 0.9164265 0.9022812 0.917208 0.9031345 0.916069 0.9022812 0.917208 0.9020478 0.9168195 0.9020478 0.9168195 0.9022812 0.917208 0.9010636 0.9178473 0.9020478 0.9168195 0.9010636 0.9178473 0.9008783 0.9174335 0.9008783 0.9174335 0.9010636 0.9178473 0.8997777 0.9183354 0.9008783 0.9174335 0.8997777 0.9183354 0.8996433 0.9179024 0.8996433 0.9179024 0.8997777 0.9183354 0.8984423 0.9186651 0.8996433 0.9179024 0.8984423 0.9186651 0.8983607 0.918219 0.8983607 0.918219 0.8984423 0.9186651 0.8970769 0.9188316 0.8983607 0.918219 0.8970769 0.9188316 0.8970494 0.9183788 0.8970494 0.9183788 0.8970769 0.9188316 0.8957013 0.9188324 0.8970494 0.9183788 0.8957013 0.9188324 0.8957282 0.9183798 0.8957282 0.9183798 0.8957013 0.9188324 0.8943356 0.9186677 0.8957282 0.9183798 0.8943356 0.9186677 0.8944166 0.9182215 0.8944166 0.9182215 0.8943356 0.9186677 0.8929999 0.9183397 0.8944166 0.9182215 0.8929999 0.9183397 0.8931336 0.9179064 0.8931336 0.9179064 0.8929999 0.9183397 0.8917134 0.9178532 0.8931336 0.9179064 0.8917134 0.9178532 0.8918981 0.9174392 0.8918981 0.9174392 0.8917134 0.9178532 0.890495 0.9172154 0.8918981 0.9174392 0.890495 0.9172154 0.8907279 0.9168266 0.8907279 0.9168266 0.890495 0.9172154 0.8893623 0.9164355 0.8907279 0.9168266 0.8893623 0.9164355 0.8896401 0.9160776 0.8896401 0.9160776 0.8893623 0.9164355 0.8883321 0.915525 0.8896401 0.9160776 0.8883321 0.915525 0.8886507 0.9152031 0.8886507 0.9152031 0.8883321 0.915525 0.8874194 0.9144969 0.8886507 0.9152031 0.8874194 0.9144969 0.887774 0.9142158 0.887774 0.9142158 0.8874194 0.9144969 0.8866372 0.9133665 0.887774 0.9142158 0.8866372 0.9133665 0.8870228 0.9131301 0.8870228 0.9131301 0.8866372 0.9133665 0.8859971 0.9121502 0.8870228 0.9131301 0.8859971 0.9121502 0.8864081 0.9119619 0.9096613 0.9026854 0.9096625 0.9031062 0.909211 0.9031305 0.909644 0.8987558 0.9096502 0.899874 0.9091989 0.8999115 0.9096613 0.9026854 0.909211 0.9031305 0.9096571 0.9014495 0.9096321 0.8970326 0.9096419 0.8983965 0.9091808 0.8970817 0.9091808 0.8970817 0.9096419 0.8983965 0.9091905 0.89844 0.9091808 0.8970817 0.9091905 0.89844 0.9087727 0.8972247 0.9087727 0.8972247 0.9091905 0.89844 0.9087824 0.8985669 0.9019123 0.895715 0.9032859 0.8968339 0.9018244 0.8958269 0.9018244 0.8958269 0.9032859 0.8968339 0.9030694 0.8970583 0.9024941 0.8976808 0.9012146 0.8966386 0.9027965 0.8973501 0.9027965 0.8973501 0.9012146 0.8966386 0.9014812 0.8962786 0.9027965 0.8973501 0.9014812 0.8962786 0.9030694 0.8970583 0.9030694 0.8970583 0.9014812 0.8962786 0.9017215 0.8959605 0.9030694 0.8970583 0.9017215 0.8959605 0.9018244 0.8958269 0.9096419 0.8983965 0.909644 0.8987558 0.9091905 0.89844 0.9091905 0.89844 0.909644 0.8987558 0.9091989 0.8999115 0.9091905 0.89844 0.9091989 0.8999115 0.9087824 0.8985669 0.9087824 0.8985669 0.9091989 0.8999115 0.9087906 0.9000207 0.9032859 0.8968339 0.9045371 0.8980879 0.9030694 0.8970583 0.9030694 0.8970583 0.9045371 0.8980879 0.9042971 0.8982887 0.9030694 0.8970583 0.9042971 0.8982887 0.9027965 0.8973501 0.9027965 0.8973501 0.9042971 0.8982887 0.9039947 0.898551 0.9027965 0.8973501 0.9039947 0.898551 0.9024941 0.8976808 0.9024941 0.8976808 0.9039947 0.898551 0.9036595 0.8988488 0.9096502 0.899874 0.9096538 0.9006505 0.9091989 0.8999115 0.9091989 0.8999115 0.9096538 0.9006505 0.9092057 0.9014806 0.9091989 0.8999115 0.9092057 0.9014806 0.9087906 0.9000207 0.9087906 0.9000207 0.9092057 0.9014806 0.9087974 0.9015712 0.9045371 0.8980879 0.9056527 0.8994635 0.9042971 0.8982887 0.9042971 0.8982887 0.9056527 0.8994635 0.9053918 0.8996387 0.9042971 0.8982887 0.9053918 0.8996387 0.9039947 0.898551 0.9039947 0.898551 0.9053918 0.8996387 0.905063 0.8998684 0.9039947 0.898551 0.905063 0.8998684 0.9036595 0.8988488 0.9036595 0.8988488 0.905063 0.8998684 0.9046987 0.9001303 0.9096538 0.9006505 0.9096571 0.9014495 0.9092057 0.9014806 0.9092057 0.9014806 0.9096571 0.9014495 0.909211 0.9031305 0.9092057 0.9014806 0.909211 0.9031305 0.9087974 0.9015712 0.9087974 0.9015712 0.909211 0.9031305 0.9088026 0.9032016 0.9056527 0.8994635 0.9066209 0.9009465 0.9053918 0.8996387 0.9053918 0.8996387 0.9066209 0.9009465 0.9063418 0.9010939 0.9053918 0.8996387 0.9063418 0.9010939 0.905063 0.8998684 0.905063 0.8998684 0.9063418 0.9010939 0.9059903 0.9012885 0.905063 0.8998684 0.9059903 0.9012885 0.9046987 0.9001303 0.9046987 0.9001303 0.9059903 0.9012885 0.9056006 0.9015116 0.9096625 0.9031062 0.9096662 0.9048268 0.909211 0.9031305 0.909211 0.9031305 0.9096662 0.9048268 0.9092147 0.9048441 0.909211 0.9031305 0.9092147 0.9048441 0.9088026 0.9032016 0.9088026 0.9032016 0.9092147 0.9048441 0.9088063 0.9048948 0.9066209 0.9009465 0.9074314 0.9025209 0.9063418 0.9010939 0.9063418 0.9010939 0.9074314 0.9025209 0.9071373 0.9026388 0.9063418 0.9010939 0.9071373 0.9026388 0.9059903 0.9012885 0.9059903 0.9012885 0.9071373 0.9026388 0.9067665 0.9027964 0.9059903 0.9012885 0.9067665 0.9027964 0.9056006 0.9015116 0.9056006 0.9015116 0.9067665 0.9027964 0.9063556 0.9029782 0.8966258 0.9344727 0.8942919 0.9344678 0.8966233 0.9229748 0.8966233 0.9229748 0.8942919 0.9344678 0.8942895 0.9229701 0.9052615 0.9225693 0.9075954 0.922575 0.905263 0.9332351 0.905263 0.9332351 0.9075954 0.922575 0.9075968 0.9332407 0.8875604 0.9428521 0.8898944 0.9428521 0.8875604 0.9429396 0.8875604 0.9429396 0.8898944 0.9428521 0.8898944 0.9429396 0.8801468 0.9448403 0.8767351 0.9447516 0.8757535 0.9440245 0.8757535 0.9440245 0.8767351 0.9447516 0.8752428 0.9442691 0.8752428 0.9442691 0.8767351 0.9447516 0.87333 0.9445231 0.8752428 0.9442691 0.87333 0.9445231 0.8746783 0.9442258 0.8743305 0.9423649 0.8740105 0.9428319 0.8699373 0.9441551 0.8699373 0.9441551 0.8740105 0.9428319 0.8739667 0.9433961 0.8699373 0.9441551 0.8739667 0.9433961 0.87333 0.9445231 0.87333 0.9445231 0.8739667 0.9433961 0.8742112 0.9439063 0.87333 0.9445231 0.8742112 0.9439063 0.8746783 0.9442258 0.8752428 0.9355244 0.8758729 0.9424831 0.8746783 0.9354811 0.8746783 0.9354811 0.8758729 0.9424831 0.8754059 0.9421636 0.8746783 0.9354811 0.8754059 0.9421636 0.8742112 0.9351616 0.8742112 0.9351616 0.8754059 0.9421636 0.8748413 0.9421203 0.8752428 0.9355244 0.8757535 0.9352797 0.8758729 0.9424831 0.8758729 0.9424831 0.8757535 0.9352797 0.8801468 0.9329887 0.8758729 0.9424831 0.8801468 0.9329887 0.8761174 0.9429933 0.8761174 0.9429933 0.8801468 0.9329887 0.8801468 0.9448403 0.8761174 0.9429933 0.8801468 0.9448403 0.8760737 0.9435575 0.8760737 0.9435575 0.8801468 0.9448403 0.8757535 0.9440245 0.8757535 0.9352797 0.8760737 0.9348127 0.8801468 0.9329887 0.8801468 0.9329887 0.8760737 0.9348127 0.8761174 0.9342486 0.8801468 0.9329887 0.8761174 0.9342486 0.8758729 0.9337384 0.8758729 0.9337384 0.8754059 0.9334188 0.8801468 0.9329887 0.8801468 0.9329887 0.8754059 0.9334188 0.8748413 0.9333756 0.8801468 0.9329887 0.8748413 0.9333756 0.8699373 0.9329963 0.8699373 0.9329963 0.8748413 0.9333756 0.8743305 0.9336202 0.8748413 0.9421203 0.8743305 0.9423649 0.8742112 0.9351616 0.8742112 0.9351616 0.8743305 0.9423649 0.8699373 0.9441551 0.8742112 0.9351616 0.8699373 0.9441551 0.8739667 0.9346514 0.8739667 0.9346514 0.8699373 0.9441551 0.8699373 0.9329963 0.8739667 0.9346514 0.8699373 0.9329963 0.8740105 0.9340872 0.8740105 0.9340872 0.8699373 0.9329963 0.8743305 0.9336202 0.8801388 0.931273 0.8767462 0.9316409 0.875865 0.9310241 0.8733411 0.9318694 0.8699294 0.931958 0.8740026 0.9306752 0.8740026 0.9219303 0.8743227 0.9223973 0.8757457 0.9294827 0.8757457 0.9294827 0.8743227 0.9223973 0.8748334 0.9226419 0.8757457 0.9294827 0.8748334 0.9226419 0.8753979 0.9225987 0.8740026 0.9306752 0.8743227 0.9311422 0.8733411 0.9318694 0.8733411 0.9318694 0.8743227 0.9311422 0.8748334 0.9313868 0.8733411 0.9318694 0.8748334 0.9313868 0.8767462 0.9316409 0.8767462 0.9316409 0.8748334 0.9313868 0.8753979 0.9313436 0.8767462 0.9316409 0.8753979 0.9313436 0.875865 0.9310241 0.8742033 0.9208559 0.8739588 0.9213661 0.8699294 0.9201061 0.8699294 0.9201061 0.8739588 0.9213661 0.8740026 0.9219303 0.8757457 0.9294827 0.8752349 0.9292381 0.8740026 0.9219303 0.8740026 0.9219303 0.8752349 0.9292381 0.8746703 0.9292812 0.8740026 0.9219303 0.8746703 0.9292812 0.8699294 0.9201061 0.8699294 0.9201061 0.8746703 0.9292812 0.8742033 0.9296008 0.8699294 0.9201061 0.8742033 0.9296008 0.8699294 0.931958 0.8699294 0.931958 0.8742033 0.9296008 0.8739588 0.9301109 0.8699294 0.931958 0.8739588 0.9301109 0.8740026 0.9306752 0.875865 0.9222791 0.8761094 0.9217689 0.8801388 0.9201139 0.8801388 0.9201139 0.8761094 0.9217689 0.8760657 0.9212047 0.8753979 0.9225987 0.875865 0.9222791 0.8757457 0.9294827 0.8757457 0.9294827 0.875865 0.9222791 0.8801388 0.9201139 0.8757457 0.9294827 0.8801388 0.9201139 0.8760657 0.9299497 0.8760657 0.9299497 0.8801388 0.9201139 0.8801388 0.931273 0.8760657 0.9299497 0.8801388 0.931273 0.8761094 0.9305139 0.8761094 0.9305139 0.8801388 0.931273 0.875865 0.9310241 0.8760657 0.9212047 0.8757457 0.9207378 0.8801388 0.9201139 0.8801388 0.9201139 0.8757457 0.9207378 0.8752349 0.9204931 0.8801388 0.9201139 0.8752349 0.9204931 0.8699294 0.9201061 0.8699294 0.9201061 0.8752349 0.9204931 0.8746703 0.9205363 0.8699294 0.9201061 0.8746703 0.9205363 0.8742033 0.9208559 0.8806585 0.9216825 0.8829923 0.9216877 0.8806595 0.922203 0.8806595 0.922203 0.8829923 0.9216877 0.8829934 0.9222082 0.8815014 0.9324645 0.8838354 0.9324645 0.8815014 0.9329043 0.8815014 0.9329043 0.8838354 0.9324645 0.8838354 0.9329043 0.8815014 0.9329043 0.8838354 0.9329043 0.8815014 0.9334548 0.8815014 0.9334548 0.8838354 0.9329043 0.8838354 0.9334548 0.8815014 0.9334548 0.8838354 0.9334548 0.8815014 0.9340297 0.8815014 0.9340297 0.8838354 0.9334548 0.8838354 0.9340297 0.8815014 0.9340297 0.8838354 0.9340297 0.8815014 0.937567 0.8815014 0.937567 0.8838354 0.9340297 0.8838354 0.937567 0.8815014 0.937567 0.8838354 0.937567 0.8815014 0.9410524 0.8815014 0.9410524 0.8838354 0.937567 0.8838354 0.9410524 0.8815014 0.9410524 0.8838354 0.9410524 0.8815014 0.9416256 0.8815014 0.9416256 0.8838354 0.9410524 0.8838354 0.9416256 0.8971404 0.9384171 0.8948065 0.9384147 0.8971435 0.9377771 0.8971435 0.9377771 0.8948065 0.9384147 0.8948096 0.9377747 0.8971435 0.9377771 0.8948096 0.9377747 0.8971439 0.937074 0.8971439 0.937074 0.8948096 0.9377747 0.89481 0.9370715 0.899513 0.9324682 0.8971439 0.9326258 0.8972813 0.9292809 0.9008582 0.9236419 0.9009436 0.9273577 0.8993042 0.92225 0.9009436 0.9273577 0.9008714 0.9310736 0.8972813 0.9292809 0.8971439 0.9223938 0.8993042 0.92225 0.8971441 0.9223983 0.8971441 0.9223983 0.8993042 0.92225 0.9009436 0.9273577 0.8971441 0.9223983 0.9009436 0.9273577 0.8972833 0.9258382 0.8972833 0.9258382 0.9009436 0.9273577 0.8972813 0.9292809 0.9008714 0.9310736 0.9006739 0.9317492 0.8972813 0.9292809 0.8972813 0.9292809 0.9006739 0.9317492 0.9001829 0.9322533 0.8972813 0.9292809 0.9001829 0.9322533 0.899513 0.9324682 0.8998761 0.9223266 0.9003737 0.922619 0.8993042 0.92225 0.8993042 0.92225 0.9003737 0.922619 0.9007192 0.9230816 0.8993042 0.92225 0.9007192 0.9230816 0.9008582 0.9236419 0.9025831 0.92225 0.9047436 0.9223937 0.9047433 0.9223982 0.9015136 0.922619 0.9020113 0.9223266 0.9025831 0.92225 0.9047436 0.9326257 0.9023744 0.9324681 0.9046061 0.9292808 0.9046061 0.9292808 0.9023744 0.9324681 0.9017044 0.9322531 0.9009436 0.9273577 0.9046041 0.9258382 0.901016 0.9310734 0.901016 0.9310734 0.9046041 0.9258382 0.9046061 0.9292808 0.901016 0.9310734 0.9046061 0.9292808 0.9012135 0.9317491 0.9012135 0.9317491 0.9046061 0.9292808 0.9017044 0.9322531 0.9011682 0.9230816 0.9015136 0.922619 0.9010291 0.9236419 0.9010291 0.9236419 0.9015136 0.922619 0.9025831 0.92225 0.9010291 0.9236419 0.9025831 0.92225 0.9009436 0.9273577 0.9009436 0.9273577 0.9025831 0.92225 0.9047433 0.9223982 0.9009436 0.9273577 0.9047433 0.9223982 0.9046041 0.9258382 0.8971404 0.9348044 0.8971439 0.937074 0.8948065 0.9348021 0.8948065 0.9348021 0.8971439 0.937074 0.89481 0.9370715 0.8829923 0.9195873 0.8829923 0.9216877 0.8806585 0.919582 0.8806585 0.919582 0.8829923 0.9216877 0.8806585 0.9216825 0.8942919 0.9344678 0.8966258 0.9344727 0.8942925 0.9347257 0.8942925 0.9347257 0.8966258 0.9344727 0.8966264 0.9347304 0.8942925 0.9347257 0.8966264 0.9347304 0.8942928 0.9347973 0.8942928 0.9347973 0.8966264 0.9347304 0.8966267 0.9348021 0.8875604 0.9324833 0.8898944 0.9324833 0.8875604 0.9326371 0.8875604 0.9326371 0.8898944 0.9324833 0.8898944 0.9326371 0.8875604 0.9326371 0.8898944 0.9326371 0.8875604 0.9328115 0.8875604 0.9328115 0.8898944 0.9326371 0.8898944 0.9328115 0.8875604 0.9328115 0.8898944 0.9328115 0.8875604 0.9329087 0.8875604 0.9329087 0.8898944 0.9328115 0.8898944 0.9329087 0.8875604 0.9329087 0.8898944 0.9329087 0.8875604 0.9331892 0.8875604 0.9331892 0.8898944 0.9329087 0.8898944 0.9331892 0.8942895 0.9229701 0.8942919 0.9344678 0.8940109 0.9229558 0.8940109 0.9229558 0.8942919 0.9344678 0.8940133 0.9344536 0.8940109 0.9229558 0.8940133 0.9344536 0.8937757 0.9229164 0.8937757 0.9229164 0.8940133 0.9344536 0.8937781 0.9344142 0.8806586 0.9329794 0.8806586 0.944831 0.8804249 0.9329861 0.8804249 0.9329861 0.8806586 0.944831 0.8804249 0.9448378 0.8804249 0.9329861 0.8804249 0.9448378 0.8801468 0.9329887 0.8801468 0.9329887 0.8804249 0.9448378 0.8801468 0.9448403 0.8872813 0.9329152 0.8875604 0.9329087 0.8875604 0.9331892 0.8801468 0.9448403 0.8802514 0.945096 0.8801441 0.9451169 0.8801441 0.9451169 0.8802514 0.945096 0.8803381 0.9453082 0.8801441 0.9451169 0.8803381 0.9453082 0.8801397 0.9453467 0.8870447 0.9331355 0.8870447 0.9329342 0.8872813 0.9329152 0.8870447 0.9331355 0.8872813 0.9329152 0.8872813 0.9331784 0.8872813 0.9331784 0.8872813 0.9329152 0.8875604 0.9331892 0.8872813 0.9331784 0.8875604 0.9331892 0.8875604 0.9331935 0.8872813 0.9326644 0.8875604 0.9326371 0.8875604 0.9328115 0.8801468 0.9448403 0.8803425 0.9450357 0.8802514 0.945096 0.8802514 0.945096 0.8803425 0.9450357 0.8805064 0.9451966 0.8802514 0.945096 0.8805064 0.9451966 0.8803381 0.9453082 0.8870447 0.9329342 0.8870447 0.9327421 0.8872813 0.9326644 0.8870447 0.9329342 0.8872813 0.9326644 0.8872813 0.9329152 0.8872813 0.9329152 0.8872813 0.9326644 0.8875604 0.9328115 0.8872813 0.9329152 0.8875604 0.9328115 0.8875604 0.9329087 0.8940138 0.9346918 0.8942925 0.9347257 0.8942928 0.9347973 0.8801468 0.9448403 0.8804035 0.944945 0.8803425 0.9450357 0.8803425 0.9450357 0.8804035 0.944945 0.8806191 0.945029 0.8803425 0.9450357 0.8806191 0.945029 0.8805064 0.9451966 0.8870447 0.9327421 0.8870447 0.9325891 0.8872813 0.9324645 0.8870447 0.9327421 0.8872813 0.9324645 0.8872813 0.9326644 0.8872813 0.9326644 0.8872813 0.9324645 0.8875604 0.9324833 0.8872813 0.9326644 0.8875604 0.9324833 0.8875604 0.9326371 0.8801468 0.9448403 0.8804249 0.9448378 0.8804035 0.944945 0.8804035 0.944945 0.8804249 0.9448378 0.8806586 0.944831 0.8804035 0.944945 0.8806586 0.944831 0.8806191 0.945029 0.8937786 0.9345965 0.8937781 0.9344142 0.8940133 0.9344536 0.8937786 0.9345965 0.8940133 0.9344536 0.8940138 0.9346918 0.8940138 0.9346918 0.8940133 0.9344536 0.8942919 0.9344678 0.8940138 0.9346918 0.8942919 0.9344678 0.8942925 0.9347257 0.8801468 0.9329887 0.8699373 0.9329963 0.8801458 0.9327074 0.8801458 0.9327074 0.8699373 0.9329963 0.8699364 0.9327151 0.8801458 0.9327074 0.8699364 0.9327151 0.8801451 0.9326202 0.8801451 0.9326202 0.8699364 0.9327151 0.8699356 0.9326278 0.8801451 0.9326202 0.8699356 0.9326278 0.8801429 0.9324645 0.8801429 0.9324645 0.8699356 0.9326278 0.8699335 0.9324721 0.8937757 0.932845 0.8937756 0.9428448 0.8936247 0.9328215 0.8936247 0.9328215 0.8937756 0.9428448 0.8936244 0.9428214 0.8936247 0.9328215 0.8936244 0.9428214 0.8935391 0.9328131 0.8935391 0.9328131 0.8936244 0.9428214 0.8935388 0.9428128 0.8935391 0.9328131 0.8935388 0.9428128 0.8932599 0.9328017 0.8932599 0.9328017 0.8935388 0.9428128 0.8932598 0.9428016 0.8801468 0.9329887 0.8802526 0.9327287 0.8803431 0.932789 0.8803431 0.932789 0.8802526 0.9327287 0.8803403 0.9325036 0.8803431 0.932789 0.8803403 0.9325036 0.8805076 0.9326151 0.893777 0.9225258 0.8937786 0.9223763 0.8940146 0.92225 0.893777 0.9225258 0.8940146 0.92225 0.8940126 0.9224454 0.8801451 0.9326202 0.8801429 0.9324645 0.8803403 0.9325036 0.8937757 0.9326596 0.8937757 0.932845 0.8936247 0.9328215 0.8937757 0.9326596 0.8936247 0.9328215 0.8935391 0.9325708 0.8935391 0.9325708 0.8936247 0.9328215 0.8935391 0.9328131 0.8935391 0.9325708 0.8935391 0.9328131 0.8932599 0.9328017 0.8801468 0.9329887 0.8804036 0.9328795 0.8804249 0.9329861 0.8804249 0.9329861 0.8804036 0.9328795 0.8806194 0.9327822 0.8804249 0.9329861 0.8806194 0.9327822 0.8806586 0.9329794 0.8937757 0.9229164 0.8937761 0.9227154 0.8940113 0.9226933 0.8937757 0.9229164 0.8940113 0.9226933 0.8940109 0.9229558 0.8940109 0.9229558 0.8940113 0.9226933 0.8942899 0.9226859 0.8940109 0.9229558 0.8942899 0.9226859 0.8942895 0.9229701 0.8801468 0.9329887 0.8803431 0.932789 0.8804036 0.9328795 0.8804036 0.9328795 0.8803431 0.932789 0.8805076 0.9326151 0.8804036 0.9328795 0.8805076 0.9326151 0.8806194 0.9327822 0.8937761 0.9227154 0.893777 0.9225258 0.8940126 0.9224454 0.8937761 0.9227154 0.8940126 0.9224454 0.8940113 0.9226933 0.8940113 0.9226933 0.8940126 0.9224454 0.8942903 0.9225925 0.8940113 0.9226933 0.8942903 0.9225925 0.8942899 0.9226859 0.8801451 0.9326202 0.8803403 0.9325036 0.8801458 0.9327074 0.8801458 0.9327074 0.8803403 0.9325036 0.8802526 0.9327287 0.8801458 0.9327074 0.8802526 0.9327287 0.8801468 0.9329887 0.8932599 0.9328017 0.89326 0.9325397 0.8935391 0.9325708 0.8935391 0.9325708 0.89326 0.9325397 0.89326 0.9324645 0.8940146 0.92225 0.8942927 0.922268 0.8940126 0.9224454 0.8940126 0.9224454 0.8942927 0.922268 0.8942913 0.9224175 0.8940126 0.9224454 0.8942913 0.9224175 0.8942903 0.9225925 0.8767351 0.9447516 0.8801468 0.9448403 0.8801441 0.9451169 0.87333 0.9445231 0.8767351 0.9447516 0.8767209 0.945028 0.8699373 0.9441551 0.87333 0.9445231 0.8733044 0.9447986 0.8872813 0.9397191 0.8875604 0.9397385 0.8875604 0.9428521 0.8699373 0.9441551 0.8733044 0.9447986 0.8699004 0.9444293 0.8699004 0.9444293 0.8733044 0.9447986 0.8732807 0.9450275 0.8699004 0.9444293 0.8732807 0.9450275 0.869867 0.9446572 0.8870447 0.9428569 0.8870447 0.9396639 0.8872813 0.9397191 0.8870447 0.9428569 0.8872813 0.9397191 0.8872813 0.9429182 0.8872813 0.9429182 0.8872813 0.9397191 0.8875604 0.9428521 0.8872813 0.9429182 0.8875604 0.9428521 0.8875604 0.9429396 0.87333 0.9445231 0.8767209 0.945028 0.8733044 0.9447986 0.8733044 0.9447986 0.8767209 0.945028 0.8767069 0.9452574 0.8733044 0.9447986 0.8767069 0.9452574 0.8732807 0.9450275 0.8870447 0.9396639 0.8870447 0.9364216 0.8872813 0.9364708 0.8870447 0.9396639 0.8872813 0.9364708 0.8872813 0.9397191 0.8872813 0.9397191 0.8872813 0.9364708 0.8875604 0.9364879 0.8872813 0.9397191 0.8875604 0.9364879 0.8875604 0.9397385 0.8767351 0.9447516 0.8801441 0.9451169 0.8767209 0.945028 0.8767209 0.945028 0.8801441 0.9451169 0.8801397 0.9453467 0.8767209 0.945028 0.8801397 0.9453467 0.8767069 0.9452574 0.8870447 0.9364216 0.8870447 0.9331355 0.8872813 0.9331784 0.8870447 0.9364216 0.8872813 0.9331784 0.8872813 0.9364708 0.8872813 0.9364708 0.8872813 0.9331784 0.8875604 0.9331935 0.8872813 0.9364708 0.8875604 0.9331935 0.8875604 0.9364879 0.9075968 0.9332407 0.9075954 0.922575 0.9078754 0.9332578 0.9078754 0.9332578 0.9075954 0.922575 0.907874 0.9225921 0.9078754 0.9332578 0.907874 0.9225921 0.9081107 0.9333053 0.9081107 0.9333053 0.907874 0.9225921 0.9081093 0.9226396 0.8694178 0.9441465 0.8694178 0.9329878 0.8696573 0.944153 0.8696573 0.944153 0.8694178 0.9329878 0.8696573 0.9329941 0.8696573 0.944153 0.8696573 0.9329941 0.8699373 0.9441551 0.8699373 0.9441551 0.8696573 0.9329941 0.8699373 0.9329963 0.8699373 0.9329963 0.8698295 0.9327364 0.8699364 0.9327151 0.8699364 0.9327151 0.8698295 0.9327364 0.8699356 0.9326278 0.8699356 0.9326278 0.8698295 0.9327364 0.8697361 0.9325115 0.8699356 0.9326278 0.8697361 0.9325115 0.8699335 0.9324721 0.8937756 0.9428448 0.8937756 0.943046 0.8936244 0.9428214 0.8936244 0.9428214 0.8937756 0.943046 0.8935388 0.9430757 0.8936244 0.9428214 0.8935388 0.9430757 0.8935388 0.9428128 0.8935388 0.9428128 0.8935388 0.9430757 0.8932598 0.9430862 0.8935388 0.9428128 0.8932598 0.9430862 0.8932598 0.9428016 0.893539 0.9433193 0.8932598 0.9433498 0.8932598 0.9431785 0.8699373 0.9329963 0.8697391 0.932797 0.8698295 0.9327364 0.8698295 0.9327364 0.8697391 0.932797 0.8695688 0.9326233 0.8698295 0.9327364 0.8695688 0.9326233 0.8697361 0.9325115 0.8937756 0.943046 0.8937756 0.9432325 0.893539 0.9433193 0.8937756 0.943046 0.893539 0.9433193 0.8935388 0.9430757 0.8935388 0.9430757 0.893539 0.9433193 0.8932598 0.9431785 0.8935388 0.9430757 0.8932598 0.9431785 0.8932598 0.9430862 0.9078735 0.922361 0.9075948 0.9223249 0.9075945 0.9222556 0.8699373 0.9329963 0.8696785 0.9328874 0.8697391 0.932797 0.8697391 0.932797 0.8696785 0.9328874 0.8694571 0.9327905 0.8697391 0.932797 0.8694571 0.9327905 0.8695688 0.9326233 0.8937756 0.9432325 0.8937756 0.9433758 0.893539 0.9435066 0.8937756 0.9432325 0.893539 0.9435066 0.893539 0.9433193 0.893539 0.9433193 0.893539 0.9435066 0.8932598 0.943494 0.893539 0.9433193 0.8932598 0.943494 0.8932598 0.9433498 0.8699373 0.9329963 0.8696573 0.9329941 0.8696785 0.9328874 0.8696785 0.9328874 0.8696573 0.9329941 0.8694178 0.9329878 0.8696785 0.9328874 0.8694178 0.9329878 0.8694571 0.9327905 0.908109 0.9224627 0.9081093 0.9226396 0.907874 0.9225921 0.908109 0.9224627 0.907874 0.9225921 0.9078735 0.922361 0.9078735 0.922361 0.907874 0.9225921 0.9075954 0.922575 0.9078735 0.922361 0.9075954 0.922575 0.9075948 0.9223249 0.8966233 0.9229748 0.8942895 0.9229701 0.8966237 0.9226906 0.8966237 0.9226906 0.8942895 0.9229701 0.8942899 0.9226859 0.8966237 0.9226906 0.8942899 0.9226859 0.8966241 0.9225973 0.8966241 0.9225973 0.8942899 0.9226859 0.8942903 0.9225925 0.8966241 0.9225973 0.8942903 0.9225925 0.8966252 0.9224224 0.8966252 0.9224224 0.8942903 0.9225925 0.8942913 0.9224175 0.8966252 0.9224224 0.8942913 0.9224175 0.8966266 0.9222729 0.8966266 0.9222729 0.8942913 0.9224175 0.8942927 0.922268 0.890926 0.9324645 0.89326 0.9324645 0.890926 0.9325397 0.890926 0.9325397 0.89326 0.9324645 0.89326 0.9325397 0.890926 0.9325397 0.89326 0.9325397 0.890926 0.9328017 0.890926 0.9328017 0.89326 0.9325397 0.8932599 0.9328017 0.8699373 0.9441551 0.8696889 0.9442818 0.8696573 0.944153 0.8696573 0.944153 0.8696889 0.9442818 0.8694762 0.9443847 0.8696573 0.944153 0.8694762 0.9443847 0.8694178 0.9441465 0.9081107 0.9333053 0.9081103 0.9335502 0.9078748 0.9335778 0.9081107 0.9333053 0.9078748 0.9335778 0.9078754 0.9332578 0.9078754 0.9332578 0.9078748 0.9335778 0.9075961 0.9335871 0.9078754 0.9332578 0.9075961 0.9335871 0.9075968 0.9332407 0.8699373 0.9441551 0.8697765 0.9443815 0.8696889 0.9442818 0.8696889 0.9442818 0.8697765 0.9443815 0.8696382 0.9445688 0.8696889 0.9442818 0.8696382 0.9445688 0.8694762 0.9443847 0.9081103 0.9335502 0.908109 0.9337744 0.907873 0.9338707 0.9081103 0.9335502 0.907873 0.9338707 0.9078748 0.9335778 0.9078748 0.9335778 0.907873 0.9338707 0.9075942 0.9339041 0.9078748 0.9335778 0.9075942 0.9339041 0.9075961 0.9335871 0.8699373 0.9441551 0.8699004 0.9444293 0.8697765 0.9443815 0.8697765 0.9443815 0.8699004 0.9444293 0.869867 0.9446572 0.8697765 0.9443815 0.869867 0.9446572 0.8696382 0.9445688 0.8870447 0.9430541 0.8870447 0.9428569 0.8872813 0.9429182 0.8870447 0.9430541 0.8872813 0.9429182 0.8872813 0.9431758 0.8872813 0.9431758 0.8872813 0.9429182 0.8875604 0.9429396 0.8872813 0.9431758 0.8875604 0.9429396 0.8875604 0.9432185 0.8909258 0.9428016 0.8932598 0.9428016 0.8909258 0.9430862 0.8909258 0.9430862 0.8932598 0.9428016 0.8932598 0.9430862 0.8909258 0.9430862 0.8932598 0.9430862 0.8909258 0.9431785 0.8909258 0.9431785 0.8932598 0.9430862 0.8932598 0.9431785 0.8909258 0.9431785 0.8932598 0.9431785 0.8909258 0.9433498 0.8909258 0.9433498 0.8932598 0.9431785 0.8932598 0.9433498 0.8909258 0.9433498 0.8932598 0.9433498 0.8909258 0.943494 0.8909258 0.943494 0.8932598 0.9433498 0.8932598 0.943494 0.9052606 0.92225 0.9075945 0.9222556 0.9052609 0.9223193 0.9052609 0.9223193 0.9075945 0.9222556 0.9075948 0.9223249 0.9052609 0.9223193 0.9075948 0.9223249 0.9052615 0.9225693 0.9052615 0.9225693 0.9075948 0.9223249 0.9075954 0.922575 0.8801388 0.9201139 0.8699294 0.9201061 0.8801398 0.9198328 0.8801398 0.9198328 0.8699294 0.9201061 0.8699305 0.919825 0.8801398 0.9198328 0.8699305 0.919825 0.8801407 0.9197456 0.8801407 0.9197456 0.8699305 0.919825 0.8699313 0.9197377 0.8801407 0.9197456 0.8699313 0.9197377 0.8801428 0.9195899 0.8801428 0.9195899 0.8699313 0.9197377 0.8699335 0.919582 0.8904101 0.9428448 0.8904103 0.932845 0.8905611 0.9428214 0.8905611 0.9428214 0.8904103 0.932845 0.8905613 0.9328215 0.8905611 0.9428214 0.8905613 0.9328215 0.8906467 0.9428128 0.8906467 0.9428128 0.8905613 0.9328215 0.8906468 0.9328131 0.8906467 0.9428128 0.8906468 0.9328131 0.8909258 0.9428016 0.8909258 0.9428016 0.8906468 0.9328131 0.890926 0.9328017 0.8875604 0.9429396 0.8898944 0.9429396 0.8875604 0.9432185 0.8875604 0.9432185 0.8898944 0.9429396 0.8898944 0.9432185 0.9075942 0.9339041 0.9052603 0.9338985 0.9075961 0.9335871 0.9075961 0.9335871 0.9052603 0.9338985 0.9052622 0.9335815 0.9075961 0.9335871 0.9052622 0.9335815 0.9075968 0.9332407 0.9075968 0.9332407 0.9052622 0.9335815 0.905263 0.9332351 0.8803372 0.9199146 0.8803977 0.9200052 0.8801388 0.9201139 0.8805052 0.9201102 0.8804189 0.9201119 0.8803977 0.9200052 0.8803977 0.9200052 0.8804189 0.9201119 0.8801388 0.9201139 0.8802466 0.9198541 0.8803372 0.9199146 0.8801388 0.9201139 0.904896 0.9225974 0.9047439 0.9226315 0.9047436 0.9224546 0.8905611 0.9428214 0.8906467 0.9428128 0.8906467 0.9430758 0.8906467 0.9430758 0.8906467 0.9428128 0.8909258 0.9428016 0.8909258 0.9428016 0.8909258 0.9430862 0.8906467 0.9430758 0.8906467 0.9430758 0.8909258 0.9430862 0.8909258 0.9431785 0.8906467 0.9430758 0.8909258 0.9431785 0.8906467 0.9433193 0.9052615 0.9225693 0.9049819 0.9225851 0.9052609 0.9223193 0.9052609 0.9223193 0.9049819 0.9225851 0.9049814 0.9223541 0.9052609 0.9223193 0.9049814 0.9223541 0.9052606 0.92225 0.8909258 0.943494 0.8906467 0.9435067 0.8906467 0.9433193 0.8909258 0.943494 0.8906467 0.9433193 0.8909258 0.9433498 0.8909258 0.9433498 0.8906467 0.9433193 0.8909258 0.9431785 0.9049819 0.9225851 0.904896 0.9225974 0.9049814 0.9223541 0.9049814 0.9223541 0.904896 0.9225974 0.9047436 0.9224546 0.8906467 0.9435067 0.8904101 0.9433758 0.8906467 0.9433193 0.8906467 0.9433193 0.8904101 0.9433758 0.8904101 0.9432325 0.8906467 0.9433193 0.8904101 0.9432325 0.8906467 0.9430758 0.8906467 0.9430758 0.8904101 0.9432325 0.8904101 0.943046 0.8906467 0.9430758 0.8904101 0.943046 0.8905611 0.9428214 0.8801398 0.9198328 0.8801407 0.9197456 0.8803401 0.9196292 0.8803401 0.9196292 0.8801407 0.9197456 0.8801428 0.9195899 0.8904101 0.943046 0.8904101 0.9428448 0.8905611 0.9428214 0.8806585 0.9201056 0.8805052 0.9201102 0.8806192 0.9199083 0.8806192 0.9199083 0.8805052 0.9201102 0.8803977 0.9200052 0.8806192 0.9199083 0.8803977 0.9200052 0.8805074 0.919741 0.8805074 0.919741 0.8803977 0.9200052 0.8803372 0.9199146 0.8805074 0.919741 0.8803372 0.9199146 0.8803401 0.9196292 0.8803401 0.9196292 0.8803372 0.9199146 0.8802466 0.9198541 0.8803401 0.9196292 0.8802466 0.9198541 0.8801398 0.9198328 0.8801398 0.9198328 0.8802466 0.9198541 0.8801388 0.9201139 0.8801388 0.931273 0.8801388 0.9201139 0.8804189 0.9312708 0.8804189 0.9312708 0.8801388 0.9201139 0.8804189 0.9201119 0.8804189 0.9312708 0.8804189 0.9201119 0.8805052 0.9312692 0.8805052 0.9312692 0.8804189 0.9201119 0.8805052 0.9201102 0.8805052 0.9312692 0.8805052 0.9201102 0.8806585 0.9312645 0.8806585 0.9312645 0.8805052 0.9201102 0.8806585 0.9201056 0.9047453 0.9332972 0.9047439 0.9226315 0.9048975 0.9332632 0.9048975 0.9332632 0.9047439 0.9226315 0.904896 0.9225974 0.9048975 0.9332632 0.904896 0.9225974 0.9049834 0.9332508 0.9049834 0.9332508 0.904896 0.9225974 0.9049819 0.9225851 0.9049834 0.9332508 0.9049819 0.9225851 0.905263 0.9332351 0.905263 0.9332351 0.9049819 0.9225851 0.9052615 0.9225693 0.9052622 0.9335815 0.9049828 0.9335709 0.905263 0.9332351 0.905263 0.9332351 0.9049828 0.9335709 0.9049834 0.9332508 0.9049834 0.9332508 0.9049828 0.9335709 0.9048975 0.9332632 0.9048975 0.9332632 0.9049828 0.9335709 0.904745 0.9335421 0.9048975 0.9332632 0.904745 0.9335421 0.9047453 0.9332972 0.8806585 0.9312645 0.8806001 0.9315026 0.8805052 0.9312692 0.8805052 0.9312692 0.8806001 0.9315026 0.8803873 0.9313997 0.8805052 0.9312692 0.8803873 0.9313997 0.8804189 0.9312708 0.8801388 0.931273 0.8803873 0.9313997 0.8802997 0.9314994 0.8802997 0.9314994 0.8803873 0.9313997 0.8806001 0.9315026 0.8802997 0.9314994 0.8806001 0.9315026 0.8804382 0.9316868 0.9047436 0.9337663 0.904745 0.9335421 0.9049828 0.9335709 0.9047436 0.9337663 0.9049828 0.9335709 0.904981 0.9338638 0.904981 0.9338638 0.9049828 0.9335709 0.9052622 0.9335815 0.904981 0.9338638 0.9052622 0.9335815 0.9052603 0.9338985 0.8801388 0.931273 0.8802997 0.9314994 0.8801758 0.9315472 0.8801758 0.9315472 0.8802997 0.9314994 0.8804382 0.9316868 0.8801758 0.9315472 0.8804382 0.9316868 0.8802093 0.9317751 0.8904101 0.9428569 0.8904101 0.9430541 0.8901734 0.9431758 0.8904101 0.9428569 0.8901734 0.9431758 0.8901734 0.9429182 0.8901734 0.9429182 0.8901734 0.9431758 0.8898944 0.9432185 0.8901734 0.9429182 0.8898944 0.9432185 0.8898944 0.9429396 0.8804189 0.9312708 0.8803873 0.9313997 0.8801388 0.931273 0.8898944 0.9364879 0.8898944 0.9331935 0.8901734 0.9331784 0.8898944 0.9397385 0.8898944 0.9364879 0.8901734 0.9364708 0.8898944 0.9428521 0.8898944 0.9397385 0.8901734 0.9397191 0.8901734 0.9429182 0.8898944 0.9429396 0.8898944 0.9428521 0.8898944 0.9428521 0.8901734 0.9397191 0.8901734 0.9429182 0.8901734 0.9429182 0.8901734 0.9397191 0.8904101 0.9396639 0.8901734 0.9429182 0.8904101 0.9396639 0.8904101 0.9428569 0.8802093 0.9317751 0.8767957 0.9321454 0.8767718 0.9319164 0.8802093 0.9317751 0.8767718 0.9319164 0.8801758 0.9315472 0.8801758 0.9315472 0.8767718 0.9319164 0.8767462 0.9316409 0.8801758 0.9315472 0.8767462 0.9316409 0.8801388 0.931273 0.8898944 0.9397385 0.8901734 0.9364708 0.8901734 0.9397191 0.8901734 0.9397191 0.8901734 0.9364708 0.8904101 0.9364216 0.8901734 0.9397191 0.8904101 0.9364216 0.8904101 0.9396639 0.8767957 0.9321454 0.8733695 0.9323753 0.8733554 0.9321456 0.8767957 0.9321454 0.8733554 0.9321456 0.8767718 0.9319164 0.8767718 0.9319164 0.8733554 0.9321456 0.8733411 0.9318694 0.8767718 0.9319164 0.8733411 0.9318694 0.8767462 0.9316409 0.8898944 0.9364879 0.8901734 0.9331784 0.8901734 0.9364708 0.8901734 0.9364708 0.8901734 0.9331784 0.8904101 0.9331355 0.8901734 0.9364708 0.8904101 0.9331355 0.8904101 0.9364216 0.8733695 0.9323753 0.8699367 0.9324645 0.8699323 0.9322345 0.8733695 0.9323753 0.8699323 0.9322345 0.8733554 0.9321456 0.8733554 0.9321456 0.8699323 0.9322345 0.8699294 0.931958 0.8733554 0.9321456 0.8699294 0.931958 0.8733411 0.9318694 0.8697338 0.9321534 0.8696729 0.9320626 0.8699294 0.931958 0.8699323 0.9322345 0.8698249 0.9322138 0.8699294 0.931958 0.8695667 0.9319537 0.8696514 0.9319555 0.8696729 0.9320626 0.8696729 0.9320626 0.8696514 0.9319555 0.8699294 0.931958 0.8698249 0.9322138 0.8697338 0.9321534 0.8699294 0.931958 0.8969914 0.9344493 0.8971435 0.9344212 0.8971439 0.9346035 0.8901734 0.9331784 0.8898944 0.9331935 0.8898944 0.9331892 0.8901734 0.9331784 0.8898944 0.9331892 0.8901734 0.9329152 0.8898944 0.9331892 0.8898944 0.9329087 0.8901734 0.9329152 0.8901734 0.9329152 0.8898944 0.9329087 0.8898944 0.9328115 0.8901734 0.9329152 0.8898944 0.9328115 0.8901734 0.9326644 0.8966258 0.9344727 0.8969054 0.9344596 0.8966264 0.9347304 0.8966264 0.9347304 0.8969054 0.9344596 0.8969059 0.9346978 0.8966264 0.9347304 0.8969059 0.9346978 0.8966267 0.9348021 0.8898944 0.9324833 0.8901734 0.9324645 0.8901734 0.9326644 0.8898944 0.9324833 0.8901734 0.9326644 0.8898944 0.9326371 0.8898944 0.9326371 0.8901734 0.9326644 0.8898944 0.9328115 0.8969054 0.9344596 0.8969914 0.9344493 0.8969059 0.9346978 0.8969059 0.9346978 0.8969914 0.9344493 0.8971439 0.9346035 0.8901734 0.9324645 0.8904101 0.9325891 0.8901734 0.9326644 0.8901734 0.9326644 0.8904101 0.9325891 0.8904101 0.9327421 0.8901734 0.9326644 0.8904101 0.9327421 0.8901734 0.9329152 0.8901734 0.9329152 0.8904101 0.9327421 0.8904101 0.9329342 0.8901734 0.9329152 0.8904101 0.9329342 0.8901734 0.9331784 0.8901734 0.9331784 0.8904101 0.9329342 0.8904101 0.9331355 0.8694178 0.9319488 0.8695667 0.9319537 0.8694574 0.9321467 0.8694574 0.9321467 0.8695667 0.9319537 0.8696729 0.9320626 0.8694574 0.9321467 0.8696729 0.9320626 0.86957 0.9323144 0.86957 0.9323144 0.8696729 0.9320626 0.8697338 0.9321534 0.86957 0.9323144 0.8697338 0.9321534 0.8697383 0.932426 0.8697383 0.932426 0.8697338 0.9321534 0.8698249 0.9322138 0.8697383 0.932426 0.8698249 0.9322138 0.8699367 0.9324645 0.8699367 0.9324645 0.8698249 0.9322138 0.8699323 0.9322345 0.8699294 0.9201061 0.8699294 0.931958 0.8696514 0.9201036 0.8696514 0.9201036 0.8699294 0.931958 0.8696514 0.9319555 0.8696514 0.9201036 0.8696514 0.9319555 0.8695667 0.9201018 0.8695667 0.9201018 0.8696514 0.9319555 0.8695667 0.9319537 0.8695667 0.9201018 0.8695667 0.9319537 0.8694178 0.9200969 0.8694178 0.9200969 0.8695667 0.9319537 0.8694178 0.9319488 0.897141 0.9229233 0.8971435 0.9344212 0.8969889 0.9229516 0.8969889 0.9229516 0.8971435 0.9344212 0.8969914 0.9344493 0.8969889 0.9229516 0.8969914 0.9344493 0.8969029 0.9229617 0.8969029 0.9229617 0.8969914 0.9344493 0.8969054 0.9344596 0.8969029 0.9229617 0.8969054 0.9344596 0.8966233 0.9229748 0.8966233 0.9229748 0.8969054 0.9344596 0.8966258 0.9344727 0.8697332 0.9199064 0.8698237 0.9198461 0.8699294 0.9201061 0.8699313 0.9197377 0.8699305 0.919825 0.8698237 0.9198461 0.8698237 0.9198461 0.8699305 0.919825 0.8699294 0.9201061 0.8696727 0.9199969 0.8697332 0.9199064 0.8699294 0.9201061 0.8905613 0.9328215 0.8904103 0.932845 0.8904103 0.9326598 0.8969889 0.9229516 0.8969029 0.9229617 0.8969034 0.9226992 0.8969034 0.9226992 0.8969029 0.9229617 0.8966233 0.9229748 0.8966233 0.9229748 0.8966237 0.9226906 0.8969034 0.9226992 0.8969034 0.9226992 0.8966237 0.9226906 0.8966241 0.9225973 0.8969034 0.9226992 0.8966241 0.9225973 0.8969047 0.9224514 0.890926 0.9328017 0.8906468 0.9328131 0.890926 0.9325397 0.890926 0.9325397 0.8906468 0.9328131 0.8906469 0.9325708 0.890926 0.9325397 0.8906469 0.9325708 0.890926 0.9324645 0.8966266 0.9222729 0.8969066 0.922256 0.8969047 0.9224514 0.8966266 0.9222729 0.8969047 0.9224514 0.8966252 0.9224224 0.8966252 0.9224224 0.8969047 0.9224514 0.8966241 0.9225973 0.8906468 0.9328131 0.8905613 0.9328215 0.8906469 0.9325708 0.8906469 0.9325708 0.8905613 0.9328215 0.8904103 0.9326598 0.8969066 0.922256 0.8971439 0.9223832 0.8969047 0.9224514 0.8969047 0.9224514 0.8971439 0.9223832 0.8971423 0.9225328 0.8969047 0.9224514 0.8971423 0.9225328 0.8969034 0.9226992 0.8969034 0.9226992 0.8971423 0.9225328 0.8971413 0.9227225 0.8969034 0.9226992 0.8971413 0.9227225 0.8969889 0.9229516 0.8696514 0.9201036 0.8695667 0.9201018 0.8694571 0.9198997 0.8694571 0.9198997 0.8695667 0.9201018 0.8694178 0.9200969 0.8971413 0.9227225 0.897141 0.9229233 0.8969889 0.9229516 0.8699335 0.919582 0.8699313 0.9197377 0.8697361 0.919621 0.8697361 0.919621 0.8699313 0.9197377 0.8698237 0.9198461 0.8697361 0.919621 0.8698237 0.9198461 0.8695688 0.9197326 0.8695688 0.9197326 0.8698237 0.9198461 0.8697332 0.9199064 0.8695688 0.9197326 0.8697332 0.9199064 0.8694571 0.9198997 0.8694571 0.9198997 0.8697332 0.9199064 0.8696727 0.9199969 0.8694571 0.9198997 0.8696727 0.9199969 0.8696514 0.9201036 0.8696514 0.9201036 0.8696727 0.9199969 0.8699294 0.9201061</float_array>
          <technique_common>
            <accessor source="#rffoot-mesh-map-0-array" count="5556" stride="2">
              <param name="S" type="float"/>
              <param name="T" type="float"/>
            </accessor>
          </technique_common>
        </source>
        <vertices id="rffoot-mesh-vertices">
          <input semantic="POSITION" source="#rffoot-mesh-positions"/>
        </vertices>
        <triangles material="rffootmaterial-material" count="1852">
          <input semantic="VERTEX" source="#rffoot-mesh-vertices" offset="0"/>
          <input semantic="NORMAL" source="#rffoot-mesh-normals" offset="1"/>
          <input semantic="TEXCOORD" source="#rffoot-mesh-map-0" offset="2" set="0"/>
          <p>0 0 0 1 0 1 2 0 2 2 1 3 1 1 4 3 1 5 2 2 6 3 2 7 4 2 8 4 3 9 3 3 10 5 3 11 4 4 12 5 4 13 6 4 14 6 5 15 5 5 16 7 5 17 6 6 18 7 6 19 8 6 20 8 7 21 7 7 22 9 7 23 8 8 24 9 8 25 10 8 26 10 9 27 9 9 28 11 9 29 10 10 30 11 10 31 12 10 32 12 11 33 11 11 34 13 11 35 12 12 36 13 12 37 14 12 38 14 13 39 13 13 40 15 13 41 14 14 42 15 14 43 16 14 44 16 15 45 15 15 46 17 15 47 16 16 48 17 16 49 18 16 50 18 17 51 17 17 52 19 17 53 18 18 54 19 18 55 20 18 56 20 19 57 19 19 58 21 19 59 20 20 60 21 20 61 22 20 62 22 21 63 21 21 64 23 21 65 22 22 66 23 22 67 0 22 68 0 23 69 23 23 70 1 23 71 24 24 72 25 24 73 26 24 74 26 25 75 25 25 76 27 25 77 26 26 78 27 26 79 28 26 80 28 27 81 27 27 82 29 27 83 28 28 84 29 28 85 30 28 86 30 29 87 29 29 88 31 29 89 30 30 90 31 30 91 32 30 92 32 31 93 31 31 94 33 31 95 32 32 96 33 32 97 34 32 98 34 33 99 33 33 100 35 33 101 34 34 102 35 34 103 36 34 104 36 35 105 35 35 106 37 35 107 36 36 108 37 36 109 38 36 110 38 37 111 37 37 112 39 37 113 38 38 114 39 38 115 40 38 116 40 39 117 39 39 118 41 39 119 40 40 120 41 40 121 42 40 122 42 41 123 41 41 124 43 41 125 42 42 126 43 42 127 44 42 128 44 43 129 43 43 130 45 43 131 44 44 132 45 44 133 46 44 134 46 45 135 45 45 136 47 45 137 46 46 138 47 46 139 24 46 140 24 47 141 47 47 142 25 47 143 48 48 144 49 48 145 50 48 146 50 49 147 49 49 148 51 49 149 52 50 150 53 50 151 54 50 152 54 51 153 53 51 154 55 51 155 55 52 156 49 52 157 54 52 158 54 53 159 49 53 160 48 53 161 50 54 162 51 54 163 52 54 164 52 55 165 51 55 166 53 55 167 56 56 168 57 56 169 58 56 170 58 57 171 57 57 172 59 57 173 58 58 174 59 58 175 60 58 176 61 59 177 62 59 178 63 59 179 63 60 180 62 60 181 64 60 182 63 61 183 64 61 184 65 61 185 65 62 186 64 62 187 49 62 188 65 63 189 49 63 190 60 63 191 60 64 192 49 64 193 55 64 194 60 65 195 55 65 196 58 65 197 66 66 198 67 66 199 68 66 200 68 67 201 67 67 202 69 67 203 68 68 204 69 68 205 70 68 206 70 69 207 69 69 208 71 69 209 70 70 210 71 70 211 72 70 212 72 71 213 71 71 214 73 71 215 72 72 216 73 72 217 74 72 218 74 73 219 73 73 220 75 73 221 74 74 222 75 74 223 76 74 224 76 75 225 75 75 226 77 75 227 76 76 228 77 76 229 78 76 230 78 77 231 77 77 232 79 77 233 78 78 234 79 78 235 80 78 236 80 79 237 79 79 238 81 79 239 80 80 240 81 80 241 82 80 242 82 81 243 81 81 244 83 81 245 82 82 246 83 82 247 84 82 248 84 83 249 83 83 250 85 83 251 84 84 252 85 84 253 86 84 254 86 85 255 85 85 256 87 85 257 86 86 258 87 86 259 88 86 260 88 87 261 87 87 262 89 87 263 88 88 264 89 88 265 90 88 266 90 89 267 89 89 268 91 89 269 90 90 270 91 90 271 92 90 272 92 91 273 91 91 274 93 91 275 92 92 276 93 92 277 94 92 278 94 93 279 93 93 280 95 93 281 94 94 282 95 94 283 96 94 284 96 95 285 95 95 286 97 95 287 96 96 288 97 96 289 98 96 290 98 97 291 97 97 292 99 97 293 98 98 294 99 98 295 100 98 296 100 99 297 99 99 298 101 99 299 100 100 300 101 100 301 102 100 302 102 101 303 101 101 304 103 101 305 102 102 306 103 102 307 104 102 308 104 103 309 103 103 310 105 103 311 104 104 312 105 104 313 106 104 314 106 105 315 105 105 316 107 105 317 106 106 318 107 106 319 108 106 320 108 107 321 107 107 322 109 107 323 108 108 324 109 108 325 110 108 326 110 109 327 109 109 328 111 109 329 110 110 330 111 110 331 112 110 332 112 111 333 111 111 334 113 111 335 112 112 336 113 112 337 114 112 338 114 113 339 113 113 340 115 113 341 114 114 342 115 114 343 116 114 344 116 115 345 115 115 346 117 115 347 116 116 348 117 116 349 118 116 350 118 117 351 117 117 352 119 117 353 118 118 354 119 118 355 120 118 356 120 119 357 119 119 358 121 119 359 120 120 360 121 120 361 122 120 362 122 121 363 121 121 364 123 121 365 122 122 366 123 122 367 124 122 368 124 123 369 123 123 370 125 123 371 124 124 372 125 124 373 126 124 374 126 125 375 125 125 376 127 125 377 126 126 378 127 126 379 128 126 380 128 127 381 127 127 382 129 127 383 128 128 384 129 128 385 130 128 386 130 129 387 129 129 388 131 129 389 130 130 390 131 130 391 132 130 392 132 131 393 131 131 394 133 131 395 132 132 396 133 132 397 134 132 398 134 133 399 133 133 400 135 133 401 134 134 402 135 134 403 136 134 404 136 135 405 135 135 406 137 135 407 136 136 408 137 136 409 138 136 410 138 137 411 137 137 412 139 137 413 138 138 414 139 138 415 140 138 416 140 139 417 139 139 418 141 139 419 140 140 420 141 140 421 142 140 422 142 141 423 141 141 424 143 141 425 142 142 426 143 142 427 144 142 428 144 143 429 143 143 430 145 143 431 144 144 432 145 144 433 146 144 434 146 145 435 145 145 436 147 145 437 146 146 438 147 146 439 148 146 440 148 147 441 147 147 442 149 147 443 148 148 444 149 148 445 150 148 446 150 149 447 149 149 448 151 149 449 150 150 450 151 150 451 152 150 452 152 151 453 151 151 454 153 151 455 152 152 456 153 152 457 154 152 458 154 153 459 153 153 460 155 153 461 154 154 462 155 154 463 156 154 464 156 155 465 155 155 466 157 155 467 156 156 468 157 156 469 158 156 470 158 157 471 157 157 472 159 157 473 158 158 474 159 158 475 160 158 476 160 159 477 159 159 478 161 159 479 160 160 480 161 160 481 162 160 482 162 161 483 161 161 484 163 161 485 162 162 486 163 162 487 164 162 488 164 163 489 163 163 490 165 163 491 164 164 492 165 164 493 166 164 494 166 165 495 165 165 496 167 165 497 166 166 498 167 166 499 168 166 500 168 167 501 167 167 502 169 167 503 168 168 504 169 168 505 170 168 506 170 169 507 169 169 508 171 169 509 170 170 510 171 170 511 172 170 512 172 171 513 171 171 514 173 171 515 172 172 516 173 172 517 174 172 518 174 173 519 173 173 520 175 173 521 174 174 522 175 174 523 176 174 524 176 175 525 175 175 526 177 175 527 176 176 528 177 176 529 178 176 530 178 177 531 177 177 532 179 177 533 178 178 534 179 178 535 180 178 536 180 179 537 179 179 538 181 179 539 180 180 540 181 180 541 182 180 542 182 181 543 181 181 544 183 181 545 182 182 546 183 182 547 184 182 548 184 183 549 183 183 550 185 183 551 184 184 552 185 184 553 186 184 554 186 185 555 185 185 556 187 185 557 186 186 558 187 186 559 188 186 560 188 187 561 187 187 562 189 187 563 188 188 564 189 188 565 190 188 566 190 189 567 189 189 568 191 189 569 190 190 570 191 190 571 192 190 572 192 191 573 191 191 574 193 191 575 192 192 576 193 192 577 194 192 578 194 193 579 193 193 580 195 193 581 194 194 582 195 194 583 196 194 584 196 195 585 195 195 586 197 195 587 196 196 588 197 196 589 198 196 590 198 197 591 197 197 592 199 197 593 200 198 594 198 198 595 53 198 596 53 199 597 198 199 598 199 199 599 53 200 600 199 200 601 55 200 602 55 201 603 199 201 604 58 201 605 201 202 606 202 202 607 203 202 608 204 203 609 205 203 610 206 203 611 206 204 612 205 204 613 200 204 614 206 205 615 200 205 616 207 205 617 207 206 618 200 206 619 53 206 620 207 207 621 53 207 622 208 207 623 53 208 624 51 208 625 208 208 626 208 209 627 51 209 628 201 209 629 208 210 630 201 210 631 209 210 632 209 211 633 201 211 634 203 211 635 210 212 636 211 212 637 212 212 638 212 213 639 211 213 640 213 213 641 212 214 642 213 214 643 214 214 644 214 215 645 213 215 646 215 215 647 214 216 648 215 216 649 216 216 650 216 217 651 215 217 652 217 217 653 216 218 654 217 218 655 218 218 656 218 219 657 217 219 658 219 219 659 218 220 660 219 220 661 220 220 662 220 221 663 219 221 664 221 221 665 220 222 666 221 222 667 222 222 668 222 223 669 221 223 670 223 223 671 222 224 672 223 224 673 224 224 674 224 225 675 223 225 676 225 225 677 224 226 678 225 226 679 226 226 680 226 227 681 225 227 682 227 227 683 226 228 684 227 228 685 228 228 686 228 229 687 227 229 688 229 229 689 228 230 690 229 230 691 230 230 692 230 231 693 229 231 694 231 231 695 230 232 696 231 232 697 232 232 698 232 233 699 231 233 700 233 233 701 232 234 702 233 234 703 210 234 704 210 235 705 233 235 706 211 235 707 234 236 708 235 236 709 236 236 710 236 237 711 235 237 712 237 237 713 236 238 714 237 238 715 238 238 716 238 239 717 237 239 718 239 239 719 238 240 720 239 240 721 240 240 722 240 241 723 239 241 724 241 241 725 240 242 726 241 242 727 242 242 728 242 243 729 241 243 730 243 243 731 242 244 732 243 244 733 244 244 734 244 245 735 243 245 736 245 245 737 244 246 738 245 246 739 246 246 740 246 247 741 245 247 742 247 247 743 246 248 744 247 248 745 248 248 746 248 249 747 247 249 748 249 249 749 248 250 750 249 250 751 250 250 752 250 251 753 249 251 754 251 251 755 250 252 756 251 252 757 252 252 758 252 253 759 251 253 760 253 253 761 252 254 762 253 254 763 254 254 764 254 255 765 253 255 766 255 255 767 254 256 768 255 256 769 256 256 770 256 257 771 255 257 772 257 257 773 256 258 774 257 258 775 234 258 776 234 259 777 257 259 778 235 259 779 64 260 780 67 260 781 49 260 782 49 261 783 67 261 784 66 261 785 49 262 786 66 262 787 51 262 788 51 263 789 66 263 790 201 263 791 258 264 792 259 264 793 230 264 794 260 265 795 222 265 796 261 265 797 261 266 798 222 266 799 224 266 800 261 267 801 224 267 802 262 267 803 262 268 804 224 268 805 263 268 806 259 269 807 264 269 808 230 269 809 230 270 810 264 270 811 265 270 812 230 271 813 265 271 814 228 271 815 228 272 816 265 272 817 266 272 818 228 273 819 266 273 820 267 273 821 232 274 822 268 274 823 269 274 824 267 275 825 270 275 826 228 275 827 228 276 828 270 276 829 271 276 830 228 277 831 271 277 832 226 277 833 226 278 834 271 278 835 272 278 836 226 279 837 272 279 838 273 279 839 274 280 840 275 280 841 230 280 842 230 281 843 275 281 844 276 281 845 230 282 846 276 282 847 258 282 848 248 283 849 250 283 850 212 283 851 212 284 852 250 284 853 210 284 854 210 285 855 250 285 856 277 285 857 210 286 858 277 286 859 232 286 860 232 287 861 277 287 862 278 287 863 232 288 864 278 288 865 268 288 866 220 289 867 279 289 868 218 289 869 218 290 870 279 290 871 280 290 872 218 291 873 280 291 874 216 291 875 260 292 876 281 292 877 222 292 878 222 293 879 281 293 880 282 293 881 222 294 882 282 294 883 283 294 884 283 295 885 284 295 886 222 295 887 222 296 888 284 296 889 285 296 890 222 297 891 285 297 892 220 297 893 220 298 894 285 298 895 286 298 896 220 299 897 286 299 898 279 299 899 273 300 900 287 300 901 226 300 902 226 301 903 287 301 904 288 301 905 226 302 906 288 302 907 224 302 908 224 303 909 288 303 910 289 303 911 224 304 912 289 304 913 263 304 914 269 305 915 290 305 916 232 305 917 232 306 918 290 306 919 291 306 920 232 307 921 291 307 922 230 307 923 230 308 924 291 308 925 292 308 926 230 309 927 292 309 928 274 309 929 250 310 930 252 310 931 277 310 932 277 311 933 252 311 934 254 311 935 277 312 936 254 312 937 293 312 938 293 313 939 254 313 940 294 313 941 207 314 942 208 314 943 236 314 944 294 315 945 254 315 946 295 315 947 295 316 948 254 316 949 256 316 950 295 317 951 256 317 952 208 317 953 208 318 954 256 318 955 234 318 956 208 319 957 234 319 958 236 319 959 212 320 960 214 320 961 248 320 962 248 321 963 214 321 964 216 321 965 248 322 966 216 322 967 246 322 968 246 323 969 216 323 970 280 323 971 246 324 972 280 324 973 296 324 974 236 325 975 238 325 976 207 325 977 207 326 978 238 326 979 240 326 980 207 327 981 240 327 982 297 327 983 297 328 984 240 328 985 242 328 986 297 329 987 242 329 988 298 329 989 298 330 990 242 330 991 244 330 992 298 331 993 244 331 994 299 331 995 299 332 996 244 332 997 246 332 998 299 333 999 246 333 1000 300 333 1001 300 334 1002 246 334 1003 296 334 1004 301 335 1005 1 335 1006 302 335 1007 302 336 1008 1 336 1009 23 336 1010 303 337 1011 304 337 1012 23 337 1013 23 338 1014 304 338 1015 305 338 1016 23 339 1017 305 339 1018 302 339 1019 306 340 1020 307 340 1021 13 340 1022 13 341 1023 307 341 1024 308 341 1025 9 342 1026 309 342 1027 310 342 1028 39 343 1029 7 343 1030 5 343 1031 311 344 1032 312 344 1033 21 344 1034 21 345 1035 312 345 1036 313 345 1037 21 346 1038 313 346 1039 314 346 1040 315 347 1041 316 347 1042 17 347 1043 17 348 1044 316 348 1045 317 348 1046 17 349 1047 317 349 1048 19 349 1049 19 350 1050 317 350 1051 318 350 1052 19 351 1053 318 351 1054 319 351 1055 320 352 1056 321 352 1057 11 352 1058 11 353 1059 321 353 1060 322 353 1061 11 354 1062 322 354 1063 13 354 1064 13 355 1065 322 355 1066 323 355 1067 13 356 1068 323 356 1069 306 356 1070 39 357 1071 5 357 1072 41 357 1073 319 358 1074 324 358 1075 19 358 1076 19 359 1077 324 359 1078 325 359 1079 19 360 1080 325 360 1081 21 360 1082 21 361 1083 325 361 1084 326 361 1085 21 362 1086 326 362 1087 311 362 1088 308 363 1089 327 363 1090 13 363 1091 13 364 1092 327 364 1093 328 364 1094 13 365 1095 328 365 1096 15 365 1097 15 366 1098 328 366 1099 329 366 1100 15 367 1101 329 367 1102 330 367 1103 9 368 1104 310 368 1105 11 368 1106 11 369 1107 310 369 1108 331 369 1109 11 370 1110 331 370 1111 320 370 1112 309 371 1113 9 371 1114 332 371 1115 332 372 1116 9 372 1117 7 372 1118 332 373 1119 7 373 1120 333 373 1121 5 374 1122 3 374 1123 41 374 1124 41 375 1125 3 375 1126 1 375 1127 41 376 1128 1 376 1129 43 376 1130 43 377 1131 1 377 1132 301 377 1133 43 378 1134 301 378 1135 45 378 1136 333 379 1137 7 379 1138 334 379 1139 334 380 1140 7 380 1141 39 380 1142 334 381 1143 39 381 1144 37 381 1145 330 382 1146 335 382 1147 15 382 1148 15 383 1149 335 383 1150 336 383 1151 15 384 1152 336 384 1153 17 384 1154 17 385 1155 336 385 1156 337 385 1157 17 386 1158 337 386 1159 315 386 1160 65 387 1161 60 387 1162 29 387 1163 314 388 1164 338 388 1165 21 388 1166 21 389 1167 338 389 1168 339 389 1169 21 390 1170 339 390 1171 23 390 1172 23 391 1173 339 391 1174 340 391 1175 23 392 1176 340 392 1177 303 392 1178 37 393 1179 35 393 1180 334 393 1181 334 394 1182 35 394 1183 33 394 1184 334 395 1185 33 395 1186 60 395 1187 60 396 1188 33 396 1189 31 396 1190 60 397 1191 31 397 1192 29 397 1193 301 398 1194 341 398 1195 45 398 1196 45 399 1197 341 399 1198 342 399 1199 45 400 1200 342 400 1201 47 400 1202 47 401 1203 342 401 1204 343 401 1205 47 402 1206 343 402 1207 25 402 1208 25 403 1209 343 403 1210 65 403 1211 25 404 1212 65 404 1213 27 404 1214 27 405 1215 65 405 1216 29 405 1217 201 406 1218 66 406 1219 344 406 1220 201 407 1221 344 407 1222 202 407 1223 202 408 1224 344 408 1225 345 408 1226 202 409 1227 345 409 1228 203 409 1229 345 410 1230 346 410 1231 203 410 1232 203 411 1233 346 411 1234 347 411 1235 203 412 1236 347 412 1237 209 412 1238 347 413 1239 348 413 1240 209 413 1241 209 414 1242 348 414 1243 295 414 1244 209 415 1245 295 415 1246 208 415 1247 295 416 1248 348 416 1249 349 416 1250 346 417 1251 345 417 1252 350 417 1253 344 418 1254 66 418 1255 68 418 1256 345 419 1257 344 419 1258 351 419 1259 351 420 1260 344 420 1261 68 420 1262 351 421 1263 68 421 1264 352 421 1265 352 422 1266 68 422 1267 70 422 1268 76 423 1269 353 423 1270 74 423 1271 74 424 1272 353 424 1273 352 424 1274 74 425 1275 352 425 1276 72 425 1277 72 426 1278 352 426 1279 70 426 1280 78 427 1281 354 427 1282 76 427 1283 76 428 1284 354 428 1285 355 428 1286 76 429 1287 355 429 1288 353 429 1289 78 430 1290 80 430 1291 354 430 1292 354 431 1293 80 431 1294 82 431 1295 354 432 1296 82 432 1297 356 432 1298 345 433 1299 351 433 1300 350 433 1301 350 434 1302 351 434 1303 352 434 1304 350 435 1305 352 435 1306 357 435 1307 357 436 1308 352 436 1309 353 436 1310 357 437 1311 353 437 1312 358 437 1313 358 438 1314 353 438 1315 355 438 1316 358 439 1317 355 439 1318 359 439 1319 359 440 1320 355 440 1321 354 440 1322 359 441 1323 354 441 1324 360 441 1325 360 442 1326 354 442 1327 356 442 1328 360 443 1329 356 443 1330 361 443 1331 348 444 1332 347 444 1333 362 444 1334 362 445 1335 347 445 1336 346 445 1337 346 446 1338 350 446 1339 362 446 1340 362 447 1341 350 447 1342 357 447 1343 362 448 1344 357 448 1345 363 448 1346 363 449 1347 357 449 1348 358 449 1349 363 450 1350 358 450 1351 364 450 1352 364 451 1353 358 451 1354 359 451 1355 364 452 1356 359 452 1357 365 452 1358 365 453 1359 359 453 1360 360 453 1361 365 454 1362 360 454 1363 366 454 1364 366 455 1365 360 455 1366 361 455 1367 366 456 1368 361 456 1369 367 456 1370 348 457 1371 362 457 1372 349 457 1373 349 458 1374 362 458 1375 363 458 1376 349 459 1377 363 459 1378 368 459 1379 368 460 1380 363 460 1381 364 460 1382 368 461 1383 364 461 1384 369 461 1385 369 462 1386 364 462 1387 365 462 1388 369 463 1389 365 463 1390 370 463 1391 370 464 1392 365 464 1393 366 464 1394 370 465 1395 366 465 1396 371 465 1397 371 466 1398 366 466 1399 367 466 1400 371 467 1401 367 467 1402 372 467 1403 295 468 1404 349 468 1405 294 468 1406 294 469 1407 349 469 1408 368 469 1409 294 470 1410 368 470 1411 293 470 1412 293 471 1413 368 471 1414 369 471 1415 293 472 1416 369 472 1417 277 472 1418 277 473 1419 369 473 1420 370 473 1421 277 474 1422 370 474 1423 278 474 1424 278 475 1425 370 475 1426 371 475 1427 278 476 1428 371 476 1429 268 476 1430 268 477 1431 371 477 1432 372 477 1433 268 478 1434 372 478 1435 269 478 1436 86 479 1437 88 479 1438 373 479 1439 90 480 1440 92 480 1441 374 480 1442 94 481 1443 96 481 1444 375 481 1445 275 482 1446 274 482 1447 376 482 1448 376 483 1449 274 483 1450 377 483 1451 376 484 1452 377 484 1453 378 484 1454 378 485 1455 377 485 1456 379 485 1457 378 486 1458 379 486 1459 380 486 1460 380 487 1461 379 487 1462 381 487 1463 380 488 1464 381 488 1465 382 488 1466 382 489 1467 381 489 1468 375 489 1469 382 490 1470 375 490 1471 98 490 1472 98 491 1473 375 491 1474 96 491 1475 92 492 1476 94 492 1477 374 492 1478 374 493 1479 94 493 1480 375 493 1481 374 494 1482 375 494 1483 383 494 1484 383 495 1485 375 495 1486 381 495 1487 383 496 1488 381 496 1489 384 496 1490 384 497 1491 381 497 1492 379 497 1493 384 498 1494 379 498 1495 385 498 1496 385 499 1497 379 499 1498 377 499 1499 385 500 1500 377 500 1501 292 500 1502 292 501 1503 377 501 1504 274 501 1505 88 502 1506 90 502 1507 373 502 1508 373 503 1509 90 503 1510 374 503 1511 373 504 1512 374 504 1513 386 504 1514 386 505 1515 374 505 1516 383 505 1517 386 506 1518 383 506 1519 387 506 1520 387 507 1521 383 507 1522 384 507 1523 387 508 1524 384 508 1525 388 508 1526 388 509 1527 384 509 1528 385 509 1529 388 510 1530 385 510 1531 291 510 1532 291 511 1533 385 511 1534 292 511 1535 84 512 1536 86 512 1537 389 512 1538 389 513 1539 86 513 1540 373 513 1541 389 514 1542 373 514 1543 390 514 1544 390 515 1545 373 515 1546 386 515 1547 390 516 1548 386 516 1549 391 516 1550 391 517 1551 386 517 1552 387 517 1553 391 518 1554 387 518 1555 392 518 1556 392 519 1557 387 519 1558 388 519 1559 392 520 1560 388 520 1561 290 520 1562 290 521 1563 388 521 1564 291 521 1565 290 522 1566 269 522 1567 392 522 1568 392 523 1569 269 523 1570 372 523 1571 392 524 1572 372 524 1573 391 524 1574 391 525 1575 372 525 1576 367 525 1577 391 526 1578 367 526 1579 390 526 1580 390 527 1581 367 527 1582 361 527 1583 390 528 1584 361 528 1585 389 528 1586 389 529 1587 361 529 1588 356 529 1589 389 530 1590 356 530 1591 84 530 1592 84 531 1593 356 531 1594 82 531 1595 207 532 1596 297 532 1597 393 532 1598 207 533 1599 393 533 1600 206 533 1601 206 534 1602 393 534 1603 394 534 1604 206 535 1605 394 535 1606 204 535 1607 394 536 1608 395 536 1609 204 536 1610 204 537 1611 395 537 1612 396 537 1613 204 538 1614 396 538 1615 205 538 1616 396 539 1617 397 539 1618 205 539 1619 205 540 1620 397 540 1621 198 540 1622 205 541 1623 198 541 1624 200 541 1625 102 542 1626 104 542 1627 398 542 1628 106 543 1629 108 543 1630 399 543 1631 112 544 1632 114 544 1633 400 544 1634 122 545 1635 124 545 1636 401 545 1637 132 546 1638 134 546 1639 402 546 1640 144 547 1641 146 547 1642 403 547 1643 148 548 1644 150 548 1645 404 548 1646 154 549 1647 156 549 1648 405 549 1649 164 550 1650 166 550 1651 406 550 1652 174 551 1653 176 551 1654 407 551 1655 279 552 1656 286 552 1657 408 552 1658 408 553 1659 286 553 1660 409 553 1661 408 554 1662 409 554 1663 410 554 1664 410 555 1665 409 555 1666 411 555 1667 410 556 1668 411 556 1669 412 556 1670 412 557 1671 411 557 1672 413 557 1673 412 558 1674 413 558 1675 414 558 1676 414 559 1677 413 559 1678 407 559 1679 284 560 1680 283 560 1681 415 560 1682 415 561 1683 283 561 1684 416 561 1685 415 562 1686 416 562 1687 417 562 1688 417 563 1689 416 563 1690 418 563 1691 417 564 1692 418 564 1693 419 564 1694 419 565 1695 418 565 1696 420 565 1697 419 566 1698 420 566 1699 421 566 1700 421 567 1701 420 567 1702 406 567 1703 281 568 1704 260 568 1705 422 568 1706 422 569 1707 260 569 1708 423 569 1709 422 570 1710 423 570 1711 424 570 1712 424 571 1713 423 571 1714 425 571 1715 424 572 1716 425 572 1717 426 572 1718 426 573 1719 425 573 1720 427 573 1721 426 574 1722 427 574 1723 428 574 1724 428 575 1725 427 575 1726 405 575 1727 287 576 1728 273 576 1729 429 576 1730 429 577 1731 273 577 1732 430 577 1733 429 578 1734 430 578 1735 431 578 1736 431 579 1737 430 579 1738 432 579 1739 431 580 1740 432 580 1741 433 580 1742 433 581 1743 432 581 1744 434 581 1745 433 582 1746 434 582 1747 435 582 1748 435 583 1749 434 583 1750 402 583 1751 271 584 1752 270 584 1753 436 584 1754 436 585 1755 270 585 1756 437 585 1757 436 586 1758 437 586 1759 438 586 1760 438 587 1761 437 587 1762 439 587 1763 438 588 1764 439 588 1765 440 588 1766 440 589 1767 439 589 1768 441 589 1769 440 590 1770 441 590 1771 442 590 1772 442 591 1773 441 591 1774 401 591 1775 266 592 1776 265 592 1777 443 592 1778 443 593 1779 265 593 1780 444 593 1781 443 594 1782 444 594 1783 445 594 1784 445 595 1785 444 595 1786 446 595 1787 445 596 1788 446 596 1789 447 596 1790 447 597 1791 446 597 1792 448 597 1793 447 598 1794 448 598 1795 449 598 1796 449 599 1797 448 599 1798 400 599 1799 280 600 1800 279 600 1801 450 600 1802 450 601 1803 279 601 1804 408 601 1805 450 602 1806 408 602 1807 451 602 1808 451 603 1809 408 603 1810 410 603 1811 451 604 1812 410 604 1813 452 604 1814 452 605 1815 410 605 1816 412 605 1817 452 606 1818 412 606 1819 453 606 1820 453 607 1821 412 607 1822 414 607 1823 453 608 1824 414 608 1825 182 608 1826 182 609 1827 414 609 1828 180 609 1829 407 610 1830 176 610 1831 414 610 1832 414 611 1833 176 611 1834 178 611 1835 414 612 1836 178 612 1837 180 612 1838 172 613 1839 174 613 1840 454 613 1841 454 614 1842 174 614 1843 407 614 1844 454 615 1845 407 615 1846 455 615 1847 455 616 1848 407 616 1849 413 616 1850 455 617 1851 413 617 1852 456 617 1853 456 618 1854 413 618 1855 411 618 1856 456 619 1857 411 619 1858 457 619 1859 457 620 1860 411 620 1861 409 620 1862 457 621 1863 409 621 1864 285 621 1865 285 622 1866 409 622 1867 286 622 1868 285 623 1869 284 623 1870 457 623 1871 457 624 1872 284 624 1873 415 624 1874 457 625 1875 415 625 1876 456 625 1877 456 626 1878 415 626 1879 417 626 1880 456 627 1881 417 627 1882 455 627 1883 455 628 1884 417 628 1885 419 628 1886 455 629 1887 419 629 1888 454 629 1889 454 630 1890 419 630 1891 421 630 1892 454 631 1893 421 631 1894 172 631 1895 172 632 1896 421 632 1897 170 632 1898 406 633 1899 166 633 1900 421 633 1901 421 634 1902 166 634 1903 168 634 1904 421 635 1905 168 635 1906 170 635 1907 162 636 1908 164 636 1909 458 636 1910 458 637 1911 164 637 1912 406 637 1913 458 638 1914 406 638 1915 459 638 1916 459 639 1917 406 639 1918 420 639 1919 459 640 1920 420 640 1921 460 640 1922 460 641 1923 420 641 1924 418 641 1925 460 642 1926 418 642 1927 461 642 1928 461 643 1929 418 643 1930 416 643 1931 461 644 1932 416 644 1933 282 644 1934 282 645 1935 416 645 1936 283 645 1937 282 646 1938 281 646 1939 461 646 1940 461 647 1941 281 647 1942 422 647 1943 461 648 1944 422 648 1945 460 648 1946 460 649 1947 422 649 1948 424 649 1949 460 650 1950 424 650 1951 459 650 1952 459 651 1953 424 651 1954 426 651 1955 459 652 1956 426 652 1957 458 652 1958 458 653 1959 426 653 1960 428 653 1961 458 654 1962 428 654 1963 162 654 1964 162 655 1965 428 655 1966 160 655 1967 405 656 1968 156 656 1969 428 656 1970 428 657 1971 156 657 1972 158 657 1973 428 658 1974 158 658 1975 160 658 1976 152 659 1977 154 659 1978 462 659 1979 462 660 1980 154 660 1981 405 660 1982 462 661 1983 405 661 1984 463 661 1985 463 662 1986 405 662 1987 427 662 1988 463 663 1989 427 663 1990 464 663 1991 464 664 1992 427 664 1993 425 664 1994 464 665 1995 425 665 1996 465 665 1997 465 666 1998 425 666 1999 423 666 2000 465 667 2001 423 667 2002 261 667 2003 261 668 2004 423 668 2005 260 668 2006 261 669 2007 262 669 2008 465 669 2009 465 670 2010 262 670 2011 466 670 2012 465 671 2013 466 671 2014 464 671 2015 464 672 2016 466 672 2017 467 672 2018 464 673 2019 467 673 2020 463 673 2021 463 674 2022 467 674 2023 468 674 2024 463 675 2025 468 675 2026 462 675 2027 462 676 2028 468 676 2029 404 676 2030 462 677 2031 404 677 2032 152 677 2033 152 678 2034 404 678 2035 150 678 2036 146 679 2037 148 679 2038 403 679 2039 403 680 2040 148 680 2041 404 680 2042 403 681 2043 404 681 2044 469 681 2045 469 682 2046 404 682 2047 468 682 2048 469 683 2049 468 683 2050 470 683 2051 470 684 2052 468 684 2053 467 684 2054 470 685 2055 467 685 2056 471 685 2057 471 686 2058 467 686 2059 466 686 2060 471 687 2061 466 687 2062 263 687 2063 263 688 2064 466 688 2065 262 688 2066 142 689 2067 144 689 2068 472 689 2069 472 690 2070 144 690 2071 403 690 2072 472 691 2073 403 691 2074 473 691 2075 473 692 2076 403 692 2077 469 692 2078 473 693 2079 469 693 2080 474 693 2081 474 694 2082 469 694 2083 470 694 2084 474 695 2085 470 695 2086 475 695 2087 475 696 2088 470 696 2089 471 696 2090 475 697 2091 471 697 2092 289 697 2093 289 698 2094 471 698 2095 263 698 2096 289 699 2097 288 699 2098 475 699 2099 475 700 2100 288 700 2101 476 700 2102 475 701 2103 476 701 2104 474 701 2105 474 702 2106 476 702 2107 477 702 2108 474 703 2109 477 703 2110 473 703 2111 473 704 2112 477 704 2113 478 704 2114 473 705 2115 478 705 2116 472 705 2117 472 706 2118 478 706 2119 479 706 2120 472 707 2121 479 707 2122 142 707 2123 142 708 2124 479 708 2125 140 708 2126 288 709 2127 287 709 2128 476 709 2129 476 710 2130 287 710 2131 429 710 2132 476 711 2133 429 711 2134 477 711 2135 477 712 2136 429 712 2137 431 712 2138 477 713 2139 431 713 2140 478 713 2141 478 714 2142 431 714 2143 433 714 2144 478 715 2145 433 715 2146 479 715 2147 479 716 2148 433 716 2149 435 716 2150 479 717 2151 435 717 2152 140 717 2153 140 718 2154 435 718 2155 138 718 2156 402 719 2157 134 719 2158 435 719 2159 435 720 2160 134 720 2161 136 720 2162 435 721 2163 136 721 2164 138 721 2165 130 722 2166 132 722 2167 480 722 2168 480 723 2169 132 723 2170 402 723 2171 480 724 2172 402 724 2173 481 724 2174 481 725 2175 402 725 2176 434 725 2177 481 726 2178 434 726 2179 482 726 2180 482 727 2181 434 727 2182 432 727 2183 482 728 2184 432 728 2185 483 728 2186 483 729 2187 432 729 2188 430 729 2189 483 730 2190 430 730 2191 272 730 2192 272 731 2193 430 731 2194 273 731 2195 272 732 2196 271 732 2197 483 732 2198 483 733 2199 271 733 2200 436 733 2201 483 734 2202 436 734 2203 482 734 2204 482 735 2205 436 735 2206 438 735 2207 482 736 2208 438 736 2209 481 736 2210 481 737 2211 438 737 2212 440 737 2213 481 738 2214 440 738 2215 480 738 2216 480 739 2217 440 739 2218 442 739 2219 480 740 2220 442 740 2221 130 740 2222 130 741 2223 442 741 2224 128 741 2225 401 742 2226 124 742 2227 442 742 2228 442 743 2229 124 743 2230 126 743 2231 442 744 2232 126 744 2233 128 744 2234 120 745 2235 122 745 2236 484 745 2237 484 746 2238 122 746 2239 401 746 2240 484 747 2241 401 747 2242 485 747 2243 485 748 2244 401 748 2245 441 748 2246 485 749 2247 441 749 2248 486 749 2249 486 750 2250 441 750 2251 439 750 2252 486 751 2253 439 751 2254 487 751 2255 487 752 2256 439 752 2257 437 752 2258 487 753 2259 437 753 2260 267 753 2261 267 754 2262 437 754 2263 270 754 2264 267 755 2265 266 755 2266 487 755 2267 487 756 2268 266 756 2269 443 756 2270 487 757 2271 443 757 2272 486 757 2273 486 758 2274 443 758 2275 445 758 2276 486 759 2277 445 759 2278 485 759 2279 485 760 2280 445 760 2281 447 760 2282 485 761 2283 447 761 2284 484 761 2285 484 762 2286 447 762 2287 449 762 2288 484 763 2289 449 763 2290 120 763 2291 120 764 2292 449 764 2293 118 764 2294 400 765 2295 114 765 2296 449 765 2297 449 766 2298 114 766 2299 116 766 2300 449 767 2301 116 767 2302 118 767 2303 110 768 2304 112 768 2305 488 768 2306 488 769 2307 112 769 2308 400 769 2309 488 770 2310 400 770 2311 489 770 2312 489 771 2313 400 771 2314 448 771 2315 489 772 2316 448 772 2317 490 772 2318 490 773 2319 448 773 2320 446 773 2321 490 774 2322 446 774 2323 491 774 2324 491 775 2325 446 775 2326 444 775 2327 491 776 2328 444 776 2329 264 776 2330 264 777 2331 444 777 2332 265 777 2333 264 778 2334 259 778 2335 491 778 2336 491 779 2337 259 779 2338 492 779 2339 491 780 2340 492 780 2341 490 780 2342 490 781 2343 492 781 2344 493 781 2345 490 782 2346 493 782 2347 489 782 2348 489 783 2349 493 783 2350 494 783 2351 489 784 2352 494 784 2353 488 784 2354 488 785 2355 494 785 2356 399 785 2357 488 786 2358 399 786 2359 110 786 2360 110 787 2361 399 787 2362 108 787 2363 104 788 2364 106 788 2365 398 788 2366 398 789 2367 106 789 2368 399 789 2369 398 790 2370 399 790 2371 495 790 2372 495 791 2373 399 791 2374 494 791 2375 495 792 2376 494 792 2377 496 792 2378 496 793 2379 494 793 2380 493 793 2381 496 794 2382 493 794 2383 497 794 2384 497 795 2385 493 795 2386 492 795 2387 497 796 2388 492 796 2389 258 796 2390 258 797 2391 492 797 2392 259 797 2393 100 798 2394 102 798 2395 498 798 2396 498 799 2397 102 799 2398 398 799 2399 498 800 2400 398 800 2401 499 800 2402 499 801 2403 398 801 2404 495 801 2405 499 802 2406 495 802 2407 500 802 2408 500 803 2409 495 803 2410 496 803 2411 500 804 2412 496 804 2413 501 804 2414 501 805 2415 496 805 2416 497 805 2417 501 806 2418 497 806 2419 276 806 2420 276 807 2421 497 807 2422 258 807 2423 276 808 2424 275 808 2425 501 808 2426 501 809 2427 275 809 2428 376 809 2429 501 810 2430 376 810 2431 500 810 2432 500 811 2433 376 811 2434 378 811 2435 500 812 2436 378 812 2437 499 812 2438 499 813 2439 378 813 2440 380 813 2441 499 814 2442 380 814 2443 498 814 2444 498 815 2445 380 815 2446 382 815 2447 498 816 2448 382 816 2449 100 816 2450 100 817 2451 382 817 2452 98 817 2453 297 818 2454 298 818 2455 393 818 2456 393 819 2457 298 819 2458 502 819 2459 393 820 2460 502 820 2461 394 820 2462 394 821 2463 502 821 2464 503 821 2465 394 822 2466 503 822 2467 395 822 2468 395 823 2469 503 823 2470 504 823 2471 298 824 2472 299 824 2473 502 824 2474 502 825 2475 299 825 2476 505 825 2477 502 826 2478 505 826 2479 503 826 2480 503 827 2481 505 827 2482 506 827 2483 503 828 2484 506 828 2485 504 828 2486 504 829 2487 506 829 2488 507 829 2489 504 830 2490 507 830 2491 508 830 2492 508 831 2493 507 831 2494 509 831 2495 196 832 2496 198 832 2497 508 832 2498 508 833 2499 198 833 2500 397 833 2501 508 834 2502 397 834 2503 504 834 2504 504 835 2505 397 835 2506 396 835 2507 504 836 2508 396 836 2509 395 836 2510 186 837 2511 188 837 2512 510 837 2513 510 838 2514 188 838 2515 509 838 2516 510 839 2517 509 839 2518 511 839 2519 511 840 2520 509 840 2521 507 840 2522 511 841 2523 507 841 2524 512 841 2525 512 842 2526 507 842 2527 506 842 2528 512 843 2529 506 843 2530 513 843 2531 513 844 2532 506 844 2533 505 844 2534 513 845 2535 505 845 2536 300 845 2537 300 846 2538 505 846 2539 299 846 2540 188 847 2541 190 847 2542 509 847 2543 509 848 2544 190 848 2545 192 848 2546 509 849 2547 192 849 2548 508 849 2549 508 850 2550 192 850 2551 194 850 2552 508 851 2553 194 851 2554 196 851 2555 184 852 2556 186 852 2557 514 852 2558 514 853 2559 186 853 2560 510 853 2561 514 854 2562 510 854 2563 515 854 2564 515 855 2565 510 855 2566 511 855 2567 515 856 2568 511 856 2569 516 856 2570 516 857 2571 511 857 2572 512 857 2573 516 858 2574 512 858 2575 517 858 2576 517 859 2577 512 859 2578 513 859 2579 517 860 2580 513 860 2581 296 860 2582 296 861 2583 513 861 2584 300 861 2585 296 862 2586 280 862 2587 517 862 2588 517 863 2589 280 863 2590 450 863 2591 517 864 2592 450 864 2593 516 864 2594 516 865 2595 450 865 2596 451 865 2597 516 866 2598 451 866 2599 515 866 2600 515 867 2601 451 867 2602 452 867 2603 515 868 2604 452 868 2605 514 868 2606 514 869 2607 452 869 2608 453 869 2609 514 870 2610 453 870 2611 184 870 2612 184 871 2613 453 871 2614 182 871 2615 65 872 2616 343 872 2617 518 872 2618 65 873 2619 518 873 2620 63 873 2621 63 874 2622 518 874 2623 519 874 2624 63 875 2625 519 875 2626 61 875 2627 519 876 2628 520 876 2629 61 876 2630 61 877 2631 520 877 2632 521 877 2633 61 878 2634 521 878 2635 62 878 2636 521 879 2637 522 879 2638 62 879 2639 62 880 2640 522 880 2641 67 880 2642 62 881 2643 67 881 2644 64 881 2645 79 882 2646 77 882 2647 523 882 2648 71 883 2649 69 883 2650 524 883 2651 343 884 2652 342 884 2653 518 884 2654 518 885 2655 342 885 2656 525 885 2657 518 886 2658 525 886 2659 519 886 2660 519 887 2661 525 887 2662 526 887 2663 69 888 2664 67 888 2665 524 888 2666 524 889 2667 67 889 2668 522 889 2669 524 890 2670 522 890 2671 527 890 2672 527 891 2673 522 891 2674 521 891 2675 527 892 2676 521 892 2677 526 892 2678 526 893 2679 521 893 2680 520 893 2681 526 894 2682 520 894 2683 519 894 2684 73 895 2685 71 895 2686 528 895 2687 528 896 2688 71 896 2689 524 896 2690 528 897 2691 524 897 2692 529 897 2693 529 898 2694 524 898 2695 527 898 2696 529 899 2697 527 899 2698 530 899 2699 530 900 2700 527 900 2701 526 900 2702 530 901 2703 526 901 2704 531 901 2705 531 902 2706 526 902 2707 525 902 2708 531 903 2709 525 903 2710 341 903 2711 341 904 2712 525 904 2713 342 904 2714 341 905 2715 301 905 2716 531 905 2717 531 906 2718 301 906 2719 532 906 2720 531 907 2721 532 907 2722 530 907 2723 530 908 2724 532 908 2725 533 908 2726 530 909 2727 533 909 2728 529 909 2729 529 910 2730 533 910 2731 534 910 2732 529 911 2733 534 911 2734 528 911 2735 528 912 2736 534 912 2737 535 912 2738 528 913 2739 535 913 2740 73 913 2741 73 914 2742 535 914 2743 75 914 2744 301 915 2745 302 915 2746 532 915 2747 532 916 2748 302 916 2749 536 916 2750 532 917 2751 536 917 2752 533 917 2753 533 918 2754 536 918 2755 537 918 2756 533 919 2757 537 919 2758 534 919 2759 534 920 2760 537 920 2761 538 920 2762 534 921 2763 538 921 2764 535 921 2765 535 922 2766 538 922 2767 523 922 2768 535 923 2769 523 923 2770 75 923 2771 75 924 2772 523 924 2773 77 924 2774 81 925 2775 79 925 2776 539 925 2777 539 926 2778 79 926 2779 523 926 2780 539 927 2781 523 927 2782 540 927 2783 540 928 2784 523 928 2785 538 928 2786 540 929 2787 538 929 2788 541 929 2789 541 930 2790 538 930 2791 537 930 2792 541 931 2793 537 931 2794 542 931 2795 542 932 2796 537 932 2797 536 932 2798 542 933 2799 536 933 2800 305 933 2801 305 934 2802 536 934 2803 302 934 2804 305 935 2805 304 935 2806 542 935 2807 542 936 2808 304 936 2809 543 936 2810 542 937 2811 543 937 2812 541 937 2813 541 938 2814 543 938 2815 544 938 2816 541 939 2817 544 939 2818 540 939 2819 540 940 2820 544 940 2821 545 940 2822 540 941 2823 545 941 2824 539 941 2825 539 942 2826 545 942 2827 546 942 2828 539 943 2829 546 943 2830 81 943 2831 81 944 2832 546 944 2833 83 944 2834 87 945 2835 85 945 2836 547 945 2837 91 946 2838 89 946 2839 548 946 2840 91 947 2841 548 947 2842 93 947 2843 99 948 2844 97 948 2845 549 948 2846 549 949 2847 97 949 2848 550 949 2849 549 950 2850 550 950 2851 551 950 2852 551 951 2853 550 951 2854 552 951 2855 551 952 2856 552 952 2857 553 952 2858 553 953 2859 552 953 2860 554 953 2861 553 954 2862 554 954 2863 555 954 2864 555 955 2865 554 955 2866 556 955 2867 555 956 2868 556 956 2869 314 956 2870 314 957 2871 556 957 2872 338 957 2873 97 958 2874 95 958 2875 550 958 2876 550 959 2877 95 959 2878 557 959 2879 550 960 2880 557 960 2881 552 960 2882 552 961 2883 557 961 2884 558 961 2885 552 962 2886 558 962 2887 554 962 2888 554 963 2889 558 963 2890 559 963 2891 554 964 2892 559 964 2893 556 964 2894 556 965 2895 559 965 2896 560 965 2897 556 966 2898 560 966 2899 338 966 2900 338 967 2901 560 967 2902 339 967 2903 95 968 2904 93 968 2905 557 968 2906 557 969 2907 93 969 2908 548 969 2909 557 970 2910 548 970 2911 558 970 2912 558 971 2913 548 971 2914 561 971 2915 558 972 2916 561 972 2917 559 972 2918 559 973 2919 561 973 2920 562 973 2921 559 974 2922 562 974 2923 560 974 2924 560 975 2925 562 975 2926 563 975 2927 560 976 2928 563 976 2929 339 976 2930 339 977 2931 563 977 2932 340 977 2933 89 978 2934 87 978 2935 548 978 2936 548 979 2937 87 979 2938 547 979 2939 548 980 2940 547 980 2941 561 980 2942 561 981 2943 547 981 2944 564 981 2945 561 982 2946 564 982 2947 562 982 2948 562 983 2949 564 983 2950 565 983 2951 562 984 2952 565 984 2953 563 984 2954 563 985 2955 565 985 2956 566 985 2957 563 986 2958 566 986 2959 340 986 2960 340 987 2961 566 987 2962 303 987 2963 85 988 2964 83 988 2965 547 988 2966 547 989 2967 83 989 2968 546 989 2969 547 990 2970 546 990 2971 564 990 2972 564 991 2973 546 991 2974 545 991 2975 564 992 2976 545 992 2977 565 992 2978 565 993 2979 545 993 2980 544 993 2981 565 994 2982 544 994 2983 566 994 2984 566 995 2985 544 995 2986 543 995 2987 566 996 2988 543 996 2989 303 996 2990 303 997 2991 543 997 2992 304 997 2993 58 998 2994 199 998 2995 567 998 2996 58 999 2997 567 999 2998 56 999 2999 56 1000 3000 567 1000 3001 568 1000 3002 56 1001 3003 568 1001 3004 57 1001 3005 568 1002 3006 569 1002 3007 57 1002 3008 57 1003 3009 569 1003 3010 570 1003 3011 57 1004 3012 570 1004 3013 59 1004 3014 570 1005 3015 571 1005 3016 59 1005 3017 59 1006 3018 571 1006 3019 334 1006 3020 59 1007 3021 334 1007 3022 60 1007 3023 331 1008 3024 572 1008 3025 573 1008 3026 572 1009 3027 574 1009 3028 575 1009 3029 574 1010 3030 576 1010 3031 577 1010 3032 576 1011 3033 578 1011 3034 579 1011 3035 578 1012 3036 183 1012 3037 181 1012 3038 578 1013 3039 181 1013 3040 579 1013 3041 579 1014 3042 181 1014 3043 179 1014 3044 579 1015 3045 179 1015 3046 580 1015 3047 179 1016 3048 177 1016 3049 580 1016 3050 580 1017 3051 177 1017 3052 175 1017 3053 580 1018 3054 175 1018 3055 581 1018 3056 175 1019 3057 173 1019 3058 581 1019 3059 581 1020 3060 173 1020 3061 171 1020 3062 581 1021 3063 171 1021 3064 582 1021 3065 582 1022 3066 171 1022 3067 169 1022 3068 582 1023 3069 169 1023 3070 583 1023 3071 583 1024 3072 169 1024 3073 167 1024 3074 583 1025 3075 167 1025 3076 584 1025 3077 584 1026 3078 167 1026 3079 165 1026 3080 165 1027 3081 163 1027 3082 584 1027 3083 584 1028 3084 163 1028 3085 161 1028 3086 584 1029 3087 161 1029 3088 585 1029 3089 585 1030 3090 161 1030 3091 159 1030 3092 585 1031 3093 159 1031 3094 586 1031 3095 586 1032 3096 159 1032 3097 157 1032 3098 586 1033 3099 157 1033 3100 587 1033 3101 587 1034 3102 157 1034 3103 155 1034 3104 155 1035 3105 153 1035 3106 587 1035 3107 587 1036 3108 153 1036 3109 151 1036 3110 587 1037 3111 151 1037 3112 588 1037 3113 588 1038 3114 151 1038 3115 149 1038 3116 588 1039 3117 149 1039 3118 589 1039 3119 589 1040 3120 149 1040 3121 147 1040 3122 589 1041 3123 147 1041 3124 590 1041 3125 590 1042 3126 147 1042 3127 145 1042 3128 145 1043 3129 143 1043 3130 590 1043 3131 590 1044 3132 143 1044 3133 141 1044 3134 590 1045 3135 141 1045 3136 591 1045 3137 591 1046 3138 141 1046 3139 139 1046 3140 591 1047 3141 139 1047 3142 592 1047 3143 592 1048 3144 139 1048 3145 137 1048 3146 592 1049 3147 137 1049 3148 593 1049 3149 137 1050 3150 135 1050 3151 593 1050 3152 593 1051 3153 135 1051 3154 133 1051 3155 593 1052 3156 133 1052 3157 594 1052 3158 133 1053 3159 131 1053 3160 594 1053 3161 594 1054 3162 131 1054 3163 129 1054 3164 594 1055 3165 129 1055 3166 595 1055 3167 595 1056 3168 129 1056 3169 127 1056 3170 595 1057 3171 127 1057 3172 596 1057 3173 596 1058 3174 127 1058 3175 125 1058 3176 596 1059 3177 125 1059 3178 597 1059 3179 597 1060 3180 125 1060 3181 123 1060 3182 123 1061 3183 121 1061 3184 597 1061 3185 597 1062 3186 121 1062 3187 119 1062 3188 597 1063 3189 119 1063 3190 598 1063 3191 598 1064 3192 119 1064 3193 117 1064 3194 598 1065 3195 117 1065 3196 599 1065 3197 599 1066 3198 117 1066 3199 115 1066 3200 599 1067 3201 115 1067 3202 600 1067 3203 600 1068 3204 115 1068 3205 113 1068 3206 113 1069 3207 111 1069 3208 600 1069 3209 600 1070 3210 111 1070 3211 109 1070 3212 600 1071 3213 109 1071 3214 601 1071 3215 601 1072 3216 109 1072 3217 107 1072 3218 601 1073 3219 107 1073 3220 602 1073 3221 602 1074 3222 107 1074 3223 105 1074 3224 602 1075 3225 105 1075 3226 603 1075 3227 603 1076 3228 105 1076 3229 103 1076 3230 103 1077 3231 101 1077 3232 603 1077 3233 603 1078 3234 101 1078 3235 99 1078 3236 603 1079 3237 99 1079 3238 549 1079 3239 576 1080 3240 579 1080 3241 577 1080 3242 577 1081 3243 579 1081 3244 580 1081 3245 577 1082 3246 580 1082 3247 604 1082 3248 604 1083 3249 580 1083 3250 581 1083 3251 604 1084 3252 581 1084 3253 605 1084 3254 605 1085 3255 581 1085 3256 582 1085 3257 605 1086 3258 582 1086 3259 606 1086 3260 606 1087 3261 582 1087 3262 583 1087 3263 606 1088 3264 583 1088 3265 607 1088 3266 607 1089 3267 583 1089 3268 584 1089 3269 607 1090 3270 584 1090 3271 608 1090 3272 608 1091 3273 584 1091 3274 585 1091 3275 608 1092 3276 585 1092 3277 609 1092 3278 609 1093 3279 585 1093 3280 586 1093 3281 609 1094 3282 586 1094 3283 610 1094 3284 610 1095 3285 586 1095 3286 587 1095 3287 610 1096 3288 587 1096 3289 611 1096 3290 611 1097 3291 587 1097 3292 588 1097 3293 611 1098 3294 588 1098 3295 612 1098 3296 612 1099 3297 588 1099 3298 589 1099 3299 612 1100 3300 589 1100 3301 613 1100 3302 613 1101 3303 589 1101 3304 590 1101 3305 613 1102 3306 590 1102 3307 614 1102 3308 614 1103 3309 590 1103 3310 591 1103 3311 614 1104 3312 591 1104 3313 615 1104 3314 615 1105 3315 591 1105 3316 592 1105 3317 615 1106 3318 592 1106 3319 616 1106 3320 616 1107 3321 592 1107 3322 593 1107 3323 616 1108 3324 593 1108 3325 617 1108 3326 617 1109 3327 593 1109 3328 594 1109 3329 617 1110 3330 594 1110 3331 618 1110 3332 618 1111 3333 594 1111 3334 595 1111 3335 618 1112 3336 595 1112 3337 619 1112 3338 619 1113 3339 595 1113 3340 596 1113 3341 619 1114 3342 596 1114 3343 620 1114 3344 620 1115 3345 596 1115 3346 597 1115 3347 620 1116 3348 597 1116 3349 621 1116 3350 621 1117 3351 597 1117 3352 598 1117 3353 621 1118 3354 598 1118 3355 622 1118 3356 622 1119 3357 598 1119 3358 599 1119 3359 622 1120 3360 599 1120 3361 623 1120 3362 623 1121 3363 599 1121 3364 600 1121 3365 623 1122 3366 600 1122 3367 624 1122 3368 624 1123 3369 600 1123 3370 601 1123 3371 624 1124 3372 601 1124 3373 625 1124 3374 625 1125 3375 601 1125 3376 602 1125 3377 625 1126 3378 602 1126 3379 626 1126 3380 626 1127 3381 602 1127 3382 603 1127 3383 626 1128 3384 603 1128 3385 627 1128 3386 627 1129 3387 603 1129 3388 549 1129 3389 627 1130 3390 549 1130 3391 551 1130 3392 574 1131 3393 577 1131 3394 575 1131 3395 575 1132 3396 577 1132 3397 604 1132 3398 575 1133 3399 604 1133 3400 628 1133 3401 628 1134 3402 604 1134 3403 605 1134 3404 628 1135 3405 605 1135 3406 629 1135 3407 629 1136 3408 605 1136 3409 606 1136 3410 629 1137 3411 606 1137 3412 630 1137 3413 630 1138 3414 606 1138 3415 607 1138 3416 630 1139 3417 607 1139 3418 631 1139 3419 631 1140 3420 607 1140 3421 608 1140 3422 631 1141 3423 608 1141 3424 632 1141 3425 632 1142 3426 608 1142 3427 609 1142 3428 632 1143 3429 609 1143 3430 633 1143 3431 633 1144 3432 609 1144 3433 610 1144 3434 633 1145 3435 610 1145 3436 634 1145 3437 634 1146 3438 610 1146 3439 611 1146 3440 634 1147 3441 611 1147 3442 635 1147 3443 635 1148 3444 611 1148 3445 612 1148 3446 635 1149 3447 612 1149 3448 636 1149 3449 636 1150 3450 612 1150 3451 613 1150 3452 636 1151 3453 613 1151 3454 637 1151 3455 637 1152 3456 613 1152 3457 614 1152 3458 637 1153 3459 614 1153 3460 638 1153 3461 638 1154 3462 614 1154 3463 615 1154 3464 638 1155 3465 615 1155 3466 639 1155 3467 639 1156 3468 615 1156 3469 616 1156 3470 639 1157 3471 616 1157 3472 640 1157 3473 640 1158 3474 616 1158 3475 617 1158 3476 640 1159 3477 617 1159 3478 641 1159 3479 641 1160 3480 617 1160 3481 618 1160 3482 641 1161 3483 618 1161 3484 642 1161 3485 642 1162 3486 618 1162 3487 619 1162 3488 642 1163 3489 619 1163 3490 643 1163 3491 643 1164 3492 619 1164 3493 620 1164 3494 643 1165 3495 620 1165 3496 644 1165 3497 644 1166 3498 620 1166 3499 621 1166 3500 644 1167 3501 621 1167 3502 645 1167 3503 645 1168 3504 621 1168 3505 622 1168 3506 645 1169 3507 622 1169 3508 646 1169 3509 646 1170 3510 622 1170 3511 623 1170 3512 646 1171 3513 623 1171 3514 647 1171 3515 647 1172 3516 623 1172 3517 624 1172 3518 647 1173 3519 624 1173 3520 648 1173 3521 648 1174 3522 624 1174 3523 625 1174 3524 648 1175 3525 625 1175 3526 649 1175 3527 649 1176 3528 625 1176 3529 626 1176 3530 649 1177 3531 626 1177 3532 650 1177 3533 650 1178 3534 626 1178 3535 627 1178 3536 650 1179 3537 627 1179 3538 651 1179 3539 651 1180 3540 627 1180 3541 551 1180 3542 651 1181 3543 551 1181 3544 553 1181 3545 572 1182 3546 575 1182 3547 573 1182 3548 573 1183 3549 575 1183 3550 628 1183 3551 573 1184 3552 628 1184 3553 652 1184 3554 652 1185 3555 628 1185 3556 629 1185 3557 652 1186 3558 629 1186 3559 653 1186 3560 653 1187 3561 629 1187 3562 630 1187 3563 653 1188 3564 630 1188 3565 654 1188 3566 654 1189 3567 630 1189 3568 631 1189 3569 654 1190 3570 631 1190 3571 655 1190 3572 655 1191 3573 631 1191 3574 632 1191 3575 655 1192 3576 632 1192 3577 656 1192 3578 656 1193 3579 632 1193 3580 633 1193 3581 656 1194 3582 633 1194 3583 657 1194 3584 657 1195 3585 633 1195 3586 634 1195 3587 657 1196 3588 634 1196 3589 658 1196 3590 658 1197 3591 634 1197 3592 635 1197 3593 658 1198 3594 635 1198 3595 659 1198 3596 659 1199 3597 635 1199 3598 636 1199 3599 659 1200 3600 636 1200 3601 660 1200 3602 660 1201 3603 636 1201 3604 637 1201 3605 660 1202 3606 637 1202 3607 661 1202 3608 661 1203 3609 637 1203 3610 638 1203 3611 661 1204 3612 638 1204 3613 662 1204 3614 662 1205 3615 638 1205 3616 639 1205 3617 662 1206 3618 639 1206 3619 663 1206 3620 663 1207 3621 639 1207 3622 640 1207 3623 663 1208 3624 640 1208 3625 664 1208 3626 664 1209 3627 640 1209 3628 641 1209 3629 664 1210 3630 641 1210 3631 665 1210 3632 665 1211 3633 641 1211 3634 642 1211 3635 665 1212 3636 642 1212 3637 666 1212 3638 666 1213 3639 642 1213 3640 643 1213 3641 666 1214 3642 643 1214 3643 667 1214 3644 667 1215 3645 643 1215 3646 644 1215 3647 667 1216 3648 644 1216 3649 668 1216 3650 668 1217 3651 644 1217 3652 645 1217 3653 668 1218 3654 645 1218 3655 669 1218 3656 669 1219 3657 645 1219 3658 646 1219 3659 669 1220 3660 646 1220 3661 670 1220 3662 670 1221 3663 646 1221 3664 647 1221 3665 670 1222 3666 647 1222 3667 671 1222 3668 671 1223 3669 647 1223 3670 648 1223 3671 671 1224 3672 648 1224 3673 672 1224 3674 672 1225 3675 648 1225 3676 649 1225 3677 672 1226 3678 649 1226 3679 673 1226 3680 673 1227 3681 649 1227 3682 650 1227 3683 673 1228 3684 650 1228 3685 674 1228 3686 674 1229 3687 650 1229 3688 651 1229 3689 674 1230 3690 651 1230 3691 675 1230 3692 675 1231 3693 651 1231 3694 553 1231 3695 675 1232 3696 553 1232 3697 555 1232 3698 331 1233 3699 573 1233 3700 320 1233 3701 320 1234 3702 573 1234 3703 652 1234 3704 320 1235 3705 652 1235 3706 321 1235 3707 321 1236 3708 652 1236 3709 653 1236 3710 321 1237 3711 653 1237 3712 322 1237 3713 322 1238 3714 653 1238 3715 654 1238 3716 322 1239 3717 654 1239 3718 323 1239 3719 323 1240 3720 654 1240 3721 655 1240 3722 323 1241 3723 655 1241 3724 306 1241 3725 306 1242 3726 655 1242 3727 656 1242 3728 306 1243 3729 656 1243 3730 307 1243 3731 307 1244 3732 656 1244 3733 657 1244 3734 307 1245 3735 657 1245 3736 308 1245 3737 308 1246 3738 657 1246 3739 658 1246 3740 308 1247 3741 658 1247 3742 327 1247 3743 327 1248 3744 658 1248 3745 659 1248 3746 327 1249 3747 659 1249 3748 328 1249 3749 328 1250 3750 659 1250 3751 660 1250 3752 328 1251 3753 660 1251 3754 329 1251 3755 329 1252 3756 660 1252 3757 661 1252 3758 329 1253 3759 661 1253 3760 330 1253 3761 330 1254 3762 661 1254 3763 662 1254 3764 330 1255 3765 662 1255 3766 335 1255 3767 335 1256 3768 662 1256 3769 663 1256 3770 335 1257 3771 663 1257 3772 336 1257 3773 336 1258 3774 663 1258 3775 664 1258 3776 336 1259 3777 664 1259 3778 337 1259 3779 337 1260 3780 664 1260 3781 665 1260 3782 337 1261 3783 665 1261 3784 315 1261 3785 315 1262 3786 665 1262 3787 666 1262 3788 315 1263 3789 666 1263 3790 316 1263 3791 316 1264 3792 666 1264 3793 667 1264 3794 316 1265 3795 667 1265 3796 317 1265 3797 317 1266 3798 667 1266 3799 668 1266 3800 317 1267 3801 668 1267 3802 318 1267 3803 318 1268 3804 668 1268 3805 669 1268 3806 318 1269 3807 669 1269 3808 319 1269 3809 319 1270 3810 669 1270 3811 670 1270 3812 319 1271 3813 670 1271 3814 324 1271 3815 324 1272 3816 670 1272 3817 671 1272 3818 324 1273 3819 671 1273 3820 325 1273 3821 325 1274 3822 671 1274 3823 672 1274 3824 325 1275 3825 672 1275 3826 326 1275 3827 326 1276 3828 672 1276 3829 673 1276 3830 326 1277 3831 673 1277 3832 311 1277 3833 311 1278 3834 673 1278 3835 674 1278 3836 311 1279 3837 674 1279 3838 312 1279 3839 312 1280 3840 674 1280 3841 675 1280 3842 312 1281 3843 675 1281 3844 313 1281 3845 313 1282 3846 675 1282 3847 555 1282 3848 313 1283 3849 555 1283 3850 314 1283 3851 187 1284 3852 185 1284 3853 676 1284 3854 195 1285 3855 193 1285 3856 677 1285 3857 187 1286 3858 676 1286 3859 189 1286 3860 199 1287 3861 197 1287 3862 567 1287 3863 567 1288 3864 197 1288 3865 678 1288 3866 567 1289 3867 678 1289 3868 568 1289 3869 568 1290 3870 678 1290 3871 679 1290 3872 568 1291 3873 679 1291 3874 569 1291 3875 569 1292 3876 679 1292 3877 680 1292 3878 333 1293 3879 334 1293 3880 681 1293 3881 681 1294 3882 334 1294 3883 571 1294 3884 681 1295 3885 571 1295 3886 680 1295 3887 680 1296 3888 571 1296 3889 570 1296 3890 680 1297 3891 570 1297 3892 569 1297 3893 197 1298 3894 195 1298 3895 678 1298 3896 678 1299 3897 195 1299 3898 677 1299 3899 678 1300 3900 677 1300 3901 679 1300 3902 679 1301 3903 677 1301 3904 682 1301 3905 679 1302 3906 682 1302 3907 680 1302 3908 680 1303 3909 682 1303 3910 683 1303 3911 680 1304 3912 683 1304 3913 681 1304 3914 681 1305 3915 683 1305 3916 684 1305 3917 681 1306 3918 684 1306 3919 333 1306 3920 333 1307 3921 684 1307 3922 332 1307 3923 193 1308 3924 191 1308 3925 677 1308 3926 677 1309 3927 191 1309 3928 685 1309 3929 677 1310 3930 685 1310 3931 682 1310 3932 682 1311 3933 685 1311 3934 686 1311 3935 682 1312 3936 686 1312 3937 683 1312 3938 683 1313 3939 686 1313 3940 687 1313 3941 683 1314 3942 687 1314 3943 684 1314 3944 684 1315 3945 687 1315 3946 688 1315 3947 684 1316 3948 688 1316 3949 332 1316 3950 332 1317 3951 688 1317 3952 309 1317 3953 191 1318 3954 189 1318 3955 685 1318 3956 685 1319 3957 189 1319 3958 676 1319 3959 685 1320 3960 676 1320 3961 686 1320 3962 686 1321 3963 676 1321 3964 689 1321 3965 686 1322 3966 689 1322 3967 687 1322 3968 687 1323 3969 689 1323 3970 690 1323 3971 687 1324 3972 690 1324 3973 688 1324 3974 688 1325 3975 690 1325 3976 691 1325 3977 688 1326 3978 691 1326 3979 309 1326 3980 309 1327 3981 691 1327 3982 310 1327 3983 185 1328 3984 183 1328 3985 676 1328 3986 676 1329 3987 183 1329 3988 578 1329 3989 676 1330 3990 578 1330 3991 689 1330 3992 689 1331 3993 578 1331 3994 576 1331 3995 689 1332 3996 576 1332 3997 690 1332 3998 690 1333 3999 576 1333 4000 574 1333 4001 690 1334 4002 574 1334 4003 691 1334 4004 691 1335 4005 574 1335 4006 572 1335 4007 691 1336 4008 572 1336 4009 310 1336 4010 310 1337 4011 572 1337 4012 331 1337 4013 692 1338 4014 693 1338 4015 694 1338 4016 694 1339 4017 693 1339 4018 695 1339 4019 696 1340 4020 697 1340 4021 698 1340 4022 698 1341 4023 697 1341 4024 699 1341 4025 700 1342 4026 701 1342 4027 702 1342 4028 702 1343 4029 701 1343 4030 703 1343 4031 704 1344 4032 705 1344 4033 18 1344 4034 18 1345 4035 705 1345 4036 16 1345 4037 16 1346 4038 705 1346 4039 706 1346 4040 16 1347 4041 706 1347 4042 14 1347 4043 6 1348 4044 8 1348 4045 707 1348 4046 707 1349 4047 8 1349 4048 10 1349 4049 707 1350 4050 10 1350 4051 706 1350 4052 706 1351 4053 10 1351 4054 12 1351 4055 706 1352 4056 12 1352 4057 14 1352 4058 40 1353 4059 0 1353 4060 38 1353 4061 38 1354 4062 0 1354 4063 2 1354 4064 38 1355 4065 2 1355 4066 36 1355 4067 36 1356 4068 2 1356 4069 4 1356 4070 40 1357 4071 42 1357 4072 0 1357 4073 0 1358 4074 42 1358 4075 708 1358 4076 0 1359 4077 708 1359 4078 22 1359 4079 22 1360 4080 708 1360 4081 704 1360 4082 22 1361 4083 704 1361 4084 20 1361 4085 20 1362 4086 704 1362 4087 18 1362 4088 42 1363 4089 44 1363 4090 708 1363 4091 708 1364 4092 44 1364 4093 46 1364 4094 708 1365 4095 46 1365 4096 24 1365 4097 24 1366 4098 26 1366 4099 708 1366 4100 708 1367 4101 26 1367 4102 28 1367 4103 708 1368 4104 28 1368 4105 709 1368 4106 709 1369 4107 28 1369 4108 30 1369 4109 4 1370 4110 6 1370 4111 36 1370 4112 36 1371 4113 6 1371 4114 707 1371 4115 36 1372 4116 707 1372 4117 34 1372 4118 34 1373 4119 707 1373 4120 709 1373 4121 34 1374 4122 709 1374 4123 32 1374 4124 32 1375 4125 709 1375 4126 30 1375 4127 710 1376 4128 711 1376 4129 223 1376 4130 712 1377 4131 713 1377 4132 231 1377 4133 255 1378 4134 253 1378 4135 217 1378 4136 217 1379 4137 253 1379 4138 251 1379 4139 217 1380 4140 251 1380 4141 249 1380 4142 231 1381 4143 229 1381 4144 712 1381 4145 712 1382 4146 229 1382 4147 227 1382 4148 712 1383 4149 227 1383 4150 711 1383 4151 711 1384 4152 227 1384 4153 225 1384 4154 711 1385 4155 225 1385 4156 223 1385 4157 235 1386 4158 257 1386 4159 714 1386 4160 714 1387 4161 257 1387 4162 255 1387 4163 217 1388 4164 215 1388 4165 255 1388 4166 255 1389 4167 215 1389 4168 213 1389 4169 255 1390 4170 213 1390 4171 714 1390 4172 714 1391 4173 213 1391 4174 211 1391 4175 714 1392 4176 211 1392 4177 713 1392 4178 713 1393 4179 211 1393 4180 233 1393 4181 713 1394 4182 233 1394 4183 231 1394 4184 247 1395 4185 245 1395 4186 715 1395 4187 715 1396 4188 245 1396 4189 243 1396 4190 249 1397 4191 247 1397 4192 217 1397 4193 217 1398 4194 247 1398 4195 715 1398 4196 217 1399 4197 715 1399 4198 219 1399 4199 219 1400 4200 715 1400 4201 710 1400 4202 219 1401 4203 710 1401 4204 221 1401 4205 221 1402 4206 710 1402 4207 223 1402 4208 243 1403 4209 241 1403 4210 715 1403 4211 715 1404 4212 241 1404 4213 239 1404 4214 715 1405 4215 239 1405 4216 714 1405 4217 714 1406 4218 239 1406 4219 237 1406 4220 714 1407 4221 237 1407 4222 235 1407 4223 716 1408 4224 717 1408 4225 718 1408 4226 718 1409 4227 717 1409 4228 719 1409 4229 718 1410 4230 719 1410 4231 720 1410 4232 720 1411 4233 719 1411 4234 721 1411 4235 720 1412 4236 721 1412 4237 722 1412 4238 722 1413 4239 721 1413 4240 723 1413 4241 722 1414 4242 723 1414 4243 724 1414 4244 724 1415 4245 723 1415 4246 725 1415 4247 724 1416 4248 725 1416 4249 726 1416 4250 726 1417 4251 725 1417 4252 727 1417 4253 726 1418 4254 727 1418 4255 728 1418 4256 728 1419 4257 727 1419 4258 729 1419 4259 728 1420 4260 729 1420 4261 730 1420 4262 730 1421 4263 729 1421 4264 731 1421 4265 730 1422 4266 731 1422 4267 732 1422 4268 732 1423 4269 731 1423 4270 733 1423 4271 732 1424 4272 733 1424 4273 734 1424 4274 734 1425 4275 733 1425 4276 735 1425 4277 734 1426 4278 700 1426 4279 736 1426 4280 724 1427 4281 726 1427 4282 716 1427 4283 726 1428 4284 728 1428 4285 736 1428 4286 737 1429 4287 716 1429 4288 738 1429 4289 738 1430 4290 716 1430 4291 726 1430 4292 738 1431 4293 726 1431 4294 739 1431 4295 739 1432 4296 726 1432 4297 736 1432 4298 728 1433 4299 730 1433 4300 736 1433 4301 736 1434 4302 730 1434 4303 732 1434 4304 736 1435 4305 732 1435 4306 734 1435 4307 718 1436 4308 720 1436 4309 716 1436 4310 716 1437 4311 720 1437 4312 722 1437 4313 716 1438 4314 722 1438 4315 724 1438 4316 717 1439 4317 740 1439 4318 741 1439 4319 721 1440 4320 719 1440 4321 717 1440 4322 701 1441 4323 735 1441 4324 742 1441 4325 742 1442 4326 735 1442 4327 733 1442 4328 727 1443 4329 743 1443 4330 729 1443 4331 729 1444 4332 743 1444 4333 742 1444 4334 729 1445 4335 742 1445 4336 731 1445 4337 731 1446 4338 742 1446 4339 733 1446 4340 723 1447 4341 721 1447 4342 725 1447 4343 725 1448 4344 721 1448 4345 717 1448 4346 725 1449 4347 717 1449 4348 727 1449 4349 727 1450 4350 717 1450 4351 741 1450 4352 727 1451 4353 741 1451 4354 743 1451 4355 700 1452 4356 734 1452 4357 701 1452 4358 701 1453 4359 734 1453 4360 735 1453 4361 740 1454 4362 717 1454 4363 737 1454 4364 737 1455 4365 717 1455 4366 716 1455 4367 693 1456 4368 692 1456 4369 744 1456 4370 744 1457 4371 692 1457 4372 745 1457 4373 744 1458 4374 745 1458 4375 746 1458 4376 746 1459 4377 745 1459 4378 747 1459 4379 746 1460 4380 747 1460 4381 748 1460 4382 748 1461 4383 747 1461 4384 749 1461 4385 748 1462 4386 749 1462 4387 750 1462 4388 750 1463 4389 749 1463 4390 751 1463 4391 750 1464 4392 751 1464 4393 752 1464 4394 752 1465 4395 751 1465 4396 753 1465 4397 752 1466 4398 753 1466 4399 737 1466 4400 737 1467 4401 753 1467 4402 740 1467 4403 695 1468 4404 693 1468 4405 754 1468 4406 754 1469 4407 693 1469 4408 755 1469 4409 754 1470 4410 755 1470 4411 756 1470 4412 756 1471 4413 755 1471 4414 757 1471 4415 756 1472 4416 757 1472 4417 758 1472 4418 758 1473 4419 757 1473 4420 759 1473 4421 758 1474 4422 759 1474 4423 708 1474 4424 708 1475 4425 759 1475 4426 704 1475 4427 760 1476 4428 752 1476 4429 737 1476 4430 704 1477 4431 761 1477 4432 762 1477 4433 762 1478 4434 761 1478 4435 763 1478 4436 762 1479 4437 763 1479 4438 764 1479 4439 764 1480 4440 763 1480 4441 760 1480 4442 764 1481 4443 760 1481 4444 765 1481 4445 765 1482 4446 760 1482 4447 737 1482 4448 765 1483 4449 737 1483 4450 738 1483 4451 766 1484 4452 748 1484 4453 750 1484 4454 704 1485 4455 767 1485 4456 761 1485 4457 761 1486 4458 767 1486 4459 768 1486 4460 761 1487 4461 768 1487 4462 763 1487 4463 763 1488 4464 768 1488 4465 766 1488 4466 763 1489 4467 766 1489 4468 760 1489 4469 760 1490 4470 766 1490 4471 750 1490 4472 760 1491 4473 750 1491 4474 752 1491 4475 769 1492 4476 744 1492 4477 746 1492 4478 704 1493 4479 770 1493 4480 767 1493 4481 767 1494 4482 770 1494 4483 771 1494 4484 767 1495 4485 771 1495 4486 768 1495 4487 768 1496 4488 771 1496 4489 769 1496 4490 768 1497 4491 769 1497 4492 766 1497 4493 766 1498 4494 769 1498 4495 746 1498 4496 766 1499 4497 746 1499 4498 748 1499 4499 704 1500 4500 759 1500 4501 770 1500 4502 770 1501 4503 759 1501 4504 757 1501 4505 770 1502 4506 757 1502 4507 771 1502 4508 771 1503 4509 757 1503 4510 755 1503 4511 771 1504 4512 755 1504 4513 769 1504 4514 769 1505 4515 755 1505 4516 693 1505 4517 769 1506 4518 693 1506 4519 744 1506 4520 708 1507 4521 709 1507 4522 772 1507 4523 772 1508 4524 709 1508 4525 773 1508 4526 772 1509 4527 773 1509 4528 774 1509 4529 774 1510 4530 773 1510 4531 775 1510 4532 774 1511 4533 775 1511 4534 776 1511 4535 776 1512 4536 775 1512 4537 777 1512 4538 776 1513 4539 777 1513 4540 778 1513 4541 778 1514 4542 777 1514 4543 779 1514 4544 778 1515 4545 779 1515 4546 780 1515 4547 780 1516 4548 779 1516 4549 781 1516 4550 780 1517 4551 781 1517 4552 48 1517 4553 48 1518 4554 781 1518 4555 54 1518 4556 708 1519 4557 782 1519 4558 783 1519 4559 783 1520 4560 782 1520 4561 784 1520 4562 783 1521 4563 784 1521 4564 785 1521 4565 785 1522 4566 784 1522 4567 786 1522 4568 785 1523 4569 786 1523 4570 787 1523 4571 774 1524 4572 776 1524 4573 784 1524 4574 784 1525 4575 776 1525 4576 778 1525 4577 784 1526 4578 778 1526 4579 786 1526 4580 786 1527 4581 778 1527 4582 780 1527 4583 786 1528 4584 780 1528 4585 48 1528 4586 708 1529 4587 788 1529 4588 758 1529 4589 758 1530 4590 788 1530 4591 789 1530 4592 758 1531 4593 789 1531 4594 756 1531 4595 756 1532 4596 789 1532 4597 790 1532 4598 756 1533 4599 790 1533 4600 754 1533 4601 754 1534 4602 790 1534 4603 791 1534 4604 754 1535 4605 791 1535 4606 695 1535 4607 708 1536 4608 783 1536 4609 788 1536 4610 788 1537 4611 783 1537 4612 785 1537 4613 788 1538 4614 785 1538 4615 789 1538 4616 789 1539 4617 785 1539 4618 787 1539 4619 789 1540 4620 787 1540 4621 790 1540 4622 790 1541 4623 787 1541 4624 792 1541 4625 790 1542 4626 792 1542 4627 791 1542 4628 774 1543 4629 784 1543 4630 772 1543 4631 772 1544 4632 784 1544 4633 782 1544 4634 772 1545 4635 782 1545 4636 708 1545 4637 48 1546 4638 793 1546 4639 786 1546 4640 786 1547 4641 793 1547 4642 794 1547 4643 786 1548 4644 794 1548 4645 787 1548 4646 787 1549 4647 794 1549 4648 795 1549 4649 787 1550 4650 795 1550 4651 792 1550 4652 705 1551 4653 704 1551 4654 762 1551 4655 706 1552 4656 705 1552 4657 796 1552 4658 707 1553 4659 706 1553 4660 797 1553 4661 798 1554 4662 736 1554 4663 700 1554 4664 707 1555 4665 797 1555 4666 799 1555 4667 799 1556 4668 797 1556 4669 800 1556 4670 799 1557 4671 800 1557 4672 801 1557 4673 801 1558 4674 800 1558 4675 798 1558 4676 801 1559 4677 798 1559 4678 802 1559 4679 802 1560 4680 798 1560 4681 700 1560 4682 802 1561 4683 700 1561 4684 702 1561 4685 706 1562 4686 796 1562 4687 797 1562 4688 797 1563 4689 796 1563 4690 803 1563 4691 797 1564 4692 803 1564 4693 800 1564 4694 800 1565 4695 803 1565 4696 804 1565 4697 800 1566 4698 804 1566 4699 798 1566 4700 798 1567 4701 804 1567 4702 739 1567 4703 798 1568 4704 739 1568 4705 736 1568 4706 705 1569 4707 762 1569 4708 796 1569 4709 796 1570 4710 762 1570 4711 764 1570 4712 796 1571 4713 764 1571 4714 803 1571 4715 803 1572 4716 764 1572 4717 765 1572 4718 803 1573 4719 765 1573 4720 804 1573 4721 804 1574 4722 765 1574 4723 738 1574 4724 804 1575 4725 738 1575 4726 739 1575 4727 699 1576 4728 697 1576 4729 805 1576 4730 805 1577 4731 697 1577 4732 806 1577 4733 805 1578 4734 806 1578 4735 807 1578 4736 807 1579 4737 806 1579 4738 808 1579 4739 807 1580 4740 808 1580 4741 809 1580 4742 809 1581 4743 808 1581 4744 810 1581 4745 809 1582 4746 810 1582 4747 707 1582 4748 707 1583 4749 810 1583 4750 709 1583 4751 709 1584 4752 811 1584 4753 773 1584 4754 773 1585 4755 811 1585 4756 775 1585 4757 775 1586 4758 811 1586 4759 812 1586 4760 775 1587 4761 812 1587 4762 777 1587 4763 777 1588 4764 812 1588 4765 779 1588 4766 779 1589 4767 812 1589 4768 813 1589 4769 779 1590 4770 813 1590 4771 781 1590 4772 781 1591 4773 813 1591 4774 814 1591 4775 781 1592 4776 814 1592 4777 54 1592 4778 815 1593 4779 816 1593 4780 817 1593 4781 709 1594 4782 818 1594 4783 811 1594 4784 811 1595 4785 818 1595 4786 819 1595 4787 811 1596 4788 819 1596 4789 812 1596 4790 812 1597 4791 819 1597 4792 815 1597 4793 812 1598 4794 815 1598 4795 813 1598 4796 813 1599 4797 815 1599 4798 817 1599 4799 813 1600 4800 817 1600 4801 814 1600 4802 820 1601 4803 821 1601 4804 822 1601 4805 709 1602 4806 823 1602 4807 818 1602 4808 818 1603 4809 823 1603 4810 824 1603 4811 818 1604 4812 824 1604 4813 819 1604 4814 819 1605 4815 824 1605 4816 820 1605 4817 819 1606 4818 820 1606 4819 815 1606 4820 815 1607 4821 820 1607 4822 822 1607 4823 815 1608 4824 822 1608 4825 816 1608 4826 709 1609 4827 810 1609 4828 823 1609 4829 823 1610 4830 810 1610 4831 808 1610 4832 823 1611 4833 808 1611 4834 824 1611 4835 824 1612 4836 808 1612 4837 806 1612 4838 824 1613 4839 806 1613 4840 820 1613 4841 820 1614 4842 806 1614 4843 697 1614 4844 820 1615 4845 697 1615 4846 821 1615 4847 694 1616 4848 695 1616 4849 825 1616 4850 825 1617 4851 695 1617 4852 791 1617 4853 825 1618 4854 791 1618 4855 826 1618 4856 826 1619 4857 791 1619 4858 792 1619 4859 826 1620 4860 792 1620 4861 827 1620 4862 827 1621 4863 792 1621 4864 795 1621 4865 827 1622 4866 795 1622 4867 828 1622 4868 828 1623 4869 795 1623 4870 794 1623 4871 828 1624 4872 794 1624 4873 829 1624 4874 829 1625 4875 794 1625 4876 793 1625 4877 829 1626 4878 793 1626 4879 50 1626 4880 50 1627 4881 793 1627 4882 48 1627 4883 707 1628 4884 830 1628 4885 809 1628 4886 809 1629 4887 830 1629 4888 831 1629 4889 809 1630 4890 831 1630 4891 807 1630 4892 807 1631 4893 831 1631 4894 832 1631 4895 807 1632 4896 832 1632 4897 805 1632 4898 805 1633 4899 832 1633 4900 833 1633 4901 805 1634 4902 833 1634 4903 699 1634 4904 707 1635 4905 834 1635 4906 830 1635 4907 830 1636 4908 834 1636 4909 835 1636 4910 830 1637 4911 835 1637 4912 831 1637 4913 831 1638 4914 835 1638 4915 836 1638 4916 831 1639 4917 836 1639 4918 832 1639 4919 832 1640 4920 836 1640 4921 837 1640 4922 832 1641 4923 837 1641 4924 833 1641 4925 707 1642 4926 799 1642 4927 834 1642 4928 834 1643 4929 799 1643 4930 801 1643 4931 834 1644 4932 801 1644 4933 835 1644 4934 835 1645 4935 801 1645 4936 802 1645 4937 835 1646 4938 802 1646 4939 836 1646 4940 836 1647 4941 802 1647 4942 702 1647 4943 836 1648 4944 702 1648 4945 837 1648 4946 52 1649 4947 54 1649 4948 838 1649 4949 838 1650 4950 54 1650 4951 814 1650 4952 838 1651 4953 814 1651 4954 839 1651 4955 839 1652 4956 814 1652 4957 817 1652 4958 839 1653 4959 817 1653 4960 840 1653 4961 840 1654 4962 817 1654 4963 816 1654 4964 840 1655 4965 816 1655 4966 841 1655 4967 841 1656 4968 816 1656 4969 822 1656 4970 841 1657 4971 822 1657 4972 842 1657 4973 842 1658 4974 822 1658 4975 821 1658 4976 842 1659 4977 821 1659 4978 696 1659 4979 696 1660 4980 821 1660 4981 697 1660 4982 715 1661 4983 714 1661 4984 843 1661 4985 843 1662 4986 714 1662 4987 844 1662 4988 843 1663 4989 844 1663 4990 845 1663 4991 845 1664 4992 844 1664 4993 846 1664 4994 845 1665 4995 846 1665 4996 847 1665 4997 847 1666 4998 846 1666 4999 848 1666 5000 847 1667 5001 848 1667 5002 849 1667 5003 849 1668 5004 848 1668 5005 850 1668 5006 849 1669 5007 850 1669 5008 851 1669 5009 851 1670 5010 850 1670 5011 852 1670 5012 851 1671 5013 852 1671 5014 52 1671 5015 52 1672 5016 852 1672 5017 50 1672 5018 702 1673 5019 703 1673 5020 837 1673 5021 837 1674 5022 703 1674 5023 853 1674 5024 837 1675 5025 853 1675 5026 833 1675 5027 833 1676 5028 853 1676 5029 854 1676 5030 833 1677 5031 854 1677 5032 699 1677 5033 699 1678 5034 854 1678 5035 698 1678 5036 855 1679 5037 856 1679 5038 715 1679 5039 857 1680 5040 858 1680 5041 856 1680 5042 856 1681 5043 858 1681 5044 715 1681 5045 859 1682 5046 855 1682 5047 715 1682 5048 860 1683 5049 861 1683 5050 862 1683 5051 849 1684 5052 851 1684 5053 863 1684 5054 863 1685 5055 851 1685 5056 52 1685 5057 52 1686 5058 838 1686 5059 863 1686 5060 863 1687 5061 838 1687 5062 839 1687 5063 863 1688 5064 839 1688 5065 864 1688 5066 696 1689 5067 865 1689 5068 842 1689 5069 842 1690 5070 865 1690 5071 866 1690 5072 842 1691 5073 866 1691 5074 841 1691 5075 841 1692 5076 866 1692 5077 864 1692 5078 841 1693 5079 864 1693 5080 840 1693 5081 840 1694 5082 864 1694 5083 839 1694 5084 865 1695 5085 860 1695 5086 866 1695 5087 866 1696 5088 860 1696 5089 862 1696 5090 866 1697 5091 862 1697 5092 864 1697 5093 864 1698 5094 862 1698 5095 867 1698 5096 864 1699 5097 867 1699 5098 863 1699 5099 863 1700 5100 867 1700 5101 868 1700 5102 863 1701 5103 868 1701 5104 849 1701 5105 843 1702 5106 845 1702 5107 868 1702 5108 868 1703 5109 845 1703 5110 847 1703 5111 868 1704 5112 847 1704 5113 849 1704 5114 861 1705 5115 857 1705 5116 862 1705 5117 862 1706 5118 857 1706 5119 856 1706 5120 862 1707 5121 856 1707 5122 867 1707 5123 867 1708 5124 856 1708 5125 855 1708 5126 867 1709 5127 855 1709 5128 868 1709 5129 868 1710 5130 855 1710 5131 859 1710 5132 868 1711 5133 859 1711 5134 843 1711 5135 843 1712 5136 859 1712 5137 715 1712 5138 710 1713 5139 715 1713 5140 869 1713 5141 869 1714 5142 715 1714 5143 858 1714 5144 869 1715 5145 858 1715 5146 870 1715 5147 870 1716 5148 858 1716 5149 857 1716 5150 870 1717 5151 857 1717 5152 871 1717 5153 871 1718 5154 857 1718 5155 861 1718 5156 871 1719 5157 861 1719 5158 872 1719 5159 872 1720 5160 861 1720 5161 860 1720 5162 872 1721 5163 860 1721 5164 873 1721 5165 873 1722 5166 860 1722 5167 865 1722 5168 873 1723 5169 865 1723 5170 698 1723 5171 698 1724 5172 865 1724 5173 696 1724 5174 854 1725 5175 874 1725 5176 698 1725 5177 698 1726 5178 874 1726 5179 873 1726 5180 873 1727 5181 874 1727 5182 872 1727 5183 872 1728 5184 874 1728 5185 875 1728 5186 872 1729 5187 875 1729 5188 871 1729 5189 871 1730 5190 875 1730 5191 870 1730 5192 870 1731 5193 875 1731 5194 876 1731 5195 870 1732 5196 876 1732 5197 869 1732 5198 710 1733 5199 876 1733 5200 877 1733 5201 877 1734 5202 876 1734 5203 875 1734 5204 877 1735 5205 875 1735 5206 878 1735 5207 878 1736 5208 875 1736 5209 874 1736 5210 878 1737 5211 874 1737 5212 879 1737 5213 879 1738 5214 874 1738 5215 854 1738 5216 879 1739 5217 854 1739 5218 853 1739 5219 710 1740 5220 877 1740 5221 880 1740 5222 880 1741 5223 877 1741 5224 878 1741 5225 880 1742 5226 878 1742 5227 881 1742 5228 881 1743 5229 878 1743 5230 879 1743 5231 881 1744 5232 879 1744 5233 882 1744 5234 882 1745 5235 879 1745 5236 853 1745 5237 882 1746 5238 853 1746 5239 703 1746 5240 869 1747 5241 876 1747 5242 710 1747 5243 743 1748 5244 741 1748 5245 883 1748 5246 742 1749 5247 743 1749 5248 884 1749 5249 701 1750 5250 742 1750 5251 885 1750 5252 882 1751 5253 703 1751 5254 701 1751 5255 701 1752 5256 885 1752 5257 882 1752 5258 882 1753 5259 885 1753 5260 886 1753 5261 882 1754 5262 886 1754 5263 881 1754 5264 881 1755 5265 886 1755 5266 887 1755 5267 881 1756 5268 887 1756 5269 880 1756 5270 880 1757 5271 887 1757 5272 711 1757 5273 880 1758 5274 711 1758 5275 710 1758 5276 742 1759 5277 884 1759 5278 885 1759 5279 885 1760 5280 884 1760 5281 888 1760 5282 885 1761 5283 888 1761 5284 886 1761 5285 886 1762 5286 888 1762 5287 889 1762 5288 886 1763 5289 889 1763 5290 887 1763 5291 887 1764 5292 889 1764 5293 712 1764 5294 887 1765 5295 712 1765 5296 711 1765 5297 743 1766 5298 883 1766 5299 884 1766 5300 884 1767 5301 883 1767 5302 890 1767 5303 884 1768 5304 890 1768 5305 888 1768 5306 888 1769 5307 890 1769 5308 891 1769 5309 888 1770 5310 891 1770 5311 889 1770 5312 889 1771 5313 891 1771 5314 713 1771 5315 889 1772 5316 713 1772 5317 712 1772 5318 892 1773 5319 893 1773 5320 713 1773 5321 891 1774 5322 894 1774 5323 713 1774 5324 895 1775 5325 896 1775 5326 893 1775 5327 893 1776 5328 896 1776 5329 713 1776 5330 894 1777 5331 892 1777 5332 713 1777 5333 897 1778 5334 898 1778 5335 899 1778 5336 883 1779 5337 741 1779 5338 740 1779 5339 883 1780 5340 740 1780 5341 900 1780 5342 740 1781 5343 753 1781 5344 900 1781 5345 900 1782 5346 753 1782 5347 751 1782 5348 900 1783 5349 751 1783 5350 901 1783 5351 692 1784 5352 902 1784 5353 745 1784 5354 745 1785 5355 902 1785 5356 903 1785 5357 745 1786 5358 903 1786 5359 747 1786 5360 747 1787 5361 903 1787 5362 901 1787 5363 747 1788 5364 901 1788 5365 749 1788 5366 749 1789 5367 901 1789 5368 751 1789 5369 902 1790 5370 897 1790 5371 903 1790 5372 903 1791 5373 897 1791 5374 899 1791 5375 903 1792 5376 899 1792 5377 901 1792 5378 901 1793 5379 899 1793 5380 904 1793 5381 901 1794 5382 904 1794 5383 900 1794 5384 900 1795 5385 904 1795 5386 905 1795 5387 900 1796 5388 905 1796 5389 883 1796 5390 883 1797 5391 905 1797 5392 890 1797 5393 898 1798 5394 895 1798 5395 899 1798 5396 899 1799 5397 895 1799 5398 893 1799 5399 899 1800 5400 893 1800 5401 904 1800 5402 904 1801 5403 893 1801 5404 892 1801 5405 904 1802 5406 892 1802 5407 905 1802 5408 905 1803 5409 892 1803 5410 894 1803 5411 905 1804 5412 894 1804 5413 890 1804 5414 890 1805 5415 894 1805 5416 891 1805 5417 714 1806 5418 713 1806 5419 906 1806 5420 906 1807 5421 713 1807 5422 896 1807 5423 906 1808 5424 896 1808 5425 907 1808 5426 907 1809 5427 896 1809 5428 895 1809 5429 907 1810 5430 895 1810 5431 908 1810 5432 908 1811 5433 895 1811 5434 898 1811 5435 908 1812 5436 898 1812 5437 909 1812 5438 909 1813 5439 898 1813 5440 897 1813 5441 909 1814 5442 897 1814 5443 910 1814 5444 910 1815 5445 897 1815 5446 902 1815 5447 910 1816 5448 902 1816 5449 694 1816 5450 694 1817 5451 902 1817 5452 692 1817 5453 911 1818 5454 912 1818 5455 714 1818 5456 846 1819 5457 844 1819 5458 912 1819 5459 912 1820 5460 844 1820 5461 714 1820 5462 913 1821 5463 911 1821 5464 714 1821 5465 850 1822 5466 848 1822 5467 914 1822 5468 909 1823 5469 910 1823 5470 915 1823 5471 915 1824 5472 910 1824 5473 694 1824 5474 694 1825 5475 825 1825 5476 915 1825 5477 915 1826 5478 825 1826 5479 826 1826 5480 915 1827 5481 826 1827 5482 916 1827 5483 50 1828 5484 852 1828 5485 829 1828 5486 829 1829 5487 852 1829 5488 917 1829 5489 829 1830 5490 917 1830 5491 828 1830 5492 828 1831 5493 917 1831 5494 916 1831 5495 828 1832 5496 916 1832 5497 827 1832 5498 827 1833 5499 916 1833 5500 826 1833 5501 852 1834 5502 850 1834 5503 917 1834 5504 917 1835 5505 850 1835 5506 914 1835 5507 917 1836 5508 914 1836 5509 916 1836 5510 916 1837 5511 914 1837 5512 918 1837 5513 916 1838 5514 918 1838 5515 915 1838 5516 915 1839 5517 918 1839 5518 919 1839 5519 915 1840 5520 919 1840 5521 909 1840 5522 906 1841 5523 907 1841 5524 919 1841 5525 919 1842 5526 907 1842 5527 908 1842 5528 919 1843 5529 908 1843 5530 909 1843 5531 848 1844 5532 846 1844 5533 914 1844 5534 914 1845 5535 846 1845 5536 912 1845 5537 914 1846 5538 912 1846 5539 918 1846 5540 918 1847 5541 912 1847 5542 911 1847 5543 918 1848 5544 911 1848 5545 919 1848 5546 919 1849 5547 911 1849 5548 913 1849 5549 919 1850 5550 913 1850 5551 906 1850 5552 906 1851 5553 913 1851 5554 714 1851 5555</p>
        </triangles>
      </mesh>
    </geometry>
  </library_geometries>
  <library_visual_scenes>
    <visual_scene id="Scene" name="Scene">
      <node id="rffoot" name="rffoot" type="NODE">
        <matrix sid="transform">1 0 0 0 0 1 0 0 0 0 1 0 0 0 0 1</matrix>
        <instance_geometry url="#rffoot-mesh" name="rffoot">
          <bind_material>
            <technique_common>
              <instance_material symbol="rffootmaterial-material" target="#rffootmaterial-material">
                <bind_vertex_input semantic="UVMap" input_semantic="TEXCOORD" input_set="0"/>
              </instance_material>
            </technique_common>
          </bind_material>
        </instance_geometry>
      </node>
    </visual_scene>
  </library_visual_scenes>
  <scene>
    <instance_visual_scene url="#Scene"/>
  </scene>
</COLLADA>