<?xml version="1.0" encoding="utf-8"?>
<COLLADA xmlns="http://www.collada.org/2005/11/COLLADASchema" version="1.4.1" xmlns:xsi="http://www.w3.org/2001/XMLSchema-instance">
  <asset>
    <contributor>
      <author>Blender User</author>
      <authoring_tool>Blender 4.3.2 commit date:2024-12-16, commit time:21:10, hash:32f5fdce0a0a</authoring_tool>
    </contributor>
    <created>2026-01-02T14:28:13</created>
    <modified>2026-01-02T14:28:13</modified>
    <unit name="meter" meter="1"/>
    <up_axis>Z_UP</up_axis>
  </asset>
  <library_effects>
    <effect id="Shell_Sidematerial-effect">
      <profile_COMMON>
        <newparam sid="minipupper_textures_png-surface">
          <surface type="2D">
            <init_from>minipupper_textures_png</init_from>
          </surface>
        </newparam>
        <newparam sid="minipupper_textures_png-sampler">
          <sampler2D>
            <source>minipupper_textures_png-surface</source>
          </sampler2D>
        </newparam>
        <technique sid="common">
          <lambert>
            <emission>
              <color sid="emission">0 0 0 1</color>
            </emission>
            <diffuse>
              <texture texture="minipupper_textures_png-sampler" texcoord="UVMap"/>
            </diffuse>
            <index_of_refraction>
              <float sid="ior">1.5</float>
            </index_of_refraction>
          </lambert>
        </technique>
      </profile_COMMON>
    </effect>
  </library_effects>
  <library_images>
    <image id="minipupper_textures_png" name="minipupper_textures_png">
      <init_from>minipupper_textures.png</init_from>
    </image>
  </library_images>
  <library_materials>
    <material id="Shell_Sidematerial-material" name="Shell_Sidematerial">
      <instance_effect url="#Shell_Sidematerial-effect"/>
    </material>
  </library_materials>
  <library_geometries>
    <geometry id="Shell_Side-mesh" name="Shell_Side">
      <mesh>
        <source id="Shell_Side-mesh-positions">
          <float_array id="Shell_Side-mesh-positions-array" count="5004">0.02829873 -0.02975523 -0.01704347 -0.03370118 -0.02975523 -0.01704347 0.02902132 -0.02975523 -0.01695513 -0.03442376 -0.02975523 -0.01695513 0.02970135 -0.02975523 -0.01669543 -0.03510373 -0.02975523 -0.01669543 0.03029876 -0.02975523 -0.01627951 -0.03570121 -0.02975523 -0.01627951 -0.03570121 -0.02975523 -0.01554346 0.03029876 -0.02975523 -0.01554346 0.03029876 -0.02968019 -0.01627951 0.03029876 -0.02968019 -0.01554346 -0.03570121 -0.02968019 -0.01627951 -0.03570121 -0.02968019 -0.01554346 -0.03370118 -0.03068017 -0.01704347 0.02829873 -0.03068017 -0.01704347 0.0290752 -0.03068017 -0.01694124 0.02979874 -0.03068017 -0.01664155 0.03042006 -0.03068017 -0.01616477 0.03072142 -0.02968019 -0.01581287 0.03089684 -0.03068017 -0.01554346 0.03103739 -0.02968019 -0.0152682 0.03119653 -0.03068017 -0.01481992 0.03123265 -0.02968019 -0.01466965 0.03129875 -0.03068017 -0.01404345 0.03129875 -0.02968019 -0.01404345 0.03095322 -0.02975523 0.02708017 -0.03836119 -0.02975523 0.02708017 0.03095322 -0.02968019 0.02708017 -0.03836119 -0.02968019 0.02708017 -0.03836119 -0.02968019 0.02645647 -0.03836119 -0.02975523 0.02645647 0.03123527 -0.02968019 0.02645647 0.03123527 -0.02975523 0.02645647 0.03107088 -0.02975523 0.02688354 0.03116536 -0.02975523 0.02667474 -0.03612387 -0.02968019 -0.01581287 -0.03643977 -0.02968019 -0.0152682 -0.0366351 -0.02968019 -0.01466965 -0.03448587 -0.02968019 -0.01360601 -0.0367012 -0.02968019 -0.01404345 -0.03475117 -0.02968019 -0.0134961 -0.03497898 -0.02968019 -0.01332128 -0.0351538 -0.02968019 -0.01309347 -0.03526371 -0.02968019 -0.01282817 -0.0353012 -0.02968019 -0.01254349 -0.03526371 -0.02968019 -0.01225876 -0.0351538 -0.02968019 -0.01199346 -0.0367012 -0.02968019 0.01847118 -0.03497898 -0.02968019 -0.01176565 -0.03309196 -0.02968019 0.01389455 -0.03475117 -0.02968019 -0.01159083 -0.03448587 -0.02968019 -0.01148092 -0.02460741 -0.02968019 -0.00710535 -0.0342012 -0.02968019 -0.01144349 -0.03391647 -0.02968019 -0.01148092 -0.02443629 -0.02968019 -0.007416665 -0.03365117 -0.02968019 -0.01159083 -0.0241968 -0.02968019 -0.007678985 -0.03342336 -0.02968019 -0.01176565 -0.02390229 -0.02968019 -0.007877588 -0.03324854 -0.02968019 -0.01199346 -0.03313869 -0.02968019 -0.01225876 -0.02356934 -0.02968019 -0.008001387 -0.0331012 -0.02968019 -0.01254349 -0.02321666 -0.02968019 -0.008043467 -0.03313869 -0.02968019 -0.01282817 -0.03324854 -0.02968019 -0.01309347 -0.02213811 -0.02968019 -0.008043467 -0.03342336 -0.02968019 -0.01332128 -0.02177524 -0.02968019 -0.007998883 -0.01440179 -0.02968019 -0.008001387 -0.01473474 -0.02968019 -0.007877588 -0.02143388 -0.02968019 -0.007867872 -0.01502925 -0.02968019 -0.007678985 -0.02113443 -0.02968019 -0.007658183 -0.01526874 -0.02968019 -0.007416665 -0.02089452 -0.02968019 -0.007382273 -0.01543986 -0.02968019 -0.00710535 -0.02072858 -0.02968019 -0.007056474 -0.02064633 -0.02968019 -0.006700277 -0.03690564 -0.02968019 0.02002412 -0.03391647 -0.02968019 0.02239394 -0.0317012 -0.02968019 0.01595646 -0.03206408 -0.02968019 0.01591193 -0.03750503 -0.02968019 0.0214712 -0.03448587 -0.02968019 0.02239394 -0.0342012 -0.02968019 0.02235645 -0.03845852 -0.02968019 0.02271384 -0.0351538 -0.02968019 0.02290648 -0.03497898 -0.02968019 0.02267867 -0.03475117 -0.02968019 0.02250385 -0.0414083 -0.02968019 0.02566361 -0.0351538 -0.02968019 0.02400648 -0.03526371 -0.02968019 0.02374118 -0.0415672 -0.02968019 0.02587068 -0.0416671 -0.02968019 0.0261119 -0.04170119 -0.02968019 0.0263707 -0.04170119 -0.02968019 0.02695649 -0.0416671 -0.02968019 0.0272153 -0.04070121 -0.02968019 0.02795648 -0.0415672 -0.02968019 0.02745646 -0.0414083 -0.02968019 0.02766358 -0.04120117 -0.02968019 0.02782249 -0.04096001 -0.02968019 0.02792239 0.02929878 -0.02968019 0.02795648 0.03063344 -0.02968019 0.02744597 0.03023487 -0.02968019 0.0277239 0.02978104 -0.02968019 0.02789747 -0.03391647 -0.02968019 0.02451902 -0.0342012 -0.02968019 0.02455645 -0.03448587 -0.02968019 0.02451902 0.03127044 -0.02968019 0.02629178 0.02879875 -0.02968019 0.02455645 0.02851408 -0.02968019 0.02451902 0.02824878 -0.02968019 0.02440911 0.03129166 -0.02968019 0.02612471 0.03129875 -0.02968019 0.02595645 0.02908343 -0.02968019 0.02451902 0.02934873 -0.02968019 0.02440911 0.02957659 -0.02968019 0.02423429 0.02975136 -0.02968019 0.02400648 0.02986127 -0.02968019 0.02374118 0.02989876 -0.02968019 0.02345645 0.02986127 -0.02968019 0.02317178 0.02975136 -0.02968019 0.02290648 0.02975136 -0.02968019 -0.01199346 0.02986127 -0.02968019 -0.01225876 0.02989876 -0.02968019 -0.01254349 0.02986127 -0.02968019 -0.01282817 0.02975136 -0.02968019 -0.01309347 0.02957659 -0.02968019 -0.01332128 0.02934873 -0.02968019 -0.0134961 0.02908343 -0.02968019 -0.01360601 -0.003803014 -0.02968019 -0.008043467 0.004285931 -0.02968019 -0.008043467 0.005364477 -0.02968019 -0.008043467 -0.01260769 -0.02968019 -0.007998883 -0.005234241 -0.02968019 -0.008001387 -0.01297056 -0.02968019 -0.008043467 -0.00488156 -0.02968019 -0.008043467 -0.005567193 -0.02968019 -0.007877588 -0.01226633 -0.02968019 -0.007867872 -0.005861699 -0.02968019 -0.007678985 -0.01196688 -0.02968019 -0.007658183 -0.006101191 -0.02968019 -0.007416665 -0.01172703 -0.02968019 -0.007382273 -0.006272315 -0.02968019 -0.00710535 -0.01156103 -0.02968019 -0.007056474 -0.01147878 -0.02968019 -0.006700277 -0.01148515 -0.02968019 -0.006334722 -0.01157981 -0.02968019 -0.005981564 -0.01475685 -0.02968019 0.01389455 -0.02006435 -0.02968019 0.0150184 -0.01485151 -0.02968019 0.01424771 -0.01485788 -0.02968019 0.01461327 -0.01477563 -0.02968019 0.01496952 -0.01460963 -0.02968019 0.01529526 -0.02023547 -0.02968019 0.01532965 -0.01436978 -0.02968019 0.01557117 -0.02047497 -0.02968019 0.01559197 -0.01407033 -0.02968019 0.01578092 -0.02076947 -0.02968019 0.01579058 -0.01372897 -0.02968019 0.01591193 -0.02110242 -0.02968019 0.01591444 -0.03313869 -0.02968019 0.02374118 -0.0214551 -0.02968019 0.01595646 -0.0331012 -0.02968019 0.02345645 -0.03313869 -0.02968019 0.02317178 -0.02253365 -0.02968019 0.01595646 -0.03324854 -0.02968019 0.02290648 -0.02289652 -0.02968019 0.01591193 -0.03342336 -0.02968019 0.02267867 -0.03026992 -0.02968019 0.01591444 -0.03365117 -0.02968019 0.02250385 -0.03062266 -0.02968019 0.01595646 -0.02993702 -0.02968019 0.01579058 -0.02323788 -0.02968019 0.01578092 -0.02964252 -0.02968019 0.01559197 -0.02353733 -0.02968019 0.01557117 -0.02940303 -0.02968019 0.01532965 -0.02377718 -0.02968019 0.01529526 -0.0292319 -0.02968019 0.0150184 -0.02394318 -0.02968019 0.01496952 -0.02402544 -0.02968019 0.01461327 -0.02401906 -0.02968019 0.01424771 -0.02392441 -0.02968019 0.01389455 -0.0207473 -0.02968019 -0.005981564 -0.02065271 -0.02968019 -0.006334722 -0.01404911 -0.02968019 -0.008043467 -0.03365117 -0.02968019 -0.0134961 -0.03391647 -0.02968019 -0.01360601 -0.0342012 -0.02968019 -0.01364344 0.02406245 -0.02968019 -0.007998883 0.02802091 -0.02968019 -0.01176565 0.02369958 -0.02968019 -0.008043467 0.02784615 -0.02968019 -0.01199346 0.02262103 -0.02968019 -0.008043467 0.02773624 -0.02968019 -0.01225876 0.02226829 -0.02968019 -0.008001387 0.02769875 -0.02968019 -0.01254349 0.0148949 -0.02968019 -0.007998883 0.02773624 -0.02968019 -0.01282817 0.02784615 -0.02968019 -0.01309347 0.02824878 -0.02968019 -0.01159083 0.02440375 -0.02968019 -0.007867872 0.02851408 -0.02968019 -0.01148092 0.02470326 -0.02968019 -0.007658183 0.02879875 -0.02968019 -0.01144349 0.02494311 -0.02968019 -0.007382273 0.02908343 -0.02968019 -0.01148092 0.02510911 -0.02968019 -0.007056474 0.02519136 -0.02968019 -0.006700277 0.02934873 -0.02968019 -0.01159083 0.02518498 -0.02968019 -0.006334722 0.02509033 -0.02968019 -0.005981564 0.01660579 -0.02968019 0.0150184 0.02908343 -0.02968019 0.02239394 0.02934873 -0.02968019 0.02250385 0.02957659 -0.02968019 0.02267867 0.01643466 -0.02968019 0.01532965 0.02851408 -0.02968019 0.02239394 0.02879875 -0.02968019 0.02235645 0.01619517 -0.02968019 0.01559197 0.02824878 -0.02968019 0.02250385 0.01590067 -0.02968019 0.01579058 0.02802091 -0.02968019 0.02267867 0.01556771 -0.02968019 0.01591444 0.02784615 -0.02968019 0.02290648 0.02773624 -0.02968019 0.02317178 0.01521503 -0.02968019 0.01595646 0.02769875 -0.02968019 0.02345645 0.01413649 -0.02968019 0.01595646 0.02773624 -0.02968019 0.02374118 0.02784615 -0.02968019 0.02400648 0.01377362 -0.02968019 0.01591193 0.006400167 -0.02968019 0.01591444 0.006733119 -0.02968019 0.01579058 0.01343226 -0.02968019 0.01578092 0.007027626 -0.02968019 0.01559197 0.01313281 -0.02968019 0.01557117 0.007267117 -0.02968019 0.01532965 0.0128929 -0.02968019 0.01529526 0.007438242 -0.02968019 0.0150184 0.01272696 -0.02968019 0.01496952 0.0126447 -0.02968019 0.01461327 0.01265108 -0.02968019 0.01424771 0.01274573 -0.02968019 0.01389455 0.01592278 -0.02968019 -0.005981564 0.02123028 -0.02968019 -0.00710535 0.01601743 -0.02968019 -0.006334722 0.01602381 -0.02968019 -0.006700277 0.01594156 -0.02968019 -0.007056474 0.01577556 -0.02968019 -0.007382273 0.0214014 -0.02968019 -0.007416665 0.01553571 -0.02968019 -0.007658183 0.02164089 -0.02968019 -0.007678985 0.01523625 -0.02968019 -0.007867872 0.0219354 -0.02968019 -0.007877588 -0.03240537 -0.02968019 0.01578092 -0.03270488 -0.02968019 0.01557117 -0.03294473 -0.02968019 0.01529526 -0.03311073 -0.02968019 0.01496952 -0.03319299 -0.02968019 0.01461327 -0.03318661 -0.02968019 0.01424771 0.00393325 -0.02968019 -0.008001387 -0.003440141 -0.02968019 -0.007998883 0.003600299 -0.02968019 -0.007877588 -0.003098785 -0.02968019 -0.007867872 0.003305792 -0.02968019 -0.007678985 -0.002799332 -0.02968019 -0.007658183 0.003066301 -0.02968019 -0.007416665 -0.002559483 -0.02968019 -0.007382273 0.002895176 -0.02968019 -0.00710535 -0.002393484 -0.02968019 -0.007056474 -0.002311229 -0.02968019 -0.006700277 -0.002317607 -0.02968019 -0.006334722 -0.002412259 -0.02968019 -0.005981564 -0.005589306 -0.02968019 0.01389455 -0.0108968 -0.02968019 0.0150184 -0.005683958 -0.02968019 0.01424771 -0.005690336 -0.02968019 0.01461327 -0.005608081 -0.02968019 0.01496952 -0.005442082 -0.02968019 0.01529526 -0.01106792 -0.02968019 0.01532965 -0.005202233 -0.02968019 0.01557117 -0.01130741 -0.02968019 0.01559197 -0.00490278 -0.02968019 0.01578092 -0.01160192 -0.02968019 0.01579058 -0.004561424 -0.02968019 0.01591193 -0.01193487 -0.02968019 0.01591444 -0.004198551 -0.02968019 0.01595646 -0.01228755 -0.02968019 0.01595646 -0.03342336 -0.02968019 0.02423429 -0.03324854 -0.02968019 0.02400648 -0.0133661 -0.02968019 0.01595646 0.01453202 -0.02968019 -0.008043467 0.02802091 -0.02968019 -0.01332128 0.01345348 -0.02968019 -0.008043467 0.0131008 -0.02968019 -0.008001387 0.00572735 -0.02968019 -0.007998883 0.01276785 -0.02968019 -0.007877588 0.006068706 -0.02968019 -0.007867872 0.01247334 -0.02968019 -0.007678985 0.00636816 -0.02968019 -0.007658183 0.01223385 -0.02968019 -0.007416665 0.006608009 -0.02968019 -0.007382273 0.01206272 -0.02968019 -0.00710535 0.006774008 -0.02968019 -0.007056474 0.006856262 -0.02968019 -0.006700277 0.006047487 -0.02968019 0.01595646 0.02802091 -0.02968019 0.02423429 0.004968941 -0.02968019 0.01595646 -0.003120005 -0.02968019 0.01595646 -0.002767324 -0.02968019 0.01591444 0.004606068 -0.02968019 0.01591193 -0.002434372 -0.02968019 0.01579058 0.004264712 -0.02968019 0.01578092 -0.002139866 -0.02968019 0.01559197 0.003965258 -0.02968019 0.01557117 -0.001900374 -0.02968019 0.01532965 0.003725349 -0.02968019 0.01529526 -0.001729249 -0.02968019 0.0150184 0.00355941 -0.02968019 0.01496952 0.003477156 -0.02968019 0.01461327 0.003483533 -0.02968019 0.01424771 0.003578186 -0.02968019 0.01389455 0.006755232 -0.02968019 -0.005981564 0.006849884 -0.02968019 -0.006334722 -0.03365117 -0.02968019 0.02440911 -0.03475117 -0.02968019 0.02440911 -0.03497898 -0.02968019 0.02423429 -0.0353012 -0.02968019 0.02345645 -0.03526371 -0.02968019 0.02317178 0.02957659 -0.02968019 -0.01176565 0.02824878 -0.02968019 -0.0134961 0.02851408 -0.02968019 -0.01360601 0.02879875 -0.02968019 -0.01364344 -0.02253365 -0.03068017 0.01595646 -0.02289652 -0.03068017 0.01591193 -0.02323788 -0.03068017 0.01578092 -0.02353733 -0.03068017 0.01557117 -0.02377718 -0.03068017 0.01529526 -0.02394318 -0.03068017 0.01496952 -0.02402544 -0.03068017 0.01461327 -0.02401906 -0.03068017 0.01424771 -0.02392441 -0.03068017 0.01389455 0.01413649 -0.03068017 0.01595646 0.01377362 -0.03068017 0.01591193 0.01343226 -0.03068017 0.01578092 0.01313281 -0.03068017 0.01557117 0.0128929 -0.03068017 0.01529526 0.01272696 -0.03068017 0.01496952 0.0126447 -0.03068017 0.01461327 0.01265108 -0.03068017 0.01424771 0.01274573 -0.03068017 0.01389455 -0.0317012 -0.03068017 0.01595646 -0.03206408 -0.03068017 0.01591193 -0.03240537 -0.03068017 0.01578092 -0.03270488 -0.03068017 0.01557117 -0.03294473 -0.03068017 0.01529526 -0.03311073 -0.03068017 0.01496952 -0.03319299 -0.03068017 0.01461327 -0.03318661 -0.03068017 0.01424771 -0.03309196 -0.03068017 0.01389455 -0.0133661 -0.03068017 0.01595646 -0.01372897 -0.03068017 0.01591193 -0.01407033 -0.03068017 0.01578092 -0.01436978 -0.03068017 0.01557117 -0.01460963 -0.03068017 0.01529526 -0.01477563 -0.03068017 0.01496952 -0.01485788 -0.03068017 0.01461327 -0.01485151 -0.03068017 0.01424771 -0.01475685 -0.03068017 0.01389455 0.004968941 -0.03068017 0.01595646 0.004606068 -0.03068017 0.01591193 0.004264712 -0.03068017 0.01578092 0.003965258 -0.03068017 0.01557117 0.003725349 -0.03068017 0.01529526 0.00355941 -0.03068017 0.01496952 0.003477156 -0.03068017 0.01461327 0.003483533 -0.03068017 0.01424771 0.003578186 -0.03068017 0.01389455 -0.004198551 -0.03068017 0.01595646 -0.004561424 -0.03068017 0.01591193 -0.00490278 -0.03068017 0.01578092 -0.005202233 -0.03068017 0.01557117 -0.005442082 -0.03068017 0.01529526 -0.005608081 -0.03068017 0.01496952 -0.005690336 -0.03068017 0.01461327 -0.005683958 -0.03068017 0.01424771 -0.005589306 -0.03068017 0.01389455 -0.03323525 -0.0297802 0.02319765 -0.03320121 -0.0297802 0.02345645 -0.03323525 -0.0297802 0.02371531 -0.03333514 -0.0297802 0.02395647 -0.03349411 -0.0297802 0.0241636 -0.03370118 -0.0297802 0.0243225 -0.0339424 -0.0297802 0.0244224 -0.0342012 -0.0297802 0.0244565 -0.03446 -0.0297802 0.0244224 -0.03470116 -0.0297802 0.0243225 -0.03490829 -0.0297802 0.0241636 -0.0350672 -0.0297802 0.02395647 -0.03516709 -0.0297802 0.02371531 -0.03520119 -0.0297802 0.02345645 -0.03516709 -0.0297802 0.02319765 -0.0350672 -0.0297802 0.02295649 -0.03490829 -0.0297802 0.02274936 -0.03470116 -0.0297802 0.02259045 -0.03446 -0.0297802 0.02249056 -0.0342012 -0.0297802 0.02245646 -0.0339424 -0.0297802 0.02249056 -0.03370118 -0.0297802 0.02259045 -0.03349411 -0.0297802 0.02274936 -0.03333514 -0.0297802 0.02295649 0.02976471 -0.0297802 0.02319765 0.02979874 -0.0297802 0.02345645 0.02976471 -0.0297802 0.02371531 0.02966475 -0.0297802 0.02395647 0.02950584 -0.0297802 0.0241636 0.02929878 -0.0297802 0.0243225 0.02905756 -0.0297802 0.0244224 0.02879875 -0.0297802 0.0244565 0.02853995 -0.0297802 0.0244224 0.02829873 -0.0297802 0.0243225 0.02809166 -0.0297802 0.0241636 0.02793276 -0.0297802 0.02395647 0.0278328 -0.0297802 0.02371531 0.02779877 -0.0297802 0.02345645 0.0278328 -0.0297802 0.02319765 0.02793276 -0.0297802 0.02295649 0.02809166 -0.0297802 0.02274936 0.02829873 -0.0297802 0.02259045 0.02853995 -0.0297802 0.02249056 0.02879875 -0.0297802 0.02245646 0.02905756 -0.0297802 0.02249056 0.02929878 -0.0297802 0.02259045 0.02950584 -0.0297802 0.02274936 0.02966475 -0.0297802 0.02295649 0.02976471 -0.0297802 -0.0128023 0.02979874 -0.0297802 -0.01254349 0.02976471 -0.0297802 -0.01228463 0.02966475 -0.0297802 -0.01204347 0.02950584 -0.0297802 -0.01183634 0.02929878 -0.0297802 -0.01167744 0.02905756 -0.0297802 -0.01157754 0.02879875 -0.0297802 -0.01154345 0.02853995 -0.0297802 -0.01157754 0.02829873 -0.0297802 -0.01167744 0.02809166 -0.0297802 -0.01183634 0.02793276 -0.0297802 -0.01204347 0.0278328 -0.0297802 -0.01228463 0.02779877 -0.0297802 -0.01254349 0.0278328 -0.0297802 -0.0128023 0.02793276 -0.0297802 -0.01304346 0.02809166 -0.0297802 -0.01325058 0.02829873 -0.0297802 -0.01340949 0.02853995 -0.0297802 -0.01350939 0.02879875 -0.0297802 -0.01354348 0.02905756 -0.0297802 -0.01350939 0.02929878 -0.0297802 -0.01340949 0.02950584 -0.0297802 -0.01325058 0.02966475 -0.0297802 -0.01304346 -0.03323525 -0.0297802 -0.0128023 -0.03320121 -0.0297802 -0.01254349 -0.03323525 -0.0297802 -0.01228463 -0.03333514 -0.0297802 -0.01204347 -0.03349411 -0.0297802 -0.01183634 -0.03370118 -0.0297802 -0.01167744 -0.0339424 -0.0297802 -0.01157754 -0.0342012 -0.0297802 -0.01154345 -0.03446 -0.0297802 -0.01157754 -0.03470116 -0.0297802 -0.01167744 -0.03490829 -0.0297802 -0.01183634 -0.0350672 -0.0297802 -0.01204347 -0.03516709 -0.0297802 -0.01228463 -0.03520119 -0.0297802 -0.01254349 -0.03516709 -0.0297802 -0.0128023 -0.0350672 -0.0297802 -0.01304346 -0.03490829 -0.0297802 -0.01325058 -0.03470116 -0.0297802 -0.01340949 -0.03446 -0.0297802 -0.01350939 -0.0342012 -0.0297802 -0.01354348 -0.0339424 -0.0297802 -0.01350939 -0.03370118 -0.0297802 -0.01340949 -0.03349411 -0.0297802 -0.01325058 -0.03333514 -0.0297802 -0.01304346 -0.03323525 -0.03058022 0.02319765 -0.03320121 -0.03058022 0.02345645 -0.03323525 -0.03058022 0.02371531 -0.03333514 -0.03058022 0.02395647 -0.03349411 -0.03058022 0.0241636 -0.03370118 -0.03058022 0.0243225 -0.0339424 -0.03058022 0.0244224 -0.0342012 -0.03058022 0.0244565 -0.03446 -0.03058022 0.0244224 -0.03470116 -0.03058022 0.0243225 -0.03490829 -0.03058022 0.0241636 -0.0350672 -0.03058022 0.02395647 -0.03516709 -0.03058022 0.02371531 -0.03520119 -0.03058022 0.02345645 -0.03516709 -0.03058022 0.02319765 -0.0350672 -0.03058022 0.02295649 -0.03490829 -0.03058022 0.02274936 -0.03470116 -0.03058022 0.02259045 -0.03446 -0.03058022 0.02249056 -0.0342012 -0.03058022 0.02245646 -0.0339424 -0.03058022 0.02249056 -0.03370118 -0.03058022 0.02259045 -0.03349411 -0.03058022 0.02274936 -0.03333514 -0.03058022 0.02295649 0.02976471 -0.03058022 0.02319765 0.02979874 -0.03058022 0.02345645 0.02976471 -0.03058022 0.02371531 0.02966475 -0.03058022 0.02395647 0.02950584 -0.03058022 0.0241636 0.02929878 -0.03058022 0.0243225 0.02905756 -0.03058022 0.0244224 0.02879875 -0.03058022 0.0244565 0.02853995 -0.03058022 0.0244224 0.02829873 -0.03058022 0.0243225 0.02809166 -0.03058022 0.0241636 0.02793276 -0.03058022 0.02395647 0.0278328 -0.03058022 0.02371531 0.02779877 -0.03058022 0.02345645 0.0278328 -0.03058022 0.02319765 0.02793276 -0.03058022 0.02295649 0.02809166 -0.03058022 0.02274936 0.02829873 -0.03058022 0.02259045 0.02853995 -0.03058022 0.02249056 0.02879875 -0.03058022 0.02245646 0.02905756 -0.03058022 0.02249056 0.02929878 -0.03058022 0.02259045 0.02950584 -0.03058022 0.02274936 0.02966475 -0.03058022 0.02295649 0.02976471 -0.03058022 -0.0128023 0.02979874 -0.03058022 -0.01254349 0.02976471 -0.03058022 -0.01228463 0.02966475 -0.03058022 -0.01204347 0.02950584 -0.03058022 -0.01183634 0.02929878 -0.03058022 -0.01167744 0.02905756 -0.03058022 -0.01157754 0.02879875 -0.03058022 -0.01154345 0.02853995 -0.03058022 -0.01157754 0.02829873 -0.03058022 -0.01167744 0.02809166 -0.03058022 -0.01183634 0.02793276 -0.03058022 -0.01204347 0.0278328 -0.03058022 -0.01228463 0.02779877 -0.03058022 -0.01254349 0.0278328 -0.03058022 -0.0128023 0.02793276 -0.03058022 -0.01304346 0.02809166 -0.03058022 -0.01325058 0.02829873 -0.03058022 -0.01340949 0.02853995 -0.03058022 -0.01350939 0.02879875 -0.03058022 -0.01354348 0.02905756 -0.03058022 -0.01350939 0.02929878 -0.03058022 -0.01340949 0.02950584 -0.03058022 -0.01325058 0.02966475 -0.03058022 -0.01304346 -0.03323525 -0.03058022 -0.0128023 -0.03320121 -0.03058022 -0.01254349 -0.03323525 -0.03058022 -0.01228463 -0.03333514 -0.03058022 -0.01204347 -0.03349411 -0.03058022 -0.01183634 -0.03370118 -0.03058022 -0.01167744 -0.0339424 -0.03058022 -0.01157754 -0.0342012 -0.03058022 -0.01154345 -0.03446 -0.03058022 -0.01157754 -0.03470116 -0.03058022 -0.01167744 -0.03490829 -0.03058022 -0.01183634 -0.0350672 -0.03058022 -0.01204347 -0.03516709 -0.03058022 -0.01228463 -0.03520119 -0.03058022 -0.01254349 -0.03516709 -0.03058022 -0.0128023 -0.0350672 -0.03058022 -0.01304346 -0.03490829 -0.03058022 -0.01325058 -0.03470116 -0.03058022 -0.01340949 -0.03446 -0.03058022 -0.01350939 -0.0342012 -0.03058022 -0.01354348 -0.0339424 -0.03058022 -0.01350939 -0.03370118 -0.03058022 -0.01340949 -0.03349411 -0.03058022 -0.01325058 -0.03333514 -0.03058022 -0.01304346 -0.03526371 -0.03068017 -0.01282817 -0.0353012 -0.03068017 -0.01254349 -0.03526371 -0.03068017 -0.01225876 -0.0351538 -0.03068017 -0.01199346 -0.03497898 -0.03068017 -0.01176565 -0.03475117 -0.03068017 -0.01159083 -0.03448587 -0.03068017 -0.01148092 -0.0342012 -0.03068017 -0.01144349 -0.03391647 -0.03068017 -0.01148092 -0.03365117 -0.03068017 -0.01159083 -0.03342336 -0.03068017 -0.01176565 -0.03324854 -0.03068017 -0.01199346 -0.03313869 -0.03068017 -0.01225876 -0.0331012 -0.03068017 -0.01254349 -0.03313869 -0.03068017 -0.01282817 -0.03324854 -0.03068017 -0.01309347 -0.03342336 -0.03068017 -0.01332128 -0.03365117 -0.03068017 -0.0134961 -0.03391647 -0.03068017 -0.01360601 -0.0342012 -0.03068017 -0.01364344 -0.03448587 -0.03068017 -0.01360601 -0.03475117 -0.03068017 -0.0134961 -0.03497898 -0.03068017 -0.01332128 -0.0351538 -0.03068017 -0.01309347 -0.03526371 -0.03068017 0.02317178 -0.0353012 -0.03068017 0.02345645 -0.03526371 -0.03068017 0.02374118 -0.0351538 -0.03068017 0.02400648 -0.03497898 -0.03068017 0.02423429 -0.03475117 -0.03068017 0.02440911 -0.03448587 -0.03068017 0.02451902 -0.0342012 -0.03068017 0.02455645 -0.03391647 -0.03068017 0.02451902 -0.03365117 -0.03068017 0.02440911 -0.03342336 -0.03068017 0.02423429 -0.03324854 -0.03068017 0.02400648 -0.03313869 -0.03068017 0.02374118 -0.0331012 -0.03068017 0.02345645 -0.03313869 -0.03068017 0.02317178 -0.03324854 -0.03068017 0.02290648 -0.03342336 -0.03068017 0.02267867 -0.03365117 -0.03068017 0.02250385 -0.03391647 -0.03068017 0.02239394 -0.0342012 -0.03068017 0.02235645 -0.03448587 -0.03068017 0.02239394 -0.03475117 -0.03068017 0.02250385 -0.03497898 -0.03068017 0.02267867 -0.0351538 -0.03068017 0.02290648 0.02773624 -0.03068017 0.02317178 0.02769875 -0.03068017 0.02345645 0.02773624 -0.03068017 0.02374118 0.02784615 -0.03068017 0.02400648 0.02802091 -0.03068017 0.02423429 0.02824878 -0.03068017 0.02440911 0.02851408 -0.03068017 0.02451902 0.02879875 -0.03068017 0.02455645 0.02908343 -0.03068017 0.02451902 0.02934873 -0.03068017 0.02440911 0.02957659 -0.03068017 0.02423429 0.02975136 -0.03068017 0.02400648 0.02986127 -0.03068017 0.02374118 0.02989876 -0.03068017 0.02345645 0.02986127 -0.03068017 0.02317178 0.02975136 -0.03068017 0.02290648 0.02957659 -0.03068017 0.02267867 0.02934873 -0.03068017 0.02250385 0.02908343 -0.03068017 0.02239394 0.02879875 -0.03068017 0.02235645 0.02851408 -0.03068017 0.02239394 0.02824878 -0.03068017 0.02250385 0.02802091 -0.03068017 0.02267867 0.02784615 -0.03068017 0.02290648 0.02773624 -0.03068017 -0.01282817 0.02769875 -0.03068017 -0.01254349 0.02773624 -0.03068017 -0.01225876 0.02784615 -0.03068017 -0.01199346 0.02802091 -0.03068017 -0.01176565 0.02824878 -0.03068017 -0.01159083 0.02851408 -0.03068017 -0.01148092 0.02879875 -0.03068017 -0.01144349 0.02908343 -0.03068017 -0.01148092 0.02934873 -0.03068017 -0.01159083 0.02957659 -0.03068017 -0.01176565 0.02975136 -0.03068017 -0.01199346 0.02986127 -0.03068017 -0.01225876 0.02989876 -0.03068017 -0.01254349 0.02986127 -0.03068017 -0.01282817 0.02975136 -0.03068017 -0.01309347 0.02957659 -0.03068017 -0.01332128 0.02934873 -0.03068017 -0.0134961 0.02908343 -0.03068017 -0.01360601 0.02879875 -0.03068017 -0.01364344 0.02851408 -0.03068017 -0.01360601 0.02824878 -0.03068017 -0.0134961 0.02802091 -0.03068017 -0.01332128 0.02784615 -0.03068017 -0.01309347 0.03123062 -0.03068017 0.02647411 0.03129875 -0.03068017 0.02595645 0.03103083 -0.03068017 0.02695649 0.02929878 -0.03068017 0.02795648 0.006047487 -0.03068017 0.01595646 0.006400167 -0.03068017 0.01591444 0.03071296 -0.03068017 0.02737069 0.03029876 -0.03068017 0.0276885 0.02981638 -0.03068017 0.02788835 -0.04070121 -0.03068017 0.02795648 -0.003120005 -0.03068017 0.01595646 -0.04096001 -0.03068017 0.02792239 -0.04120117 -0.03068017 0.02782249 -0.0414083 -0.03068017 0.02766358 -0.0415672 -0.03068017 0.02745646 -0.0416671 -0.03068017 0.0272153 -0.04170119 -0.03068017 0.02695649 -0.04170119 -0.03068017 0.0263707 -0.0414083 -0.03068017 0.02566361 -0.0416671 -0.03068017 0.0261119 -0.0415672 -0.03068017 0.02587068 -0.03845852 -0.03068017 0.02271384 -0.03750503 -0.03068017 0.0214712 -0.03690564 -0.03068017 0.02002412 -0.0367012 -0.03068017 0.01847118 -0.0367012 -0.03068017 -0.01404345 -0.03659898 -0.03068017 -0.01481992 -0.03629928 -0.03068017 -0.01554346 -0.03582251 -0.03068017 -0.01616477 -0.03520119 -0.03068017 -0.01664155 -0.03447765 -0.03068017 -0.01694124 -0.003803014 -0.03068017 -0.008043467 -0.00488156 -0.03068017 -0.008043467 -0.01297056 -0.03068017 -0.008043467 -0.005234241 -0.03068017 -0.008001387 -0.01260769 -0.03068017 -0.007998883 -0.005567193 -0.03068017 -0.007877588 -0.01226633 -0.03068017 -0.007867872 -0.005861699 -0.03068017 -0.007678985 -0.01196688 -0.03068017 -0.007658183 -0.006101191 -0.03068017 -0.007416665 -0.01172703 -0.03068017 -0.007382273 -0.006272315 -0.03068017 -0.00710535 -0.01156103 -0.03068017 -0.007056474 -0.01147878 -0.03068017 -0.006700277 -0.01148515 -0.03068017 -0.006334722 -0.01157981 -0.03068017 -0.005981564 -0.02006435 -0.03068017 0.0150184 0.02509033 -0.03068017 -0.005981564 0.02226829 -0.03068017 -0.008001387 0.02262103 -0.03068017 -0.008043467 0.02369958 -0.03068017 -0.008043467 0.02406245 -0.03068017 -0.007998883 0.02440375 -0.03068017 -0.007867872 0.02470326 -0.03068017 -0.007658183 0.02494311 -0.03068017 -0.007382273 0.02510911 -0.03068017 -0.007056474 0.02519136 -0.03068017 -0.006700277 0.02518498 -0.03068017 -0.006334722 0.01453202 -0.03068017 -0.008043467 0.0148949 -0.03068017 -0.007998883 0.01521503 -0.03068017 0.01595646 0.01556771 -0.03068017 0.01591444 0.01590067 -0.03068017 0.01579058 0.01619517 -0.03068017 0.01559197 0.01643466 -0.03068017 0.01532965 0.01660579 -0.03068017 0.0150184 0.006733119 -0.03068017 0.01579058 -0.01228755 -0.03068017 0.01595646 -0.01193487 -0.03068017 0.01591444 -0.02110242 -0.03068017 0.01591444 -0.02076947 -0.03068017 0.01579058 -0.0214551 -0.03068017 0.01595646 -0.03026992 -0.03068017 0.01591444 -0.03062266 -0.03068017 0.01595646 -0.02460741 -0.03068017 -0.00710535 -0.02443629 -0.03068017 -0.007416665 -0.0241968 -0.03068017 -0.007678985 -0.02390229 -0.03068017 -0.007877588 -0.02356934 -0.03068017 -0.008001387 -0.02321666 -0.03068017 -0.008043467 -0.02213811 -0.03068017 -0.008043467 -0.002767324 -0.03068017 0.01591444 -0.002434372 -0.03068017 0.01579058 -0.002139866 -0.03068017 0.01559197 -0.001900374 -0.03068017 0.01532965 -0.001729249 -0.03068017 0.0150184 0.006755232 -0.03068017 -0.005981564 0.01206272 -0.03068017 -0.00710535 0.006849884 -0.03068017 -0.006334722 0.006856262 -0.03068017 -0.006700277 0.006774008 -0.03068017 -0.007056474 0.006608009 -0.03068017 -0.007382273 0.01223385 -0.03068017 -0.007416665 0.00636816 -0.03068017 -0.007658183 0.01247334 -0.03068017 -0.007678985 0.006068706 -0.03068017 -0.007867872 0.01276785 -0.03068017 -0.007877588 0.00572735 -0.03068017 -0.007998883 0.0131008 -0.03068017 -0.008001387 0.01345348 -0.03068017 -0.008043467 0.005364477 -0.03068017 -0.008043467 0.004285931 -0.03068017 -0.008043467 0.00393325 -0.03068017 -0.008001387 -0.003440141 -0.03068017 -0.007998883 0.003600299 -0.03068017 -0.007877588 -0.003098785 -0.03068017 -0.007867872 0.003305792 -0.03068017 -0.007678985 -0.002799332 -0.03068017 -0.007658183 0.003066301 -0.03068017 -0.007416665 -0.002559483 -0.03068017 -0.007382273 0.002895176 -0.03068017 -0.00710535 -0.002393484 -0.03068017 -0.007056474 -0.002311229 -0.03068017 -0.006700277 -0.002317607 -0.03068017 -0.006334722 -0.002412259 -0.03068017 -0.005981564 -0.0108968 -0.03068017 0.0150184 -0.01106792 -0.03068017 0.01532965 -0.01130741 -0.03068017 0.01559197 -0.01160192 -0.03068017 0.01579058 0.007027626 -0.03068017 0.01559197 0.007267117 -0.03068017 0.01532965 0.007438242 -0.03068017 0.0150184 0.01592278 -0.03068017 -0.005981564 0.02123028 -0.03068017 -0.00710535 0.01601743 -0.03068017 -0.006334722 0.01602381 -0.03068017 -0.006700277 0.01594156 -0.03068017 -0.007056474 0.01577556 -0.03068017 -0.007382273 0.0214014 -0.03068017 -0.007416665 0.01553571 -0.03068017 -0.007658183 0.02164089 -0.03068017 -0.007678985 0.01523625 -0.03068017 -0.007867872 0.0219354 -0.03068017 -0.007877588 -0.02023547 -0.03068017 0.01532965 -0.02047497 -0.03068017 0.01559197 -0.02993702 -0.03068017 0.01579058 -0.02964252 -0.03068017 0.01559197 -0.02940303 -0.03068017 0.01532965 -0.0292319 -0.03068017 0.0150184 -0.0207473 -0.03068017 -0.005981564 -0.01543986 -0.03068017 -0.00710535 -0.02065271 -0.03068017 -0.006334722 -0.02064633 -0.03068017 -0.006700277 -0.02072858 -0.03068017 -0.007056474 -0.02089452 -0.03068017 -0.007382273 -0.01526874 -0.03068017 -0.007416665 -0.02113443 -0.03068017 -0.007658183 -0.01502925 -0.03068017 -0.007678985 -0.02143388 -0.03068017 -0.007867872 -0.01473474 -0.03068017 -0.007877588 -0.02177524 -0.03068017 -0.007998883 -0.01440179 -0.03068017 -0.008001387 -0.01404911 -0.03068017 -0.008043467 -0.03370118 0.0302447 -0.01704347 0.02829873 0.0302447 -0.01704347 -0.03442376 0.0302447 -0.01695513 0.02902132 0.0302447 -0.01695513 -0.03510373 0.0302447 -0.01669543 0.02970135 0.0302447 -0.01669543 -0.03570121 0.0302447 -0.01627951 0.03029876 0.0302447 -0.01627951 -0.03570121 0.0302447 -0.01554346 0.03029876 0.0302447 -0.01554346 -0.03570121 0.0301696 -0.01627951 -0.03570121 0.0301696 -0.01554346 0.03029876 0.0301696 -0.01627951 0.03029876 0.0301696 -0.01554346 0.02829873 0.03116965 -0.01704347 -0.03370118 0.03116965 -0.01704347 -0.03447765 0.03116965 -0.01694124 -0.03520119 0.03116965 -0.01664155 -0.03582251 0.03116965 -0.01616477 -0.03612387 0.0301696 -0.01581287 -0.03629928 0.03116965 -0.01554346 -0.03643977 0.0301696 -0.0152682 -0.03659898 0.03116965 -0.01481992 -0.0366351 0.0301696 -0.01466965 -0.0367012 0.03116965 -0.01404345 -0.0367012 0.0301696 -0.01404345 0.03123527 0.0302447 0.02645647 0.03116536 0.0302447 0.02667474 -0.03836119 0.0302447 0.02645647 -0.03836119 0.0302447 0.02708017 0.03107088 0.0302447 0.02688354 0.03095322 0.0302447 0.02708017 0.03123527 0.0301696 0.02645647 -0.03836119 0.0301696 0.02645647 0.03095322 0.0301696 0.02708017 -0.03836119 0.0301696 0.02708017 0.03063344 0.0301696 0.02744597 0.03071296 0.03116965 0.02737069 0.03103083 0.03116965 0.02695649 0.03123062 0.03116965 0.02647411 0.03127044 0.0301696 0.02629178 0.03129875 0.03116965 0.02595645 0.03129166 0.0301696 0.02612471 0.03129875 0.0301696 0.02595645 0.03029876 0.03116965 0.0276885 0.03023487 0.0301696 0.0277239 0.02981638 0.03116965 0.02788835 0.02978104 0.0301696 0.02789747 0.02929878 0.03116965 0.02795648 0.02929878 0.0301696 0.02795648 -0.02253365 0.03116965 0.01595646 -0.02253365 0.0301696 0.01595646 -0.02289652 0.03116965 0.01591193 -0.02289652 0.0301696 0.01591193 -0.02323788 0.03116965 0.01578092 -0.02323788 0.0301696 0.01578092 -0.02353733 0.03116965 0.01557117 -0.02353733 0.0301696 0.01557117 -0.02377718 0.03116965 0.01529526 -0.02377718 0.0301696 0.01529526 -0.02394318 0.03116965 0.01496952 -0.02394318 0.0301696 0.01496952 -0.02402544 0.03116965 0.01461327 -0.02402544 0.0301696 0.01461327 -0.02401906 0.03116965 0.01424771 -0.02401906 0.0301696 0.01424771 -0.02392441 0.03116965 0.01389455 -0.02392441 0.0301696 0.01389455 0.01413649 0.03116965 0.01595646 0.01413649 0.0301696 0.01595646 0.01377362 0.03116965 0.01591193 0.01377362 0.0301696 0.01591193 0.01343226 0.03116965 0.01578092 0.01343226 0.0301696 0.01578092 0.01313281 0.03116965 0.01557117 0.01313281 0.0301696 0.01557117 0.0128929 0.03116965 0.01529526 0.0128929 0.0301696 0.01529526 0.01272696 0.03116965 0.01496952 0.01272696 0.0301696 0.01496952 0.0126447 0.03116965 0.01461327 0.0126447 0.0301696 0.01461327 0.01265108 0.03116965 0.01424771 0.01265108 0.0301696 0.01424771 0.01274573 0.03116965 0.01389455 0.01274573 0.0301696 0.01389455 -0.0317012 0.03116965 0.01595646 -0.0317012 0.0301696 0.01595646 -0.03206408 0.03116965 0.01591193 -0.03206408 0.0301696 0.01591193 -0.03240537 0.03116965 0.01578092 -0.03240537 0.0301696 0.01578092 -0.03270488 0.03116965 0.01557117 -0.03270488 0.0301696 0.01557117 -0.03294473 0.03116965 0.01529526 -0.03294473 0.0301696 0.01529526 -0.03311073 0.03116965 0.01496952 -0.03311073 0.0301696 0.01496952 -0.03319299 0.03116965 0.01461327 -0.03319299 0.0301696 0.01461327 -0.03318661 0.03116965 0.01424771 -0.03318661 0.0301696 0.01424771 -0.03309196 0.03116965 0.01389455 -0.03309196 0.0301696 0.01389455 -0.0133661 0.03116965 0.01595646 -0.0133661 0.0301696 0.01595646 -0.01372897 0.03116965 0.01591193 -0.01372897 0.0301696 0.01591193 -0.01407033 0.03116965 0.01578092 -0.01407033 0.0301696 0.01578092 -0.01436978 0.03116965 0.01557117 -0.01436978 0.0301696 0.01557117 -0.01460963 0.03116965 0.01529526 -0.01460963 0.0301696 0.01529526 -0.01477563 0.03116965 0.01496952 -0.01477563 0.0301696 0.01496952 -0.01485788 0.03116965 0.01461327 -0.01485788 0.0301696 0.01461327 -0.01485151 0.03116965 0.01424771 -0.01485151 0.0301696 0.01424771 -0.01475685 0.03116965 0.01389455 -0.01475685 0.0301696 0.01389455 0.004968941 0.03116965 0.01595646 0.004968941 0.0301696 0.01595646 0.004606068 0.03116965 0.01591193 0.004606068 0.0301696 0.01591193 0.004264712 0.03116965 0.01578092 0.004264712 0.0301696 0.01578092 0.003965258 0.03116965 0.01557117 0.003965258 0.0301696 0.01557117 0.003725349 0.03116965 0.01529526 0.003725349 0.0301696 0.01529526 0.00355941 0.03116965 0.01496952 0.00355941 0.0301696 0.01496952 0.003477156 0.03116965 0.01461327 0.003477156 0.0301696 0.01461327 0.003483533 0.03116965 0.01424771 0.003483533 0.0301696 0.01424771 0.003578186 0.03116965 0.01389455 0.003578186 0.0301696 0.01389455 -0.004198551 0.03116965 0.01595646 -0.004198551 0.0301696 0.01595646 -0.004561424 0.03116965 0.01591193 -0.004561424 0.0301696 0.01591193 -0.00490278 0.03116965 0.01578092 -0.00490278 0.0301696 0.01578092 -0.005202233 0.03116965 0.01557117 -0.005202233 0.0301696 0.01557117 -0.005442082 0.03116965 0.01529526 -0.005442082 0.0301696 0.01529526 -0.005608081 0.03116965 0.01496952 -0.005608081 0.0301696 0.01496952 -0.005690336 0.03116965 0.01461327 -0.005690336 0.0301696 0.01461327 -0.005683958 0.03116965 0.01424771 -0.005683958 0.0301696 0.01424771 -0.005589306 0.03116965 0.01389455 -0.005589306 0.0301696 0.01389455 -0.03313869 0.03116965 0.02317178 -0.03323525 0.03106963 0.02319765 -0.0331012 0.03116965 0.02345645 -0.03320121 0.03106963 0.02345645 -0.03313869 0.03116965 0.02374118 -0.03323525 0.03106963 0.02371531 -0.03324854 0.03116965 0.02400648 -0.03333514 0.03106963 0.02395647 -0.03342336 0.03116965 0.02423429 -0.03349411 0.03106963 0.0241636 -0.03365117 0.03116965 0.02440911 -0.03370118 0.03106963 0.0243225 -0.03391647 0.03116965 0.02451902 -0.0339424 0.03106963 0.0244224 -0.0342012 0.03116965 0.02455645 -0.0342012 0.03106963 0.0244565 -0.03448587 0.03116965 0.02451902 -0.03446 0.03106963 0.0244224 -0.03475117 0.03116965 0.02440911 -0.03470116 0.03106963 0.0243225 -0.03497898 0.03116965 0.02423429 -0.03490829 0.03106963 0.0241636 -0.0351538 0.03116965 0.02400648 -0.0350672 0.03106963 0.02395647 -0.03526371 0.03116965 0.02374118 -0.03516709 0.03106963 0.02371531 -0.0353012 0.03116965 0.02345645 -0.03520119 0.03106963 0.02345645 -0.03526371 0.03116965 0.02317178 -0.03516709 0.03106963 0.02319765 -0.0351538 0.03116965 0.02290648 -0.0350672 0.03106963 0.02295649 -0.03497898 0.03116965 0.02267867 -0.03490829 0.03106963 0.02274936 -0.03475117 0.03116965 0.02250385 -0.03470116 0.03106963 0.02259045 -0.03448587 0.03116965 0.02239394 -0.03446 0.03106963 0.02249056 -0.0342012 0.03116965 0.02235645 -0.0342012 0.03106963 0.02245646 -0.03391647 0.03116965 0.02239394 -0.0339424 0.03106963 0.02249056 -0.03365117 0.03116965 0.02250385 -0.03370118 0.03106963 0.02259045 -0.03342336 0.03116965 0.02267867 -0.03349411 0.03106963 0.02274936 -0.03324854 0.03116965 0.02290648 -0.03333514 0.03106963 0.02295649 0.02986127 0.03116965 0.02317178 0.02976471 0.03106963 0.02319765 0.02989876 0.03116965 0.02345645 0.02979874 0.03106963 0.02345645 0.02986127 0.03116965 0.02374118 0.02976471 0.03106963 0.02371531 0.02975136 0.03116965 0.02400648 0.02966475 0.03106963 0.02395647 0.02957659 0.03116965 0.02423429 0.02950584 0.03106963 0.0241636 0.02934873 0.03116965 0.02440911 0.02929878 0.03106963 0.0243225 0.02908343 0.03116965 0.02451902 0.02905756 0.03106963 0.0244224 0.02879875 0.03116965 0.02455645 0.02879875 0.03106963 0.0244565 0.02851408 0.03116965 0.02451902 0.02853995 0.03106963 0.0244224 0.02824878 0.03116965 0.02440911 0.02829873 0.03106963 0.0243225 0.02802091 0.03116965 0.02423429 0.02809166 0.03106963 0.0241636 0.02784615 0.03116965 0.02400648 0.02793276 0.03106963 0.02395647 0.02773624 0.03116965 0.02374118 0.0278328 0.03106963 0.02371531 0.02769875 0.03116965 0.02345645 0.02779877 0.03106963 0.02345645 0.02773624 0.03116965 0.02317178 0.0278328 0.03106963 0.02319765 0.02784615 0.03116965 0.02290648 0.02793276 0.03106963 0.02295649 0.02802091 0.03116965 0.02267867 0.02809166 0.03106963 0.02274936 0.02824878 0.03116965 0.02250385 0.02829873 0.03106963 0.02259045 0.02851408 0.03116965 0.02239394 0.02853995 0.03106963 0.02249056 0.02879875 0.03116965 0.02235645 0.02879875 0.03106963 0.02245646 0.02908343 0.03116965 0.02239394 0.02905756 0.03106963 0.02249056 0.02934873 0.03116965 0.02250385 0.02929878 0.03106963 0.02259045 0.02957659 0.03116965 0.02267867 0.02950584 0.03106963 0.02274936 0.02975136 0.03116965 0.02290648 0.02966475 0.03106963 0.02295649 0.02986127 0.03116965 -0.01282817 0.02976471 0.03106963 -0.0128023 0.02989876 0.03116965 -0.01254349 0.02979874 0.03106963 -0.01254349 0.02986127 0.03116965 -0.01225876 0.02976471 0.03106963 -0.01228463 0.02975136 0.03116965 -0.01199346 0.02966475 0.03106963 -0.01204347 0.02957659 0.03116965 -0.01176565 0.02950584 0.03106963 -0.01183634 0.02934873 0.03116965 -0.01159083 0.02929878 0.03106963 -0.01167744 0.02908343 0.03116965 -0.01148092 0.02905756 0.03106963 -0.01157754 0.02879875 0.03116965 -0.01144349 0.02879875 0.03106963 -0.01154345 0.02851408 0.03116965 -0.01148092 0.02853995 0.03106963 -0.01157754 0.02824878 0.03116965 -0.01159083 0.02829873 0.03106963 -0.01167744 0.02802091 0.03116965 -0.01176565 0.02809166 0.03106963 -0.01183634 0.02784615 0.03116965 -0.01199346 0.02793276 0.03106963 -0.01204347 0.02773624 0.03116965 -0.01225876 0.0278328 0.03106963 -0.01228463 0.02769875 0.03116965 -0.01254349 0.02779877 0.03106963 -0.01254349 0.02773624 0.03116965 -0.01282817 0.0278328 0.03106963 -0.0128023 0.02784615 0.03116965 -0.01309347 0.02793276 0.03106963 -0.01304346 0.02802091 0.03116965 -0.01332128 0.02809166 0.03106963 -0.01325058 0.02824878 0.03116965 -0.0134961 0.02829873 0.03106963 -0.01340949 0.02851408 0.03116965 -0.01360601 0.02853995 0.03106963 -0.01350939 0.02879875 0.03116965 -0.01364344 0.02879875 0.03106963 -0.01354348 0.02908343 0.03116965 -0.01360601 0.02905756 0.03106963 -0.01350939 0.02934873 0.03116965 -0.0134961 0.02929878 0.03106963 -0.01340949 0.02957659 0.03116965 -0.01332128 0.02950584 0.03106963 -0.01325058 0.02975136 0.03116965 -0.01309347 0.02966475 0.03106963 -0.01304346 -0.03313869 0.03116965 -0.01282817 -0.03323525 0.03106963 -0.0128023 -0.0331012 0.03116965 -0.01254349 -0.03320121 0.03106963 -0.01254349 -0.03313869 0.03116965 -0.01225876 -0.03323525 0.03106963 -0.01228463 -0.03324854 0.03116965 -0.01199346 -0.03333514 0.03106963 -0.01204347 -0.03342336 0.03116965 -0.01176565 -0.03349411 0.03106963 -0.01183634 -0.03365117 0.03116965 -0.01159083 -0.03370118 0.03106963 -0.01167744 -0.03391647 0.03116965 -0.01148092 -0.0339424 0.03106963 -0.01157754 -0.0342012 0.03116965 -0.01144349 -0.0342012 0.03106963 -0.01154345 -0.03448587 0.03116965 -0.01148092 -0.03446 0.03106963 -0.01157754 -0.03475117 0.03116965 -0.01159083 -0.03470116 0.03106963 -0.01167744 -0.03497898 0.03116965 -0.01176565 -0.03490829 0.03106963 -0.01183634 -0.0351538 0.03116965 -0.01199346 -0.0350672 0.03106963 -0.01204347 -0.03526371 0.03116965 -0.01225876 -0.03516709 0.03106963 -0.01228463 -0.0353012 0.03116965 -0.01254349 -0.03520119 0.03106963 -0.01254349 -0.03526371 0.03116965 -0.01282817 -0.03516709 0.03106963 -0.0128023 -0.0351538 0.03116965 -0.01309347 -0.0350672 0.03106963 -0.01304346 -0.03497898 0.03116965 -0.01332128 -0.03490829 0.03106963 -0.01325058 -0.03475117 0.03116965 -0.0134961 -0.03470116 0.03106963 -0.01340949 -0.03448587 0.03116965 -0.01360601 -0.03446 0.03106963 -0.01350939 -0.0342012 0.03116965 -0.01364344 -0.0342012 0.03106963 -0.01354348 -0.03391647 0.03116965 -0.01360601 -0.0339424 0.03106963 -0.01350939 -0.03365117 0.03116965 -0.0134961 -0.03370118 0.03106963 -0.01340949 -0.03342336 0.03116965 -0.01332128 -0.03349411 0.03106963 -0.01325058 -0.03324854 0.03116965 -0.01309347 -0.03333514 0.03106963 -0.01304346 -0.03323525 0.03026962 0.02319765 -0.03320121 0.03026962 0.02345645 -0.03323525 0.03026962 0.02371531 -0.03333514 0.03026962 0.02395647 -0.03349411 0.03026962 0.0241636 -0.03370118 0.03026962 0.0243225 -0.0339424 0.03026962 0.0244224 -0.0342012 0.03026962 0.0244565 -0.03446 0.03026962 0.0244224 -0.03470116 0.03026962 0.0243225 -0.03490829 0.03026962 0.0241636 -0.0350672 0.03026962 0.02395647 -0.03516709 0.03026962 0.02371531 -0.03520119 0.03026962 0.02345645 -0.03516709 0.03026962 0.02319765 -0.0350672 0.03026962 0.02295649 -0.03490829 0.03026962 0.02274936 -0.03470116 0.03026962 0.02259045 -0.03446 0.03026962 0.02249056 -0.0342012 0.03026962 0.02245646 -0.0339424 0.03026962 0.02249056 -0.03370118 0.03026962 0.02259045 -0.03349411 0.03026962 0.02274936 -0.03333514 0.03026962 0.02295649 0.02976471 0.03026962 0.02319765 0.02979874 0.03026962 0.02345645 0.02976471 0.03026962 0.02371531 0.02966475 0.03026962 0.02395647 0.02950584 0.03026962 0.0241636 0.02929878 0.03026962 0.0243225 0.02905756 0.03026962 0.0244224 0.02879875 0.03026962 0.0244565 0.02853995 0.03026962 0.0244224 0.02829873 0.03026962 0.0243225 0.02809166 0.03026962 0.0241636 0.02793276 0.03026962 0.02395647 0.0278328 0.03026962 0.02371531 0.02779877 0.03026962 0.02345645 0.0278328 0.03026962 0.02319765 0.02793276 0.03026962 0.02295649 0.02809166 0.03026962 0.02274936 0.02829873 0.03026962 0.02259045 0.02853995 0.03026962 0.02249056 0.02879875 0.03026962 0.02245646 0.02905756 0.03026962 0.02249056 0.02929878 0.03026962 0.02259045 0.02950584 0.03026962 0.02274936 0.02966475 0.03026962 0.02295649 0.02976471 0.03026962 -0.0128023 0.02979874 0.03026962 -0.01254349 0.02976471 0.03026962 -0.01228463 0.02966475 0.03026962 -0.01204347 0.02950584 0.03026962 -0.01183634 0.02929878 0.03026962 -0.01167744 0.02905756 0.03026962 -0.01157754 0.02879875 0.03026962 -0.01154345 0.02853995 0.03026962 -0.01157754 0.02829873 0.03026962 -0.01167744 0.02809166 0.03026962 -0.01183634 0.02793276 0.03026962 -0.01204347 0.0278328 0.03026962 -0.01228463 0.02779877 0.03026962 -0.01254349 0.0278328 0.03026962 -0.0128023 0.02793276 0.03026962 -0.01304346 0.02809166 0.03026962 -0.01325058 0.02829873 0.03026962 -0.01340949 0.02853995 0.03026962 -0.01350939 0.02879875 0.03026962 -0.01354348 0.02905756 0.03026962 -0.01350939 0.02929878 0.03026962 -0.01340949 0.02950584 0.03026962 -0.01325058 0.02966475 0.03026962 -0.01304346 -0.03323525 0.03026962 -0.0128023 -0.03320121 0.03026962 -0.01254349 -0.03323525 0.03026962 -0.01228463 -0.03333514 0.03026962 -0.01204347 -0.03349411 0.03026962 -0.01183634 -0.03370118 0.03026962 -0.01167744 -0.0339424 0.03026962 -0.01157754 -0.0342012 0.03026962 -0.01154345 -0.03446 0.03026962 -0.01157754 -0.03470116 0.03026962 -0.01167744 -0.03490829 0.03026962 -0.01183634 -0.0350672 0.03026962 -0.01204347 -0.03516709 0.03026962 -0.01228463 -0.03520119 0.03026962 -0.01254349 -0.03516709 0.03026962 -0.0128023 -0.0350672 0.03026962 -0.01304346 -0.03490829 0.03026962 -0.01325058 -0.03470116 0.03026962 -0.01340949 -0.03446 0.03026962 -0.01350939 -0.0342012 0.03026962 -0.01354348 -0.0339424 0.03026962 -0.01350939 -0.03370118 0.03026962 -0.01340949 -0.03349411 0.03026962 -0.01325058 -0.03333514 0.03026962 -0.01304346 -0.03526371 0.0301696 -0.01282817 -0.0353012 0.0301696 -0.01254349 -0.03526371 0.0301696 -0.01225876 -0.0351538 0.0301696 -0.01199346 -0.03497898 0.0301696 -0.01176565 -0.03475117 0.0301696 -0.01159083 -0.03448587 0.0301696 -0.01148092 -0.0342012 0.0301696 -0.01144349 -0.03391647 0.0301696 -0.01148092 -0.03365117 0.0301696 -0.01159083 -0.03342336 0.0301696 -0.01176565 -0.03324854 0.0301696 -0.01199346 -0.03313869 0.0301696 -0.01225876 -0.0331012 0.0301696 -0.01254349 -0.03313869 0.0301696 -0.01282817 -0.03324854 0.0301696 -0.01309347 -0.03342336 0.0301696 -0.01332128 -0.03365117 0.0301696 -0.0134961 -0.03391647 0.0301696 -0.01360601 -0.0342012 0.0301696 -0.01364344 -0.03448587 0.0301696 -0.01360601 -0.03475117 0.0301696 -0.0134961 -0.03497898 0.0301696 -0.01332128 -0.0351538 0.0301696 -0.01309347 -0.03526371 0.0301696 0.02317178 -0.0353012 0.0301696 0.02345645 -0.03526371 0.0301696 0.02374118 -0.0351538 0.0301696 0.02400648 -0.03497898 0.0301696 0.02423429 -0.03475117 0.0301696 0.02440911 -0.03448587 0.0301696 0.02451902 -0.0342012 0.0301696 0.02455645 -0.03391647 0.0301696 0.02451902 -0.03365117 0.0301696 0.02440911 -0.03342336 0.0301696 0.02423429 -0.03324854 0.0301696 0.02400648 -0.03313869 0.0301696 0.02374118 -0.0331012 0.0301696 0.02345645 -0.03313869 0.0301696 0.02317178 -0.03324854 0.0301696 0.02290648 -0.03342336 0.0301696 0.02267867 -0.03365117 0.0301696 0.02250385 -0.03391647 0.0301696 0.02239394 -0.0342012 0.0301696 0.02235645 -0.03448587 0.0301696 0.02239394 -0.03475117 0.0301696 0.02250385 -0.03497898 0.0301696 0.02267867 -0.0351538 0.0301696 0.02290648 0.02773624 0.0301696 0.02317178 0.02769875 0.0301696 0.02345645 0.02773624 0.0301696 0.02374118 0.02784615 0.0301696 0.02400648 0.02802091 0.0301696 0.02423429 0.02824878 0.0301696 0.02440911 0.02851408 0.0301696 0.02451902 0.02879875 0.0301696 0.02455645 0.02908343 0.0301696 0.02451902 0.02934873 0.0301696 0.02440911 0.02957659 0.0301696 0.02423429 0.02975136 0.0301696 0.02400648 0.02986127 0.0301696 0.02374118 0.02989876 0.0301696 0.02345645 0.02986127 0.0301696 0.02317178 0.02975136 0.0301696 0.02290648 0.02957659 0.0301696 0.02267867 0.02934873 0.0301696 0.02250385 0.02908343 0.0301696 0.02239394 0.02879875 0.0301696 0.02235645 0.02851408 0.0301696 0.02239394 0.02824878 0.0301696 0.02250385 0.02802091 0.0301696 0.02267867 0.02784615 0.0301696 0.02290648 0.02773624 0.0301696 -0.01282817 0.02769875 0.0301696 -0.01254349 0.02773624 0.0301696 -0.01225876 0.02784615 0.0301696 -0.01199346 0.02802091 0.0301696 -0.01176565 0.02824878 0.0301696 -0.01159083 0.02851408 0.0301696 -0.01148092 0.02879875 0.0301696 -0.01144349 0.02908343 0.0301696 -0.01148092 0.02934873 0.0301696 -0.01159083 0.02957659 0.0301696 -0.01176565 0.02975136 0.0301696 -0.01199346 0.02986127 0.0301696 -0.01225876 0.02989876 0.0301696 -0.01254349 0.02986127 0.0301696 -0.01282817 0.02975136 0.0301696 -0.01309347 0.02957659 0.0301696 -0.01332128 0.02934873 0.0301696 -0.0134961 0.02908343 0.0301696 -0.01360601 0.02879875 0.0301696 -0.01364344 0.02851408 0.0301696 -0.01360601 0.02824878 0.0301696 -0.0134961 0.02802091 0.0301696 -0.01332128 0.02784615 0.0301696 -0.01309347 0.03072142 0.0301696 -0.01581287 0.03103739 0.0301696 -0.0152682 0.03123265 0.0301696 -0.01466965 0.03129875 0.0301696 -0.01404345 0.02509033 0.0301696 -0.005981564 -0.003120005 0.0301696 0.01595646 -0.01228755 0.0301696 0.01595646 -0.02110242 0.0301696 0.01591444 -0.02076947 0.0301696 0.01579058 -0.03845852 0.0301696 0.02271384 -0.03750503 0.0301696 0.0214712 -0.03690564 0.0301696 0.02002412 -0.0367012 0.0301696 0.01847118 -0.04170119 0.0301696 0.02695649 -0.04170119 0.0301696 0.0263707 -0.0416671 0.0301696 0.0261119 -0.04070121 0.0301696 0.02795648 -0.0416671 0.0301696 0.0272153 -0.0415672 0.0301696 0.02745646 -0.0414083 0.0301696 0.02766358 -0.04120117 0.0301696 0.02782249 -0.04096001 0.0301696 0.02792239 -0.0415672 0.0301696 0.02587068 -0.0414083 0.0301696 0.02566361 -0.003803014 0.0301696 -0.008043467 -0.00488156 0.0301696 -0.008043467 -0.01297056 0.0301696 -0.008043467 -0.005234241 0.0301696 -0.008001387 -0.01260769 0.0301696 -0.007998883 -0.005567193 0.0301696 -0.007877588 -0.01226633 0.0301696 -0.007867872 -0.005861699 0.0301696 -0.007678985 -0.01196688 0.0301696 -0.007658183 -0.006101191 0.0301696 -0.007416665 -0.01172703 0.0301696 -0.007382273 -0.006272315 0.0301696 -0.00710535 -0.01156103 0.0301696 -0.007056474 -0.01147878 0.0301696 -0.006700277 -0.01148515 0.0301696 -0.006334722 -0.01157981 0.0301696 -0.005981564 -0.02006435 0.0301696 0.0150184 0.02226829 0.0301696 -0.008001387 0.0148949 0.0301696 -0.007998883 0.01453202 0.0301696 -0.008043467 0.01345348 0.0301696 -0.008043467 0.005364477 0.0301696 -0.008043467 0.0131008 0.0301696 -0.008001387 0.00572735 0.0301696 -0.007998883 0.01276785 0.0301696 -0.007877588 0.006068706 0.0301696 -0.007867872 0.01247334 0.0301696 -0.007678985 0.00636816 0.0301696 -0.007658183 0.01223385 0.0301696 -0.007416665 0.006608009 0.0301696 -0.007382273 0.01206272 0.0301696 -0.00710535 0.006774008 0.0301696 -0.007056474 0.006856262 0.0301696 -0.006700277 0.006849884 0.0301696 -0.006334722 0.006755232 0.0301696 -0.005981564 -0.001729249 0.0301696 0.0150184 0.02262103 0.0301696 -0.008043467 0.02369958 0.0301696 -0.008043467 0.02406245 0.0301696 -0.007998883 0.02440375 0.0301696 -0.007867872 0.02470326 0.0301696 -0.007658183 0.02494311 0.0301696 -0.007382273 0.02510911 0.0301696 -0.007056474 0.02519136 0.0301696 -0.006700277 0.02518498 0.0301696 -0.006334722 0.004285931 0.0301696 -0.008043467 0.01521503 0.0301696 0.01595646 0.01556771 0.0301696 0.01591444 0.01590067 0.0301696 0.01579058 0.01619517 0.0301696 0.01559197 0.01643466 0.0301696 0.01532965 0.01660579 0.0301696 0.0150184 0.006400167 0.0301696 0.01591444 0.006733119 0.0301696 0.01579058 0.006047487 0.0301696 0.01595646 -0.002767324 0.0301696 0.01591444 -0.0214551 0.0301696 0.01595646 -0.03026992 0.0301696 0.01591444 -0.03062266 0.0301696 0.01595646 -0.02460741 0.0301696 -0.00710535 -0.02443629 0.0301696 -0.007416665 -0.0241968 0.0301696 -0.007678985 -0.02390229 0.0301696 -0.007877588 -0.02356934 0.0301696 -0.008001387 -0.02321666 0.0301696 -0.008043467 -0.02213811 0.0301696 -0.008043467 -0.02177524 0.0301696 -0.007998883 -0.01440179 0.0301696 -0.008001387 -0.01473474 0.0301696 -0.007877588 -0.01404911 0.0301696 -0.008043467 -0.002434372 0.0301696 0.01579058 -0.002139866 0.0301696 0.01559197 -0.001900374 0.0301696 0.01532965 0.00393325 0.0301696 -0.008001387 -0.003440141 0.0301696 -0.007998883 0.003600299 0.0301696 -0.007877588 -0.003098785 0.0301696 -0.007867872 0.003305792 0.0301696 -0.007678985 -0.002799332 0.0301696 -0.007658183 0.003066301 0.0301696 -0.007416665 -0.002559483 0.0301696 -0.007382273 0.002895176 0.0301696 -0.00710535 -0.002393484 0.0301696 -0.007056474 -0.002311229 0.0301696 -0.006700277 -0.002317607 0.0301696 -0.006334722 -0.002412259 0.0301696 -0.005981564 -0.0108968 0.0301696 0.0150184 -0.01106792 0.0301696 0.01532965 -0.01130741 0.0301696 0.01559197 -0.01160192 0.0301696 0.01579058 -0.01193487 0.0301696 0.01591444 0.007027626 0.0301696 0.01559197 0.007267117 0.0301696 0.01532965 0.007438242 0.0301696 0.0150184 0.01592278 0.0301696 -0.005981564 0.02123028 0.0301696 -0.00710535 0.01601743 0.0301696 -0.006334722 0.01602381 0.0301696 -0.006700277 0.01594156 0.0301696 -0.007056474 0.01577556 0.0301696 -0.007382273 0.0214014 0.0301696 -0.007416665 0.01553571 0.0301696 -0.007658183 0.02164089 0.0301696 -0.007678985 0.01523625 0.0301696 -0.007867872 0.0219354 0.0301696 -0.007877588 -0.02023547 0.0301696 0.01532965 -0.02047497 0.0301696 0.01559197 -0.02993702 0.0301696 0.01579058 -0.02964252 0.0301696 0.01559197 -0.02940303 0.0301696 0.01532965 -0.0292319 0.0301696 0.0150184 -0.0207473 0.0301696 -0.005981564 -0.01543986 0.0301696 -0.00710535 -0.02065271 0.0301696 -0.006334722 -0.02064633 0.0301696 -0.006700277 -0.02072858 0.0301696 -0.007056474 -0.02089452 0.0301696 -0.007382273 -0.01526874 0.0301696 -0.007416665 -0.02113443 0.0301696 -0.007658183 -0.01502925 0.0301696 -0.007678985 -0.02143388 0.0301696 -0.007867872 -0.001729249 0.03116965 0.0150184 -0.001900374 0.03116965 0.01532965 -0.002139866 0.03116965 0.01559197 -0.002434372 0.03116965 0.01579058 -0.002767324 0.03116965 0.01591444 -0.003120005 0.03116965 0.01595646 0.002895176 0.03116965 -0.00710535 0.003066301 0.03116965 -0.007416665 0.003305792 0.03116965 -0.007678985 0.003600299 0.03116965 -0.007877588 0.00393325 0.03116965 -0.008001387 0.004285931 0.03116965 -0.008043467 0.005364477 0.03116965 -0.008043467 0.00572735 0.03116965 -0.007998883 0.006068706 0.03116965 -0.007867872 0.00636816 0.03116965 -0.007658183 0.006608009 0.03116965 -0.007382273 0.006774008 0.03116965 -0.007056474 0.006856262 0.03116965 -0.006700277 0.006849884 0.03116965 -0.006334722 0.006755232 0.03116965 -0.005981564 0.007438242 0.03116965 0.0150184 0.007267117 0.03116965 0.01532965 0.007027626 0.03116965 0.01559197 0.006733119 0.03116965 0.01579058 0.006400167 0.03116965 0.01591444 0.006047487 0.03116965 0.01595646 0.01206272 0.03116965 -0.00710535 0.01223385 0.03116965 -0.007416665 0.01247334 0.03116965 -0.007678985 0.01276785 0.03116965 -0.007877588 0.0131008 0.03116965 -0.008001387 0.01345348 0.03116965 -0.008043467 0.01453202 0.03116965 -0.008043467 0.0148949 0.03116965 -0.007998883 0.01523625 0.03116965 -0.007867872 0.01553571 0.03116965 -0.007658183 0.01577556 0.03116965 -0.007382273 0.01594156 0.03116965 -0.007056474 0.01602381 0.03116965 -0.006700277 0.01601743 0.03116965 -0.006334722 0.01592278 0.03116965 -0.005981564 -0.0108968 0.03116965 0.0150184 -0.01106792 0.03116965 0.01532965 -0.01130741 0.03116965 0.01559197 -0.01160192 0.03116965 0.01579058 -0.01193487 0.03116965 0.01591444 -0.01228755 0.03116965 0.01595646 -0.006272315 0.03116965 -0.00710535 -0.006101191 0.03116965 -0.007416665 -0.005861699 0.03116965 -0.007678985 -0.005567193 0.03116965 -0.007877588 -0.005234241 0.03116965 -0.008001387 -0.00488156 0.03116965 -0.008043467 -0.003803014 0.03116965 -0.008043467 -0.003440141 0.03116965 -0.007998883 -0.003098785 0.03116965 -0.007867872 -0.002799332 0.03116965 -0.007658183 -0.002559483 0.03116965 -0.007382273 -0.002393484 0.03116965 -0.007056474 -0.002311229 0.03116965 -0.006700277 -0.002317607 0.03116965 -0.006334722 -0.002412259 0.03116965 -0.005981564 -0.0292319 0.03116965 0.0150184 -0.02940303 0.03116965 0.01532965 -0.02964252 0.03116965 0.01559197 -0.02993702 0.03116965 0.01579058 -0.03026992 0.03116965 0.01591444 -0.03062266 0.03116965 0.01595646 -0.02460741 0.03116965 -0.00710535 -0.02443629 0.03116965 -0.007416665 -0.0241968 0.03116965 -0.007678985 -0.02390229 0.03116965 -0.007877588 -0.02356934 0.03116965 -0.008001387 -0.02321666 0.03116965 -0.008043467 -0.02213811 0.03116965 -0.008043467 -0.02177524 0.03116965 -0.007998883 -0.02143388 0.03116965 -0.007867872 -0.02113443 0.03116965 -0.007658183 -0.02089452 0.03116965 -0.007382273 -0.02072858 0.03116965 -0.007056474 -0.02064633 0.03116965 -0.006700277 -0.02065271 0.03116965 -0.006334722 -0.0207473 0.03116965 -0.005981564 0.01660579 0.03116965 0.0150184 0.01643466 0.03116965 0.01532965 0.01619517 0.03116965 0.01559197 0.01590067 0.03116965 0.01579058 0.01556771 0.03116965 0.01591444 0.01521503 0.03116965 0.01595646 0.02123028 0.03116965 -0.00710535 0.0214014 0.03116965 -0.007416665 0.02164089 0.03116965 -0.007678985 0.0219354 0.03116965 -0.007877588 0.02226829 0.03116965 -0.008001387 0.02262103 0.03116965 -0.008043467 0.02369958 0.03116965 -0.008043467 0.02406245 0.03116965 -0.007998883 0.02440375 0.03116965 -0.007867872 0.02470326 0.03116965 -0.007658183 0.02494311 0.03116965 -0.007382273 0.02510911 0.03116965 -0.007056474 0.02519136 0.03116965 -0.006700277 0.02518498 0.03116965 -0.006334722 0.02509033 0.03116965 -0.005981564 -0.02006435 0.03116965 0.0150184 -0.02023547 0.03116965 0.01532965 -0.02047497 0.03116965 0.01559197 -0.02076947 0.03116965 0.01579058 -0.02110242 0.03116965 0.01591444 -0.0214551 0.03116965 0.01595646 -0.01543986 0.03116965 -0.00710535 -0.01526874 0.03116965 -0.007416665 -0.01502925 0.03116965 -0.007678985 -0.01473474 0.03116965 -0.007877588 -0.01440179 0.03116965 -0.008001387 -0.01404911 0.03116965 -0.008043467 -0.01297056 0.03116965 -0.008043467 -0.01260769 0.03116965 -0.007998883 -0.01226633 0.03116965 -0.007867872 -0.01196688 0.03116965 -0.007658183 -0.01172703 0.03116965 -0.007382273 -0.01156103 0.03116965 -0.007056474 -0.01147878 0.03116965 -0.006700277 -0.01148515 0.03116965 -0.006334722 -0.01157981 0.03116965 -0.005981564 -0.04070121 0.03116965 0.02795648 0.03129875 0.03116965 -0.01404345 0.02979874 0.03116965 -0.01664155 0.03042006 0.03116965 -0.01616477 0.03089684 0.03116965 -0.01554346 0.03119653 0.03116965 -0.01481992 0.0290752 0.03116965 -0.01694124 -0.0367012 0.03116965 0.01847118 -0.03690564 0.03116965 0.02002412 -0.03750503 0.03116965 0.0214712 -0.03845852 0.03116965 0.02271384 -0.0414083 0.03116965 0.02566361 -0.0415672 0.03116965 0.02587068 -0.0416671 0.03116965 0.0261119 -0.04170119 0.03116965 0.0263707 -0.04170119 0.03116965 0.02695649 -0.0416671 0.03116965 0.0272153 -0.0415672 0.03116965 0.02745646 -0.0414083 0.03116965 0.02766358 -0.04120117 0.03116965 0.02782249 -0.04096001 0.03116965 0.02792239</float_array>
          <technique_common>
            <accessor source="#Shell_Side-mesh-positions-array" count="1668" stride="3">
              <param name="X" type="float"/>
              <param name="Y" type="float"/>
              <param name="Z" type="float"/>
            </accessor>
          </technique_common>
        </source>
        <source id="Shell_Side-mesh-normals">
          <float_array id="Shell_Side-mesh-normals-array" count="10224">0 1 0 0 1 0 0 1 0 0 1 0 0 1 0 0 1 0 0 1 0 0 1 0 -1 0 0 -1 0 0 1 0 0 1 0 0 0 0 -1 0 0 -1 0 0 -1 0 0 -1 0.1213214 0 -0.9926133 0.1305244 -0.007303297 -0.9914182 0.3568145 0.006745398 -0.9341509 0.382646 -0.01349234 -0.9237965 0.5712708 0.01238369 -0.8206682 0.6086583 -0.01857173 -0.793215 0.6871569 0 -0.726509 0.7411412 0.01289308 -0.6712254 0.7931081 -0.02481621 -0.6085753 0.8648707 0.01655554 -0.5017218 0.9236022 -0.02449584 -0.3825689 0.9506015 0.01225608 -0.3101721 0.9913145 -0.01621794 -0.1305082 0.9944784 0 -0.1049416 0 0 -1 0 0 -1 1 0 0 1 0 0 0 0 1 0 0 1 0 1 0 0 1 0 0 1 0 0 1 0 0 1 0 0 1 0 0 1 0 0 1 0 0 1 0 0 1 0 0 1 0 0 1 0 0 1 0 0 1 0 0 1 0 0 1 0 0 1 0 0 1 0 0 1 0 0 1 0 0 1 0 0 1 0 0 1 0 0 1 0 0 1 0 0 1 0 0 1 0 0 1 0 0 1 0 0 1 0 0 1 0 0 1 0 0 1 0 0 1 0 0 1 0 0 1 0 0 1 0 0 1 0 0 1 0 0 1 0 0 1 0 0 1 0 0 1 0 0 1 0 0 1 0 0 1 0 0 1 0 0 1 0 0 1 0 0 1 0 0 1 0 0 1 0 0 1 0 0 1 0 0 1 0 0 1 0 0 1 0 0 1 0 0 1 0 0 1 0 0 1 0 0 1 0 0 1 0 0 1 0 0 1 0 0 1 0 0 1 0 0 1 0 0 1 0 0 1 0 0 1 0 0 1 0 0 1 0 0 1 0 0 1 0 0 1 0 0 1 0 0 1 0 0 1 0 0 1 0 0 1 0 0 1 0 0 1 0 0 1 0 0 1 0 0 1 0 0 1 0 0 1 0 0 1 0 0 1 0 0 1 0 0 1 0 0 1 0 0 1 0 0 1 0 0 1 0 0 1 0 0 1 0 0 1 0 0 1 0 0 1 0 0 1 0 0 1 0 0 1 0 0 1 0 0 1 0 0 1 0 0 1 0 0 1 0 0 1 0 0 1 0 0 1 0 0 1 0 0 1 0 0 1 0 0 1 0 0 1 0 0 1 0 0 1 0 0 1 0 0 1 0 0 1 0 0 1 0 0 1 0 0 1 0 0 1 0 0 1 0 0 1 0 0 1 0 0 1 0 0 1 0 0 1 0 0 1 0 0 1 0 0 1 0 0 1 0 0 1 0 0 1 0 0 1 0 0 1 0 0 1 0 0 1 0 0 1 0 0 1 0 0 1 0 0 1 0 0 1 0 0 1 0 0 1 0 0 1 0 0 1 0 0 1 0 0 1 0 0 1 0 0 1 0 0 1 0 0 1 0 0 1 0 0 1 0 0 1 0 0 1 0 0 1 0 0 1 0 0 1 0 0 1 0 0 1 0 0 1 0 0 1 0 0 1 0 0 1 0 0 1 0 0 1 0 0 1 0 0 1 0 0 1 0 0 1 0 0 1 0 0 1 0 0 1 0 0 1 0 0 1 0 0 1 0 0 1 0 0 1 0 0 1 0 0 1 0 0 1 0 0 1 0 0 1 0 0 1 0 0 1 0 0 1 0 0 1 0 0 1 0 0 1 0 0 1 0 0 1 0 0 1 0 0 1 0 0 1 0 0 1 0 0 1 0 0 1 0 0 1 0 0 1 0 0 1 0 0 1 0 0 1 0 0 1 0 0 1 0 0 1 0 0 1 0 0 1 0 0 1 0 0 1 0 0 1 0 0 1 0 0 1 0 0 1 0 0 1 0 0 1 0 0 1 0 0 1 0 0 1 0 0 1 0 0 1 0 0 1 0 0 1 0 0 1 0 0 1 0 0 1 0 0 1 0 0 1 0 0 1 0 0 1 0 0 1 0 0 1 0 0 1 0 0 1 0 0 1 0 0 1 0 0 1 0 0 1 0 0 1 0 0 1 0 0 1 0 0 1 0 0 1 0 0 1 0 0 1 0 0 1 0 0 1 0 0 1 0 0 1 0 0 1 0 0 1 0 0 1 0 0 1 0 0 1 0 0 1 0 0 1 0 0 1 0 0 1 0 0 1 0 0 1 0 0 1 0 0 1 0 0 1 0 0 1 0 0 1 0 0 1 0 0 1 0 0 1 0 0 1 0 0 1 0 0 1 0 0 1 0 0 1 0 0 1 0 0 1 0 0 1 0 0 1 0 0 1 0 0 1 0 0 1 0 0 1 0 0 1 0 0 1 0 0 1 0 0 1 0 0 1 0 0 1 0 0 1 0 0 1 0 0 1 0 0 1 0 0 1 0 0 1 0 0 1 0 0 1 0 0 1 0 0 1 0 0 1 0 0 1 0 0 1 0 0 1 0 0 1 0 0 1 0 0 1 0 0 1 0 0 1 0 0 1 0 0 1 0 0 1 0 0 1 0 0 1 0 0 1 0 0 1 0 0 1 0 0 1 0 0 1 0 0 1 0 0 1 0 0 1 0 0 1 0 0 1 0 0 1 0 0 1 0 0 1 0 0 1 0 0 1 0 0 1 0 0 1 0 0 1 0 0 1 0 0 1 0 0.1218693 0 -0.9925462 0.1218693 0 -0.9925462 0.3583665 0 -0.9335809 0.3583665 0 -0.9335809 0.573578 0 -0.819151 0.573578 0 -0.819151 0.7547095 0 -0.6560592 0.7547095 0 -0.6560592 0.8910048 0 -0.4539939 0.8910048 0 -0.4539939 0.9743704 0 -0.2249494 0.9743704 0 -0.2249494 0.9998477 0 0.01745426 0.9998477 0 0.01745426 0.9659259 0 0.2588186 0.9659259 0 0.2588186 0.1218693 0 -0.9925462 0.1218693 0 -0.9925462 0.3583674 0 -0.9335806 0.3583674 0 -0.9335806 0.5735768 0 -0.8191519 0.5735768 0 -0.8191519 0.7547095 0 -0.6560592 0.7547095 0 -0.6560592 0.8910058 0 -0.4539919 0.8910058 0 -0.4539919 0.9743699 0 -0.2249518 0.9743699 0 -0.2249518 0.9998477 0 0.01745426 0.9998477 0 0.01745426 0.9659259 0 0.2588186 0.9659259 0 0.2588186 0.1218699 0 -0.9925461 0.1218699 0 -0.9925461 0.3583665 0 -0.9335809 0.3583665 0 -0.9335809 0.573578 0 -0.819151 0.573578 0 -0.819151 0.7547095 0 -0.6560592 0.7547095 0 -0.6560592 0.8910048 0 -0.4539939 0.8910048 0 -0.4539939 0.9743704 0 -0.2249494 0.9743704 0 -0.2249494 0.9998477 0 0.01745426 0.9998477 0 0.01745426 0.9659259 0 0.2588186 0.9659259 0 0.2588186 0.121869 0 -0.9925462 0.121869 0 -0.9925462 0.3583682 0 -0.9335803 0.3583682 0 -0.9335803 0.5735755 0 -0.8191527 0.5735755 0 -0.8191527 0.7547095 0 -0.6560592 0.7547095 0 -0.6560592 0.8910069 0 -0.4539899 0.8910069 0 -0.4539899 0.9743699 0 -0.2249518 0.9743699 0 -0.2249518 0.9998477 0 0.0174517 0.9998477 0 0.0174517 0.9659259 0 0.2588186 0.9659259 0 0.2588186 0.1218691 0 -0.9925462 0.1218691 0 -0.9925462 0.3583678 0 -0.9335805 0.3583678 0 -0.9335805 0.5735761 0 -0.8191523 0.5735761 0 -0.8191523 0.7547092 0 -0.6560595 0.7547092 0 -0.6560595 0.8910063 0 -0.4539909 0.8910063 0 -0.4539909 0.9743701 0 -0.2249512 0.9743701 0 -0.2249512 0.9998477 0 0.01745295 0.9998477 0 0.01745295 0.9659258 0 0.2588192 0.9659258 0 0.2588192 0.1218691 0 -0.9925462 0.1218691 0 -0.9925462 0.3583678 0 -0.9335805 0.3583678 0 -0.9335805 0.5735761 0 -0.8191523 0.5735761 0 -0.8191523 0.7547095 0 -0.6560592 0.7547095 0 -0.6560592 0.8910063 0 -0.4539909 0.8910063 0 -0.4539909 0.9743702 0 -0.2249506 0.9743702 0 -0.2249506 0.9998477 0 0.0174517 0.9998477 0 0.0174517 0.9659256 0 0.2588198 0.9659256 0 0.2588198 -0.7040594 0.7040651 0.0926972 -0.7040559 0.704069 0.09269386 -0.7040557 0.7040688 -0.09269613 -0.7040601 0.7040648 -0.09269374 -0.6560817 0.7040644 -0.271754 -0.6560882 0.704059 -0.2717524 -0.5633911 0.7040587 -0.4323099 -0.5633859 0.704063 -0.4323097 -0.4323032 0.7040637 -0.5633899 -0.432304 0.7040631 -0.5633902 -0.2717572 0.7040619 -0.656083 -0.2717643 0.7040552 -0.6560873 -0.09269428 0.7040573 -0.7040675 -0.09268969 0.7040627 -0.7040627 0.09269237 0.7040625 -0.7040625 0.09268909 0.704057 -0.7040686 0.2717596 0.7040555 -0.6560888 0.2717616 0.7040622 -0.6560809 0.4323036 0.7040631 -0.5633904 0.4323036 0.7040637 -0.5633896 0.5633879 0.7040628 -0.4323073 0.5633856 0.7040696 -0.4322993 0.6560751 0.7040715 -0.2717513 0.65608 0.704064 -0.2717592 0.7040613 0.7040644 -0.0926876 0.7040689 0.7040559 -0.09269487 0.7040693 0.7040562 0.09268927 0.70406 0.7040649 0.0926944 0.6560822 0.7040646 0.2717523 0.6560704 0.7040744 0.2717552 0.563378 0.7040732 0.4323033 0.5633965 0.7040582 0.4323038 0.4323092 0.7040587 0.5633917 0.432304 0.7040631 0.5633902 0.2717572 0.7040619 0.656083 0.2717575 0.7040616 0.6560832 0.09269225 0.7040638 0.7040612 0.09269338 0.7040625 0.7040625 -0.09269362 0.7040625 0.7040625 -0.09269452 0.704064 0.7040608 -0.2717573 0.7040617 0.6560832 -0.2717574 0.7040619 0.6560829 -0.4323067 0.7040628 0.5633884 -0.4323068 0.7040585 0.5633938 -0.5633893 0.7040589 0.4323119 -0.5633879 0.7040628 0.4323074 -0.6560849 0.7040617 0.2717534 -0.6560829 0.7040646 0.2717502 -0.7040603 0.7040647 0.09269273 -0.7040624 0.7040624 0.09269469 -0.7040625 0.7040625 -0.09269237 -0.7040601 0.7040648 -0.09269374 -0.6560803 0.7040641 -0.271758 -0.6560783 0.7040657 -0.2717585 -0.563389 0.7040643 -0.4323036 -0.5633912 0.7040624 -0.4323037 -0.4323032 0.7040637 -0.5633899 -0.432304 0.7040631 -0.5633902 -0.2717572 0.7040619 -0.656083 -0.2717615 0.7040579 -0.6560856 -0.09269356 0.7040582 -0.7040668 -0.09268969 0.7040627 -0.7040627 0.09269237 0.7040625 -0.7040625 0.09268963 0.7040579 -0.7040676 0.2717604 0.7040579 -0.6560859 0.2717608 0.7040596 -0.656084 0.4323037 0.7040592 -0.5633952 0.4323034 0.704068 -0.5633844 0.5633862 0.7040678 -0.4323014 0.5633875 0.7040641 -0.4323058 0.6560789 0.7040656 -0.2717574 0.65608 0.704064 -0.2717592 0.7040613 0.7040644 -0.0926876 0.7040628 0.7040628 -0.09268903 0.7040628 0.7040628 0.09268844 0.7040609 0.7040645 0.09268945 0.6560809 0.7040643 0.2717564 0.656076 0.7040683 0.2717575 0.5633842 0.7040681 0.4323035 0.5633896 0.7040638 0.4323036 0.4323046 0.7040626 0.5633903 0.432309 0.7040588 0.5633916 0.2717598 0.7040595 0.6560845 0.2717547 0.7040643 0.6560814 0.09269213 0.7040647 0.7040604 0.09269404 0.7040625 0.7040625 -0.09269303 0.7040625 0.7040625 -0.0926944 0.7040649 0.70406 -0.2717564 0.7040643 0.6560809 -0.2717556 0.7040618 0.6560838 -0.4323067 0.7040628 0.5633884 -0.4323068 0.7040585 0.5633938 -0.5633917 0.7040587 0.4323092 -0.5633882 0.7040686 0.4322975 -0.6560773 0.7040681 0.2717549 -0.65608 0.704064 0.2717592 -0.70406 0.7040651 0.09269207 -0.7040625 0.7040624 0.0926944 -0.7040625 0.7040625 -0.09269273 -0.70406 0.7040649 -0.09269404 -0.6560806 0.7040642 -0.2717572 -0.6560772 0.7040671 -0.271758 -0.5633866 0.7040662 -0.4323035 -0.5633938 0.7040603 -0.4323037 -0.4323062 0.7040612 -0.5633908 -0.4323008 0.7040658 -0.5633892 -0.2717561 0.704065 -0.6560801 -0.2717603 0.7040609 -0.6560828 -0.09269315 0.7040615 -0.7040635 -0.09269219 0.7040626 -0.7040626 0.09269237 0.7040625 -0.7040625 0.09269171 0.7040613 -0.7040638 0.2717592 0.704061 -0.6560831 0.2717597 0.7040627 -0.6560812 0.4323037 0.7040617 -0.5633921 0.4323036 0.7040652 -0.5633878 0.5633869 0.7040659 -0.4323037 0.5633867 0.7040662 -0.4323033 0.6560781 0.7040668 -0.2717562 0.65608 0.704064 -0.2717592 0.7040612 0.7040644 -0.0926879 0.7040628 0.7040628 -0.09268933 0.7040628 0.7040628 0.09268784 0.7040606 0.704065 0.09268909 0.6560791 0.7040653 0.2717575 0.6560772 0.7040671 0.271758 0.5633866 0.7040662 0.4323035 0.563387 0.7040659 0.4323035 0.432303 0.7040652 0.5633882 0.4323074 0.7040614 0.5633895 0.2717586 0.7040625 0.6560816 0.2717569 0.7040642 0.6560807 0.09268987 0.7040646 0.7040609 0.09269154 0.7040627 0.7040626 -0.0926907 0.7040627 0.7040627 -0.09269189 0.7040647 0.7040604 -0.2717564 0.7040643 0.6560809 -0.2717566 0.704065 0.6560799 -0.4323051 0.7040655 0.5633863 -0.4323052 0.7040611 0.5633917 -0.563391 0.7040606 0.4323069 -0.563389 0.7040664 0.4323 -0.6560777 0.7040669 0.271757 -0.6560787 0.7040653 0.2717586 -0.7040591 0.7040655 0.09269654 -0.7040559 0.704069 0.0926935 -0.7040557 0.7040688 -0.09269642 -0.70406 0.7040649 -0.09269404 -0.6560819 0.7040644 -0.2717531 -0.656087 0.7040602 -0.2717519 -0.5633887 0.7040606 -0.4323098 -0.5633885 0.7040608 -0.4323098 -0.4323062 0.7040612 -0.5633908 -0.4323008 0.7040658 -0.5633892 -0.2717561 0.704065 -0.6560801 -0.2717631 0.7040582 -0.6560844 -0.0926938 0.7040606 -0.7040643 -0.09269219 0.7040626 -0.7040626 0.09269237 0.7040625 -0.7040625 0.09269118 0.7040604 -0.7040648 0.2717585 0.7040586 -0.656086 0.2717604 0.7040653 -0.656078 0.4323036 0.7040656 -0.5633873 0.4323037 0.704061 -0.563393 0.5633887 0.7040609 -0.4323096 0.5633848 0.7040718 -0.4322968 0.6560744 0.7040727 -0.27175 0.65608 0.704064 -0.2717592 0.7040612 0.7040644 -0.0926879 0.704069 0.7040559 -0.09269523 0.7040693 0.7040563 0.09268867 0.7040596 0.7040653 0.09269398 0.6560805 0.7040656 0.2717535 0.6560716 0.7040732 0.2717557 0.5633804 0.7040712 0.4323033 0.5633938 0.7040603 0.4323037 0.4323076 0.7040613 0.5633896 0.4323024 0.7040657 0.5633881 0.2717561 0.704065 0.6560801 0.2717598 0.7040615 0.6560824 0.09268999 0.7040637 0.7040617 0.09269088 0.7040627 0.7040627 -0.0926913 0.7040627 0.7040627 -0.09269201 0.7040638 0.7040613 -0.2717573 0.7040617 0.6560832 -0.2717583 0.7040652 0.6560791 -0.4323051 0.7040655 0.5633863 -0.4323052 0.7040611 0.5633917 -0.5633887 0.7040609 0.4323096 -0.5633887 0.7040606 0.4323099 -0.6560853 0.7040604 0.2717555 -0.6560818 0.7040659 0.2717497 -0.9914443 0 0.1305305 -0.9914443 0 0.1305305 -0.9914444 0 -0.1305296 -0.9914444 0 -0.1305296 -0.9238836 0 -0.3826736 -0.9238836 0 -0.3826736 -0.7933475 0 -0.6087689 -0.7933475 0 -0.6087689 -0.608761 0 -0.7933537 -0.608761 0 -0.7933537 -0.3826883 0 -0.9238775 -0.3826883 0 -0.9238775 -0.1305235 0 -0.9914453 -0.1305235 0 -0.9914453 0.1305217 0 -0.9914455 0.1305217 0 -0.9914455 0.3826883 0 -0.9238775 0.3826883 0 -0.9238775 0.608761 0 -0.7933537 0.608761 0 -0.7933537 0.7933544 0 -0.60876 0.7933544 0 -0.60876 0.9238786 0 -0.3826858 0.9238786 0 -0.3826858 0.9914444 0 -0.1305296 0.9914444 0 -0.1305296 0.9914443 0 0.1305305 0.9914443 0 0.1305305 0.9238786 0 0.3826858 0.9238786 0 0.3826858 0.7933571 0 0.6087566 0.7933571 0 0.6087566 0.608761 0 0.7933537 0.608761 0 0.7933537 0.3826822 0 0.9238801 0.3826822 0 0.9238801 0.1305287 0 0.9914445 0.1305287 0 0.9914445 -0.1305305 0 0.9914443 -0.1305305 0 0.9914443 -0.3826822 0 0.9238801 -0.3826822 0 0.9238801 -0.608761 0 0.7933537 -0.608761 0 0.7933537 -0.7933502 0 0.6087655 -0.7933502 0 0.6087655 -0.9238836 0 0.3826736 -0.9238836 0 0.3826736 -0.9914443 0 0.1305305 -0.9914443 0 0.1305305 -0.9914444 0 -0.1305296 -0.9914444 0 -0.1305296 -0.9238786 0 -0.3826858 -0.9238786 0 -0.3826858 -0.7933544 0 -0.60876 -0.7933544 0 -0.60876 -0.608761 0 -0.7933537 -0.608761 0 -0.7933537 -0.3826858 0 -0.9238786 -0.3826858 0 -0.9238786 -0.1305235 0 -0.9914453 -0.1305235 0 -0.9914453 0.1305226 0 -0.9914454 0.1305226 0 -0.9914454 0.3826858 0 -0.9238786 0.3826858 0 -0.9238786 0.6087645 0 -0.793351 0.6087645 0 -0.793351 0.793351 0 -0.6087645 0.793351 0 -0.6087645 0.9238786 0 -0.3826858 0.9238786 0 -0.3826858 0.9914454 0 -0.1305226 0.9914454 0 -0.1305226 0.9914453 0 0.1305235 0.9914453 0 0.1305235 0.9238786 0 0.3826858 0.9238786 0 0.3826858 0.7933537 0 0.608761 0.7933537 0 0.608761 0.6087645 0 0.793351 0.6087645 0 0.793351 0.3826797 0 0.9238811 0.3826797 0 0.9238811 0.1305296 0 0.9914444 0.1305296 0 0.9914444 -0.1305305 0 0.9914443 -0.1305305 0 0.9914443 -0.3826797 0 0.9238811 -0.3826797 0 0.9238811 -0.608761 0 0.7933537 -0.608761 0 0.7933537 -0.7933571 0 0.6087566 -0.7933571 0 0.6087566 -0.9238786 0 0.3826858 -0.9238786 0 0.3826858 -0.9914444 0 0.1305301 -0.9914444 0 0.1305301 -0.9914444 0 -0.1305301 -0.9914444 0 -0.1305301 -0.9238786 0 -0.3826858 -0.9238786 0 -0.3826858 -0.7933558 0 -0.6087583 -0.7933558 0 -0.6087583 -0.6087588 0 -0.7933554 -0.6087588 0 -0.7933554 -0.3826858 0 -0.9238786 -0.3826858 0 -0.9238786 -0.130527 0 -0.9914448 -0.130527 0 -0.9914448 0.1305261 0 -0.9914449 0.1305261 0 -0.9914449 0.3826858 0 -0.9238786 0.3826858 0 -0.9238786 0.6087623 0 -0.7933527 0.6087623 0 -0.7933527 0.7933523 0 -0.6087628 0.7933523 0 -0.6087628 0.9238786 0 -0.3826858 0.9238786 0 -0.3826858 0.9914453 0 -0.130523 0.9914453 0 -0.130523 0.9914453 0 0.130523 0.9914453 0 0.130523 0.9238786 0 0.3826858 0.9238786 0 0.3826858 0.7933523 0 0.6087628 0.7933523 0 0.6087628 0.6087645 0 0.793351 0.6087645 0 0.793351 0.3826827 0 0.9238799 0.3826827 0 0.9238799 0.1305261 0 0.9914449 0.1305261 0 0.9914449 -0.130527 0 0.9914448 -0.130527 0 0.9914448 -0.3826827 0 0.9238799 -0.3826827 0 0.9238799 -0.608761 0 0.7933537 -0.608761 0 0.7933537 -0.7933558 0 0.6087583 -0.7933558 0 0.6087583 -0.9238786 0 0.3826858 -0.9238786 0 0.3826858 -0.9914444 0 0.1305301 -0.9914444 0 0.1305301 -0.9914444 0 -0.1305301 -0.9914444 0 -0.1305301 -0.9238836 0 -0.3826736 -0.9238836 0 -0.3826736 -0.7933489 0 -0.6087673 -0.7933489 0 -0.6087673 -0.6087588 0 -0.7933554 -0.6087588 0 -0.7933554 -0.3826883 0 -0.9238775 -0.3826883 0 -0.9238775 -0.130527 0 -0.9914448 -0.130527 0 -0.9914448 0.1305252 0 -0.991445 0.1305252 0 -0.991445 0.3826883 0 -0.9238775 0.3826883 0 -0.9238775 0.6087588 0 -0.7933554 0.6087588 0 -0.7933554 0.7933558 0 -0.6087583 0.7933558 0 -0.6087583 0.9238786 0 -0.3826858 0.9238786 0 -0.3826858 0.9914444 0 -0.1305301 0.9914444 0 -0.1305301 0.9914444 0 0.1305301 0.9914444 0 0.1305301 0.9238786 0 0.3826858 0.9238786 0 0.3826858 0.7933558 0 0.6087583 0.7933558 0 0.6087583 0.608761 0 0.7933537 0.608761 0 0.7933537 0.3826853 0 0.9238788 0.3826853 0 0.9238788 0.1305252 0 0.991445 0.1305252 0 0.991445 -0.130527 0 0.9914448 -0.130527 0 0.9914448 -0.3826853 0 0.9238788 -0.3826853 0 0.9238788 -0.608761 0 0.7933537 -0.608761 0 0.7933537 -0.7933489 0 0.6087673 -0.7933489 0 0.6087673 -0.9238836 0 0.3826736 -0.9238836 0 0.3826736 0.7040609 -0.7040649 0.09268754 0.704069 -0.7040559 0.09269523 0.7040693 -0.7040562 -0.09268897 0.70406 -0.7040649 -0.09269404 0.6560819 -0.7040644 -0.2717531 0.6560716 -0.7040732 -0.2717557 0.5633804 -0.7040712 -0.4323033 0.5633938 -0.7040603 -0.4323037 0.4323062 -0.7040612 -0.5633908 0.4323008 -0.7040658 -0.5633892 0.2717561 -0.704065 -0.6560801 0.2717631 -0.7040582 -0.6560844 0.09269261 -0.7040606 -0.7040645 0.09269088 -0.7040627 -0.7040627 -0.09269362 -0.7040625 -0.7040625 -0.09269243 -0.7040605 -0.7040646 -0.2717585 -0.7040586 -0.656086 -0.2717604 -0.7040653 -0.656078 -0.4323036 -0.7040656 -0.5633873 -0.4323037 -0.704061 -0.563393 -0.5633887 -0.7040609 -0.4323096 -0.5633887 -0.7040606 -0.4323099 -0.6560856 -0.7040604 -0.2717546 -0.6560829 -0.7040646 -0.2717502 -0.7040594 -0.704065 -0.0926969 -0.7040559 -0.704069 -0.0926935 -0.7040557 -0.7040688 0.09269613 -0.7040596 -0.7040653 0.09269398 -0.6560805 -0.7040656 0.2717535 -0.656087 -0.7040602 0.2717519 -0.5633887 -0.7040606 0.4323098 -0.5633885 -0.7040608 0.4323098 -0.4323076 -0.7040613 0.5633896 -0.4323024 -0.7040657 0.5633881 -0.2717561 -0.704065 0.6560801 -0.2717598 -0.7040615 0.6560824 -0.09269118 -0.7040638 0.7040615 -0.09269219 -0.7040626 0.7040626 0.09269011 -0.7040627 0.7040627 0.0926907 -0.7040638 0.7040616 0.2717573 -0.7040617 0.6560832 0.2717583 -0.7040652 0.6560791 0.4323051 -0.7040655 0.5633863 0.4323052 -0.7040611 0.5633917 0.5633887 -0.7040609 0.4323096 0.5633848 -0.7040718 0.4322968 0.6560739 -0.7040728 0.2717508 0.6560787 -0.7040653 0.2717586 0.7040612 -0.7040644 0.0926882 0.7040689 -0.7040559 0.09269553 0.7040693 -0.7040563 -0.09268867 0.7040601 -0.7040648 -0.09269374 0.6560817 -0.7040644 -0.271754 0.6560727 -0.7040719 -0.2717561 0.5633828 -0.7040693 -0.4323034 0.5633912 -0.7040624 -0.4323037 0.4323032 -0.7040637 -0.5633899 0.432304 -0.7040631 -0.5633902 0.2717572 -0.7040619 -0.656083 0.2717643 -0.7040552 -0.6560873 0.09269309 -0.7040572 -0.7040678 0.09268838 -0.7040628 -0.7040628 -0.09269362 -0.7040625 -0.7040625 -0.0926904 -0.704057 -0.7040683 -0.2717596 -0.7040555 -0.6560888 -0.2717616 -0.7040622 -0.6560809 -0.4323036 -0.7040631 -0.5633904 -0.4323036 -0.7040637 -0.5633896 -0.5633879 -0.7040628 -0.4323073 -0.5633894 -0.7040585 -0.4323124 -0.6560865 -0.7040593 -0.2717559 -0.6560829 -0.7040646 -0.2717502 -0.7040595 -0.704065 -0.0926966 -0.704056 -0.7040691 -0.0926932 -0.7040557 -0.7040688 0.09269672 -0.70406 -0.7040649 0.0926944 -0.6560822 -0.7040646 0.2717523 -0.6560858 -0.7040615 0.2717514 -0.5633864 -0.7040626 0.4323098 -0.5633912 -0.7040587 0.4323098 -0.4323092 -0.7040587 0.5633917 -0.432304 -0.7040631 0.5633902 -0.2717572 -0.7040619 0.656083 -0.2717575 -0.7040616 0.6560832 -0.09269344 -0.704064 0.704061 -0.09269469 -0.7040624 0.7040624 0.09269237 -0.7040625 0.7040625 0.0926932 -0.7040639 0.7040611 0.2717573 -0.7040617 0.6560832 0.2717574 -0.7040619 0.6560829 0.4323067 -0.7040628 0.5633884 0.4323068 -0.7040585 0.5633938 0.5633893 -0.7040589 0.4323119 0.5633841 -0.7040739 0.4322943 0.6560736 -0.704074 0.2717487 0.65608 -0.704064 0.2717592 0.7040612 -0.7040644 0.0926882 0.7040627 -0.7040628 0.09268969 0.7040628 -0.7040628 -0.09268784 0.7040611 -0.7040646 -0.09268879 0.6560803 -0.7040641 -0.271758 0.6560783 -0.7040657 -0.2717585 0.563389 -0.7040643 -0.4323036 0.5633844 -0.704068 -0.4323034 0.4322987 -0.7040676 -0.5633886 0.432309 -0.7040588 -0.5633916 0.2717598 -0.7040595 -0.6560845 0.2717615 -0.7040579 -0.6560856 0.09269297 -0.7040581 -0.7040669 0.09268903 -0.7040628 -0.7040628 -0.09269303 -0.7040625 -0.7040625 -0.09269028 -0.7040579 -0.7040674 -0.2717587 -0.7040581 -0.6560865 -0.2717599 -0.7040621 -0.6560816 -0.4323036 -0.7040631 -0.5633904 -0.4323036 -0.7040637 -0.5633896 -0.5633903 -0.7040626 -0.4323046 -0.5633897 -0.7040643 -0.4323025 -0.6560789 -0.7040656 -0.2717574 -0.65608 -0.704064 -0.2717592 -0.7040604 -0.7040647 -0.09269213 -0.7040625 -0.7040625 -0.09269404 -0.7040625 -0.7040625 0.09269303 -0.70406 -0.7040649 0.0926944 -0.6560809 -0.7040643 0.2717564 -0.656076 -0.7040683 0.2717575 -0.5633842 -0.7040681 0.4323035 -0.5633965 -0.7040582 0.4323038 -0.4323092 -0.7040587 0.5633917 -0.432304 -0.7040631 0.5633902 -0.2717572 -0.7040619 0.656083 -0.2717547 -0.7040643 0.6560814 -0.09269273 -0.7040647 0.7040603 -0.09269469 -0.7040624 0.7040624 0.09269237 -0.7040625 0.7040625 0.09269374 -0.7040648 0.7040601 0.271758 -0.7040641 0.6560803 0.2717566 -0.7040593 0.6560861 0.4323068 -0.704059 0.5633931 0.4323067 -0.7040627 0.5633885 0.5633875 -0.7040639 0.432306 0.563386 -0.7040683 0.4323008 0.6560773 -0.7040681 0.2717549 0.65608 -0.704064 0.2717592 0.7040609 -0.7040649 0.09268754 0.7040628 -0.7040628 0.09268933 0.7040628 -0.7040628 -0.09268814 0.704061 -0.7040646 -0.09268915 0.6560806 -0.7040642 -0.2717572 0.6560772 -0.7040671 -0.271758 0.5633866 -0.7040662 -0.4323035 0.563387 -0.7040659 -0.4323035 0.4323016 -0.704065 -0.5633894 0.4323058 -0.7040616 -0.5633907 0.2717586 -0.7040625 -0.6560816 0.2717603 -0.7040609 -0.6560828 0.09269255 -0.7040614 -0.7040637 0.09269154 -0.7040627 -0.7040626 -0.09269303 -0.7040625 -0.7040625 -0.09269237 -0.7040614 -0.7040637 -0.2717576 -0.7040612 -0.6560837 -0.2717587 -0.7040652 -0.6560789 -0.4323036 -0.7040656 -0.5633873 -0.4323037 -0.704061 -0.563393 -0.563391 -0.7040606 -0.4323069 -0.563389 -0.7040664 -0.4323 -0.6560781 -0.7040668 -0.2717562 -0.65608 -0.704064 -0.2717592 -0.7040603 -0.7040647 -0.09269243 -0.7040625 -0.7040624 -0.0926944 -0.7040625 -0.7040625 0.09269237 -0.7040596 -0.7040653 0.09269398 -0.6560791 -0.7040653 0.2717575 -0.6560772 -0.7040671 0.271758 -0.5633866 -0.7040662 0.4323035 -0.5633938 -0.7040603 0.4323037 -0.4323076 -0.7040613 0.5633896 -0.4323024 -0.7040657 0.5633881 -0.2717561 -0.704065 0.6560801 -0.2717569 -0.7040642 0.6560807 -0.09269046 -0.7040646 0.7040607 -0.09269219 -0.7040626 0.7040626 0.09269011 -0.7040627 0.7040627 0.09269124 -0.7040647 0.7040606 0.271758 -0.7040641 0.6560803 0.2717576 -0.7040625 0.6560822 0.4323052 -0.7040616 0.5633911 0.432305 -0.7040654 0.5633864 0.5633869 -0.7040659 0.4323037 0.5633867 -0.7040662 0.4323033 0.6560777 -0.7040669 0.271757 0.6560787 -0.7040653 0.2717586 0 -1 0 0 -1 0 0 -1 0 0 -1 0 0 -1 0 0 -1 0 0 -1 0 0 -1 0 0 -1 0 0 -1 0 0 -1 0 0 -1 0 0 -1 0 0 -1 0 0 -1 0 0 -1 0 0 -1 0 0 -1 0 0 -1 0 0 -1 0 0 -1 0 0 -1 0 0 -1 0 0 -1 0 0 -1 0 0 -1 0 0 -1 0 0 -1 0 0 -1 0 0 -1 0 0 -1 0 0 -1 0 0 -1 0 0 -1 0 0 -1 0 0 -1 0 0 -1 0 0 -1 0 0 -1 0 0 -1 0 0 -1 0 0 -1 0 0 -1 0 0 -1 0 0 -1 0 0 -1 0 0 -1 0 0 -1 0 0 -1 0 0 -1 0 0 -1 0 0 -1 0 0 -1 0 0 -1 0 0 -1 0 0 -1 0 0 -1 0 0 -1 0 0 -1 0 0 -1 0 0 -1 0 0 -1 0 0 -1 0 0 -1 0 0 -1 0 0 -1 0 0 -1 0 0 -1 0 0 -1 0 0 -1 0 0 -1 0 0 -1 0 0 -1 0 0 -1 0 0 -1 0 0 -1 0 0 -1 0 0 -1 0 0 -1 0 0 -1 0 0 -1 0 0 -1 0 0 -1 0 0 -1 0 0 -1 0 0 -1 0 0 -1 0 0 -1 0 0 -1 0 0 -1 0 0 -1 0 0 -1 0 0 -1 0 0 -1 0 0 -1 0 0 -1 0 0 -1 0 0 -1 0 0 -1 0 0 -1 0 0 -1 0 0 -1 0 0 -1 0 0 -1 0 0 -1 0 0 -1 0 0 -1 0 0 -1 0 0 -1 0 0 -1 0 0 -1 0 0 -1 0 0 -1 0 0 -1 0 0 -1 0 0 -1 0 0 -1 0 0 -1 0 0 -1 0 0 -1 0 0 -1 0 0 -1 0 0 -1 0 0 -1 0 0 -1 0 0 -1 0 0 -1 0 0 -1 0 0 -1 0 0 -1 0 0 -1 0 0 -1 0 0 -1 0 0 -1 0 0 -1 0 0 -1 0 0 -1 0 0 -1 0 0 -1 0 0 -1 0 0 -1 0 0 -1 0 0 -1 0 0 -1 0 0 -1 0 0 -1 0 0 -1 0 0 -1 0 0 -1 0 0 -1 0 0 -1 0 0 -1 0 0 -1 0 0 -1 0 0 -1 0 0 -1 0 0 -1 0 0 -1 0 0 -1 0 0 -1 0 0 -1 0 0 -1 0 0 -1 0 0 -1 0 0 -1 0 0 -1 0 0 -1 0 0 -1 0 0 -1 0 0 -1 0 0 -1 0 0 -1 0 0 -1 0 0 -1 0 0 -1 0 0 -1 0 0 -1 0 0 -1 0 0 -1 0 0 -1 0 0 -1 0 0 -1 0 0 -1 0 0 -1 0 0 -1 0 0 -1 0 0 -1 0 0 -1 0 0 -1 0 0 -1 0 0 -1 0 0 -1 0 0 -1 0 0 -1 0 0 -1 0 0 -1 0 0 -1 0 0 -1 0 0 -1 0 0 -1 0 0 -1 0 0 -1 0 0 -1 0 0 -1 0 0 -1 0 0 -1 0 0 -1 0 0 -1 0 0 -1 0 0 -1 0 0 -1 0 0 -1 0 0 -1 0 0 -1 0 0 -1 0 0 -1 0 0 -1 0 0 -1 0 0 -1 0 0 -1 0 0 -1 0 0 -1 0 0 -1 0 0 -1 0 0 -1 0 0 -1 0 0 -1 0 0 -1 0 0 -1 0 0 -1 0 0 -1 0 0 -1 0 0 -1 0 0 -1 0 0 -1 0 0 -1 0 0 -1 0 0 -1 0 0 -1 0 0 -1 0 0 -1 0 0 -1 0 0 -1 0 0 -1 0 0 -1 0 0 -1 0 0 -1 0 0 -1 0 0 -1 0 0 -1 0 0 -1 0 0 -1 0 0 -1 0 0 -1 0 0 -1 0 0 -1 0 0 -1 0 0 -1 0 0 -1 0 0 -1 0 0 -1 0 0 -1 0 0 -1 0 0 -1 0 0 -1 0 0 -1 0 0 -1 0 0 -1 0 0 -1 0 0 -1 0 0 -1 0 0 -1 0 0 -1 0 0 -1 0 0 -1 0 0 -1 0 0 -1 0 0 -1 0 0 -1 0 0 -1 0 0 -1 0 0 -1 0 0 -1 0 0 -1 0 0 -1 0 0 -1 0 0 -1 0 0 -1 0 0 -1 0 0 -1 0 0 -1 0 0 -1 0 0 -1 0 0 -1 0 0 -1 0 0 -1 0 0 -1 0 0 -1 0 0 -1 0 0 -1 0 0 -1 0 0 -1 0 0 -1 0 0 -1 0 0 -1 0 0 -1 0 0 -1 0 0 -1 0 0 -1 0 0 -1 0 0 -1 0 0 -1 0 0 -1 0 0 -1 0 0 -1 0 0 -1 0 0 -1 0 0 -1 0 0 -1 0 0 -1 0 0 -1 0 0 -1 0 0 -1 0 0 -1 0 0 -1 0 0 -1 0 0 -1 0 0 -1 0 0 -1 0 0 -1 0 -0.8763071 0 -0.4817531 -0.8763071 0 -0.4817531 -0.738455 0 -0.6743028 -0.738455 0 -0.6743028 -0.5591939 0 -0.8290369 -0.5591939 0 -0.8290369 -0.3485688 0 -0.9372832 -0.3485688 0 -0.9372832 -0.118404 0 -0.9929655 -0.118404 0 -0.9929655 0 0 -1 0 0 -1 0.9271839 0 0.3746066 0.9271839 0 0.3746066 0.8763066 0 0.4817538 0.8763066 0 0.4817538 0.7384553 0 0.6743025 0.7384553 0 0.6743025 0.5591936 0 0.8290371 0.5591936 0 0.8290371 0.3485712 0 0.9372823 0.3485712 0 0.9372823 0.118404 0 0.9929655 0.118404 0 0.9929655 0 0 1 0 0 1 -0.1218691 0 0.9925462 -0.1218691 0 0.9925462 -0.3583682 0 0.9335803 -0.3583682 0 0.9335803 -0.5735761 0 0.8191523 -0.5735761 0 0.8191523 -0.7547094 0 0.6560593 -0.7547094 0 0.6560593 -0.8910069 0 0.4539899 -0.8910069 0 0.4539899 -0.97437 0 0.2249515 -0.97437 0 0.2249515 -0.9998477 0 -0.01745301 -0.9998477 0 -0.01745301 -0.965926 0 -0.2588183 -0.965926 0 -0.2588183 -0.9271839 0 -0.3746066 -0.9271839 0 -0.3746066 -0.8763072 0 -0.4817528 -0.8763072 0 -0.4817528 -0.738455 0 -0.6743028 -0.738455 0 -0.6743028 -0.5591942 0 -0.8290367 -0.5591942 0 -0.8290367 -0.3485686 0 -0.9372833 -0.3485686 0 -0.9372833 -0.118404 0 -0.9929655 -0.118404 0 -0.9929655 0 0 -1 0 0 -1 0.9271839 0 0.3746066 0.9271839 0 0.3746066 0.8763064 0 0.4817543 0.8763064 0 0.4817543 0.738455 0 0.6743028 0.738455 0 0.6743028 0.5591949 0 0.8290363 0.5591949 0 0.8290363 0.3485709 0 0.9372824 0.3485709 0 0.9372824 0.118404 0 0.9929655 0.118404 0 0.9929655 0 0 1 0 0 1 -0.121869 0 0.9925462 -0.121869 0 0.9925462 -0.3583682 0 0.9335803 -0.3583682 0 0.9335803 -0.5735768 0 0.8191519 -0.5735768 0 0.8191519 -0.7547088 0 0.6560599 -0.7547088 0 0.6560599 -0.8910069 0 0.4539899 -0.8910069 0 0.4539899 -0.9743705 0 0.2249491 -0.9743705 0 0.2249491 -0.9998478 0 -0.0174492 -0.9998478 0 -0.0174492 -0.965926 0 -0.2588183 -0.965926 0 -0.2588183 -0.9271839 0 -0.3746066 -0.9271839 0 -0.3746066 -0.8763067 0 -0.4817538 -0.8763067 0 -0.4817538 -0.738455 0 -0.6743028 -0.738455 0 -0.6743028 -0.5591936 0 -0.8290371 -0.5591936 0 -0.8290371 -0.3485686 0 -0.9372833 -0.3485686 0 -0.9372833 -0.118404 0 -0.9929655 -0.118404 0 -0.9929655 0 0 -1 0 0 -1 0.9271839 0 0.3746066 0.9271839 0 0.3746066 0.8763069 0 0.4817534 0.8763069 0 0.4817534 0.738455 0 0.6743028 0.738455 0 0.6743028 0.5591936 0 0.8290371 0.5591936 0 0.8290371 0.3485714 0 0.9372822 0.3485714 0 0.9372822 0.118404 0 0.9929655 0.118404 0 0.9929655 0 0 1 0 0 1 -0.1218691 0 0.9925462 -0.1218691 0 0.9925462 -0.358368 0 0.9335803 -0.358368 0 0.9335803 -0.5735761 0 0.8191523 -0.5735761 0 0.8191523 -0.7547097 0 0.6560589 -0.7547097 0 0.6560589 -0.8910066 0 0.4539903 -0.8910066 0 0.4539903 -0.9743701 0 0.2249509 -0.9743701 0 0.2249509 -0.9998477 0 -0.01745235 -0.9998477 0 -0.01745235 -0.9659258 0 -0.2588189 -0.9659258 0 -0.2588189 -0.9271839 0 -0.3746066 -0.9271839 0 -0.3746066 -0.8763088 0 -0.4817497 -0.8763088 0 -0.4817497 -0.7384536 0 -0.6743043 -0.7384536 0 -0.6743043 -0.5591936 0 -0.8290371 -0.5591936 0 -0.8290371 -0.3485695 0 -0.9372829 -0.3485695 0 -0.9372829 -0.1184037 0 -0.9929656 -0.1184037 0 -0.9929656 0 0 -1 0 0 -1 0.9271839 0 0.3746066 0.9271839 0 0.3746066 0.8763064 0 0.4817543 0.8763064 0 0.4817543 0.7384563 0 0.6743014 0.7384563 0 0.6743014 0.5591936 0 0.8290371 0.5591936 0 0.8290371 0.3485701 0 0.9372828 0.3485701 0 0.9372828 0.1184043 0 0.9929655 0.1184043 0 0.9929655 0 0 1 0 0 1 -0.1218693 0 0.9925462 -0.1218693 0 0.9925462 -0.3583682 0 0.9335803 -0.3583682 0 0.9335803 -0.5735755 0 0.8191527 -0.5735755 0 0.8191527 -0.75471 0 0.6560586 -0.75471 0 0.6560586 -0.8910069 0 0.4539899 -0.8910069 0 0.4539899 -0.9743694 0 0.2249539 -0.9743694 0 0.2249539 -0.9998477 0 -0.01745426 -0.9998477 0 -0.01745426 -0.965926 0 -0.2588183 -0.965926 0 -0.2588183 -0.9271839 0 -0.3746066 -0.9271839 0 -0.3746066 -0.8763067 0 -0.4817538 -0.8763067 0 -0.4817538 -0.7384536 0 -0.6743043 -0.7384536 0 -0.6743043 -0.5591936 0 -0.8290371 -0.5591936 0 -0.8290371 -0.3485695 0 -0.9372829 -0.3485695 0 -0.9372829 -0.118404 0 -0.9929655 -0.118404 0 -0.9929655 0 0 -1 0 0 -1 0.9271839 0 0.3746066 0.9271839 0 0.3746066 0.8763064 0 0.4817543 0.8763064 0 0.4817543 0.7384563 0 0.6743014 0.7384563 0 0.6743014 0.5591936 0 0.8290371 0.5591936 0 0.8290371 0.3485701 0 0.9372828 0.3485701 0 0.9372828 0.1184043 0 0.9929655 0.1184043 0 0.9929655 0 0 1 0 0 1 -0.1218693 0 0.9925462 -0.1218693 0 0.9925462 -0.3583682 0 0.9335803 -0.3583682 0 0.9335803 -0.5735755 0 0.8191527 -0.5735755 0 0.8191527 -0.75471 0 0.6560586 -0.75471 0 0.6560586 -0.8910069 0 0.4539899 -0.8910069 0 0.4539899 -0.9743694 0 0.2249539 -0.9743694 0 0.2249539 -0.9998477 0 -0.01745426 -0.9998477 0 -0.01745426 -0.965926 0 -0.2588183 -0.965926 0 -0.2588183 -0.9271839 0 -0.3746066 -0.9271839 0 -0.3746066 -0.8763067 0 -0.4817538 -0.8763067 0 -0.4817538 -0.7384563 0 -0.6743014 -0.7384563 0 -0.6743014 -0.5591936 0 -0.8290371 -0.5591936 0 -0.8290371 -0.3485678 0 -0.9372836 -0.3485678 0 -0.9372836 -0.1184043 0 -0.9929655 -0.1184043 0 -0.9929655 0 0 -1 0 0 -1 0.9271839 0 0.3746066 0.9271839 0 0.3746066 0.8763074 0 0.4817523 0.8763074 0 0.4817523 0.738455 0 0.6743028 0.738455 0 0.6743028 0.5591936 0 0.8290371 0.5591936 0 0.8290371 0.3485709 0 0.9372824 0.3485709 0 0.9372824 0.118404 0 0.9929655 0.118404 0 0.9929655 0 0 1 0 0 1 -0.1218693 0 0.9925462 -0.1218693 0 0.9925462 -0.3583674 0 0.9335806 -0.3583674 0 0.9335806 -0.5735768 0 0.8191519 -0.5735768 0 0.8191519 -0.75471 0 0.6560586 -0.75471 0 0.6560586 -0.8910058 0 0.4539919 -0.8910058 0 0.4539919 -0.9743705 0 0.2249491 -0.9743705 0 0.2249491 -0.9998477 0 -0.0174517 -0.9998477 0 -0.0174517 -0.965926 0 -0.2588183 -0.965926 0 -0.2588183 -0.9271839 0 -0.3746066 -0.9271839 0 -0.3746066 0 0 1 0 0 1 0.7706001 0 0.637319 0.7932658 -0.01487743 0.6086937 0.8580579 0.003285229 0.5135425 0.911157 -0.007023096 0.4119996 0.9237335 -0.01780098 0.3826221 0.9523324 0.001039803 0.3050604 0.9779967 -9.2792e-4 0.2086184 0.9779107 0 0.2090229 0.7528172 0.01032328 0.6581487 0.6087216 -0.01131701 0.7933032 0.5719091 0.007546067 0.8202823 0.3826698 -0.008208513 0.9238487 0.3572353 0.004104912 0.9340054 0.1305252 -0.00443542 0.991435 0.1214704 0 0.992595 0.9913226 -0.01569956 0.1305105 0.9919306 -0.01416617 0.1259889 0.9991135 0 0.04209655 1 0 0 1 0 0 -0.5712696 0.01238352 -0.8206691 -0.6086583 -0.01857298 -0.793215 -0.7400424 0.01364523 -0.6724218 -0.7931091 -0.0248171 -0.6085738 -0.8648719 0.01655477 -0.5017196 -0.9236013 -0.02449518 -0.3825709 -0.9506005 0.01225656 -0.3101748 -0.9913145 -0.01621794 -0.1305082 -0.9944784 0 -0.1049416 -0.382646 -0.01349234 -0.9237965 -0.3568153 0.006744742 -0.9341506 -0.1305247 -0.007303595 -0.9914182 -0.1213214 0 -0.9926133 -0.7412043 0 -0.6712796 -1 0 0 -1 0 0 -0.991445 0 -0.1305255 -0.991445 0 -0.1305255 -0.9238794 0 -0.3826838 -0.9238794 0 -0.3826838 -0.7933528 0 -0.6087622 -0.7933528 0 -0.6087622 -0.7071072 0 -0.7071063 -0.7071072 0 -0.7071063 -0.7933475 0 -0.6087689 -0.7933475 0 -0.6087689 -0.9238786 0 -0.3826858 -0.9238786 0 -0.3826858 -0.9914463 0 -0.1305156 -0.9914463 0 -0.1305156 -1 0 0 -1 0 0 -0.9914463 0 0.1305156 -0.9914463 0 0.1305156 -0.9238786 0 0.3826858 -0.9238786 0 0.3826858 -0.7933475 0 0.6087689 -0.7933475 0 0.6087689 -0.6087679 0 0.7933483 -0.6087679 0 0.7933483 -0.3826832 0 0.9238796 -0.3826832 0 0.9238796 -0.1305235 0 0.9914453 -0.1305235 0 0.9914453 0 -1 0 0 -1 0 0 -1 0 0 -1 0 0 -1 0 0 -1 0 0 -1 0 0 -1 0 1 0 0 1 0 0 -1 0 0 -1 0 0 0 0 -1 0 0 -1 0 0 -1 0 0 -1 -0.1213214 0 -0.9926133 -0.1305247 0.007303535 -0.9914181 -0.3568153 -0.006744742 -0.9341506 -0.382646 0.01349234 -0.9237965 -0.5712696 -0.01238352 -0.8206691 -0.6086584 0.01857292 -0.793215 -0.6871625 0 -0.7265038 -0.7411427 -0.012892 -0.6712238 -0.7931091 0.02481704 -0.6085738 -0.8648719 -0.01655477 -0.5017196 -0.9236014 0.02449512 -0.3825709 -0.9506005 -0.0122565 -0.3101748 -0.9913146 0.01621788 -0.1305083 -0.9944784 0 -0.1049416 0 -1 0 0 -1 0 0 -1 0 0 -1 0 0 0 1 0 0 1 0 0 -1 0 0 -1 1 0 0 1 0 0 0.7528172 -0.01032328 0.6581487 0.7706003 0 0.6373188 0.7932658 0.01487737 0.6086937 0.8580579 -0.003285229 0.5135425 0.911157 0.007023096 0.4119996 0.9237335 0.01780098 0.3826221 0.9523324 -0.001039803 0.3050604 0.9779967 9.27918e-4 0.2086184 0.9779107 0 0.2090229 0.9913226 0.01569956 0.1305105 0.9919305 0.01416617 0.1259889 0.9991136 0 0.04209655 0.6087215 0.01131701 0.7933033 0.5719091 -0.007546067 0.8202823 0.3826699 0.008208513 0.9238488 0.3572353 -0.004104912 0.9340054 0.1305253 0.00443542 0.9914351 0.1214704 0 0.992595 0.1218693 0 -0.9925462 0.1218693 0 -0.9925462 0.3583666 0 -0.933581 0.3583666 0 -0.933581 0.5735779 0 -0.8191511 0.5735779 0 -0.8191511 0.7547095 0 -0.6560591 0.7547095 0 -0.6560591 0.8910049 0 -0.4539939 0.8910049 0 -0.4539939 0.9743704 0 -0.2249493 0.9743704 0 -0.2249493 0.9998477 0 0.01745426 0.9998477 0 0.01745426 0.9659259 0 0.2588186 0.9659259 0 0.2588186 0.1218693 0 -0.9925462 0.1218693 0 -0.9925462 0.3583674 0 -0.9335806 0.3583674 0 -0.9335806 0.5735767 0 -0.8191519 0.5735767 0 -0.8191519 0.7547095 0 -0.6560591 0.7547095 0 -0.6560591 0.8910058 0 -0.4539918 0.8910058 0 -0.4539918 0.9743699 0 -0.2249518 0.9743699 0 -0.2249518 0.9998477 0 0.01745426 0.9998477 0 0.01745426 0.9659259 0 0.2588186 0.9659259 0 0.2588186 0.1218699 0 -0.9925461 0.1218699 0 -0.9925461 0.3583666 0 -0.933581 0.3583666 0 -0.933581 0.5735779 0 -0.8191511 0.5735779 0 -0.8191511 0.7547095 0 -0.6560591 0.7547095 0 -0.6560591 0.8910049 0 -0.4539939 0.8910049 0 -0.4539939 0.9743704 0 -0.2249493 0.9743704 0 -0.2249493 0.9998477 0 0.01745426 0.9998477 0 0.01745426 0.9659259 0 0.2588186 0.9659259 0 0.2588186 0.121869 0 -0.9925462 0.121869 0 -0.9925462 0.3583682 0 -0.9335803 0.3583682 0 -0.9335803 0.5735754 0 -0.8191527 0.5735754 0 -0.8191527 0.7547095 0 -0.6560591 0.7547095 0 -0.6560591 0.8910068 0 -0.4539898 0.8910068 0 -0.4539898 0.9743699 0 -0.2249518 0.9743699 0 -0.2249518 0.9998477 0 0.0174517 0.9998477 0 0.0174517 0.9659259 0 0.2588186 0.9659259 0 0.2588186 0.1218691 0 -0.9925462 0.1218691 0 -0.9925462 0.3583678 0 -0.9335805 0.3583678 0 -0.9335805 0.5735761 0 -0.8191523 0.5735761 0 -0.8191523 0.7547092 0 -0.6560595 0.7547092 0 -0.6560595 0.8910064 0 -0.4539909 0.8910064 0 -0.4539909 0.97437 0 -0.2249512 0.97437 0 -0.2249512 0.9998477 0 0.01745295 0.9998477 0 0.01745295 0.9659258 0 0.2588192 0.9659258 0 0.2588192 0.1218691 0 -0.9925462 0.1218691 0 -0.9925462 0.3583678 0 -0.9335805 0.3583678 0 -0.9335805 0.5735761 0 -0.8191523 0.5735761 0 -0.8191523 0.7547095 0 -0.6560591 0.7547095 0 -0.6560591 0.8910064 0 -0.4539909 0.8910064 0 -0.4539909 0.9743702 0 -0.2249506 0.9743702 0 -0.2249506 0.9998477 0 0.0174517 0.9998477 0 0.0174517 0.9659256 0 0.2588198 0.9659256 0 0.2588198 -0.7040659 0.7040585 0.09269803 -0.7040624 0.7040624 0.09269469 -0.7040622 0.7040622 -0.09269696 -0.7040666 0.7040582 -0.09269458 -0.6560878 0.7040578 -0.2717565 -0.6560942 0.7040523 -0.2717549 -0.5633963 0.7040521 -0.4323138 -0.5633911 0.7040564 -0.4323137 -0.4323072 0.7040571 -0.5633952 -0.432308 0.7040565 -0.5633954 -0.2717597 0.7040554 -0.656089 -0.2717668 0.7040485 -0.6560934 -0.09269511 0.7040507 -0.704074 -0.09269052 0.7040562 -0.7040692 0.09269326 0.7040559 -0.704069 0.09268999 0.7040504 -0.7040751 0.2717621 0.7040489 -0.6560949 0.2717641 0.7040556 -0.6560868 0.4323076 0.7040565 -0.5633957 0.4323076 0.7040571 -0.5633948 0.5633931 0.7040562 -0.4323114 0.5633907 0.704063 -0.4323033 0.6560811 0.7040649 -0.2717538 0.656086 0.7040574 -0.2717617 0.7040678 0.7040578 -0.0926885 0.7040754 0.7040492 -0.09269577 0.7040758 0.7040496 0.09269016 0.7040665 0.7040582 0.09269523 0.6560883 0.7040579 0.2717548 0.6560764 0.7040678 0.2717577 0.5633832 0.7040665 0.4323073 0.5634016 0.7040516 0.4323077 0.4323132 0.704052 0.5633969 0.432308 0.7040565 0.5633954 0.2717597 0.7040554 0.656089 0.2717601 0.704055 0.6560893 0.09269309 0.7040572 0.7040678 0.09269422 0.7040559 0.704069 -0.09269446 0.7040559 0.704069 -0.09269535 0.7040573 0.7040673 -0.2717598 0.704055 0.6560893 -0.2717599 0.7040553 0.656089 -0.4323107 0.7040562 0.5633937 -0.4323108 0.7040519 0.563399 -0.5633944 0.7040523 0.4323159 -0.5633931 0.7040562 0.4323114 -0.6560909 0.704055 0.2717559 -0.656089 0.704058 0.2717528 -0.7040668 0.7040581 0.09269356 -0.7040689 0.7040557 0.09269553 -0.704069 0.7040559 -0.09269326 -0.7040666 0.7040582 -0.09269458 -0.6560864 0.7040575 -0.2717605 -0.6560844 0.7040591 -0.271761 -0.5633943 0.7040576 -0.4323076 -0.5633964 0.7040559 -0.4323076 -0.4323072 0.7040571 -0.5633952 -0.432308 0.7040565 -0.5633954 -0.2717597 0.7040554 -0.656089 -0.2717639 0.7040512 -0.6560915 -0.0926944 0.7040516 -0.7040733 -0.09269052 0.7040562 -0.7040692 0.09269326 0.7040559 -0.704069 0.09269052 0.7040513 -0.7040741 0.2717629 0.7040513 -0.656092 0.2717633 0.7040529 -0.65609 0.4323077 0.7040526 -0.5634005 0.4323074 0.7040613 -0.5633895 0.5633914 0.7040612 -0.4323054 0.5633926 0.7040575 -0.4323098 0.6560849 0.704059 -0.2717599 0.656086 0.7040574 -0.2717617 0.7040678 0.7040578 -0.0926885 0.7040693 0.7040562 -0.09268987 0.7040693 0.7040562 0.09268927 0.7040675 0.7040579 0.09269028 0.6560869 0.7040576 0.2717589 0.656082 0.7040616 0.27176 0.5633895 0.7040615 0.4323075 0.5633949 0.7040572 0.4323076 0.4323086 0.704056 0.5633956 0.432313 0.7040522 0.5633968 0.2717623 0.7040529 0.6560906 0.2717573 0.7040578 0.6560875 0.09269297 0.7040581 0.7040669 0.09269487 0.7040559 0.704069 -0.09269386 0.7040559 0.704069 -0.09269523 0.7040582 0.7040665 -0.2717589 0.7040576 0.6560869 -0.2717581 0.7040552 0.6560898 -0.4323107 0.7040562 0.5633937 -0.4323108 0.7040519 0.563399 -0.5633969 0.704052 0.4323132 -0.5633935 0.704062 0.4323015 -0.6560834 0.7040615 0.2717574 -0.656086 0.7040574 0.2717617 -0.7040665 0.7040585 0.09269291 -0.7040689 0.7040557 0.09269523 -0.704069 0.7040559 -0.09269356 -0.7040665 0.7040582 -0.09269487 -0.6560866 0.7040576 -0.2717597 -0.6560832 0.7040604 -0.2717605 -0.5633918 0.7040596 -0.4323075 -0.563399 0.7040538 -0.4323077 -0.4323102 0.7040545 -0.563396 -0.4323047 0.7040592 -0.5633944 -0.2717586 0.7040584 -0.6560862 -0.2717628 0.7040543 -0.6560888 -0.09269398 0.7040548 -0.70407 -0.09269303 0.7040559 -0.704069 0.09269326 0.7040559 -0.704069 0.09269255 0.7040547 -0.7040703 0.2717617 0.7040544 -0.6560892 0.2717622 0.704056 -0.6560872 0.4323076 0.7040551 -0.5633973 0.4323076 0.7040586 -0.563393 0.5633921 0.7040593 -0.4323077 0.5633919 0.7040596 -0.4323073 0.6560841 0.7040602 -0.2717587 0.656086 0.7040574 -0.2717617 0.7040677 0.7040578 -0.09268879 0.7040691 0.7040562 -0.09269016 0.7040694 0.7040562 0.09268867 0.7040671 0.7040583 0.09268993 0.6560851 0.7040587 0.2717601 0.6560832 0.7040604 0.2717605 0.5633918 0.7040596 0.4323075 0.5633922 0.7040593 0.4323075 0.432307 0.7040586 0.5633935 0.4323114 0.7040548 0.5633948 0.2717611 0.704056 0.6560877 0.2717594 0.7040575 0.6560867 0.0926907 0.7040579 0.7040674 0.09269237 0.704056 0.7040691 -0.0926916 0.7040561 0.7040692 -0.09269279 0.7040581 0.704067 -0.2717589 0.7040576 0.6560869 -0.2717591 0.7040584 0.6560859 -0.432309 0.7040589 0.5633916 -0.4323092 0.7040545 0.5633969 -0.5633962 0.7040539 0.4323109 -0.5633943 0.7040599 0.432304 -0.6560838 0.7040603 0.2717595 -0.6560848 0.7040587 0.2717611 -0.7040656 0.7040588 0.09269738 -0.7040624 0.7040624 0.09269434 -0.7040622 0.7040622 -0.09269726 -0.7040665 0.7040582 -0.09269487 -0.656088 0.7040579 -0.2717557 -0.656093 0.7040536 -0.2717545 -0.563394 0.7040541 -0.4323138 -0.5633937 0.7040542 -0.4323137 -0.4323102 0.7040545 -0.563396 -0.4323047 0.7040592 -0.5633944 -0.2717586 0.7040584 -0.6560862 -0.2717656 0.7040516 -0.6560905 -0.09269469 0.704054 -0.7040708 -0.09269303 0.7040559 -0.704069 0.09269326 0.7040559 -0.704069 0.09269201 0.7040538 -0.7040713 0.271761 0.704052 -0.6560921 0.2717629 0.7040587 -0.6560841 0.4323075 0.704059 -0.5633925 0.4323077 0.7040544 -0.5633982 0.5633938 0.7040542 -0.4323137 0.56339 0.7040652 -0.4323008 0.6560804 0.7040661 -0.2717525 0.656086 0.7040574 -0.2717617 0.7040677 0.7040578 -0.09268879 0.7040753 0.7040492 -0.09269607 0.7040759 0.7040497 0.09268957 0.7040661 0.7040587 0.09269487 0.6560865 0.704059 0.271756 0.6560776 0.7040666 0.2717582 0.5633856 0.7040646 0.4323074 0.563399 0.7040538 0.4323077 0.4323115 0.7040547 0.5633948 0.4323064 0.7040591 0.5633933 0.2717586 0.7040584 0.6560862 0.2717623 0.7040548 0.6560884 0.09269082 0.704057 0.7040682 0.09269171 0.704056 0.7040692 -0.09269219 0.704056 0.7040691 -0.09269291 0.7040572 0.7040678 -0.2717598 0.704055 0.6560893 -0.2717608 0.7040585 0.6560851 -0.432309 0.7040589 0.5633916 -0.4323092 0.7040545 0.5633969 -0.5633938 0.7040542 0.4323137 -0.5633938 0.7040541 0.4323139 -0.6560913 0.7040538 0.271758 -0.6560878 0.7040593 0.2717523 -0.9914443 0 0.1305305 -0.9914443 0 0.1305305 -0.9914444 0 -0.1305296 -0.9914444 0 -0.1305296 -0.9238836 0 -0.3826736 -0.9238836 0 -0.3826736 -0.7933475 0 -0.6087689 -0.7933475 0 -0.6087689 -0.608761 0 -0.7933537 -0.608761 0 -0.7933537 -0.3826883 0 -0.9238775 -0.3826883 0 -0.9238775 -0.1305235 0 -0.9914453 -0.1305235 0 -0.9914453 0.1305217 0 -0.9914455 0.1305217 0 -0.9914455 0.3826883 0 -0.9238775 0.3826883 0 -0.9238775 0.608761 0 -0.7933537 0.608761 0 -0.7933537 0.7933544 0 -0.60876 0.7933544 0 -0.60876 0.9238786 0 -0.3826858 0.9238786 0 -0.3826858 0.9914444 0 -0.1305296 0.9914444 0 -0.1305296 0.9914443 0 0.1305305 0.9914443 0 0.1305305 0.9238786 0 0.3826858 0.9238786 0 0.3826858 0.7933571 0 0.6087566 0.7933571 0 0.6087566 0.608761 0 0.7933537 0.608761 0 0.7933537 0.3826822 0 0.9238801 0.3826822 0 0.9238801 0.1305287 0 0.9914445 0.1305287 0 0.9914445 -0.1305305 0 0.9914443 -0.1305305 0 0.9914443 -0.3826822 0 0.9238801 -0.3826822 0 0.9238801 -0.608761 0 0.7933537 -0.608761 0 0.7933537 -0.7933502 0 0.6087655 -0.7933502 0 0.6087655 -0.9238836 0 0.3826736 -0.9238836 0 0.3826736 -0.9914443 0 0.1305305 -0.9914443 0 0.1305305 -0.9914444 0 -0.1305296 -0.9914444 0 -0.1305296 -0.9238786 0 -0.3826858 -0.9238786 0 -0.3826858 -0.7933544 0 -0.60876 -0.7933544 0 -0.60876 -0.608761 0 -0.7933537 -0.608761 0 -0.7933537 -0.3826858 0 -0.9238786 -0.3826858 0 -0.9238786 -0.1305235 0 -0.9914453 -0.1305235 0 -0.9914453 0.1305226 0 -0.9914454 0.1305226 0 -0.9914454 0.3826858 0 -0.9238786 0.3826858 0 -0.9238786 0.6087645 0 -0.793351 0.6087645 0 -0.793351 0.793351 0 -0.6087645 0.793351 0 -0.6087645 0.9238786 0 -0.3826858 0.9238786 0 -0.3826858 0.9914454 0 -0.1305226 0.9914454 0 -0.1305226 0.9914453 0 0.1305235 0.9914453 0 0.1305235 0.9238786 0 0.3826858 0.9238786 0 0.3826858 0.7933537 0 0.608761 0.7933537 0 0.608761 0.6087645 0 0.793351 0.6087645 0 0.793351 0.3826797 0 0.9238811 0.3826797 0 0.9238811 0.1305296 0 0.9914444 0.1305296 0 0.9914444 -0.1305305 0 0.9914443 -0.1305305 0 0.9914443 -0.3826797 0 0.9238811 -0.3826797 0 0.9238811 -0.608761 0 0.7933537 -0.608761 0 0.7933537 -0.7933571 0 0.6087566 -0.7933571 0 0.6087566 -0.9238786 0 0.3826858 -0.9238786 0 0.3826858 -0.9914444 0 0.1305301 -0.9914444 0 0.1305301 -0.9914444 0 -0.1305301 -0.9914444 0 -0.1305301 -0.9238786 0 -0.3826858 -0.9238786 0 -0.3826858 -0.7933558 0 -0.6087583 -0.7933558 0 -0.6087583 -0.6087588 0 -0.7933554 -0.6087588 0 -0.7933554 -0.3826858 0 -0.9238786 -0.3826858 0 -0.9238786 -0.130527 0 -0.9914448 -0.130527 0 -0.9914448 0.1305261 0 -0.9914449 0.1305261 0 -0.9914449 0.3826858 0 -0.9238786 0.3826858 0 -0.9238786 0.6087623 0 -0.7933527 0.6087623 0 -0.7933527 0.7933523 0 -0.6087628 0.7933523 0 -0.6087628 0.9238786 0 -0.3826858 0.9238786 0 -0.3826858 0.9914453 0 -0.130523 0.9914453 0 -0.130523 0.9914453 0 0.130523 0.9914453 0 0.130523 0.9238786 0 0.3826858 0.9238786 0 0.3826858 0.7933523 0 0.6087628 0.7933523 0 0.6087628 0.6087645 0 0.793351 0.6087645 0 0.793351 0.3826827 0 0.9238799 0.3826827 0 0.9238799 0.1305261 0 0.9914449 0.1305261 0 0.9914449 -0.130527 0 0.9914448 -0.130527 0 0.9914448 -0.3826827 0 0.9238799 -0.3826827 0 0.9238799 -0.608761 0 0.7933537 -0.608761 0 0.7933537 -0.7933558 0 0.6087583 -0.7933558 0 0.6087583 -0.9238786 0 0.3826858 -0.9238786 0 0.3826858 -0.9914444 0 0.1305301 -0.9914444 0 0.1305301 -0.9914444 0 -0.1305301 -0.9914444 0 -0.1305301 -0.9238836 0 -0.3826736 -0.9238836 0 -0.3826736 -0.7933489 0 -0.6087673 -0.7933489 0 -0.6087673 -0.6087588 0 -0.7933554 -0.6087588 0 -0.7933554 -0.3826883 0 -0.9238775 -0.3826883 0 -0.9238775 -0.130527 0 -0.9914448 -0.130527 0 -0.9914448 0.1305252 0 -0.991445 0.1305252 0 -0.991445 0.3826883 0 -0.9238775 0.3826883 0 -0.9238775 0.6087588 0 -0.7933554 0.6087588 0 -0.7933554 0.7933558 0 -0.6087583 0.7933558 0 -0.6087583 0.9238786 0 -0.3826858 0.9238786 0 -0.3826858 0.9914444 0 -0.1305301 0.9914444 0 -0.1305301 0.9914444 0 0.1305301 0.9914444 0 0.1305301 0.9238786 0 0.3826858 0.9238786 0 0.3826858 0.7933558 0 0.6087583 0.7933558 0 0.6087583 0.608761 0 0.7933537 0.608761 0 0.7933537 0.3826853 0 0.9238788 0.3826853 0 0.9238788 0.1305252 0 0.991445 0.1305252 0 0.991445 -0.130527 0 0.9914448 -0.130527 0 0.9914448 -0.3826853 0 0.9238788 -0.3826853 0 0.9238788 -0.608761 0 0.7933537 -0.608761 0 0.7933537 -0.7933489 0 0.6087673 -0.7933489 0 0.6087673 -0.9238836 0 0.3826736 -0.9238836 0 0.3826736 0.7040609 -0.7040649 0.09268754 0.704069 -0.7040559 0.09269523 0.7040693 -0.7040562 -0.09268897 0.70406 -0.7040649 -0.09269404 0.6560819 -0.7040644 -0.2717531 0.6560716 -0.7040732 -0.2717557 0.5633804 -0.7040712 -0.4323033 0.5633938 -0.7040603 -0.4323037 0.4323062 -0.7040612 -0.5633908 0.4323008 -0.7040658 -0.5633892 0.2717561 -0.704065 -0.6560801 0.2717631 -0.7040582 -0.6560844 0.09269261 -0.7040606 -0.7040645 0.09269088 -0.7040627 -0.7040627 -0.09269362 -0.7040625 -0.7040625 -0.09269243 -0.7040605 -0.7040646 -0.2717585 -0.7040586 -0.656086 -0.2717604 -0.7040653 -0.656078 -0.4323036 -0.7040656 -0.5633873 -0.4323037 -0.704061 -0.563393 -0.5633887 -0.7040609 -0.4323096 -0.5633887 -0.7040606 -0.4323099 -0.6560856 -0.7040604 -0.2717546 -0.6560829 -0.7040646 -0.2717502 -0.7040594 -0.704065 -0.0926969 -0.7040559 -0.704069 -0.0926935 -0.7040557 -0.7040688 0.09269613 -0.7040596 -0.7040653 0.09269398 -0.6560805 -0.7040656 0.2717535 -0.656087 -0.7040602 0.2717519 -0.5633887 -0.7040606 0.4323098 -0.5633885 -0.7040608 0.4323098 -0.4323076 -0.7040613 0.5633896 -0.4323024 -0.7040657 0.5633881 -0.2717561 -0.704065 0.6560801 -0.2717598 -0.7040615 0.6560824 -0.09269118 -0.7040638 0.7040615 -0.09269219 -0.7040626 0.7040626 0.09269011 -0.7040627 0.7040627 0.0926907 -0.7040638 0.7040616 0.2717573 -0.7040617 0.6560832 0.2717583 -0.7040652 0.6560791 0.4323051 -0.7040655 0.5633863 0.4323052 -0.7040611 0.5633917 0.5633887 -0.7040609 0.4323096 0.5633848 -0.7040718 0.4322968 0.6560739 -0.7040728 0.2717508 0.6560787 -0.7040653 0.2717586 0.7040612 -0.7040644 0.0926882 0.7040689 -0.7040559 0.09269553 0.7040693 -0.7040563 -0.09268867 0.7040601 -0.7040648 -0.09269374 0.6560817 -0.7040644 -0.271754 0.6560727 -0.7040719 -0.2717561 0.5633828 -0.7040693 -0.4323034 0.5633912 -0.7040624 -0.4323037 0.4323032 -0.7040637 -0.5633899 0.432304 -0.7040631 -0.5633902 0.2717572 -0.7040619 -0.656083 0.2717643 -0.7040552 -0.6560873 0.09269309 -0.7040572 -0.7040678 0.09268838 -0.7040628 -0.7040628 -0.09269362 -0.7040625 -0.7040625 -0.0926904 -0.704057 -0.7040683 -0.2717596 -0.7040555 -0.6560888 -0.2717616 -0.7040622 -0.6560809 -0.4323036 -0.7040631 -0.5633904 -0.4323036 -0.7040637 -0.5633896 -0.5633879 -0.7040628 -0.4323073 -0.5633894 -0.7040585 -0.4323124 -0.6560865 -0.7040593 -0.2717559 -0.6560829 -0.7040646 -0.2717502 -0.7040595 -0.704065 -0.0926966 -0.704056 -0.7040691 -0.0926932 -0.7040557 -0.7040688 0.09269672 -0.70406 -0.7040649 0.0926944 -0.6560822 -0.7040646 0.2717523 -0.6560858 -0.7040615 0.2717514 -0.5633864 -0.7040626 0.4323098 -0.5633912 -0.7040587 0.4323098 -0.4323092 -0.7040587 0.5633917 -0.432304 -0.7040631 0.5633902 -0.2717572 -0.7040619 0.656083 -0.2717575 -0.7040616 0.6560832 -0.09269344 -0.704064 0.704061 -0.09269469 -0.7040624 0.7040624 0.09269237 -0.7040625 0.7040625 0.0926932 -0.7040639 0.7040611 0.2717573 -0.7040617 0.6560832 0.2717574 -0.7040619 0.6560829 0.4323067 -0.7040628 0.5633884 0.4323068 -0.7040585 0.5633938 0.5633893 -0.7040589 0.4323119 0.5633841 -0.7040739 0.4322943 0.6560736 -0.704074 0.2717487 0.65608 -0.704064 0.2717592 0.7040612 -0.7040644 0.0926882 0.7040627 -0.7040628 0.09268969 0.7040628 -0.7040628 -0.09268784 0.7040611 -0.7040646 -0.09268879 0.6560803 -0.7040641 -0.271758 0.6560783 -0.7040657 -0.2717585 0.563389 -0.7040643 -0.4323036 0.5633844 -0.704068 -0.4323034 0.4322987 -0.7040676 -0.5633886 0.432309 -0.7040588 -0.5633916 0.2717598 -0.7040595 -0.6560845 0.2717615 -0.7040579 -0.6560856 0.09269297 -0.7040581 -0.7040669 0.09268903 -0.7040628 -0.7040628 -0.09269303 -0.7040625 -0.7040625 -0.09269028 -0.7040579 -0.7040674 -0.2717587 -0.7040581 -0.6560865 -0.2717599 -0.7040621 -0.6560816 -0.4323036 -0.7040631 -0.5633904 -0.4323036 -0.7040637 -0.5633896 -0.5633903 -0.7040626 -0.4323046 -0.5633897 -0.7040643 -0.4323025 -0.6560789 -0.7040656 -0.2717574 -0.65608 -0.704064 -0.2717592 -0.7040604 -0.7040647 -0.09269213 -0.7040625 -0.7040625 -0.09269404 -0.7040625 -0.7040625 0.09269303 -0.70406 -0.7040649 0.0926944 -0.6560809 -0.7040643 0.2717564 -0.656076 -0.7040683 0.2717575 -0.5633842 -0.7040681 0.4323035 -0.5633965 -0.7040582 0.4323038 -0.4323092 -0.7040587 0.5633917 -0.432304 -0.7040631 0.5633902 -0.2717572 -0.7040619 0.656083 -0.2717547 -0.7040643 0.6560814 -0.09269273 -0.7040647 0.7040603 -0.09269469 -0.7040624 0.7040624 0.09269237 -0.7040625 0.7040625 0.09269374 -0.7040648 0.7040601 0.271758 -0.7040641 0.6560803 0.2717566 -0.7040593 0.6560861 0.4323068 -0.704059 0.5633931 0.4323067 -0.7040627 0.5633885 0.5633875 -0.7040639 0.432306 0.563386 -0.7040683 0.4323008 0.6560773 -0.7040681 0.2717549 0.65608 -0.704064 0.2717592 0.7040609 -0.7040649 0.09268754 0.7040628 -0.7040628 0.09268933 0.7040628 -0.7040628 -0.09268814 0.704061 -0.7040646 -0.09268915 0.6560806 -0.7040642 -0.2717572 0.6560772 -0.7040671 -0.271758 0.5633866 -0.7040662 -0.4323035 0.563387 -0.7040659 -0.4323035 0.4323016 -0.704065 -0.5633894 0.4323058 -0.7040616 -0.5633907 0.2717586 -0.7040625 -0.6560816 0.2717603 -0.7040609 -0.6560828 0.09269255 -0.7040614 -0.7040637 0.09269154 -0.7040627 -0.7040626 -0.09269303 -0.7040625 -0.7040625 -0.09269237 -0.7040614 -0.7040637 -0.2717576 -0.7040612 -0.6560837 -0.2717587 -0.7040652 -0.6560789 -0.4323036 -0.7040656 -0.5633873 -0.4323037 -0.704061 -0.563393 -0.563391 -0.7040606 -0.4323069 -0.563389 -0.7040664 -0.4323 -0.6560781 -0.7040668 -0.2717562 -0.65608 -0.704064 -0.2717592 -0.7040603 -0.7040647 -0.09269243 -0.7040625 -0.7040624 -0.0926944 -0.7040625 -0.7040625 0.09269237 -0.7040596 -0.7040653 0.09269398 -0.6560791 -0.7040653 0.2717575 -0.6560772 -0.7040671 0.271758 -0.5633866 -0.7040662 0.4323035 -0.5633938 -0.7040603 0.4323037 -0.4323076 -0.7040613 0.5633896 -0.4323024 -0.7040657 0.5633881 -0.2717561 -0.704065 0.6560801 -0.2717569 -0.7040642 0.6560807 -0.09269046 -0.7040646 0.7040607 -0.09269219 -0.7040626 0.7040626 0.09269011 -0.7040627 0.7040627 0.09269124 -0.7040647 0.7040606 0.271758 -0.7040641 0.6560803 0.2717576 -0.7040625 0.6560822 0.4323052 -0.7040616 0.5633911 0.432305 -0.7040654 0.5633864 0.5633869 -0.7040659 0.4323037 0.5633867 -0.7040662 0.4323033 0.6560777 -0.7040669 0.271757 0.6560787 -0.7040653 0.2717586 0 -1 0 0 -1 0 0 -1 0 0 -1 0 0 -1 0 0 -1 0 0 -1 0 0 -1 0 0 -1 0 0 -1 0 0 -1 0 0 -1 0 0 -1 0 0 -1 0 0 -1 0 0 -1 0 0 -1 0 0 -1 0 0 -1 0 0 -1 0 0 -1 0 0 -1 0 0 -1 0 0 -1 0 0 -1 0 0 -1 0 0 -1 0 0 -1 0 0 -1 0 0 -1 0 0 -1 0 0 -1 0 0 -1 0 0 -1 0 0 -1 0 0 -1 0 0 -1 0 0 -1 0 0 -1 0 0 -1 0 0 -1 0 0 -1 0 0 -1 0 0 -1 0 0 -1 0 0 -1 0 0 -1 0 0 -1 0 0 -1 0 0 -1 0 0 -1 0 0 -1 0 0 -1 0 0 -1 0 0 -1 0 0 -1 0 0 -1 0 0 -1 0 0 -1 0 0 -1 0 0 -1 0 0 -1 0 0 -1 0 0 -1 0 0 -1 0 0 -1 0 0 -1 0 0 -1 0 0 -1 0 0 -1 0 0 -1 0 0 -1 0 0 -1 0 0 -1 0 0 -1 0 0 -1 0 0 -1 0 0 -1 0 0 -1 0 0 -1 0 0 -1 0 0 -1 0 0 -1 0 0 -1 0 0 -1 0 0 -1 0 0 -1 0 0 -1 0 0 -1 0 0 -1 0 0 -1 0 0 -1 0 0 -1 0 0 -1 0 0 -1 0 0 -1 0 0 -1 0 0 -1 0 0 -1 0 0 -1 0 0 -1 0 0 -1 0 0 -1 0 0 -1 0 0 -1 0 0 -1 0 0 -1 0 0 -1 0 0 -1 0 0 -1 0 0 -1 0 0 -1 0 0 -1 0 0 -1 0 0 -1 0 0 -1 0 0 -1 0 0 -1 0 0 -1 0 0 -1 0 0 -1 0 0 -1 0 0 -1 0 0 -1 0 0 -1 0 0 -1 0 0 -1 0 0 -1 0 0 -1 0 0 -1 0 0 -1 0 0 -1 0 0 -1 0 0 -1 0 0 -1 0 0 -1 0 0 -1 0 0 -1 0 0 -1 0 0 -1 0 0 -1 0 0 -1 0 0 -1 0 0 -1 0 0 -1 0 0 -1 0 0 -1 0 0 -1 0 0 -1 0 0 -1 0 0 -1 0 0 -1 0 0 -1 0 0 -1 0 0 -1 0 0 -1 0 0 -1 0 0 -1 0 0 -1 0 0 -1 0 0 -1 0 0 -1 0 0 -1 0 0 -1 0 0 -1 0 0 -1 0 0 -1 0 0 -1 0 0 -1 0 0 -1 0 0 -1 0 0 -1 0 0 -1 0 0 -1 0 0 -1 0 0 -1 0 0 -1 0 0 -1 0 0 -1 0 0 -1 0 0 -1 0 0 -1 0 0 -1 0 0 -1 0 0 -1 0 0 -1 0 0 -1 0 0 -1 0 0 -1 0 0 -1 0 0 -1 0 0 -1 0 0 -1 0 0 -1 0 0 -1 0 0 -1 0 0 -1 0 0 -1 0 0 -1 0 0 -1 0 0 -1 0 0 -1 0 0 -1 0 0 -1 0 0 -1 0 0 -1 0 0 -1 0 0 -1 0 0 -1 0 0 -1 0 0 -1 0 0 -1 0 0 -1 0 0 -1 0 0 -1 0 0 -1 0 0 -1 0 0 -1 0 0 -1 0 0 -1 0 0 -1 0 0 -1 0 0 -1 0 0 -1 0 0 -1 0 0 -1 0 0 -1 0 0 -1 0 0 -1 0 0 -1 0 0 -1 0 0 -1 0 0 -1 0 0 -1 0 0 -1 0 0 -1 0 0 -1 0 0 -1 0 0 -1 0 0 -1 0 0 -1 0 0 -1 0 0 -1 0 0 -1 0 0 -1 0 0 -1 0 0 -1 0 0 -1 0 0 -1 0 0 -1 0 0 -1 0 0 -1 0 0 -1 0 0 -1 0 0 -1 0 0 -1 0 0 -1 0 0 -1 0 0 -1 0 0 -1 0 0 -1 0 0 -1 0 0 -1 0 0 -1 0 0 -1 0 0 -1 0 0 -1 0 0 -1 0 0 -1 0 0 -1 0 0 -1 0 0 -1 0 0 -1 0 0 -1 0 0 -1 0 0 -1 0 0 -1 0 0 -1 0 0 -1 0 0 -1 0 0 -1 0 0 -1 0 0 -1 0 0 -1 0 0 -1 0 0 -1 0 0 -1 0 0 -1 0 0 -1 0 0 -1 0 0 -1 0 0 -1 0 0 -1 0 0 -1 0 0 -1 0 0 -1 0 0 -1 0 0 -1 0 0 -1 0 0 -1 0 0 -1 0 0 -1 0 0 -1 0 0 -1 0 0 -1 0 0 -1 0 0 -1 0 0 -1 0 0 -1 0 0 -1 0 0 -1 0 0 -1 0 0 -1 0 0 -1 0 0 -1 0 0 -1 0 0 -1 0 0 -1 0 0 -1 0 0 -1 0 0 -1 0 0 -1 0 0 -1 0 0 -1 0 0 -1 0 0 -1 0 0 -1 0 0 -1 0 0 -1 0 0 -1 0 0 -1 0 0 -1 0 -0.8763071 0 -0.481753 -0.8763071 0 -0.481753 -0.7384549 0 -0.6743028 -0.7384549 0 -0.6743028 -0.559194 0 -0.8290369 -0.559194 0 -0.8290369 -0.3485688 0 -0.9372832 -0.3485688 0 -0.9372832 -0.118404 0 -0.9929655 -0.118404 0 -0.9929655 0 0 -1 0 0 -1 0.9271838 0 0.3746066 0.9271838 0 0.3746066 0.8763066 0 0.4817538 0.8763066 0 0.4817538 0.7384552 0 0.6743025 0.7384552 0 0.6743025 0.5591936 0 0.8290371 0.5591936 0 0.8290371 0.3485711 0 0.9372823 0.3485711 0 0.9372823 0.118404 0 0.9929655 0.118404 0 0.9929655 0 0 1 0 0 1 -0.1218691 0 0.9925462 -0.1218691 0 0.9925462 -0.3583682 0 0.9335803 -0.3583682 0 0.9335803 -0.5735761 0 0.8191523 -0.5735761 0 0.8191523 -0.7547094 0 0.6560593 -0.7547094 0 0.6560593 -0.8910068 0 0.4539898 -0.8910068 0 0.4539898 -0.9743699 0 0.2249515 -0.9743699 0 0.2249515 -0.9998477 0 -0.01745301 -0.9998477 0 -0.01745301 -0.9659261 0 -0.2588183 -0.9659261 0 -0.2588183 -0.9271838 0 -0.3746066 -0.9271838 0 -0.3746066 -0.8763072 0 -0.4817528 -0.8763072 0 -0.4817528 -0.7384549 0 -0.6743028 -0.7384549 0 -0.6743028 -0.5591942 0 -0.8290367 -0.5591942 0 -0.8290367 -0.3485686 0 -0.9372833 -0.3485686 0 -0.9372833 -0.118404 0 -0.9929655 -0.118404 0 -0.9929655 0 0 -1 0 0 -1 0.9271838 0 0.3746066 0.9271838 0 0.3746066 0.8763063 0 0.4817544 0.8763063 0 0.4817544 0.7384549 0 0.6743028 0.7384549 0 0.6743028 0.5591949 0 0.8290363 0.5591949 0 0.8290363 0.348571 0 0.9372824 0.348571 0 0.9372824 0.118404 0 0.9929655 0.118404 0 0.9929655 0 0 1 0 0 1 -0.121869 0 0.9925462 -0.121869 0 0.9925462 -0.3583682 0 0.9335803 -0.3583682 0 0.9335803 -0.5735767 0 0.8191519 -0.5735767 0 0.8191519 -0.7547088 0 0.65606 -0.7547088 0 0.65606 -0.8910068 0 0.4539898 -0.8910068 0 0.4539898 -0.9743705 0 0.2249491 -0.9743705 0 0.2249491 -0.9998477 0 -0.0174492 -0.9998477 0 -0.0174492 -0.9659261 0 -0.2588183 -0.9659261 0 -0.2588183 -0.9271838 0 -0.3746066 -0.9271838 0 -0.3746066 -0.8763067 0 -0.4817538 -0.8763067 0 -0.4817538 -0.7384549 0 -0.6743028 -0.7384549 0 -0.6743028 -0.5591936 0 -0.8290371 -0.5591936 0 -0.8290371 -0.3485686 0 -0.9372833 -0.3485686 0 -0.9372833 -0.118404 0 -0.9929655 -0.118404 0 -0.9929655 0 0 -1 0 0 -1 0.9271838 0 0.3746066 0.9271838 0 0.3746066 0.8763069 0 0.4817534 0.8763069 0 0.4817534 0.7384549 0 0.6743028 0.7384549 0 0.6743028 0.5591936 0 0.8290371 0.5591936 0 0.8290371 0.3485714 0 0.9372822 0.3485714 0 0.9372822 0.118404 0 0.9929655 0.118404 0 0.9929655 0 0 1 0 0 1 -0.1218691 0 0.9925462 -0.1218691 0 0.9925462 -0.358368 0 0.9335804 -0.358368 0 0.9335804 -0.5735761 0 0.8191523 -0.5735761 0 0.8191523 -0.7547097 0 0.6560589 -0.7547097 0 0.6560589 -0.8910067 0 0.4539903 -0.8910067 0 0.4539903 -0.9743701 0 0.2249509 -0.9743701 0 0.2249509 -0.9998477 0 -0.01745235 -0.9998477 0 -0.01745235 -0.9659259 0 -0.2588189 -0.9659259 0 -0.2588189 -0.9271838 0 -0.3746066 -0.9271838 0 -0.3746066 -0.8763089 0 -0.4817498 -0.8763089 0 -0.4817498 -0.7384536 0 -0.6743043 -0.7384536 0 -0.6743043 -0.5591936 0 -0.8290371 -0.5591936 0 -0.8290371 -0.3485695 0 -0.937283 -0.3485695 0 -0.937283 -0.1184037 0 -0.9929656 -0.1184037 0 -0.9929656 0 0 -1 0 0 -1 0.9271838 0 0.3746066 0.9271838 0 0.3746066 0.8763063 0 0.4817544 0.8763063 0 0.4817544 0.7384563 0 0.6743014 0.7384563 0 0.6743014 0.5591936 0 0.8290371 0.5591936 0 0.8290371 0.3485701 0 0.9372827 0.3485701 0 0.9372827 0.1184043 0 0.9929655 0.1184043 0 0.9929655 0 0 1 0 0 1 -0.1218693 0 0.9925462 -0.1218693 0 0.9925462 -0.3583682 0 0.9335803 -0.3583682 0 0.9335803 -0.5735754 0 0.8191527 -0.5735754 0 0.8191527 -0.7547101 0 0.6560585 -0.7547101 0 0.6560585 -0.8910068 0 0.4539898 -0.8910068 0 0.4539898 -0.9743694 0 0.2249539 -0.9743694 0 0.2249539 -0.9998477 0 -0.01745426 -0.9998477 0 -0.01745426 -0.9659261 0 -0.2588183 -0.9659261 0 -0.2588183 -0.9271838 0 -0.3746066 -0.9271838 0 -0.3746066 -0.8763067 0 -0.4817538 -0.8763067 0 -0.4817538 -0.7384536 0 -0.6743043 -0.7384536 0 -0.6743043 -0.5591936 0 -0.8290371 -0.5591936 0 -0.8290371 -0.3485695 0 -0.937283 -0.3485695 0 -0.937283 -0.118404 0 -0.9929655 -0.118404 0 -0.9929655 0 0 -1 0 0 -1 0.9271838 0 0.3746066 0.9271838 0 0.3746066 0.8763063 0 0.4817544 0.8763063 0 0.4817544 0.7384563 0 0.6743014 0.7384563 0 0.6743014 0.5591936 0 0.8290371 0.5591936 0 0.8290371 0.3485701 0 0.9372827 0.3485701 0 0.9372827 0.1184043 0 0.9929655 0.1184043 0 0.9929655 0 0 1 0 0 1 -0.1218693 0 0.9925462 -0.1218693 0 0.9925462 -0.3583682 0 0.9335803 -0.3583682 0 0.9335803 -0.5735754 0 0.8191527 -0.5735754 0 0.8191527 -0.7547101 0 0.6560585 -0.7547101 0 0.6560585 -0.8910068 0 0.4539898 -0.8910068 0 0.4539898 -0.9743694 0 0.2249539 -0.9743694 0 0.2249539 -0.9998477 0 -0.01745426 -0.9998477 0 -0.01745426 -0.9659261 0 -0.2588183 -0.9659261 0 -0.2588183 -0.9271838 0 -0.3746066 -0.9271838 0 -0.3746066 -0.8763067 0 -0.4817538 -0.8763067 0 -0.4817538 -0.7384563 0 -0.6743014 -0.7384563 0 -0.6743014 -0.5591936 0 -0.8290371 -0.5591936 0 -0.8290371 -0.3485678 0 -0.9372836 -0.3485678 0 -0.9372836 -0.1184043 0 -0.9929655 -0.1184043 0 -0.9929655 0 0 -1 0 0 -1 0.9271838 0 0.3746066 0.9271838 0 0.3746066 0.8763074 0 0.4817523 0.8763074 0 0.4817523 0.7384549 0 0.6743028 0.7384549 0 0.6743028 0.5591936 0 0.8290371 0.5591936 0 0.8290371 0.348571 0 0.9372824 0.348571 0 0.9372824 0.118404 0 0.9929655 0.118404 0 0.9929655 0 0 1 0 0 1 -0.1218693 0 0.9925462 -0.1218693 0 0.9925462 -0.3583674 0 0.9335806 -0.3583674 0 0.9335806 -0.5735767 0 0.8191519 -0.5735767 0 0.8191519 -0.7547101 0 0.6560585 -0.7547101 0 0.6560585 -0.8910058 0 0.4539918 -0.8910058 0 0.4539918 -0.9743705 0 0.2249491 -0.9743705 0 0.2249491 -0.9998477 0 -0.0174517 -0.9998477 0 -0.0174517 -0.9659261 0 -0.2588183 -0.9659261 0 -0.2588183 -0.9271838 0 -0.3746066 -0.9271838 0 -0.3746066 0 0 1 0 0 1 1 0 0 1 0 0 0.5712708 -0.01238369 -0.8206683 0.6086583 0.01857167 -0.793215 0.687157 0 -0.7265089 0.7411412 -0.01289302 -0.6712254 0.793108 0.02481621 -0.6085753 0.8648706 -0.01655554 -0.5017218 0.9236022 0.02449578 -0.3825689 0.9506015 -0.01225608 -0.3101721 0.9913146 0.01621788 -0.1305082 0.9944784 0 -0.1049416 0.382646 0.01349234 -0.9237965 0.3568145 -0.006745398 -0.9341509 0.1305244 0.007303297 -0.9914182 0.1213214 0 -0.9926133 -1 0 0 -1 0 0 -0.991445 0 -0.1305255 -0.991445 0 -0.1305255 -0.9238795 0 -0.3826838 -0.9238795 0 -0.3826838 -0.7933528 0 -0.6087622 -0.7933528 0 -0.6087622 -0.7071072 0 -0.7071063 -0.7071072 0 -0.7071063 -0.7933475 0 -0.6087689 -0.7933475 0 -0.6087689 -0.9238786 0 -0.3826858 -0.9238786 0 -0.3826858 -0.9914463 0 -0.1305156 -0.9914463 0 -0.1305156 -1 0 0 -1 0 0 -0.9914463 0 0.1305156 -0.9914463 0 0.1305156 -0.9238786 0 0.3826858 -0.9238786 0 0.3826858 -0.7933475 0 0.6087689 -0.7933475 0 0.6087689 -0.6087679 0 0.7933483 -0.6087679 0 0.7933483 -0.3826832 0 0.9238796 -0.3826832 0 0.9238796 -0.1305235 0 0.9914453 -0.1305235 0 0.9914453 0 1 0 0 1 0 0 1 0 0 1 0 0 1 0 0 1 0 0 1 0 0 1 0 0 1 0 0 1 0 0 1 0 0 1 0 0 1 0 0 1 0 0 1 0 0 1 0 0 1 0 0 1 0 0 1 0 0 1 0 0 1 0 0 1 0 0 1 0 0 1 0 0 1 0 0 1 0 0 1 0 0 1 0 0 1 0 0 1 0 0 1 0 0 1 0 0 1 0 0 1 0 0 1 0 0 1 0 0 1 0 0 1 0 0 1 0 0 1 0 0 1 0 0 1 0 0 1 0 0 1 0 0 1 0 0 1 0 0 1 0 0 1 0 0 1 0 0 1 0 0 1 0 0 1 0 0 1 0 0 1 0 0 1 0 0 1 0 0 1 0 0 1 0 0 1 0 0 1 0 0 1 0 0 1 0 0 1 0 0 1 0 0 1 0 0 1 0 0 1 0 0 1 0 0 1 0 0 1 0 0 1 0 0 1 0 0 1 0 0 1 0 0 1 0 0 1 0 0 1 0 0 1 0 0 1 0 0 1 0 0 1 0 0 1 0 0 1 0 0 1 0 0 1 0 0 1 0 0 1 0 0 1 0 0 1 0 0 1 0 0 1 0 0 1 0 0 1 0 0 1 0 0 1 0 0 1 0 0 1 0 0 1 0 0 1 0 0 1 0 0 1 0 0 1 0 0 1 0 0 1 0 0 1 0 0 1 0 0 1 0 0 1 0 0 1 0 0 1 0 0 1 0 0 1 0 0 1 0 0 1 0 0 1 0 0 1 0 0 1 0 0 1 0 0 1 0 0 1 0 0 1 0 0 1 0 0 1 0 0 1 0 0 1 0 0 1 0 0 1 0 0 1 0 0 1 0 0 1 0 0 1 0 0 1 0 0 1 0 0 1 0 0 1 0 0 1 0 0 1 0 0 1 0 0 1 0 0 1 0 0 1 0 0 1 0 0 1 0 0 1 0 0 1 0 0 1 0 0 1 0 0 1 0 0 1 0 0 1 0 0 1 0 0 1 0 0 1 0 0 1 0 0 1 0 0 1 0 0 1 0 0 1 0 0 1 0 0 1 0 0 1 0 0 1 0 0 1 0 0 1 0 0 1 0 0 1 0 0 1 0 0 1 0 0 1 0 0 1 0 0 1 0 0 1 0 0 1 0 0 1 0 0 1 0 0 1 0 0 1 0 0 1 0 0 1 0 0 1 0 0 1 0 0 1 0 0 1 0 0 1 0 0 1 0 0 1 0 0 1 0 0 1 0 0 1 0 0 1 0 0 1 0 0 1 0 0 1 0 0 1 0 0 1 0 0 1 0 0 1 0 0 1 0 0 1 0 0 1 0 0 1 0 0 1 0 0 1 0 0 1 0 0 1 0 0 1 0 0 1 0 0 1 0 0 1 0 0 1 0 0 1 0 0 1 0 0 1 0 0 1 0 0 1 0 0 1 0 0 1 0 0 1 0 0 1 0 0 1 0 0 1 0 0 1 0 0 1 0 0 1 0 0 1 0 0 1 0 0 1 0 0 1 0 0 1 0 0 1 0 0 1 0 0 1 0 0 1 0 0 1 0 0 1 0 0 1 0 0 1 0 0 1 0 0 1 0 0 1 0 0 1 0 0 1 0 0 1 0 0 1 0 0 1 0 0 1 0 0 1 0 0 1 0 0 1 0 0 1 0 0 1 0 0 1 0 0 1 0 0 1 0 0 1 0 0 1 0 0 1 0 0 1 0 0 1 0 0 1 0 0 1 0 0 1 0 0 1 0 0 1 0 0 1 0 0 1 0 0 1 0 0 1 0 0 1 0 0 1 0 0 1 0 0 1 0 0 1 0 0 1 0 0 1 0 0 1 0 0 1 0 0 1 0 0 1 0 0 1 0 0 1 0 0 1 0 0 1 0 0 1 0 0 1 0 0 1 0 0 1 0 0 1 0 0 1 0 0 1 0 0 1 0 0 1 0 0 1 0 0 1 0 0 1 0 0 1 0 0 1 0 0 1 0 0 1 0 0 1 0 0 1 0 0 1 0 0 1 0 0 1 0 0 1 0 0 1 0 0 1 0 0 1 0 0 1 0 0 1 0 0 1 0 0 1 0 0 1 0 0 1 0 0 1 0 0 1 0 0 1 0 0 1 0 0 1 0 0 1 0 0 1 0 0 1 0 0 1 0 0 1 0 0 1 0 0 1 0 0 1 0 0 1 0 0 1 0 0 1 0</float_array>
          <technique_common>
            <accessor source="#Shell_Side-mesh-normals-array" count="3408" stride="3">
              <param name="X" type="float"/>
              <param name="Y" type="float"/>
              <param name="Z" type="float"/>
            </accessor>
          </technique_common>
        </source>
        <source id="Shell_Side-mesh-map-0">
          <float_array id="Shell_Side-mesh-map-0-array" count="20448">0.1086627 0.9213169 0.1086627 0.9621433 0.1086045 0.9208411 0.1086045 0.9208411 0.1086627 0.9621433 0.1086045 0.9626191 0.1086045 0.9208411 0.1086045 0.9626191 0.1084335 0.9203934 0.1084335 0.9203934 0.1086045 0.9626191 0.1084335 0.9630668 0.1084335 0.9203934 0.1084335 0.9630668 0.1081596 0.9199999 0.1081596 0.9199999 0.1084335 0.9630668 0.1081596 0.9634602 0.1081596 0.9199999 0.1081596 0.9634602 0.1076749 0.9634602 0.1076749 0.9634602 0.1076749 0.9199999 0.1081596 0.9199999 0.1156446 0.8797088 0.1156446 0.8793395 0.1156941 0.8797088 0.1156941 0.8797088 0.1156446 0.8793395 0.1156941 0.8793395 0.1149367 0.9371871 0.1149367 0.9368534 0.1149861 0.9371871 0.1149861 0.9371871 0.1149367 0.9368534 0.1149861 0.9368534 0.1149367 0.9368534 0.1149367 0.9053248 0.1149861 0.9368534 0.1149861 0.9368534 0.1149367 0.9053248 0.1149861 0.9053248 0.1097182 0.9224694 0.1097182 0.8928516 0.1103273 0.9224694 0.1103273 0.9224694 0.1097182 0.8928516 0.1103273 0.8928516 0.1097182 0.8928516 0.1097182 0.8924664 0.1103273 0.8928516 0.1103273 0.8928516 0.1097182 0.8924664 0.1103273 0.8924342 0.1103273 0.8924342 0.1097182 0.8924664 0.1097182 0.8920238 0.1103273 0.8924342 0.1097182 0.8920238 0.1103273 0.8919529 0.1103273 0.8919529 0.1097182 0.8920238 0.1097182 0.89155 0.1103273 0.8919529 0.1097182 0.89155 0.1103273 0.8914399 0.1103273 0.8914399 0.1097182 0.89155 0.1096687 0.89155 0.1103273 0.8914399 0.1096687 0.89155 0.1096687 0.8911365 0.1103273 0.8914399 0.1096687 0.8911365 0.1103273 0.8909307 0.1103273 0.8909307 0.1096687 0.8911365 0.1096687 0.8907387 0.1103273 0.8909307 0.1096687 0.8907387 0.1103273 0.8904595 0.1103273 0.8904595 0.1096687 0.8907387 0.1096687 0.8903741 0.1103273 0.8904595 0.1096687 0.8903741 0.1103273 0.8900588 0.1103273 0.8900588 0.1096687 0.8903741 0.1096687 0.8900588 0.1143276 0.9017165 0.1143276 0.9348285 0.1142782 0.9017165 0.1142782 0.9017165 0.1143276 0.9348285 0.1142782 0.9348285 0.1142782 0.9351112 0.1142782 0.9348285 0.1143276 0.9351112 0.1143276 0.9351112 0.1142782 0.9348285 0.1143276 0.9348285 0.1103273 0.9093576 0.1103273 0.8737491 0.1103767 0.9093576 0.1103767 0.9093576 0.1103273 0.8737491 0.1103767 0.8737491 0.1103273 0.909783 0.1104567 0.9097055 0.1103273 0.955426 0.1103273 0.955426 0.1104567 0.9097055 0.1105942 0.9096434 0.1103273 0.955426 0.1105942 0.9096434 0.1107379 0.955426 0.1107379 0.955426 0.1105942 0.9096434 0.1107379 0.9095973 0.07854592 0.9641187 0.0782386 0.9643971 0.07806122 0.9641187 0.07806122 0.9641187 0.0782386 0.9643971 0.07787996 0.9646051 0.07806122 0.9641187 0.07787996 0.9646051 0.07748579 0.9647337 0.07806122 0.9641187 0.07748579 0.9647337 0.07678538 0.9633185 0.07678538 0.9633185 0.07748579 0.9647337 0.07707351 0.9647772 0.07678538 0.9633185 0.07707351 0.9647772 0.07671302 0.9634932 0.07671302 0.9634932 0.07707351 0.9647772 0.07659792 0.9636432 0.07659792 0.9636432 0.07707351 0.9647772 0.0764479 0.9637584 0.0764479 0.9637584 0.07707351 0.9647772 0.0762732 0.9638307 0.0762732 0.9638307 0.07707351 0.9647772 0.07608574 0.9638554 0.07608574 0.9638554 0.07707351 0.9647772 0.07589828 0.9638307 0.07589828 0.9638307 0.07707351 0.9647772 0.07572358 0.9637584 0.07572358 0.9637584 0.07707351 0.9647772 0.05566287 0.9647772 0.07572358 0.9637584 0.05566287 0.9647772 0.07557356 0.9636432 0.07557356 0.9636432 0.05566287 0.9647772 0.05867654 0.9624006 0.07557356 0.9636432 0.05867654 0.9624006 0.07545846 0.9634932 0.07545846 0.9634932 0.05867654 0.9624006 0.0753861 0.9633185 0.0753861 0.9633185 0.05867654 0.9624006 0.07250481 0.9568136 0.0753861 0.9633185 0.07250481 0.9568136 0.07536143 0.963131 0.07536143 0.963131 0.07250481 0.9568136 0.0753861 0.9629436 0.0753861 0.9629436 0.07250481 0.9568136 0.07270979 0.9567009 0.0753861 0.9629436 0.07270979 0.9567009 0.07545846 0.9627688 0.07545846 0.9627688 0.07270979 0.9567009 0.07288253 0.9565432 0.07545846 0.9627688 0.07288253 0.9565432 0.07557356 0.9626188 0.07557356 0.9626188 0.07288253 0.9565432 0.0730133 0.9563493 0.07557356 0.9626188 0.0730133 0.9563493 0.07572358 0.9625037 0.07572358 0.9625037 0.0730133 0.9563493 0.07589828 0.9624313 0.07589828 0.9624313 0.0730133 0.9563493 0.07309484 0.95613 0.07589828 0.9624313 0.07309484 0.95613 0.07608574 0.9624066 0.07608574 0.9624066 0.07309484 0.95613 0.07312256 0.9558978 0.07608574 0.9624066 0.07312256 0.9558978 0.0762732 0.9624313 0.0762732 0.9624313 0.07312256 0.9558978 0.0764479 0.9625037 0.0764479 0.9625037 0.07312256 0.9558978 0.07312256 0.9551876 0.0764479 0.9625037 0.07312256 0.9551876 0.07659792 0.9626188 0.07659792 0.9626188 0.07312256 0.9551876 0.07309323 0.9549487 0.07659792 0.9626188 0.07309323 0.9549487 0.07309484 0.9500933 0.07309484 0.9500933 0.07309323 0.9549487 0.0730133 0.9503125 0.0730133 0.9503125 0.07309323 0.9549487 0.07300692 0.9547238 0.0730133 0.9503125 0.07300692 0.9547238 0.07288253 0.9505065 0.07288253 0.9505065 0.07300692 0.9547238 0.07286882 0.9545267 0.07288253 0.9505065 0.07286882 0.9545267 0.07270979 0.9506642 0.07270979 0.9506642 0.07286882 0.9545267 0.07268714 0.9543687 0.07270979 0.9506642 0.07268714 0.9543687 0.07250481 0.9507768 0.07250481 0.9507768 0.07268714 0.9543687 0.07247263 0.9542594 0.07250481 0.9507768 0.07247263 0.9542594 0.07223802 0.9542053 0.05464029 0.9649118 0.05307978 0.9629436 0.05566287 0.9647772 0.05566287 0.9647772 0.05307978 0.9629436 0.0573188 0.9614848 0.05566287 0.9647772 0.0573188 0.9614848 0.05734813 0.9617237 0.05368739 0.9653065 0.05307978 0.9633185 0.05464029 0.9649118 0.05464029 0.9649118 0.05307978 0.9633185 0.05310446 0.963131 0.05464029 0.9649118 0.05310446 0.963131 0.05307978 0.9629436 0.05286914 0.9659344 0.0527423 0.9637584 0.05368739 0.9653065 0.05368739 0.9653065 0.0527423 0.9637584 0.05289226 0.9636432 0.05368739 0.9653065 0.05289226 0.9636432 0.05300742 0.9634932 0.05092674 0.9678768 0.0504046 0.9658704 0.05286914 0.9659344 0.05286914 0.9659344 0.0504046 0.9658704 0.05201792 0.9637584 0.05286914 0.9659344 0.05201792 0.9637584 0.05219262 0.9638307 0.05092674 0.9678768 0.05079036 0.9679815 0.0504046 0.9658704 0.0504046 0.9658704 0.05079036 0.9679815 0.05063152 0.9680473 0.0504046 0.9658704 0.05063152 0.9680473 0.05046111 0.9680697 0.05046111 0.9680697 0.05007541 0.9680697 0.0504046 0.9658704 0.0504046 0.9658704 0.05007541 0.9680697 0.04999393 0.9658704 0.04999393 0.9658704 0.05007541 0.9680697 0.04990494 0.9680473 0.04999393 0.9658704 0.04990494 0.9680473 0.04941689 0.9674112 0.04941689 0.9674112 0.04990494 0.9680473 0.04974615 0.9679815 0.04941689 0.9674112 0.04974615 0.9679815 0.04960978 0.9678768 0.04960978 0.9678768 0.04950511 0.9677404 0.04941689 0.9674112 0.04941689 0.9674112 0.04950511 0.9677404 0.04943931 0.9675816 0.04941689 0.9674112 0.04941689 0.9213169 0.04999393 0.9658704 0.04999393 0.9658704 0.04941689 0.9213169 0.04999393 0.9202274 0.04999393 0.9202274 0.04941689 0.9213169 0.04975306 0.9204381 0.04975306 0.9204381 0.04941689 0.9213169 0.04957008 0.9207004 0.04957008 0.9207004 0.04941689 0.9213169 0.04945576 0.9209993 0.0504046 0.9200417 0.05168044 0.9629436 0.0504046 0.9658704 0.0504046 0.9658704 0.05168044 0.9629436 0.05165576 0.963131 0.0504046 0.9658704 0.05165576 0.963131 0.05168044 0.9633185 0.05051302 0.9200186 0.05165576 0.9216461 0.0504046 0.9200417 0.0504046 0.9200417 0.05165576 0.9216461 0.05168044 0.9218336 0.0504046 0.9200417 0.05168044 0.9218336 0.0517528 0.9220083 0.05051302 0.9200186 0.05062311 0.9200046 0.05165576 0.9216461 0.05165576 0.9216461 0.05062311 0.9200046 0.05073386 0.9199999 0.05165576 0.9216461 0.05073386 0.9199999 0.05168044 0.9214586 0.05168044 0.9214586 0.05073386 0.9199999 0.0517528 0.921284 0.0517528 0.921284 0.05073386 0.9199999 0.0518679 0.921134 0.0518679 0.921134 0.05073386 0.9199999 0.05201792 0.9210188 0.05201792 0.9210188 0.05073386 0.9199999 0.05219262 0.9209465 0.05219262 0.9209465 0.05073386 0.9199999 0.05238008 0.9209218 0.05238008 0.9209218 0.05073386 0.9199999 0.0525676 0.9209465 0.0525676 0.9209465 0.05073386 0.9199999 0.05274224 0.9210188 0.05274224 0.9210188 0.05073386 0.9199999 0.07707351 0.9199999 0.05274224 0.9210188 0.07707351 0.9199999 0.07572358 0.9210188 0.07572358 0.9210188 0.07707351 0.9199999 0.07589828 0.9209465 0.07589828 0.9209465 0.07707351 0.9199999 0.07608574 0.9209218 0.07608574 0.9209218 0.07707351 0.9199999 0.0762732 0.9209465 0.0762732 0.9209465 0.07707351 0.9199999 0.0764479 0.9210188 0.0764479 0.9210188 0.07707351 0.9199999 0.07659792 0.921134 0.07659792 0.921134 0.07707351 0.9199999 0.07671302 0.921284 0.07671302 0.921284 0.07707351 0.9199999 0.07678538 0.9214586 0.07678538 0.9214586 0.07707351 0.9199999 0.07748579 0.9200435 0.07678538 0.9214586 0.07748579 0.9200435 0.07806122 0.9206584 0.07806122 0.9206584 0.07748579 0.9200435 0.07787996 0.920172 0.07806122 0.9206584 0.07787996 0.920172 0.0782386 0.9203801 0.0782386 0.9203801 0.07854592 0.9206584 0.07806122 0.9206584 0.07806122 0.9641187 0.07312256 0.9431142 0.07806122 0.9206584 0.07806122 0.9206584 0.07312256 0.9431142 0.07312256 0.9377875 0.07806122 0.9206584 0.07312256 0.9377875 0.07312256 0.9370774 0.07309323 0.9489119 0.07309484 0.9440566 0.07312256 0.9491508 0.07312256 0.9491508 0.07309484 0.9440566 0.07312256 0.9438243 0.07312256 0.9491508 0.07312256 0.9438243 0.07806122 0.9641187 0.07806122 0.9641187 0.07312256 0.9438243 0.07312256 0.9431142 0.07309484 0.9440566 0.07309323 0.9489119 0.0730133 0.9442759 0.0730133 0.9442759 0.07309323 0.9489119 0.07300692 0.9486872 0.0730133 0.9442759 0.07300692 0.9486872 0.07288253 0.9444697 0.07288253 0.9444697 0.07300692 0.9486872 0.07286882 0.9484899 0.07288253 0.9444697 0.07286882 0.9484899 0.07270979 0.9446274 0.07270979 0.9446274 0.07286882 0.9484899 0.07268714 0.948332 0.07270979 0.9446274 0.07268714 0.948332 0.07250481 0.9447402 0.07250481 0.9447402 0.07268714 0.948332 0.07247263 0.9482226 0.07250481 0.9447402 0.07247263 0.9482226 0.07223802 0.9481685 0.07223802 0.9481685 0.07199734 0.9481727 0.07250481 0.9447402 0.07250481 0.9447402 0.07199734 0.9481727 0.07176482 0.948235 0.07250481 0.9447402 0.07176482 0.948235 0.05867654 0.9503272 0.05867654 0.9503272 0.07176482 0.948235 0.05793648 0.953822 0.05867654 0.9503272 0.05793648 0.953822 0.05844396 0.9503894 0.05844396 0.9503894 0.05793648 0.953822 0.05820327 0.9503937 0.05820327 0.9503937 0.05793648 0.953822 0.05796867 0.9503394 0.05796867 0.9503394 0.05793648 0.953822 0.05775415 0.9502301 0.05775415 0.9502301 0.05793648 0.953822 0.0577315 0.9539347 0.05775415 0.9502301 0.0577315 0.9539347 0.05757248 0.9500723 0.05757248 0.9500723 0.0577315 0.9539347 0.05755883 0.9540924 0.05757248 0.9500723 0.05755883 0.9540924 0.05743438 0.949875 0.05743438 0.949875 0.05755883 0.9540924 0.057428 0.9542863 0.05743438 0.949875 0.057428 0.9542863 0.05734813 0.9496503 0.05734813 0.9496503 0.057428 0.9542863 0.05734646 0.9545056 0.05734813 0.9496503 0.05734646 0.9545056 0.05219262 0.9624313 0.05219262 0.9624313 0.05734646 0.9545056 0.0573188 0.9547379 0.05219262 0.9624313 0.0573188 0.9547379 0.05238008 0.9624066 0.05238008 0.9624066 0.0573188 0.9547379 0.0525676 0.9624313 0.0525676 0.9624313 0.0573188 0.9547379 0.0573188 0.955448 0.0525676 0.9624313 0.0573188 0.955448 0.0527423 0.9625037 0.0527423 0.9625037 0.0573188 0.955448 0.05734813 0.9556871 0.0527423 0.9625037 0.05734813 0.9556871 0.05289226 0.9626188 0.05289226 0.9626188 0.05734813 0.9556871 0.05734646 0.9605423 0.05289226 0.9626188 0.05734646 0.9605423 0.05300742 0.9627688 0.05300742 0.9627688 0.05734646 0.9605423 0.0573188 0.9607746 0.05300742 0.9627688 0.0573188 0.9607746 0.05307978 0.9629436 0.05307978 0.9629436 0.0573188 0.9607746 0.0573188 0.9614848 0.05734646 0.9605423 0.05734813 0.9556871 0.057428 0.9603231 0.057428 0.9603231 0.05734813 0.9556871 0.05743438 0.9559118 0.057428 0.9603231 0.05743438 0.9559118 0.05755883 0.9601292 0.05755883 0.9601292 0.05743438 0.9559118 0.05757248 0.9561089 0.05755883 0.9601292 0.05757248 0.9561089 0.0577315 0.9599714 0.0577315 0.9599714 0.05757248 0.9561089 0.05775415 0.9562669 0.0577315 0.9599714 0.05775415 0.9562669 0.05793648 0.9598588 0.05793648 0.9598588 0.05775415 0.9562669 0.05796867 0.9563762 0.05793648 0.9598588 0.05796867 0.9563762 0.05820327 0.9564303 0.05820327 0.9564303 0.05844396 0.9564262 0.05793648 0.9598588 0.05793648 0.9598588 0.05844396 0.9564262 0.05867654 0.9563639 0.05793648 0.9598588 0.05867654 0.9563639 0.07176482 0.9542718 0.07176482 0.9542718 0.05867654 0.9563639 0.07250481 0.9507768 0.07176482 0.9542718 0.07250481 0.9507768 0.07199734 0.9542095 0.07199734 0.9542095 0.07250481 0.9507768 0.07223802 0.9542053 0.07309484 0.9500933 0.07312256 0.9498611 0.07659792 0.9626188 0.07659792 0.9626188 0.07312256 0.9498611 0.07806122 0.9641187 0.07659792 0.9626188 0.07806122 0.9641187 0.07671302 0.9627688 0.07671302 0.9627688 0.07806122 0.9641187 0.07678538 0.9629436 0.07678538 0.9629436 0.07806122 0.9641187 0.07681012 0.963131 0.07681012 0.963131 0.07806122 0.9641187 0.07678538 0.9633185 0.07312256 0.9498611 0.07312256 0.9491508 0.07806122 0.9641187 0.07309323 0.924765 0.07557356 0.9221584 0.07312256 0.9250039 0.07312256 0.9250039 0.07557356 0.9221584 0.07572358 0.9222734 0.07312256 0.9250039 0.07572358 0.9222734 0.07312256 0.9257141 0.07312256 0.9257141 0.07572358 0.9222734 0.07589828 0.9223458 0.07312256 0.9257141 0.07589828 0.9223458 0.07309484 0.9259464 0.07309484 0.9259464 0.07589828 0.9223458 0.07608574 0.9223704 0.07309484 0.9259464 0.07608574 0.9223704 0.07309323 0.9308016 0.07309323 0.9308016 0.07608574 0.9223704 0.0762732 0.9223458 0.07309323 0.9308016 0.0762732 0.9223458 0.0764479 0.9222734 0.07557356 0.9221584 0.07309323 0.924765 0.07545846 0.9220083 0.07545846 0.9220083 0.07309323 0.924765 0.07300692 0.9245402 0.07545846 0.9220083 0.07300692 0.9245402 0.0753861 0.9218336 0.0753861 0.9218336 0.07300692 0.9245402 0.07286882 0.924343 0.0753861 0.9218336 0.07286882 0.924343 0.07536143 0.9216461 0.07536143 0.9216461 0.07286882 0.924343 0.07268714 0.924185 0.07536143 0.9216461 0.07268714 0.924185 0.0753861 0.9214586 0.0753861 0.9214586 0.07268714 0.924185 0.07247263 0.9240757 0.0753861 0.9214586 0.07247263 0.9240757 0.07223808 0.9240216 0.0753861 0.9214586 0.07223808 0.9240216 0.07545846 0.921284 0.07545846 0.921284 0.07223808 0.9240216 0.07199734 0.9240258 0.07545846 0.921284 0.07199734 0.9240258 0.07176482 0.9240881 0.05793648 0.9296751 0.05307978 0.9214586 0.07176482 0.9240881 0.07176482 0.9240881 0.05307978 0.9214586 0.05300742 0.921284 0.07176482 0.9240881 0.05300742 0.921284 0.05289226 0.921134 0.0577315 0.9297878 0.05307978 0.9218336 0.05793648 0.9296751 0.05793648 0.9296751 0.05307978 0.9218336 0.05310446 0.9216461 0.05793648 0.9296751 0.05310446 0.9216461 0.05307978 0.9214586 0.0577315 0.9297878 0.05755883 0.9299455 0.05307978 0.9218336 0.05307978 0.9218336 0.05755883 0.9299455 0.05300742 0.9220083 0.05300742 0.9220083 0.05755883 0.9299455 0.057428 0.9301394 0.05300742 0.9220083 0.057428 0.9301394 0.05289226 0.9221584 0.05289226 0.9221584 0.057428 0.9301394 0.05734646 0.9303587 0.05289226 0.9221584 0.05734646 0.9303587 0.0527423 0.9222734 0.0527423 0.9222734 0.05734646 0.9303587 0.0525676 0.9223458 0.0525676 0.9223458 0.05734646 0.9303587 0.0573188 0.9305909 0.0525676 0.9223458 0.0573188 0.9305909 0.05238008 0.9223704 0.05238008 0.9223704 0.0573188 0.9305909 0.0573188 0.9313011 0.05238008 0.9223704 0.0573188 0.9313011 0.05219262 0.9223458 0.05219262 0.9223458 0.0573188 0.9313011 0.05201792 0.9222734 0.05201792 0.9222734 0.0573188 0.9313011 0.05734813 0.93154 0.05201792 0.9222734 0.05734813 0.93154 0.05734646 0.9363954 0.05734646 0.9363954 0.05734813 0.93154 0.057428 0.9361762 0.057428 0.9361762 0.05734813 0.93154 0.05743438 0.9317649 0.057428 0.9361762 0.05743438 0.9317649 0.05755883 0.9359822 0.05755883 0.9359822 0.05743438 0.9317649 0.05757248 0.931962 0.05755883 0.9359822 0.05757248 0.931962 0.0577315 0.9358245 0.0577315 0.9358245 0.05757248 0.931962 0.05775415 0.93212 0.0577315 0.9358245 0.05775415 0.93212 0.05793648 0.9357119 0.05793648 0.9357119 0.05775415 0.93212 0.05796867 0.9322293 0.05793648 0.9357119 0.05796867 0.9322293 0.05820327 0.9322834 0.05820327 0.9322834 0.05844396 0.9322792 0.05793648 0.9357119 0.05793648 0.9357119 0.05844396 0.9322792 0.05867654 0.9322169 0.05793648 0.9357119 0.05867654 0.9322169 0.07176482 0.9301248 0.07176482 0.9301248 0.05867654 0.9322169 0.07250481 0.9266299 0.07176482 0.9301248 0.07250481 0.9266299 0.07199734 0.9300625 0.07199734 0.9300625 0.07250481 0.9266299 0.07223808 0.9300584 0.07223808 0.9300584 0.07250481 0.9266299 0.07247263 0.9301125 0.07247263 0.9301125 0.07250481 0.9266299 0.07268714 0.9302218 0.07268714 0.9302218 0.07250481 0.9266299 0.07270979 0.9265173 0.07268714 0.9302218 0.07270979 0.9265173 0.07286882 0.9303798 0.07286882 0.9303798 0.07270979 0.9265173 0.07288253 0.9263595 0.07286882 0.9303798 0.07288253 0.9263595 0.07300692 0.9305769 0.07300692 0.9305769 0.07288253 0.9263595 0.0730133 0.9261656 0.07300692 0.9305769 0.0730133 0.9261656 0.07309323 0.9308016 0.07309323 0.9308016 0.0730133 0.9261656 0.07309484 0.9259464 0.05734813 0.9617237 0.05743438 0.9619485 0.05566287 0.9647772 0.05566287 0.9647772 0.05743438 0.9619485 0.05757248 0.9621457 0.05566287 0.9647772 0.05757248 0.9621457 0.05775415 0.9623036 0.05775415 0.9623036 0.05796867 0.962413 0.05566287 0.9647772 0.05566287 0.9647772 0.05796867 0.962413 0.05820327 0.9624671 0.05566287 0.9647772 0.05820327 0.9624671 0.05844396 0.9624629 0.05844396 0.9624629 0.05867654 0.9624006 0.05566287 0.9647772 0.07312256 0.9377875 0.07312256 0.9431142 0.07309484 0.9380199 0.07309484 0.9380199 0.07312256 0.9431142 0.07309323 0.9428752 0.07309484 0.9380199 0.07309323 0.9428752 0.0730133 0.9382391 0.0730133 0.9382391 0.07309323 0.9428752 0.07300692 0.9426504 0.0730133 0.9382391 0.07300692 0.9426504 0.07288253 0.9384329 0.07288253 0.9384329 0.07300692 0.9426504 0.07286882 0.9424532 0.07288253 0.9384329 0.07286882 0.9424532 0.07270979 0.9385908 0.07270979 0.9385908 0.07286882 0.9424532 0.07268714 0.9422952 0.07270979 0.9385908 0.07268714 0.9422952 0.07250481 0.9387034 0.07250481 0.9387034 0.07268714 0.9422952 0.07247263 0.942186 0.07250481 0.9387034 0.07247263 0.942186 0.07223808 0.9421318 0.07223808 0.9421318 0.07199734 0.9421361 0.07250481 0.9387034 0.07250481 0.9387034 0.07199734 0.9421361 0.07176482 0.9421983 0.07250481 0.9387034 0.07176482 0.9421983 0.05867654 0.9442904 0.05867654 0.9442904 0.07176482 0.9421983 0.05793648 0.9477853 0.05867654 0.9442904 0.05793648 0.9477853 0.05844396 0.9443528 0.05844396 0.9443528 0.05793648 0.9477853 0.05820327 0.9443569 0.05820327 0.9443569 0.05793648 0.9477853 0.05796867 0.9443028 0.05796867 0.9443028 0.05793648 0.9477853 0.05775415 0.9441935 0.05775415 0.9441935 0.05793648 0.9477853 0.0577315 0.947898 0.05775415 0.9441935 0.0577315 0.947898 0.05757248 0.9440355 0.05757248 0.9440355 0.0577315 0.947898 0.05755883 0.9480558 0.05757248 0.9440355 0.05755883 0.9480558 0.05743438 0.9438382 0.05743438 0.9438382 0.05755883 0.9480558 0.057428 0.9482496 0.05743438 0.9438382 0.057428 0.9482496 0.05734813 0.9436135 0.05734813 0.9436135 0.057428 0.9482496 0.05734646 0.9484688 0.05734813 0.9436135 0.05734646 0.9484688 0.0573188 0.9433745 0.0573188 0.9433745 0.05734646 0.9484688 0.0573188 0.9487012 0.0573188 0.9433745 0.0573188 0.9487012 0.0518679 0.9626188 0.0518679 0.9626188 0.0573188 0.9487012 0.05201792 0.9625037 0.05201792 0.9625037 0.0573188 0.9487012 0.0573188 0.9494113 0.05201792 0.9625037 0.0573188 0.9494113 0.05219262 0.9624313 0.05219262 0.9624313 0.0573188 0.9494113 0.05734813 0.9496503 0.07309323 0.9308016 0.0764479 0.9222734 0.07312256 0.9310407 0.07312256 0.9310407 0.0764479 0.9222734 0.07659792 0.9221584 0.07312256 0.9310407 0.07659792 0.9221584 0.07312256 0.9317509 0.07312256 0.9317509 0.07659792 0.9221584 0.07312256 0.9370774 0.07312256 0.9317509 0.07312256 0.9370774 0.07309484 0.9319831 0.07309484 0.9319831 0.07312256 0.9370774 0.07309323 0.9368384 0.07309484 0.9319831 0.07309323 0.9368384 0.0730133 0.9322023 0.0730133 0.9322023 0.07309323 0.9368384 0.07300692 0.9366137 0.0730133 0.9322023 0.07300692 0.9366137 0.07288253 0.9323963 0.07288253 0.9323963 0.07300692 0.9366137 0.07286882 0.9364165 0.07288253 0.9323963 0.07286882 0.9364165 0.07270979 0.932554 0.07270979 0.932554 0.07286882 0.9364165 0.07268714 0.9362586 0.07270979 0.932554 0.07268714 0.9362586 0.07250481 0.9326667 0.07250481 0.9326667 0.07268714 0.9362586 0.07247263 0.9361492 0.07250481 0.9326667 0.07247263 0.9361492 0.07223808 0.936095 0.05734646 0.9363954 0.0573188 0.9366276 0.05201792 0.9222734 0.05201792 0.9222734 0.0573188 0.9366276 0.0518679 0.9221584 0.0518679 0.9221584 0.0573188 0.9366276 0.0573188 0.9373379 0.0518679 0.9221584 0.0573188 0.9373379 0.0573188 0.9426644 0.0573188 0.9426644 0.0573188 0.9373379 0.05734646 0.9424322 0.05734646 0.9424322 0.0573188 0.9373379 0.05734813 0.9375768 0.05734646 0.9424322 0.05734813 0.9375768 0.057428 0.9422128 0.057428 0.9422128 0.05734813 0.9375768 0.05743438 0.9378016 0.057428 0.9422128 0.05743438 0.9378016 0.05755883 0.942019 0.05755883 0.942019 0.05743438 0.9378016 0.05757248 0.9379988 0.05755883 0.942019 0.05757248 0.9379988 0.0577315 0.9418613 0.0577315 0.9418613 0.05757248 0.9379988 0.05775415 0.9381567 0.0577315 0.9418613 0.05775415 0.9381567 0.05793648 0.9417485 0.05793648 0.9417485 0.05775415 0.9381567 0.05796867 0.938266 0.05793648 0.9417485 0.05796867 0.938266 0.05820327 0.9383202 0.05820327 0.9383202 0.05844396 0.938316 0.05793648 0.9417485 0.05793648 0.9417485 0.05844396 0.938316 0.05867654 0.9382537 0.05793648 0.9417485 0.05867654 0.9382537 0.07176482 0.9361615 0.07176482 0.9361615 0.05867654 0.9382537 0.07250481 0.9326667 0.07176482 0.9361615 0.07250481 0.9326667 0.07199734 0.9360993 0.07199734 0.9360993 0.07250481 0.9326667 0.07223808 0.936095 0.0573188 0.9433745 0.0517528 0.9627688 0.0573188 0.9426644 0.0573188 0.9426644 0.0517528 0.9627688 0.0517528 0.9220083 0.0573188 0.9426644 0.0517528 0.9220083 0.0518679 0.9221584 0.0518679 0.9626188 0.0517528 0.9627688 0.0573188 0.9433745 0.0517528 0.9220083 0.0517528 0.9627688 0.0504046 0.9200417 0.0504046 0.9200417 0.0517528 0.9627688 0.05168044 0.9629436 0.05168044 0.9633185 0.0517528 0.9634932 0.0504046 0.9658704 0.0504046 0.9658704 0.0517528 0.9634932 0.0518679 0.9636432 0.0504046 0.9658704 0.0518679 0.9636432 0.05201792 0.9637584 0.05219262 0.9638307 0.05238008 0.9638554 0.05286914 0.9659344 0.05286914 0.9659344 0.05238008 0.9638554 0.0525676 0.9638307 0.05286914 0.9659344 0.0525676 0.9638307 0.0527423 0.9637584 0.05300742 0.9634932 0.05307978 0.9633185 0.05368739 0.9653065 0.05274224 0.9210188 0.07572358 0.9210188 0.05289226 0.921134 0.05289226 0.921134 0.07572358 0.9210188 0.07557356 0.921134 0.05289226 0.921134 0.07557356 0.921134 0.07176482 0.9240881 0.07176482 0.9240881 0.07557356 0.921134 0.07545846 0.921284 0.07312256 0.9370774 0.07659792 0.9221584 0.07806122 0.9206584 0.07806122 0.9206584 0.07659792 0.9221584 0.07671302 0.9220083 0.07806122 0.9206584 0.07671302 0.9220083 0.07678538 0.9218336 0.07678538 0.9218336 0.07681012 0.9216461 0.07806122 0.9206584 0.07806122 0.9206584 0.07681012 0.9216461 0.07678538 0.9214586 0.1149861 0.9183024 0.1156446 0.9183024 0.1149861 0.9184959 0.1149861 0.9184959 0.1156446 0.9183024 0.1156446 0.9184959 0.1149861 0.9184959 0.1156446 0.9184959 0.1149861 0.9187183 0.1149861 0.9187183 0.1156446 0.9184959 0.1156446 0.9187183 0.1149861 0.9187183 0.1156446 0.9187183 0.1149861 0.9189564 0.1149861 0.9189564 0.1156446 0.9187183 0.1156446 0.9189564 0.1149861 0.9189564 0.1156446 0.9189564 0.1149861 0.9191961 0.1149861 0.9191961 0.1156446 0.9189564 0.1156446 0.9191961 0.1149861 0.9191961 0.1156446 0.9191961 0.1149861 0.919423 0.1149861 0.919423 0.1156446 0.9191961 0.1156446 0.919423 0.1149861 0.919423 0.1156446 0.919423 0.1149861 0.9196237 0.1149861 0.9196237 0.1156446 0.919423 0.1156446 0.9196237 0.1149861 0.9196237 0.1156446 0.9196237 0.1149861 0.9197863 0.1149861 0.9197863 0.1156446 0.9196237 0.1156446 0.9197863 0.1136197 0.9017165 0.1142782 0.9017165 0.1136197 0.9019113 0.1136197 0.9019113 0.1142782 0.9017165 0.1142782 0.9019113 0.1149861 0.9203016 0.1156446 0.9203016 0.1149861 0.9204952 0.1149861 0.9204952 0.1156446 0.9203016 0.1156446 0.9204952 0.1149861 0.9204952 0.1156446 0.9204952 0.1149861 0.9207176 0.1149861 0.9207176 0.1156446 0.9204952 0.1156446 0.9207176 0.1149861 0.9207176 0.1156446 0.9207176 0.1149861 0.9209557 0.1149861 0.9209557 0.1156446 0.9207176 0.1156446 0.9209557 0.1149861 0.9209557 0.1156446 0.9209557 0.1149861 0.9211954 0.1149861 0.9211954 0.1156446 0.9209557 0.1156446 0.9211954 0.1149861 0.9211954 0.1156446 0.9211954 0.1149861 0.9214223 0.1149861 0.9214223 0.1156446 0.9211954 0.1156446 0.9214223 0.1149861 0.9214223 0.1156446 0.9214223 0.1149861 0.921623 0.1149861 0.921623 0.1156446 0.9214223 0.1156446 0.921623 0.1149861 0.921623 0.1156446 0.921623 0.1149861 0.9217856 0.1149861 0.9217856 0.1156446 0.921623 0.1156446 0.9217856 0.1142782 0.8719301 0.1149367 0.8719301 0.1142782 0.8721249 0.1142782 0.8721249 0.1149367 0.8719301 0.1149367 0.8721249 0.1149861 0.9223008 0.1156446 0.9223008 0.1149861 0.9224944 0.1149861 0.9224944 0.1156446 0.9223008 0.1156446 0.9224944 0.1149861 0.9224944 0.1156446 0.9224944 0.1149861 0.9227169 0.1149861 0.9227169 0.1156446 0.9224944 0.1156446 0.9227169 0.1149861 0.9227169 0.1156446 0.9227169 0.1149861 0.9229549 0.1149861 0.9229549 0.1156446 0.9227169 0.1156446 0.9229549 0.1149861 0.9229549 0.1156446 0.9229549 0.1149861 0.9231945 0.1149861 0.9231945 0.1156446 0.9229549 0.1156446 0.9231945 0.1149861 0.9231945 0.1156446 0.9231945 0.1149861 0.9234215 0.1149861 0.9234215 0.1156446 0.9231945 0.1156446 0.9234215 0.1149861 0.9234215 0.1156446 0.9234215 0.1149861 0.9236223 0.1149861 0.9236223 0.1156446 0.9234215 0.1156446 0.9236223 0.1149861 0.9236223 0.1156446 0.9236223 0.1149861 0.9237849 0.1149861 0.9237849 0.1156446 0.9236223 0.1156446 0.9237849 0.1142782 0.8868233 0.1149367 0.8868233 0.1142782 0.8870181 0.1142782 0.8870181 0.1149367 0.8868233 0.1149367 0.8870181 0.1149861 0.9243001 0.1156446 0.9243001 0.1149861 0.9244937 0.1149861 0.9244937 0.1156446 0.9243001 0.1156446 0.9244937 0.1149861 0.9244937 0.1156446 0.9244937 0.1149861 0.9247161 0.1149861 0.9247161 0.1156446 0.9244937 0.1156446 0.9247161 0.1149861 0.9247161 0.1156446 0.9247161 0.1149861 0.9249542 0.1149861 0.9249542 0.1156446 0.9247161 0.1156446 0.9249542 0.1149861 0.9249542 0.1156446 0.9249542 0.1149861 0.9251938 0.1149861 0.9251938 0.1156446 0.9249542 0.1156446 0.9251938 0.1149861 0.9251938 0.1156446 0.9251938 0.1149861 0.9254208 0.1149861 0.9254208 0.1156446 0.9251938 0.1156446 0.9254208 0.1149861 0.9254208 0.1156446 0.9254208 0.1149861 0.9256215 0.1149861 0.9256215 0.1156446 0.9254208 0.1156446 0.9256215 0.1149861 0.9256215 0.1156446 0.9256215 0.1149861 0.9257841 0.1149861 0.9257841 0.1156446 0.9256215 0.1156446 0.9257841 0.1136197 0.9166097 0.1142782 0.9166097 0.1136197 0.9168045 0.1136197 0.9168045 0.1142782 0.9166097 0.1142782 0.9168045 0.1149861 0.9262993 0.1156446 0.9262993 0.1149861 0.9264929 0.1149861 0.9264929 0.1156446 0.9262993 0.1156446 0.9264929 0.1149861 0.9264929 0.1156446 0.9264929 0.1149861 0.9267154 0.1149861 0.9267154 0.1156446 0.9264929 0.1156446 0.9267154 0.1149861 0.9267154 0.1156446 0.9267154 0.1149861 0.9269534 0.1149861 0.9269534 0.1156446 0.9267154 0.1156446 0.9269534 0.1149861 0.9269534 0.1156446 0.9269534 0.1149861 0.9271931 0.1149861 0.9271931 0.1156446 0.9269534 0.1156446 0.9271931 0.1149861 0.9271931 0.1156446 0.9271931 0.1149861 0.92742 0.1149861 0.92742 0.1156446 0.9271931 0.1156446 0.92742 0.1149861 0.92742 0.1156446 0.92742 0.1149861 0.9276208 0.1149861 0.9276208 0.1156446 0.92742 0.1156446 0.9276208 0.1149861 0.9276208 0.1156446 0.9276208 0.1149861 0.9277834 0.1149861 0.9277834 0.1156446 0.9276208 0.1156446 0.9277834 0.1136197 0.9315028 0.1142782 0.9315028 0.1136197 0.9316977 0.1136197 0.9316977 0.1142782 0.9315028 0.1142782 0.9316977 0.1149861 0.9163031 0.1156446 0.9163031 0.1149861 0.9164966 0.1149861 0.9164966 0.1156446 0.9163031 0.1156446 0.9164966 0.1149861 0.9164966 0.1156446 0.9164966 0.1149861 0.9167191 0.1149861 0.9167191 0.1156446 0.9164966 0.1156446 0.9167191 0.1149861 0.9167191 0.1156446 0.9167191 0.1149861 0.9169572 0.1149861 0.9169572 0.1156446 0.9167191 0.1156446 0.9169572 0.1149861 0.9169572 0.1156446 0.9169572 0.1149861 0.9171969 0.1149861 0.9171969 0.1156446 0.9169572 0.1156446 0.9171969 0.1149861 0.9171969 0.1156446 0.9171969 0.1149861 0.9174237 0.1149861 0.9174237 0.1156446 0.9171969 0.1156446 0.9174237 0.1149861 0.9174237 0.1156446 0.9174237 0.1149861 0.9176245 0.1149861 0.9176245 0.1156446 0.9174237 0.1156446 0.9176245 0.1149861 0.9176245 0.1156446 0.9176245 0.1149861 0.9177871 0.1149861 0.9177871 0.1156446 0.9176245 0.1156446 0.9177871 0.1136197 0.9463961 0.1142782 0.9463961 0.1136197 0.9465909 0.1136197 0.9465909 0.1142782 0.9463961 0.1142782 0.9465909 0.0525676 0.9624313 0.05255049 0.962495 0.05238008 0.9624066 0.05238008 0.9624066 0.05255049 0.962495 0.05238008 0.9624726 0.05238008 0.9624066 0.05238008 0.9624726 0.05219262 0.9624313 0.05219262 0.9624313 0.05238008 0.9624726 0.05220967 0.962495 0.05219262 0.9624313 0.05220967 0.962495 0.05201792 0.9625037 0.05201792 0.9625037 0.05220967 0.962495 0.05205088 0.9625608 0.1156446 0.9665287 0.1155788 0.9665167 0.1156446 0.9663397 0.1156446 0.9663397 0.1155788 0.9665167 0.1155788 0.9663451 0.0518679 0.9626188 0.05191445 0.9626654 0.0517528 0.9627688 0.0517528 0.9627688 0.05191445 0.9626654 0.05180984 0.9628018 0.0517528 0.9627688 0.05180984 0.9628018 0.05168044 0.9629436 0.05168044 0.9629436 0.05180984 0.9628018 0.05174404 0.9629606 0.05168044 0.9629436 0.05174404 0.9629606 0.05165576 0.963131 0.05165576 0.963131 0.05174404 0.9629606 0.05172163 0.963131 0.05165576 0.963131 0.05172163 0.963131 0.05168044 0.9633185 0.05168044 0.9633185 0.05172163 0.963131 0.05174404 0.9633014 0.05168044 0.9633185 0.05174404 0.9633014 0.0517528 0.9634932 0.0517528 0.9634932 0.05174404 0.9633014 0.05180984 0.9634602 0.1149861 0.9485145 0.1150519 0.9485297 0.1149861 0.9487025 0.1149861 0.9487025 0.1150519 0.9485297 0.1150519 0.9487007 0.0518679 0.9636432 0.05191445 0.9635966 0.05201792 0.9637584 0.05201792 0.9637584 0.05191445 0.9635966 0.05205088 0.9637013 0.05201792 0.9637584 0.05205088 0.9637013 0.05219262 0.9638307 0.05219262 0.9638307 0.05205088 0.9637013 0.05220967 0.9637671 0.05219262 0.9638307 0.05220967 0.9637671 0.05238008 0.9638554 0.05238008 0.9638554 0.05220967 0.9637671 0.05238008 0.9637895 0.05238008 0.9638554 0.05238008 0.9637895 0.0525676 0.9638307 0.0525676 0.9638307 0.05238008 0.9637895 0.05255049 0.9637671 0.0525676 0.9638307 0.05255049 0.9637671 0.0527423 0.9637584 0.0527423 0.9637584 0.05255049 0.9637671 0.05270934 0.9637013 0.0527423 0.9637584 0.05270934 0.9637013 0.05289226 0.9636432 0.05289226 0.9636432 0.05270934 0.9637013 0.05284571 0.9635966 0.1156446 0.8760709 0.1157104 0.8760778 0.1156446 0.8762599 0.1156446 0.8762599 0.1157104 0.8760778 0.1157104 0.8762496 0.05300742 0.9634932 0.05295038 0.9634602 0.05307978 0.9633185 0.05307978 0.9633185 0.05295038 0.9634602 0.05301618 0.9633014 0.05307978 0.9633185 0.05301618 0.9633014 0.05310446 0.963131 0.05310446 0.963131 0.05301618 0.9633014 0.05303859 0.963131 0.05310446 0.963131 0.05303859 0.963131 0.05307978 0.9629436 0.05307978 0.9629436 0.05303859 0.963131 0.05301618 0.9629606 0.05307978 0.9629436 0.05301618 0.9629606 0.05300742 0.9627688 0.05300742 0.9627688 0.05301618 0.9629606 0.05295038 0.9628018 0.05300742 0.9627688 0.05295038 0.9628018 0.05289226 0.9626188 0.05289226 0.9626188 0.05295038 0.9628018 0.05284571 0.9626654 0.1156446 0.9589424 0.1155787 0.9589397 0.1156446 0.9587541 0.1156446 0.9587541 0.1155787 0.9589397 0.1155787 0.9587685 0.0527423 0.9625037 0.05270934 0.9625608 0.0525676 0.9624313 0.0525676 0.9624313 0.05270934 0.9625608 0.05255049 0.962495 0.0525676 0.9209465 0.05255055 0.9210101 0.05238008 0.9209218 0.05238008 0.9209218 0.05255055 0.9210101 0.05238008 0.9209876 0.05238008 0.9209218 0.05238008 0.9209876 0.05219262 0.9209465 0.05219262 0.9209465 0.05238008 0.9209876 0.05220967 0.9210101 0.05219262 0.9209465 0.05220967 0.9210101 0.05201792 0.9210188 0.05201792 0.9210188 0.05220967 0.9210101 0.05205088 0.9210758 0.1156446 0.9656004 0.1155787 0.9655886 0.1156446 0.9654116 0.1156446 0.9654116 0.1155787 0.9655886 0.1155787 0.9654169 0.0518679 0.921134 0.05191451 0.9211805 0.0517528 0.921284 0.0517528 0.921284 0.05191451 0.9211805 0.05180978 0.9213169 0.0517528 0.921284 0.05180978 0.9213169 0.05168044 0.9214586 0.05168044 0.9214586 0.05180978 0.9213169 0.05174404 0.9214757 0.05168044 0.9214586 0.05174404 0.9214757 0.05165576 0.9216461 0.05165576 0.9216461 0.05174404 0.9214757 0.05172163 0.9216461 0.05165576 0.9216461 0.05172163 0.9216461 0.05168044 0.9218336 0.05168044 0.9218336 0.05172163 0.9216461 0.05174404 0.9218166 0.05168044 0.9218336 0.05174404 0.9218166 0.0517528 0.9220083 0.0517528 0.9220083 0.05174404 0.9218166 0.05180978 0.9219754 0.1149861 0.9494454 0.1150519 0.9494608 0.1149861 0.9496334 0.1149861 0.9496334 0.1150519 0.9494608 0.1150519 0.9496317 0.0518679 0.9221584 0.05191451 0.9221118 0.05201792 0.9222734 0.05201792 0.9222734 0.05191451 0.9221118 0.05205088 0.9222164 0.05201792 0.9222734 0.05205088 0.9222164 0.05219262 0.9223458 0.05219262 0.9223458 0.05205088 0.9222164 0.05220967 0.9222822 0.05219262 0.9223458 0.05220967 0.9222822 0.05238008 0.9223704 0.05238008 0.9223704 0.05220967 0.9222822 0.05238008 0.9223046 0.05238008 0.9223704 0.05238008 0.9223046 0.0525676 0.9223458 0.0525676 0.9223458 0.05238008 0.9223046 0.05255055 0.9222822 0.0525676 0.9223458 0.05255055 0.9222822 0.0527423 0.9222734 0.0527423 0.9222734 0.05255055 0.9222822 0.05270934 0.9222164 0.0527423 0.9222734 0.05270934 0.9222164 0.05289226 0.9221584 0.05289226 0.9221584 0.05270934 0.9222164 0.05284571 0.9221118 0.1156446 0.8769971 0.1157104 0.8770039 0.1156446 0.8771861 0.1156446 0.8771861 0.1157104 0.8770039 0.1157104 0.8771758 0.05300742 0.9220083 0.05295038 0.9219754 0.05307978 0.9218336 0.05307978 0.9218336 0.05295038 0.9219754 0.05301618 0.9218166 0.05307978 0.9218336 0.05301618 0.9218166 0.05310446 0.9216461 0.05310446 0.9216461 0.05301618 0.9218166 0.05303859 0.9216461 0.05310446 0.9216461 0.05303859 0.9216461 0.05307978 0.9214586 0.05307978 0.9214586 0.05303859 0.9216461 0.05301618 0.9214757 0.05307978 0.9214586 0.05301618 0.9214757 0.05300742 0.921284 0.05300742 0.921284 0.05301618 0.9214757 0.05295038 0.9213169 0.05300742 0.921284 0.05295038 0.9213169 0.05289226 0.921134 0.05289226 0.921134 0.05295038 0.9213169 0.05284571 0.9211805 0.1156446 0.9542903 0.1155787 0.9542875 0.1156446 0.9541019 0.1156446 0.9541019 0.1155787 0.9542875 0.1155787 0.9541164 0.05274224 0.9210188 0.05270934 0.9210758 0.0525676 0.9209465 0.0525676 0.9209465 0.05270934 0.9210758 0.05255055 0.9210101 0.0762732 0.9209465 0.07625615 0.9210101 0.07608574 0.9209218 0.07608574 0.9209218 0.07625615 0.9210101 0.07608574 0.9209876 0.07608574 0.9209218 0.07608574 0.9209876 0.07589828 0.9209465 0.07589828 0.9209465 0.07608574 0.9209876 0.07591533 0.9210101 0.07589828 0.9209465 0.07591533 0.9210101 0.07572358 0.9210188 0.07572358 0.9210188 0.07591533 0.9210101 0.07575649 0.9210758 0.1156446 0.9609594 0.1155788 0.9609475 0.1156446 0.9607705 0.1156446 0.9607705 0.1155788 0.9609475 0.1155788 0.9607759 0.07557356 0.921134 0.07562011 0.9211805 0.07545846 0.921284 0.07545846 0.921284 0.07562011 0.9211805 0.0755155 0.9213169 0.07545846 0.921284 0.0755155 0.9213169 0.0753861 0.9214586 0.0753861 0.9214586 0.0755155 0.9213169 0.0754497 0.9214757 0.0753861 0.9214586 0.0754497 0.9214757 0.07536143 0.9216461 0.07536143 0.9216461 0.0754497 0.9214757 0.07542723 0.9216461 0.07536143 0.9216461 0.07542723 0.9216461 0.0753861 0.9218336 0.0753861 0.9218336 0.07542723 0.9216461 0.0754497 0.9218166 0.0753861 0.9218336 0.0754497 0.9218166 0.07545846 0.9220083 0.07545846 0.9220083 0.0754497 0.9218166 0.0755155 0.9219754 0.1149861 0.9475834 0.1150519 0.9475988 0.1149861 0.9477716 0.1149861 0.9477716 0.1150519 0.9475988 0.1150519 0.9477698 0.07557356 0.9221584 0.07562011 0.9221118 0.07572358 0.9222734 0.07572358 0.9222734 0.07562011 0.9221118 0.07575649 0.9222164 0.07572358 0.9222734 0.07575649 0.9222164 0.07589828 0.9223458 0.07589828 0.9223458 0.07575649 0.9222164 0.07591533 0.9222822 0.07589828 0.9223458 0.07591533 0.9222822 0.07608574 0.9223704 0.07608574 0.9223704 0.07591533 0.9222822 0.07608574 0.9223046 0.07608574 0.9223704 0.07608574 0.9223046 0.0762732 0.9223458 0.0762732 0.9223458 0.07608574 0.9223046 0.07625615 0.9222822 0.0762732 0.9223458 0.07625615 0.9222822 0.0764479 0.9222734 0.0764479 0.9222734 0.07625615 0.9222822 0.076415 0.9222164 0.0764479 0.9222734 0.076415 0.9222164 0.07659792 0.9221584 0.07659792 0.9221584 0.076415 0.9222164 0.07655137 0.9221118 0.1156446 0.8779233 0.1157104 0.8779301 0.1156446 0.8781123 0.1156446 0.8781123 0.1157104 0.8779301 0.1157104 0.878102 0.07671302 0.9220083 0.07665604 0.9219754 0.07678538 0.9218336 0.07678538 0.9218336 0.07665604 0.9219754 0.07672178 0.9218166 0.07678538 0.9218336 0.07672178 0.9218166 0.07681012 0.9216461 0.07681012 0.9216461 0.07672178 0.9218166 0.07674425 0.9216461 0.07681012 0.9216461 0.07674425 0.9216461 0.07678538 0.9214586 0.07678538 0.9214586 0.07674425 0.9216461 0.07672178 0.9214757 0.07678538 0.9214586 0.07672178 0.9214757 0.07671302 0.921284 0.07671302 0.921284 0.07672178 0.9214757 0.07665604 0.9213169 0.07671302 0.921284 0.07665604 0.9213169 0.07659792 0.921134 0.07659792 0.921134 0.07665604 0.9213169 0.07655137 0.9211805 0.1156446 0.9552207 0.1155787 0.955218 0.1156446 0.9550324 0.1156446 0.9550324 0.1155787 0.955218 0.1155787 0.9550468 0.0764479 0.9210188 0.076415 0.9210758 0.0762732 0.9209465 0.0762732 0.9209465 0.076415 0.9210758 0.07625615 0.9210101 0.0762732 0.9624313 0.07625615 0.962495 0.07608574 0.9624066 0.07608574 0.9624066 0.07625615 0.962495 0.07608574 0.9624726 0.07608574 0.9624066 0.07608574 0.9624726 0.07589828 0.9624313 0.07589828 0.9624313 0.07608574 0.9624726 0.07591533 0.962495 0.07589828 0.9624313 0.07591533 0.962495 0.07572358 0.9625037 0.07572358 0.9625037 0.07591533 0.962495 0.07575649 0.9625608 0.1156446 0.9674568 0.1155787 0.967445 0.1156446 0.967268 0.1156446 0.967268 0.1155787 0.967445 0.1155787 0.9672732 0.07557356 0.9626188 0.07562011 0.9626654 0.07545846 0.9627688 0.07545846 0.9627688 0.07562011 0.9626654 0.0755155 0.9628018 0.07545846 0.9627688 0.0755155 0.9628018 0.0753861 0.9629436 0.0753861 0.9629436 0.0755155 0.9628018 0.0754497 0.9629606 0.0753861 0.9629436 0.0754497 0.9629606 0.07536143 0.963131 0.07536143 0.963131 0.0754497 0.9629606 0.07542723 0.963131 0.07536143 0.963131 0.07542723 0.963131 0.0753861 0.9633185 0.0753861 0.9633185 0.07542723 0.963131 0.0754497 0.9633014 0.0753861 0.9633185 0.0754497 0.9633014 0.07545846 0.9634932 0.07545846 0.9634932 0.0754497 0.9633014 0.0755155 0.9634602 0.1149861 0.9503763 0.1150519 0.9503917 0.1149861 0.9505643 0.1149861 0.9505643 0.1150519 0.9503917 0.1150519 0.9505626 0.07557356 0.9636432 0.07562011 0.9635966 0.07572358 0.9637584 0.07572358 0.9637584 0.07562011 0.9635966 0.07575649 0.9637013 0.07572358 0.9637584 0.07575649 0.9637013 0.07589828 0.9638307 0.07589828 0.9638307 0.07575649 0.9637013 0.07591533 0.9637671 0.07589828 0.9638307 0.07591533 0.9637671 0.07608574 0.9638554 0.07608574 0.9638554 0.07591533 0.9637671 0.07608574 0.9637895 0.07608574 0.9638554 0.07608574 0.9637895 0.0762732 0.9638307 0.0762732 0.9638307 0.07608574 0.9637895 0.07625615 0.9637671 0.0762732 0.9638307 0.07625615 0.9637671 0.0764479 0.9637584 0.0764479 0.9637584 0.07625615 0.9637671 0.076415 0.9637013 0.0764479 0.9637584 0.076415 0.9637013 0.07659792 0.9636432 0.07659792 0.9636432 0.076415 0.9637013 0.07655137 0.9635966 0.1156446 0.8788494 0.1157104 0.8788563 0.1156446 0.8790385 0.1156446 0.8790385 0.1157104 0.8788563 0.1157104 0.8790281 0.07671302 0.9634932 0.07665604 0.9634602 0.07678538 0.9633185 0.07678538 0.9633185 0.07665604 0.9634602 0.07672178 0.9633014 0.07678538 0.9633185 0.07672178 0.9633014 0.07681012 0.963131 0.07681012 0.963131 0.07672178 0.9633014 0.07674425 0.963131 0.07681012 0.963131 0.07674425 0.963131 0.07678538 0.9629436 0.07678538 0.9629436 0.07674425 0.963131 0.07672178 0.9629606 0.07678538 0.9629436 0.07672178 0.9629606 0.07671302 0.9627688 0.07671302 0.9627688 0.07672178 0.9629606 0.07665604 0.9628018 0.07671302 0.9627688 0.07665604 0.9628018 0.07659792 0.9626188 0.07659792 0.9626188 0.07665604 0.9628018 0.07655137 0.9626654 0.1156446 0.9598729 0.1155787 0.9598701 0.1156446 0.9596846 0.1156446 0.9596846 0.1155787 0.9598701 0.1155787 0.9596989 0.0764479 0.9625037 0.076415 0.9625608 0.0762732 0.9624313 0.0762732 0.9624313 0.076415 0.9625608 0.07625615 0.962495 0.1155787 0.9586071 0.1150519 0.9586071 0.1155787 0.9584665 0.1155787 0.9584665 0.1150519 0.9586071 0.1150519 0.9584665 0.1155788 0.9668248 0.1150519 0.9668248 0.1155788 0.9666804 0.1155788 0.9666804 0.1150519 0.9668248 0.1150519 0.9666804 0.1155788 0.9666804 0.1150519 0.9666804 0.1155788 0.9665167 0.1155788 0.9665167 0.1150519 0.9666804 0.1150519 0.9665167 0.1155788 0.9665167 0.1150519 0.9665167 0.1155788 0.9663451 0.1155788 0.9663451 0.1150519 0.9665167 0.1150519 0.9663451 0.1155788 0.9663451 0.1150519 0.9663451 0.1155787 0.966177 0.1155787 0.966177 0.1150519 0.9663451 0.1150519 0.966177 0.1155787 0.966177 0.1150519 0.966177 0.1155787 0.9660241 0.1155787 0.9660241 0.1150519 0.966177 0.1150519 0.9660241 0.1155787 0.9660241 0.1150519 0.9660241 0.1155787 0.9658966 0.1155787 0.9658966 0.1150519 0.9660241 0.1150519 0.9658966 0.1150519 0.9482302 0.1155787 0.9482302 0.1150519 0.9483693 0.1150519 0.9483693 0.1155787 0.9482302 0.1155787 0.9483693 0.1150519 0.9483693 0.1155787 0.9483693 0.1150519 0.9485297 0.1150519 0.9485297 0.1155787 0.9483693 0.1155787 0.9485297 0.1150519 0.9485297 0.1155787 0.9485297 0.1150519 0.9487007 0.1150519 0.9487007 0.1155787 0.9485297 0.1155787 0.9487007 0.1150519 0.9487007 0.1155787 0.9487007 0.1150519 0.9488705 0.1150519 0.9488705 0.1155787 0.9487007 0.1155787 0.9488705 0.1150519 0.9488705 0.1155787 0.9488705 0.1150519 0.9490275 0.1150519 0.9490275 0.1155787 0.9488705 0.1155787 0.9490275 0.1150519 0.9490275 0.1155787 0.9490275 0.1150519 0.9491612 0.1150519 0.9491612 0.1155787 0.9490275 0.1155787 0.9491612 0.1157104 0.8756348 0.1162372 0.8756348 0.1157104 0.8757595 0.1157104 0.8757595 0.1162372 0.8756348 0.1162372 0.8757595 0.1157104 0.8757595 0.1162372 0.8757595 0.1157104 0.8759106 0.1157104 0.8759106 0.1162372 0.8757595 0.1162372 0.8759106 0.1157104 0.8759106 0.1162372 0.8759106 0.1157104 0.8760778 0.1157104 0.8760778 0.1162372 0.8759106 0.1162372 0.8760778 0.1157104 0.8760778 0.1162372 0.8760778 0.1157104 0.8762496 0.1157104 0.8762496 0.1162372 0.8760778 0.1162372 0.8762496 0.1157104 0.8762496 0.1162372 0.8762496 0.1157104 0.8764144 0.1157104 0.8764144 0.1162372 0.8762496 0.1162372 0.8764144 0.1157104 0.8764144 0.1162372 0.8764144 0.1157104 0.8765609 0.1157104 0.8765609 0.1162372 0.8764144 0.1162372 0.8765609 0.1155787 0.959397 0.1150519 0.959397 0.1155787 0.959265 0.1155787 0.959265 0.1150519 0.959397 0.1150519 0.959265 0.1155787 0.959265 0.1150519 0.959265 0.1155787 0.9591091 0.1155787 0.9591091 0.1150519 0.959265 0.1150519 0.9591091 0.1155787 0.9591091 0.1150519 0.9591091 0.1155787 0.9589397 0.1155787 0.9589397 0.1150519 0.9591091 0.1150519 0.9589397 0.1155787 0.9589397 0.1150519 0.9589397 0.1155787 0.9587685 0.1155787 0.9587685 0.1150519 0.9589397 0.1150519 0.9587685 0.1155787 0.9587685 0.1150519 0.9587685 0.1155787 0.9586071 0.1155787 0.9586071 0.1150519 0.9587685 0.1150519 0.9586071 0.1155787 0.9539549 0.1150519 0.9539549 0.1155787 0.9538143 0.1155787 0.9538143 0.1150519 0.9539549 0.1150519 0.9538143 0.1155787 0.9658966 0.1150519 0.9658966 0.1155787 0.9657521 0.1155787 0.9657521 0.1150519 0.9658966 0.1150519 0.9657521 0.1155787 0.9657521 0.1150519 0.9657521 0.1155787 0.9655886 0.1155787 0.9655886 0.1150519 0.9657521 0.1150519 0.9655886 0.1155787 0.9655886 0.1150519 0.9655886 0.1155787 0.9654169 0.1155787 0.9654169 0.1150519 0.9655886 0.1150519 0.9654169 0.1155787 0.9654169 0.1150519 0.9654169 0.1155787 0.9652488 0.1155787 0.9652488 0.1150519 0.9654169 0.1150519 0.9652488 0.1155787 0.9652488 0.1150519 0.9652488 0.1155787 0.9650959 0.1155787 0.9650959 0.1150519 0.9652488 0.1150519 0.9650959 0.1155787 0.9650959 0.1150519 0.9650959 0.1155787 0.9649683 0.1155787 0.9649683 0.1150519 0.9650959 0.1150519 0.9649683 0.1150519 0.9491612 0.1155787 0.9491612 0.1150519 0.9493002 0.1150519 0.9493002 0.1155787 0.9491612 0.1155787 0.9493002 0.1150519 0.9493002 0.1155787 0.9493002 0.1150519 0.9494608 0.1150519 0.9494608 0.1155787 0.9493002 0.1155787 0.9494608 0.1150519 0.9494608 0.1155787 0.9494608 0.1150519 0.9496317 0.1150519 0.9496317 0.1155787 0.9494608 0.1155787 0.9496317 0.1150519 0.9496317 0.1155787 0.9496317 0.1150519 0.9498015 0.1150519 0.9498015 0.1155787 0.9496317 0.1155787 0.9498015 0.1150519 0.9498015 0.1155787 0.9498015 0.1150519 0.9499585 0.1150519 0.9499585 0.1155787 0.9498015 0.1155787 0.9499585 0.1150519 0.9499585 0.1155787 0.9499585 0.1150519 0.9500921 0.1150519 0.9500921 0.1155787 0.9499585 0.1155787 0.9500921 0.1157104 0.8765609 0.1162372 0.8765609 0.1157104 0.8766857 0.1157104 0.8766857 0.1162372 0.8765609 0.1162372 0.8766857 0.1157104 0.8766857 0.1162372 0.8766857 0.1157104 0.8768368 0.1157104 0.8768368 0.1162372 0.8766857 0.1162372 0.8768368 0.1157104 0.8768368 0.1162372 0.8768368 0.1157104 0.8770039 0.1157104 0.8770039 0.1162372 0.8768368 0.1162372 0.8770039 0.1157104 0.8770039 0.1162372 0.8770039 0.1157104 0.8771758 0.1157104 0.8771758 0.1162372 0.8770039 0.1162372 0.8771758 0.1157104 0.8771758 0.1162372 0.8771758 0.1157104 0.8773406 0.1157104 0.8773406 0.1162372 0.8771758 0.1162372 0.8773406 0.1157104 0.8773406 0.1162372 0.8773406 0.1157104 0.8774871 0.1157104 0.8774871 0.1162372 0.8773406 0.1162372 0.8774871 0.1155787 0.9547447 0.1150519 0.9547447 0.1155787 0.9546129 0.1155787 0.9546129 0.1150519 0.9547447 0.1150519 0.9546129 0.1155787 0.9546129 0.1150519 0.9546129 0.1155787 0.9544569 0.1155787 0.9544569 0.1150519 0.9546129 0.1150519 0.9544569 0.1155787 0.9544569 0.1150519 0.9544569 0.1155787 0.9542875 0.1155787 0.9542875 0.1150519 0.9544569 0.1150519 0.9542875 0.1155787 0.9542875 0.1150519 0.9542875 0.1155787 0.9541164 0.1155787 0.9541164 0.1150519 0.9542875 0.1150519 0.9541164 0.1155787 0.9541164 0.1150519 0.9541164 0.1155787 0.9539549 0.1155787 0.9539549 0.1150519 0.9541164 0.1150519 0.9539549 0.1155787 0.9548854 0.1150519 0.9548854 0.1155787 0.9547447 0.1155787 0.9547447 0.1150519 0.9548854 0.1150519 0.9547447 0.1155788 0.9612556 0.1150519 0.9612556 0.1155788 0.9611112 0.1155788 0.9611112 0.1150519 0.9612556 0.1150519 0.9611112 0.1155788 0.9611112 0.1150519 0.9611112 0.1155788 0.9609475 0.1155788 0.9609475 0.1150519 0.9611112 0.115052 0.9609475 0.1155788 0.9609475 0.115052 0.9609475 0.1155788 0.9607759 0.1155788 0.9607759 0.115052 0.9609475 0.115052 0.9607759 0.1155788 0.9607759 0.115052 0.9607759 0.1155788 0.9606078 0.1155788 0.9606078 0.115052 0.9607759 0.115052 0.9606078 0.1155788 0.9606078 0.115052 0.9606078 0.1155788 0.9604548 0.1155788 0.9604548 0.115052 0.9606078 0.115052 0.9604548 0.1155788 0.9604548 0.115052 0.9604548 0.1155788 0.9603274 0.1155788 0.9603274 0.115052 0.9604548 0.115052 0.9603274 0.1150519 0.9472993 0.1155787 0.9472993 0.1150519 0.9474384 0.1150519 0.9474384 0.1155787 0.9472993 0.1155787 0.9474384 0.1150519 0.9474384 0.1155787 0.9474384 0.1150519 0.9475988 0.1150519 0.9475988 0.1155787 0.9474384 0.1155787 0.9475988 0.1150519 0.9475988 0.1155787 0.9475988 0.1150519 0.9477698 0.1150519 0.9477698 0.1155787 0.9475988 0.1155787 0.9477698 0.1150519 0.9477698 0.1155787 0.9477698 0.1150519 0.9479396 0.1150519 0.9479396 0.1155787 0.9477698 0.1155787 0.9479396 0.1150519 0.9479396 0.1155787 0.9479396 0.1150519 0.9480966 0.1150519 0.9480966 0.1155787 0.9479396 0.1155787 0.9480966 0.1150519 0.9480966 0.1155787 0.9480966 0.1150519 0.9482302 0.1150519 0.9482302 0.1155787 0.9480966 0.1155787 0.9482302 0.1157104 0.8774871 0.1162372 0.8774871 0.1157104 0.8776119 0.1157104 0.8776119 0.1162372 0.8774871 0.1162372 0.8776119 0.1157104 0.8776119 0.1162372 0.8776119 0.1157104 0.8777629 0.1157104 0.8777629 0.1162372 0.8776119 0.1162372 0.8777629 0.1157104 0.8777629 0.1162372 0.8777629 0.1157104 0.8779301 0.1157104 0.8779301 0.1162372 0.8777629 0.1162372 0.8779301 0.1157104 0.8779301 0.1162372 0.8779301 0.1157104 0.878102 0.1157104 0.878102 0.1162372 0.8779301 0.1162372 0.878102 0.1157104 0.878102 0.1162372 0.878102 0.1157104 0.8782668 0.1157104 0.8782668 0.1162372 0.878102 0.1162372 0.8782668 0.1157104 0.8782668 0.1162372 0.8782668 0.1157104 0.8784133 0.1157104 0.8784133 0.1162372 0.8782668 0.1162372 0.8784133 0.1155787 0.9556751 0.1150519 0.9556751 0.1155787 0.9555433 0.1155787 0.9555433 0.1150519 0.9556751 0.1150519 0.9555433 0.1155787 0.9555433 0.1150519 0.9555433 0.1155787 0.9553874 0.1155787 0.9553874 0.1150519 0.9555433 0.1150519 0.9553874 0.1155787 0.9553874 0.1150519 0.9553874 0.1155787 0.955218 0.1155787 0.955218 0.1150519 0.9553874 0.1150519 0.955218 0.1155787 0.955218 0.1150519 0.955218 0.1155787 0.9550468 0.1155787 0.9550468 0.1150519 0.955218 0.1150519 0.9550468 0.1155787 0.9550468 0.1150519 0.9550468 0.1155787 0.9548854 0.1155787 0.9548854 0.1150519 0.9550468 0.1150519 0.9548854 0.1155787 0.9595375 0.1150519 0.9595375 0.1155787 0.959397 0.1155787 0.959397 0.1150519 0.9595375 0.1150519 0.959397 0.1155787 0.9677529 0.1150519 0.9677529 0.1155787 0.9676086 0.1155787 0.9676086 0.1150519 0.9677529 0.1150519 0.9676086 0.1155787 0.9676086 0.1150519 0.9676086 0.1155787 0.967445 0.1155787 0.967445 0.1150519 0.9676086 0.1150519 0.967445 0.1155787 0.967445 0.1150519 0.967445 0.1155787 0.9672732 0.1155787 0.9672732 0.1150519 0.967445 0.1150519 0.9672732 0.1155787 0.9672732 0.1150519 0.9672732 0.1155787 0.9671053 0.1155787 0.9671053 0.1150519 0.9672732 0.1150519 0.9671053 0.1155787 0.9671053 0.1150519 0.9671053 0.1155787 0.9669522 0.1155787 0.9669522 0.1150519 0.9671053 0.1150519 0.9669522 0.1155787 0.9669522 0.1150519 0.9669522 0.1155787 0.9668248 0.1155787 0.9668248 0.1150519 0.9669522 0.1150519 0.9668248 0.1150519 0.9500921 0.1155787 0.9500921 0.1150519 0.9502311 0.1150519 0.9502311 0.1155787 0.9500921 0.1155787 0.9502311 0.1150519 0.9502311 0.1155787 0.9502311 0.1150519 0.9503917 0.1150519 0.9503917 0.1155787 0.9502311 0.1155787 0.9503917 0.1150519 0.9503917 0.1155787 0.9503917 0.1150519 0.9505626 0.1150519 0.9505626 0.1155787 0.9503917 0.1155787 0.9505626 0.1150519 0.9505626 0.1155787 0.9505626 0.1150519 0.9507324 0.1150519 0.9507324 0.1155787 0.9505626 0.1155787 0.9507324 0.1150519 0.9507324 0.1155787 0.9507324 0.1150519 0.9508894 0.1150519 0.9508894 0.1155787 0.9507324 0.1155787 0.9508894 0.1150519 0.9508894 0.1155787 0.9508894 0.1150519 0.951023 0.1150519 0.951023 0.1155787 0.9508894 0.1155787 0.951023 0.1157104 0.8784133 0.1162372 0.8784133 0.1157104 0.878538 0.1157104 0.878538 0.1162372 0.8784133 0.1162372 0.878538 0.1157104 0.878538 0.1162372 0.878538 0.1157104 0.8786891 0.1157104 0.8786891 0.1162372 0.878538 0.1162372 0.8786891 0.1157104 0.8786891 0.1162372 0.8786891 0.1157104 0.8788563 0.1157104 0.8788563 0.1162372 0.8786891 0.1162372 0.8788563 0.1157104 0.8788563 0.1162372 0.8788563 0.1157104 0.8790281 0.1157104 0.8790281 0.1162372 0.8788563 0.1162372 0.8790281 0.1157104 0.8790281 0.1162372 0.8790281 0.1157104 0.879193 0.1157104 0.879193 0.1162372 0.8790281 0.1162372 0.879193 0.1157104 0.879193 0.1162372 0.879193 0.1157104 0.8793395 0.1157104 0.8793395 0.1162372 0.879193 0.1162372 0.8793395 0.1155787 0.9603274 0.1150519 0.9603274 0.1155787 0.9601954 0.1155787 0.9601954 0.1150519 0.9603274 0.1150519 0.9601954 0.1155787 0.9601954 0.1150519 0.9601954 0.1155787 0.9600395 0.1155787 0.9600395 0.1150519 0.9601954 0.1150519 0.9600395 0.1155787 0.9600395 0.1150519 0.9600395 0.1155787 0.9598701 0.1155787 0.9598701 0.1150519 0.9600395 0.1150519 0.9598701 0.1155787 0.9598701 0.1150519 0.9598701 0.1155787 0.9596989 0.1155787 0.9596989 0.1150519 0.9598701 0.1150519 0.9596989 0.1155787 0.9596989 0.1150519 0.9596989 0.1155787 0.9595375 0.1155787 0.9595375 0.1150519 0.9596989 0.1150519 0.9595375 0.1059052 0.8761692 0.1058882 0.8762328 0.1057178 0.8761445 0.1057178 0.8761445 0.1058882 0.8762328 0.1057178 0.8762103 0.1057178 0.8761445 0.1057178 0.8762103 0.1055303 0.8761692 0.1055303 0.8761692 0.1057178 0.8762103 0.1055474 0.8762328 0.1055303 0.8761692 0.1055474 0.8762328 0.1053556 0.8762415 0.1053556 0.8762415 0.1055474 0.8762328 0.1053885 0.8762986 0.1053556 0.8762415 0.1053885 0.8762986 0.1052056 0.8763566 0.1052056 0.8763566 0.1053885 0.8762986 0.1052522 0.8764032 0.1156446 0.9505643 0.1155787 0.9505626 0.1156446 0.9503763 0.1156446 0.9503763 0.1155787 0.9505626 0.1155787 0.9503917 0.1050905 0.8765066 0.1051476 0.8765396 0.1050181 0.8766813 0.1050181 0.8766813 0.1051476 0.8765396 0.1050817 0.8766984 0.1050181 0.8766813 0.1050817 0.8766984 0.1049935 0.8768689 0.1049935 0.8768689 0.1050817 0.8766984 0.1050593 0.8768689 0.1049935 0.8768689 0.1050593 0.8768689 0.1050181 0.8770563 0.1050181 0.8770563 0.1050593 0.8768689 0.1050817 0.8770392 0.1050181 0.8770563 0.1050817 0.8770392 0.1050905 0.877231 0.1050905 0.877231 0.1050817 0.8770392 0.1051476 0.8771981 0.1050905 0.877231 0.1051476 0.8771981 0.1052056 0.877381 0.1052056 0.877381 0.1051476 0.8771981 0.1052522 0.8773344 0.1149861 0.967268 0.1150519 0.9672732 0.1149861 0.9674568 0.1149861 0.9674568 0.1150519 0.9672732 0.1150519 0.967445 0.1053556 0.8774961 0.1053885 0.877439 0.1055303 0.8775685 0.1055303 0.8775685 0.1053885 0.877439 0.1055474 0.8775048 0.1055303 0.8775685 0.1055474 0.8775048 0.1057178 0.8775932 0.1057178 0.8775932 0.1055474 0.8775048 0.1057178 0.8775273 0.1057178 0.8775932 0.1057178 0.8775273 0.1059052 0.8775685 0.1059052 0.8775685 0.1057178 0.8775273 0.1058882 0.8775048 0.1059052 0.8775685 0.1058882 0.8775048 0.1060799 0.8774961 0.1060799 0.8774961 0.1058882 0.8775048 0.106047 0.877439 0.1149861 0.9596846 0.1150519 0.9596989 0.1149861 0.9598729 0.1149861 0.9598729 0.1150519 0.9596989 0.1150519 0.9598701 0.10623 0.877381 0.1061834 0.8773344 0.1063451 0.877231 0.1063451 0.877231 0.1061834 0.8773344 0.1062881 0.8771981 0.1063451 0.877231 0.1062881 0.8771981 0.1064174 0.8770563 0.1064174 0.8770563 0.1062881 0.8771981 0.1063538 0.8770392 0.1064174 0.8770563 0.1063538 0.8770392 0.1064422 0.8768689 0.1064422 0.8768689 0.1063538 0.8770392 0.1063763 0.8768689 0.1064422 0.8768689 0.1063763 0.8768689 0.1064174 0.8766813 0.1064174 0.8766813 0.1063763 0.8768689 0.1063538 0.8766984 0.1064174 0.8766813 0.1063538 0.8766984 0.1063451 0.8765066 0.1063451 0.8765066 0.1063538 0.8766984 0.1062881 0.8765396 0.1163031 0.8790385 0.1162372 0.8790281 0.1163031 0.8788494 0.1163031 0.8788494 0.1162372 0.8790281 0.1162372 0.8788563 0.10623 0.8763566 0.1061834 0.8764032 0.1060799 0.8762415 0.1060799 0.8762415 0.1061834 0.8764032 0.106047 0.8762986 0.1060799 0.8762415 0.106047 0.8762986 0.1059052 0.8761692 0.1059052 0.8761692 0.106047 0.8762986 0.1058882 0.8762328 0.08219963 0.8761692 0.08218258 0.8762328 0.08201217 0.8761445 0.08201217 0.8761445 0.08218258 0.8762328 0.08201217 0.8762103 0.08201217 0.8761445 0.08201217 0.8762103 0.08182471 0.8761692 0.08182471 0.8761692 0.08201217 0.8762103 0.08184176 0.8762328 0.08182471 0.8761692 0.08184176 0.8762328 0.08165001 0.8762415 0.08165001 0.8762415 0.08184176 0.8762328 0.08168292 0.8762986 0.08165001 0.8762415 0.08168292 0.8762986 0.08149999 0.8763566 0.08149999 0.8763566 0.08168292 0.8762986 0.08154654 0.8764032 0.1156446 0.9487025 0.1155787 0.9487007 0.1156446 0.9485145 0.1156446 0.9485145 0.1155787 0.9487007 0.1155787 0.9485297 0.08138489 0.8765066 0.08144187 0.8765396 0.08131253 0.8766813 0.08131253 0.8766813 0.08144187 0.8765396 0.08137613 0.8766984 0.08131253 0.8766813 0.08137613 0.8766984 0.0812878 0.8768689 0.0812878 0.8768689 0.08137613 0.8766984 0.08135366 0.8768689 0.0812878 0.8768689 0.08135366 0.8768689 0.08131253 0.8770563 0.08131253 0.8770563 0.08135366 0.8768689 0.08137613 0.8770392 0.08131253 0.8770563 0.08137613 0.8770392 0.08138489 0.877231 0.08138489 0.877231 0.08137613 0.8770392 0.08144187 0.8771981 0.08138489 0.877231 0.08144187 0.8771981 0.08149999 0.877381 0.08149999 0.877381 0.08144187 0.8771981 0.08154654 0.8773344 0.1149861 0.9663397 0.1150519 0.9663451 0.1149861 0.9665287 0.1149861 0.9665287 0.1150519 0.9663451 0.1150519 0.9665167 0.08165001 0.8774961 0.08168292 0.877439 0.08182471 0.8775685 0.08182471 0.8775685 0.08168292 0.877439 0.08184176 0.8775048 0.08182471 0.8775685 0.08184176 0.8775048 0.08201217 0.8775932 0.08201217 0.8775932 0.08184176 0.8775048 0.08201217 0.8775273 0.08201217 0.8775932 0.08201217 0.8775273 0.08219963 0.8775685 0.08219963 0.8775685 0.08201217 0.8775273 0.08218258 0.8775048 0.08219963 0.8775685 0.08218258 0.8775048 0.08237433 0.8774961 0.08237433 0.8774961 0.08218258 0.8775048 0.08234143 0.877439 0.1149861 0.9587541 0.1150519 0.9587685 0.1149861 0.9589424 0.1149861 0.9589424 0.1150519 0.9587685 0.1150519 0.9589397 0.08252435 0.877381 0.0824778 0.8773344 0.08263945 0.877231 0.08263945 0.877231 0.0824778 0.8773344 0.08258241 0.8771981 0.08263945 0.877231 0.08258241 0.8771981 0.08271181 0.8770563 0.08271181 0.8770563 0.08258241 0.8771981 0.08264821 0.8770392 0.08271181 0.8770563 0.08264821 0.8770392 0.08273649 0.8768689 0.08273649 0.8768689 0.08264821 0.8770392 0.08267068 0.8768689 0.08273649 0.8768689 0.08267068 0.8768689 0.08271181 0.8766813 0.08271181 0.8766813 0.08267068 0.8768689 0.08264821 0.8766984 0.08271181 0.8766813 0.08264821 0.8766984 0.08263945 0.8765066 0.08263945 0.8765066 0.08264821 0.8766984 0.08258241 0.8765396 0.1163031 0.8762599 0.1162372 0.8762496 0.1163031 0.8760709 0.1163031 0.8760709 0.1162372 0.8762496 0.1162372 0.8760778 0.08252435 0.8763566 0.0824778 0.8764032 0.08237433 0.8762415 0.08237433 0.8762415 0.0824778 0.8764032 0.08234143 0.8762986 0.08237433 0.8762415 0.08234143 0.8762986 0.08219963 0.8761692 0.08219963 0.8761692 0.08234143 0.8762986 0.08218258 0.8762328 0.08219963 0.917654 0.08218258 0.9177176 0.08201217 0.9176294 0.08201217 0.9176294 0.08218258 0.9177176 0.08201217 0.9176952 0.08201217 0.9176294 0.08201217 0.9176952 0.08182471 0.917654 0.08182471 0.917654 0.08201217 0.9176952 0.0818417 0.9177176 0.08182471 0.917654 0.0818417 0.9177176 0.08165001 0.9177264 0.08165001 0.9177264 0.0818417 0.9177176 0.08168292 0.9177834 0.08165001 0.9177264 0.08168292 0.9177834 0.08149999 0.9178415 0.08149999 0.9178415 0.08168292 0.9177834 0.08154654 0.9178881 0.1156446 0.9496334 0.1155787 0.9496317 0.1156446 0.9494454 0.1156446 0.9494454 0.1155787 0.9496317 0.1155787 0.9494608 0.08138489 0.9179915 0.08144187 0.9180244 0.08131253 0.9181662 0.08131253 0.9181662 0.08144187 0.9180244 0.08137613 0.9181832 0.08131253 0.9181662 0.08137613 0.9181832 0.0812878 0.9183537 0.0812878 0.9183537 0.08137613 0.9181832 0.08135366 0.9183537 0.0812878 0.9183537 0.08135366 0.9183537 0.08131253 0.9185412 0.08131253 0.9185412 0.08135366 0.9183537 0.08137613 0.9185242 0.08131253 0.9185412 0.08137613 0.9185242 0.08138489 0.9187158 0.08138489 0.9187158 0.08137613 0.9185242 0.08144187 0.9186829 0.08138489 0.9187158 0.08144187 0.9186829 0.08149999 0.9188659 0.08149999 0.9188659 0.08144187 0.9186829 0.08154654 0.9188193 0.1149861 0.9654116 0.1150519 0.9654169 0.1149861 0.9656004 0.1149861 0.9656004 0.1150519 0.9654169 0.1150519 0.9655886 0.08165001 0.918981 0.08168292 0.918924 0.08182471 0.9190533 0.08182471 0.9190533 0.08168292 0.918924 0.0818417 0.9189897 0.08182471 0.9190533 0.0818417 0.9189897 0.08201217 0.919078 0.08201217 0.919078 0.0818417 0.9189897 0.08201217 0.9190122 0.08201217 0.919078 0.08201217 0.9190122 0.08219963 0.9190533 0.08219963 0.9190533 0.08201217 0.9190122 0.08218258 0.9189897 0.08219963 0.9190533 0.08218258 0.9189897 0.08237433 0.918981 0.08237433 0.918981 0.08218258 0.9189897 0.08234143 0.918924 0.1149861 0.9541019 0.1150519 0.9541164 0.1149861 0.9542903 0.1149861 0.9542903 0.1150519 0.9541164 0.1150519 0.9542875 0.08252435 0.9188659 0.0824778 0.9188193 0.08263945 0.9187158 0.08263945 0.9187158 0.0824778 0.9188193 0.08258241 0.9186829 0.08263945 0.9187158 0.08258241 0.9186829 0.08271181 0.9185412 0.08271181 0.9185412 0.08258241 0.9186829 0.08264821 0.9185242 0.08271181 0.9185412 0.08264821 0.9185242 0.08273649 0.9183537 0.08273649 0.9183537 0.08264821 0.9185242 0.08267062 0.9183537 0.08273649 0.9183537 0.08267062 0.9183537 0.08271181 0.9181662 0.08271181 0.9181662 0.08267062 0.9183537 0.08264821 0.9181832 0.08271181 0.9181662 0.08264821 0.9181832 0.08263945 0.9179915 0.08263945 0.9179915 0.08264821 0.9181832 0.08258241 0.9180244 0.1163031 0.8771861 0.1162372 0.8771758 0.1163031 0.8769971 0.1163031 0.8769971 0.1162372 0.8771758 0.1162372 0.8770039 0.08252435 0.9178415 0.0824778 0.9178881 0.08237433 0.9177264 0.08237433 0.9177264 0.0824778 0.9178881 0.08234143 0.9177834 0.08237433 0.9177264 0.08234143 0.9177834 0.08219963 0.917654 0.08219963 0.917654 0.08234143 0.9177834 0.08218258 0.9177176 0.1059052 0.917654 0.1058882 0.9177176 0.1057178 0.9176294 0.1057178 0.9176294 0.1058882 0.9177176 0.1057178 0.9176952 0.1057178 0.9176294 0.1057178 0.9176952 0.1055303 0.917654 0.1055303 0.917654 0.1057178 0.9176952 0.1055474 0.9177176 0.1055303 0.917654 0.1055474 0.9177176 0.1053556 0.9177264 0.1053556 0.9177264 0.1055474 0.9177176 0.1053885 0.9177834 0.1053556 0.9177264 0.1053885 0.9177834 0.1052056 0.9178415 0.1052056 0.9178415 0.1053885 0.9177834 0.1052522 0.9178881 0.1156446 0.9477716 0.1155787 0.9477698 0.1156446 0.9475834 0.1156446 0.9475834 0.1155787 0.9477698 0.1155787 0.9475988 0.1050905 0.9179915 0.1051476 0.9180244 0.1050181 0.9181662 0.1050181 0.9181662 0.1051476 0.9180244 0.1050817 0.9181832 0.1050181 0.9181662 0.1050817 0.9181832 0.1049935 0.9183537 0.1049935 0.9183537 0.1050817 0.9181832 0.1050593 0.9183537 0.1049935 0.9183537 0.1050593 0.9183537 0.1050181 0.9185412 0.1050181 0.9185412 0.1050593 0.9183537 0.1050817 0.9185242 0.1050181 0.9185412 0.1050817 0.9185242 0.1050905 0.9187158 0.1050905 0.9187158 0.1050817 0.9185242 0.1051476 0.9186829 0.1050905 0.9187158 0.1051476 0.9186829 0.1052056 0.9188659 0.1052056 0.9188659 0.1051476 0.9186829 0.1052522 0.9188193 0.1149861 0.9607705 0.115052 0.9607759 0.1149861 0.9609594 0.1149861 0.9609594 0.115052 0.9607759 0.115052 0.9609475 0.1053556 0.918981 0.1053885 0.918924 0.1055303 0.9190533 0.1055303 0.9190533 0.1053885 0.918924 0.1055474 0.9189897 0.1055303 0.9190533 0.1055474 0.9189897 0.1057178 0.919078 0.1057178 0.919078 0.1055474 0.9189897 0.1057178 0.9190122 0.1057178 0.919078 0.1057178 0.9190122 0.1059052 0.9190533 0.1059052 0.9190533 0.1057178 0.9190122 0.1058882 0.9189897 0.1059052 0.9190533 0.1058882 0.9189897 0.1060799 0.918981 0.1060799 0.918981 0.1058882 0.9189897 0.106047 0.918924 0.1149861 0.9550324 0.1150519 0.9550468 0.1149861 0.9552207 0.1149861 0.9552207 0.1150519 0.9550468 0.1150519 0.955218 0.10623 0.9188659 0.1061834 0.9188193 0.1063451 0.9187158 0.1063451 0.9187158 0.1061834 0.9188193 0.1062881 0.9186829 0.1063451 0.9187158 0.1062881 0.9186829 0.1064174 0.9185412 0.1064174 0.9185412 0.1062881 0.9186829 0.1063538 0.9185242 0.1064174 0.9185412 0.1063538 0.9185242 0.1064421 0.9183537 0.1064421 0.9183537 0.1063538 0.9185242 0.1063763 0.9183537 0.1064421 0.9183537 0.1063763 0.9183537 0.1064174 0.9181662 0.1064174 0.9181662 0.1063763 0.9183537 0.1063538 0.9181832 0.1064174 0.9181662 0.1063538 0.9181832 0.1063451 0.9179915 0.1063451 0.9179915 0.1063538 0.9181832 0.1062881 0.9180244 0.1163031 0.8781123 0.1162372 0.878102 0.1163031 0.8779233 0.1163031 0.8779233 0.1162372 0.878102 0.1162372 0.8779301 0.10623 0.9178415 0.1061834 0.9178881 0.1060799 0.9177264 0.1060799 0.9177264 0.1061834 0.9178881 0.106047 0.9177834 0.1060799 0.9177264 0.106047 0.9177834 0.1059052 0.917654 0.1059052 0.917654 0.106047 0.9177834 0.1058882 0.9177176 0.08002507 0.919955 0.0812878 0.9183537 0.08036595 0.9199999 0.08036595 0.9199999 0.0812878 0.9183537 0.08131253 0.9185412 0.08036595 0.9199999 0.08131253 0.9185412 0.08138489 0.9187158 0.08002507 0.919955 0.07970744 0.9198235 0.0812878 0.9183537 0.0812878 0.9183537 0.07970744 0.9198235 0.07904893 0.9186829 0.0812878 0.9183537 0.07904893 0.9186829 0.08131253 0.9181662 0.08131253 0.9181662 0.07904893 0.9186829 0.08138489 0.9179915 0.08138489 0.9179915 0.07904893 0.9186829 0.08149999 0.9178415 0.08149999 0.9178415 0.07904893 0.9186829 0.08165001 0.9177264 0.08165001 0.9177264 0.07904893 0.9186829 0.08695083 0.9033722 0.08165001 0.9177264 0.08695083 0.9033722 0.08697855 0.9036045 0.07970744 0.9198235 0.07943469 0.9196142 0.07904893 0.9186829 0.07904893 0.9186829 0.07943469 0.9196142 0.07922542 0.9193415 0.07904893 0.9186829 0.07922542 0.9193415 0.07909381 0.9190238 0.07904899 0.8725886 0.08138489 0.877231 0.07904893 0.9186829 0.07904893 0.9186829 0.08138489 0.877231 0.08695083 0.8966253 0.07904893 0.9186829 0.08695083 0.8966253 0.08695083 0.8973354 0.0790714 0.8724182 0.0791372 0.8722594 0.07904899 0.8725886 0.07904899 0.8725886 0.0791372 0.8722594 0.07924181 0.872123 0.07904899 0.8725886 0.07924181 0.872123 0.07937818 0.8720183 0.07937818 0.8720183 0.07953703 0.8719525 0.07904899 0.8725886 0.07904899 0.8725886 0.07953703 0.8719525 0.07970744 0.8719301 0.07904899 0.8725886 0.07970744 0.8719301 0.0800932 0.8719301 0.07904899 0.8725886 0.0800932 0.8719301 0.08055883 0.872123 0.08055883 0.872123 0.0800932 0.8719301 0.08026361 0.8719525 0.08055883 0.872123 0.08026361 0.8719525 0.08042246 0.8720183 0.08250117 0.8740654 0.08165001 0.8762415 0.08055883 0.872123 0.08055883 0.872123 0.08165001 0.8762415 0.08149999 0.8763566 0.08055883 0.872123 0.08149999 0.8763566 0.08138489 0.8765066 0.08331948 0.8746933 0.08237433 0.8762415 0.08250117 0.8740654 0.08250117 0.8740654 0.08237433 0.8762415 0.08219963 0.8761692 0.08250117 0.8740654 0.08219963 0.8761692 0.08201217 0.8761445 0.08427232 0.875088 0.08271181 0.8766813 0.08331948 0.8746933 0.08331948 0.8746933 0.08271181 0.8766813 0.08263945 0.8765066 0.08331948 0.8746933 0.08263945 0.8765066 0.08252435 0.8763566 0.0852949 0.8752226 0.08271181 0.8770563 0.08427232 0.875088 0.08427232 0.875088 0.08271181 0.8770563 0.08273649 0.8768689 0.08427232 0.875088 0.08273649 0.8768689 0.08271181 0.8766813 0.1067056 0.8752226 0.1053556 0.8762415 0.0852949 0.8752226 0.0852949 0.8752226 0.1053556 0.8762415 0.1052056 0.8763566 0.0852949 0.8752226 0.1052056 0.8763566 0.08830857 0.8775992 0.08830857 0.8775992 0.1052056 0.8763566 0.1050905 0.8765066 0.08830857 0.8775992 0.1050905 0.8765066 0.1050181 0.8766813 0.1072168 0.8752899 0.1064174 0.8766813 0.1067056 0.8752226 0.1067056 0.8752226 0.1064174 0.8766813 0.1063451 0.8765066 0.1067056 0.8752226 0.1063451 0.8765066 0.10623 0.8763566 0.1064174 0.8766813 0.1072168 0.8752899 0.1064422 0.8768689 0.1064422 0.8768689 0.1072168 0.8752899 0.1076933 0.8754872 0.1064422 0.8768689 0.1076933 0.8754872 0.1081024 0.8758012 0.1081024 0.8758012 0.1084163 0.8762103 0.1064422 0.8768689 0.1064422 0.8768689 0.1084163 0.8762103 0.1086137 0.8766868 0.1064422 0.8768689 0.1086137 0.8766868 0.108681 0.8771981 0.108681 0.9180244 0.1027546 0.8968857 0.108681 0.8771981 0.108681 0.8771981 0.1027546 0.8968857 0.1027546 0.8961755 0.108681 0.8771981 0.1027546 0.8961755 0.1027546 0.890849 0.1027546 0.890849 0.1027546 0.8961755 0.1027269 0.8959432 0.1027546 0.890849 0.1027269 0.8959432 0.1027253 0.8910879 0.1027253 0.8910879 0.1027269 0.8959432 0.1026453 0.895724 0.1027253 0.8910879 0.1026453 0.895724 0.102639 0.8913127 0.102639 0.8913127 0.1026453 0.895724 0.1025146 0.8955301 0.102639 0.8913127 0.1025146 0.8955301 0.1025009 0.8915099 0.1025009 0.8915099 0.1025146 0.8955301 0.1023418 0.8953724 0.1025009 0.8915099 0.1023418 0.8953724 0.1023192 0.8916679 0.1023192 0.8916679 0.1023418 0.8953724 0.1021369 0.8952597 0.1023192 0.8916679 0.1021369 0.8952597 0.1021047 0.8917772 0.1021047 0.8917772 0.1021369 0.8952597 0.1018701 0.8918313 0.1018701 0.8918313 0.1021369 0.8952597 0.1016294 0.8918271 0.1016294 0.8918271 0.1021369 0.8952597 0.1013969 0.8917648 0.1013969 0.8917648 0.1021369 0.8952597 0.08830857 0.8896726 0.1013969 0.8917648 0.08830857 0.8896726 0.08756858 0.8861778 0.08756858 0.8861778 0.08830857 0.8896726 0.08807605 0.8896104 0.08756858 0.8861778 0.08807605 0.8896104 0.08783531 0.8896061 0.1086137 0.9185357 0.1064421 0.9183537 0.108681 0.9180244 0.108681 0.9180244 0.1064421 0.9183537 0.1064174 0.9181662 0.108681 0.9180244 0.1064174 0.9181662 0.1063451 0.9179915 0.1086137 0.9185357 0.1084163 0.9190122 0.1064421 0.9183537 0.1064421 0.9183537 0.1084163 0.9190122 0.1081024 0.9194213 0.1064421 0.9183537 0.1081024 0.9194213 0.1076933 0.9197353 0.1076933 0.9197353 0.1072168 0.9199326 0.1064421 0.9183537 0.1064421 0.9183537 0.1072168 0.9199326 0.1064174 0.9185412 0.1064174 0.9185412 0.1072168 0.9199326 0.1067055 0.9199999 0.1064174 0.9185412 0.1067055 0.9199999 0.1063451 0.9187158 0.1063451 0.9187158 0.1067055 0.9199999 0.10623 0.9188659 0.10623 0.9188659 0.1067055 0.9199999 0.1060799 0.918981 0.1060799 0.918981 0.1067055 0.9199999 0.1059052 0.9190533 0.1059052 0.9190533 0.1067055 0.9199999 0.1057178 0.919078 0.1057178 0.919078 0.1067055 0.9199999 0.1055303 0.9190533 0.1055303 0.9190533 0.1067055 0.9199999 0.1053556 0.918981 0.1053556 0.918981 0.1067055 0.9199999 0.08237433 0.918981 0.1053556 0.918981 0.08237433 0.918981 0.1052056 0.9188659 0.1052056 0.9188659 0.08237433 0.918981 0.08252435 0.9188659 0.1052056 0.9188659 0.08252435 0.9188659 0.1013969 0.9159117 0.1013969 0.9159117 0.08252435 0.9188659 0.08263945 0.9187158 0.1013969 0.9159117 0.08263945 0.9187158 0.08271181 0.9185412 0.1067055 0.9199999 0.08036595 0.9199999 0.08237433 0.918981 0.08237433 0.918981 0.08036595 0.9199999 0.08219963 0.9190533 0.08219963 0.9190533 0.08036595 0.9199999 0.08201217 0.919078 0.08201217 0.919078 0.08036595 0.9199999 0.08182471 0.9190533 0.08182471 0.9190533 0.08036595 0.9199999 0.08165001 0.918981 0.08165001 0.918981 0.08036595 0.9199999 0.08149999 0.9188659 0.08149999 0.9188659 0.08036595 0.9199999 0.08138489 0.9187158 0.1059052 0.917654 0.1057178 0.9176294 0.1027269 0.9140534 0.1027269 0.9140534 0.1057178 0.9176294 0.1055303 0.917654 0.1027269 0.9140534 0.1055303 0.917654 0.1027546 0.9142857 0.1027546 0.9142857 0.1055303 0.917654 0.1053556 0.9177264 0.1027546 0.9142857 0.1053556 0.9177264 0.1027546 0.9149959 0.1027546 0.9149959 0.1053556 0.9177264 0.1052056 0.9178415 0.1027546 0.9149959 0.1052056 0.9178415 0.1027253 0.9152349 0.1027253 0.9152349 0.1052056 0.9178415 0.1050905 0.9179915 0.1027253 0.9152349 0.1050905 0.9179915 0.102639 0.9154596 0.102639 0.9154596 0.1050905 0.9179915 0.1050181 0.9181662 0.102639 0.9154596 0.1050181 0.9181662 0.1025009 0.9156568 0.1025009 0.9156568 0.1050181 0.9181662 0.1049935 0.9183537 0.1025009 0.9156568 0.1049935 0.9183537 0.1023192 0.9158148 0.1023192 0.9158148 0.1049935 0.9183537 0.1050181 0.9185412 0.1023192 0.9158148 0.1050181 0.9185412 0.1021047 0.9159241 0.1021047 0.9159241 0.1050181 0.9185412 0.1018701 0.9159783 0.1018701 0.9159783 0.1050181 0.9185412 0.1050905 0.9187158 0.1018701 0.9159783 0.1050905 0.9187158 0.1016294 0.915974 0.1016294 0.915974 0.1050905 0.9187158 0.1013969 0.9159117 0.1013969 0.9159117 0.1050905 0.9187158 0.1052056 0.9188659 0.1063451 0.9179915 0.10623 0.9178415 0.108681 0.9180244 0.108681 0.9180244 0.10623 0.9178415 0.1060799 0.9177264 0.108681 0.9180244 0.1060799 0.9177264 0.1027546 0.9089592 0.1027546 0.9089592 0.1060799 0.9177264 0.1027253 0.9091982 0.1027253 0.9091982 0.1060799 0.9177264 0.1059052 0.917654 0.1027253 0.9091982 0.1059052 0.917654 0.1027269 0.9140534 0.08182471 0.917654 0.08695083 0.9086987 0.08201217 0.9176294 0.08201217 0.9176294 0.08695083 0.9086987 0.08695083 0.9094089 0.08201217 0.9176294 0.08695083 0.9094089 0.08219963 0.917654 0.08219963 0.917654 0.08695083 0.9094089 0.08697855 0.9096412 0.08219963 0.917654 0.08697855 0.9096412 0.08237433 0.9177264 0.08237433 0.9177264 0.08697855 0.9096412 0.08252435 0.9178415 0.08252435 0.9178415 0.08697855 0.9096412 0.08706009 0.9098604 0.08252435 0.9178415 0.08706009 0.9098604 0.08263945 0.9179915 0.08263945 0.9179915 0.08706009 0.9098604 0.08719086 0.9100543 0.08263945 0.9179915 0.08719086 0.9100543 0.08271181 0.9181662 0.08271181 0.9181662 0.08719086 0.9100543 0.0873636 0.910212 0.08271181 0.9181662 0.0873636 0.910212 0.08756858 0.9103247 0.08182471 0.917654 0.08165001 0.9177264 0.08695083 0.9086987 0.08695083 0.9086987 0.08165001 0.9177264 0.08698016 0.9084598 0.08698016 0.9084598 0.08165001 0.9177264 0.08697855 0.9036045 0.08698016 0.9084598 0.08697855 0.9036045 0.08706009 0.9038237 0.1013969 0.9159117 0.08271181 0.9185412 0.08756858 0.9103247 0.08756858 0.9103247 0.08271181 0.9185412 0.08273649 0.9183537 0.08756858 0.9103247 0.08273649 0.9183537 0.08271181 0.9181662 0.08201217 0.8761445 0.08182471 0.8761692 0.08250117 0.8740654 0.08250117 0.8740654 0.08182471 0.8761692 0.08165001 0.8762415 0.08055883 0.872123 0.08138489 0.8765066 0.07904899 0.8725886 0.07904899 0.8725886 0.08138489 0.8765066 0.08131253 0.8766813 0.07904899 0.8725886 0.08131253 0.8766813 0.0812878 0.8768689 0.0812878 0.8768689 0.08131253 0.8770563 0.07904899 0.8725886 0.07904899 0.8725886 0.08131253 0.8770563 0.08138489 0.877231 0.08138489 0.877231 0.08149999 0.877381 0.08695083 0.8966253 0.08695083 0.8966253 0.08149999 0.877381 0.08695083 0.8912988 0.08695083 0.8966253 0.08695083 0.8912988 0.08697855 0.891531 0.08149999 0.877381 0.08165001 0.8774961 0.08695083 0.8912988 0.08695083 0.8912988 0.08165001 0.8774961 0.08695083 0.8905885 0.08695083 0.8905885 0.08165001 0.8774961 0.08182471 0.8775685 0.08695083 0.8905885 0.08182471 0.8775685 0.08698016 0.8903495 0.08698016 0.8903495 0.08182471 0.8775685 0.08697855 0.8854942 0.08698016 0.8903495 0.08697855 0.8854942 0.08706009 0.8857135 0.08697855 0.8854942 0.08182471 0.8775685 0.08695083 0.885262 0.08695083 0.885262 0.08182471 0.8775685 0.08201217 0.8775932 0.08695083 0.885262 0.08201217 0.8775932 0.08695083 0.8845518 0.08695083 0.8845518 0.08201217 0.8775932 0.08219963 0.8775685 0.08695083 0.8845518 0.08219963 0.8775685 0.08237433 0.8774961 0.08695083 0.8845518 0.08237433 0.8774961 0.08698016 0.8843128 0.08698016 0.8843128 0.08237433 0.8774961 0.08252435 0.877381 0.08698016 0.8843128 0.08252435 0.877381 0.08697855 0.8794575 0.08697855 0.8794575 0.08252435 0.877381 0.08263945 0.877231 0.08697855 0.8794575 0.08263945 0.877231 0.08695083 0.8792253 0.08695083 0.8792253 0.08263945 0.877231 0.08271181 0.8770563 0.08695083 0.8792253 0.08271181 0.8770563 0.08695083 0.878515 0.08695083 0.878515 0.08271181 0.8770563 0.0852949 0.8752226 0.08695083 0.878515 0.0852949 0.8752226 0.08698016 0.8782761 0.08698016 0.8782761 0.0852949 0.8752226 0.08706647 0.8780513 0.08706647 0.8780513 0.0852949 0.8752226 0.08720457 0.8778541 0.08720457 0.8778541 0.0852949 0.8752226 0.08738625 0.8776962 0.08738625 0.8776962 0.0852949 0.8752226 0.08760076 0.8775869 0.08760076 0.8775869 0.0852949 0.8752226 0.08783531 0.8775327 0.08783531 0.8775327 0.0852949 0.8752226 0.08807605 0.8775369 0.08807605 0.8775369 0.0852949 0.8752226 0.08830857 0.8775992 0.08252435 0.8763566 0.08237433 0.8762415 0.08331948 0.8746933 0.1059052 0.8761692 0.1057178 0.8761445 0.1067056 0.8752226 0.1067056 0.8752226 0.1057178 0.8761445 0.1055303 0.8761692 0.1067056 0.8752226 0.1055303 0.8761692 0.1053556 0.8762415 0.08830857 0.8775992 0.1050181 0.8766813 0.1021369 0.8831862 0.1021369 0.8831862 0.1050181 0.8766813 0.1049935 0.8768689 0.1021369 0.8831862 0.1049935 0.8768689 0.1050181 0.8770563 0.1050181 0.8770563 0.1050905 0.877231 0.1021369 0.8831862 0.1021369 0.8831862 0.1050905 0.877231 0.1023418 0.8832989 0.1023418 0.8832989 0.1050905 0.877231 0.1025146 0.8834566 0.1025146 0.8834566 0.1050905 0.877231 0.1052056 0.877381 0.1025146 0.8834566 0.1052056 0.877381 0.1026453 0.8836506 0.1026453 0.8836506 0.1052056 0.877381 0.1053556 0.8774961 0.1026453 0.8836506 0.1053556 0.8774961 0.1055303 0.8775685 0.1026453 0.8836506 0.1055303 0.8775685 0.1027269 0.8838698 0.1027269 0.8838698 0.1055303 0.8775685 0.1057178 0.8775932 0.1027269 0.8838698 0.1057178 0.8775932 0.1027546 0.884102 0.1027546 0.884102 0.1057178 0.8775932 0.1059052 0.8775685 0.1027546 0.884102 0.1059052 0.8775685 0.1060799 0.8774961 0.10623 0.877381 0.108681 0.8771981 0.1060799 0.8774961 0.1060799 0.8774961 0.108681 0.8771981 0.1027546 0.8848122 0.1060799 0.8774961 0.1027546 0.8848122 0.1027546 0.884102 0.10623 0.877381 0.1063451 0.877231 0.108681 0.8771981 0.108681 0.8771981 0.1063451 0.877231 0.1064174 0.8770563 0.108681 0.8771981 0.1064174 0.8770563 0.1064422 0.8768689 0.10623 0.8763566 0.1060799 0.8762415 0.1067056 0.8752226 0.1067056 0.8752226 0.1060799 0.8762415 0.1059052 0.8761692 0.07904893 0.9186829 0.08695083 0.8973354 0.08695083 0.902662 0.08695083 0.902662 0.08695083 0.8973354 0.08697855 0.8975677 0.08695083 0.902662 0.08697855 0.8975677 0.08698016 0.902423 0.08698016 0.902423 0.08697855 0.8975677 0.08706009 0.897787 0.08698016 0.902423 0.08706009 0.897787 0.08706647 0.9021983 0.08706647 0.9021983 0.08706009 0.897787 0.08719086 0.8979808 0.08706647 0.9021983 0.08719086 0.8979808 0.08720457 0.902001 0.08720457 0.902001 0.08719086 0.8979808 0.0873636 0.8981386 0.08720457 0.902001 0.0873636 0.8981386 0.08738625 0.9018431 0.08738625 0.9018431 0.0873636 0.8981386 0.08756858 0.8982513 0.08738625 0.9018431 0.08756858 0.8982513 0.08760076 0.9017338 0.08760076 0.9017338 0.08756858 0.8982513 0.08783531 0.9016796 0.08783531 0.9016796 0.08756858 0.8982513 0.08807605 0.9016838 0.08807605 0.9016838 0.08756858 0.8982513 0.08830857 0.9017462 0.08830857 0.9017462 0.08756858 0.8982513 0.1013969 0.9038383 0.08830857 0.9017462 0.1013969 0.9038383 0.1021369 0.9073331 0.1021369 0.9073331 0.1013969 0.9038383 0.1016294 0.9039006 0.1021369 0.9073331 0.1016294 0.9039006 0.1018701 0.9039048 0.1018701 0.9039048 0.1021047 0.9038506 0.1021369 0.9073331 0.1021369 0.9073331 0.1021047 0.9038506 0.1023192 0.9037413 0.1021369 0.9073331 0.1023192 0.9037413 0.1023418 0.9074459 0.1023418 0.9074459 0.1023192 0.9037413 0.1025009 0.9035834 0.1023418 0.9074459 0.1025009 0.9035834 0.1025146 0.9076036 0.1025146 0.9076036 0.1025009 0.9035834 0.102639 0.9033861 0.1025146 0.9076036 0.102639 0.9033861 0.1026453 0.9077975 0.1026453 0.9077975 0.102639 0.9033861 0.1027253 0.9031614 0.1026453 0.9077975 0.1027253 0.9031614 0.1027269 0.9080167 0.1027269 0.9080167 0.1027253 0.9031614 0.108681 0.9180244 0.1027269 0.9080167 0.108681 0.9180244 0.1027546 0.908249 0.1027546 0.908249 0.108681 0.9180244 0.1027546 0.9089592 0.1027253 0.9031614 0.1027546 0.9029224 0.108681 0.9180244 0.108681 0.9180244 0.1027546 0.9029224 0.1027546 0.9022123 0.108681 0.9180244 0.1027546 0.9022123 0.1027546 0.8968857 0.1027546 0.8968857 0.1027546 0.9022123 0.1027269 0.90198 0.1027546 0.8968857 0.1027269 0.90198 0.1027253 0.8971247 0.1027253 0.8971247 0.1027269 0.90198 0.1026453 0.9017607 0.1027253 0.8971247 0.1026453 0.9017607 0.102639 0.8973494 0.102639 0.8973494 0.1026453 0.9017607 0.1025146 0.9015669 0.102639 0.8973494 0.1025146 0.9015669 0.1025009 0.8975467 0.1025009 0.8975467 0.1025146 0.9015669 0.1023418 0.9014092 0.1025009 0.8975467 0.1023418 0.9014092 0.1023192 0.8977046 0.1023192 0.8977046 0.1023418 0.9014092 0.1021369 0.9012964 0.1023192 0.8977046 0.1021369 0.9012964 0.1021047 0.8978139 0.1021047 0.8978139 0.1021369 0.9012964 0.1018701 0.897868 0.1018701 0.897868 0.1021369 0.9012964 0.1016294 0.8978639 0.1016294 0.8978639 0.1021369 0.9012964 0.1013969 0.8978015 0.1013969 0.8978015 0.1021369 0.9012964 0.08830857 0.8957094 0.1013969 0.8978015 0.08830857 0.8957094 0.08756858 0.8922145 0.08756858 0.8922145 0.08830857 0.8957094 0.08807605 0.8956471 0.08756858 0.8922145 0.08807605 0.8956471 0.08783531 0.8956429 0.08783531 0.8956429 0.08760076 0.8956971 0.08756858 0.8922145 0.08756858 0.8922145 0.08760076 0.8956971 0.08738625 0.8958064 0.08756858 0.8922145 0.08738625 0.8958064 0.0873636 0.8921018 0.0873636 0.8921018 0.08738625 0.8958064 0.08720457 0.8959643 0.0873636 0.8921018 0.08720457 0.8959643 0.08719086 0.8919441 0.08719086 0.8919441 0.08720457 0.8959643 0.08706647 0.8961616 0.08719086 0.8919441 0.08706647 0.8961616 0.08706009 0.8917502 0.08706009 0.8917502 0.08706647 0.8961616 0.08698016 0.8963863 0.08706009 0.8917502 0.08698016 0.8963863 0.08697855 0.891531 0.08697855 0.891531 0.08698016 0.8963863 0.08695083 0.8966253 0.08698016 0.9084598 0.08706009 0.9038237 0.08706647 0.908235 0.08706647 0.908235 0.08706009 0.9038237 0.08719086 0.9040176 0.08706647 0.908235 0.08719086 0.9040176 0.08720457 0.9080378 0.08720457 0.9080378 0.08719086 0.9040176 0.0873636 0.9041753 0.08720457 0.9080378 0.0873636 0.9041753 0.08738625 0.9078798 0.08738625 0.9078798 0.0873636 0.9041753 0.08756858 0.904288 0.08738625 0.9078798 0.08756858 0.904288 0.08760076 0.9077705 0.08760076 0.9077705 0.08756858 0.904288 0.08783531 0.9077164 0.08783531 0.9077164 0.08756858 0.904288 0.08807605 0.9077206 0.08807605 0.9077206 0.08756858 0.904288 0.08830857 0.9077829 0.08830857 0.9077829 0.08756858 0.904288 0.1013969 0.909875 0.08830857 0.9077829 0.1013969 0.909875 0.1021369 0.9133699 0.1021369 0.9133699 0.1013969 0.909875 0.1016294 0.9099373 0.1021369 0.9133699 0.1016294 0.9099373 0.1018701 0.9099415 0.1018701 0.9099415 0.1021047 0.9098873 0.1021369 0.9133699 0.1021369 0.9133699 0.1021047 0.9098873 0.1023192 0.9097781 0.1021369 0.9133699 0.1023192 0.9097781 0.1023418 0.9134826 0.1023418 0.9134826 0.1023192 0.9097781 0.1025009 0.9096201 0.1023418 0.9134826 0.1025009 0.9096201 0.1025146 0.9136403 0.1025146 0.9136403 0.1025009 0.9096201 0.102639 0.9094229 0.1025146 0.9136403 0.102639 0.9094229 0.1026453 0.9138342 0.1026453 0.9138342 0.102639 0.9094229 0.1027253 0.9091982 0.1026453 0.9138342 0.1027253 0.9091982 0.1027269 0.9140534 0.08695083 0.902662 0.08695083 0.9033722 0.07904893 0.9186829 0.08783531 0.8896061 0.08760076 0.8896604 0.08756858 0.8861778 0.08756858 0.8861778 0.08760076 0.8896604 0.08738625 0.8897697 0.08756858 0.8861778 0.08738625 0.8897697 0.0873636 0.8860651 0.0873636 0.8860651 0.08738625 0.8897697 0.08720457 0.8899276 0.0873636 0.8860651 0.08720457 0.8899276 0.08719086 0.8859074 0.08719086 0.8859074 0.08720457 0.8899276 0.08706647 0.8901248 0.08719086 0.8859074 0.08706647 0.8901248 0.08706009 0.8857135 0.08706009 0.8857135 0.08706647 0.8901248 0.08698016 0.8903495 0.08697855 0.8794575 0.08706009 0.8796767 0.08698016 0.8843128 0.08698016 0.8843128 0.08706009 0.8796767 0.08706647 0.884088 0.08706647 0.884088 0.08706009 0.8796767 0.08719086 0.8798707 0.08706647 0.884088 0.08719086 0.8798707 0.08720457 0.8838909 0.08720457 0.8838909 0.08719086 0.8798707 0.0873636 0.8800284 0.08720457 0.8838909 0.0873636 0.8800284 0.08738625 0.8837329 0.08738625 0.8837329 0.0873636 0.8800284 0.08756858 0.880141 0.08738625 0.8837329 0.08756858 0.880141 0.08760076 0.8836236 0.08760076 0.8836236 0.08756858 0.880141 0.08783531 0.8835695 0.08783531 0.8835695 0.08756858 0.880141 0.08807605 0.8835737 0.08807605 0.8835737 0.08756858 0.880141 0.08830857 0.8836359 0.08830857 0.8836359 0.08756858 0.880141 0.1013969 0.885728 0.08830857 0.8836359 0.1013969 0.885728 0.1021369 0.889223 0.1021369 0.889223 0.1013969 0.885728 0.1016294 0.8857904 0.1021369 0.889223 0.1016294 0.8857904 0.1018701 0.8857945 0.1018701 0.8857945 0.1021047 0.8857404 0.1021369 0.889223 0.1021369 0.889223 0.1021047 0.8857404 0.1023192 0.8856311 0.1021369 0.889223 0.1023192 0.8856311 0.1023418 0.8893356 0.1023418 0.8893356 0.1023192 0.8856311 0.1025009 0.8854731 0.1023418 0.8893356 0.1025009 0.8854731 0.1025146 0.8894934 0.1025146 0.8894934 0.1025009 0.8854731 0.102639 0.885276 0.1025146 0.8894934 0.102639 0.885276 0.1026453 0.8896873 0.1026453 0.8896873 0.102639 0.885276 0.1027253 0.8850511 0.1026453 0.8896873 0.1027253 0.8850511 0.1027269 0.8899065 0.1027269 0.8899065 0.1027253 0.8850511 0.108681 0.8771981 0.1027269 0.8899065 0.108681 0.8771981 0.1027546 0.8901388 0.1027546 0.8901388 0.108681 0.8771981 0.1027546 0.890849 0.1027253 0.8850511 0.1027546 0.8848122 0.108681 0.8771981 0.1129612 0.9042386 0.1123027 0.9042386 0.1129612 0.9040095 0.1129612 0.9040095 0.1123027 0.9042386 0.1123027 0.9040095 0.1129612 0.9040095 0.1123027 0.9040095 0.1129612 0.9037757 0.1129612 0.9037757 0.1123027 0.9040095 0.1123027 0.9037757 0.1129612 0.9037757 0.1123027 0.9037757 0.1129612 0.9035504 0.1129612 0.9035504 0.1123027 0.9037757 0.1123027 0.9035504 0.1129612 0.9035504 0.1123027 0.9035504 0.1129612 0.9033463 0.1129612 0.9033463 0.1123027 0.9035504 0.1123027 0.9033463 0.1129612 0.9033463 0.1123027 0.9033463 0.1129612 0.9031748 0.1129612 0.9031748 0.1123027 0.9033463 0.1123027 0.9031748 0.1156446 0.9157879 0.1156446 0.9163031 0.1149861 0.9157879 0.1149861 0.9157879 0.1156446 0.9163031 0.1149861 0.9163031 0.1142782 0.9465909 0.1142782 0.9596369 0.1136197 0.9465909 0.1136197 0.9465909 0.1142782 0.9596369 0.1136197 0.9596369 0.1136197 0.9596369 0.1142782 0.9596369 0.1136197 0.9598535 0.1136197 0.9598535 0.1142782 0.9596369 0.1142782 0.9598535 0.1136197 0.9598535 0.1142782 0.9598535 0.1136197 0.9600848 0.1136197 0.9600848 0.1142782 0.9598535 0.1142782 0.9600848 0.1136197 0.9600848 0.1142782 0.9600848 0.1136197 0.9603179 0.1136197 0.9603179 0.1142782 0.9600848 0.1142782 0.9603179 0.1136197 0.9603179 0.1142782 0.9603179 0.1136197 0.9605396 0.1136197 0.9605396 0.1142782 0.9603179 0.1142782 0.9605396 0.1136197 0.9605396 0.1142782 0.9605396 0.1136197 0.9607375 0.1136197 0.9607375 0.1142782 0.9605396 0.1142782 0.9607375 0.1142782 0.9607375 0.1142782 0.9612893 0.1136197 0.9607375 0.1136197 0.9607375 0.1142782 0.9612893 0.1136197 0.9612893 0.1156446 0.9396275 0.1149861 0.9396275 0.1156446 0.9394442 0.1156446 0.9394442 0.1149861 0.9396275 0.1149861 0.9394442 0.1156446 0.9394442 0.1149861 0.9394442 0.1156446 0.9392284 0.1156446 0.9392284 0.1149861 0.9394442 0.1149861 0.9392284 0.1156446 0.9392284 0.1149861 0.9392284 0.1156446 0.9389933 0.1156446 0.9389933 0.1149861 0.9392284 0.1149861 0.9389933 0.1156446 0.9389933 0.1149861 0.9389933 0.1156446 0.9387527 0.1156446 0.9387527 0.1149861 0.9389933 0.1149861 0.9387527 0.1156446 0.9387527 0.1149861 0.9387527 0.1156446 0.9385208 0.1156446 0.9385208 0.1149861 0.9387527 0.1149861 0.9385208 0.1156446 0.9385208 0.1149861 0.9385208 0.1156446 0.9383115 0.1156446 0.9383115 0.1149861 0.9385208 0.1149861 0.9383115 0.1129612 0.9187971 0.1123027 0.9187971 0.1129612 0.918611 0.1129612 0.918611 0.1123027 0.9187971 0.1123027 0.918611 0.1129612 0.918611 0.1123027 0.918611 0.1129612 0.9183935 0.1129612 0.9183935 0.1123027 0.918611 0.1123027 0.9183935 0.1129612 0.9183935 0.1123027 0.9183935 0.1129612 0.9042386 0.1129612 0.9042386 0.1123027 0.9183935 0.1123027 0.9042386 0.1129612 0.9198609 0.1123027 0.9198609 0.1129612 0.9196317 0.1129612 0.9196317 0.1123027 0.9198609 0.1123027 0.9196317 0.1129612 0.9196317 0.1123027 0.9196317 0.1129612 0.919398 0.1129612 0.919398 0.1123027 0.9196317 0.1123027 0.919398 0.1129612 0.919398 0.1123027 0.919398 0.1129612 0.9191728 0.1129612 0.9191728 0.1123027 0.919398 0.1123027 0.9191728 0.1129612 0.9191728 0.1123027 0.9191728 0.1129612 0.9189687 0.1129612 0.9189687 0.1123027 0.9191728 0.1123027 0.9189687 0.1129612 0.9189687 0.1123027 0.9189687 0.1129612 0.9187971 0.1129612 0.9187971 0.1123027 0.9189687 0.1123027 0.9187971 0.1156446 0.9257841 0.1156446 0.9262993 0.1149861 0.9257841 0.1149861 0.9257841 0.1156446 0.9262993 0.1149861 0.9262993 0.1142782 0.9316977 0.1142782 0.9447438 0.1136197 0.9316977 0.1136197 0.9316977 0.1142782 0.9447438 0.1136197 0.9447438 0.1136197 0.9447438 0.1142782 0.9447438 0.1136197 0.9449604 0.1136197 0.9449604 0.1142782 0.9447438 0.1142782 0.9449604 0.1136197 0.9449604 0.1142782 0.9449604 0.1136197 0.9451916 0.1136197 0.9451916 0.1142782 0.9449604 0.1142782 0.9451916 0.1136197 0.9451916 0.1142782 0.9451916 0.1136197 0.9454247 0.1136197 0.9454247 0.1142782 0.9451916 0.1142782 0.9454247 0.1136197 0.9454247 0.1142782 0.9454247 0.1136197 0.9456463 0.1136197 0.9456463 0.1142782 0.9454247 0.1142782 0.9456463 0.1136197 0.9456463 0.1142782 0.9456463 0.1136197 0.9458442 0.1136197 0.9458442 0.1142782 0.9456463 0.1142782 0.9458442 0.1142782 0.9458442 0.1142782 0.9463961 0.1136197 0.9458442 0.1136197 0.9458442 0.1142782 0.9463961 0.1136197 0.9463961 0.1156446 0.9422596 0.1149861 0.9422596 0.1156446 0.9420762 0.1156446 0.9420762 0.1149861 0.9422596 0.1149861 0.9420762 0.1156446 0.9420762 0.1149861 0.9420762 0.1156446 0.9418606 0.1156446 0.9418606 0.1149861 0.9420762 0.1149861 0.9418606 0.1156446 0.9418606 0.1149861 0.9418606 0.1156446 0.9416254 0.1156446 0.9416254 0.1149861 0.9418606 0.1149861 0.9416254 0.1156446 0.9416254 0.1149861 0.9416254 0.1156446 0.9413847 0.1156446 0.9413847 0.1149861 0.9416254 0.1149861 0.9413847 0.1156446 0.9413847 0.1149861 0.9413847 0.1156446 0.9411528 0.1156446 0.9411528 0.1149861 0.9413847 0.1149861 0.9411528 0.1156446 0.9411528 0.1149861 0.9411528 0.1156446 0.9409436 0.1156446 0.9409436 0.1149861 0.9411528 0.1149861 0.9409436 0.1129612 0.9344195 0.1123027 0.9344195 0.1129612 0.9342333 0.1129612 0.9342333 0.1123027 0.9344195 0.1123027 0.9342333 0.1129612 0.9342333 0.1123027 0.9342333 0.1129612 0.9340158 0.1129612 0.9340158 0.1123027 0.9342333 0.1123027 0.9340158 0.1129612 0.9340158 0.1123027 0.9340158 0.1129612 0.9198609 0.1129612 0.9198609 0.1123027 0.9340158 0.1123027 0.9198609 0.1129612 0.9354832 0.1123027 0.9354832 0.1129612 0.9352541 0.1129612 0.9352541 0.1123027 0.9354832 0.1123027 0.9352541 0.1129612 0.9352541 0.1123027 0.9352541 0.1129612 0.9350203 0.1129612 0.9350203 0.1123027 0.9352541 0.1123027 0.9350203 0.1129612 0.9350203 0.1123027 0.9350203 0.1129612 0.9347952 0.1129612 0.9347952 0.1123027 0.9350203 0.1123027 0.9347952 0.1129612 0.9347952 0.1123027 0.9347952 0.1129612 0.9345909 0.1129612 0.9345909 0.1123027 0.9347952 0.1123027 0.9345909 0.1129612 0.9345909 0.1123027 0.9345909 0.1129612 0.9344195 0.1129612 0.9344195 0.1123027 0.9345909 0.1123027 0.9344195 0.1156446 0.9237849 0.1156446 0.9243001 0.1149861 0.9237849 0.1149861 0.9237849 0.1156446 0.9243001 0.1149861 0.9243001 0.1142782 0.9168045 0.1142782 0.9298506 0.1136197 0.9168045 0.1136197 0.9168045 0.1142782 0.9298506 0.1136197 0.9298506 0.1136197 0.9298506 0.1142782 0.9298506 0.1136197 0.9300672 0.1136197 0.9300672 0.1142782 0.9298506 0.1142782 0.9300672 0.1136197 0.9300672 0.1142782 0.9300672 0.1136197 0.9302985 0.1136197 0.9302985 0.1142782 0.9300672 0.1142782 0.9302985 0.1136197 0.9302985 0.1142782 0.9302985 0.1136197 0.9305315 0.1136197 0.9305315 0.1142782 0.9302985 0.1142782 0.9305315 0.1136197 0.9305315 0.1142782 0.9305315 0.1136197 0.9307531 0.1136197 0.9307531 0.1142782 0.9305315 0.1142782 0.9307531 0.1136197 0.9307531 0.1142782 0.9307531 0.1136197 0.930951 0.1136197 0.930951 0.1142782 0.9307531 0.1142782 0.930951 0.1142782 0.930951 0.1142782 0.9315028 0.1136197 0.930951 0.1136197 0.930951 0.1142782 0.9315028 0.1136197 0.9315028 0.1156446 0.9409436 0.1149861 0.9409436 0.1156446 0.9407601 0.1156446 0.9407601 0.1149861 0.9409436 0.1149861 0.9407601 0.1156446 0.9407601 0.1149861 0.9407601 0.1156446 0.9405445 0.1156446 0.9405445 0.1149861 0.9407601 0.1149861 0.9405445 0.1156446 0.9405445 0.1149861 0.9405445 0.1156446 0.9403093 0.1156446 0.9403093 0.1149861 0.9405445 0.1149861 0.9403093 0.1156446 0.9403093 0.1149861 0.9403093 0.1156446 0.9400687 0.1156446 0.9400687 0.1149861 0.9403093 0.1149861 0.9400687 0.1156446 0.9400687 0.1149861 0.9400687 0.1156446 0.9398369 0.1156446 0.9398369 0.1149861 0.9400687 0.1149861 0.9398369 0.1156446 0.9398369 0.1149861 0.9398369 0.1156446 0.9396275 0.1156446 0.9396275 0.1149861 0.9398369 0.1149861 0.9396275 0.1129612 0.9500418 0.1123027 0.9500418 0.1129612 0.9498557 0.1129612 0.9498557 0.1123027 0.9500418 0.1123027 0.9498557 0.1129612 0.9498557 0.1123027 0.9498557 0.1129612 0.9496381 0.1129612 0.9496381 0.1123027 0.9498557 0.1123027 0.9496381 0.1129612 0.9496381 0.1123027 0.9496381 0.1129612 0.9354832 0.1129612 0.9354832 0.1123027 0.9496381 0.1123027 0.9354832 0.1129612 0.9511056 0.1123027 0.9511056 0.1129612 0.9508765 0.1129612 0.9508765 0.1123027 0.9511056 0.1123027 0.9508765 0.1129612 0.9508765 0.1123027 0.9508765 0.1129612 0.9506427 0.1129612 0.9506427 0.1123027 0.9508765 0.1123027 0.9506427 0.1129612 0.9506427 0.1123027 0.9506427 0.1129612 0.9504174 0.1129612 0.9504174 0.1123027 0.9506427 0.1123027 0.9504174 0.1129612 0.9504174 0.1123027 0.9504174 0.1129612 0.9502133 0.1129612 0.9502133 0.1123027 0.9504174 0.1123027 0.9502133 0.1129612 0.9502133 0.1123027 0.9502133 0.1129612 0.9500418 0.1129612 0.9500418 0.1123027 0.9502133 0.1123027 0.9500418 0.1156446 0.9217856 0.1156446 0.9223008 0.1149861 0.9217856 0.1149861 0.9217856 0.1156446 0.9223008 0.1149861 0.9223008 0.1149367 0.8870181 0.1149367 0.9000642 0.1142782 0.8870181 0.1142782 0.8870181 0.1149367 0.9000642 0.1142782 0.9000642 0.1142782 0.9000642 0.1149367 0.9000642 0.1142782 0.9002808 0.1142782 0.9002808 0.1149367 0.9000642 0.1149367 0.9002808 0.1142782 0.9002808 0.1149367 0.9002808 0.1142782 0.9005121 0.1142782 0.9005121 0.1149367 0.9002808 0.1149367 0.9005121 0.1142782 0.9005121 0.1149367 0.9005121 0.1142782 0.9007451 0.1142782 0.9007451 0.1149367 0.9005121 0.1149367 0.9007451 0.1142782 0.9007451 0.1149367 0.9007451 0.1142782 0.9009668 0.1142782 0.9009668 0.1149367 0.9007451 0.1149367 0.9009668 0.1142782 0.9009668 0.1149367 0.9009668 0.1142782 0.9011647 0.1142782 0.9011647 0.1149367 0.9009668 0.1149367 0.9011647 0.1149367 0.9011647 0.1149367 0.9017165 0.1142782 0.9011647 0.1142782 0.9011647 0.1149367 0.9017165 0.1142782 0.9017165 0.1156446 0.9383115 0.1149861 0.9383115 0.1156446 0.9381281 0.1156446 0.9381281 0.1149861 0.9383115 0.1149861 0.9381281 0.1156446 0.9381281 0.1149861 0.9381281 0.1156446 0.9379125 0.1156446 0.9379125 0.1149861 0.9381281 0.1149861 0.9379125 0.1156446 0.9379125 0.1149861 0.9379125 0.1156446 0.9376773 0.1156446 0.9376773 0.1149861 0.9379125 0.1149861 0.9376773 0.1156446 0.9376773 0.1149861 0.9376773 0.1156446 0.9374367 0.1156446 0.9374367 0.1149861 0.9376773 0.1149861 0.9374367 0.1156446 0.9374367 0.1149861 0.9374367 0.1156446 0.9372048 0.1156446 0.9372048 0.1149861 0.9374367 0.1149861 0.9372048 0.1156446 0.9372048 0.1149861 0.9372048 0.1156446 0.9369955 0.1156446 0.9369955 0.1149861 0.9372048 0.1149861 0.9369955 0.1129612 0.9656642 0.1123027 0.9656642 0.1129612 0.9654781 0.1129612 0.9654781 0.1123027 0.9656642 0.1123027 0.9654781 0.1129612 0.9654781 0.1123027 0.9654781 0.1129612 0.9652605 0.1129612 0.9652605 0.1123027 0.9654781 0.1123027 0.9652605 0.1129612 0.9652605 0.1123027 0.9652605 0.1129612 0.9511056 0.1129612 0.9511056 0.1123027 0.9652605 0.1123027 0.9511056 0.1136197 0.872994 0.1129612 0.872994 0.1136197 0.8727647 0.1136197 0.8727647 0.1129612 0.872994 0.1129612 0.8727647 0.1136197 0.8727647 0.1129612 0.8727647 0.1136197 0.872531 0.1136197 0.872531 0.1129612 0.8727647 0.1129612 0.872531 0.1136197 0.872531 0.1129612 0.872531 0.1136197 0.8723058 0.1136197 0.8723058 0.1129612 0.872531 0.1129612 0.8723058 0.1136197 0.8723058 0.1129612 0.8723058 0.1136197 0.8721017 0.1136197 0.8721017 0.1129612 0.8723058 0.1129612 0.8721017 0.1136197 0.8721017 0.1129612 0.8721017 0.1136197 0.8719301 0.1136197 0.8719301 0.1129612 0.8721017 0.1129612 0.8719301 0.1156446 0.9197863 0.1156446 0.9203016 0.1149861 0.9197863 0.1149861 0.9197863 0.1156446 0.9203016 0.1149861 0.9203016 0.1149367 0.8721249 0.1149367 0.8851711 0.1142782 0.8721249 0.1142782 0.8721249 0.1149367 0.8851711 0.1142782 0.8851711 0.1142782 0.8851711 0.1149367 0.8851711 0.1142782 0.8853877 0.1142782 0.8853877 0.1149367 0.8851711 0.1149367 0.8853877 0.1142782 0.8853877 0.1149367 0.8853877 0.1142782 0.8856189 0.1142782 0.8856189 0.1149367 0.8853877 0.1149367 0.8856189 0.1142782 0.8856189 0.1149367 0.8856189 0.1142782 0.885852 0.1142782 0.885852 0.1149367 0.8856189 0.1149367 0.885852 0.1142782 0.885852 0.1149367 0.885852 0.1142782 0.8860736 0.1142782 0.8860736 0.1149367 0.885852 0.1149367 0.8860736 0.1142782 0.8860736 0.1149367 0.8860736 0.1142782 0.8862715 0.1142782 0.8862715 0.1149367 0.8860736 0.1149367 0.8862715 0.1149367 0.8862715 0.1149367 0.8868233 0.1142782 0.8862715 0.1142782 0.8862715 0.1149367 0.8868233 0.1142782 0.8868233 0.1156446 0.9369955 0.1149861 0.9369955 0.1156446 0.9368122 0.1156446 0.9368122 0.1149861 0.9369955 0.1149861 0.9368122 0.1156446 0.9368122 0.1149861 0.9368122 0.1156446 0.9365964 0.1156446 0.9365964 0.1149861 0.9368122 0.1149861 0.9365964 0.1156446 0.9365964 0.1149861 0.9365964 0.1156446 0.9363613 0.1156446 0.9363613 0.1149861 0.9365964 0.1149861 0.9363613 0.1156446 0.9363613 0.1149861 0.9363613 0.1156446 0.9361206 0.1156446 0.9361206 0.1149861 0.9363613 0.1149861 0.9361206 0.1156446 0.9361206 0.1149861 0.9361206 0.1156446 0.9358888 0.1156446 0.9358888 0.1149861 0.9361206 0.1149861 0.9358888 0.1156446 0.9358888 0.1149861 0.9358888 0.1156446 0.9356794 0.1156446 0.9356794 0.1149861 0.9358888 0.1149861 0.9356794 0.1136197 0.8875525 0.1129612 0.8875525 0.1136197 0.8873663 0.1136197 0.8873663 0.1129612 0.8875525 0.1129612 0.8873663 0.1136197 0.8873663 0.1129612 0.8873663 0.1136197 0.8871487 0.1136197 0.8871487 0.1129612 0.8873663 0.1129612 0.8871487 0.1136197 0.8871487 0.1129612 0.8871487 0.1136197 0.872994 0.1136197 0.872994 0.1129612 0.8871487 0.1129612 0.872994 0.1136197 0.8886162 0.1129612 0.8886162 0.1136197 0.8883871 0.1136197 0.8883871 0.1129612 0.8886162 0.1129612 0.8883871 0.1136197 0.8883871 0.1129612 0.8883871 0.1136197 0.8881533 0.1136197 0.8881533 0.1129612 0.8883871 0.1129612 0.8881533 0.1136197 0.8881533 0.1129612 0.8881533 0.1136197 0.8879281 0.1136197 0.8879281 0.1129612 0.8881533 0.1129612 0.8879281 0.1136197 0.8879281 0.1129612 0.8879281 0.1136197 0.887724 0.1136197 0.887724 0.1129612 0.8879281 0.1129612 0.887724 0.1136197 0.887724 0.1129612 0.887724 0.1136197 0.8875525 0.1136197 0.8875525 0.1129612 0.887724 0.1129612 0.8875525 0.1156446 0.9177871 0.1156446 0.9183024 0.1149861 0.9177871 0.1149861 0.9177871 0.1156446 0.9183024 0.1149861 0.9183024 0.1142782 0.9019113 0.1142782 0.9149574 0.1136197 0.9019113 0.1136197 0.9019113 0.1142782 0.9149574 0.1136197 0.9149574 0.1136197 0.9149574 0.1142782 0.9149574 0.1136197 0.915174 0.1136197 0.915174 0.1142782 0.9149574 0.1142782 0.915174 0.1136197 0.915174 0.1142782 0.915174 0.1136197 0.9154053 0.1136197 0.9154053 0.1142782 0.915174 0.1142782 0.9154053 0.1136197 0.9154053 0.1142782 0.9154053 0.1136197 0.9156383 0.1136197 0.9156383 0.1142782 0.9154053 0.1142782 0.9156383 0.1136197 0.9156383 0.1142782 0.9156383 0.1136197 0.9158599 0.1136197 0.9158599 0.1142782 0.9156383 0.1142782 0.9158599 0.1136197 0.9158599 0.1142782 0.9158599 0.1136197 0.9160578 0.1136197 0.9160578 0.1142782 0.9158599 0.1142782 0.9160578 0.1142782 0.9160578 0.1142782 0.9166097 0.1136197 0.9160578 0.1136197 0.9160578 0.1142782 0.9166097 0.1136197 0.9166097 0.1156446 0.9435756 0.1149861 0.9435756 0.1156446 0.9433922 0.1156446 0.9433922 0.1149861 0.9435756 0.1149861 0.9433922 0.1156446 0.9433922 0.1149861 0.9433922 0.1156446 0.9431765 0.1156446 0.9431765 0.1149861 0.9433922 0.1149861 0.9431765 0.1156446 0.9431765 0.1149861 0.9431765 0.1156446 0.9429413 0.1156446 0.9429413 0.1149861 0.9431765 0.1149861 0.9429413 0.1156446 0.9429413 0.1149861 0.9429413 0.1156446 0.9427008 0.1156446 0.9427008 0.1149861 0.9429413 0.1149861 0.9427008 0.1156446 0.9427008 0.1149861 0.9427008 0.1156446 0.9424689 0.1156446 0.9424689 0.1149861 0.9427008 0.1149861 0.9424689 0.1156446 0.9424689 0.1149861 0.9424689 0.1156446 0.9422596 0.1156446 0.9422596 0.1149861 0.9424689 0.1149861 0.9422596 0.1136197 0.9031748 0.1129612 0.9031748 0.1136197 0.9029887 0.1136197 0.9029887 0.1129612 0.9031748 0.1129612 0.9029887 0.1136197 0.9029887 0.1129612 0.9029887 0.1136197 0.9027711 0.1136197 0.9027711 0.1129612 0.9029887 0.1129612 0.9027711 0.1136197 0.9027711 0.1129612 0.9027711 0.1136197 0.8886162 0.1136197 0.8886162 0.1129612 0.9027711 0.1129612 0.8886162 0.1109857 0.907745 0.1103273 0.907745 0.1109857 0.8719301 0.1109857 0.8719301 0.1103273 0.907745 0.1103273 0.8719301 0.1103273 0.9089547 0.1109857 0.9087114 0.1103767 0.9089547 0.1103767 0.9089547 0.1109857 0.9087114 0.1109857 0.9090457 0.1103767 0.9089547 0.1109857 0.9090457 0.1103767 0.9090965 0.1103767 0.9090965 0.1109857 0.9090457 0.1103767 0.9092313 0.1103767 0.9092313 0.1109857 0.9090457 0.1109857 0.9093479 0.1103767 0.9092313 0.1109857 0.9093479 0.1103767 0.9093576 0.1103767 0.9093576 0.1109857 0.9093479 0.1103273 0.9094439 0.1103767 0.9093576 0.1103273 0.9094439 0.1103273 0.9093576 0.1103273 0.9089547 0.1103273 0.9086394 0.1109857 0.9087114 0.1109857 0.9087114 0.1103273 0.9086394 0.1109857 0.9083677 0.1109857 0.9083677 0.1103273 0.9086394 0.1103273 0.9083203 0.1109857 0.9083677 0.1103273 0.9083203 0.1109857 0.9080381 0.1109857 0.9080381 0.1103273 0.9083203 0.1103273 0.9080162 0.1109857 0.9080381 0.1103273 0.9080162 0.1109857 0.907745 0.1109857 0.907745 0.1103273 0.9080162 0.1103273 0.907745 0.1109857 0.9093479 0.1109857 0.9095973 0.1103273 0.9094439 0.1103273 0.9094439 0.1109857 0.9095973 0.1103273 0.909524 0.1103273 0.909524 0.1109857 0.9095973 0.1103273 0.9095973 0.1096687 0.8719301 0.1103273 0.8719301 0.1096687 0.8900588 0.1096687 0.8900588 0.1103273 0.8719301 0.1103273 0.8900588 0.1122533 0.8966457 0.1116442 0.8965771 0.1122533 0.8961822 0.1122533 0.8961822 0.1116442 0.8965771 0.1116442 0.8960729 0.1122533 0.8961822 0.1116442 0.8960729 0.1123027 0.8957678 0.1123027 0.8957678 0.1116442 0.8960729 0.1116442 0.8955579 0.1123027 0.8957678 0.1116442 0.8955579 0.1123027 0.8953599 0.1123027 0.8953599 0.1116442 0.8955579 0.1116442 0.895067 0.1123027 0.8953599 0.1116442 0.895067 0.1123027 0.8949762 0.1123027 0.8949762 0.1116442 0.895067 0.1116442 0.8946339 0.1123027 0.8949762 0.1116442 0.8946339 0.1123027 0.8946339 0.1116442 0.8965771 0.1122533 0.8966457 0.1116442 0.8970361 0.1116442 0.8970361 0.1122533 0.8966457 0.1122533 0.897066 0.1116442 0.8970361 0.1122533 0.897066 0.1116442 0.8974185 0.1116442 0.8974185 0.1122533 0.897066 0.1122533 0.8974184 0.1123027 0.8957678 0.1123027 0.8961822 0.1122533 0.8961822 0.1116442 0.8946339 0.1116442 0.8783199 0.1123027 0.8946339 0.1123027 0.8946339 0.1116442 0.8783199 0.1123027 0.8783199 0.1123027 0.8783199 0.1116442 0.8783199 0.1123027 0.8774535 0.1123027 0.8774535 0.1116442 0.8783199 0.1116442 0.8774535 0.1123027 0.8774535 0.1116442 0.8774535 0.1123027 0.8764718 0.1123027 0.8764718 0.1116442 0.8774535 0.1116442 0.8764718 0.1123027 0.8764718 0.1116442 0.8764718 0.1123027 0.8754417 0.1123027 0.8754417 0.1116442 0.8764718 0.1116442 0.8754417 0.1123027 0.8754417 0.1116442 0.8754417 0.1123027 0.8727037 0.1123027 0.8727037 0.1116442 0.8754417 0.1116442 0.8727037 0.1123027 0.8727037 0.1116442 0.8727037 0.1123027 0.872532 0.1123027 0.872532 0.1116442 0.8727037 0.1116442 0.872532 0.1123027 0.872532 0.1116442 0.872532 0.1123027 0.8723685 0.1123027 0.8723685 0.1116442 0.872532 0.1116442 0.8723685 0.1123027 0.8723685 0.1116442 0.8723685 0.1123027 0.872224 0.1123027 0.872224 0.1116442 0.8723685 0.1116442 0.872224 0.1116442 0.872224 0.1116442 0.8719301 0.1123027 0.872224 0.1123027 0.872224 0.1116442 0.8719301 0.1123027 0.8719301 0.1156446 0.9584665 0.1149861 0.9584665 0.1156446 0.9583259 0.1156446 0.9583259 0.1149861 0.9584665 0.1149861 0.9583259 0.1156446 0.9583259 0.1149861 0.9583259 0.1156446 0.9581645 0.1156446 0.9581645 0.1149861 0.9583259 0.1149861 0.9581645 0.1156446 0.9581645 0.1149861 0.9581645 0.1156446 0.9579933 0.1156446 0.9579933 0.1149861 0.9581645 0.1149861 0.9579933 0.1156446 0.9579933 0.1149861 0.9579933 0.1156446 0.9578239 0.1156446 0.9578239 0.1149861 0.9579933 0.1149861 0.9578239 0.1156446 0.9578239 0.1149861 0.9578239 0.1156446 0.957668 0.1156446 0.957668 0.1149861 0.9578239 0.1149861 0.957668 0.1156446 0.957668 0.1149861 0.957668 0.1156446 0.957536 0.1156446 0.957536 0.1149861 0.957668 0.1149861 0.957536 0.1096687 0.8732471 0.1096687 0.9140735 0.1096106 0.8727713 0.1096106 0.8727713 0.1096687 0.9140735 0.1096106 0.9145493 0.1096106 0.8727713 0.1096106 0.9145493 0.1094396 0.8723235 0.1094396 0.8723235 0.1096106 0.9145493 0.1094396 0.9149971 0.1094396 0.8723235 0.1094396 0.9149971 0.1091657 0.8719301 0.1091657 0.8719301 0.1094396 0.9149971 0.1091657 0.9153905 0.1091657 0.8719301 0.1091657 0.9153905 0.108681 0.8719301 0.108681 0.8719301 0.1091657 0.9153905 0.108681 0.9153905 0.1149861 0.9037924 0.1149861 0.9034588 0.1150355 0.9037924 0.1150355 0.9037924 0.1149861 0.9034588 0.1150355 0.9034588 0.1156446 0.8800781 0.1156446 0.8797088 0.115694 0.8800781 0.115694 0.8800781 0.1156446 0.8797088 0.115694 0.8797088 0.1150355 0.8719301 0.1150355 0.9034588 0.1149861 0.8719301 0.1149861 0.8719301 0.1150355 0.9034588 0.1149861 0.9034588 0.1092901 0.9363119 0.1092901 0.9659298 0.108681 0.9363119 0.108681 0.9363119 0.1092901 0.9659298 0.108681 0.9659298 0.1110352 0.9432471 0.1110352 0.9428946 0.1116442 0.9432471 0.1116442 0.9432471 0.1110352 0.9428946 0.1116442 0.9428647 0.1116442 0.9428647 0.1110352 0.9428946 0.1110352 0.9424743 0.1116442 0.9428647 0.1110352 0.9424743 0.1116442 0.9424057 0.1116442 0.9424057 0.1110352 0.9424743 0.1110352 0.9420109 0.1116442 0.9424057 0.1110352 0.9420109 0.1116442 0.9419016 0.1116442 0.9419016 0.1110352 0.9420109 0.1109857 0.9420109 0.1116442 0.9419016 0.1109857 0.9420109 0.1109857 0.9415965 0.1116442 0.9419016 0.1109857 0.9415965 0.1116442 0.9413865 0.1116442 0.9413865 0.1109857 0.9415965 0.1109857 0.9411885 0.1116442 0.9413865 0.1109857 0.9411885 0.1116442 0.9408957 0.1116442 0.9408957 0.1109857 0.9411885 0.1109857 0.9408048 0.1116442 0.9408957 0.1109857 0.9408048 0.1116442 0.9404625 0.1116442 0.9404625 0.1109857 0.9408048 0.1109857 0.9404625 0.1113964 0.9177587 0.1112527 0.9177127 0.1113964 0.8719301 0.1113964 0.8719301 0.1112527 0.9177127 0.1109857 0.8719301 0.1109857 0.8719301 0.1112527 0.9177127 0.1111152 0.9176505 0.1109857 0.8719301 0.1111152 0.9176505 0.1109857 0.917573 0.1102778 0.9598968 0.1102778 0.9242884 0.1103273 0.9598968 0.1103273 0.9598968 0.1102778 0.9242884 0.1103273 0.9242884 0.1149861 0.8719301 0.1149861 0.9050421 0.1149367 0.8719301 0.1149367 0.8719301 0.1149861 0.9050421 0.1149367 0.9050421 0.1149861 0.9050421 0.1149861 0.9053248 0.1149367 0.9050421 0.1149367 0.9050421 0.1149861 0.9053248 0.1149367 0.9053248 0.1103273 0.9591787 0.1103273 0.959494 0.1096687 0.9592507 0.1096687 0.9592507 0.1103273 0.959494 0.1102778 0.959494 0.1096687 0.9592507 0.1102778 0.959494 0.1096687 0.959585 0.1096687 0.959585 0.1102778 0.959494 0.1102778 0.9596357 0.1096687 0.959585 0.1102778 0.9596357 0.1102778 0.9597706 0.1096687 0.959585 0.1102778 0.9597706 0.1096687 0.9598872 0.1096687 0.9598872 0.1102778 0.9597706 0.1102778 0.9598968 0.1096687 0.9598872 0.1102778 0.9598968 0.1103273 0.9599831 0.1103273 0.9599831 0.1102778 0.9598968 0.1103273 0.9598968 0.1096687 0.9598872 0.1103273 0.9599831 0.1096687 0.9601365 0.1096687 0.9601365 0.1103273 0.9599831 0.1103273 0.9600632 0.1096687 0.9601365 0.1103273 0.9600632 0.1103273 0.9601365 0.1096687 0.9592507 0.1096687 0.958907 0.1103273 0.9591787 0.1103273 0.9591787 0.1096687 0.958907 0.1103273 0.9588596 0.1103273 0.9588596 0.1096687 0.958907 0.1096687 0.9585774 0.1103273 0.9588596 0.1096687 0.9585774 0.1103273 0.9585555 0.1103273 0.9585555 0.1096687 0.9585774 0.1096687 0.9582843 0.1103273 0.9585555 0.1096687 0.9582843 0.1103273 0.9582843 0.1149861 0.9063069 0.1156446 0.9063069 0.1149861 0.9065004 0.1149861 0.9065004 0.1156446 0.9063069 0.1156446 0.9065004 0.1149861 0.9065004 0.1156446 0.9065004 0.1149861 0.9067229 0.1149861 0.9067229 0.1156446 0.9065004 0.1156446 0.9067229 0.1149861 0.9067229 0.1156446 0.9067229 0.1149861 0.906961 0.1149861 0.906961 0.1156446 0.9067229 0.1156446 0.906961 0.1149861 0.906961 0.1156446 0.906961 0.1149861 0.9072006 0.1149861 0.9072006 0.1156446 0.906961 0.1156446 0.9072006 0.1149861 0.9072006 0.1156446 0.9072006 0.1149861 0.9074276 0.1149861 0.9074276 0.1156446 0.9072006 0.1156446 0.9074276 0.1149861 0.9074276 0.1156446 0.9074276 0.1149861 0.9076282 0.1149861 0.9076282 0.1156446 0.9074276 0.1156446 0.9076282 0.1149861 0.9076282 0.1156446 0.9076282 0.1149861 0.9077909 0.1149861 0.9077909 0.1156446 0.9076282 0.1156446 0.9077909 0.1129612 0.9031748 0.1136197 0.9031748 0.1129612 0.9033696 0.1129612 0.9033696 0.1136197 0.9031748 0.1136197 0.9033696 0.1149861 0.9083061 0.1156446 0.9083061 0.1149861 0.9084997 0.1149861 0.9084997 0.1156446 0.9083061 0.1156446 0.9084997 0.1149861 0.9084997 0.1156446 0.9084997 0.1149861 0.9087221 0.1149861 0.9087221 0.1156446 0.9084997 0.1156446 0.9087221 0.1149861 0.9087221 0.1156446 0.9087221 0.1149861 0.9089602 0.1149861 0.9089602 0.1156446 0.9087221 0.1156446 0.9089602 0.1149861 0.9089602 0.1156446 0.9089602 0.1149861 0.9091998 0.1149861 0.9091998 0.1156446 0.9089602 0.1156446 0.9091998 0.1149861 0.9091998 0.1156446 0.9091998 0.1149861 0.9094268 0.1149861 0.9094268 0.1156446 0.9091998 0.1156446 0.9094268 0.1149861 0.9094268 0.1156446 0.9094268 0.1149861 0.9096275 0.1149861 0.9096275 0.1156446 0.9094268 0.1156446 0.9096275 0.1149861 0.9096275 0.1156446 0.9096275 0.1149861 0.9097902 0.1149861 0.9097902 0.1156446 0.9096275 0.1156446 0.9097902 0.1136197 0.8719301 0.1142782 0.8719301 0.1136197 0.8721249 0.1136197 0.8721249 0.1142782 0.8719301 0.1142782 0.8721249 0.1149861 0.9103054 0.1156446 0.9103054 0.1149861 0.9104989 0.1149861 0.9104989 0.1156446 0.9103054 0.1156446 0.9104989 0.1149861 0.9104989 0.1156446 0.9104989 0.1149861 0.9107213 0.1149861 0.9107213 0.1156446 0.9104989 0.1156446 0.9107213 0.1149861 0.9107213 0.1156446 0.9107213 0.1149861 0.9109595 0.1149861 0.9109595 0.1156446 0.9107213 0.1156446 0.9109595 0.1149861 0.9109595 0.1156446 0.9109595 0.1149861 0.9111991 0.1149861 0.9111991 0.1156446 0.9109595 0.1156446 0.9111991 0.1149861 0.9111991 0.1156446 0.9111991 0.1149861 0.911426 0.1149861 0.911426 0.1156446 0.9111991 0.1156446 0.911426 0.1149861 0.911426 0.1156446 0.911426 0.1149861 0.9116268 0.1149861 0.9116268 0.1156446 0.911426 0.1156446 0.9116268 0.1149861 0.9116268 0.1156446 0.9116268 0.1149861 0.9117894 0.1149861 0.9117894 0.1156446 0.9116268 0.1156446 0.9117894 0.1136197 0.8868233 0.1142782 0.8868233 0.1136197 0.8870181 0.1136197 0.8870181 0.1142782 0.8868233 0.1142782 0.8870181 0.1149861 0.9123046 0.1156446 0.9123046 0.1149861 0.9124981 0.1149861 0.9124981 0.1156446 0.9123046 0.1156446 0.9124981 0.1149861 0.9124981 0.1156446 0.9124981 0.1149861 0.9127206 0.1149861 0.9127206 0.1156446 0.9124981 0.1156446 0.9127206 0.1149861 0.9127206 0.1156446 0.9127206 0.1149861 0.9129587 0.1149861 0.9129587 0.1156446 0.9127206 0.1156446 0.9129587 0.1149861 0.9129587 0.1156446 0.9129587 0.1149861 0.9131984 0.1149861 0.9131984 0.1156446 0.9129587 0.1156446 0.9131984 0.1149861 0.9131984 0.1156446 0.9131984 0.1149861 0.9134253 0.1149861 0.9134253 0.1156446 0.9131984 0.1156446 0.9134253 0.1149861 0.9134253 0.1156446 0.9134253 0.1149861 0.913626 0.1149861 0.913626 0.1156446 0.9134253 0.1156446 0.913626 0.1149861 0.913626 0.1156446 0.913626 0.1149861 0.9137886 0.1149861 0.9137886 0.1156446 0.913626 0.1156446 0.9137886 0.1129612 0.918068 0.1136197 0.918068 0.1129612 0.9182628 0.1129612 0.9182628 0.1136197 0.918068 0.1136197 0.9182628 0.1149861 0.9143038 0.1156446 0.9143038 0.1149861 0.9144974 0.1149861 0.9144974 0.1156446 0.9143038 0.1156446 0.9144974 0.1149861 0.9144974 0.1156446 0.9144974 0.1149861 0.9147198 0.1149861 0.9147198 0.1156446 0.9144974 0.1156446 0.9147198 0.1149861 0.9147198 0.1156446 0.9147198 0.1149861 0.914958 0.1149861 0.914958 0.1156446 0.9147198 0.1156446 0.914958 0.1149861 0.914958 0.1156446 0.914958 0.1149861 0.9151976 0.1149861 0.9151976 0.1156446 0.914958 0.1156446 0.9151976 0.1149861 0.9151976 0.1156446 0.9151976 0.1149861 0.9154245 0.1149861 0.9154245 0.1156446 0.9151976 0.1156446 0.9154245 0.1149861 0.9154245 0.1156446 0.9154245 0.1149861 0.9156252 0.1149861 0.9156252 0.1156446 0.9154245 0.1156446 0.9156252 0.1149861 0.9156252 0.1156446 0.9156252 0.1149861 0.9157879 0.1149861 0.9157879 0.1156446 0.9156252 0.1156446 0.9157879 0.1129612 0.9329612 0.1136197 0.9329612 0.1129612 0.933156 0.1129612 0.933156 0.1136197 0.9329612 0.1136197 0.933156 0.1149861 0.9043076 0.1156446 0.9043076 0.1149861 0.9045011 0.1149861 0.9045011 0.1156446 0.9043076 0.1156446 0.9045011 0.1149861 0.9045011 0.1156446 0.9045011 0.1149861 0.9047236 0.1149861 0.9047236 0.1156446 0.9045011 0.1156446 0.9047236 0.1149861 0.9047236 0.1156446 0.9047236 0.1149861 0.9049617 0.1149861 0.9049617 0.1156446 0.9047236 0.1156446 0.9049617 0.1149861 0.9049617 0.1156446 0.9049617 0.1149861 0.9052013 0.1149861 0.9052013 0.1156446 0.9049617 0.1156446 0.9052013 0.1149861 0.9052013 0.1156446 0.9052013 0.1149861 0.9054283 0.1149861 0.9054283 0.1156446 0.9052013 0.1156446 0.9054283 0.1149861 0.9054283 0.1156446 0.9054283 0.1149861 0.905629 0.1149861 0.905629 0.1156446 0.9054283 0.1156446 0.905629 0.1149861 0.905629 0.1156446 0.905629 0.1149861 0.9057916 0.1149861 0.9057916 0.1156446 0.905629 0.1156446 0.9057916 0.1129612 0.9478544 0.1136197 0.9478544 0.1129612 0.9480492 0.1129612 0.9480492 0.1136197 0.9478544 0.1136197 0.9480492 0.0525676 0.9143616 0.05255055 0.9144251 0.05238008 0.9143369 0.05238008 0.9143369 0.05255055 0.9144251 0.05238008 0.9144027 0.05238008 0.9143369 0.05238008 0.9144027 0.05219262 0.9143616 0.05219262 0.9143616 0.05238008 0.9144027 0.05220967 0.9144251 0.05219262 0.9143616 0.05220967 0.9144251 0.05201792 0.914434 0.05201792 0.914434 0.05220967 0.9144251 0.05205088 0.9144909 0.1156446 0.9646722 0.1155787 0.9646604 0.1156446 0.9644834 0.1156446 0.9644834 0.1155787 0.9646604 0.1155787 0.9644886 0.0518679 0.9145491 0.05191445 0.9145956 0.0517528 0.9146991 0.0517528 0.9146991 0.05191445 0.9145956 0.05180984 0.914732 0.0517528 0.9146991 0.05180984 0.914732 0.05168044 0.9148737 0.05168044 0.9148737 0.05180984 0.914732 0.05174404 0.9148908 0.05168044 0.9148737 0.05174404 0.9148908 0.05165576 0.9150612 0.05165576 0.9150612 0.05174404 0.9148908 0.05172163 0.9150612 0.05165576 0.9150612 0.05172163 0.9150612 0.05168044 0.9152487 0.05168044 0.9152487 0.05172163 0.9150612 0.05174404 0.9152317 0.05168044 0.9152487 0.05174404 0.9152317 0.0517528 0.9154234 0.0517528 0.9154234 0.05174404 0.9152317 0.05180984 0.9153905 0.1149861 0.9447907 0.1150519 0.9448061 0.1149861 0.9449787 0.1149861 0.9449787 0.1150519 0.9448061 0.1150519 0.9449771 0.0518679 0.9155734 0.05191445 0.9155269 0.05201792 0.9156885 0.05201792 0.9156885 0.05191445 0.9155269 0.05205088 0.9156315 0.05201792 0.9156885 0.05205088 0.9156315 0.05219262 0.9157609 0.05219262 0.9157609 0.05205088 0.9156315 0.05220967 0.9156973 0.05219262 0.9157609 0.05220967 0.9156973 0.05238008 0.9157856 0.05238008 0.9157856 0.05220967 0.9156973 0.05238008 0.9157198 0.05238008 0.9157856 0.05238008 0.9157198 0.0525676 0.9157609 0.0525676 0.9157609 0.05238008 0.9157198 0.05255055 0.9156973 0.0525676 0.9157609 0.05255055 0.9156973 0.0527423 0.9156885 0.0527423 0.9156885 0.05255055 0.9156973 0.05270934 0.9156315 0.0527423 0.9156885 0.05270934 0.9156315 0.05289226 0.9155734 0.05289226 0.9155734 0.05270934 0.9156315 0.05284571 0.9155269 0.1156446 0.8723662 0.1157104 0.8723731 0.1156446 0.8725553 0.1156446 0.8725553 0.1157104 0.8723731 0.1157104 0.8725449 0.05300742 0.9154234 0.05295038 0.9153905 0.05307978 0.9152487 0.05307978 0.9152487 0.05295038 0.9153905 0.05301618 0.9152317 0.05307978 0.9152487 0.05301618 0.9152317 0.05310446 0.9150612 0.05310446 0.9150612 0.05301618 0.9152317 0.05303859 0.9150612 0.05310446 0.9150612 0.05303859 0.9150612 0.05307978 0.9148737 0.05307978 0.9148737 0.05303859 0.9150612 0.05301618 0.9148908 0.05307978 0.9148737 0.05301618 0.9148908 0.05300742 0.9146991 0.05300742 0.9146991 0.05301618 0.9148908 0.05295038 0.914732 0.05300742 0.9146991 0.05295038 0.914732 0.05289226 0.9145491 0.05289226 0.9145491 0.05295038 0.914732 0.05284571 0.9145956 0.1156446 0.9561511 0.1155787 0.9561484 0.1156446 0.9559628 0.1156446 0.9559628 0.1155787 0.9561484 0.1155787 0.9559772 0.0527423 0.914434 0.05270934 0.9144909 0.0525676 0.9143616 0.0525676 0.9143616 0.05270934 0.9144909 0.05255055 0.9144251 0.0525676 0.8728767 0.05255055 0.8729403 0.05238008 0.872852 0.05238008 0.872852 0.05255055 0.8729403 0.05238008 0.8729179 0.05238008 0.872852 0.05238008 0.8729179 0.05219262 0.8728767 0.05219262 0.8728767 0.05238008 0.8729179 0.05220967 0.8729403 0.05219262 0.8728767 0.05220967 0.8729403 0.05201792 0.872949 0.05201792 0.872949 0.05220967 0.8729403 0.05205082 0.8730061 0.1156446 0.9628158 0.1155787 0.962804 0.1156446 0.9626269 0.1156446 0.9626269 0.1155787 0.962804 0.1155787 0.9626323 0.0518679 0.8730642 0.05191451 0.8731107 0.0517528 0.8732141 0.0517528 0.8732141 0.05191451 0.8731107 0.05180984 0.8732471 0.0517528 0.8732141 0.05180984 0.8732471 0.05168044 0.8733889 0.05168044 0.8733889 0.05180984 0.8732471 0.05174404 0.8734059 0.05168044 0.8733889 0.05174404 0.8734059 0.05165576 0.8735764 0.05165576 0.8735764 0.05174404 0.8734059 0.05172163 0.8735764 0.05165576 0.8735764 0.05172163 0.8735764 0.05168044 0.8737638 0.05168044 0.8737638 0.05172163 0.8735764 0.05174404 0.8737468 0.05168044 0.8737638 0.05174404 0.8737468 0.0517528 0.8739385 0.0517528 0.8739385 0.05174404 0.8737468 0.05180984 0.8739056 0.1149861 0.9457216 0.1150519 0.945737 0.1149861 0.9459097 0.1149861 0.9459097 0.1150519 0.945737 0.1150519 0.945908 0.0518679 0.8740885 0.05191451 0.874042 0.05201792 0.8742037 0.05201792 0.8742037 0.05191451 0.874042 0.05205088 0.8741466 0.05201792 0.8742037 0.05205088 0.8741466 0.05219262 0.8742761 0.05219262 0.8742761 0.05205088 0.8741466 0.05220967 0.8742124 0.05219262 0.8742761 0.05220967 0.8742124 0.05238008 0.8743007 0.05238008 0.8743007 0.05220967 0.8742124 0.05238008 0.8742348 0.05238008 0.8743007 0.05238008 0.8742348 0.0525676 0.8742761 0.0525676 0.8742761 0.05238008 0.8742348 0.05255055 0.8742124 0.0525676 0.8742761 0.05255055 0.8742124 0.0527423 0.8742037 0.0527423 0.8742037 0.05255055 0.8742124 0.05270934 0.8741466 0.0527423 0.8742037 0.05270934 0.8741466 0.05289226 0.8740885 0.05289226 0.8740885 0.05270934 0.8741466 0.05284571 0.874042 0.1156446 0.8732924 0.1157104 0.8732993 0.1156446 0.8734814 0.1156446 0.8734814 0.1157104 0.8732993 0.1157104 0.8734712 0.05300742 0.8739385 0.05295038 0.8739056 0.05307978 0.8737638 0.05307978 0.8737638 0.05295038 0.8739056 0.05301618 0.8737468 0.05307978 0.8737638 0.05301618 0.8737468 0.0531044 0.8735764 0.0531044 0.8735764 0.05301618 0.8737468 0.05303859 0.8735764 0.0531044 0.8735764 0.05303859 0.8735764 0.05307978 0.8733889 0.05307978 0.8733889 0.05303859 0.8735764 0.05301618 0.8734059 0.05307978 0.8733889 0.05301618 0.8734059 0.05300742 0.8732141 0.05300742 0.8732141 0.05301618 0.8734059 0.05295038 0.8732471 0.05300742 0.8732141 0.05295038 0.8732471 0.05289226 0.8730642 0.05289226 0.8730642 0.05295038 0.8732471 0.05284571 0.8731107 0.1156446 0.951499 0.1155787 0.9514963 0.1156446 0.9513106 0.1156446 0.9513106 0.1155787 0.9514963 0.1155787 0.9513249 0.0527423 0.872949 0.05270934 0.8730061 0.0525676 0.8728767 0.0525676 0.8728767 0.05270934 0.8730061 0.05255055 0.8729403 0.0762732 0.8728767 0.07625621 0.8729403 0.07608574 0.872852 0.07608574 0.872852 0.07625621 0.8729403 0.07608574 0.8729179 0.07608574 0.872852 0.07608574 0.8729179 0.07589828 0.8728767 0.07589828 0.8728767 0.07608574 0.8729179 0.07591533 0.8729403 0.07589828 0.8728767 0.07591533 0.8729403 0.07572358 0.872949 0.07572358 0.872949 0.07591533 0.8729403 0.07575649 0.8730061 0.1156446 0.9618876 0.1155787 0.9618758 0.1156446 0.9616988 0.1156446 0.9616988 0.1155787 0.9618758 0.1155787 0.961704 0.07557356 0.8730642 0.07562011 0.8731107 0.07545846 0.8732142 0.07545846 0.8732142 0.07562011 0.8731107 0.0755155 0.8732472 0.07545846 0.8732142 0.0755155 0.8732472 0.0753861 0.8733889 0.0753861 0.8733889 0.0755155 0.8732472 0.0754497 0.8734059 0.0753861 0.8733889 0.0754497 0.8734059 0.07536143 0.8735764 0.07536143 0.8735764 0.0754497 0.8734059 0.07542729 0.8735764 0.07536143 0.8735764 0.07542729 0.8735764 0.0753861 0.8737638 0.0753861 0.8737638 0.07542729 0.8735764 0.0754497 0.8737468 0.0753861 0.8737638 0.0754497 0.8737468 0.07545846 0.8739385 0.07545846 0.8739385 0.0754497 0.8737468 0.0755155 0.8739056 0.1149861 0.9438598 0.1150519 0.9438752 0.1149861 0.9440478 0.1149861 0.9440478 0.1150519 0.9438752 0.1150519 0.9440461 0.07557356 0.8740885 0.07562011 0.874042 0.07572358 0.8742037 0.07572358 0.8742037 0.07562011 0.874042 0.07575649 0.8741466 0.07572358 0.8742037 0.07575649 0.8741466 0.07589828 0.8742761 0.07589828 0.8742761 0.07575649 0.8741466 0.07591533 0.8742124 0.07589828 0.8742761 0.07591533 0.8742124 0.07608574 0.8743007 0.07608574 0.8743007 0.07591533 0.8742124 0.07608574 0.8742348 0.07608574 0.8743007 0.07608574 0.8742348 0.0762732 0.8742761 0.0762732 0.8742761 0.07608574 0.8742348 0.07625621 0.8742124 0.0762732 0.8742761 0.07625621 0.8742124 0.0764479 0.8742037 0.0764479 0.8742037 0.07625621 0.8742124 0.076415 0.8741466 0.0764479 0.8742037 0.076415 0.8741466 0.07659792 0.8740885 0.07659792 0.8740885 0.076415 0.8741466 0.07655137 0.874042 0.1156446 0.8742186 0.1157104 0.8742254 0.1156446 0.8744076 0.1156446 0.8744076 0.1157104 0.8742254 0.1157104 0.8743973 0.07671302 0.8739386 0.07665604 0.8739057 0.07678538 0.8737638 0.07678538 0.8737638 0.07665604 0.8739057 0.07672178 0.8737468 0.07678538 0.8737638 0.07672178 0.8737468 0.07681012 0.8735764 0.07681012 0.8735764 0.07672178 0.8737468 0.07674425 0.8735764 0.07681012 0.8735764 0.07674425 0.8735764 0.07678538 0.8733889 0.07678538 0.8733889 0.07674425 0.8735764 0.07672178 0.8734059 0.07678538 0.8733889 0.07672178 0.8734059 0.07671302 0.8732142 0.07671302 0.8732142 0.07672178 0.8734059 0.07665604 0.8732472 0.07671302 0.8732142 0.07665604 0.8732472 0.07659792 0.8730642 0.07659792 0.8730642 0.07665604 0.8732472 0.07655137 0.8731107 0.1156446 0.9524294 0.1155787 0.9524267 0.1156446 0.9522411 0.1156446 0.9522411 0.1155787 0.9524267 0.1155787 0.9522555 0.0764479 0.872949 0.076415 0.8730061 0.0762732 0.8728767 0.0762732 0.8728767 0.076415 0.8730061 0.07625621 0.8729403 0.0762732 0.9143616 0.07625615 0.9144251 0.07608574 0.9143369 0.07608574 0.9143369 0.07625615 0.9144251 0.07608574 0.9144027 0.07608574 0.9143369 0.07608574 0.9144027 0.07589828 0.9143616 0.07589828 0.9143616 0.07608574 0.9144027 0.07591533 0.9144251 0.07589828 0.9143616 0.07591533 0.9144251 0.07572358 0.914434 0.07572358 0.914434 0.07591533 0.9144251 0.07575649 0.9144909 0.1156446 0.9637441 0.1155787 0.9637321 0.1156446 0.9635551 0.1156446 0.9635551 0.1155787 0.9637321 0.1155787 0.9635605 0.07557356 0.9145491 0.07562011 0.9145956 0.07545846 0.9146991 0.07545846 0.9146991 0.07562011 0.9145956 0.0755155 0.914732 0.07545846 0.9146991 0.0755155 0.914732 0.0753861 0.9148737 0.0753861 0.9148737 0.0755155 0.914732 0.0754497 0.9148908 0.0753861 0.9148737 0.0754497 0.9148908 0.07536143 0.9150612 0.07536143 0.9150612 0.0754497 0.9148908 0.07542723 0.9150612 0.07536143 0.9150612 0.07542723 0.9150612 0.0753861 0.9152487 0.0753861 0.9152487 0.07542723 0.9150612 0.0754497 0.9152317 0.0753861 0.9152487 0.0754497 0.9152317 0.07545846 0.9154234 0.07545846 0.9154234 0.0754497 0.9152317 0.0755155 0.9153905 0.1149861 0.9466525 0.1150519 0.9466679 0.1149861 0.9468407 0.1149861 0.9468407 0.1150519 0.9466679 0.1150519 0.9468389 0.07557356 0.9155734 0.07562011 0.9155269 0.07572358 0.9156885 0.07572358 0.9156885 0.07562011 0.9155269 0.07575649 0.9156315 0.07572358 0.9156885 0.07575649 0.9156315 0.07589828 0.9157609 0.07589828 0.9157609 0.07575649 0.9156315 0.07591533 0.9156973 0.07589828 0.9157609 0.07591533 0.9156973 0.07608574 0.9157856 0.07608574 0.9157856 0.07591533 0.9156973 0.07608574 0.9157198 0.07608574 0.9157856 0.07608574 0.9157198 0.0762732 0.9157609 0.0762732 0.9157609 0.07608574 0.9157198 0.07625615 0.9156973 0.0762732 0.9157609 0.07625615 0.9156973 0.0764479 0.9156885 0.0764479 0.9156885 0.07625615 0.9156973 0.076415 0.9156315 0.0764479 0.9156885 0.076415 0.9156315 0.07659792 0.9155734 0.07659792 0.9155734 0.076415 0.9156315 0.07655137 0.9155269 0.1156446 0.8751447 0.1157104 0.8751516 0.1156446 0.8753338 0.1156446 0.8753338 0.1157104 0.8751516 0.1157104 0.8753234 0.07671302 0.9154234 0.07665604 0.9153905 0.07678538 0.9152487 0.07678538 0.9152487 0.07665604 0.9153905 0.07672178 0.9152317 0.07678538 0.9152487 0.07672178 0.9152317 0.07681012 0.9150612 0.07681012 0.9150612 0.07672178 0.9152317 0.07674425 0.9150612 0.07681012 0.9150612 0.07674425 0.9150612 0.07678538 0.9148737 0.07678538 0.9148737 0.07674425 0.9150612 0.07672178 0.9148908 0.07678538 0.9148737 0.07672178 0.9148908 0.07671302 0.9146991 0.07671302 0.9146991 0.07672178 0.9148908 0.07665604 0.914732 0.07671302 0.9146991 0.07665604 0.914732 0.07659792 0.9145491 0.07659792 0.9145491 0.07665604 0.914732 0.07655137 0.9145956 0.1156446 0.9570816 0.1155787 0.9570788 0.1156446 0.9568932 0.1156446 0.9568932 0.1155787 0.9570788 0.1155787 0.9569076 0.0764479 0.914434 0.076415 0.9144909 0.0762732 0.9143616 0.0762732 0.9143616 0.076415 0.9144909 0.07625615 0.9144251 0.1155787 0.9558158 0.1150519 0.9558158 0.1155787 0.9556751 0.1155787 0.9556751 0.1150519 0.9558158 0.1150519 0.9556751 0.1155787 0.9649683 0.1150519 0.9649683 0.1155787 0.964824 0.1155787 0.964824 0.1150519 0.9649683 0.1150519 0.964824 0.1155787 0.964824 0.1150519 0.964824 0.1155787 0.9646604 0.1155787 0.9646604 0.1150519 0.964824 0.1150519 0.9646604 0.1155787 0.9646604 0.1150519 0.9646604 0.1155787 0.9644886 0.1155787 0.9644886 0.1150519 0.9646604 0.1150519 0.9644886 0.1155787 0.9644886 0.1150519 0.9644886 0.1155787 0.9643207 0.1155787 0.9643207 0.1150519 0.9644886 0.1150519 0.9643207 0.1155787 0.9643207 0.1150519 0.9643207 0.1155787 0.9641676 0.1155787 0.9641676 0.1150519 0.9643207 0.1150519 0.9641676 0.1155787 0.9641676 0.1150519 0.9641676 0.1155787 0.9640402 0.1155787 0.9640402 0.1150519 0.9641676 0.1150519 0.9640402 0.1150519 0.9445065 0.1155787 0.9445065 0.1150519 0.9446455 0.1150519 0.9446455 0.1155787 0.9445065 0.1155787 0.9446455 0.1150519 0.9446455 0.1155787 0.9446455 0.1150519 0.9448061 0.1150519 0.9448061 0.1155787 0.9446455 0.1155787 0.9448061 0.1150519 0.9448061 0.1155787 0.9448061 0.1150519 0.9449771 0.1150519 0.9449771 0.1155787 0.9448061 0.1155787 0.9449771 0.1150519 0.9449771 0.1155787 0.9449771 0.1150519 0.9451468 0.1150519 0.9451468 0.1155787 0.9449771 0.1155787 0.9451468 0.1150519 0.9451468 0.1155787 0.9451468 0.1150519 0.9453038 0.1150519 0.9453038 0.1155787 0.9451468 0.1155787 0.9453038 0.1150519 0.9453038 0.1155787 0.9453038 0.1150519 0.9454374 0.1150519 0.9454374 0.1155787 0.9453038 0.1155787 0.9454374 0.1157104 0.8719301 0.1162372 0.8719301 0.1157104 0.8720548 0.1157104 0.8720548 0.1162372 0.8719301 0.1162372 0.8720548 0.1157104 0.8720548 0.1162372 0.8720548 0.1157104 0.872206 0.1157104 0.872206 0.1162372 0.8720548 0.1162372 0.872206 0.1157104 0.872206 0.1162372 0.872206 0.1157104 0.8723731 0.1157104 0.8723731 0.1162372 0.872206 0.1162372 0.8723731 0.1157104 0.8723731 0.1162372 0.8723731 0.1157104 0.8725449 0.1157104 0.8725449 0.1162372 0.8723731 0.1162372 0.8725449 0.1157104 0.8725449 0.1162372 0.8725449 0.1157104 0.8727098 0.1157104 0.8727098 0.1162372 0.8725449 0.1162372 0.8727098 0.1157104 0.8727098 0.1162372 0.8727098 0.1157104 0.8728563 0.1157104 0.8728563 0.1162372 0.8727098 0.1162372 0.8728563 0.1155787 0.9566056 0.1150519 0.9566056 0.1155787 0.9564737 0.1155787 0.9564737 0.1150519 0.9566056 0.1150519 0.9564737 0.1155787 0.9564737 0.1150519 0.9564737 0.1155787 0.9563178 0.1155787 0.9563178 0.1150519 0.9564737 0.1150519 0.9563178 0.1155787 0.9563178 0.1150519 0.9563178 0.1155787 0.9561484 0.1155787 0.9561484 0.1150519 0.9563178 0.1150519 0.9561484 0.1155787 0.9561484 0.1150519 0.9561484 0.1155787 0.9559772 0.1155787 0.9559772 0.1150519 0.9561484 0.1150519 0.9559772 0.1155787 0.9559772 0.1150519 0.9559772 0.1155787 0.9558158 0.1155787 0.9558158 0.1150519 0.9559772 0.1150519 0.9558158 0.1155787 0.9511635 0.1150519 0.9511635 0.1155787 0.951023 0.1155787 0.951023 0.1150519 0.9511635 0.1150519 0.951023 0.1155787 0.963112 0.1150519 0.963112 0.1155787 0.9629675 0.1155787 0.9629675 0.1150519 0.963112 0.1150519 0.9629675 0.1155787 0.9629675 0.1150519 0.9629675 0.1155787 0.962804 0.1155787 0.962804 0.1150519 0.9629675 0.1150519 0.962804 0.1155787 0.962804 0.1150519 0.962804 0.1155787 0.9626323 0.1155787 0.9626323 0.1150519 0.962804 0.1150519 0.9626323 0.1155787 0.9626323 0.1150519 0.9626323 0.1155787 0.9624642 0.1155787 0.9624642 0.1150519 0.9626323 0.1150519 0.9624642 0.1155787 0.9624642 0.1150519 0.9624642 0.1155787 0.9623113 0.1155787 0.9623113 0.1150519 0.9624642 0.1150519 0.9623113 0.1155787 0.9623113 0.1150519 0.9623113 0.1155787 0.9621837 0.1155787 0.9621837 0.1150519 0.9623113 0.1150519 0.9621837 0.1150519 0.9454374 0.1155787 0.9454374 0.1150519 0.9455766 0.1150519 0.9455766 0.1155787 0.9454374 0.1155787 0.9455766 0.1150519 0.9455766 0.1155787 0.9455766 0.1150519 0.945737 0.1150519 0.945737 0.1155787 0.9455766 0.1155787 0.945737 0.1150519 0.945737 0.1155787 0.945737 0.1150519 0.945908 0.1150519 0.945908 0.1155787 0.945737 0.1155787 0.945908 0.1150519 0.945908 0.1155787 0.945908 0.1150519 0.9460777 0.1150519 0.9460777 0.1155787 0.945908 0.1155787 0.9460777 0.1150519 0.9460777 0.1155787 0.9460777 0.1150519 0.9462348 0.1150519 0.9462348 0.1155787 0.9460777 0.1155787 0.9462348 0.1150519 0.9462348 0.1155787 0.9462348 0.1150519 0.9463683 0.1150519 0.9463683 0.1155787 0.9462348 0.1155787 0.9463683 0.1157104 0.8728563 0.1162372 0.8728563 0.1157104 0.872981 0.1157104 0.872981 0.1162372 0.8728563 0.1162372 0.872981 0.1157104 0.872981 0.1162372 0.872981 0.1157104 0.8731321 0.1157104 0.8731321 0.1162372 0.872981 0.1162372 0.8731321 0.1157104 0.8731321 0.1162372 0.8731321 0.1157104 0.8732993 0.1157104 0.8732993 0.1162372 0.8731321 0.1162372 0.8732993 0.1157104 0.8732993 0.1162372 0.8732993 0.1157104 0.8734712 0.1157104 0.8734712 0.1162372 0.8732993 0.1162372 0.8734712 0.1157104 0.8734712 0.1162372 0.8734712 0.1157104 0.8736359 0.1157104 0.8736359 0.1162372 0.8734712 0.1162372 0.8736359 0.1157104 0.8736359 0.1162372 0.8736359 0.1157104 0.8737825 0.1157104 0.8737825 0.1162372 0.8736359 0.1162372 0.8737825 0.1155787 0.9519534 0.1150519 0.9519534 0.1155787 0.9518215 0.1155787 0.9518215 0.1150519 0.9519534 0.1150519 0.9518215 0.1155787 0.9518215 0.1150519 0.9518215 0.1155787 0.9516655 0.1155787 0.9516655 0.1150519 0.9518215 0.1150519 0.9516655 0.1155787 0.9516655 0.1150519 0.9516655 0.1155787 0.9514963 0.1155787 0.9514963 0.1150519 0.9516655 0.1150519 0.9514963 0.1155787 0.9514963 0.1150519 0.9514963 0.1155787 0.9513249 0.1155787 0.9513249 0.1150519 0.9514963 0.1150519 0.9513249 0.1155787 0.9513249 0.1150519 0.9513249 0.1155787 0.9511635 0.1155787 0.9511635 0.1150519 0.9513249 0.1150519 0.9511635 0.1155787 0.9520941 0.1150519 0.9520941 0.1155787 0.9519534 0.1155787 0.9519534 0.1150519 0.9520941 0.1150519 0.9519534 0.1155787 0.9621837 0.1150519 0.9621837 0.1155787 0.9620394 0.1155787 0.9620394 0.1150519 0.9621837 0.1150519 0.9620394 0.1155787 0.9620394 0.1150519 0.9620394 0.1155787 0.9618758 0.1155787 0.9618758 0.1150519 0.9620394 0.1150519 0.9618758 0.1155787 0.9618758 0.1150519 0.9618758 0.1155787 0.961704 0.1155787 0.961704 0.1150519 0.9618758 0.1150519 0.961704 0.1155787 0.961704 0.1150519 0.961704 0.1155787 0.9615361 0.1155787 0.9615361 0.1150519 0.961704 0.1150519 0.9615361 0.1155787 0.9615361 0.1150519 0.9615361 0.1155787 0.961383 0.1155787 0.961383 0.1150519 0.9615361 0.1150519 0.961383 0.1155787 0.961383 0.1150519 0.961383 0.1155787 0.9612556 0.1155787 0.9612556 0.1150519 0.961383 0.1150519 0.9612556 0.1150519 0.9435756 0.1155787 0.9435756 0.1150519 0.9437146 0.1150519 0.9437146 0.1155787 0.9435756 0.1155787 0.9437146 0.1150519 0.9437146 0.1155787 0.9437146 0.1150519 0.9438752 0.1150519 0.9438752 0.1155787 0.9437146 0.1155787 0.9438752 0.1150519 0.9438752 0.1155787 0.9438752 0.1150519 0.9440461 0.1150519 0.9440461 0.1155787 0.9438752 0.1155787 0.9440461 0.1150519 0.9440461 0.1155787 0.9440461 0.1150519 0.9442159 0.1150519 0.9442159 0.1155787 0.9440461 0.1155787 0.9442159 0.1150519 0.9442159 0.1155787 0.9442159 0.1150519 0.9443729 0.1150519 0.9443729 0.1155787 0.9442159 0.1155787 0.9443729 0.1150519 0.9443729 0.1155787 0.9443729 0.1150519 0.9445065 0.1150519 0.9445065 0.1155787 0.9443729 0.1155787 0.9445065 0.1157104 0.8737825 0.1162372 0.8737825 0.1157104 0.8739072 0.1157104 0.8739072 0.1162372 0.8737825 0.1162372 0.8739072 0.1157104 0.8739072 0.1162372 0.8739072 0.1157104 0.8740583 0.1157104 0.8740583 0.1162372 0.8739072 0.1162372 0.8740583 0.1157104 0.8740583 0.1162372 0.8740583 0.1157104 0.8742254 0.1157104 0.8742254 0.1162372 0.8740583 0.1162372 0.8742254 0.1157104 0.8742254 0.1162372 0.8742254 0.1157104 0.8743973 0.1157104 0.8743973 0.1162372 0.8742254 0.1162372 0.8743973 0.1157104 0.8743973 0.1162372 0.8743973 0.1157104 0.8745621 0.1157104 0.8745621 0.1162372 0.8743973 0.1162372 0.8745621 0.1157104 0.8745621 0.1162372 0.8745621 0.1157104 0.8747087 0.1157104 0.8747087 0.1162372 0.8745621 0.1162372 0.8747087 0.1155787 0.9528838 0.1150519 0.9528838 0.1155787 0.952752 0.1155787 0.952752 0.1150519 0.9528838 0.1150519 0.952752 0.1155787 0.952752 0.1150519 0.952752 0.1155787 0.952596 0.1155787 0.952596 0.1150519 0.952752 0.1150519 0.952596 0.1155787 0.952596 0.1150519 0.952596 0.1155787 0.9524267 0.1155787 0.9524267 0.1150519 0.952596 0.1150519 0.9524267 0.1155787 0.9524267 0.1150519 0.9524267 0.1155787 0.9522555 0.1155787 0.9522555 0.1150519 0.9524267 0.1150519 0.9522555 0.1155787 0.9522555 0.1150519 0.9522555 0.1155787 0.9520941 0.1155787 0.9520941 0.1150519 0.9522555 0.1150519 0.9520941 0.1155787 0.9567462 0.1150519 0.9567462 0.1155787 0.9566056 0.1155787 0.9566056 0.1150519 0.9567462 0.1150519 0.9566056 0.1155787 0.9640402 0.1150519 0.9640402 0.1155787 0.9638958 0.1155787 0.9638958 0.1150519 0.9640402 0.1150519 0.9638958 0.1155787 0.9638958 0.1150519 0.9638958 0.1155787 0.9637321 0.1155787 0.9637321 0.1150519 0.9638958 0.1150519 0.9637321 0.1155787 0.9637321 0.1150519 0.9637321 0.1155787 0.9635605 0.1155787 0.9635605 0.1150519 0.9637321 0.1150519 0.9635605 0.1155787 0.9635605 0.1150519 0.9635605 0.1155787 0.9633924 0.1155787 0.9633924 0.1150519 0.9635605 0.1150519 0.9633924 0.1155787 0.9633924 0.1150519 0.9633924 0.1155787 0.9632394 0.1155787 0.9632394 0.1150519 0.9633924 0.1150519 0.9632394 0.1155787 0.9632394 0.1150519 0.9632394 0.1155787 0.963112 0.1155787 0.963112 0.1150519 0.9632394 0.1150519 0.963112 0.1150519 0.9463683 0.1155787 0.9463683 0.1150519 0.9465075 0.1150519 0.9465075 0.1155787 0.9463683 0.1155787 0.9465075 0.1150519 0.9465075 0.1155787 0.9465075 0.1150519 0.9466679 0.1150519 0.9466679 0.1155787 0.9465075 0.1155787 0.9466679 0.1150519 0.9466679 0.1155787 0.9466679 0.1150519 0.9468389 0.1150519 0.9468389 0.1155787 0.9466679 0.1155787 0.9468389 0.1150519 0.9468389 0.1155787 0.9468389 0.1150519 0.9470086 0.1150519 0.9470086 0.1155787 0.9468389 0.1155787 0.9470086 0.1150519 0.9470086 0.1155787 0.9470086 0.1150519 0.9471657 0.1150519 0.9471657 0.1155787 0.9470086 0.1155787 0.9471657 0.1150519 0.9471657 0.1155787 0.9471657 0.1150519 0.9472993 0.1150519 0.9472993 0.1155787 0.9471657 0.1155787 0.9472993 0.1157104 0.8747087 0.1162372 0.8747087 0.1157104 0.8748334 0.1157104 0.8748334 0.1162372 0.8747087 0.1162372 0.8748334 0.1157104 0.8748334 0.1162372 0.8748334 0.1157104 0.8749845 0.1157104 0.8749845 0.1162372 0.8748334 0.1162372 0.8749845 0.1157104 0.8749845 0.1162372 0.8749845 0.1157104 0.8751516 0.1157104 0.8751516 0.1162372 0.8749845 0.1162372 0.8751516 0.1157104 0.8751516 0.1162372 0.8751516 0.1157104 0.8753234 0.1157104 0.8753234 0.1162372 0.8751516 0.1162372 0.8753234 0.1157104 0.8753234 0.1162372 0.8753234 0.1157104 0.8754883 0.1157104 0.8754883 0.1162372 0.8753234 0.1162372 0.8754883 0.1157104 0.8754883 0.1162372 0.8754883 0.1157104 0.8756348 0.1157104 0.8756348 0.1162372 0.8754883 0.1162372 0.8756348 0.1155787 0.957536 0.1150519 0.957536 0.1155787 0.9574041 0.1155787 0.9574041 0.1150519 0.957536 0.1150519 0.9574041 0.1155787 0.9574041 0.1150519 0.9574041 0.1155787 0.9572482 0.1155787 0.9572482 0.1150519 0.9574041 0.1150519 0.9572482 0.1155787 0.9572482 0.1150519 0.9572482 0.1155787 0.9570788 0.1155787 0.9570788 0.1150519 0.9572482 0.1150519 0.9570788 0.1155787 0.9570788 0.1150519 0.9570788 0.1155787 0.9569076 0.1155787 0.9569076 0.1150519 0.9570788 0.1150519 0.9569076 0.1155787 0.9569076 0.1150519 0.9569076 0.1155787 0.9567462 0.1155787 0.9567462 0.1150519 0.9569076 0.1150519 0.9567462 0.1054022 0.9242389 0.1053852 0.9243026 0.1052147 0.9242143 0.1052147 0.9242143 0.1053852 0.9243026 0.1052147 0.9242801 0.1052147 0.9242143 0.1052147 0.9242801 0.1050273 0.9242389 0.1050273 0.9242389 0.1052147 0.9242801 0.1050443 0.9243026 0.1050273 0.9242389 0.1050443 0.9243026 0.1048526 0.9243113 0.1048526 0.9243113 0.1050443 0.9243026 0.1048855 0.9243683 0.1048526 0.9243113 0.1048855 0.9243683 0.1047026 0.9244264 0.1047026 0.9244264 0.1048855 0.9243683 0.1047492 0.9244729 0.1156446 0.9468407 0.1155787 0.9468389 0.1156446 0.9466525 0.1156446 0.9466525 0.1155787 0.9468389 0.1155787 0.9466679 0.1045874 0.9245764 0.1046445 0.9246093 0.1045151 0.9247512 0.1045151 0.9247512 0.1046445 0.9246093 0.1045787 0.9247681 0.1045151 0.9247512 0.1045787 0.9247681 0.1044904 0.9249386 0.1044904 0.9249386 0.1045787 0.9247681 0.1045563 0.9249386 0.1044904 0.9249386 0.1045563 0.9249386 0.1045151 0.9251261 0.1045151 0.9251261 0.1045563 0.9249386 0.1045787 0.925109 0.1045151 0.9251261 0.1045787 0.925109 0.1045874 0.9253007 0.1045874 0.9253007 0.1045787 0.925109 0.1046445 0.9252678 0.1045874 0.9253007 0.1046445 0.9252678 0.1047026 0.9254508 0.1047026 0.9254508 0.1046445 0.9252678 0.1047492 0.9254042 0.1149861 0.9635551 0.1150519 0.9635605 0.1149861 0.9637441 0.1149861 0.9637441 0.1150519 0.9635605 0.1150519 0.9637321 0.1048526 0.9255658 0.1048855 0.9255089 0.1050273 0.9256382 0.1050273 0.9256382 0.1048855 0.9255089 0.1050443 0.9255747 0.1050273 0.9256382 0.1050443 0.9255747 0.1052147 0.9256629 0.1052147 0.9256629 0.1050443 0.9255747 0.1052147 0.9255971 0.1052147 0.9256629 0.1052147 0.9255971 0.1054022 0.9256382 0.1054022 0.9256382 0.1052147 0.9255971 0.1053852 0.9255747 0.1054022 0.9256382 0.1053852 0.9255747 0.1055769 0.9255658 0.1055769 0.9255658 0.1053852 0.9255747 0.105544 0.9255089 0.1149861 0.9568932 0.1150519 0.9569076 0.1149861 0.9570816 0.1149861 0.9570816 0.1150519 0.9569076 0.1150519 0.9570788 0.105727 0.9254508 0.1056804 0.9254042 0.1058421 0.9253007 0.1058421 0.9253007 0.1056804 0.9254042 0.105785 0.9252678 0.1058421 0.9253007 0.105785 0.9252678 0.1059144 0.9251261 0.1059144 0.9251261 0.105785 0.9252678 0.1058508 0.925109 0.1059144 0.9251261 0.1058508 0.925109 0.1059391 0.9249386 0.1059391 0.9249386 0.1058508 0.925109 0.1058732 0.9249386 0.1059391 0.9249386 0.1058732 0.9249386 0.1059144 0.9247512 0.1059144 0.9247512 0.1058732 0.9249386 0.1058508 0.9247681 0.1059144 0.9247512 0.1058508 0.9247681 0.1058421 0.9245764 0.1058421 0.9245764 0.1058508 0.9247681 0.105785 0.9246093 0.1163031 0.8753338 0.1162372 0.8753234 0.1163031 0.8751447 0.1163031 0.8751447 0.1162372 0.8753234 0.1162372 0.8751516 0.105727 0.9244264 0.1056804 0.9244729 0.1055769 0.9243113 0.1055769 0.9243113 0.1056804 0.9244729 0.105544 0.9243683 0.1055769 0.9243113 0.105544 0.9243683 0.1054022 0.9242389 0.1054022 0.9242389 0.105544 0.9243683 0.1053852 0.9243026 0.08169662 0.9242389 0.08167958 0.9243026 0.08150911 0.9242143 0.08150911 0.9242143 0.08167958 0.9243026 0.08150911 0.9242801 0.08150911 0.9242143 0.08150911 0.9242801 0.08132165 0.9242389 0.08132165 0.9242389 0.08150911 0.9242801 0.0813387 0.9243026 0.08132165 0.9242389 0.0813387 0.9243026 0.08114695 0.9243113 0.08114695 0.9243113 0.0813387 0.9243026 0.08117985 0.9243683 0.08114695 0.9243113 0.08117985 0.9243683 0.08099693 0.9244264 0.08099693 0.9244264 0.08117985 0.9243683 0.08104348 0.9244729 0.1156446 0.9449787 0.1155787 0.9449771 0.1156446 0.9447907 0.1156446 0.9447907 0.1155787 0.9449771 0.1155787 0.9448061 0.08088183 0.9245764 0.08093887 0.9246093 0.08080947 0.9247512 0.08080947 0.9247512 0.08093887 0.9246093 0.08087307 0.9247681 0.08080947 0.9247512 0.08087307 0.9247681 0.08078479 0.9249386 0.08078479 0.9249386 0.08087307 0.9247681 0.08085066 0.9249386 0.08078479 0.9249386 0.08085066 0.9249386 0.08080947 0.9251261 0.08080947 0.9251261 0.08085066 0.9249386 0.08087307 0.925109 0.08080947 0.9251261 0.08087307 0.925109 0.08088183 0.9253007 0.08088183 0.9253007 0.08087307 0.925109 0.08093887 0.9252678 0.08088183 0.9253007 0.08093887 0.9252678 0.08099693 0.9254508 0.08099693 0.9254508 0.08093887 0.9252678 0.08104348 0.9254042 0.1149861 0.9644834 0.1150519 0.9644886 0.1149861 0.9646722 0.1149861 0.9646722 0.1150519 0.9644886 0.1150519 0.9646604 0.08114695 0.9255658 0.08117985 0.9255089 0.08132165 0.9256382 0.08132165 0.9256382 0.08117985 0.9255089 0.0813387 0.9255747 0.08132165 0.9256382 0.0813387 0.9255747 0.08150911 0.9256629 0.08150911 0.9256629 0.0813387 0.9255747 0.08150911 0.9255971 0.08150911 0.9256629 0.08150911 0.9255971 0.08169662 0.9256382 0.08169662 0.9256382 0.08150911 0.9255971 0.08167958 0.9255747 0.08169662 0.9256382 0.08167958 0.9255747 0.08187127 0.9255658 0.08187127 0.9255658 0.08167958 0.9255747 0.08183836 0.9255089 0.1149861 0.9559628 0.1150519 0.9559772 0.1149861 0.9561511 0.1149861 0.9561511 0.1150519 0.9559772 0.1150519 0.9561484 0.08202129 0.9254508 0.08197474 0.9254042 0.08213645 0.9253007 0.08213645 0.9253007 0.08197474 0.9254042 0.08207941 0.9252678 0.08213645 0.9253007 0.08207941 0.9252678 0.08220881 0.9251261 0.08220881 0.9251261 0.08207941 0.9252678 0.08214515 0.925109 0.08220881 0.9251261 0.08214515 0.925109 0.08223348 0.9249386 0.08223348 0.9249386 0.08214515 0.925109 0.08216762 0.9249386 0.08223348 0.9249386 0.08216762 0.9249386 0.08220881 0.9247512 0.08220881 0.9247512 0.08216762 0.9249386 0.08214515 0.9247681 0.08220881 0.9247512 0.08214515 0.9247681 0.08213645 0.9245764 0.08213645 0.9245764 0.08214515 0.9247681 0.08207941 0.9246093 0.1163031 0.8725553 0.1162372 0.8725449 0.1163031 0.8723662 0.1163031 0.8723662 0.1162372 0.8725449 0.1162372 0.8723731 0.08202129 0.9244264 0.08197474 0.9244729 0.08187127 0.9243113 0.08187127 0.9243113 0.08197474 0.9244729 0.08183836 0.9243683 0.08187127 0.9243113 0.08183836 0.9243683 0.08169662 0.9242389 0.08169662 0.9242389 0.08183836 0.9243683 0.08167958 0.9243026 0.08169656 0.9657238 0.08167958 0.9657874 0.08150911 0.9656991 0.08150911 0.9656991 0.08167958 0.9657874 0.08150911 0.965765 0.08150911 0.9656991 0.08150911 0.965765 0.08132165 0.9657238 0.08132165 0.9657238 0.08150911 0.965765 0.0813387 0.9657874 0.08132165 0.9657238 0.0813387 0.9657874 0.08114695 0.9657961 0.08114695 0.9657961 0.0813387 0.9657874 0.08117985 0.9658532 0.08114695 0.9657961 0.08117985 0.9658532 0.08099693 0.9659113 0.08099693 0.9659113 0.08117985 0.9658532 0.08104348 0.9659579 0.1156446 0.9459097 0.1155787 0.945908 0.1156446 0.9457216 0.1156446 0.9457216 0.1155787 0.945908 0.1155787 0.945737 0.08088183 0.9660612 0.08093887 0.9660943 0.08080947 0.966236 0.08080947 0.966236 0.08093887 0.9660943 0.08087307 0.9662531 0.08080947 0.966236 0.08087307 0.9662531 0.08078479 0.9664235 0.08078479 0.9664235 0.08087307 0.9662531 0.08085066 0.9664235 0.08078479 0.9664235 0.08085066 0.9664235 0.08080947 0.9666109 0.08080947 0.9666109 0.08085066 0.9664235 0.08087307 0.9665939 0.08080947 0.9666109 0.08087307 0.9665939 0.08088183 0.9667857 0.08088183 0.9667857 0.08087307 0.9665939 0.08093887 0.9667527 0.08088183 0.9667857 0.08093887 0.9667527 0.08099693 0.9669356 0.08099693 0.9669356 0.08093887 0.9667527 0.08104348 0.966889 0.1149861 0.9626269 0.1150519 0.9626323 0.1149861 0.9628158 0.1149861 0.9628158 0.1150519 0.9626323 0.1150519 0.962804 0.08114695 0.9670508 0.08117985 0.9669937 0.08132165 0.9671232 0.08132165 0.9671232 0.08117985 0.9669937 0.0813387 0.9670595 0.08132165 0.9671232 0.0813387 0.9670595 0.08150911 0.9671478 0.08150911 0.9671478 0.0813387 0.9670595 0.08150911 0.9670819 0.08150911 0.9671478 0.08150911 0.9670819 0.08169656 0.9671232 0.08169656 0.9671232 0.08150911 0.9670819 0.08167958 0.9670595 0.08169656 0.9671232 0.08167958 0.9670595 0.08187127 0.9670508 0.08187127 0.9670508 0.08167958 0.9670595 0.08183836 0.9669937 0.1149861 0.9513106 0.1150519 0.9513249 0.1149861 0.951499 0.1149861 0.951499 0.1150519 0.9513249 0.1150519 0.9514963 0.08202129 0.9669356 0.08197474 0.966889 0.08213645 0.9667857 0.08213645 0.9667857 0.08197474 0.966889 0.08207941 0.9667527 0.08213645 0.9667857 0.08207941 0.9667527 0.08220881 0.9666109 0.08220881 0.9666109 0.08207941 0.9667527 0.08214515 0.9665939 0.08220881 0.9666109 0.08214515 0.9665939 0.08223348 0.9664235 0.08223348 0.9664235 0.08214515 0.9665939 0.08216762 0.9664235 0.08223348 0.9664235 0.08216762 0.9664235 0.08220881 0.966236 0.08220881 0.966236 0.08216762 0.9664235 0.08214515 0.9662531 0.08220881 0.966236 0.08214515 0.9662531 0.08213645 0.9660612 0.08213645 0.9660612 0.08214515 0.9662531 0.08207941 0.9660943 0.1163031 0.8734814 0.1162372 0.8734712 0.1163031 0.8732924 0.1163031 0.8732924 0.1162372 0.8734712 0.1162372 0.8732993 0.08202129 0.9659113 0.08197474 0.9659579 0.08187127 0.9657961 0.08187127 0.9657961 0.08197474 0.9659579 0.08183836 0.9658532 0.08187127 0.9657961 0.08183836 0.9658532 0.08169656 0.9657238 0.08169656 0.9657238 0.08183836 0.9658532 0.08167958 0.9657874 0.1054022 0.9657238 0.1053852 0.9657874 0.1052147 0.9656991 0.1052147 0.9656991 0.1053852 0.9657874 0.1052147 0.965765 0.1052147 0.9656991 0.1052147 0.965765 0.1050273 0.9657238 0.1050273 0.9657238 0.1052147 0.965765 0.1050443 0.9657874 0.1050273 0.9657238 0.1050443 0.9657874 0.1048526 0.9657961 0.1048526 0.9657961 0.1050443 0.9657874 0.1048855 0.9658532 0.1048526 0.9657961 0.1048855 0.9658532 0.1047025 0.9659113 0.1047025 0.9659113 0.1048855 0.9658532 0.1047492 0.9659579 0.1156446 0.9440478 0.1155787 0.9440461 0.1156446 0.9438598 0.1156446 0.9438598 0.1155787 0.9440461 0.1155787 0.9438752 0.1045874 0.9660612 0.1046445 0.9660943 0.1045151 0.966236 0.1045151 0.966236 0.1046445 0.9660943 0.1045787 0.9662531 0.1045151 0.966236 0.1045787 0.9662531 0.1044904 0.9664235 0.1044904 0.9664235 0.1045787 0.9662531 0.1045563 0.9664235 0.1044904 0.9664235 0.1045563 0.9664235 0.1045151 0.9666109 0.1045151 0.9666109 0.1045563 0.9664235 0.1045787 0.9665939 0.1045151 0.9666109 0.1045787 0.9665939 0.1045874 0.9667857 0.1045874 0.9667857 0.1045787 0.9665939 0.1046445 0.9667527 0.1045874 0.9667857 0.1046445 0.9667527 0.1047025 0.9669356 0.1047025 0.9669356 0.1046445 0.9667527 0.1047492 0.9668892 0.1149861 0.9616988 0.1150519 0.961704 0.1149861 0.9618876 0.1149861 0.9618876 0.1150519 0.961704 0.1150519 0.9618758 0.1048526 0.9670508 0.1048855 0.9669937 0.1050273 0.9671232 0.1050273 0.9671232 0.1048855 0.9669937 0.1050443 0.9670595 0.1050273 0.9671232 0.1050443 0.9670595 0.1052147 0.9671478 0.1052147 0.9671478 0.1050443 0.9670595 0.1052147 0.9670819 0.1052147 0.9671478 0.1052147 0.9670819 0.1054022 0.9671232 0.1054022 0.9671232 0.1052147 0.9670819 0.1053852 0.9670595 0.1054022 0.9671232 0.1053852 0.9670595 0.1055769 0.9670508 0.1055769 0.9670508 0.1053852 0.9670595 0.105544 0.9669937 0.1149861 0.9522411 0.1150519 0.9522555 0.1149861 0.9524294 0.1149861 0.9524294 0.1150519 0.9522555 0.1150519 0.9524267 0.105727 0.9669356 0.1056804 0.9668892 0.1058421 0.9667857 0.1058421 0.9667857 0.1056804 0.9668892 0.105785 0.9667527 0.1058421 0.9667857 0.105785 0.9667527 0.1059144 0.9666109 0.1059144 0.9666109 0.105785 0.9667527 0.1058508 0.9665939 0.1059144 0.9666109 0.1058508 0.9665939 0.1059391 0.9664235 0.1059391 0.9664235 0.1058508 0.9665939 0.1058732 0.9664235 0.1059391 0.9664235 0.1058732 0.9664235 0.1059144 0.966236 0.1059144 0.966236 0.1058732 0.9664235 0.1058508 0.9662531 0.1059144 0.966236 0.1058508 0.9662531 0.1058421 0.9660612 0.1058421 0.9660612 0.1058508 0.9662531 0.105785 0.9660943 0.1163031 0.8744076 0.1162372 0.8743973 0.1163031 0.8742186 0.1163031 0.8742186 0.1162372 0.8743973 0.1162372 0.8742254 0.105727 0.9659113 0.1056804 0.9659579 0.1055769 0.9657961 0.1055769 0.9657961 0.1056804 0.9659579 0.105544 0.9658532 0.1055769 0.9657961 0.105544 0.9658532 0.1054022 0.9657238 0.1054022 0.9657238 0.105544 0.9658532 0.1053852 0.9657874 0.1076749 0.9674112 0.1073676 0.9676895 0.1071902 0.9674112 0.1071902 0.9674112 0.1073676 0.9676895 0.1070089 0.9678975 0.1071902 0.9674112 0.1070089 0.9678975 0.1066148 0.9680262 0.1071902 0.9674112 0.1066148 0.9680262 0.1059144 0.9666109 0.1059144 0.9666109 0.1066148 0.9680262 0.1062025 0.9680697 0.1059144 0.9666109 0.1062025 0.9680697 0.1058421 0.9667857 0.1058421 0.9667857 0.1062025 0.9680697 0.105727 0.9669356 0.105727 0.9669356 0.1062025 0.9680697 0.1055769 0.9670508 0.1055769 0.9670508 0.1062025 0.9680697 0.1054022 0.9671232 0.1054022 0.9671232 0.1062025 0.9680697 0.1052147 0.9671478 0.1052147 0.9671478 0.1062025 0.9680697 0.1050273 0.9671232 0.1050273 0.9671232 0.1062025 0.9680697 0.1048526 0.9670508 0.1048526 0.9670508 0.1062025 0.9680697 0.08187127 0.9670508 0.1048526 0.9670508 0.08187127 0.9670508 0.1047025 0.9669356 0.1047025 0.9669356 0.08187127 0.9670508 0.08202129 0.9669356 0.1047025 0.9669356 0.08202129 0.9669356 0.1008938 0.9639815 0.1008938 0.9639815 0.08202129 0.9669356 0.08213645 0.9667857 0.1008938 0.9639815 0.08213645 0.9667857 0.08220881 0.9666109 0.1062025 0.9680697 0.07986289 0.9680697 0.08187127 0.9670508 0.08187127 0.9670508 0.07986289 0.9680697 0.08169656 0.9671232 0.08169656 0.9671232 0.07986289 0.9680697 0.08150911 0.9671478 0.08150911 0.9671478 0.07986289 0.9680697 0.08132165 0.9671232 0.08132165 0.9671232 0.07986289 0.9680697 0.08114695 0.9670508 0.08114695 0.9670508 0.07986289 0.9680697 0.08099693 0.9669356 0.08099693 0.9669356 0.07986289 0.9680697 0.08088183 0.9667857 0.08088183 0.9667857 0.07986289 0.9680697 0.08080947 0.9666109 0.08080947 0.9666109 0.07986289 0.9680697 0.08078479 0.9664235 0.08078479 0.9664235 0.07986289 0.9680697 0.07975208 0.968065 0.08078479 0.9664235 0.07975208 0.968065 0.07964211 0.9680511 0.07964211 0.9680511 0.07953363 0.9680278 0.08078479 0.9664235 0.08078479 0.9664235 0.07953363 0.9680278 0.08080947 0.966236 0.08080947 0.966236 0.07953363 0.9680278 0.08088183 0.9660612 0.08088183 0.9660612 0.07953363 0.9680278 0.08088183 0.9253007 0.08088183 0.9660612 0.08088183 0.9253007 0.08644777 0.9454053 0.08644777 0.9454053 0.08088183 0.9253007 0.08644777 0.944695 0.08644777 0.944695 0.08088183 0.9253007 0.08099693 0.9254508 0.08644777 0.944695 0.08099693 0.9254508 0.08644783 0.9393685 0.08644783 0.9393685 0.08099693 0.9254508 0.08114695 0.9255658 0.08644783 0.9393685 0.08114695 0.9255658 0.08644783 0.9386582 0.08644783 0.9386582 0.08114695 0.9255658 0.08132165 0.9256382 0.08644783 0.9386582 0.08132165 0.9256382 0.08647716 0.9384194 0.08647716 0.9384194 0.08132165 0.9256382 0.08647549 0.933564 0.08647716 0.9384194 0.08647549 0.933564 0.08655703 0.9337833 0.08088183 0.9253007 0.07953363 0.9680278 0.08080947 0.9251261 0.08080947 0.9251261 0.07953363 0.9680278 0.07953363 0.9221993 0.08080947 0.9251261 0.07953363 0.9221993 0.08078479 0.9249386 0.08078479 0.9249386 0.07953363 0.9221993 0.08080947 0.9247512 0.08080947 0.9247512 0.07953363 0.9221993 0.08088183 0.9245764 0.08088183 0.9245764 0.07953363 0.9221993 0.08099693 0.9244264 0.08099693 0.9244264 0.07953363 0.9221993 0.08114695 0.9243113 0.08114695 0.9243113 0.07953363 0.9221993 0.08199816 0.9221351 0.08114695 0.9243113 0.08199816 0.9221351 0.08132165 0.9242389 0.08132165 0.9242389 0.08199816 0.9221351 0.08150911 0.9242143 0.08150911 0.9242143 0.08199816 0.9221351 0.08169662 0.9242389 0.08169662 0.9242389 0.08199816 0.9221351 0.08187127 0.9243113 0.08187127 0.9243113 0.08199816 0.9221351 0.08281642 0.922763 0.08187127 0.9243113 0.08281642 0.922763 0.08202129 0.9244264 0.08202129 0.9244264 0.08281642 0.922763 0.08213645 0.9245764 0.08213645 0.9245764 0.08281642 0.922763 0.08220881 0.9247512 0.08220881 0.9247512 0.08281642 0.922763 0.08376932 0.9231577 0.08220881 0.9247512 0.08376932 0.9231577 0.08223348 0.9249386 0.08223348 0.9249386 0.08376932 0.9231577 0.08220881 0.9251261 0.08220881 0.9251261 0.08376932 0.9231577 0.08479189 0.9232924 0.08220881 0.9251261 0.08479189 0.9232924 0.08644783 0.9265848 0.08644783 0.9265848 0.08479189 0.9232924 0.08647716 0.9263458 0.08647716 0.9263458 0.08479189 0.9232924 0.0865634 0.9261211 0.0865634 0.9261211 0.08479189 0.9232924 0.08670151 0.9259238 0.08670151 0.9259238 0.08479189 0.9232924 0.08688318 0.9257659 0.08688318 0.9257659 0.08479189 0.9232924 0.0870977 0.9256567 0.0870977 0.9256567 0.08479189 0.9232924 0.0873323 0.9256024 0.0873323 0.9256024 0.08479189 0.9232924 0.08757299 0.9256067 0.08757299 0.9256067 0.08479189 0.9232924 0.08780556 0.925669 0.08780556 0.925669 0.08479189 0.9232924 0.1047026 0.9244264 0.08780556 0.925669 0.1047026 0.9244264 0.1045874 0.9245764 0.07912296 0.9221993 0.07920444 0.9199999 0.07953363 0.9221993 0.07953363 0.9221993 0.07920444 0.9199999 0.07959014 0.9199999 0.07953363 0.9221993 0.07959014 0.9199999 0.07976055 0.9200224 0.07912296 0.9678421 0.07854592 0.9667527 0.07912296 0.9221993 0.07912296 0.9221993 0.07854592 0.9667527 0.07854592 0.9206584 0.07912296 0.9221993 0.07854592 0.9206584 0.07903397 0.9200224 0.07903397 0.9200224 0.07854592 0.9206584 0.07887518 0.9200882 0.07887518 0.9200882 0.07854592 0.9206584 0.0787388 0.9201927 0.0787388 0.9201927 0.07854592 0.9206584 0.07863414 0.9203291 0.07863414 0.9203291 0.07854592 0.9206584 0.07856833 0.920488 0.07912296 0.9678421 0.07888203 0.9676316 0.07854592 0.9667527 0.07854592 0.9667527 0.07888203 0.9676316 0.07869905 0.9673691 0.07854592 0.9667527 0.07869905 0.9673691 0.07858479 0.9670702 0.07903397 0.9200224 0.07920444 0.9199999 0.07912296 0.9221993 0.07976055 0.9200224 0.07991939 0.9200882 0.07953363 0.9221993 0.07953363 0.9221993 0.07991939 0.9200882 0.08005577 0.9201927 0.07953363 0.9221993 0.08005577 0.9201927 0.08199816 0.9221351 0.1047026 0.9244264 0.08479189 0.9232924 0.1048526 0.9243113 0.1048526 0.9243113 0.08479189 0.9232924 0.1062025 0.9232924 0.1048526 0.9243113 0.1062025 0.9232924 0.1050273 0.9242389 0.1050273 0.9242389 0.1062025 0.9232924 0.1052147 0.9242143 0.1052147 0.9242143 0.1062025 0.9232924 0.1054022 0.9242389 0.1054022 0.9242389 0.1062025 0.9232924 0.1055769 0.9243113 0.1055769 0.9243113 0.1062025 0.9232924 0.105727 0.9244264 0.105727 0.9244264 0.1062025 0.9232924 0.1058421 0.9245764 0.1058421 0.9245764 0.1062025 0.9232924 0.1059144 0.9247512 0.1059144 0.9247512 0.1062025 0.9232924 0.1066148 0.9233359 0.1059144 0.9247512 0.1066148 0.9233359 0.1071902 0.9239508 0.1071902 0.9239508 0.1066148 0.9233359 0.107009 0.9234644 0.1071902 0.9239508 0.107009 0.9234644 0.1073676 0.9236726 0.1073676 0.9236726 0.1076749 0.9239508 0.1071902 0.9239508 0.1071902 0.9674112 0.1022515 0.9449555 0.1071902 0.9239508 0.1071902 0.9239508 0.1022515 0.9449555 0.1022515 0.9442452 0.1071902 0.9239508 0.1022515 0.9442452 0.1022515 0.9389187 0.1022515 0.9389187 0.1022515 0.9442452 0.1022239 0.944013 0.1022515 0.9389187 0.1022239 0.944013 0.1022222 0.9391577 0.1022222 0.9391577 0.1022239 0.944013 0.1021423 0.9437938 0.1022222 0.9391577 0.1021423 0.9437938 0.1021359 0.9393824 0.1021359 0.9393824 0.1021423 0.9437938 0.1020115 0.9435998 0.1021359 0.9393824 0.1020115 0.9435998 0.1019979 0.9395796 0.1019979 0.9395796 0.1020115 0.9435998 0.1018388 0.9434421 0.1019979 0.9395796 0.1018388 0.9434421 0.1018161 0.9397376 0.1018161 0.9397376 0.1018388 0.9434421 0.1016338 0.9433295 0.1018161 0.9397376 0.1016338 0.9433295 0.1016016 0.9398469 0.1016016 0.9398469 0.1016338 0.9433295 0.1013671 0.9399011 0.1013671 0.9399011 0.1016338 0.9433295 0.1011263 0.9398968 0.1011263 0.9398968 0.1016338 0.9433295 0.1008938 0.9398346 0.1008938 0.9398346 0.1016338 0.9433295 0.08780556 0.9377425 0.1008938 0.9398346 0.08780556 0.9377425 0.08706551 0.9342476 0.08706551 0.9342476 0.08780556 0.9377425 0.08757299 0.9376801 0.08706551 0.9342476 0.08757299 0.9376801 0.0873323 0.937676 0.1050273 0.9657238 0.1022239 0.9621233 0.1052147 0.9656991 0.1052147 0.9656991 0.1022239 0.9621233 0.1022222 0.9572679 0.1052147 0.9656991 0.1022222 0.9572679 0.1054022 0.9657238 0.1054022 0.9657238 0.1022222 0.9572679 0.1055769 0.9657961 0.1055769 0.9657961 0.1022222 0.9572679 0.1022515 0.957029 0.1055769 0.9657961 0.1022515 0.957029 0.105727 0.9659113 0.105727 0.9659113 0.1022515 0.957029 0.1022515 0.9563187 0.105727 0.9659113 0.1022515 0.9563187 0.1022515 0.9509922 0.1022515 0.9509922 0.1022515 0.9563187 0.1022239 0.9560865 0.1022515 0.9509922 0.1022239 0.9560865 0.1022222 0.9512311 0.1022222 0.9512311 0.1022239 0.9560865 0.1021423 0.9558673 0.1022222 0.9512311 0.1021423 0.9558673 0.1021359 0.951456 0.1021359 0.951456 0.1021423 0.9558673 0.1020115 0.9556733 0.1021359 0.951456 0.1020115 0.9556733 0.1019979 0.9516531 0.1019979 0.9516531 0.1020115 0.9556733 0.1018388 0.9555156 0.1019979 0.9516531 0.1018388 0.9555156 0.1018161 0.9518111 0.1018161 0.9518111 0.1018388 0.9555156 0.1016338 0.955403 0.1018161 0.9518111 0.1016338 0.955403 0.1016016 0.9519204 0.1016016 0.9519204 0.1016338 0.955403 0.1013671 0.9519745 0.1013671 0.9519745 0.1016338 0.955403 0.1011263 0.9519703 0.1011263 0.9519703 0.1016338 0.955403 0.1008938 0.951908 0.1008938 0.951908 0.1016338 0.955403 0.08780556 0.949816 0.1008938 0.951908 0.08780556 0.949816 0.08706551 0.946321 0.08706551 0.946321 0.08780556 0.949816 0.08757299 0.9497537 0.08706551 0.946321 0.08757299 0.9497537 0.0873323 0.9497495 0.1022239 0.9621233 0.1050273 0.9657238 0.1022515 0.9623555 0.1022515 0.9623555 0.1050273 0.9657238 0.1048526 0.9657961 0.1022515 0.9623555 0.1048526 0.9657961 0.1022515 0.9630658 0.1022515 0.9630658 0.1048526 0.9657961 0.1047025 0.9659113 0.1022515 0.9630658 0.1047025 0.9659113 0.1022222 0.9633046 0.1022222 0.9633046 0.1047025 0.9659113 0.1045874 0.9660612 0.1022222 0.9633046 0.1045874 0.9660612 0.1021359 0.9635295 0.1021359 0.9635295 0.1045874 0.9660612 0.1045151 0.966236 0.1021359 0.9635295 0.1045151 0.966236 0.1019979 0.9637266 0.1019979 0.9637266 0.1045151 0.966236 0.1044904 0.9664235 0.1019979 0.9637266 0.1044904 0.9664235 0.1018161 0.9638846 0.1018161 0.9638846 0.1044904 0.9664235 0.1045151 0.9666109 0.1018161 0.9638846 0.1045151 0.9666109 0.1016016 0.9639939 0.1016016 0.9639939 0.1045151 0.9666109 0.1013671 0.964048 0.1013671 0.964048 0.1045151 0.9666109 0.1045874 0.9667857 0.1013671 0.964048 0.1045874 0.9667857 0.1011263 0.9640439 0.1011263 0.9640439 0.1045874 0.9667857 0.1008938 0.9639815 0.1008938 0.9639815 0.1045874 0.9667857 0.1047025 0.9669356 0.1059144 0.9666109 0.1059391 0.9664235 0.1071902 0.9674112 0.1071902 0.9674112 0.1059391 0.9664235 0.1059144 0.966236 0.1071902 0.9674112 0.1059144 0.966236 0.1058421 0.9660612 0.1058421 0.9660612 0.105727 0.9659113 0.1071902 0.9674112 0.1071902 0.9674112 0.105727 0.9659113 0.1022515 0.9509922 0.1071902 0.9674112 0.1022515 0.9509922 0.1022515 0.950282 0.08132165 0.9657238 0.08644777 0.9567685 0.08150911 0.9656991 0.08150911 0.9656991 0.08644777 0.9567685 0.08644777 0.9574787 0.08150911 0.9656991 0.08644777 0.9574787 0.08169656 0.9657238 0.08169656 0.9657238 0.08644777 0.9574787 0.08647549 0.957711 0.08169656 0.9657238 0.08647549 0.957711 0.08187127 0.9657961 0.08187127 0.9657961 0.08647549 0.957711 0.08202129 0.9659113 0.08202129 0.9659113 0.08647549 0.957711 0.08655703 0.9579302 0.08202129 0.9659113 0.08655703 0.9579302 0.08213645 0.9660612 0.08213645 0.9660612 0.08655703 0.9579302 0.0866878 0.9581242 0.08213645 0.9660612 0.0866878 0.9581242 0.08220881 0.966236 0.08220881 0.966236 0.0866878 0.9581242 0.08686053 0.9582819 0.08220881 0.966236 0.08686053 0.9582819 0.08706551 0.9583945 0.08132165 0.9657238 0.08114695 0.9657961 0.08644777 0.9567685 0.08644777 0.9567685 0.08114695 0.9657961 0.08647716 0.9565295 0.08647716 0.9565295 0.08114695 0.9657961 0.08647549 0.9516742 0.08647716 0.9565295 0.08647549 0.9516742 0.08655703 0.9518935 0.08647549 0.9516742 0.08114695 0.9657961 0.08644777 0.951442 0.08644777 0.951442 0.08114695 0.9657961 0.08099693 0.9659113 0.08644777 0.951442 0.08099693 0.9659113 0.08644777 0.9507318 0.08644777 0.9507318 0.08099693 0.9659113 0.08644777 0.9454053 0.08644777 0.9507318 0.08644777 0.9454053 0.08647549 0.9456375 0.08099693 0.9659113 0.08088183 0.9660612 0.08644777 0.9454053 0.1008938 0.9639815 0.08220881 0.9666109 0.08706551 0.9583945 0.08706551 0.9583945 0.08220881 0.9666109 0.08223348 0.9664235 0.08706551 0.9583945 0.08223348 0.9664235 0.08220881 0.966236 0.08647549 0.933564 0.08132165 0.9256382 0.08644783 0.9333317 0.08644783 0.9333317 0.08132165 0.9256382 0.08150911 0.9256629 0.08644783 0.9333317 0.08150911 0.9256629 0.08169662 0.9256382 0.08644783 0.9333317 0.08169662 0.9256382 0.08644783 0.9326216 0.08644783 0.9326216 0.08169662 0.9256382 0.08187127 0.9255658 0.08644783 0.9326216 0.08187127 0.9255658 0.08647716 0.9323826 0.08647716 0.9323826 0.08187127 0.9255658 0.08202129 0.9254508 0.08647716 0.9323826 0.08202129 0.9254508 0.08647549 0.9275273 0.08647549 0.9275273 0.08202129 0.9254508 0.08213645 0.9253007 0.08647549 0.9275273 0.08213645 0.9253007 0.08644783 0.927295 0.08644783 0.927295 0.08213645 0.9253007 0.08220881 0.9251261 0.08644783 0.927295 0.08220881 0.9251261 0.08644783 0.9265848 0.1045874 0.9245764 0.1045151 0.9247512 0.08780556 0.925669 0.08780556 0.925669 0.1045151 0.9247512 0.1016338 0.9312559 0.1016338 0.9312559 0.1045151 0.9247512 0.1044904 0.9249386 0.1016338 0.9312559 0.1044904 0.9249386 0.1045151 0.9251261 0.1016338 0.9312559 0.1045151 0.9251261 0.1018388 0.9313687 0.1018388 0.9313687 0.1045151 0.9251261 0.1045874 0.9253007 0.1018388 0.9313687 0.1045874 0.9253007 0.1020115 0.9315264 0.1020115 0.9315264 0.1045874 0.9253007 0.1047026 0.9254508 0.1020115 0.9315264 0.1047026 0.9254508 0.1021423 0.9317203 0.1021423 0.9317203 0.1047026 0.9254508 0.1048526 0.9255658 0.1021423 0.9317203 0.1048526 0.9255658 0.1050273 0.9256382 0.1021423 0.9317203 0.1050273 0.9256382 0.1022239 0.9319395 0.1022239 0.9319395 0.1050273 0.9256382 0.1052147 0.9256629 0.1022239 0.9319395 0.1052147 0.9256629 0.1022515 0.9321718 0.1022515 0.9321718 0.1052147 0.9256629 0.1054022 0.9256382 0.1022515 0.9321718 0.1054022 0.9256382 0.1055769 0.9255658 0.1022515 0.9321718 0.1055769 0.9255658 0.1022515 0.932882 0.1022515 0.932882 0.1055769 0.9255658 0.105727 0.9254508 0.1022515 0.932882 0.105727 0.9254508 0.1022222 0.933121 0.1022222 0.933121 0.105727 0.9254508 0.1022239 0.9379763 0.1022222 0.933121 0.1022239 0.9379763 0.1021423 0.937757 0.1058421 0.9253007 0.1071902 0.9239508 0.105727 0.9254508 0.105727 0.9254508 0.1071902 0.9239508 0.1022515 0.9382086 0.105727 0.9254508 0.1022515 0.9382086 0.1022239 0.9379763 0.1058421 0.9253007 0.1059144 0.9251261 0.1071902 0.9239508 0.1071902 0.9239508 0.1059144 0.9251261 0.1059391 0.9249386 0.1071902 0.9239508 0.1059391 0.9249386 0.1059144 0.9247512 0.08644777 0.9507318 0.08647549 0.9456375 0.08647716 0.9504929 0.08647716 0.9504929 0.08647549 0.9456375 0.08655703 0.9458567 0.08647716 0.9504929 0.08655703 0.9458567 0.0865634 0.950268 0.0865634 0.950268 0.08655703 0.9458567 0.0866878 0.9460507 0.0865634 0.950268 0.0866878 0.9460507 0.08670151 0.9500709 0.08670151 0.9500709 0.0866878 0.9460507 0.08686053 0.9462084 0.08670151 0.9500709 0.08686053 0.9462084 0.08688318 0.9499129 0.08688318 0.9499129 0.08686053 0.9462084 0.08706551 0.946321 0.08688318 0.9499129 0.08706551 0.946321 0.0870977 0.9498036 0.0870977 0.9498036 0.08706551 0.946321 0.0873323 0.9497495 0.1071902 0.9674112 0.1022515 0.950282 0.1022515 0.9449555 0.1022515 0.9449555 0.1022515 0.950282 0.1022239 0.9500498 0.1022515 0.9449555 0.1022239 0.9500498 0.1022222 0.9451945 0.1022222 0.9451945 0.1022239 0.9500498 0.1021423 0.9498305 0.1022222 0.9451945 0.1021423 0.9498305 0.1021359 0.9454192 0.1021359 0.9454192 0.1021423 0.9498305 0.1020115 0.9496366 0.1021359 0.9454192 0.1020115 0.9496366 0.1019979 0.9456164 0.1019979 0.9456164 0.1020115 0.9496366 0.1018388 0.9494789 0.1019979 0.9456164 0.1018388 0.9494789 0.1018161 0.9457743 0.1018161 0.9457743 0.1018388 0.9494789 0.1016338 0.9493662 0.1018161 0.9457743 0.1016338 0.9493662 0.1016016 0.9458836 0.1016016 0.9458836 0.1016338 0.9493662 0.1013671 0.9459378 0.1013671 0.9459378 0.1016338 0.9493662 0.1011263 0.9459336 0.1011263 0.9459336 0.1016338 0.9493662 0.1008938 0.9458712 0.1008938 0.9458712 0.1016338 0.9493662 0.08780556 0.9437792 0.1008938 0.9458712 0.08780556 0.9437792 0.08706551 0.9402843 0.08706551 0.9402843 0.08780556 0.9437792 0.08757299 0.9437169 0.08706551 0.9402843 0.08757299 0.9437169 0.0873323 0.9437127 0.0873323 0.9437127 0.0870977 0.9437668 0.08706551 0.9402843 0.08706551 0.9402843 0.0870977 0.9437668 0.08688318 0.9438762 0.08706551 0.9402843 0.08688318 0.9438762 0.08686053 0.9401716 0.08686053 0.9401716 0.08688318 0.9438762 0.08670151 0.9440341 0.08686053 0.9401716 0.08670151 0.9440341 0.0866878 0.9400139 0.0866878 0.9400139 0.08670151 0.9440341 0.0865634 0.9442313 0.0866878 0.9400139 0.0865634 0.9442313 0.08655703 0.9398199 0.08655703 0.9398199 0.0865634 0.9442313 0.08647716 0.9444561 0.08655703 0.9398199 0.08647716 0.9444561 0.08647549 0.9396007 0.08647549 0.9396007 0.08647716 0.9444561 0.08644777 0.944695 0.08647549 0.9396007 0.08644777 0.944695 0.08644783 0.9393685 0.08647716 0.9565295 0.08655703 0.9518935 0.0865634 0.9563048 0.0865634 0.9563048 0.08655703 0.9518935 0.0866878 0.9520874 0.0865634 0.9563048 0.0866878 0.9520874 0.08670151 0.9561076 0.08670151 0.9561076 0.0866878 0.9520874 0.08686053 0.9522451 0.08670151 0.9561076 0.08686053 0.9522451 0.08688318 0.9559497 0.08688318 0.9559497 0.08686053 0.9522451 0.08706551 0.9523578 0.08688318 0.9559497 0.08706551 0.9523578 0.0870977 0.9558404 0.0870977 0.9558404 0.08706551 0.9523578 0.0873323 0.9557862 0.0873323 0.9557862 0.08706551 0.9523578 0.08757299 0.9557904 0.08757299 0.9557904 0.08706551 0.9523578 0.08780556 0.9558526 0.08780556 0.9558526 0.08706551 0.9523578 0.1008938 0.9579448 0.08780556 0.9558526 0.1008938 0.9579448 0.1016338 0.9614397 0.1016338 0.9614397 0.1008938 0.9579448 0.1011263 0.9580071 0.1016338 0.9614397 0.1011263 0.9580071 0.1013671 0.9580113 0.1013671 0.9580113 0.1016016 0.9579572 0.1016338 0.9614397 0.1016338 0.9614397 0.1016016 0.9579572 0.1018161 0.9578478 0.1016338 0.9614397 0.1018161 0.9578478 0.1018388 0.9615524 0.1018388 0.9615524 0.1018161 0.9578478 0.1019979 0.9576899 0.1018388 0.9615524 0.1019979 0.9576899 0.1020115 0.9617101 0.1020115 0.9617101 0.1019979 0.9576899 0.1021359 0.9574927 0.1020115 0.9617101 0.1021359 0.9574927 0.1021423 0.9619041 0.1021423 0.9619041 0.1021359 0.9574927 0.1022222 0.9572679 0.1021423 0.9619041 0.1022222 0.9572679 0.1022239 0.9621233 0.0873323 0.937676 0.0870977 0.9377301 0.08706551 0.9342476 0.08706551 0.9342476 0.0870977 0.9377301 0.08688318 0.9378394 0.08706551 0.9342476 0.08688318 0.9378394 0.08686053 0.9341349 0.08686053 0.9341349 0.08688318 0.9378394 0.08670151 0.9379974 0.08686053 0.9341349 0.08670151 0.9379974 0.0866878 0.9339771 0.0866878 0.9339771 0.08670151 0.9379974 0.0865634 0.9381945 0.0866878 0.9339771 0.0865634 0.9381945 0.08655703 0.9337833 0.08655703 0.9337833 0.0865634 0.9381945 0.08647716 0.9384194 0.08647549 0.9275273 0.08655703 0.9277465 0.08647716 0.9323826 0.08647716 0.9323826 0.08655703 0.9277465 0.0865634 0.9321579 0.0865634 0.9321579 0.08655703 0.9277465 0.0866878 0.9279404 0.0865634 0.9321579 0.0866878 0.9279404 0.08670151 0.9319606 0.08670151 0.9319606 0.0866878 0.9279404 0.08686053 0.9280981 0.08670151 0.9319606 0.08686053 0.9280981 0.08688318 0.9318026 0.08688318 0.9318026 0.08686053 0.9280981 0.08706551 0.9282109 0.08688318 0.9318026 0.08706551 0.9282109 0.0870977 0.9316933 0.0870977 0.9316933 0.08706551 0.9282109 0.0873323 0.9316392 0.0873323 0.9316392 0.08706551 0.9282109 0.08757299 0.9316434 0.08757299 0.9316434 0.08706551 0.9282109 0.08780556 0.9317057 0.08780556 0.9317057 0.08706551 0.9282109 0.1008938 0.9337978 0.08780556 0.9317057 0.1008938 0.9337978 0.1016338 0.9372927 0.1016338 0.9372927 0.1008938 0.9337978 0.1011263 0.9338601 0.1016338 0.9372927 0.1011263 0.9338601 0.1013671 0.9338644 0.1013671 0.9338644 0.1016016 0.9338101 0.1016338 0.9372927 0.1016338 0.9372927 0.1016016 0.9338101 0.1018161 0.9337009 0.1016338 0.9372927 0.1018161 0.9337009 0.1018388 0.9374055 0.1018388 0.9374055 0.1018161 0.9337009 0.1019979 0.933543 0.1018388 0.9374055 0.1019979 0.933543 0.1020115 0.9375632 0.1020115 0.9375632 0.1019979 0.933543 0.1021359 0.9333457 0.1020115 0.9375632 0.1021359 0.9333457 0.1021423 0.937757 0.1021423 0.937757 0.1021359 0.9333457 0.1022222 0.933121 0.1022515 0.9389187 0.1022515 0.9382086 0.1071902 0.9239508 0.1123027 0.8984822 0.1116442 0.8984822 0.1123027 0.8982531 0.1123027 0.8982531 0.1116442 0.8984822 0.1116442 0.8982531 0.1123027 0.8982531 0.1116442 0.8982531 0.1123027 0.8980193 0.1123027 0.8980193 0.1116442 0.8982531 0.1116442 0.8980193 0.1123027 0.8980193 0.1116442 0.8980193 0.1123027 0.8977941 0.1123027 0.8977941 0.1116442 0.8980193 0.1116442 0.8977941 0.1123027 0.8977941 0.1116442 0.8977941 0.1123027 0.89759 0.1123027 0.89759 0.1116442 0.8977941 0.1116442 0.89759 0.1123027 0.89759 0.1116442 0.89759 0.1123027 0.8974185 0.1123027 0.8974185 0.1116442 0.89759 0.1116442 0.8974185 0.1156446 0.9037924 0.1156446 0.9043076 0.1149861 0.9037924 0.1149861 0.9037924 0.1156446 0.9043076 0.1149861 0.9043076 0.1136197 0.9480492 0.1136197 0.9610953 0.1129612 0.9480492 0.1129612 0.9480492 0.1136197 0.9610953 0.1129612 0.9610953 0.1129612 0.9610953 0.1136197 0.9610953 0.1129612 0.9613119 0.1129612 0.9613119 0.1136197 0.9610953 0.1136197 0.9613119 0.1129612 0.9613119 0.1136197 0.9613119 0.1129612 0.9615432 0.1129612 0.9615432 0.1136197 0.9613119 0.1136197 0.9615432 0.1129612 0.9615432 0.1136197 0.9615432 0.1129612 0.9617761 0.1129612 0.9617761 0.1136197 0.9615432 0.1136197 0.9617761 0.1129612 0.9617761 0.1136197 0.9617761 0.1129612 0.9619979 0.1129612 0.9619979 0.1136197 0.9617761 0.1136197 0.9619979 0.1129612 0.9619979 0.1136197 0.9619979 0.1129612 0.9621958 0.1129612 0.9621958 0.1136197 0.9619979 0.1136197 0.9621958 0.1136197 0.9621958 0.1136197 0.9627476 0.1129612 0.9621958 0.1129612 0.9621958 0.1136197 0.9627476 0.1129612 0.9627476 0.1156446 0.9317315 0.1149861 0.9317315 0.1156446 0.931548 0.1156446 0.931548 0.1149861 0.9317315 0.1149861 0.931548 0.1156446 0.931548 0.1149861 0.931548 0.1156446 0.9313324 0.1156446 0.9313324 0.1149861 0.931548 0.1149861 0.9313324 0.1156446 0.9313324 0.1149861 0.9313324 0.1156446 0.9310973 0.1156446 0.9310973 0.1149861 0.9313324 0.1149861 0.9310973 0.1156446 0.9310973 0.1149861 0.9310973 0.1156446 0.9308566 0.1156446 0.9308566 0.1149861 0.9310973 0.1149861 0.9308566 0.1156446 0.9308566 0.1149861 0.9308566 0.1156446 0.9306247 0.1156446 0.9306247 0.1149861 0.9308566 0.1149861 0.9306247 0.1156446 0.9306247 0.1149861 0.9306247 0.1156446 0.9304154 0.1156446 0.9304154 0.1149861 0.9306247 0.1149861 0.9304154 0.1123027 0.9130408 0.1116442 0.9130408 0.1123027 0.9128547 0.1123027 0.9128547 0.1116442 0.9130408 0.1116442 0.9128547 0.1123027 0.9128547 0.1116442 0.9128547 0.1123027 0.9126371 0.1123027 0.9126371 0.1116442 0.9128547 0.1116442 0.9126371 0.1123027 0.9126371 0.1116442 0.9126371 0.1123027 0.8984822 0.1123027 0.8984822 0.1116442 0.9126371 0.1116442 0.8984822 0.1129612 0.872994 0.1123027 0.872994 0.1129612 0.8727647 0.1129612 0.8727647 0.1123027 0.872994 0.1123027 0.8727647 0.1129612 0.8727647 0.1123027 0.8727647 0.1129612 0.872531 0.1129612 0.872531 0.1123027 0.8727647 0.1123027 0.872531 0.1129612 0.872531 0.1123027 0.872531 0.1129612 0.8723058 0.1129612 0.8723058 0.1123027 0.872531 0.1123027 0.8723058 0.1129612 0.8723058 0.1123027 0.8723058 0.1129612 0.8721017 0.1129612 0.8721017 0.1123027 0.8723058 0.1123027 0.8721017 0.1129612 0.8721017 0.1123027 0.8721017 0.1129612 0.8719301 0.1129612 0.8719301 0.1123027 0.8721017 0.1123027 0.8719301 0.1156446 0.9137886 0.1156446 0.9143038 0.1149861 0.9137886 0.1149861 0.9137886 0.1156446 0.9143038 0.1149861 0.9143038 0.1136197 0.933156 0.1136197 0.9462022 0.1129612 0.933156 0.1129612 0.933156 0.1136197 0.9462022 0.1129612 0.9462022 0.1129612 0.9462022 0.1136197 0.9462022 0.1129612 0.9464187 0.1129612 0.9464187 0.1136197 0.9462022 0.1136197 0.9464187 0.1129612 0.9464187 0.1136197 0.9464187 0.1129612 0.94665 0.1129612 0.94665 0.1136197 0.9464187 0.1136197 0.94665 0.1129612 0.94665 0.1136197 0.94665 0.1129612 0.946883 0.1129612 0.946883 0.1136197 0.94665 0.1136197 0.946883 0.1129612 0.946883 0.1136197 0.946883 0.1129612 0.9471047 0.1129612 0.9471047 0.1136197 0.946883 0.1136197 0.9471047 0.1129612 0.9471047 0.1136197 0.9471047 0.1129612 0.9473026 0.1129612 0.9473026 0.1136197 0.9471047 0.1136197 0.9473026 0.1136197 0.9473026 0.1136197 0.9478544 0.1129612 0.9473026 0.1129612 0.9473026 0.1136197 0.9478544 0.1129612 0.9478544 0.1156446 0.9343635 0.1149861 0.9343635 0.1156446 0.93418 0.1156446 0.93418 0.1149861 0.9343635 0.1149861 0.93418 0.1156446 0.93418 0.1149861 0.93418 0.1156446 0.9339644 0.1156446 0.9339644 0.1149861 0.93418 0.1149861 0.9339644 0.1156446 0.9339644 0.1149861 0.9339644 0.1156446 0.9337293 0.1156446 0.9337293 0.1149861 0.9339644 0.1149861 0.9337293 0.1156446 0.9337293 0.1149861 0.9337293 0.1156446 0.9334886 0.1156446 0.9334886 0.1149861 0.9337293 0.1149861 0.9334886 0.1156446 0.9334886 0.1149861 0.9334886 0.1156446 0.9332568 0.1156446 0.9332568 0.1149861 0.9334886 0.1149861 0.9332568 0.1156446 0.9332568 0.1149861 0.9332568 0.1156446 0.9330474 0.1156446 0.9330474 0.1149861 0.9332568 0.1149861 0.9330474 0.1129612 0.8875525 0.1123027 0.8875525 0.1129612 0.8873663 0.1129612 0.8873663 0.1123027 0.8875525 0.1123027 0.8873663 0.1129612 0.8873663 0.1123027 0.8873663 0.1129612 0.8871487 0.1129612 0.8871487 0.1123027 0.8873663 0.1123027 0.8871487 0.1129612 0.8871487 0.1123027 0.8871487 0.1129612 0.872994 0.1129612 0.872994 0.1123027 0.8871487 0.1123027 0.872994 0.1123027 0.9141046 0.1116442 0.9141046 0.1123027 0.9138755 0.1123027 0.9138755 0.1116442 0.9141046 0.1116442 0.9138755 0.1123027 0.9138755 0.1116442 0.9138755 0.1123027 0.9136417 0.1123027 0.9136417 0.1116442 0.9138755 0.1116442 0.9136417 0.1123027 0.9136417 0.1116442 0.9136417 0.1123027 0.9134164 0.1123027 0.9134164 0.1116442 0.9136417 0.1116442 0.9134164 0.1123027 0.9134164 0.1116442 0.9134164 0.1123027 0.9132123 0.1123027 0.9132123 0.1116442 0.9134164 0.1116442 0.9132123 0.1123027 0.9132123 0.1116442 0.9132123 0.1123027 0.9130408 0.1123027 0.9130408 0.1116442 0.9132123 0.1116442 0.9130408 0.1156446 0.9117894 0.1156446 0.9123046 0.1149861 0.9117894 0.1149861 0.9117894 0.1156446 0.9123046 0.1149861 0.9123046 0.1136197 0.9182628 0.1136197 0.9313089 0.1129612 0.9182628 0.1129612 0.9182628 0.1136197 0.9313089 0.1129612 0.9313089 0.1129612 0.9313089 0.1136197 0.9313089 0.1129612 0.9315255 0.1129612 0.9315255 0.1136197 0.9313089 0.1136197 0.9315255 0.1129612 0.9315255 0.1136197 0.9315255 0.1129612 0.9317567 0.1129612 0.9317567 0.1136197 0.9315255 0.1136197 0.9317567 0.1129612 0.9317567 0.1136197 0.9317567 0.1129612 0.9319898 0.1129612 0.9319898 0.1136197 0.9317567 0.1136197 0.9319898 0.1129612 0.9319898 0.1136197 0.9319898 0.1129612 0.9322114 0.1129612 0.9322114 0.1136197 0.9319898 0.1136197 0.9322114 0.1129612 0.9322114 0.1136197 0.9322114 0.1129612 0.9324094 0.1129612 0.9324094 0.1136197 0.9322114 0.1136197 0.9324094 0.1136197 0.9324094 0.1136197 0.9329612 0.1129612 0.9324094 0.1129612 0.9324094 0.1136197 0.9329612 0.1129612 0.9329612 0.1156446 0.9330474 0.1149861 0.9330474 0.1156446 0.9328641 0.1156446 0.9328641 0.1149861 0.9330474 0.1149861 0.9328641 0.1156446 0.9328641 0.1149861 0.9328641 0.1156446 0.9326484 0.1156446 0.9326484 0.1149861 0.9328641 0.1149861 0.9326484 0.1156446 0.9326484 0.1149861 0.9326484 0.1156446 0.9324132 0.1156446 0.9324132 0.1149861 0.9326484 0.1149861 0.9324132 0.1156446 0.9324132 0.1149861 0.9324132 0.1156446 0.9321725 0.1156446 0.9321725 0.1149861 0.9324132 0.1149861 0.9321725 0.1156446 0.9321725 0.1149861 0.9321725 0.1156446 0.9319407 0.1156446 0.9319407 0.1149861 0.9321725 0.1149861 0.9319407 0.1156446 0.9319407 0.1149861 0.9319407 0.1156446 0.9317315 0.1156446 0.9317315 0.1149861 0.9319407 0.1149861 0.9317315 0.1123027 0.9286631 0.1116442 0.9286631 0.1123027 0.9284771 0.1123027 0.9284771 0.1116442 0.9286631 0.1116442 0.9284771 0.1123027 0.9284771 0.1116442 0.9284771 0.1123027 0.9282595 0.1123027 0.9282595 0.1116442 0.9284771 0.1116442 0.9282595 0.1123027 0.9282595 0.1116442 0.9282595 0.1123027 0.9141046 0.1123027 0.9141046 0.1116442 0.9282595 0.1116442 0.9141046 0.1123027 0.929727 0.1116442 0.929727 0.1123027 0.9294977 0.1123027 0.9294977 0.1116442 0.929727 0.1116442 0.9294977 0.1123027 0.9294977 0.1116442 0.9294977 0.1123027 0.929264 0.1123027 0.929264 0.1116442 0.9294977 0.1116442 0.929264 0.1123027 0.929264 0.1116442 0.929264 0.1123027 0.9290388 0.1123027 0.9290388 0.1116442 0.929264 0.1116442 0.9290388 0.1123027 0.9290388 0.1116442 0.9290388 0.1123027 0.9288347 0.1123027 0.9288347 0.1116442 0.9290388 0.1116442 0.9288347 0.1123027 0.9288347 0.1116442 0.9288347 0.1123027 0.9286631 0.1123027 0.9286631 0.1116442 0.9288347 0.1116442 0.9286631 0.1156446 0.9097902 0.1156446 0.9103054 0.1149861 0.9097902 0.1149861 0.9097902 0.1156446 0.9103054 0.1149861 0.9103054 0.1142782 0.8870181 0.1142782 0.9000642 0.1136197 0.8870181 0.1136197 0.8870181 0.1142782 0.9000642 0.1136197 0.9000642 0.1136197 0.9000642 0.1142782 0.9000642 0.1136197 0.9002808 0.1136197 0.9002808 0.1142782 0.9000642 0.1142782 0.9002808 0.1136197 0.9002808 0.1142782 0.9002808 0.1136197 0.9005121 0.1136197 0.9005121 0.1142782 0.9002808 0.1142782 0.9005121 0.1136197 0.9005121 0.1142782 0.9005121 0.1136197 0.9007451 0.1136197 0.9007451 0.1142782 0.9005121 0.1142782 0.9007451 0.1136197 0.9007451 0.1142782 0.9007451 0.1136197 0.9009668 0.1136197 0.9009668 0.1142782 0.9007451 0.1142782 0.9009668 0.1136197 0.9009668 0.1142782 0.9009668 0.1136197 0.9011647 0.1136197 0.9011647 0.1142782 0.9009668 0.1142782 0.9011647 0.1142782 0.9011647 0.1142782 0.9017165 0.1136197 0.9011647 0.1136197 0.9011647 0.1142782 0.9017165 0.1136197 0.9017165 0.1156446 0.9304154 0.1149861 0.9304154 0.1156446 0.9302321 0.1156446 0.9302321 0.1149861 0.9304154 0.1149861 0.9302321 0.1156446 0.9302321 0.1149861 0.9302321 0.1156446 0.9300164 0.1156446 0.9300164 0.1149861 0.9302321 0.1149861 0.9300164 0.1156446 0.9300164 0.1149861 0.9300164 0.1156446 0.9297812 0.1156446 0.9297812 0.1149861 0.9300164 0.1149861 0.9297812 0.1156446 0.9297812 0.1149861 0.9297812 0.1156446 0.9295405 0.1156446 0.9295405 0.1149861 0.9297812 0.1149861 0.9295405 0.1156446 0.9295405 0.1149861 0.9295405 0.1156446 0.9293087 0.1156446 0.9293087 0.1149861 0.9295405 0.1149861 0.9293087 0.1156446 0.9293087 0.1149861 0.9293087 0.1156446 0.9290995 0.1156446 0.9290995 0.1149861 0.9293087 0.1149861 0.9290995 0.1123027 0.9442855 0.1116442 0.9442855 0.1123027 0.9440993 0.1123027 0.9440993 0.1116442 0.9442855 0.1116442 0.9440993 0.1123027 0.9440993 0.1116442 0.9440993 0.1123027 0.9438818 0.1123027 0.9438818 0.1116442 0.9440993 0.1116442 0.9438818 0.1123027 0.9438818 0.1116442 0.9438818 0.1123027 0.929727 0.1123027 0.929727 0.1116442 0.9438818 0.1116442 0.929727 0.1123027 0.9453492 0.1116442 0.9453492 0.1123027 0.9451201 0.1123027 0.9451201 0.1116442 0.9453492 0.1116442 0.9451201 0.1123027 0.9451201 0.1116442 0.9451201 0.1123027 0.9448863 0.1123027 0.9448863 0.1116442 0.9451201 0.1116442 0.9448863 0.1123027 0.9448863 0.1116442 0.9448863 0.1123027 0.9446612 0.1123027 0.9446612 0.1116442 0.9448863 0.1116442 0.9446612 0.1123027 0.9446612 0.1116442 0.9446612 0.1123027 0.9444569 0.1123027 0.9444569 0.1116442 0.9446612 0.1116442 0.9444569 0.1123027 0.9444569 0.1116442 0.9444569 0.1123027 0.9442855 0.1123027 0.9442855 0.1116442 0.9444569 0.1116442 0.9442855 0.1156446 0.9077909 0.1156446 0.9083061 0.1149861 0.9077909 0.1149861 0.9077909 0.1156446 0.9083061 0.1149861 0.9083061 0.1142782 0.8721249 0.1142782 0.8851711 0.1136197 0.8721249 0.1136197 0.8721249 0.1142782 0.8851711 0.1136197 0.8851711 0.1136197 0.8851711 0.1142782 0.8851711 0.1136197 0.8853877 0.1136197 0.8853877 0.1142782 0.8851711 0.1142782 0.8853877 0.1136197 0.8853877 0.1142782 0.8853877 0.1136197 0.8856189 0.1136197 0.8856189 0.1142782 0.8853877 0.1142782 0.8856189 0.1136197 0.8856189 0.1142782 0.8856189 0.1136197 0.885852 0.1136197 0.885852 0.1142782 0.8856189 0.1142782 0.885852 0.1136197 0.885852 0.1142782 0.885852 0.1136197 0.8860736 0.1136197 0.8860736 0.1142782 0.885852 0.1142782 0.8860736 0.1136197 0.8860736 0.1142782 0.8860736 0.1136197 0.8862715 0.1136197 0.8862715 0.1142782 0.8860736 0.1142782 0.8862715 0.1142782 0.8862715 0.1142782 0.8868233 0.1136197 0.8862715 0.1136197 0.8862715 0.1142782 0.8868233 0.1136197 0.8868233 0.1156446 0.9290995 0.1149861 0.9290995 0.1156446 0.928916 0.1156446 0.928916 0.1149861 0.9290995 0.1149861 0.928916 0.1156446 0.928916 0.1149861 0.928916 0.1156446 0.9287003 0.1156446 0.9287003 0.1149861 0.928916 0.1149861 0.9287003 0.1156446 0.9287003 0.1149861 0.9287003 0.1156446 0.9284651 0.1156446 0.9284651 0.1149861 0.9287003 0.1149861 0.9284651 0.1156446 0.9284651 0.1149861 0.9284651 0.1156446 0.9282246 0.1156446 0.9282246 0.1149861 0.9284651 0.1149861 0.9282246 0.1156446 0.9282246 0.1149861 0.9282246 0.1156446 0.9279927 0.1156446 0.9279927 0.1149861 0.9282246 0.1149861 0.9279927 0.1156446 0.9279927 0.1149861 0.9279927 0.1156446 0.9277834 0.1156446 0.9277834 0.1149861 0.9279927 0.1149861 0.9277834 0.1123027 0.9599078 0.1116442 0.9599078 0.1123027 0.9597217 0.1123027 0.9597217 0.1116442 0.9599078 0.1116442 0.9597217 0.1123027 0.9597217 0.1116442 0.9597217 0.1123027 0.9595041 0.1123027 0.9595041 0.1116442 0.9597217 0.1116442 0.9595041 0.1123027 0.9595041 0.1116442 0.9595041 0.1123027 0.9453492 0.1123027 0.9453492 0.1116442 0.9595041 0.1116442 0.9453492 0.1129612 0.8886162 0.1123027 0.8886162 0.1129612 0.8883871 0.1129612 0.8883871 0.1123027 0.8886162 0.1123027 0.8883871 0.1129612 0.8883871 0.1123027 0.8883871 0.1129612 0.8881533 0.1129612 0.8881533 0.1123027 0.8883871 0.1123027 0.8881533 0.1129612 0.8881533 0.1123027 0.8881533 0.1129612 0.887928 0.1129612 0.887928 0.1123027 0.8881533 0.1123027 0.887928 0.1129612 0.887928 0.1123027 0.887928 0.1129612 0.8877239 0.1129612 0.8877239 0.1123027 0.887928 0.1123027 0.8877239 0.1129612 0.8877239 0.1123027 0.8877239 0.1129612 0.8875525 0.1129612 0.8875525 0.1123027 0.8877239 0.1123027 0.8875525 0.1156446 0.9057916 0.1156446 0.9063069 0.1149861 0.9057916 0.1149861 0.9057916 0.1156446 0.9063069 0.1149861 0.9063069 0.1136197 0.9033696 0.1136197 0.9164157 0.1129612 0.9033696 0.1129612 0.9033696 0.1136197 0.9164157 0.1129612 0.9164157 0.1129612 0.9164157 0.1136197 0.9164157 0.1129612 0.9166323 0.1129612 0.9166323 0.1136197 0.9164157 0.1136197 0.9166323 0.1129612 0.9166323 0.1136197 0.9166323 0.1129612 0.9168636 0.1129612 0.9168636 0.1136197 0.9166323 0.1136197 0.9168636 0.1129612 0.9168636 0.1136197 0.9168636 0.1129612 0.9170966 0.1129612 0.9170966 0.1136197 0.9168636 0.1136197 0.9170966 0.1129612 0.9170966 0.1136197 0.9170966 0.1129612 0.9173182 0.1129612 0.9173182 0.1136197 0.9170966 0.1136197 0.9173182 0.1129612 0.9173182 0.1136197 0.9173182 0.1129612 0.9175162 0.1129612 0.9175162 0.1136197 0.9173182 0.1136197 0.9175162 0.1136197 0.9175162 0.1136197 0.918068 0.1129612 0.9175162 0.1129612 0.9175162 0.1136197 0.918068 0.1129612 0.918068 0.1156446 0.9356794 0.1149861 0.9356794 0.1156446 0.9354961 0.1156446 0.9354961 0.1149861 0.9356794 0.1149861 0.9354961 0.1156446 0.9354961 0.1149861 0.9354961 0.1156446 0.9352805 0.1156446 0.9352805 0.1149861 0.9354961 0.1149861 0.9352805 0.1156446 0.9352805 0.1149861 0.9352805 0.1156446 0.9350453 0.1156446 0.9350453 0.1149861 0.9352805 0.1149861 0.9350453 0.1156446 0.9350453 0.1149861 0.9350453 0.1156446 0.9348046 0.1156446 0.9348046 0.1149861 0.9350453 0.1149861 0.9348046 0.1156446 0.9348046 0.1149861 0.9348046 0.1156446 0.9345727 0.1156446 0.9345727 0.1149861 0.9348046 0.1149861 0.9345727 0.1156446 0.9345727 0.1149861 0.9345727 0.1156446 0.9343635 0.1156446 0.9343635 0.1149861 0.9345727 0.1149861 0.9343635 0.1129612 0.9031748 0.1123027 0.9031748 0.1129612 0.9029887 0.1129612 0.9029887 0.1123027 0.9031748 0.1123027 0.9029887 0.1129612 0.9029887 0.1123027 0.9029887 0.1129612 0.9027711 0.1129612 0.9027711 0.1123027 0.9029887 0.1123027 0.9027711 0.1129612 0.9027711 0.1123027 0.9027711 0.1129612 0.8886162 0.1129612 0.8886162 0.1123027 0.9027711 0.1123027 0.8886162 0.1103273 0.9582843 0.1096687 0.9582843 0.1103273 0.9224694 0.1103273 0.9224694 0.1096687 0.9582843 0.1096687 0.9224694 0.108681 0.9153905 0.1093395 0.9153905 0.108681 0.9335191 0.108681 0.9335191 0.1093395 0.9153905 0.1093395 0.9335191 0.1092901 0.9354842 0.108681 0.9354133 0.1092901 0.9350103 0.1092901 0.9350103 0.108681 0.9354133 0.108681 0.9349003 0.1092901 0.9350103 0.108681 0.9349003 0.1093395 0.9350103 0.1093395 0.9350103 0.108681 0.9349003 0.1093395 0.9345969 0.1093395 0.9345969 0.108681 0.9349003 0.108681 0.9343909 0.1093395 0.9345969 0.108681 0.9343909 0.1093395 0.9341991 0.1093395 0.9341991 0.108681 0.9343909 0.108681 0.9339199 0.1093395 0.9341991 0.108681 0.9339199 0.1093395 0.9338344 0.1093395 0.9338344 0.108681 0.9339199 0.108681 0.9335191 0.1093395 0.9338344 0.108681 0.9335191 0.1093395 0.9335191 0.108681 0.9354133 0.1092901 0.9354842 0.108681 0.9358946 0.108681 0.9358946 0.1092901 0.9354842 0.1092901 0.9359267 0.108681 0.9358946 0.1092901 0.9359267 0.108681 0.9363119 0.108681 0.9363119 0.1092901 0.9359267 0.1092901 0.9363119 0.1109857 0.9404625 0.1109857 0.9241484 0.1116442 0.9404625 0.1116442 0.9404625 0.1109857 0.9241484 0.1116442 0.9241484 0.1116442 0.9241484 0.1109857 0.9241484 0.1116442 0.923282 0.1116442 0.923282 0.1109857 0.9241484 0.1109857 0.923282 0.1116442 0.923282 0.1109857 0.923282 0.1116442 0.9223003 0.1116442 0.9223003 0.1109857 0.923282 0.1109857 0.9223003 0.1116442 0.9223003 0.1109857 0.9223003 0.1116442 0.9212703 0.1116442 0.9212703 0.1109857 0.9223003 0.1109857 0.9212703 0.1116442 0.9212703 0.1109857 0.9212703 0.1116442 0.9185324 0.1116442 0.9185324 0.1109857 0.9212703 0.1109857 0.9185324 0.1116442 0.9185324 0.1109857 0.9185324 0.1116442 0.9183607 0.1116442 0.9183607 0.1109857 0.9185324 0.1109857 0.9183607 0.1116442 0.9183607 0.1109857 0.9183607 0.1116442 0.918197 0.1116442 0.918197 0.1109857 0.9183607 0.1109857 0.918197 0.1116442 0.918197 0.1109857 0.918197 0.1116442 0.9180527 0.1116442 0.9180527 0.1109857 0.918197 0.1109857 0.9180527 0.1109857 0.9180527 0.1109857 0.9177587 0.1116442 0.9180527 0.1116442 0.9180527 0.1109857 0.9177587 0.1116442 0.9177587 0.1156446 0.9538143 0.1149861 0.9538143 0.1156446 0.9536737 0.1156446 0.9536737 0.1149861 0.9538143 0.1149861 0.9536737 0.1156446 0.9536737 0.1149861 0.9536737 0.1156446 0.9535123 0.1156446 0.9535123 0.1149861 0.9536737 0.1149861 0.9535123 0.1156446 0.9535123 0.1149861 0.9535123 0.1156446 0.953341 0.1156446 0.953341 0.1149861 0.9535123 0.1149861 0.953341 0.1156446 0.953341 0.1149861 0.953341 0.1156446 0.9531717 0.1156446 0.9531717 0.1149861 0.953341 0.1149861 0.9531717 0.1156446 0.9531717 0.1149861 0.9531717 0.1156446 0.9530158 0.1156446 0.9530158 0.1149861 0.9531717 0.1149861 0.9530158 0.1156446 0.9530158 0.1149861 0.9530158 0.1156446 0.9528838 0.1156446 0.9528838 0.1149861 0.9530158 0.1149861 0.9528838 0.05007541 0.9199999 0.04941689 0.9193415 0.05046111 0.9199999 0.05046111 0.9199999 0.04941689 0.9193415 0.05092674 0.9198071 0.05046111 0.9199999 0.05092674 0.9198071 0.05063152 0.9199774 0.05063152 0.9199774 0.05092674 0.9198071 0.05079036 0.9199117 0.05007541 0.9199999 0.04990494 0.9199774 0.04941689 0.9193415 0.04941689 0.9193415 0.04990494 0.9199774 0.04974615 0.9199117 0.04941689 0.9193415 0.04974615 0.9199117 0.04960978 0.9198071 0.04960978 0.9198071 0.04950511 0.9196707 0.04941689 0.9193415 0.04941689 0.9193415 0.04950511 0.9196707 0.04943931 0.9195118 0.04941689 0.8732471 0.0517528 0.9146991 0.04941689 0.9193415 0.04941689 0.9193415 0.0517528 0.9146991 0.05168044 0.9148737 0.04941689 0.9193415 0.05168044 0.9148737 0.05165576 0.9150612 0.04946178 0.8729062 0.04959332 0.8725886 0.04941689 0.8732471 0.04941689 0.8732471 0.04959332 0.8725886 0.04980266 0.8723159 0.04941689 0.8732471 0.04980266 0.8723159 0.05007541 0.8721066 0.04941689 0.8732471 0.05007541 0.8721066 0.05165576 0.8735764 0.05165576 0.8735764 0.05007541 0.8721066 0.05039304 0.871975 0.05165576 0.8735764 0.05039304 0.871975 0.05073386 0.8719301 0.07707351 0.8719301 0.0527423 0.872949 0.05073386 0.8719301 0.05073386 0.8719301 0.0527423 0.872949 0.0525676 0.8728767 0.05073386 0.8719301 0.0525676 0.8728767 0.05238008 0.872852 0.0775848 0.8719975 0.07678538 0.8733889 0.07707351 0.8719301 0.07707351 0.8719301 0.07678538 0.8733889 0.07671302 0.8732142 0.07707351 0.8719301 0.07671302 0.8732142 0.07659792 0.8730642 0.07678538 0.8733889 0.0775848 0.8719975 0.07681012 0.8735764 0.07681012 0.8735764 0.0775848 0.8719975 0.07806122 0.8721948 0.07681012 0.8735764 0.07806122 0.8721948 0.07847034 0.8725088 0.07847034 0.8725088 0.07878428 0.8729179 0.07681012 0.8735764 0.07681012 0.8735764 0.07878428 0.8729179 0.07898163 0.8733943 0.07681012 0.8735764 0.07898163 0.8733943 0.07904899 0.8739056 0.07904893 0.914732 0.07312256 0.8950443 0.07904899 0.8739056 0.07904899 0.8739056 0.07312256 0.8950443 0.07312256 0.8897178 0.07904899 0.8739056 0.07312256 0.8897178 0.07312256 0.8890076 0.07898163 0.9152433 0.07681012 0.9150612 0.07904893 0.914732 0.07904893 0.914732 0.07681012 0.9150612 0.07678538 0.9148737 0.07904893 0.914732 0.07678538 0.9148737 0.07671302 0.9146991 0.07898163 0.9152433 0.07878428 0.9157198 0.07681012 0.9150612 0.07681012 0.9150612 0.07878428 0.9157198 0.07847034 0.9161289 0.07681012 0.9150612 0.07847034 0.9161289 0.07806122 0.9164428 0.07806122 0.9164428 0.0775848 0.9166402 0.07681012 0.9150612 0.07681012 0.9150612 0.0775848 0.9166402 0.07678538 0.9152487 0.07678538 0.9152487 0.0775848 0.9166402 0.07707351 0.9167075 0.07678538 0.9152487 0.07707351 0.9167075 0.07671302 0.9154234 0.07671302 0.9154234 0.07707351 0.9167075 0.07659792 0.9155734 0.07659792 0.9155734 0.07707351 0.9167075 0.0764479 0.9156885 0.0764479 0.9156885 0.07707351 0.9167075 0.0762732 0.9157609 0.0762732 0.9157609 0.07707351 0.9167075 0.07608574 0.9157856 0.07608574 0.9157856 0.07707351 0.9167075 0.07589828 0.9157609 0.07589828 0.9157609 0.07707351 0.9167075 0.07572358 0.9156885 0.07572358 0.9156885 0.07707351 0.9167075 0.05566287 0.9167075 0.07572358 0.9156885 0.05566287 0.9167075 0.07557356 0.9155734 0.07557356 0.9155734 0.05566287 0.9167075 0.05867654 0.9143308 0.07557356 0.9155734 0.05867654 0.9143308 0.07545846 0.9154234 0.07545846 0.9154234 0.05867654 0.9143308 0.0753861 0.9152487 0.0753861 0.9152487 0.05867654 0.9143308 0.07250481 0.9087439 0.0753861 0.9152487 0.07250481 0.9087439 0.07536143 0.9150612 0.07536143 0.9150612 0.07250481 0.9087439 0.0753861 0.9148737 0.0753861 0.9148737 0.07250481 0.9087439 0.07545846 0.9146991 0.07545846 0.9146991 0.07250481 0.9087439 0.07270979 0.9086312 0.07545846 0.9146991 0.07270979 0.9086312 0.07288253 0.9084734 0.05464029 0.9168421 0.05307978 0.9148737 0.05566287 0.9167075 0.05566287 0.9167075 0.05307978 0.9148737 0.0573188 0.913415 0.05566287 0.9167075 0.0573188 0.913415 0.05734813 0.913654 0.05368739 0.9172368 0.05307978 0.9152487 0.05464029 0.9168421 0.05464029 0.9168421 0.05307978 0.9152487 0.05310446 0.9150612 0.05464029 0.9168421 0.05310446 0.9150612 0.05307978 0.9148737 0.05286914 0.9178647 0.0527423 0.9156885 0.05368739 0.9172368 0.05368739 0.9172368 0.0527423 0.9156885 0.05289226 0.9155734 0.05368739 0.9172368 0.05289226 0.9155734 0.05300742 0.9154234 0.05092674 0.9198071 0.05201792 0.9156885 0.05286914 0.9178647 0.05286914 0.9178647 0.05201792 0.9156885 0.05219262 0.9157609 0.05286914 0.9178647 0.05219262 0.9157609 0.05238008 0.9157856 0.07589828 0.9143616 0.07309484 0.9080603 0.07608574 0.9143369 0.07608574 0.9143369 0.07309484 0.9080603 0.07312256 0.907828 0.07608574 0.9143369 0.07312256 0.907828 0.0762732 0.9143616 0.0762732 0.9143616 0.07312256 0.907828 0.0764479 0.914434 0.0764479 0.914434 0.07312256 0.907828 0.07312256 0.9071179 0.0764479 0.914434 0.07312256 0.9071179 0.07904893 0.914732 0.07904893 0.914732 0.07312256 0.9071179 0.07309323 0.9068788 0.07904893 0.914732 0.07309323 0.9068788 0.07309484 0.9020236 0.07309484 0.9020236 0.07309323 0.9068788 0.0730133 0.9022428 0.0730133 0.9022428 0.07309323 0.9068788 0.07300692 0.9066541 0.0730133 0.9022428 0.07300692 0.9066541 0.07288253 0.9024367 0.07288253 0.9024367 0.07300692 0.9066541 0.07286882 0.9064569 0.07288253 0.9024367 0.07286882 0.9064569 0.07270979 0.9025944 0.07270979 0.9025944 0.07286882 0.9064569 0.07268714 0.9062989 0.07270979 0.9025944 0.07268714 0.9062989 0.07250481 0.9027071 0.07250481 0.9027071 0.07268714 0.9062989 0.07247263 0.9061897 0.07250481 0.9027071 0.07247263 0.9061897 0.07223808 0.9061354 0.07309484 0.9080603 0.07589828 0.9143616 0.0730133 0.9082795 0.0730133 0.9082795 0.07589828 0.9143616 0.07572358 0.914434 0.0730133 0.9082795 0.07572358 0.914434 0.07557356 0.9145491 0.0730133 0.9082795 0.07557356 0.9145491 0.07288253 0.9084734 0.07288253 0.9084734 0.07557356 0.9145491 0.07545846 0.9146991 0.07671302 0.9146991 0.07659792 0.9145491 0.07904893 0.914732 0.07904893 0.914732 0.07659792 0.9145491 0.0764479 0.914434 0.0762732 0.8728767 0.07608574 0.872852 0.07707351 0.8719301 0.07707351 0.8719301 0.07608574 0.872852 0.07589828 0.8728767 0.07707351 0.8719301 0.07589828 0.8728767 0.07572358 0.872949 0.07557356 0.8730642 0.05289226 0.8730642 0.07572358 0.872949 0.07572358 0.872949 0.05289226 0.8730642 0.0527423 0.872949 0.07572358 0.872949 0.0527423 0.872949 0.07707351 0.8719301 0.05289226 0.8730642 0.07557356 0.8730642 0.07176482 0.8760183 0.07176482 0.8760183 0.07557356 0.8730642 0.07545846 0.8732142 0.07176482 0.8760183 0.07545846 0.8732142 0.07199734 0.875956 0.07199734 0.875956 0.07545846 0.8732142 0.07223808 0.8759518 0.07223808 0.8759518 0.07545846 0.8732142 0.0753861 0.8733889 0.07223808 0.8759518 0.0753861 0.8733889 0.07247263 0.876006 0.07247263 0.876006 0.0753861 0.8733889 0.07268714 0.8761152 0.07268714 0.8761152 0.0753861 0.8733889 0.07536143 0.8735764 0.07268714 0.8761152 0.07536143 0.8735764 0.07286882 0.8762732 0.07286882 0.8762732 0.07536143 0.8735764 0.0753861 0.8737638 0.07286882 0.8762732 0.0753861 0.8737638 0.07300692 0.8764704 0.07300692 0.8764704 0.0753861 0.8737638 0.07545846 0.8739385 0.07300692 0.8764704 0.07545846 0.8739385 0.07309323 0.8766952 0.07309323 0.8766952 0.07545846 0.8739385 0.07557356 0.8740885 0.07309323 0.8766952 0.07557356 0.8740885 0.07312256 0.8769341 0.07312256 0.8769341 0.07557356 0.8740885 0.07572358 0.8742037 0.07312256 0.8769341 0.07572358 0.8742037 0.07312256 0.8776443 0.07312256 0.8776443 0.07572358 0.8742037 0.07589828 0.8742761 0.07312256 0.8776443 0.07589828 0.8742761 0.07309484 0.8778766 0.07309484 0.8778766 0.07589828 0.8742761 0.07608574 0.8743007 0.07309484 0.8778766 0.07608574 0.8743007 0.0762732 0.8742761 0.07309484 0.8778766 0.0762732 0.8742761 0.07309323 0.8827319 0.07309323 0.8827319 0.0762732 0.8742761 0.0764479 0.8742037 0.07309323 0.8827319 0.0764479 0.8742037 0.07312256 0.8829708 0.07312256 0.8829708 0.0764479 0.8742037 0.07904899 0.8739056 0.07312256 0.8829708 0.07904899 0.8739056 0.07312256 0.8836811 0.07312256 0.8836811 0.07904899 0.8739056 0.07309484 0.8839133 0.07309484 0.8839133 0.07904899 0.8739056 0.07309323 0.8887687 0.07309484 0.8839133 0.07309323 0.8887687 0.0730133 0.8841325 0.0730133 0.8841325 0.07309323 0.8887687 0.07300692 0.8885439 0.0730133 0.8841325 0.07300692 0.8885439 0.07288253 0.8843265 0.07288253 0.8843265 0.07300692 0.8885439 0.07286882 0.8883467 0.07288253 0.8843265 0.07286882 0.8883467 0.07270979 0.8844842 0.07270979 0.8844842 0.07286882 0.8883467 0.07268714 0.8881887 0.07270979 0.8844842 0.07268714 0.8881887 0.07250481 0.8845968 0.07250481 0.8845968 0.07268714 0.8881887 0.07247263 0.8880794 0.07250481 0.8845968 0.07247263 0.8880794 0.07223808 0.8880253 0.0764479 0.8742037 0.07659792 0.8740885 0.07904899 0.8739056 0.07904899 0.8739056 0.07659792 0.8740885 0.07671302 0.8739386 0.07904899 0.8739056 0.07671302 0.8739386 0.07678538 0.8737638 0.07678538 0.8737638 0.07681012 0.8735764 0.07904899 0.8739056 0.07659792 0.8730642 0.0764479 0.872949 0.07707351 0.8719301 0.07707351 0.8719301 0.0764479 0.872949 0.0762732 0.8728767 0.05238008 0.872852 0.05219262 0.8728767 0.05073386 0.8719301 0.05073386 0.8719301 0.05219262 0.8728767 0.05201792 0.872949 0.05073386 0.8719301 0.05201792 0.872949 0.0518679 0.8730642 0.0518679 0.8730642 0.0517528 0.8732141 0.05073386 0.8719301 0.05073386 0.8719301 0.0517528 0.8732141 0.05168044 0.8733889 0.05073386 0.8719301 0.05168044 0.8733889 0.05165576 0.8735764 0.05165576 0.8735764 0.05168044 0.8737638 0.04941689 0.8732471 0.04941689 0.8732471 0.05168044 0.8737638 0.0517528 0.8739385 0.04941689 0.8732471 0.0517528 0.8739385 0.0518679 0.8740885 0.0518679 0.8740885 0.05201792 0.8742037 0.04941689 0.8732471 0.04941689 0.8732471 0.05201792 0.8742037 0.0573188 0.8885579 0.04941689 0.8732471 0.0573188 0.8885579 0.0573188 0.8892681 0.05219262 0.8742761 0.0573188 0.8832313 0.05201792 0.8742037 0.05201792 0.8742037 0.0573188 0.8832313 0.05734813 0.8834703 0.05201792 0.8742037 0.05734813 0.8834703 0.05734646 0.8883256 0.05734646 0.8883256 0.05734813 0.8834703 0.057428 0.8881064 0.057428 0.8881064 0.05734813 0.8834703 0.05743438 0.883695 0.057428 0.8881064 0.05743438 0.883695 0.05755883 0.8879124 0.05755883 0.8879124 0.05743438 0.883695 0.05757248 0.8838922 0.05755883 0.8879124 0.05757248 0.8838922 0.0577315 0.8877547 0.0577315 0.8877547 0.05757248 0.8838922 0.05775415 0.8840501 0.0577315 0.8877547 0.05775415 0.8840501 0.05793648 0.887642 0.05793648 0.887642 0.05775415 0.8840501 0.05796867 0.8841595 0.05793648 0.887642 0.05796867 0.8841595 0.05820327 0.8842136 0.05219262 0.8742761 0.05238008 0.8743007 0.0573188 0.8832313 0.0573188 0.8832313 0.05238008 0.8743007 0.0573188 0.8825212 0.0573188 0.8825212 0.05238008 0.8743007 0.0525676 0.8742761 0.0573188 0.8825212 0.0525676 0.8742761 0.05734646 0.8822888 0.05734646 0.8822888 0.0525676 0.8742761 0.0527423 0.8742037 0.05734646 0.8822888 0.0527423 0.8742037 0.05289226 0.8740885 0.05734646 0.8822888 0.05289226 0.8740885 0.057428 0.8820696 0.057428 0.8820696 0.05289226 0.8740885 0.05300742 0.8739385 0.057428 0.8820696 0.05300742 0.8739385 0.05755883 0.8818757 0.05755883 0.8818757 0.05300742 0.8739385 0.05307978 0.8737638 0.05755883 0.8818757 0.05307978 0.8737638 0.0577315 0.881718 0.0577315 0.881718 0.05307978 0.8737638 0.05793648 0.8816053 0.05793648 0.8816053 0.05307978 0.8737638 0.0531044 0.8735764 0.05793648 0.8816053 0.0531044 0.8735764 0.05307978 0.8733889 0.05793648 0.8816053 0.05307978 0.8733889 0.07176482 0.8760183 0.07176482 0.8760183 0.05307978 0.8733889 0.05300742 0.8732141 0.07176482 0.8760183 0.05300742 0.8732141 0.05289226 0.8730642 0.05219262 0.9143616 0.0573188 0.9066681 0.05238008 0.9143369 0.05238008 0.9143369 0.0573188 0.9066681 0.0573188 0.9073783 0.05238008 0.9143369 0.0573188 0.9073783 0.0525676 0.9143616 0.0525676 0.9143616 0.0573188 0.9073783 0.0527423 0.914434 0.0527423 0.914434 0.0573188 0.9073783 0.05734813 0.9076172 0.0527423 0.914434 0.05734813 0.9076172 0.05289226 0.9145491 0.05289226 0.9145491 0.05734813 0.9076172 0.05734646 0.9124726 0.05289226 0.9145491 0.05734646 0.9124726 0.05300742 0.9146991 0.05300742 0.9146991 0.05734646 0.9124726 0.0573188 0.9127048 0.05300742 0.9146991 0.0573188 0.9127048 0.05307978 0.9148737 0.05307978 0.9148737 0.0573188 0.9127048 0.0573188 0.913415 0.05201792 0.914434 0.0573188 0.9013416 0.05219262 0.9143616 0.05219262 0.9143616 0.0573188 0.9013416 0.05734813 0.9015805 0.05219262 0.9143616 0.05734813 0.9015805 0.05734646 0.9064358 0.05734646 0.9064358 0.05734813 0.9015805 0.057428 0.9062166 0.057428 0.9062166 0.05734813 0.9015805 0.05743438 0.9018053 0.057428 0.9062166 0.05743438 0.9018053 0.05755883 0.9060227 0.05755883 0.9060227 0.05743438 0.9018053 0.05757248 0.9020025 0.05755883 0.9060227 0.05757248 0.9020025 0.0577315 0.905865 0.0577315 0.905865 0.05757248 0.9020025 0.05775415 0.9021604 0.0577315 0.905865 0.05775415 0.9021604 0.05793648 0.9057523 0.05793648 0.9057523 0.05775415 0.9021604 0.05796867 0.9022697 0.05793648 0.9057523 0.05796867 0.9022697 0.05820327 0.9023239 0.0573188 0.9013416 0.05201792 0.914434 0.0573188 0.9006313 0.0573188 0.9006313 0.05201792 0.914434 0.0518679 0.9145491 0.0573188 0.9006313 0.0518679 0.9145491 0.0573188 0.8953048 0.0573188 0.8953048 0.0518679 0.9145491 0.0517528 0.9146991 0.0573188 0.8953048 0.0517528 0.9146991 0.04941689 0.8732471 0.05165576 0.9150612 0.05168044 0.9152487 0.04941689 0.9193415 0.04941689 0.9193415 0.05168044 0.9152487 0.0517528 0.9154234 0.04941689 0.9193415 0.0517528 0.9154234 0.05092674 0.9198071 0.05092674 0.9198071 0.0517528 0.9154234 0.0518679 0.9155734 0.05092674 0.9198071 0.0518679 0.9155734 0.05201792 0.9156885 0.05238008 0.9157856 0.0525676 0.9157609 0.05286914 0.9178647 0.05286914 0.9178647 0.0525676 0.9157609 0.0527423 0.9156885 0.05300742 0.9154234 0.05307978 0.9152487 0.05368739 0.9172368 0.07312256 0.8890076 0.07309323 0.8887687 0.07904899 0.8739056 0.07223808 0.8880253 0.07199734 0.8880295 0.07250481 0.8845968 0.07250481 0.8845968 0.07199734 0.8880295 0.07176482 0.8880918 0.07250481 0.8845968 0.07176482 0.8880918 0.05867654 0.8901838 0.05867654 0.8901838 0.07176482 0.8880918 0.05793648 0.8936788 0.05867654 0.8901838 0.05793648 0.8936788 0.05844396 0.8902462 0.05844396 0.8902462 0.05793648 0.8936788 0.05820327 0.8902503 0.05820327 0.8902503 0.05793648 0.8936788 0.05796867 0.8901962 0.05796867 0.8901962 0.05793648 0.8936788 0.05775415 0.8900869 0.05775415 0.8900869 0.05793648 0.8936788 0.0577315 0.8937914 0.05775415 0.8900869 0.0577315 0.8937914 0.05757248 0.8899289 0.05757248 0.8899289 0.0577315 0.8937914 0.05755883 0.8939492 0.05757248 0.8899289 0.05755883 0.8939492 0.05743438 0.8897318 0.05743438 0.8897318 0.05755883 0.8939492 0.057428 0.8941431 0.05743438 0.8897318 0.057428 0.8941431 0.05734813 0.889507 0.05734813 0.889507 0.057428 0.8941431 0.05734646 0.8943623 0.05734813 0.889507 0.05734646 0.8943623 0.0573188 0.8892681 0.0573188 0.8892681 0.05734646 0.8943623 0.0573188 0.8945946 0.0573188 0.8892681 0.0573188 0.8945946 0.04941689 0.8732471 0.04941689 0.8732471 0.0573188 0.8945946 0.0573188 0.8953048 0.0573188 0.9006313 0.0573188 0.8953048 0.05734646 0.9003991 0.05734646 0.9003991 0.0573188 0.8953048 0.05734813 0.8955437 0.05734646 0.9003991 0.05734813 0.8955437 0.057428 0.9001799 0.057428 0.9001799 0.05734813 0.8955437 0.05743438 0.8957685 0.057428 0.9001799 0.05743438 0.8957685 0.05755883 0.8999859 0.05755883 0.8999859 0.05743438 0.8957685 0.05757248 0.8959657 0.05755883 0.8999859 0.05757248 0.8959657 0.0577315 0.8998282 0.0577315 0.8998282 0.05757248 0.8959657 0.05775415 0.8961237 0.0577315 0.8998282 0.05775415 0.8961237 0.05793648 0.8997156 0.05793648 0.8997156 0.05775415 0.8961237 0.05796867 0.896233 0.05793648 0.8997156 0.05796867 0.896233 0.05820327 0.8962871 0.05820327 0.8962871 0.05844396 0.8962829 0.05793648 0.8997156 0.05793648 0.8997156 0.05844396 0.8962829 0.05867654 0.8962206 0.05793648 0.8997156 0.05867654 0.8962206 0.07176482 0.8941285 0.07176482 0.8941285 0.05867654 0.8962206 0.07250481 0.8906336 0.07176482 0.8941285 0.07250481 0.8906336 0.07199734 0.8940662 0.07199734 0.8940662 0.07250481 0.8906336 0.07223808 0.8940621 0.07223808 0.8940621 0.07250481 0.8906336 0.07247263 0.8941162 0.07247263 0.8941162 0.07250481 0.8906336 0.07268714 0.8942255 0.07268714 0.8942255 0.07250481 0.8906336 0.07270979 0.8905209 0.07268714 0.8942255 0.07270979 0.8905209 0.07286882 0.8943834 0.07286882 0.8943834 0.07270979 0.8905209 0.07288253 0.8903632 0.07286882 0.8943834 0.07288253 0.8903632 0.07300692 0.8945806 0.07300692 0.8945806 0.07288253 0.8903632 0.0730133 0.8901693 0.07300692 0.8945806 0.0730133 0.8901693 0.07309323 0.8948054 0.07309323 0.8948054 0.0730133 0.8901693 0.07309484 0.88995 0.07309323 0.8948054 0.07309484 0.88995 0.07312256 0.8950443 0.07312256 0.8950443 0.07309484 0.88995 0.07312256 0.8897178 0.07309484 0.8778766 0.07309323 0.8827319 0.0730133 0.8780958 0.0730133 0.8780958 0.07309323 0.8827319 0.07300692 0.8825072 0.0730133 0.8780958 0.07300692 0.8825072 0.07288253 0.8782897 0.07288253 0.8782897 0.07300692 0.8825072 0.07286882 0.8823099 0.07288253 0.8782897 0.07286882 0.8823099 0.07270979 0.8784474 0.07270979 0.8784474 0.07286882 0.8823099 0.07268714 0.882152 0.07270979 0.8784474 0.07268714 0.882152 0.07250481 0.8785601 0.07250481 0.8785601 0.07268714 0.882152 0.07247263 0.8820427 0.07250481 0.8785601 0.07247263 0.8820427 0.07223808 0.8819885 0.07223808 0.8819885 0.07199734 0.8819927 0.07250481 0.8785601 0.07250481 0.8785601 0.07199734 0.8819927 0.07176482 0.8820551 0.07250481 0.8785601 0.07176482 0.8820551 0.05867654 0.8841471 0.05867654 0.8841471 0.07176482 0.8820551 0.05793648 0.887642 0.05867654 0.8841471 0.05793648 0.887642 0.05844396 0.8842094 0.05844396 0.8842094 0.05793648 0.887642 0.05820327 0.8842136 0.05734646 0.8883256 0.0573188 0.8885579 0.05201792 0.8742037 0.05820327 0.9023239 0.05844396 0.9023197 0.05793648 0.9057523 0.05793648 0.9057523 0.05844396 0.9023197 0.05867654 0.9022573 0.05793648 0.9057523 0.05867654 0.9022573 0.07176482 0.9001653 0.07176482 0.9001653 0.05867654 0.9022573 0.07250481 0.8966704 0.07176482 0.9001653 0.07250481 0.8966704 0.07199734 0.900103 0.07199734 0.900103 0.07250481 0.8966704 0.07223808 0.9000988 0.07223808 0.9000988 0.07250481 0.8966704 0.07247263 0.9001529 0.07247263 0.9001529 0.07250481 0.8966704 0.07268714 0.9002622 0.07268714 0.9002622 0.07250481 0.8966704 0.07270979 0.8965577 0.07268714 0.9002622 0.07270979 0.8965577 0.07286882 0.9004201 0.07286882 0.9004201 0.07270979 0.8965577 0.07288253 0.8964 0.07286882 0.9004201 0.07288253 0.8964 0.07300692 0.9006174 0.07300692 0.9006174 0.07288253 0.8964 0.0730133 0.896206 0.07300692 0.9006174 0.0730133 0.896206 0.07309323 0.9008421 0.07309323 0.9008421 0.0730133 0.896206 0.07309484 0.8959868 0.07309323 0.9008421 0.07309484 0.8959868 0.07312256 0.9010811 0.07312256 0.9010811 0.07309484 0.8959868 0.07312256 0.8957545 0.07312256 0.9010811 0.07312256 0.8957545 0.07904893 0.914732 0.07904893 0.914732 0.07312256 0.8957545 0.07312256 0.8950443 0.07223808 0.9061354 0.07199734 0.9061397 0.07250481 0.9027071 0.07250481 0.9027071 0.07199734 0.9061397 0.07176482 0.906202 0.07250481 0.9027071 0.07176482 0.906202 0.05867654 0.9082941 0.05867654 0.9082941 0.07176482 0.906202 0.05793648 0.911789 0.05867654 0.9082941 0.05793648 0.911789 0.05844396 0.9083564 0.05844396 0.9083564 0.05793648 0.911789 0.05820327 0.9083606 0.05820327 0.9083606 0.05793648 0.911789 0.05796867 0.9083064 0.05796867 0.9083064 0.05793648 0.911789 0.05775415 0.9081972 0.05775415 0.9081972 0.05793648 0.911789 0.0577315 0.9119017 0.05775415 0.9081972 0.0577315 0.9119017 0.05757248 0.9080392 0.05757248 0.9080392 0.0577315 0.9119017 0.05755883 0.9120594 0.05757248 0.9080392 0.05755883 0.9120594 0.05743438 0.907842 0.05743438 0.907842 0.05755883 0.9120594 0.057428 0.9122533 0.05743438 0.907842 0.057428 0.9122533 0.05734813 0.9076172 0.05734813 0.9076172 0.057428 0.9122533 0.05734646 0.9124726 0.05734813 0.913654 0.05743438 0.9138787 0.05566287 0.9167075 0.05566287 0.9167075 0.05743438 0.9138787 0.05757248 0.9140759 0.05566287 0.9167075 0.05757248 0.9140759 0.05775415 0.9142339 0.05775415 0.9142339 0.05796867 0.9143432 0.05566287 0.9167075 0.05566287 0.9167075 0.05796867 0.9143432 0.05820327 0.9143974 0.05566287 0.9167075 0.05820327 0.9143974 0.05844396 0.9143931 0.05844396 0.9143931 0.05867654 0.9143308 0.05566287 0.9167075 0.05734646 0.9064358 0.0573188 0.9066681 0.05219262 0.9143616 0.07309484 0.9020236 0.07312256 0.9017913 0.07904893 0.914732 0.07904893 0.914732 0.07312256 0.9017913 0.07312256 0.9010811</float_array>
          <technique_common>
            <accessor source="#Shell_Side-mesh-map-0-array" count="10224" stride="2">
              <param name="S" type="float"/>
              <param name="T" type="float"/>
            </accessor>
          </technique_common>
        </source>
        <vertices id="Shell_Side-mesh-vertices">
          <input semantic="POSITION" source="#Shell_Side-mesh-positions"/>
        </vertices>
        <triangles material="Shell_Sidematerial-material" count="3408">
          <input semantic="VERTEX" source="#Shell_Side-mesh-vertices" offset="0"/>
          <input semantic="NORMAL" source="#Shell_Side-mesh-normals" offset="1"/>
          <input semantic="TEXCOORD" source="#Shell_Side-mesh-map-0" offset="2" set="0"/>
          <p>0 0 0 1 0 1 2 0 2 2 1 3 1 1 4 3 1 5 2 2 6 3 2 7 4 2 8 4 3 9 3 3 10 5 3 11 4 4 12 5 4 13 6 4 14 6 5 15 5 5 16 7 5 17 6 6 18 7 6 19 8 6 20 8 7 21 9 7 22 6 7 23 6 8 24 9 8 25 10 8 26 10 9 27 9 9 28 11 9 29 12 10 30 13 10 31 7 10 32 7 11 33 13 11 34 8 11 35 13 12 36 11 12 37 8 12 38 8 13 39 11 13 40 9 13 41 1 14 42 0 14 43 14 14 44 14 15 45 0 15 46 15 15 47 0 16 48 2 16 49 15 16 50 15 17 51 2 17 52 16 17 53 16 18 54 2 18 55 4 18 56 16 19 57 4 19 58 17 19 59 17 20 60 4 20 61 6 20 62 17 21 63 6 21 64 18 21 65 18 22 66 6 22 67 10 22 68 18 23 69 10 23 70 19 23 71 18 24 72 19 24 73 20 24 74 20 25 75 19 25 76 21 25 77 20 26 78 21 26 79 22 26 80 22 27 81 21 27 82 23 27 83 22 28 84 23 28 85 24 28 86 24 29 87 23 29 88 25 29 89 26 30 90 27 30 91 28 30 92 28 31 93 27 31 94 29 31 95 30 32 96 29 32 97 31 32 98 31 33 99 29 33 100 27 33 101 32 34 102 30 34 103 33 34 104 33 35 105 30 35 106 31 35 107 26 36 108 34 36 109 27 36 110 27 37 111 34 37 112 35 37 113 27 38 114 35 38 115 31 38 116 31 39 117 35 39 118 33 39 119 12 40 120 36 40 121 13 40 122 13 41 123 36 41 124 37 41 125 13 42 126 37 42 127 38 42 128 13 43 129 38 43 130 39 43 131 39 44 132 38 44 133 40 44 134 39 45 135 40 45 136 41 45 137 41 46 138 40 46 139 42 46 140 42 47 141 40 47 142 43 47 143 43 48 144 40 48 145 44 48 146 44 49 147 40 49 148 45 49 149 45 50 150 40 50 151 46 50 152 46 51 153 40 51 154 47 51 155 47 52 156 40 52 157 48 52 158 47 53 159 48 53 160 49 53 161 49 54 162 48 54 163 50 54 164 49 55 165 50 55 166 51 55 167 51 56 168 50 56 169 52 56 170 52 57 171 50 57 172 53 57 173 52 58 174 53 58 175 54 58 176 54 59 177 53 59 178 55 59 179 55 60 180 53 60 181 56 60 182 55 61 183 56 61 184 57 61 185 57 62 186 56 62 187 58 62 188 57 63 189 58 63 190 59 63 191 59 64 192 58 64 193 60 64 194 59 65 195 60 65 196 61 65 197 61 66 198 60 66 199 62 66 200 62 67 201 60 67 202 63 67 203 62 68 204 63 68 205 64 68 206 64 69 207 63 69 208 65 69 209 64 70 210 65 70 211 66 70 212 66 71 213 65 71 214 67 71 215 67 72 216 65 72 217 68 72 218 67 73 219 68 73 220 69 73 221 69 74 222 68 74 223 70 74 224 69 75 225 70 75 226 71 75 227 71 76 228 70 76 229 72 76 230 72 77 231 70 77 232 73 77 233 72 78 234 73 78 235 74 78 236 74 79 237 73 79 238 75 79 239 74 80 240 75 80 241 76 80 242 76 81 243 75 81 244 77 81 245 76 82 246 77 82 247 78 82 248 78 83 249 77 83 250 79 83 251 78 84 252 79 84 253 80 84 254 81 85 255 82 85 256 48 85 257 48 86 258 82 86 259 83 86 260 48 87 261 83 87 262 84 87 263 85 88 264 86 88 265 81 88 266 81 89 267 86 89 268 87 89 269 81 90 270 87 90 271 82 90 272 88 91 273 89 91 274 85 91 275 85 92 276 89 92 277 90 92 278 85 93 279 90 93 280 91 93 281 92 94 282 30 94 283 88 94 284 88 95 285 30 95 286 93 95 287 88 96 288 93 96 289 94 96 290 92 97 291 95 97 292 30 97 293 30 98 294 95 98 295 96 98 296 30 99 297 96 99 298 97 99 299 97 100 300 98 100 301 30 100 302 30 101 303 98 101 304 29 101 305 29 102 306 98 102 307 99 102 308 29 103 309 99 103 310 100 103 311 100 104 312 99 104 313 101 104 314 100 105 315 101 105 316 102 105 317 102 106 318 103 106 319 100 106 320 100 107 321 103 107 322 104 107 323 100 108 324 105 108 325 29 108 326 29 109 327 105 109 328 28 109 329 28 110 330 105 110 331 106 110 332 106 111 333 105 111 334 107 111 335 107 112 336 105 112 337 108 112 338 32 113 339 109 113 340 30 113 341 30 114 342 109 114 343 110 114 344 30 115 345 110 115 346 111 115 347 112 116 348 113 116 349 32 116 350 32 117 351 113 117 352 114 117 353 32 118 354 114 118 355 115 118 356 112 119 357 116 119 358 113 119 359 113 120 360 116 120 361 117 120 362 113 121 363 117 121 364 118 121 365 118 122 366 117 122 367 119 122 368 119 123 369 117 123 370 120 123 371 120 124 372 117 124 373 121 124 374 121 125 375 117 125 376 122 125 377 122 126 378 117 126 379 123 126 380 123 127 381 117 127 382 124 127 383 124 128 384 117 128 385 125 128 386 125 129 387 117 129 388 25 129 389 125 130 390 25 130 391 126 130 392 126 131 393 25 131 394 127 131 395 127 132 396 25 132 397 128 132 398 128 133 399 25 133 400 129 133 401 129 134 402 25 134 403 130 134 404 130 135 405 25 135 406 131 135 407 131 136 408 25 136 409 132 136 410 132 137 411 25 137 412 133 137 413 133 138 414 25 138 415 23 138 416 133 139 417 23 139 418 11 139 419 11 140 420 23 140 421 21 140 422 11 141 423 21 141 424 19 141 425 19 142 426 10 142 427 11 142 428 13 143 429 134 143 430 11 143 431 11 144 432 134 144 433 135 144 434 11 145 435 135 145 436 136 145 437 137 146 438 138 146 439 139 146 440 139 147 441 138 147 442 140 147 443 139 148 444 140 148 445 13 148 446 13 149 447 140 149 448 134 149 449 138 150 450 137 150 451 141 150 452 141 151 453 137 151 454 142 151 455 141 152 456 142 152 457 143 152 458 143 153 459 142 153 460 144 153 461 143 154 462 144 154 463 145 154 464 145 155 465 144 155 466 146 155 467 145 156 468 146 156 469 147 156 470 147 157 471 146 157 472 148 157 473 147 158 474 148 158 475 149 158 476 149 159 477 150 159 478 147 159 479 147 160 480 150 160 481 151 160 482 147 161 483 151 161 484 152 161 485 152 162 486 151 162 487 153 162 488 152 163 489 153 163 490 154 163 491 154 164 492 153 164 493 155 164 494 155 165 495 153 165 496 156 165 497 156 166 498 153 166 499 157 166 500 157 167 501 153 167 502 158 167 503 157 168 504 158 168 505 159 168 506 159 169 507 158 169 508 160 169 509 159 170 510 160 170 511 161 170 512 161 171 513 160 171 514 162 171 515 161 172 516 162 172 517 163 172 518 163 173 519 162 173 520 164 173 521 163 174 522 164 174 523 165 174 524 165 175 525 164 175 526 166 175 527 165 176 528 166 176 529 167 176 530 167 177 531 166 177 532 168 177 533 168 178 534 166 178 535 169 178 536 168 179 537 169 179 538 170 179 539 170 180 540 169 180 541 171 180 542 170 181 543 171 181 544 172 181 545 172 182 546 171 182 547 173 182 548 172 183 549 173 183 550 174 183 551 174 184 552 173 184 553 175 184 554 174 185 555 175 185 556 82 185 557 82 186 558 175 186 559 83 186 560 173 187 561 171 187 562 176 187 563 176 188 564 171 188 565 177 188 566 176 189 567 177 189 568 178 189 569 178 190 570 177 190 571 179 190 572 178 191 573 179 191 574 180 191 575 180 192 576 179 192 577 181 192 578 180 193 579 181 193 580 182 193 581 182 194 582 181 194 583 183 194 584 182 195 585 183 195 586 184 195 587 184 196 588 185 196 589 182 196 590 182 197 591 185 197 592 186 197 593 182 198 594 186 198 595 187 198 596 187 199 597 186 199 598 78 199 599 187 200 600 78 200 601 188 200 602 188 201 603 78 201 604 80 201 605 71 202 606 189 202 607 69 202 608 69 203 609 189 203 610 13 203 611 69 204 612 13 204 613 190 204 614 190 205 615 13 205 616 191 205 617 191 206 618 13 206 619 192 206 620 192 207 621 13 207 622 39 207 623 189 208 624 139 208 625 13 208 626 193 209 627 194 209 628 195 209 629 195 210 630 194 210 631 196 210 632 195 211 633 196 211 634 197 211 635 197 212 636 196 212 637 198 212 638 197 213 639 198 213 640 199 213 641 199 214 642 198 214 643 200 214 644 199 215 645 200 215 646 201 215 647 201 216 648 200 216 649 202 216 650 201 217 651 202 217 652 203 217 653 194 218 654 193 218 655 204 218 656 204 219 657 193 219 658 205 219 659 204 220 660 205 220 661 206 220 662 206 221 663 205 221 664 207 221 665 206 222 666 207 222 667 208 222 668 208 223 669 207 223 670 209 223 671 208 224 672 209 224 673 210 224 674 210 225 675 209 225 676 211 225 677 210 226 678 211 226 679 212 226 680 210 227 681 212 227 682 213 227 683 213 228 684 212 228 685 214 228 686 213 229 687 214 229 688 215 229 689 216 230 690 217 230 691 215 230 692 215 231 693 217 231 694 218 231 695 215 232 696 218 232 697 219 232 698 220 233 699 221 233 700 216 233 701 216 234 702 221 234 703 222 234 704 216 235 705 222 235 706 217 235 707 220 236 708 223 236 709 221 236 710 221 237 711 223 237 712 224 237 713 224 238 714 223 238 715 225 238 716 224 239 717 225 239 718 226 239 719 226 240 720 225 240 721 227 240 722 226 241 723 227 241 724 228 241 725 228 242 726 227 242 727 229 242 728 229 243 729 227 243 730 230 243 731 229 244 732 230 244 733 231 244 734 231 245 735 230 245 736 232 245 737 231 246 738 232 246 739 233 246 740 233 247 741 232 247 742 234 247 743 234 248 744 232 248 745 235 248 746 234 249 747 235 249 748 236 249 749 236 250 750 235 250 751 237 250 752 237 251 753 235 251 754 238 251 755 237 252 756 238 252 757 239 252 758 239 253 759 238 253 760 240 253 761 239 254 762 240 254 763 241 254 764 241 255 765 240 255 766 242 255 767 241 256 768 242 256 769 243 256 770 243 257 771 242 257 772 244 257 773 243 258 774 244 258 775 245 258 776 245 259 777 246 259 778 243 259 779 243 260 780 246 260 781 247 260 782 243 261 783 247 261 784 248 261 785 248 262 786 247 262 787 249 262 788 248 263 789 249 263 790 250 263 791 250 264 792 249 264 793 251 264 794 251 265 795 249 265 796 252 265 797 252 266 798 249 266 799 253 266 800 253 267 801 249 267 802 254 267 803 253 268 804 254 268 805 255 268 806 255 269 807 254 269 808 256 269 809 255 270 810 256 270 811 257 270 812 257 271 813 256 271 814 258 271 815 257 272 816 258 272 817 201 272 818 201 273 819 258 273 820 199 273 821 84 274 822 259 274 823 48 274 824 48 275 825 259 275 826 260 275 827 48 276 828 260 276 829 261 276 830 261 277 831 262 277 832 48 277 833 48 278 834 262 278 835 263 278 836 48 279 837 263 279 838 264 279 839 264 280 840 50 280 841 48 280 842 135 281 843 134 281 844 265 281 845 265 282 846 134 282 847 266 282 848 265 283 849 266 283 850 267 283 851 267 284 852 266 284 853 268 284 854 267 285 855 268 285 856 269 285 857 269 286 858 268 286 859 270 286 860 269 287 861 270 287 862 271 287 863 271 288 864 270 288 865 272 288 866 271 289 867 272 289 868 273 289 869 273 290 870 272 290 871 274 290 872 273 291 873 274 291 874 275 291 875 275 292 876 276 292 877 273 292 878 273 293 879 276 293 880 277 293 881 273 294 882 277 294 883 278 294 884 278 295 885 277 295 886 279 295 887 278 296 888 279 296 889 280 296 890 280 297 891 279 297 892 281 297 893 281 298 894 279 298 895 282 298 896 282 299 897 279 299 898 283 299 899 283 300 900 279 300 901 284 300 902 283 301 903 284 301 904 285 301 905 285 302 906 284 302 907 286 302 908 285 303 909 286 303 910 287 303 911 287 304 912 286 304 913 288 304 914 287 305 915 288 305 916 289 305 917 289 306 918 288 306 919 290 306 920 289 307 921 290 307 922 291 307 923 291 308 924 290 308 925 292 308 926 291 309 927 292 309 928 293 309 929 293 310 930 292 310 931 294 310 932 294 311 933 292 311 934 295 311 935 294 312 936 295 312 937 165 312 938 165 313 939 295 313 940 163 313 941 201 314 942 203 314 943 296 314 944 296 315 945 203 315 946 297 315 947 296 316 948 297 316 949 298 316 950 298 317 951 297 317 952 136 317 953 298 318 954 136 318 955 299 318 956 299 319 957 136 319 958 300 319 959 299 320 960 300 320 961 301 320 962 301 321 963 300 321 964 302 321 965 301 322 966 302 322 967 303 322 968 303 323 969 302 323 970 304 323 971 303 324 972 304 324 973 305 324 974 305 325 975 304 325 976 306 325 977 305 326 978 306 326 979 307 326 980 307 327 981 306 327 982 308 327 983 307 328 984 308 328 985 309 328 986 236 329 987 310 329 988 234 329 989 234 330 990 310 330 991 311 330 992 311 331 993 310 331 994 312 331 995 311 332 996 312 332 997 313 332 998 313 333 999 312 333 1000 314 333 1001 314 334 1002 312 334 1003 315 334 1004 314 335 1005 315 335 1006 316 335 1007 316 336 1008 315 336 1009 317 336 1010 316 337 1011 317 337 1012 318 337 1013 318 338 1014 317 338 1015 319 338 1016 318 339 1017 319 339 1018 320 339 1019 320 340 1020 319 340 1021 321 340 1022 320 341 1023 321 341 1024 322 341 1025 322 342 1026 321 342 1027 323 342 1028 322 343 1029 323 343 1030 324 343 1031 324 344 1032 325 344 1033 322 344 1034 322 345 1035 325 345 1036 326 345 1037 322 346 1038 326 346 1039 327 346 1040 327 347 1041 326 347 1042 307 347 1043 327 348 1044 307 348 1045 328 348 1046 328 349 1047 307 349 1048 309 349 1049 291 350 1050 329 350 1051 313 350 1052 313 351 1053 329 351 1054 115 351 1055 313 352 1056 115 352 1057 311 352 1058 293 353 1059 329 353 1060 291 353 1061 115 354 1062 329 354 1063 32 354 1064 32 355 1065 329 355 1066 109 355 1067 111 356 1068 330 356 1069 30 356 1070 30 357 1071 330 357 1072 331 357 1073 30 358 1074 331 358 1075 93 358 1076 94 359 1077 332 359 1078 88 359 1079 88 360 1080 332 360 1081 333 360 1082 88 361 1083 333 361 1084 89 361 1085 91 362 1086 86 362 1087 85 362 1088 125 363 1089 126 363 1090 219 363 1091 219 364 1092 126 364 1093 334 364 1094 219 365 1095 334 365 1096 215 365 1097 215 366 1098 334 366 1099 213 366 1100 136 367 1101 297 367 1102 11 367 1103 11 368 1104 297 368 1105 335 368 1106 11 369 1107 335 369 1108 336 369 1109 336 370 1110 337 370 1111 11 370 1112 11 371 1113 337 371 1114 133 371 1115 169 372 1116 338 372 1117 171 372 1118 171 373 1119 338 373 1120 339 373 1121 171 374 1122 339 374 1123 177 374 1124 177 375 1125 339 375 1126 340 375 1127 177 376 1128 340 376 1129 179 376 1130 179 377 1131 340 377 1132 341 377 1133 179 378 1134 341 378 1135 181 378 1136 181 379 1137 341 379 1138 342 379 1139 181 380 1140 342 380 1141 183 380 1142 183 381 1143 342 381 1144 343 381 1145 183 382 1146 343 382 1147 184 382 1148 184 383 1149 343 383 1150 344 383 1151 184 384 1152 344 384 1153 185 384 1154 185 385 1155 344 385 1156 345 385 1157 185 386 1158 345 386 1159 186 386 1160 186 387 1161 345 387 1162 346 387 1163 232 388 1164 347 388 1165 235 388 1166 235 389 1167 347 389 1168 348 389 1169 235 390 1170 348 390 1171 238 390 1172 238 391 1173 348 391 1174 349 391 1175 238 392 1176 349 392 1177 240 392 1178 240 393 1179 349 393 1180 350 393 1181 240 394 1182 350 394 1183 242 394 1184 242 395 1185 350 395 1186 351 395 1187 242 396 1188 351 396 1189 244 396 1190 244 397 1191 351 397 1192 352 397 1193 244 398 1194 352 398 1195 245 398 1196 245 399 1197 352 399 1198 353 399 1199 245 400 1200 353 400 1201 246 400 1202 246 401 1203 353 401 1204 354 401 1205 246 402 1206 354 402 1207 247 402 1208 247 403 1209 354 403 1210 355 403 1211 83 404 1212 356 404 1213 84 404 1214 84 405 1215 356 405 1216 357 405 1217 84 406 1218 357 406 1219 259 406 1220 259 407 1221 357 407 1222 358 407 1223 259 408 1224 358 408 1225 260 408 1226 260 409 1227 358 409 1228 359 409 1229 260 410 1230 359 410 1231 261 410 1232 261 411 1233 359 411 1234 360 411 1235 261 412 1236 360 412 1237 262 412 1238 262 413 1239 360 413 1240 361 413 1241 262 414 1242 361 414 1243 263 414 1244 263 415 1245 361 415 1246 362 415 1247 263 416 1248 362 416 1249 264 416 1250 264 417 1251 362 417 1252 363 417 1253 264 418 1254 363 418 1255 50 418 1256 50 419 1257 363 419 1258 364 419 1259 295 420 1260 365 420 1261 163 420 1262 163 421 1263 365 421 1264 366 421 1265 163 422 1266 366 422 1267 161 422 1268 161 423 1269 366 423 1270 367 423 1271 161 424 1272 367 424 1273 159 424 1274 159 425 1275 367 425 1276 368 425 1277 159 426 1278 368 426 1279 157 426 1280 157 427 1281 368 427 1282 369 427 1283 157 428 1284 369 428 1285 156 428 1286 156 429 1287 369 429 1288 370 429 1289 156 430 1290 370 430 1291 155 430 1292 155 431 1293 370 431 1294 371 431 1295 155 432 1296 371 432 1297 154 432 1298 154 433 1299 371 433 1300 372 433 1301 154 434 1302 372 434 1303 152 434 1304 152 435 1305 372 435 1306 373 435 1307 312 436 1308 374 436 1309 315 436 1310 315 437 1311 374 437 1312 375 437 1313 315 438 1314 375 438 1315 317 438 1316 317 439 1317 375 439 1318 376 439 1319 317 440 1320 376 440 1321 319 440 1322 319 441 1323 376 441 1324 377 441 1325 319 442 1326 377 442 1327 321 442 1328 321 443 1329 377 443 1330 378 443 1331 321 444 1332 378 444 1333 323 444 1334 323 445 1335 378 445 1336 379 445 1337 323 446 1338 379 446 1339 324 446 1340 324 447 1341 379 447 1342 380 447 1343 324 448 1344 380 448 1345 325 448 1346 325 449 1347 380 449 1348 381 449 1349 325 450 1350 381 450 1351 326 450 1352 326 451 1353 381 451 1354 382 451 1355 291 452 1356 383 452 1357 289 452 1358 289 453 1359 383 453 1360 384 453 1361 289 454 1362 384 454 1363 287 454 1364 287 455 1365 384 455 1366 385 455 1367 287 456 1368 385 456 1369 285 456 1370 285 457 1371 385 457 1372 386 457 1373 285 458 1374 386 458 1375 283 458 1376 283 459 1377 386 459 1378 387 459 1379 283 460 1380 387 460 1381 282 460 1382 282 461 1383 387 461 1384 388 461 1385 282 462 1386 388 462 1387 281 462 1388 281 463 1389 388 463 1390 389 463 1391 281 464 1392 389 464 1393 280 464 1394 280 465 1395 389 465 1396 390 465 1397 280 466 1398 390 466 1399 278 466 1400 278 467 1401 390 467 1402 391 467 1403 168 468 1404 392 468 1405 167 468 1406 167 469 1407 392 469 1408 393 469 1409 167 470 1410 393 470 1411 165 470 1412 165 471 1413 393 471 1414 394 471 1415 165 472 1416 394 472 1417 294 472 1418 294 473 1419 394 473 1420 395 473 1421 294 474 1422 395 474 1423 293 474 1424 293 475 1425 395 475 1426 396 475 1427 293 476 1428 396 476 1429 329 476 1430 329 477 1431 396 477 1432 397 477 1433 329 478 1434 397 478 1435 109 478 1436 109 479 1437 397 479 1438 398 479 1439 109 480 1440 398 480 1441 110 480 1442 110 481 1443 398 481 1444 399 481 1445 110 482 1446 399 482 1447 111 482 1448 111 483 1449 399 483 1450 400 483 1451 111 484 1452 400 484 1453 330 484 1454 330 485 1455 400 485 1456 401 485 1457 330 486 1458 401 486 1459 331 486 1460 331 487 1461 401 487 1462 402 487 1463 331 488 1464 402 488 1465 93 488 1466 93 489 1467 402 489 1468 403 489 1469 93 490 1470 403 490 1471 94 490 1472 94 491 1473 403 491 1474 404 491 1475 94 492 1476 404 492 1477 332 492 1478 332 493 1479 404 493 1480 405 493 1481 332 494 1482 405 494 1483 333 494 1484 333 495 1485 405 495 1486 406 495 1487 333 496 1488 406 496 1489 89 496 1490 89 497 1491 406 497 1492 407 497 1493 89 498 1494 407 498 1495 90 498 1496 90 499 1497 407 499 1498 408 499 1499 90 500 1500 408 500 1501 91 500 1502 91 501 1503 408 501 1504 409 501 1505 91 502 1506 409 502 1507 86 502 1508 86 503 1509 409 503 1510 410 503 1511 86 504 1512 410 504 1513 87 504 1514 87 505 1515 410 505 1516 411 505 1517 87 506 1518 411 506 1519 82 506 1520 82 507 1521 411 507 1522 412 507 1523 82 508 1524 412 508 1525 174 508 1526 174 509 1527 412 509 1528 413 509 1529 174 510 1530 413 510 1531 172 510 1532 172 511 1533 413 511 1534 414 511 1535 172 512 1536 414 512 1537 170 512 1538 170 513 1539 414 513 1540 415 513 1541 170 514 1542 415 514 1543 168 514 1544 168 515 1545 415 515 1546 392 515 1547 124 516 1548 416 516 1549 123 516 1550 123 517 1551 416 517 1552 417 517 1553 123 518 1554 417 518 1555 122 518 1556 122 519 1557 417 519 1558 418 519 1559 122 520 1560 418 520 1561 121 520 1562 121 521 1563 418 521 1564 419 521 1565 121 522 1566 419 522 1567 120 522 1568 120 523 1569 419 523 1570 420 523 1571 120 524 1572 420 524 1573 119 524 1574 119 525 1575 420 525 1576 421 525 1577 119 526 1578 421 526 1579 118 526 1580 118 527 1581 421 527 1582 422 527 1583 118 528 1584 422 528 1585 113 528 1586 113 529 1587 422 529 1588 423 529 1589 113 530 1590 423 530 1591 114 530 1592 114 531 1593 423 531 1594 424 531 1595 114 532 1596 424 532 1597 115 532 1598 115 533 1599 424 533 1600 425 533 1601 115 534 1602 425 534 1603 311 534 1604 311 535 1605 425 535 1606 426 535 1607 311 536 1608 426 536 1609 234 536 1610 234 537 1611 426 537 1612 427 537 1613 234 538 1614 427 538 1615 233 538 1616 233 539 1617 427 539 1618 428 539 1619 233 540 1620 428 540 1621 231 540 1622 231 541 1623 428 541 1624 429 541 1625 231 542 1626 429 542 1627 229 542 1628 229 543 1629 429 543 1630 430 543 1631 229 544 1632 430 544 1633 228 544 1634 228 545 1635 430 545 1636 431 545 1637 228 546 1638 431 546 1639 226 546 1640 226 547 1641 431 547 1642 432 547 1643 226 548 1644 432 548 1645 224 548 1646 224 549 1647 432 549 1648 433 549 1649 224 550 1650 433 550 1651 221 550 1652 221 551 1653 433 551 1654 434 551 1655 221 552 1656 434 552 1657 222 552 1658 222 553 1659 434 553 1660 435 553 1661 222 554 1662 435 554 1663 217 554 1664 217 555 1665 435 555 1666 436 555 1667 217 556 1668 436 556 1669 218 556 1670 218 557 1671 436 557 1672 437 557 1673 218 558 1674 437 558 1675 219 558 1676 219 559 1677 437 559 1678 438 559 1679 219 560 1680 438 560 1681 125 560 1682 125 561 1683 438 561 1684 439 561 1685 125 562 1686 439 562 1687 124 562 1688 124 563 1689 439 563 1690 416 563 1691 129 564 1692 440 564 1693 128 564 1694 128 565 1695 440 565 1696 441 565 1697 128 566 1698 441 566 1699 127 566 1700 127 567 1701 441 567 1702 442 567 1703 127 568 1704 442 568 1705 126 568 1706 126 569 1707 442 569 1708 443 569 1709 126 570 1710 443 570 1711 334 570 1712 334 571 1713 443 571 1714 444 571 1715 334 572 1716 444 572 1717 213 572 1718 213 573 1719 444 573 1720 445 573 1721 213 574 1722 445 574 1723 210 574 1724 210 575 1725 445 575 1726 446 575 1727 210 576 1728 446 576 1729 208 576 1730 208 577 1731 446 577 1732 447 577 1733 208 578 1734 447 578 1735 206 578 1736 206 579 1737 447 579 1738 448 579 1739 206 580 1740 448 580 1741 204 580 1742 204 581 1743 448 581 1744 449 581 1745 204 582 1746 449 582 1747 194 582 1748 194 583 1749 449 583 1750 450 583 1751 194 584 1752 450 584 1753 196 584 1754 196 585 1755 450 585 1756 451 585 1757 196 586 1758 451 586 1759 198 586 1760 198 587 1761 451 587 1762 452 587 1763 198 588 1764 452 588 1765 200 588 1766 200 589 1767 452 589 1768 453 589 1769 200 590 1770 453 590 1771 202 590 1772 202 591 1773 453 591 1774 454 591 1775 202 592 1776 454 592 1777 203 592 1778 203 593 1779 454 593 1780 455 593 1781 203 594 1782 455 594 1783 297 594 1784 297 595 1785 455 595 1786 456 595 1787 297 596 1788 456 596 1789 335 596 1790 335 597 1791 456 597 1792 457 597 1793 335 598 1794 457 598 1795 336 598 1796 336 599 1797 457 599 1798 458 599 1799 336 600 1800 458 600 1801 337 600 1802 337 601 1803 458 601 1804 459 601 1805 337 602 1806 459 602 1807 133 602 1808 133 603 1809 459 603 1810 460 603 1811 133 604 1812 460 604 1813 132 604 1814 132 605 1815 460 605 1816 461 605 1817 132 606 1818 461 606 1819 131 606 1820 131 607 1821 461 607 1822 462 607 1823 131 608 1824 462 608 1825 130 608 1826 130 609 1827 462 609 1828 463 609 1829 130 610 1830 463 610 1831 129 610 1832 129 611 1833 463 611 1834 440 611 1835 66 612 1836 464 612 1837 64 612 1838 64 613 1839 464 613 1840 465 613 1841 64 614 1842 465 614 1843 62 614 1844 62 615 1845 465 615 1846 466 615 1847 62 616 1848 466 616 1849 61 616 1850 61 617 1851 466 617 1852 467 617 1853 61 618 1854 467 618 1855 59 618 1856 59 619 1857 467 619 1858 468 619 1859 59 620 1860 468 620 1861 57 620 1862 57 621 1863 468 621 1864 469 621 1865 57 622 1866 469 622 1867 55 622 1868 55 623 1869 469 623 1870 470 623 1871 55 624 1872 470 624 1873 54 624 1874 54 625 1875 470 625 1876 471 625 1877 54 626 1878 471 626 1879 52 626 1880 52 627 1881 471 627 1882 472 627 1883 52 628 1884 472 628 1885 51 628 1886 51 629 1887 472 629 1888 473 629 1889 51 630 1890 473 630 1891 49 630 1892 49 631 1893 473 631 1894 474 631 1895 49 632 1896 474 632 1897 47 632 1898 47 633 1899 474 633 1900 475 633 1901 47 634 1902 475 634 1903 46 634 1904 46 635 1905 475 635 1906 476 635 1907 46 636 1908 476 636 1909 45 636 1910 45 637 1911 476 637 1912 477 637 1913 45 638 1914 477 638 1915 44 638 1916 44 639 1917 477 639 1918 478 639 1919 44 640 1920 478 640 1921 43 640 1922 43 641 1923 478 641 1924 479 641 1925 43 642 1926 479 642 1927 42 642 1928 42 643 1929 479 643 1930 480 643 1931 42 644 1932 480 644 1933 41 644 1934 41 645 1935 480 645 1936 481 645 1937 41 646 1938 481 646 1939 39 646 1940 39 647 1941 481 647 1942 482 647 1943 39 648 1944 482 648 1945 192 648 1946 192 649 1947 482 649 1948 483 649 1949 192 650 1950 483 650 1951 191 650 1952 191 651 1953 483 651 1954 484 651 1955 191 652 1956 484 652 1957 190 652 1958 190 653 1959 484 653 1960 485 653 1961 190 654 1962 485 654 1963 69 654 1964 69 655 1965 485 655 1966 486 655 1967 69 656 1968 486 656 1969 67 656 1970 67 657 1971 486 657 1972 487 657 1973 67 658 1974 487 658 1975 66 658 1976 66 659 1977 487 659 1978 464 659 1979 392 660 1980 488 660 1981 393 660 1982 393 661 1983 488 661 1984 489 661 1985 393 662 1986 489 662 1987 394 662 1988 394 663 1989 489 663 1990 490 663 1991 394 664 1992 490 664 1993 395 664 1994 395 665 1995 490 665 1996 491 665 1997 395 666 1998 491 666 1999 396 666 2000 396 667 2001 491 667 2002 492 667 2003 396 668 2004 492 668 2005 397 668 2006 397 669 2007 492 669 2008 493 669 2009 397 670 2010 493 670 2011 398 670 2012 398 671 2013 493 671 2014 494 671 2015 398 672 2016 494 672 2017 399 672 2018 399 673 2019 494 673 2020 495 673 2021 399 674 2022 495 674 2023 400 674 2024 400 675 2025 495 675 2026 496 675 2027 400 676 2028 496 676 2029 401 676 2030 401 677 2031 496 677 2032 497 677 2033 401 678 2034 497 678 2035 402 678 2036 402 679 2037 497 679 2038 498 679 2039 402 680 2040 498 680 2041 403 680 2042 403 681 2043 498 681 2044 499 681 2045 403 682 2046 499 682 2047 404 682 2048 404 683 2049 499 683 2050 500 683 2051 404 684 2052 500 684 2053 405 684 2054 405 685 2055 500 685 2056 501 685 2057 405 686 2058 501 686 2059 406 686 2060 406 687 2061 501 687 2062 502 687 2063 406 688 2064 502 688 2065 407 688 2066 407 689 2067 502 689 2068 503 689 2069 407 690 2070 503 690 2071 408 690 2072 408 691 2073 503 691 2074 504 691 2075 408 692 2076 504 692 2077 409 692 2078 409 693 2079 504 693 2080 505 693 2081 409 694 2082 505 694 2083 410 694 2084 410 695 2085 505 695 2086 506 695 2087 410 696 2088 506 696 2089 411 696 2090 411 697 2091 506 697 2092 507 697 2093 411 698 2094 507 698 2095 412 698 2096 412 699 2097 507 699 2098 508 699 2099 412 700 2100 508 700 2101 413 700 2102 413 701 2103 508 701 2104 509 701 2105 413 702 2106 509 702 2107 414 702 2108 414 703 2109 509 703 2110 510 703 2111 414 704 2112 510 704 2113 415 704 2114 415 705 2115 510 705 2116 511 705 2117 415 706 2118 511 706 2119 392 706 2120 392 707 2121 511 707 2122 488 707 2123 416 708 2124 512 708 2125 417 708 2126 417 709 2127 512 709 2128 513 709 2129 417 710 2130 513 710 2131 418 710 2132 418 711 2133 513 711 2134 514 711 2135 418 712 2136 514 712 2137 419 712 2138 419 713 2139 514 713 2140 515 713 2141 419 714 2142 515 714 2143 420 714 2144 420 715 2145 515 715 2146 516 715 2147 420 716 2148 516 716 2149 421 716 2150 421 717 2151 516 717 2152 517 717 2153 421 718 2154 517 718 2155 422 718 2156 422 719 2157 517 719 2158 518 719 2159 422 720 2160 518 720 2161 423 720 2162 423 721 2163 518 721 2164 519 721 2165 423 722 2166 519 722 2167 424 722 2168 424 723 2169 519 723 2170 520 723 2171 424 724 2172 520 724 2173 425 724 2174 425 725 2175 520 725 2176 521 725 2177 425 726 2178 521 726 2179 426 726 2180 426 727 2181 521 727 2182 522 727 2183 426 728 2184 522 728 2185 427 728 2186 427 729 2187 522 729 2188 523 729 2189 427 730 2190 523 730 2191 428 730 2192 428 731 2193 523 731 2194 524 731 2195 428 732 2196 524 732 2197 429 732 2198 429 733 2199 524 733 2200 525 733 2201 429 734 2202 525 734 2203 430 734 2204 430 735 2205 525 735 2206 526 735 2207 430 736 2208 526 736 2209 431 736 2210 431 737 2211 526 737 2212 527 737 2213 431 738 2214 527 738 2215 432 738 2216 432 739 2217 527 739 2218 528 739 2219 432 740 2220 528 740 2221 433 740 2222 433 741 2223 528 741 2224 529 741 2225 433 742 2226 529 742 2227 434 742 2228 434 743 2229 529 743 2230 530 743 2231 434 744 2232 530 744 2233 435 744 2234 435 745 2235 530 745 2236 531 745 2237 435 746 2238 531 746 2239 436 746 2240 436 747 2241 531 747 2242 532 747 2243 436 748 2244 532 748 2245 437 748 2246 437 749 2247 532 749 2248 533 749 2249 437 750 2250 533 750 2251 438 750 2252 438 751 2253 533 751 2254 534 751 2255 438 752 2256 534 752 2257 439 752 2258 439 753 2259 534 753 2260 535 753 2261 439 754 2262 535 754 2263 416 754 2264 416 755 2265 535 755 2266 512 755 2267 440 756 2268 536 756 2269 441 756 2270 441 757 2271 536 757 2272 537 757 2273 441 758 2274 537 758 2275 442 758 2276 442 759 2277 537 759 2278 538 759 2279 442 760 2280 538 760 2281 443 760 2282 443 761 2283 538 761 2284 539 761 2285 443 762 2286 539 762 2287 444 762 2288 444 763 2289 539 763 2290 540 763 2291 444 764 2292 540 764 2293 445 764 2294 445 765 2295 540 765 2296 541 765 2297 445 766 2298 541 766 2299 446 766 2300 446 767 2301 541 767 2302 542 767 2303 446 768 2304 542 768 2305 447 768 2306 447 769 2307 542 769 2308 543 769 2309 447 770 2310 543 770 2311 448 770 2312 448 771 2313 543 771 2314 544 771 2315 448 772 2316 544 772 2317 449 772 2318 449 773 2319 544 773 2320 545 773 2321 449 774 2322 545 774 2323 450 774 2324 450 775 2325 545 775 2326 546 775 2327 450 776 2328 546 776 2329 451 776 2330 451 777 2331 546 777 2332 547 777 2333 451 778 2334 547 778 2335 452 778 2336 452 779 2337 547 779 2338 548 779 2339 452 780 2340 548 780 2341 453 780 2342 453 781 2343 548 781 2344 549 781 2345 453 782 2346 549 782 2347 454 782 2348 454 783 2349 549 783 2350 550 783 2351 454 784 2352 550 784 2353 455 784 2354 455 785 2355 550 785 2356 551 785 2357 455 786 2358 551 786 2359 456 786 2360 456 787 2361 551 787 2362 552 787 2363 456 788 2364 552 788 2365 457 788 2366 457 789 2367 552 789 2368 553 789 2369 457 790 2370 553 790 2371 458 790 2372 458 791 2373 553 791 2374 554 791 2375 458 792 2376 554 792 2377 459 792 2378 459 793 2379 554 793 2380 555 793 2381 459 794 2382 555 794 2383 460 794 2384 460 795 2385 555 795 2386 556 795 2387 460 796 2388 556 796 2389 461 796 2390 461 797 2391 556 797 2392 557 797 2393 461 798 2394 557 798 2395 462 798 2396 462 799 2397 557 799 2398 558 799 2399 462 800 2400 558 800 2401 463 800 2402 463 801 2403 558 801 2404 559 801 2405 463 802 2406 559 802 2407 440 802 2408 440 803 2409 559 803 2410 536 803 2411 464 804 2412 560 804 2413 465 804 2414 465 805 2415 560 805 2416 561 805 2417 465 806 2418 561 806 2419 466 806 2420 466 807 2421 561 807 2422 562 807 2423 466 808 2424 562 808 2425 467 808 2426 467 809 2427 562 809 2428 563 809 2429 467 810 2430 563 810 2431 468 810 2432 468 811 2433 563 811 2434 564 811 2435 468 812 2436 564 812 2437 469 812 2438 469 813 2439 564 813 2440 565 813 2441 469 814 2442 565 814 2443 470 814 2444 470 815 2445 565 815 2446 566 815 2447 470 816 2448 566 816 2449 471 816 2450 471 817 2451 566 817 2452 567 817 2453 471 818 2454 567 818 2455 472 818 2456 472 819 2457 567 819 2458 568 819 2459 472 820 2460 568 820 2461 473 820 2462 473 821 2463 568 821 2464 569 821 2465 473 822 2466 569 822 2467 474 822 2468 474 823 2469 569 823 2470 570 823 2471 474 824 2472 570 824 2473 475 824 2474 475 825 2475 570 825 2476 571 825 2477 475 826 2478 571 826 2479 476 826 2480 476 827 2481 571 827 2482 572 827 2483 476 828 2484 572 828 2485 477 828 2486 477 829 2487 572 829 2488 573 829 2489 477 830 2490 573 830 2491 478 830 2492 478 831 2493 573 831 2494 574 831 2495 478 832 2496 574 832 2497 479 832 2498 479 833 2499 574 833 2500 575 833 2501 479 834 2502 575 834 2503 480 834 2504 480 835 2505 575 835 2506 576 835 2507 480 836 2508 576 836 2509 481 836 2510 481 837 2511 576 837 2512 577 837 2513 481 838 2514 577 838 2515 482 838 2516 482 839 2517 577 839 2518 578 839 2519 482 840 2520 578 840 2521 483 840 2522 483 841 2523 578 841 2524 579 841 2525 483 842 2526 579 842 2527 484 842 2528 484 843 2529 579 843 2530 580 843 2531 484 844 2532 580 844 2533 485 844 2534 485 845 2535 580 845 2536 581 845 2537 485 846 2538 581 846 2539 486 846 2540 486 847 2541 581 847 2542 582 847 2543 486 848 2544 582 848 2545 487 848 2546 487 849 2547 582 849 2548 583 849 2549 487 850 2550 583 850 2551 464 850 2552 464 851 2553 583 851 2554 560 851 2555 584 852 2556 574 852 2557 585 852 2558 585 853 2559 574 853 2560 573 853 2561 585 854 2562 573 854 2563 586 854 2564 586 855 2565 573 855 2566 572 855 2567 586 856 2568 572 856 2569 587 856 2570 587 857 2571 572 857 2572 571 857 2573 587 858 2574 571 858 2575 588 858 2576 588 859 2577 571 859 2578 570 859 2579 588 860 2580 570 860 2581 589 860 2582 589 861 2583 570 861 2584 569 861 2585 589 862 2586 569 862 2587 590 862 2588 590 863 2589 569 863 2590 568 863 2591 590 864 2592 568 864 2593 591 864 2594 591 865 2595 568 865 2596 567 865 2597 591 866 2598 567 866 2599 592 866 2600 592 867 2601 567 867 2602 566 867 2603 592 868 2604 566 868 2605 593 868 2606 593 869 2607 566 869 2608 565 869 2609 593 870 2610 565 870 2611 594 870 2612 594 871 2613 565 871 2614 564 871 2615 594 872 2616 564 872 2617 595 872 2618 595 873 2619 564 873 2620 563 873 2621 595 874 2622 563 874 2623 596 874 2624 596 875 2625 563 875 2626 562 875 2627 596 876 2628 562 876 2629 597 876 2630 597 877 2631 562 877 2632 561 877 2633 597 878 2634 561 878 2635 598 878 2636 598 879 2637 561 879 2638 560 879 2639 598 880 2640 560 880 2641 599 880 2642 599 881 2643 560 881 2644 583 881 2645 599 882 2646 583 882 2647 600 882 2648 600 883 2649 583 883 2650 582 883 2651 600 884 2652 582 884 2653 601 884 2654 601 885 2655 582 885 2656 581 885 2657 601 886 2658 581 886 2659 602 886 2660 602 887 2661 581 887 2662 580 887 2663 602 888 2664 580 888 2665 603 888 2666 603 889 2667 580 889 2668 579 889 2669 603 890 2670 579 890 2671 604 890 2672 604 891 2673 579 891 2674 578 891 2675 604 892 2676 578 892 2677 605 892 2678 605 893 2679 578 893 2680 577 893 2681 605 894 2682 577 894 2683 606 894 2684 606 895 2685 577 895 2686 576 895 2687 606 896 2688 576 896 2689 607 896 2690 607 897 2691 576 897 2692 575 897 2693 607 898 2694 575 898 2695 584 898 2696 584 899 2697 575 899 2698 574 899 2699 608 900 2700 502 900 2701 609 900 2702 609 901 2703 502 901 2704 501 901 2705 609 902 2706 501 902 2707 610 902 2708 610 903 2709 501 903 2710 500 903 2711 610 904 2712 500 904 2713 611 904 2714 611 905 2715 500 905 2716 499 905 2717 611 906 2718 499 906 2719 612 906 2720 612 907 2721 499 907 2722 498 907 2723 612 908 2724 498 908 2725 613 908 2726 613 909 2727 498 909 2728 497 909 2729 613 910 2730 497 910 2731 614 910 2732 614 911 2733 497 911 2734 496 911 2735 614 912 2736 496 912 2737 615 912 2738 615 913 2739 496 913 2740 495 913 2741 615 914 2742 495 914 2743 616 914 2744 616 915 2745 495 915 2746 494 915 2747 616 916 2748 494 916 2749 617 916 2750 617 917 2751 494 917 2752 493 917 2753 617 918 2754 493 918 2755 618 918 2756 618 919 2757 493 919 2758 492 919 2759 618 920 2760 492 920 2761 619 920 2762 619 921 2763 492 921 2764 491 921 2765 619 922 2766 491 922 2767 620 922 2768 620 923 2769 491 923 2770 490 923 2771 620 924 2772 490 924 2773 621 924 2774 621 925 2775 490 925 2776 489 925 2777 621 926 2778 489 926 2779 622 926 2780 622 927 2781 489 927 2782 488 927 2783 622 928 2784 488 928 2785 623 928 2786 623 929 2787 488 929 2788 511 929 2789 623 930 2790 511 930 2791 624 930 2792 624 931 2793 511 931 2794 510 931 2795 624 932 2796 510 932 2797 625 932 2798 625 933 2799 510 933 2800 509 933 2801 625 934 2802 509 934 2803 626 934 2804 626 935 2805 509 935 2806 508 935 2807 626 936 2808 508 936 2809 627 936 2810 627 937 2811 508 937 2812 507 937 2813 627 938 2814 507 938 2815 628 938 2816 628 939 2817 507 939 2818 506 939 2819 628 940 2820 506 940 2821 629 940 2822 629 941 2823 506 941 2824 505 941 2825 629 942 2826 505 942 2827 630 942 2828 630 943 2829 505 943 2830 504 943 2831 630 944 2832 504 944 2833 631 944 2834 631 945 2835 504 945 2836 503 945 2837 631 946 2838 503 946 2839 608 946 2840 608 947 2841 503 947 2842 502 947 2843 632 948 2844 526 948 2845 633 948 2846 633 949 2847 526 949 2848 525 949 2849 633 950 2850 525 950 2851 634 950 2852 634 951 2853 525 951 2854 524 951 2855 634 952 2856 524 952 2857 635 952 2858 635 953 2859 524 953 2860 523 953 2861 635 954 2862 523 954 2863 636 954 2864 636 955 2865 523 955 2866 522 955 2867 636 956 2868 522 956 2869 637 956 2870 637 957 2871 522 957 2872 521 957 2873 637 958 2874 521 958 2875 638 958 2876 638 959 2877 521 959 2878 520 959 2879 638 960 2880 520 960 2881 639 960 2882 639 961 2883 520 961 2884 519 961 2885 639 962 2886 519 962 2887 640 962 2888 640 963 2889 519 963 2890 518 963 2891 640 964 2892 518 964 2893 641 964 2894 641 965 2895 518 965 2896 517 965 2897 641 966 2898 517 966 2899 642 966 2900 642 967 2901 517 967 2902 516 967 2903 642 968 2904 516 968 2905 643 968 2906 643 969 2907 516 969 2908 515 969 2909 643 970 2910 515 970 2911 644 970 2912 644 971 2913 515 971 2914 514 971 2915 644 972 2916 514 972 2917 645 972 2918 645 973 2919 514 973 2920 513 973 2921 645 974 2922 513 974 2923 646 974 2924 646 975 2925 513 975 2926 512 975 2927 646 976 2928 512 976 2929 647 976 2930 647 977 2931 512 977 2932 535 977 2933 647 978 2934 535 978 2935 648 978 2936 648 979 2937 535 979 2938 534 979 2939 648 980 2940 534 980 2941 649 980 2942 649 981 2943 534 981 2944 533 981 2945 649 982 2946 533 982 2947 650 982 2948 650 983 2949 533 983 2950 532 983 2951 650 984 2952 532 984 2953 651 984 2954 651 985 2955 532 985 2956 531 985 2957 651 986 2958 531 986 2959 652 986 2960 652 987 2961 531 987 2962 530 987 2963 652 988 2964 530 988 2965 653 988 2966 653 989 2967 530 989 2968 529 989 2969 653 990 2970 529 990 2971 654 990 2972 654 991 2973 529 991 2974 528 991 2975 654 992 2976 528 992 2977 655 992 2978 655 993 2979 528 993 2980 527 993 2981 655 994 2982 527 994 2983 632 994 2984 632 995 2985 527 995 2986 526 995 2987 656 996 2988 550 996 2989 657 996 2990 657 997 2991 550 997 2992 549 997 2993 657 998 2994 549 998 2995 658 998 2996 658 999 2997 549 999 2998 548 999 2999 658 1000 3000 548 1000 3001 659 1000 3002 659 1001 3003 548 1001 3004 547 1001 3005 659 1002 3006 547 1002 3007 660 1002 3008 660 1003 3009 547 1003 3010 546 1003 3011 660 1004 3012 546 1004 3013 661 1004 3014 661 1005 3015 546 1005 3016 545 1005 3017 661 1006 3018 545 1006 3019 662 1006 3020 662 1007 3021 545 1007 3022 544 1007 3023 662 1008 3024 544 1008 3025 663 1008 3026 663 1009 3027 544 1009 3028 543 1009 3029 663 1010 3030 543 1010 3031 664 1010 3032 664 1011 3033 543 1011 3034 542 1011 3035 664 1012 3036 542 1012 3037 665 1012 3038 665 1013 3039 542 1013 3040 541 1013 3041 665 1014 3042 541 1014 3043 666 1014 3044 666 1015 3045 541 1015 3046 540 1015 3047 666 1016 3048 540 1016 3049 667 1016 3050 667 1017 3051 540 1017 3052 539 1017 3053 667 1018 3054 539 1018 3055 668 1018 3056 668 1019 3057 539 1019 3058 538 1019 3059 668 1020 3060 538 1020 3061 669 1020 3062 669 1021 3063 538 1021 3064 537 1021 3065 669 1022 3066 537 1022 3067 670 1022 3068 670 1023 3069 537 1023 3070 536 1023 3071 670 1024 3072 536 1024 3073 671 1024 3074 671 1025 3075 536 1025 3076 559 1025 3077 671 1026 3078 559 1026 3079 672 1026 3080 672 1027 3081 559 1027 3082 558 1027 3083 672 1028 3084 558 1028 3085 673 1028 3086 673 1029 3087 558 1029 3088 557 1029 3089 673 1030 3090 557 1030 3091 674 1030 3092 674 1031 3093 557 1031 3094 556 1031 3095 674 1032 3096 556 1032 3097 675 1032 3098 675 1033 3099 556 1033 3100 555 1033 3101 675 1034 3102 555 1034 3103 676 1034 3104 676 1035 3105 555 1035 3106 554 1035 3107 676 1036 3108 554 1036 3109 677 1036 3110 677 1037 3111 554 1037 3112 553 1037 3113 677 1038 3114 553 1038 3115 678 1038 3116 678 1039 3117 553 1039 3118 552 1039 3119 678 1040 3120 552 1040 3121 679 1040 3122 679 1041 3123 552 1041 3124 551 1041 3125 679 1042 3126 551 1042 3127 656 1042 3128 656 1043 3129 551 1043 3130 550 1043 3131 680 1044 3132 639 1044 3133 681 1044 3134 681 1045 3135 639 1045 3136 640 1045 3137 681 1046 3138 640 1046 3139 641 1046 3140 680 1047 3141 682 1047 3142 639 1047 3143 639 1048 3144 682 1048 3145 683 1048 3146 639 1049 3147 683 1049 3148 638 1049 3149 638 1050 3150 683 1050 3151 637 1050 3152 637 1051 3153 683 1051 3154 636 1051 3155 636 1052 3156 683 1052 3157 635 1052 3158 635 1053 3159 683 1053 3160 684 1053 3161 635 1054 3162 684 1054 3163 685 1054 3164 682 1055 3165 686 1055 3166 683 1055 3167 683 1056 3168 686 1056 3169 687 1056 3170 683 1057 3171 687 1057 3172 688 1057 3173 689 1058 3174 617 1058 3175 683 1058 3176 683 1059 3177 617 1059 3178 383 1059 3179 683 1060 3180 383 1060 3181 690 1060 3182 691 1061 3183 692 1061 3184 689 1061 3185 689 1062 3186 692 1062 3187 693 1062 3188 689 1063 3189 693 1063 3190 694 1063 3191 694 1064 3192 695 1064 3193 689 1064 3194 689 1065 3195 695 1065 3196 696 1065 3197 689 1066 3198 696 1066 3199 697 1066 3200 689 1067 3201 697 1067 3202 698 1067 3203 698 1068 3204 697 1068 3205 699 1068 3206 698 1069 3207 699 1069 3208 700 1069 3209 701 1070 3210 611 1070 3211 698 1070 3212 698 1071 3213 611 1071 3214 612 1071 3215 698 1072 3216 612 1072 3217 613 1072 3218 702 1073 3219 631 1073 3220 701 1073 3221 701 1074 3222 631 1074 3223 608 1074 3224 701 1075 3225 608 1075 3226 609 1075 3227 703 1076 3228 628 1076 3229 702 1076 3230 702 1077 3231 628 1077 3232 629 1077 3233 702 1078 3234 629 1078 3235 630 1078 3236 704 1079 3237 626 1079 3238 703 1079 3239 703 1080 3240 626 1080 3241 627 1080 3242 703 1081 3243 627 1081 3244 628 1081 3245 705 1082 3246 587 1082 3247 704 1082 3248 704 1083 3249 587 1083 3250 588 1083 3251 704 1084 3252 588 1084 3253 364 1084 3254 364 1085 3255 588 1085 3256 589 1085 3257 364 1086 3258 589 1086 3259 590 1086 3260 706 1087 3261 604 1087 3262 705 1087 3263 705 1088 3264 604 1088 3265 605 1088 3266 705 1089 3267 605 1089 3268 606 1089 3269 604 1090 3270 706 1090 3271 603 1090 3272 603 1091 3273 706 1091 3274 707 1091 3275 603 1092 3276 707 1092 3277 708 1092 3278 708 1093 3279 709 1093 3280 603 1093 3281 603 1094 3282 709 1094 3283 710 1094 3284 603 1095 3285 710 1095 3286 14 1095 3287 15 1096 3288 711 1096 3289 14 1096 3290 14 1097 3291 711 1097 3292 712 1097 3293 14 1098 3294 712 1098 3295 713 1098 3296 713 1099 3297 712 1099 3298 714 1099 3299 713 1100 3300 714 1100 3301 715 1100 3302 715 1101 3303 714 1101 3304 716 1101 3305 715 1102 3306 716 1102 3307 717 1102 3308 717 1103 3309 716 1103 3310 718 1103 3311 717 1104 3312 718 1104 3313 719 1104 3314 719 1105 3315 718 1105 3316 720 1105 3317 719 1106 3318 720 1106 3319 721 1106 3320 721 1107 3321 720 1107 3322 722 1107 3323 721 1108 3324 722 1108 3325 723 1108 3326 723 1109 3327 722 1109 3328 724 1109 3329 724 1110 3330 722 1110 3331 725 1110 3332 725 1111 3333 722 1111 3334 726 1111 3335 726 1112 3336 722 1112 3337 373 1112 3338 726 1113 3339 373 1113 3340 727 1113 3341 727 1114 3342 373 1114 3343 372 1114 3344 727 1115 3345 372 1115 3346 371 1115 3347 16 1116 3348 675 1116 3349 15 1116 3350 15 1117 3351 675 1117 3352 676 1117 3353 15 1118 3354 676 1118 3355 677 1118 3356 16 1119 3357 17 1119 3358 675 1119 3359 675 1120 3360 17 1120 3361 18 1120 3362 675 1121 3363 18 1121 3364 20 1121 3365 20 1122 3366 22 1122 3367 675 1122 3368 675 1123 3369 22 1123 3370 674 1123 3371 674 1124 3372 22 1124 3373 24 1124 3374 674 1125 3375 24 1125 3376 673 1125 3377 673 1126 3378 24 1126 3379 672 1126 3380 672 1127 3381 24 1127 3382 671 1127 3383 671 1128 3384 24 1128 3385 670 1128 3386 670 1129 3387 24 1129 3388 669 1129 3389 669 1130 3390 24 1130 3391 668 1130 3392 668 1131 3393 24 1131 3394 667 1131 3395 667 1132 3396 24 1132 3397 647 1132 3398 667 1133 3399 647 1133 3400 666 1133 3401 666 1134 3402 647 1134 3403 648 1134 3404 666 1135 3405 648 1135 3406 728 1135 3407 728 1136 3408 648 1136 3409 649 1136 3410 728 1137 3411 649 1137 3412 650 1137 3413 24 1138 3414 681 1138 3415 647 1138 3416 647 1139 3417 681 1139 3418 646 1139 3419 646 1140 3420 681 1140 3421 645 1140 3422 645 1141 3423 681 1141 3424 644 1141 3425 644 1142 3426 681 1142 3427 643 1142 3428 643 1143 3429 681 1143 3430 642 1143 3431 642 1144 3432 681 1144 3433 641 1144 3434 656 1145 3435 657 1145 3436 729 1145 3437 729 1146 3438 657 1146 3439 658 1146 3440 729 1147 3441 658 1147 3442 730 1147 3443 730 1148 3444 658 1148 3445 659 1148 3446 730 1149 3447 659 1149 3448 731 1149 3449 731 1150 3450 659 1150 3451 660 1150 3452 731 1151 3453 660 1151 3454 732 1151 3455 732 1152 3456 660 1152 3457 661 1152 3458 732 1153 3459 661 1153 3460 733 1153 3461 733 1154 3462 661 1154 3463 662 1154 3464 733 1155 3465 662 1155 3466 734 1155 3467 734 1156 3468 662 1156 3469 663 1156 3470 734 1157 3471 663 1157 3472 735 1157 3473 735 1158 3474 663 1158 3475 664 1158 3476 735 1159 3477 664 1159 3478 736 1159 3479 736 1160 3480 664 1160 3481 737 1160 3482 737 1161 3483 664 1161 3484 665 1161 3485 737 1162 3486 665 1162 3487 738 1162 3488 738 1163 3489 665 1163 3490 728 1163 3491 728 1164 3492 665 1164 3493 666 1164 3494 677 1165 3495 678 1165 3496 15 1165 3497 15 1166 3498 678 1166 3499 679 1166 3500 15 1167 3501 679 1167 3502 739 1167 3503 739 1168 3504 679 1168 3505 740 1168 3506 740 1169 3507 679 1169 3508 656 1169 3509 740 1170 3510 656 1170 3511 729 1170 3512 634 1171 3513 347 1171 3514 633 1171 3515 633 1172 3516 347 1172 3517 741 1172 3518 633 1173 3519 741 1173 3520 632 1173 3521 632 1174 3522 741 1174 3523 742 1174 3524 632 1175 3525 742 1175 3526 655 1175 3527 655 1176 3528 742 1176 3529 654 1176 3530 654 1177 3531 742 1177 3532 743 1177 3533 654 1178 3534 743 1178 3535 653 1178 3536 653 1179 3537 743 1179 3538 744 1179 3539 653 1180 3540 744 1180 3541 652 1180 3542 652 1181 3543 744 1181 3544 745 1181 3545 652 1182 3546 745 1182 3547 746 1182 3548 634 1183 3549 635 1183 3550 347 1183 3551 347 1184 3552 635 1184 3553 348 1184 3554 348 1185 3555 635 1185 3556 685 1185 3557 348 1186 3558 685 1186 3559 747 1186 3560 728 1187 3561 650 1187 3562 746 1187 3563 746 1188 3564 650 1188 3565 651 1188 3566 746 1189 3567 651 1189 3568 652 1189 3569 609 1190 3570 610 1190 3571 701 1190 3572 701 1191 3573 610 1191 3574 611 1191 3575 698 1192 3576 613 1192 3577 689 1192 3578 689 1193 3579 613 1193 3580 614 1193 3581 689 1194 3582 614 1194 3583 615 1194 3584 615 1195 3585 616 1195 3586 689 1195 3587 689 1196 3588 616 1196 3589 617 1196 3590 617 1197 3591 618 1197 3592 383 1197 3593 383 1198 3594 618 1198 3595 748 1198 3596 383 1199 3597 748 1199 3598 749 1199 3599 618 1200 3600 619 1200 3601 748 1200 3602 748 1201 3603 619 1201 3604 365 1201 3605 365 1202 3606 619 1202 3607 620 1202 3608 365 1203 3609 620 1203 3610 366 1203 3611 366 1204 3612 620 1204 3613 750 1204 3614 366 1205 3615 750 1205 3616 751 1205 3617 750 1206 3618 620 1206 3619 752 1206 3620 752 1207 3621 620 1207 3622 621 1207 3623 752 1208 3624 621 1208 3625 338 1208 3626 338 1209 3627 621 1209 3628 622 1209 3629 338 1210 3630 622 1210 3631 623 1210 3632 338 1211 3633 623 1211 3634 339 1211 3635 339 1212 3636 623 1212 3637 624 1212 3638 339 1213 3639 624 1213 3640 753 1213 3641 753 1214 3642 624 1214 3643 625 1214 3644 753 1215 3645 625 1215 3646 754 1215 3647 754 1216 3648 625 1216 3649 626 1216 3650 754 1217 3651 626 1217 3652 356 1217 3653 356 1218 3654 626 1218 3655 704 1218 3656 356 1219 3657 704 1219 3658 357 1219 3659 357 1220 3660 704 1220 3661 358 1220 3662 358 1221 3663 704 1221 3664 359 1221 3665 359 1222 3666 704 1222 3667 360 1222 3668 360 1223 3669 704 1223 3670 361 1223 3671 361 1224 3672 704 1224 3673 362 1224 3674 362 1225 3675 704 1225 3676 363 1225 3677 363 1226 3678 704 1226 3679 364 1226 3680 630 1227 3681 631 1227 3682 702 1227 3683 584 1228 3684 585 1228 3685 705 1228 3686 705 1229 3687 585 1229 3688 586 1229 3689 705 1230 3690 586 1230 3691 587 1230 3692 364 1231 3693 590 1231 3694 755 1231 3695 755 1232 3696 590 1232 3697 591 1232 3698 755 1233 3699 591 1233 3700 592 1233 3701 592 1234 3702 593 1234 3703 755 1234 3704 755 1235 3705 593 1235 3706 756 1235 3707 756 1236 3708 593 1236 3709 757 1236 3710 757 1237 3711 593 1237 3712 594 1237 3713 757 1238 3714 594 1238 3715 758 1238 3716 758 1239 3717 594 1239 3718 595 1239 3719 758 1240 3720 595 1240 3721 596 1240 3722 758 1241 3723 596 1241 3724 759 1241 3725 759 1242 3726 596 1242 3727 597 1242 3728 759 1243 3729 597 1243 3730 760 1243 3731 760 1244 3732 597 1244 3733 598 1244 3734 760 1245 3735 598 1245 3736 599 1245 3737 600 1246 3738 14 1246 3739 599 1246 3740 599 1247 3741 14 1247 3742 761 1247 3743 599 1248 3744 761 1248 3745 760 1248 3746 600 1249 3747 601 1249 3748 14 1249 3749 14 1250 3750 601 1250 3751 602 1250 3752 14 1251 3753 602 1251 3754 603 1251 3755 606 1252 3756 607 1252 3757 705 1252 3758 705 1253 3759 607 1253 3760 584 1253 3761 683 1254 3762 690 1254 3763 374 1254 3764 374 1255 3765 690 1255 3766 762 1255 3767 374 1256 3768 762 1256 3769 375 1256 3770 375 1257 3771 762 1257 3772 763 1257 3773 375 1258 3774 763 1258 3775 376 1258 3776 376 1259 3777 763 1259 3778 764 1259 3779 376 1260 3780 764 1260 3781 377 1260 3782 377 1261 3783 764 1261 3784 765 1261 3785 377 1262 3786 765 1262 3787 378 1262 3788 378 1263 3789 765 1263 3790 766 1263 3791 378 1264 3792 766 1264 3793 379 1264 3794 379 1265 3795 766 1265 3796 380 1265 3797 380 1266 3798 766 1266 3799 381 1266 3800 381 1267 3801 766 1267 3802 382 1267 3803 382 1268 3804 766 1268 3805 767 1268 3806 382 1269 3807 767 1269 3808 768 1269 3809 768 1270 3810 767 1270 3811 769 1270 3812 768 1271 3813 769 1271 3814 770 1271 3815 770 1272 3816 771 1272 3817 768 1272 3818 768 1273 3819 771 1273 3820 772 1273 3821 768 1274 3822 772 1274 3823 773 1274 3824 773 1275 3825 772 1275 3826 774 1275 3827 773 1276 3828 774 1276 3829 775 1276 3830 775 1277 3831 774 1277 3832 776 1277 3833 775 1278 3834 776 1278 3835 777 1278 3836 777 1279 3837 776 1279 3838 778 1279 3839 777 1280 3840 778 1280 3841 779 1280 3842 779 1281 3843 778 1281 3844 15 1281 3845 779 1282 3846 15 1282 3847 780 1282 3848 780 1283 3849 15 1283 3850 739 1283 3851 778 1284 3852 781 1284 3853 15 1284 3854 15 1285 3855 781 1285 3856 782 1285 3857 15 1286 3858 782 1286 3859 711 1286 3860 711 1287 3861 782 1287 3862 783 1287 3863 711 1288 3864 783 1288 3865 784 1288 3866 784 1289 3867 783 1289 3868 785 1289 3869 784 1290 3870 785 1290 3871 786 1290 3872 786 1291 3873 785 1291 3874 787 1291 3875 786 1292 3876 787 1292 3877 788 1292 3878 788 1293 3879 787 1293 3880 789 1293 3881 788 1294 3882 789 1294 3883 790 1294 3884 790 1295 3885 789 1295 3886 791 1295 3887 790 1296 3888 791 1296 3889 792 1296 3890 792 1297 3891 791 1297 3892 793 1297 3893 793 1298 3894 791 1298 3895 794 1298 3896 794 1299 3897 791 1299 3898 795 1299 3899 795 1300 3900 791 1300 3901 391 1300 3902 795 1301 3903 391 1301 3904 796 1301 3905 796 1302 3906 391 1302 3907 390 1302 3908 796 1303 3909 390 1303 3910 389 1303 3911 389 1304 3912 388 1304 3913 796 1304 3914 796 1305 3915 388 1305 3916 387 1305 3917 796 1306 3918 387 1306 3919 797 1306 3920 797 1307 3921 387 1307 3922 386 1307 3923 797 1308 3924 386 1308 3925 798 1308 3926 798 1309 3927 386 1309 3928 385 1309 3929 798 1310 3930 385 1310 3931 799 1310 3932 799 1311 3933 385 1311 3934 384 1311 3935 799 1312 3936 384 1312 3937 749 1312 3938 749 1313 3939 384 1313 3940 383 1313 3941 348 1314 3942 747 1314 3943 349 1314 3944 349 1315 3945 747 1315 3946 800 1315 3947 349 1316 3948 800 1316 3949 350 1316 3950 350 1317 3951 800 1317 3952 801 1317 3953 350 1318 3954 801 1318 3955 351 1318 3956 351 1319 3957 801 1319 3958 802 1319 3959 351 1320 3960 802 1320 3961 352 1320 3962 352 1321 3963 802 1321 3964 353 1321 3965 353 1322 3966 802 1322 3967 354 1322 3968 354 1323 3969 802 1323 3970 355 1323 3971 355 1324 3972 802 1324 3973 803 1324 3974 355 1325 3975 803 1325 3976 804 1325 3977 804 1326 3978 803 1326 3979 805 1326 3980 804 1327 3981 805 1327 3982 806 1327 3983 806 1328 3984 807 1328 3985 804 1328 3986 804 1329 3987 807 1329 3988 808 1329 3989 804 1330 3990 808 1330 3991 809 1330 3992 809 1331 3993 808 1331 3994 810 1331 3995 809 1332 3996 810 1332 3997 811 1332 3998 811 1333 3999 810 1333 4000 812 1333 4001 811 1334 4002 812 1334 4003 813 1334 4004 813 1335 4005 812 1335 4006 740 1335 4007 813 1336 4008 740 1336 4009 729 1336 4010 374 1337 4011 684 1337 4012 683 1337 4013 371 1338 4014 370 1338 4015 727 1338 4016 727 1339 4017 370 1339 4018 369 1339 4019 727 1340 4020 369 1340 4021 814 1340 4022 814 1341 4023 369 1341 4024 368 1341 4025 814 1342 4026 368 1342 4027 815 1342 4028 815 1343 4029 368 1343 4030 367 1343 4031 815 1344 4032 367 1344 4033 751 1344 4034 751 1345 4035 367 1345 4036 366 1345 4037 753 1346 4038 816 1346 4039 339 1346 4040 339 1347 4041 816 1347 4042 340 1347 4043 340 1348 4044 816 1348 4045 817 1348 4046 340 1349 4047 817 1349 4048 341 1349 4049 341 1350 4050 817 1350 4051 818 1350 4052 341 1351 4053 818 1351 4054 342 1351 4055 342 1352 4056 818 1352 4057 819 1352 4058 342 1353 4059 819 1353 4060 343 1353 4061 343 1354 4062 819 1354 4063 344 1354 4064 344 1355 4065 819 1355 4066 345 1355 4067 345 1356 4068 819 1356 4069 346 1356 4070 346 1357 4071 819 1357 4072 820 1357 4073 346 1358 4074 820 1358 4075 821 1358 4076 821 1359 4077 820 1359 4078 822 1359 4079 821 1360 4080 822 1360 4081 823 1360 4082 823 1361 4083 824 1361 4084 821 1361 4085 821 1362 4086 824 1362 4087 825 1362 4088 821 1363 4089 825 1363 4090 826 1363 4091 826 1364 4092 825 1364 4093 827 1364 4094 826 1365 4095 827 1365 4096 828 1365 4097 828 1366 4098 827 1366 4099 829 1366 4100 828 1367 4101 829 1367 4102 830 1367 4103 830 1368 4104 829 1368 4105 831 1368 4106 830 1369 4107 831 1369 4108 832 1369 4109 832 1370 4110 831 1370 4111 14 1370 4112 832 1371 4113 14 1371 4114 833 1371 4115 833 1372 4116 14 1372 4117 713 1372 4118 831 1373 4119 761 1373 4120 14 1373 4121 322 1374 4122 766 1374 4123 320 1374 4124 320 1375 4125 766 1375 4126 765 1375 4127 320 1376 4128 765 1376 4129 318 1376 4130 318 1377 4131 765 1377 4132 764 1377 4133 318 1378 4134 764 1378 4135 316 1378 4136 316 1379 4137 764 1379 4138 763 1379 4139 316 1380 4140 763 1380 4141 314 1380 4142 314 1381 4143 763 1381 4144 762 1381 4145 314 1382 4146 762 1382 4147 313 1382 4148 313 1383 4149 762 1383 4150 690 1383 4151 690 1384 4152 383 1384 4153 313 1384 4154 313 1385 4155 383 1385 4156 291 1385 4157 391 1386 4158 791 1386 4159 278 1386 4160 278 1387 4161 791 1387 4162 273 1387 4163 273 1388 4164 791 1388 4165 271 1388 4166 271 1389 4167 791 1389 4168 789 1389 4169 271 1390 4170 789 1390 4171 269 1390 4172 269 1391 4173 789 1391 4174 787 1391 4175 269 1392 4176 787 1392 4177 267 1392 4178 267 1393 4179 787 1393 4180 785 1393 4181 267 1394 4182 785 1394 4183 265 1394 4184 265 1395 4185 785 1395 4186 783 1395 4187 265 1396 4188 783 1396 4189 135 1396 4190 135 1397 4191 783 1397 4192 782 1397 4193 782 1398 4194 781 1398 4195 135 1398 4196 135 1399 4197 781 1399 4198 136 1399 4199 136 1400 4200 781 1400 4201 300 1400 4202 300 1401 4203 781 1401 4204 778 1401 4205 300 1402 4206 778 1402 4207 302 1402 4208 302 1403 4209 778 1403 4210 776 1403 4211 302 1404 4212 776 1404 4213 304 1404 4214 304 1405 4215 776 1405 4216 774 1405 4217 304 1406 4218 774 1406 4219 306 1406 4220 306 1407 4221 774 1407 4222 772 1407 4223 306 1408 4224 772 1408 4225 308 1408 4226 308 1409 4227 772 1409 4228 771 1409 4229 308 1410 4230 771 1410 4231 309 1410 4232 309 1411 4233 771 1411 4234 770 1411 4235 309 1412 4236 770 1412 4237 328 1412 4238 328 1413 4239 770 1413 4240 769 1413 4241 328 1414 4242 769 1414 4243 327 1414 4244 327 1415 4245 769 1415 4246 767 1415 4247 327 1416 4248 767 1416 4249 322 1416 4250 322 1417 4251 767 1417 4252 766 1417 4253 243 1418 4254 802 1418 4255 241 1418 4256 241 1419 4257 802 1419 4258 801 1419 4259 241 1420 4260 801 1420 4261 239 1420 4262 239 1421 4263 801 1421 4264 800 1421 4265 239 1422 4266 800 1422 4267 237 1422 4268 237 1423 4269 800 1423 4270 747 1423 4271 237 1424 4272 747 1424 4273 236 1424 4274 236 1425 4275 747 1425 4276 685 1425 4277 236 1426 4278 685 1426 4279 310 1426 4280 310 1427 4281 685 1427 4282 684 1427 4283 684 1428 4284 374 1428 4285 310 1428 4286 310 1429 4287 374 1429 4288 312 1429 4289 382 1430 4290 768 1430 4291 326 1430 4292 326 1431 4293 768 1431 4294 307 1431 4295 307 1432 4296 768 1432 4297 305 1432 4298 305 1433 4299 768 1433 4300 773 1433 4301 305 1434 4302 773 1434 4303 303 1434 4304 303 1435 4305 773 1435 4306 775 1435 4307 303 1436 4308 775 1436 4309 301 1436 4310 301 1437 4311 775 1437 4312 777 1437 4313 301 1438 4314 777 1438 4315 299 1438 4316 299 1439 4317 777 1439 4318 779 1439 4319 299 1440 4320 779 1440 4321 298 1440 4322 298 1441 4323 779 1441 4324 780 1441 4325 780 1442 4326 739 1442 4327 298 1442 4328 298 1443 4329 739 1443 4330 296 1443 4331 296 1444 4332 739 1444 4333 201 1444 4334 201 1445 4335 739 1445 4336 740 1445 4337 201 1446 4338 740 1446 4339 257 1446 4340 257 1447 4341 740 1447 4342 812 1447 4343 257 1448 4344 812 1448 4345 255 1448 4346 255 1449 4347 812 1449 4348 810 1449 4349 255 1450 4350 810 1450 4351 253 1450 4352 253 1451 4353 810 1451 4354 808 1451 4355 253 1452 4356 808 1452 4357 252 1452 4358 252 1453 4359 808 1453 4360 807 1453 4361 252 1454 4362 807 1454 4363 251 1454 4364 251 1455 4365 807 1455 4366 806 1455 4367 251 1456 4368 806 1456 4369 250 1456 4370 250 1457 4371 806 1457 4372 805 1457 4373 250 1458 4374 805 1458 4375 248 1458 4376 248 1459 4377 805 1459 4378 803 1459 4379 248 1460 4380 803 1460 4381 243 1460 4382 243 1461 4383 803 1461 4384 802 1461 4385 279 1462 4386 796 1462 4387 284 1462 4388 284 1463 4389 796 1463 4390 797 1463 4391 284 1464 4392 797 1464 4393 286 1464 4394 286 1465 4395 797 1465 4396 798 1465 4397 286 1466 4398 798 1466 4399 288 1466 4400 288 1467 4401 798 1467 4402 799 1467 4403 288 1468 4404 799 1468 4405 290 1468 4406 290 1469 4407 799 1469 4408 749 1469 4409 290 1470 4410 749 1470 4411 292 1470 4412 292 1471 4413 749 1471 4414 748 1471 4415 748 1472 4416 365 1472 4417 292 1472 4418 292 1473 4419 365 1473 4420 295 1473 4421 373 1474 4422 722 1474 4423 152 1474 4424 152 1475 4425 722 1475 4426 147 1475 4427 147 1476 4428 722 1476 4429 145 1476 4430 145 1477 4431 722 1477 4432 720 1477 4433 145 1478 4434 720 1478 4435 143 1478 4436 143 1479 4437 720 1479 4438 718 1479 4439 143 1480 4440 718 1480 4441 141 1480 4442 141 1481 4443 718 1481 4444 716 1481 4445 141 1482 4446 716 1482 4447 138 1482 4448 138 1483 4449 716 1483 4450 714 1483 4451 138 1484 4452 714 1484 4453 140 1484 4454 140 1485 4455 714 1485 4456 712 1485 4457 712 1486 4458 711 1486 4459 140 1486 4460 140 1487 4461 711 1487 4462 134 1487 4463 134 1488 4464 711 1488 4465 266 1488 4466 266 1489 4467 711 1489 4468 784 1489 4469 266 1490 4470 784 1490 4471 268 1490 4472 268 1491 4473 784 1491 4474 786 1491 4475 268 1492 4476 786 1492 4477 270 1492 4478 270 1493 4479 786 1493 4480 788 1493 4481 270 1494 4482 788 1494 4483 272 1494 4484 272 1495 4485 788 1495 4486 790 1495 4487 272 1496 4488 790 1496 4489 274 1496 4490 274 1497 4491 790 1497 4492 792 1497 4493 274 1498 4494 792 1498 4495 275 1498 4496 275 1499 4497 792 1499 4498 793 1499 4499 275 1500 4500 793 1500 4501 276 1500 4502 276 1501 4503 793 1501 4504 794 1501 4505 276 1502 4506 794 1502 4507 277 1502 4508 277 1503 4509 794 1503 4510 795 1503 4511 277 1504 4512 795 1504 4513 279 1504 4514 279 1505 4515 795 1505 4516 796 1505 4517 182 1506 4518 819 1506 4519 180 1506 4520 180 1507 4521 819 1507 4522 818 1507 4523 180 1508 4524 818 1508 4525 178 1508 4526 178 1509 4527 818 1509 4528 817 1509 4529 178 1510 4530 817 1510 4531 176 1510 4532 176 1511 4533 817 1511 4534 816 1511 4535 176 1512 4536 816 1512 4537 173 1512 4538 173 1513 4539 816 1513 4540 753 1513 4541 173 1514 4542 753 1514 4543 175 1514 4544 175 1515 4545 753 1515 4546 754 1515 4547 754 1516 4548 356 1516 4549 175 1516 4550 175 1517 4551 356 1517 4552 83 1517 4553 364 1518 4554 755 1518 4555 50 1518 4556 50 1519 4557 755 1519 4558 53 1519 4559 53 1520 4560 755 1520 4561 56 1520 4562 56 1521 4563 755 1521 4564 756 1521 4565 56 1522 4566 756 1522 4567 58 1522 4568 58 1523 4569 756 1523 4570 757 1523 4571 58 1524 4572 757 1524 4573 60 1524 4574 60 1525 4575 757 1525 4576 758 1525 4577 60 1526 4578 758 1526 4579 63 1526 4580 63 1527 4581 758 1527 4582 759 1527 4583 63 1528 4584 759 1528 4585 65 1528 4586 65 1529 4587 759 1529 4588 760 1529 4589 760 1530 4590 761 1530 4591 65 1530 4592 65 1531 4593 761 1531 4594 68 1531 4595 68 1532 4596 761 1532 4597 70 1532 4598 70 1533 4599 761 1533 4600 831 1533 4601 70 1534 4602 831 1534 4603 73 1534 4604 73 1535 4605 831 1535 4606 829 1535 4607 73 1536 4608 829 1536 4609 75 1536 4610 75 1537 4611 829 1537 4612 827 1537 4613 75 1538 4614 827 1538 4615 77 1538 4616 77 1539 4617 827 1539 4618 825 1539 4619 77 1540 4620 825 1540 4621 79 1540 4622 79 1541 4623 825 1541 4624 824 1541 4625 79 1542 4626 824 1542 4627 80 1542 4628 80 1543 4629 824 1543 4630 823 1543 4631 80 1544 4632 823 1544 4633 188 1544 4634 188 1545 4635 823 1545 4636 822 1545 4637 188 1546 4638 822 1546 4639 187 1546 4640 187 1547 4641 822 1547 4642 820 1547 4643 187 1548 4644 820 1548 4645 182 1548 4646 182 1549 4647 820 1549 4648 819 1549 4649 216 1550 4650 746 1550 4651 220 1550 4652 220 1551 4653 746 1551 4654 745 1551 4655 220 1552 4656 745 1552 4657 223 1552 4658 223 1553 4659 745 1553 4660 744 1553 4661 223 1554 4662 744 1554 4663 225 1554 4664 225 1555 4665 744 1555 4666 743 1555 4667 225 1556 4668 743 1556 4669 227 1556 4670 227 1557 4671 743 1557 4672 742 1557 4673 227 1558 4674 742 1558 4675 230 1558 4676 230 1559 4677 742 1559 4678 741 1559 4679 741 1560 4680 347 1560 4681 230 1560 4682 230 1561 4683 347 1561 4684 232 1561 4685 355 1562 4686 804 1562 4687 247 1562 4688 247 1563 4689 804 1563 4690 249 1563 4691 249 1564 4692 804 1564 4693 254 1564 4694 254 1565 4695 804 1565 4696 809 1565 4697 254 1566 4698 809 1566 4699 256 1566 4700 256 1567 4701 809 1567 4702 811 1567 4703 256 1568 4704 811 1568 4705 258 1568 4706 258 1569 4707 811 1569 4708 813 1569 4709 258 1570 4710 813 1570 4711 199 1570 4712 199 1571 4713 813 1571 4714 729 1571 4715 199 1572 4716 729 1572 4717 197 1572 4718 197 1573 4719 729 1573 4720 730 1573 4721 730 1574 4722 731 1574 4723 197 1574 4724 197 1575 4725 731 1575 4726 195 1575 4727 195 1576 4728 731 1576 4729 193 1576 4730 193 1577 4731 731 1577 4732 732 1577 4733 193 1578 4734 732 1578 4735 205 1578 4736 205 1579 4737 732 1579 4738 733 1579 4739 205 1580 4740 733 1580 4741 207 1580 4742 207 1581 4743 733 1581 4744 734 1581 4745 207 1582 4746 734 1582 4747 209 1582 4748 209 1583 4749 734 1583 4750 735 1583 4751 209 1584 4752 735 1584 4753 211 1584 4754 211 1585 4755 735 1585 4756 736 1585 4757 211 1586 4758 736 1586 4759 212 1586 4760 212 1587 4761 736 1587 4762 737 1587 4763 212 1588 4764 737 1588 4765 214 1588 4766 214 1589 4767 737 1589 4768 738 1589 4769 214 1590 4770 738 1590 4771 215 1590 4772 215 1591 4773 738 1591 4774 728 1591 4775 215 1592 4776 728 1592 4777 216 1592 4778 216 1593 4779 728 1593 4780 746 1593 4781 153 1594 4782 727 1594 4783 158 1594 4784 158 1595 4785 727 1595 4786 814 1595 4787 158 1596 4788 814 1596 4789 160 1596 4790 160 1597 4791 814 1597 4792 815 1597 4793 160 1598 4794 815 1598 4795 162 1598 4796 162 1599 4797 815 1599 4798 751 1599 4799 162 1600 4800 751 1600 4801 164 1600 4802 164 1601 4803 751 1601 4804 750 1601 4805 164 1602 4806 750 1602 4807 166 1602 4808 166 1603 4809 750 1603 4810 752 1603 4811 752 1604 4812 338 1604 4813 166 1604 4814 166 1605 4815 338 1605 4816 169 1605 4817 346 1606 4818 821 1606 4819 186 1606 4820 186 1607 4821 821 1607 4822 78 1607 4823 78 1608 4824 821 1608 4825 76 1608 4826 76 1609 4827 821 1609 4828 826 1609 4829 76 1610 4830 826 1610 4831 74 1610 4832 74 1611 4833 826 1611 4834 828 1611 4835 74 1612 4836 828 1612 4837 72 1612 4838 72 1613 4839 828 1613 4840 830 1613 4841 72 1614 4842 830 1614 4843 71 1614 4844 71 1615 4845 830 1615 4846 832 1615 4847 71 1616 4848 832 1616 4849 189 1616 4850 189 1617 4851 832 1617 4852 833 1617 4853 833 1618 4854 713 1618 4855 189 1618 4856 189 1619 4857 713 1619 4858 139 1619 4859 139 1620 4860 713 1620 4861 137 1620 4862 137 1621 4863 713 1621 4864 715 1621 4865 137 1622 4866 715 1622 4867 142 1622 4868 142 1623 4869 715 1623 4870 717 1623 4871 142 1624 4872 717 1624 4873 144 1624 4874 144 1625 4875 717 1625 4876 719 1625 4877 144 1626 4878 719 1626 4879 146 1626 4880 146 1627 4881 719 1627 4882 721 1627 4883 146 1628 4884 721 1628 4885 148 1628 4886 148 1629 4887 721 1629 4888 723 1629 4889 148 1630 4890 723 1630 4891 149 1630 4892 149 1631 4893 723 1631 4894 724 1631 4895 149 1632 4896 724 1632 4897 150 1632 4898 150 1633 4899 724 1633 4900 725 1633 4901 150 1634 4902 725 1634 4903 151 1634 4904 151 1635 4905 725 1635 4906 726 1635 4907 151 1636 4908 726 1636 4909 153 1636 4910 153 1637 4911 726 1637 4912 727 1637 4913 683 1638 4914 105 1638 4915 689 1638 4916 689 1639 4917 105 1639 4918 100 1639 4919 28 1640 4920 686 1640 4921 26 1640 4922 26 1641 4923 686 1641 4924 682 1641 4925 26 1642 4926 682 1642 4927 34 1642 4928 34 1643 4929 682 1643 4930 35 1643 4931 35 1644 4932 682 1644 4933 680 1644 4934 35 1645 4935 680 1645 4936 33 1645 4937 33 1646 4938 680 1646 4939 112 1646 4940 33 1647 4941 112 1647 4942 32 1647 4943 28 1648 4944 106 1648 4945 686 1648 4946 686 1649 4947 106 1649 4948 687 1649 4949 687 1650 4950 106 1650 4951 107 1650 4952 687 1651 4953 107 1651 4954 688 1651 4955 688 1652 4956 107 1652 4957 108 1652 4958 688 1653 4959 108 1653 4960 683 1653 4961 683 1654 4962 108 1654 4963 105 1654 4964 680 1655 4965 681 1655 4966 112 1655 4967 112 1656 4968 681 1656 4969 116 1656 4970 116 1657 4971 681 1657 4972 117 1657 4973 117 1658 4974 681 1658 4975 25 1658 4976 25 1659 4977 681 1659 4978 24 1659 4979 5 1660 4980 709 1660 4981 7 1660 4982 7 1661 4983 709 1661 4984 708 1661 4985 7 1662 4986 708 1662 4987 36 1662 4988 36 1663 4989 708 1663 4990 707 1663 4991 36 1664 4992 707 1664 4993 37 1664 4994 37 1665 4995 707 1665 4996 706 1665 4997 37 1666 4998 706 1666 4999 38 1666 5000 38 1667 5001 706 1667 5002 705 1667 5003 38 1668 5004 705 1668 5005 40 1668 5006 709 1669 5007 5 1669 5008 710 1669 5009 710 1670 5010 5 1670 5011 3 1670 5012 710 1671 5013 3 1671 5014 14 1671 5015 14 1672 5016 3 1672 5017 1 1672 5018 36 1673 5019 12 1673 5020 7 1673 5021 705 1674 5022 704 1674 5023 40 1674 5024 40 1675 5025 704 1675 5026 48 1675 5027 48 1676 5028 704 1676 5029 81 1676 5030 81 1677 5031 704 1677 5032 703 1677 5033 81 1678 5034 703 1678 5035 85 1678 5036 85 1679 5037 703 1679 5038 702 1679 5039 85 1680 5040 702 1680 5041 88 1680 5042 88 1681 5043 702 1681 5044 701 1681 5045 88 1682 5046 701 1682 5047 92 1682 5048 92 1683 5049 701 1683 5050 698 1683 5051 92 1684 5052 698 1684 5053 95 1684 5054 95 1685 5055 698 1685 5056 700 1685 5057 95 1686 5058 700 1686 5059 96 1686 5060 96 1687 5061 700 1687 5062 699 1687 5063 96 1688 5064 699 1688 5065 97 1688 5066 97 1689 5067 699 1689 5068 697 1689 5069 697 1690 5070 696 1690 5071 97 1690 5072 97 1691 5073 696 1691 5074 98 1691 5075 98 1692 5076 696 1692 5077 99 1692 5078 99 1693 5079 696 1693 5080 695 1693 5081 99 1694 5082 695 1694 5083 101 1694 5084 101 1695 5085 695 1695 5086 694 1695 5087 101 1696 5088 694 1696 5089 102 1696 5090 102 1697 5091 694 1697 5092 693 1697 5093 102 1698 5094 693 1698 5095 103 1698 5096 103 1699 5097 693 1699 5098 692 1699 5099 103 1700 5100 692 1700 5101 104 1700 5102 104 1701 5103 692 1701 5104 691 1701 5105 104 1702 5106 691 1702 5107 100 1702 5108 100 1703 5109 691 1703 5110 689 1703 5111 834 1704 5112 835 1704 5113 836 1704 5114 836 1705 5115 835 1705 5116 837 1705 5117 836 1706 5118 837 1706 5119 838 1706 5120 838 1707 5121 837 1707 5122 839 1707 5123 838 1708 5124 839 1708 5125 840 1708 5126 840 1709 5127 839 1709 5128 841 1709 5129 840 1710 5130 841 1710 5131 842 1710 5132 842 1711 5133 841 1711 5134 843 1711 5135 840 1712 5136 842 1712 5137 844 1712 5138 844 1713 5139 842 1713 5140 845 1713 5141 846 1714 5142 847 1714 5143 841 1714 5144 841 1715 5145 847 1715 5146 843 1715 5147 847 1716 5148 845 1716 5149 843 1716 5150 843 1717 5151 845 1717 5152 842 1717 5153 835 1718 5154 834 1718 5155 848 1718 5156 848 1719 5157 834 1719 5158 849 1719 5159 834 1720 5160 836 1720 5161 849 1720 5162 849 1721 5163 836 1721 5164 850 1721 5165 850 1722 5166 836 1722 5167 838 1722 5168 850 1723 5169 838 1723 5170 851 1723 5171 851 1724 5172 838 1724 5173 840 1724 5174 851 1725 5175 840 1725 5176 852 1725 5177 852 1726 5178 840 1726 5179 844 1726 5180 852 1727 5181 844 1727 5182 853 1727 5183 852 1728 5184 853 1728 5185 854 1728 5186 854 1729 5187 853 1729 5188 855 1729 5189 854 1730 5190 855 1730 5191 856 1730 5192 856 1731 5193 855 1731 5194 857 1731 5195 856 1732 5196 857 1732 5197 858 1732 5198 858 1733 5199 857 1733 5200 859 1733 5201 860 1734 5202 861 1734 5203 862 1734 5204 862 1735 5205 861 1735 5206 863 1735 5207 863 1736 5208 861 1736 5209 864 1736 5210 863 1737 5211 864 1737 5212 865 1737 5213 860 1738 5214 862 1738 5215 866 1738 5216 866 1739 5217 862 1739 5218 867 1739 5219 868 1740 5220 869 1740 5221 865 1740 5222 865 1741 5223 869 1741 5224 863 1741 5225 869 1742 5226 867 1742 5227 863 1742 5228 863 1743 5229 867 1743 5230 862 1743 5231 870 1744 5232 868 1744 5233 871 1744 5234 871 1745 5235 868 1745 5236 865 1745 5237 871 1746 5238 865 1746 5239 872 1746 5240 872 1747 5241 865 1747 5242 864 1747 5243 872 1748 5244 864 1748 5245 861 1748 5246 872 1749 5247 861 1749 5248 873 1749 5249 873 1750 5250 861 1750 5251 860 1750 5252 873 1751 5253 860 1751 5254 874 1751 5255 874 1752 5256 860 1752 5257 866 1752 5258 873 1753 5259 874 1753 5260 875 1753 5261 875 1754 5262 874 1754 5263 876 1754 5264 875 1755 5265 876 1755 5266 877 1755 5267 871 1756 5268 878 1756 5269 870 1756 5270 870 1757 5271 878 1757 5272 879 1757 5273 879 1758 5274 878 1758 5275 880 1758 5276 879 1759 5277 880 1759 5278 881 1759 5279 881 1760 5280 880 1760 5281 882 1760 5282 881 1761 5283 882 1761 5284 883 1761 5285 884 1762 5286 885 1762 5287 886 1762 5288 886 1763 5289 885 1763 5290 887 1763 5291 886 1764 5292 887 1764 5293 888 1764 5294 888 1765 5295 887 1765 5296 889 1765 5297 888 1766 5298 889 1766 5299 890 1766 5300 890 1767 5301 889 1767 5302 891 1767 5303 890 1768 5304 891 1768 5305 892 1768 5306 892 1769 5307 891 1769 5308 893 1769 5309 892 1770 5310 893 1770 5311 894 1770 5312 894 1771 5313 893 1771 5314 895 1771 5315 894 1772 5316 895 1772 5317 896 1772 5318 896 1773 5319 895 1773 5320 897 1773 5321 896 1774 5322 897 1774 5323 898 1774 5324 898 1775 5325 897 1775 5326 899 1775 5327 898 1776 5328 899 1776 5329 900 1776 5330 900 1777 5331 899 1777 5332 901 1777 5333 902 1778 5334 903 1778 5335 904 1778 5336 904 1779 5337 903 1779 5338 905 1779 5339 904 1780 5340 905 1780 5341 906 1780 5342 906 1781 5343 905 1781 5344 907 1781 5345 906 1782 5346 907 1782 5347 908 1782 5348 908 1783 5349 907 1783 5350 909 1783 5351 908 1784 5352 909 1784 5353 910 1784 5354 910 1785 5355 909 1785 5356 911 1785 5357 910 1786 5358 911 1786 5359 912 1786 5360 912 1787 5361 911 1787 5362 913 1787 5363 912 1788 5364 913 1788 5365 914 1788 5366 914 1789 5367 913 1789 5368 915 1789 5369 914 1790 5370 915 1790 5371 916 1790 5372 916 1791 5373 915 1791 5374 917 1791 5375 916 1792 5376 917 1792 5377 918 1792 5378 918 1793 5379 917 1793 5380 919 1793 5381 920 1794 5382 921 1794 5383 922 1794 5384 922 1795 5385 921 1795 5386 923 1795 5387 922 1796 5388 923 1796 5389 924 1796 5390 924 1797 5391 923 1797 5392 925 1797 5393 924 1798 5394 925 1798 5395 926 1798 5396 926 1799 5397 925 1799 5398 927 1799 5399 926 1800 5400 927 1800 5401 928 1800 5402 928 1801 5403 927 1801 5404 929 1801 5405 928 1802 5406 929 1802 5407 930 1802 5408 930 1803 5409 929 1803 5410 931 1803 5411 930 1804 5412 931 1804 5413 932 1804 5414 932 1805 5415 931 1805 5416 933 1805 5417 932 1806 5418 933 1806 5419 934 1806 5420 934 1807 5421 933 1807 5422 935 1807 5423 934 1808 5424 935 1808 5425 936 1808 5426 936 1809 5427 935 1809 5428 937 1809 5429 938 1810 5430 939 1810 5431 940 1810 5432 940 1811 5433 939 1811 5434 941 1811 5435 940 1812 5436 941 1812 5437 942 1812 5438 942 1813 5439 941 1813 5440 943 1813 5441 942 1814 5442 943 1814 5443 944 1814 5444 944 1815 5445 943 1815 5446 945 1815 5447 944 1816 5448 945 1816 5449 946 1816 5450 946 1817 5451 945 1817 5452 947 1817 5453 946 1818 5454 947 1818 5455 948 1818 5456 948 1819 5457 947 1819 5458 949 1819 5459 948 1820 5460 949 1820 5461 950 1820 5462 950 1821 5463 949 1821 5464 951 1821 5465 950 1822 5466 951 1822 5467 952 1822 5468 952 1823 5469 951 1823 5470 953 1823 5471 952 1824 5472 953 1824 5473 954 1824 5474 954 1825 5475 953 1825 5476 955 1825 5477 956 1826 5478 957 1826 5479 958 1826 5480 958 1827 5481 957 1827 5482 959 1827 5483 958 1828 5484 959 1828 5485 960 1828 5486 960 1829 5487 959 1829 5488 961 1829 5489 960 1830 5490 961 1830 5491 962 1830 5492 962 1831 5493 961 1831 5494 963 1831 5495 962 1832 5496 963 1832 5497 964 1832 5498 964 1833 5499 963 1833 5500 965 1833 5501 964 1834 5502 965 1834 5503 966 1834 5504 966 1835 5505 965 1835 5506 967 1835 5507 966 1836 5508 967 1836 5509 968 1836 5510 968 1837 5511 967 1837 5512 969 1837 5513 968 1838 5514 969 1838 5515 970 1838 5516 970 1839 5517 969 1839 5518 971 1839 5519 970 1840 5520 971 1840 5521 972 1840 5522 972 1841 5523 971 1841 5524 973 1841 5525 974 1842 5526 975 1842 5527 976 1842 5528 976 1843 5529 975 1843 5530 977 1843 5531 976 1844 5532 977 1844 5533 978 1844 5534 978 1845 5535 977 1845 5536 979 1845 5537 978 1846 5538 979 1846 5539 980 1846 5540 980 1847 5541 979 1847 5542 981 1847 5543 980 1848 5544 981 1848 5545 982 1848 5546 982 1849 5547 981 1849 5548 983 1849 5549 982 1850 5550 983 1850 5551 984 1850 5552 984 1851 5553 983 1851 5554 985 1851 5555 984 1852 5556 985 1852 5557 986 1852 5558 986 1853 5559 985 1853 5560 987 1853 5561 986 1854 5562 987 1854 5563 988 1854 5564 988 1855 5565 987 1855 5566 989 1855 5567 988 1856 5568 989 1856 5569 990 1856 5570 990 1857 5571 989 1857 5572 991 1857 5573 992 1858 5574 993 1858 5575 994 1858 5576 994 1859 5577 993 1859 5578 995 1859 5579 994 1860 5580 995 1860 5581 996 1860 5582 996 1861 5583 995 1861 5584 997 1861 5585 996 1862 5586 997 1862 5587 998 1862 5588 998 1863 5589 997 1863 5590 999 1863 5591 998 1864 5592 999 1864 5593 1000 1864 5594 1000 1865 5595 999 1865 5596 1001 1865 5597 1000 1866 5598 1001 1866 5599 1002 1866 5600 1002 1867 5601 1001 1867 5602 1003 1867 5603 1002 1868 5604 1003 1868 5605 1004 1868 5606 1004 1869 5607 1003 1869 5608 1005 1869 5609 1004 1870 5610 1005 1870 5611 1006 1870 5612 1006 1871 5613 1005 1871 5614 1007 1871 5615 1006 1872 5616 1007 1872 5617 1008 1872 5618 1008 1873 5619 1007 1873 5620 1009 1873 5621 1008 1874 5622 1009 1874 5623 1010 1874 5624 1010 1875 5625 1009 1875 5626 1011 1875 5627 1010 1876 5628 1011 1876 5629 1012 1876 5630 1012 1877 5631 1011 1877 5632 1013 1877 5633 1012 1878 5634 1013 1878 5635 1014 1878 5636 1014 1879 5637 1013 1879 5638 1015 1879 5639 1014 1880 5640 1015 1880 5641 1016 1880 5642 1016 1881 5643 1015 1881 5644 1017 1881 5645 1016 1882 5646 1017 1882 5647 1018 1882 5648 1018 1883 5649 1017 1883 5650 1019 1883 5651 1018 1884 5652 1019 1884 5653 1020 1884 5654 1020 1885 5655 1019 1885 5656 1021 1885 5657 1020 1886 5658 1021 1886 5659 1022 1886 5660 1022 1887 5661 1021 1887 5662 1023 1887 5663 1022 1888 5664 1023 1888 5665 1024 1888 5666 1024 1889 5667 1023 1889 5668 1025 1889 5669 1024 1890 5670 1025 1890 5671 1026 1890 5672 1026 1891 5673 1025 1891 5674 1027 1891 5675 1026 1892 5676 1027 1892 5677 1028 1892 5678 1028 1893 5679 1027 1893 5680 1029 1893 5681 1028 1894 5682 1029 1894 5683 1030 1894 5684 1030 1895 5685 1029 1895 5686 1031 1895 5687 1030 1896 5688 1031 1896 5689 1032 1896 5690 1032 1897 5691 1031 1897 5692 1033 1897 5693 1032 1898 5694 1033 1898 5695 1034 1898 5696 1034 1899 5697 1033 1899 5698 1035 1899 5699 1034 1900 5700 1035 1900 5701 1036 1900 5702 1036 1901 5703 1035 1901 5704 1037 1901 5705 1036 1902 5706 1037 1902 5707 1038 1902 5708 1038 1903 5709 1037 1903 5710 1039 1903 5711 1038 1904 5712 1039 1904 5713 992 1904 5714 992 1905 5715 1039 1905 5716 993 1905 5717 1040 1906 5718 1041 1906 5719 1042 1906 5720 1042 1907 5721 1041 1907 5722 1043 1907 5723 1042 1908 5724 1043 1908 5725 1044 1908 5726 1044 1909 5727 1043 1909 5728 1045 1909 5729 1044 1910 5730 1045 1910 5731 1046 1910 5732 1046 1911 5733 1045 1911 5734 1047 1911 5735 1046 1912 5736 1047 1912 5737 1048 1912 5738 1048 1913 5739 1047 1913 5740 1049 1913 5741 1048 1914 5742 1049 1914 5743 1050 1914 5744 1050 1915 5745 1049 1915 5746 1051 1915 5747 1050 1916 5748 1051 1916 5749 1052 1916 5750 1052 1917 5751 1051 1917 5752 1053 1917 5753 1052 1918 5754 1053 1918 5755 1054 1918 5756 1054 1919 5757 1053 1919 5758 1055 1919 5759 1054 1920 5760 1055 1920 5761 1056 1920 5762 1056 1921 5763 1055 1921 5764 1057 1921 5765 1056 1922 5766 1057 1922 5767 1058 1922 5768 1058 1923 5769 1057 1923 5770 1059 1923 5771 1058 1924 5772 1059 1924 5773 1060 1924 5774 1060 1925 5775 1059 1925 5776 1061 1925 5777 1060 1926 5778 1061 1926 5779 1062 1926 5780 1062 1927 5781 1061 1927 5782 1063 1927 5783 1062 1928 5784 1063 1928 5785 1064 1928 5786 1064 1929 5787 1063 1929 5788 1065 1929 5789 1064 1930 5790 1065 1930 5791 1066 1930 5792 1066 1931 5793 1065 1931 5794 1067 1931 5795 1066 1932 5796 1067 1932 5797 1068 1932 5798 1068 1933 5799 1067 1933 5800 1069 1933 5801 1068 1934 5802 1069 1934 5803 1070 1934 5804 1070 1935 5805 1069 1935 5806 1071 1935 5807 1070 1936 5808 1071 1936 5809 1072 1936 5810 1072 1937 5811 1071 1937 5812 1073 1937 5813 1072 1938 5814 1073 1938 5815 1074 1938 5816 1074 1939 5817 1073 1939 5818 1075 1939 5819 1074 1940 5820 1075 1940 5821 1076 1940 5822 1076 1941 5823 1075 1941 5824 1077 1941 5825 1076 1942 5826 1077 1942 5827 1078 1942 5828 1078 1943 5829 1077 1943 5830 1079 1943 5831 1078 1944 5832 1079 1944 5833 1080 1944 5834 1080 1945 5835 1079 1945 5836 1081 1945 5837 1080 1946 5838 1081 1946 5839 1082 1946 5840 1082 1947 5841 1081 1947 5842 1083 1947 5843 1082 1948 5844 1083 1948 5845 1084 1948 5846 1084 1949 5847 1083 1949 5848 1085 1949 5849 1084 1950 5850 1085 1950 5851 1086 1950 5852 1086 1951 5853 1085 1951 5854 1087 1951 5855 1086 1952 5856 1087 1952 5857 1040 1952 5858 1040 1953 5859 1087 1953 5860 1041 1953 5861 1088 1954 5862 1089 1954 5863 1090 1954 5864 1090 1955 5865 1089 1955 5866 1091 1955 5867 1090 1956 5868 1091 1956 5869 1092 1956 5870 1092 1957 5871 1091 1957 5872 1093 1957 5873 1092 1958 5874 1093 1958 5875 1094 1958 5876 1094 1959 5877 1093 1959 5878 1095 1959 5879 1094 1960 5880 1095 1960 5881 1096 1960 5882 1096 1961 5883 1095 1961 5884 1097 1961 5885 1096 1962 5886 1097 1962 5887 1098 1962 5888 1098 1963 5889 1097 1963 5890 1099 1963 5891 1098 1964 5892 1099 1964 5893 1100 1964 5894 1100 1965 5895 1099 1965 5896 1101 1965 5897 1100 1966 5898 1101 1966 5899 1102 1966 5900 1102 1967 5901 1101 1967 5902 1103 1967 5903 1102 1968 5904 1103 1968 5905 1104 1968 5906 1104 1969 5907 1103 1969 5908 1105 1969 5909 1104 1970 5910 1105 1970 5911 1106 1970 5912 1106 1971 5913 1105 1971 5914 1107 1971 5915 1106 1972 5916 1107 1972 5917 1108 1972 5918 1108 1973 5919 1107 1973 5920 1109 1973 5921 1108 1974 5922 1109 1974 5923 1110 1974 5924 1110 1975 5925 1109 1975 5926 1111 1975 5927 1110 1976 5928 1111 1976 5929 1112 1976 5930 1112 1977 5931 1111 1977 5932 1113 1977 5933 1112 1978 5934 1113 1978 5935 1114 1978 5936 1114 1979 5937 1113 1979 5938 1115 1979 5939 1114 1980 5940 1115 1980 5941 1116 1980 5942 1116 1981 5943 1115 1981 5944 1117 1981 5945 1116 1982 5946 1117 1982 5947 1118 1982 5948 1118 1983 5949 1117 1983 5950 1119 1983 5951 1118 1984 5952 1119 1984 5953 1120 1984 5954 1120 1985 5955 1119 1985 5956 1121 1985 5957 1120 1986 5958 1121 1986 5959 1122 1986 5960 1122 1987 5961 1121 1987 5962 1123 1987 5963 1122 1988 5964 1123 1988 5965 1124 1988 5966 1124 1989 5967 1123 1989 5968 1125 1989 5969 1124 1990 5970 1125 1990 5971 1126 1990 5972 1126 1991 5973 1125 1991 5974 1127 1991 5975 1126 1992 5976 1127 1992 5977 1128 1992 5978 1128 1993 5979 1127 1993 5980 1129 1993 5981 1128 1994 5982 1129 1994 5983 1130 1994 5984 1130 1995 5985 1129 1995 5986 1131 1995 5987 1130 1996 5988 1131 1996 5989 1132 1996 5990 1132 1997 5991 1131 1997 5992 1133 1997 5993 1132 1998 5994 1133 1998 5995 1134 1998 5996 1134 1999 5997 1133 1999 5998 1135 1999 5999 1134 2000 6000 1135 2000 6001 1088 2000 6002 1088 2001 6003 1135 2001 6004 1089 2001 6005 1136 2002 6006 1137 2002 6007 1138 2002 6008 1138 2003 6009 1137 2003 6010 1139 2003 6011 1138 2004 6012 1139 2004 6013 1140 2004 6014 1140 2005 6015 1139 2005 6016 1141 2005 6017 1140 2006 6018 1141 2006 6019 1142 2006 6020 1142 2007 6021 1141 2007 6022 1143 2007 6023 1142 2008 6024 1143 2008 6025 1144 2008 6026 1144 2009 6027 1143 2009 6028 1145 2009 6029 1144 2010 6030 1145 2010 6031 1146 2010 6032 1146 2011 6033 1145 2011 6034 1147 2011 6035 1146 2012 6036 1147 2012 6037 1148 2012 6038 1148 2013 6039 1147 2013 6040 1149 2013 6041 1148 2014 6042 1149 2014 6043 1150 2014 6044 1150 2015 6045 1149 2015 6046 1151 2015 6047 1150 2016 6048 1151 2016 6049 1152 2016 6050 1152 2017 6051 1151 2017 6052 1153 2017 6053 1152 2018 6054 1153 2018 6055 1154 2018 6056 1154 2019 6057 1153 2019 6058 1155 2019 6059 1154 2020 6060 1155 2020 6061 1156 2020 6062 1156 2021 6063 1155 2021 6064 1157 2021 6065 1156 2022 6066 1157 2022 6067 1158 2022 6068 1158 2023 6069 1157 2023 6070 1159 2023 6071 1158 2024 6072 1159 2024 6073 1160 2024 6074 1160 2025 6075 1159 2025 6076 1161 2025 6077 1160 2026 6078 1161 2026 6079 1162 2026 6080 1162 2027 6081 1161 2027 6082 1163 2027 6083 1162 2028 6084 1163 2028 6085 1164 2028 6086 1164 2029 6087 1163 2029 6088 1165 2029 6089 1164 2030 6090 1165 2030 6091 1166 2030 6092 1166 2031 6093 1165 2031 6094 1167 2031 6095 1166 2032 6096 1167 2032 6097 1168 2032 6098 1168 2033 6099 1167 2033 6100 1169 2033 6101 1168 2034 6102 1169 2034 6103 1170 2034 6104 1170 2035 6105 1169 2035 6106 1171 2035 6107 1170 2036 6108 1171 2036 6109 1172 2036 6110 1172 2037 6111 1171 2037 6112 1173 2037 6113 1172 2038 6114 1173 2038 6115 1174 2038 6116 1174 2039 6117 1173 2039 6118 1175 2039 6119 1174 2040 6120 1175 2040 6121 1176 2040 6122 1176 2041 6123 1175 2041 6124 1177 2041 6125 1176 2042 6126 1177 2042 6127 1178 2042 6128 1178 2043 6129 1177 2043 6130 1179 2043 6131 1178 2044 6132 1179 2044 6133 1180 2044 6134 1180 2045 6135 1179 2045 6136 1181 2045 6137 1180 2046 6138 1181 2046 6139 1182 2046 6140 1182 2047 6141 1181 2047 6142 1183 2047 6143 1182 2048 6144 1183 2048 6145 1136 2048 6146 1136 2049 6147 1183 2049 6148 1137 2049 6149 993 2050 6150 1184 2050 6151 995 2050 6152 995 2051 6153 1184 2051 6154 1185 2051 6155 995 2052 6156 1185 2052 6157 997 2052 6158 997 2053 6159 1185 2053 6160 1186 2053 6161 997 2054 6162 1186 2054 6163 999 2054 6164 999 2055 6165 1186 2055 6166 1187 2055 6167 999 2056 6168 1187 2056 6169 1001 2056 6170 1001 2057 6171 1187 2057 6172 1188 2057 6173 1001 2058 6174 1188 2058 6175 1003 2058 6176 1003 2059 6177 1188 2059 6178 1189 2059 6179 1003 2060 6180 1189 2060 6181 1005 2060 6182 1005 2061 6183 1189 2061 6184 1190 2061 6185 1005 2062 6186 1190 2062 6187 1007 2062 6188 1007 2063 6189 1190 2063 6190 1191 2063 6191 1007 2064 6192 1191 2064 6193 1009 2064 6194 1009 2065 6195 1191 2065 6196 1192 2065 6197 1009 2066 6198 1192 2066 6199 1011 2066 6200 1011 2067 6201 1192 2067 6202 1193 2067 6203 1011 2068 6204 1193 2068 6205 1013 2068 6206 1013 2069 6207 1193 2069 6208 1194 2069 6209 1013 2070 6210 1194 2070 6211 1015 2070 6212 1015 2071 6213 1194 2071 6214 1195 2071 6215 1015 2072 6216 1195 2072 6217 1017 2072 6218 1017 2073 6219 1195 2073 6220 1196 2073 6221 1017 2074 6222 1196 2074 6223 1019 2074 6224 1019 2075 6225 1196 2075 6226 1197 2075 6227 1019 2076 6228 1197 2076 6229 1021 2076 6230 1021 2077 6231 1197 2077 6232 1198 2077 6233 1021 2078 6234 1198 2078 6235 1023 2078 6236 1023 2079 6237 1198 2079 6238 1199 2079 6239 1023 2080 6240 1199 2080 6241 1025 2080 6242 1025 2081 6243 1199 2081 6244 1200 2081 6245 1025 2082 6246 1200 2082 6247 1027 2082 6248 1027 2083 6249 1200 2083 6250 1201 2083 6251 1027 2084 6252 1201 2084 6253 1029 2084 6254 1029 2085 6255 1201 2085 6256 1202 2085 6257 1029 2086 6258 1202 2086 6259 1031 2086 6260 1031 2087 6261 1202 2087 6262 1203 2087 6263 1031 2088 6264 1203 2088 6265 1033 2088 6266 1033 2089 6267 1203 2089 6268 1204 2089 6269 1033 2090 6270 1204 2090 6271 1035 2090 6272 1035 2091 6273 1204 2091 6274 1205 2091 6275 1035 2092 6276 1205 2092 6277 1037 2092 6278 1037 2093 6279 1205 2093 6280 1206 2093 6281 1037 2094 6282 1206 2094 6283 1039 2094 6284 1039 2095 6285 1206 2095 6286 1207 2095 6287 1039 2096 6288 1207 2096 6289 993 2096 6290 993 2097 6291 1207 2097 6292 1184 2097 6293 1041 2098 6294 1208 2098 6295 1043 2098 6296 1043 2099 6297 1208 2099 6298 1209 2099 6299 1043 2100 6300 1209 2100 6301 1045 2100 6302 1045 2101 6303 1209 2101 6304 1210 2101 6305 1045 2102 6306 1210 2102 6307 1047 2102 6308 1047 2103 6309 1210 2103 6310 1211 2103 6311 1047 2104 6312 1211 2104 6313 1049 2104 6314 1049 2105 6315 1211 2105 6316 1212 2105 6317 1049 2106 6318 1212 2106 6319 1051 2106 6320 1051 2107 6321 1212 2107 6322 1213 2107 6323 1051 2108 6324 1213 2108 6325 1053 2108 6326 1053 2109 6327 1213 2109 6328 1214 2109 6329 1053 2110 6330 1214 2110 6331 1055 2110 6332 1055 2111 6333 1214 2111 6334 1215 2111 6335 1055 2112 6336 1215 2112 6337 1057 2112 6338 1057 2113 6339 1215 2113 6340 1216 2113 6341 1057 2114 6342 1216 2114 6343 1059 2114 6344 1059 2115 6345 1216 2115 6346 1217 2115 6347 1059 2116 6348 1217 2116 6349 1061 2116 6350 1061 2117 6351 1217 2117 6352 1218 2117 6353 1061 2118 6354 1218 2118 6355 1063 2118 6356 1063 2119 6357 1218 2119 6358 1219 2119 6359 1063 2120 6360 1219 2120 6361 1065 2120 6362 1065 2121 6363 1219 2121 6364 1220 2121 6365 1065 2122 6366 1220 2122 6367 1067 2122 6368 1067 2123 6369 1220 2123 6370 1221 2123 6371 1067 2124 6372 1221 2124 6373 1069 2124 6374 1069 2125 6375 1221 2125 6376 1222 2125 6377 1069 2126 6378 1222 2126 6379 1071 2126 6380 1071 2127 6381 1222 2127 6382 1223 2127 6383 1071 2128 6384 1223 2128 6385 1073 2128 6386 1073 2129 6387 1223 2129 6388 1224 2129 6389 1073 2130 6390 1224 2130 6391 1075 2130 6392 1075 2131 6393 1224 2131 6394 1225 2131 6395 1075 2132 6396 1225 2132 6397 1077 2132 6398 1077 2133 6399 1225 2133 6400 1226 2133 6401 1077 2134 6402 1226 2134 6403 1079 2134 6404 1079 2135 6405 1226 2135 6406 1227 2135 6407 1079 2136 6408 1227 2136 6409 1081 2136 6410 1081 2137 6411 1227 2137 6412 1228 2137 6413 1081 2138 6414 1228 2138 6415 1083 2138 6416 1083 2139 6417 1228 2139 6418 1229 2139 6419 1083 2140 6420 1229 2140 6421 1085 2140 6422 1085 2141 6423 1229 2141 6424 1230 2141 6425 1085 2142 6426 1230 2142 6427 1087 2142 6428 1087 2143 6429 1230 2143 6430 1231 2143 6431 1087 2144 6432 1231 2144 6433 1041 2144 6434 1041 2145 6435 1231 2145 6436 1208 2145 6437 1089 2146 6438 1232 2146 6439 1091 2146 6440 1091 2147 6441 1232 2147 6442 1233 2147 6443 1091 2148 6444 1233 2148 6445 1093 2148 6446 1093 2149 6447 1233 2149 6448 1234 2149 6449 1093 2150 6450 1234 2150 6451 1095 2150 6452 1095 2151 6453 1234 2151 6454 1235 2151 6455 1095 2152 6456 1235 2152 6457 1097 2152 6458 1097 2153 6459 1235 2153 6460 1236 2153 6461 1097 2154 6462 1236 2154 6463 1099 2154 6464 1099 2155 6465 1236 2155 6466 1237 2155 6467 1099 2156 6468 1237 2156 6469 1101 2156 6470 1101 2157 6471 1237 2157 6472 1238 2157 6473 1101 2158 6474 1238 2158 6475 1103 2158 6476 1103 2159 6477 1238 2159 6478 1239 2159 6479 1103 2160 6480 1239 2160 6481 1105 2160 6482 1105 2161 6483 1239 2161 6484 1240 2161 6485 1105 2162 6486 1240 2162 6487 1107 2162 6488 1107 2163 6489 1240 2163 6490 1241 2163 6491 1107 2164 6492 1241 2164 6493 1109 2164 6494 1109 2165 6495 1241 2165 6496 1242 2165 6497 1109 2166 6498 1242 2166 6499 1111 2166 6500 1111 2167 6501 1242 2167 6502 1243 2167 6503 1111 2168 6504 1243 2168 6505 1113 2168 6506 1113 2169 6507 1243 2169 6508 1244 2169 6509 1113 2170 6510 1244 2170 6511 1115 2170 6512 1115 2171 6513 1244 2171 6514 1245 2171 6515 1115 2172 6516 1245 2172 6517 1117 2172 6518 1117 2173 6519 1245 2173 6520 1246 2173 6521 1117 2174 6522 1246 2174 6523 1119 2174 6524 1119 2175 6525 1246 2175 6526 1247 2175 6527 1119 2176 6528 1247 2176 6529 1121 2176 6530 1121 2177 6531 1247 2177 6532 1248 2177 6533 1121 2178 6534 1248 2178 6535 1123 2178 6536 1123 2179 6537 1248 2179 6538 1249 2179 6539 1123 2180 6540 1249 2180 6541 1125 2180 6542 1125 2181 6543 1249 2181 6544 1250 2181 6545 1125 2182 6546 1250 2182 6547 1127 2182 6548 1127 2183 6549 1250 2183 6550 1251 2183 6551 1127 2184 6552 1251 2184 6553 1129 2184 6554 1129 2185 6555 1251 2185 6556 1252 2185 6557 1129 2186 6558 1252 2186 6559 1131 2186 6560 1131 2187 6561 1252 2187 6562 1253 2187 6563 1131 2188 6564 1253 2188 6565 1133 2188 6566 1133 2189 6567 1253 2189 6568 1254 2189 6569 1133 2190 6570 1254 2190 6571 1135 2190 6572 1135 2191 6573 1254 2191 6574 1255 2191 6575 1135 2192 6576 1255 2192 6577 1089 2192 6578 1089 2193 6579 1255 2193 6580 1232 2193 6581 1137 2194 6582 1256 2194 6583 1139 2194 6584 1139 2195 6585 1256 2195 6586 1257 2195 6587 1139 2196 6588 1257 2196 6589 1141 2196 6590 1141 2197 6591 1257 2197 6592 1258 2197 6593 1141 2198 6594 1258 2198 6595 1143 2198 6596 1143 2199 6597 1258 2199 6598 1259 2199 6599 1143 2200 6600 1259 2200 6601 1145 2200 6602 1145 2201 6603 1259 2201 6604 1260 2201 6605 1145 2202 6606 1260 2202 6607 1147 2202 6608 1147 2203 6609 1260 2203 6610 1261 2203 6611 1147 2204 6612 1261 2204 6613 1149 2204 6614 1149 2205 6615 1261 2205 6616 1262 2205 6617 1149 2206 6618 1262 2206 6619 1151 2206 6620 1151 2207 6621 1262 2207 6622 1263 2207 6623 1151 2208 6624 1263 2208 6625 1153 2208 6626 1153 2209 6627 1263 2209 6628 1264 2209 6629 1153 2210 6630 1264 2210 6631 1155 2210 6632 1155 2211 6633 1264 2211 6634 1265 2211 6635 1155 2212 6636 1265 2212 6637 1157 2212 6638 1157 2213 6639 1265 2213 6640 1266 2213 6641 1157 2214 6642 1266 2214 6643 1159 2214 6644 1159 2215 6645 1266 2215 6646 1267 2215 6647 1159 2216 6648 1267 2216 6649 1161 2216 6650 1161 2217 6651 1267 2217 6652 1268 2217 6653 1161 2218 6654 1268 2218 6655 1163 2218 6656 1163 2219 6657 1268 2219 6658 1269 2219 6659 1163 2220 6660 1269 2220 6661 1165 2220 6662 1165 2221 6663 1269 2221 6664 1270 2221 6665 1165 2222 6666 1270 2222 6667 1167 2222 6668 1167 2223 6669 1270 2223 6670 1271 2223 6671 1167 2224 6672 1271 2224 6673 1169 2224 6674 1169 2225 6675 1271 2225 6676 1272 2225 6677 1169 2226 6678 1272 2226 6679 1171 2226 6680 1171 2227 6681 1272 2227 6682 1273 2227 6683 1171 2228 6684 1273 2228 6685 1173 2228 6686 1173 2229 6687 1273 2229 6688 1274 2229 6689 1173 2230 6690 1274 2230 6691 1175 2230 6692 1175 2231 6693 1274 2231 6694 1275 2231 6695 1175 2232 6696 1275 2232 6697 1177 2232 6698 1177 2233 6699 1275 2233 6700 1276 2233 6701 1177 2234 6702 1276 2234 6703 1179 2234 6704 1179 2235 6705 1276 2235 6706 1277 2235 6707 1179 2236 6708 1277 2236 6709 1181 2236 6710 1181 2237 6711 1277 2237 6712 1278 2237 6713 1181 2238 6714 1278 2238 6715 1183 2238 6716 1183 2239 6717 1278 2239 6718 1279 2239 6719 1183 2240 6720 1279 2240 6721 1137 2240 6722 1137 2241 6723 1279 2241 6724 1256 2241 6725 1280 2242 6726 1270 2242 6727 1281 2242 6728 1281 2243 6729 1270 2243 6730 1269 2243 6731 1281 2244 6732 1269 2244 6733 1282 2244 6734 1282 2245 6735 1269 2245 6736 1268 2245 6737 1282 2246 6738 1268 2246 6739 1283 2246 6740 1283 2247 6741 1268 2247 6742 1267 2247 6743 1283 2248 6744 1267 2248 6745 1284 2248 6746 1284 2249 6747 1267 2249 6748 1266 2249 6749 1284 2250 6750 1266 2250 6751 1285 2250 6752 1285 2251 6753 1266 2251 6754 1265 2251 6755 1285 2252 6756 1265 2252 6757 1286 2252 6758 1286 2253 6759 1265 2253 6760 1264 2253 6761 1286 2254 6762 1264 2254 6763 1287 2254 6764 1287 2255 6765 1264 2255 6766 1263 2255 6767 1287 2256 6768 1263 2256 6769 1288 2256 6770 1288 2257 6771 1263 2257 6772 1262 2257 6773 1288 2258 6774 1262 2258 6775 1289 2258 6776 1289 2259 6777 1262 2259 6778 1261 2259 6779 1289 2260 6780 1261 2260 6781 1290 2260 6782 1290 2261 6783 1261 2261 6784 1260 2261 6785 1290 2262 6786 1260 2262 6787 1291 2262 6788 1291 2263 6789 1260 2263 6790 1259 2263 6791 1291 2264 6792 1259 2264 6793 1292 2264 6794 1292 2265 6795 1259 2265 6796 1258 2265 6797 1292 2266 6798 1258 2266 6799 1293 2266 6800 1293 2267 6801 1258 2267 6802 1257 2267 6803 1293 2268 6804 1257 2268 6805 1294 2268 6806 1294 2269 6807 1257 2269 6808 1256 2269 6809 1294 2270 6810 1256 2270 6811 1295 2270 6812 1295 2271 6813 1256 2271 6814 1279 2271 6815 1295 2272 6816 1279 2272 6817 1296 2272 6818 1296 2273 6819 1279 2273 6820 1278 2273 6821 1296 2274 6822 1278 2274 6823 1297 2274 6824 1297 2275 6825 1278 2275 6826 1277 2275 6827 1297 2276 6828 1277 2276 6829 1298 2276 6830 1298 2277 6831 1277 2277 6832 1276 2277 6833 1298 2278 6834 1276 2278 6835 1299 2278 6836 1299 2279 6837 1276 2279 6838 1275 2279 6839 1299 2280 6840 1275 2280 6841 1300 2280 6842 1300 2281 6843 1275 2281 6844 1274 2281 6845 1300 2282 6846 1274 2282 6847 1301 2282 6848 1301 2283 6849 1274 2283 6850 1273 2283 6851 1301 2284 6852 1273 2284 6853 1302 2284 6854 1302 2285 6855 1273 2285 6856 1272 2285 6857 1302 2286 6858 1272 2286 6859 1303 2286 6860 1303 2287 6861 1272 2287 6862 1271 2287 6863 1303 2288 6864 1271 2288 6865 1280 2288 6866 1280 2289 6867 1271 2289 6868 1270 2289 6869 1304 2290 6870 1198 2290 6871 1305 2290 6872 1305 2291 6873 1198 2291 6874 1197 2291 6875 1305 2292 6876 1197 2292 6877 1306 2292 6878 1306 2293 6879 1197 2293 6880 1196 2293 6881 1306 2294 6882 1196 2294 6883 1307 2294 6884 1307 2295 6885 1196 2295 6886 1195 2295 6887 1307 2296 6888 1195 2296 6889 1308 2296 6890 1308 2297 6891 1195 2297 6892 1194 2297 6893 1308 2298 6894 1194 2298 6895 1309 2298 6896 1309 2299 6897 1194 2299 6898 1193 2299 6899 1309 2300 6900 1193 2300 6901 1310 2300 6902 1310 2301 6903 1193 2301 6904 1192 2301 6905 1310 2302 6906 1192 2302 6907 1311 2302 6908 1311 2303 6909 1192 2303 6910 1191 2303 6911 1311 2304 6912 1191 2304 6913 1312 2304 6914 1312 2305 6915 1191 2305 6916 1190 2305 6917 1312 2306 6918 1190 2306 6919 1313 2306 6920 1313 2307 6921 1190 2307 6922 1189 2307 6923 1313 2308 6924 1189 2308 6925 1314 2308 6926 1314 2309 6927 1189 2309 6928 1188 2309 6929 1314 2310 6930 1188 2310 6931 1315 2310 6932 1315 2311 6933 1188 2311 6934 1187 2311 6935 1315 2312 6936 1187 2312 6937 1316 2312 6938 1316 2313 6939 1187 2313 6940 1186 2313 6941 1316 2314 6942 1186 2314 6943 1317 2314 6944 1317 2315 6945 1186 2315 6946 1185 2315 6947 1317 2316 6948 1185 2316 6949 1318 2316 6950 1318 2317 6951 1185 2317 6952 1184 2317 6953 1318 2318 6954 1184 2318 6955 1319 2318 6956 1319 2319 6957 1184 2319 6958 1207 2319 6959 1319 2320 6960 1207 2320 6961 1320 2320 6962 1320 2321 6963 1207 2321 6964 1206 2321 6965 1320 2322 6966 1206 2322 6967 1321 2322 6968 1321 2323 6969 1206 2323 6970 1205 2323 6971 1321 2324 6972 1205 2324 6973 1322 2324 6974 1322 2325 6975 1205 2325 6976 1204 2325 6977 1322 2326 6978 1204 2326 6979 1323 2326 6980 1323 2327 6981 1204 2327 6982 1203 2327 6983 1323 2328 6984 1203 2328 6985 1324 2328 6986 1324 2329 6987 1203 2329 6988 1202 2329 6989 1324 2330 6990 1202 2330 6991 1325 2330 6992 1325 2331 6993 1202 2331 6994 1201 2331 6995 1325 2332 6996 1201 2332 6997 1326 2332 6998 1326 2333 6999 1201 2333 7000 1200 2333 7001 1326 2334 7002 1200 2334 7003 1327 2334 7004 1327 2335 7005 1200 2335 7006 1199 2335 7007 1327 2336 7008 1199 2336 7009 1304 2336 7010 1304 2337 7011 1199 2337 7012 1198 2337 7013 1328 2338 7014 1222 2338 7015 1329 2338 7016 1329 2339 7017 1222 2339 7018 1221 2339 7019 1329 2340 7020 1221 2340 7021 1330 2340 7022 1330 2341 7023 1221 2341 7024 1220 2341 7025 1330 2342 7026 1220 2342 7027 1331 2342 7028 1331 2343 7029 1220 2343 7030 1219 2343 7031 1331 2344 7032 1219 2344 7033 1332 2344 7034 1332 2345 7035 1219 2345 7036 1218 2345 7037 1332 2346 7038 1218 2346 7039 1333 2346 7040 1333 2347 7041 1218 2347 7042 1217 2347 7043 1333 2348 7044 1217 2348 7045 1334 2348 7046 1334 2349 7047 1217 2349 7048 1216 2349 7049 1334 2350 7050 1216 2350 7051 1335 2350 7052 1335 2351 7053 1216 2351 7054 1215 2351 7055 1335 2352 7056 1215 2352 7057 1336 2352 7058 1336 2353 7059 1215 2353 7060 1214 2353 7061 1336 2354 7062 1214 2354 7063 1337 2354 7064 1337 2355 7065 1214 2355 7066 1213 2355 7067 1337 2356 7068 1213 2356 7069 1338 2356 7070 1338 2357 7071 1213 2357 7072 1212 2357 7073 1338 2358 7074 1212 2358 7075 1339 2358 7076 1339 2359 7077 1212 2359 7078 1211 2359 7079 1339 2360 7080 1211 2360 7081 1340 2360 7082 1340 2361 7083 1211 2361 7084 1210 2361 7085 1340 2362 7086 1210 2362 7087 1341 2362 7088 1341 2363 7089 1210 2363 7090 1209 2363 7091 1341 2364 7092 1209 2364 7093 1342 2364 7094 1342 2365 7095 1209 2365 7096 1208 2365 7097 1342 2366 7098 1208 2366 7099 1343 2366 7100 1343 2367 7101 1208 2367 7102 1231 2367 7103 1343 2368 7104 1231 2368 7105 1344 2368 7106 1344 2369 7107 1231 2369 7108 1230 2369 7109 1344 2370 7110 1230 2370 7111 1345 2370 7112 1345 2371 7113 1230 2371 7114 1229 2371 7115 1345 2372 7116 1229 2372 7117 1346 2372 7118 1346 2373 7119 1229 2373 7120 1228 2373 7121 1346 2374 7122 1228 2374 7123 1347 2374 7124 1347 2375 7125 1228 2375 7126 1227 2375 7127 1347 2376 7128 1227 2376 7129 1348 2376 7130 1348 2377 7131 1227 2377 7132 1226 2377 7133 1348 2378 7134 1226 2378 7135 1349 2378 7136 1349 2379 7137 1226 2379 7138 1225 2379 7139 1349 2380 7140 1225 2380 7141 1350 2380 7142 1350 2381 7143 1225 2381 7144 1224 2381 7145 1350 2382 7146 1224 2382 7147 1351 2382 7148 1351 2383 7149 1224 2383 7150 1223 2383 7151 1351 2384 7152 1223 2384 7153 1328 2384 7154 1328 2385 7155 1223 2385 7156 1222 2385 7157 1352 2386 7158 1246 2386 7159 1353 2386 7160 1353 2387 7161 1246 2387 7162 1245 2387 7163 1353 2388 7164 1245 2388 7165 1354 2388 7166 1354 2389 7167 1245 2389 7168 1244 2389 7169 1354 2390 7170 1244 2390 7171 1355 2390 7172 1355 2391 7173 1244 2391 7174 1243 2391 7175 1355 2392 7176 1243 2392 7177 1356 2392 7178 1356 2393 7179 1243 2393 7180 1242 2393 7181 1356 2394 7182 1242 2394 7183 1357 2394 7184 1357 2395 7185 1242 2395 7186 1241 2395 7187 1357 2396 7188 1241 2396 7189 1358 2396 7190 1358 2397 7191 1241 2397 7192 1240 2397 7193 1358 2398 7194 1240 2398 7195 1359 2398 7196 1359 2399 7197 1240 2399 7198 1239 2399 7199 1359 2400 7200 1239 2400 7201 1360 2400 7202 1360 2401 7203 1239 2401 7204 1238 2401 7205 1360 2402 7206 1238 2402 7207 1361 2402 7208 1361 2403 7209 1238 2403 7210 1237 2403 7211 1361 2404 7212 1237 2404 7213 1362 2404 7214 1362 2405 7215 1237 2405 7216 1236 2405 7217 1362 2406 7218 1236 2406 7219 1363 2406 7220 1363 2407 7221 1236 2407 7222 1235 2407 7223 1363 2408 7224 1235 2408 7225 1364 2408 7226 1364 2409 7227 1235 2409 7228 1234 2409 7229 1364 2410 7230 1234 2410 7231 1365 2410 7232 1365 2411 7233 1234 2411 7234 1233 2411 7235 1365 2412 7236 1233 2412 7237 1366 2412 7238 1366 2413 7239 1233 2413 7240 1232 2413 7241 1366 2414 7242 1232 2414 7243 1367 2414 7244 1367 2415 7245 1232 2415 7246 1255 2415 7247 1367 2416 7248 1255 2416 7249 1368 2416 7250 1368 2417 7251 1255 2417 7252 1254 2417 7253 1368 2418 7254 1254 2418 7255 1369 2418 7256 1369 2419 7257 1254 2419 7258 1253 2419 7259 1369 2420 7260 1253 2420 7261 1370 2420 7262 1370 2421 7263 1253 2421 7264 1252 2421 7265 1370 2422 7266 1252 2422 7267 1371 2422 7268 1371 2423 7269 1252 2423 7270 1251 2423 7271 1371 2424 7272 1251 2424 7273 1372 2424 7274 1372 2425 7275 1251 2425 7276 1250 2425 7277 1372 2426 7278 1250 2426 7279 1373 2426 7280 1373 2427 7281 1250 2427 7282 1249 2427 7283 1373 2428 7284 1249 2428 7285 1374 2428 7286 1374 2429 7287 1249 2429 7288 1248 2429 7289 1374 2430 7290 1248 2430 7291 1375 2430 7292 1375 2431 7293 1248 2431 7294 1247 2431 7295 1375 2432 7296 1247 2432 7297 1352 2432 7298 1352 2433 7299 1247 2433 7300 1246 2433 7301 846 2434 7302 1376 2434 7303 847 2434 7304 847 2435 7305 1376 2435 7306 1377 2435 7307 847 2436 7308 1377 2436 7309 1378 2436 7310 847 2437 7311 1378 2437 7312 1370 2437 7313 1370 2438 7314 1378 2438 7315 1379 2438 7316 1370 2439 7317 1379 2439 7318 1369 2439 7319 1369 2440 7320 1379 2440 7321 1368 2440 7322 1368 2441 7323 1379 2441 7324 1367 2441 7325 1367 2442 7326 1379 2442 7327 1366 2442 7328 1366 2443 7329 1379 2443 7330 1365 2443 7331 1365 2444 7332 1379 2444 7333 1364 2444 7334 1364 2445 7335 1379 2445 7336 1363 2445 7337 1363 2446 7338 1379 2446 7339 1343 2446 7340 1363 2447 7341 1343 2447 7342 1362 2447 7343 1362 2448 7344 1343 2448 7345 1344 2448 7346 1362 2449 7347 1344 2449 7348 1380 2449 7349 1380 2450 7350 1344 2450 7351 1345 2450 7352 1380 2451 7353 1345 2451 7354 1346 2451 7355 1379 2452 7356 877 2452 7357 1343 2452 7358 1343 2453 7359 877 2453 7360 1342 2453 7361 1342 2454 7362 877 2454 7363 1341 2454 7364 1341 2455 7365 877 2455 7366 1340 2455 7367 1340 2456 7368 877 2456 7369 1339 2456 7370 1339 2457 7371 877 2457 7372 1338 2457 7373 1338 2458 7374 877 2458 7375 1337 2458 7376 1337 2459 7377 877 2459 7378 1336 2459 7379 1336 2460 7380 877 2460 7381 1335 2460 7382 1335 2461 7383 877 2461 7384 876 2461 7385 1335 2462 7386 876 2462 7387 874 2462 7388 874 2463 7389 866 2463 7390 1335 2463 7391 1335 2464 7392 866 2464 7393 1334 2464 7394 1334 2465 7395 866 2465 7396 1333 2465 7397 1333 2466 7398 866 2466 7399 1313 2466 7400 1333 2467 7401 1313 2467 7402 1381 2467 7403 1381 2468 7404 1313 2468 7405 975 2468 7406 975 2469 7407 1313 2469 7408 1314 2469 7409 975 2470 7410 1314 2470 7411 1382 2470 7412 1382 2471 7413 1314 2471 7414 1315 2471 7415 1382 2472 7416 1315 2472 7417 939 2472 7418 939 2473 7419 1315 2473 7420 1316 2473 7421 939 2474 7422 1316 2474 7423 941 2474 7424 941 2475 7425 1316 2475 7426 1383 2475 7427 941 2476 7428 1383 2476 7429 1384 2476 7430 1313 2477 7431 866 2477 7432 1312 2477 7433 1312 2478 7434 866 2478 7435 867 2478 7436 1312 2479 7437 867 2479 7438 1311 2479 7439 1311 2480 7440 867 2480 7441 1310 2480 7442 1310 2481 7443 867 2481 7444 1309 2481 7445 1309 2482 7446 867 2482 7447 1308 2482 7448 1308 2483 7449 867 2483 7450 1307 2483 7451 1307 2484 7452 867 2484 7453 1385 2484 7454 1307 2485 7455 1385 2485 7456 1306 2485 7457 1306 2486 7458 1385 2486 7459 1305 2486 7460 1305 2487 7461 1385 2487 7462 1304 2487 7463 1304 2488 7464 1385 2488 7465 1327 2488 7466 1327 2489 7467 1385 2489 7468 1386 2489 7469 1327 2490 7470 1386 2490 7471 1326 2490 7472 1326 2491 7473 1386 2491 7474 1325 2491 7475 1325 2492 7476 1386 2492 7477 1324 2492 7478 1324 2493 7479 1386 2493 7480 1387 2493 7481 1324 2494 7482 1387 2494 7483 1323 2494 7484 1323 2495 7485 1387 2495 7486 1322 2495 7487 1322 2496 7488 1387 2496 7489 1388 2496 7490 1322 2497 7491 1388 2497 7492 921 2497 7493 921 2498 7494 1388 2498 7495 923 2498 7496 923 2499 7497 1388 2499 7498 925 2499 7499 925 2500 7500 1388 2500 7501 927 2500 7502 927 2501 7503 1388 2501 7504 929 2501 7505 929 2502 7506 1388 2502 7507 931 2502 7508 931 2503 7509 1388 2503 7510 933 2503 7511 933 2504 7512 1388 2504 7513 935 2504 7514 935 2505 7515 1388 2505 7516 937 2505 7517 937 2506 7518 1388 2506 7519 1284 2506 7520 937 2507 7521 1284 2507 7522 1285 2507 7523 869 2508 7524 1389 2508 7525 867 2508 7526 867 2509 7527 1389 2509 7528 1390 2509 7529 867 2510 7530 1390 2510 7531 1391 2510 7532 868 2511 7533 883 2511 7534 869 2511 7535 869 2512 7536 883 2512 7537 1392 2512 7538 869 2513 7539 1392 2513 7540 1393 2513 7541 1393 2514 7542 1392 2514 7543 1394 2514 7544 1394 2515 7545 1392 2515 7546 1395 2515 7547 1395 2516 7548 1392 2516 7549 1396 2516 7550 1396 2517 7551 1392 2517 7552 1397 2517 7553 868 2518 7554 870 2518 7555 883 2518 7556 883 2519 7557 870 2519 7558 879 2519 7559 883 2520 7560 879 2520 7561 881 2520 7562 1393 2521 7563 1389 2521 7564 869 2521 7565 1391 2522 7566 1398 2522 7567 867 2522 7568 867 2523 7569 1398 2523 7570 1399 2523 7571 867 2524 7572 1399 2524 7573 1385 2524 7574 1284 2525 7575 1388 2525 7576 1283 2525 7577 1283 2526 7578 1388 2526 7579 859 2526 7580 1283 2527 7581 859 2527 7582 1282 2527 7583 1282 2528 7584 859 2528 7585 1281 2528 7586 1281 2529 7587 859 2529 7588 1280 2529 7589 1280 2530 7590 859 2530 7591 1303 2530 7592 1303 2531 7593 859 2531 7594 1302 2531 7595 1302 2532 7596 859 2532 7597 1301 2532 7598 1301 2533 7599 859 2533 7600 1300 2533 7601 1300 2534 7602 859 2534 7603 857 2534 7604 1300 2535 7605 857 2535 7606 845 2535 7607 845 2536 7608 857 2536 7609 855 2536 7610 845 2537 7611 855 2537 7612 853 2537 7613 853 2538 7614 844 2538 7615 845 2538 7616 847 2539 7617 1400 2539 7618 845 2539 7619 845 2540 7620 1400 2540 7621 1401 2540 7622 845 2541 7623 1401 2541 7624 1402 2541 7625 1402 2542 7626 1401 2542 7627 1403 2542 7628 1402 2543 7629 1403 2543 7630 1404 2543 7631 1404 2544 7632 1403 2544 7633 1405 2544 7634 1404 2545 7635 1405 2545 7636 1406 2545 7637 1406 2546 7638 1405 2546 7639 1407 2546 7640 1406 2547 7641 1407 2547 7642 1408 2547 7643 1408 2548 7644 1407 2548 7645 1409 2548 7646 1408 2549 7647 1409 2549 7648 1410 2549 7649 1410 2550 7650 1409 2550 7651 1411 2550 7652 1410 2551 7653 1411 2551 7654 1412 2551 7655 1412 2552 7656 1411 2552 7657 1413 2552 7658 1413 2553 7659 1411 2553 7660 1414 2553 7661 1414 2554 7662 1411 2554 7663 1415 2554 7664 1415 2555 7665 1411 2555 7666 955 2555 7667 1415 2556 7668 955 2556 7669 1416 2556 7670 1416 2557 7671 955 2557 7672 953 2557 7673 1416 2558 7674 953 2558 7675 951 2558 7676 1354 2559 7677 1417 2559 7678 1353 2559 7679 1353 2560 7680 1417 2560 7681 1418 2560 7682 1353 2561 7683 1418 2561 7684 1352 2561 7685 1352 2562 7686 1418 2562 7687 1375 2562 7688 1375 2563 7689 1418 2563 7690 1419 2563 7691 1375 2564 7692 1419 2564 7693 1374 2564 7694 1374 2565 7695 1419 2565 7696 1420 2565 7697 1374 2566 7698 1420 2566 7699 1421 2566 7700 1421 2567 7701 1420 2567 7702 1422 2567 7703 1421 2568 7704 1422 2568 7705 1423 2568 7706 1423 2569 7707 1422 2569 7708 1424 2569 7709 1423 2570 7710 1424 2570 7711 1425 2570 7712 1425 2571 7713 1424 2571 7714 1426 2571 7715 1425 2572 7716 1426 2572 7717 1427 2572 7718 1427 2573 7719 1426 2573 7720 1428 2573 7721 1427 2574 7722 1428 2574 7723 1429 2574 7724 1429 2575 7725 1428 2575 7726 1430 2575 7727 1429 2576 7728 1430 2576 7729 1431 2576 7730 1431 2577 7731 1430 2577 7732 1432 2577 7733 1432 2578 7734 1430 2578 7735 1433 2578 7736 1433 2579 7737 1430 2579 7738 1434 2579 7739 1434 2580 7740 1430 2580 7741 973 2580 7742 1434 2581 7743 973 2581 7744 1435 2581 7745 1435 2582 7746 973 2582 7747 971 2582 7748 1435 2583 7749 971 2583 7750 969 2583 7751 1417 2584 7752 1354 2584 7753 1436 2584 7754 1436 2585 7755 1354 2585 7756 1355 2585 7757 1436 2586 7758 1355 2586 7759 1437 2586 7760 1437 2587 7761 1355 2587 7762 1356 2587 7763 1437 2588 7764 1356 2588 7765 1438 2588 7766 1438 2589 7767 1356 2589 7768 1357 2589 7769 1438 2590 7770 1357 2590 7771 1439 2590 7772 1439 2591 7773 1357 2591 7774 1358 2591 7775 1439 2592 7776 1358 2592 7777 1440 2592 7778 1440 2593 7779 1358 2593 7780 1359 2593 7781 1440 2594 7782 1359 2594 7783 1441 2594 7784 1441 2595 7785 1359 2595 7786 1360 2595 7787 1441 2596 7788 1360 2596 7789 1442 2596 7790 1442 2597 7791 1360 2597 7792 1443 2597 7793 1443 2598 7794 1360 2598 7795 1361 2598 7796 1443 2599 7797 1361 2599 7798 1444 2599 7799 1444 2600 7800 1361 2600 7801 1380 2600 7802 1380 2601 7803 1361 2601 7804 1362 2601 7805 1370 2602 7806 1371 2602 7807 847 2602 7808 847 2603 7809 1371 2603 7810 1372 2603 7811 847 2604 7812 1372 2604 7813 1373 2604 7814 1373 2605 7815 1374 2605 7816 847 2605 7817 847 2606 7818 1374 2606 7819 1421 2606 7820 847 2607 7821 1421 2607 7822 1445 2607 7823 1330 2608 7824 903 2608 7825 1329 2608 7826 1329 2609 7827 903 2609 7828 1446 2609 7829 1329 2610 7830 1446 2610 7831 1328 2610 7832 1328 2611 7833 1446 2611 7834 1447 2611 7835 1328 2612 7836 1447 2612 7837 1351 2612 7838 1351 2613 7839 1447 2613 7840 1350 2613 7841 1350 2614 7842 1447 2614 7843 1448 2614 7844 1350 2615 7845 1448 2615 7846 1349 2615 7847 1349 2616 7848 1448 2616 7849 1449 2616 7850 1349 2617 7851 1449 2617 7852 1348 2617 7853 1348 2618 7854 1449 2618 7855 1450 2618 7856 1348 2619 7857 1450 2619 7858 1451 2619 7859 1330 2620 7860 1331 2620 7861 903 2620 7862 903 2621 7863 1331 2621 7864 905 2621 7865 905 2622 7866 1331 2622 7867 1452 2622 7868 905 2623 7869 1452 2623 7870 1453 2623 7871 1452 2624 7872 1331 2624 7873 1454 2624 7874 1454 2625 7875 1331 2625 7876 1332 2625 7877 1454 2626 7878 1332 2626 7879 957 2626 7880 957 2627 7881 1332 2627 7882 1381 2627 7883 957 2628 7884 1381 2628 7885 1455 2628 7886 1332 2629 7887 1333 2629 7888 1381 2629 7889 1380 2630 7890 1346 2630 7891 1451 2630 7892 1451 2631 7893 1346 2631 7894 1347 2631 7895 1451 2632 7896 1347 2632 7897 1348 2632 7898 1383 2633 7899 1316 2633 7900 1456 2633 7901 1456 2634 7902 1316 2634 7903 1317 2634 7904 1456 2635 7905 1317 2635 7906 1318 2635 7907 1456 2636 7908 1318 2636 7909 885 2636 7910 885 2637 7911 1318 2637 7912 1319 2637 7913 885 2638 7914 1319 2638 7915 887 2638 7916 887 2639 7917 1319 2639 7918 1320 2639 7919 887 2640 7920 1320 2640 7921 1457 2640 7922 1457 2641 7923 1320 2641 7924 1321 2641 7925 1457 2642 7926 1321 2642 7927 1458 2642 7928 1458 2643 7929 1321 2643 7930 1322 2643 7931 1458 2644 7932 1322 2644 7933 921 2644 7934 1285 2645 7935 1286 2645 7936 937 2645 7937 937 2646 7938 1286 2646 7939 1459 2646 7940 1459 2647 7941 1286 2647 7942 1287 2647 7943 1459 2648 7944 1287 2648 7945 1288 2648 7946 1459 2649 7947 1288 2649 7948 1460 2649 7949 1460 2650 7950 1288 2650 7951 1289 2650 7952 1460 2651 7953 1289 2651 7954 1461 2651 7955 1461 2652 7956 1289 2652 7957 1290 2652 7958 1461 2653 7959 1290 2653 7960 1462 2653 7961 1462 2654 7962 1290 2654 7963 1291 2654 7964 1462 2655 7965 1291 2655 7966 1292 2655 7967 1462 2656 7968 1292 2656 7969 1463 2656 7970 1463 2657 7971 1292 2657 7972 1293 2657 7973 1463 2658 7974 1293 2658 7975 1464 2658 7976 1464 2659 7977 1293 2659 7978 1294 2659 7979 1464 2660 7980 1294 2660 7981 1295 2660 7982 1464 2661 7983 1295 2661 7984 1465 2661 7985 1465 2662 7986 1295 2662 7987 1296 2662 7988 1465 2663 7989 1296 2663 7990 1466 2663 7991 1466 2664 7992 1296 2664 7993 1467 2664 7994 1466 2665 7995 1467 2665 7996 1468 2665 7997 1297 2666 7998 845 2666 7999 1296 2666 8000 1296 2667 8001 845 2667 8002 1469 2667 8003 1296 2668 8004 1469 2668 8005 1467 2668 8006 1297 2669 8007 1298 2669 8008 845 2669 8009 845 2670 8010 1298 2670 8011 1299 2670 8012 845 2671 8013 1299 2671 8014 1300 2671 8015 957 2672 8016 1455 2672 8017 959 2672 8018 959 2673 8019 1455 2673 8020 1470 2673 8021 959 2674 8022 1470 2674 8023 961 2674 8024 961 2675 8025 1470 2675 8026 1471 2675 8027 961 2676 8028 1471 2676 8029 963 2676 8030 963 2677 8031 1471 2677 8032 1472 2677 8033 963 2678 8034 1472 2678 8035 965 2678 8036 965 2679 8037 1472 2679 8038 1435 2679 8039 965 2680 8040 1435 2680 8041 967 2680 8042 967 2681 8043 1435 2681 8044 969 2681 8045 847 2682 8046 1445 2682 8047 1400 2682 8048 1400 2683 8049 1445 2683 8050 1473 2683 8051 1400 2684 8052 1473 2684 8053 1474 2684 8054 1474 2685 8055 1473 2685 8056 1475 2685 8057 1474 2686 8058 1475 2686 8059 1476 2686 8060 1476 2687 8061 1475 2687 8062 1477 2687 8063 1476 2688 8064 1477 2688 8065 1478 2688 8066 1478 2689 8067 1477 2689 8068 1479 2689 8069 1478 2690 8070 1479 2690 8071 1480 2690 8072 1480 2691 8073 1479 2691 8074 1481 2691 8075 1480 2692 8076 1481 2692 8077 1482 2692 8078 1482 2693 8079 1481 2693 8080 1483 2693 8081 1483 2694 8082 1481 2694 8083 1484 2694 8084 1484 2695 8085 1481 2695 8086 1485 2695 8087 1485 2696 8088 1481 2696 8089 991 2696 8090 1485 2697 8091 991 2697 8092 1486 2697 8093 1486 2698 8094 991 2698 8095 989 2698 8096 1486 2699 8097 989 2699 8098 987 2699 8099 987 2700 8100 985 2700 8101 1486 2700 8102 1486 2701 8103 985 2701 8104 983 2701 8105 1486 2702 8106 983 2702 8107 1487 2702 8108 1487 2703 8109 983 2703 8110 981 2703 8111 1487 2704 8112 981 2704 8113 1488 2704 8114 1488 2705 8115 981 2705 8116 979 2705 8117 1488 2706 8118 979 2706 8119 1489 2706 8120 1489 2707 8121 979 2707 8122 977 2707 8123 1489 2708 8124 977 2708 8125 1490 2708 8126 1490 2709 8127 977 2709 8128 975 2709 8129 1490 2710 8130 975 2710 8131 1382 2710 8132 905 2711 8133 1453 2711 8134 907 2711 8135 907 2712 8136 1453 2712 8137 1491 2712 8138 907 2713 8139 1491 2713 8140 909 2713 8141 909 2714 8142 1491 2714 8143 1492 2714 8144 909 2715 8145 1492 2715 8146 911 2715 8147 911 2716 8148 1492 2716 8149 1493 2716 8150 911 2717 8151 1493 2717 8152 913 2717 8153 913 2718 8154 1493 2718 8155 915 2718 8156 915 2719 8157 1493 2719 8158 917 2719 8159 917 2720 8160 1493 2720 8161 919 2720 8162 919 2721 8163 1493 2721 8164 1494 2721 8165 919 2722 8166 1494 2722 8167 1495 2722 8168 1495 2723 8169 1494 2723 8170 1496 2723 8171 1495 2724 8172 1496 2724 8173 1497 2724 8174 1497 2725 8175 1498 2725 8176 1495 2725 8177 1495 2726 8178 1498 2726 8179 1499 2726 8180 1495 2727 8181 1499 2727 8182 1500 2727 8183 1500 2728 8184 1499 2728 8185 1501 2728 8186 1500 2729 8187 1501 2729 8188 1502 2729 8189 1502 2730 8190 1501 2730 8191 1503 2730 8192 1502 2731 8193 1503 2731 8194 1504 2731 8195 1504 2732 8196 1503 2732 8197 1418 2732 8198 1504 2733 8199 1418 2733 8200 1417 2733 8201 951 2734 8202 949 2734 8203 1416 2734 8204 1416 2735 8205 949 2735 8206 947 2735 8207 1416 2736 8208 947 2736 8209 1505 2736 8210 1505 2737 8211 947 2737 8212 945 2737 8213 1505 2738 8214 945 2738 8215 1506 2738 8216 1506 2739 8217 945 2739 8218 943 2739 8219 1506 2740 8220 943 2740 8221 1384 2740 8222 1384 2741 8223 943 2741 8224 941 2741 8225 1457 2742 8226 1507 2742 8227 887 2742 8228 887 2743 8229 1507 2743 8230 889 2743 8231 889 2744 8232 1507 2744 8233 1508 2744 8234 889 2745 8235 1508 2745 8236 891 2745 8237 891 2746 8238 1508 2746 8239 1509 2746 8240 891 2747 8241 1509 2747 8242 893 2747 8243 893 2748 8244 1509 2748 8245 1510 2748 8246 893 2749 8247 1510 2749 8248 895 2749 8249 895 2750 8250 1510 2750 8251 897 2750 8252 897 2751 8253 1510 2751 8254 899 2751 8255 899 2752 8256 1510 2752 8257 901 2752 8258 901 2753 8259 1510 2753 8260 1511 2753 8261 901 2754 8262 1511 2754 8263 1512 2754 8264 1512 2755 8265 1511 2755 8266 1513 2755 8267 1512 2756 8268 1513 2756 8269 1514 2756 8270 1514 2757 8271 1515 2757 8272 1512 2757 8273 1512 2758 8274 1515 2758 8275 1516 2758 8276 1512 2759 8277 1516 2759 8278 1517 2759 8279 1517 2760 8280 1516 2760 8281 1518 2760 8282 1517 2761 8283 1518 2761 8284 1519 2761 8285 1519 2762 8286 1518 2762 8287 1520 2762 8288 1519 2763 8289 1520 2763 8290 1468 2763 8291 1468 2764 8292 1520 2764 8293 1466 2764 8294 1402 2765 8295 1469 2765 8296 845 2765 8297 1521 2766 8298 1435 2766 8299 1522 2766 8300 1522 2767 8301 1435 2767 8302 1472 2767 8303 1522 2768 8304 1472 2768 8305 1523 2768 8306 1523 2769 8307 1472 2769 8308 1471 2769 8309 1523 2770 8310 1471 2770 8311 1524 2770 8312 1524 2771 8313 1471 2771 8314 1470 2771 8315 1524 2772 8316 1470 2772 8317 1525 2772 8318 1525 2773 8319 1470 2773 8320 1455 2773 8321 1525 2774 8322 1455 2774 8323 1526 2774 8324 1526 2775 8325 1455 2775 8326 1381 2775 8327 1381 2776 8328 975 2776 8329 1526 2776 8330 1526 2777 8331 975 2777 8332 974 2777 8333 991 2778 8334 1481 2778 8335 990 2778 8336 990 2779 8337 1481 2779 8338 1527 2779 8339 1527 2780 8340 1481 2780 8341 1528 2780 8342 1528 2781 8343 1481 2781 8344 1479 2781 8345 1528 2782 8346 1479 2782 8347 1529 2782 8348 1529 2783 8349 1479 2783 8350 1477 2783 8351 1529 2784 8352 1477 2784 8353 1530 2784 8354 1530 2785 8355 1477 2785 8356 1475 2785 8357 1530 2786 8358 1475 2786 8359 1531 2786 8360 1531 2787 8361 1475 2787 8362 1473 2787 8363 1531 2788 8364 1473 2788 8365 1532 2788 8366 1532 2789 8367 1473 2789 8368 1445 2789 8369 1445 2790 8370 1421 2790 8371 1532 2790 8372 1532 2791 8373 1421 2791 8374 1533 2791 8375 1533 2792 8376 1421 2792 8377 1534 2792 8378 1534 2793 8379 1421 2793 8380 1423 2793 8381 1534 2794 8382 1423 2794 8383 1535 2794 8384 1535 2795 8385 1423 2795 8386 1425 2795 8387 1535 2796 8388 1425 2796 8389 1536 2796 8390 1536 2797 8391 1425 2797 8392 1427 2797 8393 1536 2798 8394 1427 2798 8395 1537 2798 8396 1537 2799 8397 1427 2799 8398 1429 2799 8399 1537 2800 8400 1429 2800 8401 1538 2800 8402 1538 2801 8403 1429 2801 8404 1431 2801 8405 1538 2802 8406 1431 2802 8407 1539 2802 8408 1539 2803 8409 1431 2803 8410 1432 2803 8411 1539 2804 8412 1432 2804 8413 1540 2804 8414 1540 2805 8415 1432 2805 8416 1433 2805 8417 1540 2806 8418 1433 2806 8419 1541 2806 8420 1541 2807 8421 1433 2807 8422 1434 2807 8423 1541 2808 8424 1434 2808 8425 1521 2808 8426 1521 2809 8427 1434 2809 8428 1435 2809 8429 1542 2810 8430 1493 2810 8431 1543 2810 8432 1543 2811 8433 1493 2811 8434 1492 2811 8435 1543 2812 8436 1492 2812 8437 1544 2812 8438 1544 2813 8439 1492 2813 8440 1491 2813 8441 1544 2814 8442 1491 2814 8443 1545 2814 8444 1545 2815 8445 1491 2815 8446 1453 2815 8447 1545 2816 8448 1453 2816 8449 1546 2816 8450 1546 2817 8451 1453 2817 8452 1452 2817 8453 1546 2818 8454 1452 2818 8455 1547 2818 8456 1547 2819 8457 1452 2819 8458 1454 2819 8459 1454 2820 8460 957 2820 8461 1547 2820 8462 1547 2821 8463 957 2821 8464 956 2821 8465 973 2822 8466 1430 2822 8467 972 2822 8468 972 2823 8469 1430 2823 8470 1548 2823 8471 1548 2824 8472 1430 2824 8473 1549 2824 8474 1549 2825 8475 1430 2825 8476 1428 2825 8477 1549 2826 8478 1428 2826 8479 1550 2826 8480 1550 2827 8481 1428 2827 8482 1426 2827 8483 1550 2828 8484 1426 2828 8485 1551 2828 8486 1551 2829 8487 1426 2829 8488 1424 2829 8489 1551 2830 8490 1424 2830 8491 1552 2830 8492 1552 2831 8493 1424 2831 8494 1422 2831 8495 1552 2832 8496 1422 2832 8497 1553 2832 8498 1553 2833 8499 1422 2833 8500 1420 2833 8501 1420 2834 8502 1419 2834 8503 1553 2834 8504 1553 2835 8505 1419 2835 8506 1554 2835 8507 1554 2836 8508 1419 2836 8509 1555 2836 8510 1555 2837 8511 1419 2837 8512 1418 2837 8513 1555 2838 8514 1418 2838 8515 1556 2838 8516 1556 2839 8517 1418 2839 8518 1503 2839 8519 1556 2840 8520 1503 2840 8521 1557 2840 8522 1557 2841 8523 1503 2841 8524 1501 2841 8525 1557 2842 8526 1501 2842 8527 1558 2842 8528 1558 2843 8529 1501 2843 8530 1499 2843 8531 1558 2844 8532 1499 2844 8533 1559 2844 8534 1559 2845 8535 1499 2845 8536 1498 2845 8537 1559 2846 8538 1498 2846 8539 1560 2846 8540 1560 2847 8541 1498 2847 8542 1497 2847 8543 1560 2848 8544 1497 2848 8545 1561 2848 8546 1561 2849 8547 1497 2849 8548 1496 2849 8549 1561 2850 8550 1496 2850 8551 1562 2850 8552 1562 2851 8553 1496 2851 8554 1494 2851 8555 1562 2852 8556 1494 2852 8557 1542 2852 8558 1542 2853 8559 1494 2853 8560 1493 2853 8561 1563 2854 8562 1486 2854 8563 1564 2854 8564 1564 2855 8565 1486 2855 8566 1487 2855 8567 1564 2856 8568 1487 2856 8569 1565 2856 8570 1565 2857 8571 1487 2857 8572 1488 2857 8573 1565 2858 8574 1488 2858 8575 1566 2858 8576 1566 2859 8577 1488 2859 8578 1489 2859 8579 1566 2860 8580 1489 2860 8581 1567 2860 8582 1567 2861 8583 1489 2861 8584 1490 2861 8585 1567 2862 8586 1490 2862 8587 1568 2862 8588 1568 2863 8589 1490 2863 8590 1382 2863 8591 1382 2864 8592 939 2864 8593 1568 2864 8594 1568 2865 8595 939 2865 8596 938 2865 8597 955 2866 8598 1411 2866 8599 954 2866 8600 954 2867 8601 1411 2867 8602 1569 2867 8603 1569 2868 8604 1411 2868 8605 1570 2868 8606 1570 2869 8607 1411 2869 8608 1409 2869 8609 1570 2870 8610 1409 2870 8611 1571 2870 8612 1571 2871 8613 1409 2871 8614 1407 2871 8615 1571 2872 8616 1407 2872 8617 1572 2872 8618 1572 2873 8619 1407 2873 8620 1405 2873 8621 1572 2874 8622 1405 2874 8623 1573 2874 8624 1573 2875 8625 1405 2875 8626 1403 2875 8627 1573 2876 8628 1403 2876 8629 1574 2876 8630 1574 2877 8631 1403 2877 8632 1401 2877 8633 1401 2878 8634 1400 2878 8635 1574 2878 8636 1574 2879 8637 1400 2879 8638 1575 2879 8639 1575 2880 8640 1400 2880 8641 1576 2880 8642 1576 2881 8643 1400 2881 8644 1474 2881 8645 1576 2882 8646 1474 2882 8647 1577 2882 8648 1577 2883 8649 1474 2883 8650 1476 2883 8651 1577 2884 8652 1476 2884 8653 1578 2884 8654 1578 2885 8655 1476 2885 8656 1478 2885 8657 1578 2886 8658 1478 2886 8659 1579 2886 8660 1579 2887 8661 1478 2887 8662 1480 2887 8663 1579 2888 8664 1480 2888 8665 1580 2888 8666 1580 2889 8667 1480 2889 8668 1482 2889 8669 1580 2890 8670 1482 2890 8671 1581 2890 8672 1581 2891 8673 1482 2891 8674 1483 2891 8675 1581 2892 8676 1483 2892 8677 1582 2892 8678 1582 2893 8679 1483 2893 8680 1484 2893 8681 1582 2894 8682 1484 2894 8683 1583 2894 8684 1583 2895 8685 1484 2895 8686 1485 2895 8687 1583 2896 8688 1485 2896 8689 1563 2896 8690 1563 2897 8691 1485 2897 8692 1486 2897 8693 1584 2898 8694 1510 2898 8695 1585 2898 8696 1585 2899 8697 1510 2899 8698 1509 2899 8699 1585 2900 8700 1509 2900 8701 1586 2900 8702 1586 2901 8703 1509 2901 8704 1508 2901 8705 1586 2902 8706 1508 2902 8707 1587 2902 8708 1587 2903 8709 1508 2903 8710 1507 2903 8711 1587 2904 8712 1507 2904 8713 1588 2904 8714 1588 2905 8715 1507 2905 8716 1457 2905 8717 1588 2906 8718 1457 2906 8719 1589 2906 8720 1589 2907 8721 1457 2907 8722 1458 2907 8723 1458 2908 8724 921 2908 8725 1589 2908 8726 1589 2909 8727 921 2909 8728 920 2909 8729 937 2910 8730 1459 2910 8731 936 2910 8732 936 2911 8733 1459 2911 8734 1590 2911 8735 1590 2912 8736 1459 2912 8737 1591 2912 8738 1591 2913 8739 1459 2913 8740 1460 2913 8741 1591 2914 8742 1460 2914 8743 1592 2914 8744 1592 2915 8745 1460 2915 8746 1461 2915 8747 1592 2916 8748 1461 2916 8749 1593 2916 8750 1593 2917 8751 1461 2917 8752 1462 2917 8753 1593 2918 8754 1462 2918 8755 1594 2918 8756 1594 2919 8757 1462 2919 8758 1463 2919 8759 1594 2920 8760 1463 2920 8761 1595 2920 8762 1595 2921 8763 1463 2921 8764 1464 2921 8765 1464 2922 8766 1465 2922 8767 1595 2922 8768 1595 2923 8769 1465 2923 8770 1596 2923 8771 1596 2924 8772 1465 2924 8773 1597 2924 8774 1597 2925 8775 1465 2925 8776 1466 2925 8777 1597 2926 8778 1466 2926 8779 1598 2926 8780 1598 2927 8781 1466 2927 8782 1520 2927 8783 1598 2928 8784 1520 2928 8785 1599 2928 8786 1599 2929 8787 1520 2929 8788 1518 2929 8789 1599 2930 8790 1518 2930 8791 1600 2930 8792 1600 2931 8793 1518 2931 8794 1516 2931 8795 1600 2932 8796 1516 2932 8797 1601 2932 8798 1601 2933 8799 1516 2933 8800 1515 2933 8801 1601 2934 8802 1515 2934 8803 1602 2934 8804 1602 2935 8805 1515 2935 8806 1514 2935 8807 1602 2936 8808 1514 2936 8809 1603 2936 8810 1603 2937 8811 1514 2937 8812 1513 2937 8813 1603 2938 8814 1513 2938 8815 1604 2938 8816 1604 2939 8817 1513 2939 8818 1511 2939 8819 1604 2940 8820 1511 2940 8821 1584 2940 8822 1584 2941 8823 1511 2941 8824 1510 2941 8825 1605 2942 8826 1451 2942 8827 1606 2942 8828 1606 2943 8829 1451 2943 8830 1450 2943 8831 1606 2944 8832 1450 2944 8833 1607 2944 8834 1607 2945 8835 1450 2945 8836 1449 2945 8837 1607 2946 8838 1449 2946 8839 1608 2946 8840 1608 2947 8841 1449 2947 8842 1448 2947 8843 1608 2948 8844 1448 2948 8845 1609 2948 8846 1609 2949 8847 1448 2949 8848 1447 2949 8849 1609 2950 8850 1447 2950 8851 1610 2950 8852 1610 2951 8853 1447 2951 8854 1446 2951 8855 1446 2952 8856 903 2952 8857 1610 2952 8858 1610 2953 8859 903 2953 8860 902 2953 8861 919 2954 8862 1495 2954 8863 918 2954 8864 918 2955 8865 1495 2955 8866 1611 2955 8867 1611 2956 8868 1495 2956 8869 1612 2956 8870 1612 2957 8871 1495 2957 8872 1500 2957 8873 1612 2958 8874 1500 2958 8875 1613 2958 8876 1613 2959 8877 1500 2959 8878 1502 2959 8879 1613 2960 8880 1502 2960 8881 1614 2960 8882 1614 2961 8883 1502 2961 8884 1504 2961 8885 1614 2962 8886 1504 2962 8887 1615 2962 8888 1615 2963 8889 1504 2963 8890 1417 2963 8891 1615 2964 8892 1417 2964 8893 1616 2964 8894 1616 2965 8895 1417 2965 8896 1436 2965 8897 1436 2966 8898 1437 2966 8899 1616 2966 8900 1616 2967 8901 1437 2967 8902 1617 2967 8903 1617 2968 8904 1437 2968 8905 1618 2968 8906 1618 2969 8907 1437 2969 8908 1438 2969 8909 1618 2970 8910 1438 2970 8911 1619 2970 8912 1619 2971 8913 1438 2971 8914 1439 2971 8915 1619 2972 8916 1439 2972 8917 1620 2972 8918 1620 2973 8919 1439 2973 8920 1440 2973 8921 1620 2974 8922 1440 2974 8923 1621 2974 8924 1621 2975 8925 1440 2975 8926 1441 2975 8927 1621 2976 8928 1441 2976 8929 1622 2976 8930 1622 2977 8931 1441 2977 8932 1442 2977 8933 1622 2978 8934 1442 2978 8935 1623 2978 8936 1623 2979 8937 1442 2979 8938 1443 2979 8939 1623 2980 8940 1443 2980 8941 1624 2980 8942 1624 2981 8943 1443 2981 8944 1444 2981 8945 1624 2982 8946 1444 2982 8947 1625 2982 8948 1625 2983 8949 1444 2983 8950 1380 2983 8951 1625 2984 8952 1380 2984 8953 1605 2984 8954 1605 2985 8955 1380 2985 8956 1451 2985 8957 1626 2986 8958 1416 2986 8959 1627 2986 8960 1627 2987 8961 1416 2987 8962 1505 2987 8963 1627 2988 8964 1505 2988 8965 1628 2988 8966 1628 2989 8967 1505 2989 8968 1506 2989 8969 1628 2990 8970 1506 2990 8971 1629 2990 8972 1629 2991 8973 1506 2991 8974 1384 2991 8975 1629 2992 8976 1384 2992 8977 1630 2992 8978 1630 2993 8979 1384 2993 8980 1383 2993 8981 1630 2994 8982 1383 2994 8983 1631 2994 8984 1631 2995 8985 1383 2995 8986 1456 2995 8987 1456 2996 8988 885 2996 8989 1631 2996 8990 1631 2997 8991 885 2997 8992 884 2997 8993 901 2998 8994 1512 2998 8995 900 2998 8996 900 2999 8997 1512 2999 8998 1632 2999 8999 1632 3000 9000 1512 3000 9001 1633 3000 9002 1633 3001 9003 1512 3001 9004 1517 3001 9005 1633 3002 9006 1517 3002 9007 1634 3002 9008 1634 3003 9009 1517 3003 9010 1519 3003 9011 1634 3004 9012 1519 3004 9013 1635 3004 9014 1635 3005 9015 1519 3005 9016 1468 3005 9017 1635 3006 9018 1468 3006 9019 1636 3006 9020 1636 3007 9021 1468 3007 9022 1467 3007 9023 1636 3008 9024 1467 3008 9025 1637 3008 9026 1637 3009 9027 1467 3009 9028 1469 3009 9029 1469 3010 9030 1402 3010 9031 1637 3010 9032 1637 3011 9033 1402 3011 9034 1638 3011 9035 1638 3012 9036 1402 3012 9037 1639 3012 9038 1639 3013 9039 1402 3013 9040 1404 3013 9041 1639 3014 9042 1404 3014 9043 1640 3014 9044 1640 3015 9045 1404 3015 9046 1406 3015 9047 1640 3016 9048 1406 3016 9049 1641 3016 9050 1641 3017 9051 1406 3017 9052 1408 3017 9053 1641 3018 9054 1408 3018 9055 1642 3018 9056 1642 3019 9057 1408 3019 9058 1410 3019 9059 1642 3020 9060 1410 3020 9061 1643 3020 9062 1643 3021 9063 1410 3021 9064 1412 3021 9065 1643 3022 9066 1412 3022 9067 1644 3022 9068 1644 3023 9069 1412 3023 9070 1413 3023 9071 1644 3024 9072 1413 3024 9073 1645 3024 9074 1645 3025 9075 1413 3025 9076 1414 3025 9077 1645 3026 9078 1414 3026 9079 1646 3026 9080 1646 3027 9081 1414 3027 9082 1415 3027 9083 1646 3028 9084 1415 3028 9085 1626 3028 9086 1626 3029 9087 1415 3029 9088 1416 3029 9089 883 3030 9090 882 3030 9091 1392 3030 9092 1392 3031 9093 882 3031 9094 1647 3031 9095 875 3032 9096 877 3032 9097 1648 3032 9098 1648 3033 9099 877 3033 9100 1379 3033 9101 839 3034 9102 1649 3034 9103 841 3034 9104 841 3035 9105 1649 3035 9106 1650 3035 9107 841 3036 9108 1650 3036 9109 846 3036 9110 846 3037 9111 1650 3037 9112 1376 3037 9113 1376 3038 9114 1650 3038 9115 1651 3038 9116 1376 3039 9117 1651 3039 9118 1377 3039 9119 1377 3040 9120 1651 3040 9121 1652 3040 9122 1377 3041 9123 1652 3041 9124 1378 3041 9125 1378 3042 9126 1652 3042 9127 1648 3042 9128 1378 3043 9129 1648 3043 9130 1379 3043 9131 1649 3044 9132 839 3044 9133 1653 3044 9134 1653 3045 9135 839 3045 9136 837 3045 9137 1653 3046 9138 837 3046 9139 848 3046 9140 848 3047 9141 837 3047 9142 835 3047 9143 859 3048 9144 1388 3048 9145 858 3048 9146 858 3049 9147 1388 3049 9148 1654 3049 9149 1654 3050 9150 1388 3050 9151 1655 3050 9152 1655 3051 9153 1388 3051 9154 1387 3051 9155 1655 3052 9156 1387 3052 9157 1656 3052 9158 1656 3053 9159 1387 3053 9160 1386 3053 9161 1656 3054 9162 1386 3054 9163 1657 3054 9164 1657 3055 9165 1386 3055 9166 1385 3055 9167 1657 3056 9168 1385 3056 9169 1658 3056 9170 1658 3057 9171 1385 3057 9172 1399 3057 9173 1658 3058 9174 1399 3058 9175 1659 3058 9176 1659 3059 9177 1399 3059 9178 1398 3059 9179 1659 3060 9180 1398 3060 9181 1660 3060 9182 1660 3061 9183 1398 3061 9184 1391 3061 9185 1660 3062 9186 1391 3062 9187 1661 3062 9188 1661 3063 9189 1391 3063 9190 1390 3063 9191 1390 3064 9192 1389 3064 9193 1661 3064 9194 1661 3065 9195 1389 3065 9196 1662 3065 9197 1662 3066 9198 1389 3066 9199 1663 3066 9200 1663 3067 9201 1389 3067 9202 1393 3067 9203 1663 3068 9204 1393 3068 9205 1664 3068 9206 1664 3069 9207 1393 3069 9208 1394 3069 9209 1664 3070 9210 1394 3070 9211 1665 3070 9212 1665 3071 9213 1394 3071 9214 1395 3071 9215 1665 3072 9216 1395 3072 9217 1666 3072 9218 1666 3073 9219 1395 3073 9220 1396 3073 9221 1666 3074 9222 1396 3074 9223 1667 3074 9224 1667 3075 9225 1396 3075 9226 1397 3075 9227 1667 3076 9228 1397 3076 9229 1647 3076 9230 1647 3077 9231 1397 3077 9232 1392 3077 9233 1662 3078 9234 1647 3078 9235 1661 3078 9236 1661 3079 9237 1647 3079 9238 1658 3079 9239 1661 3080 9240 1658 3080 9241 1660 3080 9242 1660 3081 9243 1658 3081 9244 1659 3081 9245 1662 3082 9246 1663 3082 9247 1647 3082 9248 1647 3083 9249 1663 3083 9250 1664 3083 9251 1647 3084 9252 1664 3084 9253 1665 3084 9254 1665 3085 9255 1666 3085 9256 1647 3085 9257 1647 3086 9258 1666 3086 9259 1667 3086 9260 882 3087 9261 1002 3087 9262 1647 3087 9263 1647 3088 9264 1002 3088 9265 1004 3088 9266 1647 3089 9267 1004 3089 9268 1006 3089 9269 880 3090 9270 878 3090 9271 882 3090 9272 882 3091 9273 878 3091 9274 871 3091 9275 882 3092 9276 871 3092 9277 872 3092 9278 882 3093 9279 872 3093 9280 1054 3093 9281 1054 3094 9282 872 3094 9283 873 3094 9284 1054 3095 9285 873 3095 9286 875 3095 9287 1648 3096 9288 1086 3096 9289 875 3096 9290 875 3097 9291 1086 3097 9292 1040 3097 9293 875 3098 9294 1040 3098 9295 1042 3098 9296 1652 3099 9297 1128 3099 9298 1648 3099 9299 1648 3100 9300 1128 3100 9301 1130 3100 9302 1648 3101 9303 1130 3101 9304 1132 3101 9305 1128 3102 9306 1652 3102 9307 1126 3102 9308 1126 3103 9309 1652 3103 9310 1651 3103 9311 1126 3104 9312 1651 3104 9313 1650 3104 9314 1650 3105 9315 1649 3105 9316 1126 3105 9317 1126 3106 9318 1649 3106 9319 1653 3106 9320 1126 3107 9321 1653 3107 9322 848 3107 9323 849 3108 9324 1575 3108 9325 848 3108 9326 848 3109 9327 1575 3109 9328 1532 3109 9329 848 3110 9330 1532 3110 9331 1533 3110 9332 850 3111 9333 1174 3111 9334 849 3111 9335 849 3112 9336 1174 3112 9337 1176 3112 9338 849 3113 9339 1176 3113 9340 1178 3113 9341 850 3114 9342 851 3114 9343 1174 3114 9344 1174 3115 9345 851 3115 9346 852 3115 9347 1174 3116 9348 852 3116 9349 854 3116 9350 854 3117 9351 856 3117 9352 1174 3117 9353 1174 3118 9354 856 3118 9355 1172 3118 9356 1172 3119 9357 856 3119 9358 858 3119 9359 1172 3120 9360 858 3120 9361 1170 3120 9362 1170 3121 9363 858 3121 9364 1168 3121 9365 1168 3122 9366 858 3122 9367 1166 3122 9368 1166 3123 9369 858 3123 9370 1164 3123 9371 1164 3124 9372 858 3124 9373 1162 3124 9374 1162 3125 9375 858 3125 9376 1160 3125 9377 1160 3126 9378 858 3126 9379 1158 3126 9380 1158 3127 9381 858 3127 9382 1654 3127 9383 1158 3128 9384 1654 3128 9385 1156 3128 9386 1156 3129 9387 1654 3129 9388 936 3129 9389 1156 3130 9390 936 3130 9391 1154 3130 9392 1154 3131 9393 936 3131 9394 1152 3131 9395 1152 3132 9396 936 3132 9397 1590 3132 9398 1152 3133 9399 1590 3133 9400 1150 3133 9401 1150 3134 9402 1590 3134 9403 1148 3134 9404 1148 3135 9405 1590 3135 9406 1146 3135 9407 1146 3136 9408 1590 3136 9409 1591 3136 9410 1146 3137 9411 1591 3137 9412 1592 3137 9413 1655 3138 9414 1032 3138 9415 1654 3138 9416 1654 3139 9417 1032 3139 9418 920 3139 9419 1654 3140 9420 920 3140 9421 922 3140 9422 1656 3141 9423 1028 3141 9424 1655 3141 9425 1655 3142 9426 1028 3142 9427 1030 3142 9428 1655 3143 9429 1030 3143 9430 1032 3143 9431 1657 3144 9432 1022 3144 9433 1656 3144 9434 1656 3145 9435 1022 3145 9436 1024 3145 9437 1656 3146 9438 1024 3146 9439 1026 3146 9440 1658 3147 9441 1014 3147 9442 1657 3147 9443 1657 3148 9444 1014 3148 9445 1016 3148 9446 1657 3149 9447 1016 3149 9448 1018 3149 9449 1140 3150 9450 1594 3150 9451 1138 3150 9452 1138 3151 9453 1594 3151 9454 1595 3151 9455 1138 3152 9456 1595 3152 9457 1136 3152 9458 1136 3153 9459 1595 3153 9460 1182 3153 9461 1182 3154 9462 1595 3154 9463 1596 3154 9464 1182 3155 9465 1596 3155 9466 849 3155 9467 849 3156 9468 1596 3156 9469 1597 3156 9470 849 3157 9471 1597 3157 9472 1636 3157 9473 1636 3158 9474 1597 3158 9475 1635 3158 9476 1635 3159 9477 1597 3159 9478 1598 3159 9479 1635 3160 9480 1598 3160 9481 1634 3160 9482 1634 3161 9483 1598 3161 9484 1599 3161 9485 1634 3162 9486 1599 3162 9487 1633 3162 9488 1633 3163 9489 1599 3163 9490 1600 3163 9491 1633 3164 9492 1600 3164 9493 1632 3164 9494 1632 3165 9495 1600 3165 9496 1601 3165 9497 1632 3166 9498 1601 3166 9499 1602 3166 9500 1594 3167 9501 1140 3167 9502 1593 3167 9503 1593 3168 9504 1140 3168 9505 1142 3168 9506 1593 3169 9507 1142 3169 9508 1144 3169 9509 1593 3170 9510 1144 3170 9511 1592 3170 9512 1592 3171 9513 1144 3171 9514 1146 3171 9515 1178 3172 9516 1180 3172 9517 849 3172 9518 849 3173 9519 1180 3173 9520 1182 3173 9521 1088 3174 9522 1090 3174 9523 1648 3174 9524 1648 3175 9525 1090 3175 9526 1092 3175 9527 1648 3176 9528 1092 3176 9529 1094 3176 9530 1096 3177 9531 1084 3177 9532 1094 3177 9533 1094 3178 9534 1084 3178 9535 1086 3178 9536 1094 3179 9537 1086 3179 9538 1648 3179 9539 1084 3180 9540 1096 3180 9541 1625 3180 9542 1625 3181 9543 1096 3181 9544 1098 3181 9545 1625 3182 9546 1098 3182 9547 1624 3182 9548 1624 3183 9549 1098 3183 9550 1623 3183 9551 1623 3184 9552 1098 3184 9553 1100 3184 9554 1623 3185 9555 1100 3185 9556 1622 3185 9557 1622 3186 9558 1100 3186 9559 1621 3186 9560 1621 3187 9561 1100 3187 9562 1102 3187 9563 1621 3188 9564 1102 3188 9565 1620 3188 9566 1620 3189 9567 1102 3189 9568 1104 3189 9569 1620 3190 9570 1104 3190 9571 1619 3190 9572 1619 3191 9573 1104 3191 9574 1106 3191 9575 1619 3192 9576 1106 3192 9577 1618 3192 9578 1618 3193 9579 1106 3193 9580 1108 3193 9581 1618 3194 9582 1108 3194 9583 1617 3194 9584 1617 3195 9585 1108 3195 9586 1110 3195 9587 1617 3196 9588 1110 3196 9589 1616 3196 9590 1616 3197 9591 1110 3197 9592 1112 3197 9593 1616 3198 9594 1112 3198 9595 1615 3198 9596 1615 3199 9597 1112 3199 9598 1114 3199 9599 1615 3200 9600 1114 3200 9601 1116 3200 9602 1615 3201 9603 1116 3201 9604 1555 3201 9605 1555 3202 9606 1116 3202 9607 1118 3202 9608 1555 3203 9609 1118 3203 9610 1554 3203 9611 1554 3204 9612 1118 3204 9613 848 3204 9614 1554 3205 9615 848 3205 9616 1553 3205 9617 1553 3206 9618 848 3206 9619 1552 3206 9620 1552 3207 9621 848 3207 9622 1534 3207 9623 1552 3208 9624 1534 3208 9625 1551 3208 9626 1551 3209 9627 1534 3209 9628 1535 3209 9629 1551 3210 9630 1535 3210 9631 1550 3210 9632 1550 3211 9633 1535 3211 9634 1536 3211 9635 1550 3212 9636 1536 3212 9637 1549 3212 9638 1549 3213 9639 1536 3213 9640 1537 3213 9641 1549 3214 9642 1537 3214 9643 1548 3214 9644 1548 3215 9645 1537 3215 9646 1538 3215 9647 1548 3216 9648 1538 3216 9649 1539 3216 9650 1118 3217 9651 1120 3217 9652 848 3217 9653 848 3218 9654 1120 3218 9655 1122 3218 9656 848 3219 9657 1122 3219 9658 1124 3219 9659 1124 3220 9660 1126 3220 9661 848 3220 9662 1132 3221 9663 1134 3221 9664 1648 3221 9665 1648 3222 9666 1134 3222 9667 1088 3222 9668 1042 3223 9669 1044 3223 9670 875 3223 9671 875 3224 9672 1044 3224 9673 1046 3224 9674 875 3225 9675 1046 3225 9676 1048 3225 9677 1048 3226 9678 1050 3226 9679 875 3226 9680 875 3227 9681 1050 3227 9682 1052 3227 9683 875 3228 9684 1052 3228 9685 1054 3228 9686 1054 3229 9687 1056 3229 9688 882 3229 9689 882 3230 9690 1056 3230 9691 1058 3230 9692 882 3231 9693 1058 3231 9694 1060 3231 9695 1060 3232 9696 1062 3232 9697 882 3232 9698 882 3233 9699 1062 3233 9700 1547 3233 9701 882 3234 9702 1547 3234 9703 956 3234 9704 1064 3235 9705 902 3235 9706 1062 3235 9707 1062 3236 9708 902 3236 9709 904 3236 9710 1062 3237 9711 904 3237 9712 1546 3237 9713 1546 3238 9714 904 3238 9715 1545 3238 9716 1545 3239 9717 904 3239 9718 906 3239 9719 1545 3240 9720 906 3240 9721 1544 3240 9722 1544 3241 9723 906 3241 9724 908 3241 9725 1544 3242 9726 908 3242 9727 1543 3242 9728 1543 3243 9729 908 3243 9730 910 3243 9731 1543 3244 9732 910 3244 9733 1542 3244 9734 1542 3245 9735 910 3245 9736 912 3245 9737 1542 3246 9738 912 3246 9739 914 3246 9740 1064 3247 9741 1066 3247 9742 902 3247 9743 902 3248 9744 1066 3248 9745 1610 3248 9746 1610 3249 9747 1066 3249 9748 1068 3249 9749 1610 3250 9750 1068 3250 9751 1609 3250 9752 1609 3251 9753 1068 3251 9754 1070 3251 9755 1609 3252 9756 1070 3252 9757 1072 3252 9758 1609 3253 9759 1072 3253 9760 1608 3253 9761 1608 3254 9762 1072 3254 9763 1074 3254 9764 1608 3255 9765 1074 3255 9766 1607 3255 9767 1607 3256 9768 1074 3256 9769 1076 3256 9770 1607 3257 9771 1076 3257 9772 1606 3257 9773 1606 3258 9774 1076 3258 9775 1605 3258 9776 1605 3259 9777 1076 3259 9778 1078 3259 9779 1605 3260 9780 1078 3260 9781 1080 3260 9782 1605 3261 9783 1080 3261 9784 1625 3261 9785 1625 3262 9786 1080 3262 9787 1082 3262 9788 1625 3263 9789 1082 3263 9790 1084 3263 9791 996 3264 9792 1631 3264 9793 994 3264 9794 994 3265 9795 1631 3265 9796 884 3265 9797 994 3266 9798 884 3266 9799 992 3266 9800 992 3267 9801 884 3267 9802 1038 3267 9803 1038 3268 9804 884 3268 9805 886 3268 9806 1038 3269 9807 886 3269 9808 1036 3269 9809 1036 3270 9810 886 3270 9811 1588 3270 9812 1036 3271 9813 1588 3271 9814 1034 3271 9815 1034 3272 9816 1588 3272 9817 1589 3272 9818 1034 3273 9819 1589 3273 9820 1032 3273 9821 1032 3274 9822 1589 3274 9823 920 3274 9824 998 3275 9825 938 3275 9826 996 3275 9827 996 3276 9828 938 3276 9829 940 3276 9830 996 3277 9831 940 3277 9832 1630 3277 9833 1630 3278 9834 940 3278 9835 1629 3278 9836 1629 3279 9837 940 3279 9838 942 3279 9839 1629 3280 9840 942 3280 9841 1628 3280 9842 1628 3281 9843 942 3281 9844 944 3281 9845 1628 3282 9846 944 3282 9847 1627 3282 9848 1627 3283 9849 944 3283 9850 946 3283 9851 1627 3284 9852 946 3284 9853 1626 3284 9854 1626 3285 9855 946 3285 9856 948 3285 9857 1626 3286 9858 948 3286 9859 950 3286 9860 938 3287 9861 998 3287 9862 1568 3287 9863 1568 3288 9864 998 3288 9865 1000 3288 9866 1568 3289 9867 1000 3289 9868 974 3289 9869 974 3290 9870 1000 3290 9871 1002 3290 9872 974 3291 9873 1002 3291 9874 882 3291 9875 1006 3292 9876 1008 3292 9877 1647 3292 9878 1647 3293 9879 1008 3293 9880 1010 3293 9881 1647 3294 9882 1010 3294 9883 1658 3294 9884 1658 3295 9885 1010 3295 9886 1012 3295 9887 1658 3296 9888 1012 3296 9889 1014 3296 9890 1018 3297 9891 1020 3297 9892 1657 3297 9893 1657 3298 9894 1020 3298 9895 1022 3298 9896 1026 3299 9897 1028 3299 9898 1656 3299 9899 1533 3300 9900 1534 3300 9901 848 3300 9902 1539 3301 9903 1540 3301 9904 1548 3301 9905 1548 3302 9906 1540 3302 9907 1541 3302 9908 1548 3303 9909 1541 3303 9910 972 3303 9911 972 3304 9912 1541 3304 9913 1521 3304 9914 972 3305 9915 1521 3305 9916 970 3305 9917 970 3306 9918 1521 3306 9919 968 3306 9920 968 3307 9921 1521 3307 9922 966 3307 9923 966 3308 9924 1521 3308 9925 964 3308 9926 964 3309 9927 1521 3309 9928 1522 3309 9929 964 3310 9930 1522 3310 9931 962 3310 9932 962 3311 9933 1522 3311 9934 1523 3311 9935 962 3312 9936 1523 3312 9937 960 3312 9938 960 3313 9939 1523 3313 9940 1524 3313 9941 960 3314 9942 1524 3314 9943 958 3314 9944 958 3315 9945 1524 3315 9946 1525 3315 9947 958 3316 9948 1525 3316 9949 956 3316 9950 956 3317 9951 1525 3317 9952 1526 3317 9953 956 3318 9954 1526 3318 9955 882 3318 9956 882 3319 9957 1526 3319 9958 974 3319 9959 1568 3320 9960 974 3320 9961 1567 3320 9962 1567 3321 9963 974 3321 9964 976 3321 9965 1567 3322 9966 976 3322 9967 1566 3322 9968 1566 3323 9969 976 3323 9970 978 3323 9971 1566 3324 9972 978 3324 9973 1565 3324 9974 1565 3325 9975 978 3325 9976 980 3325 9977 1565 3326 9978 980 3326 9979 1564 3326 9980 1564 3327 9981 980 3327 9982 982 3327 9983 1564 3328 9984 982 3328 9985 1563 3328 9986 1563 3329 9987 982 3329 9988 984 3329 9989 1563 3330 9990 984 3330 9991 986 3330 9992 986 3331 9993 988 3331 9994 1563 3331 9995 1563 3332 9996 988 3332 9997 990 3332 9998 1563 3333 9999 990 3333 10000 1583 3333 10001 1583 3334 10002 990 3334 10003 1527 3334 10004 1583 3335 10005 1527 3335 10006 1582 3335 10007 1582 3336 10008 1527 3336 10009 1581 3336 10010 1581 3337 10011 1527 3337 10012 1580 3337 10013 1580 3338 10014 1527 3338 10015 1579 3338 10016 1579 3339 10017 1527 3339 10018 1528 3339 10019 1579 3340 10020 1528 3340 10021 1578 3340 10022 1578 3341 10023 1528 3341 10024 1529 3341 10025 1578 3342 10026 1529 3342 10027 1577 3342 10028 1577 3343 10029 1529 3343 10030 1530 3343 10031 1577 3344 10032 1530 3344 10033 1576 3344 10034 1576 3345 10035 1530 3345 10036 1531 3345 10037 1576 3346 10038 1531 3346 10039 1575 3346 10040 1575 3347 10041 1531 3347 10042 1532 3347 10043 1615 3348 10044 1555 3348 10045 1614 3348 10046 1614 3349 10047 1555 3349 10048 1556 3349 10049 1614 3350 10050 1556 3350 10051 1613 3350 10052 1613 3351 10053 1556 3351 10054 1557 3351 10055 1613 3352 10056 1557 3352 10057 1612 3352 10058 1612 3353 10059 1557 3353 10060 1558 3353 10061 1612 3354 10062 1558 3354 10063 1611 3354 10064 1611 3355 10065 1558 3355 10066 1559 3355 10067 1611 3356 10068 1559 3356 10069 1560 3356 10070 1560 3357 10071 1561 3357 10072 1611 3357 10073 1611 3358 10074 1561 3358 10075 1562 3358 10076 1611 3359 10077 1562 3359 10078 918 3359 10079 918 3360 10080 1562 3360 10081 1542 3360 10082 918 3361 10083 1542 3361 10084 916 3361 10085 916 3362 10086 1542 3362 10087 914 3362 10088 1546 3363 10089 1547 3363 10090 1062 3363 10091 950 3364 10092 952 3364 10093 1626 3364 10094 1626 3365 10095 952 3365 10096 954 3365 10097 1626 3366 10098 954 3366 10099 1646 3366 10100 1646 3367 10101 954 3367 10102 1569 3367 10103 1646 3368 10104 1569 3368 10105 1645 3368 10106 1645 3369 10107 1569 3369 10108 1644 3369 10109 1644 3370 10110 1569 3370 10111 1643 3370 10112 1643 3371 10113 1569 3371 10114 1642 3371 10115 1642 3372 10116 1569 3372 10117 1570 3372 10118 1642 3373 10119 1570 3373 10120 1641 3373 10121 1641 3374 10122 1570 3374 10123 1571 3374 10124 1641 3375 10125 1571 3375 10126 1640 3375 10127 1640 3376 10128 1571 3376 10129 1572 3376 10130 1640 3377 10131 1572 3377 10132 1639 3377 10133 1639 3378 10134 1572 3378 10135 1573 3378 10136 1639 3379 10137 1573 3379 10138 1638 3379 10139 1638 3380 10140 1573 3380 10141 1574 3380 10142 1638 3381 10143 1574 3381 10144 849 3381 10145 849 3382 10146 1574 3382 10147 1575 3382 10148 1602 3383 10149 1603 3383 10150 1632 3383 10151 1632 3384 10152 1603 3384 10153 1604 3384 10154 1632 3385 10155 1604 3385 10156 900 3385 10157 900 3386 10158 1604 3386 10159 1584 3386 10160 900 3387 10161 1584 3387 10162 898 3387 10163 898 3388 10164 1584 3388 10165 896 3388 10166 896 3389 10167 1584 3389 10168 894 3389 10169 894 3390 10170 1584 3390 10171 892 3390 10172 892 3391 10173 1584 3391 10174 1585 3391 10175 892 3392 10176 1585 3392 10177 890 3392 10178 890 3393 10179 1585 3393 10180 1586 3393 10181 890 3394 10182 1586 3394 10183 888 3394 10184 888 3395 10185 1586 3395 10186 1587 3395 10187 888 3396 10188 1587 3396 10189 886 3396 10190 886 3397 10191 1587 3397 10192 1588 3397 10193 922 3398 10194 924 3398 10195 1654 3398 10196 1654 3399 10197 924 3399 10198 926 3399 10199 1654 3400 10200 926 3400 10201 928 3400 10202 928 3401 10203 930 3401 10204 1654 3401 10205 1654 3402 10206 930 3402 10207 932 3402 10208 1654 3403 10209 932 3403 10210 934 3403 10211 934 3404 10212 936 3404 10213 1654 3404 10214 1630 3405 10215 1631 3405 10216 996 3405 10217 1636 3406 10218 1637 3406 10219 849 3406 10220 849 3407 10221 1637 3407 10222 1638 3407 10223</p>
        </triangles>
      </mesh>
    </geometry>
  </library_geometries>
  <library_visual_scenes>
    <visual_scene id="Scene" name="Scene">
      <node id="Shell_Side" name="Shell_Side" type="NODE">
        <matrix sid="transform">1 0 0 0 0 1 0 0 0 0 1 0 0 0 0 1</matrix>
        <instance_geometry url="#Shell_Side-mesh" name="Shell_Side">
          <bind_material>
            <technique_common>
              <instance_material symbol="Shell_Sidematerial-material" target="#Shell_Sidematerial-material">
                <bind_vertex_input semantic="UVMap" input_semantic="TEXCOORD" input_set="0"/>
              </instance_material>
            </technique_common>
          </bind_material>
        </instance_geometry>
      </node>
    </visual_scene>
  </library_visual_scenes>
  <scene>
    <instance_visual_scene url="#Scene"/>
  </scene>
</COLLADA>